UNITID,SALTOTL,SALPROF,SALASSC,SALASST,SALINST,SALLECT,SALNRNK,SFTETOTL,SFTEPSTC,SFTEINST,SFTERSRC,SFTEPBSV,SFTELCAI,SFTELCA,SFTEOTIS,SFTEMNGM,SFTEBFO,SFTECES,SFTECLAM,SFTEHLTH,SFTEOTHR,SFTESRVC,SFTESALE,SFTEOFAS,SFTENRCM,SFTEPTMM
100654,,,,,,,,861.0,,292.0,1.0,,,,,85.0,30.0,41.0,116.0,0.0,,36.0,1.0,223.0,18.0,7.0
100663,,,,,,,,8685.0,,2412.0,,,,,,383.0,1070.0,1589.0,298.0,418.0,,703.0,,1181.0,327.0,85.0
100690,,,,,,,,62.0,,33.0,,,,,,3.0,6.0,4.0,,,,,,3.0,1.0,
100706,,,,,,,,1415.0,,414.0,,,,,,102.0,82.0,403.0,79.0,3.0,,114.0,,183.0,19.0,1.0
100724,,,,,,,,885.0,,304.0,3.0,,,,,70.0,37.0,27.0,91.0,2.0,,120.0,10.0,104.0,31.0,8.0
100733,,,,,,,,90.0,,,,,,,,15.0,21.0,5.0,21.0,,,3.0,,25.0,,
100751,,,,,,,,6166.0,,1609.0,,,,,,562.0,518.0,475.0,531.0,231.0,,739.0,32.0,892.0,225.0,139.0
100760,,,,,,,,160.0,,82.0,,,,,,18.0,5.0,1.0,1.0,,,21.0,,27.0,,
100812,,,,,,,,279.0,,119.0,,,,,,28.0,6.0,12.0,9.0,,,15.0,,52.0,8.0,2.0
100830,,,,,,,,613.0,,250.0,,8.0,,,,97.0,15.0,37.0,14.0,3.0,,35.0,3.0,109.0,,3.0
100858,,,,,,,,5742.0,,1405.0,21.0,254.0,,,,496.0,436.0,623.0,600.0,33.0,,456.0,3.0,837.0,399.0,62.0
100937,,,,,,,,309.0,,100.0,,,,,,33.0,11.0,10.0,56.0,5.0,,17.0,1.0,37.0,10.0,1.0
101028,,,,,,,,129.0,,63.0,,,,,,14.0,2.0,1.0,3.0,,,8.0,1.0,21.0,2.0,1.0
101073,,,,,,,,110.0,,36.0,,,,,,7.0,5.0,,,,,16.0,19.0,7.0,,
101116,,,,,,,,66.0,,28.0,,,,,,15.0,3.0,,,,,1.0,,13.0,,
101143,,,,,,,,155.0,,74.0,,,,,,2.0,6.0,4.0,3.0,,,14.0,2.0,31.0,,2.0
101161,,,,,,,,207.0,,124.0,,,,,,,,,,,,,,,,
101189,,,,,,,,350.0,,175.0,,,,,,28.0,5.0,1.0,58.0,0.0,,11.0,0.0,36.0,,1.0
101240,,,,,,,,449.0,,192.0,,,,,,35.0,10.0,16.0,24.0,1.0,,28.0,,93.0,14.0,
101277,,,,,,,,10.0,,5.0,,,,,,1.0,1.0,,,,,,,3.0,,
101286,,,,,,,,338.0,,163.0,,,,,,21.0,6.0,11.0,7.0,,,11.0,,51.0,8.0,8.0
101295,,,,,,,,393.0,,206.0,,,,,,29.0,7.0,6.0,7.0,,,23.0,,74.0,18.0,
101301,,,,,,,,180.0,,76.0,,,,,,22.0,5.0,2.0,12.0,,,20.0,,26.0,1.0,1.0
101365,,,,,,,,35.0,,17.0,,,,,,2.0,,,,,,1.0,,4.0,,
101435,,,,,,,,198.0,,63.0,,,,,,21.0,18.0,4.0,42.0,,,22.0,,12.0,5.0,
101453,,,,,,,,28.0,,4.0,,,,,,9.0,6.0,1.0,,,,3.0,,4.0,,
101462,,,,,,,,101.0,,40.0,,,,,,2.0,5.0,3.0,,,,3.0,,18.0,,
101471,,,,,,,,105.0,,40.0,,,,,,7.0,8.0,1.0,3.0,,,3.0,,15.0,,1.0
101480,,,,,,,,979.0,,367.0,,,,,,103.0,28.0,46.0,106.0,,,133.0,,127.0,37.0,7.0
101499,,,,,,,,91.0,,41.0,,,,,,11.0,2.0,3.0,0.0,,,7.0,,13.0,,
101505,,,,,,,,494.0,,243.0,,,,,,10.0,14.0,6.0,14.0,,,42.0,,105.0,5.0,
101514,,,,,,,,522.0,,249.0,,,,,,38.0,6.0,25.0,31.0,,,28.0,,98.0,10.0,
101541,,,,,,,,107.0,,43.0,,1.0,,,,6.0,4.0,3.0,5.0,,,16.0,1.0,10.0,4.0,
101569,,,,,,,,281.0,,125.0,,,,,,27.0,7.0,5.0,13.0,0.0,,19.0,5.0,58.0,3.0,1.0
101587,,,,,,,,496.0,,156.0,2.0,6.0,,,,42.0,28.0,14.0,47.0,,,64.0,,49.0,22.0,3.0
101602,,,,,,,,161.0,,68.0,,,,,,13.0,10.0,4.0,18.0,,,5.0,,33.0,1.0,
101648,,,,,,,,114.0,,22.0,,,,,,13.0,6.0,1.0,7.0,1.0,,21.0,3.0,13.0,4.0,1.0
101675,,,,,,,,298.0,,105.0,,,,,,21.0,8.0,5.0,33.0,2.0,,53.0,,59.0,,
101693,,,,,,,,222.0,,99.0,,,,,,21.0,14.0,4.0,39.0,1.0,,8.0,,31.0,,
101709,,,,,,,,517.0,,174.0,,,,,,40.0,26.0,16.0,77.0,5.0,,61.0,,61.0,27.0,
101736,,,,,,,,268.0,,97.0,,,,,,39.0,6.0,6.0,11.0,,,18.0,,40.0,,
101879,,,,,,,,731.0,,296.0,,,,,,49.0,34.0,27.0,46.0,10.0,,83.0,,94.0,26.0,6.0
101897,,,,,,,,198.0,,94.0,,,,,,8.0,2.0,3.0,12.0,,,10.0,3.0,32.0,4.0,
101912,,,,,,,,369.0,,124.0,1.0,1.0,,,,46.0,27.0,27.0,13.0,3.0,,42.0,,49.0,18.0,2.0
101949,,,,,,,,128.0,,45.0,,,,,,11.0,1.0,2.0,1.0,,,6.0,,25.0,,
101994,,,,,,,,53.0,,22.0,,,,,,3.0,2.0,2.0,3.0,,,4.0,,6.0,,
102030,,,,,,,,249.0,,110.0,,,,,,14.0,3.0,3.0,7.0,,,22.0,,57.0,,0.0
102049,,,,,,,,1078.0,,417.0,,,,,,123.0,56.0,49.0,119.0,30.0,,30.0,5.0,192.0,17.0,2.0
102058,,,,,,,,37.0,,4.0,,,,,,,2.0,,4.0,1.0,,9.0,,7.0,6.0,
102067,,,,,,,,346.0,,132.0,,,,,,55.0,1.0,13.0,3.0,,,9.0,,97.0,20.0,
102076,,,,,,,,153.0,,71.0,,,,,,18.0,2.0,4.0,9.0,,,13.0,,34.0,,
102094,,,,,,,,2703.0,,924.0,,,,,,177.0,153.0,114.0,96.0,208.0,,246.0,5.0,428.0,111.0,8.0
102234,,,,,,,,320.0,,103.0,,1.0,,,,39.0,13.0,9.0,41.0,1.0,,50.0,1.0,35.0,13.0,3.0
102270,,,,,,,,131.0,,37.0,,,,,,9.0,5.0,4.0,20.0,,,32.0,1.0,15.0,,
102298,,,,,,,,164.0,,49.0,,,,,,41.0,1.0,3.0,14.0,1.0,,26.0,1.0,15.0,8.0,2.0
102313,,,,,,,,157.0,,79.0,,,,,,18.0,8.0,2.0,,,,6.0,,24.0,,
102368,,,,,,,,2073.0,,826.0,,,,,,164.0,69.0,73.0,210.0,6.0,,60.0,47.0,364.0,3.0,7.0
102377,,,,,,,,625.0,,263.0,21.0,4.0,,,,18.0,42.0,11.0,56.0,2.0,,29.0,1.0,72.0,8.0,
102395,,,,,,,,45.0,,12.0,,,,,,7.0,1.0,4.0,4.0,,,,,5.0,1.0,1.0
102429,,,,,,,,415.0,,200.0,,,,,,38.0,16.0,7.0,24.0,,,41.0,,53.0,,
102553,,,,,,,,1824.0,,686.0,93.0,72.0,,,,114.0,42.0,98.0,78.0,8.0,,32.0,30.0,424.0,71.0,9.0
102580,,,,,,,,12.0,,5.0,,,,,,3.0,,,0.0,,,1.0,,,1.0,
102614,,,,,,,,1985.0,,449.0,515.0,138.0,,,,159.0,53.0,98.0,74.0,6.0,,35.0,2.0,296.0,89.0,18.0
102632,,,,,,,,331.0,,124.0,7.0,1.0,,,,38.0,14.0,19.0,8.0,1.0,,20.0,0.0,71.0,13.0,
102669,,,,,,,,118.0,,45.0,2.0,2.0,,,,10.0,7.0,7.0,11.0,,,2.0,2.0,7.0,,
102711,,,,,,,,72.0,,30.0,,,,,,2.0,,3.0,3.0,,,16.0,,12.0,5.0,
102845,,,,,,,,269.0,,124.0,,,,,,20.0,22.0,3.0,25.0,,,3.0,37.0,35.0,,
103501,,,,,,,,45.0,,16.0,,,,,,4.0,2.0,3.0,,,,,,19.0,,1.0
103529,,,,,,,,164.0,,,,,,,,52.0,32.0,40.0,2.0,,,,,38.0,,
103741,,,,,,,,8.0,,5.0,,,,,,1.0,,,,,,,,1.0,,
103778,,,,,,,,143.0,,27.0,,,,,,62.0,17.0,11.0,8.0,,,,,16.0,,
103811,,,,,,,,77.0,,34.0,,,,,,8.0,5.0,,,,,,27.0,2.0,,
103893,,,,,,,,37.0,,12.0,,,,,,5.0,,3.0,,,,,,2.0,,
103909,,,,,,,,43.0,,18.0,,,,,,12.0,,1.0,,,,,,2.0,,
103927,,,,,,,,17.0,,7.0,,,,,,4.0,,,,,,,,1.0,,
103945,,,,,,,,16.0,,5.0,,,,,,2.0,2.0,1.0,,,,,4.0,,,
103954,,,,,,,,6.0,,3.0,,,,,,2.0,,,,,,,,1.0,,
103963,,,,,,,,75.0,,33.0,,,,,,7.0,5.0,,,,,5.0,8.0,8.0,,
104090,,,,,,,,63.0,,32.0,,,,,,,6.0,1.0,,,,,11.0,5.0,,
104151,,,,,,,,8274.0,,2216.0,131.0,2.0,,,,1224.0,1042.0,1309.0,714.0,55.0,,211.0,19.0,836.0,184.0,49.0
104160,,,,,,,,669.0,,209.0,3.0,7.0,,,,50.0,15.0,30.0,64.0,2.0,,74.0,,127.0,15.0,5.0
104179,,,,,,,,10344.0,,2157.0,723.0,27.0,,,,179.0,1529.0,1557.0,442.0,145.0,,841.0,31.0,1283.0,336.0,129.0
104188,,,,,,,,23.0,,10.0,,,,,,3.0,1.0,,,,,1.0,,2.0,3.0,
104346,,,,,,,,525.0,,187.0,,,,,,51.0,9.0,34.0,22.0,2.0,,53.0,1.0,76.0,,
104364,,,,,,,,16.0,,5.0,,,,,,2.0,,,,,,0.0,,1.0,,
104391,,,,,,,,13.0,,4.0,,,,,,2.0,2.0,,,,,,2.0,2.0,,
104425,,,,,,,,439.0,,164.0,,,,,,57.0,15.0,19.0,34.0,1.0,,28.0,,59.0,21.0,
104434,,,,,,,,4.0,,2.0,,,,,,1.0,,,,,,,,0.0,,
104443,,,,,,,,6.0,,3.0,,,,,,1.0,,,,,,,,1.0,,
104504,,,,,,,,11.0,,4.0,,,,,,1.0,2.0,,,,,,2.0,1.0,,
104568,,,,,,,,24.0,,13.0,,,,,,3.0,1.0,,,,,,4.0,2.0,0.0,
104577,,,,,,,,419.0,,184.0,,,,,,20.0,21.0,8.0,30.0,2.0,,45.0,,85.0,,
104586,,,,,,,,399.0,,136.0,,,,,,44.0,8.0,3.0,15.0,1.0,,33.0,,39.0,14.0,8.0
104665,,,,,,,,14.0,,6.0,,,,,,,0.0,,3.0,,,,,2.0,,
104708,,,,,,,,909.0,,482.0,,,,,,35.0,13.0,21.0,45.0,3.0,,45.0,,227.0,14.0,1.0
104717,,,,,,,,5796.0,,1985.0,,,,,,482.0,264.0,188.0,1482.0,24.0,,384.0,2.0,197.0,147.0,5.0
105136,,,,,,,,454.0,,,,,,,,103.0,101.0,73.0,20.0,,,6.0,,133.0,9.0,
105145,,,,,,,,427.0,,190.0,,,,,,35.0,9.0,11.0,31.0,1.0,,11.0,,105.0,4.0,
105154,,,,,,,,1053.0,,521.0,,,,,,46.0,30.0,32.0,85.0,6.0,,28.0,,247.0,20.0,
105206,,,,,,,,337.0,,155.0,,,,,,38.0,8.0,15.0,4.0,,,23.0,,72.0,,1.0
105215,,,,,,,,77.0,,36.0,,,,,,10.0,24.0,1.0,,,,,,3.0,3.0,
105297,,,,,,,,296.0,,67.0,,,,,,23.0,15.0,12.0,8.0,,,53.0,4.0,33.0,,5.0
105330,,,,,,,,3376.0,,1330.0,19.0,,,,,115.0,439.0,378.0,233.0,26.0,,195.0,,228.0,97.0,32.0
105349,,,,,,,,288.0,,103.0,,,,,,23.0,22.0,15.0,13.0,,,13.0,,34.0,11.0,1.0
105367,,,,,,,,55.0,,30.0,,,,,,3.0,4.0,2.0,,,,,6.0,4.0,,
105428,,,,,,,,602.0,,324.0,,,,,,26.0,10.0,12.0,44.0,4.0,,22.0,,122.0,11.0,
105482,,,,,,,,14.0,,6.0,,,,,,2.0,1.0,,,,,,1.0,2.0,,
105525,,,,,,,,1754.0,,539.0,,,,,,86.0,107.0,134.0,54.0,1.0,,125.0,,118.0,,21.0
105534,,,,,,,,99.0,,50.0,,,,,,5.0,,,,,,,,31.0,,
105543,,,,,,,,69.0,,41.0,,,,,,3.0,,,,,,,,16.0,,
105589,,,,,,,,136.0,,63.0,,,,,,20.0,4.0,4.0,2.0,,,8.0,10.0,21.0,1.0,
105659,,,,,,,,47.0,,23.0,,,,,,6.0,,,,,,,7.0,10.0,1.0,
105668,,,,,,,,784.0,,243.0,,,,,,68.0,21.0,32.0,94.0,5.0,,15.0,,197.0,8.0,3.0
105677,,,,,,,,7.0,,5.0,,,,,,,,,,,,,,,,
105701,,,,,,,,2.0,,,,,,,,1.0,,,,,,1.0,,,,
105747,,,,,,,,501.0,,259.0,,,,,,20.0,12.0,18.0,38.0,2.0,,22.0,,106.0,8.0,
105792,,,,,,,,284.0,,120.0,,,,,,20.0,9.0,11.0,24.0,1.0,,18.0,,61.0,5.0,
105899,,,,,,,,123.0,,40.0,,,,,,15.0,4.0,2.0,33.0,3.0,,6.0,,10.0,1.0,
106041,,,,,,,,111.0,,47.0,,,,,,13.0,44.0,1.0,,,,,,2.0,4.0,
106102,,,,,,,,79.0,,52.0,,,,,,8.0,2.0,2.0,6.0,,,,,9.0,,
106111,,,,,,,,8.0,,4.0,,,,,,1.0,,,,,,,,,,
106148,,,,,,,,434.0,,126.0,,,,,,54.0,17.0,24.0,31.0,8.0,,42.0,,56.0,18.0,1.0
106245,,,,,,,,1531.0,,544.0,3.0,,,,,146.0,66.0,115.0,155.0,4.0,,126.0,5.0,219.0,39.0,8.0
106263,,,,,,,,4878.0,,211.0,243.0,16.0,,,,1066.0,389.0,280.0,221.0,511.0,,344.0,1.0,363.0,101.0,8.0
106306,,,,,,,,119.0,,24.0,,,,,,23.0,1.0,1.0,15.0,,,20.0,,8.0,4.0,1.0
106315,,,,,,,,11.0,,4.0,,,,,,3.0,2.0,,,,,,,1.0,,
106324,,,,,,,,4.0,,2.0,,,,,,1.0,,,,,,,,1.0,,
106342,,,,,,,,165.0,,50.0,,,,,,8.0,7.0,,33.0,5.0,,5.0,,30.0,,
106351,,,,,,,,11.0,,3.0,,,,,,3.0,1.0,,,,,,,1.0,,
106360,,,,,,,,4.0,,2.0,,,,,,2.0,,,,,,,,,,
106397,,,,,,,,5209.0,,1261.0,21.0,61.0,,,,535.0,327.0,705.0,290.0,49.0,,312.0,24.0,800.0,259.0,51.0
106412,,,,,,,,660.0,,179.0,15.0,34.0,,,,38.0,26.0,39.0,56.0,3.0,,70.0,1.0,126.0,20.0,5.0
106449,,,,,,,,327.0,,142.0,,,,,,39.0,15.0,12.0,17.0,,,12.0,1.0,44.0,15.0,1.0
106458,,,,,,,,1635.0,,600.0,,,,,,204.0,254.0,67.0,73.0,10.0,,112.0,1.0,151.0,100.0,5.0
106467,,,,,,,,994.0,,453.0,,,,,,65.0,43.0,42.0,61.0,7.0,,102.0,1.0,147.0,27.0,
106485,,,,,,,,427.0,,183.0,,,,,,18.0,10.0,13.0,34.0,1.0,,48.0,3.0,79.0,26.0,5.0
106494,,,,,,,,10.0,,4.0,,,,,,5.0,,,,,,,,1.0,,
106546,,,,,,,,91.0,,61.0,,,,,,8.0,,2.0,1.0,,,3.0,1.0,14.0,0.0,
106625,,,,,,,,177.0,,80.0,,,,,,5.0,6.0,7.0,15.0,,,18.0,,30.0,,
106704,,,,,,,,1525.0,,601.0,,,,,,126.0,45.0,60.0,111.0,12.0,,156.0,,182.0,93.0,18.0
106713,,,,,,,,134.0,,56.0,,,,,,17.0,5.0,2.0,10.0,,,15.0,,14.0,,2.0
106795,,,,,,,,147.0,,53.0,,2.0,,,,14.0,7.0,4.0,5.0,,,5.0,,43.0,13.0,
106810,,,,,,,,41.0,,20.0,,,,,,5.0,,,,,,9.0,,3.0,2.0,
106829,,,,,,,,41.0,,23.0,,,,,,2.0,3.0,2.0,,,,2.0,,1.0,,
106883,,,,,,,,142.0,,47.0,,,,,,18.0,7.0,5.0,13.0,,,13.0,2.0,20.0,,
106892,,,,,,,,16.0,,9.0,,,,,,1.0,1.0,,,,,,1.0,4.0,,
106908,,,,,,,,52.0,,29.0,,,,,,7.0,4.0,,,,,,4.0,8.0,,
106980,,,,,,,,240.0,,120.0,,,,,,22.0,20.0,20.0,20.0,,,14.0,2.0,14.0,,
106999,,,,,,,,121.0,,61.0,1.0,,,,,20.0,5.0,4.0,2.0,,,4.0,,19.0,1.0,
107044,,,,,,,,941.0,,358.0,,,,,,47.0,58.0,28.0,51.0,14.0,,53.0,1.0,166.0,41.0,8.0
107071,,,,,,,,462.0,,205.0,,6.0,,,,44.0,11.0,15.0,68.0,5.0,,9.0,,92.0,,
107080,,,,,,,,418.0,,126.0,,,,,,35.0,18.0,12.0,41.0,4.0,,95.0,3.0,48.0,10.0,4.0
107099,,,,,,,,4.0,,2.0,,,,,,1.0,1.0,,,,,,,,,
107123,,,,,,,,11.0,,9.0,,,,,,,,,,,,,,2.0,,
107141,,,,,,,,417.0,,136.0,,,,,,46.0,18.0,24.0,48.0,2.0,,42.0,,49.0,10.0,5.0
107220,,,,,,,,40.0,,24.0,,,,,,8.0,,,,,,,,8.0,,
107293,,,,,,,,7.0,,3.0,,,,,,1.0,1.0,,,,,,,1.0,,
107318,,,,,,,,187.0,,68.0,,,,,,23.0,7.0,6.0,36.0,,,14.0,,24.0,,0.0
107327,,,,,,,,195.0,,57.0,,,,,,21.0,2.0,8.0,35.0,,,26.0,,34.0,,1.0
107442,,,,,,,,7.0,,3.0,,,,,,2.0,,,,,,,,2.0,,
107460,,,,,,,,224.0,,85.0,,,,,,23.0,9.0,6.0,13.0,,,9.0,,28.0,8.0,
107488,,,,,,,,67.0,,34.0,,,,,,11.0,2.0,3.0,,,,,,9.0,3.0,
107512,,,,,,,,294.0,,109.0,0.0,,,,,27.0,10.0,8.0,34.0,2.0,,28.0,,28.0,24.0,
107521,,,,,,,,140.0,,71.0,,,,,,23.0,7.0,4.0,,,,2.0,,21.0,5.0,
107549,,,,,,,,118.0,,48.0,,,,,,9.0,3.0,2.0,2.0,2.0,,,,5.0,12.0,
107558,,,,,,,,153.0,,53.0,,1.0,,,,16.0,5.0,3.0,27.0,2.0,,4.0,,15.0,,
107585,,,,,,,,170.0,,75.0,,,,,,18.0,7.0,6.0,2.0,,,13.0,,24.0,5.0,
107600,,,,,,,,173.0,,59.0,,,,,,24.0,4.0,2.0,9.0,1.0,,31.0,,18.0,2.0,
107619,,,,,,,,226.0,,72.0,1.0,,,,,21.0,11.0,6.0,6.0,,,32.0,,46.0,,
107637,,,,,,,,158.0,,71.0,,,,,,20.0,3.0,6.0,9.0,,,11.0,2.0,26.0,6.0,
107655,,,,,,,,3.0,,2.0,,,,,,,,,,,,,,,,
107664,,,,,,,,440.0,,211.0,1.0,2.0,,,,22.0,21.0,14.0,31.0,,,33.0,,58.0,7.0,
107725,,,,,,,,145.0,,68.0,,,,,,15.0,,2.0,,,,5.0,,23.0,,
107743,,,,,,,,91.0,,33.0,,,,,,5.0,2.0,4.0,2.0,,,6.0,3.0,14.0,,
107789,,,,,,,,10.0,,4.0,,,,,,5.0,1.0,,,,,,,,,
107831,,,,,,,,5.0,,2.0,,,,,,2.0,0.0,,,,,,,1.0,,
107840,,,,,,,,65.0,,20.0,,,,,,1.0,3.0,,,,,,,28.0,,
107877,,,,,,,,100.0,,32.0,,,,,,15.0,4.0,1.0,14.0,2.0,,6.0,4.0,8.0,2.0,2.0
107974,,,,,,,,173.0,,72.0,,1.0,,,,14.0,7.0,6.0,3.0,,,5.0,3.0,24.0,9.0,
107983,,,,,,,,423.0,,197.0,,,,,,37.0,18.0,11.0,16.0,3.0,,20.0,,71.0,13.0,
107992,,,,,,,,125.0,,44.0,,,,,,17.0,3.0,4.0,4.0,,,13.0,,17.0,7.0,1.0
108056,,,,,,,,56.0,,,,,,,,6.0,13.0,1.0,9.0,,,3.0,,8.0,,
108065,,,,,,,,9.0,,3.0,,,,,,2.0,1.0,,,,,2.0,,1.0,,
108092,,,,,,,,574.0,,275.0,,,,,,25.0,48.0,27.0,29.0,,,21.0,,53.0,10.0,
108232,,,,,,,,1462.0,,600.0,,,,,,141.0,87.0,37.0,169.0,,,49.0,5.0,116.0,4.0,47.0
108269,,,,,,,,23.0,,11.0,,,,,,4.0,1.0,,,,,,,5.0,1.0,
108348,,,,,,,,16.0,,1.0,,,,,,4.0,,,,1.0,,4.0,1.0,1.0,,
108649,,,,,,,,14.0,,7.0,,,,,,2.0,,,,,,,2.0,2.0,0.0,
108667,,,,,,,,196.0,,120.0,,,,,,12.0,11.0,3.0,8.0,,,9.0,,20.0,,
108807,,,,,,,,619.0,,346.0,,,,,,31.0,34.0,9.0,30.0,1.0,,44.0,,75.0,1.0,
108852,,,,,,,,54.0,,22.0,,,,,,14.0,3.0,,2.0,,,,,7.0,1.0,4.0
108861,,,,,,,,17.0,,9.0,,,,,,3.0,1.0,,,,,2.0,,2.0,,
108870,,,,,,,,201.0,,43.0,,,,,,39.0,13.0,15.0,33.0,,,21.0,,23.0,2.0,
108977,,,,,,,,13.0,,5.0,,,,,,3.0,1.0,,,,,,,3.0,,
109040,,,,,,,,84.0,,33.0,,,,,,17.0,5.0,1.0,5.0,,,,,13.0,1.0,
109086,,,,,,,,146.0,,16.0,1.0,9.0,,,,24.0,4.0,2.0,39.0,,,14.0,7.0,17.0,8.0,
109208,,,,,,,,950.0,,608.0,,,,,,30.0,23.0,19.0,26.0,1.0,,35.0,,131.0,,
109350,,,,,,,,682.0,,380.0,,,,,,47.0,21.0,11.0,16.0,,,50.0,1.0,117.0,,4.0
109651,,,,,,,,499.0,,234.0,,,,,,103.0,18.0,22.0,21.0,,,11.0,,50.0,1.0,24.0
109721,,,,,,,,21.0,,6.0,,,,,,2.0,2.0,,,,,,,11.0,,
109730,,,,,,,,19.0,,6.0,,,,,,2.0,2.0,1.0,1.0,,,1.0,2.0,2.0,,
109785,,,,,,,,1867.0,,839.0,,,,,,395.0,39.0,61.0,17.0,10.0,,68.0,,379.0,56.0,4.0
109819,,,,,,,,792.0,,416.0,,,,,,65.0,17.0,1.0,26.0,1.0,,48.0,,187.0,,
109907,,,,,,,,166.0,,80.0,2.0,,,,,22.0,6.0,8.0,2.0,,,12.0,,28.0,3.0,
109934,,,,,,,,27.0,,17.0,,,,,,1.0,,,,,,,,4.0,1.0,
110060,,,,,,,,30.0,,16.0,,0.0,,,,2.0,2.0,,2.0,,,,,4.0,,
110097,,,,,,,,1041.0,,343.0,,,,,,128.0,27.0,38.0,84.0,12.0,,67.0,,263.0,34.0,5.0
110194,,,,,,,,18.0,,10.0,,,,,,6.0,,,,,,,,2.0,,
110219,,,,,,,,148.0,,36.0,1.0,,,,,22.0,7.0,3.0,2.0,,,,,3.0,,
110246,,,,,,,,663.0,,325.0,,,,,,73.0,15.0,31.0,7.0,,,55.0,,154.0,,
110307,,,,,,,,79.0,,38.0,,4.0,,,,4.0,2.0,,,,,2.0,,17.0,,
110316,,,,,,,,212.0,,107.0,0.0,,,,,21.0,9.0,4.0,5.0,,,,,12.0,3.0,
110334,,,,,,,,597.0,,332.0,,,,,,41.0,34.0,19.0,18.0,,,36.0,,98.0,,
110361,,,,,,,,1085.0,,479.0,,,,,,94.0,63.0,31.0,122.0,4.0,,51.0,17.0,125.0,33.0,9.0
110370,,,,,,,,507.0,,236.0,,,,,,85.0,17.0,31.0,9.0,,,20.0,,29.0,10.0,12.0
110398,,,,,,,,316.0,,100.0,,,,,,33.0,15.0,10.0,26.0,4.0,,,,48.0,3.0,4.0
110404,,,,,,,,3146.0,,349.0,673.0,,,,,314.0,267.0,651.0,97.0,6.0,,252.0,,348.0,135.0,10.0
110413,,,,,,,,670.0,,275.0,,,,,,53.0,25.0,22.0,83.0,2.0,,57.0,,86.0,13.0,
110422,,,,,,,,2463.0,,1010.0,1.0,,,,,111.0,271.0,180.0,245.0,31.0,,185.0,,236.0,111.0,30.0
110468,,,,,,,,363.0,,108.0,1.0,4.0,,,,28.0,53.0,9.0,3.0,3.0,,7.0,,57.0,2.0,
110486,,,,,,,,982.0,,385.0,,,,,,51.0,86.0,50.0,170.0,11.0,,54.0,,117.0,24.0,1.0
110495,,,,,,,,958.0,,424.0,,,,,,44.0,100.0,65.0,78.0,11.0,,45.0,,130.0,25.0,10.0
110501,,,,,,,,635.0,,,,,,,,78.0,253.0,202.0,47.0,,,2.0,,47.0,5.0,
110510,,,,,,,,1679.0,,640.0,,,,,,75.0,182.0,112.0,168.0,11.0,,92.0,,288.0,41.0,16.0
110529,,,,,,,,1925.0,,819.0,,,,,,58.0,230.0,119.0,200.0,22.0,,114.0,,218.0,68.0,15.0
110538,,,,,,,,1655.0,,694.0,,,,,,54.0,136.0,111.0,169.0,21.0,,121.0,,215.0,71.0,16.0
110547,,,,,,,,1213.0,,534.0,,,,,,81.0,112.0,54.0,131.0,11.0,,68.0,,139.0,31.0,10.0
110556,,,,,,,,2086.0,,1010.0,1.0,,,,,93.0,176.0,100.0,228.0,15.0,,124.0,,191.0,72.0,15.0
110565,,,,,,,,2979.0,,1397.0,,,,,,81.0,358.0,188.0,254.0,35.0,,154.0,,348.0,61.0,31.0
110574,,,,,,,,1482.0,,535.0,,,,,,54.0,199.0,99.0,192.0,18.0,,85.0,,206.0,33.0,15.0
110583,,,,,,,,3100.0,,1439.0,,,,,,112.0,299.0,170.0,302.0,23.0,,163.0,,386.0,88.0,20.0
110592,,,,,,,,2116.0,,1042.0,,,,,,70.0,188.0,103.0,188.0,16.0,,113.0,,267.0,66.0,15.0
110608,,,,,,,,3023.0,,1339.0,,,,,,63.0,372.0,211.0,311.0,25.0,,166.0,,339.0,94.0,21.0
110617,,,,,,,,2437.0,,1056.0,,,,,,59.0,274.0,148.0,254.0,24.0,,136.0,,315.0,59.0,24.0
110635,,,,,,,,10774.0,,2017.0,1453.0,17.0,,,,710.0,1668.0,1021.0,539.0,204.0,,852.0,30.0,990.0,214.0,91.0
110644,,,,,,,,12293.0,,2690.0,1394.0,30.0,,,,478.0,1692.0,1611.0,398.0,772.0,,894.0,43.0,1232.0,357.0,97.0
110653,,,,,,,,7689.0,,2024.0,746.0,34.0,,,,515.0,1369.0,691.0,151.0,321.0,,512.0,2.0,658.0,177.0,76.0
110662,,,,,,,,22316.0,,4175.0,1321.0,38.0,,,,1140.0,4526.0,2046.0,591.0,1813.0,,2574.0,66.0,2470.0,472.0,271.0
110671,,,,,,,,4180.0,,1064.0,361.0,24.0,,,,248.0,455.0,304.0,138.0,98.0,,428.0,19.0,475.0,132.0,45.0
110680,,,,,,,,13689.0,,2662.0,1494.0,29.0,,,,486.0,1756.0,2130.0,511.0,979.0,,1224.0,38.0,1273.0,280.0,115.0
110699,,,,,,,,11424.0,,2689.0,1582.0,,,,,657.0,1663.0,1568.0,546.0,668.0,,547.0,13.0,1152.0,64.0,155.0
110705,,,,,,,,4629.0,,1068.0,456.0,3.0,,,,272.0,564.0,468.0,172.0,83.0,,485.0,18.0,450.0,141.0,77.0
110714,,,,,,,,3389.0,,733.0,274.0,1.0,,,,238.0,382.0,317.0,104.0,53.0,,394.0,18.0,387.0,91.0,52.0
110778,,,,,,,,43.0,,18.0,,,,,,9.0,4.0,3.0,1.0,,,,,,,
110875,,,,,,,,5.0,,3.0,,,,,,1.0,,,,,,,,1.0,,
110918,,,,,,,,8.0,,2.0,,,,,,1.0,1.0,,,,,,,1.0,,
111054,,,,,,,,23.0,,15.0,,,,,,2.0,1.0,,,,,1.0,,4.0,,
111081,,,,,,,,433.0,,190.0,,,,,,74.0,14.0,8.0,36.0,0.0,,37.0,,45.0,13.0,2.0
111188,,,,,,,,290.0,,79.0,,,,,,46.0,38.0,12.0,30.0,2.0,,43.0,,19.0,11.0,5.0
111391,,,,,,,,175.0,,53.0,,,,,,21.0,18.0,8.0,21.0,,,1.0,,39.0,3.0,
111434,,,,,,,,236.0,,132.0,,,,,,8.0,5.0,,8.0,,,2.0,,69.0,,
111461,,,,,,,,770.0,,370.0,2.0,,,,,59.0,48.0,39.0,25.0,5.0,,50.0,,109.0,14.0,6.0
111513,,,,,,,,16.0,,7.0,,,,,,1.0,1.0,,,,,2.0,0.0,4.0,,
111638,,,,,,,,27.0,,10.0,,,,,,7.0,1.0,1.0,,,,,,2.0,,
111708,,,,,,,,15.0,,7.0,,,,,,1.0,,,,,,1.0,,,,
111717,,,,,,,,82.0,,13.0,,,,,,20.0,10.0,2.0,8.0,0.0,,6.0,,13.0,,3.0
111726,,,,,,,,25.0,,12.0,,,,,,2.0,,,,,,3.0,,,,
111744,,,,,,,,15.0,,9.0,,,,,,1.0,,,,,,,,,,
111762,,,,,,,,11.0,,4.0,,,,,,1.0,,,,,,0.0,,,,
111799,,,,,,,,7.0,,2.0,,,,,,1.0,,,,,,0.0,,,,
111887,,,,,,,,837.0,,473.0,,,,,,52.0,21.0,16.0,2.0,2.0,,59.0,,177.0,,
111896,,,,,,,,177.0,,79.0,,,,,,25.0,1.0,,5.0,,,12.0,,49.0,,
111920,,,,,,,,472.0,,304.0,,,,,,23.0,11.0,5.0,33.0,,,0.0,,79.0,,
111939,,,,,,,,864.0,,526.0,,,,,,41.0,36.0,24.0,16.0,1.0,,37.0,,173.0,,
111948,,,,,,,,1543.0,,689.0,8.0,,,,,137.0,78.0,113.0,116.0,12.0,,36.0,,175.0,39.0,
111966,,,,,,,,328.0,,98.0,44.0,5.0,,,,39.0,30.0,17.0,13.0,,,23.0,,32.0,,1.0
112075,,,,,,,,494.0,,218.0,,,,,,48.0,14.0,14.0,59.0,4.0,,11.0,29.0,35.0,,
112084,,,,,,,,108.0,,47.0,1.0,,,,,18.0,,,11.0,2.0,,,3.0,6.0,1.0,
112127,,,,,,,,29.0,,8.0,,,,,,3.0,1.0,,,,,,,15.0,2.0,
112172,,,,,,,,573.0,,300.0,2.0,,,,,30.0,24.0,12.0,24.0,,,68.0,,44.0,,
112181,,,,,,,,13.0,,8.0,,,,,,1.0,1.0,,,,,,1.0,2.0,,
112190,,,,,,,,1575.0,,858.0,,,,,,47.0,87.0,34.0,8.0,5.0,,118.0,,353.0,,
112251,,,,,,,,317.0,,132.0,3.0,,,,,31.0,57.0,13.0,,5.0,,0.0,,47.0,,
112260,,,,,,,,446.0,,168.0,,,,,,39.0,45.0,25.0,23.0,5.0,,44.0,,60.0,3.0,1.0
112288,,,,,,,,31.0,,16.0,,,,,,2.0,,,,,,,4.0,8.0,,
112367,,,,,,,,30.0,,12.0,,,,,,3.0,2.0,1.0,,,,3.0,,7.0,,
112376,,,,,,,,121.0,,,,,,,,27.0,39.0,29.0,1.0,,,3.0,,22.0,,
112385,,,,,,,,329.0,,144.0,,,,,,32.0,19.0,3.0,10.0,,,16.0,,92.0,,
112394,,,,,,,,95.0,,44.0,,,,,,13.0,3.0,3.0,2.0,,,3.0,3.0,2.0,,
112446,,,,,,,,81.0,,37.0,,,,,,14.0,4.0,3.0,2.0,,,4.0,4.0,4.0,,
112455,,,,,,,,11.0,,6.0,,,,,,2.0,1.0,,,,,,,1.0,,
112525,,,,,,,,1054.0,,314.0,25.0,,,,,167.0,27.0,130.0,5.0,16.0,,71.0,,276.0,,
112561,,,,,,,,164.0,,75.0,,,,,,22.0,6.0,3.0,4.0,,,8.0,,41.0,,
112570,,,,,,,,85.0,,38.0,,,,,,7.0,4.0,4.0,,,,4.0,16.0,2.0,3.0,
112686,,,,,,,,316.0,,166.0,,,,,,17.0,25.0,4.0,17.0,,,22.0,,50.0,,
112817,,,,,,,,79.0,,,,,,,,27.0,24.0,11.0,,,,,,16.0,,
112826,,,,,,,,279.0,,165.0,,,,,,23.0,6.0,3.0,11.0,,,14.0,,54.0,,
113096,,,,,,,,471.0,,290.0,,,,,,18.0,14.0,12.0,13.0,,,21.0,,64.0,,
113111,,,,,,,,290.0,,170.0,3.0,,,,,19.0,1.0,14.0,2.0,,,21.0,,28.0,3.0,
113193,,,,,,,,529.0,,259.0,,,,,,35.0,27.0,20.0,20.0,0.0,,39.0,,123.0,,
113218,,,,,,,,347.0,,200.0,,,,,,20.0,4.0,,15.0,3.0,,25.0,,51.0,,
113236,,,,,,,,543.0,,330.0,,,,,,25.0,17.0,9.0,11.0,0.0,,46.0,,45.0,16.0,
113333,,,,,,,,746.0,,456.0,,,,,,29.0,28.0,1.0,25.0,2.0,,34.0,,131.0,,
113449,,,,,,,,18.0,,10.0,,,,,,2.0,2.0,2.0,,,,,,1.0,,1.0
113537,,,,,,,,15.0,,6.0,,,,,,4.0,1.0,,1.0,,,,1.0,,1.0,
113573,,,,,,,,561.0,,287.0,,,,,,49.0,20.0,12.0,11.0,,,37.0,,119.0,,
113582,,,,,,,,24.0,,14.0,,,,,,1.0,0.0,,,,,,,,,
113634,,,,,,,,656.0,,438.0,,,,,,38.0,9.0,7.0,14.0,,,22.0,,120.0,,
113698,,,,,,,,387.0,,178.0,1.0,,,,,63.0,8.0,15.0,36.0,5.0,,7.0,,32.0,9.0,
113704,,,,,,,,22.0,,15.0,,,,,,2.0,1.0,,,,,,,2.0,,
113856,,,,,,,,941.0,,573.0,,,,,,30.0,6.0,13.0,24.0,1.0,,99.0,,170.0,,
113980,,,,,,,,1019.0,,531.0,,,,,,56.0,69.0,34.0,40.0,,,86.0,,178.0,,
114044,,,,,,,,29.0,,13.0,,,,,,1.0,1.0,,,,,,3.0,4.0,,
114114,,,,,,,,40.0,,15.0,,,,,,2.0,2.0,,,,,,,15.0,,
114123,,,,,,,,61.0,,29.0,,,,,,10.0,,1.0,,,,1.0,0.0,6.0,1.0,
114266,,,,,,,,329.0,,187.0,,,,,,17.0,9.0,6.0,10.0,,,30.0,,51.0,,
114354,,,,,,,,459.0,,129.0,,,,,,57.0,31.0,42.0,27.0,1.0,,7.0,9.0,133.0,,3.0
114390,,,,,,,,58.0,,19.0,,,,,,6.0,2.0,2.0,5.0,0.0,,1.0,1.0,14.0,,
114415,,,,,,,,30.0,,6.0,,,,,,4.0,3.0,2.0,1.0,0.0,,1.0,1.0,10.0,,
114433,,,,,,,,135.0,,60.0,,,,,,23.0,5.0,4.0,1.0,,,,,6.0,13.0,
114460,,,,,,,,41.0,,19.0,,,,,,5.0,,,,,,3.0,4.0,10.0,,
114549,,,,,,,,172.0,,100.0,,,,,,17.0,2.0,6.0,2.0,,,1.0,,21.0,,
114585,,,,,,,,59.0,,25.0,,,,,,5.0,2.0,1.0,4.0,,,,,21.0,,
114628,,,,,,,,9.0,,4.0,,,,,,1.0,1.0,,,,,1.0,,,,
114637,,,,,,,,7.0,,5.0,,,,,,1.0,,,,,,,,1.0,,
114716,,,,,,,,517.0,,359.0,,,,,,32.0,13.0,1.0,22.0,,,4.0,,58.0,,
114734,,,,,,,,11.0,,2.0,,,,,,1.0,5.0,,,,,,,,,
114761,,,,,,,,5.0,,3.0,,,,,,1.0,0.0,,,,,,,1.0,,
114789,,,,,,,,1024.0,,561.0,,,,,,63.0,53.0,13.0,39.0,,,78.0,,206.0,,
114813,,,,,,,,642.0,,320.0,,,,,,61.0,19.0,15.0,101.0,4.0,,22.0,1.0,52.0,9.0,
114831,,,,,,,,213.0,,,,,,,,35.0,43.0,59.0,,,,54.0,,17.0,,
114840,,,,,,,,402.0,,75.0,5.0,,,,,112.0,16.0,16.0,20.0,,,20.0,,88.0,,
114859,,,,,,,,848.0,,517.0,,,,,,37.0,15.0,16.0,35.0,5.0,,65.0,,112.0,,
114938,,,,,,,,304.0,,156.0,1.0,,,,,25.0,12.0,8.0,1.0,2.0,,21.0,,42.0,3.0,
114947,,,,,,,,131.0,,27.0,,,,,,27.0,2.0,2.0,,,,,,28.0,,3.0
115001,,,,,,,,757.0,,418.0,,,,,,57.0,23.0,11.0,12.0,2.0,,44.0,,138.0,1.0,
115010,,,,,,,,37.0,,26.0,,,,,,1.0,,,,,,,,10.0,,
115083,,,,,,,,378.0,,136.0,,,,,,50.0,12.0,17.0,5.0,,,11.0,7.0,86.0,,
115126,,,,,,,,474.0,,252.0,,,,,,43.0,21.0,12.0,10.0,1.0,,42.0,,80.0,,
115214,,,,,,,,49.0,,11.0,,,,,,13.0,3.0,0.0,0.0,,,2.0,,8.0,,
115287,,,,,,,,108.0,,,,,,,,21.0,23.0,18.0,,,,18.0,,28.0,,
115296,,,,,,,,699.0,,464.0,,,,,,24.0,12.0,10.0,20.0,2.0,,37.0,,85.0,,
115357,,,,,,,,6.0,,3.0,,,,,,1.0,,,,,,,1.0,1.0,,
115393,,,,,,,,420.0,,215.0,,,,,,48.0,13.0,13.0,20.0,,,21.0,,67.0,8.0,
115409,,,,,,,,313.0,,106.0,,,,,,35.0,22.0,22.0,4.0,1.0,,58.0,,37.0,,
115658,,,,,,,,13.0,,6.0,,,,,,1.0,,,,,,2.0,,4.0,,
115728,,,,,,,,202.0,,69.0,2.0,,,,,22.0,7.0,4.0,18.0,3.0,,,10.0,16.0,,
115746,,,,,,,,184.0,,83.0,,,,,,22.0,,2.0,1.0,,,12.0,3.0,15.0,3.0,6.0
115755,,,,,,,,1028.0,,388.0,,,,,,63.0,97.0,71.0,123.0,10.0,,55.0,,128.0,42.0,12.0
115773,,,,,,,,115.0,,62.0,1.0,0.0,,,,11.0,5.0,1.0,2.0,,,10.0,,21.0,,
115861,,,,,,,,376.0,,216.0,,,,,,24.0,7.0,10.0,13.0,,,30.0,,54.0,,
115931,,,,,,,,40.0,,16.0,,,,,,6.0,1.0,,,,,,,3.0,1.0,
116226,,,,,,,,15.0,,8.0,,,,,,1.0,1.0,,,,,,,,,
116350,,,,,,,,34.0,,18.0,,,,,,6.0,2.0,,,,,,,8.0,,
116439,,,,,,,,505.0,,298.0,,,,,,36.0,13.0,9.0,8.0,,,39.0,,96.0,,
116563,,,,,,,,20.0,,12.0,,,,,,1.0,,,,,,,,3.0,0.0,
116712,,,,,,,,261.0,,151.0,,10.0,,,,23.0,46.0,4.0,,,,,1.0,20.0,,
116846,,,,,,,,129.0,,25.0,,,,,,23.0,12.0,2.0,,,,14.0,,26.0,23.0,
117052,,,,,,,,449.0,,278.0,,,,,,27.0,17.0,,14.0,,,26.0,,74.0,,
117104,,,,,,,,71.0,,25.0,,,,,,17.0,2.0,,2.0,0.0,,5.0,1.0,5.0,,
117113,,,,,,,,86.0,,40.0,,,,,,11.0,7.0,,4.0,,,1.0,,16.0,,
117140,,,,,,,,879.0,,415.0,,,,,,117.0,50.0,37.0,44.0,6.0,,17.0,,111.0,10.0,1.0
117168,,,,,,,,157.0,,64.0,,,,,,6.0,4.0,11.0,2.0,,,5.0,,18.0,,
117195,,,,,,,,165.0,,78.0,,,,,,16.0,10.0,1.0,6.0,,,10.0,,31.0,,
117238,,,,,,,,11.0,,6.0,,,,,,1.0,1.0,,,,,1.0,,1.0,,
117247,,,,,,,,356.0,,237.0,,,,,,15.0,17.0,3.0,11.0,,,18.0,,28.0,,
117274,,,,,,,,155.0,,66.0,,,,,,22.0,6.0,4.0,15.0,,,9.0,,21.0,,
117520,,,,,,,,150.0,,48.0,1.0,,,,,26.0,5.0,6.0,3.0,,,1.0,5.0,20.0,3.0,
117557,,,,,,,,44.0,,26.0,,,,,,7.0,1.0,2.0,,,,,,6.0,,
117575,,,,,,,,32.0,,16.0,,,,,,5.0,,1.0,,,,0.0,,8.0,,
117627,,,,,,,,362.0,,172.0,,1.0,,,,55.0,10.0,8.0,4.0,2.0,,27.0,2.0,69.0,7.0,
117636,,,,,,,,1542.0,,400.0,50.0,7.0,,,,171.0,65.0,72.0,26.0,256.0,,96.0,,299.0,78.0,10.0
117645,,,,,,,,1122.0,,571.0,,,,,,73.0,42.0,25.0,47.0,3.0,,89.0,,229.0,,
117672,,,,,,,,170.0,,72.0,,1.0,,,,28.0,10.0,8.0,,,,11.0,0.0,17.0,,
117681,,,,,,,,252.0,,10.0,,,,,,26.0,69.0,51.0,,,,,,75.0,,
117690,,,,,,,,334.0,,188.0,,,,,,13.0,6.0,6.0,8.0,,,36.0,,66.0,,
117706,,,,,,,,662.0,,392.0,,,,,,15.0,7.0,14.0,7.0,,,85.0,,128.0,,
117715,,,,,,,,289.0,,161.0,,,,,,13.0,9.0,2.0,5.0,,,31.0,,55.0,,
117724,,,,,,,,557.0,,314.0,,,,,,19.0,9.0,9.0,30.0,,,66.0,,91.0,,
117733,,,,,,,,564.0,,342.0,,,,,,20.0,15.0,9.0,11.0,,,47.0,,101.0,,
117751,,,,,,,,336.0,,140.0,,5.0,,,,52.0,8.0,17.0,26.0,3.0,,23.0,9.0,30.0,6.0,
117788,,,,,,,,562.0,,335.0,,,,,,15.0,5.0,7.0,14.0,,,52.0,,112.0,,
117803,,,,,,,,51.0,,33.0,1.0,,,,,6.0,,1.0,,,,,,2.0,,
117867,,,,,,,,348.0,,203.0,,,,,,11.0,9.0,,8.0,,,33.0,,60.0,,
117894,,,,,,,,354.0,,220.0,,,,,,27.0,7.0,5.0,14.0,,,14.0,,60.0,,
117900,,,,,,,,248.0,,,,,,,,28.0,45.0,36.0,4.0,,,79.0,,49.0,,
117928,,,,,,,,54.0,,31.0,,,,,,7.0,4.0,,1.0,,,,,9.0,,
117946,,,,,,,,2036.0,,762.0,,,,,,177.0,288.0,111.0,128.0,15.0,,143.0,,259.0,34.0,26.0
117955,,,,,,,,49.0,,25.0,,,,,,3.0,,,,,,15.0,,5.0,1.0,
118134,,,,,,,,7.0,,4.0,,,,,,,,,,,,,,3.0,,
118143,,,,,,,,7.0,,3.0,,,,,,1.0,1.0,,,,,0.0,,2.0,,
118161,,,,,,,,16.0,,7.0,,,,,,1.0,1.0,,,,,,,7.0,,
118189,,,,,,,,12.0,,6.0,,,,,,4.0,1.0,,,,,,,1.0,,
118198,,,,,,,,72.0,,36.0,,,,,,13.0,1.0,1.0,,,,6.0,,2.0,,
118259,,,,,,,,39.0,,19.0,,,,,,3.0,,,10.0,,,,,2.0,,
118277,,,,,,,,93.0,,54.0,,,,,,5.0,,,17.0,,,,,6.0,,
118286,,,,,,,,55.0,,30.0,,,,,,3.0,,,14.0,,,,,3.0,,
118347,,,,,,,,394.0,,189.0,,,,,,36.0,38.0,11.0,14.0,,,33.0,,57.0,1.0,
118541,,,,,,,,134.0,,55.0,,,,,,14.0,7.0,2.0,17.0,1.0,,13.0,,13.0,,4.0
118684,,,,,,,,222.0,,135.0,,,,,,17.0,,6.0,,,,17.0,,43.0,,
118693,,,,,,,,141.0,,55.0,,,,,,35.0,10.0,3.0,26.0,3.0,,,,3.0,4.0,
118718,,,,,,,,595.0,,298.0,,,,,,47.0,28.0,10.0,32.0,1.0,,42.0,,114.0,,
118772,,,,,,,,216.0,,140.0,,,,,,10.0,15.0,2.0,9.0,,,9.0,,19.0,,
118888,,,,,,,,351.0,,113.0,5.0,13.0,,,,36.0,39.0,30.0,39.0,,,26.0,,30.0,1.0,
118912,,,,,,,,716.0,,384.0,,,,,,32.0,29.0,24.0,29.0,3.0,,37.0,,130.0,,
118930,,,,,,,,289.0,,187.0,,,,,,9.0,16.0,4.0,21.0,1.0,,3.0,,33.0,,
118958,,,,,,,,5.0,,4.0,,,,,,,,,,,,,,1.0,,
118967,,,,,,,,46.0,,17.0,,,,,,3.0,,,10.0,,,,,3.0,,
118976,,,,,,,,622.0,,339.0,,,,,,47.0,39.0,11.0,8.0,3.0,,12.0,,154.0,,
118994,,,,,,,,19.0,,10.0,,,,,,2.0,1.0,,,,,,,5.0,,
119058,,,,,,,,214.0,,84.0,,,,,,32.0,1.0,3.0,,,,5.0,,82.0,,
119067,,,,,,,,358.0,,197.0,,,,,,14.0,15.0,10.0,5.0,1.0,,32.0,,69.0,,
119137,,,,,,,,456.0,,294.0,,,,,,14.0,14.0,6.0,10.0,1.0,,35.0,,56.0,,
119164,,,,,,,,1358.0,,693.0,,,,,,105.0,16.0,42.0,22.0,4.0,,113.0,,352.0,,
119173,,,,,,,,581.0,,240.0,,,,,,119.0,23.0,19.0,1.0,12.0,,39.0,,53.0,6.0,8.0
119216,,,,,,,,775.0,,406.0,2.0,,,,,47.0,40.0,29.0,18.0,,,55.0,9.0,108.0,,
119270,,,,,,,,225.0,,118.0,,,,,,26.0,9.0,5.0,5.0,,,10.0,10.0,8.0,,5.0
119331,,,,,,,,381.0,,191.0,,,,,,40.0,19.0,10.0,12.0,1.0,,22.0,,67.0,,
119553,,,,,,,,101.0,,47.0,,,,,,26.0,,,,,,,13.0,7.0,,
119605,,,,,,,,1635.0,,632.0,,,,,,212.0,295.0,60.0,28.0,,,11.0,123.0,175.0,,
119678,,,,,,,,907.0,,340.0,156.0,,,,,51.0,84.0,81.0,10.0,2.0,,5.0,,110.0,,1.0
119775,,,,,,,,114.0,,71.0,,,,,,20.0,3.0,,1.0,,,,8.0,2.0,1.0,
119845,,,,,,,,10.0,,6.0,,,,,,2.0,,,,,,,,2.0,,
119951,,,,,,,,18.0,,10.0,,,,,,2.0,1.0,,,,,,,5.0,1.0,
120023,,,,,,,,91.0,,,,,,,,18.0,27.0,17.0,8.0,,,9.0,,11.0,,
120069,,,,,,,,21.0,,10.0,,,,,,1.0,,,,,,,,7.0,,
120078,,,,,,,,30.0,,12.0,,,,,,2.0,,,,,,,,15.0,,
120087,,,,,,,,17.0,,9.0,,,,,,1.0,,,1.0,,,,,4.0,,
120184,,,,,,,,242.0,,105.0,,,,,,26.0,13.0,6.0,33.0,0.0,,21.0,,17.0,5.0,
120254,,,,,,,,715.0,,213.0,,,,,,57.0,48.0,27.0,81.0,7.0,,128.0,4.0,79.0,20.0,1.0
120290,,,,,,,,450.0,,249.0,,,,,,42.0,21.0,19.0,26.0,,,28.0,,61.0,,
120342,,,,,,,,820.0,,462.0,,,,,,52.0,25.0,18.0,8.0,4.0,,82.0,,139.0,,
120403,,,,,,,,398.0,,146.0,,,,,,57.0,12.0,11.0,9.0,3.0,,17.0,32.0,39.0,1.0,16.0
120421,,,,,,,,272.0,,146.0,,,,,,16.0,7.0,2.0,13.0,0.0,,23.0,,44.0,,
120537,,,,,,,,197.0,,94.0,,,,,,22.0,4.0,8.0,16.0,3.0,,4.0,9.0,25.0,4.0,
120661,,,,,,,,66.0,,27.0,,,,,,12.0,2.0,,,,,,7.0,14.0,,
120698,,,,,,,,131.0,,64.0,1.0,,,,,16.0,21.0,3.0,11.0,,,,,6.0,,
120768,,,,,,,,245.0,,114.0,,,,,,35.0,4.0,,2.0,,,5.0,,9.0,,
120795,,,,,,,,42.0,,14.0,,,,,,11.0,1.0,0.0,2.0,,,6.0,,4.0,,
120838,,,,,,,,31.0,,13.0,,,,,,3.0,,1.0,,,,1.0,,,,
120865,,,,,,,,231.0,,89.0,,,,,,36.0,26.0,14.0,10.0,2.0,,6.0,,10.0,17.0,2.0
120883,,,,,,,,1815.0,,564.0,1.0,,,,,324.0,78.0,95.0,67.0,13.0,,221.0,,408.0,7.0,20.0
120953,,,,,,,,114.0,,47.0,,2.0,,,,17.0,4.0,7.0,,,,,,17.0,6.0,
120971,,,,,,,,963.0,,532.0,,,,,,55.0,49.0,20.0,39.0,2.0,,80.0,,140.0,,
121044,,,,,,,,1017.0,,636.0,,,,,,66.0,44.0,4.0,42.0,2.0,,69.0,,100.0,,
121150,,,,,,,,1668.0,,489.0,,,,,,276.0,155.0,101.0,101.0,8.0,,84.0,29.0,182.0,36.0,28.0
121178,,,,,,,,159.0,,,,,,,,37.0,36.0,13.0,3.0,,,31.0,,36.0,,
121257,,,,,,,,291.0,,93.0,,,,,,27.0,16.0,10.0,17.0,,,47.0,,39.0,8.0,
121275,,,,,,,,33.0,,14.0,,,,,,4.0,4.0,1.0,,,,,2.0,5.0,,
121309,,,,,,,,685.0,,239.0,,,,,,81.0,21.0,26.0,64.0,4.0,,66.0,1.0,104.0,15.0,5.0
121345,,,,,,,,778.0,,234.0,,,,,,68.0,34.0,32.0,42.0,3.0,,180.0,1.0,110.0,11.0,1.0
121363,,,,,,,,175.0,,91.0,,,,,,19.0,,2.0,5.0,1.0,,12.0,,39.0,,
121433,,,,,,,,7.0,,2.0,,,,,,1.0,0.0,,,,,,,1.0,0.0,
121619,,,,,,,,811.0,,463.0,,,,,,25.0,29.0,13.0,63.0,,,55.0,,120.0,,
121628,,,,,,,,10.0,,,,,,,,5.0,,,,,,,,4.0,,
121637,,,,,,,,7.0,,4.0,,,,,,1.0,2.0,,,,,,,,,
121691,,,,,,,,864.0,,340.0,,,,,,110.0,26.0,34.0,91.0,7.0,,66.0,,106.0,19.0,3.0
121707,,,,,,,,339.0,,163.0,,,,,,37.0,26.0,8.0,22.0,,,23.0,,41.0,,
121859,,,,,,,,18.0,,8.0,,,,,,4.0,1.0,,,,,,3.0,2.0,,
121868,,,,,,,,7.0,,4.0,,,,,,1.0,,,,,,,1.0,,,
121886,,,,,,,,614.0,,325.0,,,,,,39.0,14.0,13.0,20.0,1.0,,35.0,,138.0,,
121901,,,,,,,,708.0,,403.0,,,,,,34.0,21.0,7.0,44.0,3.0,,55.0,,123.0,,
121983,,,,,,,,34.0,,20.0,,,,,,6.0,1.0,,,,,,,6.0,,
121992,,,,,,,,21.0,,13.0,,,,,,1.0,1.0,,,,,1.0,1.0,3.0,,
122117,,,,,,,,27.0,,12.0,,,,,,1.0,0.0,,,1.0,,4.0,,5.0,1.0,
122180,,,,,,,,763.0,,486.0,,,,,,25.0,25.0,17.0,26.0,2.0,,34.0,,107.0,,
122205,,,,,,,,821.0,,481.0,,,,,,60.0,16.0,,13.0,2.0,,67.0,,177.0,,
122296,,,,,,,,403.0,,240.0,1.0,,,,,34.0,14.0,13.0,2.0,3.0,,2.0,,44.0,,
122320,,,,,,,,538.0,,,,,,,,32.0,95.0,51.0,11.0,,,206.0,,131.0,,
122339,,,,,,,,433.0,,273.0,,,,,,11.0,8.0,,10.0,,,1.0,,124.0,,
122366,,,,,,,,11.0,,5.0,,,,,,2.0,,,3.0,,,,,1.0,,
122375,,,,,,,,570.0,,381.0,,,,,,13.0,12.0,,6.0,,,1.0,,141.0,,
122384,,,,,,,,324.0,,209.0,,,,,,9.0,10.0,,9.0,2.0,,1.0,,76.0,,
122409,,,,,,,,2831.0,,1161.0,6.0,,,,,132.0,243.0,208.0,308.0,49.0,,184.0,,342.0,90.0,21.0
122436,,,,,,,,1964.0,,599.0,12.0,16.0,,,,118.0,135.0,96.0,179.0,18.0,,224.0,2.0,292.0,46.0,22.0
122454,,,,,,,,181.0,,94.0,1.0,,,,,23.0,8.0,2.0,18.0,,,,2.0,10.0,4.0,1.0
122506,,,,,,,,94.0,,35.0,1.0,3.0,,,,13.0,12.0,1.0,9.0,0.0,,,,7.0,,2.0
122597,,,,,,,,2616.0,,1125.0,6.0,,,,,71.0,539.0,176.0,221.0,26.0,,142.0,,112.0,78.0,39.0
122603,,,,,,,,45.0,,8.0,3.0,,,,,2.0,14.0,1.0,,,,,,4.0,3.0,
122612,,,,,,,,1728.0,,741.0,,,,,,355.0,111.0,77.0,85.0,1.0,,55.0,,234.0,26.0,
122649,,,,,,,,41.0,,14.0,,,,,,7.0,2.0,2.0,4.0,,,2.0,1.0,5.0,,
122658,,,,,,,,805.0,,391.0,,,,,,54.0,63.0,14.0,77.0,1.0,,22.0,,142.0,2.0,
122685,,,,,,,,536.0,,266.0,,,,,,36.0,,,,,,25.0,,40.0,,
122728,,,,,,,,251.0,,96.0,,,,,,28.0,12.0,8.0,40.0,3.0,,15.0,0.0,22.0,,
122737,,,,,,,,94.0,,,,,,,,15.0,40.0,14.0,2.0,,,8.0,,14.0,,
122746,,,,,,,,348.0,,209.0,,,,,,22.0,9.0,6.0,10.0,,,29.0,,42.0,,
122755,,,,,,,,2595.0,,1153.0,,,,,,87.0,349.0,168.0,277.0,26.0,,156.0,,183.0,81.0,32.0
122782,,,,,,,,241.0,,,,,,,,12.0,34.0,30.0,10.0,,,97.0,,55.0,,
122791,,,,,,,,333.0,,194.0,,,,,,12.0,9.0,,7.0,,,4.0,,95.0,,
122834,,,,,,,,61.0,,35.0,,,,,,6.0,4.0,,5.0,,,,6.0,2.0,,
122852,,,,,,,,23.0,,18.0,,,,,,3.0,1.0,,1.0,,,,,,,
122889,,,,,,,,851.0,,510.0,,,,,,46.0,50.0,24.0,39.0,3.0,,59.0,,79.0,,
122931,,,,,,,,1635.0,,651.0,,,,,,322.0,99.0,101.0,84.0,14.0,,81.0,,200.0,21.0,5.0
122977,,,,,,,,1268.0,,698.0,,,,,,102.0,45.0,22.0,39.0,3.0,,98.0,,209.0,,
123013,,,,,,,,1155.0,,625.0,,,,,,90.0,60.0,28.0,51.0,8.0,,60.0,,138.0,4.0,
123095,,,,,,,,93.0,,61.0,,,,,,21.0,2.0,,,,,,6.0,3.0,,
123165,,,,,,,,326.0,,108.0,1.0,,,,,38.0,13.0,8.0,14.0,,,72.0,,40.0,,
123217,,,,,,,,537.0,,299.0,,,,,,44.0,25.0,14.0,25.0,1.0,,34.0,,85.0,1.0,
123280,,,,,,,,14.0,,10.0,1.0,,,,,,1.0,,,,,,,2.0,,
123299,,,,,,,,476.0,,216.0,,,,,,50.0,12.0,12.0,12.0,,,41.0,,127.0,1.0,
123341,,,,,,,,743.0,,444.0,,,,,,53.0,20.0,29.0,8.0,,,38.0,,147.0,,
123350,,,,,,,,21.0,,7.0,,,,,,2.0,1.0,1.0,,,,0.0,3.0,2.0,1.0,1.0
123448,,,,,,,,50.0,,21.0,,,,,,16.0,0.0,,8.0,,,1.0,,1.0,,
123457,,,,,,,,226.0,,131.0,,,,,,22.0,7.0,4.0,15.0,,,4.0,,38.0,4.0,0.0
123484,,,,,,,,171.0,,69.0,1.0,,,,,10.0,9.0,9.0,8.0,1.0,,19.0,2.0,32.0,,
123493,,,,,,,,33.0,,14.0,,,,,,2.0,,,,,,3.0,,10.0,,
123509,,,,,,,,360.0,,218.0,,,,,,14.0,7.0,,10.0,,,2.0,,93.0,,
123527,,,,,,,,557.0,,345.0,2.0,,,,,27.0,4.0,18.0,7.0,1.0,,34.0,,49.0,6.0,
123554,,,,,,,,789.0,,391.0,,,,,,79.0,81.0,23.0,79.0,8.0,,23.0,,74.0,14.0,
123563,,,,,,,,415.0,,227.0,,,,,,23.0,9.0,6.0,10.0,,,36.0,,73.0,,
123572,,,,,,,,1085.0,,366.0,,,,,,62.0,175.0,64.0,133.0,12.0,,94.0,,72.0,53.0,25.0
123633,,,,,,,,77.0,,48.0,,,,,,8.0,1.0,2.0,,,,,,12.0,1.0,
123642,,,,,,,,21.0,,11.0,,,,,,3.0,2.0,0.0,,,,1.0,,2.0,,
123651,,,,,,,,302.0,,129.0,,,,,,36.0,56.0,9.0,27.0,3.0,,7.0,,28.0,,
123679,,,,,,,,68.0,,30.0,,,,,,12.0,3.0,,,,,,6.0,15.0,,
123800,,,,,,,,656.0,,210.0,,,,,,42.0,34.0,21.0,40.0,10.0,,57.0,,156.0,16.0,4.0
123855,,,,,,,,55.0,,26.0,,,,,,3.0,2.0,,,,,6.0,,3.0,11.0,
123916,,,,,,,,28.0,,14.0,,3.0,,,,6.0,5.0,,,,,,,,,
123943,,,,,,,,192.0,,68.0,,,,,,36.0,8.0,7.0,4.0,8.0,,9.0,1.0,45.0,4.0,
123952,,,,,,,,104.0,,47.0,,,,,,12.0,4.0,6.0,7.0,,,1.0,3.0,8.0,,9.0
123961,,,,,,,,14736.0,,2905.0,276.0,1662.0,,,,1800.0,1631.0,1314.0,669.0,427.0,,1412.0,171.0,1943.0,235.0,118.0
123970,,,,,,,,152.0,,70.0,,,,,,12.0,1.0,5.0,3.0,,,,,50.0,,
124113,,,,,,,,221.0,,72.0,1.0,,,,,31.0,1.0,11.0,,,,15.0,1.0,35.0,1.0,
124283,,,,,,,,66.0,,22.0,,,,,,5.0,2.0,3.0,,,,4.0,1.0,23.0,,
124292,,,,,,,,86.0,,34.0,,,,,,12.0,6.0,2.0,12.0,0.0,,8.0,,10.0,,
124487,,,,,,,,25.0,,13.0,,,,,,3.0,1.0,1.0,,,,,1.0,1.0,1.0,
124557,,,,,,,,2742.0,,227.0,32.0,,,,,406.0,740.0,437.0,380.0,28.0,,9.0,9.0,370.0,48.0,2.0
124681,,,,,,,,39.0,,14.0,,,,,,6.0,2.0,,,,,,,17.0,,
124706,,,,,,,,67.0,,30.0,,,,,,13.0,2.0,,,,,,7.0,13.0,,
124937,,,,,,,,66.0,,29.0,,,,,,14.0,3.0,,,,,,6.0,12.0,,
125019,,,,,,,,85.0,,,,,,,,11.0,46.0,10.0,1.0,,,1.0,,14.0,,
125028,,,,,,,,442.0,,276.0,,,,,,14.0,10.0,8.0,14.0,3.0,,32.0,,60.0,,
125037,,,,,,,,9.0,,3.0,,,,,,1.0,,,,,,,,1.0,,
125091,,,,,,,,452.0,,247.0,4.0,,,,,28.0,5.0,16.0,12.0,,,39.0,4.0,53.0,7.0,3.0
125170,,,,,,,,185.0,,125.0,,,,,,10.0,11.0,1.0,7.0,,,5.0,,19.0,,
125222,,,,,,,,123.0,,,,,,,,15.0,30.0,13.0,,,,50.0,,15.0,,
125231,,,,,,,,1847.0,,1144.0,,,,,,335.0,219.0,3.0,51.0,,,,53.0,25.0,,
125310,,,,,,,,4.0,,1.0,,,,,,1.0,0.0,,,,,,,1.0,,
125462,,,,,,,,171.0,,53.0,,,,,,19.0,2.0,,21.0,1.0,,22.0,,9.0,,
125471,,,,,,,,384.0,,228.0,,,,,,14.0,15.0,3.0,15.0,,,43.0,,56.0,,
125499,,,,,,,,331.0,,230.0,,,,,,5.0,12.0,2.0,21.0,4.0,,,,40.0,,
125532,,,,,,,,101.0,,69.0,,,,,,9.0,,0.0,,,,,,3.0,,
125718,,,,,,,,32.0,,12.0,,,,,,3.0,3.0,1.0,2.0,,,1.0,,3.0,,
125727,,,,,,,,332.0,,126.0,,,,,,30.0,25.0,10.0,30.0,1.0,,34.0,,27.0,10.0,3.0
125763,,,,,,,,451.0,,162.0,,,,,,47.0,18.0,14.0,32.0,2.0,,16.0,,59.0,4.0,
125897,,,,,,,,231.0,,118.0,1.0,1.0,,,,12.0,9.0,13.0,1.0,0.0,,1.0,3.0,21.0,6.0,
126012,,,,,,,,72.0,,50.0,,,,,,4.0,,1.0,,,,0.0,,5.0,,
126030,,,,,,,,54.0,,32.0,,,,,,10.0,2.0,,1.0,,,,,7.0,,
126049,,,,,,,,103.0,,40.0,,,,,,22.0,5.0,1.0,5.0,,,,,15.0,2.0,
126076,,,,,,,,17.0,,7.0,,,,,,2.0,0.0,,,,,7.0,,1.0,,
126100,,,,,,,,173.0,,6.0,,,,,,33.0,22.0,15.0,,,,67.0,,31.0,,
126119,,,,,,,,284.0,,190.0,,,,,,12.0,,6.0,2.0,,,17.0,,51.0,,1.0
126164,,,,,,,,13.0,,5.0,,,,,,1.0,1.0,,,,,,1.0,4.0,,
126182,,,,,,,,441.0,,157.0,,,,,,25.0,22.0,18.0,46.0,2.0,,52.0,,52.0,1.0,3.0
126207,,,,,,,,514.0,,184.0,,,,,,25.0,25.0,21.0,34.0,0.0,,27.0,,66.0,9.0,8.0
126289,,,,,,,,445.0,,229.0,,,,,,36.0,27.0,15.0,6.0,1.0,,31.0,2.0,43.0,9.0,1.0
126359,,,,,,,,37.0,,12.0,,,,,,1.0,2.0,,,,,7.0,,1.0,1.0,
126401,,,,,,,,13.0,,3.0,,,,,,3.0,,,,,,,,5.0,,
126562,,,,,,,,11043.0,,4267.0,754.0,86.0,,,,891.0,652.0,1608.0,131.0,1444.0,,207.0,,474.0,124.0,41.0
126580,,,,,,,,1283.0,,553.0,22.0,13.0,,,,20.0,50.0,59.0,58.0,26.0,,120.0,6.0,82.0,36.0,8.0
126605,,,,,,,,38.0,,24.0,,,,,,2.0,,,,,,2.0,4.0,6.0,,
126614,,,,,,,,7854.0,,1831.0,857.0,2.0,,,,936.0,300.0,1335.0,266.0,82.0,,600.0,32.0,938.0,252.0,68.0
126669,,,,,,,,567.0,,229.0,,,,,,55.0,33.0,21.0,140.0,2.0,,12.0,,46.0,4.0,
126678,,,,,,,,836.0,,220.0,1.0,,,,,99.0,39.0,32.0,83.0,6.0,,63.0,6.0,140.0,32.0,14.0
126687,,,,,,,,62.0,,23.0,,,,,,17.0,3.0,,,,,,6.0,11.0,,
126702,,,,,,,,74.0,,37.0,,,,,,9.0,3.0,,3.0,,,,,15.0,,
126711,,,,,,,,672.0,,294.0,,,,,,78.0,12.0,33.0,30.0,1.0,,24.0,0.0,107.0,22.0,1.0
126748,,,,,,,,133.0,,56.0,,,,,,18.0,9.0,5.0,18.0,,,11.0,,10.0,3.0,
126775,,,,,,,,1056.0,,342.0,123.0,,,,,99.0,113.0,49.0,26.0,2.0,,103.0,,79.0,50.0,2.0
126784,,,,,,,,22.0,,12.0,,,,,,4.0,,,,,,,2.0,1.0,,
126818,,,,,,,,6798.0,,1811.0,1246.0,155.0,,,,109.0,364.0,182.0,226.0,261.0,,682.0,4.0,422.0,418.0,43.0
126827,,,,,,,,1220.0,,452.0,,,,,,59.0,122.0,7.0,1.0,,,30.0,471.0,25.0,,
126863,,,,,,,,352.0,,164.0,,,,,,36.0,22.0,8.0,,,,16.0,,40.0,5.0,1.0
126872,,,,,,,,24.0,,8.0,,,,,,1.0,6.0,1.0,,,,,4.0,0.0,,
126915,,,,,,,,33.0,,19.0,,,,,,3.0,2.0,1.0,,,,2.0,,3.0,,
126942,,,,,,,,423.0,,206.0,,,,,,40.0,30.0,14.0,96.0,,,1.0,,24.0,,
126951,,,,,,,,92.0,,45.0,,,,,,31.0,,1.0,,,,,,12.0,,
126979,,,,,,,,110.0,,37.0,,,,,,31.0,5.0,4.0,,,,2.0,,16.0,,
127060,,,,,,,,2539.0,,923.0,14.0,,,,,250.0,245.0,176.0,140.0,16.0,,203.0,1.0,287.0,65.0,3.0
127158,,,,,,,,145.0,,81.0,,,,,,5.0,13.0,5.0,2.0,,,,,,,
127185,,,,,,,,549.0,,204.0,,,,,,41.0,29.0,37.0,76.0,2.0,,66.0,,35.0,13.0,1.0
127200,,,,,,,,944.0,,487.0,,,,,,46.0,45.0,32.0,46.0,,,32.0,10.0,108.0,15.0,4.0
127219,,,,,,,,4.0,,2.0,,,,,,1.0,,,,,,,,,,
127228,,,,,,,,3.0,,2.0,,,,,,1.0,,,,,,,,,,
127273,,,,,,,,47.0,,18.0,,,,,,4.0,2.0,3.0,,,,,,16.0,2.0,
127316,,,,,,,,25.0,,13.0,,,,,,3.0,0.0,,,,,,,2.0,,
127389,,,,,,,,83.0,,28.0,,,,,,6.0,3.0,1.0,9.0,,,11.0,,6.0,2.0,
127556,,,,,,,,780.0,,387.0,,,,,,63.0,26.0,23.0,82.0,7.0,,82.0,4.0,67.0,14.0,4.0
127565,,,,,,,,1578.0,,870.0,,,,,,22.0,128.0,78.0,61.0,11.0,,3.0,,325.0,2.0,
127617,,,,,,,,114.0,,54.0,,,,,,21.0,11.0,3.0,1.0,,,4.0,,5.0,2.0,
127653,,,,,,,,255.0,,93.0,,,,,,25.0,26.0,7.0,20.0,,,5.0,,19.0,8.0,
127680,,,,,,,,25.0,,11.0,,,,,,2.0,,,,,,,,2.0,,
127714,,,,,,,,68.0,,40.0,,,,,,10.0,1.0,3.0,,,,1.0,6.0,5.0,,
127732,,,,,,,,162.0,,60.0,,,,,,10.0,19.0,8.0,18.0,,,19.0,0.0,12.0,6.0,1.0
127741,,,,,,,,1559.0,,618.0,,,,,,75.0,137.0,88.0,140.0,5.0,,194.0,,165.0,38.0,21.0
127778,,,,,,,,274.0,,50.0,,,,,,10.0,5.0,6.0,25.0,,,34.0,,9.0,3.0,5.0
127787,,,,,,,,14.0,,4.0,,,,,,5.0,,,,,,,,3.0,,
127820,,,,,,,,736.0,,363.0,,,,,,47.0,20.0,18.0,7.0,,,57.0,7.0,160.0,21.0,4.0
127884,,,,,,,,400.0,,181.0,,,,,,27.0,32.0,14.0,20.0,1.0,,24.0,2.0,36.0,10.0,3.0
127909,,,,,,,,481.0,,196.0,,,,,,39.0,35.0,13.0,11.0,1.0,,41.0,,48.0,10.0,2.0
127918,,,,,,,,1016.0,,470.0,,,,,,79.0,5.0,36.0,36.0,2.0,,16.0,47.0,288.0,28.0,
127945,,,,,,,,172.0,,84.0,,,,,,13.0,9.0,3.0,2.0,,,9.0,1.0,2.0,,1.0
127954,,,,,,,,3.0,,,,,,,,2.0,1.0,,,,,,,0.0,,
128106,,,,,,,,600.0,,251.0,6.0,,,,,12.0,18.0,29.0,51.0,4.0,,48.0,2.0,119.0,20.0,2.0
128151,,,,,,,,88.0,,39.0,,,,,,6.0,4.0,4.0,1.0,1.0,,7.0,,9.0,,
128179,,,,,,,,61.0,,27.0,,,,,,7.0,14.0,1.0,,,,,5.0,3.0,1.0,
128188,,,,,,,,104.0,,54.0,,,,,,11.0,18.0,3.0,,,,,10.0,4.0,1.0,
128258,,,,,,,,161.0,,81.0,,,,,,12.0,6.0,3.0,12.0,,,12.0,0.0,8.0,4.0,1.0
128300,,,,,,,,454.0,,,,,,,,96.0,180.0,119.0,32.0,,,,,27.0,,
128328,,,,,,,,289.0,,187.0,7.0,,,,,6.0,5.0,8.0,1.0,26.0,,6.0,,10.0,,
128337,,,,,,,,6.0,,3.0,,,,,,1.0,,,,,,,,1.0,,
128391,,,,,,,,337.0,,143.0,,,,,,30.0,17.0,14.0,46.0,2.0,,35.0,1.0,18.0,9.0,
128498,,,,,,,,274.0,,120.0,,,,,,29.0,9.0,9.0,16.0,3.0,,16.0,,27.0,,
128540,,,,,,,,13.0,,8.0,,,,,,2.0,,,,,,,1.0,2.0,,
128577,,,,,,,,145.0,,68.0,,,,,,10.0,2.0,3.0,2.0,1.0,,5.0,,10.0,1.0,
128586,,,,,,,,10.0,,6.0,,,,,,1.0,1.0,,,,,1.0,,1.0,,
128674,,,,,,,,19.0,,9.0,,,,,,4.0,,,,,,1.0,,2.0,,
128683,,,,,,,,87.0,,40.0,,,,,,16.0,,,,,,15.0,,9.0,,1.0
128744,,,,,,,,636.0,,273.0,,,,,,157.0,107.0,20.0,2.0,24.0,,,,38.0,,
128771,,,,,,,,1155.0,,610.0,,,,,,40.0,45.0,41.0,51.0,6.0,,65.0,,147.0,24.0,8.0
128780,,,,,,,,146.0,,64.0,,,,,,13.0,9.0,10.0,24.0,,,,,2.0,,
128896,,,,,,,,27.0,,9.0,,,,,,1.0,2.0,,,,,1.0,4.0,4.0,1.0,0.0
128902,,,,,,,,772.0,,228.0,,,,,,78.0,29.0,40.0,59.0,8.0,,165.0,,91.0,31.0,6.0
129002,,,,,,,,26.0,,18.0,,,,,,1.0,,,,,,,,1.0,,
129020,,,,,,,,9074.0,,2283.0,321.0,63.0,,,,321.0,330.0,735.0,291.0,1319.0,,605.0,10.0,2141.0,541.0,9.0
129154,,,,,,,,390.0,,150.0,,,,,,13.0,50.0,13.0,20.0,,,38.0,,40.0,,1.0
129181,,,,,,,,107.0,,40.0,,,,,,33.0,,,,,,19.0,,11.0,,2.0
129215,,,,,,,,729.0,,303.0,,,,,,28.0,29.0,30.0,52.0,3.0,,103.0,1.0,50.0,34.0,4.0
129242,,,,,,,,912.0,,356.0,,,,,,100.0,21.0,50.0,54.0,8.0,,44.0,,111.0,25.0,1.0
129349,,,,,,,,20.0,,13.0,,,,,,2.0,,,,,,,3.0,2.0,,
129367,,,,,,,,209.0,,116.0,,,,,,11.0,18.0,6.0,4.0,,,13.0,,12.0,,
129428,,,,,,,,11.0,,3.0,,,,,,3.0,,1.0,1.0,,,,,2.0,0.0,
129482,,,,,,,,33.0,,18.0,,,,,,3.0,,,,,,2.0,6.0,4.0,,
129491,,,,,,,,30.0,,9.0,,,,,,8.0,1.0,1.0,,,,1.0,,4.0,,
129525,,,,,,,,1161.0,,510.0,,,,,,14.0,191.0,3.0,69.0,4.0,,129.0,2.0,155.0,23.0,2.0
129534,,,,,,,,41.0,,20.0,,,,,,1.0,4.0,,,,,3.0,,10.0,1.0,
129543,,,,,,,,328.0,,185.0,,4.0,,,,3.0,19.0,7.0,4.0,,,14.0,,21.0,10.0,
129695,,,,,,,,392.0,,218.0,,,,,,22.0,13.0,15.0,7.0,,,40.0,,30.0,4.0,
129729,,,,,,,,430.0,,210.0,,,,,,11.0,10.0,10.0,6.0,,,34.0,,45.0,6.0,1.0
129756,,,,,,,,157.0,,94.0,,,,,,10.0,6.0,4.0,2.0,,,2.0,,10.0,1.0,
129774,,,,,,,,140.0,,21.0,,,,,,37.0,4.0,5.0,18.0,4.0,,20.0,,8.0,5.0,
129808,,,,,,,,234.0,,145.0,,,,,,10.0,11.0,6.0,10.0,,,11.0,,16.0,3.0,
129923,,,,,,,,104.0,,62.0,,,,,,22.0,,2.0,,,,1.0,,14.0,,
129932,,,,,,,,48.0,,28.0,,,,,,6.0,,,,,,,9.0,,,
129941,,,,,,,,888.0,,391.0,,,,,,55.0,51.0,44.0,78.0,8.0,,65.0,,114.0,22.0,0.0
129969,,,,,,,,23.0,,12.0,,,,,,1.0,1.0,,,,,,1.0,1.0,,
130004,,,,,,,,330.0,,200.0,,,,,,7.0,8.0,9.0,9.0,,,3.0,,31.0,2.0,1.0
130040,,,,,,,,113.0,,51.0,,,,,,10.0,3.0,4.0,3.0,,,9.0,,9.0,,
130110,,,,,,,,23.0,,14.0,,,,,,,3.0,,,,,3.0,,2.0,,
130174,,,,,,,,265.0,,156.0,,,,,,17.0,12.0,2.0,,,,,,13.0,2.0,
130183,,,,,,,,646.0,,214.0,,,,,,68.0,14.0,16.0,31.0,1.0,,,,7.0,6.0,4.0
130217,,,,,,,,114.0,,56.0,,,,,,9.0,2.0,4.0,1.0,,,6.0,,10.0,4.0,
130226,,,,,,,,1554.0,,654.0,,,,,,345.0,23.0,29.0,64.0,19.0,,130.0,6.0,137.0,113.0,
130253,,,,,,,,1110.0,,483.0,,,,,,119.0,65.0,49.0,151.0,21.0,,77.0,3.0,93.0,,
130314,,,,,,,,614.0,,204.0,,,,,,35.0,25.0,15.0,35.0,22.0,,42.0,,45.0,4.0,
130396,,,,,,,,377.0,,238.0,,,,,,12.0,10.0,9.0,18.0,,,25.0,,31.0,1.0,1.0
130448,,,,,,,,38.0,,28.0,,,,,,2.0,1.0,0.0,1.0,,,,,4.0,,
130493,,,,,,,,1260.0,,623.0,15.0,,,,,50.0,57.0,32.0,72.0,15.0,,132.0,,131.0,33.0,6.0
130509,,,,,,,,50.0,,30.0,,,,,,6.0,,,,,,,,6.0,1.0,0.0
130581,,,,,,,,36.0,,32.0,0.0,,,,,2.0,1.0,0.0,,,,,,,,
130590,,,,,,,,674.0,,243.0,2.0,,,,,70.0,41.0,40.0,88.0,15.0,,32.0,,64.0,,2.0
130606,,,,,,,,241.0,,150.0,,,,,,5.0,4.0,10.0,9.0,2.0,,11.0,1.0,17.0,,
130624,,,,,,,,521.0,,151.0,,,,,,8.0,23.0,20.0,76.0,44.0,,29.0,15.0,47.0,65.0,3.0
130697,,,,,,,,974.0,,386.0,,,,,,58.0,84.0,81.0,54.0,13.0,,44.0,2.0,119.0,47.0,11.0
130776,,,,,,,,721.0,,352.0,,,,,,39.0,31.0,33.0,35.0,5.0,,91.0,,60.0,33.0,
130794,,,,,,,,14440.0,,3171.0,1965.0,212.0,,,,1720.0,603.0,1443.0,281.0,341.0,,1476.0,,2405.0,248.0,79.0
130837,,,,,,,,14.0,,11.0,,,,,,1.0,,,,,,,,1.0,,
130873,,,,,,,,34.0,,15.0,,,,,,6.0,4.0,,,,,0.0,,1.0,,
130882,,,,,,,,75.0,,,,,,,,20.0,16.0,12.0,3.0,,,,,12.0,,
130907,,,,,,,,1233.0,,628.0,,,,,,63.0,58.0,43.0,57.0,,,99.0,,140.0,29.0,
130934,,,,,,,,818.0,,258.0,22.0,15.0,,,,28.0,39.0,5.0,54.0,2.0,,123.0,,93.0,,10.0
130943,,,,,,,,4591.0,,1195.0,,,,,,578.0,437.0,642.0,392.0,70.0,,322.0,,558.0,170.0,92.0
130989,,,,,,,,111.0,,41.0,,,,,,13.0,5.0,4.0,26.0,,,11.0,,7.0,,
131061,,,,,,,,13.0,,6.0,,,,,,2.0,1.0,,,,,0.0,,1.0,,
131098,,,,,,,,288.0,,158.0,,22.0,,,,22.0,19.0,,12.0,2.0,,,13.0,17.0,,2.0
131113,,,,,,,,1121.0,,730.0,,,,,,91.0,51.0,26.0,15.0,,,29.0,,127.0,,
131159,,,,,,,,2837.0,,1031.0,24.0,,,,,407.0,248.0,194.0,290.0,15.0,,116.0,,303.0,68.0,45.0
131283,,,,,,,,1504.0,,518.0,72.0,,,,,112.0,56.0,90.0,109.0,6.0,,166.0,,196.0,39.0,1.0
131399,,,,,,,,827.0,,347.0,7.0,6.0,,,,92.0,84.0,23.0,25.0,1.0,,22.0,,109.0,19.0,7.0
131405,,,,,,,,34.0,,21.0,,1.0,,,,1.0,3.0,1.0,,,,2.0,0.0,2.0,,
131450,,,,,,,,741.0,,189.0,12.0,,,,,96.0,42.0,42.0,124.0,10.0,,95.0,2.0,58.0,27.0,17.0
131469,,,,,,,,5620.0,,1668.0,91.0,,,,,1100.0,296.0,803.0,176.0,497.0,,106.0,,282.0,272.0,3.0
131496,,,,,,,,5480.0,,1607.0,339.0,,,,,1055.0,459.0,330.0,305.0,284.0,,245.0,,560.0,110.0,68.0
131520,,,,,,,,2612.0,,1053.0,84.0,157.0,,,,281.0,72.0,95.0,161.0,126.0,,63.0,8.0,334.0,15.0,
131803,,,,,,,,35.0,,18.0,,,,,,4.0,,,,,,,5.0,,,
131830,,,,,,,,9.0,,6.0,,,,,,2.0,1.0,,,,,,,,,
131876,,,,,,,,256.0,,129.0,,,,,,32.0,7.0,5.0,12.0,2.0,,7.0,10.0,13.0,,
131973,,,,,,,,67.0,,20.0,4.0,,,,,12.0,2.0,2.0,3.0,,,,,17.0,1.0,
132268,,,,,,,,32.0,,15.0,,,,,,6.0,,,,,,1.0,,10.0,,
132338,,,,,,,,79.0,,38.0,,,,,,10.0,6.0,,3.0,,,,,15.0,,
132374,,,,,,,,377.0,,215.0,,,,,,8.0,3.0,4.0,14.0,,,20.0,5.0,45.0,29.0,
132408,,,,,,,,99.0,,38.0,,,,,,9.0,,2.0,,,,7.0,2.0,30.0,7.0,
132471,,,,,,,,1071.0,,462.0,,,,,,166.0,21.0,39.0,64.0,17.0,,11.0,1.0,208.0,10.0,0.0
132602,,,,,,,,703.0,,247.0,1.0,,,,,62.0,60.0,19.0,90.0,3.0,,93.0,,96.0,,5.0
132657,,,,,,,,611.0,,147.0,,,,,,59.0,31.0,32.0,69.0,5.0,,82.0,3.0,88.0,11.0,11.0
132675,,,,,,,,12.0,,12.0,,,,,,,,,,,,,,,,
132693,,,,,,,,1087.0,,492.0,,,,,,17.0,39.0,41.0,109.0,10.0,,60.0,9.0,129.0,40.0,9.0
132709,,,,,,,,1906.0,,811.0,,,,,,140.0,61.0,119.0,64.0,,,96.0,5.0,267.0,54.0,
132842,,,,,,,,126.0,,44.0,2.0,,,,,17.0,,7.0,,,,21.0,,27.0,3.0,
132851,,,,,,,,527.0,,182.0,,,,,,29.0,31.0,26.0,61.0,,,43.0,3.0,99.0,22.0,1.0
132879,,,,,,,,47.0,,15.0,,,,,,3.0,5.0,1.0,6.0,,,2.0,,5.0,,
132903,,,,,,,,5659.0,,1648.0,338.0,,,,,848.0,272.0,500.0,393.0,90.0,,405.0,7.0,846.0,184.0,10.0
132976,,,,,,,,48.0,,24.0,,,,,,2.0,,,,,,2.0,,10.0,7.0,
133021,,,,,,,,240.0,,90.0,,,,,,19.0,2.0,5.0,17.0,2.0,,32.0,,60.0,,2.0
133155,,,,,,,,67.0,,38.0,,,,,,3.0,2.0,2.0,1.0,,,4.0,1.0,6.0,1.0,
133386,,,,,,,,1094.0,,445.0,,,,,,54.0,42.0,51.0,35.0,,,236.0,,69.0,107.0,11.0
133465,,,,,,,,89.0,,45.0,,,,,,18.0,3.0,,,,,2.0,,19.0,,
133492,,,,,,,,392.0,,163.0,,,,,,45.0,27.0,12.0,28.0,3.0,,18.0,,73.0,11.0,1.0
133508,,,,,,,,764.0,,312.0,,,,,,43.0,50.0,39.0,45.0,26.0,,33.0,,99.0,3.0,
133526,,,,,,,,185.0,,71.0,,5.0,,,,18.0,7.0,2.0,14.0,2.0,,18.0,,16.0,,
133553,,,,,,,,1362.0,,333.0,19.0,,,,,201.0,74.0,118.0,65.0,6.0,,63.0,,131.0,51.0,23.0
133650,,,,,,,,1719.0,,596.0,36.0,32.0,,,,290.0,84.0,78.0,57.0,5.0,,190.0,1.0,210.0,10.0,4.0
133669,,,,,,,,3120.0,,989.0,80.0,,,,,597.0,448.0,156.0,110.0,18.0,,161.0,,309.0,2.0,3.0
133702,,,,,,,,1628.0,,605.0,,,,,,112.0,65.0,63.0,108.0,,,74.0,,328.0,128.0,3.0
133711,,,,,,,,376.0,,162.0,,,,,,26.0,34.0,11.0,38.0,7.0,,22.0,2.0,27.0,24.0,2.0
133809,,,,,,,,99.0,,40.0,,,,,,9.0,7.0,3.0,14.0,,,,4.0,9.0,,
133845,,,,,,,,46.0,,18.0,,,,,,13.0,2.0,,,,,,5.0,5.0,,
133854,,,,,,,,48.0,,17.0,,,,,,16.0,2.0,,,,,1.0,5.0,5.0,,
133863,,,,,,,,43.0,,16.0,,,,,,10.0,2.0,,,,,,6.0,7.0,,
133872,,,,,,,,291.0,,140.0,,,,,,34.0,15.0,15.0,8.0,,,18.0,3.0,47.0,,
133881,,,,,,,,1166.0,,383.0,35.0,10.0,,,,35.0,82.0,77.0,80.0,7.0,,123.0,28.0,172.0,50.0,13.0
133942,,,,,,,,6.0,,3.0,,,,,,1.0,1.0,,,,,,,0.0,,
133951,,,,,,,,5486.0,,1569.0,248.0,,,,,941.0,238.0,507.0,227.0,45.0,,350.0,,881.0,169.0,
133960,,,,,,,,118.0,,48.0,,,,,,11.0,12.0,3.0,3.0,,,,,32.0,4.0,
133979,,,,,,,,190.0,,69.0,,,,,,31.0,4.0,8.0,15.0,2.0,,6.0,,48.0,,3.0
133997,,,,,,,,31.0,,8.0,,,,,,7.0,3.0,,,,,,,13.0,,
134024,,,,,,,,16.0,,8.0,,,,,,1.0,1.0,,0.0,,,1.0,1.0,1.0,1.0,
134079,,,,,,,,574.0,,188.0,,,,,,78.0,19.0,16.0,70.0,9.0,,70.0,1.0,54.0,17.0,3.0
134097,,,,,,,,6632.0,,1611.0,503.0,,,,,312.0,889.0,635.0,497.0,118.0,,627.0,,602.0,220.0,7.0
134112,,,,,,,,228.0,,69.0,,,,,,57.0,24.0,14.0,,,,10.0,39.0,11.0,,
134130,,,,,,,,14406.0,,2777.0,629.0,1571.0,,,,1010.0,765.0,2064.0,432.0,665.0,,1048.0,10.0,1902.0,646.0,44.0
134228,,,,,,,,6.0,,3.0,,,,,,1.0,,2.0,,,,,,,,
134237,,,,,,,,2096.0,,779.0,,,,,,198.0,37.0,69.0,156.0,1.0,,86.0,11.0,736.0,6.0,11.0
134291,,,,,,,,64.0,,26.0,,,,,,5.0,1.0,2.0,,,,7.0,,9.0,,
134307,,,,,,,,62.0,,34.0,,,,,,4.0,1.0,0.0,,,,5.0,,11.0,,
134343,,,,,,,,460.0,,204.0,,,,,,26.0,32.0,29.0,25.0,,,47.0,5.0,81.0,,
134422,,,,,,,,17.0,,6.0,,,,,,1.0,5.0,,,,,,1.0,3.0,,
134495,,,,,,,,1512.0,,667.0,,,,,,66.0,75.0,41.0,102.0,9.0,,66.0,15.0,306.0,38.0,
134510,,,,,,,,33.0,,9.0,,,,,,7.0,2.0,0.0,,,,2.0,0.0,9.0,1.0,
134529,,,,,,,,14.0,,6.0,,,,,,,,,,,,1.0,,5.0,,
134574,,,,,,,,14.0,,5.0,,,,,,2.0,2.0,,,,,,2.0,1.0,,
134608,,,,,,,,1215.0,,510.0,,7.0,,,,33.0,22.0,50.0,89.0,1.0,,93.0,3.0,238.0,47.0,11.0
134680,,,,,,,,5.0,,1.0,,,,,,,1.0,,,,,,,,,
134714,,,,,,,,24.0,,14.0,,,,,,3.0,1.0,,,,,2.0,2.0,1.0,,
134811,,,,,,,,151.0,,65.0,,,,,,16.0,18.0,,6.0,,,,,34.0,,
134945,,,,,,,,666.0,,275.0,,,,,,89.0,42.0,37.0,58.0,10.0,,31.0,,74.0,2.0,1.0
135081,,,,,,,,2830.0,,1319.0,,,,,,213.0,263.0,23.0,61.0,,,21.0,,887.0,,
135142,,,,,,,,18.0,,8.0,,,,,,2.0,1.0,,,,,,1.0,4.0,2.0,
135160,,,,,,,,257.0,,109.0,,,,,,13.0,21.0,6.0,9.0,,,4.0,1.0,83.0,7.0,
135179,,,,,,,,84.0,,28.0,,,,,,4.0,4.0,3.0,,,,8.0,,15.0,,
135188,,,,,,,,304.0,,114.0,,,,,,27.0,47.0,22.0,19.0,,,4.0,,43.0,2.0,2.0
135267,,,,,,,,83.0,,34.0,,,,,,6.0,,3.0,,,,16.0,,20.0,1.0,
135276,,,,,,,,89.0,,44.0,,,,,,3.0,2.0,2.0,,13.0,,3.0,,1.0,1.0,19.0
135294,,,,,,,,130.0,,51.0,,,,,,7.0,4.0,1.0,,,,16.0,,30.0,17.0,
135337,,,,,,,,9.0,,5.0,,,,,,1.0,,,,,,,,2.0,,
135364,,,,,,,,46.0,,22.0,,,,,,3.0,5.0,2.0,1.0,,,,,4.0,1.0,
135391,,,,,,,,585.0,,234.0,,,,,,37.0,68.0,14.0,10.0,,,12.0,,146.0,12.0,
135407,,,,,,,,209.0,,96.0,,,,,,19.0,2.0,1.0,,,,,1.0,37.0,15.0,1.0
135522,,,,,,,,107.0,,49.0,,,,,,3.0,15.0,8.0,5.0,19.0,,3.0,,,,
135559,,,,,,,,7.0,,2.0,,,,,,1.0,1.0,,,,,,,,,
135610,,,,,,,,35.0,,19.0,,,,,,4.0,1.0,,1.0,,,0.0,,5.0,,
135647,,,,,,,,86.0,,35.0,,,,,,5.0,5.0,1.0,,,,22.0,,10.0,,2.0
135717,,,,,,,,4736.0,,1444.0,,,,,,117.0,101.0,185.0,206.0,4.0,,572.0,,1506.0,31.0,6.0
135726,,,,,,,,11484.0,,1626.0,179.0,936.0,,,,994.0,787.0,1883.0,375.0,1337.0,,1121.0,13.0,1756.0,205.0,33.0
135735,,,,,,,,193.0,,106.0,,,,,,6.0,,2.0,,,,8.0,,46.0,,
135771,,,,,,,,42.0,,7.0,,,,,,1.0,16.0,,1.0,,,3.0,,14.0,,
136109,,,,,,,,22.0,,14.0,,,,,,1.0,,,,,,,4.0,3.0,,
136145,,,,,,,,128.0,,42.0,,,,,,13.0,,6.0,11.0,,,2.0,,40.0,7.0,
136172,,,,,,,,1858.0,,607.0,1.0,,,,,339.0,110.0,83.0,73.0,9.0,,178.0,2.0,245.0,71.0,13.0
136215,,,,,,,,4048.0,,1076.0,108.0,,,,,420.0,624.0,321.0,76.0,68.0,,258.0,2.0,664.0,44.0,1.0
136233,,,,,,,,428.0,,132.0,,,,,,15.0,11.0,15.0,50.0,,,44.0,,103.0,18.0,1.0
136303,,,,,,,,102.0,,57.0,,,,,,4.0,7.0,,,,,7.0,,14.0,,
136330,,,,,,,,497.0,,225.0,,,,,,52.0,3.0,15.0,37.0,3.0,,24.0,,83.0,,
136358,,,,,,,,1635.0,,605.0,,,,,,37.0,28.0,69.0,184.0,5.0,,75.0,0.0,260.0,47.0,4.0
136400,,,,,,,,593.0,,256.0,,,,,,23.0,19.0,43.0,69.0,,,3.0,18.0,107.0,32.0,
136473,,,,,,,,693.0,,291.0,,,,,,48.0,23.0,59.0,86.0,,,21.0,,125.0,15.0,2.0
136491,,,,,,,,101.0,,61.0,,,,,,5.0,1.0,1.0,4.0,,,8.0,,15.0,2.0,
136516,,,,,,,,661.0,,238.0,,,,,,31.0,36.0,26.0,26.0,,,,,132.0,19.0,1.0
136659,,,,,,,,38.0,,14.0,,,,,,2.0,,1.0,6.0,,,,,6.0,,
136701,,,,,,,,50.0,,16.0,,1.0,,,,11.0,2.0,1.0,,,,12.0,,4.0,3.0,
136765,,,,,,,,64.0,,41.0,,,,,,3.0,1.0,1.0,1.0,2.0,,,,9.0,,
136774,,,,,,,,345.0,,130.0,,,,,,55.0,16.0,20.0,20.0,,,23.0,1.0,45.0,4.0,
136783,,,,,,,,8.0,,4.0,,,,,,1.0,1.0,,,,,,1.0,1.0,,
136826,,,,,,,,98.0,,36.0,,,,,,4.0,5.0,1.0,,,,,,15.0,29.0,
136950,,,,,,,,735.0,,232.0,,,,,,66.0,50.0,34.0,102.0,7.0,,71.0,1.0,95.0,29.0,3.0
137023,,,,,,,,91.0,,38.0,,,,,,5.0,2.0,5.0,7.0,,,12.0,,13.0,2.0,
137032,,,,,,,,1290.0,,464.0,,,,,,217.0,45.0,59.0,48.0,,,102.0,83.0,139.0,21.0,4.0
137078,,,,,,,,1890.0,,751.0,,,,,,105.0,46.0,122.0,76.0,4.0,,148.0,10.0,402.0,65.0,22.0
137087,,,,,,,,127.0,,80.0,,,,,,4.0,3.0,,3.0,,,,,20.0,13.0,
137096,,,,,,,,905.0,,401.0,,,,,,66.0,45.0,43.0,43.0,6.0,,71.0,,186.0,15.0,
137120,,,,,,,,306.0,,158.0,,,,,,11.0,5.0,4.0,7.0,23.0,,31.0,,25.0,4.0,1.0
137148,,,,,,,,33.0,,14.0,,,,,,5.0,2.0,,4.0,,,,,8.0,,
137209,,,,,,,,1011.0,,404.0,,,,,,30.0,75.0,57.0,57.0,1.0,,82.0,,122.0,8.0,3.0
137245,,,,,,,,283.0,,119.0,,,,,,7.0,2.0,3.0,8.0,,,31.0,5.0,12.0,30.0,5.0
137272,,,,,,,,40.0,,12.0,1.0,,,,,1.0,1.0,1.0,,,,15.0,,,3.0,
137281,,,,,,,,478.0,,234.0,,,,,,30.0,9.0,21.0,21.0,,,27.0,,107.0,3.0,1.0
137315,,,,,,,,324.0,,92.0,,,,,,18.0,17.0,10.0,23.0,,,30.0,,75.0,12.0,
137351,,,,,,,,7613.0,,1988.0,371.0,,,,,381.0,831.0,635.0,544.0,905.0,,345.0,5.0,827.0,187.0,71.0
137476,,,,,,,,525.0,,229.0,,,,,,39.0,32.0,10.0,41.0,3.0,,38.0,,47.0,,
137546,,,,,,,,909.0,,312.0,,,,,,84.0,63.0,36.0,104.0,11.0,,122.0,5.0,93.0,8.0,3.0
137564,,,,,,,,672.0,,289.0,,,,,,51.0,20.0,9.0,72.0,6.0,,58.0,1.0,108.0,14.0,1.0
137591,,,,,,,,53.0,,30.0,,,,,,7.0,2.0,3.0,,,,1.0,,10.0,,
137713,,,,,,,,43.0,,22.0,,,,,,1.0,1.0,,,,,2.0,6.0,1.0,,
137759,,,,,,,,987.0,,357.0,,,,,,30.0,68.0,52.0,76.0,1.0,,84.0,4.0,201.0,23.0,
137777,,,,,,,,24.0,,10.0,1.0,,,,,2.0,2.0,,,,,5.0,,2.0,,
137801,,,,,,,,34.0,,9.0,,,,,,9.0,,,,,,,,14.0,,
137847,,,,,,,,885.0,,508.0,,,,,,58.0,39.0,5.0,97.0,6.0,,40.0,,80.0,1.0,
137856,,,,,,,,18.0,,7.0,,,,,,1.0,2.0,,,,,1.0,,4.0,,
137865,,,,,,,,51.0,,27.0,,,,,,3.0,2.0,,1.0,,,5.0,,1.0,1.0,
137953,,,,,,,,51.0,,21.0,,,,,,8.0,2.0,,8.0,,,,2.0,6.0,,
137962,,,,,,,,40.0,,15.0,,1.0,,,,7.0,1.0,1.0,1.0,,,,,5.0,3.0,
138132,,,,,,,,7.0,,5.0,,,,,,1.0,,,,,,,,1.0,,
138187,,,,,,,,2611.0,,1042.0,,,,,,71.0,419.0,94.0,120.0,,,193.0,30.0,319.0,38.0,2.0
138275,,,,,,,,181.0,,70.0,,,,,,18.0,1.0,2.0,22.0,6.0,,17.0,2.0,21.0,3.0,
138284,,,,,,,,61.0,,42.0,,,,,,,1.0,,,,,,,12.0,,
138293,,,,,,,,106.0,,20.0,,,,,,12.0,6.0,1.0,28.0,5.0,,19.0,,13.0,,
138309,,,,,,,,598.0,,432.0,,,,,,39.0,3.0,,,,,,,6.0,,
138354,,,,,,,,1518.0,,429.0,24.0,,,,,277.0,251.0,115.0,36.0,13.0,,80.0,,191.0,39.0,8.0
138372,,,,,,,,135.0,,85.0,,,,,,4.0,4.0,2.0,,,,7.0,,7.0,,
138479,,,,,,,,170.0,,81.0,,,,,,6.0,3.0,3.0,5.0,,,10.0,6.0,17.0,12.0,
138488,,,,,,,,117.0,,73.0,,,,,,4.0,,,,,,6.0,,22.0,,
138497,,,,,,,,67.0,,32.0,,,,,,3.0,5.0,2.0,1.0,,,,2.0,15.0,6.0,
138558,,,,,,,,327.0,,130.0,,1.0,,,,43.0,8.0,14.0,10.0,2.0,,16.0,2.0,62.0,14.0,
138600,,,,,,,,351.0,,95.0,,,,,,26.0,30.0,19.0,26.0,4.0,,36.0,,43.0,10.0,9.0
138655,,,,,,,,53.0,,14.0,,,,,,9.0,4.0,,,,,,4.0,8.0,6.0,
138664,,,,,,,,9.0,,2.0,,,,,,1.0,1.0,,,,,,2.0,2.0,,
138682,,,,,,,,290.0,,148.0,,,,,,19.0,22.0,10.0,8.0,,,20.0,,35.0,7.0,
138716,,,,,,,,729.0,,320.0,,1.0,,,,63.0,15.0,31.0,41.0,3.0,,77.0,,121.0,12.0,
138761,,,,,,,,78.0,,36.0,,,,,,5.0,4.0,1.0,14.0,2.0,,2.0,,12.0,,
138789,,,,,,,,659.0,,352.0,,,,,,73.0,4.0,18.0,10.0,1.0,,27.0,,112.0,16.0,
138813,,,,,,,,129.0,,60.0,,,,,,17.0,12.0,,3.0,,,,,28.0,,
138822,,,,,,,,57.0,,31.0,,,,,,5.0,2.0,1.0,,,,3.0,1.0,8.0,2.0,2.0
138840,,,,,,,,324.0,,168.0,,,,,,13.0,23.0,8.0,8.0,,,21.0,,61.0,,
138868,,,,,,,,243.0,,123.0,,,,,,43.0,4.0,8.0,33.0,,,,,3.0,,
138901,,,,,,,,251.0,,95.0,,,,,,38.0,5.0,9.0,6.0,,,27.0,,43.0,3.0,
138929,,,,,,,,72.0,,27.0,,,,,,10.0,2.0,2.0,,,,2.0,,8.0,,
138938,,,,,,,,34.0,,18.0,,,,,,3.0,2.0,,,,,2.0,2.0,7.0,,
138947,,,,,,,,567.0,,213.0,18.0,,,,,33.0,38.0,29.0,45.0,1.0,,47.0,,132.0,,
138956,,,,,,,,341.0,,174.0,,,,,,37.0,10.0,7.0,,,,36.0,,58.0,6.0,
139010,,,,,,,,151.0,,70.0,,,,,,17.0,1.0,7.0,4.0,1.0,,20.0,,15.0,2.0,
139144,,,,,,,,542.0,,179.0,,,,,,70.0,17.0,15.0,56.0,,,86.0,,80.0,19.0,12.0
139153,,,,,,,,90.0,,40.0,,,,,,10.0,3.0,,,,,2.0,,31.0,,
139199,,,,,,,,381.0,,179.0,,,,,,41.0,3.0,7.0,14.0,1.0,,26.0,7.0,56.0,,1.0
139205,,,,,,,,84.0,,33.0,,,,,,9.0,2.0,1.0,14.0,,,7.0,,12.0,1.0,
139214,,,,,,,,22.0,,10.0,,,,,,4.0,,1.0,,,,,,6.0,,
139250,,,,,,,,317.0,,137.0,,,,,,31.0,7.0,11.0,14.0,,,36.0,,42.0,5.0,
139278,,,,,,,,564.0,,284.0,,9.0,,,,29.0,29.0,11.0,26.0,,,38.0,,100.0,,1.0
139287,,,,,,,,16.0,,7.0,,,,,,1.0,1.0,,2.0,,,1.0,1.0,3.0,,
139311,,,,,,,,687.0,,251.0,,1.0,,,,116.0,24.0,28.0,28.0,6.0,,61.0,1.0,87.0,8.0,
139348,,,,,,,,73.0,,22.0,,,,,,11.0,5.0,3.0,2.0,,,1.0,4.0,10.0,,
139357,,,,,,,,272.0,,125.0,,,,,,19.0,21.0,8.0,12.0,,,24.0,,39.0,,
139366,,,,,,,,987.0,,393.0,,,,,,117.0,15.0,34.0,50.0,5.0,,107.0,,148.0,40.0,
139384,,,,,,,,367.0,,176.0,,,,,,33.0,14.0,11.0,3.0,,,24.0,,86.0,,
139393,,,,,,,,219.0,,76.0,,,,,,24.0,11.0,4.0,31.0,2.0,,24.0,2.0,19.0,13.0,
139463,,,,,,,,349.0,,177.0,,,,,,38.0,5.0,12.0,9.0,0.0,,27.0,1.0,46.0,7.0,
139506,,,,,,,,19.0,,11.0,,,,,,2.0,1.0,,,,,0.0,1.0,2.0,,
139579,,,,,,,,145.0,,70.0,,,,,,37.0,5.0,,1.0,,,4.0,,22.0,,
139621,,,,,,,,242.0,,93.0,,,,,,46.0,4.0,3.0,8.0,,,28.0,,40.0,6.0,
139630,,,,,,,,162.0,,60.0,,,,,,5.0,12.0,2.0,40.0,4.0,,9.0,,25.0,3.0,
139658,,,,,,,,11299.0,,2462.0,965.0,863.0,,,,755.0,617.0,1829.0,436.0,467.0,,684.0,4.0,904.0,178.0,19.0
139700,,,,,,,,403.0,,183.0,,1.0,,,,49.0,12.0,21.0,16.0,1.0,,14.0,,63.0,3.0,
139719,,,,,,,,575.0,,107.0,4.0,,,,,74.0,15.0,34.0,18.0,1.0,,92.0,,65.0,19.0,
139746,,,,,,,,13.0,,8.0,,,,,,1.0,1.0,,,,,,,2.0,,
139755,,,,,,,,7352.0,,1063.0,175.0,9.0,,,,965.0,437.0,2389.0,226.0,38.0,,598.0,,716.0,321.0,
139764,,,,,,,,317.0,,130.0,,,,,,44.0,5.0,11.0,14.0,2.0,,17.0,2.0,44.0,16.0,
139861,,,,,,,,999.0,,352.0,,,,,,161.0,30.0,33.0,37.0,5.0,,108.0,4.0,136.0,51.0,
139931,,,,,,,,2718.0,,844.0,24.0,1.0,,,,295.0,96.0,110.0,90.0,30.0,,517.0,,405.0,143.0,
139940,,,,,,,,5203.0,,1472.0,68.0,23.0,,,,559.0,231.0,305.0,108.0,28.0,,692.0,5.0,857.0,275.0,
139959,,,,,,,,10389.0,,2122.0,141.0,586.0,,,,982.0,430.0,1364.0,634.0,145.0,,1517.0,21.0,1361.0,575.0,
139968,,,,,,,,333.0,,147.0,,,,,,33.0,5.0,4.0,7.0,3.0,,48.0,1.0,47.0,10.0,
139986,,,,,,,,355.0,,153.0,,6.0,,,,41.0,51.0,9.0,3.0,,,35.0,,22.0,,
139995,,,,,,,,10.0,,7.0,,,,,,,,,,,,,,3.0,,
140003,,,,,,,,25.0,,13.0,,,,,,2.0,2.0,,,,,,3.0,2.0,,
140012,,,,,,,,631.0,,234.0,1.0,19.0,,,,60.0,17.0,11.0,20.0,,,43.0,,124.0,6.0,
140146,,,,,,,,56.0,,15.0,,,,,,7.0,9.0,3.0,2.0,,,7.0,,8.0,,1.0
140234,,,,,,,,208.0,,87.0,,,,,,18.0,13.0,6.0,33.0,4.0,,,,28.0,,
140243,,,,,,,,325.0,,166.0,,7.0,,,,17.0,21.0,8.0,4.0,,,20.0,,51.0,,
140252,,,,,,,,464.0,,148.0,1.0,,,,,92.0,23.0,16.0,18.0,14.0,,12.0,1.0,50.0,8.0,3.0
140331,,,,,,,,603.0,,277.0,,,,,,19.0,32.0,24.0,20.0,,,61.0,,49.0,,
140340,,,,,,,,48.0,,27.0,,,,,,2.0,,1.0,,,,,,3.0,,
140447,,,,,,,,1617.0,,518.0,36.0,39.0,,,,155.0,51.0,207.0,147.0,31.0,,76.0,,244.0,,
140553,,,,,,,,467.0,,185.0,1.0,13.0,,,,82.0,24.0,6.0,25.0,12.0,,20.0,,41.0,22.0,2.0
140562,,,,,,,,1041.0,,236.0,55.0,29.0,,,,143.0,48.0,68.0,18.0,34.0,,53.0,,167.0,,
140678,,,,,,,,250.0,,111.0,,2.0,,,,9.0,24.0,5.0,5.0,,,22.0,4.0,33.0,8.0,
140696,,,,,,,,182.0,,80.0,1.0,,,,,19.0,11.0,5.0,44.0,1.0,,,,7.0,,
140720,,,,,,,,121.0,,35.0,2.0,,,,,13.0,7.0,3.0,10.0,,,21.0,,9.0,,
140818,,,,,,,,352.0,,182.0,,,,,,19.0,10.0,6.0,26.0,5.0,,27.0,16.0,26.0,17.0,
140827,,,,,,,,14.0,,6.0,,,,,,1.0,,,1.0,,,1.0,,2.0,,
140872,,,,,,,,258.0,,109.0,,,,,,20.0,19.0,4.0,41.0,5.0,,24.0,,22.0,6.0,
140942,,,,,,,,356.0,,177.0,,37.0,,,,12.0,8.0,10.0,3.0,,,19.0,7.0,27.0,6.0,
140951,,,,,,,,1573.0,,576.0,,,,,,114.0,48.0,72.0,120.0,,,90.0,6.0,142.0,16.0,28.0
140960,,,,,,,,660.0,,228.0,1.0,,,,,73.0,20.0,17.0,30.0,7.0,,98.0,,92.0,27.0,
140988,,,,,,,,272.0,,108.0,,,,,,29.0,17.0,6.0,37.0,2.0,,43.0,,23.0,2.0,0.0
141006,,,,,,,,183.0,,86.0,,,,,,14.0,18.0,4.0,12.0,,,20.0,,26.0,,
141015,,,,,,,,60.0,,45.0,,,,,,4.0,1.0,,,,,3.0,2.0,5.0,,
141060,,,,,,,,577.0,,196.0,,,,,,61.0,40.0,35.0,9.0,4.0,,65.0,,128.0,12.0,3.0
141167,,,,,,,,168.0,,79.0,,,,,,4.0,10.0,2.0,25.0,2.0,,3.0,,17.0,,2.0
141185,,,,,,,,148.0,,68.0,1.0,,,,,20.0,4.0,3.0,9.0,1.0,,10.0,,15.0,8.0,
141237,,,,,,,,171.0,,73.0,,,,,,11.0,1.0,4.0,14.0,,,16.0,3.0,37.0,4.0,
141255,,,,,,,,356.0,,187.0,,,,,,16.0,16.0,7.0,3.0,,,29.0,,70.0,,
141264,,,,,,,,1186.0,,471.0,,0.0,,,,147.0,17.0,53.0,39.0,12.0,,144.0,,158.0,47.0,
141325,,,,,,,,172.0,,68.0,0.0,0.0,,,,16.0,9.0,4.0,12.0,3.0,,13.0,3.0,17.0,4.0,
141334,,,,,,,,1703.0,,559.0,1.0,,,,,202.0,54.0,59.0,84.0,14.0,,295.0,1.0,213.0,51.0,
141361,,,,,,,,204.0,,94.0,,,,,,34.0,2.0,7.0,22.0,3.0,,5.0,,13.0,,
141486,,,,,,,,321.0,,117.0,5.0,1.0,,,,41.0,6.0,17.0,29.0,2.0,,27.0,2.0,43.0,,
141565,,,,,,,,567.0,,245.0,,,,,,27.0,35.0,16.0,65.0,4.0,,48.0,2.0,60.0,8.0,
141574,,,,,,,,4206.0,,1362.0,207.0,37.0,,,,159.0,421.0,310.0,359.0,47.0,,343.0,26.0,233.0,96.0,11.0
141608,,,,,,,,9.0,,4.0,,,,,,1.0,0.0,,,,,,1.0,2.0,0.0,
141644,,,,,,,,531.0,,213.0,16.0,,,,,66.0,24.0,33.0,26.0,2.0,,20.0,,31.0,1.0,1.0
141680,,,,,,,,331.0,,126.0,,,,,,15.0,12.0,16.0,30.0,1.0,,27.0,2.0,29.0,2.0,1.0
141796,,,,,,,,465.0,,237.0,,,,,,16.0,15.0,14.0,48.0,,,32.0,,38.0,4.0,1.0
141802,,,,,,,,167.0,,70.0,,,,,,10.0,4.0,3.0,18.0,,,15.0,1.0,20.0,4.0,4.0
141811,,,,,,,,384.0,,199.0,,,,,,12.0,11.0,6.0,42.0,,,25.0,2.0,37.0,4.0,5.0
141839,,,,,,,,290.0,,123.0,,,,,,12.0,18.0,7.0,40.0,,,19.0,,25.0,3.0,6.0
141848,,,,,,,,6.0,,2.0,,,,,,,,,,,,,,,1.0,
141936,,,,,,,,6.0,,4.0,,,,,,1.0,,,,1.0,,,,0.0,,
141945,,,,,,,,11.0,,4.0,,,,,,4.0,0.0,,,,,,,,,
141963,,,,,,,,512.0,,,,,,,,82.0,169.0,151.0,34.0,1.0,,2.0,1.0,44.0,,
141981,,,,,,,,279.0,,119.0,,,,,,10.0,27.0,9.0,61.0,1.0,,10.0,,7.0,5.0,4.0
141990,,,,,,,,181.0,,74.0,,,,,,10.0,10.0,5.0,21.0,,,21.0,2.0,14.0,2.0,2.0
142054,,,,,,,,43.0,,25.0,,,,,,6.0,,1.0,,,,,,2.0,,
142090,,,,,,,,25.0,,9.0,,,,,,5.0,1.0,,,,,1.0,2.0,2.0,,
142115,,,,,,,,2713.0,,1013.0,32.0,,,,,97.0,297.0,250.0,192.0,26.0,,162.0,2.0,274.0,61.0,7.0
142179,,,,,,,,258.0,,161.0,,,,,,17.0,6.0,11.0,4.0,,,8.0,,31.0,3.0,
142276,,,,,,,,1741.0,,635.0,7.0,,,,,244.0,131.0,122.0,84.0,43.0,,135.0,,234.0,51.0,7.0
142285,,,,,,,,2493.0,,644.0,53.0,121.0,,,,177.0,172.0,345.0,260.0,23.0,,113.0,8.0,285.0,90.0,36.0
142294,,,,,,,,276.0,,100.0,,,,,,27.0,14.0,9.0,45.0,6.0,,34.0,1.0,27.0,4.0,
142328,,,,,,,,467.0,,211.0,,,,,,15.0,19.0,19.0,37.0,2.0,,27.0,,76.0,11.0,1.0
142407,,,,,,,,9.0,,3.0,,,,,,1.0,1.0,,,,,,2.0,1.0,,
142416,,,,,,,,3.0,,2.0,,,,,,1.0,,,,,,,,,,
142443,,,,,,,,691.0,,231.0,,,,,,35.0,40.0,30.0,79.0,5.0,,62.0,0.0,65.0,17.0,1.0
142461,,,,,,,,308.0,,133.0,,,,,,28.0,15.0,20.0,30.0,1.0,,11.0,,59.0,,
142489,,,,,,,,7.0,,4.0,,,,,,1.0,1.0,,,,,,,1.0,,
142522,,,,,,,,1871.0,,1057.0,,,,,,114.0,86.0,78.0,84.0,13.0,,102.0,6.0,176.0,53.0,15.0
142559,,,,,,,,693.0,,261.0,,,,,,75.0,29.0,26.0,56.0,4.0,,61.0,3.0,55.0,15.0,4.0
142832,,,,,,,,155.0,,57.0,,,,,,45.0,7.0,15.0,10.0,,,1.0,,7.0,1.0,
142887,,,,,,,,61.0,,23.0,,,,,,8.0,,,,,,,9.0,20.0,,
142957,,,,,,,,13.0,,3.0,,,,,,7.0,,,,,,1.0,,,,
143048,,,,,,,,818.0,,391.0,,,,,,72.0,87.0,40.0,59.0,5.0,,13.0,1.0,88.0,1.0,
143084,,,,,,,,585.0,,217.0,,,,,,88.0,4.0,16.0,61.0,4.0,,92.0,,68.0,16.0,2.0
143118,,,,,,,,538.0,,247.0,,,,,,34.0,29.0,18.0,79.0,4.0,,28.0,3.0,47.0,,0.0
143181,,,,,,,,8.0,,6.0,,,,,,,,,,,,,,1.0,,
143215,,,,,,,,635.0,,298.0,,,,,,16.0,49.0,38.0,104.0,14.0,,72.0,,33.0,,
143233,,,,,,,,27.0,,9.0,,,,,,6.0,,2.0,3.0,,,0.0,,7.0,0.0,
143279,,,,,,,,352.0,,138.0,,,,,,8.0,31.0,28.0,61.0,0.0,,48.0,5.0,26.0,,
143288,,,,,,,,115.0,,47.0,,,,,,24.0,4.0,4.0,10.0,1.0,,1.0,6.0,10.0,4.0,1.0
143297,,,,,,,,52.0,,30.0,,,,,,4.0,,2.0,1.0,,,,,5.0,,
143303,,,,,,,,4.0,,4.0,,,,,,,,,,,,,,,,
143358,,,,,,,,1075.0,,437.0,,16.0,,,,49.0,22.0,38.0,67.0,,,114.0,,177.0,28.0,
143376,,,,,,,,26.0,,13.0,,,,,,3.0,1.0,,,,,,2.0,5.0,1.0,
143464,,,,,,,,9.0,,6.0,,,,,,2.0,,,,,,,0.0,,,
143473,,,,,,,,5.0,,3.0,,,,,,0.0,,,,,,0.0,,1.0,,
143482,,,,,,,,3.0,,2.0,,,,,,1.0,,,,,,0.0,,0.0,,
143491,,,,,,,,4.0,,2.0,,,,,,1.0,,,,,,0.0,,1.0,,
143516,,,,,,,,2.0,,1.0,,,,,,1.0,,,,,,0.0,,,,
143543,,,,,,,,8.0,,4.0,,,,,,1.0,,,,,,,,1.0,,
143552,,,,,,,,9.0,,5.0,,,,,,1.0,1.0,,,,,,1.0,1.0,,
143613,,,,,,,,219.0,,81.0,,,,,,22.0,13.0,9.0,26.0,1.0,,28.0,,21.0,,
143659,,,,,,,,78.0,,28.0,,,,,,16.0,4.0,2.0,14.0,,,,,,8.0,
143695,,,,,,,,2.0,,1.0,,,,,,1.0,,,,,,,,,,
143853,,,,,,,,684.0,,268.0,33.0,,,,,68.0,28.0,28.0,23.0,12.0,,88.0,,118.0,,
143978,,,,,,,,263.0,,109.0,,,,,,55.0,3.0,,1.0,,,,31.0,21.0,,
144005,,,,,,,,623.0,,214.0,,,,,,64.0,48.0,16.0,44.0,18.0,,69.0,,40.0,31.0,14.0
144014,,,,,,,,37.0,,11.0,,,,,,5.0,2.0,2.0,,,,0.0,,7.0,,
144050,,,,,,,,10224.0,,2369.0,1323.0,,,,,1352.0,770.0,1072.0,615.0,484.0,,271.0,20.0,768.0,176.0,66.0
144157,,,,,,,,352.0,,106.0,,,,,,11.0,25.0,9.0,42.0,,,74.0,5.0,30.0,,
144166,,,,,,,,444.0,,186.0,,,,,,22.0,24.0,9.0,33.0,12.0,,58.0,,23.0,,
144175,,,,,,,,249.0,,75.0,,,,,,9.0,19.0,9.0,20.0,,,49.0,,32.0,,
144184,,,,,,,,407.0,,142.0,,,,,,13.0,20.0,12.0,26.0,,,52.0,,34.0,,
144193,,,,,,,,312.0,,121.0,,,,,,9.0,23.0,7.0,20.0,1.0,,60.0,,26.0,,
144209,,,,,,,,424.0,,220.0,,,,,,7.0,25.0,11.0,23.0,1.0,,32.0,,34.0,,
144218,,,,,,,,429.0,,196.0,,,,,,15.0,28.0,11.0,24.0,1.0,,53.0,,39.0,,
144281,,,,,,,,1133.0,,508.0,,,,,,115.0,78.0,54.0,133.0,0.0,,12.0,3.0,88.0,7.0,0.0
144351,,,,,,,,647.0,,399.0,3.0,,,,,35.0,14.0,9.0,27.0,,,28.0,,113.0,,
144485,,,,,,,,44.0,,18.0,,,,,,4.0,5.0,,,,,1.0,6.0,2.0,,
144500,,,,,,,,249.0,,,,,,,,16.0,67.0,69.0,40.0,1.0,,24.0,2.0,11.0,,
144564,,,,,,,,214.0,,81.0,,,,,,11.0,26.0,8.0,41.0,,,19.0,7.0,17.0,,
144573,,,,,,,,8.0,,3.0,,,,,,1.0,1.0,,,,,,,1.0,,
144740,,,,,,,,2865.0,,1230.0,,,,,,264.0,221.0,204.0,209.0,2.0,,101.0,,328.0,29.0,7.0
144777,,,,,,,,223.0,,,,,,,,85.0,87.0,10.0,,,,,,6.0,,
144795,,,,,,,,25.0,,13.0,,,,,,4.0,2.0,,,,,1.0,2.0,1.0,,
144865,,,,,,,,1385.0,,650.0,,,,,,25.0,64.0,57.0,128.0,2.0,,102.0,48.0,178.0,,
144883,,,,,,,,53.0,,19.0,,,,,,6.0,3.0,3.0,,,,,,3.0,,3.0
144892,,,,,,,,1109.0,,420.0,,,,,,30.0,72.0,48.0,127.0,17.0,,159.0,3.0,142.0,53.0,3.0
144944,,,,,,,,646.0,,253.0,,,,,,114.0,12.0,34.0,48.0,4.0,,59.0,1.0,86.0,13.0,0.0
144962,,,,,,,,496.0,,228.0,,,,,,33.0,12.0,7.0,48.0,3.0,,52.0,,84.0,13.0,2.0
144971,,,,,,,,113.0,,44.0,,,,,,12.0,6.0,4.0,16.0,1.0,,3.0,1.0,7.0,3.0,
145099,,,,,,,,25.0,,10.0,,,,,,5.0,1.0,1.0,,1.0,,,1.0,1.0,,
145239,,,,,,,,64.0,,42.0,,,,,,5.0,3.0,,,,,,5.0,7.0,,
145275,,,,,,,,72.0,,25.0,,,,,,17.0,4.0,1.0,5.0,,,3.0,,13.0,,
145309,,,,,,,,8.0,,4.0,,,,,,,2.0,,,,,,,1.0,,
145336,,,,,,,,754.0,,348.0,,,,,,104.0,40.0,19.0,48.0,1.0,,38.0,2.0,82.0,4.0,17.0
145354,,,,,,,,15.0,,8.0,,,,,,1.0,,,,,,,,4.0,,
145372,,,,,,,,211.0,,93.0,,,,,,19.0,4.0,3.0,30.0,,,4.0,,40.0,6.0,
145406,,,,,,,,26.0,,12.0,,,,,,4.0,2.0,,,,,,,7.0,1.0,
145424,,,,,,,,5.0,,2.0,,,,,,2.0,,,,,,,,1.0,,
145433,,,,,,,,6.0,,3.0,,,,,,3.0,,,,,,,,1.0,,
145460,,,,,,,,9.0,,7.0,,,,,,1.0,,,,,,,,,,
145497,,,,,,,,52.0,,16.0,,,,,,9.0,1.0,0.0,,,,11.0,,11.0,,
145521,,,,,,,,179.0,,72.0,,5.0,,,,21.0,1.0,6.0,16.0,,,17.0,2.0,25.0,3.0,1.0
145558,,,,,,,,702.0,,219.0,12.0,,,,,95.0,12.0,100.0,19.0,99.0,,19.0,0.0,98.0,5.0,7.0
145600,,,,,,,,11350.0,,2330.0,320.0,,,,,1202.0,744.0,973.0,288.0,2764.0,,620.0,,1531.0,238.0,195.0
145619,,,,,,,,683.0,,309.0,,,,,,69.0,66.0,21.0,64.0,1.0,,31.0,,74.0,,
145628,,,,,,,,212.0,,60.0,1.0,,,,,17.0,11.0,11.0,7.0,10.0,,43.0,,41.0,,3.0
145637,,,,,,,,10762.0,,2389.0,252.0,,,,,1340.0,873.0,1368.0,458.0,229.0,,1044.0,,1255.0,522.0,214.0
145646,,,,,,,,471.0,,159.0,,,,,,33.0,16.0,12.0,54.0,2.0,,76.0,1.0,54.0,20.0,2.0
145682,,,,,,,,656.0,,288.0,,,,,,24.0,43.0,40.0,58.0,3.0,,86.0,30.0,52.0,,
145691,,,,,,,,241.0,,80.0,,,,,,23.0,7.0,9.0,34.0,4.0,,27.0,1.0,19.0,2.0,
145707,,,,,,,,102.0,,54.0,,,,,,4.0,2.0,2.0,19.0,,,8.0,3.0,9.0,1.0,
145725,,,,,,,,1212.0,,413.0,,,,,,193.0,118.0,72.0,4.0,4.0,,65.0,,148.0,,
145770,,,,,,,,62.0,,29.0,,,,,,17.0,1.0,,3.0,,,,,11.0,,
145813,,,,,,,,3163.0,,967.0,,,,,,347.0,67.0,205.0,130.0,41.0,,427.0,,321.0,109.0,33.0
145831,,,,,,,,238.0,,121.0,,,,,,11.0,19.0,8.0,30.0,1.0,,15.0,0.0,20.0,,
145886,,,,,,,,25.0,,19.0,,,,,,2.0,1.0,,,,,,,0.0,,
146205,,,,,,,,345.0,,121.0,,,,,,15.0,8.0,12.0,63.0,,,39.0,,76.0,,
146241,,,,,,,,247.0,,124.0,,,,,,12.0,14.0,10.0,12.0,,,28.0,,22.0,,
146278,,,,,,,,213.0,,90.0,,,,,,17.0,16.0,15.0,28.0,,,17.0,1.0,27.0,,
146296,,,,,,,,829.0,,370.0,,,,,,13.0,32.0,48.0,107.0,,,98.0,35.0,113.0,,
146339,,,,,,,,214.0,,107.0,1.0,,,,,13.0,7.0,6.0,16.0,3.0,,5.0,11.0,29.0,,0.0
146348,,,,,,,,306.0,,125.0,,,,,,31.0,13.0,14.0,39.0,,,26.0,1.0,36.0,,
146366,,,,,,,,205.0,,92.0,,,,,,20.0,18.0,12.0,17.0,,,15.0,9.0,9.0,,1.0
146393,,,,,,,,197.0,,92.0,,,,,,39.0,10.0,6.0,1.0,,,8.0,16.0,10.0,,
146418,,,,,,,,265.0,,108.0,,,,,,10.0,8.0,13.0,47.0,,,29.0,6.0,30.0,,
146427,,,,,,,,378.0,,131.0,,,,,,37.0,10.0,16.0,34.0,,,83.0,,25.0,,
146454,,,,,,,,4.0,,3.0,,,,,,1.0,,,,,,,,,,
146472,,,,,,,,906.0,,408.0,,,,,,48.0,52.0,45.0,94.0,0.0,,100.0,24.0,79.0,,
146481,,,,,,,,339.0,,125.0,2.0,,,,,44.0,19.0,11.0,36.0,6.0,,26.0,,26.0,8.0,2.0
146490,,,,,,,,102.0,,50.0,,,,,,13.0,26.0,3.0,,,,,4.0,6.0,,
146506,,,,,,,,345.0,,142.0,,,,,,27.0,20.0,16.0,36.0,1.0,,34.0,5.0,36.0,1.0,
146533,,,,,,,,34.0,,21.0,,,,,,2.0,1.0,0.0,,,,,,3.0,,
146603,,,,,,,,430.0,,176.0,,,,,,66.0,26.0,27.0,64.0,5.0,,35.0,,27.0,,
146612,,,,,,,,737.0,,352.0,,,,,,91.0,28.0,31.0,76.0,4.0,,31.0,,64.0,31.0,
146667,,,,,,,,108.0,,42.0,,,,,,12.0,7.0,1.0,2.0,,,14.0,6.0,12.0,,
146676,,,,,,,,217.0,,59.0,,,,,,29.0,8.0,4.0,13.0,1.0,,50.0,,17.0,10.0,
146685,,,,,,,,454.0,,182.0,,,,,,58.0,18.0,20.0,19.0,,,38.0,,67.0,7.0,
146700,,,,,,,,62.0,,31.0,,,,,,17.0,,1.0,,,,2.0,,9.0,,
146719,,,,,,,,2734.0,,1174.0,63.0,,,,,349.0,106.0,210.0,145.0,70.0,,256.0,,258.0,49.0,
146728,,,,,,,,62.0,,16.0,,,,,,13.0,1.0,3.0,3.0,,,1.0,5.0,10.0,3.0,
146755,,,,,,,,29.0,,18.0,,,,,,3.0,3.0,1.0,,,,,,3.0,,
146807,,,,,,,,9.0,,3.0,,,,,,3.0,,,,,,,,3.0,,
146816,,,,,,,,28.0,,16.0,,,,,,5.0,,,,,,,,3.0,,
146825,,,,,,,,124.0,,44.0,,,,,,18.0,3.0,5.0,26.0,3.0,,1.0,,14.0,,
146977,,,,,,,,59.0,,31.0,,,,,,11.0,,1.0,0.0,,,1.0,,12.0,,
147004,,,,,,,,381.0,,142.0,,,,,,58.0,13.0,24.0,12.0,0.0,,16.0,2.0,60.0,5.0,1.0
147013,,,,,,,,335.0,,152.0,,,,,,22.0,16.0,9.0,80.0,5.0,,21.0,,27.0,,3.0
147031,,,,,,,,22.0,,8.0,,,,,,4.0,2.0,,,,,,,3.0,,
147129,,,,,,,,97.0,,52.0,,,,,,24.0,2.0,1.0,1.0,,,5.0,1.0,4.0,,
147165,,,,,,,,47.0,,25.0,,,,,,9.0,,2.0,,,,1.0,,2.0,,
147244,,,,,,,,376.0,,180.0,,,,,,28.0,13.0,11.0,60.0,,,18.0,,49.0,,
147341,,,,,,,,279.0,,101.0,,,,,,21.0,14.0,6.0,47.0,3.0,,28.0,,27.0,10.0,
147369,,,,,,,,496.0,,130.0,,,,,,132.0,51.0,29.0,32.0,1.0,,31.0,1.0,64.0,16.0,1.0
147378,,,,,,,,822.0,,406.0,,,,,,34.0,15.0,34.0,36.0,1.0,,54.0,3.0,143.0,15.0,4.0
147396,,,,,,,,20.0,,9.0,,,,,,1.0,3.0,,,,,1.0,3.0,1.0,,
147411,,,,,,,,258.0,,98.0,,,,,,26.0,1.0,12.0,13.0,,,28.0,1.0,51.0,,
147439,,,,,,,,9.0,,5.0,,,,,,3.0,,,,,,,,0.0,,
147536,,,,,,,,542.0,,189.0,,,,,,29.0,48.0,21.0,107.0,,,21.0,,42.0,,1.0
147590,,,,,,,,173.0,,80.0,2.0,,,,,25.0,5.0,3.0,3.0,,,16.0,6.0,24.0,,
147642,,,,,,,,5.0,,3.0,,,,,,1.0,,,,,,,,1.0,,
147660,,,,,,,,513.0,,205.0,,,,,,99.0,14.0,17.0,74.0,5.0,,16.0,1.0,45.0,23.0,
147679,,,,,,,,454.0,,225.0,,,,,,28.0,19.0,14.0,31.0,3.0,,27.0,30.0,18.0,7.0,
147697,,,,,,,,25.0,,9.0,,,,,,3.0,,,,,,,2.0,3.0,,
147703,,,,,,,,3039.0,,936.0,12.0,10.0,,,,237.0,172.0,260.0,199.0,26.0,,391.0,,427.0,10.0,61.0
147749,,,,,,,,117.0,,38.0,,,,,,37.0,5.0,3.0,,,,,11.0,19.0,,
147767,,,,,,,,10316.0,,2397.0,1176.0,,,,,276.0,1671.0,1853.0,371.0,154.0,,159.0,20.0,1626.0,334.0,
147776,,,,,,,,1082.0,,389.0,,,,,,160.0,57.0,37.0,47.0,2.0,,73.0,1.0,108.0,4.0,22.0
147800,,,,,,,,634.0,,293.0,,,,,,11.0,26.0,38.0,57.0,2.0,,73.0,9.0,91.0,,
147819,,,,,,,,6.0,,4.0,,,,,,,1.0,,,,,,,,,
147828,,,,,,,,625.0,,235.0,,,,,,49.0,13.0,48.0,44.0,3.0,,49.0,47.0,98.0,16.0,1.0
147916,,,,,,,,517.0,,242.0,,,,,,24.0,22.0,30.0,47.0,,,57.0,14.0,57.0,,
148007,,,,,,,,361.0,,144.0,,,,,,31.0,22.0,12.0,25.0,,,24.0,1.0,71.0,7.0,
148016,,,,,,,,325.0,,74.0,,,,,,38.0,18.0,13.0,36.0,4.0,,62.0,0.0,29.0,23.0,9.0
148098,,,,,,,,10.0,,7.0,,,,,,2.0,1.0,,,,,,,,,
148131,,,,,,,,165.0,,69.0,,,,,,21.0,1.0,4.0,31.0,2.0,,7.0,8.0,20.0,,
148140,,,,,,,,20.0,,15.0,,,,,,1.0,1.0,,,,,0.0,,1.0,,
148177,,,,,,,,81.0,,38.0,,,,,,11.0,6.0,,2.0,,,,,17.0,,
148256,,,,,,,,241.0,,85.0,,,,,,23.0,12.0,12.0,25.0,,,36.0,4.0,20.0,,
148292,,,,,,,,194.0,,93.0,,,,,,24.0,12.0,8.0,22.0,,,6.0,4.0,17.0,,
148335,,,,,,,,257.0,,94.0,,,,,,46.0,13.0,6.0,33.0,,,10.0,0.0,8.0,,
148380,,,,,,,,460.0,,221.0,,,,,,52.0,14.0,20.0,38.0,,,34.0,,69.0,,
148399,,,,,,,,49.0,,15.0,,,,,,9.0,1.0,1.0,,,,,6.0,14.0,2.0,
148405,,,,,,,,244.0,,118.0,,,,,,31.0,16.0,8.0,31.0,1.0,,9.0,,26.0,,
148487,,,,,,,,752.0,,330.0,,,,,,70.0,46.0,20.0,56.0,1.0,,27.0,,77.0,14.0,
148496,,,,,,,,490.0,,235.0,,,,,,63.0,13.0,12.0,26.0,1.0,,14.0,,88.0,10.0,
148511,,,,,,,,2455.0,,1641.0,,,,,,128.0,94.0,49.0,9.0,246.0,,149.0,14.0,114.0,,
148575,,,,,,,,66.0,,43.0,,,,,,4.0,10.0,,,2.0,,,,4.0,,
148584,,,,,,,,390.0,,184.0,,,,,,36.0,9.0,12.0,35.0,3.0,,41.0,,35.0,,4.0
148593,,,,,,,,31.0,,19.0,,,,,,1.0,1.0,,,,,,,4.0,,
148627,,,,,,,,507.0,,212.0,,,,,,20.0,7.0,14.0,36.0,2.0,,60.0,,120.0,10.0,2.0
148654,,,,,,,,766.0,,256.0,0.0,,,,,90.0,65.0,26.0,58.0,3.0,,73.0,,109.0,26.0,9.0
148672,,,,,,,,162.0,,63.0,,,,,,15.0,12.0,8.0,21.0,1.0,,18.0,1.0,12.0,,
148821,,,,,,,,122.0,,51.0,,,,,,8.0,6.0,6.0,22.0,,,3.0,,15.0,,
148876,,,,,,,,165.0,,70.0,,,,,,23.0,5.0,15.0,,,,,9.0,17.0,,
148885,,,,,,,,132.0,,38.0,,,,,,11.0,7.0,1.0,,0.0,,26.0,1.0,35.0,3.0,
148937,,,,,,,,111.0,,46.0,,,,,,6.0,9.0,4.0,11.0,,,4.0,10.0,15.0,,
148955,,,,,,,,13.0,,2.0,,,,,,3.0,3.0,,,,,2.0,,2.0,,
148982,,,,,,,,38.0,,10.0,,1.0,,,,5.0,4.0,1.0,1.0,,,1.0,3.0,4.0,2.0,
148991,,,,,,,,136.0,,53.0,,,,,,18.0,4.0,9.0,20.0,,,5.0,0.0,19.0,,
149028,,,,,,,,46.0,,29.0,,,,,,5.0,1.0,,,,,,,6.0,,
149204,,,,,,,,9.0,,5.0,,,,,,1.0,1.0,,,,,,,2.0,,
149222,,,,,,,,4357.0,,1062.0,71.0,101.0,,,,132.0,340.0,240.0,305.0,470.0,,394.0,7.0,853.0,133.0,34.0
149231,,,,,,,,2171.0,,683.0,,,,,,89.0,111.0,135.0,106.0,23.0,,305.0,16.0,323.0,61.0,29.0
149240,,,,,,,,45.0,,,,,,,,14.0,13.0,1.0,2.0,,,1.0,,14.0,,
149310,,,,,,,,27.0,,9.0,,,,,,6.0,2.0,2.0,,,,,2.0,4.0,,
149329,,,,,,,,25.0,,7.0,,,,,,5.0,2.0,,,,,9.0,,1.0,,
149365,,,,,,,,416.0,,144.0,,,,,,27.0,25.0,16.0,20.0,,,43.0,,91.0,,3.0
149499,,,,,,,,3.0,,2.0,,,,,,1.0,,,,,,,,,,
149505,,,,,,,,214.0,,97.0,,,,,,39.0,6.0,11.0,19.0,1.0,,5.0,,22.0,6.0,
149514,,,,,,,,387.0,,144.0,,,,,,31.0,12.0,13.0,42.0,0.0,,47.0,,28.0,9.0,
149532,,,,,,,,665.0,,286.0,,,,,,32.0,42.0,35.0,77.0,2.0,,73.0,,72.0,,1.0
149550,,,,,,,,18.0,,14.0,,,,,,2.0,,,,,,,,2.0,,
149587,,,,,,,,829.0,,1.0,1.0,,,,,250.0,247.0,158.0,13.0,,,2.0,,144.0,,
149639,,,,,,,,39.0,,20.0,,2.0,,,,2.0,4.0,2.0,1.0,,,1.0,,3.0,,
149727,,,,,,,,674.0,,229.0,,,,,,93.0,10.0,29.0,85.0,1.0,,54.0,11.0,116.0,,
149763,,,,,,,,100.0,,51.0,,,,,,13.0,3.0,4.0,,,,,,4.0,,
149772,,,,,,,,1580.0,,573.0,,,,,,49.0,107.0,118.0,97.0,23.0,,185.0,3.0,188.0,53.0,4.0
149781,,,,,,,,807.0,,256.0,,,,,,53.0,124.0,42.0,66.0,6.0,,68.0,2.0,115.0,32.0,2.0
149842,,,,,,,,969.0,,360.0,,,,,,36.0,50.0,80.0,151.0,32.0,,109.0,24.0,67.0,,
150048,,,,,,,,89.0,,28.0,,,,,,21.0,,1.0,18.0,,,4.0,,13.0,,
150066,,,,,,,,344.0,,138.0,,,,,,35.0,17.0,15.0,46.0,2.0,,12.0,1.0,49.0,13.0,
150136,,,,,,,,3289.0,,1112.0,,,,,,212.0,171.0,183.0,142.0,11.0,,564.0,,512.0,144.0,43.0
150145,,,,,,,,252.0,,101.0,,,,,,26.0,8.0,9.0,26.0,1.0,,16.0,,35.0,6.0,
150163,,,,,,,,1186.0,,431.0,11.0,,,,,209.0,36.0,47.0,129.0,14.0,,107.0,2.0,121.0,32.0,2.0
150172,,,,,,,,114.0,,51.0,,,,,,5.0,7.0,5.0,32.0,,,3.0,,4.0,,
150215,,,,,,,,48.0,,11.0,,,,,,12.0,3.0,,3.0,,,,,10.0,,
150251,,,,,,,,14.0,,5.0,,,,,,7.0,,1.0,,,,,,,,
150288,,,,,,,,107.0,,25.0,,,,,,4.0,8.0,6.0,2.0,,,25.0,3.0,22.0,1.0,
150303,,,,,,,,19.0,,12.0,,,,,,1.0,1.0,,,,,,,2.0,,
150400,,,,,,,,662.0,,242.0,,,,,,52.0,85.0,40.0,83.0,2.0,,67.0,,52.0,13.0,2.0
150428,,,,,,,,5.0,,3.0,,,,,,1.0,,,,,,,,1.0,,
150437,,,,,,,,5.0,,3.0,,,,,,1.0,,,,,,,,1.0,,
150455,,,,,,,,362.0,,125.0,,2.0,,,,24.0,17.0,12.0,39.0,4.0,,14.0,3.0,51.0,11.0,2.0
150534,,,,,,,,514.0,,204.0,,,,,,53.0,12.0,11.0,73.0,6.0,,26.0,5.0,73.0,10.0,
150604,,,,,,,,264.0,,88.0,,,,,,23.0,13.0,12.0,40.0,4.0,,27.0,,31.0,9.0,
150668,,,,,,,,232.0,,80.0,,,,,,46.0,5.0,14.0,25.0,,,20.0,6.0,20.0,6.0,
150677,,,,,,,,226.0,,79.0,,4.0,,,,9.0,17.0,8.0,31.0,,,4.0,,9.0,0.0,3.0
150756,,,,,,,,244.0,,84.0,,,,,,17.0,9.0,6.0,38.0,5.0,,27.0,,25.0,,
150765,,,,,,,,7.0,,4.0,,,,,,1.0,,,,,,,,2.0,,
150774,,,,,,,,85.0,,34.0,,,,,,13.0,9.0,3.0,17.0,,,2.0,,3.0,,
150853,,,,,,,,37.0,,21.0,,,,,,3.0,3.0,1.0,1.0,,,,,3.0,,
150941,,,,,,,,198.0,,97.0,,,,,,28.0,20.0,7.0,,,,5.0,11.0,28.0,,
150987,,,,,,,,4827.0,,2364.0,,,,,,330.0,321.0,187.0,484.0,,,253.0,,818.0,,
151102,,,,,,,,1117.0,,414.0,,30.0,,,,52.0,146.0,72.0,52.0,13.0,,141.0,,153.0,27.0,6.0
151111,,,,,,,,7941.0,,2799.0,542.0,,,,,686.0,396.0,797.0,371.0,627.0,,371.0,4.0,1075.0,188.0,22.0
151166,,,,,,,,307.0,,115.0,,,,,,71.0,6.0,7.0,,,,3.0,1.0,18.0,,
151263,,,,,,,,855.0,,380.0,2.0,,,,,50.0,32.0,29.0,74.0,9.0,,73.0,,94.0,12.0,
151290,,,,,,,,449.0,,203.0,,,,,,27.0,19.0,8.0,44.0,,,1.0,,48.0,6.0,
151306,,,,,,,,1159.0,,420.0,,,,,,137.0,44.0,60.0,65.0,5.0,,113.0,7.0,185.0,4.0,20.0
151324,,,,,,,,1659.0,,527.0,,,,,,104.0,70.0,91.0,156.0,10.0,,214.0,3.0,271.0,53.0,6.0
151333,,,,,,,,323.0,,154.0,,,,,,48.0,1.0,13.0,20.0,,,28.0,,43.0,9.0,3.0
151342,,,,,,,,606.0,,306.0,,,,,,74.0,6.0,31.0,39.0,,,48.0,,77.0,15.0,
151351,,,,,,,,8924.0,,2169.0,465.0,,,,,1046.0,385.0,1048.0,832.0,88.0,,857.0,59.0,1383.0,323.0,109.0
151360,,,,,,,,446.0,,219.0,3.0,,,,,49.0,4.0,26.0,32.0,,,39.0,,62.0,3.0,
151379,,,,,,,,528.0,,277.0,,,,,,58.0,5.0,24.0,38.0,,,35.0,,73.0,9.0,1.0
151388,,,,,,,,330.0,,167.0,,,,,,47.0,1.0,11.0,35.0,,,16.0,,40.0,9.0,
151458,,,,,,,,31.0,,11.0,,,,,,4.0,,,,,,5.0,8.0,2.0,,
151467,,,,,,,,39.0,,16.0,,,,,,4.0,1.0,,,,,,11.0,5.0,,
151564,,,,,,,,3.0,,2.0,,,,,,1.0,,,,,,,,,,
151607,,,,,,,,10.0,,5.0,,,,,,1.0,1.0,,,,,,,1.0,,
151616,,,,,,,,13.0,,2.0,,,,,,1.0,0.0,,,,,,,6.0,,
151652,,,,,,,,15.0,,9.0,,,,,,2.0,,,,,,,,2.0,,
151661,,,,,,,,85.0,,38.0,,,,,,29.0,,1.0,,,,1.0,,11.0,,
151777,,,,,,,,338.0,,121.0,,,,,,40.0,14.0,14.0,37.0,2.0,,30.0,12.0,41.0,6.0,
151786,,,,,,,,488.0,,193.0,,,,,,42.0,16.0,18.0,89.0,2.0,,16.0,,48.0,,
151801,,,,,,,,1516.0,,643.0,,,,,,355.0,26.0,61.0,27.0,9.0,,68.0,,275.0,24.0,2.0
151810,,,,,,,,50.0,,14.0,,,,,,14.0,,2.0,,,,8.0,,3.0,,
151865,,,,,,,,31.0,,8.0,,,,,,8.0,4.0,1.0,1.0,,,,1.0,5.0,1.0,
151944,,,,,,,,54.0,,20.0,14.0,,,,,7.0,1.0,1.0,,,,,2.0,5.0,1.0,
151962,,,,,,,,10.0,,7.0,,,,,,,,,,,,,1.0,1.0,,
152044,,,,,,,,6.0,,4.0,,,,,,1.0,,,,,,,,1.0,,
152080,,,,,,,,5967.0,,1241.0,290.0,,,,,607.0,788.0,583.0,279.0,30.0,,1212.0,30.0,612.0,8.0,21.0
152099,,,,,,,,291.0,,71.0,,0.0,,,,21.0,7.0,3.0,8.0,1.0,,7.0,2.0,32.0,8.0,
152150,,,,,,,,9.0,,3.0,,,,,,2.0,1.0,1.0,,,,,,1.0,,
152275,,,,,,,,12.0,,6.0,,,,,,,1.0,,,,,0.0,1.0,3.0,0.0,
152309,,,,,,,,9.0,,5.0,,,,,,1.0,1.0,,,,,,,1.0,0.0,
152318,,,,,,,,548.0,,190.0,,,,,,92.0,8.0,50.0,32.0,3.0,,70.0,,58.0,18.0,6.0
152327,,,,,,,,3.0,,3.0,,,,,,,,,,,,,,,,
152336,,,,,,,,401.0,,186.0,,,,,,34.0,18.0,16.0,40.0,,,16.0,,40.0,8.0,3.0
152381,,,,,,,,173.0,,92.0,,,,,,15.0,8.0,5.0,7.0,,,7.0,,10.0,4.0,
152390,,,,,,,,439.0,,172.0,0.0,,,,,38.0,23.0,15.0,30.0,5.0,,65.0,,54.0,12.0,
152415,,,,,,,,25.0,,11.0,,,,,,2.0,,,9.0,,,,,1.0,,
152451,,,,,,,,130.0,,20.0,,,,,,27.0,,5.0,,4.0,,33.0,,39.0,,
152497,,,,,,,,27.0,,19.0,,,,,,1.0,2.0,1.0,,,,,,2.0,,
152530,,,,,,,,446.0,,153.0,,,,,,32.0,17.0,24.0,49.0,6.0,,47.0,1.0,89.0,13.0,5.0
152567,,,,,,,,423.0,,165.0,,,,,,41.0,7.0,12.0,,,,127.0,17.0,,50.0,
152600,,,,,,,,968.0,,344.0,,,,,,162.0,23.0,33.0,62.0,6.0,,177.0,1.0,111.0,19.0,3.0
152628,,,,,,,,4.0,,2.0,,,,,,1.0,,,,,,,,1.0,,
152637,,,,,,,,1186.0,,560.0,,,,,,103.0,8.0,25.0,24.0,5.0,,73.0,,320.0,32.0,5.0
152673,,,,,,,,267.0,,92.0,,,,,,27.0,26.0,16.0,46.0,5.0,,1.0,10.0,39.0,,
152798,,,,,,,,86.0,,56.0,,,,,,4.0,2.0,2.0,,,,4.0,,7.0,,
152992,,,,,,,,185.0,,80.0,,,,,,7.0,7.0,4.0,32.0,,,7.0,12.0,10.0,,
153001,,,,,,,,437.0,,189.0,1.0,2.0,,,,41.0,16.0,6.0,59.0,2.0,,29.0,13.0,34.0,12.0,
153074,,,,,,,,37.0,,18.0,,,,,,2.0,2.0,,,,,2.0,,4.0,,
153083,,,,,,,,19.0,,12.0,,,,,,1.0,,,,,,,,3.0,0.0,
153108,,,,,,,,404.0,,111.0,,,,,,34.0,24.0,10.0,56.0,3.0,,112.0,1.0,30.0,4.0,1.0
153126,,,,,,,,263.0,,110.0,,,,,,26.0,7.0,10.0,33.0,3.0,,37.0,,25.0,6.0,
153144,,,,,,,,330.0,,127.0,,,,,,45.0,10.0,7.0,55.0,5.0,,33.0,,31.0,7.0,1.0
153162,,,,,,,,254.0,,98.0,2.0,,,,,24.0,20.0,7.0,36.0,5.0,,16.0,,25.0,,
153171,,,,,,,,3.0,,2.0,,,,,,1.0,,,,,,,,,,
153214,,,,,,,,1096.0,,610.0,,,,,,48.0,32.0,38.0,21.0,1.0,,50.0,15.0,123.0,30.0,6.0
153241,,,,,,,,48.0,,19.0,,,,,,2.0,2.0,1.0,,,,9.0,,12.0,,
153250,,,,,,,,246.0,,104.0,,,,,,30.0,5.0,9.0,36.0,1.0,,14.0,1.0,30.0,5.0,2.0
153269,,,,,,,,1086.0,,375.0,1.0,,,,,63.0,40.0,70.0,90.0,2.0,,91.0,1.0,224.0,26.0,2.0
153278,,,,,,,,422.0,,145.0,1.0,,,,,30.0,3.0,6.0,44.0,,,53.0,25.0,60.0,14.0,
153296,,,,,,,,69.0,,27.0,,,,,,4.0,1.0,,2.0,,,12.0,,3.0,5.0,
153302,,,,,,,,68.0,,25.0,,,,,,13.0,1.0,2.0,8.0,0.0,,8.0,,6.0,2.0,
153311,,,,,,,,525.0,,240.0,,,,,,30.0,5.0,21.0,24.0,,,19.0,3.0,70.0,,
153320,,,,,,,,76.0,,25.0,,,,,,14.0,2.0,0.0,4.0,1.0,,12.0,2.0,14.0,,
153339,,,,,,,,5.0,,3.0,,,,,,0.0,1.0,,,,,,,,,
153366,,,,,,,,306.0,,88.0,,,,,,30.0,9.0,13.0,42.0,4.0,,28.0,0.0,48.0,10.0,
153375,,,,,,,,287.0,,133.0,,,,,,23.0,20.0,7.0,38.0,,,,,27.0,7.0,
153384,,,,,,,,734.0,,214.0,6.0,,,,,60.0,28.0,44.0,56.0,9.0,,128.0,3.0,91.0,25.0,7.0
153409,,,,,,,,25.0,,16.0,,,,,,4.0,1.0,,1.0,,,,,,,
153418,,,,,,,,32.0,,9.0,,,,,,5.0,1.0,,8.0,,,,,1.0,,
153427,,,,,,,,24.0,,12.0,,,,,,3.0,1.0,,,,,,2.0,4.0,1.0,
153445,,,,,,,,512.0,,243.0,,,,,,50.0,38.0,14.0,16.0,,,8.0,,50.0,1.0,2.0
153463,,,,,,,,5.0,,3.0,,,,,,1.0,,,,,,,,1.0,,
153472,,,,,,,,503.0,,243.0,,,,,,28.0,23.0,16.0,43.0,2.0,,47.0,9.0,57.0,6.0,3.0
153524,,,,,,,,480.0,,203.0,,,,,,46.0,17.0,8.0,46.0,,,52.0,,70.0,9.0,12.0
153533,,,,,,,,270.0,,102.0,,10.0,,,,32.0,13.0,10.0,13.0,,,33.0,2.0,38.0,,
153542,,,,,,,,3.0,,2.0,,,,,,1.0,,,,,,,,,,
153588,,,,,,,,5.0,,2.0,,,,,,2.0,1.0,,,,,,,,,
153597,,,,,,,,16.0,,8.0,,,,,,3.0,,,,,,,1.0,4.0,,
153603,,,,,,,,6302.0,,1679.0,521.0,201.0,,,,154.0,166.0,565.0,170.0,170.0,,510.0,35.0,464.0,344.0,90.0
153621,,,,,,,,104.0,,31.0,,,,,,6.0,10.0,4.0,13.0,,,5.0,9.0,14.0,,
153630,,,,,,,,535.0,,219.0,,,,,,44.0,17.0,26.0,70.0,5.0,,58.0,6.0,77.0,,2.0
153658,,,,,,,,9925.0,,2528.0,295.0,,,,,256.0,1279.0,1565.0,417.0,854.0,,986.0,2.0,670.0,225.0,157.0
153737,,,,,,,,1183.0,,474.0,,,,,,102.0,61.0,30.0,51.0,3.0,,159.0,16.0,124.0,25.0,2.0
153746,,,,,,,,7.0,,4.0,,,,,,1.0,,,,,,,1.0,,1.0,
153764,,,,,,,,11.0,,8.0,,,,,,1.0,,,,,,,1.0,,1.0,
153773,,,,,,,,10.0,,6.0,,,,,,1.0,,,,,,,2.0,1.0,,
153782,,,,,,,,5.0,,2.0,,,,,,1.0,,,,,,,0.0,,,
153825,,,,,,,,330.0,,109.0,,,,,,36.0,17.0,12.0,53.0,4.0,,42.0,1.0,31.0,12.0,
153834,,,,,,,,457.0,,183.0,,,,,,42.0,14.0,23.0,38.0,3.0,,54.0,,58.0,15.0,
153861,,,,,,,,392.0,,113.0,10.0,5.0,,,,27.0,36.0,19.0,19.0,,,44.0,15.0,7.0,1.0,3.0
153922,,,,,,,,150.0,,42.0,,,,,,18.0,3.0,9.0,14.0,,,9.0,1.0,23.0,5.0,
153977,,,,,,,,110.0,,61.0,,,,,,17.0,,3.0,,,,1.0,,9.0,,
154004,,,,,,,,305.0,,129.0,,,,,,32.0,6.0,8.0,48.0,2.0,,25.0,,38.0,6.0,
154013,,,,,,,,260.0,,111.0,,,,,,32.0,10.0,7.0,38.0,,,19.0,,18.0,9.0,
154022,,,,,,,,1272.0,,1013.0,,,,,,34.0,17.0,1.0,1.0,,,,,3.0,,
154059,,,,,,,,291.0,,81.0,,,,,,23.0,16.0,14.0,39.0,1.0,,27.0,2.0,44.0,,5.0
154095,,,,,,,,1834.0,,600.0,,,,,,103.0,140.0,156.0,129.0,26.0,,209.0,10.0,217.0,68.0,33.0
154101,,,,,,,,248.0,,103.0,,,,,,43.0,5.0,7.0,34.0,2.0,,19.0,,15.0,4.0,1.0
154110,,,,,,,,490.0,,250.0,,,,,,57.0,25.0,12.0,5.0,1.0,,47.0,,54.0,,
154129,,,,,,,,163.0,,76.0,,,,,,18.0,2.0,4.0,2.0,,,16.0,3.0,18.0,3.0,
154156,,,,,,,,303.0,,89.0,14.0,,,,,59.0,19.0,17.0,5.0,27.0,,3.0,,70.0,,
154165,,,,,,,,4.0,,3.0,,,,,,1.0,,,,,,,,,,
154174,,,,,,,,448.0,,141.0,8.0,14.0,,,,94.0,39.0,14.0,7.0,1.0,,1.0,5.0,110.0,5.0,1.0
154208,,,,,,,,18.0,,11.0,,,,,,2.0,2.0,,,,,,2.0,1.0,,
154235,,,,,,,,494.0,,242.0,,,,,,29.0,12.0,20.0,43.0,3.0,,16.0,,91.0,12.0,
154262,,,,,,,,44.0,,33.0,,,,,,2.0,,,,,,,,2.0,,
154332,,,,,,,,8.0,,5.0,,,,,,1.0,,,,,,,0.0,,1.0,
154341,,,,,,,,6.0,,3.0,,,,,,0.0,,,,,,,2.0,,0.0,
154350,,,,,,,,307.0,,125.0,,,,,,22.0,6.0,10.0,61.0,2.0,,7.0,10.0,56.0,,2.0
154378,,,,,,,,273.0,,110.0,,,,,,28.0,5.0,9.0,51.0,,,14.0,4.0,28.0,,1.0
154396,,,,,,,,179.0,,63.0,,,,,,5.0,8.0,5.0,25.0,,,14.0,,22.0,6.0,1.0
154448,,,,,,,,19.0,,12.0,,,,,,1.0,,,,,,0.0,,3.0,,
154457,,,,,,,,5.0,,3.0,,,,,,1.0,,,,,,,1.0,,,
154466,,,,,,,,9.0,,4.0,,,,,,2.0,1.0,,,,,,,2.0,,
154493,,,,,,,,503.0,,221.0,,,,,,81.0,,,,,,28.0,,170.0,,
154518,,,,,,,,246.0,,91.0,,,,,,13.0,3.0,,27.0,1.0,,24.0,2.0,27.0,4.0,1.0
154527,,,,,,,,369.0,,116.0,,,,,,31.0,17.0,12.0,68.0,4.0,,45.0,,40.0,32.0,
154536,,,,,,,,41.0,,15.0,,,,,,4.0,3.0,1.0,1.0,,,3.0,2.0,7.0,2.0,
154545,,,,,,,,4.0,,2.0,,,,,,1.0,,,,,,,,,,
154572,,,,,,,,417.0,,183.0,,,,,,60.0,14.0,13.0,4.0,,,15.0,,28.0,0.0,
154590,,,,,,,,187.0,,74.0,,,,,,8.0,9.0,8.0,40.0,,,8.0,5.0,6.0,,
154642,,,,,,,,156.0,,72.0,,,,,,19.0,3.0,1.0,19.0,1.0,,7.0,2.0,12.0,3.0,1.0
154688,,,,,,,,385.0,,186.0,,,,,,30.0,3.0,11.0,32.0,,,17.0,,60.0,6.0,
154697,,,,,,,,360.0,,119.0,,,,,,49.0,8.0,13.0,44.0,4.0,,29.0,1.0,67.0,7.0,1.0
154712,,,,,,,,347.0,,144.0,,,,,,25.0,16.0,6.0,55.0,1.0,,34.0,1.0,55.0,1.0,
154721,,,,,,,,138.0,,51.0,,1.0,,,,13.0,2.0,2.0,38.0,4.0,,1.0,3.0,22.0,,
154749,,,,,,,,146.0,,51.0,,,,,,20.0,3.0,2.0,24.0,,,5.0,,14.0,,9.0
154794,,,,,,,,13.0,,2.0,,,,,,7.0,,,,,,,1.0,1.0,,
154800,,,,,,,,567.0,,278.0,,,,,,40.0,18.0,20.0,25.0,4.0,,52.0,8.0,65.0,11.0,1.0
154855,,,,,,,,108.0,,45.0,,,,,,11.0,4.0,1.0,17.0,1.0,,,,11.0,1.0,0.0
154907,,,,,,,,230.0,,100.0,,,,,,33.0,8.0,4.0,21.0,1.0,,7.0,5.0,19.0,17.0,3.0
154925,,,,,,,,160.0,,59.0,,,,,,9.0,2.0,3.0,37.0,0.0,,14.0,,30.0,5.0,
154934,,,,,,,,117.0,,45.0,,,,,,22.0,2.0,2.0,13.0,2.0,,13.0,,12.0,,
154952,,,,,,,,236.0,,96.0,,,,,,23.0,2.0,6.0,22.0,4.0,,24.0,1.0,20.0,3.0,3.0
154998,,,,,,,,262.0,,83.0,,,,,,23.0,,4.0,31.0,,,43.0,,39.0,7.0,
155007,,,,,,,,63.0,,26.0,,,,,,4.0,6.0,1.0,2.0,,,5.0,,1.0,,
155025,,,,,,,,709.0,,257.0,,,,,,92.0,13.0,42.0,51.0,6.0,,73.0,,113.0,30.0,2.0
155052,,,,,,,,75.0,,43.0,,,,,,9.0,3.0,3.0,,,,3.0,,11.0,,
155061,,,,,,,,961.0,,424.0,,,,,,67.0,41.0,36.0,51.0,8.0,,115.0,,90.0,34.0,13.0
155070,,,,,,,,46.0,,22.0,,,,,,3.0,1.0,1.0,2.0,,,3.0,,4.0,,
155089,,,,,,,,291.0,,118.0,,,,,,28.0,16.0,11.0,44.0,4.0,,8.0,0.0,42.0,5.0,
155098,,,,,,,,172.0,,65.0,,,,,,27.0,17.0,3.0,16.0,,,10.0,3.0,18.0,4.0,1.0
155104,,,,,,,,243.0,,79.0,,,,,,25.0,4.0,3.0,38.0,3.0,,40.0,,19.0,,
155140,,,,,,,,152.0,,41.0,4.0,,,,,14.0,8.0,4.0,2.0,1.0,,45.0,,15.0,11.0,
155159,,,,,,,,11.0,,4.0,,,,,,2.0,1.0,,,,,2.0,1.0,1.0,,
155177,,,,,,,,116.0,,38.0,,,,,,18.0,2.0,3.0,11.0,,,12.0,9.0,13.0,8.0,
155186,,,,,,,,235.0,,110.0,,,,,,36.0,2.0,3.0,28.0,3.0,,8.0,,25.0,12.0,0.0
155195,,,,,,,,488.0,,195.0,2.0,,,,,41.0,1.0,18.0,48.0,,,42.0,5.0,60.0,14.0,3.0
155201,,,,,,,,139.0,,55.0,,,,,,8.0,7.0,4.0,22.0,2.0,,9.0,1.0,10.0,,
155210,,,,,,,,1376.0,,494.0,,25.0,,,,127.0,23.0,75.0,53.0,,,134.0,,354.0,23.0,6.0
155283,,,,,,,,49.0,,18.0,,,,,,13.0,1.0,,,,,,6.0,10.0,,
155292,,,,,,,,560.0,,231.0,,,,,,51.0,4.0,19.0,38.0,3.0,,47.0,,92.0,17.0,1.0
155308,,,,,,,,26.0,,7.0,,,,,,6.0,,,1.0,,,4.0,,2.0,,
155317,,,,,,,,8095.0,,2358.0,1006.0,125.0,,,,453.0,319.0,577.0,342.0,610.0,,423.0,2.0,1182.0,229.0,21.0
155335,,,,,,,,266.0,,138.0,,,,,,24.0,6.0,6.0,33.0,,,16.0,1.0,37.0,,0.0
155353,,,,,,,,7.0,,3.0,,,,,,,1.0,,,,,,1.0,2.0,,
155399,,,,,,,,4771.0,,1150.0,234.0,101.0,,,,353.0,514.0,709.0,156.0,208.0,,391.0,,376.0,304.0,31.0
155414,,,,,,,,151.0,,56.0,,,,,,23.0,2.0,2.0,19.0,3.0,,15.0,1.0,17.0,4.0,1.0
155423,,,,,,,,117.0,,68.0,,,,,,11.0,1.0,2.0,,,,13.0,,11.0,,
155450,,,,,,,,153.0,,64.0,,,,,,14.0,8.0,5.0,15.0,2.0,,10.0,1.0,21.0,1.0,
155487,,,,,,,,80.0,,44.0,,,,,,7.0,3.0,3.0,,,,,,4.0,1.0,
155496,,,,,,,,42.0,,14.0,,,,,,6.0,2.0,1.0,2.0,,,1.0,4.0,2.0,2.0,
155511,,,,,,,,141.0,,50.0,,,,,,12.0,16.0,2.0,28.0,2.0,,8.0,,7.0,8.0,
155520,,,,,,,,328.0,,144.0,,,,,,42.0,7.0,8.0,30.0,2.0,,14.0,4.0,30.0,8.0,
155566,,,,,,,,230.0,,101.0,,,,,,25.0,1.0,5.0,11.0,8.0,,9.0,3.0,31.0,4.0,1.0
155593,,,,,,,,99.0,,62.0,,1.0,,,,6.0,4.0,1.0,,,,5.0,4.0,7.0,5.0,
155618,,,,,,,,93.0,,52.0,,,,,,4.0,2.0,1.0,12.0,1.0,,8.0,4.0,8.0,,
155627,,,,,,,,163.0,,34.0,,,,,,24.0,12.0,3.0,28.0,3.0,,21.0,6.0,15.0,,
155636,,,,,,,,103.0,,72.0,,,,,,3.0,4.0,4.0,,,,,8.0,2.0,,
155681,,,,,,,,874.0,,346.0,,,,,,118.0,68.0,37.0,34.0,10.0,,67.0,,91.0,80.0,
155715,,,,,,,,122.0,,35.0,,,,,,13.0,7.0,5.0,20.0,2.0,,13.0,,21.0,1.0,
155812,,,,,,,,225.0,,103.0,1.0,6.0,,,,20.0,4.0,7.0,26.0,3.0,,10.0,6.0,21.0,6.0,
155830,,,,,,,,53.0,,29.0,,,,,,4.0,,,1.0,,,3.0,,1.0,,
155858,,,,,,,,216.0,,82.0,,,,,,24.0,,6.0,17.0,1.0,,27.0,,37.0,5.0,1.0
155900,,,,,,,,286.0,,122.0,,,,,,39.0,9.0,11.0,64.0,1.0,,7.0,1.0,22.0,,
155937,,,,,,,,149.0,,56.0,,,,,,19.0,3.0,1.0,42.0,0.0,,11.0,,9.0,,
155973,,,,,,,,141.0,,51.0,,,,,,22.0,2.0,2.0,20.0,,,9.0,5.0,20.0,1.0,
156082,,,,,,,,830.0,,357.0,,,,,,97.0,20.0,49.0,45.0,5.0,,56.0,3.0,125.0,16.0,
156107,,,,,,,,276.0,,139.0,,,,,,10.0,30.0,13.0,3.0,6.0,,13.0,,10.0,,
156125,,,,,,,,2111.0,,521.0,,,,,,186.0,140.0,361.0,282.0,19.0,,163.0,,264.0,69.0,7.0
156134,,,,,,,,100.0,,42.0,,,,,,16.0,3.0,1.0,3.0,,,,12.0,8.0,2.0,
156189,,,,,,,,112.0,,32.0,,,,,,20.0,,3.0,0.0,,,8.0,,39.0,6.0,
156213,,,,,,,,363.0,,136.0,,,,,,45.0,7.0,15.0,27.0,2.0,,31.0,1.0,56.0,11.0,
156222,,,,,,,,222.0,,53.0,,,,,,48.0,1.0,5.0,5.0,,,29.0,,69.0,,
156231,,,,,,,,215.0,,105.0,,,,,,14.0,8.0,6.0,15.0,,,24.0,,33.0,,
156277,,,,,,,,8.0,,4.0,,,,,,,,,,,,1.0,,2.0,,
156286,,,,,,,,614.0,,282.0,,,,,,52.0,22.0,28.0,57.0,6.0,,33.0,,75.0,19.0,4.0
156295,,,,,,,,753.0,,157.0,,,,,,144.0,130.0,19.0,109.0,3.0,,51.0,1.0,63.0,31.0,6.0
156310,,,,,,,,44.0,,29.0,,,,,,3.0,,,,,,,,3.0,,
156338,,,,,,,,257.0,,129.0,,,,,,26.0,2.0,4.0,17.0,,,23.0,,40.0,,
156356,,,,,,,,170.0,,64.0,,,,,,7.0,12.0,4.0,19.0,,,18.0,9.0,17.0,,
156365,,,,,,,,547.0,,235.0,,,,,,6.0,40.0,8.0,65.0,10.0,,11.0,,89.0,22.0,17.0
156392,,,,,,,,620.0,,333.0,,,,,,47.0,17.0,20.0,38.0,1.0,,44.0,,76.0,,1.0
156408,,,,,,,,434.0,,132.0,,,,,,42.0,13.0,13.0,79.0,4.0,,69.0,,42.0,15.0,4.0
156417,,,,,,,,28.0,,6.0,,,,,,5.0,2.0,2.0,1.0,,,,,3.0,2.0,
156426,,,,,,,,23.0,,11.0,,,,,,1.0,2.0,,,,,1.0,3.0,2.0,0.0,
156471,,,,,,,,188.0,,72.0,,,,,,37.0,6.0,3.0,,,,7.0,,45.0,,
156541,,,,,,,,533.0,,272.0,,,,,,29.0,18.0,13.0,52.0,,,9.0,,126.0,5.0,
156620,,,,,,,,2282.0,,814.0,,,,,,250.0,184.0,163.0,125.0,21.0,,93.0,,340.0,65.0,31.0
156648,,,,,,,,308.0,,163.0,,,,,,18.0,3.0,7.0,15.0,3.0,,19.0,,53.0,,
156727,,,,,,,,183.0,,92.0,,,,,,24.0,5.0,8.0,1.0,,,9.0,,6.0,8.0,
156745,,,,,,,,302.0,,110.0,,,,,,26.0,15.0,10.0,46.0,5.0,,37.0,,22.0,10.0,3.0
156754,,,,,,,,13.0,,4.0,,,,,,1.0,2.0,1.0,,,,,,2.0,1.0,
156790,,,,,,,,241.0,,105.0,,,,,,16.0,7.0,7.0,23.0,,,24.0,,34.0,,1.0
156842,,,,,,,,17.0,,7.0,,,,,,1.0,2.0,,,,,,3.0,4.0,,
156851,,,,,,,,119.0,,56.0,,,,,,13.0,2.0,3.0,9.0,,,11.0,,17.0,,
156860,,,,,,,,173.0,,80.0,,,,,,17.0,4.0,3.0,13.0,,,13.0,,21.0,,
156921,,,,,,,,551.0,,280.0,,,,,,30.0,20.0,18.0,43.0,,,45.0,,71.0,,
156967,,,,,,,,15.0,,7.0,,,,,,4.0,1.0,,,,,2.0,,1.0,,
157021,,,,,,,,56.0,,20.0,,,,,,7.0,,,,,,,13.0,16.0,,
157030,,,,,,,,18.0,,4.0,,,,,,6.0,1.0,1.0,,,,1.0,,2.0,,
157058,,,,,,,,489.0,,136.0,,,,,,58.0,16.0,40.0,83.0,1.0,,37.0,,56.0,49.0,1.0
157076,,,,,,,,144.0,,53.0,,,,,,18.0,7.0,5.0,36.0,0.0,,1.0,1.0,14.0,,
157085,,,,,,,,10501.0,,1827.0,333.0,663.0,,,,426.0,583.0,1667.0,568.0,946.0,,727.0,,1912.0,540.0,46.0
157100,,,,,,,,117.0,,48.0,,,,,,4.0,8.0,2.0,16.0,1.0,,2.0,8.0,4.0,13.0,
157207,,,,,,,,24.0,,10.0,,,,,,6.0,1.0,1.0,,,,,,3.0,,
157216,,,,,,,,411.0,,141.0,,,,,,33.0,3.0,8.0,72.0,5.0,,70.0,3.0,30.0,22.0,3.0
157270,,,,,,,,63.0,,34.0,,,,,,6.0,,1.0,,,,4.0,10.0,7.0,,
157289,,,,,,,,6377.0,,1999.0,,,,,,724.0,528.0,604.0,283.0,1015.0,,398.0,,613.0,120.0,16.0
157298,,,,,,,,62.0,,12.0,,,,,,14.0,2.0,3.0,2.0,,,6.0,,17.0,,
157304,,,,,,,,216.0,,106.0,,,,,,17.0,3.0,3.0,14.0,,,15.0,,34.0,,
157331,,,,,,,,221.0,,107.0,,,,,,18.0,8.0,4.0,23.0,,,17.0,,27.0,,
157377,,,,,,,,143.0,,58.0,,,,,,16.0,6.0,4.0,22.0,1.0,,8.0,,13.0,3.0,
157386,,,,,,,,1089.0,,346.0,,,,,,68.0,77.0,59.0,130.0,14.0,,105.0,5.0,131.0,46.0,16.0
157401,,,,,,,,1415.0,,510.0,1.0,,,,,60.0,86.0,62.0,101.0,29.0,,182.0,19.0,194.0,68.0,19.0
157438,,,,,,,,272.0,,148.0,,,,,,28.0,6.0,6.0,26.0,,,17.0,,27.0,,
157447,,,,,,,,1612.0,,723.0,,,,,,78.0,100.0,122.0,145.0,6.0,,134.0,,176.0,54.0,25.0
157465,,,,,,,,5.0,,3.0,,,,,,1.0,,,,,,,,1.0,0.0,
157483,,,,,,,,366.0,,176.0,,,,,,26.0,7.0,5.0,26.0,,,39.0,1.0,57.0,,
157535,,,,,,,,323.0,,114.0,,,,,,41.0,13.0,14.0,54.0,5.0,,13.0,1.0,30.0,11.0,
157553,,,,,,,,259.0,,122.0,,,,,,15.0,5.0,6.0,18.0,,,30.0,,40.0,,
157599,,,,,,,,27.0,,16.0,,,,,,3.0,,,,,,,,5.0,,
157614,,,,,,,,7.0,,5.0,,,,,,1.0,,,,,,,,,,
157650,,,,,,,,10.0,,5.0,,,,,,2.0,,,,,,,,1.0,1.0,
157669,,,,,,,,7.0,,4.0,,,,,,1.0,,,,,,,,1.0,,
157678,,,,,,,,7.0,,4.0,,,,,,1.0,,,,,,,,1.0,,
157711,,,,,,,,367.0,,174.0,,,,,,20.0,7.0,7.0,30.0,,,36.0,,63.0,,1.0
157739,,,,,,,,245.0,,99.0,,,,,,25.0,10.0,5.0,16.0,,,19.0,,41.0,,
157748,,,,,,,,452.0,,98.0,5.0,,,,,42.0,13.0,9.0,19.0,4.0,,94.0,2.0,70.0,,
157757,,,,,,,,305.0,,158.0,,,,,,27.0,13.0,8.0,39.0,4.0,,11.0,,28.0,2.0,
157766,,,,,,,,92.0,,53.0,,,,,,8.0,2.0,1.0,,,,1.0,12.0,11.0,1.0,0.0
157793,,,,,,,,447.0,,166.0,,,,,,64.0,,9.0,,,,25.0,4.0,166.0,,3.0
157809,,,,,,,,205.0,,104.0,,,,,,21.0,8.0,,34.0,,,8.0,2.0,13.0,,
157818,,,,,,,,288.0,,89.0,,,,,,29.0,7.0,9.0,42.0,1.0,,31.0,,44.0,13.0,
157827,,,,,,,,9.0,,3.0,,,,,,1.0,1.0,,,,,1.0,,1.0,,
157854,,,,,,,,276.0,,,,,,,,70.0,72.0,37.0,46.0,,,2.0,,30.0,,
157863,,,,,,,,199.0,,71.0,,,,,,14.0,10.0,8.0,45.0,1.0,,5.0,2.0,35.0,,
157951,,,,,,,,2388.0,,901.0,,,,,,103.0,53.0,155.0,310.0,30.0,,104.0,13.0,449.0,92.0,35.0
158088,,,,,,,,157.0,,100.0,,,,,,19.0,27.0,2.0,,,,,,5.0,,
158246,,,,,,,,23.0,,11.0,,,,,,3.0,1.0,,1.0,,,,2.0,3.0,,
158325,,,,,,,,15.0,,13.0,,,,,,,1.0,,,,,,,0.0,,
158343,,,,,,,,6.0,,3.0,,,,,,2.0,,,,,,,1.0,,,
158431,,,,,,,,410.0,,167.0,,,,,,43.0,71.0,8.0,2.0,,,29.0,,50.0,1.0,1.0
158440,,,,,,,,8.0,,2.0,,,,,,3.0,2.0,,,,,,,1.0,,
158477,,,,,,,,168.0,,64.0,,,,,,30.0,2.0,4.0,28.0,,,6.0,,17.0,,
158538,,,,,,,,5.0,,1.0,,,,,,2.0,,,,,,,,2.0,,
158617,,,,,,,,32.0,,14.0,,,,,,5.0,,,,,,,,14.0,,
158644,,,,,,,,8.0,,4.0,,,,,,1.0,,,,,,,1.0,2.0,,
158662,,,,,,,,913.0,,483.0,,,,,,65.0,158.0,8.0,6.0,,,54.0,,76.0,23.0,
158723,,,,,,,,12.0,,7.0,,,,,,2.0,1.0,,,,,,1.0,0.0,,
158778,,,,,,,,18.0,,5.0,,,,,,1.0,,,,,,,,12.0,0.0,
158787,,,,,,,,8.0,,4.0,,,,,,2.0,,,,,,,,1.0,,
158802,,,,,,,,281.0,,88.0,,,,,,36.0,15.0,4.0,29.0,1.0,,54.0,1.0,25.0,3.0,3.0
158884,,,,,,,,123.0,,64.0,,,,,,8.0,22.0,1.0,1.0,,,9.0,,10.0,1.0,
159009,,,,,,,,501.0,,152.0,,,,,,52.0,41.0,13.0,56.0,2.0,,44.0,,95.0,27.0,3.0
159027,,,,,,,,16.0,,6.0,,,,,,1.0,2.0,0.0,,,,1.0,1.0,5.0,,
159197,,,,,,,,99.0,,54.0,,,,,,10.0,3.0,3.0,,,,,9.0,14.0,1.0,
159319,,,,,,,,6.0,,1.0,,,,,,1.0,1.0,,,,,,,3.0,,
159328,,,,,,,,19.0,,5.0,,,,,,2.0,1.0,,,5.0,,3.0,,3.0,,
159373,,,,,,,,2009.0,,754.0,43.0,,,,,246.0,244.0,186.0,14.0,90.0,,215.0,,125.0,68.0,
159382,,,,,,,,249.0,,107.0,,,,,,24.0,13.0,6.0,23.0,1.0,,18.0,,37.0,8.0,
159391,,,,,,,,6105.0,,1386.0,246.0,241.0,,,,289.0,596.0,904.0,227.0,202.0,,594.0,3.0,860.0,292.0,9.0
159407,,,,,,,,193.0,,100.0,,,,,,16.0,10.0,3.0,6.0,,,14.0,,30.0,9.0,
159416,,,,,,,,314.0,,133.0,,,,,,30.0,26.0,15.0,19.0,,,26.0,,47.0,8.0,
159513,,,,,,,,14.0,,6.0,,,,,,3.0,1.0,,,,,1.0,3.0,,,
159522,,,,,,,,18.0,,9.0,,,,,,4.0,1.0,,,,,1.0,3.0,,,
159531,,,,,,,,7.0,,4.0,,,,,,1.0,1.0,,,,,,,1.0,,
159568,,,,,,,,183.0,,89.0,,,,,,15.0,4.0,3.0,17.0,1.0,,3.0,,46.0,,
159601,,,,,,,,5.0,,4.0,,,,,,1.0,,,,,,,,0.0,,
159647,,,,,,,,1019.0,,411.0,13.0,1.0,,,,52.0,26.0,33.0,87.0,6.0,,91.0,,139.0,51.0,14.0
159656,,,,,,,,756.0,,300.0,,10.0,,,,88.0,31.0,35.0,74.0,,,36.0,,116.0,16.0,7.0
159717,,,,,,,,684.0,,307.0,,,,,,49.0,26.0,26.0,63.0,7.0,,41.0,,115.0,19.0,
159939,,,,,,,,1115.0,,308.0,11.0,,,,,161.0,403.0,62.0,25.0,3.0,,19.0,,50.0,2.0,
159948,,,,,,,,283.0,,117.0,,,,,,15.0,3.0,7.0,,,,31.0,,72.0,,
159966,,,,,,,,646.0,,268.0,,,,,,45.0,28.0,16.0,51.0,5.0,,65.0,1.0,102.0,22.0,1.0
159993,,,,,,,,898.0,,349.0,14.0,44.0,,,,37.0,35.0,27.0,90.0,27.0,,64.0,,131.0,36.0,19.0
160010,,,,,,,,92.0,,56.0,,,,,,7.0,15.0,1.0,,,,2.0,,6.0,2.0,
160038,,,,,,,,842.0,,363.0,,9.0,,,,72.0,23.0,31.0,52.0,12.0,,39.0,,137.0,26.0,4.0
160065,,,,,,,,163.0,,79.0,,,,,,23.0,3.0,8.0,,0.0,,11.0,,26.0,,
160074,,,,,,,,194.0,,109.0,,,,,,17.0,7.0,3.0,13.0,2.0,,3.0,1.0,18.0,,
160117,,,,,,,,16.0,,6.0,,,,,,3.0,1.0,1.0,,,,0.0,,4.0,,
160126,,,,,,,,3.0,,2.0,,,,,,,,,,,,,,1.0,,
160135,,,,,,,,3.0,,1.0,,,,,,,1.0,,,,,,,,,
160199,,,,,,,,7.0,,4.0,,,,,,0.0,1.0,,,,,,,1.0,,
160320,,,,,,,,230.0,,124.0,,,,,,39.0,9.0,,,,,13.0,45.0,,,
160409,,,,,,,,52.0,,23.0,,1.0,,,,5.0,1.0,2.0,1.0,,,3.0,,7.0,4.0,
160445,,,,,,,,13.0,,7.0,,,,,,1.0,1.0,,,,,,2.0,1.0,1.0,
160472,,,,,,,,5.0,,1.0,,,,,,1.0,2.0,,,,,,,0.0,1.0,
160481,,,,,,,,125.0,,69.0,,,,,,17.0,19.0,2.0,,,,1.0,,8.0,6.0,
160524,,,,,,,,42.0,,23.0,,,,,,6.0,1.0,1.0,,,,3.0,4.0,4.0,,
160533,,,,,,,,54.0,,,,,,,,18.0,25.0,1.0,1.0,,,,,7.0,,
160579,,,,,,,,194.0,,108.0,,,,,,21.0,36.0,5.0,,,,3.0,,9.0,6.0,
160597,,,,,,,,12.0,,4.0,,,,,,3.0,1.0,,,,,2.0,,2.0,,
160612,,,,,,,,1270.0,,508.0,,,,,,162.0,79.0,26.0,78.0,5.0,,120.0,,141.0,70.0,15.0
160621,,,,,,,,1072.0,,347.0,41.0,43.0,,,,59.0,55.0,28.0,69.0,5.0,,119.0,,175.0,43.0,11.0
160630,,,,,,,,291.0,,101.0,,,,,,29.0,11.0,14.0,26.0,2.0,,36.0,,41.0,2.0,5.0
160649,,,,,,,,251.0,,103.0,1.0,,,,,28.0,9.0,10.0,11.0,,,17.0,,14.0,5.0,
160658,,,,,,,,1899.0,,685.0,41.0,,,,,215.0,52.0,211.0,108.0,33.0,,113.0,11.0,259.0,91.0,23.0
160667,,,,,,,,193.0,,109.0,,,,,,19.0,31.0,1.0,2.0,,,1.0,,15.0,4.0,
160755,,,,,,,,4722.0,,1235.0,397.0,,,,,758.0,228.0,243.0,209.0,362.0,,335.0,,619.0,154.0,33.0
160904,,,,,,,,729.0,,227.0,,,,,,82.0,55.0,67.0,73.0,7.0,,96.0,2.0,87.0,3.0,2.0
160913,,,,,,,,84.0,,51.0,,,,,,8.0,11.0,,,,,1.0,,8.0,3.0,
160940,,,,,,,,39.0,,6.0,,,,,,7.0,4.0,,10.0,,,,,0.0,,
160959,,,,,,,,89.0,,25.0,,,,,,5.0,7.0,5.0,8.0,,,13.0,,17.0,3.0,0.0
160977,,,,,,,,750.0,,184.0,,,,,,73.0,44.0,36.0,52.0,11.0,,152.0,12.0,95.0,26.0,9.0
160995,,,,,,,,31.0,,11.0,,,,,,3.0,1.0,1.0,,,,3.0,0.0,5.0,,
161004,,,,,,,,928.0,,217.0,0.0,,,,,136.0,54.0,70.0,66.0,9.0,,199.0,3.0,105.0,27.0,13.0
161022,,,,,,,,27.0,,16.0,,,,,,4.0,2.0,,1.0,,,,,1.0,,
161077,,,,,,,,168.0,,99.0,,,,,,15.0,7.0,4.0,6.0,,,19.0,,6.0,1.0,
161086,,,,,,,,737.0,,214.0,,,,,,111.0,12.0,37.0,58.0,11.0,,86.0,3.0,86.0,27.0,6.0
161138,,,,,,,,216.0,,142.0,1.0,,,,,17.0,4.0,5.0,1.0,,,9.0,1.0,16.0,3.0,
161192,,,,,,,,124.0,,62.0,,,,,,15.0,7.0,4.0,4.0,,,10.0,,9.0,3.0,
161208,,,,,,,,11.0,,5.0,,,,,,2.0,1.0,,,,,,,2.0,,
161217,,,,,,,,345.0,,139.0,,2.0,,,,22.0,10.0,5.0,28.0,3.0,,23.0,1.0,61.0,3.0,
161226,,,,,,,,350.0,,136.0,,,,,,19.0,7.0,6.0,31.0,4.0,,50.0,,50.0,9.0,
161235,,,,,,,,131.0,,48.0,,,,,,12.0,2.0,1.0,8.0,1.0,,17.0,1.0,19.0,1.0,
161244,,,,,,,,89.0,,42.0,,,,,,4.0,3.0,3.0,7.0,1.0,,13.0,,10.0,,
161253,,,,,,,,2327.0,,607.0,20.0,43.0,,,,61.0,145.0,305.0,168.0,9.0,,356.0,5.0,299.0,111.0,12.0
161280,,,,,,,,402.0,,,,,,,,54.0,73.0,175.0,14.0,7.0,,1.0,,65.0,,
161299,,,,,,,,264.0,,89.0,4.0,,,,,19.0,10.0,14.0,26.0,3.0,,27.0,,22.0,17.0,16.0
161341,,,,,,,,150.0,,52.0,,,,,,9.0,6.0,2.0,26.0,2.0,,15.0,,22.0,4.0,
161457,,,,,,,,1133.0,,390.0,16.0,,,,,59.0,57.0,56.0,63.0,42.0,,99.0,13.0,118.0,25.0,
161484,,,,,,,,91.0,,45.0,,,,,,9.0,5.0,4.0,4.0,,,8.0,,4.0,4.0,
161493,,,,,,,,14.0,,9.0,,,,,,2.0,,,,,,,,1.0,,
161509,,,,,,,,115.0,,53.0,,,,,,4.0,6.0,3.0,4.0,1.0,,,,12.0,9.0,
161518,,,,,,,,411.0,,128.0,,,,,,54.0,6.0,12.0,23.0,6.0,,93.0,1.0,46.0,7.0,
161527,,,,,,,,24.0,,13.0,,,,,,3.0,,,,,,,,3.0,,
161545,,,,,,,,371.0,,212.0,,,,,,21.0,13.0,12.0,12.0,,,29.0,,29.0,7.0,
161554,,,,,,,,1138.0,,391.0,7.0,,,,,47.0,48.0,148.0,94.0,7.0,,102.0,,180.0,22.0,
161563,,,,,,,,161.0,,48.0,,,,,,26.0,3.0,3.0,20.0,4.0,,17.0,,13.0,5.0,1.0
161572,,,,,,,,165.0,,49.0,,,,,,23.0,2.0,8.0,5.0,2.0,,29.0,2.0,16.0,8.0,
161581,,,,,,,,69.0,,32.0,,,,,,9.0,3.0,1.0,3.0,,,6.0,,4.0,4.0,
161651,,,,,,,,4.0,,2.0,,,,,,1.0,0.0,0.0,,,,,,0.0,,
161688,,,,,,,,366.0,,132.0,1.0,12.0,,,,35.0,14.0,16.0,6.0,2.0,,8.0,5.0,64.0,26.0,7.0
161767,,,,,,,,1182.0,,449.0,,127.0,,,,66.0,54.0,110.0,81.0,9.0,,62.0,28.0,153.0,11.0,5.0
161776,,,,,,,,22.0,,7.0,,,,,,2.0,,,8.0,,,,,2.0,,
161800,,,,,,,,16.0,,7.0,,,,,,5.0,1.0,,,,,,2.0,,1.0,
161855,,,,,,,,9.0,,6.0,,,,,,,,,,,,,,3.0,,
161864,,,,,,,,533.0,,176.0,,,,,,60.0,49.0,20.0,65.0,1.0,,26.0,,80.0,32.0,1.0
161873,,,,,,,,745.0,,266.0,,10.0,,,,121.0,85.0,60.0,39.0,4.0,,56.0,2.0,63.0,7.0,2.0
162007,,,,,,,,676.0,,290.0,,,,,,84.0,101.0,24.0,34.0,3.0,,26.0,2.0,86.0,12.0,3.0
162061,,,,,,,,77.0,,32.0,,,,,,6.0,3.0,4.0,2.0,,,6.0,,5.0,,
162104,,,,,,,,277.0,,103.0,,26.0,,,,12.0,15.0,8.0,24.0,,,2.0,,64.0,,
162122,,,,,,,,760.0,,235.0,,34.0,,,,57.0,43.0,32.0,39.0,4.0,,16.0,1.0,135.0,50.0,
162168,,,,,,,,292.0,,79.0,,5.0,,,,27.0,17.0,12.0,15.0,1.0,,23.0,,43.0,4.0,0.0
162210,,,,,,,,211.0,,100.0,,,,,,28.0,11.0,6.0,22.0,,,7.0,0.0,16.0,6.0,2.0
162283,,,,,,,,505.0,,163.0,0.0,,,,,86.0,64.0,22.0,22.0,1.0,,31.0,,90.0,9.0,4.0
162335,,,,,,,,5.0,,3.0,,,,,,1.0,0.0,,,,,,,1.0,,
162371,,,,,,,,52.0,,27.0,,,,,,12.0,2.0,,,,,2.0,4.0,2.0,,
162557,,,,,,,,634.0,,204.0,,13.0,,,,80.0,12.0,25.0,38.0,,,23.0,,114.0,40.0,4.0
162584,,,,,,,,812.0,,296.0,,,,,,76.0,70.0,36.0,39.0,5.0,,88.0,2.0,135.0,33.0,10.0
162609,,,,,,,,174.0,,30.0,1.0,8.0,,,,20.0,,3.0,13.0,,,8.0,3.0,47.0,27.0,2.0
162654,,,,,,,,481.0,,163.0,,,,,,55.0,31.0,20.0,45.0,4.0,,57.0,,52.0,16.0,2.0
162681,,,,,,,,29.0,,3.0,,,,,,5.0,3.0,1.0,4.0,,,1.0,,2.0,,
162690,,,,,,,,372.0,,126.0,,14.0,,,,44.0,10.0,11.0,26.0,0.0,,34.0,3.0,51.0,9.0,2.0
162706,,,,,,,,570.0,,172.0,,39.0,,,,31.0,34.0,34.0,44.0,,,32.0,6.0,59.0,15.0,
162760,,,,,,,,292.0,,149.0,,,,,,27.0,14.0,14.0,27.0,3.0,,10.0,,37.0,,1.0
162779,,,,,,,,905.0,,400.0,,42.0,,,,38.0,40.0,50.0,38.0,9.0,,1.0,,95.0,76.0,8.0
162830,,,,,,,,13.0,,6.0,,,,,,3.0,2.0,,,,,,1.0,,,
162928,,,,,,,,17762.0,,3804.0,940.0,,,,,159.0,2111.0,2489.0,447.0,2880.0,,802.0,,3032.0,185.0,8.0
163028,,,,,,,,54.0,,23.0,,,,,,15.0,,1.0,,,,3.0,,8.0,,1.0
163046,,,,,,,,1094.0,,413.0,,,,,,186.0,24.0,66.0,80.0,9.0,,122.0,2.0,154.0,18.0,19.0
163204,,,,,,,,2582.0,,1356.0,,,,,,353.0,266.0,67.0,240.0,,,5.0,,221.0,1.0,
163259,,,,,,,,5879.0,,2051.0,449.0,,,,,675.0,671.0,820.0,253.0,179.0,,322.0,7.0,293.0,74.0,12.0
163268,,,,,,,,2093.0,,645.0,141.0,,,,,339.0,328.0,163.0,120.0,22.0,,39.0,5.0,184.0,46.0,17.0
163286,,,,,,,,9397.0,,2098.0,1635.0,,,,,384.0,1687.0,755.0,514.0,55.0,,712.0,1.0,355.0,391.0,130.0
163295,,,,,,,,656.0,,307.0,,15.0,,,,121.0,17.0,14.0,15.0,,,60.0,17.0,56.0,12.0,2.0
163338,,,,,,,,730.0,,242.0,10.0,0.0,,,,94.0,53.0,49.0,33.0,3.0,,88.0,,95.0,44.0,8.0
163347,,,,,,,,35.0,,9.0,,,,,,11.0,3.0,,,,,,7.0,2.0,1.0,
163408,,,,,,,,12.0,,6.0,,,,,,4.0,1.0,,,,,,,,1.0,
163426,,,,,,,,2293.0,,774.0,,115.0,,,,206.0,117.0,329.0,,3.0,,241.0,5.0,269.0,70.0,3.0
163453,,,,,,,,1684.0,,533.0,31.0,10.0,,,,357.0,65.0,53.0,37.0,17.0,,95.0,18.0,299.0,133.0,14.0
163462,,,,,,,,434.0,,165.0,,,,,,67.0,19.0,9.0,60.0,5.0,,16.0,,75.0,1.0,
163532,,,,,,,,60.0,,12.0,1.0,,,,,6.0,,1.0,1.0,,,19.0,5.0,7.0,,
163541,,,,,,,,25.0,,12.0,,,,,,5.0,2.0,,,,,,3.0,2.0,1.0,
163578,,,,,,,,328.0,,154.0,,,,,,41.0,7.0,22.0,7.0,1.0,,10.0,16.0,40.0,9.0,1.0
163657,,,,,,,,1184.0,,389.0,,195.0,,,,52.0,54.0,105.0,62.0,4.0,,86.0,0.0,91.0,17.0,8.0
163736,,,,,,,,33.0,,11.0,,,,,,2.0,,,15.0,,,,,2.0,,
163754,,,,,,,,11.0,,8.0,,,,,,1.0,1.0,,,,,,,,,
163815,,,,,,,,9.0,,6.0,,,,,,,,,,,,,,3.0,,
163851,,,,,,,,1319.0,,511.0,0.0,1.0,,,,118.0,98.0,60.0,60.0,8.0,,137.0,10.0,239.0,50.0,4.0
163912,,,,,,,,418.0,,158.0,1.0,,,,,36.0,29.0,19.0,54.0,3.0,,47.0,0.0,38.0,14.0,
163976,,,,,,,,165.0,,59.0,,,,,,14.0,20.0,5.0,10.0,6.0,,17.0,6.0,11.0,6.0,
164058,,,,,,,,31.0,,14.0,,,,,,2.0,,,11.0,,,,,2.0,,
164076,,,,,,,,2625.0,,1173.0,1.0,,,,,297.0,323.0,140.0,117.0,20.0,,61.0,10.0,280.0,97.0,56.0
164085,,,,,,,,180.0,,70.0,1.0,,,,,38.0,9.0,6.0,,,,2.0,,20.0,1.0,
164146,,,,,,,,97.0,,,,,,,,43.0,29.0,8.0,6.0,,,2.0,,7.0,2.0,
164155,,,,,,,,737.0,,327.0,12.0,,,,,65.0,71.0,112.0,21.0,7.0,,7.0,,52.0,3.0,6.0
164173,,,,,,,,620.0,,242.0,,,,,,63.0,28.0,26.0,52.0,25.0,,26.0,4.0,46.0,15.0,9.0
164216,,,,,,,,502.0,,132.0,,,,,,44.0,25.0,35.0,43.0,7.0,,99.0,1.0,43.0,17.0,5.0
164270,,,,,,,,551.0,,283.0,,,,,,45.0,22.0,6.0,68.0,2.0,,21.0,1.0,58.0,19.0,0.0
164313,,,,,,,,295.0,,99.0,,31.0,,,,8.0,12.0,12.0,13.0,1.0,,31.0,,58.0,4.0,
164368,,,,,,,,203.0,,64.0,1.0,,,,,4.0,8.0,3.0,6.0,,,,60.0,4.0,,
164438,,,,,,,,72.0,,27.0,,,,,,15.0,3.0,,10.0,,,,,1.0,,
164447,,,,,,,,401.0,,185.0,,,,,,41.0,20.0,11.0,53.0,2.0,,,,29.0,,
164465,,,,,,,,946.0,,244.0,,,,,,98.0,66.0,74.0,85.0,11.0,,154.0,,128.0,33.0,7.0
164474,,,,,,,,17.0,,6.0,,,,,,2.0,1.0,3.0,,,,,,2.0,,
164492,,,,,,,,185.0,,97.0,,,,,,25.0,5.0,4.0,16.0,5.0,,3.0,,25.0,,
164535,,,,,,,,7.0,,5.0,,,,,,1.0,,,,,,,,1.0,,
164562,,,,,,,,425.0,,199.0,,,,,,62.0,6.0,24.0,48.0,6.0,,24.0,1.0,41.0,,
164580,,,,,,,,885.0,,228.0,,,,,,76.0,121.0,58.0,117.0,6.0,,77.0,,110.0,32.0,
164599,,,,,,,,10.0,,5.0,,,,,,5.0,,,,,,0.0,,,,
164614,,,,,,,,16.0,,8.0,,,,,,4.0,1.0,,,,,0.0,,1.0,1.0,
164632,,,,,,,,421.0,,164.0,,,,,,44.0,8.0,16.0,33.0,,,29.0,2.0,44.0,,1.0
164641,,,,,,,,85.0,,34.0,,,,,,29.0,7.0,4.0,1.0,,,2.0,,5.0,,
164678,,,,,,,,20.0,,10.0,,,,,,6.0,1.0,,,,,2.0,,0.0,,
164720,,,,,,,,311.0,,113.0,,,,,,45.0,8.0,,23.0,14.0,,21.0,8.0,22.0,,9.0
164739,,,,,,,,945.0,,344.0,,,,,,127.0,52.0,76.0,129.0,5.0,,73.0,,100.0,13.0,
164748,,,,,,,,1265.0,,526.0,,,,,,193.0,103.0,97.0,142.0,,,35.0,,92.0,6.0,
164775,,,,,,,,227.0,,87.0,,,,,,28.0,3.0,9.0,6.0,,,14.0,,39.0,5.0,
164845,,,,,,,,13.0,,6.0,,,,,,3.0,,,,,,,,1.0,1.0,
164872,,,,,,,,154.0,,69.0,,,,,,24.0,4.0,4.0,3.0,,,4.0,,21.0,,
164915,,,,,,,,21.0,,13.0,0.0,,,,,1.0,,,,,,,,2.0,,
164924,,,,,,,,3735.0,,1044.0,238.0,,,,,509.0,192.0,244.0,225.0,31.0,,479.0,29.0,413.0,93.0,17.0
164988,,,,,,,,9220.0,,3196.0,626.0,,,,,705.0,1385.0,874.0,403.0,120.0,,824.0,,743.0,160.0,33.0
165015,,,,,,,,1638.0,,417.0,184.0,,,,,65.0,127.0,173.0,98.0,7.0,,119.0,,165.0,35.0,8.0
165024,,,,,,,,1257.0,,495.0,,,,,,34.0,255.0,50.0,23.0,9.0,,159.0,,167.0,37.0,4.0
165033,,,,,,,,698.0,,304.0,,15.0,,,,70.0,20.0,33.0,15.0,2.0,,28.0,,85.0,8.0,
165060,,,,,,,,24.0,,16.0,,,,,,2.0,2.0,,1.0,,,,,2.0,,
165112,,,,,,,,597.0,,273.0,,,,,,79.0,,35.0,39.0,,,22.0,3.0,106.0,10.0,
165167,,,,,,,,226.0,,120.0,1.0,,,,,29.0,11.0,15.0,13.0,,,,,21.0,2.0,
165194,,,,,,,,318.0,,140.0,,,,,,32.0,6.0,16.0,19.0,,,15.0,,47.0,4.0,
165255,,,,,,,,23.0,,11.0,,,,,,2.0,2.0,,1.0,,,1.0,1.0,5.0,,
165264,,,,,,,,95.0,,41.0,,,,,,16.0,7.0,1.0,1.0,0.0,,7.0,,8.0,,
165334,,,,,,,,693.0,,248.0,19.0,,,,,83.0,85.0,36.0,32.0,,,62.0,,76.0,18.0,7.0
165495,,,,,,,,8.0,,4.0,,,,,,3.0,0.0,,1.0,,,,1.0,,,
165529,,,,,,,,480.0,,203.0,,,,,,28.0,13.0,15.0,45.0,6.0,,37.0,,55.0,10.0,1.0
165556,,,,,,,,22.0,,9.0,,,,,,5.0,,1.0,,,,,,5.0,,
165574,,,,,,,,225.0,,65.0,,,,,,35.0,23.0,9.0,6.0,4.0,,2.0,,14.0,8.0,
165608,,,,,,,,8.0,,6.0,,,,,,1.0,,,,,,,,1.0,,
165635,,,,,,,,29.0,,11.0,,,,,,16.0,,,,,,,,2.0,,
165644,,,,,,,,181.0,,75.0,,,,,,15.0,11.0,9.0,12.0,1.0,,9.0,10.0,12.0,6.0,1.0
165662,,,,,,,,847.0,,286.0,,,,,,246.0,45.0,31.0,94.0,21.0,,52.0,,41.0,4.0,3.0
165671,,,,,,,,327.0,,124.0,,,,,,42.0,89.0,10.0,5.0,1.0,,24.0,,23.0,4.0,
165699,,,,,,,,659.0,,222.0,,,,,,70.0,30.0,20.0,66.0,6.0,,76.0,,60.0,20.0,
165750,,,,,,,,9.0,,4.0,,,,,,1.0,2.0,,,,,,,2.0,,
165802,,,,,,,,183.0,,82.0,2.0,8.0,,,,9.0,14.0,3.0,10.0,1.0,,,,2.0,3.0,
165820,,,,,,,,616.0,,280.0,,,,,,54.0,9.0,17.0,23.0,3.0,,73.0,,75.0,8.0,13.0
165866,,,,,,,,584.0,,243.0,,,,,,78.0,8.0,16.0,7.0,8.0,,58.0,,62.0,18.0,14.0
165884,,,,,,,,101.0,,48.0,,,,,,14.0,3.0,,2.0,1.0,,5.0,,2.0,,
165936,,,,,,,,490.0,,135.0,,,,,,39.0,32.0,17.0,41.0,9.0,,83.0,1.0,45.0,9.0,2.0
165945,,,,,,,,181.0,,33.0,1.0,,,,,34.0,5.0,18.0,2.0,,,10.0,,61.0,4.0,
165981,,,,,,,,225.0,,90.0,,,,,,26.0,8.0,14.0,6.0,1.0,,2.0,,30.0,15.0,4.0
166018,,,,,,,,405.0,,139.0,,,,,,35.0,19.0,19.0,27.0,,,35.0,,55.0,13.0,
166027,,,,,,,,17320.0,,2246.0,2266.0,,,,,2906.0,2318.0,2265.0,592.0,161.0,,1147.0,,2198.0,160.0,54.0
166045,,,,,,,,81.0,,30.0,,,,,,28.0,4.0,3.0,,,,,,8.0,5.0,
166054,,,,,,,,70.0,,18.0,,,,,,20.0,3.0,2.0,11.0,,,9.0,1.0,5.0,,
166124,,,,,,,,1048.0,,286.0,,,,,,78.0,54.0,44.0,116.0,13.0,,233.0,3.0,132.0,29.0,6.0
166133,,,,,,,,596.0,,237.0,,,,,,67.0,3.0,22.0,17.0,3.0,,36.0,,99.0,4.0,10.0
166391,,,,,,,,380.0,,141.0,,,,,,44.0,24.0,19.0,34.0,3.0,,39.0,,21.0,15.0,
166407,,,,,,,,56.0,,46.0,,,,,,3.0,,1.0,,,,,,1.0,,
166452,,,,,,,,656.0,,298.0,,,,,,108.0,33.0,15.0,41.0,2.0,,4.0,,140.0,,
166489,,,,,,,,78.0,,51.0,,,,,,12.0,3.0,,2.0,,,2.0,,3.0,,
166498,,,,,,,,9.0,,5.0,,,,,,1.0,1.0,,,,,,,1.0,,
166513,,,,,,,,1875.0,,787.0,34.0,,,,,382.0,92.0,130.0,96.0,8.0,,142.0,,156.0,29.0,3.0
166586,,,,,,,,8.0,,3.0,,,,,,3.0,1.0,,,,,,,1.0,,
166595,,,,,,,,9.0,,4.0,,,,,,2.0,2.0,,,,,,,1.0,,
166629,,,,,,,,5591.0,,1472.0,263.0,24.0,,,,195.0,395.0,519.0,276.0,89.0,,843.0,7.0,729.0,256.0,122.0
166638,,,,,,,,2029.0,,849.0,,,,,,89.0,110.0,187.0,358.0,27.0,,38.0,1.0,253.0,11.0,20.0
166647,,,,,,,,361.0,,162.0,,,,,,57.0,7.0,11.0,,,,6.0,,45.0,8.0,
166656,,,,,,,,725.0,,273.0,,,,,,149.0,16.0,23.0,13.0,87.0,,32.0,,63.0,,
166665,,,,,,,,386.0,,,,,,,,75.0,102.0,143.0,31.0,,,,,34.0,,
166674,,,,,,,,437.0,,186.0,,,,,,81.0,8.0,12.0,,,,53.0,,61.0,,18.0
166683,,,,,,,,12842.0,,1456.0,4555.0,,,,,1029.0,809.0,1055.0,560.0,229.0,,560.0,30.0,2048.0,413.0,22.0
166692,,,,,,,,302.0,,110.0,,,,,,24.0,18.0,11.0,12.0,6.0,,25.0,,25.0,22.0,18.0
166708,,,,,,,,4713.0,,1375.0,475.0,,,,,174.0,1040.0,204.0,9.0,869.0,,146.0,,308.0,55.0,42.0
166717,,,,,,,,175.0,,90.0,4.0,,,,,24.0,6.0,5.0,19.0,,,7.0,3.0,16.0,,
166805,,,,,,,,5.0,,3.0,,,,,,,,,,,,,,2.0,,
166823,,,,,,,,604.0,,258.0,,,,,,86.0,12.0,29.0,39.0,4.0,,61.0,8.0,65.0,8.0,1.0
166850,,,,,,,,676.0,,258.0,,,,,,37.0,47.0,17.0,53.0,6.0,,60.0,,66.0,,
166869,,,,,,,,200.0,,98.0,5.0,,,,,22.0,15.0,8.0,,,,,,32.0,,
166887,,,,,,,,587.0,,252.0,,,,,,39.0,35.0,21.0,7.0,1.0,,46.0,,75.0,,
166911,,,,,,,,68.0,,33.0,,,,,,6.0,2.0,2.0,0.0,1.0,,3.0,,3.0,1.0,
166939,,,,,,,,911.0,,236.0,,,,,,85.0,53.0,71.0,48.0,6.0,,192.0,2.0,91.0,44.0,7.0
166948,,,,,,,,278.0,,116.0,,,,,,32.0,11.0,16.0,43.0,7.0,,6.0,,23.0,,
166957,,,,,,,,564.0,,196.0,,,,,,78.0,16.0,14.0,45.0,4.0,,67.0,,75.0,8.0,1.0
167039,,,,,,,,2.0,,2.0,,,,,,,,,,,,,,,,
167057,,,,,,,,331.0,,186.0,,,,,,9.0,13.0,9.0,11.0,4.0,,9.0,,22.0,,
167093,,,,,,,,138.0,,53.0,3.0,3.0,,,,17.0,4.0,5.0,2.0,8.0,,4.0,,29.0,,1.0
167215,,,,,,,,111.0,,46.0,7.0,,,,,23.0,6.0,8.0,,,,6.0,,4.0,,
167224,,,,,,,,21.0,,8.0,,,,,,4.0,,,,,,,,4.0,,
167251,,,,,,,,106.0,,45.0,,,,,,15.0,7.0,4.0,15.0,1.0,,,,2.0,,
167260,,,,,,,,220.0,,72.0,,,,,,30.0,11.0,14.0,32.0,3.0,,13.0,,19.0,6.0,
167288,,,,,,,,340.0,,113.0,,,,,,25.0,18.0,12.0,14.0,6.0,,45.0,,42.0,13.0,
167297,,,,,,,,34.0,,15.0,,,,,,8.0,1.0,,,,,,,5.0,3.0,
167312,,,,,,,,592.0,,255.0,,,,,,48.0,15.0,11.0,26.0,2.0,,44.0,,107.0,7.0,2.0
167358,,,,,,,,4046.0,,1451.0,22.0,,,,,197.0,450.0,538.0,364.0,42.0,,188.0,,232.0,92.0,10.0
167376,,,,,,,,533.0,,218.0,,,,,,67.0,17.0,40.0,4.0,,,9.0,,69.0,4.0,
167394,,,,,,,,239.0,,106.0,,,,,,20.0,10.0,9.0,29.0,5.0,,13.0,,30.0,,
167455,,,,,,,,114.0,,53.0,2.0,,,,,8.0,7.0,,5.0,,,9.0,2.0,0.0,,5.0
167464,,,,,,,,30.0,,16.0,,,,,,3.0,0.0,,0.0,,,6.0,1.0,3.0,,
167525,,,,,,,,279.0,,158.0,2.0,,,,,25.0,8.0,8.0,13.0,,,12.0,,10.0,,
167534,,,,,,,,685.0,,267.0,,,,,,85.0,27.0,33.0,57.0,3.0,,49.0,,71.0,7.0,2.0
167598,,,,,,,,419.0,,176.0,,,,,,46.0,9.0,11.0,24.0,6.0,,35.0,,41.0,6.0,1.0
167631,,,,,,,,265.0,,98.0,,,,,,34.0,6.0,9.0,26.0,5.0,,16.0,,29.0,2.0,1.0
167677,,,,,,,,37.0,,24.0,,,,,,2.0,2.0,,,,,1.0,,8.0,1.0,
167729,,,,,,,,1086.0,,503.0,,,,,,41.0,100.0,46.0,52.0,7.0,,103.0,,72.0,19.0,6.0
167738,,,,,,,,10.0,,5.0,,,,,,4.0,,,,,,,,0.0,,
167783,,,,,,,,934.0,,491.0,,,,,,99.0,50.0,40.0,28.0,9.0,,41.0,,117.0,8.0,
167792,,,,,,,,204.0,,62.0,,,,,,9.0,6.0,9.0,12.0,8.0,,49.0,6.0,19.0,7.0,5.0
167835,,,,,,,,1155.0,,368.0,,,,,,64.0,119.0,83.0,36.0,6.0,,136.0,0.0,132.0,33.0,25.0
167871,,,,,,,,22.0,,16.0,,,,,,2.0,,,,,,,,2.0,,
167899,,,,,,,,651.0,,252.0,,,,,,52.0,38.0,21.0,15.0,6.0,,98.0,,104.0,16.0,4.0
167905,,,,,,,,500.0,,214.0,,,,,,46.0,29.0,15.0,19.0,2.0,,36.0,,70.0,11.0,14.0
167987,,,,,,,,1225.0,,466.0,3.0,,,,,174.0,50.0,97.0,56.0,6.0,,114.0,,173.0,32.0,20.0
167996,,,,,,,,612.0,,207.0,,,,,,115.0,17.0,30.0,53.0,9.0,,84.0,,66.0,15.0,
168005,,,,,,,,1060.0,,460.0,,,,,,59.0,205.0,54.0,56.0,6.0,,57.0,,132.0,,
168032,,,,,,,,4.0,,2.0,,,,,,1.0,,,,,,,,1.0,,
168148,,,,,,,,4426.0,,1060.0,482.0,,,,,471.0,378.0,325.0,162.0,215.0,,418.0,,631.0,90.0,8.0
168218,,,,,,,,1119.0,,349.0,,,,,,94.0,73.0,98.0,66.0,11.0,,232.0,,88.0,47.0,6.0
168227,,,,,,,,589.0,,231.0,,,,,,66.0,37.0,52.0,41.0,3.0,,30.0,,39.0,24.0,
168254,,,,,,,,760.0,,283.0,,,,,,84.0,14.0,43.0,36.0,10.0,,128.0,,84.0,16.0,4.0
168263,,,,,,,,890.0,,331.0,,,,,,50.0,29.0,31.0,38.0,8.0,,192.0,,108.0,27.0,
168281,,,,,,,,503.0,,154.0,,,,,,71.0,24.0,24.0,58.0,4.0,,64.0,,58.0,15.0,6.0
168290,,,,,,,,221.0,,83.0,,,,,,21.0,18.0,5.0,20.0,1.0,,10.0,,12.0,2.0,
168342,,,,,,,,1125.0,,338.0,,,,,,141.0,58.0,78.0,70.0,6.0,,191.0,,120.0,35.0,12.0
168421,,,,,,,,1198.0,,423.0,41.0,,,,,117.0,134.0,104.0,93.0,3.0,,95.0,7.0,139.0,17.0,
168430,,,,,,,,705.0,,288.0,,,,,,65.0,21.0,30.0,45.0,2.0,,65.0,,93.0,13.0,3.0
168528,,,,,,,,355.0,,126.0,0.0,,,,,25.0,14.0,9.0,79.0,1.0,,48.0,6.0,36.0,,2.0
168546,,,,,,,,430.0,,124.0,,,,,,56.0,25.0,20.0,69.0,6.0,,34.0,,51.0,14.0,3.0
168555,,,,,,,,4.0,,3.0,,,,,,,,,,,,,,1.0,,
168573,,,,,,,,33.0,,9.0,,,,,,7.0,,,,,,,3.0,9.0,2.0,
168591,,,,,,,,329.0,,119.0,,,,,,34.0,6.0,7.0,38.0,3.0,,45.0,,71.0,,
168607,,,,,,,,142.0,,73.0,,2.0,,,,22.0,4.0,6.0,3.0,,,6.0,,17.0,4.0,0.0
168740,,,,,,,,752.0,,234.0,,,,,,75.0,27.0,44.0,18.0,,,77.0,4.0,164.0,35.0,9.0
168786,,,,,,,,321.0,,129.0,,,,,,13.0,21.0,10.0,62.0,,,37.0,,12.0,,
168847,,,,,,,,1453.0,,912.0,,,,,,99.0,10.0,48.0,,,,102.0,,89.0,,
168883,,,,,,,,152.0,,68.0,,,,,,9.0,11.0,10.0,5.0,,,7.0,,11.0,5.0,
168892,,,,,,,,7.0,,5.0,,,,,,1.0,,,,,,,,1.0,,
169071,,,,,,,,2.0,,2.0,,,,,,,,,,,,,,,,
169080,,,,,,,,749.0,,302.0,,,,,,39.0,48.0,46.0,106.0,13.0,,62.0,,90.0,18.0,1.0
169099,,,,,,,,45.0,,15.0,,,,,,6.0,5.0,2.0,,,,,,9.0,1.0,
169187,,,,,,,,21.0,,12.0,,,,,,1.0,2.0,,,,,,,2.0,,
169220,,,,,,,,31.0,,19.0,,,,,,5.0,,,0.0,,,,,1.0,,
169248,,,,,,,,2559.0,,954.0,2.0,,,,,386.0,122.0,146.0,196.0,31.0,,152.0,3.0,364.0,80.0,29.0
169275,,,,,,,,521.0,,219.0,,,,,,48.0,21.0,17.0,28.0,1.0,,49.0,,62.0,4.0,
169284,,,,,,,,22.0,,12.0,,,,,,4.0,,,,,,,,2.0,,
169327,,,,,,,,82.0,,23.0,,,,,,15.0,2.0,2.0,8.0,,,9.0,0.0,2.0,,
169363,,,,,,,,193.0,,89.0,,,,,,38.0,,3.0,24.0,0.0,,24.0,3.0,10.0,,
169424,,,,,,,,38.0,,10.0,,,,,,6.0,4.0,2.0,,,,,1.0,5.0,,1.0
169442,,,,,,,,366.0,,131.0,,5.0,,,,66.0,8.0,15.0,11.0,,,16.0,,39.0,25.0,
169479,,,,,,,,732.0,,308.0,,,,,,86.0,41.0,36.0,126.0,4.0,,20.0,3.0,58.0,7.0,2.0
169503,,,,,,,,20.0,,13.0,,,,,,2.0,3.0,,,,,,,2.0,,
169521,,,,,,,,636.0,,302.0,,,,,,71.0,10.0,,30.0,1.0,,47.0,,137.0,1.0,2.0
169576,,,,,,,,8.0,,3.0,,,,,,2.0,1.0,,,,,,,1.0,0.0,
169628,,,,,,,,115.0,,53.0,,,,,,7.0,3.0,4.0,11.0,,,,,22.0,,
169655,,,,,,,,131.0,,54.0,,,,,,1.0,4.0,1.0,1.0,,,16.0,17.0,21.0,,
169716,,,,,,,,982.0,,444.0,,,,,,70.0,36.0,41.0,51.0,28.0,,57.0,2.0,118.0,19.0,1.0
169734,,,,,,,,67.0,,41.0,,,,,,4.0,,,,,,,,4.0,,
169761,,,,,,,,16.0,,5.0,,,,,,1.0,,,,,,,,1.0,,
169798,,,,,,,,1972.0,,936.0,,,,,,260.0,52.0,74.0,133.0,16.0,,178.0,1.0,200.0,40.0,14.0
169813,,,,,,,,4.0,,2.0,,,,,,1.0,1.0,,,,,,,,,
169910,,,,,,,,1483.0,,665.0,,,,,,95.0,81.0,63.0,60.0,11.0,,180.0,1.0,198.0,48.0,8.0
169947,,,,,,,,6.0,,3.0,,,,,,1.0,,,,,,0.0,,1.0,,
169974,,,,,,,,95.0,,32.0,,,,,,18.0,2.0,4.0,,,,10.0,,16.0,,
169983,,,,,,,,395.0,,112.0,2.0,,,,,62.0,22.0,38.0,15.0,,,34.0,,60.0,11.0,5.0
169992,,,,,,,,98.0,,52.0,,,,,,13.0,2.0,2.0,1.0,,,7.0,2.0,18.0,1.0,
170000,,,,,,,,124.0,,55.0,,,,,,8.0,12.0,3.0,11.0,0.0,,3.0,,26.0,,
170037,,,,,,,,304.0,,93.0,,,,,,48.0,10.0,12.0,29.0,1.0,,20.0,,35.0,3.0,
170055,,,,,,,,793.0,,383.0,,,,,,71.0,32.0,40.0,57.0,1.0,,71.0,,101.0,16.0,4.0
170082,,,,,,,,2721.0,,1347.0,,,,,,111.0,198.0,153.0,238.0,15.0,,180.0,10.0,341.0,59.0,11.0
170091,,,,,,,,27.0,,12.0,,,,,,1.0,3.0,,,,,6.0,,,1.0,
170240,,,,,,,,682.0,,357.0,,,,,,26.0,9.0,29.0,28.0,1.0,,61.0,,125.0,,3.0
170286,,,,,,,,589.0,,158.0,,,,,,50.0,33.0,18.0,47.0,7.0,,89.0,3.0,91.0,15.0,5.0
170301,,,,,,,,720.0,,275.0,7.0,,,,,60.0,28.0,33.0,76.0,7.0,,64.0,1.0,91.0,17.0,9.0
170444,,,,,,,,248.0,,68.0,,,,,,46.0,11.0,11.0,5.0,,,28.0,,39.0,8.0,
170532,,,,,,,,385.0,,121.0,,,,,,59.0,27.0,15.0,41.0,4.0,,37.0,,54.0,13.0,4.0
170541,,,,,,,,639.0,,271.0,,,,,,39.0,23.0,24.0,24.0,3.0,,61.0,,112.0,6.0,
170550,,,,,,,,360.0,,185.0,2.0,6.0,,,,52.0,5.0,8.0,21.0,,,2.0,2.0,48.0,7.0,
170587,,,,,,,,101.0,,32.0,,,,,,6.0,9.0,8.0,6.0,,,10.0,,15.0,,1.0
170611,,,,,,,,16.0,,6.0,,,,,,2.0,,,,,,0.0,,2.0,,
170620,,,,,,,,269.0,,117.0,,,,,,40.0,10.0,9.0,19.0,,,9.0,,40.0,9.0,
170639,,,,,,,,349.0,,115.0,,,,,,23.0,25.0,16.0,23.0,6.0,,53.0,,41.0,19.0,
170657,,,,,,,,1110.0,,626.0,,,,,,194.0,28.0,21.0,23.0,,,25.0,,151.0,,4.0
170675,,,,,,,,446.0,,185.0,,,,,,82.0,12.0,31.0,46.0,,,14.0,,65.0,1.0,
170736,,,,,,,,3.0,,1.0,,,,,,1.0,1.0,,,,,,,,,
170790,,,,,,,,1079.0,,439.0,,,,,,64.0,54.0,94.0,66.0,,,48.0,,124.0,38.0,
170806,,,,,,,,425.0,,206.0,,,,,,53.0,4.0,,16.0,4.0,,23.0,,22.0,7.0,
170842,,,,,,,,121.0,,60.0,,,,,,16.0,7.0,1.0,9.0,2.0,,9.0,,10.0,1.0,1.0
170967,,,,,,,,157.0,,72.0,,,,,,15.0,4.0,6.0,12.0,2.0,,6.0,0.0,10.0,3.0,
170976,,,,,,,,21792.0,,7050.0,,,,,,1611.0,2647.0,3786.0,567.0,489.0,,1560.0,,2104.0,679.0,194.0
171012,,,,,,,,8.0,,3.0,,,,,,1.0,,,,,,1.0,,2.0,,
171100,,,,,,,,12063.0,,3098.0,533.0,461.0,,,,980.0,1378.0,1427.0,384.0,372.0,,932.0,5.0,1086.0,343.0,161.0
171128,,,,,,,,1472.0,,426.0,139.0,,,,,63.0,170.0,140.0,81.0,3.0,,160.0,1.0,173.0,41.0,16.0
171137,,,,,,,,916.0,,410.0,,,,,,105.0,95.0,45.0,9.0,6.0,,37.0,,81.0,17.0,5.0
171146,,,,,,,,930.0,,408.0,,,,,,84.0,89.0,46.0,15.0,4.0,,62.0,,94.0,17.0,6.0
171155,,,,,,,,203.0,,84.0,1.0,2.0,,,,41.0,3.0,6.0,1.0,,,14.0,3.0,33.0,,
171225,,,,,,,,215.0,,96.0,,,,,,28.0,4.0,8.0,8.0,,,22.0,,32.0,4.0,
171234,,,,,,,,130.0,,50.0,,,,,,21.0,1.0,10.0,4.0,,,13.0,,21.0,,
171261,,,,,,,,13.0,,6.0,,,,,,1.0,1.0,,,,,1.0,,2.0,,
171304,,,,,,,,295.0,,148.0,,,,,,25.0,8.0,4.0,19.0,,,26.0,,52.0,,
171322,,,,,,,,28.0,,8.0,,,,,,7.0,,,,,,,,11.0,,
171395,,,,,,,,108.0,,36.0,,,,,,29.0,7.0,5.0,,,,11.0,,13.0,,
171456,,,,,,,,952.0,,337.0,1.0,,,,,73.0,45.0,47.0,78.0,14.0,,123.0,3.0,134.0,29.0,7.0
171483,,,,,,,,411.0,,156.0,,,,,,30.0,20.0,21.0,19.0,1.0,,44.0,2.0,65.0,4.0,1.0
171492,,,,,,,,481.0,,202.0,,,,,,55.0,45.0,15.0,70.0,4.0,,25.0,1.0,46.0,12.0,
171535,,,,,,,,930.0,,457.0,,,,,,75.0,32.0,28.0,44.0,,,74.0,,163.0,9.0,22.0
171571,,,,,,,,1983.0,,833.0,6.0,,,,,76.0,154.0,113.0,157.0,7.0,,129.0,,239.0,49.0,
171599,,,,,,,,187.0,,63.0,1.0,,,,,27.0,10.0,2.0,44.0,3.0,,18.0,,4.0,7.0,
171775,,,,,,,,5.0,,3.0,,,,,,1.0,,,,,,,,1.0,,
171881,,,,,,,,40.0,,15.0,,,,,,11.0,,1.0,3.0,,,3.0,,4.0,,
171988,,,,,,,,16.0,,8.0,,,,,,3.0,,,,,,,,1.0,,
171997,,,,,,,,19.0,,9.0,,,,,,3.0,,,,,,,,1.0,,
172015,,,,,,,,18.0,,9.0,,,,,,3.0,,,,,,,,1.0,,
172033,,,,,,,,60.0,,29.0,,,,,,13.0,1.0,1.0,,,,,,7.0,,
172051,,,,,,,,868.0,,379.0,,,,,,101.0,25.0,36.0,65.0,14.0,,65.0,1.0,103.0,20.0,
172200,,,,,,,,558.0,,230.0,,,,,,53.0,19.0,31.0,10.0,,,66.0,3.0,57.0,,
172264,,,,,,,,325.0,,135.0,,,,,,68.0,8.0,10.0,36.0,2.0,,22.0,,20.0,6.0,
172291,,,,,,,,236.0,,114.0,,,,,,32.0,8.0,1.0,11.0,1.0,,20.0,,35.0,1.0,
172307,,,,,,,,188.0,,85.0,,,,,,23.0,10.0,12.0,15.0,,,7.0,,10.0,7.0,
172325,,,,,,,,64.0,,16.0,,,,,,16.0,4.0,2.0,3.0,,,,,3.0,,
172334,,,,,,,,413.0,,201.0,,,,,,49.0,25.0,8.0,25.0,1.0,,8.0,,84.0,6.0,
172422,,,,,,,,72.0,,25.0,,,,,,6.0,2.0,1.0,7.0,,,27.0,,4.0,,
172440,,,,,,,,138.0,,41.0,,3.0,,,,22.0,2.0,1.0,18.0,,,15.0,,6.0,7.0,
172477,,,,,,,,248.0,,72.0,,,,,,38.0,5.0,12.0,9.0,,,1.0,3.0,28.0,11.0,
172495,,,,,,,,22.0,,12.0,,,,,,6.0,2.0,,,,,,,2.0,,
172608,,,,,,,,171.0,,68.0,,,,,,22.0,7.0,2.0,17.0,,,7.0,,30.0,,0.0
172617,,,,,,,,856.0,,338.0,4.0,,,,,112.0,27.0,42.0,29.0,,,66.0,,127.0,25.0,
172635,,,,,,,,735.0,,278.0,,,,,,35.0,37.0,14.0,6.0,,,73.0,,137.0,,1.0
172644,,,,,,,,5495.0,,1932.0,791.0,,,,,518.0,542.0,229.0,95.0,154.0,,288.0,,505.0,44.0,91.0
172671,,,,,,,,102.0,,42.0,1.0,,,,,19.0,1.0,5.0,,,,13.0,,15.0,2.0,
172680,,,,,,,,11.0,,6.0,,,,,,2.0,,,,,,,2.0,2.0,,
172699,,,,,,,,2845.0,,1049.0,,,,,,90.0,225.0,192.0,145.0,30.0,,345.0,1.0,350.0,150.0,43.0
172705,,,,,,,,46.0,,14.0,,,,,,5.0,1.0,,,,,,3.0,10.0,2.0,
172802,,,,,,,,4.0,,3.0,,,,,,1.0,,,,,,,,0.0,,
172866,,,,,,,,16.0,,9.0,,,,,,2.0,,,,,,,,3.0,,
172918,,,,,,,,143.0,,73.0,,,,,,9.0,5.0,9.0,1.0,,,7.0,3.0,17.0,4.0,
172927,,,,,,,,31.0,,5.0,,,,,,7.0,1.0,1.0,13.0,,,,1.0,1.0,1.0,
172954,,,,,,,,113.0,,63.0,,,,,,4.0,3.0,5.0,1.0,,,5.0,3.0,10.0,3.0,
172963,,,,,,,,375.0,,166.0,,,,,,16.0,17.0,13.0,7.0,1.0,,22.0,7.0,47.0,6.0,
173045,,,,,,,,575.0,,239.0,1.0,,,,,78.0,93.0,15.0,36.0,,,36.0,12.0,47.0,11.0,
173063,,,,,,,,191.0,,83.0,,,,,,9.0,8.0,9.0,4.0,1.0,,13.0,6.0,19.0,5.0,
173115,,,,,,,,52.0,,27.0,,,,,,4.0,8.0,1.0,1.0,,,1.0,,2.0,1.0,
173124,,,,,,,,457.0,,193.0,,,,,,17.0,21.0,17.0,42.0,2.0,,37.0,,48.0,25.0,1.0
173142,,,,,,,,135.0,,52.0,,,,,,12.0,5.0,6.0,18.0,0.0,,11.0,,11.0,5.0,
173160,,,,,,,,733.0,,278.0,,,,,,61.0,21.0,37.0,119.0,5.0,,33.0,2.0,104.0,13.0,4.0
173179,,,,,,,,16.0,,10.0,,,,,,2.0,,,,,,,,,,
173203,,,,,,,,196.0,,88.0,,,,,,10.0,7.0,10.0,8.0,,,10.0,4.0,22.0,4.0,
173258,,,,,,,,677.0,,263.0,,,,,,81.0,34.0,34.0,32.0,3.0,,73.0,,76.0,22.0,2.0
173300,,,,,,,,591.0,,186.0,,,,,,50.0,42.0,28.0,51.0,0.0,,100.0,,76.0,19.0,9.0
173328,,,,,,,,371.0,,186.0,,,,,,28.0,4.0,10.0,60.0,,,1.0,,36.0,6.0,
173416,,,,,,,,193.0,,87.0,,,,,,8.0,15.0,7.0,7.0,1.0,,9.0,6.0,13.0,6.0,
173452,,,,,,,,156.0,,86.0,,,,,,6.0,3.0,3.0,5.0,0.0,,11.0,,24.0,4.0,3.0
173461,,,,,,,,255.0,,124.0,,,,,,9.0,10.0,9.0,3.0,1.0,,11.0,2.0,32.0,5.0,
173470,,,,,,,,2.0,,2.0,,,,,,0.0,0.0,,,,,,,,,
173489,,,,,,,,14.0,,10.0,,,,,,2.0,1.0,,,,,,,1.0,,
173559,,,,,,,,343.0,,163.0,,,,,,17.0,11.0,18.0,7.0,0.0,,16.0,3.0,41.0,5.0,
173638,,,,,,,,173.0,,102.0,,,,,,11.0,5.0,5.0,3.0,0.0,,7.0,5.0,17.0,5.0,
173647,,,,,,,,621.0,,228.0,,,,,,5.0,47.0,25.0,93.0,9.0,,135.0,,68.0,,
173665,,,,,,,,524.0,,201.0,,,,,,67.0,41.0,38.0,45.0,1.0,,18.0,2.0,29.0,7.0,8.0
173683,,,,,,,,17.0,,7.0,,,,,,4.0,,,,,,,,1.0,,
173708,,,,,,,,315.0,,154.0,,,,,,12.0,16.0,5.0,2.0,2.0,,22.0,9.0,31.0,6.0,
173735,,,,,,,,95.0,,51.0,,,,,,1.0,2.0,2.0,2.0,,,7.0,5.0,9.0,3.0,
173744,,,,,,,,54.0,,22.0,,,,,,12.0,7.0,,,,,,3.0,9.0,1.0,
173799,,,,,,,,229.0,,113.0,,,,,,12.0,10.0,12.0,2.0,1.0,,9.0,2.0,22.0,3.0,
173805,,,,,,,,78.0,,40.0,,,,,,2.0,,2.0,2.0,,,7.0,,7.0,2.0,
173896,,,,,,,,90.0,,25.0,,,,,,22.0,7.0,3.0,0.0,,,4.0,,26.0,,
173902,,,,,,,,640.0,,208.0,7.0,,,,,66.0,34.0,36.0,47.0,3.0,,49.0,1.0,76.0,6.0,13.0
173911,,,,,,,,227.0,,112.0,,,,,,9.0,9.0,11.0,3.0,1.0,,10.0,8.0,25.0,5.0,
173920,,,,,,,,1289.0,,549.0,,,,,,33.0,41.0,71.0,83.0,12.0,,99.0,4.0,145.0,46.0,3.0
173957,,,,,,,,211.0,,186.0,,,,,,6.0,,,,,,,,19.0,,
173966,,,,,,,,96.0,,82.0,,,,,,,,,,,,,,8.0,,
173984,,,,,,,,120.0,,59.0,,,,,,26.0,5.0,,4.0,,,,,22.0,,
173993,,,,,,,,70.0,,37.0,,,,,,1.0,0.0,3.0,2.0,,,4.0,,5.0,3.0,
174020,,,,,,,,626.0,,289.0,,,,,,21.0,36.0,31.0,7.0,2.0,,,,68.0,5.0,
174066,,,,,,,,16830.0,,3962.0,1559.0,324.0,,,,898.0,2316.0,2495.0,951.0,410.0,,1226.0,31.0,1476.0,496.0,65.0
174075,,,,,,,,264.0,,91.0,,,,,,11.0,29.0,17.0,39.0,5.0,,26.0,0.0,19.0,12.0,2.0
174118,,,,,,,,41.0,,16.0,,,,,,14.0,,,,,,,7.0,3.0,,
174127,,,,,,,,189.0,,74.0,,,,,,26.0,10.0,8.0,,0.0,,9.0,3.0,27.0,11.0,
174136,,,,,,,,418.0,,178.0,,,,,,18.0,17.0,17.0,2.0,1.0,,38.0,7.0,40.0,10.0,
174154,,,,,,,,39.0,,24.0,,,,,,2.0,,1.0,,,,,,3.0,,
174190,,,,,,,,14.0,,7.0,,,,,,2.0,1.0,,,,,,2.0,1.0,,
174233,,,,,,,,1491.0,,522.0,46.0,5.0,,,,70.0,175.0,138.0,104.0,14.0,,152.0,17.0,154.0,45.0,4.0
174251,,,,,,,,377.0,,138.0,,,,,,16.0,38.0,9.0,42.0,2.0,,54.0,,48.0,18.0,1.0
174321,,,,,,,,8.0,,5.0,,,,,,,1.0,,,,,,,2.0,,
174358,,,,,,,,585.0,,255.0,,,,,,18.0,22.0,28.0,46.0,3.0,,49.0,1.0,61.0,18.0,
174376,,,,,,,,292.0,,145.0,,,,,,12.0,15.0,12.0,1.0,1.0,,19.0,1.0,23.0,5.0,
174385,,,,,,,,12.0,,4.0,,,,,,3.0,,,,,,,,1.0,,
174428,,,,,,,,461.0,,226.0,,,,,,16.0,22.0,26.0,3.0,,,28.0,3.0,53.0,8.0,
174437,,,,,,,,154.0,,54.0,,,,,,28.0,9.0,5.0,13.0,,,5.0,,23.0,7.0,
174473,,,,,,,,197.0,,100.0,,,,,,10.0,4.0,8.0,11.0,,,8.0,2.0,19.0,7.0,
174491,,,,,,,,480.0,,147.0,,,,,,48.0,45.0,24.0,37.0,4.0,,29.0,,63.0,7.0,1.0
174507,,,,,,,,181.0,,68.0,0.0,,,,,27.0,9.0,10.0,,2.0,,9.0,2.0,32.0,2.0,
174525,,,,,,,,30.0,,8.0,,,,,,5.0,2.0,,1.0,,,3.0,1.0,2.0,1.0,
174570,,,,,,,,88.0,,37.0,,,,,,8.0,3.0,2.0,7.0,,,2.0,3.0,10.0,2.0,
174604,,,,,,,,24.0,,12.0,,,,,,0.0,0.0,0.0,2.0,,,1.0,,1.0,1.0,
174738,,,,,,,,335.0,,150.0,,,,,,13.0,14.0,19.0,10.0,1.0,,29.0,5.0,39.0,9.0,
174747,,,,,,,,459.0,,155.0,,,,,,38.0,33.0,18.0,36.0,7.0,,73.0,,45.0,11.0,13.0
174756,,,,,,,,234.0,,122.0,,,,,,10.0,5.0,10.0,6.0,1.0,,8.0,3.0,30.0,7.0,
174783,,,,,,,,1118.0,,494.0,,,,,,26.0,54.0,57.0,58.0,6.0,,82.0,2.0,124.0,35.0,1.0
174792,,,,,,,,461.0,,146.0,,,,,,38.0,27.0,18.0,45.0,2.0,,80.0,1.0,62.0,,5.0
174817,,,,,,,,587.0,,205.0,,,,,,78.0,32.0,37.0,66.0,2.0,,46.0,,67.0,16.0,
174844,,,,,,,,677.0,,249.0,,,,,,46.0,48.0,27.0,75.0,3.0,,98.0,,47.0,19.0,4.0
174862,,,,,,,,108.0,,51.0,,,,,,18.0,1.0,2.0,9.0,0.0,,,5.0,9.0,,
174899,,,,,,,,569.0,,265.0,,,,,,31.0,49.0,24.0,74.0,8.0,,28.0,,50.0,10.0,
174914,,,,,,,,1535.0,,568.0,,,,,,171.0,138.0,116.0,63.0,5.0,,199.0,10.0,142.0,14.0,13.0
174978,,,,,,,,10.0,,7.0,,,,,,1.0,,,,,,,,1.0,,
175005,,,,,,,,791.0,,368.0,,,,,,93.0,42.0,30.0,94.0,3.0,,50.0,2.0,68.0,11.0,
175014,,,,,,,,428.0,,136.0,,,,,,63.0,14.0,,,,,,,14.0,,
175041,,,,,,,,292.0,,147.0,,,,,,11.0,8.0,19.0,4.0,1.0,,24.0,4.0,24.0,7.0,
175078,,,,,,,,331.0,,146.0,,,,,,13.0,15.0,10.0,37.0,,,29.0,2.0,24.0,11.0,
175120,,,,,,,,63.0,,20.0,,,,,,16.0,4.0,,,,,4.0,,3.0,,
175139,,,,,,,,31.0,,12.0,,,,,,2.0,3.0,1.0,,,,,,5.0,2.0,
175157,,,,,,,,49.0,,22.0,,,,,,1.0,,1.0,3.0,,,6.0,,3.0,1.0,
175227,,,,,,,,199.0,,114.0,,,,,,26.0,18.0,4.0,14.0,,,,,9.0,2.0,1.0
175236,,,,,,,,238.0,,120.0,,,,,,11.0,9.0,9.0,3.0,1.0,,13.0,11.0,29.0,5.0,1.0
175263,,,,,,,,129.0,,68.0,,,,,,7.0,10.0,5.0,1.0,,,5.0,4.0,6.0,5.0,
175272,,,,,,,,795.0,,379.0,,,,,,20.0,41.0,49.0,56.0,4.0,,56.0,2.0,72.0,20.0,
175281,,,,,,,,272.0,,155.0,,,,,,24.0,10.0,7.0,17.0,,,8.0,,23.0,3.0,
175315,,,,,,,,473.0,,223.0,,,,,,19.0,16.0,21.0,9.0,2.0,,29.0,4.0,50.0,10.0,
175342,,,,,,,,697.0,,184.0,5.0,,,,,49.0,9.0,41.0,81.0,2.0,,104.0,3.0,156.0,24.0,4.0
175421,,,,,,,,599.0,,295.0,,,,,,64.0,4.0,7.0,33.0,3.0,,45.0,2.0,43.0,,
175430,,,,,,,,102.0,,40.0,1.0,,,,,8.0,5.0,3.0,17.0,,,,,24.0,1.0,
175494,,,,,,,,11.0,,6.0,,,,,,2.0,,,,,,0.0,,1.0,,
175519,,,,,,,,232.0,,90.0,,,,,,19.0,1.0,1.0,31.0,1.0,,26.0,2.0,41.0,2.0,3.0
175528,,,,,,,,38.0,,17.0,,,,,,3.0,,1.0,,,,0.0,1.0,2.0,,
175573,,,,,,,,329.0,,118.0,,,,,,25.0,7.0,8.0,21.0,1.0,,67.0,2.0,45.0,1.0,1.0
175607,,,,,,,,3.0,,1.0,,,,,,1.0,,,,,,,,,,
175616,,,,,,,,544.0,,188.0,,,,,,33.0,13.0,7.0,32.0,3.0,,88.0,,67.0,20.0,10.0
175643,,,,,,,,252.0,,111.0,,,,,,19.0,14.0,4.0,18.0,,,35.0,1.0,34.0,5.0,1.0
175652,,,,,,,,390.0,,133.0,,,,,,24.0,6.0,7.0,35.0,2.0,,36.0,1.0,61.0,36.0,
175698,,,,,,,,19.0,,7.0,,,,,,6.0,,,,,,4.0,,2.0,,
175722,,,,,,,,3.0,,2.0,,,,,,,,,,,,,,1.0,,
175786,,,,,,,,1228.0,,498.0,,,,,,167.0,8.0,18.0,47.0,0.0,,150.0,,224.0,41.0,1.0
175810,,,,,,,,439.0,,224.0,,,,,,22.0,4.0,10.0,20.0,,,77.0,,43.0,,
175829,,,,,,,,446.0,,226.0,,2.0,,,,13.0,2.0,5.0,47.0,,,61.0,8.0,54.0,8.0,4.0
175856,,,,,,,,1163.0,,438.0,,,,,,132.0,26.0,59.0,35.0,7.0,,74.0,,334.0,34.0,12.0
175883,,,,,,,,362.0,,141.0,2.0,,,,,27.0,8.0,11.0,25.0,3.0,,50.0,5.0,70.0,10.0,
175935,,,,,,,,336.0,,159.0,,,,,,16.0,11.0,9.0,17.0,,,29.0,7.0,30.0,9.0,
175980,,,,,,,,288.0,,95.0,,,,,,25.0,,5.0,34.0,4.0,,29.0,5.0,76.0,7.0,
175999,,,,,,,,76.0,,,,,,,,31.0,11.0,13.0,,,,2.0,,17.0,2.0,
176008,,,,,,,,280.0,,121.0,,,,,,13.0,6.0,7.0,14.0,1.0,,47.0,2.0,49.0,,1.0
176017,,,,,,,,11913.0,,1929.0,,,,,,564.0,996.0,718.0,394.0,5018.0,,489.0,1.0,1223.0,340.0,42.0
176035,,,,,,,,339.0,,163.0,,,,,,33.0,14.0,13.0,26.0,2.0,,19.0,1.0,60.0,0.0,3.0
176044,,,,,,,,496.0,,133.0,,,,,,50.0,28.0,17.0,68.0,2.0,,78.0,2.0,69.0,9.0,11.0
176053,,,,,,,,641.0,,298.0,,,,,,63.0,19.0,15.0,53.0,2.0,,53.0,,91.0,17.0,1.0
176062,,,,,,,,4.0,,2.0,,,,,,1.0,,,,,,,,1.0,,
176071,,,,,,,,777.0,,344.0,3.0,,,,,45.0,19.0,8.0,26.0,,,151.0,9.0,146.0,,2.0
176080,,,,,,,,4548.0,,1002.0,88.0,166.0,,,,132.0,462.0,605.0,208.0,130.0,,333.0,8.0,641.0,185.0,68.0
176169,,,,,,,,312.0,,128.0,,,,,,20.0,5.0,4.0,35.0,,,49.0,,44.0,,2.0
176178,,,,,,,,640.0,,254.0,,,,,,26.0,4.0,15.0,50.0,,,141.0,3.0,73.0,27.0,3.0
176239,,,,,,,,453.0,,222.0,,,,,,30.0,4.0,,13.0,1.0,,61.0,8.0,59.0,12.0,
176318,,,,,,,,174.0,,42.0,,,,,,18.0,12.0,3.0,5.0,1.0,,26.0,,29.0,5.0,2.0
176336,,,,,,,,10.0,,5.0,,,,,,,2.0,1.0,,,,,,,,
176354,,,,,,,,198.0,,73.0,,,,,,12.0,1.0,3.0,16.0,1.0,,42.0,,20.0,8.0,1.0
176372,,,,,,,,2413.0,,742.0,51.0,,,,,139.0,517.0,134.0,88.0,36.0,,207.0,,318.0,77.0,18.0
176390,,,,,,,,17.0,,8.0,,,,,,2.0,1.0,,,,,1.0,2.0,3.0,,
176406,,,,,,,,262.0,,69.0,,,,,,41.0,12.0,26.0,37.0,3.0,,29.0,,41.0,2.0,
176451,,,,,,,,15.0,,6.0,,,,,,3.0,2.0,,,,,,,,,
176479,,,,,,,,487.0,,267.0,,,,,,19.0,7.0,10.0,26.0,1.0,,31.0,,79.0,12.0,
176600,,,,,,,,37.0,,18.0,,,,,,6.0,3.0,1.0,0.0,,,,,3.0,,
176628,,,,,,,,270.0,,125.0,,,,,,27.0,9.0,5.0,21.0,1.0,,8.0,,28.0,,
176664,,,,,,,,51.0,,20.0,,,,,,15.0,0.0,1.0,1.0,0.0,,5.0,,4.0,,
176716,,,,,,,,12.0,,7.0,,,,,,1.0,2.0,,,,,,1.0,1.0,,
176770,,,,,,,,109.0,,76.0,,,,,,5.0,6.0,3.0,4.0,,,,,3.0,,
176789,,,,,,,,69.0,,21.0,,,,,,24.0,1.0,2.0,4.0,,,2.0,,5.0,1.0,
176798,,,,,,,,52.0,,31.0,,,,,,5.0,,,,,,6.0,,6.0,,
176910,,,,,,,,37.0,,12.0,,,,,,6.0,2.0,1.0,2.0,,,1.0,2.0,6.0,,
176947,,,,,,,,260.0,,88.0,,,,,,17.0,12.0,11.0,37.0,2.0,,36.0,,33.0,6.0,
176965,,,,,,,,1375.0,,563.0,,,,,,151.0,102.0,40.0,55.0,18.0,,147.0,,175.0,40.0,14.0
176983,,,,,,,,41.0,,25.0,,,,,,2.0,,,1.0,,,4.0,,2.0,,
177038,,,,,,,,97.0,,38.0,0.0,,,,,25.0,1.0,,,1.0,,2.0,3.0,23.0,,
177056,,,,,,,,17.0,,10.0,,,,,,1.0,2.0,,,,,,,3.0,,
177065,,,,,,,,936.0,,283.0,,,,,,130.0,53.0,58.0,165.0,3.0,,51.0,,143.0,8.0,2.0
177083,,,,,,,,16.0,,5.0,,,,,,2.0,,,,,,,,1.0,,
177092,,,,,,,,120.0,,44.0,,,,,,10.0,9.0,7.0,10.0,,,3.0,9.0,16.0,,
177117,,,,,,,,166.0,,44.0,1.0,,,,,34.0,4.0,6.0,7.0,2.0,,43.0,,20.0,,1.0
177126,,,,,,,,89.0,,23.0,,,,,,5.0,9.0,,1.0,,,8.0,1.0,29.0,,
177135,,,,,,,,423.0,,237.0,,,,,,23.0,10.0,11.0,2.0,,,9.0,1.0,56.0,4.0,
177144,,,,,,,,191.0,,61.0,,,,,,19.0,1.0,3.0,41.0,,,39.0,1.0,21.0,,
177214,,,,,,,,473.0,,198.0,,,,,,24.0,14.0,18.0,35.0,3.0,,47.0,,52.0,18.0,
177250,,,,,,,,255.0,,112.0,,,,,,29.0,15.0,11.0,11.0,,,13.0,4.0,33.0,3.0,
177278,,,,,,,,24.0,,8.0,,,,,,7.0,1.0,,0.0,,,0.0,,4.0,,
177287,,,,,,,,19.0,,8.0,,,,,,3.0,1.0,,,,,,1.0,0.0,2.0,
177302,,,,,,,,26.0,,10.0,,,,,,2.0,4.0,1.0,,,,,4.0,1.0,,
177339,,,,,,,,357.0,,120.0,,,,,,33.0,5.0,10.0,25.0,4.0,,44.0,,50.0,16.0,
177418,,,,,,,,289.0,,108.0,,,,,,55.0,3.0,6.0,19.0,2.0,,23.0,,40.0,2.0,
177436,,,,,,,,34.0,,2.0,,,,,,3.0,,,,,,2.0,,2.0,,
177472,,,,,,,,1060.0,,532.0,,,,,,65.0,29.0,45.0,34.0,,,95.0,31.0,46.0,1.0,4.0
177542,,,,,,,,150.0,,73.0,,,,,,9.0,3.0,2.0,18.0,3.0,,5.0,,32.0,,
177551,,,,,,,,203.0,,76.0,,,,,,29.0,7.0,8.0,12.0,1.0,,12.0,,14.0,5.0,2.0
177579,,,,,,,,22.0,,11.0,,,,,,6.0,,,,,,,,0.0,,
177588,,,,,,,,11.0,,4.0,,,,,,3.0,,,,,,2.0,,2.0,,
177603,,,,,,,,7.0,,4.0,,,,,,1.0,,,,,,,,2.0,,
177676,,,,,,,,348.0,,155.0,,,,,,35.0,7.0,14.0,9.0,1.0,,24.0,2.0,70.0,9.0,1.0
177685,,,,,,,,11.0,,5.0,,,,,,1.0,2.0,,,,,,,2.0,,
177719,,,,,,,,127.0,,69.0,3.0,,,,,13.0,4.0,5.0,4.0,4.0,,,,6.0,,
177746,,,,,,,,173.0,,71.0,,,,,,17.0,6.0,5.0,31.0,,,7.0,,24.0,,
177816,,,,,,,,48.0,,23.0,,,,,,4.0,3.0,1.0,,,,1.0,,7.0,6.0,
177834,,,,,,,,985.0,,398.0,10.0,,,,,78.0,53.0,53.0,19.0,17.0,,80.0,,199.0,10.0,9.0
177870,,,,,,,,20.0,,14.0,,,,,,,,,,,,,,3.0,,
177931,,,,,,,,14.0,,9.0,,,,,,1.0,1.0,,1.0,,,,,2.0,,
177940,,,,,,,,379.0,,122.0,14.0,3.0,,,,31.0,17.0,27.0,39.0,3.0,,18.0,,49.0,15.0,2.0
177968,,,,,,,,1273.0,,635.0,,,,,,67.0,53.0,26.0,177.0,,,105.0,,50.0,,
177977,,,,,,,,190.0,,98.0,,,,,,5.0,6.0,8.0,13.0,,,20.0,2.0,17.0,,
177986,,,,,,,,221.0,,77.0,10.0,,,,,36.0,10.0,11.0,2.0,2.0,,5.0,,31.0,6.0,2.0
177995,,,,,,,,1554.0,,678.0,5.0,,,,,88.0,11.0,52.0,125.0,8.0,,79.0,,379.0,26.0,5.0
178004,,,,,,,,33.0,,23.0,,,,,,1.0,,,,,,1.0,,4.0,,
178059,,,,,,,,588.0,,325.0,,,,,,104.0,30.0,26.0,41.0,8.0,,17.0,2.0,25.0,6.0,
178077,,,,,,,,11.0,,6.0,,,,,,3.0,1.0,,,,,,,1.0,,
178110,,,,,,,,10.0,,4.0,,,,,,2.0,,,,,,,,3.0,,
178183,,,,,,,,19.0,,11.0,,,,,,1.0,,,,,,,,1.0,,
178208,,,,,,,,149.0,,68.0,,,,,,13.0,2.0,4.0,11.0,,,10.0,3.0,26.0,7.0,
178217,,,,,,,,274.0,,127.0,,,,,,24.0,4.0,11.0,21.0,,,25.0,,51.0,,
178244,,,,,,,,377.0,,153.0,,,,,,19.0,18.0,9.0,36.0,4.0,,21.0,1.0,53.0,7.0,2.0
178341,,,,,,,,628.0,,253.0,,,,,,63.0,8.0,28.0,47.0,4.0,,64.0,0.0,103.0,25.0,
178369,,,,,,,,221.0,,108.0,,,,,,14.0,2.0,5.0,4.0,1.0,,23.0,,29.0,,
178387,,,,,,,,577.0,,252.0,,,,,,32.0,14.0,13.0,44.0,3.0,,51.0,,82.0,15.0,
178396,,,,,,,,9009.0,,2080.0,317.0,142.0,,,,884.0,342.0,1018.0,675.0,566.0,,583.0,29.0,1557.0,326.0,105.0
178402,,,,,,,,2779.0,,903.0,16.0,6.0,,,,287.0,70.0,189.0,258.0,403.0,,144.0,18.0,338.0,56.0,12.0
178411,,,,,,,,1366.0,,416.0,24.0,1.0,,,,178.0,50.0,122.0,135.0,13.0,,106.0,,229.0,73.0,1.0
178420,,,,,,,,1543.0,,549.0,10.0,24.0,,,,198.0,82.0,104.0,221.0,21.0,,90.0,2.0,168.0,44.0,6.0
178439,,,,,,,,484.0,,,,,,,,89.0,107.0,167.0,29.0,,,1.0,5.0,63.0,,
178448,,,,,,,,355.0,,138.0,,,,,,37.0,3.0,11.0,8.0,,,33.0,,48.0,7.0,0.0
178466,,,,,,,,56.0,,36.0,,,,,,3.0,,1.0,,,,1.0,,8.0,6.0,
178518,,,,,,,,35.0,,13.0,,,,,,2.0,1.0,2.0,2.0,,,1.0,,3.0,1.0,
178527,,,,,,,,3.0,,2.0,,,,,,1.0,,,,,,,,,,
178615,,,,,,,,753.0,,340.0,,,,,,24.0,15.0,31.0,117.0,11.0,,50.0,,77.0,43.0,8.0
178624,,,,,,,,706.0,,250.0,,,,,,24.0,76.0,23.0,39.0,12.0,,87.0,12.0,77.0,29.0,18.0
178679,,,,,,,,108.0,,31.0,,,,,,17.0,1.0,4.0,3.0,0.0,,16.0,2.0,14.0,3.0,
178697,,,,,,,,347.0,,111.0,,,,,,30.0,4.0,7.0,8.0,2.0,,71.0,2.0,32.0,47.0,10.0
178721,,,,,,,,843.0,,419.0,,,,,,39.0,57.0,34.0,38.0,1.0,,31.0,,48.0,8.0,
178767,,,,,,,,16.0,,10.0,,,,,,1.0,2.0,,,,,,1.0,1.0,,
178828,,,,,,,,19.0,,12.0,,,,,,1.0,,,,,,2.0,,2.0,,
178891,,,,,,,,197.0,,117.0,,,,,,4.0,21.0,5.0,,,,6.0,,13.0,,
178989,,,,,,,,45.0,,31.0,,,,,,2.0,2.0,1.0,,,,,,3.0,,
179043,,,,,,,,399.0,,175.0,,,,,,30.0,21.0,18.0,42.0,2.0,,42.0,4.0,37.0,8.0,
179052,,,,,,,,32.0,,19.0,,,,,,3.0,1.0,,,,,2.0,,2.0,,
179159,,,,,,,,4867.0,,1457.0,97.0,34.0,,,,539.0,240.0,217.0,124.0,898.0,,531.0,,660.0,1.0,35.0
179195,,,,,,,,5.0,,2.0,,,,,,,,,,,,,,,,
179229,,,,,,,,5.0,,4.0,,,,,,,1.0,,,,,,,,,
179238,,,,,,,,21.0,,11.0,,,,,,,,,,5.0,,3.0,,,1.0,2.0
179256,,,,,,,,26.0,,10.0,,,,,,5.0,1.0,0.0,,,,2.0,1.0,1.0,,
179265,,,,,,,,240.0,,81.0,2.0,,,,,47.0,6.0,17.0,18.0,,,28.0,,26.0,6.0,
179308,,,,,,,,1700.0,,692.0,,,,,,105.0,161.0,65.0,29.0,2.0,,121.0,,282.0,43.0,5.0
179317,,,,,,,,39.0,,16.0,,,,,,4.0,3.0,,1.0,,,,,5.0,,
179326,,,,,,,,427.0,,207.0,,,,,,44.0,17.0,8.0,34.0,,,48.0,,47.0,3.0,
179344,,,,,,,,180.0,,66.0,,,,,,8.0,5.0,10.0,18.0,1.0,,19.0,1.0,24.0,,
179450,,,,,,,,51.0,,29.0,,,,,,8.0,5.0,3.0,3.0,,,,,3.0,,
179511,,,,,,,,28.0,,9.0,,,,,,6.0,3.0,1.0,,,,2.0,4.0,3.0,,
179539,,,,,,,,336.0,,164.0,,,,,,6.0,,,0.0,,,21.0,,141.0,,
179548,,,,,,,,206.0,,67.0,,,,,,16.0,11.0,7.0,18.0,,,21.0,8.0,18.0,14.0,
179557,,,,,,,,1189.0,,466.0,,,,,,61.0,123.0,33.0,127.0,7.0,,108.0,,121.0,65.0,28.0
179566,,,,,,,,2376.0,,872.0,4.0,,,,,96.0,156.0,130.0,195.0,43.0,,221.0,11.0,327.0,97.0,10.0
179645,,,,,,,,241.0,,110.0,,,,,,11.0,7.0,14.0,22.0,,,6.0,6.0,33.0,4.0,
179715,,,,,,,,133.0,,52.0,,,,,,10.0,9.0,7.0,,,,14.0,3.0,29.0,,
179812,,,,,,,,247.0,,49.0,6.0,,,,,33.0,17.0,14.0,14.0,8.0,,38.0,2.0,33.0,8.0,1.0
179867,,,,,,,,14287.0,,1778.0,913.0,1147.0,,,,994.0,1045.0,1911.0,411.0,1795.0,,1347.0,12.0,2423.0,250.0,60.0
179894,,,,,,,,1235.0,,585.0,,,,,,136.0,48.0,43.0,93.0,1.0,,17.0,,162.0,21.0,
179946,,,,,,,,180.0,,60.0,,,,,,22.0,12.0,5.0,25.0,,,6.0,,10.0,8.0,
179955,,,,,,,,246.0,,101.0,,,,,,20.0,21.0,6.0,42.0,2.0,,8.0,,23.0,11.0,
179964,,,,,,,,319.0,,169.0,,,,,,24.0,7.0,11.0,28.0,3.0,,25.0,15.0,25.0,7.0,
179991,,,,,,,,3.0,,1.0,,,,,,2.0,,,,,,,,0.0,,
180054,,,,,,,,115.0,,32.0,3.0,4.0,,,,15.0,6.0,3.0,1.0,,,7.0,,16.0,3.0,
180063,,,,,,,,6.0,,4.0,,,,,,1.0,,,,,,,,1.0,,
180090,,,,,,,,8.0,,6.0,,,,,,,,,,,,,,,1.0,
180106,,,,,,,,265.0,,108.0,,,,,,41.0,21.0,8.0,28.0,4.0,,22.0,,11.0,3.0,2.0
180151,,,,,,,,53.0,,19.0,,,,,,15.0,2.0,2.0,1.0,,,4.0,,5.0,,
180160,,,,,,,,50.0,,13.0,1.0,1.0,,,,4.0,1.0,2.0,4.0,,,5.0,,9.0,,
180179,,,,,,,,501.0,,202.0,,,,,,78.0,28.0,17.0,56.0,2.0,,42.0,2.0,48.0,14.0,1.0
180197,,,,,,,,263.0,,128.0,,,,,,32.0,14.0,6.0,11.0,2.0,,19.0,1.0,21.0,1.0,
180203,,,,,,,,55.0,,16.0,,5.0,,,,9.0,3.0,2.0,,,,5.0,1.0,6.0,,
180212,,,,,,,,66.0,,25.0,,,,,,4.0,4.0,2.0,,,,1.0,,18.0,7.0,
180249,,,,,,,,144.0,,67.0,,,,,,21.0,9.0,8.0,4.0,,,8.0,1.0,10.0,,
180258,,,,,,,,185.0,,63.0,,,,,,22.0,8.0,7.0,38.0,4.0,,17.0,,14.0,,2.0
180276,,,,,,,,132.0,,66.0,,7.0,,,,21.0,7.0,5.0,3.0,,,4.0,2.0,12.0,3.0,
180328,,,,,,,,84.0,,26.0,,8.0,,,,2.0,5.0,4.0,5.0,,,1.0,,7.0,4.0,
180373,,,,,,,,89.0,,34.0,,0.0,,,,15.0,2.0,2.0,5.0,,,16.0,0.0,11.0,,
180416,,,,,,,,460.0,,171.0,34.0,,,,,40.0,13.0,38.0,30.0,1.0,,56.0,5.0,37.0,14.0,
180461,,,,,,,,2757.0,,751.0,29.0,20.0,,,,417.0,199.0,399.0,121.0,38.0,,280.0,17.0,182.0,91.0,34.0
180489,,,,,,,,2042.0,,588.0,81.0,80.0,,,,315.0,118.0,211.0,106.0,81.0,,178.0,4.0,162.0,58.0,15.0
180522,,,,,,,,222.0,,65.0,4.0,,,,,33.0,4.0,9.0,21.0,3.0,,28.0,,30.0,3.0,2.0
180595,,,,,,,,216.0,,78.0,,,,,,23.0,10.0,8.0,33.0,2.0,,20.0,1.0,19.0,5.0,
180647,,,,,,,,214.0,,112.0,,,,,,24.0,,7.0,,,,16.0,,43.0,,
180692,,,,,,,,201.0,,77.0,,,,,,17.0,10.0,7.0,25.0,,,28.0,1.0,20.0,9.0,
180771,,,,,,,,2.0,,1.0,,,,,,1.0,,,,,,,,,0.0,
180814,,,,,,,,669.0,,188.0,,,,,,130.0,28.0,81.0,36.0,,,13.0,6.0,17.0,21.0,
180832,,,,,,,,137.0,,64.0,0.0,,,,,26.0,11.0,6.0,3.0,,,,,5.0,1.0,
180878,,,,,,,,84.0,,51.0,,,,,,13.0,4.0,1.0,6.0,,,,,6.0,,
180902,,,,,,,,602.0,,243.0,,,,,,36.0,27.0,23.0,43.0,2.0,,40.0,2.0,90.0,18.0,2.0
180948,,,,,,,,317.0,,108.0,,,,,,23.0,13.0,11.0,32.0,1.0,,26.0,,21.0,26.0,4.0
180957,,,,,,,,20.0,,9.0,,,,,,4.0,,,,,,,,7.0,,0.0
180984,,,,,,,,256.0,,124.0,,,,,,34.0,5.0,7.0,34.0,3.0,,1.0,,24.0,,
181002,,,,,,,,1990.0,,752.0,18.0,,,,,183.0,282.0,99.0,86.0,77.0,,149.0,7.0,251.0,24.0,8.0
181020,,,,,,,,302.0,,103.0,2.0,,,,,37.0,8.0,13.0,45.0,3.0,,42.0,1.0,30.0,9.0,
181093,,,,,,,,73.0,,31.0,,,,,,5.0,1.0,2.0,5.0,0.0,,5.0,2.0,10.0,4.0,
181127,,,,,,,,195.0,,80.0,,,,,,19.0,6.0,3.0,32.0,,,3.0,,23.0,,
181145,,,,,,,,6.0,,3.0,,,,,,,,,,3.0,,,,,,
181190,,,,,,,,29.0,,19.0,,,,,,4.0,2.0,,,,,,3.0,,1.0,
181215,,,,,,,,842.0,,368.0,,,,,,107.0,28.0,21.0,57.0,5.0,,76.0,,98.0,26.0,9.0
181242,,,,,,,,26.0,,10.0,,,,,,4.0,2.0,1.0,4.0,,,1.0,,1.0,,
181297,,,,,,,,134.0,,66.0,,,,,,21.0,11.0,2.0,2.0,0.0,,0.0,,15.0,,
181303,,,,,,,,1126.0,,557.0,,,,,,70.0,38.0,50.0,68.0,1.0,,87.0,12.0,148.0,25.0,
181312,,,,,,,,311.0,,101.0,2.0,10.0,,,,24.0,5.0,14.0,28.0,16.0,,,,19.0,27.0,
181330,,,,,,,,256.0,,81.0,,,,,,21.0,9.0,6.0,60.0,2.0,,2.0,,16.0,7.0,
181376,,,,,,,,30.0,,12.0,,,,,,6.0,,,3.0,0.0,,1.0,3.0,3.0,1.0,
181394,,,,,,,,1724.0,,713.0,11.0,4.0,,,,210.0,90.0,93.0,139.0,10.0,,145.0,9.0,199.0,19.0,20.0
181400,,,,,,,,31.0,,18.0,,,,,,2.0,,,4.0,,,,,1.0,,
181419,,,,,,,,41.0,,13.0,,4.0,,,,2.0,4.0,1.0,,,,2.0,,,,
181428,,,,,,,,4167.0,,519.0,248.0,536.0,,,,350.0,158.0,547.0,106.0,852.0,,167.0,1.0,534.0,72.0,21.0
181446,,,,,,,,343.0,,153.0,,,,,,37.0,10.0,8.0,40.0,3.0,,34.0,,27.0,9.0,
181464,,,,,,,,6138.0,,1354.0,330.0,193.0,,,,586.0,350.0,772.0,472.0,56.0,,650.0,29.0,703.0,228.0,68.0
181491,,,,,,,,430.0,,185.0,,,,,,25.0,12.0,28.0,18.0,,,37.0,3.0,77.0,12.0,
181534,,,,,,,,194.0,,68.0,,,,,,26.0,1.0,6.0,25.0,3.0,,18.0,,25.0,13.0,
181543,,,,,,,,13.0,,4.0,,1.0,,,,3.0,0.0,,1.0,,,1.0,,2.0,,
181604,,,,,,,,167.0,,66.0,,,,,,26.0,5.0,5.0,12.0,,,11.0,1.0,20.0,3.0,
181640,,,,,,,,859.0,,483.0,,,,,,41.0,28.0,23.0,25.0,,,77.0,3.0,75.0,25.0,4.0
181738,,,,,,,,193.0,,80.0,,,,,,16.0,13.0,8.0,11.0,0.0,,19.0,,18.0,8.0,
181747,,,,,,,,195.0,,,,,,,,59.0,8.0,66.0,22.0,,,,,25.0,,
181765,,,,,,,,50.0,,15.0,,,,,,4.0,2.0,1.0,1.0,,,14.0,2.0,2.0,2.0,
181783,,,,,,,,400.0,,147.0,,,,,,32.0,19.0,11.0,37.0,4.0,,46.0,,48.0,14.0,8.0
181817,,,,,,,,226.0,,94.0,,,,,,24.0,9.0,7.0,29.0,,,6.0,1.0,29.0,8.0,
181853,,,,,,,,101.0,,34.0,,,,,,7.0,5.0,1.0,19.0,,,4.0,10.0,6.0,9.0,
181880,,,,,,,,19.0,,10.0,,,,,,3.0,2.0,,,,,0.0,1.0,2.0,,
181941,,,,,,,,46.0,,29.0,,,,,,3.0,4.0,1.0,,,,1.0,5.0,2.0,,
182005,,,,,,,,1563.0,,847.0,,,,,,90.0,66.0,61.0,80.0,8.0,,62.0,,220.0,40.0,3.0
182111,,,,,,,,73.0,,32.0,,,,,,9.0,6.0,,3.0,,,,,18.0,,
182148,,,,,,,,23.0,,10.0,,,,,,5.0,,,,,,,,7.0,,
182281,,,,,,,,4211.0,,1393.0,37.0,,,,,164.0,438.0,325.0,305.0,341.0,,313.0,1.0,448.0,125.0,6.0
182290,,,,,,,,3473.0,,1041.0,159.0,7.0,,,,123.0,407.0,296.0,247.0,199.0,,173.0,11.0,635.0,133.0,6.0
182306,,,,,,,,253.0,,105.0,,,,,,15.0,22.0,11.0,7.0,1.0,,13.0,,20.0,7.0,
182458,,,,,,,,136.0,,76.0,,,,,,9.0,14.0,4.0,8.0,,,,,12.0,,2.0
182500,,,,,,,,595.0,,292.0,,,,,,47.0,12.0,20.0,4.0,,,37.0,,143.0,10.0,
182519,,,,,,,,152.0,,,2.0,,,,,24.0,39.0,73.0,5.0,,,,,9.0,,
182564,,,,,,,,312.0,,118.0,,,,,,21.0,25.0,9.0,15.0,1.0,,32.0,,22.0,6.0,2.0
182634,,,,,,,,262.0,,72.0,,,,,,34.0,12.0,9.0,32.0,7.0,,56.0,1.0,21.0,,
182652,,,,,,,,6.0,,3.0,,,,,,1.0,1.0,,,,,,,1.0,,
182670,,,,,,,,3888.0,,782.0,52.0,,,,,376.0,161.0,669.0,367.0,45.0,,422.0,3.0,479.0,103.0,17.0
182704,,,,,,,,8.0,,4.0,,,,,,1.0,1.0,,,,,,,1.0,,
182722,,,,,,,,8.0,,5.0,,,,,,1.0,1.0,,,,,,,1.0,,
182795,,,,,,,,362.0,,164.0,,,,,,34.0,10.0,6.0,46.0,7.0,,27.0,,37.0,8.0,
182829,,,,,,,,74.0,,37.0,,,,,,7.0,3.0,3.0,3.0,,,,,13.0,2.0,
182892,,,,,,,,7.0,,3.0,,,,,,1.0,1.0,,,,,0.0,,1.0,,
182917,,,,,,,,20.0,,10.0,,,,,,1.0,0.0,,,,,1.0,2.0,1.0,,
182953,,,,,,,,22.0,,12.0,,,,,,3.0,3.0,,,,,1.0,,3.0,,
182980,,,,,,,,267.0,,93.0,,,,,,45.0,10.0,4.0,31.0,5.0,,8.0,,38.0,,
182999,,,,,,,,8.0,,2.0,,,,,,1.0,1.0,,,,,,,3.0,,
183026,,,,,,,,4768.0,,2094.0,,,,,,565.0,293.0,117.0,48.0,6.0,,111.0,,1373.0,,2.0
183035,,,,,,,,16.0,,12.0,,,,,,2.0,,,,,,,,,,
183044,,,,,,,,3041.0,,786.0,114.0,,,,,412.0,183.0,304.0,172.0,24.0,,212.0,3.0,479.0,75.0,36.0
183062,,,,,,,,604.0,,252.0,2.0,,,,,66.0,33.0,36.0,39.0,2.0,,14.0,,87.0,24.0,4.0
183071,,,,,,,,118.0,,61.0,,,,,,14.0,2.0,3.0,12.0,,,6.0,,13.0,,
183080,,,,,,,,643.0,,270.0,3.0,,,,,69.0,21.0,35.0,46.0,0.0,,56.0,1.0,96.0,15.0,8.0
183099,,,,,,,,336.0,,190.0,,,,,,7.0,8.0,9.0,,,,24.0,,16.0,,
183105,,,,,,,,109.0,,67.0,,,,,,4.0,4.0,2.0,,,,5.0,,3.0,,
183114,,,,,,,,99.0,,59.0,,,,,,3.0,4.0,1.0,,,,4.0,,6.0,,
183123,,,,,,,,97.0,,61.0,,,,,,2.0,3.0,1.0,,,,8.0,,6.0,,
183132,,,,,,,,207.0,,129.0,,,,,,4.0,6.0,6.0,,,,13.0,,8.0,,
183141,,,,,,,,163.0,,101.0,,,,,,4.0,6.0,5.0,,,,4.0,,5.0,8.0,
183150,,,,,,,,172.0,,97.0,,,,,,6.0,6.0,4.0,,,,6.0,,8.0,,
183202,,,,,,,,8.0,,4.0,,,,,,1.0,,,,,,,1.0,2.0,,
183211,,,,,,,,311.0,,125.0,,,,,,34.0,10.0,3.0,12.0,3.0,,36.0,,24.0,5.0,
183239,,,,,,,,627.0,,170.0,,,,,,102.0,9.0,23.0,47.0,9.0,,139.0,2.0,59.0,25.0,6.0
183248,,,,,,,,22.0,,15.0,,,,,,,,1.0,,,,,,1.0,,
183257,,,,,,,,172.0,,66.0,,,,,,31.0,15.0,9.0,12.0,,,,,27.0,,
183275,,,,,,,,22.0,,9.0,,,,,,1.0,2.0,,,,,2.0,,7.0,,
183327,,,,,,,,78.0,,,,,,,,27.0,20.0,10.0,2.0,,,,,18.0,,
183488,,,,,,,,48.0,,19.0,,,,,,8.0,4.0,,,,,,6.0,6.0,2.0,
183600,,,,,,,,9.0,,4.0,,,,,,2.0,,0.0,,0.0,,1.0,,0.0,,
183655,,,,,,,,402.0,,183.0,,,,,,35.0,28.0,26.0,18.0,2.0,,45.0,,46.0,9.0,4.0
183725,,,,,,,,50.0,,20.0,,,,,,11.0,4.0,,1.0,,,1.0,9.0,1.0,,
183743,,,,,,,,948.0,,497.0,,,,,,74.0,51.0,31.0,51.0,3.0,,103.0,,80.0,7.0,
183789,,,,,,,,553.0,,202.0,,,,,,44.0,29.0,,11.0,,,20.0,2.0,55.0,,
183804,,,,,,,,173.0,,54.0,,5.0,,,,21.0,9.0,3.0,1.0,,,5.0,,49.0,,0.0
183822,,,,,,,,302.0,,115.0,,,,,,41.0,,16.0,5.0,4.0,,14.0,,85.0,8.0,1.0
183859,,,,,,,,721.0,,360.0,6.0,39.0,,,,9.0,25.0,5.0,15.0,,,22.0,4.0,86.0,15.0,9.0
183877,,,,,,,,607.0,,271.0,,,,,,63.0,35.0,7.0,37.0,2.0,,66.0,0.0,64.0,11.0,10.0
183910,,,,,,,,300.0,,149.0,,,,,,38.0,10.0,6.0,30.0,5.0,,1.0,,33.0,,
183938,,,,,,,,606.0,,355.0,,,,,,21.0,11.0,23.0,30.0,3.0,,27.0,,72.0,8.0,
183974,,,,,,,,260.0,,124.0,1.0,,,,,22.0,13.0,3.0,36.0,3.0,,13.0,,16.0,9.0,
183983,,,,,,,,26.0,,13.0,,,,,,2.0,,,,,,,,9.0,,
184047,,,,,,,,5.0,,1.0,,,,,,2.0,,,,,,,,1.0,,
184056,,,,,,,,43.0,,23.0,,,,,,11.0,,1.0,,,,0.0,,4.0,,
184092,,,,,,,,49.0,,20.0,,,,,,6.0,,,,,,2.0,9.0,12.0,,
184180,,,,,,,,571.0,,288.0,,,,,,47.0,10.0,29.0,22.0,2.0,,48.0,,95.0,12.0,5.0
184205,,,,,,,,283.0,,133.0,,,,,,26.0,14.0,6.0,23.0,2.0,,18.0,,33.0,5.0,
184278,,,,,,,,9.0,,5.0,,,,,,1.0,1.0,,,,,,1.0,1.0,,
184348,,,,,,,,494.0,,181.0,,,,,,51.0,42.0,19.0,64.0,4.0,,24.0,,50.0,6.0,2.0
184427,,,,,,,,28.0,,14.0,,,,,,8.0,,,,,,,,4.0,,
184481,,,,,,,,630.0,,277.0,,,,,,76.0,21.0,13.0,6.0,,,73.0,,94.0,13.0,
184506,,,,,,,,7.0,,6.0,,,,,,1.0,,,,,,,,,,
184603,,,,,,,,816.0,,340.0,,,,,,199.0,30.0,31.0,47.0,6.0,,34.0,,111.0,4.0,
184612,,,,,,,,285.0,,123.0,,,,,,34.0,11.0,11.0,19.0,2.0,,5.0,,47.0,9.0,7.0
184694,,,,,,,,503.0,,253.0,,,,,,60.0,15.0,15.0,46.0,6.0,,33.0,,55.0,4.0,8.0
184746,,,,,,,,62.0,,30.0,,,,,,5.0,,,,,,,5.0,8.0,,
184773,,,,,,,,386.0,,153.0,,,,,,30.0,22.0,8.0,26.0,4.0,,41.0,,48.0,1.0,
184782,,,,,,,,3016.0,,1010.0,28.0,,,,,290.0,406.0,113.0,44.0,242.0,,328.0,1.0,425.0,85.0,6.0
184791,,,,,,,,465.0,,170.0,,,,,,46.0,36.0,17.0,39.0,7.0,,51.0,3.0,53.0,5.0,
184816,,,,,,,,5.0,,3.0,,,,,,1.0,,,,,,,,0.0,,
184870,,,,,,,,18.0,,6.0,,,,,,7.0,,,,,,,,1.0,,
184959,,,,,,,,75.0,,24.0,,,,,,11.0,5.0,5.0,,,,,7.0,11.0,4.0,
184968,,,,,,,,23.0,,18.0,,,,,,1.0,1.0,,,,,,,2.0,,
184995,,,,,,,,649.0,,253.0,,,,,,65.0,6.0,24.0,31.0,,,16.0,,131.0,8.0,
185129,,,,,,,,1108.0,,446.0,,,,,,85.0,39.0,32.0,7.0,1.0,,122.0,,110.0,29.0,
185174,,,,,,,,27.0,,17.0,,,,,,2.0,,,,,,,,6.0,2.0,
185262,,,,,,,,1261.0,,699.0,,,,,,164.0,34.0,24.0,32.0,4.0,,24.0,,234.0,28.0,6.0
185332,,,,,,,,18.0,,7.0,,,,,,6.0,,,,,,,,3.0,,
185396,,,,,,,,77.0,,37.0,,,,,,23.0,1.0,,,,,,,15.0,,
185466,,,,,,,,24.0,,12.0,,,,,,3.0,,,,,,,1.0,3.0,,
185509,,,,,,,,593.0,,247.0,,,,,,35.0,14.0,14.0,41.0,1.0,,48.0,,78.0,7.0,3.0
185536,,,,,,,,811.0,,341.0,3.0,20.0,,,,8.0,20.0,45.0,24.0,6.0,,68.0,,139.0,20.0,6.0
185572,,,,,,,,1146.0,,430.0,,,,,,78.0,45.0,51.0,137.0,24.0,,160.0,,163.0,,
185590,,,,,,,,2411.0,,1042.0,,,,,,64.0,404.0,126.0,176.0,8.0,,287.0,,212.0,54.0,9.0
185651,,,,,,,,9.0,,8.0,,,,,,1.0,,,,,,,,,,
185679,,,,,,,,39.0,,26.0,,,,,,2.0,,,,,,,,8.0,2.0,
185721,,,,,,,,40.0,,20.0,,,,,,2.0,,,,,,,5.0,5.0,1.0,
185758,,,,,,,,42.0,,18.0,,,,,,3.0,2.0,0.0,,,,5.0,,7.0,,
185767,,,,,,,,36.0,,15.0,,,,,,4.0,1.0,,,,,,2.0,9.0,3.0,
185828,,,,,,,,1528.0,,535.0,63.0,,,,,87.0,111.0,144.0,127.0,1.0,,143.0,,200.0,28.0,7.0
185873,,,,,,,,532.0,,218.0,,,,,,111.0,21.0,24.0,18.0,,,22.0,,75.0,9.0,
185970,,,,,,,,17.0,,7.0,,,,,,2.0,1.0,,,,,,,6.0,1.0,
186016,,,,,,,,41.0,,17.0,,,,,,2.0,1.0,,,,,,6.0,11.0,2.0,
186034,,,,,,,,565.0,,208.0,,,,,,65.0,11.0,10.0,26.0,1.0,,56.0,,77.0,4.0,
186052,,,,,,,,62.0,,23.0,,,,,,5.0,1.0,1.0,,,,6.0,6.0,16.0,,
186122,,,,,,,,242.0,,51.0,,,,,,59.0,12.0,8.0,12.0,,,25.0,,39.0,17.0,
186131,,,,,,,,6095.0,,1023.0,,,,,,664.0,271.0,1331.0,232.0,66.0,,745.0,,944.0,451.0,
186186,,,,,,,,30.0,,13.0,,,,,,4.0,1.0,,,,,9.0,,3.0,,
186201,,,,,,,,786.0,,297.0,,,,,,35.0,,27.0,13.0,,,73.0,,168.0,35.0,
186274,,,,,,,,22.0,,11.0,,,,,,1.0,1.0,,,,,,1.0,5.0,1.0,
186283,,,,,,,,870.0,,338.0,,,,,,108.0,52.0,27.0,83.0,3.0,,50.0,,93.0,26.0,1.0
186335,,,,,,,,20.0,,8.0,,,,,,2.0,1.0,,,,,1.0,1.0,2.0,2.0,
186371,,,,,,,,1070.0,,444.0,10.0,,,,,15.0,147.0,47.0,29.0,11.0,,107.0,,119.0,23.0,
186380,,,,,,,,17635.0,,4057.0,789.0,55.0,,,,280.0,2303.0,1854.0,727.0,2611.0,,1905.0,6.0,1972.0,523.0,17.0
186399,,,,,,,,1794.0,,713.0,73.0,,,,,37.0,223.0,78.0,62.0,9.0,,228.0,,143.0,80.0,
186405,,,,,,,,3.0,,1.0,,,,,,1.0,,,,1.0,,,,,,
186423,,,,,,,,14.0,,10.0,,,,,,1.0,,,,,,,,1.0,,
186432,,,,,,,,445.0,,187.0,,,,,,67.0,17.0,12.0,61.0,5.0,,5.0,,59.0,,
186469,,,,,,,,110.0,,41.0,,,,,,21.0,6.0,4.0,6.0,,,6.0,,10.0,1.0,
186584,,,,,,,,1550.0,,673.0,,,,,,136.0,105.0,78.0,142.0,12.0,,44.0,,170.0,45.0,4.0
186593,,,,,,,,14.0,,7.0,,,,,,1.0,1.0,,,,,,,,,
186618,,,,,,,,201.0,,87.0,,,,,,25.0,9.0,9.0,17.0,2.0,,4.0,,21.0,6.0,
186645,,,,,,,,544.0,,248.0,,,,,,41.0,3.0,,,,,21.0,,123.0,18.0,
186867,,,,,,,,955.0,,320.0,57.0,,,,,194.0,73.0,19.0,8.0,9.0,,56.0,,130.0,5.0,7.0
186876,,,,,,,,1277.0,,435.0,,,,,,85.0,59.0,62.0,76.0,4.0,,151.0,1.0,241.0,81.0,3.0
186900,,,,,,,,7.0,,5.0,,,,,,0.0,,,,,,1.0,,1.0,,
187000,,,,,,,,15.0,,9.0,,,,,,2.0,1.0,,,,,,1.0,1.0,0.0,
187046,,,,,,,,321.0,,,,,,,,106.0,27.0,23.0,75.0,,,,,61.0,,
187134,,,,,,,,1324.0,,529.0,,,,,,100.0,61.0,42.0,109.0,19.0,,54.0,,96.0,188.0,
187198,,,,,,,,653.0,,266.0,,,,,,41.0,22.0,31.0,28.0,12.0,,59.0,,56.0,8.0,1.0
187444,,,,,,,,1417.0,,621.0,,,,,,48.0,68.0,77.0,96.0,10.0,,201.0,,242.0,,
187505,,,,,,,,86.0,,40.0,,,,,,16.0,7.0,1.0,0.0,,,1.0,4.0,18.0,,
187532,,,,,,,,1395.0,,546.0,,,,,,103.0,83.0,85.0,11.0,,,143.0,6.0,142.0,20.0,9.0
187596,,,,,,,,250.0,,111.0,,2.0,,,,10.0,8.0,9.0,4.0,4.0,,32.0,6.0,22.0,10.0,6.0
187602,,,,,,,,4.0,,3.0,,,,,,1.0,,,,,,,,,,
187620,,,,,,,,466.0,,252.0,,,,,,18.0,14.0,36.0,16.0,1.0,,33.0,3.0,68.0,10.0,
187639,,,,,,,,211.0,,85.0,,,,,,22.0,8.0,14.0,9.0,,,12.0,,14.0,5.0,
187648,,,,,,,,510.0,,190.0,,,,,,47.0,27.0,38.0,38.0,,,53.0,1.0,61.0,8.0,1.0
187666,,,,,,,,239.0,,74.0,,,,,,22.0,15.0,14.0,10.0,,,27.0,,21.0,5.0,
187745,,,,,,,,127.0,,41.0,,,,,,28.0,4.0,4.0,5.0,,,5.0,2.0,12.0,4.0,1.0
187897,,,,,,,,512.0,,191.0,,,,,,66.0,31.0,17.0,38.0,3.0,,18.0,,52.0,60.0,3.0
187903,,,,,,,,275.0,,89.0,,,,,,8.0,13.0,8.0,3.0,,,51.0,,8.0,8.0,
187912,,,,,,,,286.0,,82.0,1.0,,,,,17.0,2.0,15.0,5.0,2.0,,74.0,,36.0,12.0,
187958,,,,,,,,176.0,,75.0,,,,,,13.0,6.0,2.0,1.0,,,17.0,3.0,34.0,6.0,1.0
187967,,,,,,,,739.0,,153.0,4.0,,,,,42.0,61.0,160.0,17.0,2.0,,73.0,,107.0,76.0,7.0
187976,,,,,,,,50.0,,25.0,,,,,,7.0,4.0,2.0,1.0,,,,,8.0,,
187985,,,,,,,,6839.0,,1975.0,169.0,81.0,,,,760.0,660.0,523.0,243.0,390.0,,315.0,14.0,967.0,256.0,58.0
187994,,,,,,,,115.0,,52.0,,,,,,7.0,8.0,3.0,9.0,,,9.0,,19.0,4.0,
188003,,,,,,,,117.0,,51.0,,1.0,,,,7.0,6.0,6.0,5.0,1.0,,5.0,,27.0,4.0,
188021,,,,,,,,60.0,,31.0,,,,,,3.0,5.0,3.0,2.0,,,4.0,,7.0,1.0,
188030,,,,,,,,2876.0,,719.0,46.0,131.0,,,,103.0,365.0,379.0,160.0,41.0,,193.0,4.0,479.0,178.0,39.0
188049,,,,,,,,140.0,,50.0,,,,,,18.0,7.0,5.0,1.0,,,14.0,1.0,21.0,5.0,
188058,,,,,,,,171.0,,59.0,,,,,,9.0,10.0,7.0,13.0,,,22.0,3.0,15.0,5.0,1.0
188100,,,,,,,,652.0,,243.0,3.0,22.0,,,,54.0,12.0,17.0,47.0,1.0,,80.0,12.0,102.0,12.0,1.0
188137,,,,,,,,463.0,,178.0,,7.0,,,,80.0,17.0,22.0,18.0,,,39.0,4.0,35.0,10.0,
188146,,,,,,,,47.0,,26.0,,,,,,7.0,1.0,1.0,1.0,,,4.0,0.0,3.0,1.0,
188182,,,,,,,,108.0,,37.0,,,,,,8.0,,5.0,33.0,1.0,,9.0,,11.0,,
188207,,,,,,,,36.0,,13.0,,,,,,5.0,3.0,1.0,2.0,,,2.0,,2.0,,
188216,,,,,,,,73.0,,21.0,,,,,,14.0,1.0,2.0,1.0,,,3.0,,11.0,3.0,1.0
188225,,,,,,,,109.0,,41.0,2.0,,,,,10.0,8.0,2.0,4.0,,,,,19.0,6.0,2.0
188261,,,,,,,,64.0,,16.0,,,,,,10.0,4.0,3.0,2.0,,,4.0,2.0,7.0,,
188289,,,,,,,,6.0,,3.0,,,,,,1.0,,,,,,,1.0,1.0,,
188304,,,,,,,,386.0,,143.0,,,,,,41.0,44.0,17.0,30.0,3.0,,37.0,,30.0,8.0,
188340,,,,,,,,201.0,,80.0,,,,,,37.0,6.0,14.0,1.0,,,1.0,,11.0,6.0,
188429,,,,,,,,1387.0,,577.0,,,,,,150.0,51.0,48.0,123.0,12.0,,107.0,2.0,192.0,36.0,5.0
188438,,,,,,,,283.0,,136.0,,,,,,23.0,30.0,12.0,12.0,,,27.0,,33.0,,
188517,,,,,,,,64.0,,28.0,,,,,,6.0,1.0,2.0,12.0,,,3.0,,9.0,,
188526,,,,,,,,259.0,,93.0,14.0,3.0,,,,41.0,17.0,12.0,20.0,6.0,,11.0,,18.0,,
188535,,,,,,,,110.0,,42.0,,,,,,15.0,6.0,5.0,16.0,,,,,8.0,1.0,
188580,,,,,,,,2007.0,,658.0,,,,,,153.0,55.0,13.0,26.0,466.0,,129.0,,500.0,,
188641,,,,,,,,546.0,,158.0,,,,,,40.0,26.0,39.0,38.0,8.0,,63.0,18.0,89.0,30.0,3.0
188650,,,,,,,,32.0,,9.0,,,,,,2.0,,,,,,,,3.0,,
188669,,,,,,,,56.0,,36.0,,,,,,8.0,4.0,,,,,,,3.0,,1.0
188678,,,,,,,,49.0,,16.0,,,,,,9.0,2.0,,11.0,,,5.0,,4.0,,
188687,,,,,,,,24.0,,9.0,,,,,,8.0,1.0,,,,,,,5.0,,
188696,,,,,,,,23.0,,4.0,,,,,,4.0,1.0,,1.0,,,3.0,,10.0,,
188854,,,,,,,,258.0,,82.0,,,,,,10.0,11.0,11.0,20.0,1.0,,36.0,20.0,38.0,,
188890,,,,,,,,125.0,,56.0,,,,,,18.0,3.0,1.0,0.0,,,,10.0,26.0,2.0,1.0
188915,,,,,,,,12.0,,10.0,,,,,,1.0,,,,,,,,1.0,,
188942,,,,,,,,16.0,,11.0,,,,,,1.0,1.0,,,,,,,2.0,,
189015,,,,,,,,342.0,,29.0,0.0,,,,,56.0,28.0,7.0,10.0,2.0,,19.0,6.0,40.0,2.0,
189088,,,,,,,,847.0,,250.0,10.0,,,,,58.0,52.0,22.0,68.0,9.0,,63.0,,75.0,106.0,7.0
189097,,,,,,,,815.0,,268.0,3.0,,,,,86.0,30.0,30.0,50.0,5.0,,147.0,1.0,108.0,23.0,
189219,,,,,,,,14.0,,7.0,,,,,,2.0,2.0,,,,,,,,,
189228,,,,,,,,379.0,,145.0,,,,,,22.0,16.0,,9.0,,,21.0,,31.0,,
189264,,,,,,,,4.0,,2.0,,,,,,,,,,,,,,2.0,,
189273,,,,,,,,9.0,,5.0,,,,,,4.0,,,,,,,,,,
189282,,,,,,,,25.0,,16.0,,,,,,2.0,2.0,1.0,,,,,,2.0,,
189404,,,,,,,,13.0,,8.0,,,,,,1.0,,,,,,1.0,,3.0,,
189413,,,,,,,,143.0,,61.0,,,,,,15.0,,3.0,,,,12.0,,50.0,,
189459,,,,,,,,43.0,,31.0,,,,,,1.0,2.0,1.0,,,,,,1.0,,
189468,,,,,,,,15.0,,8.0,,,,,,2.0,,,,,,1.0,,4.0,,
189477,,,,,,,,11.0,,5.0,,,,,,1.0,1.0,,,,,1.0,,3.0,,
189501,,,,,,,,269.0,,96.0,,,,,,20.0,12.0,23.0,20.0,,,15.0,,32.0,13.0,
189547,,,,,,,,542.0,,255.0,,,,,,28.0,13.0,12.0,16.0,,,43.0,,73.0,1.0,11.0
189556,,,,,,,,46.0,,20.0,,,,,,4.0,1.0,1.0,12.0,,,,,6.0,,
189565,,,,,,,,54.0,,28.0,,,,,,3.0,1.0,3.0,11.0,,,1.0,1.0,4.0,,
189574,,,,,,,,67.0,,30.0,,,,,,5.0,1.0,,15.0,,,6.0,,7.0,,
189583,,,,,,,,70.0,,32.0,,,,,,7.0,1.0,1.0,18.0,,,,,5.0,,
189592,,,,,,,,57.0,,31.0,,,,,,5.0,1.0,1.0,10.0,,,,,5.0,,
189705,,,,,,,,592.0,,239.0,,,,,,26.0,18.0,17.0,52.0,9.0,,64.0,2.0,71.0,27.0,2.0
189714,,,,,,,,30.0,,17.0,,,,,,3.0,1.0,,,,,,,6.0,,
189811,,,,,,,,51.0,,28.0,,,,,,10.0,1.0,,,,,,,4.0,,
189839,,,,,,,,240.0,,85.0,,,,,,28.0,8.0,15.0,18.0,3.0,,18.0,,35.0,6.0,
189848,,,,,,,,222.0,,54.0,1.0,,,,,19.0,7.0,9.0,21.0,2.0,,71.0,,17.0,8.0,
189857,,,,,,,,29.0,,15.0,,,,,,4.0,3.0,,,,,6.0,,0.0,,
189954,,,,,,,,5.0,,3.0,,,,,,1.0,,,,,,,,1.0,,
189981,,,,,,,,31.0,,9.0,,,,,,2.0,2.0,,2.0,,,5.0,,2.0,,
189990,,,,,,,,34.0,,15.0,,,,,,1.0,,,1.0,,,3.0,,5.0,,
190008,,,,,,,,13.0,,9.0,,,,,,,0.0,,,,,,,,,0.0
190035,,,,,,,,1005.0,,,,,,,,354.0,95.0,163.0,131.0,1.0,,23.0,,181.0,,3.0
190044,,,,,,,,782.0,,279.0,18.0,,,,,80.0,55.0,37.0,78.0,7.0,,74.0,,111.0,31.0,5.0
190053,,,,,,,,129.0,,59.0,,,,,,10.0,8.0,4.0,1.0,1.0,,7.0,,15.0,3.0,
190071,,,,,,,,25.0,,14.0,,,,,,2.0,,1.0,,1.0,,,,2.0,,
190080,,,,,,,,33.0,,8.0,,,,,,6.0,2.0,1.0,1.0,,,4.0,,6.0,,
190099,,,,,,,,1005.0,,336.0,,,,,,67.0,58.0,46.0,114.0,12.0,,116.0,1.0,146.0,49.0,2.0
190114,,,,,,,,178.0,,98.0,,,,,,8.0,6.0,8.0,1.0,,,,,12.0,2.0,
190150,,,,,,,,17784.0,,4654.0,2105.0,,,,,2734.0,818.0,1160.0,281.0,996.0,,1230.0,17.0,3007.0,257.0,73.0
190169,,,,,,,,167.0,,61.0,,,,,,22.0,6.0,9.0,13.0,0.0,,18.0,,13.0,4.0,
190239,,,,,,,,11.0,,7.0,,,,,,1.0,,,,,,,,1.0,,
190248,,,,,,,,233.0,,103.0,1.0,,,,,31.0,13.0,5.0,38.0,4.0,,6.0,,22.0,1.0,
190293,,,,,,,,6.0,,2.0,,,,,,1.0,,,,,,,1.0,1.0,,
190309,,,,,,,,3.0,,2.0,,,,,,1.0,,,,,,,,,,
190318,,,,,,,,35.0,,12.0,,,,,,8.0,4.0,,,,,3.0,2.0,5.0,,
190372,,,,,,,,273.0,,103.0,,,,,,49.0,6.0,6.0,13.0,,,8.0,,71.0,9.0,
190415,,,,,,,,10227.0,,1861.0,826.0,209.0,,,,858.0,912.0,950.0,361.0,513.0,,1215.0,52.0,1473.0,518.0,61.0
190424,,,,,,,,6660.0,,1748.0,,,,,,341.0,562.0,802.0,43.0,533.0,,417.0,,1866.0,58.0,6.0
190442,,,,,,,,257.0,,127.0,,,,,,22.0,4.0,4.0,4.0,1.0,,23.0,1.0,52.0,5.0,
190451,,,,,,,,33.0,,24.0,,,,,,2.0,,,,,,,,2.0,,
190503,,,,,,,,681.0,,156.0,,,,,,204.0,73.0,17.0,16.0,6.0,,87.0,6.0,46.0,37.0,1.0
190512,,,,,,,,1664.0,,689.0,,2.0,,,,175.0,31.0,53.0,63.0,,,176.0,,305.0,27.0,9.0
190521,,,,,,,,1958.0,,851.0,,,,,,116.0,28.0,109.0,135.0,1.0,,163.0,,355.0,39.0,31.0
190530,,,,,,,,1195.0,,435.0,,,,,,83.0,27.0,80.0,66.0,1.0,,118.0,,243.0,31.0,32.0
190549,,,,,,,,1727.0,,769.0,,,,,,122.0,39.0,90.0,65.0,1.0,,130.0,,370.0,31.0,26.0
190558,,,,,,,,1360.0,,596.0,,,,,,101.0,28.0,89.0,53.0,3.0,,95.0,,260.0,27.0,26.0
190567,,,,,,,,1906.0,,847.0,2.0,1.0,,,,162.0,72.0,118.0,52.0,5.0,,199.0,,238.0,39.0,45.0
190576,,,,,,,,1069.0,,348.0,13.0,5.0,,,,207.0,53.0,78.0,67.0,,,39.0,,134.0,,4.0
190585,,,,,,,,828.0,,255.0,,1.0,,,,78.0,18.0,42.0,56.0,1.0,,70.0,,186.0,19.0,12.0
190594,,,,,,,,2412.0,,1135.0,,2.0,,,,154.0,64.0,140.0,91.0,2.0,,222.0,,390.0,49.0,29.0
190600,,,,,,,,1449.0,,634.0,1.0,1.0,,,,156.0,48.0,65.0,84.0,1.0,,108.0,,228.0,23.0,25.0
190619,,,,,,,,1320.0,,490.0,,1.0,,,,110.0,26.0,82.0,57.0,5.0,,108.0,,247.0,21.0,32.0
190628,,,,,,,,1626.0,,589.0,,,,,,151.0,39.0,121.0,109.0,3.0,,107.0,,359.0,,3.0
190637,,,,,,,,1301.0,,557.0,,,,,,123.0,22.0,78.0,49.0,2.0,,104.0,,235.0,25.0,34.0
190646,,,,,,,,739.0,,270.0,,,,,,86.0,41.0,45.0,49.0,,,79.0,,90.0,19.0,17.0
190655,,,,,,,,1442.0,,754.0,,,,,,74.0,23.0,122.0,54.0,1.0,,95.0,,212.0,14.0,16.0
190664,,,,,,,,1747.0,,887.0,,,,,,124.0,39.0,83.0,50.0,2.0,,114.0,,287.0,27.0,41.0
190673,,,,,,,,1407.0,,540.0,,,,,,108.0,30.0,84.0,83.0,1.0,,114.0,,294.0,27.0,25.0
190682,,,,,,,,162.0,,45.0,,,,,,40.0,7.0,9.0,7.0,,,1.0,,32.0,,2.0
190691,,,,,,,,850.0,,315.0,,,,,,65.0,22.0,61.0,35.0,1.0,,73.0,,172.0,18.0,19.0
190707,,,,,,,,3.0,,1.0,,,,,,2.0,,,,,,,,,,
190716,,,,,,,,453.0,,228.0,,,,,,65.0,0.0,20.0,8.0,12.0,,,,66.0,6.0,
190725,,,,,,,,458.0,,192.0,,,,,,58.0,29.0,15.0,28.0,5.0,,57.0,,59.0,3.0,5.0
190752,,,,,,,,15.0,,5.0,,,,,,2.0,1.0,,,,,5.0,,2.0,,
190761,,,,,,,,298.0,,130.0,,,,,,38.0,13.0,9.0,21.0,5.0,,8.0,,38.0,10.0,
190840,,,,,,,,534.0,,263.0,,,,,,14.0,38.0,20.0,7.0,4.0,,47.0,,60.0,10.0,3.0
190956,,,,,,,,22.0,,18.0,,,,,,1.0,0.0,,,,,,,1.0,,
190974,,,,,,,,40.0,,18.0,,,,,,10.0,,,,,,,3.0,3.0,,
190983,,,,,,,,257.0,,80.0,,,,,,18.0,6.0,10.0,34.0,2.0,,40.0,,29.0,9.0,3.0
191083,,,,,,,,1001.0,,439.0,,,,,,91.0,10.0,55.0,28.0,6.0,,54.0,5.0,152.0,59.0,5.0
191126,,,,,,,,1129.0,,493.0,,,,,,67.0,41.0,116.0,22.0,0.0,,19.0,,267.0,14.0,
191199,,,,,,,,402.0,,182.0,,,,,,15.0,6.0,19.0,20.0,1.0,,26.0,,47.0,10.0,
191205,,,,,,,,131.0,,59.0,,,,,,9.0,3.0,4.0,8.0,,,12.0,,4.0,4.0,
191241,,,,,,,,2638.0,,1027.0,,,,,,568.0,29.0,77.0,135.0,17.0,,232.0,3.0,441.0,65.0,
191287,,,,,,,,122.0,,31.0,,,,,,15.0,4.0,2.0,4.0,,,6.0,,10.0,32.0,
191302,,,,,,,,199.0,,72.0,,,,,,22.0,,3.0,5.0,,,17.0,,30.0,,
191311,,,,,,,,21.0,,12.0,,,,,,2.0,,,,,,,,6.0,,
191320,,,,,,,,39.0,,11.0,,,,,,5.0,6.0,1.0,,,,,,2.0,,
191339,,,,,,,,396.0,,153.0,,,,,,43.0,12.0,5.0,11.0,2.0,,33.0,,53.0,8.0,
191515,,,,,,,,698.0,,209.0,,,,,,73.0,40.0,40.0,83.0,9.0,,102.0,1.0,67.0,33.0,1.0
191533,,,,,,,,320.0,,129.0,,,,,,34.0,9.0,15.0,43.0,6.0,,17.0,,38.0,,0.0
191597,,,,,,,,51.0,,32.0,0.0,,,,,7.0,2.0,1.0,0.0,,,,,3.0,,
191612,,,,,,,,218.0,,79.0,2.0,,,,,24.0,1.0,7.0,11.0,2.0,,24.0,,51.0,2.0,
191621,,,,,,,,152.0,,60.0,,,,,,11.0,5.0,6.0,15.0,,,8.0,8.0,7.0,10.0,
191630,,,,,,,,633.0,,234.0,2.0,,,,,58.0,34.0,37.0,82.0,18.0,,33.0,5.0,65.0,1.0,2.0
191649,,,,,,,,2069.0,,743.0,,,,,,256.0,162.0,86.0,148.0,13.0,,204.0,,248.0,71.0,20.0
191676,,,,,,,,213.0,,84.0,,,,,,23.0,14.0,9.0,26.0,3.0,,9.0,,27.0,0.0,
191719,,,,,,,,716.0,,325.0,,,,,,37.0,34.0,30.0,46.0,3.0,,100.0,4.0,113.0,2.0,
191728,,,,,,,,86.0,,43.0,,,,,,9.0,3.0,2.0,,,,,13.0,9.0,,
191931,,,,,,,,646.0,,224.0,,,,,,64.0,23.0,30.0,62.0,6.0,,88.0,,64.0,24.0,
191940,,,,,,,,13.0,,10.0,,,,,,1.0,0.0,,,,,,,1.0,,
191959,,,,,,,,11.0,,3.0,,,,,,3.0,,,,,,,,4.0,,
191968,,,,,,,,1406.0,,591.0,,,,,,80.0,71.0,73.0,152.0,9.0,,191.0,5.0,155.0,41.0,4.0
191986,,,,,,,,318.0,,144.0,,,,,,38.0,10.0,19.0,4.0,1.0,,32.0,,61.0,,
192004,,,,,,,,22.0,,11.0,,,,,,6.0,1.0,,,,,,,2.0,2.0,
192022,,,,,,,,287.0,,129.0,,,,,,17.0,7.0,20.0,14.0,1.0,,17.0,,46.0,,
192040,,,,,,,,217.0,,42.0,1.0,,,,,56.0,18.0,6.0,10.0,,,23.0,,39.0,,
192110,,,,,,,,531.0,,194.0,,,,,,106.0,10.0,12.0,19.0,3.0,,51.0,9.0,70.0,13.0,24.0
192165,,,,,,,,16.0,,11.0,0.0,0.0,,,,1.0,,,,,,3.0,,0.0,,
192192,,,,,,,,368.0,,197.0,,,,,,30.0,19.0,17.0,40.0,2.0,,6.0,,33.0,,1.0
192271,,,,,,,,234.0,,108.0,,,,,,45.0,7.0,8.0,,,,6.0,,11.0,,
192323,,,,,,,,540.0,,222.0,,,,,,62.0,28.0,10.0,62.0,5.0,,22.0,,51.0,30.0,
192439,,,,,,,,834.0,,409.0,,,,,,170.0,3.0,16.0,65.0,10.0,,1.0,1.0,133.0,3.0,1.0
192448,,,,,,,,754.0,,359.0,,,,,,143.0,1.0,13.0,44.0,8.0,,26.0,2.0,116.0,8.0,1.0
192457,,,,,,,,122.0,,,,,,,,74.0,1.0,18.0,4.0,,,,,25.0,,1.0
192484,,,,,,,,10.0,,7.0,,,,,,1.0,1.0,,,,,,1.0,,,
192509,,,,,,,,121.0,,48.0,,,,,,12.0,1.0,4.0,,,,7.0,10.0,6.0,,
192563,,,,,,,,9.0,,4.0,,,,,,2.0,,1.0,2.0,,,,,,,
192624,,,,,,,,15.0,,10.0,,,,,,3.0,,,,,,1.0,,1.0,,
192688,,,,,,,,59.0,,29.0,,,,,,6.0,7.0,,,,,3.0,4.0,9.0,,
192703,,,,,,,,758.0,,308.0,,,,,,148.0,27.0,24.0,46.0,4.0,,80.0,,78.0,29.0,
192712,,,,,,,,285.0,,161.0,,,,,,21.0,10.0,6.0,10.0,1.0,,17.0,1.0,26.0,,
192749,,,,,,,,417.0,,205.0,,,,,,71.0,4.0,2.0,39.0,6.0,,4.0,,51.0,11.0,2.0
192785,,,,,,,,97.0,,41.0,,,,,,11.0,5.0,3.0,1.0,,,4.0,,11.0,,
192800,,,,,,,,8.0,,3.0,,,,,,,,,,,,,,5.0,,
192819,,,,,,,,995.0,,350.0,,,,,,144.0,26.0,48.0,105.0,13.0,,152.0,,126.0,21.0,1.0
192864,,,,,,,,403.0,,183.0,,,,,,38.0,22.0,23.0,23.0,,,21.0,2.0,41.0,0.0,
192925,,,,,,,,348.0,,163.0,2.0,,,,,26.0,8.0,12.0,16.0,12.0,,13.0,13.0,22.0,,
192961,,,,,,,,20.0,,13.0,,,,,,1.0,1.0,,,,,,,1.0,,
192970,,,,,,,,2.0,,2.0,,,,,,,,,,,,,,,,
193016,,,,,,,,864.0,,412.0,,,,,,46.0,42.0,10.0,40.0,2.0,,8.0,,40.0,2.0,
193052,,,,,,,,17.0,,12.0,,,,,,1.0,1.0,,,,,,,3.0,,
193061,,,,,,,,6.0,,4.0,,,,,,0.0,1.0,,,,,0.0,,0.0,,
193070,,,,,,,,12.0,,10.0,,,,,,,,,,,,,,2.0,,
193122,,,,,,,,13.0,,5.0,,,,,,2.0,2.0,,,,,1.0,,3.0,,
193186,,,,,,,,9.0,,3.0,,,,,,2.0,1.0,,,,,,1.0,1.0,0.0,
193201,,,,,,,,60.0,,25.0,,,,,,1.0,,3.0,,,,2.0,8.0,2.0,,
193247,,,,,,,,31.0,,18.0,,,,,,2.0,,,,,,7.0,,3.0,,
193265,,,,,,,,11.0,,4.0,,,,,,3.0,,,,,,,,2.0,1.0,
193283,,,,,,,,548.0,,200.0,,,,,,52.0,7.0,13.0,44.0,5.0,,58.0,,71.0,2.0,1.0
193292,,,,,,,,734.0,,364.0,,,,,,61.0,48.0,18.0,25.0,2.0,,56.0,,106.0,15.0,1.0
193308,,,,,,,,687.0,,301.0,,,,,,46.0,19.0,8.0,162.0,,,83.0,,64.0,,
193326,,,,,,,,1139.0,,445.0,,,,,,101.0,41.0,56.0,51.0,5.0,,118.0,,172.0,38.0,9.0
193353,,,,,,,,414.0,,150.0,,,,,,45.0,1.0,18.0,51.0,9.0,,57.0,,53.0,2.0,1.0
193399,,,,,,,,317.0,,126.0,1.0,,,,,12.0,23.0,9.0,19.0,3.0,,22.0,1.0,28.0,45.0,
193405,,,,,,,,10792.0,,3408.0,,,,,,1100.0,446.0,900.0,307.0,2320.0,,589.0,,1670.0,9.0,7.0
193478,,,,,,,,1477.0,,750.0,,,,,,49.0,39.0,110.0,8.0,4.0,,101.0,,224.0,32.0,6.0
193584,,,,,,,,541.0,,262.0,,,,,,50.0,27.0,24.0,59.0,6.0,,11.0,1.0,69.0,,1.0
193609,,,,,,,,23.0,,10.0,,,,,,1.0,0.0,0.0,1.0,,,,,3.0,3.0,1.0
193645,,,,,,,,392.0,,178.0,,,,,,60.0,7.0,12.0,11.0,,,34.0,,47.0,1.0,0.0
193654,,,,,,,,2050.0,,1035.0,,,,,,412.0,100.0,65.0,26.0,6.0,,133.0,,132.0,77.0,1.0
193672,,,,,,,,9.0,,3.0,,,,,,2.0,1.0,0.0,,,,,,1.0,0.0,
193751,,,,,,,,237.0,,72.0,1.0,,,,,34.0,7.0,15.0,15.0,,,16.0,,55.0,7.0,
193821,,,,,,,,187.0,,78.0,,,,,,27.0,9.0,1.0,8.0,,,4.0,,24.0,,
193830,,,,,,,,837.0,,321.0,149.0,,,,,81.0,98.0,11.0,,18.0,,41.0,,105.0,,
193858,,,,,,,,27.0,,7.0,,,,,,6.0,1.0,,,,,,,8.0,2.0,
193894,,,,,,,,37.0,,15.0,,,,,,1.0,4.0,0.0,,,,,,16.0,,
193900,,,,,,,,19617.0,,7063.0,,14.0,,,,1690.0,1430.0,1602.0,877.0,2416.0,,434.0,15.0,2799.0,204.0,20.0
193946,,,,,,,,409.0,,178.0,,,,,,24.0,9.0,5.0,7.0,,,42.0,,74.0,,
193973,,,,,,,,625.0,,251.0,,,,,,117.0,34.0,21.0,64.0,7.0,,19.0,,79.0,16.0,2.0
193991,,,,,,,,4.0,,2.0,,,,,,1.0,,,,,,,,1.0,,
194028,,,,,,,,126.0,,74.0,,,,,,8.0,3.0,2.0,1.0,,,7.0,,14.0,5.0,
194073,,,,,,,,99.0,,36.0,,,,,,21.0,6.0,6.0,,,,,,19.0,7.0,
194091,,,,,,,,1308.0,,515.0,,,,,,274.0,65.0,63.0,48.0,29.0,,89.0,,149.0,24.0,2.0
194116,,,,,,,,91.0,,37.0,,,,,,18.0,3.0,6.0,4.0,0.0,,4.0,,13.0,,
194161,,,,,,,,280.0,,135.0,,,,,,19.0,2.0,6.0,40.0,2.0,,7.0,,34.0,,0.0
194189,,,,,,,,14.0,,5.0,,,,,,2.0,1.0,,,,,5.0,,1.0,,
194222,,,,,,,,837.0,,323.0,,,,,,66.0,47.0,22.0,75.0,,,87.0,,97.0,5.0,
194240,,,,,,,,684.0,,242.0,,,,,,33.0,32.0,24.0,46.0,2.0,,59.0,,104.0,13.0,0.0
194259,,,,,,,,4.0,,3.0,,,,,,,,,,,,,,1.0,,
194310,,,,,,,,2150.0,,784.0,,,,,,405.0,135.0,99.0,108.0,4.0,,35.0,,461.0,11.0,15.0
194392,,,,,,,,158.0,,60.0,4.0,6.0,,,,19.0,6.0,6.0,9.0,,,7.0,2.0,15.0,1.0,
194435,,,,,,,,8.0,,4.0,,,,,,1.0,,,,,,0.0,1.0,1.0,,
194499,,,,,,,,98.0,,37.0,,,,,,3.0,,3.0,,,,,,47.0,5.0,
194569,,,,,,,,32.0,,10.0,,,,,,6.0,1.0,,,0.0,,2.0,,5.0,5.0,
194578,,,,,,,,1088.0,,492.0,,,,,,132.0,39.0,31.0,91.0,8.0,,137.0,2.0,129.0,,
194657,,,,,,,,19.0,,16.0,,,,,,1.0,1.0,,,,,0.0,,1.0,,
194666,,,,,,,,25.0,,7.0,,,,,,6.0,,,,,,3.0,,4.0,,
194693,,,,,,,,11.0,,4.0,,,,,,4.0,,,,,,1.0,,1.0,,
194736,,,,,,,,20.0,,8.0,,,,,,1.0,1.0,,,,,7.0,,3.0,,
194763,,,,,,,,72.0,,13.0,,,,,,5.0,10.0,1.0,10.0,,,12.0,,4.0,1.0,
194824,,,,,,,,1757.0,,467.0,155.0,,,,,171.0,166.0,106.0,107.0,25.0,,162.0,1.0,162.0,89.0,22.0
194958,,,,,,,,273.0,,93.0,,,,,,37.0,11.0,15.0,19.0,1.0,,22.0,13.0,48.0,6.0,1.0
195003,,,,,,,,3665.0,,1171.0,29.0,,,,,378.0,275.0,346.0,409.0,32.0,,310.0,12.0,498.0,67.0,17.0
195030,,,,,,,,8415.0,,2346.0,433.0,,,,,802.0,229.0,1448.0,127.0,203.0,,452.0,,1582.0,197.0,316.0
195049,,,,,,,,1490.0,,89.0,446.0,,,,,175.0,68.0,280.0,25.0,26.0,,165.0,,101.0,61.0,
195058,,,,,,,,567.0,,237.0,,,,,,57.0,9.0,14.0,22.0,,,46.0,2.0,103.0,11.0,2.0
195067,,,,,,,,35.0,,16.0,,,,,,4.0,,,,,,,,6.0,2.0,
195128,,,,,,,,392.0,,137.0,,,,,,56.0,12.0,19.0,16.0,5.0,,34.0,,62.0,11.0,1.0
195155,,,,,,,,10.0,,4.0,,,,,,3.0,0.0,,,,,,,2.0,0.0,
195164,,,,,,,,453.0,,147.0,,,,,,50.0,28.0,16.0,55.0,7.0,,61.0,0.0,51.0,12.0,1.0
195173,,,,,,,,356.0,,178.0,1.0,,,,,47.0,11.0,14.0,27.0,1.0,,4.0,,26.0,,
195191,,,,,,,,42.0,,25.0,,,,,,6.0,,2.0,,0.0,,,,4.0,,
195216,,,,,,,,770.0,,216.0,,,,,,46.0,45.0,29.0,28.0,5.0,,153.0,7.0,91.0,17.0,8.0
195234,,,,,,,,601.0,,222.0,,,,,,46.0,34.0,16.0,48.0,16.0,,94.0,1.0,58.0,19.0,5.0
195243,,,,,,,,216.0,,85.0,,,,,,51.0,5.0,3.0,27.0,1.0,,10.0,,25.0,4.0,
195289,,,,,,,,15.0,,12.0,,,,,,1.0,0.0,,,,,,,1.0,,
195304,,,,,,,,443.0,,183.0,,,,,,115.0,5.0,12.0,16.0,5.0,,46.0,,38.0,,
195322,,,,,,,,298.0,,110.0,,,,,,25.0,4.0,11.0,6.0,1.0,,2.0,,41.0,18.0,
195438,,,,,,,,36.0,,21.0,,,,,,5.0,4.0,,,,,3.0,,3.0,,
195474,,,,,,,,705.0,,249.0,,,,,,54.0,25.0,29.0,80.0,1.0,,97.0,0.0,74.0,26.0,13.0
195526,,,,,,,,959.0,,313.0,1.0,,,,,61.0,58.0,42.0,86.0,11.0,,169.0,1.0,125.0,37.0,5.0
195544,,,,,,,,210.0,,89.0,,,,,,8.0,46.0,10.0,23.0,0.0,,0.0,,32.0,,
195562,,,,,,,,450.0,,208.0,,,,,,6.0,86.0,12.0,42.0,0.0,,19.0,,69.0,,
195580,,,,,,,,31.0,,10.0,,,,,,2.0,3.0,1.0,1.0,,,1.0,,6.0,3.0,
195702,,,,,,,,33.0,,19.0,,,,,,3.0,2.0,1.0,1.0,0.0,,2.0,,3.0,,
195720,,,,,,,,673.0,,310.0,,,,,,36.0,13.0,25.0,67.0,7.0,,74.0,,72.0,14.0,10.0
195784,,,,,,,,62.0,,39.0,,,,,,9.0,1.0,,,,,0.0,4.0,6.0,,
195809,,,,,,,,2068.0,,911.0,,,,,,42.0,213.0,81.0,161.0,32.0,,87.0,,291.0,,
195827,,,,,,,,520.0,,,,1.0,,,,124.0,108.0,102.0,30.0,1.0,,18.0,,104.0,17.0,5.0
195933,,,,,,,,19.0,,9.0,,,,,,5.0,,,,,,,,1.0,,
195988,,,,,,,,156.0,,61.0,,,,,,15.0,2.0,9.0,10.0,2.0,,10.0,,26.0,,
196006,,,,,,,,570.0,,186.0,,,,,,43.0,45.0,16.0,36.0,32.0,,102.0,,58.0,32.0,3.0
196015,,,,,,,,454.0,,164.0,,,,,,36.0,23.0,21.0,40.0,8.0,,56.0,,46.0,21.0,0.0
196024,,,,,,,,485.0,,185.0,,,,,,28.0,25.0,12.0,18.0,27.0,,60.0,4.0,60.0,31.0,4.0
196033,,,,,,,,437.0,,128.0,1.0,,,,,38.0,22.0,12.0,21.0,57.0,,65.0,,44.0,37.0,2.0
196042,,,,,,,,963.0,,403.0,,23.0,,,,61.0,75.0,11.0,34.0,84.0,,109.0,,100.0,38.0,1.0
196051,,,,,,,,523.0,,173.0,,10.0,,,,33.0,26.0,9.0,41.0,32.0,,68.0,,59.0,42.0,3.0
196060,,,,,,,,2714.0,,825.0,3.0,8.0,,,,169.0,474.0,173.0,120.0,88.0,,331.0,,227.0,172.0,25.0
196079,,,,,,,,2449.0,,816.0,19.0,,,,,129.0,221.0,82.0,121.0,132.0,,324.0,2.0,344.0,182.0,4.0
196088,,,,,,,,4876.0,,1847.0,29.0,34.0,,,,364.0,488.0,272.0,202.0,287.0,,486.0,,469.0,189.0,48.0
196097,,,,,,,,4580.0,,2081.0,83.0,11.0,,,,117.0,528.0,348.0,208.0,109.0,,426.0,1.0,191.0,195.0,76.0
196103,,,,,,,,405.0,,134.0,3.0,,,,,36.0,38.0,17.0,9.0,28.0,,49.0,,50.0,30.0,0.0
196112,,,,,,,,437.0,,184.0,,,,,,51.0,25.0,10.0,30.0,23.0,,49.0,,32.0,19.0,1.0
196121,,,,,,,,1091.0,,408.0,,19.0,,,,72.0,60.0,34.0,72.0,45.0,,125.0,,143.0,58.0,6.0
196130,,,,,,,,1418.0,,521.0,4.0,,,,,91.0,85.0,104.0,89.0,38.0,,167.0,,173.0,60.0,5.0
196149,,,,,,,,1062.0,,396.0,2.0,,,,,97.0,42.0,25.0,70.0,29.0,,157.0,,141.0,49.0,16.0
196158,,,,,,,,753.0,,313.0,,1.0,,,,55.0,45.0,15.0,19.0,57.0,,107.0,,88.0,29.0,8.0
196167,,,,,,,,823.0,,291.0,,,,,,65.0,37.0,29.0,41.0,22.0,,134.0,,114.0,51.0,3.0
196176,,,,,,,,1121.0,,442.0,1.0,,,,,83.0,97.0,40.0,47.0,11.0,,143.0,,136.0,55.0,5.0
196185,,,,,,,,969.0,,340.0,9.0,,,,,70.0,73.0,54.0,42.0,25.0,,143.0,,114.0,52.0,9.0
196194,,,,,,,,1215.0,,442.0,6.0,8.0,,,,88.0,52.0,28.0,62.0,59.0,,194.0,,149.0,80.0,12.0
196200,,,,,,,,728.0,,285.0,,,,,,42.0,38.0,17.0,55.0,10.0,,97.0,,86.0,44.0,7.0
196219,,,,,,,,793.0,,266.0,2.0,,,,,56.0,52.0,33.0,75.0,21.0,,124.0,,86.0,47.0,2.0
196228,,,,,,,,295.0,,87.0,,,,,,30.0,24.0,1.0,1.0,57.0,,28.0,,55.0,9.0,
196237,,,,,,,,559.0,,231.0,,,,,,62.0,25.0,13.0,26.0,38.0,,51.0,,61.0,24.0,5.0
196246,,,,,,,,876.0,,325.0,0.0,1.0,,,,58.0,58.0,31.0,58.0,42.0,,114.0,,111.0,58.0,4.0
196255,,,,,,,,1375.0,,436.0,6.0,,,,,104.0,95.0,40.0,16.0,254.0,,134.0,,194.0,82.0,6.0
196264,,,,,,,,877.0,,425.0,2.0,,,,,42.0,59.0,31.0,7.0,45.0,,5.0,,217.0,8.0,5.0
196291,,,,,,,,310.0,,111.0,,,,,,33.0,22.0,7.0,29.0,9.0,,38.0,,25.0,26.0,1.0
196307,,,,,,,,1377.0,,526.0,1.0,,,,,76.0,117.0,22.0,19.0,326.0,,75.0,,118.0,77.0,5.0
196389,,,,,,,,170.0,,74.0,30.0,,,,,2.0,6.0,4.0,2.0,34.0,,,10.0,2.0,,
196413,,,,,,,,4818.0,,1318.0,78.0,,,,,646.0,504.0,304.0,332.0,28.0,,671.0,24.0,533.0,203.0,41.0
196431,,,,,,,,37.0,,23.0,,,,,,4.0,5.0,,,,,5.0,,,,
196440,,,,,,,,4.0,,2.0,,,,,,0.0,0.0,,,,,1.0,,0.0,,
196468,,,,,,,,1169.0,,346.0,,,,,,182.0,114.0,17.0,,,,103.0,,84.0,,
196565,,,,,,,,306.0,,118.0,,,,,,50.0,6.0,15.0,15.0,,,35.0,,44.0,,
196583,,,,,,,,14.0,,9.0,,,,,,1.0,,,,,,3.0,,1.0,,
196592,,,,,,,,1763.0,,777.0,,,,,,181.0,42.0,102.0,27.0,290.0,,39.0,,220.0,2.0,
196653,,,,,,,,171.0,,81.0,,,,,,30.0,11.0,1.0,1.0,4.0,,,,13.0,,
196680,,,,,,,,847.0,,328.0,17.0,,,,,44.0,21.0,40.0,34.0,,,,17.0,81.0,3.0,
196699,,,,,,,,219.0,,91.0,1.0,12.0,,,,14.0,6.0,,6.0,3.0,,28.0,,26.0,2.0,
196866,,,,,,,,820.0,,226.0,,,,,,78.0,33.0,38.0,84.0,16.0,,205.0,,91.0,29.0,
196884,,,,,,,,86.0,,31.0,,,,,,10.0,9.0,3.0,11.0,,,2.0,,13.0,,
197018,,,,,,,,219.0,,143.0,8.0,7.0,,,,8.0,7.0,1.0,3.0,,,4.0,2.0,10.0,10.0,9.0
197027,,,,,,,,241.0,,115.0,2.0,,,,,3.0,1.0,10.0,7.0,,,5.0,,51.0,18.0,1.0
197036,,,,,,,,1898.0,,231.0,,,,,,31.0,282.0,206.0,72.0,7.0,,333.0,14.0,216.0,127.0,283.0
197045,,,,,,,,567.0,,250.0,,,,,,37.0,46.0,26.0,64.0,3.0,,6.0,,80.0,6.0,
197133,,,,,,,,1023.0,,306.0,,,,,,55.0,119.0,51.0,12.0,11.0,,251.0,,142.0,6.0,
197142,,,,,,,,129.0,,51.0,,,,,,23.0,4.0,4.0,12.0,2.0,,4.0,,12.0,3.0,
197151,,,,,,,,1074.0,,538.0,,,,,,83.0,21.0,64.0,36.0,3.0,,85.0,4.0,130.0,25.0,
197197,,,,,,,,487.0,,179.0,,7.0,,,,26.0,15.0,17.0,53.0,5.0,,64.0,,49.0,13.0,17.0
197221,,,,,,,,37.0,,12.0,,,,,,10.0,3.0,1.0,1.0,0.0,,6.0,,1.0,1.0,
197230,,,,,,,,171.0,,47.0,,,,,,23.0,7.0,10.0,26.0,,,24.0,,7.0,6.0,5.0
197285,,,,,,,,133.0,,41.0,,,,,,16.0,8.0,7.0,13.0,,,,,18.0,0.0,
197294,,,,,,,,658.0,,304.0,,3.0,,,,53.0,14.0,72.0,39.0,3.0,,10.0,,88.0,18.0,
197337,,,,,,,,5.0,,3.0,,,,,,1.0,,,,,,,,1.0,,
197531,,,,,,,,102.0,,4.0,,,,,,12.0,5.0,,,3.0,,22.0,0.0,32.0,,
197601,,,,,,,,16.0,,5.0,,,,,,3.0,1.0,,,1.0,,,,2.0,1.0,
197610,,,,,,,,17.0,,8.0,,,,,,2.0,2.0,,,,,2.0,,3.0,,
197647,,,,,,,,23.0,,14.0,,,,,,2.0,2.0,,,,,3.0,,2.0,,
197674,,,,,,,,31.0,,20.0,,,,,,2.0,2.0,,,,,2.0,,2.0,,
197692,,,,,,,,13.0,,5.0,,,,,,,1.0,,,,,,6.0,1.0,,
197708,,,,,,,,2937.0,,972.0,264.0,,,,,266.0,134.0,344.0,51.0,33.0,,200.0,8.0,333.0,100.0,17.0
197735,,,,,,,,63.0,,46.0,,,,,,6.0,3.0,,,,,5.0,,4.0,,
197744,,,,,,,,19.0,,9.0,,,,,,2.0,2.0,,,,,2.0,,4.0,,
197814,,,,,,,,252.0,,127.0,,,,,,28.0,5.0,9.0,11.0,,,21.0,2.0,28.0,4.0,
197832,,,,,,,,60.0,,25.0,,,,,,8.0,4.0,,1.0,,,,,14.0,,
197850,,,,,,,,269.0,,142.0,,,,,,38.0,10.0,11.0,6.0,,,,,35.0,8.0,
197869,,,,,,,,2760.0,,1092.0,,,,,,98.0,92.0,151.0,196.0,45.0,,332.0,41.0,385.0,151.0,8.0
197887,,,,,,,,672.0,,330.0,,,,,,74.0,15.0,30.0,20.0,,,31.0,6.0,78.0,13.0,1.0
197911,,,,,,,,198.0,,84.0,,,,,,22.0,11.0,4.0,37.0,5.0,,3.0,,21.0,,
197966,,,,,,,,246.0,,133.0,,,,,,28.0,3.0,6.0,9.0,,,19.0,,22.0,5.0,
197984,,,,,,,,229.0,,95.0,,,,,,21.0,14.0,,43.0,5.0,,3.0,2.0,23.0,,2.0
197993,,,,,,,,128.0,,40.0,,,,,,28.0,1.0,6.0,,,,9.0,,35.0,,
198011,,,,,,,,142.0,,74.0,,,,,,20.0,5.0,3.0,7.0,,,4.0,1.0,22.0,2.0,
198039,,,,,,,,335.0,,198.0,,,,,,25.0,9.0,10.0,13.0,3.0,,13.0,0.0,37.0,5.0,1.0
198066,,,,,,,,215.0,,69.0,,,,,,21.0,6.0,5.0,35.0,,,38.0,,36.0,,
198084,,,,,,,,305.0,,108.0,,,,,,18.0,11.0,6.0,16.0,,,41.0,,36.0,15.0,
198109,,,,,,,,67.0,,44.0,,,,,,3.0,2.0,,2.0,,,,,6.0,,
198118,,,,,,,,404.0,,169.0,,,,,,66.0,10.0,14.0,23.0,,,25.0,5.0,56.0,9.0,
198136,,,,,,,,1245.0,,452.0,2.0,,,,,110.0,22.0,38.0,155.0,26.0,,135.0,2.0,200.0,45.0,7.0
198154,,,,,,,,946.0,,411.0,,,,,,41.0,18.0,30.0,29.0,1.0,,75.0,9.0,99.0,19.0,36.0
198190,,,,,,,,25.0,,21.0,,,,,,,1.0,,,,,,,,,
198206,,,,,,,,268.0,,158.0,,,,,,22.0,1.0,6.0,8.0,,,21.0,2.0,42.0,2.0,
198215,,,,,,,,274.0,,98.0,,,,,,15.0,13.0,10.0,54.0,9.0,,23.0,,25.0,7.0,
198233,,,,,,,,537.0,,288.0,,,,,,43.0,6.0,39.0,28.0,,,13.0,3.0,66.0,11.0,0.0
198251,,,,,,,,584.0,,221.0,,0.0,,,,65.0,8.0,12.0,56.0,1.0,,36.0,,78.0,11.0,0.0
198260,,,,,,,,1666.0,,635.0,,,,,,177.0,66.0,93.0,112.0,2.0,,22.0,2.0,257.0,2.0,
198303,,,,,,,,223.0,,67.0,,,,,,20.0,7.0,5.0,70.0,0.0,,13.0,,26.0,7.0,1.0
198321,,,,,,,,272.0,,166.0,,,,,,17.0,6.0,9.0,16.0,,,3.0,,24.0,5.0,
198330,,,,,,,,481.0,,270.0,,,,,,24.0,,17.0,26.0,,,32.0,4.0,70.0,5.0,2.0
198367,,,,,,,,333.0,,142.0,,,,,,61.0,11.0,8.0,24.0,,,13.0,,40.0,14.0,
198376,,,,,,,,434.0,,165.0,4.0,,,,,75.0,1.0,5.0,23.0,,,25.0,1.0,75.0,10.0,
198385,,,,,,,,800.0,,194.0,,,,,,40.0,57.0,44.0,124.0,12.0,,148.0,12.0,86.0,33.0,
198419,,,,,,,,17800.0,,3922.0,1357.0,,,,,1691.0,1859.0,3059.0,679.0,1383.0,,993.0,61.0,2035.0,321.0,219.0
198455,,,,,,,,517.0,,250.0,,,,,,110.0,6.0,9.0,22.0,1.0,,35.0,6.0,59.0,4.0,
198464,,,,,,,,5603.0,,1480.0,8.0,282.0,,,,192.0,277.0,351.0,284.0,315.0,,615.0,3.0,1235.0,289.0,25.0
198491,,,,,,,,234.0,,104.0,,,,,,25.0,6.0,5.0,10.0,13.0,,21.0,,30.0,,
198507,,,,,,,,357.0,,96.0,,,,,,46.0,24.0,17.0,13.0,4.0,,42.0,2.0,41.0,17.0,1.0
198516,,,,,,,,1384.0,,488.0,,,,,,134.0,80.0,51.0,134.0,10.0,,170.0,,137.0,45.0,23.0
198534,,,,,,,,991.0,,475.0,,,,,,75.0,7.0,28.0,30.0,,,117.0,6.0,157.0,13.0,6.0
198543,,,,,,,,829.0,,288.0,,,,,,55.0,34.0,48.0,37.0,5.0,,84.0,2.0,158.0,29.0,13.0
198552,,,,,,,,786.0,,425.0,,,,,,121.0,8.0,29.0,16.0,,,23.0,,146.0,10.0,
198561,,,,,,,,557.0,,218.0,,,,,,47.0,9.0,11.0,111.0,7.0,,43.0,,69.0,,
198570,,,,,,,,520.0,,244.0,,,,,,51.0,12.0,30.0,,,,19.0,,73.0,32.0,4.0
198598,,,,,,,,178.0,,73.0,,,,,,12.0,10.0,3.0,38.0,6.0,,18.0,,5.0,,
198613,,,,,,,,330.0,,122.0,,,,,,23.0,14.0,9.0,35.0,4.0,,29.0,,29.0,15.0,0.0
198622,,,,,,,,930.0,,425.0,,,,,,63.0,12.0,34.0,26.0,,,66.0,16.0,112.0,21.0,3.0
198640,,,,,,,,194.0,,110.0,,,,,,17.0,12.0,5.0,14.0,,,5.0,,20.0,,
198668,,,,,,,,260.0,,135.0,,,,,,36.0,4.0,9.0,4.0,,,30.0,,26.0,5.0,
198677,,,,,,,,12.0,,7.0,1.0,,,,,1.0,1.0,,1.0,,,,,0.0,,
198695,,,,,,,,860.0,,353.0,,,,,,76.0,52.0,48.0,124.0,14.0,,94.0,,52.0,7.0,21.0
198710,,,,,,,,260.0,,115.0,1.0,1.0,,,,35.0,9.0,5.0,14.0,,,19.0,3.0,24.0,2.0,1.0
198729,,,,,,,,199.0,,66.0,,,,,,27.0,7.0,7.0,15.0,,,9.0,3.0,28.0,3.0,
198747,,,,,,,,17.0,,8.0,,,,,,1.0,1.0,,,,,,,1.0,,
198756,,,,,,,,308.0,,119.0,,1.0,,,,53.0,6.0,12.0,22.0,3.0,,21.0,3.0,43.0,8.0,1.0
198774,,,,,,,,449.0,,181.0,,,,,,37.0,13.0,12.0,14.0,,,40.0,,43.0,7.0,
198808,,,,,,,,196.0,,77.0,,,,,,8.0,8.0,5.0,33.0,1.0,,19.0,,26.0,7.0,
198817,,,,,,,,326.0,,180.0,,26.0,,,,17.0,1.0,8.0,7.0,,,21.0,,60.0,,
198835,,,,,,,,346.0,,177.0,,,,,,22.0,23.0,,43.0,5.0,,5.0,,29.0,,
198844,,,,,,,,16.0,,9.0,,,,,,2.0,2.0,,,,,1.0,,2.0,0.0,
198862,,,,,,,,212.0,,70.0,,,,,,10.0,21.0,5.0,20.0,1.0,,18.0,,45.0,,2.0
198871,,,,,,,,129.0,,42.0,,,,,,12.0,3.0,1.0,21.0,3.0,,18.0,,21.0,7.0,
198899,,,,,,,,307.0,,115.0,,,,,,25.0,7.0,5.0,47.0,5.0,,35.0,3.0,26.0,12.0,
198905,,,,,,,,149.0,,64.0,,,,,,23.0,2.0,3.0,4.0,,,9.0,,23.0,,1.0
198914,,,,,,,,152.0,,68.0,,,,,,30.0,8.0,4.0,10.0,,,,,23.0,3.0,
198923,,,,,,,,150.0,,76.0,1.0,,,,,2.0,10.0,,,2.0,,,,3.0,6.0,
198950,,,,,,,,461.0,,160.0,,8.0,,,,47.0,17.0,35.0,24.0,4.0,,49.0,,60.0,9.0,1.0
198969,,,,,,,,498.0,,197.0,,1.0,,,,33.0,13.0,12.0,65.0,8.0,,83.0,2.0,49.0,13.0,3.0
198978,,,,,,,,340.0,,117.0,,,,,,25.0,69.0,,,6.0,,,39.0,63.0,,
198987,,,,,,,,315.0,,157.0,,,,,,41.0,10.0,7.0,15.0,,,27.0,3.0,45.0,2.0,
199005,,,,,,,,2.0,,2.0,,,,,,,,,,,,,,,,
199023,,,,,,,,139.0,,84.0,,,,,,12.0,5.0,2.0,2.0,,,4.0,,22.0,4.0,
199032,,,,,,,,160.0,,74.0,,,,,,6.0,10.0,3.0,24.0,,,2.0,1.0,3.0,0.0,
199069,,,,,,,,350.0,,139.0,,,,,,52.0,6.0,8.0,34.0,5.0,,18.0,,24.0,,1.0
199078,,,,,,,,16.0,,6.0,,,,,,4.0,,,,,,,,6.0,,
199087,,,,,,,,356.0,,219.0,,,,,,24.0,6.0,9.0,8.0,,,32.0,1.0,30.0,,1.0
199102,,,,,,,,1729.0,,544.0,20.0,,,,,108.0,125.0,115.0,81.0,21.0,,152.0,,352.0,100.0,3.0
199111,,,,,,,,732.0,,257.0,,,,,,44.0,43.0,37.0,46.0,5.0,,80.0,2.0,123.0,48.0,3.0
199120,,,,,,,,13198.0,,2125.0,1481.0,1036.0,,,,208.0,1067.0,2375.0,455.0,487.0,,775.0,,1862.0,757.0,24.0
199139,,,,,,,,3639.0,,1238.0,34.0,,,,,188.0,237.0,288.0,220.0,40.0,,368.0,1.0,569.0,264.0,7.0
199148,,,,,,,,2637.0,,908.0,1.0,1.0,,,,131.0,238.0,319.0,95.0,28.0,,250.0,2.0,261.0,121.0,14.0
199157,,,,,,,,1271.0,,441.0,2.0,,,,,122.0,78.0,54.0,93.0,22.0,,112.0,,195.0,69.0,2.0
199175,,,,,,,,438.0,,,,,,,,57.0,104.0,68.0,68.0,1.0,,19.0,,75.0,21.0,
199184,,,,,,,,467.0,,158.0,,,,,,44.0,31.0,19.0,26.0,4.0,,69.0,1.0,67.0,30.0,2.0
199193,,,,,,,,8948.0,,1830.0,384.0,303.0,,,,312.0,560.0,1421.0,479.0,143.0,,788.0,8.0,1295.0,481.0,32.0
199209,,,,,,,,326.0,,134.0,,,,,,32.0,13.0,8.0,41.0,1.0,,,,13.0,22.0,
199218,,,,,,,,2071.0,,753.0,11.0,,,,,104.0,136.0,132.0,147.0,26.0,,177.0,,324.0,118.0,14.0
199263,,,,,,,,94.0,,51.0,,,,,,8.0,1.0,2.0,6.0,,,4.0,,8.0,3.0,
199272,,,,,,,,171.0,,60.0,,,,,,11.0,6.0,7.0,17.0,6.0,,15.0,8.0,14.0,,
199281,,,,,,,,887.0,,320.0,,,,,,57.0,44.0,67.0,44.0,6.0,,86.0,,161.0,39.0,1.0
199306,,,,,,,,227.0,,111.0,,,,,,12.0,14.0,6.0,40.0,2.0,,2.0,1.0,14.0,,0.0
199324,,,,,,,,198.0,,86.0,,,,,,30.0,6.0,5.0,12.0,,,16.0,,33.0,1.0,
199333,,,,,,,,664.0,,294.0,,,,,,63.0,10.0,17.0,46.0,,,12.0,,140.0,5.0,0.0
199412,,,,,,,,441.0,,185.0,,,,,,55.0,16.0,11.0,50.0,11.0,,9.0,,48.0,1.0,2.0
199421,,,,,,,,427.0,,206.0,,0.0,,,,39.0,3.0,12.0,15.0,4.0,,28.0,,61.0,3.0,
199449,,,,,,,,263.0,,125.0,,,,,,33.0,4.0,4.0,11.0,,,19.0,,26.0,7.0,
199458,,,,,,,,34.0,,11.0,,,,,,5.0,,,,,,1.0,,5.0,1.0,
199467,,,,,,,,110.0,,52.0,,,,,,15.0,2.0,4.0,2.0,,,9.0,,19.0,,
199476,,,,,,,,229.0,,139.0,,,,,,18.0,5.0,5.0,18.0,,,6.0,,31.0,,
199485,,,,,,,,225.0,,114.0,,,,,,25.0,5.0,7.0,3.0,,,17.0,1.0,25.0,,
199494,,,,,,,,539.0,,306.0,,,,,,53.0,10.0,22.0,21.0,,,18.0,,73.0,7.0,
199582,,,,,,,,243.0,,76.0,,,,,,39.0,7.0,7.0,13.0,5.0,,58.0,1.0,23.0,10.0,
199607,,,,,,,,197.0,,90.0,,,,,,25.0,9.0,6.0,15.0,2.0,,17.0,,13.0,2.0,
199625,,,,,,,,178.0,,92.0,,,,,,13.0,7.0,4.0,4.0,,,14.0,3.0,27.0,,0.0
199634,,,,,,,,423.0,,238.0,,,,,,51.0,6.0,8.0,7.0,1.0,,35.0,,41.0,9.0,2.0
199643,,,,,,,,260.0,,98.0,,,,,,36.0,12.0,4.0,23.0,4.0,,33.0,,22.0,,3.0
199670,,,,,,,,11.0,,3.0,,,,,,1.0,2.0,,,,,,,2.0,1.0,
199689,,,,,,,,22.0,,11.0,,,,,,2.0,,,,,,,3.0,6.0,,
199698,,,,,,,,150.0,,41.0,,,,,,9.0,2.0,1.0,2.0,,,59.0,,23.0,9.0,
199722,,,,,,,,262.0,,90.0,,,,,,23.0,8.0,7.0,12.0,,,14.0,,23.0,1.0,1.0
199731,,,,,,,,332.0,,166.0,,,,,,35.0,2.0,9.0,22.0,,,16.0,,28.0,6.0,
199740,,,,,,,,309.0,,138.0,,,,,,48.0,7.0,12.0,15.0,,,17.0,,33.0,,1.0
199759,,,,,,,,270.0,,71.0,2.0,,,,,29.0,10.0,7.0,12.0,,,16.0,,62.0,29.0,
199768,,,,,,,,335.0,,189.0,,,,,,39.0,3.0,11.0,7.0,,,26.0,2.0,45.0,1.0,1.0
199786,,,,,,,,402.0,,234.0,,,,,,27.0,4.0,6.0,11.0,,,24.0,,49.0,,1.0
199795,,,,,,,,145.0,,73.0,,,,,,20.0,4.0,6.0,3.0,,,5.0,,16.0,,
199838,,,,,,,,365.0,,136.0,,,,,,46.0,3.0,8.0,23.0,,,33.0,,41.0,1.0,1.0
199847,,,,,,,,6257.0,,1908.0,210.0,25.0,,,,334.0,871.0,437.0,175.0,820.0,,325.0,11.0,863.0,97.0,41.0
199856,,,,,,,,1623.0,,693.0,,,,,,196.0,54.0,46.0,67.0,3.0,,25.0,4.0,239.0,16.0,5.0
199865,,,,,,,,192.0,,66.0,,,,,,31.0,9.0,4.0,17.0,2.0,,11.0,,14.0,9.0,1.0
199883,,,,,,,,19.0,,16.0,,,,,,,1.0,,,,,,,,,
199892,,,,,,,,408.0,,161.0,,,,,,41.0,8.0,11.0,19.0,,,48.0,,53.0,,0.0
199908,,,,,,,,251.0,,131.0,,,,,,27.0,4.0,8.0,13.0,,,8.0,2.0,31.0,4.0,
199926,,,,,,,,423.0,,223.0,,,,,,43.0,14.0,11.0,13.0,2.0,,55.0,5.0,30.0,8.0,1.0
199953,,,,,,,,201.0,,103.0,,,,,,24.0,9.0,5.0,1.0,,,23.0,,16.0,,
199962,,,,,,,,521.0,,229.0,,,,,,39.0,18.0,19.0,54.0,8.0,,47.0,,38.0,7.0,3.0
199971,,,,,,,,11.0,,3.0,,,,,,1.0,,,0.0,,,,,6.0,,
199980,,,,,,,,9.0,,6.0,,,,,,1.0,,,,,,,,1.0,,
199999,,,,,,,,913.0,,340.0,,,,,,79.0,65.0,53.0,41.0,11.0,,82.0,1.0,148.0,35.0,6.0
200004,,,,,,,,1538.0,,561.0,,,,,,94.0,69.0,55.0,112.0,18.0,,172.0,3.0,206.0,138.0,17.0
200013,,,,,,,,41.0,,20.0,,,,,,6.0,,,,,,,,1.0,,
200022,,,,,,,,364.0,,178.0,,,,,,31.0,16.0,14.0,24.0,,,34.0,3.0,43.0,12.0,
200059,,,,,,,,238.0,,105.0,,,,,,21.0,5.0,4.0,26.0,1.0,,22.0,,28.0,5.0,5.0
200086,,,,,,,,74.0,,20.0,,,,,,9.0,3.0,1.0,4.0,,,7.0,,5.0,5.0,
200110,,,,,,,,6.0,,3.0,,,,,,3.0,,,,,,,,,,
200129,,,,,,,,9.0,,3.0,,,,,,1.0,1.0,,,,,2.0,,2.0,,
200156,,,,,,,,205.0,,85.0,,,,,,9.0,1.0,4.0,37.0,,,17.0,17.0,26.0,5.0,1.0
200165,,,,,,,,5.0,,3.0,,,,,,2.0,,,,,,,,,,
200192,,,,,,,,113.0,,39.0,,,,,,15.0,5.0,4.0,2.0,,,13.0,1.0,19.0,,
200208,,,,,,,,146.0,,22.0,,,,,,16.0,3.0,4.0,4.0,3.0,,13.0,,19.0,2.0,7.0
200217,,,,,,,,419.0,,187.0,,,,,,15.0,15.0,1.0,36.0,3.0,,35.0,12.0,46.0,1.0,
200226,,,,,,,,222.0,,61.0,,,,,,5.0,5.0,4.0,73.0,3.0,,9.0,2.0,12.0,19.0,
200253,,,,,,,,467.0,,205.0,39.0,,,,,26.0,14.0,12.0,25.0,6.0,,34.0,,36.0,11.0,
200262,,,,,,,,1.0,,1.0,,,,,,,,,,,,,,,,
200280,,,,,,,,2549.0,,842.0,5.0,,,,,129.0,169.0,252.0,222.0,76.0,,231.0,,351.0,64.0,100.0
200305,,,,,,,,342.0,,160.0,,,,,,22.0,8.0,6.0,15.0,0.0,,43.0,1.0,62.0,8.0,7.0
200314,,,,,,,,98.0,,46.0,,,,,,6.0,2.0,4.0,2.0,,,9.0,1.0,12.0,3.0,0.0
200332,,,,,,,,2434.0,,584.0,179.0,150.0,,,,139.0,103.0,307.0,137.0,40.0,,269.0,9.0,269.0,112.0,33.0
200341,,,,,,,,100.0,,31.0,,,,,,14.0,6.0,2.0,8.0,,,13.0,,15.0,,
200387,,,,,,,,4.0,,2.0,,,,,,1.0,,,,,,,1.0,0.0,,
200466,,,,,,,,112.0,,33.0,,,,,,2.0,4.0,3.0,16.0,,,7.0,,4.0,11.0,13.0
200484,,,,,,,,67.0,,17.0,,,,,,7.0,4.0,1.0,8.0,1.0,,12.0,,10.0,4.0,
200527,,,,,,,,116.0,,48.0,1.0,,,,,17.0,4.0,5.0,9.0,,,9.0,,15.0,,
200554,,,,,,,,201.0,,39.0,,,,,,7.0,16.0,7.0,16.0,,,45.0,,16.0,14.0,
200572,,,,,,,,189.0,,81.0,,,,,,26.0,4.0,7.0,25.0,,,13.0,,17.0,6.0,6.0
200590,,,,,,,,34.0,,19.0,,,,,,2.0,1.0,1.0,,,,,,4.0,1.0,
200624,,,,,,,,9.0,,4.0,,0.0,,,,2.0,1.0,,,,,,,0.0,,
200633,,,,,,,,3.0,,2.0,,,,,,1.0,,,,,,,,,,
200785,,,,,,,,41.0,,24.0,,,,,,3.0,,1.0,,,,1.0,,3.0,,
200800,,,,,,,,2230.0,,925.0,,,,,,106.0,142.0,127.0,195.0,31.0,,207.0,1.0,201.0,68.0,29.0
200828,,,,,,,,10.0,,9.0,,,,,,,,,,,,,,1.0,,
200846,,,,,,,,107.0,,56.0,,,,,,4.0,2.0,4.0,12.0,1.0,,2.0,1.0,6.0,6.0,
200873,,,,,,,,22.0,,6.0,,,,,,2.0,2.0,1.0,,,,1.0,0.0,1.0,2.0,
201016,,,,,,,,19.0,,7.0,,,,,,1.0,,1.0,,,,,7.0,1.0,1.0,
201034,,,,,,,,89.0,,73.0,,,,,,10.0,1.0,,,,,,0.0,4.0,,
201061,,,,,,,,55.0,,20.0,,6.0,,,,7.0,3.0,,4.0,,,2.0,1.0,3.0,,1.0
201098,,,,,,,,18.0,,9.0,,,,,,2.0,1.0,1.0,,,,,2.0,2.0,,
201104,,,,,,,,800.0,,286.0,,,,,,107.0,11.0,24.0,62.0,6.0,,107.0,1.0,89.0,16.0,1.0
201131,,,,,,,,22.0,,15.0,,,,,,3.0,,,1.0,,,,,3.0,,
201140,,,,,,,,42.0,,12.0,,,,,,9.0,1.0,1.0,1.0,,,9.0,,4.0,1.0,
201159,,,,,,,,47.0,,0.0,,,,,,1.0,,1.0,2.0,13.0,,13.0,,4.0,1.0,4.0
201177,,,,,,,,61.0,,26.0,,,,,,15.0,12.0,2.0,,,,,,2.0,,
201195,,,,,,,,755.0,,294.0,,,,,,68.0,39.0,28.0,52.0,7.0,,79.0,4.0,86.0,31.0,2.0
201283,,,,,,,,112.0,,62.0,,1.0,,,,20.0,2.0,4.0,4.0,,,4.0,1.0,13.0,,
201371,,,,,,,,158.0,,67.0,,,,,,23.0,10.0,5.0,17.0,2.0,,5.0,8.0,14.0,1.0,
201399,,,,,,,,21.0,,11.0,,,,,,4.0,1.0,,,,,1.0,3.0,,,
201432,,,,,,,,113.0,,63.0,,,,,,8.0,2.0,2.0,8.0,,,6.0,0.0,12.0,2.0,0.0
201441,,,,,,,,2115.0,,874.0,6.0,1.0,,,,135.0,104.0,119.0,204.0,13.0,,218.0,11.0,249.0,29.0,13.0
201469,,,,,,,,54.0,,28.0,,,,,,6.0,,1.0,9.0,,,1.0,,5.0,,
201478,,,,,,,,35.0,,17.0,,,,,,,,,,13.0,,4.0,,,1.0,
201496,,,,,,,,25.0,,12.0,,,,,,6.0,,,,,,,,4.0,,
201539,,,,,,,,34.0,,26.0,,,,,,3.0,1.0,,,,,,,4.0,,
201548,,,,,,,,514.0,,251.0,,,,,,60.0,21.0,15.0,49.0,,,18.0,,53.0,18.0,
201645,,,,,,,,4471.0,,1379.0,561.0,,,,,213.0,389.0,594.0,169.0,151.0,,300.0,,377.0,76.0,7.0
201654,,,,,,,,624.0,,259.0,,,,,,45.0,30.0,25.0,54.0,9.0,,59.0,10.0,75.0,20.0,2.0
201672,,,,,,,,219.0,,115.0,,,,,,26.0,6.0,8.0,13.0,,,11.0,,20.0,,
201681,,,,,,,,12.0,,6.0,,,,,,2.0,1.0,,,,,,,2.0,,
201690,,,,,,,,382.0,,123.0,3.0,,,,,63.0,23.0,10.0,33.0,2.0,,36.0,,52.0,3.0,2.0
201751,,,,,,,,57.0,,30.0,,,,,,8.0,1.0,,1.0,,,2.0,6.0,5.0,,
201803,,,,,,,,49.0,,26.0,,,,,,,,1.0,,13.0,,,,2.0,2.0,
201821,,,,,,,,83.0,,44.0,,,,,,14.0,2.0,5.0,4.0,,,,,7.0,,
201858,,,,,,,,87.0,,39.0,,,,,,5.0,6.0,,10.0,,,2.0,3.0,8.0,,
201867,,,,,,,,10.0,,4.0,,,,,,2.0,1.0,,,,,,,3.0,,
201885,,,,,,,,6796.0,,2525.0,191.0,45.0,,,,940.0,478.0,799.0,374.0,414.0,,412.0,8.0,313.0,150.0,51.0
201928,,,,,,,,599.0,,339.0,,,,,,54.0,16.0,9.0,27.0,,,47.0,,58.0,10.0,3.0
201946,,,,,,,,247.0,,162.0,,,,,,21.0,7.0,6.0,25.0,,,8.0,,2.0,7.0,
201955,,,,,,,,319.0,,217.0,,,,,,25.0,13.0,16.0,18.0,,,5.0,,5.0,6.0,
201964,,,,,,,,540.0,,312.0,,,,,,47.0,18.0,11.0,,,,8.0,70.0,69.0,4.0,
201973,,,,,,,,351.0,,191.0,,,,,,35.0,8.0,8.0,15.0,,,18.0,5.0,35.0,,
201982,,,,,,,,11.0,,8.0,,,,,,1.0,1.0,,,,,,,1.0,,
202046,,,,,,,,167.0,,74.0,,,,,,28.0,5.0,10.0,5.0,,,4.0,,13.0,1.0,
202055,,,,,,,,16.0,,8.0,,,,,,3.0,1.0,,,,,,2.0,1.0,,
202073,,,,,,,,124.0,,60.0,,,,,,19.0,7.0,2.0,10.0,,,9.0,1.0,7.0,,
202134,,,,,,,,1835.0,,742.0,,,,,,269.0,96.0,132.0,115.0,14.0,,116.0,3.0,218.0,18.0,10.0
202152,,,,,,,,18.0,,10.0,,,,,,2.0,2.0,1.0,,1.0,,,,0.0,1.0,
202161,,,,,,,,53.0,,22.0,,,,,,6.0,3.0,,,,,4.0,12.0,2.0,0.0,
202170,,,,,,,,231.0,,108.0,,1.0,,,,18.0,5.0,13.0,,,,17.0,12.0,28.0,4.0,
202222,,,,,,,,1507.0,,674.0,,,,,,182.0,107.0,85.0,75.0,16.0,,31.0,7.0,207.0,34.0,7.0
202356,,,,,,,,2257.0,,778.0,,,,,,171.0,211.0,41.0,25.0,20.0,,137.0,,387.0,,
202435,,,,,,,,14.0,,8.0,,,,,,2.0,1.0,1.0,,,,,1.0,,,
202453,,,,,,,,4.0,,2.0,,,,,,1.0,,,,,,,,1.0,,
202480,,,,,,,,2735.0,,746.0,,,,,,476.0,100.0,559.0,139.0,11.0,,265.0,14.0,299.0,63.0,10.0
202514,,,,,,,,134.0,,50.0,,,,,,15.0,15.0,2.0,28.0,1.0,,1.0,,11.0,7.0,
202523,,,,,,,,704.0,,267.0,,,,,,124.0,13.0,27.0,41.0,9.0,,73.0,,98.0,23.0,
202648,,,,,,,,187.0,,97.0,,,,,,28.0,7.0,9.0,5.0,,,14.0,,24.0,,
202657,,,,,,,,34.0,,19.0,,,,,,3.0,4.0,1.0,1.0,,,,,5.0,,
202684,,,,,,,,46.0,,27.0,,,,,,5.0,1.0,,7.0,,,1.0,,2.0,,
202763,,,,,,,,665.0,,273.0,,,,,,75.0,16.0,24.0,61.0,17.0,,59.0,1.0,81.0,26.0,3.0
202806,,,,,,,,526.0,,268.0,,,,,,72.0,20.0,36.0,8.0,,,17.0,,24.0,4.0,
202888,,,,,,,,7.0,,4.0,,,,,,1.0,1.0,,,,,,,1.0,,
202903,,,,,,,,69.0,,28.0,,,,,,5.0,4.0,,3.0,0.0,,11.0,1.0,9.0,,
202912,,,,,,,,51.0,,25.0,,,,,,9.0,,3.0,,,,,,3.0,,
202949,,,,,,,,43.0,,19.0,,,,,,8.0,2.0,,3.0,,,1.0,,7.0,,
202985,,,,,,,,8.0,,5.0,,,,,,1.0,,,,,,,,2.0,,
203030,,,,,,,,12.0,,12.0,,,,,,,,,,,,,,,,
203067,,,,,,,,287.0,,78.0,1.0,,,,,53.0,24.0,10.0,7.0,,,14.0,4.0,33.0,19.0,
203085,,,,,,,,267.0,,81.0,9.0,,,,,35.0,12.0,6.0,43.0,4.0,,32.0,2.0,29.0,7.0,
203128,,,,,,,,229.0,,100.0,,,,,,27.0,12.0,7.0,36.0,3.0,,5.0,1.0,18.0,1.0,
203146,,,,,,,,53.0,,32.0,,,,,,4.0,2.0,,,,,,4.0,6.0,2.0,2.0
203155,,,,,,,,278.0,,131.0,,,,,,37.0,13.0,1.0,15.0,,,39.0,0.0,16.0,11.0,1.0
203234,,,,,,,,11.0,,4.0,,,,,,2.0,,,,,,,,1.0,,
203289,,,,,,,,15.0,,6.0,,,,,,2.0,1.0,,,,,,2.0,3.0,1.0,
203331,,,,,,,,236.0,,137.0,,,,,,30.0,4.0,6.0,,,,1.0,,14.0,5.0,
203368,,,,,,,,577.0,,252.0,,,,,,95.0,4.0,22.0,91.0,1.0,,13.0,,79.0,12.0,2.0
203386,,,,,,,,221.0,,110.0,,,,,,58.0,15.0,4.0,4.0,,,1.0,,25.0,,
203438,,,,,,,,22.0,,12.0,,,,,,2.0,1.0,0.0,,,,,4.0,2.0,,
203447,,,,,,,,118.0,,66.0,,,,,,9.0,10.0,3.0,2.0,1.0,,2.0,,13.0,3.0,
203456,,,,,,,,55.0,,32.0,,,,,,2.0,2.0,3.0,,1.0,,3.0,,8.0,1.0,
203465,,,,,,,,311.0,,166.0,,,,,,17.0,23.0,7.0,6.0,,,30.0,1.0,37.0,5.0,
203474,,,,,,,,119.0,,70.0,,,,,,5.0,9.0,2.0,3.0,1.0,,3.0,,16.0,4.0,
203483,,,,,,,,152.0,,72.0,,,,,,11.0,13.0,3.0,18.0,1.0,,13.0,0.0,14.0,,
203492,,,,,,,,99.0,,66.0,,,,,,7.0,3.0,2.0,1.0,0.0,,3.0,,8.0,2.0,
203517,,,,,,,,3670.0,,1303.0,,,,,,435.0,501.0,226.0,167.0,37.0,,343.0,5.0,346.0,134.0,21.0
203526,,,,,,,,107.0,,70.0,,,,,,5.0,4.0,3.0,,1.0,,4.0,,9.0,3.0,
203535,,,,,,,,650.0,,211.0,,,,,,85.0,102.0,1.0,28.0,5.0,,86.0,4.0,82.0,23.0,
203544,,,,,,,,119.0,,73.0,,,,,,19.0,0.0,3.0,7.0,,,6.0,1.0,8.0,,
203580,,,,,,,,159.0,,66.0,,,,,,20.0,5.0,5.0,29.0,2.0,,6.0,,7.0,12.0,
203599,,,,,,,,527.0,,253.0,,,,,,49.0,26.0,29.0,17.0,,,60.0,,75.0,,
203614,,,,,,,,71.0,,55.0,,,,,,6.0,2.0,2.0,1.0,,,1.0,,4.0,,
203678,,,,,,,,293.0,,166.0,,,,,,46.0,4.0,9.0,23.0,,,12.0,,32.0,,
203720,,,,,,,,38.0,,20.0,,,,,,3.0,7.0,1.0,,,,,4.0,3.0,,
203739,,,,,,,,24.0,,14.0,,,,,,2.0,4.0,0.0,,,,,2.0,1.0,,
203748,,,,,,,,731.0,,277.0,,,,,,40.0,48.0,38.0,61.0,,,47.0,6.0,105.0,1.0,
203757,,,,,,,,196.0,,88.0,,,,,,20.0,5.0,9.0,38.0,,,,,25.0,,2.0
203775,,,,,,,,297.0,,113.0,,,,,,22.0,15.0,11.0,50.0,,,24.0,,41.0,6.0,
203845,,,,,,,,327.0,,110.0,,,,,,36.0,13.0,12.0,49.0,2.0,,39.0,1.0,35.0,8.0,1.0
203881,,,,,,,,140.0,,77.0,,,,,,21.0,6.0,5.0,,,,0.0,,26.0,,
203942,,,,,,,,23.0,,15.0,,,,,,1.0,,,,,,,,3.0,,
203960,,,,,,,,180.0,,109.0,,,,,,18.0,4.0,3.0,0.0,,,,,10.0,,
203997,,,,,,,,51.0,,21.0,,,,,,10.0,2.0,2.0,1.0,,,9.0,,1.0,,
204006,,,,,,,,241.0,,125.0,,,,,,9.0,3.0,9.0,12.0,,,13.0,1.0,30.0,4.0,
204015,,,,,,,,198.0,,96.0,,,,,,8.0,5.0,9.0,13.0,,,13.0,,25.0,3.0,
204024,,,,,,,,3338.0,,1057.0,39.0,,,,,180.0,236.0,221.0,233.0,23.0,,693.0,17.0,371.0,128.0,8.0
204060,,,,,,,,4.0,,1.0,,,,,,2.0,,,,1.0,,,,0.0,,
204121,,,,,,,,5.0,,3.0,,,,,,1.0,1.0,,,,,,,,,
204158,,,,,,,,60.0,,53.0,,,,,,5.0,,,,,,,,2.0,,
204176,,,,,,,,119.0,,83.0,,,,,,11.0,4.0,5.0,,,,2.0,,5.0,,
204185,,,,,,,,442.0,,178.0,,,,,,35.0,23.0,23.0,42.0,6.0,,64.0,,44.0,,
204194,,,,,,,,437.0,,195.0,,,,,,44.0,26.0,19.0,51.0,3.0,,36.0,0.0,39.0,9.0,2.0
204200,,,,,,,,383.0,,131.0,,,,,,38.0,9.0,13.0,52.0,4.0,,48.0,,29.0,7.0,0.0
204255,,,,,,,,149.0,,71.0,,2.0,,,,15.0,15.0,10.0,9.0,,,2.0,2.0,13.0,3.0,
204264,,,,,,,,322.0,,124.0,,5.0,,,,56.0,7.0,6.0,27.0,3.0,,30.0,,33.0,,
204334,,,,,,,,11.0,,8.0,,,,,,1.0,1.0,,,,,0.0,1.0,,,
204422,,,,,,,,219.0,,101.0,,,,,,27.0,3.0,6.0,23.0,,,13.0,1.0,17.0,1.0,1.0
204431,,,,,,,,4.0,,2.0,,,,,,1.0,,,,,,,,,,
204440,,,,,,,,153.0,,70.0,,,,,,19.0,8.0,7.0,2.0,,,12.0,3.0,23.0,,
204459,,,,,,,,25.0,,10.0,,,,,,,,,,7.0,,3.0,,4.0,,
204468,,,,,,,,281.0,,101.0,,,,,,33.0,17.0,1.0,40.0,4.0,,17.0,1.0,12.0,,
204477,,,,,,,,422.0,,75.0,8.0,,,,,13.0,46.0,117.0,,,,17.0,,42.0,14.0,
204486,,,,,,,,376.0,,137.0,,,,,,24.0,14.0,12.0,50.0,,,8.0,50.0,29.0,16.0,4.0
204501,,,,,,,,1063.0,,344.0,,,,,,111.0,33.0,41.0,102.0,7.0,,176.0,1.0,135.0,34.0,2.0
204608,,,,,,,,141.0,,55.0,,4.0,,,,14.0,5.0,18.0,6.0,,,3.0,12.0,10.0,12.0,
204617,,,,,,,,237.0,,93.0,,,,,,24.0,8.0,11.0,50.0,1.0,,14.0,1.0,15.0,,
204626,,,,,,,,29.0,,17.0,,,,,,3.0,,,6.0,,,,,2.0,,
204635,,,,,,,,573.0,,245.0,,,,,,40.0,64.0,28.0,68.0,11.0,,8.0,,92.0,,5.0
204662,,,,,,,,81.0,,39.0,,,,,,9.0,6.0,0.0,11.0,,,,,8.0,,
204671,,,,,,,,100.0,,47.0,,,,,,14.0,7.0,,9.0,,,9.0,,6.0,6.0,
204680,,,,,,,,118.0,,52.0,,,,,,12.0,8.0,2.0,6.0,,,11.0,1.0,19.0,4.0,1.0
204699,,,,,,,,128.0,,54.0,,,,,,14.0,12.0,,9.0,,,18.0,,11.0,5.0,
204705,,,,,,,,163.0,,81.0,,,,,,15.0,15.0,2.0,12.0,1.0,,10.0,1.0,10.0,6.0,
204714,,,,,,,,11.0,,6.0,,,,,,,,,,,,,1.0,2.0,2.0,
204723,,,,,,,,11.0,,6.0,,,,,,2.0,,,,,,,,2.0,,
204769,,,,,,,,9.0,,5.0,,,,,,1.0,1.0,,,,,,1.0,,,
204778,,,,,,,,9.0,,5.0,,,,,,1.0,1.0,,,,,,1.0,,,
204796,,,,,,,,30335.0,,4408.0,103.0,,,,,4513.0,1523.0,3756.0,847.0,7152.0,,3080.0,109.0,3132.0,559.0,221.0
204802,,,,,,,,49.0,,30.0,,,,,,4.0,,2.0,3.0,,,3.0,,4.0,1.0,
204820,,,,,,,,118.0,,75.0,,,,,,7.0,0.0,2.0,5.0,,,8.0,,12.0,3.0,
204839,,,,,,,,109.0,,74.0,,,,,,9.0,1.0,2.0,8.0,,,0.0,,13.0,1.0,
204848,,,,,,,,109.0,,72.0,,,,,,7.0,2.0,3.0,5.0,,,5.0,,10.0,2.0,
204857,,,,,,,,3823.0,,1218.0,,,,,,534.0,196.0,312.0,313.0,40.0,,401.0,,400.0,120.0,56.0
204866,,,,,,,,91.0,,50.0,,,,,,7.0,,2.0,4.0,,,9.0,,11.0,3.0,
204884,,,,,,,,21.0,,11.0,,,,,,3.0,1.0,1.0,,,,,3.0,2.0,,
204893,,,,,,,,13.0,,9.0,,,,,,1.0,,,,,,,,2.0,,
204909,,,,,,,,452.0,,176.0,,,,,,42.0,19.0,20.0,70.0,1.0,,13.0,,53.0,15.0,
204936,,,,,,,,497.0,,226.0,,,,,,61.0,13.0,20.0,47.0,4.0,,17.0,,65.0,24.0,
204945,,,,,,,,664.0,,324.0,,,,,,67.0,28.0,32.0,48.0,,,36.0,,78.0,13.0,
204963,,,,,,,,4.0,,4.0,,,,,,,,,,,,,,,,
204981,,,,,,,,95.0,,15.0,,,,,,4.0,2.0,2.0,9.0,4.0,,1.0,,7.0,2.0,
204990,,,,,,,,25.0,,10.0,,,,,,6.0,2.0,,,,,,,2.0,,
205027,,,,,,,,65.0,,28.0,,,,,,5.0,2.0,3.0,1.0,1.0,,4.0,,10.0,6.0,
205054,,,,,,,,70.0,,43.0,,,,,,6.0,6.0,1.0,,,,,7.0,4.0,0.0,
205090,,,,,,,,14.0,,9.0,,,,,,2.0,1.0,,,,,,,2.0,,
205124,,,,,,,,23.0,,6.0,,,,,,2.0,0.0,,,,,11.0,,3.0,,
205142,,,,,,,,8.0,,5.0,,,,,,2.0,,,,,,,,1.0,,
205179,,,,,,,,124.0,,51.0,,,,,,18.0,,,,,,,18.0,17.0,,
205203,,,,,,,,235.0,,119.0,,,,,,7.0,12.0,8.0,5.0,1.0,,8.0,8.0,50.0,14.0,
205391,,,,,,,,36.0,,14.0,,,,,,3.0,1.0,0.0,2.0,,,,,1.0,,
205443,,,,,,,,449.0,,214.0,,,,,,50.0,12.0,14.0,35.0,,,41.0,,57.0,9.0,2.0
205470,,,,,,,,1292.0,,578.0,,,,,,56.0,32.0,112.0,158.0,,,49.0,9.0,154.0,25.0,
205559,,,,,,,,21.0,,9.0,,,,,,3.0,,,,,,,,5.0,0.0,
205610,,,,,,,,107.0,,62.0,,,,,,6.0,,,,,,,,19.0,1.0,
205841,,,,,,,,527.0,,283.0,,,,,,24.0,55.0,26.0,30.0,2.0,,41.0,,38.0,1.0,
205887,,,,,,,,66.0,,30.0,,,,,,11.0,4.0,1.0,,,,,4.0,11.0,1.0,
205957,,,,,,,,357.0,,155.0,,,,,,36.0,13.0,13.0,26.0,1.0,,11.0,2.0,50.0,13.0,
205966,,,,,,,,186.0,,72.0,,,,,,20.0,5.0,7.0,4.0,2.0,,,,32.0,7.0,
206011,,,,,,,,180.0,,90.0,,,,,,25.0,11.0,6.0,13.0,,,17.0,,11.0,,
206039,,,,,,,,5.0,,3.0,,,,,,1.0,,,,,,,,,,
206048,,,,,,,,390.0,,162.0,,2.0,,,,45.0,24.0,14.0,47.0,7.0,,35.0,,41.0,9.0,
206084,,,,,,,,3115.0,,879.0,63.0,209.0,,,,140.0,172.0,195.0,281.0,371.0,,245.0,2.0,246.0,93.0,11.0
206154,,,,,,,,16.0,,12.0,,,,,,1.0,1.0,,,,,,,2.0,,
206172,,,,,,,,14.0,,6.0,,,,,,1.0,2.0,0.0,,1.0,,,,1.0,1.0,
206181,,,,,,,,27.0,,19.0,,,,,,2.0,,1.0,,,,,,4.0,,
206215,,,,,,,,22.0,,10.0,,,,,,3.0,1.0,1.0,,,,,,5.0,,
206279,,,,,,,,239.0,,116.0,,,,,,31.0,8.0,9.0,1.0,,,3.0,23.0,21.0,,
206288,,,,,,,,55.0,,18.0,,,,,,12.0,5.0,2.0,1.0,,,3.0,,11.0,,
206321,,,,,,,,39.0,,22.0,,,,,,3.0,,,,,,,,5.0,,
206330,,,,,,,,127.0,,54.0,,,,,,8.0,6.0,1.0,22.0,0.0,,7.0,,7.0,5.0,
206349,,,,,,,,214.0,,94.0,,,,,,33.0,4.0,8.0,32.0,,,1.0,,31.0,5.0,0.0
206394,,,,,,,,21.0,,10.0,,,,,,3.0,2.0,1.0,,,,,1.0,2.0,,
206437,,,,,,,,410.0,,167.0,,,,,,26.0,13.0,10.0,60.0,,,36.0,,52.0,7.0,2.0
206446,,,,,,,,140.0,,80.0,,,,,,21.0,3.0,1.0,3.0,0.0,,3.0,1.0,18.0,6.0,
206491,,,,,,,,115.0,,33.0,1.0,9.0,,,,7.0,7.0,2.0,6.0,1.0,,18.0,,4.0,7.0,3.0
206507,,,,,,,,203.0,,77.0,,,,,,8.0,17.0,12.0,29.0,2.0,,3.0,10.0,28.0,9.0,
206516,,,,,,,,16.0,,6.0,,,,,,4.0,0.0,,,,,,,2.0,,
206525,,,,,,,,365.0,,136.0,,,,,,37.0,19.0,12.0,48.0,3.0,,19.0,,60.0,14.0,1.0
206589,,,,,,,,663.0,,193.0,1.0,,,,,55.0,54.0,21.0,55.0,13.0,,126.0,0.0,48.0,31.0,9.0
206604,,,,,,,,2306.0,,953.0,,,,,,104.0,137.0,263.0,181.0,25.0,,194.0,3.0,271.0,67.0,23.0
206622,,,,,,,,1094.0,,491.0,,,,,,84.0,81.0,41.0,112.0,9.0,,64.0,,125.0,23.0,1.0
206695,,,,,,,,1326.0,,593.0,,,,,,166.0,38.0,55.0,155.0,0.0,,59.0,0.0,148.0,21.0,19.0
206783,,,,,,,,7.0,,4.0,,,,,,,,,,,,,,1.0,,
206817,,,,,,,,164.0,,61.0,,3.0,,,,6.0,8.0,1.0,30.0,,,,1.0,7.0,9.0,3.0
206835,,,,,,,,196.0,,81.0,,,,,,17.0,5.0,9.0,21.0,0.0,,8.0,,13.0,,
206862,,,,,,,,443.0,,202.0,,,,,,37.0,18.0,13.0,44.0,4.0,,34.0,13.0,47.0,12.0,1.0
206880,,,,,,,,5.0,,3.0,,,,,,1.0,1.0,,,,,,,0.0,,
206905,,,,,,,,47.0,,12.0,,,,,,5.0,2.0,2.0,,,,2.0,1.0,8.0,7.0,
206914,,,,,,,,486.0,,175.0,,,,,,39.0,10.0,28.0,38.0,1.0,,60.0,3.0,67.0,26.0,3.0
206923,,,,,,,,193.0,,60.0,,2.0,,,,12.0,11.0,4.0,38.0,,,20.0,0.0,20.0,2.0,
206932,,,,,,,,28.0,,14.0,,,,,,6.0,2.0,,1.0,,,1.0,1.0,2.0,,
206941,,,,,,,,1584.0,,665.0,,,,,,145.0,78.0,42.0,87.0,5.0,,57.0,4.0,348.0,41.0,12.0
206969,,,,,,,,2.0,,2.0,,,,,,,,,,,,,,,,
206996,,,,,,,,145.0,,58.0,,,,,,18.0,12.0,5.0,13.0,,,4.0,1.0,26.0,3.0,1.0
207041,,,,,,,,450.0,,168.0,,,,,,10.0,8.0,12.0,26.0,3.0,,58.0,7.0,90.0,19.0,1.0
207050,,,,,,,,175.0,,48.0,,,,,,20.0,5.0,7.0,17.0,,,17.0,2.0,32.0,8.0,2.0
207069,,,,,,,,150.0,,47.0,,,,,,26.0,3.0,5.0,13.0,0.0,,13.0,,20.0,8.0,3.0
207087,,,,,,,,5.0,,3.0,,,,,,1.0,,,,,,,,1.0,,
207102,,,,,,,,24.0,,8.0,,,,,,1.0,1.0,,,,,10.0,,2.0,,
207157,,,,,,,,51.0,,27.0,,,,,,2.0,3.0,1.0,,,,2.0,5.0,4.0,2.0,
207209,,,,,,,,345.0,,129.0,,,,,,42.0,15.0,24.0,32.0,5.0,,13.0,,56.0,11.0,
207236,,,,,,,,192.0,,81.0,,,,,,17.0,3.0,4.0,15.0,,,18.0,6.0,26.0,6.0,
207254,,,,,,,,244.0,,130.0,,,,,,16.0,2.0,1.0,8.0,,,15.0,15.0,27.0,17.0,11.0
207263,,,,,,,,919.0,,333.0,3.0,9.0,,,,83.0,21.0,38.0,73.0,19.0,,109.0,8.0,122.0,46.0,5.0
207272,,,,,,,,6.0,,2.0,,,,,,1.0,2.0,,,,,,,1.0,,
207281,,,,,,,,308.0,,130.0,1.0,0.0,,,,22.0,6.0,14.0,12.0,,,34.0,,37.0,7.0,2.0
207290,,,,,,,,197.0,,70.0,,,,,,13.0,3.0,8.0,27.0,,,8.0,3.0,45.0,7.0,3.0
207306,,,,,,,,268.0,,109.0,,,,,,13.0,52.0,,,,,,,59.0,35.0,
207315,,,,,,,,570.0,,56.0,2.0,95.0,,,,44.0,47.0,50.0,5.0,147.0,,21.0,,67.0,,
207324,,,,,,,,383.0,,147.0,,,,,,37.0,19.0,15.0,56.0,3.0,,27.0,1.0,33.0,12.0,1.0
207342,,,,,,,,5438.0,,1337.0,,,,,,477.0,470.0,435.0,121.0,735.0,,475.0,2.0,1169.0,114.0,48.0
207351,,,,,,,,143.0,,58.0,,,,,,23.0,9.0,4.0,12.0,2.0,,10.0,1.0,15.0,2.0,1.0
207388,,,,,,,,5105.0,,1233.0,103.0,95.0,,,,260.0,283.0,493.0,292.0,68.0,,371.0,25.0,1161.0,292.0,81.0
207397,,,,,,,,374.0,,158.0,,,,,,20.0,31.0,81.0,,,,7.0,,66.0,0.0,3.0
207403,,,,,,,,365.0,,135.0,,,,,,20.0,20.0,10.0,42.0,5.0,,34.0,16.0,60.0,14.0,1.0
207449,,,,,,,,569.0,,254.0,,47.0,,,,47.0,18.0,18.0,15.0,,,18.0,1.0,57.0,14.0,2.0
207458,,,,,,,,578.0,,241.0,,,,,,53.0,32.0,22.0,65.0,4.0,,18.0,,87.0,22.0,7.0
207500,,,,,,,,5626.0,,1288.0,383.0,,,,,333.0,708.0,420.0,434.0,48.0,,621.0,,704.0,199.0,84.0
207564,,,,,,,,346.0,,130.0,,,,,,48.0,2.0,9.0,8.0,0.0,,52.0,5.0,52.0,18.0,
207582,,,,,,,,665.0,,217.0,,,,,,75.0,35.0,30.0,114.0,7.0,,37.0,2.0,109.0,16.0,8.0
207625,,,,,,,,31.0,,17.0,,,,,,5.0,2.0,,,,,2.0,3.0,2.0,,
207661,,,,,,,,354.0,,142.0,,,,,,34.0,10.0,14.0,58.0,3.0,,20.0,,47.0,14.0,2.0
207670,,,,,,,,476.0,,198.0,,,,,,36.0,17.0,32.0,44.0,,,10.0,,95.0,34.0,
207704,,,,,,,,7.0,,5.0,,,,,,1.0,0.0,,,,,,,1.0,,
207722,,,,,,,,155.0,,51.0,,,,,,14.0,7.0,5.0,25.0,,,18.0,,13.0,5.0,
207740,,,,,,,,145.0,,59.0,,,,,,21.0,1.0,3.0,26.0,,,10.0,,16.0,1.0,
207786,,,,,,,,3.0,,1.0,,,,,,1.0,,,,,,,,1.0,,
207847,,,,,,,,404.0,,145.0,,,,,,20.0,27.0,20.0,58.0,3.0,,34.0,,41.0,10.0,5.0
207856,,,,,,,,106.0,,57.0,,,,,,4.0,6.0,1.0,13.0,2.0,,1.0,,4.0,1.0,
207865,,,,,,,,522.0,,229.0,,,,,,28.0,23.0,16.0,28.0,7.0,,76.0,,46.0,18.0,2.0
207935,,,,,,,,1351.0,,459.0,,,,,,70.0,33.0,74.0,218.0,33.0,,84.0,5.0,189.0,43.0,10.0
207962,,,,,,,,72.0,,23.0,,,,,,11.0,1.0,,,,,,16.0,13.0,7.0,
207971,,,,,,,,1258.0,,385.0,,,,,,88.0,75.0,90.0,159.0,17.0,,90.0,4.0,177.0,37.0,5.0
208017,,,,,,,,2.0,,2.0,,,,,,,,,,,,,,0.0,,
208026,,,,,,,,28.0,,13.0,,,,,,2.0,,1.0,,,,3.0,,2.0,,1.0
208035,,,,,,,,136.0,,43.0,,,,,,17.0,8.0,7.0,11.0,,,16.0,1.0,12.0,4.0,1.0
208044,,,,,,,,2.0,,1.0,,,,,,1.0,,,,,,,,,,
208053,,,,,,,,50.0,,22.0,,,,,,8.0,,,,,,6.0,,11.0,,
208123,,,,,,,,12.0,,6.0,,,,,,3.0,1.0,,,,,,,2.0,,
208187,,,,,,,,16.0,,8.0,,,,,,2.0,,,,,,,2.0,3.0,,
208239,,,,,,,,58.0,,31.0,,,,,,5.0,3.0,,2.0,,,,,10.0,,
208275,,,,,,,,215.0,,89.0,,,,,,35.0,7.0,7.0,3.0,1.0,,7.0,,33.0,1.0,
208318,,,,,,,,439.0,,200.0,,,,,,46.0,27.0,29.0,10.0,,,36.0,1.0,59.0,7.0,1.0
208390,,,,,,,,803.0,,334.0,,,,,,97.0,,52.0,11.0,,,44.0,,128.0,15.0,
208406,,,,,,,,520.0,,214.0,,,,,,40.0,5.0,26.0,15.0,1.0,,29.0,4.0,94.0,11.0,8.0
208415,,,,,,,,121.0,,52.0,,,,,,18.0,,3.0,,,,8.0,,23.0,,
208433,,,,,,,,6.0,,4.0,,,,,,,,,,,,,,,,
208479,,,,,,,,51.0,,17.0,,,,,,14.0,3.0,,,,,,5.0,10.0,,
208488,,,,,,,,463.0,,124.0,,,,,,53.0,20.0,30.0,34.0,3.0,,28.0,,56.0,3.0,
208512,,,,,,,,21.0,,6.0,,,,,,2.0,4.0,1.0,,,,,3.0,3.0,,
208637,,,,,,,,27.0,,8.0,,,,,,4.0,4.0,,1.0,,,2.0,3.0,3.0,,
208646,,,,,,,,357.0,,128.0,,,,,,32.0,28.0,21.0,30.0,3.0,,29.0,2.0,47.0,8.0,
208655,,,,,,,,12.0,,6.0,,,,,,1.0,,,,,,,,5.0,,
208725,,,,,,,,26.0,,6.0,,,,,,5.0,2.0,1.0,4.0,,,2.0,,3.0,,
208822,,,,,,,,626.0,,317.0,,,,,,42.0,15.0,23.0,63.0,4.0,,35.0,,64.0,15.0,
208859,,,,,,,,7.0,,4.0,,,,,,1.0,,,,,,,,2.0,,
209038,,,,,,,,674.0,,281.0,2.0,,,,,72.0,83.0,38.0,15.0,3.0,,33.0,4.0,76.0,14.0,1.0
209056,,,,,,,,726.0,,322.0,,,,,,85.0,38.0,27.0,44.0,6.0,,29.0,,87.0,10.0,
209065,,,,,,,,445.0,,196.0,,,,,,34.0,19.0,31.0,21.0,1.0,,47.0,,47.0,6.0,
209074,,,,,,,,566.0,,243.0,,,,,,42.0,26.0,26.0,30.0,2.0,,18.0,3.0,77.0,9.0,2.0
209083,,,,,,,,8.0,,5.0,,,,,,1.0,,,,,,,,1.0,,
209108,,,,,,,,134.0,,65.0,,,,,,13.0,10.0,4.0,8.0,,,4.0,,10.0,2.0,
209153,,,,,,,,8.0,,5.0,,,,,,1.0,,,,,,,,2.0,,
209205,,,,,,,,7.0,,4.0,,,,,,1.0,,,,,,,,1.0,,
209241,,,,,,,,42.0,,20.0,,,,,,3.0,1.0,,1.0,0.0,,,,4.0,,
209250,,,,,,,,562.0,,262.0,,,,,,39.0,12.0,27.0,5.0,2.0,,33.0,2.0,129.0,9.0,3.0
209287,,,,,,,,168.0,,50.0,,,,,,24.0,7.0,5.0,14.0,,,16.0,,47.0,1.0,
209296,,,,,,,,208.0,,78.0,5.0,,,,,32.0,3.0,1.0,4.0,16.0,,14.0,1.0,37.0,,
209409,,,,,,,,129.0,,42.0,,,,,,16.0,5.0,5.0,23.0,1.0,,6.0,,12.0,,1.0
209490,,,,,,,,7660.0,,1919.0,415.0,,,,,680.0,392.0,1739.0,62.0,1239.0,,271.0,3.0,814.0,57.0,29.0
209506,,,,,,,,466.0,,217.0,,,,,,22.0,82.0,21.0,8.0,2.0,,31.0,,54.0,18.0,2.0
209533,,,,,,,,40.0,,16.0,,,,,,5.0,1.0,1.0,2.0,,,,,3.0,1.0,
209542,,,,,,,,5612.0,,1511.0,637.0,131.0,,,,271.0,492.0,395.0,419.0,140.0,,278.0,47.0,550.0,155.0,66.0
209551,,,,,,,,4668.0,,1250.0,322.0,168.0,,,,175.0,487.0,302.0,219.0,102.0,,458.0,23.0,520.0,189.0,17.0
209603,,,,,,,,140.0,,60.0,,,,,,4.0,10.0,8.0,6.0,,,5.0,,2.0,,
209612,,,,,,,,796.0,,360.0,5.0,1.0,,,,59.0,10.0,24.0,75.0,10.0,,38.0,,159.0,14.0,
209667,,,,,,,,8.0,,5.0,,,,,,1.0,,,,,,,,2.0,,
209676,,,,,,,,12.0,,9.0,,,,,,1.0,,,,,,,,3.0,,
209694,,,,,,,,8.0,,5.0,,,,,,1.0,,,,,,,,2.0,,
209700,,,,,,,,13.0,,7.0,,,,,,2.0,,0.0,,,,,,4.0,,
209719,,,,,,,,7.0,,3.0,,,,,,1.0,1.0,,,,,,,1.0,,
209746,,,,,,,,2066.0,,834.0,,,,,,145.0,72.0,151.0,240.0,,,156.0,12.0,301.0,21.0,11.0
209807,,,,,,,,2731.0,,1078.0,97.0,54.0,,,,94.0,510.0,187.0,228.0,27.0,,47.0,4.0,214.0,77.0,
209825,,,,,,,,848.0,,340.0,,,,,,51.0,57.0,36.0,82.0,10.0,,107.0,1.0,97.0,17.0,1.0
209922,,,,,,,,515.0,,165.0,,,,,,47.0,48.0,47.0,22.0,12.0,,70.0,,45.0,11.0,
209940,,,,,,,,410.0,,187.0,,,,,,37.0,12.0,30.0,16.0,,,19.0,2.0,96.0,2.0,
209986,,,,,,,,3.0,,2.0,,,,,,,,,,,,,,1.0,,
210076,,,,,,,,178.0,,90.0,,,,,,13.0,25.0,3.0,2.0,,,1.0,27.0,8.0,,
210146,,,,,,,,600.0,,201.0,,,,,,10.0,215.0,28.0,3.0,5.0,,38.0,1.0,57.0,20.0,
210155,,,,,,,,248.0,,94.0,,26.0,,,,33.0,3.0,10.0,3.0,,,26.0,1.0,47.0,,
210234,,,,,,,,206.0,,87.0,2.0,2.0,,,,9.0,6.0,10.0,9.0,1.0,,13.0,2.0,17.0,1.0,2.0
210270,,,,,,,,259.0,,105.0,1.0,,,,,33.0,6.0,14.0,,,,38.0,,57.0,,
210304,,,,,,,,124.0,,44.0,,,,,,20.0,10.0,6.0,22.0,0.0,,6.0,,9.0,1.0,
210331,,,,,,,,190.0,,80.0,,,,,,27.0,12.0,4.0,25.0,3.0,,1.0,,18.0,,
210340,,,,,,,,5.0,,2.0,,,,,,3.0,,,,,,,,,,
210368,,,,,,,,95.0,,34.0,,,,,,22.0,1.0,5.0,,2.0,,3.0,,24.0,,
210401,,,,,,,,629.0,,226.0,,,,,,133.0,15.0,25.0,54.0,3.0,,74.0,,57.0,,1.0
210429,,,,,,,,778.0,,317.0,46.0,0.0,,,,28.0,129.0,26.0,23.0,5.0,,69.0,3.0,71.0,22.0,2.0
210438,,,,,,,,224.0,,59.0,,,,,,54.0,9.0,9.0,5.0,4.0,,17.0,3.0,16.0,3.0,
210474,,,,,,,,6.0,,5.0,,,,,,1.0,,,,,,,,,,
210492,,,,,,,,113.0,,47.0,,,,,,12.0,7.0,2.0,12.0,1.0,,13.0,,6.0,1.0,
210508,,,,,,,,26.0,,11.0,,,,,,8.0,3.0,,,,,,,2.0,,
210571,,,,,,,,378.0,,132.0,,,,,,32.0,23.0,13.0,43.0,2.0,,52.0,,45.0,11.0,1.0
210599,,,,,,,,36.0,,15.0,,,,,,8.0,2.0,,,,,,3.0,2.0,3.0,
210605,,,,,,,,1165.0,,575.0,,,,,,127.0,30.0,36.0,82.0,,,56.0,,188.0,28.0,
210669,,,,,,,,463.0,,179.0,,,,,,44.0,23.0,24.0,67.0,5.0,,22.0,,58.0,15.0,1.0
210711,,,,,,,,11.0,,7.0,,,,,,,1.0,,,,,1.0,,1.0,,
210739,,,,,,,,461.0,,192.0,,,,,,33.0,22.0,4.0,53.0,7.0,,38.0,,59.0,16.0,1.0
210748,,,,,,,,7.0,,5.0,,,,,,1.0,1.0,,,,,,,0.0,,
210775,,,,,,,,390.0,,166.0,,,,,,55.0,19.0,9.0,28.0,6.0,,31.0,,62.0,6.0,4.0
210784,,,,,,,,25.0,,15.0,,,,,,2.0,2.0,,,,,1.0,1.0,3.0,,
210809,,,,,,,,217.0,,22.0,1.0,,,,,14.0,19.0,27.0,18.0,,,10.0,40.0,18.0,2.0,3.0
210890,,,,,,,,10.0,,6.0,,,,,,2.0,,1.0,,,,,1.0,,,
210942,,,,,,,,101.0,,49.0,,,,,,13.0,8.0,3.0,2.0,,,,,18.0,,
210951,,,,,,,,23.0,,13.0,,,,,,3.0,1.0,,,,,,1.0,2.0,0.0,
210960,,,,,,,,66.0,,34.0,,,,,,10.0,4.0,,3.0,,,,,9.0,,
211006,,,,,,,,36.0,,16.0,,,,,,4.0,3.0,,,,,,7.0,3.0,1.0,
211024,,,,,,,,105.0,,51.0,1.0,,,,,9.0,3.0,3.0,6.0,1.0,,4.0,,25.0,,
211079,,,,,,,,191.0,,82.0,,,,,,27.0,3.0,9.0,1.0,,,2.0,,48.0,14.0,
211088,,,,,,,,655.0,,313.0,,,,,,64.0,57.0,18.0,62.0,4.0,,27.0,,55.0,14.0,
211130,,,,,,,,33.0,,15.0,,,,,,8.0,3.0,1.0,,,,1.0,,2.0,,
211149,,,,,,,,47.0,,16.0,,,,,,10.0,,,,,,5.0,1.0,6.0,,
211158,,,,,,,,1080.0,,451.0,,,,,,35.0,163.0,32.0,51.0,11.0,,131.0,,139.0,50.0,
211200,,,,,,,,28.0,,13.0,,,,,,6.0,,,,,,,,7.0,,
211273,,,,,,,,670.0,,183.0,6.0,,,,,169.0,5.0,34.0,27.0,13.0,,114.0,,95.0,,
211291,,,,,,,,1347.0,,416.0,,,,,,94.0,103.0,98.0,129.0,11.0,,191.0,,170.0,65.0,7.0
211307,,,,,,,,683.0,,310.0,,,,,,77.0,21.0,23.0,24.0,2.0,,63.0,2.0,111.0,11.0,
211316,,,,,,,,7.0,,3.0,,,,,,3.0,,,,,,,,1.0,,
211334,,,,,,,,6.0,,2.0,,,,,,1.0,,,,,,1.0,,2.0,,
211343,,,,,,,,340.0,,152.0,,,,,,45.0,54.0,6.0,4.0,,,24.0,,52.0,,
211352,,,,,,,,346.0,,148.0,,,,,,51.0,17.0,5.0,40.0,,,7.0,,22.0,10.0,1.0
211361,,,,,,,,725.0,,308.0,,1.0,,,,38.0,116.0,24.0,26.0,9.0,,67.0,,96.0,26.0,
211431,,,,,,,,337.0,,151.0,,,,,,46.0,15.0,13.0,15.0,3.0,,34.0,,32.0,6.0,1.0
211440,,,,,,,,5234.0,,1335.0,144.0,,,,,689.0,613.0,1147.0,282.0,41.0,,112.0,9.0,631.0,97.0,21.0
211468,,,,,,,,293.0,,123.0,1.0,,,,,33.0,1.0,7.0,18.0,,,31.0,,56.0,8.0,
211477,,,,,,,,144.0,,61.0,,,,,,20.0,7.0,4.0,15.0,,,7.0,,8.0,3.0,
211556,,,,,,,,456.0,,193.0,,,,,,52.0,14.0,20.0,23.0,1.0,,47.0,,39.0,14.0,
211583,,,,,,,,260.0,,125.0,,,,,,44.0,9.0,6.0,15.0,4.0,,1.0,,21.0,,6.0
211608,,,,,,,,156.0,,55.0,,,,,,15.0,30.0,1.0,12.0,2.0,,16.0,,20.0,,
211617,,,,,,,,56.0,,33.0,,,,,,1.0,,,14.0,,,,,3.0,,
211635,,,,,,,,22.0,,16.0,,,,,,3.0,,,,,,1.0,,,,
211644,,,,,,,,610.0,,233.0,,,,,,22.0,100.0,7.0,28.0,21.0,,54.0,,87.0,34.0,
211802,,,,,,,,32.0,,21.0,,,,,,2.0,,,,,,,,4.0,,
211820,,,,,,,,17.0,,6.0,,,,,,3.0,1.0,,,,,1.0,4.0,2.0,1.0,
211893,,,,,,,,102.0,,38.0,,,,,,5.0,17.0,2.0,10.0,,,1.0,,9.0,2.0,
211909,,,,,,,,16.0,,12.0,,,,,,2.0,1.0,,,,,,,1.0,,
211927,,,,,,,,734.0,,340.0,,,,,,59.0,14.0,34.0,46.0,,,60.0,,94.0,8.0,
211981,,,,,,,,414.0,,140.0,,,,,,20.0,26.0,16.0,36.0,4.0,,48.0,,30.0,30.0,
212009,,,,,,,,899.0,,261.0,,,,,,90.0,34.0,53.0,56.0,7.0,,164.0,,129.0,30.0,12.0
212018,,,,,,,,68.0,,23.0,,3.0,,,,12.0,6.0,2.0,6.0,,,3.0,,7.0,3.0,
212045,,,,,,,,49.0,,18.0,,,,,,8.0,2.0,1.0,1.0,,,4.0,,,4.0,
212054,,,,,,,,4985.0,,1777.0,92.0,,,,,434.0,672.0,343.0,243.0,97.0,,427.0,,612.0,69.0,31.0
212106,,,,,,,,1816.0,,667.0,,,,,,108.0,265.0,89.0,73.0,11.0,,177.0,,268.0,58.0,12.0
212115,,,,,,,,673.0,,288.0,,,,,,35.0,110.0,15.0,27.0,5.0,,83.0,,78.0,21.0,
212133,,,,,,,,493.0,,234.0,,,,,,66.0,20.0,9.0,56.0,5.0,,19.0,,46.0,7.0,
212160,,,,,,,,648.0,,272.0,,,,,,33.0,84.0,12.0,30.0,7.0,,85.0,,70.0,31.0,5.0
212197,,,,,,,,464.0,,146.0,,,,,,41.0,26.0,17.0,46.0,1.0,,89.0,1.0,55.0,12.0,7.0
212230,,,,,,,,4.0,,2.0,,,,,,1.0,,,,,,,,1.0,,
212267,,,,,,,,6.0,,2.0,,,,,,2.0,,,,,,,,1.0,,
212276,,,,,,,,6.0,,3.0,,,,,,1.0,,,,,,,,1.0,,
212294,,,,,,,,4.0,,2.0,,,,,,2.0,,,,,,,,,,
212300,,,,,,,,4.0,,2.0,,,,,,1.0,,,,,,,,1.0,,
212328,,,,,,,,8.0,,5.0,,,,,,1.0,,,,,,,,1.0,,
212337,,,,,,,,9.0,,5.0,,,,,,1.0,,,,,,,,1.0,,
212355,,,,,,,,7.0,,4.0,,,,,,1.0,,,,,,,,1.0,,
212373,,,,,,,,4.0,,2.0,,,,,,1.0,,,,,,,,1.0,,
212382,,,,,,,,8.0,,4.0,,,,,,2.0,,,,,,,,2.0,,
212391,,,,,,,,7.0,,4.0,,,,,,1.0,,,,,,,,1.0,,
212434,,,,,,,,36.0,,23.0,,,,,,2.0,1.0,,,,,,,8.0,1.0,
212443,,,,,,,,25.0,,14.0,,,,,,2.0,0.0,0.0,,,,,,2.0,1.0,
212452,,,,,,,,16.0,,8.0,,,,,,3.0,2.0,1.0,,,,,,,0.0,
212568,,,,,,,,21.0,,15.0,,,,,,1.0,1.0,,,,,,,3.0,,
212577,,,,,,,,833.0,,281.0,,,,,,63.0,111.0,35.0,50.0,,,77.0,,113.0,18.0,7.0
212601,,,,,,,,692.0,,274.0,,,,,,77.0,21.0,27.0,77.0,8.0,,54.0,1.0,103.0,19.0,2.0
212656,,,,,,,,286.0,,115.0,,,,,,36.0,11.0,8.0,25.0,3.0,,21.0,,23.0,15.0,
212674,,,,,,,,822.0,,259.0,,,,,,73.0,40.0,37.0,59.0,10.0,,152.0,,110.0,21.0,5.0
212753,,,,,,,,10.0,,5.0,,,,,,2.0,,,,,,,,1.0,,
212771,,,,,,,,35.0,,11.0,,,,,,6.0,3.0,3.0,,,,,,8.0,2.0,
212832,,,,,,,,425.0,,201.0,,,,,,44.0,10.0,14.0,32.0,8.0,,38.0,,36.0,8.0,2.0
212869,,,,,,,,285.0,,152.0,,,,,,44.0,6.0,3.0,11.0,0.0,,7.0,,16.0,13.0,
212878,,,,,,,,1422.0,,827.0,,29.0,,,,60.0,29.0,57.0,22.0,,,107.0,17.0,178.0,,
212911,,,,,,,,600.0,,172.0,,,,,,67.0,49.0,32.0,38.0,4.0,,110.0,3.0,65.0,25.0,3.0
212975,,,,,,,,32.0,,25.0,,,,,,4.0,,,,,,,,1.0,,
212984,,,,,,,,348.0,,183.0,,,,,,30.0,15.0,10.0,20.0,4.0,,5.0,,26.0,,0.0
212993,,,,,,,,16.0,,6.0,,,,,,1.0,1.0,,,,,,2.0,4.0,,
213002,,,,,,,,36.0,,19.0,,,,,,2.0,,,10.0,,,,,2.0,,
213011,,,,,,,,362.0,,146.0,,,,,,44.0,6.0,10.0,44.0,2.0,,37.0,1.0,51.0,,
213020,,,,,,,,1384.0,,604.0,19.0,,,,,70.0,196.0,15.0,63.0,17.0,,113.0,,196.0,68.0,
213163,,,,,,,,9.0,,5.0,,,,,,1.0,1.0,,,,,,,1.0,,
213181,,,,,,,,58.0,,28.0,,,,,,6.0,1.0,2.0,1.0,,,,,3.0,1.0,
213215,,,,,,,,12.0,,6.0,,,,,,3.0,,,,,,,,,,
213233,,,,,,,,87.0,,37.0,3.0,,,,,6.0,3.0,2.0,,,,,,10.0,9.0,
213251,,,,,,,,393.0,,129.0,,,,,,54.0,16.0,23.0,51.0,4.0,,46.0,,36.0,13.0,3.0
213303,,,,,,,,250.0,,109.0,,,,,,26.0,8.0,7.0,34.0,1.0,,15.0,,27.0,,1.0
213321,,,,,,,,462.0,,165.0,,,,,,41.0,9.0,19.0,37.0,8.0,,36.0,,40.0,54.0,13.0
213330,,,,,,,,3.0,,2.0,,,,,,,,,,,,,,1.0,,
213349,,,,,,,,940.0,,408.0,,,,,,33.0,156.0,20.0,43.0,8.0,,114.0,,112.0,29.0,
213358,,,,,,,,276.0,,110.0,,,,,,29.0,8.0,11.0,46.0,,,26.0,,33.0,,
213367,,,,,,,,813.0,,310.0,,,,,,107.0,28.0,30.0,53.0,6.0,,85.0,,82.0,17.0,5.0
213376,,,,,,,,260.0,,77.0,,,,,,62.0,12.0,6.0,19.0,7.0,,28.0,,30.0,,
213385,,,,,,,,856.0,,267.0,,,,,,87.0,45.0,51.0,99.0,13.0,,100.0,4.0,110.0,28.0,14.0
213400,,,,,,,,267.0,,137.0,,,,,,24.0,18.0,6.0,23.0,,,5.0,,22.0,4.0,
213446,,,,,,,,32.0,,12.0,,,,,,4.0,,,2.0,,,,,5.0,2.0,
213455,,,,,,,,7.0,,3.0,,,,,,4.0,,,,,,,,,,
213473,,,,,,,,23.0,,10.0,,,,,,2.0,,,,,,,,1.0,,
213491,,,,,,,,4.0,,2.0,,,,,,1.0,,,,,,,,,,
213507,,,,,,,,389.0,,167.0,,,,,,36.0,8.0,17.0,34.0,4.0,,38.0,,46.0,8.0,
213525,,,,,,,,430.0,,236.0,,,,,,67.0,9.0,18.0,12.0,,,23.0,,43.0,3.0,
213534,,,,,,,,86.0,,56.0,,,,,,7.0,3.0,,,,,1.0,6.0,10.0,,
213543,,,,,,,,1815.0,,575.0,,,,,,191.0,230.0,177.0,134.0,22.0,,41.0,,257.0,60.0,14.0
213552,,,,,,,,13.0,,5.0,,,,,,1.0,2.0,,,,,,,1.0,,
213570,,,,,,,,44.0,,21.0,,,,,,12.0,,1.0,,,,1.0,,7.0,,
213589,,,,,,,,23.0,,10.0,,,,,,8.0,,,,,,,,4.0,,
213598,,,,,,,,368.0,,134.0,,,,,,31.0,19.0,14.0,45.0,1.0,,34.0,1.0,71.0,1.0,
213613,,,,,,,,507.0,,213.0,,,,,,24.0,61.0,17.0,34.0,,,60.0,,61.0,27.0,
213622,,,,,,,,11.0,,9.0,,,,,,1.0,,,,,,,,1.0,,
213631,,,,,,,,60.0,,17.0,,,,,,7.0,5.0,3.0,,,,,,16.0,,
213659,,,,,,,,434.0,,219.0,,,,,,34.0,4.0,14.0,20.0,,,43.0,,69.0,10.0,2.0
213668,,,,,,,,312.0,,99.0,,,,,,35.0,12.0,12.0,42.0,1.0,,51.0,1.0,33.0,10.0,2.0
213774,,,,,,,,114.0,,48.0,,,,,,8.0,5.0,2.0,3.0,1.0,,10.0,,18.0,,
213783,,,,,,,,336.0,,144.0,,,,,,12.0,43.0,10.0,31.0,,,37.0,,33.0,17.0,
213826,,,,,,,,570.0,,228.0,,,,,,46.0,28.0,22.0,41.0,5.0,,73.0,,76.0,19.0,
213871,,,,,,,,18.0,,13.0,,,,,,3.0,1.0,,,,,,,1.0,,
213914,,,,,,,,25.0,,13.0,,,,,,5.0,,,,,,,4.0,3.0,,
213932,,,,,,,,22.0,,15.0,,,,,,1.0,0.0,,0.0,,,,1.0,2.0,1.0,
213987,,,,,,,,476.0,,175.0,,,,,,60.0,21.0,20.0,72.0,7.0,,8.0,1.0,81.0,,5.0
213996,,,,,,,,738.0,,253.0,,,,,,56.0,33.0,38.0,73.0,7.0,,123.0,,86.0,24.0,3.0
214023,,,,,,,,7.0,,3.0,,,,,,2.0,1.0,,,,,,,0.0,,
214041,,,,,,,,886.0,,345.0,,,,,,31.0,143.0,26.0,39.0,7.0,,141.0,,99.0,34.0,
214069,,,,,,,,473.0,,194.0,,,,,,44.0,20.0,18.0,49.0,1.0,,48.0,,40.0,9.0,2.0
214111,,,,,,,,728.0,,350.0,,29.0,,,,92.0,17.0,23.0,35.0,,,35.0,2.0,91.0,14.0,
214148,,,,,,,,121.0,,57.0,,,,,,9.0,8.0,2.0,7.0,1.0,,3.0,,30.0,,
214157,,,,,,,,475.0,,191.0,,,,,,60.0,13.0,23.0,52.0,2.0,,49.0,,56.0,12.0,4.0
214166,,,,,,,,232.0,,101.0,,,,,,22.0,15.0,7.0,22.0,2.0,,32.0,,18.0,,
214175,,,,,,,,631.0,,233.0,2.0,45.0,,,,50.0,20.0,23.0,62.0,,,78.0,2.0,75.0,16.0,6.0
214254,,,,,,,,36.0,,12.0,,,,,,2.0,,,15.0,,,,,2.0,,
214272,,,,,,,,328.0,,144.0,,,,,,54.0,11.0,7.0,42.0,0.0,,2.0,,38.0,,
214290,,,,,,,,78.0,,49.0,,,,,,9.0,4.0,1.0,,,,4.0,4.0,2.0,,
214379,,,,,,,,898.0,,389.0,,,,,,150.0,16.0,17.0,10.0,,,80.0,1.0,110.0,14.0,
214476,,,,,,,,14.0,,8.0,,,,,,1.0,1.0,1.0,,,,,,1.0,,
214528,,,,,,,,55.0,,16.0,,,,,,11.0,2.0,2.0,,,,3.0,,5.0,,
214564,,,,,,,,301.0,,103.0,9.0,,,,,12.0,34.0,15.0,4.0,5.0,,26.0,,63.0,3.0,
214582,,,,,,,,69.0,,30.0,,,,,,6.0,2.0,2.0,,,,6.0,,20.0,,
214591,,,,,,,,633.0,,301.0,7.0,,,,,48.0,13.0,18.0,47.0,6.0,,101.0,,65.0,16.0,3.0
214607,,,,,,,,91.0,,38.0,,1.0,,,,5.0,3.0,6.0,9.0,,,6.0,2.0,13.0,4.0,
214616,,,,,,,,1967.0,,1214.0,36.0,,,,,140.0,123.0,208.0,8.0,59.0,,25.0,,119.0,3.0,
214625,,,,,,,,101.0,,49.0,,1.0,,,,9.0,1.0,3.0,8.0,1.0,,10.0,,14.0,3.0,
214634,,,,,,,,76.0,,36.0,,,,,,5.0,3.0,1.0,8.0,,,10.0,,8.0,4.0,
214643,,,,,,,,95.0,,39.0,,1.0,,,,10.0,4.0,2.0,8.0,1.0,,10.0,,13.0,2.0,
214652,,,,,,,,126.0,,63.0,,,,,,12.0,1.0,2.0,13.0,1.0,,15.0,,13.0,2.0,
214661,,,,,,,,149.0,,,,,,,,51.0,71.0,10.0,2.0,,,,,12.0,3.0,
214670,,,,,,,,133.0,,56.0,,2.0,,,,13.0,5.0,5.0,16.0,1.0,,10.0,,18.0,2.0,
214689,,,,,,,,474.0,,231.0,,,,,,20.0,8.0,24.0,40.0,3.0,,79.0,2.0,52.0,8.0,1.0
214698,,,,,,,,126.0,,46.0,,0.0,,,,14.0,3.0,4.0,12.0,1.0,,23.0,0.0,14.0,3.0,
214704,,,,,,,,343.0,,167.0,,4.0,,,,26.0,7.0,15.0,21.0,0.0,,57.0,1.0,34.0,4.0,
214713,,,,,,,,596.0,,281.0,,0.0,,,,38.0,12.0,28.0,42.0,,,76.0,,81.0,18.0,1.0
214731,,,,,,,,181.0,,90.0,,,,,,18.0,3.0,3.0,14.0,,,29.0,,17.0,3.0,
214740,,,,,,,,98.0,,45.0,,1.0,,,,7.0,3.0,5.0,9.0,1.0,,10.0,,9.0,3.0,
214759,,,,,,,,108.0,,50.0,,,,,,9.0,3.0,3.0,11.0,1.0,,12.0,,13.0,2.0,
214768,,,,,,,,136.0,,51.0,,1.0,,,,12.0,2.0,4.0,14.0,2.0,,30.0,1.0,9.0,7.0,
214777,,,,,,,,13851.0,,3056.0,670.0,72.0,,,,1425.0,944.0,2011.0,855.0,178.0,,1355.0,29.0,1875.0,604.0,215.0
214786,,,,,,,,119.0,,46.0,,,,,,9.0,4.0,1.0,8.0,1.0,,23.0,1.0,16.0,4.0,1.0
214795,,,,,,,,149.0,,69.0,,,,,,12.0,3.0,3.0,9.0,2.0,,29.0,,14.0,5.0,
214801,,,,,,,,377.0,,204.0,,5.0,,,,24.0,9.0,8.0,32.0,1.0,,47.0,,30.0,7.0,
214810,,,,,,,,116.0,,44.0,,0.0,,,,11.0,4.0,4.0,12.0,2.0,,17.0,,13.0,3.0,1.0
214829,,,,,,,,127.0,,63.0,,0.0,,,,13.0,4.0,4.0,9.0,,,11.0,,17.0,5.0,
214883,,,,,,,,159.0,,74.0,,,,,,18.0,19.0,9.0,2.0,,,8.0,,4.0,,
214892,,,,,,,,52.0,,32.0,,,,,,2.0,2.0,,0.0,,,,5.0,9.0,,
214944,,,,,,,,74.0,,19.0,,,,,,9.0,1.0,2.0,,,,19.0,8.0,12.0,,
214971,,,,,,,,139.0,,38.0,1.0,,,,,20.0,6.0,2.0,17.0,,,,17.0,4.0,4.0,2.0
215008,,,,,,,,11.0,,5.0,,,,,,3.0,1.0,,,,,,,1.0,1.0,
215044,,,,,,,,10.0,,3.0,,,,,,2.0,1.0,,,,,0.0,1.0,2.0,,
215053,,,,,,,,65.0,,38.0,,,,,,14.0,2.0,3.0,,,,1.0,,6.0,,
215062,,,,,,,,17435.0,,2185.0,1481.0,2184.0,,,,2078.0,1520.0,2538.0,309.0,1548.0,,1134.0,7.0,1622.0,298.0,33.0
215099,,,,,,,,557.0,,266.0,,,,,,87.0,11.0,15.0,20.0,1.0,,16.0,3.0,82.0,22.0,6.0
215105,,,,,,,,454.0,,226.0,,,,,,45.0,15.0,19.0,36.0,2.0,,2.0,1.0,61.0,2.0,
215114,,,,,,,,183.0,,69.0,,,,,,23.0,10.0,4.0,12.0,1.0,,17.0,9.0,26.0,6.0,
215123,,,,,,,,388.0,,157.0,14.0,,,,,85.0,7.0,21.0,,,,11.0,,86.0,,
215132,,,,,,,,512.0,,203.0,29.0,,,,,34.0,28.0,22.0,10.0,5.0,,16.0,,62.0,19.0,
215239,,,,,,,,1105.0,,624.0,,,,,,85.0,95.0,27.0,21.0,,,52.0,,166.0,34.0,
215266,,,,,,,,216.0,,81.0,,2.0,,,,18.0,5.0,8.0,11.0,2.0,,5.0,3.0,68.0,12.0,
215275,,,,,,,,184.0,,80.0,,,,,,14.0,3.0,6.0,7.0,1.0,,8.0,4.0,41.0,19.0,
215284,,,,,,,,333.0,,147.0,,,,,,19.0,6.0,11.0,8.0,3.0,,54.0,4.0,63.0,16.0,1.0
215293,,,,,,,,12224.0,,4325.0,805.0,54.0,,,,1068.0,311.0,2125.0,309.0,386.0,,610.0,112.0,1612.0,177.0,18.0
215309,,,,,,,,66.0,,31.0,,,,,,2.0,1.0,2.0,1.0,1.0,,6.0,,18.0,4.0,
215336,,,,,,,,5.0,,2.0,,,,,,,,,,,,,,3.0,,
215381,,,,,,,,82.0,,37.0,,,,,,9.0,6.0,,,,,4.0,3.0,3.0,,
215390,,,,,,,,16.0,,10.0,,,,,,2.0,,,,,,,,4.0,,
215415,,,,,,,,252.0,,92.0,0.0,6.0,,,,33.0,3.0,7.0,3.0,,,5.0,24.0,66.0,,
215424,,,,,,,,71.0,,16.0,,,,,,21.0,0.0,2.0,2.0,,,8.0,,15.0,,
215442,,,,,,,,673.0,,326.0,,,,,,42.0,37.0,16.0,95.0,3.0,,15.0,,42.0,15.0,13.0
215479,,,,,,,,13.0,,8.0,,,,,,2.0,,,,,,,,1.0,,
215530,,,,,,,,10.0,,4.0,,,,,,,,,,,,,,6.0,,
215585,,,,,,,,296.0,,127.0,,,,,,36.0,5.0,6.0,6.0,,,5.0,,41.0,3.0,
215594,,,,,,,,51.0,,27.0,,,,,,12.0,,1.0,,,,,,6.0,,
215619,,,,,,,,39.0,,7.0,,1.0,,,,8.0,3.0,2.0,7.0,,,1.0,,7.0,,
215628,,,,,,,,15.0,,6.0,,,,,,2.0,,0.0,0.0,,,,,1.0,1.0,
215637,,,,,,,,56.0,,16.0,,,,,,7.0,2.0,1.0,,,,15.0,8.0,1.0,1.0,
215646,,,,,,,,25.0,,10.0,,,,,,2.0,,,9.0,,,,,1.0,,
215655,,,,,,,,699.0,,286.0,,,,,,123.0,16.0,13.0,59.0,,,60.0,,50.0,19.0,
215682,,,,,,,,64.0,,33.0,,,,,,7.0,2.0,,,,,,2.0,2.0,3.0,
215691,,,,,,,,185.0,,60.0,,,,,,41.0,3.0,2.0,14.0,1.0,,26.0,,26.0,,
215743,,,,,,,,541.0,,177.0,,,,,,48.0,22.0,16.0,65.0,10.0,,87.0,2.0,52.0,17.0,9.0
215770,,,,,,,,1046.0,,420.0,,,,,,58.0,72.0,57.0,84.0,14.0,,94.0,,77.0,33.0,3.0
215798,,,,,,,,402.0,,132.0,,,,,,39.0,23.0,9.0,76.0,7.0,,49.0,,43.0,,
215813,,,,,,,,17.0,,7.0,,,,,,4.0,1.0,,2.0,,,,,3.0,,
215886,,,,,,,,57.0,,27.0,,,,,,3.0,1.0,1.0,2.0,6.0,,,,8.0,,1.0
215929,,,,,,,,973.0,,329.0,,1.0,,,,63.0,56.0,51.0,77.0,3.0,,113.0,2.0,141.0,78.0,2.0
215947,,,,,,,,342.0,,133.0,,,,,,31.0,25.0,13.0,55.0,1.0,,19.0,,33.0,9.0,5.0
215974,,,,,,,,46.0,,35.0,,,,,,4.0,3.0,,,,,,,2.0,,
215983,,,,,,,,9.0,,6.0,,,,,,1.0,1.0,,,,,,,1.0,,
215992,,,,,,,,29.0,,19.0,,,,,,1.0,1.0,,,,,,,1.0,2.0,
216010,,,,,,,,781.0,,323.0,,,,,,40.0,112.0,24.0,37.0,8.0,,75.0,,97.0,44.0,
216038,,,,,,,,889.0,,377.0,,,,,,43.0,122.0,21.0,42.0,21.0,,74.0,,120.0,51.0,
216047,,,,,,,,70.0,,28.0,,,,,,4.0,3.0,,,0.0,,10.0,,16.0,1.0,
216074,,,,,,,,20.0,,15.0,,,,,,2.0,1.0,,,,,,,2.0,,
216083,,,,,,,,100.0,,42.0,,,,,,5.0,2.0,5.0,,,,6.0,1.0,27.0,,
216162,,,,,,,,24.0,,17.0,,,,,,2.0,1.0,1.0,,,,,,3.0,,
216223,,,,,,,,10.0,,5.0,,,,,,1.0,1.0,,,,,1.0,,1.0,,
216278,,,,,,,,492.0,,172.0,,,,,,49.0,21.0,21.0,70.0,5.0,,63.0,,63.0,16.0,
216287,,,,,,,,899.0,,233.0,,,,,,111.0,35.0,59.0,52.0,8.0,,159.0,5.0,94.0,30.0,9.0
216296,,,,,,,,136.0,,76.0,,,,,,12.0,1.0,3.0,2.0,2.0,,16.0,,20.0,,
216311,,,,,,,,9.0,,6.0,,,,,,,,,,,,,,2.0,,
216339,,,,,,,,7541.0,,2770.0,,,,,,1030.0,178.0,699.0,341.0,814.0,,,12.0,1008.0,196.0,108.0
216348,,,,,,,,11.0,,7.0,,,,,,,1.0,0.0,,,,,,1.0,1.0,
216357,,,,,,,,208.0,,68.0,0.0,,,,,21.0,1.0,5.0,35.0,1.0,,26.0,1.0,12.0,12.0,
216366,,,,,,,,2862.0,,336.0,,,,,,491.0,117.0,699.0,66.0,122.0,,283.0,,581.0,129.0,8.0
216418,,,,,,,,54.0,,32.0,,,,,,3.0,4.0,0.0,,2.0,,,4.0,6.0,3.0,
216427,,,,,,,,12.0,,4.0,,,,,,2.0,,,,,,,,4.0,2.0,
216436,,,,,,,,26.0,,15.0,,,,,,2.0,,,,,,,,1.0,0.0,
216445,,,,,,,,27.0,,16.0,,,,,,2.0,,,,,,,,1.0,2.0,
216454,,,,,,,,22.0,,12.0,,,,,,2.0,,,,,,1.0,,1.0,2.0,
216463,,,,,,,,63.0,,34.0,,,,,,2.0,7.0,1.0,5.0,,,2.0,1.0,2.0,1.0,
216524,,,,,,,,382.0,,135.0,,,,,,76.0,9.0,12.0,47.0,,,14.0,,49.0,17.0,
216542,,,,,,,,101.0,,42.0,1.0,,,,,25.0,,2.0,,0.0,,8.0,,14.0,8.0,
216551,,,,,,,,36.0,,21.0,,,,,,4.0,,,1.0,,,,,1.0,,
216579,,,,,,,,15.0,,4.0,,,,,,1.0,3.0,,,,,,,2.0,,
216597,,,,,,,,2398.0,,791.0,11.0,,,,,409.0,80.0,164.0,121.0,22.0,,379.0,20.0,294.0,51.0,19.0
216630,,,,,,,,13.0,,9.0,,,,,,1.0,1.0,,,,,,,2.0,,
216649,,,,,,,,2.0,,1.0,,,,,,1.0,,,,,,,,,,
216667,,,,,,,,309.0,,129.0,,,,,,26.0,17.0,11.0,52.0,2.0,,20.0,,31.0,,
216694,,,,,,,,315.0,,122.0,,,,,,39.0,4.0,12.0,26.0,3.0,,28.0,2.0,43.0,13.0,
216746,,,,,,,,11.0,,5.0,,,,,,3.0,,,,,,,,2.0,,
216764,,,,,,,,1691.0,,780.0,,,,,,72.0,279.0,42.0,75.0,13.0,,158.0,,178.0,60.0,
216773,,,,,,,,21.0,,12.0,,,,,,2.0,2.0,,,,,,,4.0,,
216782,,,,,,,,33.0,,15.0,,,,,,6.0,1.0,0.0,,,,1.0,1.0,1.0,,
216807,,,,,,,,302.0,,105.0,,,,,,35.0,5.0,16.0,27.0,6.0,,42.0,,48.0,8.0,
216816,,,,,,,,94.0,,15.0,1.0,,,,,20.0,8.0,2.0,3.0,,,4.0,0.0,16.0,2.0,
216825,,,,,,,,384.0,,170.0,,,,,,59.0,4.0,11.0,11.0,,,30.0,,75.0,2.0,
216852,,,,,,,,1024.0,,405.0,,,,,,103.0,19.0,46.0,92.0,8.0,,77.0,,144.0,28.0,2.0
216931,,,,,,,,706.0,,259.0,,,,,,44.0,34.0,35.0,45.0,4.0,,61.0,,66.0,20.0,2.0
217013,,,,,,,,206.0,,77.0,,,,,,18.0,11.0,3.0,21.0,1.0,,25.0,1.0,26.0,2.0,2.0
217040,,,,,,,,12.0,,5.0,,,,,,2.0,,,,,,4.0,,1.0,,
217059,,,,,,,,620.0,,276.0,,,,,,50.0,33.0,28.0,42.0,5.0,,72.0,8.0,62.0,11.0,8.0
217077,,,,,,,,131.0,,89.0,,,,,,7.0,1.0,,,,,,15.0,,,
217156,,,,,,,,4162.0,,901.0,414.0,,,,,539.0,273.0,451.0,139.0,78.0,,464.0,7.0,544.0,98.0,6.0
217165,,,,,,,,717.0,,213.0,2.0,,,,,65.0,54.0,25.0,75.0,5.0,,90.0,3.0,89.0,14.0,7.0
217235,,,,,,,,1299.0,,427.0,,,,,,178.0,177.0,72.0,100.0,8.0,,110.0,12.0,87.0,38.0,32.0
217305,,,,,,,,420.0,,196.0,,,,,,23.0,12.0,11.0,11.0,,,3.0,,88.0,,
217323,,,,,,,,56.0,,34.0,,,,,,5.0,2.0,,,,,,9.0,3.0,2.0,
217402,,,,,,,,925.0,,356.0,,,,,,109.0,88.0,35.0,84.0,13.0,,54.0,,110.0,10.0,7.0
217420,,,,,,,,976.0,,469.0,,,,,,52.0,26.0,38.0,25.0,4.0,,154.0,1.0,98.0,16.0,
217475,,,,,,,,915.0,,486.0,,,,,,59.0,127.0,23.0,4.0,1.0,,52.0,,142.0,21.0,
217484,,,,,,,,2761.0,,886.0,21.0,,,,,66.0,137.0,384.0,96.0,47.0,,387.0,6.0,334.0,94.0,23.0
217493,,,,,,,,877.0,,272.0,,,,,,117.0,48.0,28.0,46.0,2.0,,150.0,12.0,116.0,54.0,3.0
217518,,,,,,,,981.0,,324.0,,,,,,133.0,29.0,37.0,39.0,7.0,,203.0,1.0,107.0,24.0,8.0
217536,,,,,,,,455.0,,180.0,,,,,,49.0,15.0,22.0,44.0,4.0,,29.0,,50.0,15.0,3.0
217572,,,,,,,,17.0,,15.0,,,,,,1.0,,,,,,,,,,
217581,,,,,,,,8.0,,4.0,,,,,,2.0,,,,,,,,1.0,,
217606,,,,,,,,83.0,,16.0,,,,,,8.0,,2.0,0.0,,,39.0,,6.0,2.0,
217615,,,,,,,,185.0,,95.0,,,,,,20.0,8.0,8.0,13.0,,,1.0,,26.0,3.0,
217624,,,,,,,,114.0,,37.0,,,,,,18.0,9.0,,6.0,,,23.0,,5.0,,
217633,,,,,,,,438.0,,212.0,,,,,,37.0,15.0,13.0,55.0,4.0,,19.0,,50.0,13.0,10.0
217688,,,,,,,,475.0,,243.0,2.0,,,,,33.0,25.0,15.0,28.0,7.0,,10.0,14.0,31.0,12.0,
217712,,,,,,,,187.0,,83.0,,,,,,21.0,12.0,3.0,22.0,0.0,,6.0,,23.0,5.0,
217721,,,,,,,,427.0,,131.0,,,,,,65.0,3.0,11.0,44.0,1.0,,53.0,,51.0,5.0,10.0
217749,,,,,,,,697.0,,203.0,1.0,,,,,46.0,26.0,43.0,104.0,4.0,,73.0,7.0,99.0,21.0,9.0
217776,,,,,,,,256.0,,85.0,,,,,,40.0,13.0,9.0,32.0,3.0,,7.0,,33.0,9.0,
217794,,,,,,,,10.0,,5.0,,,,,,2.0,1.0,,,,,,,,,
217819,,,,,,,,1685.0,,641.0,,,,,,182.0,109.0,117.0,100.0,6.0,,119.0,1.0,305.0,57.0,1.0
217828,,,,,,,,5.0,,3.0,,,,,,1.0,,,,,,,,0.0,,
217837,,,,,,,,107.0,,43.0,,,,,,12.0,4.0,4.0,17.0,,,7.0,,14.0,2.0,
217864,,,,,,,,691.0,,239.0,,,,,,91.0,18.0,31.0,46.0,7.0,,32.0,,86.0,46.0,16.0
217873,,,,,,,,371.0,,148.0,,,,,,37.0,9.0,20.0,37.0,1.0,,28.0,1.0,62.0,,2.0
217882,,,,,,,,4992.0,,1287.0,220.0,182.0,,,,265.0,468.0,614.0,286.0,44.0,,359.0,4.0,571.0,303.0,30.0
217891,,,,,,,,49.0,,16.0,,,,,,5.0,1.0,,2.0,,,,,4.0,,
217907,,,,,,,,205.0,,88.0,,,,,,22.0,6.0,4.0,33.0,,,7.0,2.0,18.0,,
217925,,,,,,,,194.0,,50.0,,,,,,31.0,7.0,8.0,30.0,,,20.0,,37.0,7.0,
217934,,,,,,,,175.0,,70.0,,,,,,21.0,4.0,7.0,25.0,1.0,,6.0,1.0,21.0,,0.0
217961,,,,,,,,214.0,,86.0,1.0,,,,,12.0,11.0,7.0,28.0,,,22.0,,44.0,,
217989,,,,,,,,86.0,,26.0,,,,,,4.0,11.0,2.0,16.0,1.0,,8.0,,17.0,,
217998,,,,,,,,132.0,,51.0,,,,,,22.0,3.0,1.0,26.0,1.0,,2.0,,9.0,,
218025,,,,,,,,339.0,,158.0,,,,,,46.0,25.0,21.0,14.0,,,2.0,,51.0,15.0,3.0
218043,,,,,,,,16.0,,9.0,,,,,,1.0,2.0,,,,,1.0,,2.0,0.0,
218061,,,,,,,,569.0,,234.0,,,,,,48.0,20.0,17.0,51.0,1.0,,80.0,,44.0,20.0,4.0
218070,,,,,,,,903.0,,273.0,,,,,,78.0,70.0,38.0,126.0,14.0,,111.0,,104.0,33.0,1.0
218113,,,,,,,,933.0,,492.0,,,,,,54.0,58.0,34.0,60.0,6.0,,58.0,,83.0,25.0,2.0
218140,,,,,,,,430.0,,216.0,,,,,,33.0,16.0,20.0,32.0,,,28.0,,62.0,12.0,2.0
218159,,,,,,,,13.0,,8.0,,,,,,2.0,,,,,,,1.0,1.0,,
218195,,,,,,,,11.0,,6.0,,,,,,1.0,,,,,,,1.0,2.0,,
218229,,,,,,,,462.0,,164.0,,,,,,32.0,49.0,17.0,20.0,3.0,,18.0,1.0,38.0,58.0,7.0
218238,,,,,,,,324.0,,91.0,,,,,,41.0,4.0,7.0,56.0,2.0,,13.0,8.0,14.0,36.0,
218335,,,,,,,,3020.0,,317.0,1001.0,,,,,714.0,140.0,140.0,16.0,132.0,,155.0,,274.0,103.0,28.0
218353,,,,,,,,842.0,,394.0,,,,,,71.0,70.0,48.0,65.0,7.0,,20.0,,118.0,14.0,3.0
218399,,,,,,,,170.0,,44.0,,,,,,19.0,2.0,5.0,7.0,1.0,,46.0,,33.0,1.0,1.0
218414,,,,,,,,202.0,,69.0,,,,,,40.0,9.0,,50.0,0.0,,,,16.0,,
218441,,,,,,,,423.0,,170.0,,,,,,42.0,,9.0,54.0,,,51.0,,47.0,,
218487,,,,,,,,214.0,,101.0,,,,,,15.0,7.0,8.0,14.0,,,19.0,,30.0,5.0,
218520,,,,,,,,338.0,,162.0,,,,,,14.0,26.0,17.0,36.0,,,6.0,,63.0,10.0,
218539,,,,,,,,301.0,,105.0,,,,,,29.0,6.0,15.0,68.0,,,8.0,1.0,43.0,13.0,
218645,,,,,,,,421.0,,203.0,,,,,,46.0,11.0,17.0,48.0,7.0,,22.0,1.0,43.0,4.0,
218654,,,,,,,,261.0,,114.0,,,,,,28.0,3.0,13.0,36.0,,,24.0,,28.0,4.0,
218663,,,,,,,,6519.0,,1914.0,66.0,29.0,,,,799.0,171.0,436.0,784.0,165.0,,457.0,3.0,1104.0,208.0,120.0
218672,,,,,,,,125.0,,63.0,,,,,,5.0,1.0,2.0,16.0,,,16.0,,16.0,2.0,0.0
218681,,,,,,,,77.0,,32.0,,,,,,5.0,,2.0,14.0,,,6.0,,13.0,2.0,
218690,,,,,,,,84.0,,41.0,,,,,,10.0,1.0,0.0,11.0,1.0,,4.0,,11.0,,
218706,,,,,,,,50.0,,23.0,,,,,,3.0,,1.0,7.0,,,3.0,,9.0,1.0,
218724,,,,,,,,1397.0,,525.0,,,,,,120.0,65.0,68.0,154.0,21.0,,164.0,0.0,148.0,50.0,21.0
218733,,,,,,,,528.0,,155.0,16.0,21.0,,,,45.0,19.0,20.0,105.0,9.0,,34.0,,71.0,,
218742,,,,,,,,671.0,,307.0,,,,,,38.0,11.0,18.0,90.0,6.0,,58.0,,92.0,16.0,2.0
218751,,,,,,,,96.0,,38.0,2.0,,,,,6.0,2.0,4.0,1.0,,,5.0,3.0,33.0,,
218821,,,,,,,,110.0,,34.0,,,,,,27.0,1.0,2.0,17.0,1.0,,4.0,,10.0,3.0,
218830,,,,,,,,415.0,,180.0,,,,,,29.0,20.0,22.0,39.0,3.0,,26.0,,57.0,12.0,2.0
218858,,,,,,,,257.0,,130.0,,,,,,16.0,10.0,13.0,19.0,5.0,,19.0,,35.0,6.0,1.0
218867,,,,,,,,4.0,,2.0,,,,,,1.0,0.0,,,,,0.0,,,,
218885,,,,,,,,473.0,,222.0,,,,,,34.0,28.0,26.0,48.0,3.0,,15.0,,69.0,6.0,2.0
218894,,,,,,,,857.0,,386.0,,,,,,68.0,56.0,48.0,69.0,6.0,,39.0,,151.0,20.0,3.0
218919,,,,,,,,122.0,,31.0,1.0,,,,,15.0,7.0,5.0,5.0,1.0,,22.0,,10.0,3.0,2.0
218955,,,,,,,,77.0,,30.0,,,,,,12.0,3.0,2.0,9.0,,,1.0,,11.0,5.0,
218964,,,,,,,,931.0,,360.0,,,,,,66.0,38.0,41.0,131.0,11.0,,100.0,2.0,117.0,26.0,16.0
218973,,,,,,,,437.0,,155.0,,,,,,30.0,59.0,20.0,48.0,3.0,,57.0,,15.0,16.0,2.0
218991,,,,,,,,401.0,,190.0,,,,,,14.0,23.0,11.0,5.0,,,30.0,,28.0,10.0,1.0
219000,,,,,,,,426.0,,164.0,,7.0,,,,58.0,10.0,14.0,45.0,2.0,,52.0,,44.0,10.0,1.0
219037,,,,,,,,8.0,,5.0,,,,,,2.0,1.0,,,,,,,,,
219046,,,,,,,,411.0,,146.0,3.0,,,,,69.0,31.0,18.0,36.0,,,41.0,1.0,45.0,10.0,1.0
219082,,,,,,,,294.0,,118.0,,,,,,69.0,14.0,17.0,12.0,1.0,,23.0,1.0,29.0,5.0,1.0
219091,,,,,,,,180.0,,81.0,,,,,,15.0,9.0,4.0,27.0,,,14.0,,12.0,,3.0
219125,,,,,,,,15.0,,7.0,,,,,,1.0,1.0,,0.0,,,,3.0,,,
219143,,,,,,,,208.0,,122.0,,,,,,11.0,4.0,10.0,2.0,,,24.0,10.0,20.0,,
219170,,,,,,,,2.0,,2.0,,,,,,,,,,,,,,0.0,,
219189,,,,,,,,120.0,,72.0,,,,,,12.0,6.0,4.0,5.0,,,11.0,0.0,1.0,,
219198,,,,,,,,143.0,,62.0,,,,,,16.0,8.0,4.0,10.0,2.0,,16.0,,13.0,,
219204,,,,,,,,359.0,,107.0,,,,,,56.0,13.0,19.0,6.0,1.0,,1.0,,17.0,,
219213,,,,,,,,24.0,,11.0,,,,,,4.0,,,,,,,,1.0,,
219240,,,,,,,,27.0,,6.0,,,,,,1.0,1.0,,1.0,13.0,,,1.0,2.0,,
219259,,,,,,,,375.0,,109.0,,,,,,47.0,16.0,19.0,50.0,,,40.0,3.0,48.0,9.0,5.0
219277,,,,,,,,201.0,,63.0,1.0,,,,,28.0,8.0,3.0,3.0,,,15.0,,28.0,,
219295,,,,,,,,145.0,,55.0,,,,,,18.0,13.0,3.0,29.0,2.0,,9.0,,6.0,,
219338,,,,,,,,1.0,,1.0,,,,,,,,,,,,,,,,
219347,,,,,,,,409.0,,153.0,,,,,,68.0,25.0,50.0,16.0,4.0,,33.0,,45.0,9.0,
219356,,,,,,,,1896.0,,602.0,103.0,110.0,,,,186.0,113.0,107.0,147.0,20.0,,152.0,2.0,213.0,65.0,21.0
219374,,,,,,,,143.0,,32.0,,,,,,23.0,12.0,2.0,13.0,,,21.0,1.0,19.0,7.0,3.0
219383,,,,,,,,253.0,,132.0,,,,,,24.0,7.0,5.0,40.0,1.0,,15.0,0.0,20.0,,
219392,,,,,,,,18.0,,9.0,,,,,,2.0,,,,7.0,,,,,,
219408,,,,,,,,52.0,,18.0,,,,,,5.0,5.0,3.0,5.0,,,6.0,1.0,6.0,,1.0
219426,,,,,,,,224.0,,137.0,0.0,,,,,20.0,3.0,6.0,10.0,2.0,,28.0,2.0,13.0,1.0,
219453,,,,,,,,13.0,,7.0,,,,,,3.0,1.0,,,,,,,1.0,,
219471,,,,,,,,1384.0,,503.0,5.0,,,,,167.0,98.0,106.0,114.0,5.0,,111.0,,196.0,22.0,2.0
219480,,,,,,,,112.0,,60.0,,5.0,,,,5.0,5.0,3.0,,,,4.0,,6.0,,
219505,,,,,,,,24.0,,9.0,,,,,,4.0,2.0,1.0,,0.0,,,,2.0,1.0,
219587,,,,,,,,7.0,,5.0,,,,,,2.0,,,,,,,,0.0,,
219596,,,,,,,,23.0,,12.0,,,,,,5.0,1.0,,,,,1.0,,2.0,,
219602,,,,,,,,1083.0,,472.0,,,,,,36.0,14.0,23.0,219.0,18.0,,55.0,1.0,157.0,35.0,1.0
219639,,,,,,,,141.0,,69.0,,,,,,21.0,2.0,6.0,0.0,,,15.0,,14.0,,
219709,,,,,,,,1101.0,,514.0,,,,,,85.0,51.0,29.0,88.0,4.0,,119.0,3.0,120.0,25.0,2.0
219718,,,,,,,,600.0,,231.0,,,,,,40.0,12.0,8.0,77.0,7.0,,63.0,41.0,61.0,,
219790,,,,,,,,247.0,,88.0,,,,,,3.0,10.0,8.0,27.0,,,10.0,9.0,13.0,19.0,
219806,,,,,,,,365.0,,157.0,,,,,,11.0,26.0,13.0,54.0,7.0,,16.0,,51.0,22.0,
219824,,,,,,,,773.0,,349.0,,0.0,,,,28.0,15.0,31.0,93.0,15.0,,66.0,,101.0,14.0,2.0
219833,,,,,,,,290.0,,129.0,,,,,,21.0,10.0,16.0,16.0,2.0,,16.0,,30.0,6.0,1.0
219842,,,,,,,,61.0,,24.0,,,,,,4.0,4.0,1.0,1.0,,,1.0,,8.0,2.0,
219851,,,,,,,,9.0,,3.0,,,,,,3.0,1.0,,,,,,,3.0,,
219879,,,,,,,,254.0,,118.0,,,,,,7.0,3.0,6.0,,8.0,,14.0,,53.0,5.0,
219888,,,,,,,,343.0,,182.0,,,,,,26.0,7.0,8.0,25.0,,,21.0,,55.0,2.0,
219903,,,,,,,,115.0,,44.0,,,,,,27.0,8.0,,,,,2.0,10.0,23.0,,
219921,,,,,,,,21.0,,11.0,,,,,,2.0,1.0,,,,,1.0,,2.0,,
219949,,,,,,,,211.0,,106.0,,,,,,12.0,13.0,8.0,36.0,,,,,5.0,,
219976,,,,,,,,898.0,,313.0,3.0,1.0,,,,60.0,51.0,28.0,115.0,3.0,,127.0,,89.0,17.0,3.0
219994,,,,,,,,59.0,,35.0,,,,,,8.0,3.0,,,,,3.0,,10.0,,
220002,,,,,,,,36.0,,20.0,,,,,,2.0,,,,,,,,10.0,1.0,
220057,,,,,,,,228.0,,79.0,,,,,,16.0,2.0,10.0,50.0,,,19.0,,47.0,2.0,
220075,,,,,,,,2490.0,,884.0,39.0,43.0,,,,389.0,129.0,58.0,182.0,55.0,,168.0,,433.0,62.0,17.0
220118,,,,,,,,37.0,,17.0,,,,,,2.0,1.0,2.0,,,,1.0,2.0,6.0,1.0,
220127,,,,,,,,44.0,,23.0,,,,,,3.0,,,,5.0,,,,8.0,2.0,
220163,,,,,,,,6.0,,3.0,,,,,,1.0,2.0,,,,,,,,,
220181,,,,,,,,205.0,,62.0,11.0,,,,,35.0,7.0,5.0,21.0,1.0,,15.0,3.0,41.0,,
220206,,,,,,,,70.0,,32.0,,,,,,15.0,2.0,1.0,2.0,,,2.0,,6.0,2.0,
220215,,,,,,,,293.0,,117.0,,,,,,32.0,14.0,4.0,34.0,,,42.0,1.0,26.0,6.0,1.0
220251,,,,,,,,22.0,,13.0,,,,,,2.0,3.0,,,,,,,4.0,,
220279,,,,,,,,34.0,,23.0,,,,,,2.0,,,,,,,,4.0,1.0,
220312,,,,,,,,66.0,,22.0,,,,,,10.0,3.0,1.0,10.0,,,10.0,,6.0,0.0,
220321,,,,,,,,34.0,,22.0,,,,,,2.0,,,,,,8.0,,,,
220394,,,,,,,,20.0,,12.0,,,,,,2.0,,,,,,0.0,,4.0,1.0,
220400,,,,,,,,294.0,,146.0,,,,,,18.0,3.0,4.0,51.0,5.0,,20.0,,41.0,6.0,
220464,,,,,,,,12.0,,7.0,,,,,,,1.0,,,,,,,3.0,,
220473,,,,,,,,198.0,,79.0,,,,,,20.0,6.0,9.0,14.0,1.0,,12.0,,27.0,12.0,
220491,,,,,,,,20.0,,8.0,,,,,,2.0,3.0,,,,,,5.0,2.0,,
220516,,,,,,,,329.0,,141.0,,,,,,34.0,6.0,6.0,38.0,5.0,,18.0,4.0,42.0,6.0,
220552,,,,,,,,314.0,,177.0,,,,,,41.0,2.0,4.0,,,,4.0,,72.0,,
220598,,,,,,,,282.0,,78.0,,,,,,19.0,8.0,2.0,33.0,4.0,,75.0,,38.0,6.0,
220604,,,,,,,,153.0,,59.0,,,,,,5.0,13.0,4.0,12.0,,,2.0,,15.0,3.0,0.0
220613,,,,,,,,701.0,,288.0,,,,,,88.0,11.0,26.0,37.0,9.0,,84.0,,116.0,11.0,3.0
220631,,,,,,,,878.0,,322.0,,,,,,133.0,14.0,15.0,46.0,25.0,,97.0,,173.0,23.0,3.0
220640,,,,,,,,36.0,,24.0,,,,,,1.0,,,,,,,,6.0,3.0,
220701,,,,,,,,141.0,,59.0,,,,,,8.0,11.0,2.0,19.0,2.0,,3.0,6.0,14.0,,
220710,,,,,,,,301.0,,103.0,,,,,,33.0,12.0,7.0,44.0,4.0,,35.0,1.0,34.0,12.0,
220756,,,,,,,,19.0,,10.0,,,,,,3.0,,0.0,,,,1.0,,5.0,,
220765,,,,,,,,32.0,,16.0,,,,,,2.0,4.0,1.0,,,,,5.0,2.0,,
220792,,,,,,,,815.0,,202.0,,3.0,,,,176.0,44.0,53.0,39.0,144.0,,43.0,,109.0,,
220808,,,,,,,,102.0,,48.0,,,,,,6.0,1.0,,9.0,,,15.0,4.0,2.0,4.0,
220853,,,,,,,,69.0,,34.0,,,,,,3.0,5.0,,,6.0,,2.0,,16.0,,
220862,,,,,,,,2796.0,,1057.0,33.0,,,,,179.0,166.0,194.0,129.0,15.0,,284.0,,259.0,95.0,11.0
220871,,,,,,,,25.0,,13.0,,,,,,1.0,1.0,1.0,,,,,,3.0,,
220978,,,,,,,,2298.0,,1013.0,21.0,,,,,170.0,70.0,93.0,129.0,25.0,,152.0,3.0,486.0,64.0,20.0
220996,,,,,,,,32.0,,13.0,,,,,,,2.0,5.0,1.0,,,,,8.0,,
221050,,,,,,,,63.0,,39.0,,,,,,4.0,6.0,,1.0,0.0,,0.0,,12.0,,
221096,,,,,,,,323.0,,179.0,,,,,,5.0,4.0,4.0,47.0,21.0,,12.0,,38.0,5.0,
221102,,,,,,,,61.0,,36.0,,,,,,7.0,3.0,2.0,,,,5.0,,3.0,,
221148,,,,,,,,150.0,,62.0,,,,,,45.0,1.0,1.0,,,,10.0,,22.0,,1.0
221157,,,,,,,,9.0,,5.0,,,,,,2.0,1.0,,,,,,,1.0,,
221184,,,,,,,,476.0,,246.0,,,,,,23.0,3.0,3.0,42.0,23.0,,23.0,,106.0,7.0,
221236,,,,,,,,31.0,,20.0,,,,,,3.0,1.0,,,,,1.0,,5.0,,
221254,,,,,,,,27.0,,12.0,,,,,,3.0,2.0,,2.0,,,1.0,1.0,3.0,,
221281,,,,,,,,29.0,,19.0,,,,,,2.0,1.0,,,,,1.0,,6.0,,
221333,,,,,,,,35.0,,21.0,,,,,,1.0,4.0,,,,,1.0,,8.0,,
221351,,,,,,,,497.0,,196.0,,,,,,60.0,22.0,15.0,53.0,6.0,,79.0,,34.0,13.0,3.0
221388,,,,,,,,19.0,,8.0,,,,,,3.0,1.0,,,,,,,3.0,1.0,
221397,,,,,,,,375.0,,200.0,,,,,,4.0,2.0,5.0,,13.0,,17.0,,69.0,8.0,
221430,,,,,,,,22.0,,12.0,,,,,,3.0,,1.0,,1.0,,1.0,,3.0,0.0,
221485,,,,,,,,753.0,,288.0,,,,,,28.0,87.0,15.0,4.0,26.0,,71.0,,209.0,9.0,2.0
221494,,,,,,,,44.0,,29.0,,,,,,2.0,7.0,1.0,,,,1.0,,1.0,,
221519,,,,,,,,715.0,,180.0,,,,,,63.0,17.0,27.0,46.0,7.0,,159.0,2.0,141.0,35.0,4.0
221582,,,,,,,,32.0,,13.0,,,,,,3.0,,,,,,2.0,,13.0,,
221591,,,,,,,,30.0,,18.0,,,,,,1.0,1.0,,3.0,,,2.0,,5.0,,
221607,,,,,,,,21.0,,12.0,,,,,,2.0,,,,,,0.0,,6.0,,
221616,,,,,,,,50.0,,31.0,,,,,,7.0,,,,,,,,11.0,1.0,
221625,,,,,,,,72.0,,35.0,,,,,,3.0,1.0,2.0,,5.0,,4.0,,9.0,7.0,
221634,,,,,,,,21.0,,11.0,,,,,,1.0,2.0,,,,,1.0,,6.0,,
221643,,,,,,,,714.0,,350.0,,2.0,,,,11.0,3.0,7.0,93.0,63.0,,19.0,,139.0,13.0,2.0
221661,,,,,,,,467.0,,135.0,1.0,,,,,78.0,13.0,18.0,76.0,3.0,,34.0,13.0,55.0,24.0,7.0
221670,,,,,,,,181.0,,54.0,,,,,,22.0,,5.0,4.0,8.0,,20.0,,56.0,3.0,3.0
221731,,,,,,,,134.0,,67.0,,,,,,7.0,9.0,5.0,22.0,,,,,17.0,,
221740,,,,,,,,1451.0,,549.0,3.0,,,,,172.0,71.0,67.0,118.0,13.0,,141.0,2.0,216.0,36.0,9.0
221759,,,,,,,,7701.0,,1628.0,107.0,63.0,,,,636.0,421.0,882.0,317.0,75.0,,1521.0,1.0,1014.0,389.0,96.0
221768,,,,,,,,839.0,,334.0,3.0,4.0,,,,79.0,49.0,38.0,44.0,8.0,,95.0,,121.0,28.0,8.0
221795,,,,,,,,15.0,,7.0,,,,,,3.0,,1.0,,,,,,3.0,0.0,
221829,,,,,,,,22.0,,15.0,,,,,,2.0,1.0,,,,,1.0,,3.0,,
221838,,,,,,,,1414.0,,411.0,35.0,15.0,,,,129.0,18.0,18.0,282.0,22.0,,152.0,4.0,261.0,45.0,3.0
221847,,,,,,,,1239.0,,498.0,4.0,10.0,,,,68.0,69.0,87.0,121.0,14.0,,60.0,,194.0,56.0,1.0
221892,,,,,,,,407.0,,147.0,,,,,,46.0,26.0,26.0,26.0,0.0,,24.0,,94.0,10.0,1.0
221908,,,,,,,,414.0,,190.0,,,,,,8.0,18.0,25.0,53.0,,,29.0,,68.0,11.0,2.0
221953,,,,,,,,334.0,,97.0,,,,,,30.0,19.0,8.0,74.0,7.0,,25.0,1.0,30.0,10.0,
221971,,,,,,,,521.0,,280.0,,,,,,34.0,11.0,20.0,27.0,2.0,,41.0,10.0,54.0,,
221999,,,,,,,,5765.0,,1296.0,313.0,,,,,807.0,567.0,733.0,197.0,10.0,,806.0,56.0,591.0,88.0,59.0
222053,,,,,,,,578.0,,275.0,,,,,,6.0,5.0,11.0,88.0,14.0,,37.0,1.0,121.0,9.0,
222062,,,,,,,,491.0,,233.0,,,,,,20.0,49.0,8.0,29.0,12.0,,40.0,,73.0,13.0,1.0
222099,,,,,,,,18.0,,9.0,,,,,,3.0,2.0,0.0,,,,,,4.0,,
222105,,,,,,,,26.0,,14.0,,,,,,2.0,,,,,,1.0,,0.0,1.0,
222178,,,,,,,,852.0,,287.0,2.0,9.0,,,,93.0,40.0,26.0,85.0,4.0,,51.0,,200.0,16.0,
222497,,,,,,,,557.0,,,,,,,,55.0,145.0,96.0,13.0,1.0,,7.0,,95.0,5.0,2.0
222567,,,,,,,,427.0,,210.0,,,,,,33.0,5.0,14.0,7.0,,,32.0,5.0,41.0,8.0,0.0
222576,,,,,,,,700.0,,272.0,,,,,,66.0,17.0,22.0,41.0,,,91.0,1.0,150.0,14.0,16.0
222628,,,,,,,,58.0,,28.0,,,,,,15.0,,,,,,1.0,,10.0,,
222822,,,,,,,,359.0,,197.0,,,,,,5.0,13.0,8.0,19.0,,,19.0,4.0,43.0,8.0,
222831,,,,,,,,835.0,,347.0,,,,,,57.0,38.0,47.0,94.0,,,31.0,9.0,107.0,42.0,8.0
222877,,,,,,,,40.0,,16.0,,,,,,4.0,1.0,,4.0,,,3.0,,8.0,1.0,
222886,,,,,,,,23.0,,10.0,,,,,,1.0,1.0,,,1.0,,,2.0,1.0,,
222938,,,,,,,,114.0,,59.0,,,,,,14.0,8.0,,3.0,,,,,24.0,,
222983,,,,,,,,306.0,,113.0,,,,,,40.0,15.0,16.0,38.0,,,13.0,,44.0,13.0,
222992,,,,,,,,2628.0,,950.0,,,,,,181.0,109.0,168.0,73.0,3.0,,193.0,,432.0,66.0,
223001,,,,,,,,71.0,,22.0,0.0,,,,,7.0,7.0,3.0,1.0,,,2.0,,17.0,4.0,
223056,,,,,,,,9.0,,3.0,,,,,,2.0,3.0,,,,,,,1.0,,
223083,,,,,,,,65.0,,38.0,,,,,,10.0,9.0,1.0,,1.0,,,,4.0,,
223117,,,,,,,,17.0,,8.0,,,,,,,2.0,,,,,,,3.0,0.0,
223223,,,,,,,,7615.0,,3162.0,1147.0,,,,,672.0,187.0,317.0,,747.0,,196.0,,1186.0,,
223232,,,,,,,,2964.0,,1172.0,13.0,,,,,579.0,206.0,214.0,116.0,43.0,,99.0,8.0,302.0,5.0,7.0
223320,,,,,,,,262.0,,92.0,,3.0,,,,30.0,7.0,6.0,20.0,,,25.0,0.0,18.0,6.0,3.0
223427,,,,,,,,903.0,,501.0,,,,,,59.0,17.0,40.0,8.0,,,70.0,,50.0,,3.0
223463,,,,,,,,79.0,,45.0,,,,,,10.0,3.0,2.0,,,,,10.0,8.0,,
223472,,,,,,,,20.0,,9.0,,,,,,4.0,,,,,,,2.0,5.0,,
223506,,,,,,,,404.0,,172.0,1.0,4.0,,,,33.0,7.0,15.0,27.0,,,35.0,2.0,69.0,9.0,
223524,,,,,,,,608.0,,280.0,,,,,,74.0,11.0,14.0,46.0,2.0,,2.0,2.0,117.0,20.0,
223773,,,,,,,,371.0,,128.0,,,,,,53.0,5.0,8.0,24.0,1.0,,9.0,3.0,77.0,11.0,
223816,,,,,,,,1210.0,,552.0,,,,,,142.0,25.0,39.0,54.0,,,78.0,7.0,230.0,27.0,6.0
223852,,,,,,,,11.0,,5.0,,,,,,1.0,1.0,,,,,,3.0,1.0,,
223898,,,,,,,,207.0,,113.0,,,,,,12.0,5.0,5.0,6.0,,,12.0,4.0,23.0,14.0,
223922,,,,,,,,90.0,,40.0,,,,,,14.0,4.0,,,,,12.0,,6.0,1.0,
224004,,,,,,,,274.0,,112.0,,,,,,20.0,21.0,20.0,50.0,,,4.0,,31.0,7.0,
224013,,,,,,,,4.0,,2.0,,,,,,1.0,,,,,,,,,,
224110,,,,,,,,516.0,,231.0,,,,,,66.0,18.0,9.0,13.0,4.0,,11.0,,130.0,10.0,1.0
224147,,,,,,,,1270.0,,513.0,63.0,,,,,133.0,75.0,90.0,118.0,14.0,,21.0,,189.0,5.0,4.0
224156,,,,,,,,36.0,,12.0,,,,,,4.0,2.0,1.0,,,,3.0,5.0,6.0,1.0,
224226,,,,,,,,462.0,,131.0,,,,,,14.0,12.0,31.0,40.0,1.0,,27.0,28.0,77.0,10.0,4.0
224244,,,,,,,,42.0,,15.0,,,,,,4.0,3.0,,2.0,,,4.0,,2.0,,
224253,,,,,,,,762.0,,16.0,,,,,,200.0,53.0,113.0,37.0,2.0,,128.0,2.0,99.0,7.0,
224271,,,,,,,,10.0,,5.0,,1.0,,,,2.0,,,,,,,,,,
224305,,,,,,,,242.0,,65.0,,,,,,43.0,6.0,14.0,2.0,,,16.0,,77.0,6.0,
224323,,,,,,,,421.0,,172.0,,,,,,72.0,8.0,13.0,17.0,1.0,,24.0,,67.0,12.0,
224350,,,,,,,,962.0,,446.0,,,,,,84.0,25.0,40.0,38.0,,,36.0,1.0,176.0,14.0,3.0
224527,,,,,,,,265.0,,85.0,,,,,,26.0,7.0,5.0,40.0,3.0,,32.0,,30.0,10.0,
224545,,,,,,,,249.0,,99.0,,,,,,39.0,13.0,10.0,22.0,,,8.0,,42.0,,
224554,,,,,,,,968.0,,455.0,1.0,,,,,98.0,45.0,15.0,73.0,11.0,,34.0,3.0,151.0,3.0,1.0
224572,,,,,,,,631.0,,266.0,,,,,,95.0,15.0,15.0,52.0,0.0,,12.0,5.0,95.0,20.0,
224615,,,,,,,,585.0,,265.0,,,,,,75.0,14.0,11.0,35.0,,,4.0,3.0,114.0,14.0,
224642,,,,,,,,1725.0,,688.0,,,,,,112.0,125.0,89.0,1.0,,,91.0,,578.0,15.0,
224660,,,,,,,,67.0,,29.0,,,,,,8.0,4.0,1.0,,,,4.0,10.0,8.0,1.0,
224679,,,,,,,,114.0,,43.0,,,,,,14.0,13.0,2.0,,,,7.0,11.0,20.0,2.0,1.0
224712,,,,,,,,46.0,,14.0,,,,,,8.0,5.0,2.0,,,,5.0,,5.0,,
224758,,,,,,,,5.0,,4.0,,,,,,,1.0,,,,,,,,,
224776,,,,,,,,76.0,,31.0,,,,,,9.0,7.0,,2.0,,,1.0,,17.0,,
224828,,,,,,,,13.0,,8.0,,,,,,2.0,1.0,1.0,,,,,,1.0,,
224891,,,,,,,,129.0,,53.0,,10.0,,,,12.0,3.0,2.0,4.0,1.0,,,,8.0,20.0,
224961,,,,,,,,185.0,,75.0,,,,,,20.0,11.0,6.0,6.0,,,12.0,,24.0,3.0,
225070,,,,,,,,324.0,,150.0,1.0,10.0,,,,30.0,3.0,10.0,5.0,,,33.0,,30.0,5.0,
225201,,,,,,,,107.0,,43.0,,,,,,11.0,12.0,5.0,,,,1.0,9.0,9.0,1.0,
225247,,,,,,,,375.0,,165.0,,,,,,26.0,22.0,10.0,50.0,4.0,,19.0,,57.0,8.0,
225308,,,,,,,,384.0,,190.0,,,,,,43.0,21.0,17.0,10.0,,,16.0,,59.0,,2.0
225371,,,,,,,,262.0,,133.0,,,,,,25.0,6.0,7.0,3.0,,,11.0,,43.0,,1.0
225399,,,,,,,,470.0,,187.0,,,,,,45.0,11.0,6.0,43.0,6.0,,23.0,4.0,66.0,9.0,5.0
225414,,,,,,,,940.0,,369.0,,,,,,96.0,102.0,66.0,43.0,2.0,,61.0,,151.0,22.0,5.0
225423,,,,,,,,3379.0,,1440.0,,,,,,214.0,185.0,96.0,259.0,3.0,,150.0,47.0,410.0,49.0,2.0
225432,,,,,,,,1093.0,,485.0,,,,,,39.0,238.0,106.0,35.0,,,47.0,,89.0,26.0,
225502,,,,,,,,450.0,,161.0,1.0,,,,,29.0,10.0,27.0,16.0,3.0,,30.0,,157.0,,2.0
225511,,,,,,,,5239.0,,1541.0,102.0,,,,,840.0,864.0,584.0,145.0,58.0,,376.0,5.0,381.0,190.0,3.0
225520,,,,,,,,316.0,,144.0,,,,,,42.0,3.0,5.0,17.0,0.0,,25.0,1.0,55.0,7.0,2.0
225548,,,,,,,,241.0,,95.0,,,,,,24.0,3.0,9.0,27.0,3.0,,27.0,,37.0,5.0,
225575,,,,,,,,139.0,,69.0,,,,,,17.0,6.0,3.0,16.0,,,,,13.0,,
225627,,,,,,,,1216.0,,510.0,,,,,,161.0,38.0,43.0,92.0,34.0,,52.0,7.0,125.0,41.0,13.0
225779,,,,,,,,11.0,,1.0,,,,,,4.0,1.0,0.0,,,,0.0,1.0,3.0,,
225876,,,,,,,,59.0,,21.0,,,,,,10.0,3.0,1.0,9.0,1.0,,9.0,,0.0,2.0,
225885,,,,,,,,146.0,,43.0,,,,,,6.0,7.0,2.0,14.0,1.0,,9.0,,7.0,17.0,
225991,,,,,,,,24.0,,12.0,,,,,,1.0,,,2.0,,,,3.0,4.0,,
226019,,,,,,,,392.0,,219.0,,,,,,36.0,12.0,7.0,19.0,,,3.0,,56.0,,
226091,,,,,,,,1405.0,,533.0,1.0,,,,,158.0,81.0,55.0,74.0,15.0,,145.0,,152.0,43.0,1.0
226107,,,,,,,,154.0,,63.0,,,,,,23.0,6.0,9.0,5.0,,,14.0,,21.0,,1.0
226116,,,,,,,,168.0,,74.0,,,,,,31.0,9.0,9.0,4.0,,,5.0,,30.0,4.0,
226125,,,,,,,,8.0,,5.0,,,,,,2.0,,,,,,,,1.0,0.0,
226134,,,,,,,,675.0,,221.0,,,,,,64.0,14.0,28.0,55.0,,,61.0,,136.0,14.0,
226152,,,,,,,,722.0,,261.0,1.0,6.0,,,,110.0,39.0,32.0,58.0,5.0,,24.0,,143.0,1.0,3.0
226204,,,,,,,,553.0,,245.0,,,,,,38.0,10.0,20.0,27.0,,,54.0,0.0,75.0,15.0,
226231,,,,,,,,401.0,,154.0,,,,,,46.0,11.0,18.0,33.0,1.0,,42.0,,70.0,12.0,1.0
226277,,,,,,,,100.0,,51.0,,,,,,26.0,,1.0,,,,3.0,,15.0,,
226374,,,,,,,,7.0,,4.0,,,,,,1.0,,,,,,1.0,,1.0,,
226383,,,,,,,,341.0,,124.0,,,,,,37.0,2.0,18.0,45.0,4.0,,36.0,3.0,56.0,8.0,
226408,,,,,,,,421.0,,160.0,,,,,,26.0,22.0,15.0,32.0,,,16.0,,78.0,5.0,1.0
226471,,,,,,,,537.0,,208.0,,,,,,56.0,58.0,19.0,39.0,8.0,,63.0,9.0,60.0,,
226578,,,,,,,,550.0,,218.0,,,,,,38.0,14.0,22.0,40.0,1.0,,64.0,,87.0,,
226587,,,,,,,,224.0,,90.0,,,,,,27.0,7.0,5.0,42.0,3.0,,5.0,1.0,25.0,5.0,
226675,,,,,,,,56.0,,39.0,,,,,,8.0,,2.0,,,,,,,,
226806,,,,,,,,516.0,,180.0,,14.0,,,,40.0,6.0,18.0,42.0,1.0,,46.0,3.0,110.0,9.0,1.0
226833,,,,,,,,684.0,,269.0,,,,,,52.0,11.0,19.0,30.0,2.0,,69.0,,146.0,31.0,3.0
226860,,,,,,,,4.0,,2.0,,,,,,1.0,,,,,,,,1.0,,
226879,,,,,,,,18.0,,7.0,,,,,,9.0,,,,,,,,1.0,,
226903,,,,,,,,337.0,,98.0,,,,,,62.0,32.0,5.0,1.0,,,1.0,100.0,15.0,,
226930,,,,,,,,439.0,,174.0,,,,,,67.0,10.0,13.0,36.0,,,9.0,1.0,83.0,9.0,
227003,,,,,,,,14.0,,5.0,,,,,,4.0,,,,,,,,5.0,,
227058,,,,,,,,10.0,,7.0,,,,,,1.0,1.0,,,,,,1.0,,,
227146,,,,,,,,503.0,,231.0,,,,,,49.0,5.0,11.0,5.0,,,52.0,,114.0,,
227155,,,,,,,,2.0,,1.0,,,,,,1.0,,,,,,,,,,
227182,,,,,,,,4191.0,,1948.0,,,,,,286.0,541.0,146.0,4.0,,,212.0,,672.0,45.0,
227191,,,,,,,,548.0,,217.0,,,,,,73.0,18.0,12.0,56.0,2.0,,5.0,5.0,93.0,15.0,
227216,,,,,,,,3677.0,,1266.0,69.0,0.0,,,,456.0,191.0,151.0,218.0,40.0,,358.0,2.0,514.0,142.0,9.0
227225,,,,,,,,242.0,,98.0,,7.0,,,,20.0,13.0,6.0,34.0,,,12.0,,21.0,,
227289,,,,,,,,80.0,,28.0,,,,,,10.0,3.0,1.0,2.0,,,17.0,,13.0,,
227298,,,,,,,,24.0,,8.0,,,,,,8.0,,1.0,,,,,,1.0,,
227304,,,,,,,,419.0,,178.0,4.0,7.0,,,,43.0,18.0,13.0,19.0,,,26.0,5.0,22.0,15.0,6.0
227313,,,,,,,,17.0,,7.0,,,,,,2.0,,,,,,,1.0,,,
227322,,,,,,,,17.0,,8.0,,,,,,3.0,,,,,,,1.0,,,
227331,,,,,,,,483.0,,171.0,,,,,,38.0,36.0,13.0,61.0,5.0,,30.0,12.0,89.0,19.0,
227368,,,,,,,,3404.0,,1236.0,46.0,,,,,296.0,292.0,201.0,336.0,199.0,,260.0,,346.0,88.0,8.0
227377,,,,,,,,326.0,,132.0,,,,,,20.0,9.0,,16.0,,,31.0,,98.0,9.0,
227386,,,,,,,,193.0,,97.0,,9.0,,,,6.0,17.0,5.0,,,,9.0,,35.0,,
227401,,,,,,,,258.0,,122.0,,4.0,,,,6.0,5.0,4.0,,,,22.0,,48.0,,
227429,,,,,,,,64.0,,18.0,,,,,,19.0,3.0,2.0,4.0,1.0,,,5.0,5.0,6.0,
227526,,,,,,,,1141.0,,461.0,31.0,45.0,,,,136.0,66.0,34.0,97.0,9.0,,52.0,,165.0,8.0,10.0
227687,,,,,,,,164.0,,84.0,,,,,,20.0,5.0,1.0,6.0,,,13.0,,18.0,,
227748,,,,,,,,43.0,,20.0,,,,,,6.0,,,,,,,,17.0,,
227757,,,,,,,,3089.0,,733.0,9.0,,,,,242.0,423.0,533.0,250.0,17.0,,296.0,,306.0,89.0,55.0
227766,,,,,,,,938.0,,377.0,,,,,,137.0,21.0,23.0,86.0,2.0,,13.0,0.0,161.0,21.0,
227836,,,,,,,,32.0,,13.0,,,,,,2.0,,,11.0,,,,,2.0,,
227845,,,,,,,,797.0,,280.0,,,,,,176.0,24.0,54.0,58.0,4.0,,60.0,6.0,94.0,29.0,
227854,,,,,,,,591.0,,274.0,,,,,,14.0,10.0,24.0,8.0,1.0,,61.0,,58.0,7.0,
227863,,,,,,,,451.0,,199.0,,,,,,39.0,20.0,21.0,44.0,,,37.0,1.0,62.0,15.0,
227881,,,,,,,,2146.0,,842.0,0.0,21.0,,,,149.0,190.0,115.0,85.0,19.0,,178.0,1.0,425.0,45.0,
227924,,,,,,,,848.0,,421.0,,,,,,11.0,17.0,32.0,12.0,,,46.0,1.0,96.0,9.0,0.0
227979,,,,,,,,1813.0,,896.0,,,,,,108.0,82.0,83.0,77.0,3.0,,65.0,,373.0,46.0,1.0
228042,,,,,,,,300.0,,95.0,,,,,,39.0,10.0,12.0,41.0,2.0,,35.0,1.0,30.0,7.0,1.0
228088,,,,,,,,6.0,,2.0,,,,,,1.0,1.0,,,,,,1.0,1.0,,
228149,,,,,,,,720.0,,274.0,,,,,,153.0,7.0,18.0,28.0,5.0,,93.0,,119.0,3.0,4.0
228158,,,,,,,,628.0,,322.0,,,,,,13.0,16.0,16.0,22.0,16.0,,90.0,,51.0,,1.0
228185,,,,,,,,4.0,,2.0,,,,,,1.0,,,,,,,,1.0,,0.0
228194,,,,,,,,190.0,,78.0,,6.0,,,,30.0,11.0,7.0,16.0,,,6.0,,29.0,,
228200,,,,,,,,34.0,,15.0,,,,,,5.0,2.0,,,,,2.0,4.0,4.0,,
228219,,,,,,,,35.0,,18.0,,,,,,4.0,2.0,,,,,2.0,5.0,4.0,,
228246,,,,,,,,2482.0,,891.0,75.0,,,,,644.0,114.0,145.0,154.0,12.0,,81.0,,234.0,51.0,
228282,,,,,,,,17.0,,4.0,,,,,,2.0,2.0,,,,,,2.0,3.0,1.0,
228316,,,,,,,,417.0,,152.0,,,,,,55.0,4.0,25.0,30.0,3.0,,40.0,,61.0,13.0,1.0
228325,,,,,,,,279.0,,106.0,,,,,,28.0,10.0,9.0,36.0,2.0,,24.0,,35.0,,
228343,,,,,,,,417.0,,128.0,,,,,,40.0,19.0,15.0,60.0,8.0,,53.0,1.0,48.0,13.0,8.0
228431,,,,,,,,1510.0,,588.0,,,,,,113.0,75.0,78.0,127.0,9.0,,176.0,,192.0,58.0,8.0
228459,,,,,,,,3911.0,,1458.0,106.0,17.0,,,,296.0,206.0,247.0,408.0,52.0,,269.0,11.0,570.0,139.0,47.0
228468,,,,,,,,131.0,,62.0,0.0,,,,,22.0,2.0,5.0,2.0,1.0,,7.0,,11.0,5.0,
228486,,,,,,,,31.0,,13.0,,,,,,1.0,4.0,,1.0,,,2.0,,1.0,2.0,
228501,,,,,,,,414.0,,136.0,,,,,,44.0,13.0,29.0,8.0,1.0,,36.0,,125.0,16.0,
228529,,,,,,,,1118.0,,524.0,,,,,,131.0,67.0,84.0,114.0,8.0,,19.0,,126.0,2.0,
228547,,,,,,,,2568.0,,1228.0,,,,,,195.0,71.0,40.0,88.0,9.0,,86.0,,413.0,71.0,9.0
228608,,,,,,,,334.0,,171.0,,,,,,35.0,6.0,,5.0,,,3.0,,64.0,5.0,
228635,,,,,,,,5689.0,,1822.0,16.0,118.0,,,,572.0,519.0,1110.0,34.0,233.0,,314.0,3.0,753.0,160.0,28.0
228644,,,,,,,,4979.0,,904.0,420.0,,,,,428.0,343.0,651.0,101.0,445.0,,516.0,4.0,961.0,79.0,103.0
228653,,,,,,,,3523.0,,418.0,71.0,272.0,,,,362.0,300.0,701.0,75.0,443.0,,145.0,,500.0,138.0,63.0
228699,,,,,,,,276.0,,133.0,,,,,,18.0,6.0,9.0,15.0,,,29.0,,35.0,,
228705,,,,,,,,952.0,,416.0,,,,,,131.0,55.0,46.0,83.0,8.0,,23.0,,146.0,10.0,4.0
228723,,,,,,,,10058.0,,3302.0,382.0,1.0,,,,1170.0,651.0,1221.0,758.0,294.0,,388.0,6.0,1391.0,190.0,116.0
228732,,,,,,,,276.0,,,,,,,,100.0,51.0,36.0,35.0,,,,,41.0,8.0,3.0
228769,,,,,,,,3137.0,,1200.0,97.0,,,,,385.0,268.0,174.0,121.0,35.0,,224.0,6.0,316.0,92.0,15.0
228778,,,,,,,,13806.0,,2802.0,,,,,,1587.0,1362.0,2648.0,736.0,160.0,,1182.0,88.0,1908.0,510.0,292.0
228787,,,,,,,,3277.0,,976.0,128.0,,,,,403.0,184.0,284.0,195.0,21.0,,181.0,,680.0,69.0,10.0
228796,,,,,,,,2545.0,,882.0,43.0,1.0,,,,370.0,260.0,217.0,178.0,34.0,,123.0,,256.0,79.0,33.0
228802,,,,,,,,1089.0,,388.0,6.0,,,,,98.0,30.0,53.0,19.0,6.0,,27.0,,354.0,26.0,1.0
228866,,,,,,,,71.0,,29.0,,3.0,,,,9.0,3.0,1.0,,,,,,14.0,2.0,
228875,,,,,,,,2287.0,,778.0,15.0,,,,,203.0,147.0,93.0,225.0,26.0,,315.0,2.0,322.0,75.0,2.0
228884,,,,,,,,138.0,,40.0,,,,,,16.0,7.0,4.0,14.0,2.0,,36.0,,14.0,,1.0
228909,,,,,,,,1229.0,,297.0,29.0,1.0,,,,145.0,98.0,133.0,33.0,50.0,,118.0,2.0,217.0,33.0,
228981,,,,,,,,254.0,,97.0,,,,,,59.0,14.0,7.0,,2.0,,37.0,,26.0,,
229018,,,,,,,,513.0,,174.0,,,,,,70.0,52.0,14.0,72.0,3.0,,33.0,,42.0,3.0,
229027,,,,,,,,3439.0,,993.0,90.0,25.0,,,,407.0,358.0,235.0,366.0,31.0,,177.0,5.0,442.0,126.0,50.0
229036,,,,,,,,32.0,,12.0,,,,,,2.0,,,14.0,,,,,1.0,,
229063,,,,,,,,1182.0,,486.0,,,,,,72.0,73.0,21.0,53.0,5.0,,143.0,,176.0,28.0,5.0
229090,,,,,,,,660.0,,,,,,,,143.0,166.0,118.0,47.0,9.0,,13.0,,118.0,37.0,2.0
229115,,,,,,,,4911.0,,1645.0,130.0,66.0,,,,403.0,54.0,272.0,135.0,7.0,,466.0,5.0,1355.0,158.0,144.0
229160,,,,,,,,447.0,,171.0,,,,,,53.0,18.0,25.0,60.0,6.0,,9.0,2.0,66.0,12.0,0.0
229179,,,,,,,,1470.0,,601.0,,,,,,151.0,38.0,96.0,35.0,7.0,,166.0,,234.0,10.0,
229267,,,,,,,,819.0,,280.0,3.0,,,,,66.0,62.0,47.0,95.0,12.0,,59.0,1.0,111.0,25.0,4.0
229300,,,,,,,,7525.0,,1868.0,,,,,,772.0,402.0,1182.0,291.0,1306.0,,584.0,,966.0,82.0,30.0
229337,,,,,,,,6102.0,,1024.0,22.0,,,,,471.0,15.0,329.0,79.0,1660.0,,422.0,3.0,1944.0,76.0,52.0
229355,,,,,,,,879.0,,429.0,,,,,,60.0,16.0,38.0,94.0,,,66.0,,134.0,5.0,
229407,,,,,,,,58.0,,,,,,,,20.0,21.0,,8.0,,,2.0,,7.0,,
229416,,,,,,,,100.0,,49.0,,,,,,10.0,34.0,1.0,,,,,,3.0,3.0,
229425,,,,,,,,29.0,,14.0,,,,,,3.0,3.0,,1.0,,,1.0,1.0,3.0,1.0,
229504,,,,,,,,254.0,,112.0,,,,,,15.0,10.0,3.0,18.0,,,29.0,,45.0,5.0,
229522,,,,,,,,6.0,,3.0,,,,,,1.0,1.0,,,,,,,1.0,,
229540,,,,,,,,417.0,,153.0,,33.0,,,,39.0,9.0,18.0,21.0,,,35.0,,79.0,13.0,
229656,,,,,,,,14.0,,8.0,,,,,,1.0,1.0,,,,,,2.0,1.0,,
229780,,,,,,,,594.0,,253.0,,,,,,87.0,3.0,10.0,23.0,1.0,,12.0,10.0,181.0,2.0,
229799,,,,,,,,406.0,,207.0,,,,,,37.0,28.0,18.0,8.0,,,25.0,,48.0,1.0,
229814,,,,,,,,850.0,,368.0,,,,,,124.0,41.0,31.0,102.0,9.0,,25.0,4.0,103.0,4.0,
229832,,,,,,,,169.0,,54.0,,3.0,,,,10.0,4.0,3.0,26.0,,,4.0,4.0,32.0,9.0,2.0
229841,,,,,,,,435.0,,216.0,,,,,,28.0,36.0,15.0,12.0,,,33.0,,51.0,7.0,2.0
229887,,,,,,,,216.0,,68.0,,0.0,,,,27.0,7.0,4.0,9.0,1.0,,34.0,,17.0,,
229957,,,,,,,,3.0,,1.0,,,,,,1.0,0.0,,,,,,0.0,,,
230010,,,,,,,,183.0,,125.0,,,,,,5.0,6.0,4.0,,,,14.0,2.0,20.0,,
230038,,,,,,,,4587.0,,1451.0,47.0,,,,,232.0,599.0,483.0,504.0,62.0,,320.0,17.0,553.0,151.0,40.0
230047,,,,,,,,463.0,,156.0,,,,,,42.0,17.0,30.0,32.0,4.0,,72.0,8.0,57.0,22.0,2.0
230056,,,,,,,,25.0,,20.0,,,,,,1.0,,,,,,,,,,
230065,,,,,,,,21.0,,10.0,,,,,,3.0,0.0,,,,,,1.0,5.0,,
230135,,,,,,,,7.0,,3.0,,,,,,1.0,1.0,,,,,,,0.0,,
230144,,,,,,,,13.0,,5.0,,,,,,1.0,2.0,0.0,,,,,,1.0,,
230162,,,,,,,,258.0,,136.0,,,,,,21.0,6.0,6.0,13.0,,,13.0,11.0,21.0,9.0,
230171,,,,,,,,782.0,,306.0,,,,,,62.0,39.0,30.0,130.0,3.0,,54.0,12.0,55.0,19.0,2.0
230199,,,,,,,,10.0,,3.0,,,,,,3.0,0.0,,,,,3.0,,0.0,,
230205,,,,,,,,6.0,,2.0,,,,,,2.0,,,,,,2.0,,,,
230214,,,,,,,,27.0,,19.0,,,,,,1.0,,,,,,,3.0,4.0,,
230366,,,,,,,,51.0,,35.0,,,,,,1.0,3.0,,,,,,5.0,1.0,,
230418,,,,,,,,139.0,,76.0,,,,,,19.0,4.0,9.0,5.0,,,1.0,2.0,3.0,,
230490,,,,,,,,187.0,,97.0,,,,,,28.0,7.0,5.0,7.0,,,23.0,,19.0,,
230597,,,,,,,,419.0,,178.0,,,,,,40.0,14.0,14.0,21.0,,,55.0,,38.0,,
230603,,,,,,,,881.0,,358.0,,,,,,76.0,48.0,25.0,86.0,2.0,,32.0,,47.0,49.0,
230621,,,,,,,,27.0,,11.0,,,,,,3.0,3.0,0.0,,1.0,,,4.0,1.0,,
230630,,,,,,,,22.0,,11.0,,,,,,2.0,2.0,1.0,,,,,4.0,,,
230676,,,,,,,,115.0,,72.0,,,,,,12.0,2.0,1.0,,,,9.0,,12.0,,
230728,,,,,,,,3346.0,,987.0,27.0,69.0,,,,309.0,222.0,345.0,293.0,30.0,,174.0,5.0,573.0,154.0,29.0
230737,,,,,,,,2646.0,,1007.0,,75.0,,,,396.0,67.0,191.0,96.0,9.0,,153.0,8.0,259.0,60.0,24.0
230746,,,,,,,,1961.0,,723.0,,,,,,138.0,76.0,113.0,215.0,4.0,,123.0,16.0,343.0,60.0,8.0
230764,,,,,,,,12416.0,,1798.0,1288.0,1097.0,,,,422.0,2357.0,1017.0,669.0,1108.0,,751.0,50.0,1308.0,324.0,34.0
230782,,,,,,,,1679.0,,710.0,,,,,,109.0,29.0,95.0,51.0,12.0,,116.0,4.0,402.0,32.0,11.0
230807,,,,,,,,506.0,,245.0,,,,,,28.0,35.0,20.0,31.0,7.0,,35.0,18.0,50.0,8.0,13.0
230816,,,,,,,,293.0,,82.0,,,,,,43.0,12.0,6.0,23.0,1.0,,46.0,,42.0,13.0,2.0
230834,,,,,,,,313.0,,121.0,,,,,,41.0,3.0,6.0,28.0,5.0,,36.0,,34.0,13.0,
230852,,,,,,,,500.0,,223.0,,,,,,80.0,35.0,25.0,45.0,3.0,,12.0,1.0,42.0,11.0,
230861,,,,,,,,372.0,,203.0,,,,,,81.0,2.0,6.0,5.0,,,,,50.0,,
230889,,,,,,,,134.0,,43.0,,,,,,19.0,3.0,3.0,6.0,,,10.0,6.0,19.0,,
230898,,,,,,,,124.0,,51.0,,,,,,21.0,,1.0,14.0,2.0,,7.0,,16.0,1.0,0.0
230913,,,,,,,,190.0,,82.0,,,,,,21.0,2.0,6.0,12.0,3.0,,19.0,,19.0,8.0,1.0
230931,,,,,,,,166.0,,70.0,,,,,,16.0,2.0,4.0,10.0,2.0,,21.0,,20.0,6.0,
230940,,,,,,,,106.0,,40.0,,,,,,29.0,2.0,3.0,8.0,1.0,,6.0,,10.0,1.0,3.0
230959,,,,,,,,1182.0,,322.0,,0.0,,,,113.0,86.0,56.0,50.0,9.0,,225.0,1.0,179.0,52.0,19.0
230977,,,,,,,,33.0,,12.0,,,,,,8.0,2.0,0.0,,,,2.0,,2.0,,
230995,,,,,,,,650.0,,232.0,2.0,,,,,71.0,13.0,23.0,51.0,3.0,,53.0,7.0,136.0,13.0,5.0
231004,,,,,,,,12.0,,7.0,,,,,,1.0,1.0,,,,,,,2.0,,
231059,,,,,,,,415.0,,160.0,,2.0,,,,42.0,18.0,20.0,31.0,2.0,,56.0,2.0,41.0,13.0,3.0
231068,,,,,,,,119.0,,20.0,,,,,,24.0,21.0,17.0,1.0,0.0,,,,21.0,,
231077,,,,,,,,60.0,,22.0,,,,,,3.0,3.0,2.0,4.0,,,2.0,,2.0,4.0,
231086,,,,,,,,111.0,,32.0,,,,,,14.0,5.0,2.0,16.0,,,7.0,1.0,3.0,8.0,3.0
231095,,,,,,,,66.0,,23.0,,,,,,5.0,7.0,2.0,3.0,,,11.0,,4.0,3.0,
231147,,,,,,,,169.0,,83.0,,,,,,14.0,23.0,8.0,4.0,,,3.0,,24.0,1.0,
231156,,,,,,,,34.0,,,,,,,,12.0,4.0,11.0,3.0,,,,,4.0,,
231165,,,,,,,,274.0,,115.0,,,,,,65.0,4.0,15.0,6.0,,,22.0,,19.0,9.0,
231174,,,,,,,,3758.0,,1308.0,162.0,11.0,,,,109.0,267.0,406.0,143.0,38.0,,270.0,9.0,546.0,113.0,17.0
231280,,,,,,,,11.0,,6.0,,,,,,3.0,1.0,,,,,,1.0,,,
231411,,,,,,,,51.0,,22.0,,,,,,5.0,,1.0,,,,4.0,,2.0,,
231420,,,,,,,,207.0,,66.0,,,,,,26.0,17.0,13.0,32.0,3.0,,6.0,,20.0,8.0,
231536,,,,,,,,232.0,,112.0,,,,,,41.0,4.0,17.0,5.0,,,,,21.0,4.0,
231554,,,,,,,,160.0,,64.0,,,,,,7.0,6.0,5.0,29.0,,,3.0,,8.0,,
231581,,,,,,,,378.0,,132.0,,,,,,37.0,6.0,15.0,51.0,8.0,,43.0,,43.0,14.0,1.0
231624,,,,,,,,2536.0,,765.0,33.0,,,,,91.0,233.0,352.0,183.0,34.0,,241.0,4.0,293.0,83.0,16.0
231651,,,,,,,,720.0,,164.0,,,,,,36.0,61.0,33.0,132.0,,,19.0,,48.0,9.0,
231688,,,,,,,,8.0,,3.0,,,,,,1.0,1.0,,,1.0,,,,2.0,,
231697,,,,,,,,233.0,,122.0,,,,,,27.0,9.0,6.0,4.0,0.0,,9.0,,35.0,9.0,
231712,,,,,,,,1026.0,,335.0,,,,,,94.0,51.0,44.0,70.0,5.0,,204.0,3.0,132.0,49.0,7.0
231721,,,,,,,,7.0,,3.0,,,,,,,1.0,,,,,,1.0,1.0,,
231785,,,,,,,,81.0,,37.0,,,,,,7.0,1.0,2.0,22.0,,,1.0,1.0,7.0,,
231828,,,,,,,,84.0,,32.0,,,,,,5.0,2.0,2.0,19.0,,,2.0,,11.0,,
231837,,,,,,,,187.0,,118.0,,,,,,11.0,5.0,,5.0,,,3.0,1.0,33.0,,
231873,,,,,,,,96.0,,37.0,,,,,,30.0,4.0,3.0,0.0,,,1.0,,10.0,3.0,
231882,,,,,,,,177.0,,81.0,,,,,,39.0,6.0,5.0,1.0,1.0,,1.0,1.0,27.0,4.0,
231970,,,,,,,,1226.0,,267.0,72.0,55.0,,,,137.0,71.0,47.0,31.0,114.0,,72.0,8.0,271.0,12.0,9.0
232016,,,,,,,,39.0,,14.0,,,,,,9.0,,,,,,,,16.0,,
232025,,,,,,,,351.0,,127.0,,,,,,28.0,10.0,12.0,48.0,6.0,,50.0,1.0,28.0,14.0,3.0
232043,,,,,,,,355.0,,132.0,3.0,,,,,22.0,36.0,19.0,18.0,3.0,,23.0,11.0,62.0,8.0,1.0
232052,,,,,,,,72.0,,23.0,,,,,,19.0,2.0,2.0,1.0,,,2.0,1.0,8.0,3.0,
232089,,,,,,,,305.0,,81.0,,,,,,36.0,9.0,9.0,34.0,5.0,,65.0,,23.0,6.0,4.0
232186,,,,,,,,4392.0,,1721.0,172.0,,,,,270.0,502.0,352.0,257.0,46.0,,179.0,8.0,377.0,192.0,11.0
232195,,,,,,,,353.0,,167.0,,,,,,54.0,13.0,17.0,9.0,1.0,,14.0,,39.0,8.0,
232256,,,,,,,,354.0,,107.0,,,,,,60.0,2.0,11.0,32.0,1.0,,67.0,,44.0,22.0,
232265,,,,,,,,1046.0,,251.0,35.0,17.0,,,,102.0,44.0,43.0,46.0,28.0,,68.0,,140.0,151.0,11.0
232308,,,,,,,,295.0,,103.0,,,,,,45.0,10.0,8.0,5.0,1.0,,38.0,9.0,38.0,18.0,
232414,,,,,,,,614.0,,273.0,,,,,,91.0,14.0,23.0,7.0,,,42.0,,77.0,20.0,2.0
232423,,,,,,,,3324.0,,1184.0,,,,,,340.0,112.0,253.0,250.0,40.0,,342.0,3.0,472.0,160.0,76.0
232450,,,,,,,,399.0,,208.0,,,,,,56.0,10.0,10.0,3.0,,,28.0,0.0,40.0,14.0,
232557,,,,,,,,5475.0,,1732.0,,,,,,159.0,358.0,443.0,690.0,11.0,,538.0,6.0,193.0,12.0,89.0
232566,,,,,,,,827.0,,280.0,,,,,,108.0,53.0,53.0,67.0,7.0,,47.0,2.0,100.0,40.0,16.0
232575,,,,,,,,347.0,,167.0,,,,,,62.0,20.0,17.0,2.0,0.0,,12.0,,36.0,15.0,1.0
232609,,,,,,,,572.0,,214.0,,,,,,33.0,30.0,18.0,52.0,5.0,,107.0,4.0,59.0,,4.0
232618,,,,,,,,39.0,,29.0,,,,,,3.0,1.0,1.0,,,,,,1.0,,
232672,,,,,,,,398.0,,172.0,,,,,,37.0,13.0,9.0,39.0,1.0,,64.0,,34.0,8.0,
232681,,,,,,,,829.0,,303.0,,,,,,71.0,54.0,59.0,59.0,6.0,,76.0,1.0,92.0,40.0,7.0
232706,,,,,,,,525.0,,241.0,,,,,,56.0,23.0,21.0,40.0,6.0,,26.0,,54.0,10.0,1.0
232724,,,,,,,,4.0,,3.0,,,,,,1.0,,,,,,,,,,
232788,,,,,,,,172.0,,66.0,,,,,,38.0,5.0,7.0,1.0,,,14.0,1.0,26.0,4.0,1.0
232797,,,,,,,,99.0,,39.0,,,,,,9.0,,,,,,,24.0,27.0,,
232867,,,,,,,,181.0,,87.0,,,,,,35.0,1.0,12.0,7.0,,,,,26.0,5.0,
232885,,,,,,,,75.0,,45.0,,,,,,6.0,0.0,4.0,5.0,0.0,,1.0,,2.0,0.0,
232919,,,,,,,,42.0,,17.0,,,,,,9.0,,,,,,,,16.0,,
232937,,,,,,,,937.0,,283.0,,,,,,147.0,56.0,37.0,22.0,,,126.0,2.0,165.0,37.0,8.0
232946,,,,,,,,2297.0,,1155.0,,,,,,371.0,88.0,41.0,39.0,0.0,,51.0,,274.0,49.0,4.0
232982,,,,,,,,2780.0,,1051.0,26.0,,,,,158.0,228.0,216.0,227.0,22.0,,248.0,1.0,357.0,72.0,21.0
233019,,,,,,,,193.0,,78.0,,,,,,27.0,10.0,6.0,31.0,,,7.0,,16.0,3.0,1.0
233037,,,,,,,,97.0,,43.0,,,,,,23.0,3.0,3.0,1.0,,,4.0,,14.0,3.0,
233082,,,,,,,,25.0,,12.0,,,,,,6.0,1.0,,,,,,,1.0,,
233091,,,,,,,,28.0,,18.0,,,,,,4.0,1.0,,,0.0,,,,4.0,,
233116,,,,,,,,285.0,,143.0,,,,,,54.0,2.0,10.0,9.0,1.0,,6.0,,27.0,7.0,
233277,,,,,,,,1397.0,,535.0,,,,,,161.0,59.0,65.0,115.0,4.0,,146.0,10.0,169.0,52.0,11.0
233286,,,,,,,,13.0,,6.0,,,,,,2.0,2.0,,,,,,2.0,,,
233295,,,,,,,,390.0,,129.0,2.0,,,,,39.0,26.0,16.0,46.0,4.0,,53.0,,31.0,8.0,
233301,,,,,,,,272.0,,71.0,,,,,,33.0,17.0,13.0,36.0,3.0,,42.0,,29.0,9.0,3.0
233310,,,,,,,,167.0,,74.0,,,,,,33.0,5.0,3.0,2.0,,,4.0,,21.0,8.0,
233329,,,,,,,,32.0,,20.0,,,,,,4.0,,,,,,,4.0,1.0,,
233338,,,,,,,,154.0,,45.0,,,,,,19.0,4.0,7.0,11.0,,,17.0,1.0,16.0,8.0,2.0
233356,,,,,,,,63.0,,28.0,,,,,,13.0,,4.0,4.0,,,3.0,,4.0,,
233374,,,,,,,,1668.0,,478.0,1.0,,,,,163.0,93.0,73.0,103.0,12.0,,317.0,4.0,205.0,66.0,4.0
233408,,,,,,,,49.0,,28.0,,,,,,7.0,,2.0,,,,1.0,,2.0,,
233426,,,,,,,,464.0,,181.0,,,,,,35.0,23.0,15.0,36.0,3.0,,65.0,3.0,69.0,16.0,
233480,,,,,,,,6.0,,4.0,,,,,,1.0,,,,,,,,1.0,,
233541,,,,,,,,756.0,,323.0,,,,,,69.0,22.0,32.0,67.0,5.0,,55.0,,96.0,14.0,1.0
233611,,,,,,,,205.0,,51.0,,,,,,14.0,18.0,6.0,57.0,6.0,,13.0,10.0,10.0,,
233639,,,,,,,,214.0,,90.0,,,,,,43.0,4.0,7.0,4.0,,,14.0,,25.0,6.0,
233648,,,,,,,,174.0,,56.0,,,,,,34.0,19.0,7.0,1.0,1.0,,10.0,,35.0,6.0,
233666,,,,,,,,7.0,,2.0,,,,,,2.0,1.0,,,,,,,1.0,,
233684,,,,,,,,174.0,,85.0,,,,,,21.0,,1.0,,,,,25.0,,,
233718,,,,,,,,233.0,,68.0,,,,,,21.0,4.0,13.0,21.0,1.0,,40.0,0.0,44.0,6.0,
233754,,,,,,,,512.0,,220.0,,,,,,79.0,16.0,19.0,14.0,1.0,,30.0,,63.0,18.0,1.0
233772,,,,,,,,1356.0,,604.0,,,,,,214.0,44.0,51.0,37.0,0.0,,84.0,,161.0,55.0,7.0
233842,,,,,,,,88.0,,25.0,,,,,,6.0,12.0,3.0,,,,7.0,,10.0,,
233897,,,,,,,,338.0,,122.0,1.0,1.0,,,,49.0,13.0,10.0,40.0,3.0,,30.0,2.0,43.0,17.0,1.0
233903,,,,,,,,156.0,,81.0,,,,,,30.0,3.0,4.0,2.0,,,9.0,,14.0,4.0,
233921,,,,,,,,7843.0,,1881.0,817.0,252.0,,,,130.0,1143.0,746.0,240.0,141.0,,619.0,,1266.0,386.0,62.0
233949,,,,,,,,341.0,,151.0,,,,,,68.0,23.0,21.0,7.0,0.0,,10.0,,27.0,10.0,1.0
234030,,,,,,,,6460.0,,2463.0,323.0,52.0,,,,283.0,531.0,744.0,388.0,126.0,,173.0,5.0,605.0,147.0,33.0
234076,,,,,,,,9215.0,,2333.0,362.0,4.0,,,,1008.0,645.0,1482.0,421.0,136.0,,612.0,50.0,1069.0,672.0,131.0
234085,,,,,,,,608.0,,154.0,,,,,,64.0,21.0,35.0,54.0,14.0,,65.0,9.0,85.0,43.0,40.0
234119,,,,,,,,3.0,,1.0,,,,,,2.0,,,,,,,,,,
234137,,,,,,,,52.0,,15.0,,,,,,2.0,4.0,1.0,5.0,1.0,,4.0,,2.0,3.0,
234155,,,,,,,,804.0,,314.0,17.0,,,,,123.0,54.0,26.0,9.0,3.0,,35.0,,129.0,23.0,7.0
234164,,,,,,,,266.0,,70.0,1.0,,,,,21.0,13.0,4.0,12.0,,,44.0,1.0,33.0,6.0,
234173,,,,,,,,270.0,,103.0,,,,,,27.0,1.0,10.0,48.0,,,22.0,7.0,33.0,,0.0
234207,,,,,,,,921.0,,270.0,,,,,,50.0,59.0,57.0,111.0,7.0,,174.0,11.0,111.0,49.0,
234359,,,,,,,,21.0,,12.0,,,,,,4.0,,,,,,,,2.0,,
234377,,,,,,,,147.0,,66.0,,,,,,37.0,3.0,5.0,1.0,1.0,,3.0,,20.0,3.0,
234401,,,,,,,,8.0,,3.0,,,,,,1.0,2.0,,1.0,,,,,,,
234492,,,,,,,,85.0,,39.0,,,,,,9.0,8.0,,3.0,,,,,19.0,,
234650,,,,,,,,11.0,,5.0,,,,,,1.0,1.0,,,,,,1.0,1.0,,
234669,,,,,,,,841.0,,364.0,,,,,,177.0,,22.0,5.0,,,21.0,1.0,169.0,35.0,1.0
234696,,,,,,,,238.0,,89.0,,,,,,6.0,7.0,6.0,3.0,1.0,,20.0,,87.0,5.0,
234711,,,,,,,,221.0,,70.0,,,,,,27.0,10.0,9.0,4.0,,,22.0,2.0,33.0,7.0,1.0
234827,,,,,,,,1484.0,,571.0,7.0,6.0,,,,85.0,124.0,104.0,95.0,20.0,,146.0,2.0,233.0,53.0,1.0
234845,,,,,,,,240.0,,86.0,,,,,,51.0,10.0,7.0,15.0,,,13.0,2.0,38.0,6.0,0.0
234915,,,,,,,,352.0,,205.0,,,,,,21.0,8.0,8.0,5.0,,,2.0,,37.0,,
234924,,,,,,,,22.0,,14.0,,,,,,1.0,,,,,,,4.0,2.0,,
234933,,,,,,,,707.0,,315.0,,,,,,46.0,24.0,36.0,17.0,2.0,,13.0,2.0,169.0,39.0,
234951,,,,,,,,259.0,,107.0,,,,,,11.0,28.0,11.0,4.0,2.0,,10.0,3.0,24.0,29.0,1.0
234979,,,,,,,,417.0,,180.0,,,,,,45.0,8.0,10.0,5.0,,,15.0,3.0,112.0,30.0,2.0
235024,,,,,,,,209.0,,99.0,1.0,,,,,35.0,6.0,5.0,20.0,,,12.0,,12.0,,
235088,,,,,,,,52.0,,21.0,,,,,,3.0,7.0,,1.0,,,,5.0,5.0,5.0,
235097,,,,,,,,1489.0,,576.0,,,,,,150.0,57.0,74.0,91.0,9.0,,153.0,3.0,172.0,74.0,20.0
235103,,,,,,,,644.0,,219.0,,,,,,72.0,13.0,29.0,45.0,0.0,,3.0,,194.0,40.0,1.0
235149,,,,,,,,584.0,,245.0,,,,,,75.0,17.0,19.0,17.0,,,35.0,2.0,81.0,13.0,
235158,,,,,,,,20.0,,8.0,,,,,,3.0,1.0,,,,,1.0,1.0,3.0,,
235167,,,,,,,,681.0,,178.0,,,,,,68.0,51.0,62.0,71.0,5.0,,63.0,,93.0,27.0,3.0
235237,,,,,,,,330.0,,84.0,,,,,,43.0,41.0,15.0,3.0,,,28.0,,95.0,6.0,2.0
235307,,,,,,,,15.0,,6.0,,,,,,1.0,2.0,,,,,,,5.0,1.0,
235316,,,,,,,,1411.0,,553.0,,,,,,248.0,74.0,38.0,90.0,5.0,,116.0,,226.0,41.0,8.0
235334,,,,,,,,188.0,,83.0,,,,,,23.0,6.0,7.0,1.0,,,11.0,,36.0,13.0,
235343,,,,,,,,599.0,,246.0,,,,,,148.0,17.0,20.0,8.0,,,35.0,4.0,101.0,,
235352,,,,,,,,15.0,,8.0,,,,,,1.0,1.0,,,,,,1.0,4.0,,
235422,,,,,,,,235.0,,126.0,,,,,,17.0,,7.0,,,,21.0,,63.0,,
235431,,,,,,,,558.0,,200.0,,,,,,114.0,14.0,25.0,66.0,,,42.0,1.0,65.0,4.0,2.0
235501,,,,,,,,43.0,,18.0,,,,,,7.0,2.0,,,,,,9.0,7.0,,
235547,,,,,,,,287.0,,89.0,6.0,1.0,,,,26.0,17.0,12.0,3.0,14.0,,48.0,2.0,41.0,3.0,2.0
235583,,,,,,,,24.0,,10.0,,,,,,3.0,1.0,,,,,1.0,4.0,1.0,,
235671,,,,,,,,309.0,,127.0,,,,,,48.0,5.0,1.0,,0.0,,52.0,,61.0,,
235699,,,,,,,,299.0,,135.0,,,,,,34.0,15.0,7.0,26.0,1.0,,24.0,,32.0,6.0,
235750,,,,,,,,329.0,,104.0,,,,,,41.0,13.0,8.0,2.0,1.0,,7.0,,57.0,17.0,
235954,,,,,,,,3.0,,2.0,,,,,,1.0,,,,,,,,,,
236018,,,,,,,,13.0,,9.0,,,,,,2.0,,,,,,,,1.0,,
236072,,,,,,,,374.0,,162.0,,,,,,51.0,5.0,12.0,1.0,,,35.0,1.0,64.0,1.0,6.0
236133,,,,,,,,254.0,,107.0,,,,,,26.0,14.0,10.0,17.0,1.0,,,16.0,44.0,,
236188,,,,,,,,426.0,,196.0,,,,,,42.0,17.0,18.0,4.0,3.0,,26.0,5.0,56.0,24.0,
236212,,,,,,,,118.0,,49.0,,,,,,18.0,3.0,5.0,2.0,,,10.0,5.0,24.0,,
236230,,,,,,,,702.0,,263.0,,,,,,102.0,22.0,27.0,57.0,5.0,,84.0,6.0,105.0,9.0,8.0
236258,,,,,,,,188.0,,74.0,,,,,,33.0,4.0,9.0,1.0,2.0,,8.0,1.0,49.0,1.0,
236328,,,,,,,,696.0,,262.0,1.0,,,,,54.0,28.0,48.0,60.0,6.0,,83.0,2.0,80.0,18.0,
236382,,,,,,,,297.0,,128.0,,,,,,43.0,19.0,11.0,8.0,2.0,,47.0,,27.0,,
236452,,,,,,,,300.0,,121.0,,,,,,38.0,15.0,12.0,33.0,2.0,,20.0,,39.0,5.0,
236504,,,,,,,,364.0,,145.0,,,,,,66.0,7.0,13.0,1.0,,,32.0,3.0,66.0,4.0,1.0
236513,,,,,,,,656.0,,251.0,,,,,,112.0,29.0,34.0,5.0,6.0,,48.0,2.0,132.0,2.0,8.0
236577,,,,,,,,691.0,,275.0,,,,,,53.0,15.0,33.0,,1.0,,43.0,,256.0,,
236595,,,,,,,,1342.0,,592.0,,,,,,79.0,144.0,52.0,161.0,7.0,,71.0,,112.0,36.0,
236610,,,,,,,,467.0,,221.0,,,,,,60.0,9.0,17.0,2.0,1.0,,17.0,4.0,83.0,23.0,2.0
236638,,,,,,,,443.0,,148.0,,,,,,60.0,13.0,16.0,6.0,1.0,,23.0,2.0,62.0,9.0,
236656,,,,,,,,348.0,,137.0,,,,,,79.0,10.0,15.0,2.0,,,5.0,,52.0,30.0,
236692,,,,,,,,743.0,,401.0,,,,,,36.0,9.0,30.0,18.0,2.0,,69.0,1.0,57.0,44.0,
236708,,,,,,,,433.0,,204.0,,,,,,17.0,7.0,10.0,14.0,,,52.0,4.0,36.0,36.0,
236744,,,,,,,,9.0,,3.0,,,,,,1.0,1.0,,,,,1.0,,2.0,,
236753,,,,,,,,653.0,,295.0,,,,,,73.0,14.0,25.0,42.0,2.0,,41.0,5.0,116.0,14.0,5.0
236887,,,,,,,,394.0,,175.0,,,,,,38.0,13.0,15.0,18.0,1.0,,21.0,3.0,63.0,6.0,
236896,,,,,,,,279.0,,122.0,,,,,,32.0,8.0,11.0,3.0,,,14.0,,40.0,9.0,
236939,,,,,,,,6257.0,,1541.0,334.0,79.0,,,,400.0,724.0,831.0,487.0,159.0,,442.0,8.0,515.0,250.0,71.0
236948,,,,,,,,17031.0,,4313.0,2610.0,,,,,798.0,2599.0,1223.0,452.0,1402.0,,901.0,4.0,1150.0,336.0,133.0
236975,,,,,,,,281.0,,117.0,,,,,,20.0,7.0,12.0,33.0,,,1.0,1.0,55.0,23.0,
237011,,,,,,,,1878.0,,746.0,,,,,,83.0,160.0,160.0,77.0,29.0,,119.0,3.0,337.0,72.0,13.0
237039,,,,,,,,320.0,,144.0,,,,,,41.0,6.0,8.0,2.0,,,32.0,4.0,55.0,7.0,
237057,,,,,,,,505.0,,204.0,4.0,,,,,58.0,20.0,24.0,23.0,7.0,,50.0,1.0,63.0,14.0,2.0
237066,,,,,,,,517.0,,207.0,,,,,,55.0,27.0,28.0,54.0,4.0,,50.0,1.0,46.0,14.0,4.0
237109,,,,,,,,387.0,,181.0,,,,,,30.0,15.0,17.0,4.0,,,6.0,4.0,73.0,32.0,
237118,,,,,,,,197.0,,62.0,,,,,,15.0,6.0,4.0,29.0,4.0,,30.0,,38.0,,
237127,,,,,,,,3.0,,2.0,,,,,,,,,,,,,,1.0,,
237136,,,,,,,,60.0,,20.0,,,,,,10.0,1.0,1.0,2.0,0.0,,1.0,,9.0,3.0,
237145,,,,,,,,4.0,,3.0,,,,,,,,,,,,,,1.0,,
237172,,,,,,,,56.0,,30.0,,,,,,,,3.0,1.0,5.0,,1.0,,,7.0,4.0
237181,,,,,,,,187.0,,57.0,,,,,,7.0,13.0,5.0,35.0,1.0,,33.0,,9.0,12.0,3.0
237215,,,,,,,,191.0,,91.0,,,,,,29.0,4.0,3.0,14.0,1.0,,10.0,,29.0,4.0,
237242,,,,,,,,26.0,,12.0,,,,,,,,,1.0,3.0,,,,,4.0,4.0
237303,,,,,,,,10.0,,5.0,,,,,,1.0,0.0,,,,,,1.0,1.0,1.0,
237312,,,,,,,,379.0,,140.0,,,,,,44.0,7.0,15.0,40.0,,,63.0,2.0,29.0,,
237321,,,,,,,,9.0,,4.0,,,,,,2.0,2.0,,,,,,,1.0,,
237330,,,,,,,,277.0,,131.0,,,,,,34.0,4.0,7.0,28.0,2.0,,15.0,,38.0,12.0,1.0
237358,,,,,,,,219.0,,57.0,1.0,,,,,8.0,6.0,6.0,21.0,4.0,,46.0,6.0,21.0,7.0,2.0
237367,,,,,,,,451.0,,214.0,,,,,,58.0,17.0,22.0,37.0,2.0,,24.0,,52.0,12.0,
237385,,,,,,,,204.0,,67.0,,,,,,14.0,12.0,6.0,25.0,4.0,,19.0,,21.0,11.0,4.0
237437,,,,,,,,36.0,,17.0,,,,,,2.0,1.0,1.0,,,,1.0,1.0,13.0,,
237473,,,,,,,,17.0,,12.0,,,,,,1.0,,,,,,3.0,,,,
237491,,,,,,,,4.0,,4.0,,,,,,,,,,,,,,,,
237525,,,,,,,,1748.0,,872.0,1.0,1.0,,,,83.0,110.0,89.0,164.0,3.0,,119.0,,147.0,74.0,
237543,,,,,,,,21.0,,8.0,,,,,,2.0,,,,1.0,,3.0,,2.0,1.0,
237552,,,,,,,,24.0,,9.0,,,,,,2.0,2.0,,,,,5.0,1.0,1.0,4.0,
237561,,,,,,,,23.0,,8.0,,,,,,4.0,1.0,,,,,3.0,,3.0,,
237570,,,,,,,,13.0,,7.0,,,,,,1.0,1.0,1.0,0.0,,,2.0,,1.0,,
237598,,,,,,,,17.0,,8.0,,,,,,1.0,1.0,,2.0,,,1.0,,3.0,,
237613,,,,,,,,10.0,,5.0,,,,,,1.0,1.0,,,,,0.0,,0.0,,
237640,,,,,,,,88.0,,37.0,,,,,,5.0,4.0,2.0,11.0,,,3.0,4.0,5.0,,
237686,,,,,,,,230.0,,107.0,,,,,,29.0,1.0,2.0,15.0,,,25.0,1.0,35.0,7.0,
237701,,,,,,,,189.0,,60.0,,,,,,20.0,1.0,4.0,16.0,3.0,,45.0,,23.0,11.0,2.0
237729,,,,,,,,11.0,,10.0,,,,,,1.0,,,,,,,,,,
237783,,,,,,,,146.0,,45.0,,,,,,13.0,8.0,3.0,16.0,,,14.0,16.0,6.0,12.0,
237792,,,,,,,,491.0,,192.0,,1.0,,,,48.0,24.0,16.0,26.0,6.0,,68.0,1.0,61.0,16.0,
237817,,,,,,,,179.0,,87.0,,,,,,19.0,11.0,7.0,13.0,,,4.0,,28.0,6.0,
237844,,,,,,,,34.0,,18.0,,,,,,4.0,,1.0,,4.0,,4.0,,2.0,,
237880,,,,,,,,276.0,,59.0,6.0,,,,,43.0,13.0,29.0,22.0,6.0,,28.0,,52.0,9.0,
237899,,,,,,,,310.0,,136.0,,,,,,49.0,14.0,4.0,27.0,1.0,,15.0,,41.0,15.0,
237905,,,,,,,,9.0,,8.0,,,,,,1.0,,,,,,,,,,
237932,,,,,,,,308.0,,151.0,,,,,,29.0,4.0,4.0,44.0,5.0,,16.0,,33.0,9.0,
237950,,,,,,,,241.0,,100.0,,,,,,30.0,4.0,7.0,29.0,2.0,,25.0,,27.0,12.0,
237969,,,,,,,,313.0,,102.0,,,,,,31.0,8.0,12.0,50.0,6.0,,40.0,2.0,24.0,15.0,2.0
237987,,,,,,,,16.0,,5.0,,,,,,2.0,4.0,,,,,,2.0,2.0,,
237996,,,,,,,,46.0,,27.0,,,,,,3.0,4.0,1.0,,,,,6.0,5.0,,
238005,,,,,,,,11.0,,4.0,,,,,,1.0,1.0,,,,,,,2.0,,
238014,,,,,,,,151.0,,78.0,,,,,,16.0,6.0,6.0,7.0,,,9.0,,18.0,4.0,
238032,,,,,,,,5927.0,,1548.0,81.0,847.0,,,,606.0,221.0,446.0,416.0,83.0,,621.0,1.0,648.0,279.0,41.0
238078,,,,,,,,206.0,,80.0,1.0,2.0,,,,18.0,8.0,6.0,18.0,5.0,,18.0,,18.0,,4.0
238096,,,,,,,,4.0,,3.0,,,,,,,,,,,,,,1.0,,
238175,,,,,,,,21.0,,10.0,,,,,,1.0,,1.0,,,,1.0,,8.0,,
238193,,,,,,,,339.0,,128.0,,,,,,69.0,6.0,17.0,29.0,1.0,,11.0,1.0,34.0,3.0,5.0
238263,,,,,,,,1336.0,,754.0,,,,,,96.0,52.0,55.0,74.0,,,82.0,,166.0,,
238324,,,,,,,,63.0,,23.0,,,,,,11.0,1.0,3.0,3.0,,,3.0,,10.0,1.0,
238333,,,,,,,,377.0,,131.0,,,,,,51.0,38.0,14.0,22.0,1.0,,42.0,,50.0,13.0,
238397,,,,,,,,323.0,,158.0,,,,,,40.0,15.0,10.0,9.0,,,9.0,,51.0,5.0,2.0
238430,,,,,,,,311.0,,141.0,,,,,,53.0,8.0,13.0,17.0,1.0,,12.0,,57.0,,
238458,,,,,,,,493.0,,213.0,,,,,,44.0,16.0,21.0,46.0,3.0,,50.0,,44.0,10.0,
238476,,,,,,,,436.0,,213.0,,,,,,23.0,26.0,12.0,43.0,1.0,,31.0,,18.0,14.0,2.0
238573,,,,,,,,26.0,,17.0,,,,,,2.0,1.0,1.0,,,,,,2.0,,
238616,,,,,,,,759.0,,370.0,5.0,,,,,76.0,15.0,21.0,118.0,14.0,,42.0,,82.0,2.0,
238661,,,,,,,,435.0,,196.0,,,,,,37.0,25.0,18.0,55.0,5.0,,37.0,,22.0,,
238722,,,,,,,,985.0,,496.0,,,,,,122.0,31.0,70.0,11.0,,,30.0,,131.0,,8.0
238759,,,,,,,,747.0,,370.0,,,,,,56.0,26.0,46.0,57.0,2.0,,37.0,,98.0,11.0,2.0
238810,,,,,,,,5.0,,4.0,,,,,,0.0,0.0,,,,,,,0.0,,
238980,,,,,,,,287.0,,106.0,,,,,,42.0,10.0,11.0,25.0,2.0,,40.0,12.0,18.0,2.0,2.0
239008,,,,,,,,290.0,,122.0,,,,,,51.0,9.0,17.0,14.0,3.0,,8.0,,51.0,,
239017,,,,,,,,513.0,,188.0,,,,,,44.0,30.0,23.0,52.0,1.0,,62.0,,58.0,15.0,1.0
239071,,,,,,,,140.0,,53.0,1.0,,,,,24.0,,5.0,4.0,2.0,,10.0,0.0,18.0,6.0,1.0
239080,,,,,,,,268.0,,135.0,,,,,,36.0,5.0,8.0,25.0,,,1.0,,19.0,,
239105,,,,,,,,2408.0,,819.0,35.0,15.0,,,,87.0,226.0,161.0,261.0,28.0,,325.0,3.0,305.0,55.0,8.0
239169,,,,,,,,5273.0,,1712.0,,,,,,491.0,640.0,517.0,10.0,695.0,,271.0,,908.0,19.0,
239220,,,,,,,,242.0,,111.0,,,,,,32.0,8.0,12.0,26.0,,,12.0,,31.0,,
239248,,,,,,,,1550.0,,728.0,,,,,,132.0,33.0,42.0,72.0,,,160.0,11.0,178.0,14.0,10.0
239309,,,,,,,,143.0,,61.0,,,,,,23.0,5.0,4.0,5.0,,,8.0,,11.0,2.0,
239318,,,,,,,,425.0,,182.0,,,,,,36.0,21.0,35.0,32.0,2.0,,46.0,,31.0,14.0,1.0
239372,,,,,,,,458.0,,185.0,,,,,,68.0,12.0,10.0,6.0,1.0,,28.0,2.0,115.0,4.0,1.0
239390,,,,,,,,246.0,,109.0,,,,,,28.0,12.0,12.0,26.0,,,7.0,,24.0,6.0,
239424,,,,,,,,30.0,,10.0,,,,,,1.0,2.0,1.0,1.0,,,3.0,1.0,5.0,2.0,
239442,,,,,,,,211.0,,77.0,,,,,,24.0,7.0,11.0,6.0,,,9.0,,28.0,3.0,0.0
239460,,,,,,,,369.0,,141.0,,,,,,35.0,39.0,9.0,15.0,,,19.0,3.0,51.0,4.0,
239488,,,,,,,,859.0,,382.0,,,,,,76.0,58.0,47.0,34.0,3.0,,8.0,14.0,175.0,17.0,1.0
239512,,,,,,,,132.0,,56.0,,,,,,24.0,7.0,6.0,18.0,2.0,,,,8.0,,
239628,,,,,,,,169.0,,62.0,,,,,,22.0,10.0,5.0,39.0,,,7.0,,20.0,,
239637,,,,,,,,48.0,,14.0,,,,,,5.0,1.0,1.0,,,,6.0,2.0,7.0,,
239716,,,,,,,,591.0,,151.0,,,,,,63.0,52.0,21.0,54.0,7.0,,120.0,1.0,68.0,13.0,4.0
239743,,,,,,,,81.0,,33.0,,,,,,18.0,5.0,2.0,11.0,,,1.0,,8.0,,
239877,,,,,,,,7.0,,3.0,,,,,,1.0,2.0,,,,,,,0.0,,
239910,,,,,,,,207.0,,92.0,2.0,1.0,,,,14.0,14.0,11.0,,1.0,,36.0,11.0,6.0,15.0,
239929,,,,,,,,43.0,,24.0,,,,,,4.0,1.0,,6.0,,,,1.0,3.0,,
240055,,,,,,,,716.0,,368.0,,,,,,59.0,32.0,12.0,94.0,,,45.0,,44.0,24.0,
240107,,,,,,,,388.0,,194.0,,,,,,32.0,14.0,10.0,42.0,,,22.0,,35.0,6.0,
240116,,,,,,,,569.0,,300.0,,1.0,,,,45.0,26.0,28.0,35.0,1.0,,19.0,,81.0,12.0,
240125,,,,,,,,678.0,,384.0,,,,,,71.0,15.0,16.0,35.0,,,17.0,2.0,92.0,17.0,
240170,,,,,,,,596.0,,284.0,,,,,,68.0,1.0,17.0,,,,33.0,1.0,183.0,4.0,
240189,,,,,,,,1183.0,,547.0,,,,,,68.0,53.0,54.0,138.0,7.0,,118.0,,126.0,36.0,8.0
240198,,,,,,,,573.0,,314.0,,,,,,61.0,7.0,16.0,26.0,4.0,,27.0,4.0,75.0,,
240213,,,,,,,,16.0,,9.0,,,,,,3.0,,0.0,,,,,,3.0,,
240240,,,,,,,,13.0,,5.0,,,,,,3.0,1.0,,,,,,2.0,1.0,,
240268,,,,,,,,1069.0,,440.0,2.0,,,,,63.0,55.0,83.0,155.0,7.0,,97.0,,105.0,27.0,9.0
240277,,,,,,,,597.0,,208.0,1.0,,,,,45.0,31.0,44.0,97.0,2.0,,55.0,,68.0,16.0,6.0
240329,,,,,,,,1127.0,,507.0,1.0,,,,,81.0,58.0,53.0,106.0,10.0,,128.0,,112.0,29.0,7.0
240338,,,,,,,,158.0,,65.0,,,,,,32.0,11.0,6.0,18.0,0.0,,1.0,,5.0,,
240365,,,,,,,,1226.0,,462.0,,,,,,96.0,65.0,56.0,211.0,9.0,,104.0,1.0,140.0,31.0,9.0
240374,,,,,,,,461.0,,185.0,,,,,,39.0,33.0,22.0,51.0,3.0,,37.0,,52.0,13.0,8.0
240392,,,,,,,,412.0,,169.0,,,,,,22.0,16.0,15.0,,,,0.0,7.0,7.0,,
240417,,,,,,,,1017.0,,384.0,1.0,,,,,71.0,61.0,67.0,113.0,11.0,,92.0,,134.0,28.0,14.0
240426,,,,,,,,351.0,,130.0,3.0,,,,,38.0,24.0,30.0,51.0,,,7.0,,39.0,9.0,6.0
240435,,,,,,,,276.0,,,,,,,,63.0,82.0,98.0,11.0,,,,,22.0,,
240444,,,,,,,,15076.0,,3807.0,1144.0,,,,,664.0,1354.0,3121.0,1146.0,560.0,,1206.0,4.0,1123.0,461.0,153.0
240453,,,,,,,,3010.0,,1181.0,84.0,,,,,186.0,257.0,272.0,351.0,18.0,,249.0,1.0,269.0,62.0,26.0
240462,,,,,,,,910.0,,343.0,1.0,,,,,67.0,65.0,64.0,86.0,5.0,,105.0,,118.0,17.0,12.0
240471,,,,,,,,616.0,,263.0,,,,,,48.0,36.0,38.0,75.0,1.0,,43.0,,61.0,20.0,7.0
240480,,,,,,,,1060.0,,385.0,3.0,,,,,73.0,66.0,75.0,121.0,19.0,,124.0,,114.0,30.0,12.0
240505,,,,,,,,440.0,,189.0,,,,,,42.0,12.0,16.0,22.0,2.0,,55.0,,60.0,13.0,0.0
240514,,,,,,,,227.0,,73.0,,,,,,23.0,3.0,8.0,24.0,,,32.0,,29.0,6.0,0.0
240596,,,,,,,,145.0,,55.0,1.0,3.0,,,,19.0,5.0,3.0,6.0,,,25.0,2.0,13.0,3.0,1.0
240620,,,,,,,,464.0,,181.0,0.0,,,,,41.0,24.0,15.0,22.0,1.0,,45.0,,46.0,14.0,1.0
240657,,,,,,,,204.0,,88.0,,,,,,13.0,6.0,8.0,12.0,1.0,,22.0,0.0,31.0,11.0,1.0
240666,,,,,,,,366.0,,146.0,,,,,,34.0,16.0,18.0,22.0,2.0,,48.0,,26.0,1.0,6.0
240693,,,,,,,,372.0,,170.0,,,,,,33.0,2.0,13.0,35.0,,,28.0,3.0,57.0,5.0,2.0
240709,,,,,,,,11.0,,6.0,,,,,,2.0,1.0,,,,,,,1.0,,
240718,,,,,,,,51.0,,32.0,,,,,,10.0,,,,,,,,9.0,,
240727,,,,,,,,2711.0,,726.0,183.0,80.0,,,,101.0,230.0,164.0,225.0,130.0,,242.0,13.0,261.0,104.0,66.0
240736,,,,,,,,272.0,,67.0,7.0,7.0,,,,21.0,27.0,23.0,13.0,,,17.0,,18.0,28.0,
240745,,,,,,,,276.0,,84.0,,,,,,37.0,27.0,10.0,1.0,2.0,,,2.0,47.0,8.0,1.0
240754,,,,,,,,616.0,,187.0,26.0,12.0,,,,35.0,31.0,48.0,56.0,2.0,,21.0,2.0,94.0,40.0,1.0
240790,,,,,,,,167.0,,45.0,,7.0,,,,27.0,,4.0,1.0,,,,1.0,57.0,2.0,
240879,,,,,,,,27.0,,5.0,,,,,,2.0,6.0,1.0,,,,2.0,3.0,3.0,2.0,
240985,,,,,,,,22.0,,9.0,,,,,,3.0,1.0,,0.0,,,,3.0,2.0,3.0,
241100,,,,,,,,87.0,,24.0,,,,,,16.0,1.0,4.0,1.0,,,10.0,,24.0,,3.0
241128,,,,,,,,57.0,,22.0,,,,,,3.0,,2.0,1.0,,,9.0,,14.0,,3.0
241146,,,,,,,,102.0,,32.0,,,,,,11.0,9.0,1.0,,,,,17.0,20.0,6.0,2.0
241182,,,,,,,,57.0,,17.0,,,,,,4.0,4.0,2.0,3.0,0.0,,3.0,5.0,8.0,,0.0
241191,,,,,,,,166.0,,67.0,,,,,,31.0,4.0,3.0,1.0,1.0,,15.0,,36.0,6.0,
241216,,,,,,,,110.0,,64.0,,,,,,3.0,,8.0,2.0,,,2.0,,9.0,,
241225,,,,,,,,182.0,,76.0,,,,,,24.0,10.0,9.0,8.0,1.0,,,5.0,17.0,6.0,2.0
241304,,,,,,,,112.0,,54.0,,,,,,23.0,1.0,3.0,10.0,,,,,3.0,2.0,
241331,,,,,,,,214.0,,89.0,,,,,,48.0,6.0,8.0,,,,,4.0,44.0,10.0,
241377,,,,,,,,173.0,,74.0,1.0,1.0,,,,24.0,9.0,7.0,12.0,1.0,,2.0,1.0,27.0,1.0,1.0
241386,,,,,,,,38.0,,25.0,,,,,,1.0,,,1.0,,,,1.0,6.0,,
241395,,,,,,,,87.0,,40.0,,,,,,14.0,,5.0,1.0,1.0,,3.0,1.0,15.0,2.0,1.0
241410,,,,,,,,796.0,,282.0,,8.0,,,,101.0,17.0,39.0,25.0,6.0,,62.0,5.0,185.0,23.0,2.0
241517,,,,,,,,84.0,,22.0,,,,,,21.0,16.0,,2.0,2.0,,4.0,3.0,10.0,0.0,1.0
241614,,,,,,,,44.0,,24.0,,,,,,6.0,3.0,,2.0,,,,,4.0,1.0,
241720,,,,,,,,193.0,,66.0,,,,,,12.0,,10.0,5.0,,,22.0,,50.0,4.0,
241739,,,,,,,,965.0,,441.0,,,,,,93.0,3.0,20.0,2.0,2.0,,13.0,,296.0,49.0,2.0
241766,,,,,,,,127.0,,59.0,,,,,,14.0,1.0,1.0,4.0,,,,,24.0,9.0,
241793,,,,,,,,30.0,,10.0,,,,,,4.0,4.0,0.0,,,,,,4.0,7.0,
241836,,,,,,,,94.0,,26.0,,,,,,14.0,4.0,2.0,1.0,,,15.0,6.0,9.0,7.0,
241906,,,,,,,,43.0,,21.0,,,,,,1.0,1.0,,,,,3.0,,16.0,1.0,
241951,,,,,,,,64.0,,34.0,1.0,,,,,9.0,3.0,2.0,1.0,,,4.0,,6.0,1.0,
242042,,,,,,,,60.0,,48.0,,,,,,1.0,,,2.0,,,,,4.0,2.0,
242060,,,,,,,,283.0,,,4.0,,,,,82.0,42.0,41.0,4.0,,,1.0,,102.0,3.0,4.0
242112,,,,,,,,84.0,,33.0,,,,,,20.0,3.0,4.0,2.0,,,8.0,3.0,9.0,,
242121,,,,,,,,57.0,,27.0,,,,,,5.0,1.0,4.0,,,,,,1.0,2.0,
242130,,,,,,,,32.0,,16.0,,,,,,1.0,,1.0,1.0,,,,5.0,4.0,1.0,
242149,,,,,,,,39.0,,20.0,,,,,,2.0,,2.0,,,,,3.0,6.0,1.0,
242316,,,,,,,,15.0,,3.0,,,,,,1.0,1.0,,1.0,,,,,4.0,3.0,
242413,,,,,,,,16.0,,3.0,,,,,,2.0,1.0,0.0,0.0,,,1.0,2.0,2.0,2.0,
242422,,,,,,,,716.0,,308.0,,,,,,120.0,18.0,14.0,66.0,,,20.0,75.0,80.0,,1.0
242556,,,,,,,,70.0,,47.0,,,,,,2.0,4.0,,1.0,1.0,,3.0,,7.0,1.0,
242565,,,,,,,,48.0,,27.0,,,,,,1.0,,,,,,0.0,,7.0,7.0,
242583,,,,,,,,64.0,,48.0,,,,,,1.0,,,3.0,1.0,,,,4.0,5.0,
242617,,,,,,,,418.0,,177.0,,6.0,,,,39.0,6.0,24.0,4.0,,,65.0,,81.0,1.0,
242626,,,,,,,,282.0,,131.0,,2.0,,,,35.0,2.0,15.0,2.0,,,19.0,,49.0,,
242635,,,,,,,,331.0,,141.0,,5.0,,,,35.0,4.0,28.0,5.0,,,20.0,2.0,57.0,,
242644,,,,,,,,155.0,,70.0,,2.0,,,,17.0,1.0,18.0,1.0,,,18.0,,27.0,,
242653,,,,,,,,697.0,,328.0,2.0,7.0,,,,72.0,10.0,17.0,9.0,1.0,,28.0,2.0,120.0,5.0,
242662,,,,,,,,385.0,,149.0,,7.0,,,,45.0,5.0,26.0,6.0,,,27.0,1.0,67.0,1.0,1.0
242671,,,,,,,,250.0,,,1.0,10.0,,,,75.0,39.0,17.0,6.0,,,13.0,2.0,81.0,4.0,1.0
242680,,,,,,,,170.0,,76.0,,4.0,,,,22.0,1.0,9.0,3.0,,,14.0,,35.0,,
242699,,,,,,,,165.0,,87.0,,3.0,,,,19.0,,6.0,2.0,,,14.0,,27.0,2.0,
242705,,,,,,,,292.0,,147.0,1.0,,,,,30.0,2.0,20.0,5.0,,,11.0,2.0,56.0,6.0,3.0
242723,,,,,,,,132.0,,44.0,,8.0,,,,20.0,1.0,1.0,2.0,,,16.0,,23.0,3.0,
242750,,,,,,,,18.0,,8.0,,,,,,1.0,1.0,,,,,1.0,1.0,5.0,1.0,
242820,,,,,,,,77.0,,21.0,,,,,,8.0,4.0,3.0,,,,6.0,7.0,19.0,,
242945,,,,,,,,33.0,,10.0,,,,,,4.0,1.0,1.0,,,,,1.0,9.0,4.0,
242954,,,,,,,,6.0,,3.0,,,,,,1.0,,,,,,1.0,,1.0,,
242972,,,,,,,,856.0,,329.0,,,,,,150.0,7.0,15.0,66.0,19.0,,,88.0,145.0,,2.0
243072,,,,,,,,154.0,,81.0,,,,,,16.0,2.0,,,1.0,,,1.0,10.0,,
243081,,,,,,,,461.0,,174.0,49.0,19.0,,,,17.0,14.0,19.0,10.0,12.0,,17.0,,99.0,12.0,
243106,,,,,,,,380.0,,137.0,,,,,,40.0,15.0,33.0,3.0,3.0,,15.0,,82.0,27.0,3.0
243115,,,,,,,,384.0,,152.0,3.0,,,,,34.0,11.0,23.0,7.0,5.0,,33.0,,56.0,31.0,9.0
243133,,,,,,,,457.0,,200.0,,,,,,26.0,13.0,25.0,2.0,3.0,,45.0,,98.0,28.0,2.0
243142,,,,,,,,339.0,,124.0,5.0,,,,,28.0,13.0,23.0,5.0,2.0,,28.0,4.0,73.0,13.0,4.0
243151,,,,,,,,481.0,,147.0,3.0,,,,,29.0,15.0,27.0,5.0,2.0,,50.0,,82.0,56.0,11.0
243160,,,,,,,,452.0,,,17.0,,,,,85.0,56.0,49.0,7.0,7.0,,33.0,,138.0,43.0,5.0
243179,,,,,,,,516.0,,186.0,4.0,,,,,48.0,17.0,36.0,15.0,5.0,,52.0,,101.0,29.0,9.0
243188,,,,,,,,217.0,,64.0,,,,,,27.0,9.0,17.0,3.0,2.0,,28.0,,40.0,17.0,3.0
243197,,,,,,,,2477.0,,563.0,88.0,174.0,,,,186.0,78.0,139.0,55.0,16.0,,215.0,1.0,529.0,325.0,62.0
243203,,,,,,,,2158.0,,788.0,75.0,,,,,128.0,68.0,81.0,30.0,136.0,,135.0,,572.0,90.0,11.0
243212,,,,,,,,361.0,,111.0,,,,,,44.0,10.0,22.0,4.0,2.0,,22.0,,87.0,33.0,6.0
243221,,,,,,,,2613.0,,1022.0,19.0,78.0,,,,133.0,58.0,96.0,38.0,19.0,,293.0,,511.0,176.0,44.0
243346,,,,,,,,855.0,,406.0,,,,,,92.0,3.0,19.0,,2.0,,3.0,,259.0,21.0,1.0
243443,,,,,,,,463.0,,212.0,3.0,,,,,60.0,12.0,18.0,33.0,,,2.0,7.0,78.0,21.0,2.0
243498,,,,,,,,25.0,,12.0,,,,,,2.0,1.0,,,,,,,4.0,3.0,
243568,,,,,,,,292.0,,47.0,24.0,23.0,,,,19.0,20.0,41.0,6.0,7.0,,6.0,,68.0,12.0,2.0
243577,,,,,,,,347.0,,159.0,,,,,,22.0,8.0,24.0,5.0,,,8.0,,76.0,11.0,2.0
243586,,,,,,,,103.0,,52.0,,,,,,14.0,,5.0,2.0,1.0,,3.0,3.0,15.0,4.0,
243601,,,,,,,,1007.0,,474.0,,,,,,106.0,2.0,18.0,5.0,5.0,,,,288.0,27.0,1.0
243638,,,,,,,,423.0,,103.0,4.0,22.0,,,,36.0,20.0,16.0,15.0,4.0,,86.0,,57.0,11.0,4.0
243647,,,,,,,,159.0,,37.0,6.0,1.0,,,,20.0,5.0,2.0,1.0,,,13.0,2.0,17.0,21.0,
243665,,,,,,,,505.0,,136.0,13.0,65.0,,,,50.0,46.0,18.0,20.0,5.0,,54.0,2.0,49.0,17.0,1.0
243744,,,,,,,,15620.0,,3662.0,1635.0,,,,,1144.0,2864.0,2108.0,900.0,103.0,,625.0,,1793.0,367.0,
243780,,,,,,,,10488.0,,2092.0,476.0,205.0,,,,213.0,1492.0,1469.0,476.0,304.0,,1670.0,3.0,1235.0,424.0,81.0
243799,,,,,,,,11.0,,5.0,,,,,,2.0,,,1.0,0.0,,0.0,,2.0,,
243823,,,,,,,,241.0,,87.0,1.0,,,,,44.0,9.0,15.0,4.0,4.0,,10.0,4.0,31.0,,
243832,,,,,,,,196.0,,46.0,,,,,,45.0,4.0,8.0,5.0,,,8.0,14.0,39.0,12.0,
243841,,,,,,,,71.0,,20.0,,,,,,14.0,1.0,4.0,2.0,,,,8.0,16.0,1.0,
244233,,,,,,,,66.0,,30.0,,,,,,11.0,4.0,0.0,11.0,,,,,4.0,2.0,
244279,,,,,,,,18.0,,11.0,,,,,,2.0,1.0,,,,,,2.0,2.0,0.0,
244437,,,,,,,,666.0,,532.0,,,,,,35.0,11.0,19.0,,4.0,,1.0,,55.0,1.0,
244446,,,,,,,,445.0,,222.0,,,,,,20.0,38.0,16.0,34.0,,,25.0,,37.0,,
244561,,,,,,,,15.0,,5.0,,,,,,2.0,3.0,,,,,,2.0,1.0,,
244613,,,,,,,,21.0,,11.0,,,,,,3.0,1.0,,,,,,,,,
245069,,,,,,,,6.0,,2.0,,,,,,1.0,1.0,,,,,,,1.0,,
245281,,,,,,,,3.0,,2.0,,,,,,1.0,,,,,,,,0.0,,
245342,,,,,,,,63.0,,38.0,,,,,,1.0,4.0,,,,,3.0,7.0,1.0,,
245421,,,,,,,,6.0,,4.0,,,,,,1.0,1.0,,,,,,,,,
245430,,,,,,,,9.0,,5.0,,,,,,1.0,,,,,,,1.0,2.0,,
245625,,,,,,,,88.0,,48.0,1.0,3.0,,,,6.0,4.0,1.0,1.0,,,2.0,,8.0,,
245652,,,,,,,,137.0,,45.0,,,,,,23.0,2.0,5.0,4.0,0.0,,21.0,5.0,27.0,,1.0
245777,,,,,,,,5.0,,3.0,,,,,,,0.0,,,,,1.0,,0.0,,
245838,,,,,,,,105.0,,71.0,,,,,,5.0,,,2.0,,,2.0,,21.0,,
245847,,,,,,,,57.0,,35.0,,,,,,3.0,,,5.0,,,0.0,,9.0,,
245865,,,,,,,,116.0,,78.0,,,,,,14.0,2.0,2.0,,,,5.0,,13.0,,
245883,,,,,,,,83.0,,58.0,,,,,,7.0,1.0,,,,,2.0,,14.0,,
245892,,,,,,,,28.0,,12.0,,,,,,5.0,,,,,,2.0,,8.0,,
245953,,,,,,,,318.0,,170.0,,,,,,35.0,10.0,8.0,12.0,2.0,,4.0,,24.0,2.0,
245962,,,,,,,,44.0,,24.0,,,,,,5.0,3.0,,,,,2.0,6.0,3.0,,
245980,,,,,,,,4.0,,3.0,,,,,,,1.0,,,,,,,0.0,,
245999,,,,,,,,360.0,,29.0,,,,,,32.0,23.0,18.0,14.0,1.0,,30.0,,90.0,13.0,4.0
246017,,,,,,,,173.0,,64.0,,,,,,16.0,3.0,4.0,1.0,,,19.0,,21.0,8.0,16.0
246035,,,,,,,,20.0,,4.0,,,,,,9.0,,,,,,,,1.0,,
246071,,,,,,,,10.0,,8.0,,,,,,1.0,1.0,,,,,,,1.0,,
246202,,,,,,,,31.0,,16.0,,,,,,2.0,,,9.0,,,,,1.0,,
246266,,,,,,,,40.0,,21.0,,,,,,2.0,,,12.0,,,,,2.0,,
246345,,,,,,,,18.0,,9.0,,,,,,2.0,,,,,,,,1.0,,
246354,,,,,,,,405.0,,168.0,,,,,,11.0,14.0,13.0,10.0,,,14.0,,39.0,8.0,
246406,,,,,,,,6.0,,2.0,,,,,,,,,,,,,,,1.0,
246415,,,,,,,,11.0,,3.0,,,,,,1.0,3.0,,,,,1.0,1.0,2.0,0.0,
246789,,,,,,,,23.0,,5.0,,,,,,5.0,1.0,1.0,1.0,,,4.0,,1.0,2.0,0.0
246813,,,,,,,,362.0,,201.0,,3.0,,,,12.0,18.0,21.0,2.0,,,22.0,,34.0,,0.0
246895,,,,,,,,41.0,,22.0,,,,,,3.0,1.0,,1.0,,,2.0,,5.0,1.0,
246974,,,,,,,,25.0,,10.0,,,,,,5.0,,,,,,1.0,,2.0,,
247010,,,,,,,,4.0,,2.0,,,,,,0.0,0.0,,,,,,,1.0,,
247047,,,,,,,,9.0,,4.0,,,,,,2.0,1.0,,,,,,1.0,1.0,,
247065,,,,,,,,39.0,,14.0,,,,,,1.0,,,,,,,6.0,3.0,,
247083,,,,,,,,16.0,,,,,,,,10.0,2.0,,,,,,,4.0,,
247153,,,,,,,,37.0,,19.0,,,,,,3.0,,,,,,,,3.0,,
247162,,,,,,,,20.0,,13.0,,,,,,2.0,1.0,,,,,1.0,,2.0,,
247409,,,,,,,,18.0,,10.0,,,,,,3.0,,,,,,,,1.0,,
247603,,,,,,,,191.0,,90.0,2.0,,,,,16.0,10.0,5.0,9.0,,,10.0,,22.0,1.0,
247649,,,,,,,,194.0,,74.0,3.0,,,,,28.0,7.0,8.0,8.0,1.0,,24.0,2.0,10.0,3.0,1.0
247700,,,,,,,,26.0,,13.0,,,,,,2.0,,,,,,,,1.0,,
247737,,,,,,,,47.0,,,,,,,,17.0,6.0,2.0,,,,,,3.0,,
247773,,,,,,,,9.0,,6.0,,,,,,1.0,1.0,,,,,1.0,,0.0,,
247825,,,,,,,,10.0,,4.0,,,,,,1.0,1.0,,,,,,,3.0,,
247834,,,,,,,,1520.0,,724.0,,,,,,87.0,34.0,64.0,57.0,,,55.0,,176.0,28.0,1.0
247940,,,,,,,,239.0,,113.0,,,,,,22.0,7.0,5.0,21.0,,,18.0,,35.0,,
248192,,,,,,,,3.0,,2.0,,,,,,,,,,,,,,1.0,,
248305,,,,,,,,5.0,,3.0,,,,,,1.0,,,,,,,,1.0,,
248527,,,,,,,,6.0,,2.0,,,,,,2.0,,,,,,1.0,,1.0,,
248606,,,,,,,,236.0,,9.0,,,,,,17.0,7.0,7.0,4.0,7.0,,23.0,,93.0,9.0,9.0
248624,,,,,,,,6.0,,4.0,,,,,,1.0,,,,,,,,1.0,,
248633,,,,,,,,6.0,,4.0,,,,,,1.0,,,,,,,,1.0,,
248660,,,,,,,,21.0,,7.0,,,,,,4.0,3.0,,,,,1.0,5.0,1.0,,
248703,,,,,,,,13.0,,7.0,,,,,,1.0,,,,,,,1.0,,,
248846,,,,,,,,21.0,,3.0,,,,,,4.0,2.0,,3.0,0.0,,0.0,0.0,5.0,,
248882,,,,,,,,16.0,,9.0,,,,,,1.0,,,,,,,,2.0,,
248925,,,,,,,,77.0,,49.0,,,,,,7.0,1.0,1.0,,,,,,14.0,5.0,
248934,,,,,,,,1189.0,,600.0,2.0,,,,,110.0,13.0,37.0,15.0,,,6.0,,62.0,,
249140,,,,,,,,16.0,,5.0,,,,,,6.0,,,,,,,,3.0,,
249238,,,,,,,,35.0,,21.0,,,,,,2.0,,,,,,,6.0,5.0,1.0,
249566,,,,,,,,33.0,,15.0,,,,,,4.0,1.0,,,1.0,,,4.0,1.0,2.0,
249609,,,,,,,,17.0,,11.0,,,,,,2.0,0.0,,,,,,3.0,,,
250027,,,,,,,,39.0,,22.0,,,,,,4.0,3.0,,,,,,,3.0,1.0,
250285,,,,,,,,40.0,,18.0,,,,,,6.0,,,,,,,,16.0,,
250601,,,,,,,,49.0,,23.0,,,,,,8.0,2.0,2.0,,,,,,5.0,,
250744,,,,,,,,60.0,,28.0,,,,,,4.0,,,,,,,,3.0,,
250902,,,,,,,,5.0,,3.0,,,,,,1.0,1.0,,,,,,,0.0,,
250993,,,,,,,,59.0,,24.0,,,,,,4.0,,,,,,10.0,,10.0,,
251075,,,,,,,,18.0,,6.0,,,,,,2.0,,,7.0,,,,,1.0,,
251260,,,,,,,,292.0,,163.0,,,,,,6.0,9.0,6.0,4.0,,,32.0,,65.0,,
251312,,,,,,,,127.0,,65.0,,,,,,25.0,7.0,1.0,,,,4.0,,19.0,,
260293,,,,,,,,4.0,,2.0,,,,,,,,,,,,,,1.0,,
260336,,,,,,,,9.0,,3.0,,,,,,1.0,,,,,,,,2.0,1.0,
260363,,,,,,,,4.0,,2.0,,,,,,1.0,,,,,,,,1.0,,
260372,,,,,,,,65.0,,22.0,,,,,,13.0,2.0,2.0,5.0,,,1.0,,2.0,4.0,
260381,,,,,,,,1025.0,,,,276.0,,,,86.0,143.0,150.0,196.0,,,14.0,,82.0,2.0,1.0
260664,,,,,,,,18.0,,12.0,,,,,,1.0,,,3.0,,,,,2.0,,
260691,,,,,,,,74.0,,44.0,,,,,,4.0,,,,,,,,17.0,,
260789,,,,,,,,78.0,,33.0,,,,,,14.0,,,,,,,,6.0,,
260813,,,,,,,,39.0,,19.0,,,,,,5.0,5.0,1.0,,2.0,,,3.0,1.0,,
260901,,,,,,,,1303.0,,850.0,,,,,,77.0,26.0,,114.0,,,,,4.0,,
260910,,,,,,,,18.0,,9.0,,,,,,2.0,,1.0,3.0,,,,,,,
260929,,,,,,,,31.0,,13.0,,,,,,2.0,,,,,,,9.0,6.0,1.0,
260947,,,,,,,,6.0,,4.0,,,,,,,0.0,,,,,,,0.0,,
260965,,,,,,,,9.0,,5.0,,,,,,1.0,,,,,,,,3.0,,
261436,,,,,,,,144.0,,48.0,,,,,,17.0,30.0,1.0,,,,,15.0,17.0,5.0,
261676,,,,,,,,12.0,,5.0,,,,,,2.0,,,,,,,,0.0,,
261685,,,,,,,,14.0,,8.0,,,,,,2.0,,,,,,,,,,
261719,,,,,,,,21.0,,8.0,,,,,,2.0,,,,,,,,4.0,,
261773,,,,,,,,22.0,,14.0,,,,,,2.0,,,1.0,,,,,3.0,2.0,
261861,,,,,,,,14.0,,6.0,,,,,,2.0,2.0,,,,,,2.0,1.0,0.0,
262022,,,,,,,,21.0,,10.0,,,,,,,,,2.0,,,,,4.0,,
262031,,,,,,,,558.0,,195.0,,,,,,34.0,14.0,24.0,34.0,1.0,,71.0,5.0,74.0,11.0,
262086,,,,,,,,683.0,,298.0,,,,,,139.0,31.0,27.0,,,,,,15.0,,
262129,,,,,,,,296.0,,90.0,,,,,,25.0,15.0,29.0,16.0,,,37.0,,56.0,15.0,
262341,,,,,,,,62.0,,27.0,,,,,,6.0,3.0,,2.0,,,,,12.0,2.0,
262369,,,,,,,,13.0,,5.0,,,,,,2.0,1.0,,,,,,,1.0,1.0,
262402,,,,,,,,10.0,,5.0,,,,,,,0.0,,,,,,,5.0,,
262466,,,,,,,,20.0,,12.0,,,,,,2.0,1.0,1.0,1.0,,,,,1.0,,
362700,,,,,,,,29.0,,16.0,,,,,,1.0,3.0,,,,,,3.0,4.0,,
362782,,,,,,,,23.0,,13.0,,,,,,2.0,3.0,,,,,,0.0,4.0,,
363013,,,,,,,,9.0,,4.0,,,,,,2.0,,,,,,,,,,
363077,,,,,,,,14.0,,11.0,,,,,,,,,,,,,1.0,2.0,,
363147,,,,,,,,10.0,,6.0,,,,,,2.0,,,,,,,,2.0,,
363165,,,,,,,,328.0,,95.0,,,,,,29.0,21.0,9.0,21.0,,,18.0,,51.0,6.0,23.0
363439,,,,,,,,46.0,,11.0,,,,,,4.0,,,,,,,,20.0,1.0,
363590,,,,,,,,20.0,,8.0,,,,,,5.0,,,,,,,,7.0,,
363633,,,,,,,,134.0,,40.0,,,,,,24.0,9.0,5.0,11.0,3.0,,15.0,2.0,19.0,1.0,1.0
363679,,,,,,,,18.0,,10.0,,,,,,4.0,,,,,,1.0,1.0,2.0,,
363712,,,,,,,,4.0,,4.0,,,,,,,,,,,,,,,,
363721,,,,,,,,63.0,,35.0,,,,,,4.0,4.0,3.0,2.0,,,,,4.0,,
363882,,,,,,,,4.0,,2.0,,,,,,1.0,,,,,,,,1.0,,
363907,,,,,,,,71.0,,53.0,,,,,,2.0,,2.0,1.0,,,,1.0,7.0,,
363916,,,,,,,,36.0,,22.0,,,,,,1.0,,1.0,1.0,,,,1.0,5.0,,
363934,,,,,,,,113.0,,52.0,,,,,,6.0,7.0,2.0,4.0,,,4.0,,2.0,,
364016,,,,,,,,429.0,,227.0,,,,,,20.0,6.0,17.0,21.0,1.0,,17.0,,99.0,7.0,
364025,,,,,,,,577.0,,290.0,,,,,,20.0,12.0,15.0,34.0,1.0,,36.0,,117.0,11.0,
364122,,,,,,,,1.0,,1.0,,,,,,,,,,,,,,,,
364168,,,,,,,,20.0,,7.0,,,,,,3.0,,1.0,,,,,3.0,5.0,1.0,
364548,,,,,,,,210.0,,107.0,,,,,,17.0,5.0,8.0,,,,26.0,,21.0,,
364575,,,,,,,,28.0,,20.0,,,,,,2.0,1.0,,,,,,,2.0,3.0,
364627,,,,,,,,90.0,,40.0,,,,,,12.0,4.0,2.0,2.0,1.0,,7.0,,9.0,8.0,
364636,,,,,,,,9.0,,5.0,,,,,,,,,,,,,,,,
364751,,,,,,,,14.0,,6.0,,,,,,2.0,3.0,,,,,1.0,1.0,1.0,,
364760,,,,,,,,7.0,,3.0,,,,,,1.0,1.0,,,,,,1.0,0.0,,
364946,,,,,,,,106.0,,31.0,,,,,,5.0,6.0,3.0,,,,17.0,1.0,16.0,10.0,11.0
364955,,,,,,,,33.0,,15.0,,,,,,2.0,,,11.0,,,,,1.0,,
364964,,,,,,,,10.0,,7.0,,,,,,,,,,,,,,2.0,,
365091,,,,,,,,16.0,,5.0,,,,,,5.0,1.0,,,,,1.0,1.0,0.0,,
365125,,,,,,,,14.0,,9.0,,,,,,2.0,,,,,,,,1.0,,
365198,,,,,,,,93.0,,32.0,,,,,,9.0,1.0,4.0,1.0,0.0,,10.0,5.0,16.0,5.0,6.0
365204,,,,,,,,704.0,,271.0,,,,,,117.0,42.0,7.0,,,,,97.0,62.0,11.0,
365213,,,,,,,,106.0,,31.0,,,,,,10.0,1.0,4.0,7.0,,,11.0,,14.0,,
365240,,,,,,,,15.0,,13.0,,,,,,1.0,,,,,,,,1.0,,
365374,,,,,,,,256.0,,31.0,,,,,,22.0,5.0,8.0,6.0,,,29.0,,32.0,9.0,0.0
365383,,,,,,,,20.0,,14.0,,,,,,2.0,1.0,,,1.0,,,,2.0,,
365426,,,,,,,,149.0,,136.0,,,,,,,,,,,,,,11.0,,
365480,,,,,,,,132.0,,9.0,,,,,,10.0,12.0,5.0,7.0,,,27.0,,19.0,,7.0
365505,,,,,,,,44.0,,28.0,,,,,,,3.0,2.0,3.0,4.0,,,,3.0,,
365693,,,,,,,,17.0,,10.0,,,,,,4.0,1.0,,,,,,,2.0,,
365763,,,,,,,,3.0,,3.0,,,,,,,,,,,,,,,,
365824,,,,,,,,17.0,,8.0,,,,,,3.0,,,,,,,,1.0,,
365833,,,,,,,,16.0,,8.0,,,,,,3.0,,,,,,,,1.0,,
366003,,,,,,,,44.0,,21.0,,,,,,4.0,3.0,2.0,,,,1.0,4.0,1.0,1.0,
366155,,,,,,,,2.0,,1.0,,,,,,,,,,,,,,1.0,,
366191,,,,,,,,63.0,,29.0,,,,,,9.0,21.0,1.0,,,,,,1.0,2.0,
366252,,,,,,,,1049.0,,342.0,,,,,,78.0,47.0,55.0,60.0,17.0,,210.0,8.0,128.0,48.0,10.0
366261,,,,,,,,10.0,,7.0,,,,,,,,,,0.0,,,,2.0,,
366270,,,,,,,,30.0,,17.0,,,,,,2.0,2.0,,,,,,3.0,4.0,1.0,
366289,,,,,,,,32.0,,8.0,,,,,,2.0,,,,,,,6.0,6.0,,
366340,,,,,,,,61.0,,10.0,1.0,2.0,,,,12.0,1.0,1.0,,,,10.0,,6.0,,1.0
366368,,,,,,,,55.0,,25.0,,,,,,9.0,3.0,,1.0,,,8.0,,2.0,,
366395,,,,,,,,1562.0,,746.0,,,,,,128.0,13.0,18.0,33.0,10.0,,158.0,,179.0,54.0,14.0
366401,,,,,,,,322.0,,212.0,,,,,,16.0,10.0,9.0,11.0,,,,,58.0,,
366438,,,,,,,,8.0,,6.0,,,,,,1.0,,,,,,,,1.0,,
366465,,,,,,,,193.0,,97.0,,,,,,14.0,14.0,6.0,15.0,,,18.0,,26.0,,
366535,,,,,,,,43.0,,21.0,,,,,,7.0,2.0,1.0,,,,2.0,4.0,5.0,,
366553,,,,,,,,142.0,,83.0,,,,,,8.0,1.0,1.0,,,,2.0,,4.0,,
366571,,,,,,,,3.0,,2.0,,,,,,1.0,,,,,,,,0.0,,
366605,,,,,,,,19.0,,7.0,,,,,,2.0,2.0,,,,,,,1.0,,
366623,,,,,,,,42.0,,19.0,,,,,,4.0,1.0,2.0,,,,,,2.0,6.0,
366632,,,,,,,,2.0,,1.0,,,,,,1.0,,,,,,,,,,
366711,,,,,,,,1301.0,,531.0,,,,,,68.0,157.0,93.0,144.0,15.0,,32.0,,157.0,32.0,11.0
366748,,,,,,,,78.0,,37.0,,,,,,17.0,4.0,,5.0,,,0.0,,14.0,,
366793,,,,,,,,15.0,,6.0,,,,,,3.0,4.0,,,,,,,2.0,,
366960,,,,,,,,35.0,,18.0,,,,,,3.0,,,10.0,,,,,2.0,,
367024,,,,,,,,70.0,,35.0,,,,,,7.0,1.0,1.0,10.0,,,,,,,
367051,,,,,,,,9.0,,5.0,,,,,,1.0,2.0,,,,,,,,,
367088,,,,,,,,8.0,,4.0,,,,,,1.0,,,,,,,,1.0,,
367103,,,,,,,,7.0,,3.0,,,,,,1.0,,,,,,,2.0,1.0,,
367112,,,,,,,,47.0,,29.0,,,,,,5.0,1.0,,,1.0,,0.0,7.0,3.0,,
367158,,,,,,,,10.0,,4.0,,,,,,2.0,,,,,,,,,,
367334,,,,,,,,34.0,,12.0,,,,,,3.0,4.0,,,,,1.0,3.0,4.0,2.0,
367361,,,,,,,,14.0,,1.0,,,,,,2.0,3.0,,,,,,0.0,5.0,,
367431,,,,,,,,3.0,,2.0,,,,,,,,,,,,,,1.0,,
367459,,,,,,,,542.0,,261.0,,,,,,49.0,40.0,29.0,24.0,,,28.0,2.0,49.0,10.0,2.0
367875,,,,,,,,76.0,,43.0,,,,,,4.0,1.0,1.0,,,,6.0,,14.0,,
367884,,,,,,,,165.0,,72.0,,,,,,22.0,3.0,10.0,,,,,1.0,14.0,4.0,
367936,,,,,,,,111.0,,64.0,,,,,,14.0,4.0,,7.0,,,,,20.0,,
367954,,,,,,,,414.0,,225.0,,,,,,57.0,15.0,14.0,,,,,,90.0,5.0,
367972,,,,,,,,13.0,,8.0,,,,,,2.0,,,,,,,,,,
367981,,,,,,,,5.0,,3.0,,,,,,2.0,,,,,,,,1.0,,
368036,,,,,,,,6.0,,4.0,,,,,,,1.0,,,,,,,1.0,,
368230,,,,,,,,10.0,,6.0,,,,,,1.0,,,,,,,,1.0,,
368364,,,,,,,,50.0,,23.0,,,,,,4.0,3.0,1.0,2.0,,,,,5.0,5.0,1.0
368407,,,,,,,,10.0,,5.0,,,,,,1.0,1.0,,,,,,,3.0,,
368443,,,,,,,,92.0,,52.0,,,,,,6.0,,,,,,,,16.0,1.0,
368452,,,,,,,,39.0,,13.0,,,,,,3.0,1.0,,,,,,7.0,12.0,,0.0
368540,,,,,,,,4.0,,2.0,,,,,,1.0,,,,,,,1.0,,,
368629,,,,,,,,48.0,,24.0,,,,,,3.0,,,,,,,,13.0,,
368647,,,,,,,,8.0,,3.0,,,,,,2.0,,,,,,2.0,,1.0,,
368771,,,,,,,,10.0,,2.0,,,,,,4.0,,,,,,,1.0,2.0,,
368780,,,,,,,,30.0,,8.0,2.0,,,,,,,,,,,1.0,6.0,13.0,,
368832,,,,,,,,5.0,,2.0,,,,,,1.0,1.0,,,,,,,1.0,,
368911,,,,,,,,165.0,,79.0,,,,,,24.0,7.0,4.0,1.0,,,24.0,,8.0,,
369002,,,,,,,,41.0,,24.0,,1.0,,,,2.0,2.0,,2.0,,,,,4.0,1.0,
369109,,,,,,,,14.0,,7.0,,,,,,3.0,,,,,,,,4.0,,
369400,,,,,,,,139.0,,65.0,,,,,,14.0,54.0,1.0,,,,,,2.0,3.0,
369419,,,,,,,,92.0,,59.0,,,,,,4.0,,,1.0,,,10.0,,11.0,,
369446,,,,,,,,3.0,,3.0,,,,,,,,,,,,,,,,
369455,,,,,,,,11.0,,5.0,,,,,,2.0,1.0,1.0,,,,,,2.0,0.0,
369516,,,,,,,,52.0,,18.0,,,,,,11.0,,,,,,,9.0,2.0,,
369659,,,,,,,,78.0,,25.0,0.0,,,,,19.0,2.0,1.0,1.0,1.0,,1.0,,7.0,,
369668,,,,,,,,32.0,,20.0,,,,,,4.0,4.0,1.0,1.0,,,,,2.0,,
369686,,,,,,,,18.0,,8.0,,,,,,4.0,1.0,,,,,1.0,2.0,1.0,,
369695,,,,,,,,6.0,,4.0,,,,,,1.0,0.0,,,,,,,1.0,,
369783,,,,,,,,46.0,,15.0,,,,,,11.0,,,,,,,,4.0,2.0,
369862,,,,,,,,8.0,,6.0,,,,,,1.0,1.0,,,,,,,,,
369905,,,,,,,,55.0,,30.0,,,,,,5.0,1.0,1.0,6.0,,,1.0,1.0,4.0,,
369950,,,,,,,,23.0,,11.0,,,,,,2.0,,,,,,1.0,,2.0,2.0,
371034,,,,,,,,4.0,,1.0,,,,,,1.0,,,,,,,,2.0,,
371052,,,,,,,,38.0,,15.0,,,,,,15.0,4.0,,,,,,,1.0,1.0,
371690,,,,,,,,50.0,,30.0,,,,,,2.0,2.0,1.0,,,,,,11.0,1.0,
371830,,,,,,,,6.0,,2.0,,,,,,2.0,,1.0,,,,,,1.0,,
371928,,,,,,,,20.0,,8.0,,,,,,8.0,1.0,,,,,,1.0,1.0,,
371964,,,,,,,,30.0,,11.0,,,,,,3.0,1.0,,,,,0.0,,2.0,,
372000,,,,,,,,6.0,,3.0,,,,,,,1.0,,,,,,,1.0,,
372028,,,,,,,,11.0,,3.0,,,,,,1.0,,,,,,,,4.0,,
372073,,,,,,,,55.0,,17.0,,,,,,3.0,12.0,1.0,2.0,,,,,1.0,,
372082,,,,,,,,42.0,,23.0,,,,,,2.0,0.0,3.0,,2.0,,1.0,,9.0,1.0,
372240,,,,,,,,6.0,,2.0,,,,,,1.0,1.0,,,,,,,1.0,,
372329,,,,,,,,85.0,,37.0,,,,,,6.0,4.0,,,,,2.0,6.0,21.0,,
372356,,,,,,,,7.0,,5.0,,,,,,1.0,,,,,,,0.0,1.0,,
372462,,,,,,,,16.0,,8.0,,,,,,3.0,1.0,,,,,,,2.0,,
372718,,,,,,,,20.0,,10.0,,,,,,1.0,1.0,,,,,,3.0,2.0,,
372921,,,,,,,,51.0,,24.0,,,,,,8.0,4.0,,2.0,1.0,,,8.0,1.0,,
372958,,,,,,,,30.0,,14.0,,,,,,7.0,1.0,1.0,,,,,5.0,1.0,,
373058,,,,,,,,6.0,,5.0,,,,,,1.0,,,,,,0.0,,,,
373085,,,,,,,,17.0,,8.0,,,,,,4.0,,,,,,,,2.0,,
373216,,,,,,,,12.0,,4.0,,,,,,3.0,0.0,,,,,,1.0,1.0,,
373456,,,,,,,,7.0,,3.0,,,,,,,2.0,,,,,,,1.0,,
373526,,,,,,,,32.0,,19.0,,,,,,3.0,,,6.0,,,,,4.0,,
373678,,,,,,,,13.0,,7.0,,,,,,3.0,1.0,,,,,,1.0,1.0,,
373696,,,,,,,,15.0,,8.0,,,,,,3.0,1.0,,,,,,,3.0,,
373711,,,,,,,,8.0,,6.0,,,,,,1.0,,,,,,,,1.0,,
373784,,,,,,,,54.0,,21.0,,,,,,9.0,,,,,,,13.0,10.0,0.0,
374024,,,,,,,,44.0,,23.0,,0.0,,,,3.0,1.0,2.0,,,,2.0,2.0,4.0,,
374316,,,,,,,,7.0,,3.0,,,,,,,,,,,,,,4.0,,
374343,,,,,,,,5.0,,3.0,,,,,,1.0,1.0,,,,,,,,,
374574,,,,,,,,51.0,,24.0,,,,,,14.0,,1.0,,,,1.0,,7.0,,1.0
374592,,,,,,,,12.0,,6.0,,,,,,,,,,3.0,,3.0,,,,
374875,,,,,,,,54.0,,23.0,,,,,,4.0,,,17.0,,,,,3.0,,
374927,,,,,,,,7.0,,5.0,,,,,,,,,,,,,,2.0,,
374972,,,,,,,,44.0,,21.0,,,,,,5.0,2.0,,8.0,,,1.0,,4.0,,
374990,,,,,,,,6.0,,2.0,,,,,,1.0,,,,,,0.0,1.0,1.0,,
375106,,,,,,,,14.0,,6.0,,,,,,1.0,,,,,,,2.0,3.0,2.0,
375230,,,,,,,,9.0,,5.0,,,,,,1.0,0.0,,,,,1.0,,0.0,,
375300,,,,,,,,15.0,,7.0,,,,,,3.0,1.0,,,,,,1.0,1.0,,
375319,,,,,,,,5.0,,2.0,,,,,,2.0,,,,,,,,,,
375373,,,,,,,,33.0,,24.0,,,,,,1.0,2.0,,,2.0,,,,4.0,,
375407,,,,,,,,18.0,,12.0,,,,,,2.0,,,,,,,,3.0,,
375416,,,,,,,,67.0,,35.0,,,,,,8.0,2.0,1.0,,,,6.0,5.0,8.0,,
375489,,,,,,,,36.0,,15.0,,,,,,4.0,,1.0,8.0,,,1.0,,4.0,,
375540,,,,,,,,11.0,,4.0,,,,,,1.0,2.0,,,,,,,3.0,,
375568,,,,,,,,5.0,,3.0,,,,,,,,,,,,,,,0.0,
375656,,,,,,,,24.0,,5.0,,,,,,3.0,,3.0,1.0,3.0,,2.0,,7.0,,
375683,,,,,,,,116.0,,36.0,,,,,,9.0,4.0,4.0,,7.0,,2.0,2.0,9.0,24.0,
375692,,,,,,,,24.0,,10.0,,,,,,1.0,3.0,,,,,,,1.0,4.0,
375708,,,,,,,,30.0,,12.0,,,,,,,2.0,1.0,,6.0,,1.0,,2.0,1.0,2.0
375717,,,,,,,,28.0,,10.0,,,,,,3.0,,,,4.0,,3.0,,4.0,3.0,
375726,,,,,,,,43.0,,17.0,,,,,,7.0,,,,2.0,,1.0,,10.0,2.0,
375735,,,,,,,,30.0,,13.0,,,,,,2.0,1.0,1.0,1.0,,,2.0,,2.0,3.0,
375744,,,,,,,,50.0,,22.0,,,,,,2.0,2.0,3.0,2.0,6.0,,1.0,,3.0,,
375753,,,,,,,,3.0,,1.0,,,,,,,,,,,,,,,,1.0
375762,,,,,,,,15.0,,6.0,,,,,,1.0,,,,,,2.0,,2.0,,
375939,,,,,,,,38.0,,30.0,,,,,,2.0,,,,,,,2.0,,,
375966,,,,,,,,15.0,,12.0,,,,,,1.0,0.0,,,,,,,2.0,,
375984,,,,,,,,18.0,,10.0,,,,,,3.0,,,,,,,,2.0,1.0,
376224,,,,,,,,81.0,,18.0,,,,,,23.0,14.0,1.0,3.0,1.0,,5.0,3.0,10.0,,
376242,,,,,,,,65.0,,20.0,,,,,,2.0,3.0,1.0,2.0,2.0,,24.0,2.0,1.0,2.0,3.0
376288,,,,,,,,16.0,,4.0,,,,,,3.0,1.0,0.0,,,,1.0,2.0,0.0,1.0,0.0
376321,,,,,,,,154.0,,42.0,,,,,,24.0,3.0,4.0,5.0,,,,19.0,39.0,1.0,
376330,,,,,,,,30.0,,18.0,,,,,,7.0,,,,,,,,3.0,,
376385,,,,,,,,103.0,,49.0,,,,,,10.0,1.0,1.0,3.0,1.0,,10.0,2.0,22.0,,
376446,,,,,,,,7.0,,4.0,,,,,,1.0,1.0,,,,,,,1.0,,
376631,,,,,,,,5.0,,2.0,,,,,,1.0,1.0,0.0,,,,,,1.0,,
376677,,,,,,,,11.0,,6.0,,,,,,1.0,1.0,,,,,,1.0,1.0,,
376695,,,,,,,,196.0,,69.0,5.0,7.0,,,,20.0,9.0,8.0,3.0,4.0,,27.0,1.0,10.0,14.0,2.0
377111,,,,,,,,47.0,,25.0,,,,,,10.0,1.0,,,,,3.0,3.0,4.0,,
377193,,,,,,,,11.0,,3.0,,,,,,1.0,3.0,,,,,0.0,1.0,3.0,,
377218,,,,,,,,22.0,,10.0,,,,,,2.0,1.0,,,,,0.0,2.0,6.0,,
377272,,,,,,,,14.0,,3.0,,,,,,2.0,3.0,,,,,,3.0,1.0,2.0,
377281,,,,,,,,20.0,,6.0,,,,,,4.0,3.0,,,,,,3.0,2.0,1.0,
377315,,,,,,,,9.0,,5.0,,,,,,2.0,1.0,,,,,,,1.0,,
377342,,,,,,,,61.0,,21.0,,,,,,10.0,6.0,,,,,,12.0,7.0,,
377449,,,,,,,,32.0,,14.0,,,,,,6.0,,,,,,,,12.0,,
377458,,,,,,,,37.0,,15.0,,,,,,7.0,,,,,,,,15.0,,
377485,,,,,,,,6.0,,4.0,,,,,,1.0,,,,,,,,1.0,,
377546,,,,,,,,15.0,,4.0,,,,,,3.0,,,,,,,3.0,4.0,,
377555,,,,,,,,619.0,,259.0,18.0,,,,,28.0,58.0,29.0,10.0,,,46.0,,51.0,15.0,1.0
377564,,,,,,,,564.0,,274.0,10.0,,,,,24.0,33.0,27.0,13.0,,,16.0,,63.0,14.0,0.0
377652,,,,,,,,19.0,,4.0,,,,,,1.0,,,,,,,2.0,10.0,0.0,
377661,,,,,,,,25.0,,7.0,,,,,,1.0,,,,,,,3.0,9.0,0.0,
377670,,,,,,,,8.0,,2.0,,,,,,1.0,,,,,,,2.0,3.0,0.0,
377722,,,,,,,,55.0,,25.0,,,,,,9.0,0.0,,,,,,2.0,11.0,1.0,
377759,,,,,,,,5.0,,1.0,,,,,,1.0,0.0,,,,,2.0,,0.0,,
378105,,,,,,,,21.0,,9.0,,,,,,1.0,2.0,,,,,,,2.0,,
378576,,,,,,,,91.0,,37.0,,,,,,10.0,2.0,2.0,1.0,,,3.0,,35.0,,
378886,,,,,,,,13.0,,7.0,,,,,,2.0,1.0,,,,,,1.0,1.0,,
378956,,,,,,,,105.0,,33.0,,,,,,33.0,8.0,1.0,,,,,8.0,18.0,,
379621,,,,,,,,6.0,,3.0,,,,,,1.0,0.0,,,,,,,1.0,,
379746,,,,,,,,7.0,,3.0,,,,,,2.0,,,,,,,1.0,1.0,,
379782,,,,,,,,20.0,,8.0,,,,,,6.0,1.0,,0.0,,,,,3.0,,
380067,,,,,,,,5.0,,2.0,,,,,,1.0,,,,,,,,1.0,1.0,
380359,,,,,,,,67.0,,15.0,,,,,,20.0,5.0,4.0,5.0,,,,,9.0,1.0,3.0
380368,,,,,,,,92.0,,41.0,,,,,,5.0,4.0,2.0,4.0,,,2.0,2.0,7.0,3.0,
380377,,,,,,,,175.0,,46.0,3.0,,,,,41.0,5.0,4.0,4.0,,,14.0,,26.0,,
380438,,,,,,,,47.0,,29.0,,,,,,1.0,2.0,,,,,1.0,4.0,3.0,,
380456,,,,,,,,21.0,,9.0,,,,,,2.0,,,,,,,5.0,3.0,1.0,
380465,,,,,,,,41.0,,30.0,,,,,,7.0,1.0,,,,,,,3.0,,
380474,,,,,,,,26.0,,10.0,,,,,,2.0,4.0,,,,,0.0,2.0,3.0,1.0,
381255,,,,,,,,15.0,,5.0,,,,,,2.0,,,,,,1.0,,,,
381282,,,,,,,,15.0,,8.0,,,,,,1.0,1.0,,,,,1.0,,,,
381325,,,,,,,,14.0,,9.0,,,,,,2.0,,,,,,,,,,
381352,,,,,,,,28.0,,13.0,,,,,,2.0,1.0,0.0,,,,,2.0,4.0,,
381361,,,,,,,,14.0,,12.0,,,,,,1.0,0.0,0.0,,,,,,1.0,,
381370,,,,,,,,20.0,,12.0,,,,,,1.0,1.0,,,,,0.0,3.0,1.0,,
381404,,,,,,,,19.0,,8.0,,,,,,3.0,,,,,,,1.0,,,
381459,,,,,,,,33.0,,8.0,,,,,,7.0,3.0,,,,,1.0,,2.0,,
381486,,,,,,,,5.0,,3.0,,,,,,1.0,1.0,,,,,,,,,
381732,,,,,,,,21.0,,9.0,,,,,,3.0,1.0,,,3.0,,,2.0,2.0,,
381866,,,,,,,,9.0,,3.0,,,,,,1.0,1.0,,,,,,,1.0,,
381945,,,,,,,,19.0,,5.0,,,,,,1.0,0.0,,,,,1.0,3.0,8.0,,
382063,,,,,,,,28.0,,17.0,,,,,,4.0,1.0,,2.0,,,,,3.0,,
382258,,,,,,,,22.0,,14.0,,,,,,1.0,1.0,1.0,,,,,,2.0,,
382267,,,,,,,,7.0,,4.0,,,,,,1.0,,,,,,,,2.0,,
382416,,,,,,,,10.0,,7.0,,,,,,1.0,0.0,,,,,,,2.0,,
382461,,,,,,,,4.0,,3.0,,,,,,,,,,,,,,1.0,,
382504,,,,,,,,47.0,,11.0,,,,,,4.0,,,,,,,21.0,9.0,1.0,
382771,,,,,,,,32.0,,19.0,,,,,,3.0,2.0,,,1.0,,,,6.0,,
382780,,,,,,,,27.0,,11.0,,,,,,2.0,4.0,1.0,,,,,4.0,4.0,,
382896,,,,,,,,32.0,,15.0,,,,,,2.0,,,11.0,,,,,,,
382902,,,,,,,,7.0,,4.0,,,,,,1.0,1.0,,,,,,,1.0,,
382957,,,,,,,,45.0,,27.0,,,,,,6.0,1.0,,,,,,,3.0,,
383020,,,,,,,,13.0,,6.0,,,,,,2.0,,,,,,,,0.0,,
383084,,,,,,,,115.0,,30.0,,17.0,,,,10.0,7.0,1.0,,1.0,,7.0,,14.0,7.0,3.0
383163,,,,,,,,21.0,,13.0,,,,,,3.0,2.0,,,,,,1.0,,2.0,
383172,,,,,,,,3.0,,,,,,,,1.0,,,,,,,,1.0,,
383190,,,,,,,,260.0,,117.0,,,,,,11.0,8.0,7.0,23.0,,,25.0,,33.0,2.0,
383279,,,,,,,,20.0,,9.0,,,,,,2.0,1.0,,,,,,2.0,4.0,2.0,
383297,,,,,,,,12.0,,9.0,,,,,,1.0,,,,,,,1.0,1.0,,
383312,,,,,,,,17.0,,11.0,,,,,,1.0,1.0,,0.0,,,,,3.0,,
383330,,,,,,,,31.0,,26.0,,,,,,1.0,,,,,,,,2.0,,
383367,,,,,,,,84.0,,43.0,,,,,,5.0,,2.0,3.0,0.0,,11.0,,11.0,,
383464,,,,,,,,21.0,,9.0,,,,,,1.0,1.0,,,,,4.0,,3.0,,
383525,,,,,,,,20.0,,13.0,,,,,,2.0,,,,1.0,,,,4.0,,
383765,,,,,,,,10.0,,5.0,,,,,,2.0,,,,,,,,1.0,,
383792,,,,,,,,7.0,,4.0,,,,,,2.0,,,,,,,,0.0,1.0,
383950,,,,,,,,33.0,,17.0,,,,,,5.0,,1.0,,,,0.0,2.0,2.0,,
383996,,,,,,,,61.0,,19.0,,,,,,4.0,6.0,2.0,2.0,,,3.0,,9.0,,
384236,,,,,,,,32.0,,8.0,,,,,,4.0,2.0,,,,,0.0,,18.0,,
384245,,,,,,,,36.0,,13.0,,,,,,7.0,2.0,,,,,0.0,,13.0,,
384254,,,,,,,,104.0,,28.0,,,,,,18.0,4.0,2.0,,4.0,,4.0,6.0,3.0,,3.0
384306,,,,,,,,15.0,,8.0,,2.0,,,,2.0,,,,,,,,,,
384333,,,,,,,,431.0,,222.0,,,,,,27.0,10.0,13.0,21.0,,,18.0,,100.0,6.0,
384342,,,,,,,,358.0,,158.0,,,,,,64.0,16.0,14.0,18.0,0.0,,15.0,,39.0,4.0,
384412,,,,,,,,24.0,,2.0,,,,,,6.0,1.0,,,,,,,,,
384421,,,,,,,,12.0,,5.0,,,,,,1.0,2.0,,,,,3.0,,1.0,,
385132,,,,,,,,13.0,,7.0,,,,,,2.0,2.0,,,,,,,1.0,0.0,
385503,,,,,,,,37.0,,19.0,,,,,,7.0,1.0,0.0,,,,,4.0,3.0,0.0,
385549,,,,,,,,14.0,,8.0,,,,,,1.0,,,,,,,1.0,4.0,,
385619,,,,,,,,221.0,,114.0,,,,,,33.0,17.0,,,,,0.0,,49.0,,
386153,,,,,,,,34.0,,23.0,,,,,,5.0,2.0,,,,,,,4.0,,
386472,,,,,,,,49.0,,29.0,,,,,,2.0,,2.0,,,,,,3.0,,
387819,,,,,,,,5.0,,2.0,,,,,,1.0,1.0,,,,,0.0,,0.0,,
387925,,,,,,,,19.0,,8.0,,,,,,2.0,3.0,,,,,0.0,2.0,1.0,,
388043,,,,,,,,35.0,,14.0,,,,,,3.0,,,,,,,9.0,9.0,,
388520,,,,,,,,62.0,,23.0,,,,,,11.0,2.0,3.0,9.0,,,1.0,,9.0,,
388663,,,,,,,,13.0,,9.0,,,,,,1.0,1.0,,,,,,,1.0,,
389727,,,,,,,,41.0,,24.0,,,,,,2.0,,,10.0,,,,,1.0,,
389860,,,,,,,,45.0,,33.0,,,,,,3.0,1.0,,,,,,,3.0,,
390701,,,,,,,,2.0,,0.0,,,,,,1.0,,,,,,,,1.0,,
390905,,,,,,,,44.0,,32.0,,,,,,3.0,1.0,0.0,,,,1.0,,2.0,,
391005,,,,,,,,18.0,,8.0,,,,,,4.0,3.0,,,,,1.0,,2.0,,
391546,,,,,,,,12.0,,5.0,,,,,,1.0,2.0,,,,,,3.0,1.0,,
391759,,,,,,,,3.0,,3.0,,,,,,,,,,,,,,,,
392257,,,,,,,,123.0,,57.0,,,,,,12.0,,,,,,,,3.0,,
392354,,,,,,,,11.0,,9.0,,,,,,2.0,,,,,,,,,,
392415,,,,,,,,31.0,,13.0,,,,,,4.0,2.0,,0.0,,,,5.0,2.0,,
392840,,,,,,,,57.0,,23.0,,,,,,11.0,2.0,4.0,,,,3.0,,10.0,,
393524,,,,,,,,13.0,,5.0,,,,,,1.0,1.0,,,,,1.0,,2.0,,
393649,,,,,,,,42.0,,12.0,,,,,,5.0,1.0,,,,,0.0,,23.0,,
393861,,,,,,,,19.0,,11.0,,,,,,1.0,1.0,,,,,,,5.0,,
395362,,,,,,,,146.0,,80.0,,,,,,7.0,2.0,6.0,0.0,,,9.0,,31.0,,
395690,,,,,,,,27.0,,11.0,,,,,,2.0,2.0,,,,,1.0,,12.0,,
397942,,,,,,,,60.0,,17.0,,,,,,11.0,2.0,,,,,1.0,,29.0,,
398130,,,,,,,,47.0,,20.0,,,,,,5.0,7.0,3.0,3.0,,,1.0,4.0,2.0,,
399212,,,,,,,,444.0,,262.0,,,,,,16.0,14.0,10.0,34.0,,,25.0,,60.0,,
399869,,,,,,,,43.0,,19.0,,,,,,7.0,3.0,2.0,,,,2.0,,5.0,,
399911,,,,,,,,214.0,,58.0,,,,,,35.0,10.0,12.0,28.0,2.0,,21.0,2.0,29.0,,3.0
400080,,,,,,,,112.0,,39.0,,,,,,16.0,5.0,2.0,,,,,13.0,30.0,3.0,
400187,,,,,,,,30.0,,12.0,,,,,,4.0,0.0,,,,,,,2.0,,
401223,,,,,,,,18.0,,6.0,,,,,,3.0,2.0,1.0,,,,,,0.0,,
401250,,,,,,,,36.0,,16.0,,,,,,4.0,1.0,,,2.0,,,,7.0,,
401481,,,,,,,,4.0,,2.0,,,,,,1.0,,,,,,0.0,,0.0,,
401764,,,,,,,,20.0,,11.0,,,,,,1.0,2.0,,0.0,,,0.0,2.0,1.0,,
402563,,,,,,,,26.0,,14.0,,,,,,2.0,1.0,,,,,,4.0,5.0,,
402776,,,,,,,,16.0,,6.0,,,,,,4.0,1.0,1.0,,,,,,2.0,1.0,
402800,,,,,,,,23.0,,10.0,,,,,,3.0,2.0,,,,,1.0,2.0,4.0,1.0,
403469,,,,,,,,68.0,,33.0,,,,,,5.0,3.0,1.0,12.0,,,3.0,,8.0,,
403478,,,,,,,,65.0,,28.0,,,,,,2.0,2.0,1.0,14.0,,,6.0,3.0,7.0,1.0,
403487,,,,,,,,98.0,,44.0,,,,,,3.0,7.0,1.0,17.0,,,11.0,2.0,9.0,1.0,
404037,,,,,,,,5.0,,2.0,,,,,,,1.0,0.0,,,,,,2.0,,
404055,,,,,,,,23.0,,12.0,,,,,,,2.0,,,,,,4.0,4.0,,
404222,,,,,,,,65.0,,24.0,,10.0,,,,13.0,,,,,,7.0,,8.0,,
404338,,,,,,,,19.0,,9.0,,,,,,3.0,1.0,1.0,,,,2.0,,,,
404365,,,,,,,,26.0,,15.0,,,,,,1.0,1.0,,,,,0.0,4.0,1.0,,
404374,,,,,,,,27.0,,16.0,,,,,,1.0,2.0,,,,,0.0,3.0,1.0,,
404383,,,,,,,,38.0,,26.0,,,,,,1.0,2.0,,,,,,4.0,1.0,,
404426,,,,,,,,205.0,,77.0,,,,,,22.0,7.0,17.0,3.0,,,9.0,,14.0,,
404480,,,,,,,,258.0,,,60.0,,,,,22.0,47.0,98.0,2.0,1.0,,4.0,1.0,2.0,14.0,2.0
404684,,,,,,,,74.0,,28.0,,,,,,6.0,2.0,,1.0,,,6.0,16.0,1.0,4.0,3.0
404718,,,,,,,,4.0,,2.0,,,,,,1.0,,,,,,,,1.0,,
404806,,,,,,,,38.0,,16.0,,,,,,5.0,1.0,1.0,7.0,,,,,2.0,2.0,
404912,,,,,,,,56.0,,34.0,,,,,,3.0,,,,,,,,12.0,,
404994,,,,,,,,555.0,,205.0,,,,,,77.0,105.0,13.0,49.0,,,33.0,2.0,33.0,12.0,5.0
405012,,,,,,,,8.0,,4.0,,,,,,1.0,1.0,,,,,,1.0,,,
405021,,,,,,,,14.0,,4.0,,,,,,1.0,1.0,,,,,4.0,1.0,2.0,,
405058,,,,,,,,17.0,,6.0,,,,,,1.0,1.0,,,,,6.0,,3.0,,
405748,,,,,,,,13.0,,6.0,,,,,,2.0,,,,,,,,4.0,,
405854,,,,,,,,15.0,,9.0,,,,,,1.0,1.0,,,,,2.0,,2.0,,
405872,,,,,,,,368.0,,125.0,,29.0,,,,28.0,10.0,16.0,7.0,2.0,,27.0,,77.0,,
405997,,,,,,,,35.0,,26.0,,,,,,7.0,1.0,,,,,,,1.0,,
406024,,,,,,,,102.0,,59.0,,,,,,10.0,,2.0,,,,3.0,,16.0,,
406033,,,,,,,,122.0,,68.0,,,,,,12.0,,2.0,,,,1.0,,23.0,,
406149,,,,,,,,19.0,,11.0,,,,,,2.0,1.0,,,,,,,3.0,,
406325,,,,,,,,21.0,,11.0,,,,,,5.0,1.0,,,,,,,3.0,,
406413,,,,,,,,7.0,,2.0,,,,,,3.0,1.0,,,,,,,1.0,,
406422,,,,,,,,11.0,,7.0,,,,,,1.0,,,,,,,,2.0,,
406486,,,,,,,,13.0,,6.0,,,,,,1.0,,,,,,,0.0,5.0,,
406495,,,,,,,,15.0,,8.0,,,,,,2.0,,,,,,,1.0,,,
406547,,,,,,,,37.0,,13.0,,,,,,9.0,2.0,1.0,7.0,,,,,3.0,,
407009,,,,,,,,640.0,,281.0,1.0,,,,,64.0,50.0,41.0,55.0,,,29.0,,48.0,15.0,2.0
407054,,,,,,,,20.0,,7.0,,,,,,1.0,1.0,0.0,,,,3.0,3.0,2.0,,
407090,,,,,,,,25.0,,11.0,,,,,,4.0,2.0,,,,,,,6.0,1.0,
407142,,,,,,,,9.0,,5.0,,,,,,1.0,2.0,,,,,,,1.0,,
407151,,,,,,,,6.0,,4.0,,,,,,1.0,1.0,,,,,,,,,
407179,,,,,,,,6.0,,4.0,,,,,,1.0,,,,,,,,1.0,,
407328,,,,,,,,5.0,,2.0,,,,,,1.0,,,,,,,,1.0,,
407355,,,,,,,,29.0,,11.0,,,,,,5.0,2.0,,,,,,9.0,2.0,,
407391,,,,,,,,13.0,,10.0,,,,,,1.0,,,,,,,1.0,1.0,,
407407,,,,,,,,10.0,,7.0,,,,,,1.0,,,,,,,1.0,1.0,,
407425,,,,,,,,8.0,,5.0,,,,,,1.0,,,,,,,1.0,1.0,,
407434,,,,,,,,17.0,,6.0,,,,,,2.0,2.0,,,,,,2.0,1.0,2.0,
407461,,,,,,,,33.0,,22.0,,,,,,3.0,1.0,,0.0,,,0.0,,6.0,,
407470,,,,,,,,14.0,,8.0,,,,,,2.0,,,,,,,,1.0,,
407489,,,,,,,,21.0,,12.0,,,,,,6.0,1.0,,,,,1.0,,2.0,,
407513,,,,,,,,32.0,,16.0,,,,,,6.0,2.0,,0.0,,,1.0,,2.0,,
407522,,,,,,,,6.0,,3.0,,,,,,1.0,1.0,,,,,,,1.0,,
407568,,,,,,,,11.0,,3.0,,,,,,2.0,1.0,,,,,1.0,,4.0,,
407577,,,,,,,,52.0,,25.0,,,,,,11.0,4.0,,,,,8.0,,3.0,,
407595,,,,,,,,25.0,,17.0,,,,,,5.0,,,,,,,,3.0,,
407610,,,,,,,,12.0,,8.0,,,,,,1.0,0.0,,,,,,,1.0,,
407629,,,,,,,,594.0,,196.0,,,,,,39.0,8.0,14.0,16.0,5.0,,88.0,,110.0,11.0,
407683,,,,,,,,21.0,,7.0,,,,,,2.0,1.0,,,,,1.0,1.0,3.0,1.0,
407708,,,,,,,,24.0,,10.0,,,,,,2.0,,,,,,2.0,3.0,,,
407735,,,,,,,,6.0,,3.0,,,,,,2.0,,,,,,,,1.0,,
407832,,,,,,,,177.0,,45.0,,,,,,13.0,3.0,4.0,,,,9.0,,17.0,,
408039,,,,,,,,22.0,,7.0,,,,,,3.0,,,,,,,,7.0,1.0,
408066,,,,,,,,19.0,,9.0,,,,,,5.0,1.0,,,,,,1.0,2.0,,
408163,,,,,,,,13.0,,6.0,,,,,,1.0,1.0,,,,,,,4.0,,
408729,,,,,,,,18.0,,11.0,,,,,,2.0,1.0,,,,,,,0.0,1.0,
408844,,,,,,,,299.0,,105.0,,,,,,18.0,,,9.0,,,,,151.0,9.0,
408862,,,,,,,,33.0,,20.0,,,,,,3.0,1.0,1.0,,,,,,3.0,,
409032,,,,,,,,22.0,,13.0,,,,,,,2.0,,,,,,,3.0,4.0,
409120,,,,,,,,20.0,,13.0,,,,,,2.0,1.0,,,,,,,3.0,,
409193,,,,,,,,31.0,,14.0,,,,,,2.0,1.0,1.0,1.0,,,1.0,,5.0,2.0,2.0
409254,,,,,,,,209.0,,26.0,11.0,3.0,,,,28.0,4.0,9.0,78.0,14.0,,,,30.0,1.0,
409315,,,,,,,,1865.0,,778.0,,,,,,141.0,120.0,112.0,61.0,4.0,,146.0,,246.0,30.0,21.0
409379,,,,,,,,133.0,,,,,,,,29.0,4.0,12.0,6.0,,,,,29.0,,
409537,,,,,,,,6.0,,4.0,,,,,,1.0,,,,,,,,1.0,,
409591,,,,,,,,15.0,,8.0,,,,,,2.0,,,,,,,,3.0,,
409616,,,,,,,,77.0,,33.0,,,,,,18.0,1.0,,2.0,,,,,14.0,,
409698,,,,,,,,831.0,,280.0,,,,,,51.0,122.0,82.0,108.0,4.0,,16.0,,103.0,27.0,10.0
410283,,,,,,,,21.0,,15.0,,,,,,1.0,1.0,,,,,0.0,,1.0,,
410496,,,,,,,,50.0,,32.0,,,,,,3.0,,0.0,8.0,,,0.0,,3.0,,
410502,,,,,,,,95.0,,46.0,,,,,,10.0,10.0,,4.0,,,,,19.0,,
410797,,,,,,,,30.0,,14.0,,,,,,4.0,1.0,,,,,,2.0,1.0,,
410964,,,,,,,,5.0,,2.0,,,,,,1.0,1.0,,,,,,,0.0,,
411684,,,,,,,,19.0,,7.0,,,,,,7.0,1.0,,,,,,,2.0,,
411754,,,,,,,,5.0,,4.0,,,,,,1.0,,,,,,,,,,
412173,,,,,,,,36.0,,22.0,,,,,,5.0,1.0,1.0,1.0,,,,,5.0,,
412535,,,,,,,,4.0,,2.0,,,,,,0.0,0.0,,,,,,,1.0,,
412544,,,,,,,,17.0,,9.0,,,,,,1.0,1.0,,,,,0.0,1.0,4.0,,
412599,,,,,,,,54.0,,31.0,,,,,,7.0,2.0,,,,,5.0,4.0,4.0,,
413176,,,,,,,,13.0,,5.0,,,,,,2.0,2.0,,,,,1.0,,2.0,,
413343,,,,,,,,4.0,,2.0,,,,,,1.0,,,,,,,,1.0,,
413413,,,,,,,,1993.0,,620.0,,,,,,169.0,665.0,146.0,284.0,,,,25.0,76.0,,
413617,,,,,,,,112.0,,25.0,,,,,,26.0,6.0,4.0,12.0,,,3.0,,22.0,3.0,
413626,,,,,,,,49.0,,18.0,,,,,,3.0,2.0,2.0,1.0,,,0.0,1.0,2.0,4.0,
413680,,,,,,,,41.0,,19.0,,,,,,6.0,5.0,0.0,,,,1.0,6.0,4.0,,
413778,,,,,,,,20.0,,12.0,,,,,,2.0,,,,,,,,2.0,1.0,
413802,,,,,,,,26.0,,12.0,,,,,,3.0,4.0,1.0,,,,,,1.0,,
413820,,,,,,,,6.0,,3.0,,,,,,1.0,1.0,,,,,,,1.0,,
413893,,,,,,,,31.0,,11.0,,,,,,6.0,3.0,,,,,0.0,,11.0,,
413945,,,,,,,,12.0,,6.0,,,,,,1.0,1.0,,,,,,,3.0,1.0,
413972,,,,,,,,5.0,,5.0,,,,,,,,,,,,,,,,
414063,,,,,,,,18.0,,10.0,,,,,,1.0,2.0,,,,,2.0,1.0,2.0,,
414124,,,,,,,,39.0,,20.0,,,,,,6.0,2.0,,1.0,,,3.0,,4.0,1.0,
414461,,,,,,,,219.0,,73.0,,,,,,27.0,19.0,3.0,,2.0,,,,5.0,25.0,
414489,,,,,,,,12.0,,6.0,,,,,,2.0,3.0,,,,,,,1.0,,
414540,,,,,,,,43.0,,17.0,,,,,,6.0,,1.0,,,,5.0,4.0,9.0,,
414595,,,,,,,,81.0,,42.0,1.0,,,,,7.0,,2.0,,,,6.0,,22.0,,
414823,,,,,,,,175.0,,73.0,,,,,,28.0,21.0,1.0,26.0,2.0,,6.0,,9.0,6.0,
414869,,,,,,,,17.0,,12.0,,,,,,,,,,,,,,1.0,,
414911,,,,,,,,137.0,,54.0,,2.0,,,,23.0,5.0,7.0,8.0,,,8.0,,26.0,1.0,
414939,,,,,,,,16.0,,6.0,,,,,,1.0,,,,,,,,9.0,,
414966,,,,,,,,34.0,,11.0,0.0,0.0,,,,1.0,4.0,2.0,2.0,,,,2.0,4.0,1.0,
415039,,,,,,,,6.0,,4.0,,,,,,1.0,,,,,,,,,,
415057,,,,,,,,17.0,,7.0,,,,,,1.0,2.0,,,,,,1.0,1.0,,
415729,,,,,,,,2.0,,2.0,,,,,,,,,,,,,,,,
415987,,,,,,,,23.0,,9.0,,,,,,,,,,,,,,1.0,,
416458,,,,,,,,46.0,,12.0,,,,,,2.0,7.0,2.0,,,,,5.0,6.0,5.0,3.0
416670,,,,,,,,6.0,,4.0,,,,,,1.0,,,,,,,,1.0,,
416801,,,,,,,,41.0,,18.0,1.0,,,,,1.0,2.0,,,1.0,,12.0,,6.0,,
417008,,,,,,,,15.0,,5.0,,,,,,5.0,1.0,,,,,,,2.0,,
417062,,,,,,,,6.0,,4.0,,,,,,1.0,,,,,,,,1.0,,
417105,,,,,,,,59.0,,23.0,,,,,,4.0,,,,,,20.0,,10.0,,
417123,,,,,,,,22.0,,10.0,,,,,,1.0,2.0,,,,,3.0,,3.0,,
417248,,,,,,,,5.0,,3.0,,,,,,1.0,0.0,,,,,,,,0.0,
417318,,,,,,,,8.0,,1.0,,,,,,1.0,,1.0,,,,1.0,,1.0,,
417327,,,,,,,,36.0,,16.0,,,,,,7.0,2.0,1.0,6.0,,,,,3.0,,
417381,,,,,,,,8.0,,4.0,,,,,,2.0,,,,,,,,1.0,,
417406,,,,,,,,9.0,,3.0,,,,,,2.0,2.0,,,,,,1.0,1.0,,
417442,,,,,,,,14.0,,6.0,,,,,,1.0,2.0,,,2.0,,,,1.0,,
417503,,,,,,,,28.0,,13.0,,,,,,4.0,1.0,,,,,4.0,,,,
417549,,,,,,,,25.0,,9.0,,,,,,3.0,2.0,,,,,5.0,2.0,2.0,,
417600,,,,,,,,3.0,,3.0,,,,,,,,,,,,,,,,
417628,,,,,,,,20.0,,14.0,,,,,,1.0,,,,,,,,2.0,2.0,
417637,,,,,,,,19.0,,9.0,,,,,,5.0,,0.0,,,,0.0,,2.0,,
417646,,,,,,,,7.0,,2.0,,,,,,2.0,,,1.0,,,1.0,,1.0,,
417655,,,,,,,,6.0,,4.0,,,,,,1.0,,,,,,,,1.0,,
417673,,,,,,,,24.0,,1.0,,,,,,1.0,2.0,2.0,1.0,4.0,,4.0,,3.0,2.0,
417682,,,,,,,,8.0,,2.0,,,,,,3.0,1.0,,1.0,,,,,1.0,,
417716,,,,,,,,19.0,,12.0,,,,,,1.0,3.0,,,,,,,2.0,,
417725,,,,,,,,11.0,,8.0,,,,,,,,,,,,,,3.0,,
417734,,,,,,,,32.0,,17.0,,,,,,10.0,,,,,,,,4.0,,
417752,,,,,,,,16.0,,8.0,,,,,,2.0,,,,,,,,1.0,,
417789,,,,,,,,6.0,,4.0,,,,,,1.0,,,,,,,,1.0,,
417804,,,,,,,,12.0,,6.0,,,,,,1.0,1.0,,,,,,,4.0,,
417831,,,,,,,,7.0,,4.0,,,,,,,,,,,,,,3.0,,
417840,,,,,,,,37.0,,26.0,,,,,,1.0,2.0,,,,,,2.0,3.0,,
417868,,,,,,,,106.0,,9.0,,,,,,6.0,10.0,,,,,13.0,,6.0,,
417886,,,,,,,,8.0,,6.0,,,,,,1.0,0.0,,,,,,,0.0,,
417910,,,,,,,,28.0,,16.0,,,,,,1.0,3.0,,,,,2.0,,4.0,,
417983,,,,,,,,5.0,,2.0,,,,,,,0.0,,,2.0,,,,1.0,,
417992,,,,,,,,6.0,,4.0,,,,,,,,,,,,,,1.0,,
418001,,,,,,,,16.0,,10.0,,,,,,2.0,1.0,,,,,,,1.0,,
418010,,,,,,,,9.0,,7.0,,,,,,1.0,,,,,,,,1.0,,
418029,,,,,,,,4.0,,2.0,,,,,,1.0,,,,,,,,,,
418038,,,,,,,,22.0,,10.0,,,,,,2.0,2.0,1.0,3.0,0.0,,1.0,,2.0,,
418056,,,,,,,,9.0,,6.0,,,,,,0.0,,,,,,,,,,
418065,,,,,,,,21.0,,11.0,,,,,,3.0,,,,,,,,7.0,,
418083,,,,,,,,3.0,,2.0,,,,,,,,,,,,,,1.0,,
418126,,,,,,,,50.0,,28.0,,,,,,1.0,1.0,,,,,,4.0,4.0,,
418171,,,,,,,,6.0,,3.0,,,,,,2.0,,,,,,,,1.0,,
418199,,,,,,,,5.0,,3.0,,,,,,0.0,,,,,,,,1.0,,
418205,,,,,,,,58.0,,43.0,,,,,,7.0,1.0,,,,,,,3.0,,
418223,,,,,,,,16.0,,11.0,,,,,,1.0,1.0,,1.0,,,,,2.0,,
418250,,,,,,,,32.0,,16.0,,,,,,1.0,3.0,4.0,0.0,1.0,,,0.0,5.0,1.0,
418269,,,,,,,,16.0,,7.0,,,,,,1.0,1.0,,,,,,2.0,1.0,,
418278,,,,,,,,29.0,,24.0,,,,,,1.0,0.0,,,,,,,3.0,,
418296,,,,,,,,111.0,,29.0,,,,,,10.0,1.0,3.0,1.0,,,6.0,,17.0,,15.0
418302,,,,,,,,113.0,,33.0,,,,,,7.0,11.0,3.0,5.0,0.0,,18.0,,21.0,,
418320,,,,,,,,107.0,,47.0,,,,,,6.0,1.0,,,,,17.0,,10.0,,1.0
418339,,,,,,,,45.0,,17.0,,,,,,2.0,,1.0,2.0,,,11.0,,10.0,,2.0
418348,,,,,,,,68.0,,18.0,,,,,,4.0,1.0,3.0,,,,26.0,,7.0,5.0,0.0
418357,,,,,,,,45.0,,13.0,,,,,,3.0,1.0,2.0,,6.0,,,,6.0,6.0,
418409,,,,,,,,35.0,,24.0,,,,,,5.0,,,,,,,,6.0,,
418427,,,,,,,,10.0,,7.0,,,,,,1.0,,,,,,,,2.0,,
418445,,,,,,,,5.0,,3.0,,,,,,1.0,0.0,0.0,,,,,,0.0,,
418454,,,,,,,,46.0,,26.0,,,,,,5.0,2.0,,,,,,,3.0,6.0,
418481,,,,,,,,5.0,,3.0,,,,,,1.0,,,,,,,,1.0,,
418515,,,,,,,,12.0,,7.0,,,,,,2.0,1.0,,,,,,,2.0,,
418524,,,,,,,,7.0,,4.0,,,,,,1.0,,,,,,,,2.0,,
418533,,,,,,,,187.0,,104.0,,,,,,15.0,4.0,4.0,14.0,,,15.0,,32.0,,
418542,,,,,,,,61.0,,33.0,,,,,,5.0,3.0,1.0,2.0,1.0,,3.0,,5.0,1.0,1.0
418560,,,,,,,,47.0,,29.0,,,,,,4.0,1.0,1.0,1.0,,,2.0,,6.0,1.0,
418588,,,,,,,,4.0,,2.0,,,,,,1.0,,,,,,,,1.0,,
418603,,,,,,,,6.0,,2.0,,,,,,1.0,,,,,,,,2.0,0.0,
418612,,,,,,,,3.0,,2.0,,,,,,,,,,,,,,1.0,,
418658,,,,,,,,35.0,,14.0,,,,,,8.0,,,,,,1.0,6.0,5.0,1.0,
418755,,,,,,,,7.0,,2.0,,,,,,1.0,,,,,,0.0,,3.0,,
418764,,,,,,,,15.0,,4.0,,,,,,1.0,1.0,,,,,2.0,1.0,3.0,1.0,
418773,,,,,,,,55.0,,15.0,,,,,,11.0,3.0,1.0,,,,1.0,7.0,10.0,5.0,
418782,,,,,,,,26.0,,8.0,,,,,,2.0,,,,,,,,8.0,2.0,
418870,,,,,,,,26.0,,16.0,,,,,,1.0,2.0,,,,,1.0,3.0,1.0,,
418889,,,,,,,,12.0,,3.0,,,,,,5.0,,1.0,,,,2.0,,1.0,,
418913,,,,,,,,2.0,,1.0,,,,,,,,,,,,,,1.0,,
418968,,,,,,,,8.0,,5.0,,,,,,1.0,1.0,,,,,,1.0,,,
419031,,,,,,,,5.0,,2.0,,,,,,1.0,0.0,,,,,1.0,,0.0,,
419095,,,,,,,,9.0,,8.0,,,,,,,,,,,,,,1.0,,
419147,,,,,,,,4.0,,,,,,,,1.0,,,,,,2.0,,,,
419183,,,,,,,,12.0,,7.0,,,,,,2.0,1.0,,,,,,,1.0,,
419217,,,,,,,,21.0,,9.0,,,,,,,0.0,,,10.0,,,,1.0,,
419226,,,,,,,,155.0,,95.0,,,,,,10.0,6.0,2.0,2.0,3.0,,5.0,,16.0,,
419235,,,,,,,,15.0,,7.0,,,,,,3.0,3.0,,,,,1.0,,1.0,,
419244,,,,,,,,16.0,,5.0,,,,,,1.0,2.0,1.0,,,,,,,,
419253,,,,,,,,22.0,,9.0,,,,,,1.0,1.0,1.0,2.0,,,,2.0,1.0,,
419271,,,,,,,,3.0,,1.0,,,,,,1.0,,,,,,,,1.0,,
419280,,,,,,,,4.0,,2.0,,,,,,,,,,,,2.0,,,,
419332,,,,,,,,53.0,,25.0,,,,,,3.0,2.0,1.0,1.0,,,7.0,1.0,5.0,,
419341,,,,,,,,10.0,,5.0,,,,,,2.0,,,,,,1.0,1.0,1.0,,
419411,,,,,,,,12.0,,5.0,,,,,,2.0,1.0,,,,,,1.0,2.0,,
419420,,,,,,,,36.0,,3.0,,,,,,2.0,2.0,,,,,3.0,,2.0,,
419457,,,,,,,,53.0,,29.0,,,,,,13.0,2.0,,1.0,,,,,7.0,,
419484,,,,,,,,3.0,,1.0,,,,,,1.0,,,,,,,,1.0,,
419633,,,,,,,,8.0,,4.0,,,,,,2.0,1.0,,,,,,,1.0,,
419660,,,,,,,,50.0,,9.0,,,,,,1.0,20.0,,,,,3.0,,17.0,,
419703,,,,,,,,53.0,,19.0,,,,,,4.0,,,,,,,,19.0,5.0,
419712,,,,,,,,23.0,,8.0,,,,,,2.0,,,,,,,,8.0,1.0,
419721,,,,,,,,27.0,,11.0,,,,,,3.0,,,,,,,,9.0,2.0,
420024,,,,,,,,32.0,,13.0,,,,,,8.0,,,,,,,,11.0,,
420042,,,,,,,,52.0,,42.0,,,,,,3.0,4.0,,2.0,,,,,1.0,,
420103,,,,,,,,13.0,,5.0,,,,,,2.0,1.0,,,,,1.0,,2.0,,
420130,,,,,,,,27.0,,19.0,,,,,,3.0,1.0,,,,,,2.0,,,
420246,,,,,,,,119.0,,33.0,,,,,,15.0,8.0,3.0,3.0,19.0,,8.0,,21.0,,
420255,,,,,,,,7.0,,4.0,,,,,,2.0,,,,,,,,1.0,0.0,
420307,,,,,,,,171.0,,84.0,,,,,,4.0,1.0,,54.0,,,,,4.0,,
420316,,,,,,,,51.0,,31.0,,,,,,2.0,,,13.0,,,,,1.0,,
420325,,,,,,,,10.0,,5.0,,,,,,3.0,1.0,,,,,1.0,,,,
420343,,,,,,,,55.0,,31.0,,,,,,13.0,,1.0,,,,,,7.0,,
420370,,,,,,,,61.0,,15.0,,,,,,7.0,2.0,1.0,,,,,28.0,,,
420398,,,,,,,,572.0,,300.0,,,,,,10.0,10.0,26.0,9.0,,,14.0,,38.0,10.0,1.0
420431,,,,,,,,231.0,,96.0,,,,,,13.0,23.0,6.0,2.0,,,25.0,,42.0,,
420440,,,,,,,,106.0,,56.0,,,,,,14.0,4.0,2.0,8.0,,,5.0,,5.0,,
420459,,,,,,,,47.0,,19.0,,,,,,3.0,,1.0,2.0,,,10.0,,10.0,,2.0
420468,,,,,,,,33.0,,22.0,,,,,,2.0,0.0,,,,,,,5.0,,
420538,,,,,,,,132.0,,57.0,,,,,,17.0,1.0,5.0,1.0,,,10.0,,23.0,4.0,
420556,,,,,,,,104.0,,46.0,,,,,,18.0,1.0,3.0,7.0,,,8.0,1.0,10.0,,
420574,,,,,,,,515.0,,233.0,2.0,,,,,44.0,35.0,50.0,39.0,,,19.0,1.0,36.0,31.0,4.0
420608,,,,,,,,8.0,,3.0,,,,,,,,,,,,,2.0,3.0,,
420705,,,,,,,,6.0,,,,,,,,2.0,1.0,,,,,,,1.0,,
420723,,,,,,,,48.0,,18.0,,,,,,11.0,,1.0,,,,1.0,,8.0,,
420802,,,,,,,,32.0,,,3.0,,,,,8.0,5.0,1.0,8.0,,,,,6.0,,
420866,,,,,,,,25.0,,11.0,,,,,,7.0,1.0,,1.0,,,,,4.0,,
420981,,,,,,,,62.0,,15.0,,,,,,6.0,3.0,3.0,,,,3.0,,10.0,,
421513,,,,,,,,14.0,,6.0,,,,,,3.0,,,,,,,,2.0,,
421540,,,,,,,,30.0,,10.0,,,,,,4.0,,,,,,4.0,,2.0,,
421559,,,,,,,,22.0,,8.0,,,,,,1.0,,,,,,2.0,,2.0,,1.0
421610,,,,,,,,3.0,,2.0,,,,,,,,,,,,,,,,
421665,,,,,,,,1.0,,1.0,,,,,,,,,,,,,,,,
421708,,,,,,,,45.0,,14.0,,,,,,13.0,,1.0,,,,,,18.0,,
421717,,,,,,,,6.0,,4.0,,,,,,1.0,,,,,,,,1.0,,
421771,,,,,,,,8.0,,3.0,,,,,,1.0,1.0,,,,,1.0,1.0,1.0,,
421832,,,,,,,,65.0,,22.0,,,,,,4.0,10.0,,,,,2.0,6.0,14.0,,
421841,,,,,,,,43.0,,15.0,,,,,,11.0,1.0,1.0,1.0,,,,,12.0,,
421878,,,,,,,,54.0,,20.0,14.0,,,,,7.0,1.0,1.0,,,,,2.0,5.0,1.0,
421896,,,,,,,,30.0,,9.0,,,,,,5.0,,,,,,2.0,0.0,10.0,,1.0
422190,,,,,,,,5.0,,2.0,,,,,,2.0,1.0,,,,,,,,,
422695,,,,,,,,33.0,,10.0,,,,,,9.0,1.0,0.0,,,,,,4.0,,
422835,,,,,,,,34.0,,17.0,,,,,,6.0,2.0,1.0,1.0,,,,2.0,1.0,,
423120,,,,,,,,38.0,,10.0,,,,,,9.0,1.0,,,,,,2.0,12.0,2.0,
423397,,,,,,,,19.0,,4.0,,,,,,6.0,1.0,,,,,,,7.0,,
423643,,,,,,,,895.0,,379.0,20.0,,,,,65.0,28.0,33.0,17.0,31.0,,135.0,,173.0,,
423652,,,,,,,,55.0,,26.0,,,,,,10.0,3.0,1.0,5.0,,,2.0,,6.0,,
425250,,,,,,,,14.0,,7.0,,,,,,1.0,1.0,,,,,,2.0,,,
425889,,,,,,,,16.0,,4.0,,,,,,5.0,1.0,,,,,,,4.0,,
425986,,,,,,,,27.0,,13.0,,,,,,1.0,,,,,,,4.0,,,
426314,,,,,,,,730.0,,321.0,,,,,,124.0,135.0,8.0,,,,2.0,,14.0,,
427308,,,,,,,,16.0,,8.0,,,,,,3.0,,1.0,,,,0.0,,2.0,1.0,
427335,,,,,,,,7.0,,2.0,,,,,,3.0,,,,,,,,2.0,,
427894,,,,,,,,9.0,,4.0,,,,,,1.0,,,,,,,,,,
427973,,,,,,,,31.0,,14.0,,,,,,3.0,,,,,,,,14.0,,
427982,,,,,,,,21.0,,7.0,,,,,,6.0,,,,,,,,8.0,,
427991,,,,,,,,103.0,,63.0,,,,,,6.0,,1.0,,,,6.0,,27.0,,
428000,,,,,,,,16.0,,,,,,,,3.0,1.0,,1.0,,,4.0,,2.0,,
428019,,,,,,,,31.0,,11.0,,,,,,4.0,2.0,1.0,0.0,,,5.0,,4.0,,
428055,,,,,,,,31.0,,14.0,,,,,,2.0,1.0,,,,,2.0,1.0,4.0,,
428125,,,,,,,,7.0,,3.0,,,,,,1.0,1.0,,,,,,,2.0,,
428143,,,,,,,,22.0,,11.0,,,,,,6.0,,,,,,1.0,3.0,,,
428170,,,,,,,,131.0,,70.0,,,,,,16.0,7.0,,,,,,,39.0,,
428259,,,,,,,,16.0,,9.0,,,,,,2.0,,,,,,,2.0,1.0,,
428268,,,,,,,,39.0,,17.0,,,,,,9.0,1.0,,3.0,,,,,8.0,,
428286,,,,,,,,46.0,,22.0,,,,,,7.0,3.0,,1.0,,,,,9.0,,
428392,,,,,,,,163.0,,61.0,,,,,,14.0,6.0,9.0,2.0,,,11.0,2.0,12.0,2.0,
428426,,,,,,,,139.0,,,2.0,,,,,47.0,23.0,20.0,13.0,,,16.0,,14.0,,3.0
428444,,,,,,,,82.0,,41.0,,,,,,11.0,6.0,,3.0,,,,,16.0,,
429012,,,,,,,,251.0,,130.0,,,,,,25.0,7.0,4.0,,,,10.0,,22.0,34.0,7.0
429085,,,,,,,,22.0,,10.0,,,,,,2.0,1.0,,,2.0,,,,6.0,,
429094,,,,,,,,61.0,,20.0,1.0,,,,,2.0,9.0,,1.0,,,1.0,8.0,5.0,2.0,
429128,,,,,,,,43.0,,30.0,,,,,,5.0,3.0,,,,,,,2.0,,
430096,,,,,,,,11.0,,6.0,,,,,,2.0,,,,,,1.0,,0.0,,
430157,,,,,,,,12.0,,6.0,,,,,,2.0,,,3.0,,,,,1.0,,
430166,,,,,,,,12.0,,6.0,,,,,,2.0,,,3.0,,,,,,1.0,
430184,,,,,,,,82.0,,39.0,,,,,,12.0,,1.0,,,,,13.0,,,
430218,,,,,,,,8.0,,5.0,,,,,,1.0,,,,,,,,1.0,,
430227,,,,,,,,9.0,,5.0,,,,,,2.0,,,,,,,,1.0,,
430254,,,,,,,,6.0,,1.0,,,,,,1.0,1.0,,,,,,1.0,1.0,,
430306,,,,,,,,4.0,,,,,,,,2.0,,,,,,,,1.0,,
430342,,,,,,,,14.0,,6.0,,,,,,1.0,,,,,,1.0,,,,
430403,,,,,,,,21.0,,14.0,,,,,,1.0,,,,0.0,,,2.0,,,
430485,,,,,,,,12.0,,3.0,,,,,,3.0,2.0,,,,,0.0,3.0,0.0,,
430564,,,,,,,,5.0,,2.0,,,,,,1.0,0.0,,,,,,,1.0,,
430582,,,,,,,,48.0,,13.0,,,,,,6.0,2.0,,,,,,,20.0,,
430670,,,,,,,,144.0,,61.0,,,,,,11.0,13.0,2.0,,1.0,,6.0,,14.0,24.0,
430704,,,,,,,,27.0,,10.0,,,,,,1.0,2.0,,,,,,3.0,3.0,1.0,
430795,,,,,,,,54.0,,28.0,,1.0,,,,1.0,1.0,1.0,1.0,1.0,,2.0,,2.0,1.0,
430810,,,,,,,,82.0,,35.0,,,,,,9.0,6.0,2.0,1.0,,,,,3.0,6.0,
430883,,,,,,,,4.0,,2.0,,,,,,,0.0,,,,,,,2.0,,
430908,,,,,,,,17.0,,10.0,,,,,,2.0,2.0,,,,,,,2.0,,
430935,,,,,,,,58.0,,29.0,,,,,,10.0,,,,,,,,8.0,,
430971,,,,,,,,10.0,,8.0,,,,,,1.0,0.0,,,,,,,1.0,,
431017,,,,,,,,67.0,,31.0,,,,,,12.0,4.0,1.0,1.0,,,,1.0,13.0,1.0,
431071,,,,,,,,10.0,,2.0,,,,,,1.0,1.0,1.0,,,,,,4.0,,
431099,,,,,,,,8.0,,4.0,,,,,,2.0,,,,,,,,,,
431105,,,,,,,,14.0,,9.0,,,,,,,,,,,,,,5.0,,
431123,,,,,,,,34.0,,13.0,,,,,,4.0,,,,,,4.0,,11.0,,1.0
431141,,,,,,,,172.0,,85.0,,,,,,26.0,7.0,4.0,,,,,16.0,12.0,2.0,
431169,,,,,,,,18.0,,10.0,,,,,,2.0,,,,,,,,3.0,3.0,
431187,,,,,,,,13.0,,8.0,,,,,,1.0,0.0,,,1.0,,1.0,,1.0,,
431196,,,,,,,,19.0,,12.0,,,,,,2.0,1.0,,,,,,,2.0,,
431266,,,,,,,,8.0,,7.0,,,,,,1.0,,,,,,,,0.0,,
431275,,,,,,,,8.0,,6.0,,,,,,,,,,,,,,1.0,,
431284,,,,,,,,4.0,,2.0,,,,,,,1.0,,,,,,,1.0,,
431558,,,,,,,,39.0,,17.0,,,,,,2.0,1.0,2.0,,1.0,,6.0,,7.0,,
431594,,,,,,,,391.0,,1.0,,,,,,57.0,1.0,1.0,,35.0,,286.0,,9.0,,
431600,,,,,,,,16.0,,12.0,,,,,,1.0,1.0,,,,,,,2.0,,
431628,,,,,,,,3.0,,1.0,,,,,,,1.0,,,,,,,1.0,,
431691,,,,,,,,31.0,,17.0,,,,,,2.0,,,,,,2.0,,4.0,,
431716,,,,,,,,263.0,,153.0,,,,,,13.0,2.0,6.0,2.0,6.0,,42.0,1.0,25.0,,
431770,,,,,,,,11.0,,4.0,,,,,,1.0,1.0,,,,,,,2.0,,
431886,,,,,,,,41.0,,22.0,,,,,,3.0,,,11.0,,,,,2.0,,
431929,,,,,,,,33.0,,16.0,,,,,,2.0,,,1.0,,,,,2.0,1.0,
431956,,,,,,,,18.0,,4.0,,,,,,2.0,,,1.0,,,,3.0,6.0,,
431965,,,,,,,,7.0,,4.0,,,,,,3.0,,,,,,,,,,
431983,,,,,,,,17.0,,5.0,,,,,,2.0,0.0,,,,,8.0,,2.0,,
432074,,,,,,,,27.0,,11.0,,,,,,2.0,,1.0,1.0,,,6.0,,4.0,,2.0
432117,,,,,,,,11.0,,6.0,,,,,,1.0,,,,,,,1.0,1.0,,
432144,,,,,,,,107.0,,,,,,,,40.0,14.0,14.0,1.0,,,,,38.0,,
432223,,,,,,,,21.0,,9.0,,,,,,5.0,4.0,2.0,1.0,,,,,,,
432241,,,,,,,,10.0,,4.0,,,,,,1.0,1.0,,,,,,,4.0,,
432269,,,,,,,,13.0,,7.0,,,,,,1.0,,,,,,1.0,,,,
432302,,,,,,,,30.0,,15.0,,,,,,2.0,,,9.0,,,,,1.0,,
432348,,,,,,,,44.0,,16.0,,,,,,1.0,1.0,,1.0,,,3.0,,14.0,,
432357,,,,,,,,20.0,,11.0,,,,,,5.0,,,2.0,,,,,1.0,,
432384,,,,,,,,57.0,,27.0,,,,,,9.0,,,,,,1.0,,2.0,,
432524,,,,,,,,35.0,,16.0,,,,,,2.0,3.0,1.0,3.0,,,,1.0,2.0,1.0,
433004,,,,,,,,42.0,,15.0,1.0,,,,,5.0,5.0,1.0,1.0,,,,5.0,1.0,1.0,
433013,,,,,,,,55.0,,24.0,,,,,,4.0,,,,,,4.0,8.0,14.0,1.0,
433040,,,,,,,,9.0,,7.0,,,,,,1.0,1.0,,,,,,,,,
433068,,,,,,,,54.0,,21.0,,,,,,,,,,5.0,,4.0,,0.0,8.0,2.0
433101,,,,,,,,52.0,,24.0,,,,,,14.0,,1.0,,,,,,9.0,,
433138,,,,,,,,50.0,,32.0,,,,,,4.0,,,,,,,,6.0,,
433165,,,,,,,,1.0,,1.0,,,,,,,,,,,,,,,,
433174,,,,,,,,65.0,,37.0,,,,,,9.0,4.0,3.0,1.0,,,,,7.0,,
433387,,,,,,,,4498.0,,2563.0,,,,,,258.0,172.0,272.0,600.0,,,,,65.0,,
433420,,,,,,,,93.0,,39.0,,,,,,12.0,4.0,,2.0,,,17.0,11.0,4.0,4.0,
433466,,,,,,,,20.0,,5.0,,,,,,3.0,1.0,,,,,,3.0,1.0,,
433536,,,,,,,,25.0,,14.0,,,,,,1.0,,1.0,,,,,,1.0,,
433563,,,,,,,,33.0,,14.0,,,,,,4.0,,,,,,2.0,,4.0,1.0,2.0
433660,,,,,,,,1454.0,,553.0,,,,,,86.0,97.0,96.0,225.0,16.0,,56.0,,157.0,29.0,
433970,,,,,,,,6.0,,1.0,,,,,,3.0,,,,,,0.0,,,,
434016,,,,,,,,44.0,,9.0,,2.0,,,,8.0,3.0,2.0,4.0,,,1.0,,6.0,2.0,
434061,,,,,,,,390.0,,187.0,,,,,,41.0,99.0,3.0,,,,5.0,,33.0,12.0,
434140,,,,,,,,54.0,,29.0,,,,,,3.0,,,,,,,,14.0,,
434159,,,,,,,,25.0,,12.0,,,,,,10.0,,,,,,,,2.0,,
434274,,,,,,,,16.0,,7.0,,,,,,1.0,2.0,,,,,3.0,,3.0,,
434283,,,,,,,,11.0,,2.0,,,,,,2.0,1.0,,,,,2.0,2.0,2.0,,
434292,,,,,,,,3.0,,2.0,,,,,,,,,,,,,,0.0,0.0,
434308,,,,,,,,31.0,,12.0,,,,,,3.0,3.0,,,,,3.0,2.0,3.0,,
434344,,,,,,,,23.0,,11.0,,,,,,2.0,3.0,,,,,,,7.0,,
434362,,,,,,,,5.0,,2.0,,,,,,1.0,,,,,,,,2.0,,
434432,,,,,,,,5.0,,2.0,,,,,,2.0,,,,,,,,1.0,,
434441,,,,,,,,28.0,,6.0,1.0,3.0,,,,12.0,,,,,,,,5.0,,
434469,,,,,,,,26.0,,11.0,,,,,,5.0,,0.0,,,,,,8.0,2.0,
434496,,,,,,,,9.0,,4.0,,,,,,1.0,1.0,,,,,,2.0,1.0,,
434520,,,,,,,,19.0,,9.0,,,,,,4.0,,,,,,,,1.0,,
434539,,,,,,,,39.0,,16.0,,,,,,8.0,1.0,1.0,6.0,,,,,5.0,,
434584,,,,,,,,101.0,,18.0,1.0,,,,,25.0,4.0,3.0,,,,,,19.0,5.0,2.0
434672,,,,,,,,1878.0,,676.0,,144.0,,,,65.0,88.0,58.0,110.0,1.0,,142.0,1.0,301.0,49.0,14.0
434690,,,,,,,,14.0,,6.0,,,,,,3.0,,,4.0,,,,,1.0,,
434715,,,,,,,,100.0,,46.0,,,,,,6.0,2.0,4.0,5.0,1.0,,9.0,,8.0,1.0,
434751,,,,,,,,31.0,,6.0,2.0,2.0,,,,5.0,3.0,1.0,,,,,,4.0,3.0,
434821,,,,,,,,89.0,,48.0,,,,,,5.0,6.0,,,,,3.0,10.0,14.0,,
434830,,,,,,,,21.0,,8.0,,,,,,6.0,1.0,,1.0,,,,2.0,3.0,0.0,
434900,,,,,,,,108.0,,56.0,,8.0,,,,6.0,1.0,1.0,,,,4.0,3.0,8.0,,16.0
434937,,,,,,,,7.0,,6.0,,,,,,,,,,,,,,0.0,,
434973,,,,,,,,9.0,,6.0,,,,,,1.0,,,,,,,,1.0,,
435000,,,,,,,,1065.0,,399.0,1.0,,,,,184.0,100.0,86.0,17.0,89.0,,51.0,,118.0,5.0,3.0
436003,,,,,,,,15.0,,7.0,,,,,,2.0,1.0,,,,,,3.0,1.0,,
436012,,,,,,,,20.0,,8.0,,,,,,2.0,3.0,,,,,1.0,2.0,3.0,,
436021,,,,,,,,4.0,,3.0,,,,,,,,,,,,,,1.0,,
436030,,,,,,,,18.0,,9.0,,,,,,4.0,1.0,,,,,,2.0,1.0,1.0,
436067,,,,,,,,6.0,,3.0,,,,,,1.0,1.0,,,,,,,1.0,,
436094,,,,,,,,43.0,,21.0,,,,,,10.0,2.0,,3.0,,,,,7.0,,
436100,,,,,,,,4.0,,2.0,,,,,,2.0,,,,,,,,,,
436191,,,,,,,,41.0,,25.0,,,,,,1.0,3.0,,,,,,5.0,1.0,,
436261,,,,,,,,15.0,,9.0,,,,,,1.0,,,,,,,,3.0,,
436270,,,,,,,,10.0,,4.0,,,,,,2.0,1.0,,,,,,1.0,1.0,,
436304,,,,,,,,103.0,,56.0,,3.0,,,,12.0,24.0,,,,,3.0,,1.0,1.0,
436429,,,,,,,,296.0,,117.0,,,,,,21.0,7.0,10.0,10.0,,,4.0,35.0,22.0,7.0,
436438,,,,,,,,45.0,,24.0,,,,,,8.0,2.0,,3.0,,,,,7.0,,
436465,,,,,,,,7.0,,2.0,,,,,,2.0,,,,,,1.0,1.0,1.0,,
436483,,,,,,,,17.0,,8.0,,,,,,2.0,,,,,,,,1.0,,
436553,,,,,,,,21.0,,6.0,,,,,,3.0,2.0,,,,,2.0,1.0,5.0,2.0,
436599,,,,,,,,10.0,,6.0,,,,,,2.0,1.0,,,,,,,1.0,,
436614,,,,,,,,26.0,,16.0,,,,,,3.0,1.0,,0.0,,,1.0,,3.0,,
436632,,,,,,,,15.0,,8.0,,,,,,1.0,1.0,,,,,,2.0,1.0,,
436641,,,,,,,,16.0,,6.0,,,,,,2.0,2.0,,,,,,2.0,0.0,,
436650,,,,,,,,16.0,,7.0,,,,,,2.0,,,,,,,3.0,3.0,,
436775,,,,,,,,29.0,,16.0,,,,,,5.0,2.0,,,,,,,5.0,1.0,
437060,,,,,,,,23.0,,13.0,,,,,,1.0,1.0,,,,,,3.0,1.0,,
437097,,,,,,,,89.0,,71.0,,,,,,4.0,4.0,1.0,,,,3.0,,6.0,,
437103,,,,,,,,473.0,,227.0,,,,,,61.0,94.0,10.0,3.0,,,31.0,,13.0,6.0,2.0
437237,,,,,,,,24.0,,11.0,,,,,,5.0,2.0,,,,,1.0,,2.0,,
437556,,,,,,,,88.0,,30.0,,,,,,12.0,5.0,3.0,3.0,,,,3.0,,4.0,
437608,,,,,,,,20.0,,8.0,,,,,,3.0,3.0,,,,,1.0,,3.0,,
437635,,,,,,,,34.0,,17.0,,,,,,5.0,,,,,,,,2.0,,
437705,,,,,,,,5.0,,3.0,,,,,,0.0,0.0,,,,,,,,,
437723,,,,,,,,40.0,,27.0,,,,,,2.0,,,1.0,1.0,,2.0,,2.0,,
437732,,,,,,,,35.0,,18.0,,,,,,5.0,,,,,,,,3.0,,
437750,,,,,,,,19.0,,5.0,,,,,,12.0,,,,,,,,3.0,,
437769,,,,,,,,35.0,,17.0,,,,,,3.0,4.0,,,,,2.0,2.0,6.0,,
437778,,,,,,,,27.0,,14.0,,,,,,2.0,,,,,,,3.0,7.0,,
437857,,,,,,,,16.0,,10.0,,,,,,3.0,2.0,,,,,,,1.0,,
437936,,,,,,,,53.0,,32.0,,,,,,5.0,,,,,,,,4.0,,
438151,,,,,,,,59.0,,28.0,,,,,,6.0,6.0,1.0,,0.0,,,9.0,1.0,,
438179,,,,,,,,25.0,,12.0,,,,,,,1.0,,,,,,6.0,4.0,,
438212,,,,,,,,24.0,,11.0,,,,,,4.0,2.0,,,2.0,,0.0,1.0,3.0,,
438221,,,,,,,,30.0,,17.0,,,,,,4.0,1.0,,,2.0,,0.0,3.0,3.0,,
438258,,,,,,,,37.0,,16.0,,,,,,10.0,,,,,,,,2.0,,
438267,,,,,,,,36.0,,16.0,,,,,,7.0,2.0,,,,,,,,,
438285,,,,,,,,30.0,,11.0,,2.0,,,,3.0,3.0,,,,,1.0,2.0,3.0,,
438337,,,,,,,,19.0,,11.0,,,,,,2.0,,,,,,,1.0,2.0,2.0,
438498,,,,,,,,384.0,,201.0,,,,,,17.0,13.0,16.0,8.0,,,,,11.0,,
438504,,,,,,,,79.0,,34.0,,,,,,12.0,28.0,1.0,,,,,,1.0,3.0,
438586,,,,,,,,110.0,,16.0,,,,,,6.0,7.0,2.0,,,,4.0,54.0,3.0,,2.0
438647,,,,,,,,12.0,,1.0,,,,,,6.0,,,,,,,,5.0,,
438665,,,,,,,,148.0,,3.0,,,,,,16.0,33.0,25.0,6.0,,,3.0,,49.0,,
438674,,,,,,,,5.0,,4.0,,,,,,,,,,,,,,1.0,,
438708,,,,,,,,46.0,,28.0,,,,,,6.0,1.0,1.0,2.0,,,,,7.0,0.0,
438735,,,,,,,,25.0,,14.0,,,,,,3.0,,,,,,,,8.0,,
438805,,,,,,,,20.0,,10.0,,,,,,5.0,,,,,,,,2.0,,
438869,,,,,,,,5.0,,2.0,,,,,,1.0,,,,,,,1.0,1.0,,
438984,,,,,,,,13.0,,4.0,,,,,,1.0,1.0,,,,,,,3.0,1.0,
439020,,,,,,,,10.0,,5.0,,,,,,2.0,,,,,,,,,,
439057,,,,,,,,2.0,,1.0,,,,,,1.0,,,,,,,,,,
439118,,,,,,,,26.0,,10.0,,,,,,9.0,,,,,,,,1.0,,
439127,,,,,,,,21.0,,8.0,,,,,,2.0,,,8.0,,,,,1.0,,
439145,,,,,,,,135.0,,49.0,,,,,,9.0,10.0,2.0,3.0,,,17.0,,35.0,5.0,
439154,,,,,,,,282.0,,,,,,,,77.0,19.0,60.0,16.0,,,,,100.0,9.0,
439190,,,,,,,,165.0,,79.0,,,,,,29.0,4.0,12.0,18.0,,,,,20.0,,
439288,,,,,,,,145.0,,75.0,,,,,,20.0,14.0,2.0,15.0,3.0,,8.0,1.0,4.0,,
439297,,,,,,,,10.0,,6.0,,,,,,3.0,,,,,,,,1.0,,
439367,,,,,,,,62.0,,28.0,,,,,,13.0,5.0,,,,,,,2.0,,
439394,,,,,,,,15.0,,8.0,,,,,,2.0,,,,,,,,4.0,,
439446,,,,,,,,20.0,,6.0,,,,,,3.0,2.0,,,,,,2.0,5.0,1.0,
439455,,,,,,,,32.0,,17.0,,,,,,4.0,1.0,1.0,,,,,,3.0,,
439473,,,,,,,,24.0,,6.0,,,,,,4.0,,,,,,4.0,1.0,7.0,,
439482,,,,,,,,25.0,,16.0,,,,,,2.0,1.0,,,,,,1.0,5.0,,
439491,,,,,,,,37.0,,23.0,,,,,,2.0,1.0,,,,,,4.0,7.0,,
439507,,,,,,,,17.0,,3.0,,,,,,4.0,0.0,,,,,,5.0,3.0,,
439570,,,,,,,,61.0,,18.0,,,,,,8.0,9.0,3.0,5.0,,,,,15.0,,
439613,,,,,,,,21.0,,7.0,,,,,,4.0,4.0,,,,,1.0,,1.0,,
439622,,,,,,,,33.0,,17.0,,,,,,4.0,1.0,1.0,,1.0,,,,5.0,,
439668,,,,,,,,15.0,,7.0,,,,,,4.0,,,,,,,,1.0,,
439686,,,,,,,,15.0,,5.0,,,,,,3.0,,,,,,,,1.0,,
439701,,,,,,,,79.0,,32.0,,,,,,19.0,3.0,,2.0,,,,,12.0,,
439738,,,,,,,,30.0,,11.0,,,,,,8.0,2.0,,,,,,5.0,1.0,,
439747,,,,,,,,8.0,,4.0,,,,,,1.0,,,,,,,,2.0,,
439774,,,,,,,,13.0,,4.0,,,,,,3.0,1.0,,,,,2.0,,4.0,,
439783,,,,,,,,24.0,,13.0,,,,,,3.0,2.0,,,,,,,2.0,,
439792,,,,,,,,37.0,,19.0,,,,,,6.0,4.0,,,,,1.0,3.0,1.0,,
439817,,,,,,,,16.0,,6.0,,,,,,5.0,,,,,,,0.0,5.0,,
439844,,,,,,,,8.0,,5.0,,,,,,1.0,1.0,,,,,,1.0,0.0,,
439862,,,,,,,,12.0,,2.0,1.0,,,,,,2.0,,1.0,,,,,2.0,1.0,
439871,,,,,,,,8.0,,4.0,,,,,,,1.0,,,,,,,1.0,,
439899,,,,,,,,13.0,,1.0,,,,,,4.0,1.0,,2.0,,,2.0,1.0,1.0,0.0,
439905,,,,,,,,22.0,,7.0,,,,,,4.0,1.0,,1.0,,,,,2.0,,
439914,,,,,,,,7.0,,6.0,,,,,,,,,,,,,,,,
439932,,,,,,,,8.0,,4.0,,,,,,1.0,2.0,,,,,,,1.0,,
439969,,,,,,,,22.0,,9.0,,,,,,3.0,1.0,,,,,,,4.0,,
439996,,,,,,,,10.0,,3.0,,,,,,3.0,,,,,,1.0,,3.0,,
440004,,,,,,,,8.0,,5.0,,,,,,,,,1.0,,,,,1.0,,
440031,,,,,,,,152.0,,69.0,14.0,,,,,13.0,3.0,6.0,,,,,,12.0,5.0,
440059,,,,,,,,88.0,,49.0,,,,,,7.0,,,,,,,,32.0,,
440101,,,,,,,,9.0,,4.0,,,,,,2.0,,,,,,,,1.0,,
440138,,,,,,,,91.0,,1.0,,,,,,39.0,7.0,19.0,4.0,,,,,17.0,,
440174,,,,,,,,16.0,,11.0,,,,,,0.0,1.0,,,,,,1.0,,0.0,
440217,,,,,,,,16.0,,6.0,,,,,,5.0,1.0,,,,,,,2.0,2.0,
440226,,,,,,,,8.0,,6.0,,,,,,1.0,1.0,,,,,,,,,
440262,,,,,,,,56.0,,14.0,,,,,,7.0,,1.0,,,,,9.0,9.0,2.0,
440271,,,,,,,,8.0,,3.0,,,,,,2.0,,,,,,0.0,1.0,1.0,,
440323,,,,,,,,19.0,,7.0,,,,,,2.0,,,7.0,,,,,1.0,,
440332,,,,,,,,28.0,,15.0,,,,,,2.0,,,7.0,,,,,1.0,,
440341,,,,,,,,55.0,,26.0,,,,,,9.0,5.0,,1.0,,,,,9.0,,
440402,,,,,,,,201.0,,97.0,,,,,,26.0,5.0,5.0,5.0,,,18.0,,29.0,2.0,1.0
440420,,,,,,,,7.0,,4.0,,,,,,1.0,1.0,,,,,,,1.0,,
440466,,,,,,,,2.0,,0.0,,,,,,,1.0,,,,,,,,,
440651,,,,,,,,84.0,,34.0,,,,,,16.0,,1.0,2.0,,,,,14.0,6.0,
440721,,,,,,,,22.0,,7.0,,,,,,,,,1.0,,,,,8.0,,
440730,,,,,,,,40.0,,28.0,,,,,,4.0,2.0,,,,,,,7.0,,
440749,,,,,,,,6.0,,2.0,,,,,,1.0,,,,,,,,,,
440758,,,,,,,,9.0,,2.0,,,,,,2.0,,,,,,,,1.0,,
440767,,,,,,,,16.0,,6.0,,,,,,2.0,,,,,,,,1.0,,
440776,,,,,,,,9.0,,0.0,,,,,,3.0,,,,,,,1.0,2.0,,
440794,,,,,,,,95.0,,47.0,,,,,,10.0,,1.0,,,,,,31.0,,
440819,,,,,,,,3.0,,,,,,,,1.0,,,,,,,,1.0,0.0,
440855,,,,,,,,11.0,,7.0,,,,,,1.0,,,,,,,1.0,2.0,,
440873,,,,,,,,53.0,,34.0,,,,,,1.0,5.0,,,,,,6.0,1.0,,
440882,,,,,,,,21.0,,12.0,,,,,,,1.0,,,,,,3.0,1.0,,
440891,,,,,,,,12.0,,9.0,,,,,,1.0,,,,,,0.0,,,,
440916,,,,,,,,105.0,,42.0,,,,,,16.0,15.0,2.0,,,,,,21.0,3.0,
440952,,,,,,,,11.0,,3.0,,,,,,4.0,1.0,,,,,,,2.0,,
440989,,,,,,,,42.0,,21.0,,,,,,7.0,1.0,1.0,,,,,,3.0,1.0,
441016,,,,,,,,17.0,,8.0,,,,,,4.0,,,,,,,,5.0,,
441025,,,,,,,,44.0,,24.0,,,,,,3.0,2.0,,,,,,8.0,4.0,,
441052,,,,,,,,75.0,,32.0,,,,,,16.0,3.0,1.0,3.0,,,,1.0,11.0,1.0,
441070,,,,,,,,26.0,,13.0,,2.0,,,,5.0,1.0,1.0,,,,,,,,
441089,,,,,,,,62.0,,31.0,,,,,,13.0,,,,,,4.0,,14.0,,
441104,,,,,,,,79.0,,17.0,1.0,9.0,,,,3.0,8.0,2.0,16.0,,,,,6.0,1.0,
441131,,,,,,,,57.0,,26.0,,,,,,9.0,1.0,1.0,3.0,,,,,7.0,,
441168,,,,,,,,9.0,,5.0,,,,,,1.0,1.0,,,,,,,1.0,,
441210,,,,,,,,12.0,,7.0,,,,,,2.0,1.0,,,,,,,1.0,,
441229,,,,,,,,166.0,,80.0,,,,,,7.0,4.0,,,,,,,37.0,,
441238,,,,,,,,6.0,,,,,,,,2.0,2.0,,,,,,,1.0,,
441256,,,,,,,,8.0,,5.0,,,,,,1.0,1.0,,,,,,,1.0,,
441308,,,,,,,,140.0,,109.0,,,,,,8.0,4.0,,,,,,,1.0,,
441362,,,,,,,,13.0,,4.0,,,,,,4.0,,,,,,,,1.0,,
441371,,,,,,,,2122.0,,366.0,,,,,,187.0,49.0,46.0,3.0,,,5.0,419.0,4.0,,
441380,,,,,,,,19.0,,8.0,,,,,,6.0,,,,,,,,5.0,,
441414,,,,,,,,79.0,,,,,,,,5.0,2.0,4.0,0.0,,,6.0,,27.0,,
441423,,,,,,,,22.0,,7.0,,,,,,5.0,1.0,,,,,,5.0,2.0,1.0,
441478,,,,,,,,45.0,,35.0,,,,,,1.0,1.0,1.0,,,,,2.0,3.0,,
441487,,,,,,,,12.0,,5.0,,,,,,2.0,1.0,,2.0,,,,,0.0,,
441496,,,,,,,,29.0,,14.0,,,,,,4.0,,,,,,,,11.0,,
441502,,,,,,,,44.0,,27.0,,,,,,3.0,1.0,,,,,2.0,3.0,8.0,,
441511,,,,,,,,37.0,,19.0,,,,,,4.0,4.0,1.0,,0.0,,2.0,,3.0,,
441548,,,,,,,,15.0,,6.0,,,,,,2.0,1.0,,,,,,2.0,1.0,,
441575,,,,,,,,86.0,,34.0,,,,,,8.0,6.0,3.0,1.0,,,0.0,22.0,5.0,2.0,
441593,,,,,,,,5.0,,3.0,,,,,,1.0,1.0,,0.0,,,,,0.0,,
441609,,,,,,,,20.0,,9.0,,,,,,1.0,2.0,,,,,7.0,,1.0,,
441618,,,,,,,,5.0,,3.0,,,,,,,,,,,,,,2.0,,
441636,,,,,,,,37.0,,19.0,,,,,,3.0,4.0,0.0,,,,,4.0,2.0,,
441645,,,,,,,,25.0,,12.0,,,,,,4.0,2.0,0.0,0.0,,,0.0,3.0,2.0,0.0,1.0
441663,,,,,,,,38.0,,20.0,,,,,,6.0,,1.0,,,,,2.0,3.0,,
441672,,,,,,,,44.0,,24.0,,,,,,5.0,2.0,1.0,2.0,,,4.0,,4.0,,
441690,,,,,,,,38.0,,19.0,,,,,,4.0,3.0,,1.0,,,,,4.0,1.0,
441706,,,,,,,,6.0,,2.0,,,,,,,,,,,,,,,,
441742,,,,,,,,67.0,,30.0,,,,,,14.0,2.0,,,,,,7.0,12.0,,
441760,,,,,,,,205.0,,113.0,,,,,,11.0,13.0,8.0,2.0,,,13.0,,16.0,3.0,
441788,,,,,,,,51.0,,24.0,,,,,,6.0,,,,,,,,21.0,,
441830,,,,,,,,43.0,,11.0,,,,,,5.0,1.0,,2.0,11.0,,1.0,1.0,7.0,,
441858,,,,,,,,35.0,,19.0,,,,,,12.0,2.0,1.0,,,,,,0.0,,
441876,,,,,,,,27.0,,10.0,,,,,,7.0,2.0,,,,,,3.0,4.0,,
441900,,,,,,,,270.0,,139.0,,,,,,39.0,10.0,16.0,33.0,3.0,,,,29.0,,
441919,,,,,,,,51.0,,31.0,,,,,,2.0,,,12.0,,,,,1.0,,
441928,,,,,,,,51.0,,33.0,,,,,,2.0,,,8.0,,,,,1.0,,
441937,,,,,,,,824.0,,283.0,,,,,,70.0,123.0,50.0,77.0,2.0,,66.0,,73.0,39.0,10.0
441973,,,,,,,,63.0,,31.0,,,,,,9.0,7.0,,2.0,,,1.0,,11.0,,
441982,,,,,,,,130.0,,51.0,,,,,,17.0,17.0,10.0,3.0,,,0.0,,20.0,,
442064,,,,,,,,36.0,,21.0,,1.0,,,,2.0,1.0,,1.0,,,,,5.0,1.0,
442073,,,,,,,,51.0,,29.0,,,,,,13.0,,,,,,,,5.0,,
442134,,,,,,,,31.0,,16.0,,,,,,2.0,,,,,,,,8.0,,
442161,,,,,,,,35.0,,21.0,,,,,,6.0,1.0,4.0,2.0,,,,,1.0,,
442213,,,,,,,,10.0,,5.0,,,,,,1.0,0.0,,,,,,,3.0,,
442222,,,,,,,,32.0,,8.0,,,,,,9.0,2.0,,1.0,,,,,11.0,,
442240,,,,,,,,40.0,,22.0,,,,,,2.0,,,,,,,7.0,8.0,1.0,
442295,,,,,,,,69.0,,26.0,,,,,,9.0,5.0,3.0,1.0,,,,1.0,5.0,1.0,
442329,,,,,,,,76.0,,24.0,,,,,,10.0,,,,,,,20.0,13.0,9.0,
442356,,,,,,,,169.0,,80.0,,,,,,37.0,11.0,9.0,,0.0,,6.0,,14.0,,
442383,,,,,,,,15.0,,8.0,,,,,,2.0,2.0,,,,,,2.0,1.0,,
442392,,,,,,,,13.0,,9.0,,,,,,2.0,,,,,,,,0.0,,
442408,,,,,,,,18.0,,11.0,,,,,,1.0,2.0,,,,,0.0,,1.0,,
442426,,,,,,,,42.0,,20.0,,,,,,14.0,3.0,,,,,,3.0,2.0,,
442435,,,,,,,,12.0,,2.0,,,,,,2.0,1.0,,,,,,3.0,4.0,,
442523,,,,,,,,26.0,,5.0,,,,,,4.0,5.0,1.0,1.0,,,2.0,,1.0,2.0,
442569,,,,,,,,398.0,,121.0,,,,,,70.0,51.0,20.0,2.0,,,,,16.0,,
442602,,,,,,,,30.0,,18.0,,,,,,6.0,,,,,,,,1.0,,
442611,,,,,,,,75.0,,36.0,,,,,,8.0,27.0,1.0,,,,,,2.0,1.0,
442620,,,,,,,,17.0,,8.0,,,,,,4.0,,,,,,,,5.0,,
442657,,,,,,,,19.0,,9.0,,,,,,2.0,,,,,,,2.0,6.0,,
442718,,,,,,,,24.0,,12.0,,,,,,4.0,,,,,,,,1.0,,
442727,,,,,,,,12.0,,5.0,,,,,,2.0,,,,,,,,5.0,,
442781,,,,,,,,83.0,,20.0,,,,,,15.0,5.0,4.0,4.0,,,12.0,,12.0,,1.0
442806,,,,,,,,1133.0,,938.0,13.0,,,,,9.0,18.0,22.0,,,,,,31.0,9.0,
442815,,,,,,,,18.0,,9.0,,,,,,5.0,,,,,,,,2.0,,
442842,,,,,,,,29.0,,14.0,,,,,,1.0,1.0,2.0,,,,0.0,,10.0,,
442879,,,,,,,,143.0,,40.0,,,,,,6.0,8.0,2.0,,,,5.0,3.0,3.0,5.0,
442888,,,,,,,,13.0,,4.0,,,,,,1.0,,,,,,,3.0,1.0,,
442897,,,,,,,,3.0,,1.0,,,,,,,,,,,,,1.0,,,
442930,,,,,,,,120.0,,39.0,,,,,,11.0,7.0,1.0,27.0,,,7.0,,9.0,,
442949,,,,,,,,16.0,,5.0,,,,,,1.0,1.0,1.0,,,,,,5.0,,
442967,,,,,,,,8.0,,5.0,,,,,,1.0,,,,,,,,2.0,,
442976,,,,,,,,14.0,,8.0,,,,,,3.0,,,,,,,,,,
442985,,,,,,,,20.0,,9.0,,,,,,5.0,2.0,1.0,,,,,2.0,1.0,,
443021,,,,,,,,25.0,,12.0,,,,,,2.0,1.0,1.0,,,,8.0,1.0,,,
443030,,,,,,,,6.0,,3.0,,,,,,2.0,0.0,,,,,,,1.0,,
443049,,,,,,,,40.0,,14.0,,,,,,2.0,6.0,,,,,,,17.0,,
443058,,,,,,,,13.0,,6.0,,,,,,3.0,0.0,,,,,,0.0,0.0,,
443076,,,,,,,,35.0,,10.0,,,,,,2.0,1.0,,,,,8.0,,10.0,,
443100,,,,,,,,32.0,,5.0,,,,,,4.0,2.0,1.0,2.0,1.0,,2.0,,6.0,3.0,
443128,,,,,,,,148.0,,53.0,6.0,,,,,27.0,11.0,2.0,6.0,,,2.0,,19.0,4.0,
443137,,,,,,,,28.0,,13.0,,,,,,3.0,,,,,,4.0,,6.0,1.0,
443146,,,,,,,,10.0,,4.0,,,,,,2.0,,,,,,,,4.0,,
443173,,,,,,,,2.0,,1.0,,,,,,1.0,,,,,,,,,,
443207,,,,,,,,41.0,,19.0,,,,,,6.0,5.0,1.0,,,,,4.0,3.0,,
443216,,,,,,,,29.0,,1.0,,,,,,4.0,2.0,1.0,,,,,4.0,8.0,,
443225,,,,,,,,12.0,,2.0,,,,,,1.0,,,,,,,2.0,1.0,,
443234,,,,,,,,19.0,,9.0,,,,,,3.0,,,,,,2.0,4.0,2.0,,
443252,,,,,,,,79.0,,29.0,,,,,,3.0,4.0,,0.0,1.0,,4.0,6.0,27.0,2.0,
443261,,,,,,,,37.0,,13.0,,,,,,5.0,1.0,,,,,,,17.0,,
443289,,,,,,,,26.0,,14.0,,,,,,5.0,1.0,,,,,,1.0,5.0,,
443298,,,,,,,,9.0,,4.0,,,,,,1.0,2.0,,,,,,,1.0,,
443322,,,,,,,,30.0,,14.0,,,,,,2.0,3.0,,,,,1.0,2.0,5.0,,
443331,,,,,,,,135.0,,75.0,,,,,,15.0,5.0,1.0,8.0,,,,,21.0,1.0,
443340,,,,,,,,16.0,,10.0,,,,,,2.0,0.0,,,,,,,2.0,,
443368,,,,,,,,51.0,,,,,,,,9.0,5.0,7.0,19.0,,,1.0,,7.0,,
443377,,,,,,,,22.0,,11.0,,,,,,2.0,,,,,,,,1.0,1.0,
443395,,,,,,,,3.0,,2.0,,,,,,,,,,,,,,1.0,,
443410,,,,,,,,229.0,,83.0,0.0,,,,,23.0,3.0,25.0,31.0,1.0,,19.0,2.0,14.0,1.0,1.0
443483,,,,,,,,13.0,,3.0,,,,,,1.0,1.0,,,,,1.0,2.0,2.0,,
443492,,,,,,,,136.0,,87.0,,,,,,15.0,1.0,6.0,9.0,,,0.0,,17.0,,
443544,,,,,,,,3.0,,0.0,,,,,,,,1.0,1.0,,,,,,,
443562,,,,,,,,320.0,,271.0,,,,,,13.0,6.0,,,,,13.0,7.0,2.0,1.0,
443571,,,,,,,,11.0,,3.0,,,,,,1.0,,,,,,,2.0,1.0,,
443599,,,,,,,,43.0,,14.0,,,,,,9.0,2.0,2.0,,,,,1.0,2.0,,3.0
443632,,,,,,,,13.0,,5.0,,,,,,1.0,1.0,,0.0,,,,1.0,1.0,,
443641,,,,,,,,19.0,,9.0,,,,,,1.0,,,,,,,3.0,4.0,2.0,
443650,,,,,,,,51.0,,29.0,,,,,,5.0,2.0,,,1.0,,,6.0,5.0,,
443669,,,,,,,,26.0,,16.0,,,,,,1.0,,,,,,,3.0,6.0,,
443678,,,,,,,,6.0,,4.0,,,,,,1.0,,,,,,,,,,
443696,,,,,,,,4.0,,1.0,,,,,,,1.0,,,,,,1.0,1.0,,
443702,,,,,,,,11.0,,7.0,,,,,,0.0,1.0,,1.0,,,,,1.0,,
443711,,,,,,,,488.0,,,,,,,,86.0,110.0,147.0,16.0,,,1.0,,103.0,25.0,
443748,,,,,,,,27.0,,5.0,,,,,,8.0,,,,,,,,13.0,,
443766,,,,,,,,83.0,,38.0,,,,,,11.0,,,,,,,16.0,3.0,,
443784,,,,,,,,71.0,,33.0,,,,,,13.0,,,,,,,12.0,1.0,,
443827,,,,,,,,23.0,,9.0,,,,,,2.0,,,8.0,,,,,1.0,,
443836,,,,,,,,34.0,,16.0,,,,,,3.0,,,9.0,,,,,3.0,,
443854,,,,,,,,15.0,,5.0,,,,,,4.0,,,,,,,,5.0,,
443951,,,,,,,,8.0,,2.0,,,,,,2.0,0.0,,0.0,,,1.0,1.0,0.0,,
443979,,,,,,,,13.0,,10.0,,,,,,,1.0,,,,,,1.0,2.0,,
444024,,,,,,,,24.0,,10.0,,,,,,4.0,,,,,,,,9.0,,
444051,,,,,,,,11.0,,5.0,,,,,,1.0,,,,,,,2.0,3.0,,
444088,,,,,,,,21.0,,9.0,,,,,,,1.0,,,,,,3.0,5.0,,
444103,,,,,,,,15.0,,11.0,,,,,,,1.0,1.0,,,,0.0,,0.0,,
444130,,,,,,,,689.0,,198.0,3.0,,,,,27.0,59.0,44.0,7.0,,,,2.0,36.0,,
444194,,,,,,,,28.0,,14.0,,,,,,2.0,1.0,,0.0,,,,2.0,7.0,1.0,
444200,,,,,,,,18.0,,8.0,,,,,,5.0,,,,,,,,1.0,,
444219,,,,,,,,330.0,,197.0,,,,,,17.0,10.0,5.0,13.0,,,24.0,,50.0,,
444228,,,,,,,,4.0,,2.0,,,,,,1.0,1.0,,,,,,,0.0,,
444255,,,,,,,,22.0,,7.0,,,,,,3.0,,,,,,,,7.0,1.0,
444264,,,,,,,,27.0,,5.0,,,,,,8.0,3.0,1.0,,,,0.0,4.0,3.0,1.0,
444282,,,,,,,,7.0,,4.0,,,,,,1.0,,,,,,,,1.0,,
444291,,,,,,,,6.0,,3.0,,,,,,1.0,,,,,,,,1.0,,
444307,,,,,,,,6.0,,3.0,,,,,,1.0,,,,,,,,1.0,,
444316,,,,,,,,11.0,,6.0,,,,,,1.0,,,,,,1.0,,3.0,,
444325,,,,,,,,12.0,,5.0,,,,,,1.0,,,,,,,,1.0,,
444334,,,,,,,,15.0,,6.0,,,,,,4.0,,,,,,,,4.0,,
444343,,,,,,,,9.0,,2.0,,,,,,1.0,,,,,,,2.0,,,
444361,,,,,,,,16.0,,7.0,,,,,,5.0,,,,,,3.0,,,,
444370,,,,,,,,18.0,,5.0,,,,,,4.0,2.0,1.0,,,,,,3.0,,
444398,,,,,,,,37.0,,16.0,,,,,,1.0,7.0,1.0,1.0,,,,,2.0,1.0,
444404,,,,,,,,6.0,,2.0,,,,,,1.0,1.0,,,,,,,1.0,,
444413,,,,,,,,8.0,,6.0,,,,,,1.0,,,,,,,,0.0,,
444440,,,,,,,,10.0,,4.0,,,,,,1.0,2.0,,,,,,0.0,1.0,,
444468,,,,,,,,2.0,,2.0,,,,,,,,,,,,,,0.0,,
444486,,,,,,,,38.0,,19.0,,,,,,2.0,4.0,,,,,1.0,6.0,5.0,,
444510,,,,,,,,10.0,,3.0,,,,,,2.0,1.0,,,,,,,4.0,,
444529,,,,,,,,19.0,,3.0,,,,,,2.0,,,,,,,,4.0,,
444547,,,,,,,,5.0,,1.0,,,,,,1.0,1.0,,,,,,,0.0,,
444556,,,,,,,,50.0,,18.0,,,,,,7.0,,,,,,,18.0,1.0,,
444565,,,,,,,,61.0,,30.0,,,,,,4.0,4.0,2.0,1.0,,,11.0,,4.0,1.0,
444583,,,,,,,,75.0,,14.0,,,,,,10.0,2.0,4.0,,,,9.0,,4.0,7.0,
444592,,,,,,,,18.0,,7.0,,,,,,2.0,3.0,,,,,,,5.0,,
444608,,,,,,,,2.0,,1.0,,,,,,1.0,,,,,,,0.0,,,
444635,,,,,,,,8.0,,3.0,,,,,,2.0,1.0,,,,,,1.0,1.0,,
444644,,,,,,,,11.0,,6.0,,,,,,1.0,,,,,,,,2.0,,
444662,,,,,,,,16.0,,7.0,,,,,,4.0,1.0,,,,,,1.0,2.0,,
444671,,,,,,,,35.0,,14.0,,,,,,2.0,1.0,,,,,,,4.0,,
444680,,,,,,,,12.0,,2.0,,,,,,1.0,1.0,,1.0,,,1.0,2.0,3.0,0.0,
444699,,,,,,,,10.0,,6.0,,,,,,3.0,1.0,,,,,,,,,
444714,,,,,,,,12.0,,4.0,,,,,,1.0,1.0,,,,,,3.0,3.0,,
444732,,,,,,,,16.0,,6.0,,,,,,3.0,1.0,,,,,1.0,1.0,1.0,0.0,
444778,,,,,,,,20.0,,13.0,,,,,,5.0,1.0,,,,,,,,,
444787,,,,,,,,77.0,,30.0,,,,,,3.0,7.0,,3.0,,,2.0,1.0,1.0,,
444796,,,,,,,,31.0,,5.0,,,,,,5.0,1.0,1.0,1.0,1.0,,2.0,5.0,4.0,2.0,0.0
444811,,,,,,,,55.0,,23.0,,,,,,7.0,3.0,1.0,,,,7.0,1.0,,,
444857,,,,,,,,9.0,,5.0,,,,,,1.0,,,,,,,,3.0,,
444866,,,,,,,,29.0,,12.0,,,,,,7.0,1.0,,,,,,,9.0,,
444893,,,,,,,,25.0,,6.0,,,,,,3.0,3.0,1.0,1.0,,,,6.0,3.0,,
444936,,,,,,,,10.0,,4.0,,,,,,2.0,,,,,,,,3.0,,
444945,,,,,,,,27.0,,12.0,,,,,,1.0,,,,,,1.0,,9.0,,
444954,,,,,,,,147.0,,90.0,,,,,,12.0,10.0,6.0,,,,2.0,,11.0,3.0,
444972,,,,,,,,24.0,,6.0,,,,,,6.0,,,,,,,,12.0,,
444990,,,,,,,,37.0,,27.0,,,,,,1.0,,,,,,,,4.0,,
445027,,,,,,,,708.0,,226.0,,,,,,33.0,29.0,,1.0,,,24.0,308.0,20.0,,
445054,,,,,,,,29.0,,11.0,8.0,,,,,2.0,3.0,1.0,,,,,,2.0,,
445090,,,,,,,,55.0,,33.0,,,,,,3.0,,,11.0,,,,,2.0,,
445133,,,,,,,,47.0,,16.0,,,,,,3.0,4.0,2.0,,,,2.0,10.0,4.0,,
445188,,,,,,,,1405.0,,365.0,75.0,2.0,,,,139.0,194.0,92.0,33.0,22.0,,122.0,6.0,162.0,29.0,16.0
445203,,,,,,,,43.0,,27.0,,,,,,5.0,,1.0,,,,,4.0,4.0,,
445212,,,,,,,,35.0,,20.0,,,,,,2.0,,,,,,,6.0,5.0,2.0,
445230,,,,,,,,50.0,,28.0,,,,,,3.0,,,,,,,,11.0,,
445249,,,,,,,,43.0,,25.0,,,,,,7.0,,1.0,,,,,3.0,5.0,,
445258,,,,,,,,30.0,,17.0,,,,,,5.0,1.0,,,,,2.0,3.0,1.0,,
445267,,,,,,,,132.0,,90.0,,,,,,6.0,6.0,,9.0,,,,,11.0,,
445300,,,,,,,,17.0,,9.0,,,,,,5.0,1.0,,,,,,,2.0,,
445328,,,,,,,,22.0,,11.0,,,,,,2.0,,,7.0,,,,,1.0,,
445364,,,,,,,,28.0,,19.0,,,,,,1.0,,,,,,,,4.0,,
445391,,,,,,,,8.0,,4.0,,,,,,2.0,,1.0,,,,,,1.0,,
445434,,,,,,,,17.0,,6.0,,,,,,6.0,,,,,,,,5.0,,
445461,,,,,,,,38.0,,12.0,,,,,,7.0,,,,,,,,18.0,,
445498,,,,,,,,6.0,,3.0,,,,,,2.0,,,,,,,,1.0,1.0,
445540,,,,,,,,7.0,,4.0,,,,,,2.0,1.0,,,,,,,,,
445559,,,,,,,,29.0,,18.0,,,,,,1.0,2.0,,,,,,3.0,1.0,,
445577,,,,,,,,10.0,,3.0,,,,,,6.0,,,,,,,,,,
445638,,,,,,,,16.0,,3.0,,,,,,5.0,2.0,,,,,,0.0,3.0,,
445647,,,,,,,,12.0,,5.0,,,,,,2.0,,,,,,,,1.0,,
445656,,,,,,,,12.0,,7.0,,,,,,2.0,,,,,,,,2.0,,
445692,,,,,,,,56.0,,16.0,,,,,,6.0,8.0,5.0,1.0,,,,4.0,5.0,,
445708,,,,,,,,196.0,,89.0,,,,,,32.0,20.0,3.0,18.0,1.0,,11.0,1.0,8.0,5.0,
445726,,,,,,,,18.0,,9.0,,,,,,1.0,2.0,,,,,,2.0,1.0,,
445735,,,,,,,,391.0,,169.0,9.0,,,,,50.0,22.0,17.0,4.0,3.0,,31.0,,59.0,7.0,
445744,,,,,,,,43.0,,26.0,,,,,,7.0,2.0,,,,,,5.0,3.0,,
445762,,,,,,,,24.0,,10.0,,,,,,4.0,,,,,,,,10.0,,
445780,,,,,,,,7.0,,3.0,,,,,,2.0,1.0,,,,,1.0,,,,
445799,,,,,,,,83.0,,39.0,,,,,,9.0,28.0,1.0,,,,,,2.0,4.0,
445841,,,,,,,,13.0,,8.0,,,,,,1.0,,,,,,,1.0,1.0,,
445850,,,,,,,,12.0,,7.0,,,,,,1.0,,,,,,,1.0,2.0,,
445869,,,,,,,,37.0,,16.0,,,,,,2.0,2.0,,,,,,,1.0,,
445948,,,,,,,,63.0,,22.0,,,,,,4.0,2.0,2.0,,,,,9.0,11.0,5.0,
445957,,,,,,,,16.0,,6.0,,,,,,2.0,2.0,,,,,,1.0,3.0,,
446002,,,,,,,,19.0,,12.0,,,,,,5.0,,,,,,3.0,,,,
446039,,,,,,,,26.0,,16.0,,,,,,1.0,3.0,1.0,,,,,,3.0,,
446048,,,,,,,,205.0,,77.0,,,,,,35.0,13.0,7.0,19.0,4.0,,11.0,1.0,9.0,7.0,0.0
446084,,,,,,,,15.0,,8.0,,,,,,3.0,2.0,,,,,,2.0,,,
446093,,,,,,,,14.0,,6.0,,,,,,2.0,2.0,,,,,,1.0,2.0,,
446109,,,,,,,,19.0,,11.0,,,,,,1.0,1.0,,,,,,,1.0,,
446118,,,,,,,,70.0,,38.0,,,,,,9.0,2.0,,,,,,7.0,14.0,,
446127,,,,,,,,29.0,,15.0,,,,,,2.0,2.0,1.0,,,,1.0,2.0,2.0,,
446136,,,,,,,,43.0,,12.0,,,,,,7.0,2.0,,,,,,13.0,3.0,,
446163,,,,,,,,10.0,,4.0,,,,,,2.0,1.0,,,,,,,,,
446206,,,,,,,,4.0,,2.0,,,,,,1.0,1.0,,,,,,,0.0,,
446224,,,,,,,,15.0,,9.0,,,,,,1.0,1.0,,,,,,1.0,2.0,,
446233,,,,,,,,70.0,,33.0,,,,,,6.0,6.0,,,,,7.0,,10.0,,
446242,,,,,,,,17.0,,11.0,,,,,,1.0,,,,,,,,1.0,,
446251,,,,,,,,23.0,,5.0,,,,,,4.0,,,,,,6.0,1.0,1.0,,
446260,,,,,,,,14.0,,8.0,,,,,,1.0,4.0,,,,,,,1.0,,
446288,,,,,,,,8.0,,3.0,,,,,,1.0,,,,,,,1.0,2.0,,
446303,,,,,,,,22.0,,7.0,,,,,,1.0,3.0,0.0,,,,,2.0,5.0,1.0,
446349,,,,,,,,4.0,,3.0,,,,,,,,,,,,,,1.0,,
446385,,,,,,,,56.0,,28.0,,,,,,5.0,3.0,,,,,,6.0,5.0,,4.0
446394,,,,,,,,16.0,,11.0,,,,,,2.0,1.0,,,,,,,1.0,,
446455,,,,,,,,13.0,,6.0,,,,,,2.0,,,,,,,1.0,,,
446516,,,,,,,,9.0,,4.0,,,,,,2.0,1.0,,,,,,,2.0,,
446525,,,,,,,,15.0,,4.0,,,,,,1.0,,3.0,,,,,,2.0,,
446534,,,,,,,,5.0,,3.0,,,,,,1.0,,,,,,,,,,
446552,,,,,,,,134.0,,50.0,,,,,,23.0,5.0,1.0,,,,3.0,,5.0,,
446561,,,,,,,,186.0,,63.0,,,,,,28.0,9.0,5.0,11.0,,,7.0,,18.0,,2.0
446589,,,,,,,,17.0,,7.0,,,,,,3.0,1.0,,,,,1.0,2.0,2.0,1.0,
446598,,,,,,,,10.0,,7.0,,,,,,1.0,1.0,,,,,,,0.0,,
446604,,,,,,,,185.0,,154.0,,,,,,4.0,3.0,1.0,,,,15.0,,7.0,,
446613,,,,,,,,2.0,,2.0,,0.0,,,,,,,,,,,,,,
446640,,,,,,,,207.0,,109.0,,1.0,,,,4.0,6.0,10.0,,,,2.0,9.0,11.0,,
446677,,,,,,,,15.0,,9.0,,,,,,2.0,1.0,,,,,,1.0,1.0,,
446774,,,,,,,,197.0,,118.0,,,,,,10.0,16.0,5.0,11.0,,,15.0,,20.0,,
446808,,,,,,,,5.0,,1.0,,,,,,2.0,1.0,,,,,,,,,
446880,,,,,,,,13.0,,10.0,,,,,,2.0,,,,,,,,1.0,,
446978,,,,,,,,31.0,,,,,,,,5.0,8.0,,12.0,,,,,5.0,,
446996,,,,,,,,8.0,,4.0,,,,,,3.0,,,,,,,1.0,,,
447014,,,,,,,,42.0,,16.0,,,,,,5.0,2.0,,,,,,,5.0,1.0,
447023,,,,,,,,59.0,,37.0,,,,,,6.0,5.0,,,,,2.0,,9.0,,
447050,,,,,,,,55.0,,33.0,,,,,,4.0,6.0,1.0,,,,,3.0,1.0,,
447102,,,,,,,,26.0,,11.0,,,,,,2.0,,,7.0,,,,,1.0,,
447120,,,,,,,,25.0,,11.0,,,,,,2.0,,,8.0,,,,,1.0,,
447148,,,,,,,,13.0,,9.0,,,,,,1.0,,,,,,,,1.0,,
447166,,,,,,,,6.0,,3.0,,,,,,1.0,,,,,,,,1.0,,
447175,,,,,,,,7.0,,4.0,,,,,,,1.0,,,,,,,1.0,,
447209,,,,,,,,11.0,,4.0,,,,,,4.0,,,,,,,,3.0,,
447263,,,,,,,,58.0,,34.0,,,,,,8.0,5.0,,,,,,4.0,6.0,,
447272,,,,,,,,27.0,,10.0,,,,,,8.0,1.0,,2.0,,,,,5.0,,
447290,,,,,,,,28.0,,8.0,,,,,,3.0,1.0,,10.0,,,,1.0,2.0,,
447379,,,,,,,,36.0,,18.0,,,,,,6.0,2.0,,,,,5.0,4.0,1.0,,
447403,,,,,,,,53.0,,24.0,,,,,,7.0,18.0,,,,,,,1.0,3.0,
447421,,,,,,,,25.0,,16.0,,,,,,1.0,2.0,,,,,,3.0,2.0,,
447430,,,,,,,,11.0,,6.0,,,,,,1.0,1.0,,,,,0.0,,3.0,,
447449,,,,,,,,6.0,,2.0,,,,,,1.0,1.0,,,,,1.0,,1.0,,
447458,,,,,,,,44.0,,21.0,,,,,,1.0,,2.0,,,,,,1.0,3.0,
447467,,,,,,,,23.0,,11.0,,,,,,1.0,,,,,,1.0,,5.0,,
447476,,,,,,,,2.0,,1.0,,,,,,1.0,,,,,,,,,,
447494,,,,,,,,4.0,,2.0,,,,,,1.0,,,,,,,,,,
447519,,,,,,,,13.0,,6.0,,,,,,5.0,,,,,,,,1.0,,
447582,,,,,,,,128.0,,61.0,,,,,,17.0,7.0,5.0,1.0,,,9.0,,10.0,,
447591,,,,,,,,38.0,,19.0,,,,,,5.0,,,,,,,,1.0,,
447607,,,,,,,,37.0,,12.0,,,,,,6.0,2.0,,,,,0.0,,17.0,,
447616,,,,,,,,37.0,,14.0,,,,,,7.0,2.0,,,,,0.0,,14.0,,
447634,,,,,,,,28.0,,14.0,,,,,,2.0,,,8.0,,,,,1.0,,
447689,,,,,,,,929.0,,520.0,,,,,,121.0,25.0,25.0,35.0,2.0,,32.0,,81.0,5.0,
447698,,,,,,,,26.0,,14.0,1.0,,,,,3.0,1.0,,,,,,0.0,4.0,,
447704,,,,,,,,8.0,,4.0,,,,,,1.0,1.0,,,,,,,2.0,,
447713,,,,,,,,4.0,,2.0,,,,,,,,,,,,,,0.0,,
447722,,,,,,,,9.0,,2.0,,,,,,2.0,1.0,,,,,,,1.0,,
447731,,,,,,,,15.0,,10.0,,,,,,1.0,1.0,,,,,,,2.0,,
447759,,,,,,,,24.0,,5.0,,,,,,3.0,2.0,,,,,7.0,3.0,3.0,1.0,
447768,,,,,,,,90.0,,37.0,,,,,,18.0,4.0,1.0,7.0,,,,1.0,15.0,1.0,
447777,,,,,,,,61.0,,25.0,,,,,,11.0,6.0,1.0,,,,,8.0,5.0,,
447795,,,,,,,,5.0,,2.0,,,,,,3.0,,,,,,,,0.0,,
447801,,,,,,,,25.0,,17.0,,,,,,4.0,1.0,,,,,1.0,,1.0,,
447810,,,,,,,,42.0,,16.0,,,,,,3.0,1.0,1.0,,,,,,6.0,,
447847,,,,,,,,105.0,,63.0,1.0,,,,,7.0,2.0,1.0,1.0,,,5.0,,6.0,14.0,
447865,,,,,,,,5.0,,2.0,,,,,,1.0,,,,,,,,2.0,,
447874,,,,,,,,43.0,,21.0,,,,,,9.0,,,,,,1.0,5.0,1.0,2.0,
447883,,,,,,,,28.0,,12.0,,,,,,5.0,3.0,,,,,,3.0,4.0,1.0,
447892,,,,,,,,12.0,,5.0,,,,,,2.0,2.0,,,,,1.0,,2.0,,
447908,,,,,,,,10.0,,3.0,,,,,,2.0,,,,,,4.0,,,,
447917,,,,,,,,8.0,,3.0,,,,,,3.0,0.0,,,,,,,2.0,,
447935,,,,,,,,40.0,,19.0,,,,,,2.0,6.0,1.0,,,,,4.0,2.0,,
447953,,,,,,,,57.0,,28.0,,,,,,5.0,4.0,,3.0,,,,6.0,1.0,1.0,
447962,,,,,,,,22.0,,13.0,,,,,,2.0,2.0,,,,,,1.0,1.0,1.0,
447971,,,,,,,,18.0,,9.0,,,,,,2.0,1.0,,,,,1.0,,3.0,,
447980,,,,,,,,5.0,,3.0,,,,,,1.0,,,,,,,,1.0,,
447999,,,,,,,,22.0,,12.0,,,,,,3.0,1.0,,,,,,2.0,,,
448008,,,,,,,,2.0,,1.0,,,,,,,,,,,,,,1.0,,
448017,,,,,,,,27.0,,8.0,,,,,,2.0,2.0,,,1.0,,,,5.0,,
448026,,,,,,,,14.0,,7.0,,,,,,2.0,,,,,,,,2.0,,
448044,,,,,,,,3.0,,0.0,,,,,,2.0,0.0,,,,,,0.0,,,
448071,,,,,,,,24.0,,8.0,,,,,,6.0,3.0,,,,,1.0,2.0,4.0,,
448123,,,,,,,,23.0,,7.0,,,,,,3.0,2.0,,,,,1.0,2.0,7.0,1.0,
448150,,,,,,,,12.0,,6.0,,,,,,3.0,1.0,,,,,,1.0,1.0,,
448196,,,,,,,,16.0,,7.0,,,,,,3.0,1.0,,,,,,2.0,1.0,,
448220,,,,,,,,12.0,,7.0,,,,,,1.0,,,,,,,1.0,3.0,,
448239,,,,,,,,17.0,,10.0,,,,,,3.0,1.0,,,,,,,3.0,,
448248,,,,,,,,160.0,,86.0,,,,,,16.0,8.0,5.0,,,,7.0,4.0,10.0,10.0,
448257,,,,,,,,14.0,,4.0,,,,,,5.0,,,,,,,0.0,4.0,,
448275,,,,,,,,5.0,,2.0,,,,,,1.0,,,,,,0.0,,1.0,,
448284,,,,,,,,106.0,,60.0,,,,,,10.0,,8.0,10.0,,,,6.0,5.0,1.0,
448309,,,,,,,,23.0,,14.0,,,,,,3.0,1.0,0.0,,,,,,2.0,,
448336,,,,,,,,19.0,,,,,,,,9.0,6.0,,3.0,,,,,1.0,,
448345,,,,,,,,65.0,,30.0,,,,,,7.0,5.0,,3.0,,,,,16.0,,
448354,,,,,,,,37.0,,14.0,4.0,,,,,4.0,1.0,1.0,1.0,,,,3.0,5.0,1.0,
448381,,,,,,,,84.0,,,,,,,,19.0,,16.0,,,,5.0,,38.0,,
448424,,,,,,,,7.0,,4.0,,,,,,2.0,,,,,,,,1.0,,
448433,,,,,,,,75.0,,34.0,,,,,,6.0,29.0,1.0,,,,,,2.0,3.0,
448567,,,,,,,,11.0,,6.0,,,,,,1.0,1.0,1.0,,,,,,1.0,,
448576,,,,,,,,81.0,,35.0,,,,,,8.0,10.0,,4.0,,,1.0,,17.0,,
448585,,,,,,,,18.0,,9.0,,,,,,3.0,,,,,,,,2.0,,
448594,,,,,,,,196.0,,77.0,,,,,,22.0,,1.0,19.0,1.0,,16.0,,11.0,,
448600,,,,,,,,34.0,,16.0,,,,,,8.0,1.0,,,,,,2.0,5.0,0.0,
448619,,,,,,,,80.0,,27.0,,,,,,26.0,,2.0,,,,,,15.0,3.0,
448637,,,,,,,,60.0,,,1.0,,,,,25.0,20.0,7.0,,,,1.0,,6.0,,
448646,,,,,,,,13.0,,5.0,,,,,,1.0,,,,,,1.0,,4.0,,
448664,,,,,,,,2.0,,2.0,,,,,,,,,,,,,,,,
448673,,,,,,,,173.0,,49.0,,,,,,29.0,32.0,,,,,,,7.0,,
448691,,,,,,,,35.0,,7.0,,,,,,8.0,4.0,,,,,,,13.0,,
448707,,,,,,,,11.0,,5.0,,,,,,1.0,,,,1.0,,,2.0,1.0,1.0,1.0
448716,,,,,,,,10.0,,6.0,,,,,,1.0,,,0.0,,,,1.0,0.0,0.0,
448734,,,,,,,,45.0,,25.0,,,,,,10.0,1.0,,1.0,,,,,8.0,,
448752,,,,,,,,26.0,,10.0,,,,,,3.0,5.0,1.0,,,,,2.0,1.0,,
448761,,,,,,,,15.0,,7.0,,,,,,4.0,2.0,,,,,,1.0,1.0,,
448770,,,,,,,,32.0,,13.0,,,,,,4.0,1.0,,,,,,9.0,3.0,1.0,
448798,,,,,,,,7.0,,4.0,,,,,,1.0,,,,,,,,1.0,,
448840,,,,,,,,528.0,,181.0,2.0,,,,,35.0,41.0,16.0,45.0,3.0,,48.0,,69.0,22.0,1.0
448859,,,,,,,,20.0,,11.0,,,,,,2.0,,,,,,,,1.0,1.0,
448886,,,,,,,,1568.0,,670.0,16.0,3.0,,,,199.0,131.0,101.0,160.0,6.0,,24.0,9.0,174.0,3.0,2.0
448895,,,,,,,,35.0,,16.0,,,,,,2.0,,,,,,2.0,5.0,9.0,,
448974,,,,,,,,9.0,,4.0,,,,,,2.0,,,,,,,,0.0,,
448983,,,,,,,,12.0,,4.0,,,,,,6.0,,,,,,,,1.0,,
449010,,,,,,,,61.0,,26.0,,,,,,8.0,6.0,,2.0,,,,,13.0,,
449038,,,,,,,,103.0,,56.0,,,,,,13.0,,,,,,,14.0,,,
449074,,,,,,,,42.0,,22.0,,,,,,3.0,,,,,,,,9.0,,
449083,,,,,,,,27.0,,12.0,,,,,,1.0,,1.0,,,,2.0,,2.0,,
449092,,,,,,,,25.0,,12.0,,,,,,1.0,,1.0,,,,2.0,,1.0,,
449117,,,,,,,,43.0,,22.0,,,,,,5.0,1.0,,,2.0,,,6.0,6.0,,
449126,,,,,,,,4.0,,3.0,,,,,,,1.0,,,,,,,,,
449135,,,,,,,,7.0,,2.0,,,,,,2.0,0.0,,,,,2.0,0.0,0.0,,
449144,,,,,,,,11.0,,5.0,,,,,,3.0,,,,,,3.0,,,1.0,
449250,,,,,,,,40.0,,23.0,,,,,,4.0,,,,,,,,1.0,1.0,
449269,,,,,,,,18.0,,4.0,,,,,,6.0,,,,,,,,8.0,,
449311,,,,,,,,11.0,,5.0,,,,,,2.0,,,,,,1.0,,3.0,,
449320,,,,,,,,51.0,,24.0,,,,,,14.0,,1.0,,,,,,9.0,,
449339,,,,,,,,1814.0,,908.0,,,,,,256.0,254.0,78.0,43.0,,,18.0,,145.0,,
449348,,,,,,,,19.0,,10.0,,2.0,,,,1.0,1.0,,,,,,,1.0,,
449357,,,,,,,,14.0,,4.0,,,,,,2.0,1.0,,,,,2.0,,4.0,,
449366,,,,,,,,71.0,,22.0,,,,,,8.0,3.0,1.0,,,,,8.0,8.0,1.0,6.0
449384,,,,,,,,68.0,,31.0,,,,,,8.0,3.0,5.0,3.0,,,,,14.0,,
449393,,,,,,,,5.0,,4.0,,,,,,,1.0,,,,,,,,,
449445,,,,,,,,11.0,,7.0,,,,,,,,,,,,,,,,
449454,,,,,,,,15.0,,5.0,,,,,,4.0,1.0,,,,,4.0,,,,
449463,,,,,,,,23.0,,15.0,,,,,,,1.0,,,,,,1.0,1.0,,
449472,,,,,,,,14.0,,4.0,,,,,,1.0,2.0,,,,,,,3.0,,
449481,,,,,,,,6.0,,2.0,,,,,,3.0,,,,,,,,1.0,,
449490,,,,,,,,21.0,,6.0,,,,,,2.0,4.0,,,,,2.0,,7.0,,
449506,,,,,,,,47.0,,18.0,,,,,,12.0,5.0,2.0,2.0,,,3.0,,1.0,3.0,
449524,,,,,,,,27.0,,11.0,,,,,,7.0,2.0,,,,,,,2.0,,
449533,,,,,,,,8.0,,4.0,,,,,,1.0,,,,,,,1.0,2.0,,
449597,,,,,,,,7.0,,2.0,,,,,,1.0,,,,,,,,1.0,,
449603,,,,,,,,18.0,,7.0,,,,,,4.0,1.0,,,,,,3.0,2.0,,
449612,,,,,,,,23.0,,9.0,,,,,,3.0,3.0,,,,,3.0,,,,
449658,,,,,,,,11.0,,7.0,,,,,,1.0,0.0,,,,,1.0,1.0,,,
449667,,,,,,,,26.0,,9.0,,,,,,4.0,3.0,,1.0,,,,2.0,2.0,,
449676,,,,,,,,25.0,,10.0,,,,,,3.0,1.0,1.0,,,,1.0,4.0,5.0,,
449685,,,,,,,,24.0,,8.0,,,,,,3.0,2.0,0.0,,,,3.0,3.0,2.0,,
449700,,,,,,,,21.0,,7.0,,,,,,2.0,,,,,,,,,,
449719,,,,,,,,18.0,,10.0,,,,,,2.0,3.0,,,,,,1.0,2.0,0.0,
449728,,,,,,,,9.0,,3.0,,,,,,1.0,,,,,,,,3.0,,
449764,,,,,,,,34.0,,17.0,,,,,,4.0,3.0,,,,,,5.0,2.0,,
449773,,,,,,,,25.0,,6.0,,,,,,5.0,2.0,0.0,,,,5.0,4.0,2.0,,
449782,,,,,,,,6.0,,3.0,,,,,,1.0,2.0,,,,,,,,,
449807,,,,,,,,14.0,,8.0,,,,,,3.0,,,,,,1.0,,1.0,1.0,
449816,,,,,,,,58.0,,32.0,,,,,,8.0,,2.0,,,,5.0,,7.0,,
449834,,,,,,,,7.0,,5.0,,,,,,,0.0,,,,,,,1.0,,
449852,,,,,,,,8.0,,4.0,,,,,,2.0,0.0,,,,,0.0,,1.0,,
449861,,,,,,,,20.0,,12.0,,,,,,3.0,1.0,,,,,1.0,2.0,1.0,,
449870,,,,,,,,57.0,,16.0,,,,,,16.0,3.0,2.0,1.0,,,4.0,,13.0,,
449889,,,,,,,,186.0,,84.0,,,,,,32.0,6.0,,,,,,,2.0,,
449898,,,,,,,,113.0,,63.0,,,,,,20.0,4.0,,,,,,,22.0,,
449904,,,,,,,,12.0,,6.0,,,,,,1.0,,,,,,,1.0,3.0,,
449922,,,,,,,,50.0,,24.0,1.0,,,,,5.0,1.0,2.0,,,,4.0,,6.0,,
449931,,,,,,,,61.0,,32.0,,,,,,5.0,4.0,,8.0,,,,,6.0,,
449959,,,,,,,,30.0,,18.0,,,,,,2.0,,,,,,,4.0,5.0,2.0,
449968,,,,,,,,29.0,,14.0,,,,,,2.0,,,,,,,5.0,6.0,2.0,
449977,,,,,,,,22.0,,11.0,,,,,,3.0,,,,,,,3.0,5.0,1.0,
449986,,,,,,,,28.0,,17.0,,,,,,2.0,,,,,,,4.0,5.0,1.0,
449995,,,,,,,,19.0,,12.0,,,,,,1.0,,,,,,,2.0,3.0,,
450003,,,,,,,,4.0,,3.0,,,,,,1.0,,,,,,,,,,
450021,,,,,,,,44.0,,23.0,,,,,,6.0,1.0,,,,,2.0,3.0,8.0,,
450058,,,,,,,,67.0,,37.0,,,,,,7.0,7.0,1.0,,,,,6.0,3.0,,
450067,,,,,,,,43.0,,24.0,,,,,,2.0,4.0,,,,,1.0,6.0,4.0,,
450076,,,,,,,,10.0,,3.0,,,,,,1.0,,,,,,,,0.0,1.0,
450085,,,,,,,,46.0,,19.0,,,,,,6.0,2.0,,2.0,,,,,12.0,,
450094,,,,,,,,49.0,,22.0,,,,,,7.0,4.0,,3.0,,,,,10.0,,
450119,,,,,,,,34.0,,14.0,,,,,,4.0,2.0,,,,,,6.0,8.0,,
450128,,,,,,,,31.0,,18.0,,,,,,4.0,1.0,,,,,,2.0,6.0,,
450182,,,,,,,,24.0,,12.0,,,,,,1.0,,,,,,1.0,,10.0,,
450191,,,,,,,,40.0,,24.0,,,,,,1.0,,,11.0,,,,,1.0,,
450289,,,,,,,,42.0,,23.0,,,,,,2.0,,,11.0,,,,,1.0,,
450298,,,,,,,,8.0,,5.0,,,,,,,,,,,,,2.0,,,
450304,,,,,,,,39.0,,16.0,,,,,,5.0,4.0,1.0,,,,1.0,,6.0,0.0,
450377,,,,,,,,27.0,,14.0,,,,,,5.0,,,,,,,4.0,,,
450395,,,,,,,,24.0,,10.0,,,,,,3.0,2.0,,,,,,4.0,2.0,0.0,1.0
450401,,,,,,,,45.0,,24.0,,,,,,1.0,2.0,,,,,2.0,5.0,6.0,1.0,
450456,,,,,,,,3.0,,1.0,,,,,,2.0,,,,,,,,,,
450483,,,,,,,,12.0,,7.0,,,,,,5.0,,,,,,,,,,
450526,,,,,,,,39.0,,19.0,,,,,,8.0,1.0,,2.0,,,,,8.0,,
450535,,,,,,,,31.0,,14.0,,,,,,6.0,1.0,,2.0,,,,,8.0,,
450544,,,,,,,,29.0,,11.0,,,,,,4.0,1.0,,1.0,,,,,11.0,,
450571,,,,,,,,66.0,,28.0,,,,,,10.0,1.0,,,,,,,4.0,,
450599,,,,,,,,5.0,,3.0,,,,,,1.0,,,,,,,,1.0,,
450605,,,,,,,,7.0,,4.0,,,,,,1.0,,,,,,,,1.0,,
450614,,,,,,,,8.0,,5.0,,,,,,1.0,,,,,,,,1.0,,
450632,,,,,,,,34.0,,10.0,,,,,,1.0,,,,,,17.0,1.0,4.0,,
450641,,,,,,,,17.0,,10.0,,,,,,2.0,1.0,,0.0,,,,,1.0,,
450650,,,,,,,,51.0,,20.0,,,,,,,3.0,,,,,,5.0,20.0,,
450696,,,,,,,,28.0,,13.0,,,,,,6.0,,,,,,,,1.0,,
450702,,,,,,,,30.0,,15.0,,,,,,5.0,,,,,,1.0,,1.0,,
450711,,,,,,,,9.0,,5.0,,,,,,2.0,1.0,,,,,,,,,
450720,,,,,,,,26.0,,10.0,,,,,,8.0,,0.0,,,,0.0,,4.0,,
450757,,,,,,,,12.0,,5.0,,,,,,2.0,2.0,,,,,,1.0,1.0,,
450766,,,,,,,,10.0,,6.0,,,,,,3.0,,,,,,,,1.0,,
450933,,,,,,,,653.0,,252.0,,,,,,59.0,5.0,,1.0,,,6.0,33.0,84.0,,6.0
450942,,,,,,,,35.0,,24.0,,,,,,3.0,1.0,,1.0,,,,,2.0,,
450951,,,,,,,,23.0,,10.0,,,,,,1.0,1.0,,,,,3.0,2.0,4.0,2.0,
450960,,,,,,,,21.0,,6.0,,,,,,5.0,2.0,1.0,,,,,,2.0,,
450979,,,,,,,,473.0,,189.0,,,,,,63.0,100.0,22.0,12.0,,,,,4.0,,
450988,,,,,,,,10.0,,6.0,,,,,,1.0,1.0,,,,,,,2.0,,
451006,,,,,,,,16.0,,4.0,,,,,,4.0,4.0,0.0,,,,,2.0,1.0,,
451033,,,,,,,,1.0,,1.0,,,,,,,,,,,,,,,,
451042,,,,,,,,13.0,,8.0,,,,,,1.0,1.0,,,,,,,,,
451051,,,,,,,,7.0,,3.0,,,,,,1.0,1.0,,,,,,,1.0,,
451079,,,,,,,,9.0,,,,,,,,3.0,1.0,,,,,,,2.0,,
451097,,,,,,,,18.0,,7.0,,,,,,0.0,1.0,,,,,,,8.0,0.0,
451103,,,,,,,,136.0,,73.0,,,,,,24.0,3.0,4.0,,,,3.0,,7.0,,
451121,,,,,,,,14.0,,7.0,,,,,,3.0,3.0,,,,,,,1.0,,
451130,,,,,,,,20.0,,8.0,,,,,,3.0,2.0,2.0,,,,,,2.0,,
451149,,,,,,,,53.0,,28.0,,,,,,7.0,2.0,,,,,4.0,12.0,,,
451158,,,,,,,,61.0,,34.0,,,,,,10.0,1.0,,,,,3.0,13.0,,,
451167,,,,,,,,19.0,,11.0,,,,,,2.0,1.0,,,,,1.0,2.0,1.0,,
451194,,,,,,,,6.0,,3.0,,,,,,1.0,,,,,,,0.0,1.0,,
451228,,,,,,,,14.0,,7.0,,,,,,2.0,,,,,,,2.0,3.0,,
451237,,,,,,,,20.0,,10.0,,,,,,5.0,4.0,,,,,,,1.0,,
451255,,,,,,,,10.0,,3.0,,,,,,2.0,0.0,,,,,,,3.0,,
451264,,,,,,,,14.0,,3.0,,,,,,5.0,,1.0,,,,,,1.0,,
451282,,,,,,,,11.0,,7.0,,,,,,1.0,1.0,,,,,,0.0,1.0,,
451291,,,,,,,,4.0,,1.0,,,,,,1.0,,,,,,,,1.0,,
451307,,,,,,,,7.0,,3.0,,,,,,1.0,,,,,,1.0,,1.0,,
451334,,,,,,,,24.0,,12.0,,,,,,5.0,2.0,,,,,,3.0,3.0,,
451343,,,,,,,,10.0,,4.0,,,,,,2.0,2.0,,,,,,,1.0,,
451352,,,,,,,,44.0,,20.0,,,,,,6.0,1.0,,,,,,,16.0,,
451370,,,,,,,,6.0,,5.0,,,,,,1.0,,,,,,0.0,,0.0,,
451398,,,,,,,,18.0,,10.0,,,,,,3.0,1.0,,,,,3.0,,0.0,,
451404,,,,,,,,37.0,,31.0,,,,,,1.0,2.0,,,,,1.0,,2.0,,
451413,,,,,,,,56.0,,34.0,,,,,,9.0,5.0,,,,,3.0,,2.0,,1.0
451459,,,,,,,,15.0,,6.0,,,,,,1.0,2.0,,,,,,,3.0,,
451468,,,,,,,,29.0,,16.0,,,,,,1.0,4.0,,,,,,6.0,1.0,,
451477,,,,,,,,13.0,,5.0,,,,,,2.0,1.0,,,,,,2.0,2.0,,
451495,,,,,,,,9.0,,3.0,,,,,,2.0,1.0,,,,,,3.0,,,
451501,,,,,,,,38.0,,13.0,,,,,,6.0,1.0,,,,,2.0,,1.0,,1.0
451510,,,,,,,,75.0,,33.0,,,,,,13.0,4.0,3.0,,,,4.0,,7.0,,
451529,,,,,,,,5.0,,3.0,,,,,,,,,,,,,,1.0,,
451538,,,,,,,,23.0,,8.0,,,,,,4.0,2.0,,,,,,,1.0,,
451547,,,,,,,,4.0,,2.0,,,,,,,1.0,,,,,,,1.0,,
451556,,,,,,,,169.0,,67.0,,,,,,17.0,14.0,6.0,,,,,11.0,26.0,20.0,
451565,,,,,,,,19.0,,10.0,,,,,,2.0,,,,,,,4.0,3.0,,
451574,,,,,,,,19.0,,12.0,,,,,,1.0,1.0,,,,,,3.0,2.0,,
451583,,,,,,,,78.0,,40.0,,,,,,10.0,3.0,1.0,4.0,,,7.0,2.0,9.0,1.0,
451617,,,,,,,,4.0,,1.0,,,,,,1.0,0.0,,,,,,,,,
451626,,,,,,,,12.0,,7.0,,,,,,2.0,1.0,,,,,,,1.0,,
451635,,,,,,,,5.0,,3.0,,,,,,0.0,0.0,,,,,0.0,,1.0,,
451644,,,,,,,,2.0,,2.0,,,,,,,,,,,,,,,,
451653,,,,,,,,1.0,,,,,,,,,,,,,,,,1.0,,
451662,,,,,,,,394.0,,248.0,,,,,,24.0,31.0,,19.0,,,,,70.0,,
451671,,,,,,,,225.0,,105.0,,,,,,21.0,19.0,8.0,14.0,,,1.0,,33.0,1.0,
451699,,,,,,,,36.0,,15.0,,,,,,8.0,,,,,,,,3.0,,
451705,,,,,,,,9.0,,3.0,,,,,,1.0,1.0,,,,,,1.0,2.0,,
451714,,,,,,,,24.0,,11.0,,,,,,3.0,2.0,,,,,3.0,3.0,,,
451741,,,,,,,,65.0,,13.0,,,,,,21.0,14.0,,3.0,,,1.0,3.0,8.0,,
451750,,,,,,,,115.0,,62.0,,,,,,9.0,,1.0,26.0,,,3.0,,8.0,,
451796,,,,,,,,60.0,,27.0,,,,,,6.0,5.0,,2.0,,,,,15.0,,
451820,,,,,,,,64.0,,33.0,,,,,,7.0,6.0,,1.0,,,,,15.0,,
451857,,,,,,,,35.0,,20.0,,,,,,5.0,1.0,1.0,,,,,3.0,3.0,,
451866,,,,,,,,32.0,,20.0,,,,,,5.0,1.0,,,,,,3.0,2.0,,
451875,,,,,,,,29.0,,18.0,,,,,,3.0,,,,,,,,1.0,,
451884,,,,,,,,20.0,,8.0,,,,,,3.0,,,,,,,,1.0,,
451909,,,,,,,,57.0,,33.0,,,,,,7.0,4.0,,,2.0,,,7.0,2.0,,
451918,,,,,,,,12.0,,7.0,,,,,,1.0,,,,,,,,2.0,,
452009,,,,,,,,4.0,,3.0,,,,,,1.0,,,,,,,,,,
452027,,,,,,,,52.0,,21.0,,,,,,8.0,3.0,,2.0,,,,,12.0,,
452072,,,,,,,,15.0,,5.0,,,,,,4.0,,,,,,,,1.0,,
452081,,,,,,,,32.0,,18.0,,,,,,4.0,,,,,,,,0.0,,
452090,,,,,,,,21.0,,11.0,,,,,,7.0,,,,,,,,3.0,,
452106,,,,,,,,18.0,,7.0,,,,,,1.0,,,,,,,,3.0,2.0,
452115,,,,,,,,61.0,,38.0,,,,,,3.0,,,12.0,,,,,2.0,,
452124,,,,,,,,34.0,,7.0,,,,,,12.0,1.0,,,,,,4.0,3.0,,
452373,,,,,,,,21.0,,10.0,,,,,,1.0,,1.0,,,,,,3.0,,
452540,,,,,,,,4.0,,1.0,,,,,,2.0,,,,,,,,1.0,,
452771,,,,,,,,1.0,,1.0,,,,,,0.0,,,,,,,,0.0,,
452780,,,,,,,,1.0,,1.0,,,,,,0.0,,,,,,,,0.0,,
452887,,,,,,,,12.0,,5.0,,,,,,3.0,2.0,,,,,1.0,,,1.0,
452948,,,,,,,,45.0,,23.0,,,,,,6.0,2.0,1.0,,,,1.0,,4.0,,
453109,,,,,,,,4.0,,3.0,,,,,,1.0,,,,,,,,,,
453163,,,,,,,,104.0,,43.0,,,,,,16.0,,,,,,,24.0,,,
453215,,,,,,,,38.0,,14.0,,,,,,8.0,,,,,,,5.0,1.0,,
453297,,,,,,,,12.0,,4.0,,,,,,3.0,,,,,,3.0,,2.0,,
453455,,,,,,,,10.0,,5.0,,,,,,1.0,,,,,,,2.0,2.0,,
453464,,,,,,,,8.0,,4.0,,,,,,1.0,,,,,,,2.0,1.0,,
453552,,,,,,,,4.0,,3.0,,,,,,,,,,,,,,,,
453756,,,,,,,,15.0,,4.0,,,,,,2.0,1.0,,,,,,2.0,1.0,,
453792,,,,,,,,12.0,,8.0,,,,,,1.0,1.0,,,,,,,2.0,,
453817,,,,,,,,8.0,,6.0,,,,,,2.0,,,,,,,,,,
454184,,,,,,,,103.0,,38.0,,,,,,29.0,3.0,2.0,6.0,,,2.0,,23.0,,
454218,,,,,,,,312.0,,,,,,,,92.0,122.0,5.0,0.0,,,,,16.0,,
454227,,,,,,,,672.0,,495.0,,,,,,70.0,1.0,3.0,,,,,,19.0,,
454236,,,,,,,,88.0,,49.0,,,,,,12.0,2.0,2.0,,,,,,7.0,,
454245,,,,,,,,96.0,,40.0,,,,,,11.0,,1.0,,,,,,7.0,,
454306,,,,,,,,18.0,,7.0,,,,,,2.0,1.0,,,,,,5.0,2.0,,
454458,,,,,,,,12.0,,1.0,,,,,,7.0,,,,,,,1.0,,,
454537,,,,,,,,12.0,,6.0,,,,,,1.0,1.0,,,,,,2.0,2.0,,
454546,,,,,,,,7.0,,3.0,,,,,,1.0,,,,,,0.0,1.0,1.0,,
454555,,,,,,,,18.0,,10.0,,,,,,1.0,,,,,,,2.0,5.0,,
454573,,,,,,,,22.0,,10.0,,,,,,1.0,,,,,,,2.0,8.0,,
454607,,,,,,,,25.0,,15.0,,,,,,,1.0,,1.0,,,1.0,2.0,,,
454616,,,,,,,,36.0,,15.0,,,,,,8.0,,,,,,,,3.0,,
454625,,,,,,,,43.0,,24.0,,,,,,2.0,,,12.0,,,,,1.0,,
454652,,,,,,,,17.0,,6.0,,,,,,6.0,1.0,,,,,1.0,1.0,1.0,1.0,
454689,,,,,,,,44.0,,25.0,,,,,,5.0,,1.0,,,,,,10.0,,
454698,,,,,,,,34.0,,15.0,,,,,,4.0,2.0,1.0,,,,,3.0,3.0,,
454722,,,,,,,,5.0,,2.0,,,,,,1.0,,,,,,,,2.0,,
454759,,,,,,,,6.0,,3.0,,,,,,3.0,,,,,,,,,,
454768,,,,,,,,24.0,,13.0,,,,,,3.0,,,,,,,2.0,5.0,,
454777,,,,,,,,21.0,,10.0,,,,,,1.0,,,,,,,3.0,7.0,,
454786,,,,,,,,88.0,,38.0,,,,,,13.0,3.0,3.0,1.0,,,,,4.0,,
454795,,,,,,,,14.0,,3.0,,,,,,4.0,0.0,,,,,,,1.0,,
454801,,,,,,,,9.0,,3.0,,,,,,2.0,2.0,,,,,,,1.0,,
454810,,,,,,,,155.0,,44.0,,,,,,18.0,18.0,,,,,,53.0,,,
454829,,,,,,,,126.0,,10.0,,,,,,5.0,8.0,7.0,,,,,,,,
454838,,,,,,,,4.0,,1.0,,,,,,1.0,1.0,,,,,,,1.0,,
454847,,,,,,,,4.0,,2.0,,,,,,1.0,,,,,,,,1.0,,
454856,,,,,,,,84.0,,49.0,,,,,,12.0,7.0,1.0,,,,,,9.0,,
454865,,,,,,,,45.0,,31.0,,,,,,2.0,2.0,,,,,,,2.0,,
454874,,,,,,,,8.0,,5.0,,,,,,,1.0,,,,,0.0,,2.0,,
454883,,,,,,,,13.0,,3.0,,,,,,7.0,,,,,,,,2.0,,
454908,,,,,,,,12.0,,5.0,,,,,,1.0,3.0,1.0,,,,2.0,,,,
454917,,,,,,,,32.0,,14.0,,,,,,11.0,1.0,,,,,,,5.0,,
454926,,,,,,,,19.0,,10.0,,,,,,5.0,,,,,,0.0,,3.0,1.0,
454935,,,,,,,,6.0,,5.0,,,,,,,,,,,,,,,,
454944,,,,,,,,16.0,,9.0,,,,,,,2.0,,,,,,4.0,,,
454953,,,,,,,,3.0,,2.0,,,,,,,,,,,,,,,,
454962,,,,,,,,4.0,,2.0,,,,,,,1.0,,,,,,,0.0,,
454971,,,,,,,,19.0,,12.0,,,,,,1.0,1.0,,,,,,,3.0,,
454980,,,,,,,,11.0,,7.0,,,,,,1.0,,,,,,,,1.0,,
454999,,,,,,,,14.0,,7.0,,,,,,1.0,1.0,,,,,,,1.0,,
455008,,,,,,,,12.0,,7.0,,,,,,1.0,1.0,,,,,,,0.0,,
455017,,,,,,,,6.0,,3.0,,,,,,,1.0,,0.0,,,,,,,
455026,,,,,,,,22.0,,13.0,,,,,,5.0,3.0,,,,,,1.0,,,
455035,,,,,,,,2.0,,2.0,,,,,,,,,,,,,,,,
455053,,,,,,,,3.0,,1.0,,,,,,0.0,0.0,,,,,,,1.0,,
455062,,,,,,,,2.0,,1.0,,,,,,,,,,,,,,1.0,,
455071,,,,,,,,9.0,,5.0,,,,,,1.0,1.0,,1.0,,,,1.0,,,
455080,,,,,,,,14.0,,7.0,,,,,,1.0,2.0,,,,,,1.0,3.0,,
455099,,,,,,,,20.0,,4.0,,,,,,1.0,3.0,,,,,,,5.0,,
455105,,,,,,,,11.0,,5.0,,,,,,2.0,2.0,,,,,,,,,
455114,,,,,,,,726.0,,269.0,,,,,,65.0,31.0,13.0,26.0,,,17.0,,87.0,7.0,1.0
455141,,,,,,,,24.0,,13.0,,,,,,1.0,,,,,,,,6.0,,
455178,,,,,,,,33.0,,14.0,,,,,,5.0,2.0,,,,,3.0,,8.0,,
455187,,,,,,,,13.0,,8.0,,,,,,2.0,1.0,,,,,,,1.0,,
455196,,,,,,,,256.0,,162.0,,,,,,10.0,4.0,4.0,,,,1.0,15.0,11.0,,1.0
455202,,,,,,,,38.0,,9.0,,,,,,4.0,2.0,,,,,,,16.0,,
455211,,,,,,,,33.0,,14.0,,,,,,2.0,1.0,,,,,,,7.0,,
455220,,,,,,,,27.0,,7.0,,,,,,3.0,2.0,,,,,6.0,1.0,4.0,,
455239,,,,,,,,7.0,,4.0,,,,,,,1.0,,,,,,,2.0,,
455257,,,,,,,,20.0,,12.0,,,,,,1.0,2.0,,,,,0.0,,4.0,,
455275,,,,,,,,26.0,,11.0,,,,,,1.0,,,,,,,,7.0,,
455284,,,,,,,,26.0,,9.0,,,,,,8.0,2.0,,,1.0,,2.0,2.0,2.0,,
455327,,,,,,,,7.0,,2.0,,,,,,3.0,,,,,,,,3.0,,
455336,,,,,,,,23.0,,9.0,,,,,,2.0,2.0,,,,,,,9.0,,
455345,,,,,,,,15.0,,6.0,,,,,,2.0,0.0,0.0,,,,,3.0,0.0,,
455354,,,,,,,,30.0,,17.0,,,,,,5.0,1.0,,,,,1.0,6.0,,,
455381,,,,,,,,24.0,,5.0,,,,,,5.0,1.0,0.0,,,,0.0,2.0,5.0,,
455406,,,,,,,,186.0,,34.0,4.0,,,,,23.0,12.0,12.0,5.0,,,,,33.0,7.0,
455433,,,,,,,,13.0,,6.0,,,,,,4.0,1.0,,,,,,2.0,,,
455460,,,,,,,,28.0,,10.0,,,,,,4.0,2.0,,,,,,,2.0,,
455479,,,,,,,,54.0,,25.0,,,,,,12.0,3.0,,1.0,,,,6.0,3.0,,
455488,,,,,,,,25.0,,9.0,,,,,,7.0,3.0,,1.0,,,,3.0,1.0,,
455512,,,,,,,,120.0,,72.0,,,,,,8.0,,,2.0,,,10.0,,29.0,,
455558,,,,,,,,12.0,,5.0,,,,,,1.0,,,,,,,,0.0,,
455567,,,,,,,,26.0,,14.0,,,,,,1.0,2.0,,,,,,4.0,1.0,,
455600,,,,,,,,20.0,,9.0,,,,,,3.0,2.0,1.0,,,,,1.0,2.0,,
455619,,,,,,,,30.0,,17.0,,,,,,1.0,2.0,,,,,,4.0,1.0,,
455628,,,,,,,,37.0,,25.0,,,,,,1.0,1.0,,,,,,6.0,3.0,,
455655,,,,,,,,17.0,,6.0,,,,,,3.0,1.0,,,,,2.0,,3.0,,
455664,,,,,,,,72.0,,23.0,,,,,,19.0,4.0,,1.0,,,,5.0,9.0,,
455707,,,,,,,,5.0,,3.0,,,,,,,,,,,,,,1.0,,
455716,,,,,,,,61.0,,35.0,,,,,,2.0,,,17.0,,,,,2.0,,
455725,,,,,,,,68.0,,22.0,,,,,,7.0,4.0,,,,,,7.0,7.0,,
455734,,,,,,,,23.0,,14.0,,,,,,2.0,1.0,,,,,,,1.0,,
455752,,,,,,,,18.0,,6.0,,,,,,2.0,1.0,0.0,,,,,1.0,3.0,,
455761,,,,,,,,56.0,,25.0,,,,,,2.0,2.0,,0.0,,,2.0,2.0,1.0,1.0,
455770,,,,,,,,38.0,,11.0,,,,,,1.0,1.0,,8.0,,,3.0,1.0,11.0,,
455798,,,,,,,,10.0,,5.0,,,,,,1.0,1.0,,,,,,1.0,2.0,0.0,
455804,,,,,,,,56.0,,28.0,,,,,,6.0,2.0,,,,,,,8.0,,
455813,,,,,,,,16.0,,9.0,2.0,,,,,2.0,,,,,,,,3.0,,
455831,,,,,,,,14.0,,5.0,,,,,,2.0,,,,,,,2.0,4.0,,
455840,,,,,,,,23.0,,6.0,,,,,,4.0,1.0,1.0,,,,,2.0,2.0,,
455859,,,,,,,,21.0,,10.0,,,,,,4.0,1.0,,1.0,,,,,4.0,,
455868,,,,,,,,17.0,,5.0,,,,,,3.0,3.0,,,,,,3.0,2.0,,
455877,,,,,,,,21.0,,10.0,,,,,,1.0,2.0,,,,,,4.0,,2.0,
455886,,,,,,,,14.0,,7.0,,,,,,1.0,1.0,,,,,,,1.0,,
455895,,,,,,,,18.0,,11.0,,,,,,1.0,2.0,,,,,,,1.0,,
455901,,,,,,,,32.0,,15.0,,,,,,5.0,2.0,,,,,,3.0,6.0,,
455910,,,,,,,,6.0,,,,,,,,2.0,1.0,,,,,,,2.0,,
455929,,,,,,,,8.0,,3.0,,,,,,1.0,1.0,,,,,,,3.0,,
455947,,,,,,,,11.0,,6.0,,,,,,1.0,1.0,,,,,,1.0,2.0,,
455956,,,,,,,,15.0,,5.0,,,,,,2.0,,,,,,1.0,,7.0,,
455965,,,,,,,,15.0,,8.0,,,,,,2.0,2.0,,,,,,,4.0,,
455974,,,,,,,,24.0,,13.0,,,,,,4.0,2.0,1.0,1.0,,,,1.0,1.0,,
455983,,,,,,,,30.0,,8.0,,,,,,4.0,4.0,0.0,0.0,,,0.0,,6.0,,
455992,,,,,,,,70.0,,29.0,,,,,,18.0,3.0,1.0,2.0,,,2.0,2.0,10.0,,
456001,,,,,,,,11.0,,5.0,,,,,,1.0,1.0,,,,,,1.0,2.0,,
456029,,,,,,,,24.0,,12.0,,,,,,2.0,2.0,,,,,,1.0,1.0,,
456038,,,,,,,,25.0,,12.0,,,,,,2.0,,,,,,,,7.0,,
456056,,,,,,,,43.0,,24.0,,,,,,2.0,,,11.0,,,,,1.0,,
456065,,,,,,,,31.0,,12.0,,,,,,3.0,2.0,,,,,,1.0,1.0,,
456074,,,,,,,,41.0,,23.0,,,,,,7.0,1.0,,,,,6.0,1.0,1.0,,
456092,,,,,,,,9.0,,4.0,,,,,,1.0,2.0,,,,,,,1.0,,
456126,,,,,,,,8.0,,4.0,,,,,,1.0,,,,,,,,1.0,,
456135,,,,,,,,7.0,,4.0,,,,,,1.0,,,,,,,,1.0,,
456153,,,,,,,,17.0,,5.0,,,,,,1.0,1.0,,,,,,,10.0,,
456180,,,,,,,,25.0,,16.0,,,,,,4.0,,,,1.0,,,,3.0,,
456205,,,,,,,,38.0,,21.0,,,,,,4.0,1.0,,,,,,4.0,5.0,,
456214,,,,,,,,29.0,,11.0,,,,,,3.0,2.0,1.0,,,,,,1.0,,
456287,,,,,,,,6.0,,2.0,,,,,,2.0,,,,,,,,2.0,,
456296,,,,,,,,10.0,,9.0,,,,,,1.0,,,,,,,,,,
456348,,,,,,,,505.0,,257.0,,,,,,33.0,47.0,,30.0,,,,,132.0,,
456454,,,,,,,,54.0,,36.0,,,,,,8.0,,,,,,,3.0,6.0,,
456481,,,,,,,,12.0,,7.0,,,,,,1.0,,,,,,,,1.0,,
456490,,,,,,,,48.0,,18.0,,,,,,5.0,,2.0,1.0,,,1.0,,5.0,1.0,
456506,,,,,,,,15.0,,8.0,,,,,,2.0,,,,,,,,0.0,,
456515,,,,,,,,16.0,,9.0,,,,,,2.0,,,,,,,,1.0,,
456542,,,,,,,,170.0,,47.0,4.0,,,,,50.0,7.0,9.0,,,,8.0,,22.0,,
456551,,,,,,,,6.0,,4.0,,,,,,2.0,,,,,,,,,,
456560,,,,,,,,25.0,,9.0,,,,,,1.0,,1.0,1.0,,,6.0,,5.0,,1.0
456579,,,,,,,,58.0,,37.0,,,,,,5.0,2.0,,,0.0,,,8.0,3.0,,
456588,,,,,,,,3.0,,2.0,,,,,,1.0,,,,,,,,,,
456597,,,,,,,,7.0,,4.0,,,,,,1.0,,,,,,,1.0,1.0,,
456612,,,,,,,,31.0,,16.0,,,,,,2.0,,,,,,,,9.0,1.0,
456621,,,,,,,,6.0,,3.0,,,,,,1.0,,,,,,,1.0,,,
456791,,,,,,,,36.0,,15.0,,,,,,8.0,,,,,,,,2.0,,
456825,,,,,,,,8.0,,4.0,,,,,,1.0,1.0,,,,,,1.0,1.0,,
456861,,,,,,,,19.0,,5.0,,,,,,1.0,1.0,,,,,2.0,,9.0,,
456922,,,,,,,,27.0,,13.0,,,,,,5.0,1.0,,,,,1.0,3.0,4.0,,
456931,,,,,,,,28.0,,15.0,,,,,,5.0,2.0,,,,,,2.0,3.0,,
456940,,,,,,,,22.0,,11.0,,,,,,1.0,2.0,,,,,,3.0,1.0,,
456959,,,,,,,,86.0,,36.0,,,,,,7.0,17.0,5.0,13.0,,,1.0,,6.0,,
456968,,,,,,,,59.0,,26.0,,,,,,9.0,7.0,,,,,,7.0,8.0,,
456977,,,,,,,,17.0,,6.0,,,,,,1.0,,1.0,,,,2.0,,1.0,,
457022,,,,,,,,18.0,,7.0,,,,,,2.0,,1.0,,,,,,1.0,,
457031,,,,,,,,7.0,,4.0,,,,,,,2.0,,,,,,1.0,,,
457077,,,,,,,,30.0,,15.0,,,,,,1.0,,,,,,1.0,4.0,8.0,,
457086,,,,,,,,26.0,,10.0,,,,,,,,,,,,,,16.0,,
457101,,,,,,,,24.0,,12.0,,,,,,5.0,,,,,,,,1.0,,
457110,,,,,,,,30.0,,20.0,,,,,,3.0,,,,,,,,1.0,,
457129,,,,,,,,113.0,,56.0,,,,,,13.0,1.0,3.0,,,,,,8.0,,
457174,,,,,,,,30.0,,13.0,,,,,,6.0,1.0,1.0,,,,1.0,4.0,3.0,,
457192,,,,,,,,17.0,,5.0,,,,,,2.0,3.0,,,,,1.0,,3.0,,1.0
457208,,,,,,,,18.0,,7.0,,,,,,1.0,,,,,,,3.0,1.0,,
457226,,,,,,,,6.0,,4.0,0.0,,,,,1.0,0.0,,,,,,,,,
457244,,,,,,,,10.0,,4.0,,,,,,2.0,2.0,,,,,,1.0,1.0,,
457253,,,,,,,,4.0,,2.0,,,,,,1.0,,,,,,,,1.0,,
457271,,,,,,,,10.0,,2.0,,,,,,7.0,1.0,,,,,,,1.0,,
457299,,,,,,,,23.0,,8.0,,,,,,5.0,,0.0,,,,,,9.0,,
457314,,,,,,,,32.0,,14.0,,,,,,9.0,2.0,,,,,,2.0,3.0,,
457323,,,,,,,,39.0,,19.0,,,,,,2.0,1.0,,,,,7.0,4.0,4.0,,
457332,,,,,,,,2.0,,2.0,,,,,,,0.0,,,,,,,0.0,,
457341,,,,,,,,21.0,,14.0,,,,,,5.0,,,,,,,,,,
457350,,,,,,,,11.0,,3.0,,,,,,1.0,2.0,,,,,1.0,,1.0,,
457378,,,,,,,,22.0,,,,,,,,2.0,1.0,,2.0,,,3.0,,4.0,,
457387,,,,,,,,59.0,,28.0,,,,,,5.0,,,,,,1.0,1.0,19.0,,
457396,,,,,,,,11.0,,4.0,,,,,,3.0,1.0,,,,,,,3.0,,
457402,,,,,,,,17.0,,7.0,,,,,,4.0,2.0,,,,,,,2.0,0.0,
457411,,,,,,,,39.0,,20.0,,,,,,5.0,,,,,,,,14.0,,
457420,,,,,,,,19.0,,11.0,,,,,,4.0,,,,,,,,2.0,,
457439,,,,,,,,12.0,,7.0,,,,,,1.0,1.0,,,,,,1.0,2.0,,
457448,,,,,,,,18.0,,8.0,,,,,,3.0,1.0,,,,,,,2.0,,
457466,,,,,,,,15.0,,5.0,,,,,,,1.0,,,,,1.0,,4.0,1.0,
457475,,,,,,,,14.0,,7.0,,,,,,1.0,1.0,,,,,,1.0,3.0,,
457484,,,,,,,,22.0,,8.0,,,,,,3.0,2.0,,1.0,,,1.0,0.0,1.0,,
457493,,,,,,,,4.0,,2.0,,,,,,1.0,1.0,,,,,,,,,
457527,,,,,,,,33.0,,16.0,,,,,,4.0,1.0,,,,,1.0,,2.0,,
457536,,,,,,,,82.0,,36.0,,,,,,8.0,7.0,1.0,,,,,6.0,10.0,,
457545,,,,,,,,12.0,,4.0,,,,,,2.0,,,,,,,3.0,3.0,,
457554,,,,,,,,5.0,,3.0,,,,,,1.0,1.0,,,,,,,,,
457563,,,,,,,,27.0,,13.0,,,,,,0.0,4.0,,,,,,2.0,1.0,,
457572,,,,,,,,15.0,,8.0,,,,,,,3.0,,,,,,1.0,3.0,,
457581,,,,,,,,31.0,,17.0,,,,,,6.0,,,2.0,,,,1.0,5.0,,
457606,,,,,,,,6.0,,2.0,,,,,,1.0,,,,,,,,3.0,,
457615,,,,,,,,10.0,,5.0,,,,,,1.0,1.0,0.0,0.0,,,0.0,,1.0,0.0,
457624,,,,,,,,6.0,,4.0,,,,,,1.0,,,,,,,,1.0,,
457633,,,,,,,,14.0,,8.0,,,,,,1.0,2.0,,,,,,,1.0,,
457642,,,,,,,,2.0,,2.0,,,,,,0.0,0.0,,,,,,,,,
457651,,,,,,,,15.0,,7.0,,,,,,1.0,1.0,1.0,,,,,,2.0,,
457679,,,,,,,,1.0,,1.0,,,,,,,,,,,,,,0.0,,
457688,,,,,,,,66.0,,30.0,1.0,,,,,2.0,6.0,2.0,,,,0.0,7.0,3.0,,
457697,,,,,,,,19.0,,12.0,,,,,,4.0,,,,,,,,1.0,,
457703,,,,,,,,14.0,,2.0,,,,,,3.0,3.0,,,,,,,3.0,,
457721,,,,,,,,4.0,,2.0,,,,,,1.0,,,,,,,,,,
457749,,,,,,,,12.0,,6.0,,,,,,2.0,,,,,,0.0,,3.0,,
457767,,,,,,,,35.0,,9.0,,,,,,7.0,1.0,,,,,0.0,7.0,6.0,,
457776,,,,,,,,14.0,,7.0,,,,,,4.0,1.0,,,,,1.0,1.0,0.0,,
457785,,,,,,,,21.0,,10.0,,,,,,2.0,3.0,,,,,,,1.0,,
457794,,,,,,,,14.0,,4.0,,,,,,2.0,2.0,,1.0,1.0,,,,,,
457800,,,,,,,,12.0,,6.0,,,,,,,,,,,,,,6.0,,
457819,,,,,,,,153.0,,21.0,,,,,,33.0,2.0,3.0,4.0,,,60.0,,3.0,,
457837,,,,,,,,16.0,,8.0,,,,,,2.0,2.0,,,,,,2.0,0.0,0.0,
457846,,,,,,,,11.0,,4.0,,,,,,1.0,1.0,,,1.0,,,1.0,2.0,,
457855,,,,,,,,14.0,,6.0,,,,,,2.0,2.0,,,,,,,2.0,,
457864,,,,,,,,20.0,,9.0,,,,,,4.0,2.0,,,,,,0.0,3.0,,
457873,,,,,,,,34.0,,25.0,,,,,,1.0,1.0,,,,,,,4.0,,
457891,,,,,,,,8.0,,5.0,,,,,,2.0,,,,,,,,1.0,,
457916,,,,,,,,9.0,,4.0,,,,,,2.0,2.0,,,,,,,,,
457925,,,,,,,,7.0,,4.0,,,,,,1.0,0.0,,,,,,,2.0,,
457943,,,,,,,,52.0,,29.0,,,,,,3.0,1.0,2.0,,1.0,,6.0,,5.0,,
457952,,,,,,,,17.0,,11.0,,,,,,1.0,1.0,,,,,0.0,1.0,3.0,,
457989,,,,,,,,6.0,,3.0,,,,,,1.0,1.0,,,,,,,1.0,,
457998,,,,,,,,8.0,,3.0,,,,,,2.0,1.0,,,,,,,2.0,,
458007,,,,,,,,12.0,,5.0,,,,,,2.0,2.0,,,,,,,1.0,,
458016,,,,,,,,15.0,,3.0,,,,,,2.0,1.0,0.0,1.0,,,,,2.0,0.0,
458034,,,,,,,,11.0,,6.0,,,,,,2.0,1.0,,,,,1.0,,1.0,,
458043,,,,,,,,9.0,,5.0,,,,,,2.0,,,,,,,,1.0,,
458052,,,,,,,,4.0,,2.0,,,,,,1.0,,,,,,,,1.0,,
458061,,,,,,,,16.0,,2.0,,,,,,1.0,1.0,1.0,,,,2.0,2.0,1.0,1.0,
458070,,,,,,,,27.0,,15.0,,,,,,3.0,1.0,,,,,2.0,6.0,0.0,,
458098,,,,,,,,15.0,,7.0,,,,,,3.0,1.0,1.0,,,,,2.0,,,
458104,,,,,,,,16.0,,9.0,,,,,,2.0,1.0,,,,,,,0.0,,
458113,,,,,,,,9.0,,6.0,,,,,,2.0,,,,,,,,,,
458122,,,,,,,,4.0,,2.0,,,,,,,,,,,,,,2.0,,
458131,,,,,,,,26.0,,14.0,,,,,,1.0,2.0,,,,,2.0,1.0,4.0,1.0,
458140,,,,,,,,11.0,,5.0,,,,,,1.0,1.0,,,,,1.0,,1.0,,
458168,,,,,,,,18.0,,7.0,,,,,,4.0,2.0,,3.0,,,0.0,1.0,,,
458186,,,,,,,,24.0,,9.0,,,,,,2.0,,,7.0,,,,,1.0,,
458210,,,,,,,,252.0,,150.0,,,,,,26.0,9.0,2.0,10.0,,,,,26.0,1.0,
458229,,,,,,,,111.0,,56.0,,,,,,14.0,5.0,1.0,5.0,,,,,20.0,1.0,
458256,,,,,,,,64.0,,35.0,,,,,,2.0,,,16.0,,,,,3.0,,
458265,,,,,,,,47.0,,19.0,,,,,,6.0,,,1.0,,,7.0,,11.0,2.0,
458274,,,,,,,,29.0,,15.0,,,,,,2.0,,,,,,,5.0,6.0,1.0,
458283,,,,,,,,52.0,,29.0,,,,,,3.0,,,14.0,,,,,2.0,,
458380,,,,,,,,21.0,,8.0,,,,,,2.0,,,,,,,,3.0,,
458405,,,,,,,,65.0,,38.0,,,,,,5.0,3.0,,,,,,9.0,6.0,,
458423,,,,,,,,9.0,,3.0,,,,,,1.0,,,,,,,,3.0,,
458432,,,,,,,,22.0,,7.0,,,,,,5.0,,,,,,,,1.0,,
458441,,,,,,,,41.0,,21.0,,,,,,5.0,2.0,,,0.0,,,6.0,4.0,,
458450,,,,,,,,15.0,,11.0,,,,,,1.0,1.0,,,,,,,1.0,,
458478,,,,,,,,29.0,,13.0,,,,,,6.0,2.0,,,,,,4.0,,1.0,
458496,,,,,,,,49.0,,23.0,,,,,,6.0,4.0,,2.0,,,,,9.0,,
458502,,,,,,,,31.0,,9.0,,,,,,3.0,1.0,,12.0,,,,1.0,2.0,,
458593,,,,,,,,42.0,,23.0,,,,,,2.0,,,11.0,,,,,1.0,,
458681,,,,,,,,22.0,,11.0,,,,,,1.0,3.0,,,,,,4.0,1.0,,
458690,,,,,,,,29.0,,13.0,,,,,,2.0,,,10.0,,,,,1.0,,
458706,,,,,,,,26.0,,10.0,,,,,,2.0,,,9.0,,,,,1.0,,
458803,,,,,,,,8.0,,4.0,,,,,,1.0,,,,,,,,1.0,,
458812,,,,,,,,5.0,,3.0,,,,,,1.0,,,,,,,,1.0,,
458821,,,,,,,,6.0,,2.0,,,,,,1.0,,,,,,,,1.0,,
458830,,,,,,,,8.0,,4.0,,,,,,1.0,,,,,,,,1.0,,
458849,,,,,,,,7.0,,5.0,,,,,,1.0,,,,,,,,,,
458858,,,,,,,,13.0,,8.0,,,,,,2.0,,,,,,,,1.0,,
458867,,,,,,,,15.0,,9.0,,,,,,2.0,,,,,,,,2.0,,
458885,,,,,,,,10.0,,4.0,,,,,,2.0,,,,,,1.0,2.0,,,
458919,,,,,,,,168.0,,85.0,,,,,,23.0,,,,,,,32.0,,,
458955,,,,,,,,16.0,,7.0,,,,,,2.0,,,,,,,3.0,,,
458964,,,,,,,,59.0,,24.0,,,,,,9.0,,,,,,,10.0,,,
458973,,,,,,,,71.0,,36.0,,,,,,11.0,,,,,,,11.0,1.0,,
458982,,,,,,,,78.0,,40.0,,,,,,9.0,7.0,,2.0,,,,,14.0,,
459000,,,,,,,,5.0,,4.0,,,,,,1.0,,,,,,,,,,
459019,,,,,,,,7.0,,3.0,,,,,,2.0,,,,,,,,1.0,,
459037,,,,,,,,7.0,,4.0,,,,,,1.0,,,,,,,,1.0,,
459046,,,,,,,,6.0,,3.0,,,,,,1.0,,,,,,,,1.0,,
459055,,,,,,,,6.0,,4.0,,,,,,1.0,,,,,,,,1.0,,
459064,,,,,,,,10.0,,7.0,,,,,,1.0,,,,,,,,1.0,,
459073,,,,,,,,6.0,,3.0,,,,,,1.0,,,,,,,,1.0,,
459082,,,,,,,,338.0,,283.0,3.0,,,,,5.0,1.0,4.0,7.0,,,,1.0,5.0,,
459091,,,,,,,,17.0,,8.0,,,,,,2.0,,,,,,,,0.0,,
459107,,,,,,,,49.0,,21.0,,,,,,6.0,,1.0,12.0,,,1.0,,5.0,,
459116,,,,,,,,12.0,,4.0,,,,,,1.0,,,,,,,2.0,5.0,,
459125,,,,,,,,2.0,,2.0,,,,,,,,,,,,,,,,
459161,,,,,,,,13.0,,2.0,,,,,,1.0,0.0,,,,,,,6.0,,
459170,,,,,,,,51.0,,15.0,,,,,,7.0,1.0,,1.0,,,2.0,10.0,13.0,,
459189,,,,,,,,9.0,,4.0,,,,,,1.0,1.0,,,,,,,3.0,,
459198,,,,,,,,24.0,,13.0,,,,,,2.0,,,,,,,5.0,4.0,,
459204,,,,,,,,440.0,,134.0,1.0,,,,,26.0,87.0,,1.0,5.0,,,43.0,55.0,,
459213,,,,,,,,204.0,,89.0,,,,,,37.0,6.0,3.0,,,,1.0,,24.0,,
459222,,,,,,,,10.0,,5.0,,,,,,1.0,1.0,,,,,,,2.0,,
459231,,,,,,,,25.0,,13.0,,,,,,1.0,,,,,,3.0,,7.0,,
459259,,,,,,,,83.0,,44.0,,,,,,18.0,2.0,,,,,,,16.0,,
459268,,,,,,,,78.0,,39.0,,,,,,20.0,3.0,,,,,2.0,,13.0,,
459277,,,,,,,,45.0,,21.0,,,,,,12.0,2.0,,,,,,8.0,1.0,,
459286,,,,,,,,21.0,,10.0,,,,,,2.0,,,,,,,3.0,6.0,,
459295,,,,,,,,17.0,,11.0,,,,,,1.0,3.0,,,,,,,2.0,,
459301,,,,,,,,16.0,,5.0,,,,,,3.0,1.0,,,,,,2.0,4.0,,
459310,,,,,,,,10.0,,4.0,,,,,,2.0,1.0,,,,,,,1.0,,
459329,,,,,,,,43.0,,17.0,,,,,,3.0,2.0,,,1.0,,8.0,,1.0,,
459347,,,,,,,,11.0,,6.0,,,,,,1.0,2.0,,,,,,1.0,1.0,,
459365,,,,,,,,3.0,,1.0,,,,,,,2.0,,,,,,,,,
459374,,,,,,,,4.0,,1.0,,,,,,,,,,,,,,1.0,,
459392,,,,,,,,14.0,,8.0,,,,,,2.0,1.0,,,,,,,3.0,,
459408,,,,,,,,8.0,,5.0,,,,,,1.0,,,,,,,,2.0,,
459417,,,,,,,,24.0,,10.0,,,,,,5.0,1.0,,2.0,,,,,3.0,,
459426,,,,,,,,19.0,,11.0,,,,,,2.0,1.0,,,,,,3.0,0.0,0.0,
459444,,,,,,,,4.0,,1.0,,,,,,1.0,0.0,,,,,0.0,,1.0,,
459462,,,,,,,,28.0,,8.0,,,,,,1.0,,5.0,,,,,,1.0,,
459480,,,,,,,,5.0,,1.0,,,,,,3.0,1.0,,,,,,,,,
459499,,,,,,,,6.0,,4.0,,,,,,1.0,,,,,,,,1.0,,
459514,,,,,,,,14.0,,3.0,,,,,,,,0.0,2.0,2.0,,,,6.0,,
459523,,,,,,,,6.0,,3.0,,,,,,1.0,0.0,,,,,,,1.0,,
459532,,,,,,,,13.0,,5.0,,,,,,2.0,1.0,,1.0,,,1.0,,3.0,,
459541,,,,,,,,6.0,,4.0,,,,,,,1.0,,,,,,,1.0,,
459550,,,,,,,,15.0,,10.0,,,,,,2.0,1.0,,,,,,,2.0,,
459578,,,,,,,,16.0,,8.0,,,,,,1.0,1.0,,,,,1.0,3.0,2.0,,
459727,,,,,,,,71.0,,44.0,,,,,,6.0,1.0,1.0,,,,1.0,,2.0,,
459736,,,,,,,,338.0,,157.0,2.0,,,,,48.0,2.0,24.0,,6.0,,30.0,,65.0,,
459745,,,,,,,,28.0,,13.0,,,,,,7.0,1.0,,,,,,3.0,,,
459824,,,,,,,,269.0,,109.0,2.0,,,,,49.0,5.0,11.0,4.0,5.0,,21.0,,55.0,4.0,
459842,,,,,,,,28.0,,19.0,,,,,,2.0,,,,,,,,2.0,,
459851,,,,,,,,30.0,,16.0,,,,,,2.0,,1.0,,,,,,3.0,,
459949,,,,,,,,422.0,,201.0,,,,,,66.0,15.0,18.0,45.0,,,13.0,,56.0,,
459958,,,,,,,,31.0,,9.0,,,,,,7.0,3.0,,1.0,,,,5.0,2.0,,
459994,,,,,,,,952.0,,339.0,,,,,,249.0,62.0,39.0,5.0,,,,63.0,88.0,,
460011,,,,,,,,15.0,,10.0,,,,,,2.0,,,,,,,1.0,1.0,,
460020,,,,,,,,40.0,,27.0,,,,,,3.0,2.0,,,,,,5.0,,,
460039,,,,,,,,23.0,,14.0,,,,,,1.0,2.0,,,,,,3.0,2.0,,
460048,,,,,,,,41.0,,22.0,,,,,,4.0,1.0,1.0,7.0,,,,,4.0,,
460075,,,,,,,,22.0,,10.0,,,,,,2.0,2.0,,,,,,,6.0,,
460093,,,,,,,,16.0,,9.0,,,,,,2.0,,,,,,,,1.0,,
460109,,,,,,,,13.0,,8.0,,,,,,1.0,,,,,,,,0.0,,
460118,,,,,,,,14.0,,8.0,,,,,,3.0,,,,,,,,0.0,,
460127,,,,,,,,14.0,,8.0,,,,,,2.0,,,,,,,,1.0,,
460136,,,,,,,,67.0,,42.0,,,,,,3.0,,,,,,,,12.0,,
460145,,,,,,,,25.0,,13.0,,,,,,1.0,1.0,1.0,1.0,,,,3.0,1.0,,
460172,,,,,,,,60.0,,29.0,,,,,,6.0,5.0,,,,,1.0,9.0,7.0,,
460181,,,,,,,,62.0,,22.0,,,,,,15.0,3.0,,,,,,9.0,11.0,,
460190,,,,,,,,36.0,,12.0,,,,,,11.0,2.0,,,,,,5.0,5.0,,
460206,,,,,,,,55.0,,20.0,,,,,,13.0,3.0,,,,,,7.0,11.0,,
460215,,,,,,,,25.0,,14.0,,,,,,2.0,,,7.0,,,1.0,,1.0,,
460358,,,,,,,,19.0,,8.0,,,,,,3.0,,,,,,,,8.0,,
460376,,,,,,,,109.0,,40.0,1.0,,,,,22.0,11.0,5.0,10.0,,,,,10.0,1.0,
460385,,,,,,,,12.0,,5.0,,,,,,1.0,1.0,,,0.0,,,,1.0,,
460394,,,,,,,,341.0,,220.0,,,,,,20.0,11.0,2.0,6.0,1.0,,18.0,,61.0,,
460446,,,,,,,,17.0,,8.0,,,,,,1.0,,,,,,,,7.0,0.0,
460455,,,,,,,,12.0,,4.0,,,,,,1.0,2.0,,,,,1.0,1.0,2.0,,
460464,,,,,,,,301.0,,159.0,,,,,,24.0,10.0,3.0,9.0,,,23.0,,61.0,,
460482,,,,,,,,23.0,,10.0,,,,,,1.0,,,,,,,,1.0,,
460516,,,,,,,,13.0,,7.0,,,,,,1.0,,,,,,,1.0,4.0,,
460525,,,,,,,,12.0,,5.0,,,,,,1.0,,,,,,,2.0,4.0,,
460534,,,,,,,,24.0,,11.0,,,,,,1.0,,,,,,1.0,3.0,6.0,,
460543,,,,,,,,57.0,,24.0,,,,,,8.0,20.0,1.0,,,,,,2.0,2.0,
460552,,,,,,,,11.0,,5.0,,,,,,1.0,,,,,,,,,,
460570,,,,,,,,10.0,,6.0,,,,,,3.0,,,,,,,,0.0,,
460598,,,,,,,,34.0,,10.0,,,,,,7.0,,,,,,1.0,,5.0,,
460604,,,,,,,,3.0,,3.0,,,,,,,,,,,,,,,,
460613,,,,,,,,22.0,,9.0,,,,,,2.0,,,,,,,,2.0,,
460640,,,,,,,,12.0,,3.0,,,,,,2.0,1.0,1.0,,,,0.0,2.0,0.0,,
460677,,,,,,,,37.0,,19.0,,,,,,1.0,,1.0,1.0,,,,5.0,4.0,1.0,1.0
460695,,,,,,,,17.0,,10.0,,,,,,1.0,2.0,,,,,0.0,1.0,1.0,,
460701,,,,,,,,10.0,,5.0,,,,,,1.0,1.0,,,,,,1.0,2.0,,
460738,,,,,,,,126.0,,58.0,,,,,,19.0,44.0,5.0,,,,,,1.0,,
460747,,,,,,,,61.0,,12.0,,2.0,,,,6.0,1.0,2.0,,,,4.0,18.0,3.0,,
460756,,,,,,,,38.0,,13.0,,,,,,8.0,3.0,1.0,,,,0.0,,1.0,,
460765,,,,,,,,5.0,,3.0,,,,,,,,,,,,,,2.0,,
460774,,,,,,,,52.0,,30.0,,,,,,2.0,,,14.0,,,,,1.0,,
460783,,,,,,,,16.0,,2.0,,,,,,5.0,2.0,1.0,,,,,5.0,1.0,,
460808,,,,,,,,10.0,,3.0,,,,,,2.0,1.0,,,,,,,1.0,,
460817,,,,,,,,42.0,,19.0,,,,,,6.0,2.0,,,,,1.0,7.0,3.0,,
460826,,,,,,,,39.0,,24.0,,,,,,3.0,1.0,,,,,,6.0,2.0,,
460835,,,,,,,,56.0,,35.0,,,,,,5.0,1.0,,,1.0,,1.0,5.0,5.0,,
460844,,,,,,,,40.0,,21.0,,,,,,2.0,,,12.0,,,,,1.0,,
460853,,,,,,,,41.0,,25.0,,,,,,2.0,,,10.0,,,,,1.0,,
460862,,,,,,,,22.0,,7.0,,,,,,7.0,1.0,2.0,1.0,,,,0.0,3.0,,
460871,,,,,,,,57.0,,33.0,,,,,,7.0,1.0,1.0,,,,,,4.0,,
460899,,,,,,,,42.0,,19.0,,,,,,2.0,4.0,1.0,,,,,9.0,1.0,,
460914,,,,,,,,26.0,,15.0,,,,,,3.0,,,,,,,,7.0,,
460923,,,,,,,,58.0,,36.0,,,,,,2.0,,,12.0,,,,,2.0,,
460932,,,,,,,,6.0,,4.0,,,,,,,,,,,,,,2.0,,
460969,,,,,,,,19.0,,11.0,,,,,,,,,,,,,,8.0,,
460978,,,,,,,,17.0,,7.0,,,,,,2.0,,,,,,,1.0,,,
460987,,,,,,,,31.0,,15.0,,,,,,1.0,1.0,,1.0,,,,1.0,11.0,,
460996,,,,,,,,16.0,,10.0,,,,,,2.0,,,,,,,,4.0,,
461005,,,,,,,,33.0,,12.0,,,,,,10.0,,,,,,,,4.0,,
461014,,,,,,,,86.0,,30.0,,,,,,1.0,,2.0,,,,2.0,17.0,4.0,,
461023,,,,,,,,44.0,,16.0,,1.0,,,,6.0,8.0,2.0,,,,,,4.0,,
461032,,,,,,,,21.0,,13.0,,,,,,4.0,1.0,0.0,,,,,,0.0,,
461087,,,,,,,,31.0,,7.0,,,,,,14.0,3.0,,2.0,,,1.0,,4.0,,
461111,,,,,,,,9.0,,3.0,,,,,,2.0,1.0,,,,,,,1.0,,
461120,,,,,,,,13.0,,6.0,,,,,,4.0,0.0,,,,,,,2.0,,
461139,,,,,,,,10.0,,4.0,1.0,,,,,2.0,0.0,0.0,,,,,,2.0,,
461148,,,,,,,,614.0,,256.0,,,,,,105.0,6.0,3.0,9.0,,,1.0,32.0,60.0,,14.0
461157,,,,,,,,30.0,,10.0,,,,,,3.0,1.0,,3.0,,,6.0,1.0,2.0,,
461175,,,,,,,,24.0,,15.0,,,,,,3.0,1.0,,,,,,,5.0,,
461193,,,,,,,,32.0,,11.0,,,,,,5.0,2.0,,,,,,5.0,6.0,1.0,
461218,,,,,,,,29.0,,14.0,,,,,,3.0,0.0,1.0,,,,,,3.0,1.0,
461227,,,,,,,,6.0,,4.0,,,,,,,1.0,,,,,,1.0,,,
461236,,,,,,,,19.0,,14.0,,,,,,2.0,1.0,,,,,,,,,
461245,,,,,,,,29.0,,8.0,,,,,,2.0,1.0,1.0,1.0,1.0,,3.0,,5.0,1.0,1.0
461254,,,,,,,,10.0,,2.0,,,,,,2.0,1.0,,,,,,,2.0,,
461263,,,,,,,,22.0,,6.0,,,,,,2.0,3.0,,,9.0,,,,,,
461272,,,,,,,,12.0,,5.0,,,,,,3.0,,,,,,1.0,,2.0,,
461281,,,,,,,,20.0,,8.0,,,,,,5.0,0.0,1.0,,,,,,2.0,,
461290,,,,,,,,9.0,,3.0,,,,,,6.0,,,,,,,,,,
461306,,,,,,,,34.0,,15.0,,,,,,3.0,3.0,,1.0,,,5.0,,5.0,,
461315,,,,,,,,41.0,,9.0,,,,,,4.0,3.0,1.0,0.0,,,7.0,,1.0,2.0,
461324,,,,,,,,15.0,,6.0,,,,,,3.0,2.0,0.0,,0.0,,,1.0,1.0,,
461333,,,,,,,,22.0,,7.0,,,,,,8.0,1.0,,,,,,,2.0,3.0,
461342,,,,,,,,16.0,,7.0,,,,,,1.0,1.0,,,,,,2.0,1.0,,
461351,,,,,,,,26.0,,7.0,,,,,,3.0,2.0,2.0,,,,,5.0,6.0,,
461360,,,,,,,,3.0,,1.0,,,,,,1.0,,,,,,,,,,
461379,,,,,,,,8.0,,5.0,,,,,,1.0,1.0,,,,,,,1.0,,
461388,,,,,,,,7.0,,4.0,,,,,,,2.0,,,,,,,1.0,,
461412,,,,,,,,9.0,,4.0,,,,,,2.0,,,,,,,,1.0,,
461421,,,,,,,,19.0,,7.0,,,,,,3.0,2.0,,,,,1.0,1.0,4.0,0.0,
461430,,,,,,,,43.0,,14.0,,,,,,11.0,3.0,1.0,1.0,,,1.0,,,,
461449,,,,,,,,10.0,,5.0,,,,,,4.0,1.0,,,,,,,,,
461485,,,,,,,,14.0,,6.0,,,,,,1.0,,,,,,,1.0,3.0,,
461494,,,,,,,,26.0,,9.0,,,,,,12.0,,,,,,,,5.0,,
461500,,,,,,,,8.0,,4.0,,,,,,1.0,1.0,,,,,,,0.0,,
461528,,,,,,,,28.0,,13.0,,,,,,7.0,1.0,0.0,,,,1.0,,5.0,,
461537,,,,,,,,6.0,,2.0,,,,,,1.0,2.0,,,,,,,,,
461546,,,,,,,,8.0,,3.0,,,,,,1.0,2.0,,,,,,1.0,1.0,,
461555,,,,,,,,29.0,,11.0,,,,,,3.0,1.0,,,,,2.0,5.0,3.0,,
461564,,,,,,,,12.0,,6.0,,,,,,2.0,2.0,,,,,,,1.0,,
461573,,,,,,,,17.0,,10.0,,,,,,3.0,,,,,,,1.0,3.0,,
461582,,,,,,,,24.0,,8.0,,,,,,3.0,1.0,1.0,2.0,,,6.0,2.0,1.0,,
461591,,,,,,,,16.0,,6.0,,,,,,1.0,,,,,,,4.0,3.0,1.0,
461607,,,,,,,,15.0,,7.0,,,,,,1.0,,,,,,2.0,,5.0,,
461625,,,,,,,,8.0,,3.0,,,,,,1.0,1.0,,,,,,1.0,1.0,,
461643,,,,,,,,17.0,,7.0,,,,,,2.0,3.0,,1.0,,,,,0.0,2.0,
461652,,,,,,,,11.0,,4.0,,,,,,1.0,2.0,,,,,,2.0,1.0,,
461689,,,,,,,,23.0,,12.0,,,,,,1.0,,,,,,,,6.0,,
461698,,,,,,,,14.0,,5.0,,,,,,2.0,1.0,,,,,,1.0,3.0,,
461704,,,,,,,,17.0,,10.0,,,,,,1.0,1.0,,,,,1.0,1.0,3.0,,
461713,,,,,,,,7.0,,2.0,,,,,,2.0,0.0,,,,,,,2.0,,
461722,,,,,,,,7.0,,4.0,,,,,,1.0,1.0,,,,,,,1.0,,
461731,,,,,,,,8.0,,4.0,,,,,,1.0,1.0,,,,,,,2.0,,
461740,,,,,,,,4.0,,1.0,,,,,,1.0,1.0,,,,,,,1.0,,
461759,,,,,,,,41.0,,11.0,1.0,,,,,6.0,3.0,,6.0,,,2.0,,2.0,1.0,
461768,,,,,,,,11.0,,4.0,,,,,,2.0,1.0,,,,,,,1.0,,
461786,,,,,,,,4.0,,2.0,,,,,,,1.0,,0.0,,,,,1.0,,
461795,,,,,,,,59.0,,18.0,,,,,,10.0,6.0,2.0,5.0,,,1.0,,2.0,,
461801,,,,,,,,4.0,,4.0,,,,,,,0.0,,,,,,,,,
461810,,,,,,,,8.0,,5.0,,,,,,1.0,1.0,1.0,,,,,,0.0,,
461829,,,,,,,,35.0,,20.0,,,,,,1.0,4.0,1.0,1.0,,,3.0,,3.0,,
461838,,,,,,,,8.0,,4.0,,,,,,1.0,,,,,,,,0.0,,
461856,,,,,,,,24.0,,11.0,,,,,,1.0,1.0,,1.0,,,,2.0,1.0,,
461865,,,,,,,,22.0,,9.0,,,,,,6.0,0.0,1.0,,,,1.0,,1.0,0.0,
461874,,,,,,,,9.0,,5.0,,,,,,2.0,,,,,,,,1.0,1.0,
461883,,,,,,,,28.0,,10.0,,,,,,6.0,1.0,,,,,,,3.0,,
461892,,,,,,,,16.0,,8.0,,,,,,2.0,2.0,,,,,,,1.0,,
461908,,,,,,,,11.0,,5.0,,,,,,2.0,2.0,,,,,,1.0,,,
461917,,,,,,,,17.0,,9.0,,,,,,1.0,,,,,,,3.0,4.0,,
461926,,,,,,,,14.0,,7.0,,,,,,2.0,,,,,,1.0,,1.0,,
461944,,,,,,,,15.0,,6.0,,,,,,3.0,1.0,,,,,,2.0,3.0,,
461953,,,,,,,,16.0,,11.0,,,,,,1.0,2.0,,,,,,,2.0,,
461962,,,,,,,,54.0,,26.0,,,,,,6.0,6.0,,,,,,8.0,3.0,,
461999,,,,,,,,6.0,,3.0,,,,,,1.0,2.0,,,,,,,,,
462008,,,,,,,,35.0,,21.0,,,,,,2.0,,,,,,,3.0,7.0,2.0,
462017,,,,,,,,12.0,,6.0,,,,,,1.0,1.0,,,,,,,4.0,,
462035,,,,,,,,25.0,,12.0,,,,,,3.0,3.0,,,,,1.0,3.0,3.0,,
462044,,,,,,,,5.0,,2.0,,,,,,2.0,,,,,,,,1.0,,
462053,,,,,,,,12.0,,5.0,,,,,,2.0,2.0,1.0,,,,,2.0,,,
462062,,,,,,,,8.0,,4.0,,,,,,1.0,1.0,,,,,,,0.0,,
462071,,,,,,,,14.0,,8.0,,,,,,1.0,,,,,,,2.0,3.0,,
462309,,,,,,,,19.0,,4.0,,,,,,1.0,1.0,,,,,3.0,,6.0,1.0,
462318,,,,,,,,12.0,,4.0,,,,,,,3.0,,,1.0,,,,4.0,,
462327,,,,,,,,6.0,,3.0,,,,,,,,,,,,1.0,,2.0,,
462336,,,,,,,,7.0,,3.0,,,,,,1.0,1.0,,,,,1.0,,1.0,,
462345,,,,,,,,15.0,,7.0,,,,,,1.0,3.0,,,,,,1.0,1.0,,
462354,,,,,,,,46.0,,16.0,,,,,,14.0,0.0,1.0,5.0,,,6.0,,3.0,,
465812,,,,,,,,414.0,,254.0,,,,,,6.0,42.0,17.0,1.0,5.0,,,6.0,,,
466152,,,,,,,,11.0,,2.0,,,,,,3.0,,,,,,,,1.0,,
466161,,,,,,,,16.0,,8.0,,,,,,2.0,,,,,,,,1.0,,
466170,,,,,,,,9.0,,0.0,,,,,,2.0,,,,,,,,1.0,,
466189,,,,,,,,12.0,,3.0,,,,,,2.0,,,,,,,,1.0,,
466523,,,,,,,,3.0,,1.0,,,,,,1.0,,,,,,,,,,
466921,,,,,,,,64.0,,34.0,,,,,,8.0,,1.0,,,,,,5.0,,
466930,,,,,,,,110.0,,63.0,,,,,,16.0,2.0,3.0,,,,,,7.0,,
467094,,,,,,,,15.0,,9.0,,,,,,1.0,,,,,,,1.0,4.0,,
467368,,,,,,,,19.0,,12.0,,,,,,2.0,,,,,,,,1.0,,
467784,,,,,,,,18.0,,4.0,,,,,,6.0,,,,,,,,8.0,,
467863,,,,,,,,22.0,,12.0,,,,,,1.0,,,,,,,3.0,6.0,,
467872,,,,,,,,21.0,,12.0,,,,,,1.0,,,,,,,3.0,5.0,,
467906,,,,,,,,12.0,,7.0,,,,,,2.0,,,,,,,1.0,1.0,,
468024,,,,,,,,73.0,,33.0,,,,,,15.0,4.0,,,,,2.0,,16.0,,
468246,,,,,,,,17.0,,12.0,,,,,,1.0,1.0,,,,,,,2.0,,
468255,,,,,,,,18.0,,6.0,,,,,,7.0,1.0,,,,,1.0,,2.0,,
468398,,,,,,,,16.0,,7.0,,,,,,3.0,,,,,,,,0.0,,
468705,,,,,,,,10.0,,3.0,,,,,,1.0,1.0,,,,,1.0,,2.0,,
468732,,,,,,,,25.0,,5.0,,,,,,2.0,8.0,,,,,1.0,,8.0,,
468769,,,,,,,,10.0,,5.0,,,,,,1.0,,,,,,,,,,
468848,,,,,,,,26.0,,8.0,,,,,,7.0,3.0,,,,,1.0,,7.0,,
468875,,,,,,,,7.0,,4.0,,,,,,1.0,,,,,,,,1.0,1.0,
468893,,,,,,,,12.0,,7.0,,,,,,1.0,1.0,,,,,,1.0,2.0,,
468909,,,,,,,,34.0,,10.0,,,,,,6.0,2.0,,,,,0.0,,15.0,,
468963,,,,,,,,49.0,,29.0,,,,,,5.0,2.0,,,,,,9.0,3.0,,
469124,,,,,,,,23.0,,7.0,,,,,,2.0,2.0,,,,,,2.0,3.0,,
469133,,,,,,,,19.0,,7.0,,,,,,2.0,3.0,,,,,1.0,2.0,1.0,,
469142,,,,,,,,24.0,,7.0,,,,,,2.0,5.0,,,,,,4.0,3.0,,
469151,,,,,,,,12.0,,4.0,,,,,,1.0,1.0,,,,,0.0,2.0,3.0,,
469160,,,,,,,,12.0,,3.0,,,,,,2.0,2.0,,,,,1.0,2.0,1.0,,
469416,,,,,,,,6.0,,3.0,,,,,,1.0,1.0,,,,,,,1.0,,
469586,,,,,,,,9.0,,3.0,,,,,,1.0,1.0,,,,,,1.0,1.0,,
469610,,,,,,,,10.0,,3.0,,,,,,1.0,,,,,,,,,,
469629,,,,,,,,22.0,,11.0,,,,,,1.0,1.0,,,,,,2.0,,5.0,
469638,,,,,,,,25.0,,12.0,,,,,,3.0,,,1.0,,,1.0,,8.0,,
469911,,,,,,,,20.0,,9.0,,,,,,2.0,,,,,,2.0,,1.0,,
469920,,,,,,,,15.0,,6.0,,,,,,1.0,,,,,,,,5.0,,
469957,,,,,,,,16.0,,7.0,,,,,,1.0,,,,,,,,3.0,,
470038,,,,,,,,45.0,,13.0,,,,,,7.0,2.0,,,,,1.0,,21.0,,
470047,,,,,,,,6.0,,3.0,,,,,,1.0,,,,,,,,2.0,,
470296,,,,,,,,3.0,,1.0,,,,,,,1.0,,,,,,,1.0,,
470393,,,,,,,,12.0,,6.0,,,,,,1.0,1.0,,,,,,,2.0,,
474863,,,,,,,,183.0,,56.0,,,,,,15.0,18.0,18.0,2.0,,,,,5.0,,
474881,,,,,,,,4.0,,1.0,,,,,,1.0,,1.0,,,,,,,1.0,
474890,,,,,,,,40.0,,13.0,,,,,,3.0,8.0,1.0,,0.0,,,7.0,2.0,,
474906,,,,,,,,18.0,,8.0,,,,,,2.0,3.0,1.0,,,,,3.0,0.0,,
474915,,,,,,,,19.0,,10.0,,,,,,2.0,1.0,,,,,,2.0,3.0,0.0,
474924,,,,,,,,16.0,,7.0,,,,,,2.0,,,,,,,3.0,3.0,0.0,
474933,,,,,,,,8.0,,4.0,,,,,,3.0,,,,,,,1.0,0.0,,
474942,,,,,,,,10.0,,5.0,,,,,,4.0,,,,,,,1.0,0.0,,
474997,,,,,,,,32.0,,18.0,,,,,,4.0,2.0,,,,,1.0,3.0,1.0,1.0,
475015,,,,,,,,35.0,,12.0,,,,,,5.0,3.0,,3.0,,,,7.0,1.0,,
475024,,,,,,,,30.0,,8.0,,,,,,5.0,1.0,,,,,,3.0,1.0,,
475033,,,,,,,,271.0,,156.0,4.0,,,,,12.0,8.0,10.0,,,,,,68.0,,
475060,,,,,,,,29.0,,14.0,,,,,,4.0,1.0,,,,,1.0,6.0,3.0,,
475097,,,,,,,,38.0,,8.0,,,,,,6.0,1.0,1.0,3.0,,,1.0,1.0,4.0,7.0,
475121,,,,,,,,637.0,,262.0,,,,,,98.0,44.0,,42.0,,,,,178.0,,
475130,,,,,,,,13.0,,6.0,,,,,,3.0,,,,,,,1.0,2.0,,
475194,,,,,,,,14.0,,8.0,,,,,,3.0,1.0,,,,,,,2.0,,
475200,,,,,,,,16.0,,6.0,,,,,,3.0,,,3.0,,,,,4.0,,
475228,,,,,,,,9.0,,6.0,,,,,,1.0,,,,,,,,0.0,,
475255,,,,,,,,7.0,,4.0,,,,,,1.0,,,,,,,,1.0,,
475273,,,,,,,,137.0,,85.0,,,,,,17.0,2.0,1.0,,,,,,18.0,,
475282,,,,,,,,15.0,,6.0,,,,,,5.0,1.0,,,,,,,2.0,,
475325,,,,,,,,26.0,,10.0,,,,,,2.0,,,,,,1.0,6.0,7.0,,
475352,,,,,,,,55.0,,35.0,,,,,,2.0,,,12.0,,,,,2.0,,
475370,,,,,,,,49.0,,28.0,,,,,,2.0,,,12.0,,,,,2.0,,
475398,,,,,,,,23.0,,11.0,,,,,,2.0,,1.0,,,,,,2.0,,
475404,,,,,,,,8.0,,5.0,,,,,,,1.0,,,,,,,2.0,,
475413,,,,,,,,7.0,,4.0,,,,,,,,,,,,,,,,
475422,,,,,,,,16.0,,12.0,,,,,,,,,,,,,,,,
475431,,,,,,,,9.0,,3.0,,,,,,1.0,1.0,,,,,,1.0,1.0,,
475459,,,,,,,,48.0,,24.0,,,,,,2.0,,,,,,19.0,,2.0,,
475468,,,,,,,,13.0,,9.0,,,,,,1.0,1.0,,,1.0,,,1.0,1.0,,
475477,,,,,,,,39.0,,15.0,,,,,,7.0,1.0,,11.0,,,,,4.0,,
475486,,,,,,,,35.0,,15.0,,,,,,5.0,,,,,,1.0,6.0,6.0,,
475495,,,,,,,,113.0,,50.0,,,,,,18.0,6.0,3.0,,,,,,20.0,0.0,
475510,,,,,,,,13.0,,6.0,,,,,,1.0,,,,,,,,,,
475538,,,,,,,,4.0,,2.0,,,,,,1.0,,,,,,,,,,
475547,,,,,,,,18.0,,9.0,,,,,,3.0,,,,,,,2.0,3.0,1.0,
475556,,,,,,,,10.0,,5.0,,,,,,1.0,,,,,,,2.0,1.0,,
475565,,,,,,,,211.0,,60.0,,,,,,37.0,7.0,12.0,21.0,,,10.0,,50.0,,
475574,,,,,,,,6.0,,2.0,,,,,,2.0,1.0,,,,,,,1.0,,
475583,,,,,,,,10.0,,3.0,,,,,,3.0,,,,,,,1.0,1.0,,
475592,,,,,,,,7.0,,4.0,,,,,,1.0,,,2.0,,,,,,,
475608,,,,,,,,62.0,,19.0,,,,,,6.0,4.0,2.0,1.0,,,4.0,,4.0,3.0,
475617,,,,,,,,43.0,,26.0,,,,,,1.0,,,11.0,,,,,1.0,,
475626,,,,,,,,9.0,,6.0,,,,,,,,,,,,,,3.0,,
475635,,,,,,,,8.0,,5.0,,,,,,2.0,0.0,,,,,,,1.0,,
475644,,,,,,,,12.0,,5.0,,,,,,2.0,2.0,,,,,,1.0,2.0,,
475653,,,,,,,,4.0,,2.0,,,,,,,2.0,,,,,,,,,
475662,,,,,,,,17.0,,6.0,,,,,,5.0,1.0,,,,,,1.0,1.0,0.0,
475699,,,,,,,,15.0,,10.0,,,,,,,,,3.0,,,,,2.0,,
475705,,,,,,,,4.0,,1.0,,,,,,1.0,,,,,,,,1.0,,
475714,,,,,,,,23.0,,10.0,,,,,,7.0,,,,,,,,6.0,,
475723,,,,,,,,41.0,,16.0,,,,,,5.0,2.0,1.0,2.0,,,4.0,1.0,3.0,,
475732,,,,,,,,93.0,,46.0,,,,,,11.0,1.0,2.0,,,,,,6.0,,
475741,,,,,,,,31.0,,16.0,,,,,,5.0,1.0,1.0,,,,,,3.0,,
475750,,,,,,,,17.0,,9.0,,,,,,2.0,,,,,,,,1.0,,
475811,,,,,,,,54.0,,34.0,,,,,,4.0,1.0,1.0,2.0,,,,,2.0,0.0,
475839,,,,,,,,26.0,,9.0,,,,,,,4.0,,0.0,,,,5.0,2.0,,
475866,,,,,,,,46.0,,27.0,,,,,,2.0,,,12.0,,,,,1.0,,
476063,,,,,,,,11.0,,9.0,,,,,,,,,,,,,1.0,1.0,,
476179,,,,,,,,9.0,,5.0,,,,,,1.0,,,,,,,,1.0,,
476230,,,,,,,,11.0,,5.0,,,,,,1.0,,,,,,,,1.0,,
476294,,,,,,,,19.0,,10.0,,,,,,1.0,,,,,,,4.0,3.0,1.0,
476337,,,,,,,,16.0,,9.0,,,,,,2.0,1.0,,3.0,,,,,1.0,,
476346,,,,,,,,21.0,,10.0,,,,,,1.0,2.0,,,,,1.0,3.0,3.0,,
476355,,,,,,,,3.0,,,,,,,,1.0,,,,,,,,0.0,,
476470,,,,,,,,8.0,,4.0,,,,,,1.0,1.0,,,,,,,,,
476489,,,,,,,,9.0,,3.0,,,,,,3.0,1.0,,,,,,,1.0,,
476498,,,,,,,,11.0,,4.0,,,,,,1.0,3.0,,,,,,1.0,2.0,,
476513,,,,,,,,14.0,,2.0,,,,,,2.0,1.0,,,,,2.0,,1.0,1.0,
476522,,,,,,,,8.0,,4.0,,,,,,,,,,,,,,,,
476531,,,,,,,,7.0,,5.0,,,,,,1.0,1.0,,,,,0.0,,,,
476540,,,,,,,,10.0,,6.0,,,,,,1.0,1.0,,,,,,1.0,1.0,,
476559,,,,,,,,10.0,,5.0,,,,,,1.0,2.0,,,,,,1.0,1.0,,
476568,,,,,,,,7.0,,4.0,,,,,,,,,,,,,,1.0,,
476586,,,,,,,,18.0,,7.0,,,,,,1.0,1.0,1.0,,,,,3.0,5.0,,
476595,,,,,,,,13.0,,3.0,,,,,,5.0,1.0,0.0,,,,0.0,,1.0,,
476601,,,,,,,,13.0,,6.0,,,,,,3.0,,,,,,1.0,,1.0,1.0,
476610,,,,,,,,9.0,,4.0,,,,,,,2.0,,,,,,,1.0,,
476629,,,,,,,,18.0,,10.0,,,,,,3.0,1.0,,,,,,2.0,1.0,0.0,
476674,,,,,,,,4.0,,2.0,,,,,,0.0,,,,,,0.0,,1.0,,
476683,,,,,,,,27.0,,16.0,,,,,,5.0,1.0,0.0,,,,,2.0,2.0,,
476692,,,,,,,,5.0,,3.0,,,,,,,1.0,,,,,,,,,
476708,,,,,,,,8.0,,4.0,,,,,,1.0,,0.0,,,,,,1.0,1.0,
476717,,,,,,,,53.0,,37.0,,,,,,5.0,1.0,0.0,,,,2.0,,7.0,,
476726,,,,,,,,71.0,,20.0,,,,,,10.0,2.0,1.0,,17.0,,4.0,5.0,7.0,,
476735,,,,,,,,12.0,,4.0,,,,,,2.0,,,,,,4.0,,2.0,,
476744,,,,,,,,5.0,,4.0,,,,,,,1.0,,,,,,,,,
476753,,,,,,,,16.0,,7.0,,,,,,1.0,,,,,,,3.0,4.0,,
476771,,,,,,,,9.0,,3.0,,,,,,2.0,1.0,,,,,1.0,,2.0,,
476780,,,,,,,,14.0,,5.0,,,,,,1.0,1.0,,,,,,,3.0,,
476799,,,,,,,,23.0,,11.0,,,,,,2.0,2.0,,,,,,3.0,2.0,,
476805,,,,,,,,6.0,,3.0,,,,,,2.0,,,,,,,,1.0,,
476814,,,,,,,,28.0,,13.0,,,,,,5.0,2.0,,,,,1.0,4.0,1.0,,
476823,,,,,,,,10.0,,4.0,,,,,,2.0,,,,,,,,2.0,,
476841,,,,,,,,17.0,,10.0,,,,,,2.0,,,,,,,2.0,3.0,,
476850,,,,,,,,7.0,,3.0,,,,,,1.0,2.0,,,,,,,1.0,,
476869,,,,,,,,22.0,,10.0,,,,,,1.0,2.0,,1.0,,,6.0,1.0,1.0,,
476878,,,,,,,,5.0,,3.0,,,,,,1.0,,,,,,,,1.0,,
476887,,,,,,,,30.0,,11.0,,,,,,2.0,3.0,,4.0,,,,1.0,2.0,,
476896,,,,,,,,7.0,,3.0,,,,,,1.0,2.0,,,,,,,1.0,,
476902,,,,,,,,9.0,,5.0,,,,,,1.0,1.0,,,,,,1.0,1.0,,
476911,,,,,,,,19.0,,7.0,,,,,,1.0,,3.0,,,,,,1.0,,
476939,,,,,,,,36.0,,16.0,,,,,,9.0,3.0,,,,,,5.0,2.0,1.0,
476948,,,,,,,,21.0,,5.0,,,,,,1.0,,4.0,,,,,,,,
476957,,,,,,,,2.0,,1.0,,,,,,,,,,,,,,1.0,,
476966,,,,,,,,13.0,,5.0,,,,,,1.0,,2.0,,,,,,0.0,,
476975,,,,,,,,399.0,,186.0,,,,,,17.0,18.0,13.0,,,,,4.0,1.0,,
476984,,,,,,,,18.0,,10.0,,,,,,1.0,,,,,,,2.0,5.0,,
476993,,,,,,,,38.0,,17.0,,,,,,8.0,,,,,,1.0,10.0,1.0,,
477002,,,,,,,,7.0,,4.0,,,,,,2.0,,,,,,,,,,
477039,,,,,,,,75.0,,32.0,,,,,,16.0,3.0,,3.0,,,,,14.0,,
477950,,,,,,,,17.0,,7.0,,,,,,2.0,2.0,0.0,,,,,3.0,0.0,,
477996,,,,,,,,11.0,,3.0,,,,,,3.0,,,,,,,,1.0,,
478014,,,,,,,,6.0,,2.0,,,,,,,,,,,,,,,,
478582,,,,,,,,6.0,,4.0,,,,,,1.0,,,,,,,,0.0,,
478591,,,,,,,,14.0,,7.0,,,,,,2.0,,,,,,,1.0,,,
478616,,,,,,,,6.0,,3.0,,,,,,1.0,,,,,,,,1.0,,
478634,,,,,,,,36.0,,15.0,,,,,,2.0,5.0,2.0,,,,,5.0,2.0,,
478661,,,,,,,,10.0,,6.0,,,,,,2.0,,,,,,,,,,
478917,,,,,,,,7.0,,4.0,,,,,,1.0,,,,,,1.0,1.0,,,
478953,,,,,,,,29.0,,13.0,,,,,,1.0,,,,,,,,8.0,2.0,
479053,,,,,,,,11.0,,5.0,,,,,,2.0,1.0,,,,,,1.0,1.0,,
479062,,,,,,,,3.0,,1.0,,,,,,1.0,,,,,,,1.0,,,
479248,,,,,,,,8.0,,5.0,,,,,,,0.0,,,,,,,2.0,,
479424,,,,,,,,31.0,,12.0,,,,,,,2.0,1.0,,,,,2.0,2.0,,
479956,,,,,,,,405.0,,,,2.0,,,,70.0,58.0,89.0,102.0,,,,10.0,43.0,,
479965,,,,,,,,18.0,,11.0,,,,,,1.0,1.0,,,,,,1.0,4.0,,
479974,,,,,,,,7.0,,4.0,,,,,,1.0,1.0,,,,,0.0,,,,
479983,,,,,,,,8.0,,5.0,,,,,,1.0,,,,,,,1.0,1.0,,
479992,,,,,,,,20.0,,5.0,,,,,,2.0,1.0,5.0,,,,,1.0,2.0,,
480000,,,,,,,,15.0,,4.0,,,,,,0.0,2.0,,,,,,,7.0,,
480019,,,,,,,,42.0,,26.0,,,,,,5.0,1.0,,,,,,3.0,7.0,,
480028,,,,,,,,14.0,,4.0,,,,,,2.0,3.0,,,,,,2.0,1.0,,
480037,,,,,,,,59.0,,22.0,,,,,,10.0,,,,,,,13.0,14.0,,
480064,,,,,,,,28.0,,12.0,,,,,,5.0,1.0,,5.0,,,,,1.0,,
480073,,,,,,,,57.0,,27.0,,,,,,13.0,2.0,,,,,,,12.0,,
480082,,,,,,,,58.0,,23.0,,,,,,19.0,3.0,,,,,1.0,,10.0,,
480091,,,,,,,,321.0,,166.0,,,,,,10.0,4.0,6.0,99.0,,,1.0,8.0,21.0,,
480107,,,,,,,,35.0,,21.0,,,,,,2.0,,,8.0,,,,,1.0,,
480125,,,,,,,,18.0,,9.0,,,,,,,2.0,,,,,,1.0,,,
480134,,,,,,,,32.0,,18.0,,,,,,4.0,,,4.0,,,,,1.0,,
480161,,,,,,,,5.0,,2.0,,,,,,,,,,,,,,1.0,,
480170,,,,,,,,12.0,,5.0,,,,,,3.0,1.0,,,,,,1.0,1.0,,
480189,,,,,,,,94.0,,49.0,,,,,,1.0,3.0,3.0,19.0,5.0,,6.0,,7.0,,0.0
480198,,,,,,,,30.0,,18.0,,,,,,3.0,,,5.0,,,,,2.0,,
480204,,,,,,,,57.0,,26.0,,,,,,11.0,,,,,,1.0,,3.0,,
480301,,,,,,,,23.0,,12.0,,,,,,4.0,,1.0,,,,0.0,,2.0,,
480310,,,,,,,,10.0,,6.0,,,,,,1.0,,,,,,,,1.0,,
480329,,,,,,,,15.0,,4.0,,,,,,3.0,,,,,,,,8.0,,
480347,,,,,,,,16.0,,6.0,,,,,,4.0,2.0,,,,,,,4.0,,
480471,,,,,,,,31.0,,7.0,,,,,,6.0,2.0,,,,,0.0,,16.0,,
480499,,,,,,,,18.0,,11.0,,,,,,7.0,,,,,,,,,,
480514,,,,,,,,31.0,,18.0,,,,,,1.0,2.0,,,,,,4.0,1.0,,
480523,,,,,,,,13.0,,6.0,,,,,,3.0,,,,,,,,1.0,,
480532,,,,,,,,12.0,,5.0,,,,,,3.0,,,,,,,,0.0,,
480550,,,,,,,,11.0,,5.0,,,,,,3.0,,,,,,,,0.0,,
480569,,,,,,,,117.0,,69.0,,3.0,,,,1.0,1.0,5.0,,,,,,10.0,,
480657,,,,,,,,23.0,,9.0,,,,,,5.0,,,,,,,,1.0,,
480693,,,,,,,,9.0,,5.0,,,,,,,0.0,0.0,,,,,,2.0,,
480727,,,,,,,,12.0,,6.0,,,,,,1.0,1.0,,,,,1.0,,1.0,3.0,
480736,,,,,,,,7.0,,3.0,,,,,,2.0,,,,,,,,2.0,,
480781,,,,,,,,34.0,,11.0,,,,,,5.0,3.0,1.0,,,,,0.0,,,
480790,,,,,,,,293.0,,75.0,,,,,,31.0,6.0,7.0,2.0,81.0,,14.0,,53.0,,
480815,,,,,,,,44.0,,24.0,,,,,,2.0,,,12.0,,,,,1.0,,
480824,,,,,,,,6.0,,2.0,,,,,,2.0,,,,,,,,,,
480833,,,,,,,,39.0,,19.0,,,,,,5.0,,,,,,,,2.0,,
480842,,,,,,,,5.0,,2.0,,,,,,1.0,1.0,,,,,,,1.0,,
480851,,,,,,,,12.0,,3.0,,,,,,1.0,1.0,,1.0,,,,1.0,1.0,,
480879,,,,,,,,9.0,,4.0,,,,,,1.0,1.0,,,,,,2.0,1.0,,
480888,,,,,,,,43.0,,20.0,,,,,,6.0,2.0,,1.0,,,,3.0,9.0,,
480903,,,,,,,,38.0,,19.0,,,,,,6.0,,,,,,,8.0,5.0,,
480912,,,,,,,,7.0,,5.0,,,,,,,,,,,,1.0,,2.0,0.0,
480921,,,,,,,,7.0,,4.0,,,,,,,2.0,,,,,,,,,
480930,,,,,,,,26.0,,15.0,,,,,,1.0,,,,,,,7.0,3.0,,
480967,,,,,,,,54.0,,12.0,1.0,,,,,6.0,4.0,2.0,,,,13.0,2.0,6.0,,
480976,,,,,,,,10.0,,4.0,,,,,,1.0,1.0,,,,,1.0,1.0,,,
480985,,,,,,,,26.0,,10.0,0.0,,,,,4.0,1.0,1.0,,,,,0.0,1.0,,
480994,,,,,,,,6.0,,3.0,,,,,,,1.0,,,,,,,1.0,,
481003,,,,,,,,23.0,,12.0,,,,,,4.0,2.0,,1.0,,,,,3.0,,
481021,,,,,,,,164.0,,67.0,,,,,,7.0,5.0,2.0,1.0,,,19.0,,10.0,3.0,8.0
481030,,,,,,,,26.0,,14.0,1.0,,,,,2.0,1.0,1.0,,,,1.0,,1.0,,
481049,,,,,,,,7.0,,3.0,,,,,,,0.0,,,,,,,0.0,,
481058,,,,,,,,15.0,,12.0,,,,,,1.0,0.0,,,,,0.0,,1.0,,
481085,,,,,,,,25.0,,10.0,,,,,,4.0,,,,,,,,11.0,,
481094,,,,,,,,44.0,,24.0,,,,,,6.0,1.0,2.0,,,,1.0,,4.0,,
481100,,,,,,,,12.0,,6.0,,,,,,1.0,1.0,,,,,,,2.0,,
481128,,,,,,,,20.0,,7.0,,,,,,3.0,2.0,2.0,,,,0.0,,3.0,1.0,
481137,,,,,,,,44.0,,10.0,,,,,,6.0,,,,,,1.0,,4.0,,
481146,,,,,,,,16.0,,5.0,,,,,,4.0,2.0,,,,,,1.0,1.0,,
481155,,,,,,,,42.0,,10.0,,,,,,7.0,2.0,,,,,2.0,2.0,2.0,,
481164,,,,,,,,5.0,,2.0,,,,,,1.0,1.0,,,,,,,1.0,,
481182,,,,,,,,6.0,,2.0,,,,,,1.0,1.0,0.0,,,,,,1.0,0.0,
481191,,,,,,,,24.0,,9.0,,,,,,4.0,,,,,,3.0,,7.0,,
481207,,,,,,,,16.0,,5.0,,,,,,4.0,1.0,,,,,4.0,,1.0,,
481225,,,,,,,,14.0,,6.0,,,,,,1.0,1.0,,,,,,,5.0,,
481234,,,,,,,,17.0,,9.0,,,,,,1.0,2.0,,,,,1.0,,2.0,0.0,
481243,,,,,,,,16.0,,7.0,,,,,,3.0,2.0,,,,,,2.0,3.0,,
481252,,,,,,,,9.0,,6.0,,,,,,1.0,1.0,,,,,,,1.0,,
481289,,,,,,,,18.0,,10.0,,,,,,1.0,3.0,,,,,,,2.0,,
481298,,,,,,,,6.0,,4.0,,,,,,1.0,,,,,,,,0.0,,
481313,,,,,,,,6.0,,2.0,,,,,,1.0,1.0,,,,,,1.0,1.0,0.0,
481322,,,,,,,,5.0,,2.0,,,,,,1.0,,,,,,,1.0,1.0,0.0,
481331,,,,,,,,12.0,,7.0,,,,,,3.0,1.0,,,,,,,1.0,,
481340,,,,,,,,24.0,,7.0,,,,,,1.0,1.0,,,,,8.0,1.0,3.0,,
481368,,,,,,,,14.0,,8.0,,,,,,1.0,1.0,,,1.0,,,,,,
481377,,,,,,,,6.0,,1.0,,,,,,2.0,1.0,,,,,,,1.0,,
481386,,,,,,,,33.0,,16.0,,,,,,5.0,2.0,1.0,,,,2.0,1.0,2.0,,
481395,,,,,,,,8.0,,3.0,,,,,,1.0,2.0,,,,,,,1.0,,
481401,,,,,,,,31.0,,12.0,,,,,,6.0,4.0,1.0,1.0,,,,,0.0,,
481410,,,,,,,,6.0,,4.0,,,,,,1.0,,,,,,0.0,,0.0,,
481429,,,,,,,,12.0,,6.0,,,,,,2.0,1.0,,,,,,1.0,2.0,,
481438,,,,,,,,12.0,,7.0,,,,,,2.0,1.0,,,,,1.0,,1.0,,
481447,,,,,,,,7.0,,3.0,,,,,,2.0,,,,,,,,1.0,,
481456,,,,,,,,5.0,,2.0,,,,,,0.0,1.0,,,,,0.0,,0.0,0.0,
481465,,,,,,,,16.0,,8.0,,,,,,,4.0,,,,,,,2.0,1.0,
481474,,,,,,,,17.0,,8.0,,,,,,1.0,1.0,,,,,2.0,1.0,1.0,,
481483,,,,,,,,36.0,,18.0,,,,,,7.0,4.0,,1.0,,,,1.0,4.0,,
481508,,,,,,,,12.0,,6.0,,,,,,1.0,2.0,,,,,,2.0,,,
481517,,,,,,,,10.0,,5.0,,,,,,1.0,1.0,,,,,,1.0,1.0,,
481526,,,,,,,,10.0,,5.0,,,,,,3.0,,,,,,0.0,,1.0,,
481535,,,,,,,,787.0,,55.0,420.0,156.0,,,,,74.0,22.0,12.0,,,,,29.0,,16.0
481544,,,,,,,,7.0,,5.0,,,,,,1.0,,,,,,,,,,
481562,,,,,,,,6.0,,4.0,,,,,,,1.0,,,,,,1.0,,,
481571,,,,,,,,4.0,,3.0,,,,,,1.0,,,,,,,,,,
481599,,,,,,,,2.0,,2.0,,,,,,,,,,,,,,0.0,,
481678,,,,,,,,7.0,,4.0,,,,,,1.0,,,,,,,,,1.0,
481720,,,,,,,,60.0,,30.0,,,,,,15.0,3.0,,,,,,,10.0,,
481739,,,,,,,,7.0,,4.0,,,,,,1.0,,,,,,,,1.0,,
481748,,,,,,,,8.0,,4.0,,,,,,1.0,,,,,,,,0.0,,
481845,,,,,,,,8.0,,5.0,,,,,,1.0,,,,,,,,1.0,,
481854,,,,,,,,22.0,,8.0,,,,,,5.0,,1.0,3.0,,,,,1.0,1.0,
481863,,,,,,,,13.0,,5.0,,,,,,3.0,,,,,,,,1.0,,
481890,,,,,,,,10.0,,5.0,,,,,,2.0,,,,,,,,1.0,,
481906,,,,,,,,16.0,,9.0,,,,,,2.0,,,,,,,,1.0,,
481915,,,,,,,,12.0,,6.0,,,,,,1.0,2.0,,,,,,1.0,1.0,,
481942,,,,,,,,16.0,,6.0,,,,,,2.0,2.0,,,,,,2.0,2.0,,
481960,,,,,,,,15.0,,5.0,,,,,,1.0,,,,,,,3.0,1.0,,
481988,,,,,,,,23.0,,10.0,,,,,,2.0,2.0,,,,,,3.0,2.0,,
482024,,,,,,,,19.0,,7.0,,,,,,2.0,,,,,,0.0,,1.0,,
482060,,,,,,,,26.0,,11.0,,,,,,1.0,,,,,,1.0,4.0,8.0,,
482097,,,,,,,,39.0,,19.0,,,,,,2.0,3.0,,,,,7.0,,5.0,1.0,
482103,,,,,,,,34.0,,5.0,,,,,,2.0,3.0,,,6.0,,,,12.0,,
482149,,,,,,,,5351.0,,993.0,200.0,11.0,,,,440.0,149.0,452.0,102.0,1511.0,,517.0,1.0,752.0,91.0,
482158,,,,,,,,743.0,,305.0,,,,,,109.0,6.0,22.0,16.0,4.0,,57.0,3.0,125.0,40.0,
482167,,,,,,,,12.0,,5.0,,,,,,4.0,2.0,,,,,,,1.0,,
482176,,,,,,,,20.0,,10.0,,,,,,1.0,,,,,,,4.0,4.0,,
482185,,,,,,,,17.0,,8.0,,,,,,1.0,2.0,1.0,,,,,2.0,1.0,,
482194,,,,,,,,22.0,,9.0,,,,,,1.0,2.0,,,,,,,4.0,,
482200,,,,,,,,9.0,,5.0,,,,,,2.0,2.0,,,,,,,,,
482228,,,,,,,,18.0,,11.0,,,,,,2.0,1.0,1.0,,,,,,1.0,,
482246,,,,,,,,5.0,,1.0,,,,,,1.0,0.0,,,,,,,3.0,,
482255,,,,,,,,36.0,,16.0,,,,,,8.0,,,,,,,,12.0,,
482291,,,,,,,,46.0,,16.0,,,,,,7.0,2.0,,,,,1.0,,20.0,,
482316,,,,,,,,8.0,,,,,,,,2.0,,,,,,,,2.0,,
482325,,,,,,,,10.0,,2.0,,,,,,2.0,,,,,,,,1.0,,
482334,,,,,,,,7.0,,,,,,,,1.0,,,,,,,,,,
482343,,,,,,,,6.0,,0.0,,,,,,2.0,,,,,,,,1.0,,
482361,,,,,,,,5.0,,4.0,,,,,,,,,,,,,,1.0,,
482370,,,,,,,,8.0,,1.0,,,,,,1.0,,,,,,,,1.0,,
482413,,,,,,,,68.0,,33.0,,,,,,7.0,,,,,,,,1.0,,
482422,,,,,,,,47.0,,20.0,,,,,,5.0,,2.0,,,,,,1.0,,
482431,,,,,,,,203.0,,69.0,,,,,,25.0,,9.0,,,,,,8.0,,
482440,,,,,,,,23.0,,6.0,,,,,,2.0,,,,,,,,1.0,,
482459,,,,,,,,54.0,,19.0,,,,,,7.0,,1.0,,,,,,3.0,,
482468,,,,,,,,70.0,,21.0,,,,,,15.0,,2.0,,,,,,4.0,,
482477,,,,,,,,1737.0,,621.0,,,,,,105.0,100.0,32.0,8.0,,,,,37.0,,
482486,,,,,,,,6.0,,3.0,,,,,,1.0,,,,,,,,1.0,,
482538,,,,,,,,21.0,,9.0,,,,,,2.0,,1.0,,,,,,2.0,,
482547,,,,,,,,13.0,,4.0,,,,,,1.0,,1.0,,,,,,,,
482556,,,,,,,,73.0,,18.0,,,,,,10.0,5.0,5.0,,,,,,3.0,,
482565,,,,,,,,31.0,,10.0,,,,,,2.0,,1.0,,,,,,4.0,,
482574,,,,,,,,70.0,,25.0,,,,,,8.0,,2.0,,,,,,3.0,,
482583,,,,,,,,3.0,,1.0,,,,,,,,,,,,,,1.0,,
482608,,,,,,,,31.0,,6.0,,,,,,5.0,,1.0,,,,,,2.0,,
482617,,,,,,,,10.0,,2.0,,,,,,2.0,,0.0,,,,,,,,
482635,,,,,,,,66.0,,19.0,,,,,,6.0,,2.0,,,,0.0,,8.0,,
482653,,,,,,,,35.0,,14.0,,,,,,3.0,,1.0,,,,,,3.0,,
482680,,,,,,,,1769.0,,780.0,,,,,,204.0,46.0,89.0,46.0,9.0,,160.0,4.0,237.0,48.0,
482699,,,,,,,,213.0,,79.0,,,,,,22.0,2.0,6.0,6.0,,,32.0,1.0,38.0,9.0,
482705,,,,,,,,758.0,,434.0,,,,,,16.0,32.0,19.0,75.0,,,,,16.0,,
482927,,,,,,,,14.0,,10.0,,,,,,1.0,1.0,,,,,,,2.0,,
482936,,,,,,,,223.0,,73.0,2.0,,,,,57.0,11.0,22.0,7.0,,,12.0,2.0,22.0,,
482954,,,,,,,,15.0,,6.0,,,,,,2.0,,,,,,,,0.0,,
482963,,,,,,,,21.0,,9.0,,,,,,3.0,,,,,,,5.0,5.0,,
482972,,,,,,,,9.0,,4.0,,,,,,,2.0,,,,,,1.0,,,
482981,,,,,,,,13.0,,4.0,,,,,,3.0,1.0,,,,,,1.0,4.0,,
482990,,,,,,,,45.0,,14.0,,,,,,12.0,,1.0,,,,,,18.0,,
483009,,,,,,,,11.0,,3.0,,,,,,1.0,1.0,,,,,,1.0,3.0,,
483018,,,,,,,,131.0,,32.0,,,,,,11.0,19.0,5.0,9.0,0.0,,33.0,1.0,6.0,,
483036,,,,,,,,288.0,,133.0,0.0,,,,,37.0,13.0,16.0,17.0,1.0,,7.0,,48.0,,
483045,,,,,,,,693.0,,320.0,,22.0,,,,30.0,37.0,19.0,13.0,,,76.0,,117.0,,
483054,,,,,,,,11.0,,7.0,,,,,,,2.0,,,,,,,1.0,,
483106,,,,,,,,23.0,,13.0,,,,,,3.0,1.0,,,,,,,1.0,,
483124,,,,,,,,1142.0,,807.0,6.0,,,,,98.0,25.0,47.0,117.0,,,1.0,,20.0,,
483212,,,,,,,,224.0,,111.0,,,,,,23.0,60.0,,,,,2.0,,10.0,2.0,
483221,,,,,,,,9.0,,4.0,,,,,,,1.0,,,,,,,3.0,,
483230,,,,,,,,24.0,,9.0,,,,,,3.0,1.0,,1.0,,,,4.0,4.0,,
483258,,,,,,,,3.0,,2.0,,,,,,,,,,,,,,,,
483276,,,,,,,,3.0,,2.0,,,,,,,1.0,,,,,,,,,
483319,,,,,,,,35.0,,19.0,,,,,,2.0,,,9.0,,,,,1.0,,
483328,,,,,,,,22.0,,12.0,,,,,,1.0,,,,,,,5.0,4.0,,
483337,,,,,,,,20.0,,12.0,,,,,,1.0,,,,,,,3.0,4.0,,
483346,,,,,,,,4.0,,2.0,,,,,,1.0,1.0,,,,,,,,,
483355,,,,,,,,24.0,,13.0,,,,,,3.0,2.0,,,,,1.0,3.0,2.0,,
483364,,,,,,,,20.0,,11.0,,,,,,2.0,,,,,,,3.0,4.0,,
483373,,,,,,,,7.0,,3.0,,,,,,,2.0,,,,,,,1.0,,
483382,,,,,,,,27.0,,10.0,,,,,,9.0,,,,,,1.0,1.0,6.0,,
483425,,,,,,,,5.0,,3.0,,,,,,1.0,,,,,,,,0.0,,
483443,,,,,,,,28.0,,19.0,,,,,,4.0,1.0,1.0,,,,,,4.0,,
483470,,,,,,,,11.0,,4.0,,,,,,1.0,1.0,,,,,0.0,,2.0,,
483504,,,,,,,,35.0,,15.0,,,,,,2.0,,,,,,,,1.0,,
483513,,,,,,,,19.0,,5.0,,,,,,5.0,2.0,,,,,5.0,,2.0,,
483559,,,,,,,,8.0,,4.0,,,,,,2.0,1.0,,,,,,,1.0,,
483568,,,,,,,,12.0,,8.0,,,,,,1.0,0.0,,,,,,,1.0,,
483577,,,,,,,,7.0,,2.0,,,,,,0.0,2.0,,,,,,,2.0,,
483595,,,,,,,,27.0,,7.0,,,,,,10.0,,2.0,,,,,,8.0,,
483610,,,,,,,,7.0,,3.0,,,,,,1.0,2.0,,,,,,,1.0,,
483638,,,,,,,,11.0,,5.0,,,,,,2.0,1.0,,,,,,,3.0,,
483647,,,,,,,,37.0,,8.0,,,,,,1.0,1.0,1.0,2.0,7.0,,4.0,1.0,6.0,1.0,
483665,,,,,,,,3.0,,2.0,,,,,,,,,,,,,,,,
483708,,,,,,,,40.0,,5.0,,,,,,6.0,2.0,,,5.0,,1.0,2.0,10.0,,
483717,,,,,,,,4.0,,1.0,,,,,,1.0,,,,,,2.0,,,,
483726,,,,,,,,3.0,,2.0,,,,,,1.0,0.0,,,,,,,,,
483735,,,,,,,,6.0,,3.0,,,,,,,,,,,,,,1.0,,
483744,,,,,,,,5.0,,2.0,,,,,,1.0,1.0,,,,,,,0.0,,
483753,,,,,,,,4.0,,2.0,,,,,,,2.0,,,,,,,0.0,,
483780,,,,,,,,24.0,,12.0,,,,,,2.0,1.0,1.0,,,,,1.0,3.0,,
483799,,,,,,,,10.0,,6.0,,,,,,,1.0,0.0,,,,,,0.0,,
483805,,,,,,,,6.0,,2.0,,,,,,1.0,,,,,,,,1.0,,
483814,,,,,,,,16.0,,8.0,,,,,,7.0,,,,,,,,1.0,,
483823,,,,,,,,50.0,,18.0,,,,,,4.0,4.0,3.0,2.0,,,2.0,4.0,4.0,,
483841,,,,,,,,19.0,,5.0,,,,,,4.0,2.0,1.0,1.0,,,3.0,1.0,2.0,,
483850,,,,,,,,13.0,,4.0,,,,,,2.0,1.0,,,,,,2.0,1.0,,
483869,,,,,,,,8.0,,4.0,,,,,,1.0,2.0,,,,,,,,,
483878,,,,,,,,25.0,,7.0,,,,,,1.0,3.0,,1.0,,,,,1.0,,
483887,,,,,,,,6.0,,3.0,,,,,,2.0,,,,,,,,1.0,,
483896,,,,,,,,6.0,,3.0,,,,,,1.0,,,,,,,,2.0,,
483902,,,,,,,,3.0,,1.0,,,,,,2.0,,,,,,,,1.0,,
483911,,,,,,,,5.0,,2.0,,,,,,1.0,,,,,,,,1.0,,
483920,,,,,,,,15.0,,8.0,,,,,,2.0,1.0,,,,,,,4.0,,
483939,,,,,,,,5.0,,2.0,,,,,,,1.0,,1.0,,,,,1.0,,
483948,,,,,,,,6.0,,2.0,,,,,,1.0,1.0,,,,,,,1.0,,
483957,,,,,,,,4.0,,3.0,,,,,,,1.0,,,,,,,,,
483975,,,,,,,,71.0,,21.0,1.0,,,,,5.0,2.0,,2.0,,,,,22.0,,
483984,,,,,,,,65.0,,28.0,,1.0,,,,7.0,1.0,3.0,1.0,,,4.0,,9.0,5.0,
484002,,,,,,,,70.0,,34.0,,,,,,9.0,4.0,1.0,,,,,,9.0,3.0,
484011,,,,,,,,17.0,,9.0,,,,,,2.0,,,,,,,2.0,4.0,0.0,
484020,,,,,,,,6.0,,1.0,,,,,,1.0,1.0,,1.0,,,,,1.0,,
484039,,,,,,,,15.0,,6.0,,,,,,1.0,3.0,,,,,,,4.0,,
484048,,,,,,,,9.0,,4.0,,,,,,,1.0,,,,,,,1.0,,
484057,,,,,,,,14.0,,6.0,,,,,,1.0,1.0,,,,,,,2.0,,
484066,,,,,,,,42.0,,23.0,,,,,,3.0,,,,,,,,,,
484075,,,,,,,,4.0,,3.0,,,,,,,1.0,,,,,,,,,
484084,,,,,,,,12.0,,7.0,,,,,,1.0,1.0,,,,,,1.0,2.0,,
484093,,,,,,,,7.0,,3.0,,,,,,1.0,,,,,,,1.0,2.0,,
484109,,,,,,,,8.0,,3.0,,,,,,2.0,,,,,,,1.0,2.0,,
484118,,,,,,,,7.0,,3.0,,,,,,1.0,,,,,,,1.0,2.0,,
484127,,,,,,,,13.0,,7.0,,,,,,2.0,,,,,,,,2.0,,
484136,,,,,,,,10.0,,5.0,,,,,,1.0,1.0,1.0,,,,,,1.0,,1.0
484154,,,,,,,,12.0,,5.0,,,,,,3.0,,,,,,,,4.0,,
484163,,,,,,,,30.0,,16.0,,,,,,3.0,1.0,,,,,,5.0,4.0,,
484172,,,,,,,,7.0,,2.0,,,,,,,1.0,,,,,,,3.0,,
484190,,,,,,,,7.0,,2.0,,,,,,1.0,1.0,,,,,,,1.0,,
484206,,,,,,,,24.0,,8.0,,,,,,,3.0,,,,,,3.0,3.0,,
484233,,,,,,,,38.0,,22.0,,,,,,2.0,0.0,2.0,,,,,,9.0,3.0,
484303,,,,,,,,10.0,,8.0,,,,,,1.0,0.0,,,,,,,0.0,,
484321,,,,,,,,7.0,,3.0,,,,,,2.0,,,,,,1.0,,,,
484330,,,,,,,,12.0,,6.0,,,,,,2.0,,,,,,,,1.0,,
484349,,,,,,,,17.0,,9.0,,,,,,3.0,,,,,,,,1.0,,
484358,,,,,,,,16.0,,8.0,,,,,,3.0,,,,,,,,1.0,,
484367,,,,,,,,13.0,,7.0,,,,,,1.0,,,,,,,,3.0,,
484376,,,,,,,,22.0,,11.0,,,,,,1.0,,,,,,,,9.0,,
484385,,,,,,,,15.0,,5.0,,,,,,4.0,,,,,,,,2.0,,
484394,,,,,,,,15.0,,8.0,,,,,,3.0,,,,,,,,4.0,,
484473,,,,,,,,71.0,,26.0,,,,,,6.0,2.0,1.0,6.0,,,,,5.0,,
484604,,,,,,,,22.0,,13.0,,,,,,,,,,,,,0.0,,,
484613,,,,,,,,6547.0,,2635.0,,,,,,701.0,365.0,435.0,541.0,,,,772.0,1037.0,,
484622,,,,,,,,5.0,,3.0,,,,,,2.0,,,,,,,,,,
484631,,,,,,,,629.0,,439.0,,,,,,73.0,39.0,5.0,40.0,,,,1.0,32.0,,
484640,,,,,,,,53.0,,35.0,,,,,,10.0,4.0,1.0,,,,,,2.0,,
484668,,,,,,,,101.0,,73.0,,,,,,18.0,3.0,,2.0,,,,,5.0,,
484677,,,,,,,,65.0,,44.0,,,,,,12.0,1.0,,1.0,,,,,7.0,,
484686,,,,,,,,13.0,,9.0,,,,,,2.0,,,,,,,,2.0,,
484695,,,,,,,,29.0,,22.0,,,,,,3.0,1.0,,1.0,,,,,2.0,,
484701,,,,,,,,14.0,,7.0,,,,,,4.0,2.0,1.0,,,,,,,,
484710,,,,,,,,50.0,,35.0,,,,,,10.0,3.0,,,,,,,3.0,,
484729,,,,,,,,26.0,,13.0,,,,,,5.0,1.0,2.0,1.0,,,,1.0,3.0,,
484738,,,,,,,,7.0,,5.0,,,,,,,,1.0,,,,,,1.0,,
484747,,,,,,,,49.0,,37.0,,,,,,5.0,,2.0,,,,,,5.0,,
484756,,,,,,,,172.0,,107.0,,,,,,24.0,7.0,1.0,11.0,,,,2.0,20.0,,
484765,,,,,,,,43.0,,30.0,,,,,,6.0,4.0,1.0,1.0,,,,,1.0,,
484783,,,,,,,,31.0,,19.0,,,,,,5.0,1.0,3.0,1.0,,,,1.0,1.0,,
484826,,,,,,,,7.0,,5.0,,,,,,1.0,,,,,,,1.0,,,
484835,,,,,,,,51.0,,11.0,,,,,,18.0,11.0,,1.0,1.0,,1.0,1.0,5.0,1.0,
484844,,,,,,,,48.0,,39.0,,,,,,8.0,,,,,,,,1.0,,
484871,,,,,,,,9.0,,5.0,,,,,,4.0,,,,,,,,,,
484899,,,,,,,,40.0,,14.0,,,,,,3.0,,,,,,9.0,0.0,7.0,,
484905,,,,,,,,314.0,,142.0,1.0,12.0,,,,45.0,14.0,8.0,3.0,,,13.0,,53.0,,
484923,,,,,,,,10.0,,3.0,,,,,,2.0,,,,,,,,3.0,,
484932,,,,,,,,197.0,,132.0,,,,,,21.0,3.0,4.0,1.0,1.0,,3.0,,29.0,,
484950,,,,,,,,12.0,,8.0,,,,,,1.0,1.0,,,,,,,1.0,,
484978,,,,,,,,28.0,,14.0,,,,,,2.0,,,8.0,,,,,1.0,,
484996,,,,,,,,7.0,,3.0,,,,,,1.0,,,,,,,,3.0,,
485014,,,,,,,,6.0,,4.0,,,,,,,,,,,,,,1.0,,
485032,,,,,,,,22.0,,8.0,,,,,,3.0,4.0,,,,,0.0,2.0,4.0,,
485111,,,,,,,,700.0,,262.0,,,,,,59.0,21.0,11.0,40.0,6.0,,94.0,,126.0,,
485120,,,,,,,,6.0,,2.0,,,,,,1.0,,,,,,,,3.0,,
485139,,,,,,,,19.0,,7.0,,,,,,2.0,,2.0,,,,,,1.0,,
485166,,,,,,,,14.0,,6.0,,,,,,2.0,1.0,,,,,,,3.0,,
485236,,,,,,,,7.0,,4.0,,,,,,1.0,1.0,,,,,,,1.0,,
485263,,,,,,,,73.0,,34.0,,,,,,3.0,12.0,2.0,,,,,11.0,,,
485272,,,,,,,,77.0,,39.0,,,,,,13.0,4.0,1.0,2.0,,,,,13.0,,
485281,,,,,,,,8.0,,1.0,,,,,,2.0,,,,,,,,,,
485290,,,,,,,,37.0,,12.0,,,,,,6.0,,,,,,,,3.0,,
485306,,,,,,,,4.0,,2.0,,,,,,,1.0,,,,,,,1.0,,
485342,,,,,,,,15.0,,5.0,,,,,,2.0,,1.0,,,,3.0,,3.0,,
485351,,,,,,,,7.0,,4.0,,,,,,1.0,,,,,,,,1.0,,
485360,,,,,,,,9.0,,5.0,,,,,,1.0,1.0,,,,,,,2.0,,
485379,,,,,,,,17.0,,7.0,,,,,,1.0,,,,,,1.0,,5.0,,
485388,,,,,,,,17.0,,7.0,,,,,,1.0,,,,,,1.0,,5.0,,
485397,,,,,,,,8.0,,4.0,,,,,,2.0,,,,,,,,1.0,,
485403,,,,,,,,15.0,,6.0,1.0,,,,,3.0,1.0,,,,,,,2.0,,
485412,,,,,,,,4.0,,3.0,,,,,,,1.0,,,,,,,,,
485421,,,,,,,,10.0,,3.0,,,,,,2.0,0.0,,,,,1.0,1.0,1.0,1.0,
485458,,,,,,,,247.0,,113.0,,3.0,,,,18.0,8.0,7.0,2.0,,,26.0,,29.0,,
485467,,,,,,,,91.0,,,,,,,,29.0,7.0,6.0,,,,,,43.0,,
485476,,,,,,,,7.0,,5.0,,,,,,,1.0,,,,,0.0,,,,
485485,,,,,,,,18.0,,4.0,,,,,,6.0,1.0,,,,,,,,,
485494,,,,,,,,10.0,,5.0,,,,,,,2.0,,,,,,,3.0,,
485500,,,,,,,,14.0,,3.0,,,,,,2.0,1.0,1.0,0.0,,,,3.0,1.0,1.0,
485519,,,,,,,,24.0,,6.0,,,,,,5.0,6.0,2.0,,,,,,1.0,,
485528,,,,,,,,7.0,,5.0,,,,,,1.0,,,,,,,,1.0,,
485537,,,,,,,,1418.0,,59.0,54.0,,,,,86.0,43.0,10.0,,768.0,,32.0,,349.0,16.0,
485546,,,,,,,,38.0,,17.0,,,,,,7.0,2.0,,,,,,,,,
485564,,,,,,,,15.0,,6.0,,,,,,3.0,1.0,,,,,,1.0,2.0,,
485573,,,,,,,,10.0,,2.0,,,,,,3.0,,,,,,,1.0,,,
485582,,,,,,,,15.0,,10.0,,,,,,2.0,1.0,,,,,0.0,1.0,1.0,,
485591,,,,,,,,4.0,,2.0,,,,,,,,,,,,,,,,2.0
485607,,,,,,,,5.0,,2.0,,,,,,,,,,,,,,2.0,,
485704,,,,,,,,4.0,,3.0,,,,,,,,,,,,,,1.0,,
485731,,,,,,,,3.0,,3.0,,,,,,,,,,,,,,,,
485768,,,,,,,,21.0,,8.0,,,,,,4.0,1.0,0.0,,,,,,2.0,,
485801,,,,,,,,13.0,,4.0,,,,,,3.0,2.0,,,,,,,4.0,,
485810,,,,,,,,8.0,,2.0,,,,,,1.0,1.0,,,,,,,1.0,,
485856,,,,,,,,11.0,,5.0,,,,,,3.0,,,,,,0.0,,0.0,,
485874,,,,,,,,7.0,,4.0,,,,,,1.0,1.0,,,,,,1.0,,,
485908,,,,,,,,7.0,,5.0,,,,,,1.0,,,,,,,,,,
485953,,,,,,,,6.0,,2.0,,,,,,1.0,1.0,,,,,,,,,
485962,,,,,,,,6.0,,1.0,,,,,,,3.0,,,,,,,2.0,,
485999,,,,,,,,18.0,,12.0,,,,,,,2.0,,,,,2.0,,2.0,,
486017,,,,,,,,8.0,,5.0,,,,,,,,,,,,1.0,,2.0,,
486026,,,,,,,,7.0,,4.0,,,,,,1.0,1.0,,,,,0.0,,1.0,,
486053,,,,,,,,32.0,,18.0,,,,,,4.0,1.0,0.0,2.0,,,,1.0,4.0,,
486080,,,,,,,,41.0,,41.0,,,,,,,,,,,,,,,,
486099,,,,,,,,15.0,,4.0,,,,,,4.0,1.0,,,,,1.0,,5.0,,
486105,,,,,,,,2.0,,2.0,,,,,,,,,,,,,,,,
486123,,,,,,,,11.0,,8.0,,,,,,1.0,,,,,,,1.0,,,
486141,,,,,,,,7.0,,3.0,,,,,,2.0,1.0,,,,,,,1.0,,
486150,,,,,,,,21.0,,7.0,,,,,,2.0,,1.0,,,,1.0,,8.0,,
486169,,,,,,,,6.0,,3.0,,,,,,1.0,2.0,,,,,,,,,
486196,,,,,,,,17.0,,11.0,,,,,,1.0,1.0,,,,,2.0,,1.0,,
486202,,,,,,,,7.0,,3.0,,,,,,1.0,,,,,,1.0,,1.0,,
486239,,,,,,,,57.0,,24.0,,,,,,4.0,4.0,1.0,,,,,5.0,5.0,2.0,
486248,,,,,,,,3.0,,3.0,,,,,,,,,,,,,,,,
486257,,,,,,,,17.0,,8.0,,,,,,5.0,1.0,,,,,,,3.0,,
486284,,,,,,,,83.0,,17.0,,,,,,20.0,2.0,2.0,10.0,,,6.0,4.0,11.0,3.0,
486309,,,,,,,,7.0,,4.0,,,,,,1.0,1.0,,,0.0,,0.0,,,,
486327,,,,,,,,2.0,,1.0,,,,,,1.0,,,,,,,,,,
486345,,,,,,,,8.0,,,,,,,,,1.0,,,,,,,0.0,6.0,
486354,,,,,,,,13.0,,8.0,,,,,,2.0,,,,,,,,1.0,,
486372,,,,,,,,9.0,,4.0,,,,,,1.0,1.0,,,,,,1.0,,,
486381,,,,,,,,6.0,,3.0,,,,,,1.0,,,,,,,,,,
486390,,,,,,,,11.0,,4.0,,,,,,4.0,,,,,,,,1.0,,
486406,,,,,,,,3.0,,2.0,,,,,,,,,,,,,,1.0,,
486415,,,,,,,,30.0,,18.0,,,,,,4.0,2.0,0.0,,,,1.0,,5.0,,
486424,,,,,,,,17.0,,9.0,,,,,,3.0,,1.0,,,,,,3.0,,
486433,,,,,,,,28.0,,12.0,,,,,,1.0,1.0,1.0,1.0,,,,4.0,1.0,,
486442,,,,,,,,6.0,,6.0,,,,,,,,,,,,,,,,
486460,,,,,,,,6.0,,3.0,,,,,,1.0,0.0,,,,,0.0,,1.0,,
486488,,,,,,,,24.0,,10.0,,2.0,,,,4.0,1.0,0.0,1.0,,,,,3.0,,
486497,,,,,,,,7.0,,3.0,,,,,,,1.0,,,,,,,3.0,,
486503,,,,,,,,6.0,,3.0,,,,,,1.0,1.0,,,,,,,1.0,,
486512,,,,,,,,10.0,,3.0,,,,,,2.0,1.0,,,,,1.0,,3.0,,
486521,,,,,,,,3.0,,1.0,,,,,,1.0,,,,,,,,1.0,,
486530,,,,,,,,21.0,,10.0,,,,,,2.0,3.0,,,,,,,1.0,,
486558,,,,,,,,30.0,,12.0,,,,,,3.0,,,,,,,,15.0,,
486567,,,,,,,,17.0,,8.0,,,,,,1.0,,,,,,,3.0,4.0,1.0,
486576,,,,,,,,22.0,,4.0,,,,,,5.0,1.0,,0.0,,,,,6.0,,2.0
486594,,,,,,,,13.0,,5.0,,,,,,2.0,2.0,,,,,,,1.0,,
486619,,,,,,,,8.0,,3.0,,,,,,,1.0,,,,,,,2.0,,
486691,,,,,,,,6.0,,4.0,,,,,,1.0,,,,,,,,1.0,,
486707,,,,,,,,19.0,,11.0,,,,,,3.0,,,,,,,,1.0,,
486716,,,,,,,,12.0,,5.0,,,,,,2.0,,,,,,,,1.0,,
486734,,,,,,,,12.0,,7.0,,,,,,2.0,,,,,,,,,,
486752,,,,,,,,11.0,,4.0,,,,,,3.0,,,,,,,,1.0,,
486770,,,,,,,,14.0,,6.0,,,,,,2.0,2.0,,,,,,2.0,1.0,,
486798,,,,,,,,75.0,,31.0,,,,,,6.0,1.0,,,,,,15.0,14.0,8.0,
486813,,,,,,,,33.0,,18.0,,,,,,2.0,,,,,,,,7.0,,
486822,,,,,,,,32.0,,16.0,,,,,,2.0,,,,,,,,7.0,,
486840,,,,,,,,3609.0,,1372.0,1.0,,,,,597.0,112.0,275.0,84.0,9.0,,304.0,12.0,583.0,78.0,
486859,,,,,,,,9.0,,5.0,,,,,,1.0,1.0,,,,,,1.0,1.0,,
486868,,,,,,,,2.0,,1.0,,,,,,,,,,,,,,1.0,,
486877,,,,,,,,4.0,,1.0,,,,,,1.0,,,,,,,,2.0,,
486901,,,,,,,,239.0,,108.0,,,,,,34.0,9.0,4.0,30.0,2.0,,19.0,1.0,22.0,4.0,
486938,,,,,,,,32.0,,17.0,,,,,,5.0,1.0,1.0,,,,,,2.0,,
486947,,,,,,,,40.0,,22.0,,,,,,6.0,1.0,1.0,,,,,,2.0,,
486956,,,,,,,,54.0,,26.0,,,,,,8.0,,1.0,,,,,,5.0,,
486965,,,,,,,,81.0,,50.0,,2.0,,,,3.0,3.0,,7.0,,,2.0,5.0,1.0,,1.0
486983,,,,,,,,9.0,,5.0,,,,,,1.0,,,,,,,1.0,1.0,0.0,
487010,,,,,,,,4505.0,,1428.0,105.0,,,,,199.0,98.0,329.0,17.0,1417.0,,263.0,,534.0,66.0,18.0
487047,,,,,,,,18.0,,7.0,,,,,,1.0,,,,,,4.0,,1.0,,
487065,,,,,,,,4.0,,3.0,,,,,,,,,,,,,,1.0,,
487083,,,,,,,,10.0,,4.0,,,,,,2.0,2.0,,,,,,1.0,1.0,,
487092,,,,,,,,205.0,,84.0,,,,,,15.0,7.0,16.0,15.0,2.0,,1.0,,26.0,2.0,1.0
487144,,,,,,,,2.0,,1.0,,,,,,0.0,,,,,,,,,,
487153,,,,,,,,3.0,,2.0,,,,,,0.0,,,,,,,,,,
487162,,,,,,,,355.0,,181.0,,4.0,,,,16.0,24.0,5.0,13.0,,,25.0,,49.0,,
487232,,,,,,,,8.0,,4.0,,,,,,3.0,,,,,,,,1.0,,
487296,,,,,,,,83.0,,41.0,3.0,,,,,2.0,11.0,4.0,2.0,,,1.0,,7.0,2.0,
487302,,,,,,,,54.0,,23.0,,,,,,11.0,4.0,,2.0,,,1.0,6.0,4.0,,
487311,,,,,,,,77.0,,47.0,,,,,,10.0,4.0,,,,,1.0,9.0,4.0,,
487320,,,,,,,,1574.0,,570.0,,,,,,163.0,92.0,66.0,129.0,,,134.0,9.0,225.0,69.0,16.0
487348,,,,,,,,11.0,,6.0,,,,,,2.0,1.0,,1.0,,,,,1.0,,
487375,,,,,,,,33.0,,15.0,,,,,,7.0,,1.0,,,,,,11.0,,
487384,,,,,,,,42.0,,15.0,,,,,,7.0,2.0,,,,,,,17.0,,
487393,,,,,,,,45.0,,13.0,,,,,,6.0,3.0,,,,,,,22.0,,
487409,,,,,,,,36.0,,12.0,,,,,,5.0,1.0,,,,,,,18.0,,
487418,,,,,,,,53.0,,18.0,,,,,,9.0,2.0,,,,,,,24.0,,
487427,,,,,,,,36.0,,9.0,,,,,,7.0,3.0,,,,,,,16.0,,
487436,,,,,,,,38.0,,15.0,,,,,,6.0,1.0,,,,,,,15.0,,
487445,,,,,,,,25.0,,12.0,,,,,,3.0,2.0,,,,,,,7.0,,
487454,,,,,,,,30.0,,7.0,,,,,,6.0,2.0,,,,,,,14.0,,
487472,,,,,,,,58.0,,19.0,,,,,,7.0,3.0,,,,,,,29.0,,
487481,,,,,,,,28.0,,9.0,,,,,,5.0,1.0,,,,,,,14.0,,
487490,,,,,,,,37.0,,12.0,,,,,,5.0,1.0,,,,,,,19.0,,
487506,,,,,,,,33.0,,10.0,,,,,,,1.0,,,,,,3.0,18.0,,
487524,,,,,,,,407.0,,130.0,2.0,,,,,63.0,22.0,17.0,39.0,3.0,,83.0,,26.0,,
487533,,,,,,,,14.0,,8.0,,,,,,1.0,1.0,,,,,,,2.0,,
487588,,,,,,,,24.0,,10.0,,,,,,5.0,2.0,,,,,,2.0,4.0,,
487597,,,,,,,,61.0,,26.0,,,,,,6.0,24.0,1.0,,,,,,2.0,2.0,
487603,,,,,,,,57.0,,36.0,,,,,,4.0,,,,,,,6.0,11.0,,
487621,,,,,,,,5.0,,2.0,,,,,,2.0,,,,,,,,1.0,,
487649,,,,,,,,17.0,,6.0,,,,,,6.0,2.0,,1.0,,,,,1.0,,
487658,,,,,,,,9.0,,4.0,,,,,,1.0,,,,,,,2.0,1.0,,
487676,,,,,,,,15.0,,8.0,,,,,,3.0,2.0,,,,,,1.0,,,
487746,,,,,,,,13.0,,7.0,,,,,,3.0,,,,,,2.0,,0.0,,
487773,,,,,,,,7.0,,4.0,,,,,,2.0,,,,,,,,1.0,,
487782,,,,,,,,56.0,,14.0,,,,,,4.0,3.0,1.0,3.0,1.0,,1.0,9.0,6.0,,
487791,,,,,,,,33.0,,15.0,,,,,,7.0,2.0,,,,,,,,,
487807,,,,,,,,5.0,,2.0,,,,,,1.0,1.0,,,,,,,1.0,,
487816,,,,,,,,3.0,,1.0,,,,,,1.0,1.0,,,,,,,,,
487834,,,,,,,,10.0,,6.0,,,,,,2.0,1.0,,,,,,,1.0,,
487843,,,,,,,,11.0,,3.0,,,,,,,,,,,,,,6.0,1.0,
487852,,,,,,,,2.0,,1.0,,,,,,1.0,,,,,,,,0.0,,
487861,,,,,,,,18.0,,6.0,,,,,,3.0,1.0,1.0,,,,,2.0,5.0,,
487870,,,,,,,,4.0,,1.0,,,,,,1.0,,,,,,,,1.0,,
487889,,,,,,,,12.0,,3.0,,,,,,2.0,,,,4.0,,,,3.0,,
487898,,,,,,,,4.0,,2.0,,,,,,1.0,0.0,,,,,,,1.0,,
487904,,,,,,,,8.0,,4.0,,,,,,2.0,1.0,,,,,,,1.0,,
487913,,,,,,,,5.0,,1.0,,,,,,1.0,,,,,,1.0,,1.0,,
487922,,,,,,,,6.0,,4.0,,,,,,1.0,,,,,,,,1.0,,
487959,,,,,,,,3.0,,2.0,,,,,,,1.0,,,,,,,,,
487968,,,,,,,,20.0,,8.0,,,,,,2.0,2.0,,,1.0,,,,1.0,,
487977,,,,,,,,57.0,,7.0,,,,,,6.0,4.0,,,,,,,1.0,,
487995,,,,,,,,25.0,,12.0,,,,,,2.0,2.0,0.0,,3.0,,,1.0,2.0,,
488004,,,,,,,,9.0,,6.0,,,,,,1.0,1.0,,,,,0.0,,1.0,,
488013,,,,,,,,4.0,,2.0,,,,,,1.0,,,,,,0.0,0.0,0.0,,
488022,,,,,,,,9.0,,5.0,,,,,,1.0,1.0,,,,,1.0,,1.0,,
488031,,,,,,,,14.0,,1.0,,,,,,2.0,,3.0,,,,,2.0,2.0,,
488040,,,,,,,,11.0,,1.0,,,,,,2.0,3.0,,1.0,,,,,1.0,,1.0
488059,,,,,,,,3.0,,0.0,,,,,,2.0,,,,,,,,0.0,,
488068,,,,,,,,16.0,,9.0,,,,,,1.0,,,,,,,,6.0,,
488077,,,,,,,,74.0,,31.0,,,,,,13.0,,,,,,,16.0,,,
488086,,,,,,,,11.0,,3.0,,,,,,4.0,1.0,0.0,,,,0.0,,2.0,,
488101,,,,,,,,17.0,,13.0,,,,,,1.0,,,,,,1.0,,2.0,,
488110,,,,,,,,5.0,,2.0,,,,,,,2.0,,,,,,,,,
488129,,,,,,,,3.0,,2.0,,,,,,,1.0,,,,,,,1.0,,
488138,,,,,,,,7.0,,2.0,,,,,,3.0,2.0,,,,,,,1.0,,
488147,,,,,,,,8.0,,3.0,,,,,,1.0,1.0,,,1.0,,,,0.0,,
488156,,,,,,,,5.0,,1.0,,,,,,2.0,,,,,,,,1.0,,
488165,,,,,,,,9.0,,3.0,,,,,,3.0,,,,,,3.0,,,,
488174,,,,,,,,4.0,,3.0,,,,,,,,,,,,,,,,
488183,,,,,,,,3.0,,2.0,,,,,,,,,,,,,,,,
488192,,,,,,,,7.0,,3.0,,,,,,,2.0,,,,,,,,,
488217,,,,,,,,9.0,,4.0,,,,,,2.0,1.0,,,1.0,,,,0.0,,
488226,,,,,,,,3.0,,2.0,,,,,,1.0,,,,,,,,,,
488235,,,,,,,,5.0,,3.0,,,,,,1.0,,,,,,,,,,
488253,,,,,,,,9.0,,3.0,,,,,,3.0,,,,,,,,1.0,,
488262,,,,,,,,4.0,,2.0,,,,,,2.0,,,,,,,,0.0,,
488271,,,,,,,,13.0,,5.0,,,,,,2.0,1.0,,,,,,,2.0,,
488280,,,,,,,,6.0,,2.0,,,,,,2.0,,,,,,,,,,
488299,,,,,,,,12.0,,4.0,,,,,,2.0,2.0,,,,,,,2.0,,
488305,,,,,,,,32.0,,7.0,,,,,,9.0,1.0,0.0,,,,5.0,,6.0,,
488314,,,,,,,,2.0,,2.0,,,,,,0.0,,,,,,,,,,
488332,,,,,,,,16.0,,9.0,,,,,,,0.0,,,,,,,7.0,,
488341,,,,,,,,11.0,,6.0,,,,,,1.0,0.0,1.0,,,,,1.0,1.0,,
488350,,,,,,,,6.0,,4.0,,,,,,1.0,0.0,,,,,,,0.0,,
488369,,,,,,,,4.0,,2.0,,,,,,2.0,,,,,,,,,,
488378,,,,,,,,3.0,,1.0,,,,,,,1.0,,,,,,,,,
488387,,,,,,,,33.0,,9.0,,,,,,10.0,1.0,1.0,2.0,,,,,5.0,,
488396,,,,,,,,3.0,,2.0,,,,,,,,,,,,,,1.0,,
488411,,,,,,,,9.0,,4.0,,,,,,2.0,,,,,,,,3.0,,
488420,,,,,,,,12.0,,3.0,,,,,,4.0,1.0,,,,,,,,,
488439,,,,,,,,27.0,,6.0,,,,,,5.0,1.0,,,,,,,7.0,,
488448,,,,,,,,17.0,,10.0,,,,,,2.0,1.0,,,,,,,2.0,,
488527,,,,,,,,86.0,,30.0,,,,,,7.0,4.0,4.0,2.0,8.0,,9.0,,7.0,2.0,
488554,,,,,,,,82.0,,23.0,,,,,,16.0,5.0,3.0,,,,,,17.0,,
488572,,,,,,,,64.0,,19.0,,,,,,14.0,,2.0,1.0,,,,,22.0,,
488590,,,,,,,,1.0,,1.0,,,,,,,,,,,,,,,,
488730,,,,,,,,227.0,,98.0,,,,,,9.0,7.0,14.0,5.0,,,16.0,,19.0,4.0,1.0
488749,,,,,,,,20.0,,12.0,,,,,,1.0,1.0,,,,,1.0,4.0,,1.0,
488776,,,,,,,,8.0,,1.0,,,,,,3.0,1.0,,,1.0,,,,1.0,,
488785,,,,,,,,20.0,,13.0,,,,,,1.0,1.0,,,,,,,1.0,,
488819,,,,,,,,27.0,,24.0,,,,,,1.0,,,,,,,,1.0,,
488828,,,,,,,,2.0,,1.0,,,,,,,1.0,,,,,,,,,
488837,,,,,,,,19.0,,11.0,,,,,,1.0,2.0,,,,,,,5.0,,
488846,,,,,,,,119.0,,117.0,,,,,,,,,,,,,,0.0,,
488891,,,,,,,,66.0,,30.0,,,,,,5.0,2.0,1.0,,,,9.0,,13.0,,
488907,,,,,,,,14.0,,3.0,1.0,,,,,1.0,1.0,0.0,,,,,,,,
488916,,,,,,,,2.0,,1.0,,,,,,1.0,,,,,,,,,,
488925,,,,,,,,13.0,,6.0,,,,,,1.0,1.0,,,,,,,2.0,,
488934,,,,,,,,759.0,,280.0,,,,,,46.0,23.0,26.0,9.0,,,55.0,,124.0,13.0,35.0
488952,,,,,,,,13.0,,6.0,,,,,,3.0,,,,,,,,1.0,,
488961,,,,,,,,12.0,,6.0,,,,,,3.0,,,,,,,,0.0,,
488970,,,,,,,,10.0,,3.0,,,,,,3.0,,,,,,,,0.0,,
488989,,,,,,,,16.0,,8.0,,,,,,1.0,,,,,,,3.0,3.0,1.0,
488998,,,,,,,,11.0,,7.0,,,,,,,,,,,,,2.0,2.0,0.0,
489043,,,,,,,,2.0,,2.0,,,,,,,,,,,,,,,,
489104,,,,,,,,11.0,,11.0,,,,,,,,,,,,,,,,
489122,,,,,,,,8.0,,3.0,,,,,,1.0,2.0,,,,,,,2.0,,
489131,,,,,,,,8.0,,3.0,,,,,,1.0,2.0,,1.0,,,,,,,
489140,,,,,,,,7.0,,2.0,,,,,,1.0,2.0,,1.0,,,,,,,
489159,,,,,,,,14.0,,9.0,,,,,,1.0,,,,,,,1.0,2.0,,
489201,,,,,,,,227.0,,152.0,,,,,,15.0,8.0,,7.0,,,8.0,,35.0,,
489238,,,,,,,,13.0,,6.0,,,,,,1.0,1.0,,2.0,,,,1.0,2.0,,
489247,,,,,,,,10.0,,7.0,,,,,,1.0,1.0,,,,,,,1.0,,
489256,,,,,,,,27.0,,15.0,,,,,,4.0,1.0,1.0,,,,1.0,,4.0,,
489283,,,,,,,,34.0,,18.0,,,,,,5.0,,,,,,,,1.0,,
489344,,,,,,,,25.0,,10.0,,,,,,7.0,1.0,1.0,,,,,,1.0,,
489353,,,,,,,,24.0,,11.0,,,,,,6.0,1.0,1.0,,,,,,2.0,,
489371,,,,,,,,15.0,,8.0,,,,,,1.0,1.0,,,,,,3.0,2.0,,
489399,,,,,,,,8.0,,3.0,,,,,,2.0,,,,,,,,1.0,,
489414,,,,,,,,20.0,,4.0,,,,,,3.0,2.0,,2.0,,,,3.0,3.0,1.0,1.0
489760,,,,,,,,9.0,,6.0,,,,,,1.0,,,,,,,,2.0,,
489779,,,,,,,,18.0,,1.0,,,,,,3.0,1.0,1.0,6.0,,,,,1.0,,
489788,,,,,,,,13.0,,1.0,,,,,,2.0,1.0,,4.0,,,,,2.0,,
489812,,,,,,,,3.0,,2.0,,,,,,,,,,,,,,1.0,,
489821,,,,,,,,16.0,,5.0,,,,,,2.0,2.0,,,,,1.0,,6.0,,
489830,,,,,,,,4.0,,3.0,,,,,,1.0,,,,,,,,,,
489858,,,,,,,,77.0,,38.0,,,,,,18.0,2.0,1.0,1.0,,,,,11.0,1.0,
489900,,,,,,,,5.0,,1.0,,,,,,1.0,,,,,,0.0,,2.0,,
489937,,,,,,,,86.0,,40.0,,,,,,8.0,5.0,3.0,7.0,,,3.0,2.0,14.0,,
490018,,,,,,,,2.0,,1.0,,,,,,1.0,,,,,,,,,,
490045,,,,,,,,23.0,,13.0,,,,,,1.0,,1.0,,,,1.0,,4.0,,
490054,,,,,,,,174.0,,139.0,,,,,,12.0,5.0,,,,,,,16.0,,
490063,,,,,,,,22.0,,5.0,,,,,,7.0,,1.0,,,,,,9.0,,
490072,,,,,,,,35.0,,16.0,,,,,,3.0,4.0,,,,,,3.0,2.0,3.0,
490081,,,,,,,,17.0,,10.0,,,,,,1.0,2.0,1.0,,,,,,1.0,,
490090,,,,,,,,21.0,,13.0,,,,,,,,,,3.0,,2.0,,,1.0,2.0
490106,,,,,,,,21.0,,11.0,,,,,,4.0,1.0,,,1.0,,,,3.0,,
490115,,,,,,,,7.0,,4.0,,,,,,1.0,2.0,,0.0,,,,,,,
490124,,,,,,,,7.0,,1.0,,,,,,1.0,,,,,,,,0.0,,
490133,,,,,,,,82.0,,41.0,4.0,,,,,4.0,2.0,2.0,2.0,,,7.0,9.0,3.0,,
490142,,,,,,,,5.0,,,,,,,,,,,,,,,,,,
490151,,,,,,,,7.0,,3.0,,,,,,,2.0,,,,,,,2.0,,
490160,,,,,,,,8.0,,3.0,,,,,,4.0,,,,,,,,1.0,,
490179,,,,,,,,20.0,,8.0,,,,,,,4.0,,,,,,2.0,3.0,,
490188,,,,,,,,3.0,,2.0,,,,,,,,,,,,,,,,
490197,,,,,,,,5.0,,1.0,,,,,,2.0,1.0,,,,,,,1.0,,
490203,,,,,,,,22.0,,12.0,,,,,,2.0,1.0,,2.0,,,,,0.0,,
490212,,,,,,,,55.0,,4.0,,,,,,6.0,2.0,1.0,1.0,,,,,13.0,1.0,
490221,,,,,,,,5.0,,3.0,,,,,,,2.0,,,,,,,,,
490230,,,,,,,,16.0,,10.0,,,,,,5.0,,0.0,,,,,,,,
490249,,,,,,,,11.0,,5.0,,,,,,2.0,1.0,,,,,,1.0,1.0,,
490258,,,,,,,,5.0,,2.0,,,,,,,1.0,,,,,,,,,
490267,,,,,,,,3.0,,3.0,,,,,,,,,,,,,,,,
490276,,,,,,,,22.0,,13.0,,,,,,,,,,,,3.0,,3.0,,
490285,,,,,,,,56.0,,24.0,,,,,,6.0,2.0,4.0,,,,,,,,
490294,,,,,,,,9.0,,6.0,,,,,,1.0,1.0,,,,,,,1.0,,
490300,,,,,,,,7.0,,5.0,,,,,,2.0,,,,,,,,,,
490319,,,,,,,,5.0,,4.0,,,,,,0.0,1.0,,,,,,,,,
490328,,,,,,,,8.0,,5.0,,,,,,0.0,1.0,,,,,1.0,,,,
490337,,,,,,,,9.0,,5.0,,,,,,,1.0,,,,,,,3.0,,
490346,,,,,,,,15.0,,6.0,,,,,,,2.0,0.0,,,,,,1.0,2.0,
490355,,,,,,,,9.0,,3.0,,,,,,,1.0,,,,,,1.0,,,
490364,,,,,,,,1.0,,1.0,,,,,,,,,,,,,,,,
490373,,,,,,,,684.0,,111.0,44.0,,,,,44.0,26.0,47.0,8.0,281.0,,35.0,,62.0,,
490382,,,,,,,,12.0,,5.0,,,,,,2.0,2.0,,,,,,1.0,2.0,,
490391,,,,,,,,3.0,,1.0,,,,,,,,,,,,,,,,
490407,,,,,,,,2.0,,,,,,,,,1.0,,,,,,,1.0,,
490416,,,,,,,,6.0,,3.0,,,,,,1.0,2.0,,,,,,,,,
490425,,,,,,,,11.0,,7.0,,,,,,3.0,,,,,,,,1.0,,
490434,,,,,,,,4.0,,1.0,,,,,,1.0,2.0,,,,,,,,,
490443,,,,,,,,9.0,,5.0,,,,,,1.0,1.0,,,,,,,1.0,,
490452,,,,,,,,9.0,,2.0,,,,,,2.0,1.0,,,,,,,4.0,,
490461,,,,,,,,4.0,,1.0,,,,,,2.0,,,,,,,,0.0,,
490470,,,,,,,,0.0,,0.0,,,,,,,,,,,,,,,,
490498,,,,,,,,8.0,,2.0,,,,,,1.0,,1.0,2.0,,,,,,,
490504,,,,,,,,10.0,,8.0,,,,,,2.0,,,,,,1.0,,,,
490513,,,,,,,,13.0,,10.0,,,,,,1.0,0.0,,,,,1.0,1.0,,,
490522,,,,,,,,3.0,,2.0,,,,,,,,,,,,,,1.0,,
490531,,,,,,,,2.0,,,,,,,,2.0,,,,,,,,,,
490559,,,,,,,,59.0,,32.0,,,,,,9.0,,,,,,,,7.0,,
490568,,,,,,,,9.0,,6.0,,,,,,1.0,,,,,,,1.0,2.0,,
490601,,,,,,,,64.0,,19.0,,,,,,1.0,3.0,2.0,2.0,1.0,,13.0,0.0,14.0,2.0,
490674,,,,,,,,3.0,,1.0,,,,,,,1.0,,,,,,,1.0,,
490692,,,,,,,,3.0,,1.0,,,,,,2.0,,,,,,,,,,
490717,,,,,,,,12.0,,6.0,,,,,,1.0,1.0,,,,,,1.0,2.0,,
490735,,,,,,,,6.0,,2.0,,,,,,1.0,1.0,,,,,,1.0,,,
490771,,,,,,,,11.0,,1.0,,,,,,2.0,1.0,,4.0,,,,,,,
490805,,,,,,,,1098.0,,416.0,2.0,42.0,,,,31.0,179.0,63.0,23.0,10.0,,137.0,,163.0,16.0,1.0
490814,,,,,,,,10.0,,4.0,,,,,,2.0,,,,,,,,1.0,,
490832,,,,,,,,31.0,,21.0,,,,,,4.0,,,,,,,,1.0,,
490841,,,,,,,,13.0,,7.0,,,,,,2.0,,,,,,,,1.0,,
490850,,,,,,,,2.0,,1.0,,,,,,,,,,,,,,1.0,,
490869,,,,,,,,13.0,,6.0,,,,,,3.0,,,,,,,3.0,1.0,,
490878,,,,,,,,36.0,,15.0,,,,,,8.0,,,,,,,,2.0,,
490948,,,,,,,,2.0,,1.0,,,,,,,,,,,,,,1.0,,
490975,,,,,,,,29.0,,12.0,,,,,,6.0,2.0,,1.0,,,,2.0,3.0,,
491057,,,,,,,,14.0,,7.0,,,,,,2.0,1.0,,,,,3.0,,1.0,,
491084,,,,,,,,15.0,,7.0,,,,,,2.0,,,,,,6.0,,,,
491093,,,,,,,,6.0,,4.0,,,,,,2.0,,,,,,,,,,
491109,,,,,,,,5.0,,0.0,,,,,,2.0,,,,,,,,,,
491118,,,,,,,,34.0,,20.0,,,,,,4.0,,1.0,,,,,,1.0,,
491136,,,,,,,,6.0,,3.0,,,,,,1.0,,,,,,,,0.0,,
491145,,,,,,,,6.0,,4.0,,,,,,1.0,,,,,,,,0.0,,
491163,,,,,,,,8.0,,2.0,,,,,,1.0,1.0,,,,,,,1.0,,
491181,,,,,,,,7.0,,3.0,,,,,,1.0,2.0,,,,,,,1.0,,
491190,,,,,,,,3.0,,,,,,,,2.0,,,,,,,,1.0,,
491224,,,,,,,,6.0,,3.0,,,,,,1.0,1.0,,,,,,,0.0,,
491233,,,,,,,,2.0,,2.0,,,,,,,0.0,,,,,,,,,
491242,,,,,,,,7.0,,5.0,,,,,,1.0,0.0,,,,,1.0,,,,
491394,,,,,,,,3.0,,2.0,,,,,,1.0,,,,,,,,,,
