UNITID,SALTOTL,SALPROF,SALASSC,SALASST,SALINST,SALLECT,SALNRNK,SFTETOTL,SFTEPSTC,SFTEINST,SFTERSRC,SFTEPBSV,SFTELCAI,SFTELCA,SFTEOTIS,SFTEMNGM,SFTEBFO,SFTECES,SFTECLAM,SFTEHLTH,SFTEOTHR,SFTESRVC,SFTESALE,SFTEOFAS,SFTENRCM,SFTEPTMM
100654,,,,,,,,846.0,,288.0,4.0,,,,,70.0,41.0,37.0,116.0,2.0,,56.0,2.0,181.0,11.0,17.0
100663,,,,,,,,8460.0,,2350.0,,,,,,372.0,1056.0,1492.0,299.0,422.0,,695.0,,1192.0,324.0,75.0
100690,,,,,,,,67.0,,32.0,,,,,,3.0,5.0,5.0,,,,1.0,,2.0,,
100706,,,,,,,,1369.0,,389.0,,,,,,97.0,78.0,406.0,75.0,3.0,,100.0,,179.0,21.0,1.0
100724,,,,,,,,895.0,,300.0,6.0,,,,,64.0,37.0,31.0,86.0,2.0,,120.0,10.0,129.0,34.0,8.0
100733,,,,,,,,90.0,,,,,,,,15.0,22.0,5.0,18.0,,,3.0,,27.0,,
100751,,,,,,,,5960.0,,1547.0,,,,,,532.0,485.0,447.0,531.0,225.0,,730.0,31.0,873.0,221.0,126.0
100760,,,,,,,,169.0,,84.0,,,,,,16.0,8.0,2.0,1.0,,,22.0,,30.0,,
100812,,,,,,,,275.0,,116.0,,,,,,27.0,5.0,12.0,7.0,,,16.0,,52.0,8.0,2.0
100830,,,,,,,,642.0,,265.0,,,,,,109.0,19.0,41.0,19.0,4.0,,35.0,2.0,108.0,,3.0
100858,,,,,,,,5500.0,,1325.0,18.0,248.0,,,,476.0,418.0,591.0,594.0,30.0,,437.0,3.0,810.0,372.0,58.0
100937,,,,,,,,325.0,,110.0,,,,,,34.0,10.0,10.0,56.0,5.0,,18.0,2.0,41.0,10.0,2.0
101028,,,,,,,,130.0,,66.0,,,,,,14.0,1.0,2.0,3.0,,,9.0,1.0,22.0,2.0,1.0
101073,,,,,,,,109.0,,34.0,,,,,,7.0,5.0,,,,,16.0,19.0,7.0,,
101116,,,,,,,,67.0,,30.0,,,,,,15.0,,,,,,,,5.0,2.0,
101143,,,,,,,,155.0,,74.0,,,,,,1.0,6.0,4.0,2.0,,,13.0,2.0,33.0,,2.0
101161,,,,,,,,218.0,,133.0,,,,,,,,,,,,,,,,
101189,,,,,,,,364.0,,176.0,,,,,,29.0,6.0,1.0,58.0,0.0,,12.0,0.0,41.0,,1.0
101240,,,,,,,,461.0,,197.0,,,,,,36.0,10.0,17.0,23.0,1.0,,29.0,,97.0,14.0,
101277,,,,,,,,8.0,,5.0,,,,,,1.0,1.0,,,,,,,1.0,,
101286,,,,,,,,331.0,,161.0,,,,,,23.0,7.0,11.0,7.0,0.0,,8.0,,46.0,8.0,6.0
101295,,,,,,,,390.0,,198.0,,,,,,29.0,6.0,6.0,7.0,,,22.0,,69.0,19.0,
101301,,,,,,,,178.0,,76.0,,,,,,17.0,6.0,3.0,14.0,,,15.0,,29.0,,1.0
101365,,,,,,,,37.0,,18.0,,,,,,2.0,,,,,,2.0,,4.0,,
101435,,,,,,,,216.0,,65.0,,,,,,26.0,13.0,4.0,48.0,1.0,,27.0,,11.0,6.0,
101453,,,,,,,,28.0,,4.0,,,,,,9.0,6.0,1.0,,,,1.0,,4.0,1.0,
101462,,,,,,,,98.0,,46.0,,,,,,5.0,6.0,4.0,,,,3.0,,15.0,,
101471,,,,,,,,120.0,,39.0,,,,,,9.0,9.0,2.0,3.0,,,3.0,,17.0,0.0,1.0
101480,,,,,,,,961.0,,368.0,,,,,,105.0,14.0,46.0,102.0,1.0,,126.0,,130.0,37.0,6.0
101499,,,,,,,,96.0,,46.0,,,,,,11.0,2.0,3.0,0.0,,,7.0,,13.0,,
101505,,,,,,,,496.0,,250.0,,,,,,9.0,14.0,6.0,11.0,,,42.0,1.0,102.0,6.0,
101514,,,,,,,,521.0,,254.0,,,,,,38.0,6.0,27.0,28.0,,,28.0,,98.0,10.0,
101541,,,,,,,,108.0,,41.0,,2.0,,,,6.0,3.0,3.0,2.0,4.0,,15.0,1.0,11.0,4.0,
101569,,,,,,,,292.0,,126.0,,,,,,27.0,7.0,5.0,12.0,0.0,,24.0,5.0,62.0,3.0,1.0
101587,,,,,,,,489.0,,161.0,2.0,4.0,,,,38.0,31.0,14.0,54.0,,,58.0,,85.0,22.0,4.0
101602,,,,,,,,152.0,,73.0,,,,,,11.0,11.0,4.0,12.0,,,7.0,,26.0,1.0,0.0
101648,,,,,,,,116.0,,22.0,,,,,,13.0,6.0,1.0,6.0,1.0,,20.0,2.0,16.0,4.0,3.0
101675,,,,,,,,271.0,,91.0,,,,,,21.0,8.0,5.0,32.0,3.0,,55.0,,48.0,,
101693,,,,,,,,226.0,,99.0,,,,,,24.0,12.0,6.0,38.0,1.0,,8.0,,33.0,,
101709,,,,,,,,518.0,,172.0,,,,,,51.0,15.0,10.0,81.0,6.0,,60.0,,68.0,28.0,0.0
101736,,,,,,,,290.0,,104.0,,,,,,28.0,5.0,6.0,15.0,,,24.0,,49.0,,
101879,,,,,,,,725.0,,284.0,,,,,,53.0,30.0,24.0,43.0,9.0,,89.0,,97.0,26.0,6.0
101897,,,,,,,,197.0,,91.0,,,,,,7.0,2.0,3.0,12.0,,,10.0,4.0,32.0,4.0,
101912,,,,,,,,352.0,,117.0,2.0,1.0,,,,44.0,27.0,29.0,13.0,4.0,,33.0,0.0,48.0,15.0,2.0
101949,,,,,,,,135.0,,50.0,,,,,,11.0,1.0,2.0,1.0,,,6.0,,25.0,,
101958,,,,,,,,4.0,,1.0,,,,,,,,0.0,,,,,,3.0,,
101994,,,,,,,,53.0,,25.0,,,,,,4.0,2.0,2.0,2.0,,,4.0,,5.0,,
102030,,,,,,,,242.0,,103.0,,,,,,15.0,,3.0,6.0,,,23.0,,57.0,,0.0
102049,,,,,,,,1079.0,,412.0,,,,,,115.0,53.0,46.0,132.0,27.0,,31.0,6.0,202.0,17.0,2.0
102058,,,,,,,,66.0,,18.0,,1.0,,,,,4.0,2.0,7.0,8.0,,2.0,,7.0,6.0,
102067,,,,,,,,342.0,,131.0,,,,,,54.0,1.0,13.0,3.0,,,7.0,,96.0,20.0,
102076,,,,,,,,156.0,,78.0,,,,,,18.0,2.0,3.0,9.0,,,12.0,,32.0,,
102094,,,,,,,,2797.0,,922.0,,,,,,183.0,153.0,129.0,90.0,207.0,,247.0,8.0,517.0,106.0,10.0
102234,,,,,,,,323.0,,102.0,,1.0,,,,41.0,10.0,9.0,40.0,1.0,,45.0,2.0,37.0,18.0,2.0
102261,,,,,,,,33.0,,14.0,,,,,,3.0,1.0,,,,,,,1.0,2.0,
102270,,,,,,,,136.0,,47.0,,,,,,10.0,9.0,2.0,22.0,1.0,,28.0,,10.0,,
102298,,,,,,,,148.0,,51.0,,,,,,35.0,2.0,2.0,12.0,1.0,,19.0,1.0,14.0,8.0,2.0
102313,,,,,,,,147.0,,68.0,,,,,,15.0,7.0,3.0,,,,5.0,,25.0,,
102368,,,,,,,,2032.0,,764.0,,,,,,239.0,65.0,70.0,204.0,7.0,,60.0,46.0,333.0,3.0,7.0
102377,,,,,,,,625.0,,263.0,21.0,4.0,,,,18.0,42.0,11.0,56.0,2.0,,29.0,1.0,72.0,8.0,
102395,,,,,,,,47.0,,12.0,,,,,,8.0,1.0,4.0,4.0,,,,,5.0,1.0,1.0
102429,,,,,,,,426.0,,198.0,,,,,,37.0,17.0,7.0,24.0,,,43.0,,57.0,,
102553,,,,,,,,1841.0,,898.0,89.0,88.0,,,,120.0,19.0,74.0,68.0,5.0,,30.0,14.0,293.0,72.0,5.0
102580,,,,,,,,12.0,,4.0,,,,,,2.0,0.0,,,,,1.0,,,1.0,
102614,,,,,,,,2089.0,,608.0,551.0,142.0,,,,169.0,57.0,60.0,74.0,8.0,,31.0,,227.0,98.0,17.0
102632,,,,,,,,342.0,,156.0,6.0,2.0,,,,47.0,10.0,16.0,7.0,1.0,,21.0,,56.0,12.0,
102669,,,,,,,,121.0,,46.0,3.0,2.0,,,,12.0,6.0,7.0,9.0,,,4.0,2.0,9.0,,
102711,,,,,,,,69.0,,30.0,,,,,,1.0,,3.0,3.0,,,15.0,,11.0,5.0,
102845,,,,,,,,201.0,,137.0,,,,,,20.0,1.0,3.0,,,,3.0,,33.0,,
103501,,,,,,,,44.0,,15.0,,,,,,6.0,2.0,2.0,,,,,,18.0,,1.0
103529,,,,,,,,174.0,,,,,,,,50.0,35.0,42.0,5.0,,,,1.0,41.0,,
103741,,,,,,,,7.0,,4.0,,,,,,1.0,,,,,,,,1.0,,
103778,,,,,,,,129.0,,23.0,,,,,,56.0,14.0,9.0,5.0,,,,,17.0,,
103811,,,,,,,,77.0,,34.0,,,,,,7.0,7.0,,,,,,24.0,4.0,,
103893,,,,,,,,37.0,,13.0,,,,,,8.0,,4.0,,,,,,1.0,,
103909,,,,,,,,48.0,,14.0,,,,,,16.0,,1.0,,,,1.0,,3.0,,
103927,,,,,,,,25.0,,8.0,,,,,,9.0,,,,,,,,2.0,,
103945,,,,,,,,20.0,,6.0,,,,,,1.0,3.0,1.0,,,,,4.0,0.0,,
103954,,,,,,,,6.0,,3.0,,,,,,2.0,,,,,,,,1.0,,
103963,,,,,,,,70.0,,31.0,,,,,,7.0,5.0,,,,,5.0,8.0,8.0,,
104090,,,,,,,,123.0,,73.0,,,,,,,10.0,1.0,,,,,13.0,4.0,1.0,
104151,,,,,,,,7694.0,,1987.0,127.0,,,,,1123.0,952.0,1238.0,682.0,54.0,,209.0,20.0,808.0,183.0,56.0
104160,,,,,,,,697.0,,236.0,3.0,7.0,,,,47.0,11.0,27.0,67.0,1.0,,66.0,,135.0,17.0,4.0
104179,,,,,,,,10877.0,,2142.0,743.0,91.0,,,,206.0,1550.0,1531.0,600.0,156.0,,930.0,51.0,1325.0,328.0,127.0
104188,,,,,,,,22.0,,11.0,,,,,,4.0,1.0,1.0,,,,,,2.0,1.0,
104346,,,,,,,,535.0,,195.0,,,,,,50.0,12.0,44.0,22.0,13.0,,46.0,,75.0,,
104364,,,,,,,,23.0,,15.0,,,,,,3.0,,,,,,,,1.0,,
104391,,,,,,,,14.0,,6.0,,,,,,2.0,2.0,,,,,,,2.0,,
104425,,,,,,,,468.0,,173.0,,,,,,62.0,16.0,20.0,37.0,3.0,,30.0,,65.0,21.0,
104434,,,,,,,,4.0,,3.0,,,,,,1.0,,,,,,,,,,
104443,,,,,,,,6.0,,4.0,,,,,,1.0,,,,,,,,,,
104504,,,,,,,,11.0,,4.0,,,,,,1.0,2.0,,,,,,2.0,1.0,,
104568,,,,,,,,26.0,,16.0,,,,,,3.0,1.0,,,,,,3.0,3.0,0.0,
104577,,,,,,,,408.0,,178.0,,,,,,18.0,13.0,11.0,18.0,1.0,,49.0,,83.0,,
104586,,,,,,,,363.0,,127.0,,,,,,41.0,19.0,4.0,15.0,1.0,,12.0,,32.0,10.0,45.0
104665,,,,,,,,12.0,,4.0,,,,,,4.0,,,,,,,,3.0,,
104708,,,,,,,,918.0,,487.0,,,,,,37.0,14.0,25.0,43.0,3.0,,49.0,,220.0,15.0,1.0
104717,,,,,,,,5360.0,,1819.0,,,,,,450.0,240.0,168.0,1421.0,27.0,,331.0,3.0,179.0,127.0,4.0
104911,,,,,,,,23.0,,7.0,,,,,,2.0,5.0,,0.0,,,2.0,2.0,2.0,,
105136,,,,,,,,446.0,,,,,,,,100.0,104.0,64.0,16.0,,,7.0,,133.0,9.0,
105145,,,,,,,,415.0,,189.0,,,,,,29.0,11.0,12.0,36.0,1.0,,11.0,,95.0,4.0,
105154,,,,,,,,1019.0,,522.0,,,,,,41.0,27.0,28.0,72.0,5.0,,33.0,,236.0,19.0,
105206,,,,,,,,335.0,,150.0,,,,,,38.0,9.0,15.0,3.0,,,23.0,,77.0,,1.0
105215,,,,,,,,115.0,,58.0,,,,,,12.0,36.0,1.0,,,,,,4.0,4.0,
105297,,,,,,,,281.0,,86.0,,29.0,,,,6.0,11.0,14.0,7.0,,,,,49.0,34.0,
105330,,,,,,,,3279.0,,1271.0,13.0,,,,,115.0,470.0,353.0,215.0,26.0,,196.0,,239.0,94.0,28.0
105349,,,,,,,,285.0,,102.0,,,,,,18.0,20.0,19.0,13.0,,,12.0,2.0,38.0,11.0,1.0
105367,,,,,,,,43.0,,19.0,,,,,,5.0,3.0,1.0,,,,,7.0,1.0,,
105428,,,,,,,,615.0,,329.0,,,,,,26.0,11.0,11.0,49.0,8.0,,21.0,,123.0,11.0,
105482,,,,,,,,15.0,,6.0,,,,,,2.0,1.0,,,,,,1.0,2.0,,
105525,,,,,,,,1818.0,,549.0,,,,,,91.0,105.0,145.0,61.0,1.0,,132.0,,117.0,,23.0
105534,,,,,,,,100.0,,51.0,,,,,,5.0,,,,,,,,31.0,,
105543,,,,,,,,69.0,,43.0,,,,,,3.0,,,,,,,,19.0,,
105589,,,,,,,,152.0,,79.0,,,,,,20.0,3.0,3.0,2.0,,,9.0,11.0,17.0,1.0,
105659,,,,,,,,41.0,,21.0,,,,,,6.0,,,,,,,5.0,9.0,,
105668,,,,,,,,853.0,,261.0,,,,,,63.0,21.0,31.0,94.0,4.0,,15.0,,245.0,11.0,3.0
105677,,,,,,,,10.0,,8.0,,,,,,,,,,,,,,,,
105701,,,,,,,,15.0,,3.0,,,,,,3.0,,,,3.0,,3.0,,,,
105747,,,,,,,,525.0,,273.0,,,,,,22.0,10.0,18.0,38.0,1.0,,27.0,,113.0,7.0,
105792,,,,,,,,276.0,,122.0,,,,,,19.0,7.0,11.0,20.0,1.0,,19.0,,61.0,4.0,
105899,,,,,,,,126.0,,39.0,,,,,,16.0,6.0,2.0,34.0,3.0,,8.0,,9.0,1.0,
105987,,,,,,,,15.0,,9.0,,,,,,3.0,1.0,,,,,,,1.0,,
106041,,,,,,,,147.0,,68.0,,,,,,16.0,54.0,1.0,,,,,,4.0,4.0,
106102,,,,,,,,144.0,,75.0,,,,,,18.0,5.0,10.0,15.0,,,,,17.0,,
106111,,,,,,,,6.0,,5.0,,,,,,,,,,,,,,,,
106148,,,,,,,,443.0,,127.0,,,,,,58.0,19.0,23.0,29.0,7.0,,40.0,,62.0,18.0,1.0
106245,,,,,,,,1504.0,,528.0,,,,,,127.0,52.0,116.0,130.0,4.0,,113.0,4.0,251.0,40.0,7.0
106263,,,,,,,,4880.0,,208.0,246.0,14.0,,,,1010.0,333.0,253.0,214.0,453.0,,376.0,,379.0,101.0,8.0
106306,,,,,,,,146.0,,37.0,,,,,,13.0,3.0,,16.0,,,27.0,,9.0,4.0,2.0
106315,,,,,,,,7.0,,3.0,,,,,,2.0,1.0,,,,,,,,,
106324,,,,,,,,4.0,,2.0,,,,,,1.0,,,,,,,,1.0,,
106342,,,,,,,,151.0,,46.0,1.0,,,,,26.0,8.0,1.0,24.0,4.0,,7.0,,18.0,,
106351,,,,,,,,13.0,,2.0,,,,,,7.0,,,,,,,,4.0,,
106360,,,,,,,,5.0,,3.0,,,,,,1.0,,,,,,,,1.0,,
106397,,,,,,,,5127.0,,1249.0,16.0,65.0,,,,529.0,299.0,690.0,268.0,47.0,,315.0,20.0,816.0,264.0,49.0
106412,,,,,,,,632.0,,176.0,14.0,32.0,,,,38.0,29.0,38.0,48.0,2.0,,64.0,1.0,123.0,20.0,4.0
106449,,,,,,,,353.0,,158.0,,,,,,33.0,19.0,12.0,18.0,,,12.0,1.0,48.0,16.0,1.0
106458,,,,,,,,1598.0,,555.0,17.0,,,,,210.0,241.0,65.0,65.0,10.0,,98.0,1.0,151.0,102.0,5.0
106467,,,,,,,,1015.0,,451.0,,,,,,60.0,44.0,43.0,65.0,6.0,,114.0,3.0,154.0,28.0,
106485,,,,,,,,418.0,,177.0,,,,,,28.0,24.0,14.0,27.0,1.0,,33.0,,74.0,24.0,4.0
106494,,,,,,,,10.0,,3.0,,,,,,5.0,,,,,,,,1.0,,
106546,,,,,,,,90.0,,60.0,,,,,,8.0,,2.0,1.0,,,3.0,1.0,14.0,0.0,
106625,,,,,,,,197.0,,82.0,,,,,,6.0,6.0,7.0,18.0,,,28.0,,33.0,,
106704,,,,,,,,1529.0,,605.0,,,,,,133.0,41.0,58.0,105.0,10.0,,154.0,,194.0,93.0,18.0
106713,,,,,,,,129.0,,51.0,,,,,,16.0,4.0,2.0,11.0,,,15.0,,13.0,,1.0
106795,,,,,,,,160.0,,51.0,,2.0,,,,20.0,7.0,3.0,3.0,,,,,51.0,21.0,
106810,,,,,,,,38.0,,19.0,,,,,,4.0,,,,,,8.0,,3.0,2.0,
106829,,,,,,,,54.0,,30.0,,,,,,2.0,2.0,2.0,,,,5.0,,4.0,,3.0
106883,,,,,,,,142.0,,50.0,,,,,,17.0,6.0,4.0,11.0,,,14.0,2.0,18.0,,
106892,,,,,,,,13.0,,7.0,,,,,,1.0,1.0,,,,,,1.0,3.0,,
106908,,,,,,,,46.0,,19.0,,,,,,7.0,4.0,,,,,0.0,7.0,8.0,,
106980,,,,,,,,239.0,,119.0,,,,,,21.0,22.0,18.0,22.0,,,16.0,2.0,12.0,,
106999,,,,,,,,125.0,,51.0,1.0,,,,,25.0,4.0,5.0,2.0,,,5.0,1.0,22.0,1.0,
107044,,,,,,,,950.0,,362.0,,,,,,49.0,58.0,28.0,44.0,14.0,,55.0,1.0,167.0,38.0,10.0
107071,,,,,,,,450.0,,201.0,,7.0,,,,43.0,12.0,11.0,65.0,5.0,,12.0,,89.0,,
107080,,,,,,,,417.0,,121.0,,,,,,36.0,23.0,14.0,57.0,4.0,,90.0,2.0,33.0,11.0,5.0
107099,,,,,,,,4.0,,2.0,,,,,,1.0,1.0,,,,,,,,,
107123,,,,,,,,10.0,,8.0,,,,,,,,,,,,,,2.0,,
107141,,,,,,,,414.0,,128.0,,,,,,50.0,20.0,23.0,50.0,2.0,,44.0,,51.0,11.0,4.0
107211,,,,,,,,3.0,,1.0,,,,,,1.0,1.0,,,,,,,,,
107220,,,,,,,,41.0,,29.0,,,,,,7.0,,,,,,,,5.0,,
107293,,,,,,,,12.0,,5.0,,,,,,1.0,1.0,,,,,,,4.0,,
107318,,,,,,,,191.0,,72.0,,,,,,22.0,8.0,7.0,25.0,,,15.0,,33.0,,1.0
107327,,,,,,,,206.0,,62.0,,,,,,20.0,2.0,7.0,36.0,,,27.0,,38.0,,
107442,,,,,,,,7.0,,3.0,,,,,,2.0,,,,,,,,2.0,,
107460,,,,,,,,220.0,,83.0,,,,,,25.0,9.0,6.0,12.0,,,10.0,,26.0,8.0,
107488,,,,,,,,66.0,,34.0,,,,,,10.0,2.0,3.0,,,,,,9.0,3.0,
107512,,,,,,,,295.0,,111.0,1.0,,,,,27.0,12.0,8.0,34.0,2.0,,27.0,,29.0,23.0,
107521,,,,,,,,133.0,,64.0,,,,,,22.0,7.0,4.0,,,,2.0,,21.0,5.0,
107549,,,,,,,,124.0,,52.0,,,,,,9.0,8.0,3.0,1.0,1.0,,4.0,,20.0,11.0,
107558,,,,,,,,146.0,,48.0,,,,,,17.0,6.0,3.0,27.0,2.0,,8.0,,17.0,,
107585,,,,,,,,161.0,,69.0,,,,,,25.0,9.0,6.0,2.0,,,5.0,,21.0,5.0,
107600,,,,,,,,148.0,,46.0,,,,,,21.0,5.0,3.0,13.0,1.0,,27.0,,21.0,2.0,
107619,,,,,,,,232.0,,74.0,1.0,,,,,21.0,12.0,6.0,8.0,,,34.0,,42.0,,
107637,,,,,,,,162.0,,66.0,,,,,,21.0,4.0,6.0,12.0,,,10.0,2.0,29.0,5.0,
107655,,,,,,,,2.0,,1.0,,,,,,,,,,,,,,,,
107664,,,,,,,,472.0,,219.0,2.0,4.0,,,,34.0,9.0,12.0,29.0,,,37.0,,93.0,7.0,
107725,,,,,,,,146.0,,62.0,,,,,,20.0,,3.0,,,,7.0,,23.0,,
107743,,,,,,,,95.0,,37.0,,,,,,5.0,2.0,3.0,2.0,,,8.0,3.0,13.0,,
107789,,,,,,,,19.0,,8.0,,,,,,2.0,1.0,,1.0,,,1.0,3.0,2.0,,
107831,,,,,,,,6.0,,3.0,,,,,,1.0,1.0,,,,,,,1.0,,
107840,,,,,,,,57.0,,10.0,,,,,,1.0,2.0,1.0,,1.0,,,,32.0,,
107877,,,,,,,,102.0,,32.0,,,,,,17.0,5.0,1.0,10.0,2.0,,9.0,4.0,10.0,3.0,2.0
107974,,,,,,,,172.0,,70.0,,1.0,,,,16.0,9.0,6.0,20.0,,,3.0,3.0,25.0,9.0,
107983,,,,,,,,417.0,,198.0,,,,,,37.0,18.0,10.0,15.0,3.0,,22.0,,63.0,13.0,
107992,,,,,,,,121.0,,39.0,,,,,,17.0,3.0,4.0,3.0,,,12.0,,19.0,9.0,1.0
108056,,,,,,,,59.0,,,,,,,,8.0,16.0,1.0,10.0,,,3.0,,6.0,,
108065,,,,,,,,12.0,,6.0,,,,,,1.0,1.0,,,,,3.0,,1.0,,
108092,,,,,,,,595.0,,287.0,,,,,,24.0,45.0,27.0,34.0,,,20.0,,59.0,11.0,
108232,,,,,,,,1475.0,,636.0,,,,,,136.0,99.0,32.0,165.0,,,40.0,9.0,125.0,4.0,25.0
108269,,,,,,,,23.0,,11.0,,,,,,4.0,1.0,,,,,,,5.0,1.0,
108348,,,,,,,,8.0,,1.0,,,,,,2.0,,,,,,,1.0,1.0,,
108649,,,,,,,,11.0,,4.0,,,,,,2.0,1.0,,,,,,1.0,2.0,0.0,
108667,,,,,,,,197.0,,121.0,,,,,,12.0,11.0,3.0,8.0,,,9.0,,20.0,,
108807,,,,,,,,618.0,,349.0,,,,,,34.0,34.0,9.0,29.0,1.0,,47.0,,73.0,1.0,
108852,,,,,,,,51.0,,22.0,,,,,,12.0,,,,,,,,9.0,1.0,5.0
108861,,,,,,,,17.0,,9.0,,,,,,3.0,1.0,,,,,2.0,,2.0,,
108870,,,,,,,,159.0,,32.0,,,,,,35.0,13.0,13.0,23.0,,,11.0,,20.0,2.0,
108977,,,,,,,,20.0,,6.0,,,,,,4.0,1.0,,,,,0.0,,5.0,1.0,
109040,,,,,,,,95.0,,41.0,,,,,,17.0,4.0,1.0,5.0,,,,1.0,15.0,,1.0
109086,,,,,,,,159.0,,16.0,1.0,10.0,,,,24.0,4.0,2.0,41.0,,,17.0,10.0,21.0,9.0,
109208,,,,,,,,928.0,,606.0,,,,,,28.0,22.0,18.0,27.0,1.0,,31.0,,125.0,,
109350,,,,,,,,676.0,,366.0,,,,,,48.0,16.0,13.0,17.0,,,51.0,2.0,119.0,,4.0
109651,,,,,,,,479.0,,221.0,,,,,,103.0,15.0,21.0,22.0,,,10.0,,47.0,1.0,25.0
109721,,,,,,,,20.0,,6.0,,,,,,2.0,2.0,,,,,,,10.0,,
109730,,,,,,,,20.0,,4.0,,,,,,2.0,2.0,1.0,,,,1.0,3.0,3.0,,
109785,,,,,,,,1780.0,,743.0,,,,,,416.0,39.0,61.0,16.0,9.0,,68.0,,366.0,57.0,5.0
109819,,,,,,,,744.0,,391.0,,,,,,57.0,23.0,,27.0,1.0,,51.0,,162.0,,
109907,,,,,,,,174.0,,91.0,,,,,,22.0,7.0,11.0,2.0,,,9.0,,24.0,3.0,
109934,,,,,,,,25.0,,15.0,,,,,,1.0,,,,,,1.0,,3.0,,
110060,,,,,,,,35.0,,17.0,,,,,,2.0,2.0,2.0,3.0,,,,,4.0,0.0,
110097,,,,,,,,1067.0,,328.0,,,,,,129.0,27.0,39.0,90.0,16.0,,74.0,,266.0,38.0,5.0
110194,,,,,,,,18.0,,10.0,,,,,,6.0,,,,,,,,2.0,,
110219,,,,,,,,183.0,,52.0,1.0,,,,,23.0,10.0,6.0,3.0,,,,,3.0,,
110246,,,,,,,,705.0,,368.0,,,,,,73.0,15.0,31.0,7.0,,,55.0,,154.0,,
110307,,,,,,,,68.0,,36.0,,5.0,,,,10.0,,,,,,,,12.0,,
110316,,,,,,,,268.0,,127.0,,0.0,,,,26.0,11.0,6.0,8.0,,,1.0,4.0,15.0,3.0,
110334,,,,,,,,582.0,,332.0,,,,,,40.0,30.0,18.0,21.0,,,33.0,,92.0,,
110361,,,,,,,,959.0,,420.0,,,,,,94.0,59.0,29.0,103.0,4.0,,49.0,3.0,110.0,31.0,1.0
110370,,,,,,,,506.0,,231.0,,,,,,112.0,20.0,24.0,15.0,,,27.0,,36.0,7.0,
110398,,,,,,,,301.0,,85.0,,,,,,47.0,15.0,8.0,22.0,4.0,,3.0,,49.0,,4.0
110404,,,,,,,,3134.0,,346.0,663.0,,,,,308.0,278.0,638.0,92.0,7.0,,258.0,,344.0,145.0,12.0
110413,,,,,,,,656.0,,279.0,,,,,,51.0,22.0,24.0,69.0,2.0,,56.0,,83.0,14.0,
110422,,,,,,,,2399.0,,981.0,2.0,,,,,107.0,253.0,171.0,231.0,30.0,,195.0,,231.0,110.0,32.0
110468,,,,,,,,415.0,,134.0,1.0,4.0,,,,29.0,47.0,9.0,3.0,1.0,,8.0,,83.0,2.0,
110486,,,,,,,,911.0,,359.0,,,,,,48.0,69.0,47.0,155.0,11.0,,47.0,,117.0,24.0,2.0
110495,,,,,,,,909.0,,407.0,,,,,,37.0,98.0,57.0,75.0,11.0,,38.0,,127.0,25.0,10.0
110501,,,,,,,,600.0,,,,,,,,79.0,234.0,192.0,42.0,,,3.0,,46.0,4.0,
110510,,,,,,,,1653.0,,633.0,,,,,,78.0,164.0,114.0,156.0,12.0,,91.0,,288.0,44.0,19.0
110529,,,,,,,,1871.0,,814.0,,,,,,59.0,223.0,120.0,168.0,22.0,,117.0,,214.0,64.0,13.0
110538,,,,,,,,1614.0,,684.0,,,,,,52.0,125.0,103.0,156.0,25.0,,121.0,,215.0,73.0,16.0
110547,,,,,,,,1131.0,,500.0,,,,,,71.0,104.0,48.0,117.0,11.0,,66.0,,134.0,29.0,11.0
110556,,,,,,,,1982.0,,951.0,1.0,,,,,95.0,169.0,96.0,212.0,17.0,,107.0,,187.0,70.0,16.0
110565,,,,,,,,2923.0,,1372.0,,,,,,77.0,347.0,187.0,241.0,34.0,,148.0,,352.0,59.0,32.0
110574,,,,,,,,1479.0,,523.0,,,,,,53.0,203.0,95.0,186.0,19.0,,84.0,,215.0,37.0,16.0
110583,,,,,,,,3059.0,,1424.0,,,,,,104.0,292.0,172.0,287.0,22.0,,172.0,,388.0,87.0,21.0
110592,,,,,,,,1979.0,,974.0,,,,,,66.0,182.0,99.0,155.0,16.0,,113.0,,243.0,65.0,17.0
110608,,,,,,,,2959.0,,1318.0,,,,,,63.0,351.0,201.0,299.0,26.0,,146.0,,348.0,98.0,22.0
110617,,,,,,,,2378.0,,1023.0,,,,,,61.0,262.0,142.0,243.0,21.0,,137.0,,325.0,57.0,24.0
110635,,,,,,,,10629.0,,1929.0,1434.0,16.0,,,,1087.0,1355.0,1020.0,1084.0,178.0,,755.0,40.0,1005.0,209.0,91.0
110644,,,,,,,,11480.0,,2455.0,1435.0,38.0,,,,512.0,1558.0,1538.0,790.0,696.0,,746.0,38.0,1128.0,331.0,95.0
110653,,,,,,,,7337.0,,1926.0,727.0,35.0,,,,588.0,1298.0,651.0,450.0,272.0,,468.0,2.0,641.0,148.0,80.0
110662,,,,,,,,19515.0,,3839.0,1135.0,38.0,,,,1353.0,3849.0,1733.0,1100.0,1340.0,,2042.0,62.0,2169.0,436.0,205.0
110671,,,,,,,,3912.0,,999.0,336.0,32.0,,,,314.0,350.0,297.0,374.0,84.0,,385.0,15.0,434.0,129.0,47.0
110680,,,,,,,,12356.0,,2459.0,1409.0,34.0,,,,560.0,1843.0,2010.0,825.0,750.0,,813.0,31.0,1058.0,258.0,142.0
110699,,,,,,,,10506.0,,2514.0,1459.0,,,,,831.0,2140.0,1395.0,289.0,609.0,,414.0,9.0,624.0,63.0,146.0
110705,,,,,,,,4449.0,,1028.0,443.0,4.0,,,,274.0,541.0,467.0,458.0,80.0,,449.0,19.0,424.0,142.0,73.0
110714,,,,,,,,3139.0,,687.0,261.0,2.0,,,,234.0,476.0,272.0,320.0,52.0,,328.0,18.0,288.0,98.0,49.0
110778,,,,,,,,40.0,,20.0,,,,,,4.0,3.0,1.0,,,,,,3.0,,
110875,,,,,,,,8.0,,4.0,,,,,,2.0,1.0,,,,,,,2.0,,
110918,,,,,,,,7.0,,2.0,,,,,,1.0,0.0,,,,,,,0.0,,
111009,,,,,,,,15.0,,8.0,,,,,,1.0,2.0,,,,,,,2.0,,
111054,,,,,,,,23.0,,14.0,,,,,,2.0,1.0,,,,,,,5.0,1.0,
111081,,,,,,,,444.0,,193.0,,,,,,75.0,16.0,10.0,37.0,1.0,,37.0,,47.0,12.0,2.0
111188,,,,,,,,280.0,,73.0,,,,,,45.0,37.0,13.0,27.0,1.0,,43.0,,20.0,11.0,5.0
111391,,,,,,,,163.0,,53.0,,,,,,19.0,13.0,6.0,18.0,,,1.0,,39.0,3.0,
111434,,,,,,,,233.0,,136.0,,,,,,9.0,4.0,,11.0,,,2.0,,60.0,,
111461,,,,,,,,759.0,,363.0,2.0,,,,,62.0,46.0,40.0,25.0,6.0,,47.0,0.0,100.0,16.0,6.0
111513,,,,,,,,16.0,,7.0,,,,,,1.0,1.0,,,,,3.0,,4.0,,
111638,,,,,,,,49.0,,23.0,,,,,,4.0,3.0,1.0,,,,1.0,,4.0,,
111708,,,,,,,,13.0,,6.0,,,,,,1.0,1.0,,,,,,2.0,2.0,,1.0
111717,,,,,,,,31.0,,13.0,,,,,,3.0,2.0,,1.0,,,5.0,3.0,3.0,,1.0
111726,,,,,,,,28.0,,15.0,,,,,,1.0,1.0,,,,,3.0,3.0,5.0,,
111744,,,,,,,,15.0,,9.0,,,,,,2.0,1.0,,0.0,,,,,3.0,,
111762,,,,,,,,12.0,,5.0,,,,,,1.0,1.0,,,,,0.0,1.0,4.0,,
111799,,,,,,,,7.0,,3.0,,,,,,1.0,1.0,,,,,,1.0,1.0,,
111887,,,,,,,,829.0,,471.0,,,,,,48.0,14.0,16.0,1.0,2.0,,35.0,,208.0,,
111896,,,,,,,,190.0,,94.0,,,,,,21.0,1.0,,7.0,,,11.0,,52.0,,
111920,,,,,,,,477.0,,316.0,,,,,,22.0,14.0,4.0,27.0,,,0.0,,77.0,,
111939,,,,,,,,830.0,,516.0,,,,,,36.0,33.0,25.0,13.0,1.0,,37.0,,158.0,,
111948,,,,,,,,1449.0,,625.0,1.0,,,,,120.0,72.0,99.0,117.0,11.0,,29.0,,201.0,42.0,
111966,,,,,,,,335.0,,91.0,52.0,6.0,,,,46.0,30.0,12.0,12.0,,,24.0,,33.0,,0.0
112075,,,,,,,,488.0,,185.0,,,,,,42.0,18.0,16.0,62.0,4.0,,10.0,,14.0,,
112084,,,,,,,,113.0,,52.0,1.0,,,,,17.0,1.0,1.0,11.0,2.0,,,0.0,7.0,1.0,
112127,,,,,,,,27.0,,6.0,,,,,,3.0,1.0,,,,,,,15.0,2.0,
112172,,,,,,,,579.0,,304.0,2.0,,,,,28.0,22.0,17.0,26.0,,,66.0,,67.0,,
112181,,,,,,,,10.0,,7.0,,,,,,1.0,1.0,,,,,,,1.0,,
112190,,,,,,,,1593.0,,879.0,,,,,,53.0,83.0,29.0,8.0,5.0,,119.0,,352.0,,
112251,,,,,,,,334.0,,138.0,5.0,,,,,32.0,70.0,13.0,,1.0,,0.0,,44.0,,
112260,,,,,,,,458.0,,177.0,,,,,,36.0,44.0,28.0,26.0,5.0,,44.0,,62.0,4.0,1.0
112288,,,,,,,,31.0,,19.0,,,,,,1.0,,,,,,,2.0,8.0,,
112367,,,,,,,,30.0,,12.0,,,,,,3.0,2.0,2.0,,,,2.0,,7.0,,
112376,,,,,,,,132.0,,,,,,,,28.0,30.0,48.0,1.0,,,3.0,,22.0,,
112385,,,,,,,,310.0,,133.0,,,,,,32.0,23.0,2.0,10.0,,,13.0,,85.0,,
112394,,,,,,,,92.0,,43.0,,,,,,10.0,12.0,2.0,,,,3.0,13.0,3.0,,
112446,,,,,,,,99.0,,42.0,,,,,,19.0,5.0,6.0,,,,1.0,,2.0,4.0,
112455,,,,,,,,5.0,,4.0,,,,,,,,,,,,,,,,
112525,,,,,,,,1028.0,,309.0,26.0,,,,,168.0,30.0,127.0,5.0,16.0,,63.0,,265.0,,
112561,,,,,,,,165.0,,80.0,,,,,,25.0,6.0,3.0,3.0,,,8.0,,34.0,,
112570,,,,,,,,79.0,,30.0,,,,,,4.0,5.0,4.0,,,,6.0,12.0,6.0,4.0,
112686,,,,,,,,314.0,,171.0,,,,,,14.0,24.0,4.0,17.0,,,21.0,,48.0,,
112817,,,,,,,,87.0,,,,,,,,33.0,24.0,14.0,,,,,,15.0,,
112826,,,,,,,,271.0,,163.0,,,,,,23.0,6.0,3.0,7.0,,,12.0,,52.0,,
113096,,,,,,,,470.0,,286.0,,,,,,18.0,14.0,12.0,11.0,,,23.0,,65.0,,
113111,,,,,,,,305.0,,191.0,2.0,,,,,20.0,1.0,13.0,2.0,,,22.0,,28.0,3.0,
113193,,,,,,,,525.0,,252.0,,,,,,33.0,28.0,19.0,18.0,1.0,,38.0,,129.0,,
113218,,,,,,,,340.0,,205.0,,,,,,14.0,6.0,,4.0,3.0,,23.0,,48.0,,
113236,,,,,,,,600.0,,379.0,,,,,,31.0,10.0,7.0,16.0,1.0,,65.0,,64.0,,
113333,,,,,,,,731.0,,450.0,,,,,,32.0,29.0,,24.0,3.0,,33.0,,123.0,,
113449,,,,,,,,16.0,,9.0,,,,,,2.0,2.0,,,,,,,1.0,,2.0
113537,,,,,,,,16.0,,6.0,,,,,,4.0,1.0,,1.0,,,,1.0,1.0,1.0,
113573,,,,,,,,515.0,,268.0,,,,,,38.0,16.0,10.0,10.0,,,34.0,,118.0,,
113582,,,,,,,,23.0,,14.0,,,,,,1.0,0.0,,,,,,,3.0,,
113634,,,,,,,,687.0,,470.0,,,,,,36.0,11.0,6.0,15.0,,,17.0,,119.0,,
113698,,,,,,,,390.0,,172.0,2.0,,,,,61.0,6.0,13.0,39.0,5.0,,6.0,,34.0,9.0,
113704,,,,,,,,22.0,,16.0,,,,,,2.0,1.0,,,,,,,1.0,,
113856,,,,,,,,972.0,,585.0,,,,,,27.0,7.0,12.0,17.0,1.0,,115.0,,178.0,,
113980,,,,,,,,1031.0,,549.0,,,,,,58.0,71.0,29.0,35.0,,,84.0,,178.0,,
114044,,,,,,,,42.0,,23.0,,,,,,7.0,2.0,,,,,,4.0,4.0,,
114114,,,,,,,,39.0,,17.0,,,,,,5.0,2.0,,,,,,,11.0,,
114123,,,,,,,,65.0,,30.0,,,,,,11.0,,1.0,,,,1.0,,9.0,1.0,
114266,,,,,,,,337.0,,196.0,,,,,,17.0,9.0,7.0,10.0,,,33.0,,48.0,,
114354,,,,,,,,527.0,,175.0,,,,,,60.0,31.0,43.0,36.0,1.0,,,11.0,139.0,7.0,3.0
114390,,,,,,,,71.0,,22.0,,,,,,6.0,5.0,2.0,7.0,0.0,,,3.0,19.0,1.0,
114415,,,,,,,,32.0,,5.0,,,,,,4.0,3.0,2.0,2.0,1.0,,,2.0,11.0,1.0,
114433,,,,,,,,144.0,,52.0,,,,,,24.0,5.0,3.0,12.0,,,1.0,,6.0,11.0,
114460,,,,,,,,39.0,,18.0,,,,,,5.0,,,,,,3.0,7.0,7.0,,
114549,,,,,,,,175.0,,98.0,,,,,,19.0,6.0,3.0,2.0,,,1.0,,18.0,,
114585,,,,,,,,56.0,,25.0,,,,,,5.0,2.0,1.0,4.0,,,,,19.0,,
114628,,,,,,,,8.0,,4.0,,,,,,2.0,,,,,,,,,,
114637,,,,,,,,5.0,,4.0,,,,,,1.0,,,,,,,,,,
114716,,,,,,,,497.0,,339.0,,,,,,35.0,13.0,,20.0,,,3.0,,60.0,,
114734,,,,,,,,13.0,,3.0,,,,,,3.0,4.0,,,,,,,1.0,,
114761,,,,,,,,6.0,,3.0,,,,,,1.0,0.0,,,,,0.0,,1.0,,
114789,,,,,,,,1018.0,,540.0,,,,,,56.0,66.0,13.0,44.0,,,77.0,,208.0,,
114813,,,,,,,,536.0,,240.0,,,,,,57.0,20.0,14.0,90.0,5.0,,19.0,1.0,45.0,8.0,
114831,,,,,,,,196.0,,,,,,,,35.0,35.0,54.0,,,,49.0,,18.0,,
114840,,,,,,,,394.0,,89.0,4.0,,,,,122.0,19.0,16.0,19.0,,,14.0,,68.0,,
114859,,,,,,,,859.0,,548.0,,,,,,38.0,16.0,12.0,37.0,4.0,,62.0,,95.0,,
114938,,,,,,,,280.0,,155.0,,,,,,19.0,6.0,10.0,3.0,2.0,,16.0,,57.0,,
114947,,,,,,,,141.0,,25.0,,,,,,33.0,6.0,2.0,22.0,,,,,20.0,,8.0
115001,,,,,,,,743.0,,413.0,,,,,,58.0,23.0,10.0,11.0,2.0,,42.0,,135.0,1.0,
115010,,,,,,,,40.0,,31.0,,,,,,,,,,,,7.0,,1.0,,
115083,,,,,,,,478.0,,249.0,,,,,,58.0,10.0,17.0,4.0,,,11.0,2.0,67.0,,
115126,,,,,,,,456.0,,252.0,,,,,,37.0,20.0,3.0,7.0,1.0,,40.0,,84.0,,
115214,,,,,,,,52.0,,10.0,,,,,,13.0,3.0,5.0,0.0,,,2.0,,11.0,,
115287,,,,,,,,95.0,,,,,,,,15.0,32.0,16.0,,,,4.0,,26.0,,
115296,,,,,,,,647.0,,430.0,,,,,,23.0,11.0,,15.0,2.0,,34.0,,86.0,,
115357,,,,,,,,6.0,,3.0,,,,,,,,,,,,,,3.0,,
115393,,,,,,,,400.0,,214.0,,,,,,43.0,22.0,12.0,2.0,,,25.0,,59.0,9.0,
115409,,,,,,,,310.0,,107.0,,,,,,38.0,20.0,23.0,4.0,1.0,,56.0,,34.0,,
115658,,,,,,,,13.0,,6.0,,,,,,1.0,,,,,,2.0,,4.0,,
115728,,,,,,,,185.0,,76.0,2.0,,,,,24.0,5.0,4.0,24.0,3.0,,1.0,,17.0,,
115746,,,,,,,,198.0,,82.0,,,,,,23.0,,4.0,1.0,,,12.0,3.0,23.0,3.0,6.0
115755,,,,,,,,1033.0,,386.0,,,,,,61.0,88.0,71.0,126.0,11.0,,58.0,,136.0,46.0,12.0
115773,,,,,,,,125.0,,66.0,1.0,1.0,,,,10.0,5.0,2.0,2.0,,,12.0,,24.0,,
115861,,,,,,,,372.0,,204.0,,,,,,23.0,7.0,10.0,13.0,,,30.0,,66.0,,
115931,,,,,,,,39.0,,17.0,,,,,,6.0,1.0,,,,,,,4.0,1.0,
116226,,,,,,,,14.0,,6.0,,,,,,1.0,1.0,,,,,,,,,
116350,,,,,,,,32.0,,25.0,,,,,,2.0,1.0,,,,,,,4.0,,
116439,,,,,,,,533.0,,333.0,,,,,,33.0,19.0,9.0,7.0,1.0,,37.0,,85.0,,
116563,,,,,,,,19.0,,13.0,,,,,,1.0,,,,,,0.0,,2.0,,
116712,,,,,,,,310.0,,192.0,,10.0,,,,26.0,40.0,4.0,,,,,,31.0,,
116846,,,,,,,,151.0,,24.0,,,,,,25.0,14.0,2.0,1.0,,,17.0,,28.0,33.0,
117052,,,,,,,,461.0,,275.0,,,,,,28.0,17.0,,16.0,,,29.0,,82.0,,
117104,,,,,,,,68.0,,24.0,,,,,,17.0,2.0,,1.0,0.0,,4.0,1.0,5.0,,
117113,,,,,,,,111.0,,54.0,,,,,,14.0,2.0,,,,,1.0,,4.0,,
117140,,,,,,,,898.0,,431.0,,,,,,132.0,50.0,33.0,35.0,5.0,,15.0,,114.0,8.0,1.0
117168,,,,,,,,136.0,,64.0,,,,,,5.0,4.0,7.0,2.0,,,5.0,,14.0,,
117195,,,,,,,,135.0,,68.0,,,,,,22.0,5.0,5.0,3.0,,,6.0,,6.0,,
117238,,,,,,,,10.0,,5.0,,,,,,1.0,1.0,,,,,1.0,,1.0,,
117247,,,,,,,,358.0,,238.0,,,,,,15.0,17.0,3.0,11.0,,,18.0,,28.0,,
117274,,,,,,,,150.0,,64.0,,,,,,23.0,5.0,4.0,11.0,,,9.0,,20.0,,
117520,,,,,,,,144.0,,48.0,1.0,,,,,26.0,4.0,6.0,9.0,,,,,20.0,2.0,
117557,,,,,,,,39.0,,24.0,,,,,,6.0,1.0,2.0,,,,,,5.0,,
117575,,,,,,,,29.0,,14.0,,,,,,4.0,,1.0,,,,0.0,,7.0,,
117627,,,,,,,,398.0,,156.0,,1.0,,,,16.0,28.0,13.0,15.0,1.0,,33.0,1.0,115.0,12.0,
117636,,,,,,,,1561.0,,428.0,54.0,8.0,,,,160.0,65.0,69.0,29.0,257.0,,91.0,,303.0,78.0,8.0
117645,,,,,,,,1106.0,,572.0,,,,,,59.0,36.0,25.0,44.0,4.0,,89.0,,234.0,,
117672,,,,,,,,181.0,,80.0,1.0,1.0,,,,31.0,13.0,8.0,,,,11.0,0.0,16.0,,
117681,,,,,,,,290.0,,1.0,,,,,,32.0,74.0,63.0,8.0,,,,,87.0,,
117690,,,,,,,,373.0,,215.0,,,,,,15.0,5.0,6.0,10.0,,,43.0,,65.0,,
117706,,,,,,,,703.0,,415.0,,,,,,17.0,6.0,12.0,9.0,1.0,,90.0,,140.0,,
117715,,,,,,,,315.0,,183.0,,,,,,11.0,8.0,4.0,4.0,,,39.0,,53.0,,
117724,,,,,,,,559.0,,321.0,,,,,,15.0,12.0,8.0,15.0,,,65.0,,105.0,,
117733,,,,,,,,580.0,,350.0,,,,,,19.0,42.0,9.0,5.0,,,30.0,,103.0,,
117751,,,,,,,,329.0,,101.0,,13.0,,,,31.0,20.0,13.0,27.0,3.0,,39.0,16.0,48.0,6.0,1.0
117788,,,,,,,,607.0,,360.0,,,,,,15.0,8.0,8.0,16.0,,,63.0,,121.0,,
117803,,,,,,,,51.0,,35.0,1.0,,,,,5.0,,1.0,,,,,,2.0,,
117867,,,,,,,,356.0,,199.0,,,,,,13.0,9.0,,5.0,,,44.0,,63.0,,
117894,,,,,,,,365.0,,229.0,,,,,,27.0,7.0,6.0,14.0,,,14.0,,62.0,,
117900,,,,,,,,254.0,,,,,,,,30.0,50.0,41.0,3.0,,,71.0,,51.0,,
117928,,,,,,,,69.0,,33.0,,,,,,10.0,1.0,,,,,,,4.0,,
117946,,,,,,,,2008.0,,753.0,,,,,,171.0,279.0,115.0,118.0,15.0,,138.0,,263.0,35.0,26.0
117955,,,,,,,,33.0,,17.0,,,,,,3.0,,,,,,,,,,
118134,,,,,,,,6.0,,4.0,,,,,,,,,,,,,,2.0,,
118143,,,,,,,,7.0,,3.0,,,,,,1.0,1.0,,,,,0.0,,1.0,,
118161,,,,,,,,13.0,,7.0,,,,,,1.0,1.0,,,,,,,4.0,,
118189,,,,,,,,12.0,,6.0,,,,,,4.0,1.0,,,,,,,1.0,,
118198,,,,,,,,80.0,,39.0,,,,,,12.0,1.0,3.0,,,,6.0,,2.0,,
118259,,,,,,,,43.0,,15.0,,,,,,8.0,,0.0,12.0,,,,,2.0,,
118277,,,,,,,,109.0,,62.0,,,,,,14.0,,,18.0,,,1.0,,4.0,,
118286,,,,,,,,64.0,,23.0,,,,,,13.0,,1.0,15.0,,,1.0,,2.0,,
118347,,,,,,,,390.0,,191.0,,,,,,34.0,34.0,8.0,15.0,,,36.0,,59.0,,
118541,,,,,,,,172.0,,61.0,,,,,,24.0,8.0,7.0,20.0,1.0,,18.0,,10.0,,9.0
118684,,,,,,,,234.0,,126.0,,,,,,19.0,1.0,8.0,,,,19.0,,55.0,,
118693,,,,,,,,136.0,,54.0,,,,,,10.0,15.0,6.0,27.0,,,4.0,,2.0,,
118718,,,,,,,,597.0,,302.0,,,,,,50.0,26.0,10.0,32.0,1.0,,45.0,,109.0,,
118772,,,,,,,,218.0,,143.0,,,,,,10.0,15.0,2.0,9.0,,,9.0,,19.0,,
118888,,,,,,,,349.0,,123.0,7.0,12.0,,,,39.0,29.0,26.0,34.0,,,21.0,,40.0,,
118912,,,,,,,,684.0,,355.0,,,,,,29.0,26.0,23.0,27.0,2.0,,49.0,,118.0,,
118930,,,,,,,,315.0,,200.0,,,,,,23.0,1.0,2.0,7.0,,,2.0,,60.0,,
118958,,,,,,,,5.0,,3.0,,,,,,1.0,,,,,,,,1.0,,
118967,,,,,,,,53.0,,16.0,,,,,,9.0,,,13.0,,,,,3.0,,
118976,,,,,,,,623.0,,350.0,,,,,,42.0,37.0,11.0,8.0,3.0,,10.0,,155.0,,
118994,,,,,,,,13.0,,7.0,,,,,,1.0,2.0,,,,,,1.0,0.0,,
119058,,,,,,,,232.0,,86.0,,,,,,34.0,1.0,3.0,,,,5.0,,96.0,,
119067,,,,,,,,296.0,,182.0,,,,,,7.0,15.0,5.0,5.0,,,18.0,,53.0,,
119137,,,,,,,,441.0,,283.0,,,,,,12.0,14.0,6.0,10.0,1.0,,37.0,,53.0,,
119164,,,,,,,,1326.0,,694.0,,,,,,97.0,17.0,40.0,19.0,4.0,,113.0,,331.0,,
119173,,,,,,,,600.0,,247.0,,,,,,116.0,26.0,20.0,,12.0,,41.0,,54.0,6.0,8.0
119216,,,,,,,,840.0,,473.0,1.0,,,,,66.0,17.0,25.0,22.0,,,56.0,11.0,103.0,,
119270,,,,,,,,252.0,,123.0,,,,,,33.0,13.0,4.0,4.0,3.0,,10.0,8.0,16.0,,9.0
119331,,,,,,,,371.0,,189.0,,,,,,33.0,17.0,9.0,13.0,1.0,,22.0,,69.0,,
119553,,,,,,,,105.0,,52.0,,,,,,19.0,4.0,,2.0,,,,20.0,3.0,,
119605,,,,,,,,1475.0,,601.0,,,,,,182.0,171.0,73.0,14.0,3.0,,8.0,135.0,264.0,2.0,
119678,,,,,,,,898.0,,325.0,159.0,,,,,50.0,83.0,84.0,11.0,3.0,,7.0,,105.0,,4.0
119775,,,,,,,,111.0,,69.0,,,,,,21.0,4.0,,,,,,7.0,1.0,1.0,
119845,,,,,,,,12.0,,7.0,,,,,,3.0,,,,,,,,1.0,,
119951,,,,,,,,19.0,,12.0,,,,,,2.0,1.0,,,,,,,4.0,1.0,
120023,,,,,,,,105.0,,,,,,,,25.0,9.0,17.0,,,,11.0,,42.0,,
120069,,,,,,,,12.0,,6.0,,,,,,1.0,,,,,,,,0.0,,
120078,,,,,,,,28.0,,12.0,,,,,,2.0,,,,,,,,2.0,,
120087,,,,,,,,10.0,,5.0,,,,,,1.0,,,,,,,,1.0,,
120184,,,,,,,,237.0,,113.0,,,,,,28.0,10.0,5.0,26.0,2.0,,18.0,,13.0,5.0,
120254,,,,,,,,713.0,,205.0,,,,,,55.0,49.0,32.0,68.0,7.0,,137.0,4.0,88.0,18.0,1.0
120272,,,,,,,,8.0,,3.0,,,,,,2.0,,,,,,,,1.0,,
120290,,,,,,,,458.0,,253.0,,,,,,41.0,20.0,17.0,32.0,,,29.0,,62.0,,
120342,,,,,,,,784.0,,446.0,,,,,,52.0,24.0,8.0,4.0,4.0,,82.0,,136.0,,
120403,,,,,,,,419.0,,156.0,,,,,,65.0,14.0,12.0,24.0,5.0,,16.0,40.0,36.0,,
120421,,,,,,,,261.0,,142.0,,,,,,12.0,8.0,2.0,13.0,0.0,,22.0,,47.0,,
120537,,,,,,,,231.0,,118.0,,,,,,27.0,5.0,7.0,15.0,2.0,,4.0,14.0,27.0,4.0,
120661,,,,,,,,69.0,,30.0,,,,,,16.0,2.0,,,,,,6.0,12.0,,
120698,,,,,,,,134.0,,64.0,1.0,,,,,17.0,16.0,3.0,4.0,0.0,,1.0,,10.0,1.0,
120768,,,,,,,,214.0,,102.0,,,,,,28.0,3.0,,2.0,,,5.0,,6.0,,
120795,,,,,,,,46.0,,16.0,,,,,,8.0,8.0,,3.0,,,6.0,,4.0,,
120838,,,,,,,,27.0,,13.0,,,,,,3.0,,1.0,,,,1.0,,,,
120865,,,,,,,,248.0,,93.0,,,,,,45.0,16.0,12.0,10.0,2.0,,8.0,,18.0,18.0,2.0
120883,,,,,,,,1797.0,,576.0,3.0,,,,,307.0,70.0,88.0,68.0,12.0,,227.0,,399.0,7.0,22.0
120953,,,,,,,,108.0,,44.0,,2.0,,,,16.0,4.0,7.0,,1.0,,,,16.0,6.0,
120971,,,,,,,,971.0,,554.0,,,,,,51.0,48.0,16.0,36.0,3.0,,78.0,,140.0,,
121044,,,,,,,,1033.0,,647.0,,,,,,66.0,42.0,4.0,40.0,3.0,,71.0,,105.0,,
121150,,,,,,,,1637.0,,478.0,,,,,,253.0,162.0,94.0,98.0,9.0,,92.0,29.0,180.0,33.0,27.0
121178,,,,,,,,159.0,,,,,,,,37.0,36.0,13.0,3.0,,,31.0,,36.0,,
121257,,,,,,,,296.0,,98.0,,,,,,22.0,16.0,10.0,17.0,,,47.0,,39.0,8.0,
121275,,,,,,,,33.0,,14.0,,,,,,3.0,3.0,1.0,1.0,,,,2.0,7.0,,
121309,,,,,,,,662.0,,221.0,,,,,,81.0,22.0,28.0,59.0,3.0,,62.0,1.0,103.0,19.0,6.0
121345,,,,,,,,759.0,,232.0,,,,,,67.0,34.0,27.0,42.0,3.0,,175.0,1.0,104.0,9.0,1.0
121363,,,,,,,,179.0,,95.0,,,,,,17.0,,3.0,7.0,1.0,,11.0,,40.0,,
121433,,,,,,,,7.0,,2.0,,,,,,1.0,0.0,,,,,,,1.0,0.0,
121619,,,,,,,,781.0,,466.0,,,,,,24.0,24.0,13.0,55.0,,,54.0,,117.0,,
121628,,,,,,,,10.0,,,,,,,,4.0,,,,,,,,4.0,,
121637,,,,,,,,7.0,,4.0,,,,,,1.0,2.0,,,,,1.0,,,,
121691,,,,,,,,856.0,,333.0,,,,,,106.0,26.0,34.0,86.0,6.0,,65.0,,113.0,21.0,3.0
121707,,,,,,,,320.0,,152.0,,,,,,25.0,12.0,14.0,16.0,1.0,,23.0,,42.0,4.0,
121859,,,,,,,,15.0,,7.0,,,,,,1.0,2.0,,,,,,1.0,3.0,,
121868,,,,,,,,8.0,,4.0,,,,,,1.0,1.0,,,,,,1.0,,,
121886,,,,,,,,606.0,,311.0,,,,,,35.0,16.0,12.0,15.0,2.0,,37.0,,147.0,,
121901,,,,,,,,640.0,,377.0,,,,,,23.0,17.0,5.0,34.0,3.0,,50.0,,112.0,,
121983,,,,,,,,48.0,,32.0,,,,,,6.0,,,,,,,,2.0,,
121992,,,,,,,,19.0,,9.0,,,,,,3.0,1.0,,,,,1.0,1.0,2.0,,
122117,,,,,,,,28.0,,13.0,,,,,,1.0,1.0,1.0,,0.0,,2.0,,4.0,2.0,
122180,,,,,,,,735.0,,470.0,,,,,,26.0,26.0,17.0,23.0,2.0,,33.0,,101.0,,
122205,,,,,,,,802.0,,480.0,,,,,,49.0,16.0,,12.0,2.0,,64.0,,173.0,,
122296,,,,,,,,376.0,,213.0,3.0,,,,,33.0,14.0,10.0,3.0,2.0,,4.0,,44.0,,
122320,,,,,,,,624.0,,,,,,,,46.0,60.0,41.0,13.0,,,189.0,,266.0,,
122339,,,,,,,,490.0,,334.0,,,,,,15.0,2.0,,4.0,,,2.0,,130.0,,
122366,,,,,,,,16.0,,5.0,,,,,,3.0,,,5.0,,,,,1.0,,
122375,,,,,,,,648.0,,457.0,,,,,,16.0,5.0,,3.0,1.0,,2.0,,155.0,,
122384,,,,,,,,349.0,,241.0,,,,,,11.0,,,6.0,1.0,,1.0,,87.0,,
122409,,,,,,,,2745.0,,1136.0,1.0,,,,,133.0,228.0,200.0,292.0,50.0,,168.0,,348.0,83.0,21.0
122436,,,,,,,,1946.0,,588.0,12.0,25.0,,,,108.0,130.0,95.0,185.0,20.0,,219.0,3.0,289.0,44.0,21.0
122454,,,,,,,,182.0,,94.0,1.0,,,,,23.0,8.0,2.0,18.0,,,,2.0,10.0,5.0,
122506,,,,,,,,90.0,,32.0,,3.0,,,,15.0,13.0,2.0,7.0,0.0,,,,5.0,,3.0
122597,,,,,,,,2599.0,,1132.0,15.0,,,,,68.0,530.0,175.0,201.0,25.0,,130.0,,110.0,86.0,42.0
122603,,,,,,,,40.0,,9.0,2.0,,,,,2.0,12.0,1.0,,,,,,4.0,3.0,
122612,,,,,,,,1745.0,,734.0,,,,,,350.0,85.0,63.0,98.0,8.0,,42.0,,277.0,31.0,
122649,,,,,,,,40.0,,14.0,,,,,,7.0,2.0,2.0,3.0,,,2.0,,6.0,,
122658,,,,,,,,770.0,,358.0,,,,,,19.0,83.0,14.0,87.0,1.0,,22.0,,134.0,1.0,
122685,,,,,,,,543.0,,265.0,,,,,,54.0,,,,,,25.0,,55.0,,
122728,,,,,,,,216.0,,85.0,,,,,,23.0,12.0,7.0,26.0,1.0,,19.0,0.0,16.0,,
122737,,,,,,,,98.0,,,,,,,,18.0,41.0,15.0,2.0,,,7.0,,13.0,,
122746,,,,,,,,337.0,,208.0,,,,,,19.0,9.0,6.0,9.0,,,27.0,,37.0,,
122755,,,,,,,,2467.0,,1109.0,,,,,,85.0,325.0,159.0,242.0,25.0,,149.0,,180.0,83.0,32.0
122782,,,,,,,,237.0,,,,,,,,15.0,34.0,32.0,7.0,,,96.0,,50.0,,
122791,,,,,,,,328.0,,190.0,,,,,,13.0,6.0,,18.0,,,3.0,,84.0,,
122834,,,,,,,,53.0,,30.0,,,,,,3.0,5.0,,3.0,,,,6.0,4.0,,
122852,,,,,,,,19.0,,12.0,,,,,,3.0,2.0,,1.0,,,,1.0,,,
122889,,,,,,,,877.0,,517.0,,,,,,54.0,20.0,26.0,15.0,3.0,,50.0,,167.0,,
122931,,,,,,,,1648.0,,654.0,,,,,,316.0,93.0,98.0,90.0,12.0,,89.0,,207.0,21.0,4.0
122977,,,,,,,,1259.0,,699.0,,,,,,113.0,43.0,14.0,39.0,3.0,,94.0,,204.0,,
123013,,,,,,,,1122.0,,601.0,,,,,,87.0,54.0,28.0,51.0,8.0,,62.0,,145.0,3.0,
123095,,,,,,,,83.0,,58.0,3.0,,,,,13.0,1.0,,,,,,2.0,3.0,,
123165,,,,,,,,320.0,,107.0,1.0,,,,,37.0,13.0,6.0,14.0,,,72.0,,42.0,,
123217,,,,,,,,524.0,,290.0,,,,,,43.0,23.0,15.0,27.0,1.0,,36.0,,78.0,1.0,
123280,,,,,,,,13.0,,10.0,,,,,,,1.0,,,,,,,1.0,,
123299,,,,,,,,465.0,,211.0,,,,,,52.0,12.0,10.0,14.0,,,40.0,,119.0,1.0,
123341,,,,,,,,764.0,,472.0,,,,,,52.0,20.0,27.0,7.0,,,37.0,,145.0,,
123350,,,,,,,,21.0,,7.0,,,,,,2.0,1.0,1.0,,,,0.0,3.0,2.0,1.0,0.0
123448,,,,,,,,30.0,,16.0,,,,,,3.0,,,1.0,,,2.0,,1.0,,
123457,,,,,,,,211.0,,114.0,,,,,,35.0,3.0,3.0,17.0,,,,,31.0,3.0,
123484,,,,,,,,156.0,,67.0,,,,,,12.0,7.0,8.0,7.0,,,14.0,1.0,36.0,,
123493,,,,,,,,32.0,,13.0,,,,,,2.0,,,,,,3.0,,9.0,,
123509,,,,,,,,354.0,,217.0,,,,,,16.0,6.0,1.0,19.0,,,2.0,,75.0,,
123527,,,,,,,,584.0,,362.0,2.0,,,,,33.0,4.0,17.0,6.0,1.0,,36.0,,52.0,6.0,
123554,,,,,,,,699.0,,256.0,,,,,,87.0,91.0,28.0,73.0,8.0,,31.0,,89.0,20.0,1.0
123563,,,,,,,,377.0,,211.0,,,,,,23.0,3.0,7.0,7.0,,,30.0,,66.0,,
123572,,,,,,,,1066.0,,364.0,,,,,,61.0,171.0,65.0,121.0,14.0,,95.0,,74.0,51.0,23.0
123633,,,,,,,,76.0,,49.0,,,,,,8.0,1.0,2.0,,,,,,10.0,1.0,
123642,,,,,,,,22.0,,10.0,,,,,,3.0,2.0,0.0,,,,1.0,,4.0,,
123651,,,,,,,,285.0,,125.0,,,,,,30.0,64.0,5.0,25.0,2.0,,6.0,,23.0,,
123679,,,,,,,,70.0,,32.0,,,,,,13.0,3.0,,,,,,7.0,13.0,,
123800,,,,,,,,880.0,,434.0,,,,,,42.0,35.0,19.0,37.0,10.0,,57.0,,161.0,17.0,4.0
123855,,,,,,,,56.0,,28.0,,,,,,4.0,2.0,,0.0,,,16.0,,2.0,1.0,
123916,,,,,,,,18.0,,6.0,,,,,,4.0,1.0,,,,,,,3.0,,
123943,,,,,,,,189.0,,60.0,,,,,,34.0,8.0,8.0,6.0,14.0,,8.0,1.0,44.0,3.0,
123952,,,,,,,,98.0,,45.0,,,,,,11.0,4.0,6.0,7.0,,,1.0,3.0,7.0,,6.0
123961,,,,,,,,14231.0,,2838.0,277.0,1563.0,,,,1736.0,1573.0,1255.0,652.0,463.0,,1311.0,152.0,1913.0,216.0,118.0
123970,,,,,,,,155.0,,68.0,,,,,,13.0,1.0,6.0,2.0,,,,,54.0,,
124113,,,,,,,,223.0,,70.0,1.0,,,,,32.0,1.0,11.0,,,,16.0,1.0,23.0,1.0,
124283,,,,,,,,64.0,,17.0,,,,,,5.0,2.0,4.0,,,,4.0,1.0,23.0,,
124292,,,,,,,,85.0,,34.0,,,,,,12.0,5.0,2.0,12.0,0.0,,7.0,,10.0,,
124487,,,,,,,,29.0,,15.0,,,,,,4.0,2.0,1.0,,,,,,3.0,0.0,
124557,,,,,,,,2662.0,,276.0,40.0,,,,,419.0,678.0,409.0,415.0,22.0,,11.0,7.0,313.0,52.0,2.0
124681,,,,,,,,38.0,,14.0,,,,,,1.0,2.0,,,,,1.0,,20.0,,
124706,,,,,,,,65.0,,27.0,,,,,,14.0,2.0,,,,,,6.0,13.0,,
124779,,,,,,,,2.0,,1.0,,,,,,,,,,,,,,,,
124937,,,,,,,,68.0,,32.0,,,,,,14.0,3.0,,,,,,6.0,10.0,,
125019,,,,,,,,84.0,,,,,,,,10.0,47.0,8.0,2.0,,,1.0,,14.0,,
125028,,,,,,,,419.0,,257.0,,,,,,14.0,11.0,7.0,19.0,4.0,,33.0,,54.0,,
125037,,,,,,,,10.0,,3.0,,,,,,2.0,,,,,,,,1.0,,
125082,,,,,,,,5.0,,4.0,,,,,,1.0,,,,,,,,,,
125091,,,,,,,,465.0,,290.0,3.0,,,,,27.0,5.0,16.0,3.0,,,31.0,4.0,47.0,7.0,3.0
125170,,,,,,,,185.0,,125.0,,,,,,10.0,11.0,1.0,7.0,,,5.0,,19.0,,
125222,,,,,,,,133.0,,,,,,,,18.0,24.0,17.0,,,,49.0,,24.0,,
125231,,,,,,,,1792.0,,1177.0,,,,,,281.0,181.0,3.0,44.0,,,,63.0,28.0,,
125310,,,,,,,,4.0,,1.0,,,,,,1.0,0.0,,,,,,,1.0,,
125462,,,,,,,,167.0,,53.0,,,,,,20.0,2.0,,16.0,1.0,,20.0,,7.0,,
125471,,,,,,,,431.0,,255.0,,,,,,14.0,15.0,5.0,9.0,,,49.0,,68.0,,
125499,,,,,,,,333.0,,227.0,,,,,,19.0,5.0,3.0,3.0,,,5.0,,59.0,,
125532,,,,,,,,120.0,,71.0,,,,,,18.0,,0.0,,,,2.0,,6.0,,
125718,,,,,,,,29.0,,13.0,,,,,,3.0,3.0,1.0,2.0,,,1.0,,4.0,,
125727,,,,,,,,336.0,,124.0,,,,,,28.0,28.0,11.0,29.0,1.0,,35.0,,30.0,10.0,4.0
125763,,,,,,,,459.0,,165.0,,,,,,48.0,21.0,14.0,32.0,3.0,,17.0,,55.0,5.0,
125897,,,,,,,,247.0,,140.0,1.0,,,,,13.0,16.0,9.0,1.0,1.0,,2.0,3.0,18.0,6.0,
126012,,,,,,,,68.0,,48.0,,,,,,4.0,1.0,,,,,0.0,,4.0,,
126030,,,,,,,,52.0,,31.0,,,,,,11.0,2.0,,1.0,,,,,3.0,,
126049,,,,,,,,110.0,,43.0,,,,,,19.0,7.0,1.0,5.0,,,,,18.0,2.0,
126076,,,,,,,,15.0,,8.0,,,,,,1.0,1.0,,,,,4.0,,1.0,,
126100,,,,,,,,170.0,,4.0,,,,,,33.0,21.0,17.0,,,,65.0,,30.0,,
126119,,,,,,,,290.0,,184.0,,,,,,17.0,1.0,4.0,5.0,,,19.0,,49.0,,
126164,,,,,,,,10.0,,5.0,,,,,,1.0,1.0,,,,,,1.0,2.0,,
126182,,,,,,,,421.0,,147.0,,,,,,29.0,19.0,20.0,47.0,2.0,,45.0,,53.0,1.0,1.0
126207,,,,,,,,513.0,,189.0,,,,,,28.0,20.0,21.0,16.0,,,18.0,,57.0,11.0,1.0
126289,,,,,,,,437.0,,224.0,,,,,,34.0,31.0,13.0,9.0,2.0,,33.0,2.0,42.0,8.0,1.0
126359,,,,,,,,39.0,,12.0,,,,,,1.0,2.0,,,,,8.0,,1.0,2.0,
126401,,,,,,,,16.0,,5.0,,,,,,,,,1.0,,,,,1.0,,
126562,,,,,,,,10492.0,,4134.0,695.0,26.0,,,,814.0,542.0,1526.0,123.0,1407.0,,203.0,,525.0,121.0,40.0
126580,,,,,,,,1230.0,,520.0,23.0,9.0,,,,23.0,51.0,40.0,63.0,29.0,,131.0,6.0,94.0,37.0,9.0
126605,,,,,,,,40.0,,20.0,,,,,,4.0,2.0,,,,,1.0,4.0,3.0,1.0,
126614,,,,,,,,7512.0,,1786.0,764.0,2.0,,,,878.0,262.0,1258.0,247.0,82.0,,599.0,35.0,985.0,228.0,65.0
126669,,,,,,,,528.0,,215.0,,,,,,52.0,30.0,20.0,124.0,3.0,,12.0,,45.0,4.0,
126678,,,,,,,,774.0,,208.0,2.0,,,,,86.0,38.0,29.0,71.0,6.0,,57.0,2.0,130.0,30.0,11.0
126687,,,,,,,,68.0,,29.0,,,,,,18.0,2.0,,,,,,5.0,11.0,,
126702,,,,,,,,92.0,,47.0,,,,,,11.0,1.0,,,,,,,4.0,,
126711,,,,,,,,677.0,,294.0,,,,,,81.0,7.0,30.0,29.0,1.0,,28.0,1.0,119.0,22.0,1.0
126748,,,,,,,,144.0,,67.0,,,,,,17.0,10.0,6.0,18.0,,,8.0,,10.0,5.0,
126775,,,,,,,,1034.0,,346.0,135.0,,,,,91.0,96.0,47.0,35.0,2.0,,93.0,,87.0,43.0,2.0
126784,,,,,,,,23.0,,15.0,,,,,,4.0,,,,,,,,2.0,,
126818,,,,,,,,6700.0,,1782.0,1262.0,179.0,,,,110.0,215.0,178.0,248.0,251.0,,529.0,4.0,438.0,317.0,146.0
126827,,,,,,,,1093.0,,464.0,,,,,,54.0,124.0,6.0,2.0,,,2.0,373.0,24.0,,
126863,,,,,,,,315.0,,145.0,,,,,,29.0,21.0,8.0,1.0,,,14.0,,37.0,6.0,1.0
126872,,,,,,,,34.0,,11.0,,,,,,1.0,6.0,2.0,,,,,5.0,3.0,,
126915,,,,,,,,34.0,,20.0,,,,,,3.0,2.0,1.0,,,,2.0,,3.0,,
126942,,,,,,,,408.0,,204.0,,,,,,33.0,22.0,14.0,89.0,,,5.0,,31.0,1.0,
126951,,,,,,,,103.0,,49.0,,,,,,34.0,,1.0,,,,,,16.0,,
126979,,,,,,,,116.0,,49.0,,,,,,27.0,5.0,5.0,,,,1.0,,15.0,,
127060,,,,,,,,2475.0,,906.0,11.0,,,,,262.0,232.0,190.0,129.0,12.0,,200.0,1.0,290.0,56.0,3.0
127158,,,,,,,,145.0,,77.0,,,,,,6.0,12.0,4.0,3.0,,,,,,,
127185,,,,,,,,538.0,,200.0,,,,,,36.0,27.0,35.0,72.0,2.0,,67.0,,38.0,14.0,1.0
127200,,,,,,,,939.0,,536.0,,,,,,35.0,41.0,35.0,44.0,,,29.0,10.0,108.0,15.0,4.0
127219,,,,,,,,6.0,,2.0,,,,,,1.0,0.0,,,,,,0.0,1.0,,
127228,,,,,,,,14.0,,9.0,,,,,,2.0,,,,,,,,3.0,,
127273,,,,,,,,52.0,,19.0,,,,,,5.0,2.0,3.0,,,,,,18.0,2.0,
127316,,,,,,,,29.0,,15.0,,,,,,3.0,0.0,,,,,,,4.0,,
127389,,,,,,,,81.0,,26.0,,,,,,5.0,4.0,2.0,9.0,,,11.0,1.0,6.0,2.0,
127556,,,,,,,,761.0,,379.0,,,,,,65.0,22.0,22.0,79.0,7.0,,78.0,5.0,64.0,15.0,3.0
127565,,,,,,,,1539.0,,858.0,,,,,,21.0,127.0,87.0,60.0,11.0,,3.0,,295.0,1.0,
127617,,,,,,,,111.0,,52.0,,,,,,20.0,9.0,4.0,1.0,,,4.0,,9.0,2.0,
127653,,,,,,,,292.0,,102.0,,,,,,29.0,31.0,8.0,24.0,,,6.0,,21.0,9.0,
127680,,,,,,,,19.0,,10.0,,,,,,2.0,,,,,,,,1.0,,
127714,,,,,,,,87.0,,44.0,,,,,,13.0,2.0,6.0,,,,3.0,4.0,11.0,,
127732,,,,,,,,160.0,,62.0,,,,,,7.0,19.0,5.0,13.0,,,21.0,,22.0,4.0,1.0
127741,,,,,,,,1522.0,,587.0,,,,,,77.0,140.0,83.0,138.0,5.0,,191.0,,164.0,40.0,21.0
127778,,,,,,,,275.0,,54.0,,,,,,10.0,7.0,6.0,22.0,,,35.0,,9.0,4.0,9.0
127787,,,,,,,,23.0,,6.0,,,,,,1.0,,,1.0,,,,,1.0,,
127820,,,,,,,,695.0,,339.0,,,,,,47.0,27.0,22.0,32.0,,,52.0,6.0,106.0,13.0,9.0
127839,,,,,,,,31.0,,18.0,,,,,,2.0,2.0,,,,,,2.0,1.0,,
127884,,,,,,,,412.0,,182.0,,,,,,26.0,34.0,14.0,21.0,1.0,,26.0,1.0,39.0,11.0,3.0
127909,,,,,,,,487.0,,200.0,,,,,,38.0,32.0,12.0,15.0,1.0,,41.0,,57.0,8.0,2.0
127918,,,,,,,,983.0,,453.0,,,,,,77.0,3.0,36.0,37.0,3.0,,15.0,29.0,298.0,26.0,
127945,,,,,,,,181.0,,92.0,,,,,,13.0,8.0,2.0,3.0,,,11.0,2.0,3.0,,1.0
127954,,,,,,,,3.0,,1.0,,,,,,1.0,1.0,,,,,,,0.0,,
128106,,,,,,,,545.0,,228.0,1.0,,,,,12.0,15.0,26.0,50.0,3.0,,36.0,2.0,114.0,19.0,2.0
128151,,,,,,,,103.0,,57.0,,,,,,6.0,4.0,4.0,1.0,1.0,,1.0,0.0,11.0,6.0,
128179,,,,,,,,71.0,,35.0,,,,,,6.0,18.0,1.0,,,,,5.0,1.0,2.0,
128188,,,,,,,,119.0,,67.0,,,,,,9.0,19.0,3.0,1.0,,,0.0,8.0,7.0,1.0,
128258,,,,,,,,165.0,,76.0,,,,,,14.0,8.0,3.0,12.0,,,12.0,1.0,8.0,5.0,1.0
128300,,,,,,,,418.0,,,,,,,,92.0,155.0,105.0,36.0,,,,,30.0,,
128328,,,,,,,,301.0,,182.0,7.0,,,,,9.0,7.0,11.0,1.0,29.0,,6.0,,14.0,,
128337,,,,,,,,7.0,,4.0,,,,,,1.0,,,,,,,,1.0,,
128391,,,,,,,,327.0,,137.0,,,,,,32.0,16.0,15.0,43.0,2.0,,34.0,1.0,14.0,9.0,
128498,,,,,,,,258.0,,110.0,,,,,,16.0,15.0,9.0,15.0,1.0,,22.0,,31.0,7.0,
128540,,,,,,,,14.0,,8.0,,,,,,2.0,,,,,,,3.0,1.0,,
128577,,,,,,,,147.0,,67.0,,,,,,10.0,3.0,3.0,2.0,1.0,,6.0,,11.0,1.0,
128586,,,,,,,,10.0,,6.0,,,,,,1.0,1.0,,,,,1.0,,1.0,,
128674,,,,,,,,33.0,,19.0,,,,,,6.0,,,,,,,,3.0,1.0,
128683,,,,,,,,93.0,,42.0,,,,,,17.0,,,,,,14.0,,10.0,,2.0
128726,,,,,,,,14.0,,11.0,,,,,,2.0,1.0,,,,,,,,,
128744,,,,,,,,597.0,,254.0,,,,,,126.0,121.0,21.0,2.0,23.0,,,,35.0,,
128771,,,,,,,,1181.0,,609.0,,,,,,45.0,48.0,44.0,49.0,6.0,,72.0,,154.0,26.0,10.0
128780,,,,,,,,149.0,,66.0,,,,,,13.0,10.0,8.0,23.0,,,,,3.0,,
128896,,,,,,,,34.0,,11.0,,,,,,2.0,3.0,,,,,1.0,4.0,6.0,1.0,0.0
128902,,,,,,,,776.0,,223.0,,,,,,80.0,33.0,38.0,58.0,7.0,,166.0,,93.0,31.0,7.0
129002,,,,,,,,27.0,,17.0,,,,,,1.0,,,,,,,,1.0,,
129020,,,,,,,,9214.0,,2194.0,351.0,90.0,,,,329.0,341.0,740.0,290.0,1348.0,,613.0,11.0,2200.0,575.0,25.0
129154,,,,,,,,384.0,,161.0,,,,,,13.0,45.0,12.0,19.0,,,37.0,,36.0,,1.0
129181,,,,,,,,96.0,,39.0,,,,,,33.0,,,,,,6.0,,11.0,,2.0
129215,,,,,,,,737.0,,300.0,,,,,,31.0,29.0,33.0,54.0,5.0,,104.0,1.0,51.0,33.0,4.0
129242,,,,,,,,907.0,,362.0,,,,,,87.0,24.0,46.0,68.0,10.0,,61.0,,118.0,5.0,6.0
129349,,,,,,,,22.0,,11.0,,,,,,2.0,,,,,,,4.0,4.0,,
129367,,,,,,,,220.0,,119.0,,,,,,13.0,21.0,7.0,4.0,,,14.0,,13.0,,
129428,,,,,,,,13.0,,4.0,,,,,,2.0,,1.0,3.0,,,,,1.0,0.0,
129482,,,,,,,,30.0,,13.0,,,,,,4.0,,,,,,1.0,9.0,3.0,,
129491,,,,,,,,29.0,,8.0,,,,,,7.0,1.0,1.0,,,,1.0,,4.0,,
129525,,,,,,,,1193.0,,538.0,,,,,,55.0,99.0,13.0,118.0,6.0,,130.0,,148.0,22.0,4.0
129534,,,,,,,,66.0,,41.0,,,,,,2.0,4.0,1.0,,,,4.0,,10.0,1.0,
129543,,,,,,,,300.0,,165.0,,7.0,,,,14.0,20.0,8.0,11.0,,,9.0,,24.0,11.0,
129695,,,,,,,,398.0,,221.0,,,,,,23.0,9.0,13.0,7.0,,,38.0,,33.0,4.0,
129729,,,,,,,,379.0,,193.0,,,,,,9.0,15.0,8.0,3.0,,,33.0,,42.0,5.0,3.0
129756,,,,,,,,162.0,,98.0,,,,,,11.0,5.0,5.0,2.0,,,1.0,,11.0,1.0,
129774,,,,,,,,162.0,,36.0,,,,,,37.0,3.0,3.0,19.0,3.0,,23.0,,12.0,5.0,
129808,,,,,,,,239.0,,146.0,,,,,,11.0,11.0,7.0,10.0,,,11.0,,18.0,3.0,
129923,,,,,,,,106.0,,65.0,,,,,,21.0,,2.0,,,,,,14.0,,
129932,,,,,,,,44.0,,23.0,,,,,,6.0,,,,,,,8.0,,,
129941,,,,,,,,887.0,,389.0,,,,,,57.0,52.0,45.0,62.0,7.0,,66.0,,110.0,22.0,0.0
129969,,,,,,,,30.0,,19.0,,,,,,1.0,1.0,,,,,,1.0,3.0,,
130004,,,,,,,,343.0,,197.0,,,,,,7.0,8.0,10.0,12.0,,,4.0,,29.0,1.0,1.0
130040,,,,,,,,114.0,,51.0,,,,,,10.0,3.0,4.0,3.0,,,9.0,,11.0,,
130110,,,,,,,,30.0,,17.0,,,,,,,4.0,,,,,4.0,,4.0,,
130174,,,,,,,,265.0,,142.0,,,,,,19.0,13.0,2.0,2.0,,,,,14.0,,
130183,,,,,,,,604.0,,208.0,,,,,,57.0,16.0,10.0,36.0,0.0,,,,8.0,7.0,5.0
130217,,,,,,,,129.0,,63.0,,,,,,10.0,4.0,4.0,7.0,,,4.0,,10.0,5.0,
130226,,,,,,,,1504.0,,625.0,,,,,,333.0,16.0,28.0,61.0,20.0,,129.0,1.0,146.0,112.0,
130253,,,,,,,,1057.0,,455.0,,,,,,106.0,66.0,52.0,139.0,24.0,,73.0,,93.0,,
130314,,,,,,,,607.0,,200.0,,,,,,42.0,23.0,15.0,40.0,21.0,,42.0,,38.0,3.0,
130396,,,,,,,,383.0,,245.0,,,,,,14.0,10.0,9.0,15.0,,,28.0,,30.0,1.0,1.0
130448,,,,,,,,57.0,,36.0,0.0,,,,,9.0,1.0,0.0,1.0,,,,,4.0,,
130493,,,,,,,,1192.0,,603.0,,,,,,45.0,67.0,23.0,53.0,9.0,,126.0,,150.0,27.0,7.0
130509,,,,,,,,40.0,,25.0,,,,,,7.0,,,,,,,,1.0,,
130581,,,,,,,,36.0,,29.0,0.0,,,,,3.0,1.0,0.0,,,,,,2.0,,
130590,,,,,,,,666.0,,244.0,1.0,,,,,70.0,37.0,40.0,93.0,12.0,,31.0,,63.0,,1.0
130606,,,,,,,,242.0,,142.0,,,,,,7.0,5.0,10.0,10.0,2.0,,12.0,1.0,21.0,1.0,
130624,,,,,,,,107.0,,43.0,,,,,,9.0,2.0,3.0,11.0,1.0,,19.0,,12.0,7.0,
130697,,,,,,,,971.0,,389.0,,,,,,60.0,81.0,79.0,52.0,12.0,,43.0,2.0,121.0,43.0,10.0
130776,,,,,,,,735.0,,340.0,,,,,,40.0,33.0,37.0,32.0,7.0,,94.0,,70.0,34.0,
130794,,,,,,,,14054.0,,3043.0,1894.0,181.0,,,,1529.0,692.0,1392.0,299.0,395.0,,1368.0,,2438.0,240.0,69.0
130837,,,,,,,,14.0,,11.0,,,,,,1.0,,,,,,,,1.0,,
130873,,,,,,,,32.0,,13.0,,,,,,5.0,3.0,,,,,0.0,,1.0,,
130882,,,,,,,,75.0,,,,,,,,25.0,16.0,12.0,2.0,,,,,10.0,,
130907,,,,,,,,1250.0,,655.0,,,,,,63.0,53.0,44.0,57.0,,,95.0,,149.0,29.0,
130934,,,,,,,,836.0,,268.0,27.0,15.0,,,,30.0,46.0,4.0,49.0,3.0,,131.0,,94.0,,9.0
130943,,,,,,,,4257.0,,1146.0,,,,,,547.0,377.0,517.0,357.0,58.0,,315.0,,584.0,160.0,80.0
130989,,,,,,,,111.0,,41.0,,,,,,12.0,4.0,3.0,26.0,,,16.0,,6.0,,
131061,,,,,,,,14.0,,7.0,,,,,,2.0,2.0,,,,,0.0,,1.0,,
131098,,,,,,,,212.0,,94.0,,,,,,10.0,15.0,,25.0,1.0,,12.0,,40.0,,1.0
131113,,,,,,,,1062.0,,675.0,,,,,,87.0,60.0,29.0,14.0,,,32.0,,119.0,,
131159,,,,,,,,2756.0,,1003.0,19.0,,,,,397.0,257.0,191.0,274.0,13.0,,114.0,,286.0,66.0,44.0
131283,,,,,,,,1465.0,,521.0,70.0,,,,,98.0,48.0,90.0,100.0,7.0,,167.0,,198.0,21.0,1.0
131399,,,,,,,,839.0,,355.0,7.0,6.0,,,,90.0,85.0,21.0,30.0,,,21.0,,108.0,19.0,7.0
131405,,,,,,,,30.0,,19.0,,,,,,2.0,2.0,0.0,,,,2.0,,2.0,,
131450,,,,,,,,757.0,,182.0,9.0,,,,,90.0,47.0,46.0,133.0,7.0,,101.0,2.0,62.0,30.0,17.0
131469,,,,,,,,5547.0,,1641.0,83.0,,,,,1064.0,304.0,785.0,169.0,503.0,,100.0,,304.0,282.0,3.0
131496,,,,,,,,5407.0,,1570.0,336.0,,,,,1087.0,449.0,315.0,298.0,266.0,,253.0,,541.0,110.0,72.0
131520,,,,,,,,2784.0,,1208.0,143.0,58.0,,,,258.0,56.0,106.0,130.0,226.0,,22.0,,463.0,13.0,
131803,,,,,,,,39.0,,22.0,,,,,,2.0,,,,,,,5.0,3.0,,
131830,,,,,,,,10.0,,7.0,,,,,,2.0,1.0,,,,,,,,,
131876,,,,,,,,253.0,,125.0,,,,,,34.0,5.0,5.0,11.0,1.0,,9.0,4.0,18.0,,
131973,,,,,,,,71.0,,20.0,8.0,,,,,8.0,1.0,2.0,3.0,,,,,12.0,1.0,
132268,,,,,,,,40.0,,15.0,,,,,,1.0,,,,,,,,2.0,,
132338,,,,,,,,89.0,,42.0,,,,,,12.0,1.0,,1.0,,,,,6.0,,
132374,,,,,,,,373.0,,211.0,,,,,,8.0,3.0,4.0,14.0,,,20.0,5.0,45.0,29.0,
132408,,,,,,,,100.0,,39.0,,,,,,9.0,,2.0,,,,8.0,1.0,29.0,7.0,
132471,,,,,,,,1205.0,,505.0,,,,,,184.0,35.0,40.0,61.0,16.0,,11.0,6.0,239.0,11.0,1.0
132602,,,,,,,,640.0,,225.0,,,,,,80.0,46.0,20.0,62.0,3.0,,92.0,,97.0,,6.0
132657,,,,,,,,558.0,,130.0,,,,,,87.0,27.0,24.0,69.0,4.0,,77.0,3.0,81.0,11.0,9.0
132675,,,,,,,,117.0,,66.0,,,,,,2.0,6.0,2.0,6.0,24.0,,,,,,
132693,,,,,,,,1102.0,,502.0,,,,,,18.0,43.0,42.0,102.0,9.0,,60.0,8.0,144.0,45.0,8.0
132709,,,,,,,,2061.0,,913.0,,,,,,141.0,69.0,137.0,71.0,,,90.0,5.0,282.0,63.0,
132842,,,,,,,,131.0,,49.0,1.0,,,,,18.0,,7.0,,,,24.0,,24.0,3.0,
132851,,,,,,,,468.0,,142.0,,,,,,32.0,31.0,27.0,59.0,,,31.0,2.0,92.0,24.0,1.0
132879,,,,,,,,47.0,,18.0,,,,,,3.0,5.0,2.0,4.0,,,2.0,,4.0,,
132903,,,,,,,,5480.0,,1596.0,316.0,,,,,792.0,269.0,492.0,366.0,87.0,,426.0,7.0,844.0,163.0,9.0
132976,,,,,,,,50.0,,25.0,,,,,,2.0,,,,,,3.0,,10.0,8.0,
133021,,,,,,,,234.0,,85.0,,,,,,22.0,1.0,5.0,15.0,2.0,,38.0,,55.0,,1.0
133155,,,,,,,,71.0,,40.0,,,,,,3.0,2.0,2.0,1.0,,,5.0,1.0,8.0,1.0,
133386,,,,,,,,1089.0,,436.0,,,,,,55.0,41.0,55.0,42.0,,,227.0,,75.0,104.0,12.0
133465,,,,,,,,105.0,,50.0,,,,,,23.0,,,,,,1.0,,7.0,1.0,
133492,,,,,,,,395.0,,158.0,,,,,,45.0,22.0,16.0,25.0,4.0,,16.0,,58.0,7.0,1.0
133508,,,,,,,,777.0,,302.0,,,,,,47.0,57.0,36.0,39.0,30.0,,30.0,,110.0,3.0,
133526,,,,,,,,194.0,,71.0,,3.0,,,,19.0,8.0,1.0,17.0,2.0,,19.0,,18.0,,
133553,,,,,,,,1361.0,,320.0,2.0,,,,,179.0,117.0,109.0,56.0,8.0,,73.0,,161.0,33.0,194.0
133650,,,,,,,,1764.0,,581.0,28.0,49.0,,,,326.0,106.0,79.0,55.0,4.0,,210.0,2.0,228.0,7.0,6.0
133669,,,,,,,,3000.0,,977.0,86.0,,,,,549.0,436.0,148.0,101.0,26.0,,143.0,0.0,280.0,,3.0
133702,,,,,,,,1675.0,,630.0,,,,,,101.0,67.0,69.0,133.0,,,75.0,,317.0,139.0,3.0
133711,,,,,,,,371.0,,156.0,,,,,,26.0,34.0,12.0,36.0,7.0,,22.0,2.0,28.0,25.0,2.0
133809,,,,,,,,89.0,,38.0,,,,,,13.0,7.0,2.0,4.0,,,,5.0,7.0,,
133845,,,,,,,,49.0,,19.0,,,,,,15.0,2.0,,,,,,5.0,4.0,,
133854,,,,,,,,47.0,,15.0,,,,,,16.0,2.0,,,,,1.0,5.0,6.0,,
133863,,,,,,,,45.0,,18.0,,,,,,13.0,2.0,,,,,,5.0,5.0,,
133872,,,,,,,,303.0,,143.0,,,,,,40.0,11.0,15.0,10.0,,,19.0,3.0,51.0,,
133881,,,,,,,,1147.0,,389.0,31.0,,,,,141.0,45.0,47.0,38.0,22.0,,130.0,,228.0,52.0,5.0
133942,,,,,,,,6.0,,3.0,,,,,,1.0,1.0,,,,,,,0.0,,
133951,,,,,,,,5394.0,,1539.0,218.0,,,,,931.0,236.0,477.0,239.0,46.0,,333.0,,890.0,176.0,
133960,,,,,,,,120.0,,49.0,,,,,,11.0,11.0,3.0,3.0,,,,,35.0,4.0,
133979,,,,,,,,184.0,,71.0,,,,,,31.0,7.0,8.0,3.0,1.0,,12.0,,45.0,,1.0
133997,,,,,,,,30.0,,10.0,,,,,,1.0,3.0,,,,,,,16.0,,
134024,,,,,,,,23.0,,9.0,,,,,,3.0,,0.0,,,,1.0,1.0,7.0,,
134079,,,,,,,,572.0,,185.0,,,,,,84.0,12.0,19.0,52.0,9.0,,78.0,4.0,58.0,22.0,1.0
134097,,,,,,,,6483.0,,1648.0,367.0,,,,,341.0,777.0,623.0,487.0,121.0,,619.0,,635.0,242.0,9.0
134112,,,,,,,,303.0,,118.0,,,,,,72.0,24.0,10.0,,,,18.0,38.0,18.0,,
134130,,,,,,,,13892.0,,2655.0,564.0,1513.0,,,,955.0,742.0,1984.0,414.0,659.0,,901.0,11.0,2047.0,596.0,60.0
134149,,,,,,,,22.0,,13.0,,,,,,1.0,,,,,,,,1.0,,
134228,,,,,,,,10.0,,4.0,,,,,,2.0,1.0,,,,,,1.0,1.0,,
134237,,,,,,,,2233.0,,830.0,,,,,,185.0,50.0,74.0,81.0,1.0,,96.0,11.0,798.0,7.0,12.0
134291,,,,,,,,64.0,,26.0,,,,,,5.0,1.0,2.0,,,,6.0,,9.0,,
134307,,,,,,,,59.0,,33.0,,,,,,4.0,1.0,0.0,,,,4.0,,11.0,,
134343,,,,,,,,436.0,,206.0,,,,,,19.0,30.0,28.0,20.0,,,43.0,3.0,79.0,,
134422,,,,,,,,11.0,,5.0,,,,,,1.0,2.0,,,,,,2.0,0.0,,
134495,,,,,,,,1553.0,,678.0,,,,,,65.0,83.0,40.0,113.0,9.0,,69.0,18.0,309.0,39.0,
134510,,,,,,,,34.0,,10.0,,,,,,8.0,2.0,0.0,,,,4.0,1.0,7.0,,
134529,,,,,,,,16.0,,6.0,,,,,,1.0,,,,,,1.0,,4.0,,
134574,,,,,,,,14.0,,5.0,,,,,,2.0,2.0,,,,,,2.0,1.0,,
134608,,,,,,,,1269.0,,534.0,,10.0,,,,33.0,25.0,46.0,89.0,1.0,,92.0,3.0,243.0,47.0,10.0
134680,,,,,,,,16.0,,8.0,,,,,,1.0,3.0,1.0,,,,,,,,
134714,,,,,,,,23.0,,13.0,,,,,,2.0,,,,,,,3.0,4.0,1.0,
134811,,,,,,,,206.0,,104.0,,,,,,23.0,7.0,,,,,,,14.0,,
134945,,,,,,,,616.0,,261.0,,,,,,74.0,40.0,28.0,60.0,10.0,,27.0,0.0,65.0,2.0,1.0
135063,,,,,,,,38.0,,14.0,,,,,,7.0,1.0,2.0,,,,8.0,,5.0,,
135081,,,,,,,,2840.0,,1257.0,,,,,,247.0,334.0,23.0,32.0,,,17.0,,897.0,,
135142,,,,,,,,18.0,,8.0,,,,,,2.0,,,,,,,1.0,5.0,2.0,
135160,,,,,,,,261.0,,100.0,,,,,,13.0,30.0,5.0,6.0,,,6.0,1.0,89.0,7.0,
135179,,,,,,,,80.0,,30.0,,,,,,4.0,4.0,3.0,,,,8.0,,15.0,,
135188,,,,,,,,332.0,,120.0,,,,,,27.0,43.0,25.0,23.0,,,15.0,,50.0,1.0,2.0
135267,,,,,,,,86.0,,40.0,,,,,,4.0,,3.0,,,,,,22.0,15.0,
135276,,,,,,,,91.0,,51.0,,,,,,3.0,2.0,2.0,,12.0,,3.0,,1.0,1.0,16.0
135294,,,,,,,,129.0,,50.0,,,,,,7.0,4.0,1.0,,,,16.0,,30.0,17.0,
135337,,,,,,,,14.0,,6.0,,,,,,1.0,1.0,,,,,,,2.0,,
135364,,,,,,,,48.0,,21.0,,,,,,7.0,4.0,2.0,1.0,,,,,7.0,1.0,
135391,,,,,,,,583.0,,238.0,,,,,,36.0,66.0,18.0,14.0,,,14.0,,109.0,39.0,
135407,,,,,,,,212.0,,88.0,,,,,,20.0,2.0,1.0,1.0,,,8.0,1.0,42.0,16.0,1.0
135522,,,,,,,,98.0,,54.0,,,,,,4.0,3.0,1.0,1.0,1.0,,8.0,,2.0,,
135559,,,,,,,,7.0,,4.0,,,,,,1.0,1.0,,,,,,,1.0,,
135610,,,,,,,,43.0,,22.0,,,,,,2.0,2.0,,3.0,,,0.0,,2.0,,
135647,,,,,,,,97.0,,39.0,,,,,,5.0,5.0,0.0,,,,20.0,,19.0,,
135717,,,,,,,,4697.0,,1410.0,,,,,,110.0,84.0,221.0,131.0,4.0,,679.0,,1607.0,26.0,1.0
135726,,,,,,,,11039.0,,1624.0,191.0,909.0,,,,953.0,747.0,1889.0,377.0,1187.0,,975.0,11.0,1702.0,207.0,30.0
135735,,,,,,,,195.0,,107.0,,,,,,6.0,,3.0,,,,8.0,,48.0,,
135771,,,,,,,,40.0,,7.0,,,,,,25.0,1.0,,1.0,,,2.0,,4.0,,
136066,,,,,,,,46.0,,23.0,,,,,,8.0,,1.0,,,,3.0,,7.0,,
136109,,,,,,,,17.0,,10.0,,,,,,3.0,,,,,,,2.0,2.0,,
136145,,,,,,,,129.0,,40.0,,1.0,,,,12.0,1.0,9.0,12.0,,,2.0,,37.0,8.0,
136172,,,,,,,,1848.0,,614.0,3.0,,,,,334.0,59.0,82.0,73.0,10.0,,180.0,2.0,261.0,67.0,12.0
136215,,,,,,,,4057.0,,1060.0,108.0,,,,,371.0,673.0,289.0,77.0,54.0,,277.0,2.0,734.0,33.0,
136233,,,,,,,,467.0,,156.0,,,,,,12.0,11.0,24.0,53.0,,,46.0,,94.0,22.0,1.0
136288,,,,,,,,3.0,,2.0,,,,,,,,,,,,,,,,
136303,,,,,,,,109.0,,58.0,,,,,,4.0,7.0,,,,,6.0,,18.0,,
136330,,,,,,,,502.0,,231.0,,,,,,56.0,4.0,13.0,27.0,4.0,,22.0,,73.0,,
136358,,,,,,,,1572.0,,576.0,,,,,,35.0,32.0,52.0,166.0,5.0,,79.0,1.0,265.0,48.0,5.0
136400,,,,,,,,592.0,,247.0,,,,,,22.0,19.0,49.0,66.0,,,3.0,18.0,112.0,30.0,
136473,,,,,,,,692.0,,291.0,,,,,,50.0,22.0,58.0,81.0,,,23.0,,131.0,15.0,2.0
136491,,,,,,,,101.0,,62.0,,,,,,7.0,,1.0,,,,8.0,,17.0,,
136516,,,,,,,,652.0,,238.0,,,,,,31.0,33.0,23.0,26.0,,,,,127.0,19.0,1.0
136659,,,,,,,,40.0,,15.0,,,,,,2.0,,1.0,6.0,,,,,6.0,,
136701,,,,,,,,48.0,,15.0,,1.0,,,,11.0,2.0,1.0,,,,12.0,,3.0,3.0,
136765,,,,,,,,62.0,,41.0,,,,,,3.0,1.0,1.0,1.0,1.0,,,,9.0,,
136774,,,,,,,,327.0,,116.0,,,,,,54.0,18.0,19.0,19.0,,,19.0,0.0,41.0,8.0,
136783,,,,,,,,8.0,,4.0,,,,,,1.0,1.0,,,,,1.0,,1.0,,
136826,,,,,,,,96.0,,36.0,,,,,,4.0,4.0,2.0,,,,,,14.0,27.0,
136950,,,,,,,,738.0,,235.0,,,,,,66.0,58.0,37.0,87.0,9.0,,76.0,,104.0,26.0,4.0
137023,,,,,,,,111.0,,43.0,,,,,,4.0,2.0,6.0,5.0,,,15.0,,15.0,7.0,
137032,,,,,,,,1363.0,,487.0,,,,,,193.0,63.0,61.0,68.0,5.0,,107.0,117.0,145.0,15.0,4.0
137078,,,,,,,,2001.0,,780.0,,,,,,120.0,48.0,132.0,83.0,4.0,,157.0,9.0,435.0,69.0,22.0
137087,,,,,,,,124.0,,86.0,,,,,,3.0,2.0,,,,,11.0,,22.0,,
137096,,,,,,,,901.0,,394.0,,,,,,67.0,44.0,40.0,43.0,7.0,,73.0,1.0,189.0,13.0,
137120,,,,,,,,387.0,,172.0,,,,,,,2.0,4.0,22.0,52.0,,31.0,,1.0,15.0,16.0
137148,,,,,,,,32.0,,16.0,,,,,,4.0,,,,,,,,2.0,,
137209,,,,,,,,969.0,,384.0,,,,,,29.0,69.0,52.0,55.0,1.0,,79.0,,114.0,10.0,3.0
137245,,,,,,,,280.0,,117.0,,,,,,7.0,2.0,3.0,8.0,,,31.0,5.0,12.0,30.0,5.0
137272,,,,,,,,40.0,,12.0,1.0,,,,,1.0,1.0,1.0,,,,15.0,,,3.0,
137281,,,,,,,,464.0,,219.0,,,,,,30.0,11.0,19.0,25.0,,,29.0,,108.0,3.0,1.0
137315,,,,,,,,327.0,,91.0,,,,,,16.0,19.0,10.0,28.0,,,34.0,,73.0,10.0,
137351,,,,,,,,7442.0,,1952.0,366.0,,,,,357.0,770.0,613.0,513.0,884.0,,377.0,5.0,849.0,188.0,71.0
137476,,,,,,,,552.0,,231.0,,,,,,41.0,34.0,17.0,51.0,2.0,,45.0,,58.0,,
137546,,,,,,,,906.0,,316.0,,,,,,83.0,56.0,37.0,100.0,12.0,,126.0,5.0,88.0,8.0,4.0
137564,,,,,,,,583.0,,232.0,,,,,,66.0,8.0,10.0,44.0,6.0,,59.0,,129.0,12.0,
137591,,,,,,,,53.0,,26.0,,,,,,6.0,2.0,,,,,1.0,,18.0,,
137713,,,,,,,,31.0,,16.0,,,,,,1.0,1.0,,,,,2.0,,6.0,,
137759,,,,,,,,970.0,,363.0,,1.0,,,,28.0,72.0,43.0,70.0,1.0,,85.0,3.0,212.0,24.0,
137777,,,,,,,,26.0,,11.0,1.0,,,,,1.0,3.0,,,,,6.0,,2.0,,
137801,,,,,,,,47.0,,21.0,,,,,,1.0,,,,,,,,2.0,,
137847,,,,,,,,818.0,,440.0,,,,,,51.0,38.0,7.0,104.0,7.0,,43.0,,90.0,1.0,
137856,,,,,,,,25.0,,9.0,,,,,,3.0,1.0,,,,,3.0,,6.0,,
137865,,,,,,,,44.0,,26.0,,,,,,3.0,2.0,,1.0,,,2.0,,1.0,1.0,
137953,,,,,,,,48.0,,18.0,,,,,,7.0,1.0,,8.0,,,,2.0,9.0,,
137962,,,,,,,,40.0,,18.0,,1.0,,,,8.0,1.0,1.0,2.0,,,,,3.0,1.0,
138132,,,,,,,,7.0,,4.0,,,,,,1.0,,,,,,,,1.0,,
138187,,,,,,,,2419.0,,976.0,,,,,,83.0,343.0,89.0,107.0,,,185.0,26.0,308.0,35.0,2.0
138275,,,,,,,,207.0,,81.0,,,,,,22.0,2.0,2.0,21.0,6.0,,21.0,,17.0,,
138284,,,,,,,,53.0,,38.0,,,,,,3.0,3.0,,,,,,,8.0,,
138293,,,,,,,,121.0,,21.0,,,,,,10.0,6.0,,24.0,11.0,,30.0,,18.0,,
138309,,,,,,,,591.0,,419.0,,,,,,37.0,5.0,,,,,,,17.0,,
138354,,,,,,,,1504.0,,437.0,26.0,,,,,285.0,258.0,117.0,40.0,13.0,,75.0,,190.0,38.0,9.0
138372,,,,,,,,138.0,,85.0,,,,,,5.0,5.0,2.0,,,,6.0,,7.0,,
138479,,,,,,,,165.0,,78.0,,,,,,6.0,1.0,5.0,5.0,,,10.0,6.0,17.0,12.0,
138488,,,,,,,,91.0,,57.0,,,,,,5.0,,,,,,5.0,,19.0,,
138497,,,,,,,,78.0,,37.0,,,,,,4.0,5.0,2.0,1.0,,,,,20.0,7.0,
138558,,,,,,,,319.0,,129.0,,,,,,40.0,9.0,13.0,9.0,2.0,,16.0,2.0,63.0,13.0,
138600,,,,,,,,349.0,,96.0,,,,,,22.0,34.0,20.0,20.0,6.0,,54.0,,30.0,5.0,
138655,,,,,,,,53.0,,13.0,,,,,,4.0,8.0,,,,,,5.0,4.0,8.0,
138664,,,,,,,,9.0,,1.0,,,,,,1.0,,,,,,,4.0,,,
138682,,,,,,,,311.0,,147.0,,,,,,17.0,27.0,10.0,13.0,,,19.0,,37.0,6.0,
138691,,,,,,,,334.0,,164.0,,1.0,,,,23.0,6.0,17.0,20.0,12.0,,19.0,,53.0,5.0,
138716,,,,,,,,497.0,,170.0,,,,,,46.0,8.0,22.0,23.0,1.0,,70.0,,110.0,9.0,
138761,,,,,,,,66.0,,24.0,,,,,,5.0,3.0,1.0,16.0,1.0,,2.0,,11.0,,
138789,,,,,,,,749.0,,353.0,,,,,,95.0,6.0,26.0,25.0,,,45.0,,131.0,20.0,
138813,,,,,,,,155.0,,71.0,,,,,,20.0,,,,,,,,7.0,,
138822,,,,,,,,51.0,,31.0,,,,,,6.0,1.0,,,,,4.0,0.0,5.0,1.0,
138840,,,,,,,,324.0,,171.0,,,,,,13.0,29.0,11.0,10.0,,,18.0,,53.0,,
138868,,,,,,,,217.0,,99.0,,,,,,45.0,3.0,6.0,32.0,,,,,5.0,,
138901,,,,,,,,282.0,,107.0,,,,,,37.0,3.0,13.0,7.0,,,29.0,,47.0,8.0,
138929,,,,,,,,68.0,,28.0,,,,,,12.0,,3.0,,,,2.0,,11.0,,
138938,,,,,,,,35.0,,19.0,,,,,,5.0,1.0,,,,,1.0,2.0,7.0,,
138947,,,,,,,,571.0,,209.0,23.0,,,,,30.0,42.0,29.0,40.0,2.0,,43.0,,141.0,,
138956,,,,,,,,344.0,,180.0,,,,,,37.0,10.0,5.0,,,,34.0,,57.0,7.0,
139010,,,,,,,,186.0,,81.0,,,,,,19.0,3.0,10.0,5.0,1.0,,23.0,,27.0,3.0,
139144,,,,,,,,544.0,,179.0,,,,,,66.0,17.0,16.0,56.0,,,86.0,,81.0,19.0,13.0
139153,,,,,,,,91.0,,41.0,,,,,,10.0,3.0,,,,,2.0,,31.0,,
139199,,,,,,,,400.0,,194.0,,,,,,32.0,2.0,7.0,14.0,1.0,,11.0,9.0,70.0,,2.0
139205,,,,,,,,88.0,,31.0,,,,,,7.0,1.0,2.0,12.0,,,8.0,,10.0,1.0,
139214,,,,,,,,24.0,,11.0,,,,,,5.0,,1.0,,,,,,6.0,,
139250,,,,,,,,314.0,,139.0,,,,,,25.0,6.0,8.0,14.0,,,36.0,,45.0,6.0,
139278,,,,,,,,554.0,,266.0,,11.0,,,,30.0,21.0,13.0,30.0,,,41.0,,97.0,,1.0
139287,,,,,,,,14.0,,6.0,,,,,,,1.0,,,,,,,7.0,,
139311,,,,,,,,715.0,,261.0,,,,,,113.0,21.0,32.0,33.0,7.0,,68.0,1.0,93.0,10.0,
139348,,,,,,,,75.0,,22.0,,,,,,11.0,5.0,3.0,2.0,,,2.0,4.0,10.0,,
139357,,,,,,,,275.0,,127.0,,,,,,20.0,17.0,9.0,18.0,,,26.0,,37.0,,
139366,,,,,,,,980.0,,396.0,,,,,,115.0,14.0,33.0,47.0,4.0,,107.0,,158.0,36.0,
139384,,,,,,,,378.0,,181.0,,,,,,35.0,14.0,13.0,3.0,,,24.0,,89.0,,
139393,,,,,,,,220.0,,77.0,,,,,,23.0,12.0,4.0,32.0,3.0,,23.0,2.0,17.0,14.0,
139463,,,,,,,,369.0,,186.0,,,,,,37.0,5.0,10.0,11.0,,,34.0,,51.0,8.0,
139506,,,,,,,,19.0,,10.0,,,,,,2.0,,,,,,0.0,1.0,5.0,,
139579,,,,,,,,142.0,,63.0,,,,,,35.0,,,,,,,,9.0,4.0,
139621,,,,,,,,251.0,,104.0,,,,,,42.0,4.0,3.0,9.0,,,26.0,,40.0,7.0,
139630,,,,,,,,155.0,,60.0,,,,,,4.0,11.0,2.0,36.0,3.0,,8.0,,25.0,3.0,
139658,,,,,,,,10943.0,,2415.0,947.0,842.0,,,,698.0,585.0,1348.0,408.0,845.0,,670.0,7.0,926.0,184.0,13.0
139700,,,,,,,,378.0,,172.0,,1.0,,,,41.0,7.0,20.0,17.0,,,13.0,,64.0,3.0,
139719,,,,,,,,504.0,,70.0,4.0,,,,,65.0,12.0,34.0,19.0,1.0,,83.0,,60.0,18.0,
139746,,,,,,,,13.0,,8.0,,,,,,1.0,1.0,,,,,,,2.0,,
139755,,,,,,,,7078.0,,888.0,310.0,32.0,,,,938.0,407.0,2219.0,231.0,38.0,,600.0,,679.0,319.0,
139764,,,,,,,,312.0,,129.0,,,,,,46.0,6.0,12.0,10.0,2.0,,17.0,0.0,43.0,17.0,
139861,,,,,,,,967.0,,358.0,,,,,,149.0,31.0,30.0,33.0,6.0,,106.0,4.0,136.0,50.0,
139931,,,,,,,,2701.0,,810.0,22.0,21.0,,,,302.0,91.0,112.0,81.0,27.0,,486.0,,439.0,158.0,
139940,,,,,,,,5081.0,,1468.0,68.0,22.0,,,,530.0,230.0,331.0,103.0,27.0,,637.0,4.0,882.0,272.0,
139959,,,,,,,,10302.0,,2102.0,146.0,579.0,,,,897.0,683.0,1543.0,585.0,148.0,,1504.0,24.0,1042.0,409.0,
139968,,,,,,,,329.0,,147.0,,,,,,29.0,6.0,4.0,7.0,3.0,,49.0,1.0,51.0,9.0,
139986,,,,,,,,361.0,,150.0,,7.0,,,,36.0,23.0,11.0,10.0,,,39.0,,53.0,,
139995,,,,,,,,11.0,,7.0,,,,,,,,,,,,,,2.0,,
140003,,,,,,,,28.0,,13.0,,,,,,2.0,2.0,,,,,,3.0,6.0,,
140012,,,,,,,,611.0,,308.0,,,,,,19.0,41.0,18.0,17.0,,,36.0,,106.0,,
140146,,,,,,,,54.0,,15.0,0.0,,,,,15.0,3.0,3.0,2.0,,,,,10.0,0.0,
140234,,,,,,,,201.0,,85.0,,,,,,20.0,14.0,3.0,33.0,4.0,,,,26.0,,
140243,,,,,,,,346.0,,186.0,,7.0,,,,16.0,18.0,9.0,11.0,,,12.0,,52.0,,
140252,,,,,,,,476.0,,153.0,1.0,,,,,86.0,17.0,8.0,13.0,18.0,,15.0,9.0,143.0,,
140331,,,,,,,,612.0,,265.0,,,,,,23.0,27.0,20.0,55.0,,,64.0,,65.0,,
140340,,,,,,,,60.0,,32.0,,,,,,2.0,,1.0,,,,1.0,,3.0,,
140447,,,,,,,,1603.0,,526.0,41.0,34.0,,,,151.0,53.0,215.0,148.0,28.0,,77.0,,233.0,,
140553,,,,,,,,463.0,,172.0,,,,,,70.0,24.0,10.0,24.0,6.0,,28.0,,65.0,15.0,7.0
140562,,,,,,,,1026.0,,214.0,86.0,32.0,,,,139.0,43.0,70.0,19.0,28.0,,44.0,,168.0,,
140678,,,,,,,,242.0,,108.0,,2.0,,,,9.0,23.0,4.0,4.0,,,25.0,5.0,29.0,5.0,
140696,,,,,,,,182.0,,76.0,1.0,,,,,13.0,14.0,4.0,38.0,,,,,28.0,,
140720,,,,,,,,132.0,,39.0,3.0,,,,,16.0,5.0,3.0,7.0,,,21.0,,15.0,,
140818,,,,,,,,327.0,,167.0,,,,,,18.0,7.0,6.0,29.0,,,25.0,14.0,31.0,16.0,
140827,,,,,,,,13.0,,6.0,,,,,,1.0,,0.0,,,,0.0,,3.0,1.0,
140872,,,,,,,,263.0,,105.0,,,,,,20.0,18.0,5.0,44.0,5.0,,25.0,,22.0,8.0,
140942,,,,,,,,366.0,,184.0,,31.0,,,,14.0,9.0,11.0,4.0,,,21.0,8.0,26.0,6.0,
140951,,,,,,,,1520.0,,564.0,,,,,,105.0,49.0,60.0,76.0,,,83.0,7.0,340.0,4.0,24.0
140960,,,,,,,,680.0,,231.0,1.0,,,,,74.0,26.0,15.0,34.0,5.0,,104.0,,92.0,26.0,
140988,,,,,,,,241.0,,105.0,,,,,,25.0,14.0,8.0,40.0,1.0,,14.0,,28.0,1.0,0.0
141006,,,,,,,,181.0,,85.0,,,,,,14.0,16.0,4.0,11.0,,,19.0,,27.0,,
141015,,,,,,,,63.0,,48.0,,,,,,4.0,1.0,,,,,4.0,3.0,3.0,,
141060,,,,,,,,564.0,,195.0,,,,,,54.0,46.0,33.0,14.0,4.0,,66.0,,115.0,13.0,3.0
141167,,,,,,,,172.0,,81.0,,,,,,4.0,11.0,2.0,33.0,2.0,,1.0,,13.0,,2.0
141185,,,,,,,,146.0,,65.0,1.0,,,,,22.0,3.0,3.0,9.0,1.0,,10.0,,15.0,8.0,
141237,,,,,,,,159.0,,68.0,,,,,,13.0,2.0,3.0,12.0,,,12.0,3.0,36.0,2.0,
141255,,,,,,,,349.0,,182.0,,,,,,15.0,18.0,8.0,3.0,,,32.0,,70.0,,
141264,,,,,,,,1205.0,,482.0,,1.0,,,,149.0,35.0,56.0,29.0,15.0,,141.0,,154.0,53.0,
141325,,,,,,,,189.0,,66.0,0.0,1.0,,,,22.0,9.0,4.0,12.0,3.0,,18.0,3.0,17.0,4.0,
141334,,,,,,,,1635.0,,527.0,1.0,,,,,192.0,39.0,46.0,83.0,13.0,,307.0,,214.0,66.0,
141361,,,,,,,,220.0,,97.0,,,,,,37.0,2.0,7.0,22.0,4.0,,6.0,,14.0,,
141486,,,,,,,,328.0,,114.0,6.0,1.0,,,,41.0,6.0,17.0,30.0,2.0,,28.0,3.0,42.0,,
141565,,,,,,,,572.0,,243.0,,,,,,25.0,35.0,17.0,66.0,4.0,,49.0,2.0,60.0,11.0,
141574,,,,,,,,4226.0,,1367.0,224.0,45.0,,,,146.0,411.0,321.0,361.0,43.0,,337.0,25.0,250.0,96.0,10.0
141608,,,,,,,,10.0,,4.0,,,,,,1.0,0.0,,,,,,1.0,1.0,0.0,
141644,,,,,,,,558.0,,221.0,16.0,,,,,93.0,27.0,27.0,39.0,2.0,,20.0,,39.0,1.0,2.0
141680,,,,,,,,327.0,,145.0,,,,,,13.0,9.0,16.0,30.0,1.0,,29.0,2.0,29.0,2.0,1.0
141796,,,,,,,,457.0,,250.0,,,,,,15.0,16.0,12.0,49.0,,,34.0,,38.0,4.0,
141802,,,,,,,,165.0,,68.0,,,,,,9.0,3.0,4.0,18.0,,,17.0,1.0,21.0,4.0,2.0
141811,,,,,,,,392.0,,198.0,,,,,,11.0,10.0,6.0,44.0,,,28.0,2.0,40.0,4.0,6.0
141839,,,,,,,,277.0,,126.0,,,,,,12.0,18.0,6.0,40.0,,,16.0,,27.0,3.0,5.0
141848,,,,,,,,8.0,,5.0,,,,,,1.0,1.0,,,,,,,1.0,,
141936,,,,,,,,10.0,,4.0,,,,,,,,,,2.0,,,,1.0,,
141945,,,,,,,,10.0,,4.0,,,,,,3.0,0.0,,,,,,,,,
141963,,,,,,,,546.0,,,,,,,,82.0,199.0,153.0,28.0,1.0,,2.0,,45.0,,
141981,,,,,,,,252.0,,108.0,,,,,,8.0,26.0,11.0,45.0,1.0,,13.0,1.0,7.0,3.0,4.0
141990,,,,,,,,179.0,,67.0,,,,,,9.0,8.0,6.0,26.0,,,23.0,2.0,15.0,2.0,2.0
142054,,,,,,,,51.0,,29.0,,,,,,10.0,,1.0,,,,,,2.0,,
142090,,,,,,,,26.0,,9.0,,,,,,5.0,1.0,,,,,1.0,2.0,3.0,,
142115,,,,,,,,2541.0,,924.0,26.0,,,,,91.0,288.0,234.0,194.0,27.0,,155.0,2.0,255.0,54.0,9.0
142179,,,,,,,,244.0,,166.0,1.0,2.0,,,,16.0,4.0,8.0,2.0,,,6.0,,23.0,3.0,
142276,,,,,,,,1791.0,,652.0,9.0,,,,,243.0,126.0,130.0,84.0,42.0,,145.0,,241.0,59.0,7.0
142285,,,,,,,,2388.0,,628.0,57.0,114.0,,,,95.0,277.0,346.0,144.0,9.0,,122.0,20.0,231.0,126.0,23.0
142294,,,,,,,,283.0,,107.0,,,,,,25.0,11.0,11.0,48.0,5.0,,32.0,2.0,28.0,4.0,
142328,,,,,,,,457.0,,208.0,,,,,,14.0,17.0,20.0,36.0,2.0,,29.0,,73.0,12.0,1.0
142407,,,,,,,,9.0,,2.0,,,,,,2.0,2.0,,,,,,,1.0,,
142416,,,,,,,,5.0,,2.0,,,,,,2.0,,,,,,1.0,,,,
142443,,,,,,,,689.0,,238.0,,,,,,30.0,36.0,30.0,74.0,5.0,,59.0,1.0,70.0,18.0,1.0
142461,,,,,,,,310.0,,134.0,,,,,,25.0,14.0,20.0,32.0,1.0,,11.0,,62.0,,
142489,,,,,,,,4.0,,2.0,,,,,,1.0,,,,,,,,1.0,,
142522,,,,,,,,1876.0,,1091.0,,,,,,73.0,91.0,79.0,82.0,13.0,,102.0,6.0,183.0,66.0,14.0
142559,,,,,,,,560.0,,216.0,,,,,,51.0,13.0,16.0,36.0,,,57.0,1.0,30.0,17.0,
142832,,,,,,,,199.0,,64.0,,,,,,63.0,9.0,17.0,18.0,,,1.0,,13.0,,
142869,,,,,,,,3.0,,1.0,,,,,,1.0,,,,,,,,1.0,,
142878,,,,,,,,2.0,,1.0,,,,,,1.0,,,,,,,,,,
142887,,,,,,,,63.0,,23.0,,,,,,8.0,,,,,,,10.0,20.0,,
142957,,,,,,,,14.0,,4.0,,,,,,6.0,1.0,,,,,2.0,,,,
143048,,,,,,,,808.0,,388.0,,,,,,75.0,74.0,42.0,62.0,5.0,,16.0,2.0,87.0,1.0,
143084,,,,,,,,594.0,,211.0,,,,,,89.0,6.0,16.0,63.0,5.0,,96.0,,69.0,16.0,4.0
143118,,,,,,,,551.0,,265.0,,,,,,37.0,33.0,15.0,79.0,6.0,,25.0,3.0,42.0,,1.0
143181,,,,,,,,7.0,,3.0,,,,,,,,,,,,,,1.0,,
143215,,,,,,,,732.0,,320.0,,,,,,21.0,57.0,50.0,137.0,15.0,,77.0,,43.0,,
143233,,,,,,,,26.0,,9.0,,,,,,5.0,,2.0,3.0,,,0.0,,7.0,0.0,
143279,,,,,,,,376.0,,153.0,,,,,,9.0,33.0,28.0,63.0,1.0,,49.0,3.0,27.0,,
143288,,,,,,,,117.0,,45.0,,,,,,24.0,3.0,4.0,9.0,1.0,,1.0,8.0,11.0,5.0,1.0
143297,,,,,,,,50.0,,27.0,,,,,,4.0,,3.0,1.0,,,,,5.0,,
143303,,,,,,,,4.0,,4.0,,,,,,,,,,,,,,,,
143358,,,,,,,,1053.0,,425.0,,16.0,,,,49.0,24.0,38.0,67.0,,,119.0,,162.0,28.0,
143376,,,,,,,,36.0,,13.0,,,,,,5.0,1.0,,,,,,5.0,9.0,1.0,
143464,,,,,,,,10.0,,8.0,,,,,,2.0,,,,,,,0.0,,,
143473,,,,,,,,5.0,,3.0,,,,,,1.0,,,,,,0.0,,1.0,,
143482,,,,,,,,4.0,,2.0,,,,,,1.0,,,,,,0.0,,1.0,,
143491,,,,,,,,5.0,,2.0,,,,,,1.0,,,,,,0.0,,1.0,,
143516,,,,,,,,3.0,,2.0,,,,,,1.0,,,,,,0.0,,,,
143543,,,,,,,,7.0,,5.0,,,,,,1.0,,,,,,,,,,
143552,,,,,,,,10.0,,6.0,,,,,,1.0,1.0,,,,,,1.0,1.0,,
143613,,,,,,,,210.0,,75.0,,,,,,21.0,10.0,10.0,25.0,,,30.0,,23.0,,0.0
143659,,,,,,,,89.0,,33.0,,,,,,31.0,4.0,2.0,5.0,,,,,,8.0,
143695,,,,,,,,4.0,,2.0,,,,,,1.0,,,,,,,,,,
143853,,,,,,,,633.0,,257.0,31.0,,,,,46.0,14.0,26.0,21.0,18.0,,85.0,,109.0,,
143978,,,,,,,,243.0,,107.0,,,,,,46.0,2.0,,2.0,,,,26.0,16.0,,
144005,,,,,,,,622.0,,219.0,,,,,,38.0,38.0,13.0,27.0,6.0,,97.0,,56.0,1.0,4.0
144014,,,,,,,,34.0,,11.0,,,,,,3.0,2.0,2.0,,,,0.0,,8.0,,
144050,,,,,,,,10153.0,,2328.0,1437.0,,,,,1288.0,747.0,1062.0,605.0,385.0,,275.0,20.0,821.0,203.0,76.0
144157,,,,,,,,394.0,,111.0,,,,,,12.0,33.0,9.0,50.0,1.0,,83.0,8.0,31.0,,
144166,,,,,,,,437.0,,186.0,,,,,,25.0,22.0,11.0,29.0,8.0,,60.0,,26.0,,
144175,,,,,,,,272.0,,74.0,,,,,,13.0,19.0,9.0,22.0,1.0,,52.0,,37.0,,
144184,,,,,,,,423.0,,144.0,,,,,,13.0,22.0,13.0,28.0,1.0,,57.0,,36.0,,
144193,,,,,,,,330.0,,116.0,,,,,,15.0,23.0,8.0,25.0,1.0,,62.0,,28.0,,
144209,,,,,,,,428.0,,202.0,,,,,,10.0,27.0,9.0,28.0,1.0,,38.0,,37.0,,
144218,,,,,,,,427.0,,181.0,,,,,,17.0,27.0,12.0,22.0,3.0,,52.0,,40.0,,
144281,,,,,,,,1266.0,,591.0,,,,,,130.0,85.0,61.0,150.0,,,12.0,3.0,91.0,11.0,0.0
144351,,,,,,,,629.0,,386.0,3.0,,,,,37.0,14.0,10.0,27.0,,,25.0,,99.0,,
144467,,,,,,,,23.0,,14.0,,,,,,1.0,2.0,,,,,,,2.0,,
144485,,,,,,,,42.0,,15.0,,,,,,4.0,5.0,,,,,1.0,6.0,2.0,,
144500,,,,,,,,357.0,,,,,,,,27.0,92.0,100.0,60.0,1.0,,33.0,2.0,19.0,,
144564,,,,,,,,212.0,,80.0,,,,,,11.0,27.0,8.0,38.0,2.0,,20.0,7.0,17.0,,
144573,,,,,,,,5.0,,2.0,,,,,,,,,,,,,,1.0,,
144740,,,,,,,,2959.0,,1242.0,,,,,,401.0,243.0,220.0,262.0,1.0,,95.0,2.0,345.0,31.0,4.0
144777,,,,,,,,337.0,,,,,,,,128.0,109.0,12.0,,,,,,26.0,,
144795,,,,,,,,27.0,,12.0,,,,,,3.0,1.0,,,,,,1.0,5.0,,
144865,,,,,,,,1389.0,,669.0,,,,,,30.0,63.0,60.0,121.0,2.0,,102.0,46.0,171.0,,
144883,,,,,,,,49.0,,21.0,,,,,,6.0,3.0,3.0,,,,,,2.0,,3.0
144892,,,,,,,,1152.0,,458.0,,,,,,34.0,72.0,49.0,125.0,16.0,,160.0,3.0,143.0,50.0,3.0
144944,,,,,,,,669.0,,265.0,,,,,,120.0,12.0,35.0,44.0,0.0,,65.0,2.0,89.0,13.0,0.0
144962,,,,,,,,506.0,,216.0,,,,,,40.0,20.0,8.0,45.0,3.0,,52.0,,93.0,13.0,2.0
144971,,,,,,,,131.0,,51.0,,,,,,15.0,8.0,4.0,13.0,1.0,,10.0,1.0,9.0,4.0,
145099,,,,,,,,17.0,,6.0,,,,,,3.0,1.0,1.0,,1.0,,,,0.0,,
145239,,,,,,,,60.0,,35.0,,,,,,6.0,3.0,,,,,,6.0,6.0,,
145275,,,,,,,,68.0,,24.0,,,,,,6.0,5.0,3.0,1.0,,,6.0,,7.0,,
145309,,,,,,,,8.0,,4.0,,,,,,,2.0,,,,,,,1.0,,
145336,,,,,,,,761.0,,292.0,,,,,,73.0,75.0,25.0,41.0,1.0,,30.0,2.0,98.0,25.0,11.0
145354,,,,,,,,15.0,,8.0,,,,,,1.0,,,,,,,,4.0,,
145372,,,,,,,,201.0,,89.0,,,,,,19.0,4.0,5.0,32.0,,,7.0,,25.0,6.0,
145406,,,,,,,,25.0,,11.0,,,,,,4.0,2.0,,,,,,,6.0,1.0,
145424,,,,,,,,6.0,,3.0,,,,,,2.0,,,,,,,,1.0,,
145433,,,,,,,,8.0,,3.0,,,,,,3.0,,,,,,,,1.0,,
145460,,,,,,,,20.0,,15.0,,,,,,1.0,2.0,1.0,,,,,,,,
145497,,,,,,,,54.0,,22.0,,,,,,6.0,2.0,0.0,1.0,,,13.0,,4.0,,
145521,,,,,,,,180.0,,74.0,,3.0,,,,21.0,1.0,6.0,16.0,,,16.0,2.0,27.0,3.0,1.0
145558,,,,,,,,683.0,,196.0,11.0,,,,,90.0,13.0,116.0,19.0,84.0,,17.0,0.0,103.0,5.0,8.0
145600,,,,,,,,11100.0,,2284.0,314.0,,,,,1153.0,743.0,962.0,239.0,2687.0,,603.0,,1526.0,256.0,195.0
145619,,,,,,,,688.0,,291.0,,,,,,82.0,70.0,17.0,66.0,3.0,,36.0,,82.0,,
145628,,,,,,,,227.0,,61.0,1.0,0.0,,,,17.0,14.0,10.0,8.0,14.0,,42.0,,48.0,,5.0
145637,,,,,,,,10674.0,,2358.0,281.0,,,,,1292.0,799.0,1365.0,424.0,219.0,,1058.0,,1301.0,525.0,222.0
145646,,,,,,,,480.0,,170.0,,,,,,32.0,11.0,12.0,52.0,2.0,,77.0,2.0,51.0,20.0,2.0
145682,,,,,,,,687.0,,288.0,,,,,,24.0,42.0,48.0,68.0,4.0,,89.0,27.0,60.0,,
145691,,,,,,,,233.0,,82.0,,,,,,24.0,6.0,7.0,31.0,3.0,,25.0,1.0,21.0,1.0,
145707,,,,,,,,101.0,,54.0,,,,,,4.0,2.0,3.0,17.0,,,8.0,2.0,9.0,1.0,
145725,,,,,,,,1243.0,,412.0,,,,,,221.0,107.0,68.0,2.0,4.0,,68.0,,163.0,,
145770,,,,,,,,69.0,,35.0,,,,,,14.0,,,,,,,,3.0,,
145813,,,,,,,,3150.0,,969.0,,,,,,336.0,70.0,203.0,137.0,44.0,,418.0,,332.0,112.0,32.0
145831,,,,,,,,243.0,,119.0,,,,,,13.0,17.0,11.0,32.0,,,15.0,,24.0,,
145886,,,,,,,,26.0,,19.0,,,,,,2.0,2.0,,,,,,,,,
146010,,,,,,,,8.0,,4.0,,,,,,1.0,,,,,,,,1.0,,
146205,,,,,,,,352.0,,124.0,,,,,,15.0,10.0,11.0,69.0,,,38.0,,74.0,,
146241,,,,,,,,249.0,,130.0,,,,,,13.0,14.0,8.0,14.0,,,25.0,,20.0,,
146278,,,,,,,,223.0,,94.0,,,,,,18.0,18.0,13.0,28.0,,,16.0,1.0,32.0,,
146296,,,,,,,,821.0,,377.0,,,,,,14.0,39.0,45.0,117.0,1.0,,106.0,14.0,95.0,,
146339,,,,,,,,225.0,,113.0,,,,,,12.0,10.0,7.0,19.0,2.0,,6.0,8.0,34.0,,0.0
146348,,,,,,,,302.0,,123.0,,,,,,31.0,12.0,12.0,37.0,,,26.0,2.0,35.0,,
146366,,,,,,,,209.0,,92.0,,,,,,22.0,20.0,10.0,19.0,,,15.0,9.0,9.0,,1.0
146393,,,,,,,,204.0,,93.0,,,,,,36.0,11.0,5.0,1.0,,,10.0,23.0,9.0,,
146418,,,,,,,,271.0,,123.0,,,,,,10.0,11.0,13.0,36.0,,,28.0,7.0,28.0,,
146427,,,,,,,,396.0,,125.0,,,,,,36.0,19.0,18.0,40.0,,,88.0,,31.0,,
146454,,,,,,,,4.0,,3.0,,,,,,1.0,,,,,,,,,,
146472,,,,,,,,927.0,,412.0,,,,,,55.0,49.0,47.0,96.0,0.0,,103.0,25.0,82.0,,
146481,,,,,,,,339.0,,127.0,2.0,,,,,40.0,20.0,12.0,37.0,5.0,,26.0,,29.0,8.0,2.0
146490,,,,,,,,89.0,,44.0,,,,,,13.0,16.0,3.0,,,,,4.0,8.0,,
146506,,,,,,,,304.0,,130.0,,,,,,28.0,18.0,14.0,28.0,1.0,,34.0,5.0,28.0,,
146533,,,,,,,,36.0,,23.0,,,,,,2.0,1.0,0.0,,,,,,3.0,,
146603,,,,,,,,422.0,,174.0,,,,,,73.0,27.0,26.0,54.0,2.0,,31.0,,28.0,,
146612,,,,,,,,738.0,,359.0,,,,,,89.0,25.0,31.0,71.0,4.0,,31.0,,66.0,29.0,
146667,,,,,,,,111.0,,44.0,,,,,,10.0,7.0,2.0,2.0,,,14.0,7.0,11.0,,
146676,,,,,,,,209.0,,50.0,,,,,,30.0,6.0,5.0,11.0,1.0,,49.0,,20.0,10.0,
146685,,,,,,,,468.0,,187.0,,,,,,62.0,18.0,22.0,18.0,,,37.0,,70.0,8.0,
146700,,,,,,,,61.0,,31.0,,,,,,17.0,,1.0,,,,2.0,,9.0,,
146719,,,,,,,,2742.0,,1140.0,72.0,,,,,425.0,107.0,207.0,120.0,73.0,,242.0,,244.0,47.0,
146728,,,,,,,,60.0,,18.0,,,,,,12.0,1.0,2.0,3.0,,,1.0,4.0,7.0,3.0,
146755,,,,,,,,28.0,,17.0,,,,,,3.0,3.0,1.0,,,,,,3.0,,
146807,,,,,,,,10.0,,4.0,,,,,,3.0,,,,,,,,3.0,,
146816,,,,,,,,21.0,,12.0,,,,,,3.0,,,,,,,,2.0,,
146825,,,,,,,,122.0,,43.0,,,,,,19.0,4.0,5.0,24.0,3.0,,,,14.0,,
146977,,,,,,,,54.0,,28.0,,,,,,9.0,,1.0,,,,2.0,,14.0,,
147004,,,,,,,,410.0,,161.0,,,,,,86.0,10.0,21.0,10.0,0.0,,14.0,2.0,53.0,4.0,
147013,,,,,,,,353.0,,158.0,,,,,,24.0,17.0,8.0,83.0,4.0,,25.0,,32.0,,3.0
147031,,,,,,,,24.0,,8.0,,,,,,4.0,3.0,,,,,,,4.0,,
147129,,,,,,,,97.0,,50.0,,,,,,15.0,4.0,2.0,6.0,,,6.0,2.0,7.0,,
147165,,,,,,,,52.0,,26.0,,,,,,11.0,,3.0,,,,2.0,,1.0,,
147244,,,,,,,,370.0,,173.0,,,,,,34.0,11.0,10.0,49.0,,,16.0,,52.0,3.0,
147341,,,,,,,,280.0,,103.0,,,,,,20.0,14.0,7.0,44.0,3.0,,26.0,,30.0,10.0,
147369,,,,,,,,547.0,,154.0,,,,,,142.0,54.0,33.0,33.0,1.0,,36.0,1.0,68.0,14.0,1.0
147378,,,,,,,,836.0,,426.0,,,,,,32.0,16.0,33.0,36.0,1.0,,57.0,3.0,140.0,16.0,4.0
147396,,,,,,,,19.0,,8.0,,,,,,1.0,3.0,,,,,1.0,3.0,1.0,,
147411,,,,,,,,258.0,,94.0,,,,,,31.0,1.0,14.0,12.0,,,26.0,2.0,49.0,,
147439,,,,,,,,10.0,,6.0,,,,,,2.0,2.0,,,,,,,,,
147536,,,,,,,,518.0,,190.0,,,,,,27.0,49.0,14.0,96.0,,,19.0,,41.0,,1.0
147590,,,,,,,,174.0,,79.0,2.0,,,,,29.0,1.0,3.0,3.0,,,15.0,6.0,30.0,,
147642,,,,,,,,5.0,,3.0,,,,,,1.0,,,,,,,,1.0,,
147660,,,,,,,,490.0,,185.0,,,,,,94.0,17.0,17.0,66.0,4.0,,23.0,1.0,45.0,23.0,
147679,,,,,,,,327.0,,215.0,,,,,,24.0,11.0,9.0,20.0,2.0,,21.0,,12.0,8.0,
147697,,,,,,,,31.0,,9.0,,,,,,4.0,4.0,1.0,,,,2.0,0.0,3.0,,
147703,,,,,,,,3204.0,,915.0,10.0,13.0,,,,236.0,173.0,274.0,218.0,29.0,,465.0,,484.0,10.0,68.0
147749,,,,,,,,169.0,,52.0,,,,,,48.0,10.0,5.0,,,,,20.0,28.0,,
147767,,,,,,,,9843.0,,2346.0,1111.0,,,,,289.0,1552.0,1727.0,402.0,148.0,,163.0,20.0,1493.0,298.0,
147776,,,,,,,,1191.0,,415.0,,,,,,157.0,61.0,52.0,24.0,2.0,,81.0,2.0,143.0,4.0,25.0
147800,,,,,,,,659.0,,301.0,,,,,,12.0,24.0,36.0,58.0,3.0,,76.0,10.0,97.0,,
147819,,,,,,,,6.0,,4.0,,,,,,,1.0,,,,,,,,,
147828,,,,,,,,637.0,,237.0,,,,,,53.0,12.0,44.0,48.0,5.0,,51.0,50.0,99.0,15.0,1.0
147916,,,,,,,,547.0,,268.0,,,,,,24.0,23.0,27.0,50.0,1.0,,59.0,14.0,57.0,,
148007,,,,,,,,353.0,,146.0,,,,,,30.0,16.0,13.0,28.0,,,21.0,2.0,66.0,10.0,
148016,,,,,,,,310.0,,64.0,,,,,,39.0,18.0,16.0,38.0,5.0,,57.0,2.0,23.0,25.0,6.0
148098,,,,,,,,7.0,,4.0,,,,,,1.0,1.0,,,,,,,,,
148131,,,,,,,,185.0,,74.0,,,,,,26.0,1.0,5.0,36.0,2.0,,11.0,8.0,21.0,,
148140,,,,,,,,21.0,,12.0,,,,,,1.0,1.0,,,,,,1.0,1.0,,
148177,,,,,,,,107.0,,56.0,,,,,,15.0,1.0,,,,,,,4.0,,
148256,,,,,,,,240.0,,85.0,,,,,,25.0,13.0,13.0,25.0,,,37.0,2.0,18.0,,
148292,,,,,,,,220.0,,100.0,,,,,,24.0,19.0,9.0,24.0,,,6.0,4.0,22.0,,
148335,,,,,,,,307.0,,115.0,,,,,,47.0,19.0,10.0,39.0,,,12.0,3.0,8.0,,
148380,,,,,,,,499.0,,247.0,,,,,,50.0,15.0,23.0,41.0,1.0,,35.0,,66.0,,1.0
148399,,,,,,,,58.0,,23.0,,,,,,11.0,1.0,1.0,,,,,5.0,14.0,2.0,
148405,,,,,,,,252.0,,118.0,,,,,,36.0,14.0,9.0,31.0,1.0,,11.0,,28.0,,
148487,,,,,,,,817.0,,366.0,,,,,,87.0,27.0,24.0,79.0,1.0,,31.0,,92.0,14.0,
148496,,,,,,,,481.0,,226.0,,,,,,68.0,12.0,15.0,14.0,1.0,,22.0,,83.0,10.0,
148511,,,,,,,,8294.0,,1053.0,,,,,,1170.0,362.0,,,4235.0,,600.0,1.0,864.0,,0.0
148575,,,,,,,,67.0,,43.0,,,,,,4.0,10.0,,,2.0,,,,4.0,,
148584,,,,,,,,390.0,,181.0,,,,,,39.0,10.0,12.0,32.0,3.0,,42.0,,35.0,,5.0
148593,,,,,,,,29.0,,18.0,,,,,,1.0,1.0,,,,,,,6.0,,
148627,,,,,,,,541.0,,223.0,,,,,,28.0,8.0,15.0,34.0,3.0,,61.0,,138.0,10.0,2.0
148654,,,,,,,,780.0,,257.0,,,,,,92.0,70.0,32.0,59.0,3.0,,72.0,,114.0,25.0,9.0
148672,,,,,,,,168.0,,68.0,,,,,,18.0,11.0,8.0,19.0,,,18.0,1.0,11.0,,
148821,,,,,,,,134.0,,57.0,,,,,,6.0,6.0,6.0,26.0,,,3.0,1.0,17.0,,
148849,,,,,,,,21.0,,10.0,,,,,,2.0,3.0,0.0,,,,,3.0,1.0,,
148876,,,,,,,,170.0,,72.0,,,,,,26.0,5.0,10.0,,,,1.0,10.0,18.0,,
148885,,,,,,,,117.0,,23.0,,,,,,10.0,4.0,1.0,,,,27.0,,36.0,,
148937,,,,,,,,126.0,,48.0,,,,,,7.0,10.0,4.0,10.0,,,10.0,13.0,16.0,,
148955,,,,,,,,14.0,,3.0,,,,,,3.0,2.0,,,,,2.0,,2.0,,
148982,,,,,,,,39.0,,10.0,,1.0,,,,5.0,4.0,2.0,1.0,,,1.0,3.0,4.0,3.0,
148991,,,,,,,,136.0,,56.0,,,,,,18.0,4.0,9.0,19.0,,,4.0,1.0,18.0,,
149028,,,,,,,,48.0,,29.0,,,,,,5.0,1.0,,,,,,,8.0,,
149204,,,,,,,,9.0,,5.0,,,,,,1.0,1.0,,,,,,,2.0,,
149222,,,,,,,,4551.0,,1089.0,75.0,104.0,,,,149.0,338.0,256.0,322.0,447.0,,422.0,4.0,913.0,162.0,38.0
149231,,,,,,,,2149.0,,683.0,,,,,,87.0,109.0,128.0,107.0,18.0,,295.0,15.0,324.0,58.0,24.0
149240,,,,,,,,44.0,,,,,,,,12.0,14.0,1.0,,,,1.0,,14.0,,
149310,,,,,,,,24.0,,8.0,,,,,,4.0,1.0,0.0,,,,,2.0,3.0,,
149329,,,,,,,,26.0,,6.0,,,,,,6.0,2.0,,,,,9.0,,2.0,,
149365,,,,,,,,399.0,,148.0,,,,,,26.0,27.0,16.0,19.0,,,40.0,,85.0,,3.0
149499,,,,,,,,3.0,,2.0,,,,,,1.0,,,,,,,,,,
149505,,,,,,,,219.0,,93.0,,,,,,27.0,7.0,8.0,30.0,1.0,,6.0,,34.0,6.0,
149514,,,,,,,,374.0,,124.0,,,,,,40.0,12.0,14.0,33.0,3.0,,41.0,,29.0,10.0,
149532,,,,,,,,671.0,,282.0,,,,,,37.0,40.0,41.0,78.0,1.0,,68.0,,74.0,,2.0
149550,,,,,,,,19.0,,14.0,,,,,,2.0,,,,,,,,3.0,,
149587,,,,,,,,986.0,,1.0,0.0,,,,,298.0,319.0,170.0,14.0,,,1.0,,167.0,,
149639,,,,,,,,30.0,,12.0,,2.0,,,,2.0,1.0,2.0,1.0,,,0.0,,3.0,,
149727,,,,,,,,648.0,,242.0,,,,,,87.0,,4.0,9.0,,,52.0,1.0,212.0,,
149763,,,,,,,,86.0,,42.0,,,,,,11.0,,4.0,,,,,,3.0,,
149772,,,,,,,,1630.0,,582.0,,,,,,49.0,104.0,128.0,104.0,23.0,,199.0,3.0,196.0,52.0,4.0
149781,,,,,,,,802.0,,254.0,,,,,,51.0,120.0,40.0,73.0,6.0,,65.0,3.0,116.0,32.0,2.0
149842,,,,,,,,966.0,,370.0,,,,,,29.0,52.0,81.0,138.0,33.0,,110.0,21.0,70.0,,
150048,,,,,,,,83.0,,29.0,,,,,,19.0,,1.0,15.0,,,4.0,,10.0,,
150066,,,,,,,,339.0,,136.0,,,,,,38.0,32.0,12.0,24.0,2.0,,12.0,1.0,48.0,14.0,
150136,,,,,,,,3261.0,,1099.0,,,,,,157.0,180.0,189.0,157.0,10.0,,586.0,1.0,494.0,146.0,49.0
150145,,,,,,,,262.0,,104.0,,,,,,25.0,14.0,9.0,36.0,2.0,,15.0,,48.0,6.0,
150163,,,,,,,,1130.0,,421.0,5.0,,,,,196.0,34.0,46.0,124.0,14.0,,100.0,2.0,114.0,29.0,1.0
150172,,,,,,,,123.0,,58.0,,,,,,5.0,8.0,4.0,22.0,,,4.0,,12.0,,
150215,,,,,,,,63.0,,17.0,,,,,,15.0,3.0,,2.0,,,3.0,1.0,12.0,,
150251,,,,,,,,14.0,,5.0,,,,,,7.0,,1.0,,,,,,0.0,,
150288,,,,,,,,106.0,,24.0,,,,,,6.0,9.0,4.0,1.0,,,25.0,2.0,27.0,1.0,
150303,,,,,,,,16.0,,9.0,,,,,,1.0,,,,,,,,2.0,,
150400,,,,,,,,703.0,,237.0,1.0,,,,,49.0,98.0,44.0,86.0,3.0,,84.0,,58.0,18.0,2.0
150428,,,,,,,,5.0,,4.0,,,,,,1.0,,,,,,,,,,
150437,,,,,,,,4.0,,3.0,,,,,,,,,,,,,,1.0,,
150455,,,,,,,,348.0,,119.0,,2.0,,,,21.0,21.0,12.0,38.0,4.0,,12.0,2.0,43.0,11.0,1.0
150534,,,,,,,,511.0,,200.0,,,,,,62.0,13.0,16.0,51.0,8.0,,26.0,,78.0,15.0,
150604,,,,,,,,264.0,,90.0,,,,,,24.0,13.0,11.0,28.0,5.0,,28.0,9.0,32.0,9.0,
150668,,,,,,,,239.0,,85.0,,,,,,48.0,4.0,15.0,24.0,,,21.0,9.0,18.0,6.0,
150677,,,,,,,,188.0,,70.0,,3.0,,,,10.0,20.0,8.0,12.0,,,,,6.0,,
150695,,,,,,,,6.0,,4.0,,,,,,1.0,,,,,,,,1.0,,
150756,,,,,,,,247.0,,90.0,,,,,,20.0,9.0,7.0,35.0,6.0,,22.0,,51.0,,
150765,,,,,,,,7.0,,4.0,,,,,,1.0,,,,,,,,2.0,,
150774,,,,,,,,107.0,,40.0,,2.0,,,,16.0,6.0,3.0,17.0,,,10.0,,6.0,1.0,
150853,,,,,,,,29.0,,15.0,,,,,,4.0,2.0,0.0,,,,,,3.0,,
150941,,,,,,,,198.0,,96.0,,,,,,30.0,21.0,8.0,,,,4.0,9.0,28.0,,
150987,,,,,,,,5107.0,,2513.0,,,,,,334.0,351.0,193.0,492.0,,,267.0,,882.0,,
151102,,,,,,,,1151.0,,429.0,1.0,29.0,,,,55.0,153.0,74.0,52.0,12.0,,136.0,,162.0,32.0,5.0
151111,,,,,,,,7590.0,,2656.0,527.0,,,,,651.0,354.0,711.0,349.0,578.0,,424.0,5.0,1070.0,183.0,23.0
151166,,,,,,,,400.0,,149.0,,,,,,96.0,8.0,11.0,,,,5.0,1.0,18.0,,
151263,,,,,,,,808.0,,369.0,2.0,,,,,43.0,27.0,27.0,55.0,7.0,,53.0,,107.0,12.0,
151290,,,,,,,,442.0,,199.0,,,,,,48.0,15.0,8.0,32.0,,,,,27.0,6.0,
151306,,,,,,,,1179.0,,449.0,,,,,,124.0,41.0,64.0,50.0,13.0,,94.0,1.0,187.0,33.0,8.0
151324,,,,,,,,1704.0,,549.0,,,,,,101.0,66.0,97.0,140.0,17.0,,227.0,1.0,260.0,56.0,12.0
151333,,,,,,,,306.0,,150.0,,,,,,45.0,,13.0,18.0,,,25.0,,39.0,9.0,3.0
151342,,,,,,,,611.0,,308.0,,,,,,71.0,8.0,33.0,38.0,,,50.0,,75.0,15.0,
151351,,,,,,,,8896.0,,2203.0,519.0,,,,,1003.0,368.0,1020.0,803.0,78.0,,869.0,62.0,1415.0,321.0,106.0
151360,,,,,,,,452.0,,217.0,4.0,,,,,52.0,5.0,27.0,34.0,,,38.0,,61.0,7.0,
151379,,,,,,,,547.0,,287.0,1.0,,,,,56.0,5.0,23.0,41.0,,,36.0,,81.0,9.0,1.0
151388,,,,,,,,345.0,,163.0,,,,,,51.0,2.0,11.0,45.0,,,15.0,,45.0,9.0,
151458,,,,,,,,39.0,,14.0,,,,,,5.0,,,,,,4.0,12.0,3.0,,
151467,,,,,,,,39.0,,16.0,,,,,,4.0,1.0,,,,,,13.0,4.0,,
151564,,,,,,,,3.0,,2.0,,,,,,1.0,,,,,,,,,,
151607,,,,,,,,9.0,,4.0,,,,,,1.0,,,,,,,,1.0,,
151616,,,,,,,,22.0,,14.0,,,,,,3.0,,,,,,,,,,
151652,,,,,,,,12.0,,7.0,,,,,,2.0,,,,,,,,2.0,,
151661,,,,,,,,96.0,,41.0,,,,,,32.0,,1.0,,,,1.0,,16.0,,
151777,,,,,,,,320.0,,110.0,,,,,,41.0,14.0,13.0,36.0,1.0,,27.0,11.0,40.0,8.0,
151786,,,,,,,,465.0,,191.0,,,,,,47.0,16.0,19.0,79.0,1.0,,14.0,,52.0,,
151801,,,,,,,,1559.0,,656.0,,,,,,300.0,31.0,54.0,32.0,11.0,,69.0,,275.0,26.0,2.0
151810,,,,,,,,53.0,,12.0,,,,,,11.0,2.0,2.0,,,,8.0,,2.0,,
151865,,,,,,,,35.0,,11.0,,,,,,8.0,5.0,1.0,1.0,,,,1.0,5.0,1.0,
151944,,,,,,,,27.0,,16.0,,,,,,6.0,,,,,,,,3.0,,
151962,,,,,,,,9.0,,5.0,,,,,,1.0,,,,,,,,2.0,,
152044,,,,,,,,4.0,,3.0,,,,,,1.0,,,,,,,,,,
152080,,,,,,,,5748.0,,1208.0,314.0,,,,,588.0,721.0,563.0,245.0,29.0,,1120.0,28.0,639.0,9.0,21.0
152099,,,,,,,,259.0,,86.0,,0.0,,,,18.0,7.0,4.0,6.0,1.0,,8.0,2.0,25.0,7.0,
152150,,,,,,,,7.0,,4.0,,,,,,1.0,1.0,,,,,,,1.0,,
152248,,,,,,,,825.0,,303.0,1.0,20.0,,,,26.0,136.0,51.0,22.0,8.0,,99.0,,129.0,17.0,1.0
152266,,,,,,,,349.0,,144.0,,14.0,,,,8.0,51.0,21.0,4.0,2.0,,51.0,,49.0,1.0,
152275,,,,,,,,15.0,,8.0,,,,,,,2.0,,,,,,2.0,2.0,1.0,
152309,,,,,,,,11.0,,6.0,,,,,,2.0,,,,,,,,3.0,,
152318,,,,,,,,535.0,,185.0,,,,,,81.0,9.0,49.0,33.0,4.0,,70.0,,59.0,17.0,5.0
152327,,,,,,,,6.0,,3.0,,,,,,2.0,,,,,,,,1.0,,
152336,,,,,,,,390.0,,177.0,0.0,,,,,38.0,18.0,18.0,39.0,,,16.0,,34.0,7.0,2.0
152363,,,,,,,,199.0,,61.0,,,,,,13.0,14.0,9.0,26.0,,,19.0,,20.0,11.0,
152381,,,,,,,,170.0,,91.0,,,,,,16.0,7.0,5.0,8.0,,,7.0,,12.0,4.0,
152390,,,,,,,,451.0,,171.0,,,,,,41.0,23.0,16.0,32.0,7.0,,62.0,,55.0,12.0,
152415,,,,,,,,38.0,,17.0,,,,,,8.0,,,8.0,,,,,1.0,,
152451,,,,,,,,116.0,,10.0,,,,,,26.0,,2.0,,4.0,,34.0,,38.0,,
152497,,,,,,,,30.0,,22.0,,,,,,1.0,2.0,1.0,,,,,,2.0,,
152530,,,,,,,,460.0,,155.0,,,,,,36.0,18.0,27.0,49.0,5.0,,44.0,2.0,88.0,14.0,5.0
152567,,,,,,,,360.0,,145.0,,,,,,38.0,7.0,10.0,,,,81.0,26.0,,49.0,
152600,,,,,,,,924.0,,330.0,2.0,,,,,143.0,11.0,31.0,60.0,4.0,,184.0,1.0,98.0,25.0,3.0
152628,,,,,,,,6.0,,4.0,,,,,,1.0,,,,,,,,1.0,,
152637,,,,,,,,1208.0,,585.0,,,,,,95.0,8.0,24.0,29.0,1.0,,73.0,,337.0,35.0,4.0
152673,,,,,,,,252.0,,87.0,,,,,,28.0,17.0,12.0,48.0,5.0,,1.0,8.0,35.0,,
152798,,,,,,,,84.0,,56.0,,,,,,4.0,2.0,2.0,,,,3.0,,7.0,,
152992,,,,,,,,183.0,,77.0,,,,,,7.0,3.0,5.0,32.0,,,7.0,12.0,11.0,,
153001,,,,,,,,434.0,,186.0,1.0,1.0,,,,41.0,11.0,9.0,44.0,2.0,,31.0,17.0,35.0,11.0,
153074,,,,,,,,38.0,,20.0,,,,,,2.0,2.0,,,,,1.0,,4.0,,
153083,,,,,,,,19.0,,12.0,,,,,,1.0,,,,,,0.0,,3.0,,
153108,,,,,,,,395.0,,107.0,,,,,,35.0,21.0,9.0,58.0,3.0,,106.0,1.0,31.0,5.0,1.0
153126,,,,,,,,271.0,,116.0,,,,,,26.0,6.0,8.0,33.0,4.0,,40.0,1.0,27.0,6.0,
153144,,,,,,,,320.0,,125.0,,,,,,43.0,6.0,7.0,54.0,5.0,,26.0,,36.0,7.0,1.0
153162,,,,,,,,250.0,,97.0,2.0,,,,,22.0,19.0,8.0,36.0,5.0,,13.0,,25.0,,
153171,,,,,,,,3.0,,2.0,,,,,,1.0,,,,,,,,,,
153214,,,,,,,,1095.0,,607.0,,,,,,59.0,31.0,33.0,24.0,1.0,,39.0,15.0,127.0,32.0,5.0
153241,,,,,,,,52.0,,20.0,,,,,,4.0,2.0,1.0,,,,9.0,,12.0,1.0,
153250,,,,,,,,234.0,,101.0,,,,,,26.0,5.0,9.0,32.0,1.0,,14.0,1.0,29.0,5.0,2.0
153269,,,,,,,,1045.0,,357.0,3.0,,,,,53.0,37.0,75.0,85.0,2.0,,87.0,1.0,225.0,26.0,3.0
153278,,,,,,,,428.0,,132.0,2.0,,,,,32.0,3.0,6.0,46.0,,,53.0,21.0,65.0,12.0,
153296,,,,,,,,67.0,,25.0,,,,,,4.0,1.0,,1.0,,,12.0,,3.0,6.0,
153302,,,,,,,,76.0,,27.0,,,,,,16.0,1.0,3.0,10.0,0.0,,7.0,,6.0,3.0,
153311,,,,,,,,527.0,,249.0,,,,,,30.0,5.0,21.0,17.0,,,20.0,4.0,65.0,,
153320,,,,,,,,80.0,,25.0,,,,,,14.0,2.0,1.0,4.0,1.0,,12.0,2.0,15.0,,
153339,,,,,,,,6.0,,4.0,,,,,,0.0,1.0,,,,,,,,,
153366,,,,,,,,302.0,,87.0,,,,,,30.0,10.0,14.0,44.0,4.0,,27.0,,42.0,10.0,
153375,,,,,,,,297.0,,131.0,,,,,,22.0,24.0,7.0,47.0,,,,,24.0,8.0,
153384,,,,,,,,713.0,,212.0,8.0,,,,,60.0,29.0,40.0,72.0,7.0,,128.0,2.0,90.0,26.0,7.0
153409,,,,,,,,12.0,,1.0,,,,,,5.0,1.0,,3.0,,,,,,,
153418,,,,,,,,40.0,,10.0,,,,,,7.0,1.0,,7.0,,,,,2.0,,
153427,,,,,,,,20.0,,11.0,,,,,,3.0,1.0,,,,,1.0,2.0,2.0,,
153445,,,,,,,,515.0,,246.0,,,,,,45.0,44.0,12.0,11.0,,,8.0,,54.0,1.0,2.0
153463,,,,,,,,5.0,,3.0,,,,,,1.0,,,,,,,,1.0,,
153472,,,,,,,,535.0,,263.0,,,,,,28.0,30.0,16.0,37.0,3.0,,48.0,6.0,66.0,6.0,5.0
153524,,,,,,,,479.0,,205.0,,,,,,43.0,17.0,9.0,47.0,,,52.0,,69.0,9.0,13.0
153533,,,,,,,,275.0,,99.0,,10.0,,,,32.0,13.0,8.0,12.0,,,35.0,2.0,43.0,,
153542,,,,,,,,2.0,,1.0,,,,,,1.0,,,,,,,,,,
153588,,,,,,,,4.0,,3.0,,,,,,1.0,,,,,,,,0.0,,
153597,,,,,,,,18.0,,8.0,,,,,,2.0,,,,,,,2.0,4.0,,
153603,,,,,,,,6288.0,,1659.0,538.0,201.0,,,,143.0,170.0,578.0,177.0,171.0,,498.0,33.0,495.0,358.0,91.0
153621,,,,,,,,123.0,,52.0,,,,,,7.0,10.0,4.0,21.0,,,,7.0,12.0,,
153630,,,,,,,,633.0,,279.0,,,,,,45.0,16.0,28.0,79.0,6.0,,61.0,8.0,85.0,,4.0
153658,,,,,,,,9830.0,,2485.0,266.0,,,,,255.0,1266.0,1585.0,422.0,831.0,,937.0,2.0,717.0,227.0,156.0
153737,,,,,,,,1196.0,,485.0,,,,,,92.0,47.0,33.0,63.0,2.0,,143.0,13.0,158.0,26.0,2.0
153746,,,,,,,,11.0,,4.0,,,,,,2.0,1.0,,,,,,1.0,,1.0,
153764,,,,,,,,15.0,,7.0,,,,,,2.0,1.0,,,,,,1.0,,1.0,
153773,,,,,,,,12.0,,7.0,,,,,,1.0,,,,,,,2.0,1.0,,
153782,,,,,,,,8.0,,4.0,,,,,,1.0,,,,,,,1.0,,1.0,
153825,,,,,,,,333.0,,115.0,,,,,,36.0,14.0,12.0,54.0,6.0,,41.0,1.0,26.0,12.0,1.0
153834,,,,,,,,470.0,,194.0,,,,,,40.0,15.0,23.0,38.0,3.0,,56.0,,60.0,14.0,
153861,,,,,,,,372.0,,105.0,11.0,6.0,,,,26.0,29.0,18.0,22.0,0.0,,37.0,15.0,8.0,0.0,1.0
153922,,,,,,,,151.0,,41.0,,,,,,19.0,3.0,8.0,15.0,,,12.0,0.0,21.0,5.0,
153977,,,,,,,,107.0,,59.0,,,,,,14.0,1.0,4.0,,,,1.0,,9.0,,
154004,,,,,,,,328.0,,149.0,,,,,,34.0,7.0,8.0,47.0,2.0,,24.0,,40.0,6.0,
154013,,,,,,,,261.0,,114.0,,,,,,31.0,10.0,6.0,39.0,,,22.0,,16.0,8.0,
154022,,,,,,,,1292.0,,1015.0,,,,,,36.0,30.0,,2.0,,,,,2.0,,
154059,,,,,,,,310.0,,93.0,,,,,,24.0,17.0,13.0,39.0,1.0,,24.0,2.0,44.0,,8.0
154095,,,,,,,,1860.0,,614.0,,,,,,260.0,84.0,112.0,103.0,26.0,,199.0,3.0,234.0,63.0,32.0
154101,,,,,,,,241.0,,102.0,,,,,,42.0,5.0,7.0,31.0,2.0,,19.0,,14.0,4.0,1.0
154110,,,,,,,,477.0,,249.0,,,,,,51.0,25.0,11.0,4.0,2.0,,41.0,,50.0,,
154129,,,,,,,,160.0,,72.0,,,,,,18.0,1.0,4.0,2.0,,,17.0,4.0,17.0,2.0,
154156,,,,,,,,315.0,,91.0,11.0,,,,,60.0,24.0,18.0,3.0,29.0,,3.0,,69.0,5.0,1.0
154165,,,,,,,,4.0,,3.0,,,,,,1.0,,,,,,,,,,
154174,,,,,,,,452.0,,143.0,8.0,13.0,,,,95.0,43.0,14.0,6.0,2.0,,,4.0,114.0,3.0,1.0
154208,,,,,,,,20.0,,11.0,,,,,,2.0,2.0,,1.0,,,,2.0,2.0,,
154235,,,,,,,,514.0,,253.0,,,,,,29.0,12.0,23.0,32.0,1.0,,14.0,1.0,115.0,11.0,
154262,,,,,,,,46.0,,35.0,,,,,,2.0,,,,,,,,2.0,,
154332,,,,,,,,12.0,,5.0,,,,,,2.0,,,,,,,1.0,,1.0,
154341,,,,,,,,6.0,,3.0,,,,,,1.0,,,,,,,1.0,,0.0,
154350,,,,,,,,307.0,,115.0,,,,,,20.0,7.0,11.0,62.0,2.0,,9.0,16.0,60.0,,1.0
154378,,,,,,,,274.0,,112.0,,,,,,25.0,5.0,8.0,32.0,,,15.0,5.0,28.0,,
154396,,,,,,,,182.0,,61.0,,,,,,5.0,8.0,6.0,26.0,,,13.0,,22.0,6.0,1.0
154448,,,,,,,,19.0,,12.0,,,,,,1.0,,,,,,0.0,,3.0,,
154457,,,,,,,,5.0,,3.0,,,,,,1.0,,,,,,1.0,,,,
154466,,,,,,,,9.0,,4.0,,,,,,2.0,1.0,,,,,,,2.0,,
154493,,,,,,,,509.0,,239.0,,,,,,87.0,,,,,,28.0,,151.0,,
154518,,,,,,,,222.0,,69.0,,,,,,14.0,5.0,,26.0,1.0,,24.0,2.0,27.0,4.0,2.0
154527,,,,,,,,362.0,,118.0,,,,,,29.0,20.0,11.0,65.0,4.0,,43.0,,38.0,31.0,
154536,,,,,,,,46.0,,18.0,,,,,,4.0,5.0,2.0,1.0,,,3.0,1.0,8.0,2.0,
154545,,,,,,,,4.0,,2.0,,,,,,1.0,,,,,,,,,,
154572,,,,,,,,436.0,,195.0,,,,,,59.0,13.0,14.0,4.0,,,19.0,,32.0,0.0,0.0
154590,,,,,,,,206.0,,87.0,,,,,,9.0,10.0,7.0,35.0,,,17.0,4.0,6.0,5.0,
154642,,,,,,,,159.0,,82.0,,,,,,16.0,3.0,1.0,15.0,1.0,,5.0,,15.0,3.0,1.0
154688,,,,,,,,413.0,,228.0,,,,,,33.0,3.0,11.0,31.0,,,18.0,,48.0,7.0,
154697,,,,,,,,348.0,,111.0,,,,,,50.0,7.0,12.0,41.0,4.0,,31.0,1.0,66.0,8.0,1.0
154712,,,,,,,,331.0,,136.0,,,,,,20.0,10.0,4.0,45.0,0.0,,39.0,1.0,22.0,,
154721,,,,,,,,174.0,,69.0,,1.0,,,,16.0,3.0,2.0,44.0,6.0,,1.0,4.0,27.0,,
154749,,,,,,,,141.0,,50.0,,,,,,19.0,3.0,2.0,22.0,,,6.0,,13.0,,9.0
154767,,,,,,,,30.0,,17.0,,,,,,8.0,,,,,,,,0.0,,
154776,,,,,,,,30.0,,17.0,,,,,,7.0,,,2.0,,,,,1.0,,
154794,,,,,,,,17.0,,6.0,,,,,,7.0,,,,,,,1.0,1.0,,
154800,,,,,,,,576.0,,291.0,,,,,,40.0,18.0,18.0,26.0,4.0,,51.0,7.0,67.0,12.0,1.0
154855,,,,,,,,116.0,,46.0,,,,,,14.0,3.0,1.0,15.0,1.0,,1.0,,13.0,1.0,0.0
154907,,,,,,,,231.0,,107.0,,,,,,33.0,5.0,4.0,18.0,1.0,,6.0,5.0,21.0,16.0,2.0
154925,,,,,,,,156.0,,53.0,,,,,,9.0,2.0,3.0,37.0,0.0,,16.0,,29.0,5.0,
154934,,,,,,,,141.0,,63.0,,4.0,,,,18.0,2.0,3.0,12.0,1.0,,15.0,,19.0,,
154952,,,,,,,,232.0,,92.0,,,,,,23.0,2.0,7.0,20.0,2.0,,23.0,1.0,18.0,4.0,1.0
154998,,,,,,,,251.0,,83.0,,,,,,29.0,,5.0,27.0,,,23.0,,37.0,12.0,
155007,,,,,,,,62.0,,23.0,,,,,,5.0,6.0,,2.0,,,4.0,,7.0,,
155025,,,,,,,,724.0,,260.0,,,,,,113.0,27.0,65.0,6.0,4.0,,96.0,,116.0,1.0,10.0
155052,,,,,,,,79.0,,45.0,,,,,,9.0,,4.0,,,,4.0,,12.0,,
155061,,,,,,,,905.0,,359.0,,,,,,45.0,34.0,46.0,56.0,9.0,,116.0,,124.0,12.0,14.0
155070,,,,,,,,50.0,,22.0,,,,,,12.0,1.0,1.0,2.0,,,4.0,,3.0,,
155089,,,,,,,,281.0,,116.0,,,,,,27.0,15.0,11.0,42.0,4.0,,7.0,,40.0,6.0,
155098,,,,,,,,166.0,,65.0,,,,,,26.0,16.0,3.0,15.0,,,8.0,3.0,17.0,4.0,1.0
155104,,,,,,,,252.0,,85.0,,,,,,23.0,4.0,5.0,36.0,3.0,,44.0,,20.0,,
155140,,,,,,,,173.0,,37.0,3.0,,,,,18.0,8.0,4.0,2.0,1.0,,45.0,,18.0,11.0,
155159,,,,,,,,11.0,,6.0,,,,,,2.0,,,,,,,2.0,1.0,0.0,
155177,,,,,,,,120.0,,42.0,,,,,,14.0,2.0,5.0,13.0,,,11.0,8.0,13.0,7.0,
155186,,,,,,,,238.0,,107.0,,,,,,37.0,2.0,5.0,29.0,3.0,,9.0,,25.0,8.0,1.0
155195,,,,,,,,491.0,,208.0,2.0,,,,,44.0,8.0,10.0,49.0,,,40.0,5.0,68.0,10.0,3.0
155201,,,,,,,,137.0,,55.0,,,,,,8.0,4.0,4.0,22.0,2.0,,10.0,2.0,7.0,,
155210,,,,,,,,1366.0,,498.0,,31.0,,,,125.0,23.0,73.0,43.0,,,130.0,,348.0,30.0,5.0
155283,,,,,,,,50.0,,18.0,,,,,,16.0,1.0,,,,,,4.0,8.0,,
155292,,,,,,,,558.0,,224.0,,,,,,53.0,4.0,20.0,40.0,4.0,,59.0,1.0,86.0,17.0,1.0
155308,,,,,,,,27.0,,5.0,,,,,,6.0,1.0,,1.0,,,4.0,,1.0,,
155317,,,,,,,,8067.0,,2324.0,1048.0,150.0,,,,452.0,314.0,569.0,357.0,612.0,,408.0,3.0,1196.0,227.0,21.0
155335,,,,,,,,281.0,,153.0,,,,,,20.0,5.0,6.0,35.0,,,15.0,1.0,37.0,,3.0
155353,,,,,,,,8.0,,4.0,,,,,,1.0,1.0,,,,,,1.0,1.0,,
155399,,,,,,,,4774.0,,1164.0,250.0,88.0,,,,352.0,567.0,646.0,104.0,165.0,,383.0,,489.0,291.0,65.0
155414,,,,,,,,143.0,,52.0,,,,,,26.0,2.0,2.0,17.0,3.0,,14.0,1.0,16.0,2.0,1.0
155423,,,,,,,,123.0,,75.0,,,,,,11.0,0.0,1.0,,,,12.0,,15.0,,
155450,,,,,,,,155.0,,67.0,,,,,,15.0,8.0,5.0,12.0,2.0,,10.0,1.0,21.0,1.0,
155487,,,,,,,,81.0,,46.0,,,,,,7.0,3.0,2.0,,,,,,5.0,1.0,
155496,,,,,,,,43.0,,14.0,,,,,,6.0,1.0,1.0,2.0,,,1.0,4.0,2.0,2.0,
155511,,,,,,,,144.0,,50.0,,,,,,12.0,14.0,4.0,30.0,2.0,,9.0,,9.0,7.0,
155520,,,,,,,,352.0,,169.0,,,,,,40.0,7.0,6.0,31.0,2.0,,15.0,4.0,32.0,8.0,
155566,,,,,,,,227.0,,101.0,,,,,,28.0,1.0,4.0,11.0,7.0,,10.0,3.0,29.0,3.0,1.0
155593,,,,,,,,99.0,,63.0,,1.0,,,,6.0,4.0,1.0,,,,5.0,3.0,5.0,7.0,
155618,,,,,,,,90.0,,50.0,,,,,,5.0,1.0,1.0,11.0,,,8.0,4.0,5.0,,
155627,,,,,,,,155.0,,34.0,,,,,,23.0,16.0,4.0,22.0,,,24.0,8.0,10.0,,
155636,,,,,,,,66.0,,36.0,,,,,,3.0,3.0,2.0,,,,,7.0,4.0,,
155681,,,,,,,,907.0,,358.0,,,,,,119.0,75.0,36.0,34.0,10.0,,68.0,,99.0,84.0,
155715,,,,,,,,115.0,,32.0,,,,,,13.0,7.0,5.0,18.0,1.0,,12.0,,21.0,1.0,
155812,,,,,,,,251.0,,129.0,1.0,1.0,,,,18.0,3.0,6.0,28.0,1.0,,15.0,7.0,15.0,8.0,
155830,,,,,,,,56.0,,32.0,,,,,,6.0,0.0,,1.0,,,5.0,,1.0,,
155858,,,,,,,,226.0,,80.0,,,,,,29.0,,7.0,19.0,1.0,,26.0,,37.0,6.0,0.0
155900,,,,,,,,288.0,,140.0,,,,,,12.0,30.0,11.0,56.0,2.0,,7.0,2.0,22.0,,
155937,,,,,,,,148.0,,53.0,,,,,,18.0,4.0,1.0,47.0,0.0,,10.0,,8.0,,
155973,,,,,,,,133.0,,57.0,,,,,,20.0,2.0,2.0,20.0,,,,6.0,17.0,0.0,
156082,,,,,,,,828.0,,363.0,,,,,,86.0,22.0,45.0,45.0,3.0,,60.0,4.0,125.0,16.0,1.0
156107,,,,,,,,292.0,,153.0,,,,,,10.0,37.0,12.0,3.0,,,13.0,,9.0,,
156125,,,,,,,,2109.0,,525.0,,,,,,200.0,135.0,356.0,244.0,19.0,,171.0,,288.0,67.0,7.0
156134,,,,,,,,123.0,,50.0,,,,,,16.0,2.0,3.0,5.0,,,,24.0,12.0,2.0,
156189,,,,,,,,109.0,,32.0,,,,,,20.0,,3.0,1.0,,,7.0,,37.0,6.0,
156213,,,,,,,,364.0,,132.0,,,,,,49.0,5.0,14.0,25.0,2.0,,32.0,1.0,62.0,10.0,
156222,,,,,,,,220.0,,49.0,,,,,,48.0,1.0,5.0,5.0,,,30.0,,70.0,,
156231,,,,,,,,213.0,,102.0,,,,,,15.0,8.0,5.0,16.0,,,25.0,,30.0,,
156277,,,,,,,,8.0,,4.0,,,,,,,,,,,,1.0,,2.0,,
156286,,,,,,,,606.0,,277.0,,,,,,71.0,14.0,25.0,51.0,6.0,,34.0,,56.0,14.0,5.0
156295,,,,,,,,697.0,,152.0,4.0,,,,,141.0,98.0,15.0,92.0,3.0,,48.0,1.0,66.0,30.0,6.0
156310,,,,,,,,40.0,,29.0,,,,,,2.0,,,,,,,,2.0,,
156338,,,,,,,,249.0,,128.0,,,,,,22.0,3.0,4.0,18.0,,,24.0,,34.0,,
156356,,,,,,,,166.0,,65.0,,,,,,7.0,10.0,4.0,19.0,,,17.0,9.0,14.0,,
156365,,,,,,,,457.0,,203.0,,,,,,11.0,27.0,7.0,51.0,8.0,,26.0,,55.0,15.0,1.0
156392,,,,,,,,600.0,,325.0,,,,,,46.0,12.0,17.0,35.0,1.0,,42.0,,87.0,,1.0
156408,,,,,,,,429.0,,134.0,,,,,,40.0,12.0,13.0,75.0,3.0,,67.0,,43.0,16.0,4.0
156417,,,,,,,,28.0,,6.0,,,,,,5.0,2.0,1.0,0.0,,,,,3.0,3.0,
156426,,,,,,,,25.0,,12.0,,,,,,1.0,4.0,,,,,,3.0,2.0,0.0,
156471,,,,,,,,220.0,,83.0,,,,,,50.0,2.0,10.0,,,,7.0,,65.0,,
156541,,,,,,,,486.0,,248.0,,,,,,28.0,15.0,11.0,46.0,,,28.0,,95.0,7.0,
156620,,,,,,,,2564.0,,851.0,,,,,,252.0,191.0,165.0,136.0,20.0,,281.0,,382.0,71.0,36.0
156648,,,,,,,,309.0,,164.0,,,,,,18.0,2.0,9.0,13.0,2.0,,20.0,,56.0,,
156727,,,,,,,,164.0,,79.0,,,,,,20.0,8.0,8.0,2.0,,,8.0,,4.0,6.0,
156745,,,,,,,,301.0,,101.0,,,,,,32.0,15.0,9.0,46.0,5.0,,42.0,,23.0,10.0,3.0
156754,,,,,,,,11.0,,3.0,,,,,,1.0,2.0,1.0,,,,,,2.0,,
156790,,,,,,,,245.0,,106.0,,,,,,14.0,7.0,9.0,25.0,,,27.0,,33.0,,
156842,,,,,,,,19.0,,8.0,,,,,,4.0,2.0,,,,,,2.0,3.0,,
156851,,,,,,,,125.0,,60.0,,,,,,13.0,2.0,3.0,11.0,,,10.0,,18.0,,
156860,,,,,,,,172.0,,81.0,,,,,,17.0,4.0,3.0,13.0,,,14.0,,17.0,,
156921,,,,,,,,549.0,,286.0,,,,,,30.0,18.0,16.0,31.0,,,46.0,,79.0,,
156967,,,,,,,,14.0,,6.0,,,,,,2.0,,,,,,4.0,,2.0,,
157021,,,,,,,,82.0,,42.0,,,,,,7.0,,,,,,,14.0,16.0,3.0,
157030,,,,,,,,33.0,,10.0,,,,,,2.0,1.0,1.0,,,,6.0,,7.0,,
157058,,,,,,,,442.0,,108.0,,,,,,62.0,21.0,33.0,66.0,1.0,,44.0,,53.0,38.0,1.0
157076,,,,,,,,144.0,,54.0,,,,,,18.0,7.0,5.0,34.0,0.0,,,1.0,11.0,,
157085,,,,,,,,10539.0,,1814.0,92.0,602.0,,,,359.0,602.0,1719.0,533.0,768.0,,1096.0,,2104.0,544.0,47.0
157100,,,,,,,,109.0,,43.0,,,,,,4.0,9.0,2.0,12.0,1.0,,2.0,8.0,4.0,12.0,
157207,,,,,,,,27.0,,11.0,,,,,,6.0,2.0,1.0,,,,,,3.0,,
157216,,,,,,,,437.0,,150.0,,,,,,35.0,3.0,8.0,77.0,5.0,,68.0,4.0,37.0,24.0,3.0
157270,,,,,,,,83.0,,39.0,,,,,,8.0,,1.0,,,,4.0,12.0,16.0,,
157289,,,,,,,,6519.0,,2041.0,,,,,,711.0,577.0,656.0,278.0,1006.0,,428.0,,602.0,126.0,20.0
157298,,,,,,,,69.0,,13.0,,,,,,15.0,2.0,3.0,3.0,,,6.0,,20.0,,
157304,,,,,,,,229.0,,107.0,,,,,,21.0,3.0,3.0,13.0,,,16.0,,37.0,,
157331,,,,,,,,225.0,,109.0,,,,,,19.0,11.0,4.0,21.0,,,15.0,,29.0,,
157377,,,,,,,,130.0,,60.0,,,,,,22.0,,7.0,13.0,1.0,,2.0,,9.0,3.0,
157386,,,,,,,,1126.0,,361.0,,,,,,64.0,78.0,54.0,134.0,15.0,,113.0,3.0,134.0,49.0,16.0
157401,,,,,,,,1401.0,,507.0,1.0,,,,,72.0,76.0,60.0,110.0,28.0,,175.0,19.0,195.0,57.0,21.0
157438,,,,,,,,269.0,,141.0,,,,,,28.0,5.0,5.0,31.0,,,17.0,,27.0,,
157447,,,,,,,,1647.0,,720.0,,,,,,80.0,99.0,124.0,142.0,6.0,,141.0,2.0,195.0,56.0,26.0
157465,,,,,,,,9.0,,6.0,,,,,,2.0,,,,,,,,1.0,,
157483,,,,,,,,390.0,,182.0,,,,,,27.0,15.0,5.0,23.0,,,41.0,1.0,67.0,,
157535,,,,,,,,321.0,,113.0,,,,,,41.0,9.0,17.0,59.0,4.0,,13.0,1.0,27.0,12.0,
157553,,,,,,,,266.0,,127.0,,,,,,17.0,7.0,7.0,17.0,,,28.0,,36.0,,
157599,,,,,,,,33.0,,21.0,,,,,,7.0,,,,,,,,1.0,,
157614,,,,,,,,8.0,,5.0,,,,,,1.0,,,,,,,,1.0,,
157650,,,,,,,,9.0,,4.0,,,,,,2.0,,,,,,,,1.0,1.0,
157669,,,,,,,,7.0,,4.0,,,,,,1.0,,,,,,,,1.0,,
157678,,,,,,,,9.0,,6.0,,,,,,1.0,,,,,,,,1.0,,
157711,,,,,,,,365.0,,184.0,,,,,,19.0,10.0,6.0,25.0,,,35.0,,57.0,,1.0
157739,,,,,,,,251.0,,99.0,,,,,,23.0,8.0,5.0,22.0,,,19.0,,41.0,,
157748,,,,,,,,426.0,,94.0,5.0,22.0,,,,30.0,17.0,13.0,16.0,4.0,,74.0,1.0,63.0,,
157757,,,,,,,,271.0,,123.0,,,,,,29.0,16.0,9.0,35.0,2.0,,14.0,,27.0,,
157766,,,,,,,,101.0,,60.0,,,,,,7.0,1.0,1.0,,,,,13.0,15.0,1.0,0.0
157793,,,,,,,,546.0,,214.0,,,,,,67.0,,6.0,,,,37.0,7.0,196.0,,5.0
157809,,,,,,,,198.0,,103.0,,,,,,24.0,8.0,,30.0,,,8.0,2.0,12.0,,
157818,,,,,,,,284.0,,91.0,,,,,,33.0,7.0,10.0,38.0,1.0,,30.0,,43.0,13.0,
157827,,,,,,,,8.0,,5.0,,,,,,1.0,,,,,,,,1.0,,
157854,,,,,,,,256.0,,,,,,,,69.0,62.0,38.0,40.0,,,,,30.0,,
157863,,,,,,,,153.0,,57.0,,,,,,14.0,10.0,6.0,33.0,,,5.0,1.0,21.0,,
157951,,,,,,,,2360.0,,897.0,,,,,,100.0,49.0,150.0,313.0,25.0,,104.0,12.0,438.0,93.0,36.0
158088,,,,,,,,134.0,,87.0,,,,,,14.0,23.0,1.0,,,,,,4.0,,
158246,,,,,,,,23.0,,11.0,,,,,,3.0,,,3.0,,,,,3.0,,
158325,,,,,,,,12.0,,9.0,,,,,,,1.0,,,,,,,1.0,,
158334,,,,,,,,5.0,,4.0,,,,,,1.0,,,,,,,,0.0,,
158343,,,,,,,,7.0,,3.0,,,,,,2.0,1.0,,,,,,1.0,,,
158431,,,,,,,,445.0,,169.0,,,,,,47.0,78.0,9.0,1.0,,,49.0,,54.0,1.0,6.0
158440,,,,,,,,10.0,,4.0,,,,,,1.0,,,1.0,,,,,4.0,,
158477,,,,,,,,170.0,,67.0,,,,,,30.0,2.0,4.0,28.0,,,,,22.0,,
158538,,,,,,,,3.0,,1.0,,,,,,2.0,,,,,,,,,,
158617,,,,,,,,32.0,,18.0,,,,,,3.0,,,,,,1.0,,11.0,,
158644,,,,,,,,8.0,,5.0,,,,,,1.0,,,,,,,,2.0,,
158662,,,,,,,,953.0,,519.0,,,,,,66.0,157.0,7.0,6.0,,,53.0,,81.0,24.0,
158723,,,,,,,,21.0,,11.0,,,,,,5.0,1.0,0.0,,,,1.0,1.0,2.0,,
158778,,,,,,,,5.0,,3.0,,,,,,1.0,,,,,,,,1.0,,
158787,,,,,,,,8.0,,5.0,,,,,,2.0,,,,,,,,1.0,,
158802,,,,,,,,295.0,,92.0,,,,,,37.0,12.0,4.0,51.0,,,59.0,1.0,27.0,4.0,3.0
158884,,,,,,,,127.0,,61.0,,,,,,10.0,9.0,2.0,1.0,,,10.0,,19.0,2.0,
159009,,,,,,,,526.0,,184.0,,,,,,49.0,40.0,16.0,48.0,3.0,,41.0,,99.0,22.0,2.0
159027,,,,,,,,12.0,,4.0,,,,,,1.0,1.0,0.0,,,,1.0,1.0,3.0,,
159197,,,,,,,,92.0,,44.0,,,,,,14.0,8.0,3.0,,,,2.0,9.0,11.0,,1.0
159319,,,,,,,,3.0,,2.0,,,,,,,,,,,,1.0,,1.0,,
159328,,,,,,,,12.0,,5.0,,,,,,3.0,,,,,,0.0,,3.0,,
159373,,,,,,,,2021.0,,769.0,44.0,,,,,281.0,203.0,206.0,13.0,94.0,,191.0,,130.0,67.0,
159382,,,,,,,,247.0,,109.0,,,,,,20.0,11.0,6.0,25.0,1.0,,19.0,,36.0,7.0,
159391,,,,,,,,6080.0,,1364.0,251.0,241.0,,,,275.0,574.0,934.0,212.0,201.0,,600.0,3.0,845.0,309.0,9.0
159407,,,,,,,,161.0,,87.0,,,,,,10.0,6.0,3.0,3.0,,,11.0,,29.0,7.0,
159416,,,,,,,,304.0,,136.0,0.0,,,,,31.0,27.0,16.0,11.0,,,27.0,,37.0,8.0,
159513,,,,,,,,18.0,,8.0,,,,,,2.0,,,,,,1.0,3.0,,,
159522,,,,,,,,16.0,,7.0,,,,,,2.0,,,,,,1.0,3.0,,,
159531,,,,,,,,7.0,,4.0,,,,,,1.0,1.0,,,,,,,1.0,,
159568,,,,,,,,180.0,,75.0,,,,,,17.0,4.0,3.0,19.0,1.0,,5.0,,52.0,,
159601,,,,,,,,4.0,,2.0,,,,,,,,,,,,,,2.0,,
159647,,,,,,,,1008.0,,411.0,7.0,1.0,,,,46.0,19.0,45.0,89.0,6.0,,97.0,4.0,144.0,48.0,13.0
159656,,,,,,,,822.0,,301.0,,13.0,,,,101.0,32.0,40.0,84.0,,,43.0,,134.0,23.0,10.0
159717,,,,,,,,686.0,,304.0,1.0,,,,,46.0,33.0,28.0,65.0,6.0,,45.0,,107.0,22.0,
159939,,,,,,,,933.0,,314.0,7.0,,,,,168.0,244.0,49.0,26.0,3.0,,18.0,,52.0,2.0,
159948,,,,,,,,299.0,,118.0,,,,,,16.0,4.0,7.0,,,,40.0,,71.0,,
159966,,,,,,,,637.0,,259.0,,,,,,48.0,29.0,17.0,47.0,5.0,,61.0,1.0,97.0,25.0,2.0
159993,,,,,,,,824.0,,332.0,3.0,3.0,,,,34.0,36.0,27.0,88.0,27.0,,61.0,,133.0,36.0,20.0
160010,,,,,,,,124.0,,76.0,,,,,,7.0,20.0,1.0,,,,1.0,,12.0,3.0,
160029,,,,,,,,43.0,,25.0,,,,,,5.0,1.0,1.0,,,,4.0,,4.0,3.0,
160038,,,,,,,,767.0,,358.0,,6.0,,,,58.0,21.0,35.0,47.0,10.0,,37.0,,112.0,22.0,4.0
160065,,,,,,,,144.0,,75.0,,,,,,22.0,4.0,7.0,,0.0,,7.0,,19.0,,
160074,,,,,,,,207.0,,96.0,,,,,,16.0,5.0,3.0,15.0,3.0,,12.0,1.0,21.0,1.0,
160117,,,,,,,,10.0,,3.0,,,,,,4.0,1.0,,,,,0.0,,1.0,,
160126,,,,,,,,4.0,,3.0,,,,,,,,,,,,,,1.0,,
160135,,,,,,,,5.0,,3.0,,,,,,,2.0,,,,,,,,,
160199,,,,,,,,6.0,,4.0,,,,,,,0.0,,,,,,,2.0,,
160320,,,,,,,,213.0,,102.0,,,,,,17.0,,,,,,10.0,48.0,,,
160409,,,,,,,,62.0,,28.0,,1.0,,,,5.0,4.0,2.0,1.0,,,8.0,,6.0,2.0,
160445,,,,,,,,14.0,,5.0,,,,,,3.0,2.0,,,,,,2.0,1.0,1.0,
160472,,,,,,,,5.0,,1.0,,,,,,1.0,2.0,,,,,,,0.0,1.0,
160481,,,,,,,,107.0,,62.0,,,,,,12.0,17.0,2.0,,,,1.0,,4.0,5.0,
160524,,,,,,,,42.0,,23.0,,,,,,8.0,1.0,1.0,,,,2.0,3.0,4.0,,
160533,,,,,,,,53.0,,,,,,,,18.0,22.0,1.0,,,,,,9.0,1.0,
160579,,,,,,,,196.0,,114.0,,,,,,19.0,33.0,5.0,,,,2.0,,12.0,6.0,
160597,,,,,,,,13.0,,5.0,,,,,,4.0,1.0,,,,,2.0,,1.0,,
160612,,,,,,,,1251.0,,493.0,,,,,,151.0,77.0,25.0,80.0,7.0,,124.0,,146.0,72.0,12.0
160621,,,,,,,,1163.0,,359.0,41.0,39.0,,,,69.0,47.0,37.0,106.0,15.0,,113.0,,225.0,47.0,13.0
160630,,,,,,,,298.0,,110.0,,,,,,31.0,9.0,16.0,28.0,1.0,,24.0,,44.0,2.0,5.0
160649,,,,,,,,260.0,,105.0,1.0,,,,,27.0,9.0,10.0,11.0,,,20.0,,19.0,5.0,
160658,,,,,,,,1925.0,,674.0,19.0,,,,,220.0,51.0,160.0,107.0,124.0,,115.0,8.0,240.0,93.0,24.0
160667,,,,,,,,180.0,,103.0,,,,,,22.0,19.0,1.0,5.0,,,2.0,,15.0,3.0,
160755,,,,,,,,4510.0,,1138.0,422.0,,,,,748.0,295.0,363.0,51.0,334.0,,104.0,2.0,636.0,261.0,33.0
160904,,,,,,,,702.0,,231.0,,,,,,77.0,49.0,56.0,58.0,6.0,,74.0,2.0,104.0,4.0,14.0
160913,,,,,,,,130.0,,71.0,,,,,,13.0,19.0,,,,,1.0,,18.0,5.0,
160940,,,,,,,,61.0,,21.0,,,,,,8.0,4.0,1.0,14.0,,,,,1.0,,
160959,,,,,,,,83.0,,25.0,,,,,,5.0,6.0,5.0,7.0,,,12.0,,16.0,4.0,0.0
160977,,,,,,,,703.0,,168.0,,,,,,72.0,52.0,32.0,46.0,10.0,,143.0,7.0,92.0,25.0,9.0
160995,,,,,,,,33.0,,13.0,,,,,,6.0,1.0,1.0,,,,3.0,0.0,7.0,,
161004,,,,,,,,909.0,,214.0,1.0,,,,,130.0,49.0,69.0,66.0,6.0,,198.0,3.0,106.0,25.0,13.0
161022,,,,,,,,26.0,,18.0,,,,,,2.0,2.0,,,,,,,1.0,,
161077,,,,,,,,176.0,,104.0,,,,,,15.0,9.0,5.0,4.0,,,17.0,,7.0,1.0,
161086,,,,,,,,711.0,,225.0,1.0,,,,,96.0,17.0,36.0,56.0,9.0,,81.0,2.0,72.0,25.0,6.0
161138,,,,,,,,212.0,,137.0,1.0,,,,,14.0,4.0,4.0,1.0,,,11.0,,13.0,3.0,
161192,,,,,,,,129.0,,70.0,,,,,,14.0,8.0,4.0,4.0,,,8.0,,8.0,3.0,
161208,,,,,,,,13.0,,6.0,,,,,,5.0,1.0,,,,,,,1.0,,
161217,,,,,,,,354.0,,140.0,,,,,,9.0,8.0,9.0,56.0,4.0,,26.0,1.0,55.0,3.0,
161226,,,,,,,,345.0,,136.0,,,,,,8.0,8.0,4.0,37.0,9.0,,54.0,3.0,38.0,9.0,
161235,,,,,,,,119.0,,41.0,,,,,,2.0,4.0,1.0,14.0,1.0,,15.0,1.0,18.0,3.0,
161244,,,,,,,,85.0,,43.0,,,,,,2.0,2.0,0.0,9.0,1.0,,13.0,,7.0,,
161253,,,,,,,,2323.0,,580.0,21.0,40.0,,,,29.0,122.0,293.0,280.0,8.0,,373.0,15.0,272.0,123.0,15.0
161280,,,,,,,,382.0,,,,,,,,27.0,83.0,164.0,15.0,7.0,,14.0,,68.0,1.0,
161299,,,,,,,,260.0,,86.0,4.0,,,,,19.0,11.0,14.0,28.0,3.0,,27.0,,17.0,15.0,17.0
161341,,,,,,,,151.0,,58.0,,,,,,3.0,3.0,1.0,31.0,2.0,,16.0,1.0,19.0,5.0,
161457,,,,,,,,1060.0,,374.0,19.0,,,,,69.0,50.0,53.0,49.0,19.0,,101.0,10.0,123.0,26.0,
161484,,,,,,,,96.0,,47.0,,,,,,10.0,5.0,4.0,4.0,,,9.0,,6.0,4.0,
161493,,,,,,,,20.0,,14.0,,,,,,3.0,,,,,,,,1.0,,
161509,,,,,,,,111.0,,51.0,,,,,,4.0,5.0,3.0,4.0,1.0,,,,12.0,9.0,
161518,,,,,,,,403.0,,140.0,,,,,,47.0,6.0,11.0,21.0,5.0,,81.0,,45.0,7.0,
161527,,,,,,,,19.0,,12.0,,,,,,2.0,,,,,,,,2.0,,
161545,,,,,,,,365.0,,211.0,,,,,,18.0,13.0,12.0,10.0,1.0,,28.0,,28.0,7.0,
161554,,,,,,,,1124.0,,385.0,9.0,,,,,17.0,46.0,148.0,135.0,7.0,,93.0,2.0,153.0,27.0,
161563,,,,,,,,166.0,,50.0,,,,,,28.0,3.0,4.0,18.0,4.0,,20.0,,14.0,2.0,1.0
161572,,,,,,,,187.0,,54.0,,,,,,20.0,6.0,6.0,5.0,3.0,,40.0,,30.0,8.0,
161581,,,,,,,,69.0,,29.0,,,,,,9.0,4.0,1.0,4.0,,,5.0,,4.0,5.0,
161615,,,,,,,,5.0,,3.0,,,,,,1.0,1.0,,,,,,,,,
161651,,,,,,,,5.0,,3.0,,,,,,1.0,0.0,,,,,,,0.0,,
161688,,,,,,,,379.0,,144.0,1.0,15.0,,,,35.0,8.0,16.0,5.0,1.0,,8.0,3.0,75.0,25.0,7.0
161767,,,,,,,,1225.0,,466.0,,131.0,,,,67.0,59.0,114.0,83.0,10.0,,60.0,30.0,159.0,13.0,4.0
161776,,,,,,,,28.0,,11.0,,,,,,7.0,,,6.0,,,,,1.0,,
161800,,,,,,,,14.0,,8.0,,,,,,4.0,1.0,,,,,,1.0,,,
161855,,,,,,,,9.0,,6.0,,,,,,,,,,,,,,3.0,,
161864,,,,,,,,525.0,,180.0,,,,,,55.0,46.0,22.0,62.0,1.0,,26.0,,74.0,30.0,3.0
161873,,,,,,,,735.0,,269.0,,,,,,125.0,71.0,52.0,39.0,7.0,,63.0,3.0,64.0,7.0,2.0
162007,,,,,,,,684.0,,298.0,,,,,,85.0,98.0,24.0,33.0,3.0,,31.0,2.0,85.0,12.0,4.0
162061,,,,,,,,83.0,,33.0,,,,,,8.0,3.0,4.0,,,,7.0,,9.0,,
162104,,,,,,,,290.0,,112.0,,19.0,,,,10.0,14.0,9.0,28.0,,,3.0,,68.0,,
162122,,,,,,,,762.0,,237.0,,36.0,,,,55.0,46.0,31.0,35.0,3.0,,15.0,1.0,135.0,47.0,
162168,,,,,,,,297.0,,76.0,,7.0,,,,30.0,18.0,15.0,14.0,1.0,,23.0,,44.0,4.0,0.0
162210,,,,,,,,204.0,,100.0,,,,,,28.0,9.0,6.0,18.0,,,7.0,0.0,20.0,5.0,2.0
162283,,,,,,,,519.0,,177.0,,,,,,86.0,61.0,20.0,27.0,2.0,,33.0,,87.0,8.0,6.0
162335,,,,,,,,5.0,,2.0,,,,,,1.0,0.0,,,,,,,1.0,,
162371,,,,,,,,45.0,,27.0,,,,,,5.0,5.0,,,,,,2.0,3.0,,
162557,,,,,,,,598.0,,224.0,,26.0,,,,66.0,17.0,26.0,58.0,5.0,,21.0,,117.0,36.0,
162584,,,,,,,,824.0,,302.0,,,,,,75.0,70.0,37.0,42.0,6.0,,91.0,2.0,132.0,30.0,12.0
162609,,,,,,,,154.0,,32.0,1.0,,,,,15.0,1.0,3.0,5.0,1.0,,5.0,1.0,45.0,25.0,2.0
162654,,,,,,,,462.0,,150.0,,,,,,62.0,23.0,19.0,46.0,5.0,,53.0,,50.0,18.0,4.0
162681,,,,,,,,39.0,,6.0,,,,,,6.0,3.0,1.0,10.0,,,2.0,,1.0,,
162690,,,,,,,,380.0,,128.0,,19.0,,,,41.0,9.0,12.0,27.0,0.0,,37.0,3.0,50.0,9.0,
162706,,,,,,,,573.0,,180.0,,42.0,,,,29.0,32.0,35.0,42.0,,,31.0,6.0,55.0,13.0,
162760,,,,,,,,298.0,,150.0,,,,,,29.0,14.0,15.0,25.0,2.0,,12.0,,38.0,,1.0
162779,,,,,,,,891.0,,404.0,,39.0,,,,39.0,42.0,46.0,38.0,10.0,,2.0,2.0,93.0,66.0,8.0
162830,,,,,,,,8.0,,3.0,,,,,,,,,,,,,,,,
162928,,,,,,,,17318.0,,3702.0,886.0,,,,,137.0,2014.0,2362.0,420.0,2881.0,,797.0,,3028.0,185.0,8.0
162982,,,,,,,,26.0,,13.0,,,,,,3.0,1.0,,,,,,2.0,1.0,3.0,
163028,,,,,,,,58.0,,26.0,,,,,,17.0,,1.0,,,,2.0,,9.0,,1.0
163046,,,,,,,,1055.0,,360.0,,,,,,205.0,21.0,66.0,69.0,9.0,,118.0,2.0,165.0,18.0,22.0
163107,,,,,,,,3.0,,2.0,,,,,,,,,,,,,,1.0,,
163204,,,,,,,,2689.0,,1279.0,,,,,,373.0,407.0,130.0,271.0,,,5.0,,175.0,,
163259,,,,,,,,5753.0,,1999.0,456.0,,,,,573.0,654.0,832.0,228.0,188.0,,346.0,8.0,308.0,73.0,15.0
163268,,,,,,,,2043.0,,628.0,138.0,,,,,330.0,315.0,160.0,118.0,20.0,,37.0,5.0,186.0,47.0,17.0
163286,,,,,,,,9260.0,,2060.0,1652.0,,,,,350.0,1663.0,740.0,485.0,51.0,,701.0,0.0,356.0,396.0,121.0
163295,,,,,,,,568.0,,249.0,2.0,1.0,,,,72.0,23.0,16.0,14.0,,,52.0,2.0,42.0,14.0,2.0
163338,,,,,,,,793.0,,255.0,9.0,0.0,,,,99.0,66.0,55.0,34.0,4.0,,98.0,,102.0,47.0,7.0
163347,,,,,,,,47.0,,22.0,,,,,,12.0,3.0,,,,,,5.0,2.0,2.0,
163408,,,,,,,,7.0,,1.0,,,,,,2.0,1.0,,,,,,2.0,,1.0,
163426,,,,,,,,2271.0,,811.0,,88.0,,,,199.0,116.0,324.0,,2.0,,227.0,7.0,273.0,64.0,3.0
163453,,,,,,,,1686.0,,540.0,35.0,10.0,,,,320.0,62.0,55.0,36.0,21.0,,101.0,18.0,318.0,130.0,16.0
163462,,,,,,,,417.0,,161.0,,,,,,68.0,19.0,10.0,49.0,5.0,,16.0,,71.0,1.0,
163532,,,,,,,,60.0,,16.0,,,,,,5.0,1.0,2.0,,,,10.0,6.0,8.0,9.0,
163541,,,,,,,,25.0,,11.0,,,,,,6.0,1.0,,,,,,2.0,3.0,1.0,
163578,,,,,,,,323.0,,152.0,,,,,,39.0,7.0,24.0,6.0,1.0,,8.0,17.0,42.0,7.0,1.0
163657,,,,,,,,1192.0,,395.0,,208.0,,,,53.0,55.0,97.0,64.0,1.0,,92.0,0.0,97.0,16.0,8.0
163736,,,,,,,,41.0,,11.0,,,,,,10.0,,,13.0,,,1.0,,1.0,,
163754,,,,,,,,7.0,,4.0,,,,,,1.0,,,,,,,,1.0,,
163815,,,,,,,,6.0,,3.0,,,,,,,,,,,,,,2.0,,
163851,,,,,,,,1250.0,,485.0,0.0,1.0,,,,112.0,97.0,56.0,57.0,7.0,,125.0,9.0,227.0,46.0,3.0
163912,,,,,,,,421.0,,158.0,1.0,,,,,36.0,30.0,18.0,53.0,4.0,,46.0,0.0,38.0,14.0,
163976,,,,,,,,163.0,,59.0,,,,,,14.0,19.0,7.0,16.0,1.0,,23.0,,11.0,6.0,
164058,,,,,,,,33.0,,11.0,,,,,,8.0,,,9.0,,,,,2.0,,
164076,,,,,,,,2593.0,,1155.0,,,,,,298.0,305.0,149.0,110.0,20.0,,64.0,12.0,283.0,96.0,53.0
164085,,,,,,,,176.0,,69.0,2.0,,,,,33.0,8.0,6.0,1.0,1.0,,4.0,,17.0,1.0,
164146,,,,,,,,99.0,,,,,,,,44.0,30.0,7.0,6.0,,,2.0,,8.0,2.0,
164155,,,,,,,,850.0,,323.0,14.0,,,,,85.0,59.0,74.0,17.0,5.0,,72.0,1.0,59.0,1.0,75.0
164173,,,,,,,,644.0,,240.0,,,,,,67.0,26.0,31.0,52.0,25.0,,24.0,4.0,50.0,18.0,10.0
164216,,,,,,,,478.0,,123.0,,,,,,39.0,22.0,31.0,39.0,6.0,,99.0,3.0,44.0,16.0,5.0
164270,,,,,,,,558.0,,277.0,,,,,,61.0,25.0,12.0,65.0,2.0,,20.0,1.0,58.0,19.0,0.0
164313,,,,,,,,306.0,,100.0,,33.0,,,,8.0,12.0,14.0,13.0,1.0,,33.0,,60.0,4.0,
164368,,,,,,,,195.0,,63.0,,,,,,1.0,6.0,9.0,4.0,1.0,,,44.0,10.0,,
164438,,,,,,,,84.0,,35.0,,,,,,22.0,,,9.0,,,,,2.0,,
164447,,,,,,,,419.0,,193.0,,,,,,41.0,22.0,15.0,52.0,4.0,,,,31.0,,
164465,,,,,,,,910.0,,229.0,,,,,,99.0,59.0,74.0,73.0,10.0,,155.0,,128.0,33.0,6.0
164474,,,,,,,,37.0,,10.0,,,,,,2.0,4.0,4.0,,,,5.0,,1.0,,
164492,,,,,,,,183.0,,93.0,,,,,,28.0,3.0,4.0,10.0,4.0,,1.0,,28.0,,
164535,,,,,,,,7.0,,5.0,,,,,,1.0,,,,,,,,1.0,,
164562,,,,,,,,452.0,,196.0,,,,,,68.0,9.0,26.0,52.0,6.0,,27.0,1.0,51.0,,
164580,,,,,,,,867.0,,220.0,,,,,,83.0,105.0,53.0,118.0,6.0,,77.0,,108.0,34.0,
164599,,,,,,,,10.0,,5.0,,,,,,5.0,,,,,,0.0,,,,
164614,,,,,,,,16.0,,7.0,,,,,,4.0,1.0,,,,,0.0,,2.0,1.0,
164632,,,,,,,,393.0,,152.0,,,,,,39.0,9.0,15.0,32.0,1.0,,31.0,1.0,39.0,,2.0
164641,,,,,,,,110.0,,46.0,,,,,,18.0,14.0,4.0,9.0,,,5.0,,5.0,,
164678,,,,,,,,24.0,,9.0,,,,,,5.0,1.0,,,,,1.0,1.0,,,
164720,,,,,,,,288.0,,93.0,,,,,,34.0,8.0,1.0,25.0,13.0,,17.0,7.0,29.0,,9.0
164739,,,,,,,,935.0,,335.0,,,,,,133.0,52.0,76.0,114.0,3.0,,80.0,,94.0,13.0,
164748,,,,,,,,1222.0,,513.0,,,,,,194.0,91.0,90.0,124.0,,,36.0,,90.0,6.0,
164775,,,,,,,,227.0,,89.0,,,,,,30.0,3.0,9.0,6.0,,,14.0,,42.0,6.0,
164845,,,,,,,,12.0,,5.0,,,,,,2.0,,,,,,,,2.0,1.0,
164872,,,,,,,,172.0,,85.0,,,,,,17.0,4.0,5.0,4.0,,,5.0,,19.0,0.0,
164915,,,,,,,,19.0,,12.0,0.0,,,,,,1.0,,,,,,,6.0,,
164924,,,,,,,,3621.0,,1022.0,174.0,,,,,551.0,171.0,232.0,223.0,32.0,,484.0,30.0,423.0,81.0,16.0
164988,,,,,,,,9043.0,,3064.0,684.0,,,,,710.0,1327.0,832.0,378.0,117.0,,841.0,,754.0,167.0,33.0
165015,,,,,,,,1680.0,,427.0,202.0,,,,,61.0,123.0,188.0,92.0,5.0,,121.0,,177.0,34.0,8.0
165024,,,,,,,,1245.0,,497.0,,,,,,31.0,231.0,52.0,24.0,11.0,,168.0,,161.0,39.0,5.0
165033,,,,,,,,718.0,,317.0,,15.0,,,,73.0,20.0,33.0,14.0,2.0,,30.0,,87.0,8.0,
165060,,,,,,,,26.0,,18.0,,,,,,2.0,3.0,,1.0,,,,,2.0,,
165112,,,,,,,,680.0,,369.0,,,,,,73.0,,32.0,36.0,,,22.0,3.0,102.0,10.0,
165167,,,,,,,,244.0,,132.0,,,,,,31.0,12.0,14.0,23.0,,,,,27.0,2.0,
165194,,,,,,,,316.0,,145.0,,,,,,30.0,5.0,13.0,21.0,,,16.0,,45.0,4.0,
165255,,,,,,,,29.0,,10.0,,,,,,7.0,3.0,,1.0,,,,1.0,6.0,1.0,
165264,,,,,,,,107.0,,43.0,,,,,,21.0,7.0,2.0,,,,6.0,,7.0,,
165334,,,,,,,,695.0,,255.0,13.0,,,,,82.0,81.0,36.0,29.0,,,66.0,,80.0,18.0,7.0
165495,,,,,,,,10.0,,5.0,,,,,,1.0,1.0,,,,,,,3.0,,
165529,,,,,,,,486.0,,181.0,,6.0,,,,28.0,13.0,17.0,44.0,6.0,,40.0,,54.0,12.0,1.0
165556,,,,,,,,21.0,,11.0,,,,,,5.0,,1.0,,,,,,3.0,,
165574,,,,,,,,224.0,,65.0,,,,,,37.0,22.0,9.0,14.0,3.0,,1.0,,12.0,9.0,
165608,,,,,,,,8.0,,5.0,,,,,,1.0,,,,,,,,1.0,,
165635,,,,,,,,35.0,,13.0,,,,,,11.0,2.0,,,,,,2.0,5.0,,
165644,,,,,,,,201.0,,86.0,,,,,,16.0,8.0,9.0,18.0,2.0,,16.0,,13.0,,1.0
165662,,,,,,,,819.0,,286.0,,,,,,131.0,58.0,49.0,103.0,19.0,,48.0,,58.0,11.0,3.0
165671,,,,,,,,328.0,,128.0,,,,,,40.0,90.0,9.0,4.0,1.0,,22.0,,24.0,5.0,
165699,,,,,,,,633.0,,207.0,,,,,,73.0,24.0,19.0,56.0,6.0,,79.0,,62.0,19.0,
165705,,,,,,,,25.0,,6.0,,,,,,10.0,1.0,4.0,2.0,,,,,2.0,,
165750,,,,,,,,9.0,,5.0,,,,,,1.0,1.0,,,,,,,2.0,,
165802,,,,,,,,185.0,,86.0,2.0,7.0,,,,14.0,17.0,2.0,11.0,1.0,,,,1.0,3.0,
165820,,,,,,,,615.0,,271.0,,,,,,55.0,10.0,17.0,24.0,4.0,,69.0,,83.0,17.0,14.0
165866,,,,,,,,579.0,,242.0,,,,,,76.0,7.0,19.0,6.0,8.0,,56.0,,67.0,18.0,14.0
165884,,,,,,,,89.0,,45.0,,,,,,10.0,2.0,,3.0,,,5.0,,,,
165936,,,,,,,,477.0,,131.0,,,,,,42.0,29.0,17.0,38.0,7.0,,82.0,1.0,44.0,9.0,1.0
165945,,,,,,,,178.0,,35.0,1.0,,,,,31.0,7.0,16.0,2.0,,,11.0,,57.0,4.0,
165981,,,,,,,,233.0,,89.0,,,,,,26.0,8.0,15.0,6.0,0.0,,3.0,,34.0,17.0,5.0
166018,,,,,,,,416.0,,146.0,,,,,,33.0,19.0,19.0,27.0,,,32.0,,60.0,16.0,
166027,,,,,,,,17226.0,,2244.0,2298.0,,,,,1977.0,2476.0,2462.0,570.0,170.0,,975.0,,2179.0,286.0,52.0
166045,,,,,,,,75.0,,24.0,,,,,,27.0,5.0,3.0,,,,5.0,,7.0,,
166054,,,,,,,,67.0,,18.0,,,,,,20.0,3.0,2.0,10.0,,,8.0,1.0,3.0,,
166124,,,,,,,,1052.0,,289.0,,,,,,73.0,54.0,47.0,116.0,13.0,,228.0,2.0,140.0,29.0,7.0
166133,,,,,,,,599.0,,241.0,,,,,,66.0,3.0,26.0,17.0,2.0,,34.0,,99.0,5.0,11.0
166391,,,,,,,,384.0,,146.0,,,,,,44.0,24.0,17.0,22.0,3.0,,45.0,,27.0,13.0,
166407,,,,,,,,56.0,,45.0,,,,,,3.0,,1.0,,,,,,2.0,,
166452,,,,,,,,657.0,,310.0,,,,,,104.0,53.0,33.0,23.0,2.0,,,,106.0,,
166489,,,,,,,,77.0,,41.0,,,,,,17.0,6.0,1.0,1.0,,,3.0,,1.0,,
166498,,,,,,,,14.0,,6.0,,,,,,1.0,1.0,,,,,0.0,,1.0,,
166513,,,,,,,,1827.0,,757.0,36.0,,,,,365.0,88.0,137.0,96.0,7.0,,140.0,,154.0,29.0,3.0
166586,,,,,,,,8.0,,3.0,,,,,,3.0,1.0,,,,,,,1.0,,
166595,,,,,,,,9.0,,5.0,,,,,,2.0,1.0,,,,,,,1.0,,
166629,,,,,,,,5469.0,,1431.0,242.0,24.0,,,,186.0,376.0,508.0,276.0,85.0,,832.0,8.0,726.0,270.0,113.0
166638,,,,,,,,2147.0,,890.0,,,,,,184.0,67.0,176.0,287.0,30.0,,41.0,1.0,275.0,11.0,23.0
166647,,,,,,,,337.0,,151.0,,,,,,52.0,5.0,13.0,,,,5.0,,44.0,8.0,
166656,,,,,,,,682.0,,266.0,1.0,,,,,115.0,24.0,30.0,16.0,67.0,,22.0,,49.0,,
166665,,,,,,,,380.0,,,,,,,,98.0,66.0,147.0,29.0,,,,,29.0,,
166674,,,,,,,,428.0,,169.0,,,,,,75.0,8.0,10.0,,,,56.0,,71.0,,20.0
166683,,,,,,,,12759.0,,1428.0,4686.0,,,,,956.0,822.0,1064.0,536.0,234.0,,566.0,28.0,1939.0,404.0,26.0
166692,,,,,,,,299.0,,101.0,,,,,,33.0,15.0,13.0,8.0,4.0,,25.0,,28.0,19.0,18.0
166708,,,,,,,,4844.0,,1422.0,474.0,,,,,158.0,1093.0,225.0,12.0,880.0,,149.0,,318.0,53.0,40.0
166717,,,,,,,,154.0,,79.0,4.0,,,,,26.0,7.0,4.0,14.0,,,5.0,3.0,11.0,,
166805,,,,,,,,5.0,,3.0,,,,,,,,,,,,,,2.0,,
166823,,,,,,,,628.0,,272.0,,,,,,70.0,24.0,28.0,48.0,1.0,,69.0,,75.0,10.0,1.0
166850,,,,,,,,667.0,,250.0,,,,,,40.0,46.0,17.0,55.0,6.0,,59.0,,69.0,,
166869,,,,,,,,204.0,,100.0,6.0,,,,,21.0,14.0,9.0,,,,,,34.0,,
166887,,,,,,,,662.0,,251.0,,,,,,47.0,69.0,23.0,7.0,1.0,,45.0,,86.0,,
166911,,,,,,,,68.0,,33.0,,,,,,7.0,2.0,2.0,1.0,0.0,,4.0,,3.0,,
166939,,,,,,,,891.0,,232.0,,,,,,78.0,51.0,73.0,32.0,6.0,,196.0,2.0,92.0,44.0,7.0
166948,,,,,,,,271.0,,104.0,,,,,,41.0,7.0,15.0,34.0,3.0,,12.0,,19.0,,
166957,,,,,,,,580.0,,194.0,,,,,,89.0,14.0,11.0,47.0,3.0,,64.0,,83.0,8.0,1.0
167039,,,,,,,,2.0,,2.0,,,,,,,,,,,,,,,,
167057,,,,,,,,327.0,,195.0,,,,,,16.0,12.0,9.0,11.0,4.0,,8.0,,28.0,,
167093,,,,,,,,142.0,,55.0,3.0,3.0,,,,14.0,7.0,4.0,2.0,8.0,,7.0,,20.0,5.0,1.0
167215,,,,,,,,112.0,,46.0,7.0,,,,,23.0,6.0,9.0,,,,6.0,,3.0,,
167224,,,,,,,,22.0,,7.0,,,,,,4.0,,,,,,,,4.0,,
167251,,,,,,,,114.0,,51.0,,,,,,7.0,7.0,3.0,15.0,1.0,,,,6.0,,
167260,,,,,,,,217.0,,71.0,,,,,,36.0,14.0,9.0,27.0,3.0,,12.0,,21.0,7.0,
167288,,,,,,,,346.0,,116.0,,,,,,27.0,16.0,12.0,15.0,5.0,,47.0,,42.0,14.0,
167297,,,,,,,,31.0,,14.0,,,,,,7.0,1.0,,,,,,,4.0,3.0,
167312,,,,,,,,602.0,,266.0,,,,,,48.0,17.0,10.0,26.0,2.0,,45.0,,107.0,6.0,2.0
167321,,,,,,,,32.0,,19.0,,,,,,3.0,,,,,,,,1.0,,
167358,,,,,,,,3891.0,,1397.0,21.0,,,,,212.0,443.0,500.0,340.0,44.0,,178.0,,229.0,92.0,12.0
167376,,,,,,,,537.0,,251.0,,,,,,64.0,16.0,36.0,4.0,,,9.0,,61.0,9.0,
167394,,,,,,,,252.0,,118.0,,,,,,20.0,10.0,9.0,32.0,5.0,,12.0,,29.0,,
167455,,,,,,,,137.0,,36.0,2.0,0.0,,,,12.0,8.0,,18.0,1.0,,16.0,2.0,14.0,9.0,2.0
167464,,,,,,,,30.0,,15.0,,,,,,3.0,0.0,,0.0,,,6.0,2.0,3.0,,
167525,,,,,,,,286.0,,167.0,1.0,,,,,25.0,9.0,7.0,10.0,,,12.0,,7.0,,
167534,,,,,,,,677.0,,271.0,,,,,,75.0,26.0,34.0,57.0,1.0,,57.0,,73.0,6.0,2.0
167598,,,,,,,,381.0,,154.0,,,,,,42.0,9.0,9.0,23.0,7.0,,33.0,,34.0,7.0,1.0
167631,,,,,,,,280.0,,100.0,,,,,,35.0,8.0,7.0,34.0,4.0,,17.0,,28.0,2.0,2.0
167677,,,,,,,,36.0,,23.0,,,,,,2.0,2.0,,,0.0,,1.0,,7.0,1.0,
167729,,,,,,,,1104.0,,510.0,,,,,,50.0,90.0,50.0,43.0,7.0,,110.0,,77.0,20.0,9.0
167738,,,,,,,,15.0,,10.0,,,,,,4.0,,,,,,,,1.0,,
167783,,,,,,,,845.0,,482.0,,,,,,68.0,48.0,33.0,33.0,3.0,,26.0,,118.0,5.0,
167792,,,,,,,,203.0,,60.0,,,,,,11.0,9.0,8.0,6.0,,,59.0,6.0,15.0,10.0,5.0
167835,,,,,,,,1151.0,,341.0,,,,,,68.0,121.0,81.0,40.0,6.0,,151.0,0.0,147.0,27.0,22.0
167871,,,,,,,,24.0,,15.0,,,,,,2.0,,,,,,2.0,,2.0,1.0,
167899,,,,,,,,651.0,,247.0,,,,,,49.0,40.0,19.0,19.0,4.0,,98.0,,95.0,15.0,5.0
167905,,,,,,,,507.0,,219.0,,,,,,49.0,24.0,18.0,17.0,3.0,,35.0,,67.0,11.0,13.0
167987,,,,,,,,1213.0,,470.0,2.0,,,,,161.0,48.0,95.0,52.0,8.0,,107.0,,174.0,35.0,23.0
167996,,,,,,,,596.0,,199.0,1.0,,,,,98.0,17.0,28.0,55.0,5.0,,83.0,,76.0,16.0,
168005,,,,,,,,1049.0,,456.0,,,,,,57.0,199.0,52.0,63.0,5.0,,55.0,,128.0,,
168032,,,,,,,,4.0,,2.0,,,,,,1.0,,,,,,,,1.0,,
168148,,,,,,,,4345.0,,1116.0,260.0,,,,,447.0,364.0,468.0,131.0,221.0,,407.0,,644.0,81.0,9.0
168218,,,,,,,,1207.0,,380.0,1.0,,,,,23.0,,3.0,,,,240.0,,545.0,7.0,7.0
168227,,,,,,,,585.0,,232.0,,,,,,61.0,37.0,55.0,43.0,3.0,,29.0,,40.0,25.0,
168254,,,,,,,,762.0,,282.0,,,,,,89.0,13.0,37.0,38.0,10.0,,129.0,,83.0,16.0,4.0
168263,,,,,,,,874.0,,327.0,,,,,,50.0,28.0,31.0,34.0,8.0,,195.0,,104.0,28.0,
168281,,,,,,,,484.0,,155.0,,,,,,70.0,20.0,23.0,57.0,4.0,,61.0,,57.0,14.0,5.0
168290,,,,,,,,255.0,,98.0,,,,,,23.0,15.0,6.0,25.0,2.0,,10.0,,22.0,2.0,
168342,,,,,,,,1099.0,,324.0,,,,,,134.0,62.0,75.0,69.0,6.0,,187.0,,123.0,37.0,12.0
168421,,,,,,,,1156.0,,423.0,52.0,,,,,94.0,132.0,91.0,93.0,3.0,,92.0,8.0,136.0,18.0,
168430,,,,,,,,680.0,,276.0,,,,,,60.0,23.0,33.0,38.0,3.0,,65.0,,92.0,12.0,4.0
168528,,,,,,,,348.0,,127.0,0.0,,,,,26.0,14.0,10.0,74.0,1.0,,47.0,7.0,31.0,,1.0
168546,,,,,,,,412.0,,121.0,,,,,,52.0,22.0,19.0,68.0,5.0,,33.0,,54.0,13.0,3.0
168555,,,,,,,,6.0,,3.0,,,,,,,,,,,,1.0,1.0,1.0,,
168573,,,,,,,,31.0,,11.0,,,,,,6.0,,,,,,,3.0,6.0,2.0,
168591,,,,,,,,342.0,,119.0,,,,,,35.0,8.0,7.0,35.0,5.0,,46.0,,81.0,,
168607,,,,,,,,141.0,,72.0,,2.0,,,,23.0,4.0,7.0,2.0,,,6.0,,17.0,5.0,0.0
168740,,,,,,,,782.0,,254.0,,,,,,70.0,27.0,42.0,20.0,,,77.0,3.0,180.0,34.0,9.0
168786,,,,,,,,320.0,,138.0,,,,,,9.0,18.0,11.0,48.0,,,32.0,,13.0,,
168847,,,,,,,,1475.0,,785.0,,,,,,142.0,10.0,51.0,,,,119.0,,120.0,,
168883,,,,,,,,149.0,,71.0,,,,,,9.0,11.0,10.0,4.0,,,7.0,,11.0,5.0,
168892,,,,,,,,8.0,,6.0,,,,,,1.0,,,,,,,,1.0,,
169071,,,,,,,,3.0,,2.0,,,,,,,,,,,,,,,,
169080,,,,,,,,775.0,,306.0,,,,,,39.0,58.0,52.0,101.0,14.0,,66.0,,97.0,20.0,1.0
169099,,,,,,,,49.0,,17.0,,,,,,6.0,5.0,3.0,,,,,,10.0,1.0,
169187,,,,,,,,21.0,,13.0,,,,,,1.0,1.0,,0.0,,,,,1.0,,
169220,,,,,,,,24.0,,13.0,,,,,,4.0,,,,,,,,2.0,,
169248,,,,,,,,2665.0,,1004.0,5.0,,,,,397.0,126.0,145.0,205.0,29.0,,153.0,3.0,380.0,80.0,30.0
169275,,,,,,,,534.0,,222.0,,,,,,49.0,18.0,20.0,27.0,2.0,,51.0,,64.0,5.0,
169284,,,,,,,,24.0,,14.0,,,,,,5.0,,,,,,,,2.0,,
169327,,,,,,,,77.0,,23.0,,,,,,18.0,2.0,2.0,6.0,,,3.0,,4.0,,
169363,,,,,,,,178.0,,80.0,,,,,,39.0,,4.0,17.0,1.0,,23.0,3.0,10.0,,
169424,,,,,,,,36.0,,10.0,,,,,,7.0,3.0,2.0,,,,,1.0,6.0,,1.0
169442,,,,,,,,376.0,,148.0,,5.0,,,,65.0,8.0,15.0,11.0,,,16.0,,33.0,26.0,
169479,,,,,,,,669.0,,267.0,,,,,,124.0,63.0,35.0,,,,10.0,,136.0,,
169503,,,,,,,,20.0,,13.0,,,,,,2.0,2.0,,,,,,,3.0,,
169521,,,,,,,,643.0,,316.0,,,,,,69.0,9.0,,29.0,1.0,,50.0,,133.0,1.0,2.0
169576,,,,,,,,9.0,,3.0,,,,,,2.0,1.0,,,,,,0.0,2.0,0.0,
169628,,,,,,,,123.0,,52.0,,,,,,7.0,4.0,5.0,4.0,,,,,34.0,,
169655,,,,,,,,134.0,,46.0,,,,,,3.0,7.0,2.0,,,,14.0,23.0,21.0,,
169716,,,,,,,,1023.0,,478.0,,,,,,68.0,39.0,41.0,52.0,33.0,,58.0,2.0,119.0,20.0,1.0
169734,,,,,,,,46.0,,25.0,,,,,,1.0,,,,,,,,4.0,,
169761,,,,,,,,13.0,,4.0,,,,,,1.0,,,,,,,,1.0,,
169798,,,,,,,,2039.0,,952.0,,,,,,274.0,52.0,86.0,96.0,13.0,,189.0,1.0,225.0,39.0,11.0
169813,,,,,,,,5.0,,1.0,,,,,,1.0,1.0,,,,,,,0.0,,
169910,,,,,,,,1692.0,,723.0,,,,,,101.0,85.0,75.0,68.0,13.0,,231.0,3.0,264.0,52.0,7.0
169947,,,,,,,,6.0,,3.0,,,,,,1.0,,,,,,0.0,,1.0,,
169974,,,,,,,,89.0,,30.0,,,,,,19.0,2.0,2.0,,,,10.0,,13.0,,
169983,,,,,,,,387.0,,116.0,1.0,,,,,62.0,22.0,30.0,18.0,,,34.0,,51.0,11.0,2.0
169992,,,,,,,,96.0,,50.0,,,,,,11.0,2.0,2.0,2.0,,,8.0,2.0,18.0,1.0,
170000,,,,,,,,130.0,,62.0,,,,,,10.0,6.0,1.0,10.0,0.0,,3.0,,1.0,,
170037,,,,,,,,304.0,,100.0,,,,,,47.0,7.0,12.0,28.0,1.0,,20.0,,38.0,3.0,
170055,,,,,,,,784.0,,381.0,,,,,,71.0,32.0,40.0,56.0,1.0,,67.0,,102.0,17.0,4.0
170082,,,,,,,,2697.0,,1331.0,,,,,,110.0,186.0,152.0,241.0,13.0,,176.0,12.0,346.0,58.0,11.0
170091,,,,,,,,26.0,,12.0,,,,,,4.0,,,3.0,,,1.0,1.0,4.0,,
170240,,,,,,,,678.0,,354.0,,,,,,25.0,8.0,13.0,30.0,1.0,,71.0,,130.0,1.0,3.0
170286,,,,,,,,585.0,,158.0,,,,,,51.0,29.0,22.0,43.0,6.0,,87.0,3.0,92.0,15.0,3.0
170301,,,,,,,,718.0,,277.0,4.0,,,,,70.0,22.0,34.0,77.0,5.0,,65.0,1.0,98.0,18.0,8.0
170444,,,,,,,,236.0,,68.0,,,,,,46.0,10.0,11.0,5.0,,,24.0,,34.0,8.0,
170532,,,,,,,,381.0,,118.0,,,,,,57.0,27.0,14.0,38.0,4.0,,42.0,,55.0,13.0,3.0
170541,,,,,,,,602.0,,250.0,,,,,,43.0,25.0,31.0,22.0,1.0,,58.0,,93.0,11.0,2.0
170550,,,,,,,,365.0,,195.0,2.0,2.0,,,,51.0,6.0,8.0,22.0,,,2.0,2.0,50.0,7.0,
170587,,,,,,,,103.0,,35.0,,,,,,9.0,9.0,7.0,4.0,,,7.0,,18.0,,1.0
170611,,,,,,,,18.0,,13.0,,,,,,2.0,,,,,,1.0,,,,
170620,,,,,,,,284.0,,122.0,,,,,,40.0,8.0,11.0,23.0,,,9.0,,44.0,9.0,
170639,,,,,,,,363.0,,119.0,,,,,,23.0,25.0,22.0,27.0,6.0,,60.0,0.0,44.0,19.0,
170657,,,,,,,,1101.0,,645.0,,,,,,164.0,31.0,22.0,28.0,,,28.0,,126.0,,4.0
170675,,,,,,,,457.0,,203.0,,,,,,77.0,9.0,29.0,45.0,,,16.0,,66.0,1.0,
170736,,,,,,,,5.0,,1.0,,,,,,1.0,1.0,,,,,,,2.0,,
170790,,,,,,,,1147.0,,458.0,,,,,,67.0,57.0,103.0,68.0,,,59.0,,132.0,41.0,
170806,,,,,,,,434.0,,223.0,,,,,,46.0,6.0,6.0,15.0,10.0,,21.0,,27.0,11.0,
170842,,,,,,,,181.0,,95.0,,,,,,22.0,8.0,2.0,14.0,2.0,,12.0,,16.0,4.0,1.0
170967,,,,,,,,142.0,,67.0,,,,,,15.0,3.0,6.0,10.0,,,5.0,1.0,10.0,2.0,
170976,,,,,,,,21331.0,,6852.0,,,,,,1607.0,2455.0,3843.0,542.0,482.0,,1495.0,,2126.0,689.0,197.0
171012,,,,,,,,12.0,,3.0,,,,,,1.0,1.0,,,,,,,2.0,,
171100,,,,,,,,11901.0,,3037.0,519.0,491.0,,,,951.0,1305.0,1370.0,364.0,360.0,,1002.0,3.0,1135.0,349.0,150.0
171128,,,,,,,,1452.0,,422.0,133.0,,,,,64.0,168.0,141.0,75.0,4.0,,159.0,1.0,172.0,39.0,16.0
171137,,,,,,,,874.0,,401.0,,,,,,83.0,91.0,42.0,10.0,6.0,,36.0,,86.0,14.0,6.0
171146,,,,,,,,939.0,,401.0,,,,,,76.0,85.0,55.0,12.0,5.0,,59.0,,103.0,17.0,7.0
171155,,,,,,,,206.0,,83.0,1.0,3.0,,,,44.0,1.0,5.0,1.0,,,17.0,2.0,33.0,,
171225,,,,,,,,197.0,,81.0,,,,,,28.0,2.0,11.0,8.0,,,21.0,,33.0,2.0,
171234,,,,,,,,132.0,,55.0,,,,,,21.0,1.0,11.0,2.0,,,11.0,,22.0,,
171261,,,,,,,,12.0,,5.0,,,,,,1.0,1.0,,,,,1.0,,1.0,,
171304,,,,,,,,279.0,,151.0,,,,,,26.0,5.0,4.0,10.0,,,25.0,,49.0,,
171322,,,,,,,,58.0,,23.0,,,,,,1.0,,,2.0,,,,,4.0,,
171395,,,,,,,,120.0,,40.0,,,,,,29.0,4.0,5.0,,,,18.0,,15.0,,
171456,,,,,,,,945.0,,337.0,,,,,,77.0,48.0,42.0,72.0,13.0,,126.0,1.0,134.0,30.0,6.0
171465,,,,,,,,7.0,,5.0,,,,,,,,,,,,,1.0,1.0,0.0,
171483,,,,,,,,448.0,,167.0,,,,,,30.0,27.0,24.0,18.0,1.0,,47.0,2.0,71.0,4.0,1.0
171492,,,,,,,,484.0,,200.0,,,,,,45.0,50.0,16.0,78.0,4.0,,20.0,2.0,49.0,12.0,
171535,,,,,,,,942.0,,441.0,,,,,,76.0,37.0,26.0,40.0,,,87.0,,185.0,7.0,19.0
171571,,,,,,,,1916.0,,821.0,6.0,,,,,76.0,144.0,107.0,139.0,9.0,,127.0,,236.0,47.0,
171599,,,,,,,,193.0,,62.0,1.0,,,,,26.0,8.0,2.0,49.0,4.0,,18.0,,9.0,7.0,
171775,,,,,,,,4.0,,2.0,,,,,,1.0,,,,,,,,1.0,,
171881,,,,,,,,50.0,,21.0,,,,,,4.0,2.0,1.0,,,,2.0,,12.0,2.0,
171988,,,,,,,,13.0,,6.0,,,,,,3.0,,,,,,,,1.0,,
171997,,,,,,,,16.0,,8.0,,,,,,3.0,,,,,,,,1.0,,
172015,,,,,,,,18.0,,10.0,,,,,,3.0,,,,,,,,1.0,,
172033,,,,,,,,63.0,,28.0,,,,,,17.0,1.0,1.0,,,,,,7.0,,
172051,,,,,,,,877.0,,393.0,,,,,,98.0,23.0,37.0,63.0,12.0,,66.0,1.0,106.0,21.0,
172200,,,,,,,,576.0,,239.0,,,,,,55.0,18.0,29.0,10.0,,,75.0,3.0,59.0,,
172264,,,,,,,,327.0,,135.0,,,,,,68.0,7.0,10.0,30.0,2.0,,23.0,,23.0,7.0,
172291,,,,,,,,227.0,,112.0,,,,,,28.0,9.0,1.0,15.0,1.0,,23.0,,31.0,1.0,
172307,,,,,,,,198.0,,92.0,,,,,,24.0,10.0,13.0,10.0,,,7.0,,11.0,8.0,
172325,,,,,,,,68.0,,20.0,,,,,,14.0,4.0,2.0,3.0,,,0.0,,4.0,,
172334,,,,,,,,415.0,,214.0,,,,,,48.0,23.0,9.0,24.0,1.0,,9.0,,74.0,6.0,
172422,,,,,,,,73.0,,26.0,,,,,,6.0,2.0,1.0,7.0,,,27.0,,4.0,,
172440,,,,,,,,145.0,,48.0,,3.0,,,,19.0,2.0,2.0,18.0,,,12.0,,6.0,7.0,
172477,,,,,,,,254.0,,74.0,,,,,,42.0,6.0,12.0,7.0,,,1.0,3.0,28.0,11.0,
172495,,,,,,,,23.0,,14.0,,,,,,6.0,2.0,,,,,,,1.0,,
172608,,,,,,,,179.0,,73.0,,,,,,21.0,9.0,2.0,17.0,,,6.0,,31.0,,0.0
172617,,,,,,,,853.0,,333.0,4.0,,,,,104.0,26.0,40.0,28.0,,,65.0,,136.0,27.0,
172635,,,,,,,,759.0,,298.0,,,,,,36.0,38.0,15.0,6.0,,,82.0,,131.0,,1.0
172644,,,,,,,,5545.0,,1981.0,813.0,,,,,503.0,542.0,245.0,92.0,147.0,,284.0,,501.0,48.0,92.0
172671,,,,,,,,111.0,,49.0,1.0,,,,,18.0,1.0,5.0,0.0,,,15.0,0.0,14.0,2.0,
172680,,,,,,,,9.0,,4.0,,,,,,1.0,,,,,,,,4.0,,
172699,,,,,,,,2874.0,,1049.0,,,,,,89.0,224.0,195.0,152.0,32.0,,362.0,1.0,352.0,155.0,36.0
172705,,,,,,,,48.0,,17.0,,2.0,,,,5.0,1.0,,,,,,4.0,4.0,2.0,
172802,,,,,,,,4.0,,3.0,,,,,,1.0,,,,,,,,0.0,,
172866,,,,,,,,18.0,,8.0,,,,,,3.0,,,,,,,,6.0,,
172918,,,,,,,,140.0,,74.0,,,,,,8.0,4.0,9.0,0.0,,,8.0,3.0,17.0,5.0,
172927,,,,,,,,29.0,,7.0,,,,,,8.0,1.0,1.0,9.0,,,,,1.0,1.0,
172954,,,,,,,,109.0,,65.0,,,,,,3.0,2.0,4.0,1.0,,,4.0,3.0,11.0,3.0,
172963,,,,,,,,368.0,,167.0,,,,,,14.0,17.0,12.0,6.0,1.0,,21.0,6.0,47.0,4.0,
173045,,,,,,,,570.0,,246.0,1.0,,,,,87.0,80.0,15.0,38.0,,,35.0,9.0,42.0,11.0,
173063,,,,,,,,202.0,,98.0,,,,,,7.0,9.0,8.0,4.0,1.0,,13.0,5.0,22.0,5.0,
173115,,,,,,,,60.0,,34.0,,,,,,3.0,11.0,1.0,,,,1.0,,3.0,2.0,
173124,,,,,,,,449.0,,194.0,,,,,,16.0,22.0,20.0,34.0,2.0,,35.0,,51.0,23.0,1.0
173142,,,,,,,,126.0,,50.0,,,,,,10.0,5.0,7.0,18.0,1.0,,8.0,,8.0,4.0,
173160,,,,,,,,709.0,,269.0,,,,,,65.0,21.0,37.0,109.0,5.0,,31.0,2.0,104.0,12.0,4.0
173179,,,,,,,,28.0,,16.0,,,,,,3.0,,,1.0,,,1.0,,2.0,,
173203,,,,,,,,216.0,,99.0,,,,,,12.0,9.0,10.0,8.0,1.0,,12.0,4.0,24.0,4.0,0.0
173258,,,,,,,,664.0,,254.0,,,,,,77.0,36.0,36.0,33.0,3.0,,68.0,,73.0,22.0,2.0
173300,,,,,,,,585.0,,188.0,,,,,,55.0,40.0,24.0,62.0,0.0,,97.0,,74.0,17.0,9.0
173328,,,,,,,,363.0,,181.0,,,,,,29.0,4.0,12.0,60.0,,,0.0,,37.0,7.0,
173416,,,,,,,,188.0,,91.0,,,,,,9.0,10.0,7.0,4.0,1.0,,7.0,8.0,12.0,6.0,
173452,,,,,,,,153.0,,84.0,,,,,,7.0,3.0,3.0,4.0,0.0,,11.0,,24.0,3.0,3.0
173461,,,,,,,,246.0,,129.0,,,,,,8.0,10.0,11.0,2.0,1.0,,11.0,3.0,30.0,5.0,
173470,,,,,,,,2.0,,2.0,,,,,,0.0,0.0,,,,,,,,,
173489,,,,,,,,19.0,,10.0,,,,,,3.0,1.0,,,,,,1.0,3.0,,
173559,,,,,,,,356.0,,176.0,,,,,,16.0,11.0,17.0,8.0,,,17.0,5.0,44.0,6.0,
173638,,,,,,,,168.0,,96.0,,,,,,9.0,4.0,4.0,4.0,,,11.0,4.0,17.0,5.0,
173647,,,,,,,,579.0,,200.0,,,,,,7.0,45.0,24.0,92.0,7.0,,124.0,,67.0,,
173665,,,,,,,,537.0,,213.0,,,,,,74.0,43.0,25.0,42.0,3.0,,20.0,,27.0,5.0,9.0
173683,,,,,,,,16.0,,7.0,,,,,,4.0,,,,,,,,1.0,,
173708,,,,,,,,322.0,,157.0,,,,,,13.0,15.0,11.0,1.0,2.0,,24.0,7.0,36.0,6.0,
173726,,,,,,,,3.0,,2.0,,,,,,0.0,0.0,,,,,,,,,
173735,,,,,,,,98.0,,52.0,,,,,,3.0,2.0,1.0,1.0,,,7.0,5.0,11.0,3.0,
173744,,,,,,,,61.0,,23.0,,,,,,15.0,7.0,,,,,,3.0,11.0,1.0,
173799,,,,,,,,235.0,,121.0,,,,,,12.0,9.0,9.0,3.0,0.0,,10.0,2.0,27.0,3.0,
173805,,,,,,,,76.0,,39.0,,,,,,2.0,2.0,2.0,1.0,,,7.0,,6.0,2.0,
173887,,,,,,,,52.0,,30.0,,,,,,9.0,1.0,,,,,,,3.0,,
173896,,,,,,,,110.0,,29.0,,,,,,36.0,11.0,2.0,1.0,1.0,,6.0,,16.0,,
173902,,,,,,,,634.0,,209.0,7.0,,,,,61.0,53.0,29.0,41.0,6.0,,49.0,,79.0,20.0,
173911,,,,,,,,232.0,,113.0,,,,,,11.0,11.0,10.0,3.0,1.0,,10.0,7.0,24.0,5.0,
173920,,,,,,,,1263.0,,559.0,,,,,,30.0,40.0,71.0,89.0,11.0,,94.0,4.0,157.0,46.0,2.0
173957,,,,,,,,196.0,,173.0,,,,,,6.0,,,,,,,,17.0,,
173966,,,,,,,,95.0,,81.0,,,,,,,,,,,,,,9.0,,
173984,,,,,,,,118.0,,60.0,,,,,,23.0,,,,,,,,7.0,,
173993,,,,,,,,75.0,,39.0,,,,,,3.0,2.0,3.0,1.0,,,4.0,,8.0,3.0,
174020,,,,,,,,586.0,,290.0,,,,,,19.0,28.0,26.0,8.0,0.0,,,,61.0,5.0,
174066,,,,,,,,16507.0,,3867.0,1561.0,330.0,,,,888.0,2285.0,2329.0,900.0,377.0,,1193.0,29.0,1582.0,499.0,66.0
174075,,,,,,,,258.0,,88.0,,,,,,16.0,23.0,18.0,37.0,4.0,,26.0,0.0,22.0,12.0,2.0
174118,,,,,,,,33.0,,15.0,,,,,,6.0,,,,,,,8.0,3.0,,
174127,,,,,,,,188.0,,72.0,,,,,,27.0,10.0,8.0,0.0,,,9.0,3.0,27.0,12.0,
174136,,,,,,,,446.0,,192.0,,,,,,15.0,21.0,22.0,3.0,1.0,,36.0,6.0,48.0,10.0,
174154,,,,,,,,38.0,,24.0,,,,,,2.0,,,,,,,,3.0,,
174190,,,,,,,,19.0,,7.0,,,,,,3.0,,,,,,1.0,,2.0,,
174233,,,,,,,,1503.0,,542.0,46.0,4.0,,,,67.0,174.0,141.0,107.0,11.0,,144.0,17.0,160.0,46.0,4.0
174251,,,,,,,,374.0,,138.0,,,,,,18.0,31.0,10.0,46.0,2.0,,51.0,,48.0,17.0,1.0
174321,,,,,,,,8.0,,5.0,,,,,,,1.0,,,,,,,2.0,,
174358,,,,,,,,560.0,,255.0,,,,,,16.0,19.0,27.0,44.0,3.0,,49.0,1.0,63.0,19.0,
174376,,,,,,,,300.0,,157.0,,,,,,11.0,13.0,13.0,1.0,1.0,,19.0,1.0,24.0,7.0,
174385,,,,,,,,12.0,,3.0,,,,,,2.0,,,,,,,,1.0,,
174394,,,,,,,,6.0,,4.0,,,,,,,,1.0,,,,,,,,
174428,,,,,,,,459.0,,223.0,,,,,,16.0,17.0,27.0,2.0,,,32.0,3.0,55.0,7.0,
174437,,,,,,,,160.0,,55.0,,,,,,14.0,2.0,7.0,22.0,,,15.0,1.0,31.0,5.0,
174473,,,,,,,,202.0,,105.0,,,,,,10.0,6.0,8.0,7.0,,,10.0,2.0,19.0,7.0,
174491,,,,,,,,465.0,,143.0,,,,,,45.0,46.0,10.0,35.0,4.0,,30.0,,60.0,9.0,1.0
174507,,,,,,,,174.0,,70.0,,,,,,26.0,9.0,10.0,,1.0,,8.0,2.0,30.0,2.0,
174525,,,,,,,,26.0,,6.0,,,,,,6.0,1.0,,,,,2.0,1.0,1.0,1.0,
174570,,,,,,,,85.0,,28.0,,,,,,9.0,3.0,5.0,7.0,,,2.0,3.0,12.0,2.0,
174604,,,,,,,,30.0,,15.0,,,,,,,1.0,0.0,1.0,,,2.0,,2.0,1.0,
174738,,,,,,,,326.0,,152.0,,,,,,10.0,15.0,20.0,9.0,1.0,,27.0,4.0,34.0,10.0,
174747,,,,,,,,469.0,,162.0,,,,,,40.0,28.0,18.0,37.0,7.0,,78.0,2.0,43.0,11.0,11.0
174756,,,,,,,,236.0,,126.0,,,,,,12.0,7.0,6.0,3.0,1.0,,10.0,5.0,28.0,7.0,
174783,,,,,,,,1121.0,,503.0,,,,,,24.0,54.0,53.0,55.0,7.0,,80.0,3.0,135.0,39.0,2.0
174792,,,,,,,,477.0,,150.0,,,,,,43.0,29.0,19.0,48.0,2.0,,74.0,1.0,66.0,,6.0
174817,,,,,,,,577.0,,205.0,,,,,,84.0,28.0,34.0,66.0,2.0,,43.0,,68.0,16.0,
174844,,,,,,,,678.0,,255.0,,,,,,42.0,49.0,29.0,71.0,1.0,,98.0,,49.0,20.0,4.0
174862,,,,,,,,110.0,,50.0,,,,,,20.0,1.0,2.0,8.0,1.0,,,6.0,9.0,,
174899,,,,,,,,550.0,,266.0,,,,,,31.0,40.0,23.0,72.0,8.0,,25.0,,50.0,11.0,
174914,,,,,,,,1513.0,,579.0,,,,,,196.0,132.0,105.0,42.0,5.0,,190.0,12.0,136.0,13.0,14.0
174978,,,,,,,,9.0,,6.0,,,,,,1.0,,,,,,,,1.0,,
175005,,,,,,,,775.0,,363.0,,,,,,89.0,39.0,26.0,96.0,3.0,,52.0,3.0,74.0,9.0,
175014,,,,,,,,395.0,,124.0,,,,,,56.0,14.0,,,,,,,24.0,,
175041,,,,,,,,306.0,,155.0,,,,,,14.0,11.0,18.0,5.0,1.0,,24.0,3.0,25.0,6.0,
175078,,,,,,,,320.0,,145.0,,,,,,12.0,14.0,10.0,34.0,,,29.0,1.0,25.0,11.0,
175120,,,,,,,,56.0,,18.0,,,,,,14.0,4.0,,,,,4.0,,3.0,,
175139,,,,,,,,27.0,,12.0,,,,,,2.0,3.0,1.0,,,,,,3.0,,
175157,,,,,,,,49.0,,20.0,,,,,,1.0,1.0,1.0,2.0,,,7.0,,4.0,2.0,
175227,,,,,,,,183.0,,100.0,,,,,,27.0,18.0,4.0,13.0,,,,,7.0,1.0,1.0
175236,,,,,,,,244.0,,123.0,,,,,,11.0,7.0,10.0,3.0,1.0,,14.0,9.0,32.0,5.0,1.0
175263,,,,,,,,139.0,,75.0,,,,,,9.0,9.0,5.0,1.0,,,5.0,4.0,8.0,5.0,
175272,,,,,,,,795.0,,401.0,,,,,,20.0,38.0,45.0,47.0,4.0,,56.0,2.0,80.0,22.0,
175281,,,,,,,,267.0,,141.0,,,,,,23.0,6.0,7.0,16.0,,,8.0,,36.0,7.0,
175315,,,,,,,,481.0,,234.0,,,,,,18.0,19.0,22.0,5.0,1.0,,27.0,4.0,50.0,13.0,
175342,,,,,,,,716.0,,177.0,5.0,,,,,53.0,9.0,50.0,86.0,2.0,,99.0,2.0,162.0,29.0,5.0
175421,,,,,,,,548.0,,263.0,,,,,,50.0,7.0,8.0,45.0,,,46.0,,23.0,,
175430,,,,,,,,99.0,,38.0,1.0,,,,,10.0,5.0,3.0,15.0,,,,,23.0,1.0,
175494,,,,,,,,8.0,,6.0,,,,,,2.0,,,,,,,,,,
175519,,,,,,,,209.0,,77.0,,,,,,20.0,2.0,1.0,22.0,1.0,,28.0,2.0,33.0,2.0,3.0
175528,,,,,,,,44.0,,21.0,,,,,,2.0,,1.0,,,,0.0,2.0,3.0,,
175573,,,,,,,,321.0,,119.0,,,,,,26.0,6.0,7.0,17.0,1.0,,71.0,1.0,38.0,1.0,1.0
175607,,,,,,,,3.0,,2.0,,,,,,1.0,,,,,,,,,,
175616,,,,,,,,529.0,,189.0,,,,,,37.0,8.0,5.0,31.0,5.0,,84.0,0.0,120.0,20.0,7.0
175643,,,,,,,,249.0,,110.0,,,,,,20.0,15.0,4.0,20.0,,,31.0,0.0,32.0,5.0,
175652,,,,,,,,400.0,,138.0,,,,,,27.0,6.0,6.0,34.0,2.0,,35.0,0.0,65.0,33.0,3.0
175698,,,,,,,,13.0,,4.0,,,,,,3.0,,,,,,4.0,,2.0,,
175722,,,,,,,,3.0,,2.0,,,,,,,,,,,,,,1.0,,
175786,,,,,,,,1208.0,,510.0,,,,,,148.0,8.0,19.0,49.0,0.0,,148.0,,227.0,46.0,1.0
175810,,,,,,,,458.0,,227.0,,,,,,25.0,4.0,10.0,21.0,,,89.0,,46.0,,
175829,,,,,,,,481.0,,242.0,,2.0,,,,12.0,2.0,8.0,46.0,,,64.0,9.0,68.0,8.0,4.0
175856,,,,,,,,1296.0,,454.0,,,,,,121.0,31.0,63.0,44.0,8.0,,91.0,,423.0,30.0,23.0
175883,,,,,,,,395.0,,151.0,2.0,,,,,27.0,7.0,14.0,33.0,3.0,,49.0,5.0,83.0,10.0,
175935,,,,,,,,373.0,,169.0,,,,,,17.0,11.0,8.0,23.0,,,37.0,8.0,33.0,10.0,
175980,,,,,,,,273.0,,91.0,,,,,,16.0,,2.0,31.0,2.0,,26.0,6.0,81.0,11.0,
175999,,,,,,,,82.0,,,,,,,,34.0,12.0,15.0,,,,2.0,,16.0,4.0,
176008,,,,,,,,295.0,,128.0,,,,,,13.0,7.0,7.0,11.0,1.0,,58.0,4.0,47.0,,1.0
176017,,,,,,,,12187.0,,1943.0,1.0,,,,,566.0,986.0,756.0,394.0,4140.0,,1458.0,5.0,1333.0,364.0,42.0
176035,,,,,,,,348.0,,167.0,,,,,,34.0,14.0,12.0,26.0,2.0,,21.0,1.0,61.0,,3.0
176044,,,,,,,,511.0,,137.0,,,,,,43.0,26.0,15.0,68.0,2.0,,83.0,2.0,84.0,10.0,18.0
176053,,,,,,,,661.0,,292.0,,,,,,58.0,17.0,14.0,55.0,3.0,,59.0,,114.0,16.0,1.0
176062,,,,,,,,4.0,,3.0,,,,,,,,,,,,,,1.0,,
176071,,,,,,,,824.0,,371.0,3.0,,,,,46.0,22.0,9.0,27.0,,,155.0,9.0,151.0,,
176080,,,,,,,,4694.0,,1021.0,82.0,164.0,,,,139.0,459.0,605.0,208.0,128.0,,313.0,5.0,680.0,190.0,61.0
176169,,,,,,,,307.0,,131.0,,,,,,21.0,6.0,4.0,32.0,,,49.0,,43.0,,2.0
176178,,,,,,,,698.0,,299.0,,,,,,31.0,4.0,16.0,58.0,,,146.0,2.0,78.0,28.0,4.0
176239,,,,,,,,453.0,,222.0,,,,,,30.0,4.0,,13.0,1.0,,61.0,8.0,59.0,12.0,
176318,,,,,,,,180.0,,46.0,,,,,,17.0,11.0,6.0,10.0,1.0,,26.0,,30.0,5.0,2.0
176336,,,,,,,,12.0,,7.0,,,,,,,1.0,1.0,,,,,,1.0,,
176354,,,,,,,,201.0,,76.0,,,,,,14.0,1.0,3.0,16.0,2.0,,38.0,,22.0,7.0,1.0
176372,,,,,,,,2403.0,,752.0,41.0,,,,,119.0,503.0,101.0,112.0,29.0,,227.0,,343.0,81.0,16.0
176390,,,,,,,,16.0,,7.0,,,,,,2.0,1.0,,,,,1.0,2.0,2.0,,
176406,,,,,,,,277.0,,73.0,,,,,,42.0,12.0,27.0,44.0,3.0,,31.0,,42.0,2.0,
176451,,,,,,,,15.0,,6.0,,,,,,3.0,1.0,,,,,,1.0,,,
176479,,,,,,,,426.0,,213.0,,,,,,20.0,6.0,10.0,26.0,1.0,,28.0,,75.0,12.0,
176600,,,,,,,,34.0,,18.0,,,,,,5.0,3.0,2.0,0.0,,,,,5.0,,
176619,,,,,,,,30.0,,6.0,,,,,,6.0,,,,,,,,16.0,,
176628,,,,,,,,273.0,,127.0,,,,,,29.0,8.0,5.0,22.0,2.0,,11.0,,31.0,,
176664,,,,,,,,60.0,,22.0,,,,,,16.0,2.0,2.0,1.0,,,8.0,,6.0,,
176716,,,,,,,,11.0,,6.0,,,,,,1.0,2.0,,,,,,1.0,1.0,,
176770,,,,,,,,131.0,,86.0,,9.0,,,,6.0,2.0,4.0,1.0,,,,2.0,6.0,,
176789,,,,,,,,67.0,,26.0,,,,,,22.0,1.0,1.0,1.0,,,3.0,,6.0,2.0,
176798,,,,,,,,50.0,,30.0,,,,,,5.0,,,,,,6.0,,6.0,,
176910,,,,,,,,34.0,,12.0,,,,,,7.0,2.0,1.0,2.0,,,1.0,1.0,5.0,,
176947,,,,,,,,241.0,,87.0,,,,,,13.0,14.0,9.0,39.0,2.0,,28.0,0.0,30.0,6.0,
176965,,,,,,,,1477.0,,598.0,,0.0,,,,159.0,120.0,50.0,54.0,18.0,,153.0,,191.0,48.0,20.0
176983,,,,,,,,41.0,,27.0,,,,,,2.0,,,3.0,,,3.0,,2.0,,
177038,,,,,,,,96.0,,35.0,0.0,,,,,25.0,1.0,,,1.0,,3.0,6.0,20.0,,
177056,,,,,,,,17.0,,10.0,,,,,,1.0,2.0,,,,,,,3.0,,
177065,,,,,,,,942.0,,286.0,,,,,,137.0,59.0,59.0,162.0,3.0,,47.0,,137.0,9.0,1.0
177083,,,,,,,,15.0,,5.0,,,,,,2.0,,,,,,,,1.0,,
177092,,,,,,,,120.0,,41.0,,,,,,9.0,9.0,7.0,11.0,,,3.0,11.0,16.0,,
177117,,,,,,,,155.0,,40.0,1.0,,,,,33.0,6.0,5.0,7.0,,,42.0,,17.0,,
177126,,,,,,,,88.0,,23.0,,,,,,4.0,10.0,,,,,10.0,1.0,25.0,,
177135,,,,,,,,463.0,,279.0,,,,,,22.0,7.0,9.0,4.0,,,11.0,1.0,57.0,4.0,
177144,,,,,,,,186.0,,63.0,,,,,,19.0,,3.0,39.0,,,35.0,1.0,21.0,,
177214,,,,,,,,487.0,,209.0,,,,,,23.0,17.0,24.0,31.0,3.0,,45.0,,54.0,13.0,
177250,,,,,,,,272.0,,121.0,,,,,,30.0,15.0,12.0,9.0,,,16.0,4.0,36.0,3.0,
177278,,,,,,,,23.0,,9.0,,,,,,5.0,0.0,,1.0,,,,,8.0,,
177287,,,,,,,,19.0,,8.0,,,,,,3.0,1.0,,,,,,1.0,2.0,2.0,
177302,,,,,,,,69.0,,15.0,,,,,,1.0,12.0,1.0,,,,,22.0,3.0,,
177339,,,,,,,,332.0,,115.0,,,,,,32.0,4.0,11.0,27.0,3.0,,43.0,,39.0,14.0,
177418,,,,,,,,317.0,,118.0,,,,,,56.0,5.0,9.0,18.0,1.0,,23.0,1.0,54.0,2.0,
177436,,,,,,,,31.0,,2.0,,,,,,3.0,,,,,,2.0,,2.0,,
177472,,,,,,,,1051.0,,487.0,,,,,,60.0,25.0,46.0,18.0,1.0,,105.0,31.0,36.0,,2.0
177542,,,,,,,,154.0,,73.0,,,,,,10.0,3.0,2.0,22.0,3.0,,5.0,,31.0,,
177551,,,,,,,,207.0,,78.0,,,,,,27.0,7.0,10.0,12.0,1.0,,12.0,,14.0,5.0,2.0
177579,,,,,,,,61.0,,25.0,,,,,,10.0,,,,,,,,3.0,,
177588,,,,,,,,10.0,,4.0,,,,,,3.0,,,,,,,,3.0,,
177603,,,,,,,,10.0,,5.0,,,,,,2.0,,,,,,,,3.0,,
177676,,,,,,,,372.0,,169.0,,,,,,37.0,5.0,16.0,12.0,1.0,,25.0,2.0,76.0,9.0,1.0
177685,,,,,,,,9.0,,5.0,,,,,,1.0,1.0,,,,,,,1.0,,
177719,,,,,,,,120.0,,63.0,3.0,,,,,13.0,4.0,4.0,3.0,5.0,,,,7.0,,
177746,,,,,,,,191.0,,74.0,,,,,,21.0,10.0,5.0,35.0,,,14.0,,22.0,,
177816,,,,,,,,47.0,,23.0,,,,,,4.0,5.0,1.0,,,,2.0,,6.0,3.0,
177834,,,,,,,,978.0,,394.0,,,,,,116.0,31.0,45.0,28.0,31.0,,72.0,,204.0,15.0,4.0
177870,,,,,,,,21.0,,16.0,,,,,,,,,,,,,,,,
177931,,,,,,,,14.0,,9.0,,,,,,1.0,1.0,,1.0,,,,,2.0,,
177940,,,,,,,,441.0,,146.0,19.0,7.0,,,,32.0,22.0,33.0,37.0,6.0,,17.0,,56.0,20.0,2.0
177968,,,,,,,,1254.0,,675.0,,,,,,71.0,44.0,23.0,152.0,,,90.0,,37.0,,
177977,,,,,,,,183.0,,96.0,,,,,,6.0,3.0,6.0,2.0,,,17.0,,23.0,,
177986,,,,,,,,213.0,,71.0,7.0,,,,,44.0,11.0,12.0,3.0,3.0,,4.0,,32.0,6.0,2.0
177995,,,,,,,,1594.0,,686.0,5.0,,,,,91.0,13.0,52.0,121.0,7.0,,81.0,,398.0,27.0,9.0
178059,,,,,,,,565.0,,305.0,,,,,,96.0,31.0,21.0,36.0,9.0,,23.0,,29.0,5.0,
178077,,,,,,,,12.0,,6.0,,,,,,3.0,1.0,,,,,,,1.0,,
178110,,,,,,,,8.0,,4.0,,,,,,1.0,,,,,,,,3.0,,
178183,,,,,,,,17.0,,8.0,,,,,,1.0,,,,,,,,1.0,,
178208,,,,,,,,111.0,,34.0,,,,,,10.0,4.0,4.0,11.0,,,4.0,3.0,18.0,11.0,
178217,,,,,,,,286.0,,134.0,,,,,,26.0,4.0,11.0,18.0,,,27.0,,53.0,,
178244,,,,,,,,414.0,,145.0,,,,,,29.0,18.0,12.0,48.0,5.0,,29.0,,59.0,6.0,3.0
178262,,,,,,,,8.0,,4.0,,,,,,1.0,,,,,,,1.0,,,
178314,,,,,,,,3.0,,2.0,,,,,,1.0,,,,,,,,,,
178341,,,,,,,,590.0,,247.0,,,,,,54.0,4.0,28.0,42.0,4.0,,54.0,0.0,99.0,25.0,
178369,,,,,,,,222.0,,107.0,,,,,,14.0,1.0,5.0,9.0,1.0,,24.0,,28.0,,
178387,,,,,,,,600.0,,261.0,,,,,,31.0,14.0,13.0,43.0,3.0,,58.0,,82.0,17.0,
178396,,,,,,,,9368.0,,2126.0,349.0,130.0,,,,912.0,350.0,1035.0,700.0,544.0,,615.0,26.0,1712.0,369.0,112.0
178402,,,,,,,,2901.0,,908.0,15.0,7.0,,,,302.0,73.0,203.0,259.0,410.0,,173.0,2.0,364.0,60.0,12.0
178411,,,,,,,,1395.0,,421.0,26.0,1.0,,,,185.0,42.0,113.0,150.0,12.0,,109.0,2.0,240.0,78.0,1.0
178420,,,,,,,,1549.0,,557.0,14.0,21.0,,,,196.0,80.0,102.0,216.0,14.0,,94.0,2.0,177.0,44.0,6.0
178439,,,,,,,,513.0,,,,,,,,102.0,104.0,168.0,31.0,,,1.0,6.0,75.0,2.0,
178448,,,,,,,,343.0,,140.0,,1.0,,,,37.0,3.0,10.0,8.0,,,33.0,,44.0,6.0,1.0
178466,,,,,,,,56.0,,35.0,,,,,,3.0,,1.0,1.0,,,2.0,,7.0,6.0,
178484,,,,,,,,11.0,,5.0,,,,,,1.0,2.0,,,,,,2.0,,,
178518,,,,,,,,45.0,,14.0,,,,,,1.0,3.0,3.0,2.0,,,4.0,,4.0,1.0,
178527,,,,,,,,5.0,,3.0,,,,,,1.0,,,,,,,,0.0,,
178615,,,,,,,,768.0,,346.0,,,,,,25.0,15.0,32.0,113.0,11.0,,51.0,1.0,86.0,45.0,8.0
178624,,,,,,,,736.0,,260.0,,,,,,26.0,104.0,25.0,39.0,11.0,,96.0,4.0,80.0,31.0,20.0
178679,,,,,,,,107.0,,29.0,,,,,,15.0,5.0,5.0,5.0,0.0,,19.0,2.0,12.0,,
178697,,,,,,,,331.0,,104.0,,,,,,29.0,3.0,6.0,6.0,2.0,,58.0,2.0,34.0,48.0,13.0
178721,,,,,,,,851.0,,443.0,,,,,,43.0,58.0,32.0,31.0,1.0,,32.0,,58.0,8.0,
178767,,,,,,,,16.0,,9.0,,,,,,1.0,2.0,,,,,,2.0,1.0,,
178828,,,,,,,,24.0,,14.0,,,,,,3.0,,,,,,2.0,,2.0,,
178891,,,,,,,,195.0,,116.0,,,,,,4.0,24.0,5.0,,,,6.0,,11.0,,
178989,,,,,,,,46.0,,33.0,1.0,,,,,2.0,2.0,1.0,,,,,,3.0,,
179043,,,,,,,,377.0,,165.0,,,,,,31.0,18.0,16.0,41.0,2.0,,32.0,4.0,38.0,9.0,
179052,,,,,,,,31.0,,20.0,,,,,,3.0,1.0,,,,,1.0,,2.0,,
179070,,,,,,,,12.0,,4.0,,,,,,,,,,,,,,1.0,,
179159,,,,,,,,4439.0,,1522.0,94.0,27.0,,,,569.0,252.0,274.0,125.0,264.0,,525.0,1.0,707.0,1.0,36.0
179195,,,,,,,,5.0,,2.0,,,,,,,,,,,,,,3.0,,
179229,,,,,,,,4.0,,3.0,,,,,,,1.0,,,,,,,,,
179238,,,,,,,,30.0,,11.0,,,,,,,,,2.0,8.0,,,,6.0,1.0,
179256,,,,,,,,26.0,,11.0,,,,,,4.0,1.0,0.0,,,,3.0,0.0,2.0,,
179265,,,,,,,,253.0,,101.0,,,,,,47.0,4.0,16.0,20.0,,,18.0,,33.0,5.0,
179308,,,,,,,,1824.0,,743.0,,,,,,101.0,168.0,64.0,44.0,2.0,,123.0,,316.0,41.0,6.0
179317,,,,,,,,42.0,,15.0,,,,,,6.0,3.0,,1.0,,,,,4.0,,
179326,,,,,,,,415.0,,184.0,,,,,,50.0,18.0,8.0,33.0,,,46.0,,53.0,3.0,
179344,,,,,,,,194.0,,68.0,,,,,,9.0,7.0,12.0,18.0,1.0,,22.0,1.0,26.0,,
179450,,,,,,,,45.0,,25.0,,,,,,14.0,2.0,,,,,,,4.0,,
179511,,,,,,,,26.0,,10.0,,,,,,4.0,3.0,1.0,,,,3.0,3.0,3.0,,
179539,,,,,,,,319.0,,161.0,,,,,,6.0,,,0.0,,,20.0,,129.0,,
179548,,,,,,,,230.0,,70.0,,,,,,18.0,15.0,7.0,22.0,,,29.0,9.0,17.0,17.0,
179557,,,,,,,,1176.0,,410.0,,,,,,64.0,124.0,34.0,130.0,8.0,,114.0,,138.0,66.0,32.0
179566,,,,,,,,2384.0,,874.0,4.0,,,,,94.0,164.0,129.0,192.0,45.0,,222.0,10.0,337.0,94.0,10.0
179645,,,,,,,,263.0,,120.0,,,,,,30.0,7.0,14.0,18.0,,,9.0,5.0,27.0,4.0,
179715,,,,,,,,133.0,,51.0,,,,,,10.0,9.0,8.0,,,,13.0,3.0,30.0,,
179812,,,,,,,,254.0,,57.0,6.0,,,,,29.0,17.0,14.0,11.0,7.0,,39.0,1.0,38.0,8.0,1.0
179867,,,,,,,,13663.0,,1773.0,903.0,1088.0,,,,906.0,1002.0,1845.0,382.0,1669.0,,1299.0,12.0,2291.0,246.0,56.0
179894,,,,,,,,1271.0,,599.0,,,,,,145.0,41.0,44.0,91.0,1.0,,23.0,,172.0,21.0,
179919,,,,,,,,64.0,,20.0,,,,,,11.0,2.0,2.0,4.0,2.0,,6.0,1.0,11.0,,
179946,,,,,,,,189.0,,67.0,,,,,,20.0,13.0,6.0,21.0,,,4.0,,12.0,13.0,
179955,,,,,,,,249.0,,103.0,,,,,,41.0,15.0,7.0,33.0,,,9.0,,29.0,9.0,
179964,,,,,,,,265.0,,125.0,,,,,,18.0,11.0,12.0,4.0,,,2.0,5.0,13.0,24.0,
179991,,,,,,,,2.0,,1.0,,,,,,0.0,,,,,,,,0.0,,
180054,,,,,,,,117.0,,31.0,5.0,4.0,,,,16.0,8.0,3.0,2.0,,,6.0,,13.0,8.0,
180063,,,,,,,,6.0,,4.0,,,,,,1.0,,,,,,,,1.0,,
180090,,,,,,,,6.0,,3.0,,,,,,,2.0,,,,,,,,1.0,
180106,,,,,,,,263.0,,107.0,,,,,,43.0,19.0,10.0,27.0,3.0,,22.0,,11.0,3.0,2.0
180151,,,,,,,,42.0,,14.0,,,,,,3.0,3.0,2.0,2.0,,,4.0,,2.0,,
180160,,,,,,,,53.0,,12.0,1.0,2.0,,,,4.0,1.0,2.0,5.0,,,7.0,,9.0,,
180179,,,,,,,,516.0,,207.0,,,,,,75.0,27.0,18.0,55.0,2.0,,46.0,3.0,55.0,13.0,1.0
180197,,,,,,,,254.0,,117.0,,,,,,31.0,14.0,7.0,12.0,2.0,,21.0,1.0,29.0,1.0,
180203,,,,,,,,57.0,,18.0,,4.0,,,,12.0,2.0,2.0,,,,5.0,1.0,6.0,1.0,
180212,,,,,,,,70.0,,29.0,,,,,,4.0,4.0,2.0,,,,1.0,,18.0,6.0,
180249,,,,,,,,160.0,,75.0,,,,,,23.0,6.0,11.0,5.0,,,3.0,,10.0,10.0,
180258,,,,,,,,180.0,,64.0,,,,,,19.0,9.0,7.0,33.0,3.0,,18.0,,14.0,,2.0
180276,,,,,,,,131.0,,64.0,,7.0,,,,24.0,6.0,4.0,3.0,,,4.0,2.0,12.0,3.0,
180328,,,,,,,,85.0,,28.0,,5.0,,,,2.0,5.0,5.0,4.0,,,1.0,,7.0,7.0,
180373,,,,,,,,93.0,,33.0,,0.0,,,,15.0,1.0,2.0,7.0,,,14.0,0.0,16.0,,
180416,,,,,,,,473.0,,183.0,36.0,,,,,39.0,14.0,37.0,30.0,1.0,,50.0,3.0,42.0,14.0,
180461,,,,,,,,2762.0,,746.0,34.0,25.0,,,,411.0,201.0,408.0,114.0,35.0,,271.0,16.0,187.0,97.0,33.0
180489,,,,,,,,2128.0,,630.0,94.0,86.0,,,,352.0,95.0,200.0,110.0,79.0,,175.0,10.0,177.0,59.0,20.0
180522,,,,,,,,204.0,,63.0,2.0,,,,,34.0,8.0,11.0,17.0,6.0,,17.0,,21.0,4.0,
180595,,,,,,,,216.0,,82.0,,,,,,17.0,15.0,8.0,35.0,1.0,,15.0,,16.0,10.0,3.0
180647,,,,,,,,168.0,,65.0,,1.0,,,,25.0,2.0,7.0,,,,6.0,,38.0,11.0,
180692,,,,,,,,204.0,,71.0,,,,,,17.0,8.0,7.0,24.0,,,34.0,4.0,20.0,7.0,3.0
180771,,,,,,,,4.0,,2.0,,,,,,1.0,,,,,,,,,0.0,
180814,,,,,,,,690.0,,190.0,,,,,,125.0,39.0,82.0,27.0,,,6.0,17.0,30.0,22.0,
180832,,,,,,,,142.0,,61.0,0.0,,,,,26.0,14.0,6.0,3.0,,,,,5.0,6.0,
180878,,,,,,,,78.0,,47.0,,,,,,13.0,3.0,1.0,5.0,,,,,6.0,,
180902,,,,,,,,614.0,,254.0,,,,,,37.0,29.0,17.0,47.0,1.0,,37.0,1.0,97.0,17.0,4.0
180948,,,,,,,,315.0,,112.0,,,,,,24.0,13.0,10.0,28.0,1.0,,28.0,,23.0,25.0,4.0
180957,,,,,,,,19.0,,10.0,,,,,,5.0,,,,,,,,4.0,,
180984,,,,,,,,250.0,,116.0,,,,,,26.0,12.0,7.0,45.0,3.0,,1.0,,18.0,,
181002,,,,,,,,2033.0,,744.0,27.0,,,,,186.0,279.0,106.0,77.0,77.0,,149.0,8.0,277.0,29.0,11.0
181020,,,,,,,,296.0,,98.0,3.0,,,,,36.0,7.0,11.0,43.0,3.0,,44.0,1.0,31.0,10.0,
181093,,,,,,,,72.0,,30.0,,,,,,5.0,1.0,4.0,6.0,0.0,,6.0,1.0,10.0,3.0,
181127,,,,,,,,236.0,,88.0,,,,,,25.0,5.0,5.0,27.0,,,,,25.0,35.0,
181145,,,,,,,,3.0,,3.0,,,,,,,,,,,,,,,,
181190,,,,,,,,36.0,,18.0,,,,,,9.0,2.0,,,,,,3.0,3.0,1.0,
181215,,,,,,,,840.0,,370.0,,,,,,94.0,26.0,28.0,55.0,5.0,,78.0,,108.0,23.0,9.0
181242,,,,,,,,38.0,,15.0,,,,,,5.0,1.0,1.0,4.0,,,1.0,,1.0,,
181297,,,,,,,,129.0,,61.0,,,,,,25.0,6.0,3.0,2.0,1.0,,0.0,,13.0,,
181303,,,,,,,,1108.0,,570.0,,,,,,68.0,43.0,48.0,58.0,1.0,,78.0,7.0,156.0,21.0,
181312,,,,,,,,287.0,,87.0,3.0,7.0,,,,24.0,4.0,14.0,35.0,6.0,,,,22.0,28.0,
181330,,,,,,,,244.0,,79.0,,,,,,18.0,9.0,6.0,54.0,3.0,,3.0,,16.0,8.0,
181376,,,,,,,,32.0,,14.0,,,,,,5.0,,,0.0,,,1.0,3.0,4.0,2.0,
181394,,,,,,,,1770.0,,714.0,7.0,5.0,,,,217.0,94.0,92.0,150.0,10.0,,155.0,9.0,220.0,28.0,8.0
181400,,,,,,,,44.0,,16.0,,,,,,7.0,1.0,,9.0,,,,,1.0,,
181419,,,,,,,,34.0,,11.0,,1.0,,,,5.0,3.0,1.0,0.0,,,2.0,,,,
181428,,,,,,,,4030.0,,515.0,218.0,472.0,,,,334.0,156.0,526.0,99.0,843.0,,183.0,1.0,540.0,72.0,20.0
181446,,,,,,,,331.0,,143.0,,,,,,33.0,11.0,8.0,39.0,3.0,,33.0,,27.0,11.0,
181464,,,,,,,,6010.0,,1351.0,333.0,197.0,,,,611.0,352.0,740.0,439.0,45.0,,626.0,31.0,676.0,237.0,73.0
181491,,,,,,,,416.0,,176.0,,,,,,26.0,12.0,28.0,19.0,,,39.0,3.0,68.0,11.0,
181534,,,,,,,,196.0,,69.0,,,,,,23.0,1.0,4.0,27.0,2.0,,18.0,,26.0,14.0,1.0
181543,,,,,,,,13.0,,4.0,,1.0,,,,3.0,0.0,,1.0,,,1.0,,2.0,,
181604,,,,,,,,161.0,,62.0,,,,,,31.0,4.0,5.0,17.0,,,13.0,1.0,21.0,4.0,
181640,,,,,,,,868.0,,494.0,,,,,,38.0,28.0,24.0,24.0,,,75.0,3.0,78.0,26.0,4.0
181738,,,,,,,,186.0,,77.0,,,,,,14.0,11.0,7.0,15.0,1.0,,18.0,,16.0,7.0,
181747,,,,,,,,233.0,,,,,,,,53.0,7.0,109.0,25.0,,,,,24.0,,
181765,,,,,,,,53.0,,17.0,,,,,,5.0,2.0,1.0,1.0,,,13.0,2.0,2.0,2.0,
181783,,,,,,,,407.0,,157.0,,,,,,32.0,19.0,10.0,32.0,5.0,,44.0,,49.0,13.0,8.0
181817,,,,,,,,228.0,,94.0,,,,,,22.0,12.0,6.0,28.0,,,10.0,2.0,28.0,7.0,
181853,,,,,,,,99.0,,33.0,,,,,,7.0,5.0,2.0,18.0,,,5.0,11.0,7.0,5.0,
181880,,,,,,,,19.0,,10.0,,,,,,3.0,2.0,,,,,0.0,,2.0,,
181941,,,,,,,,50.0,,29.0,,,,,,1.0,2.0,1.0,,,,1.0,5.0,10.0,,
182005,,,,,,,,1522.0,,784.0,,,,,,109.0,141.0,43.0,70.0,6.0,,78.0,,218.0,39.0,3.0
182111,,,,,,,,81.0,,37.0,,,,,,10.0,1.0,,,,,,,4.0,,
182148,,,,,,,,39.0,,18.0,,,,,,1.0,,,1.0,,,,,2.0,,
182281,,,,,,,,3673.0,,1205.0,39.0,,,,,162.0,361.0,326.0,282.0,54.0,,329.0,5.0,467.0,123.0,4.0
182290,,,,,,,,3703.0,,1094.0,156.0,9.0,,,,119.0,381.0,270.0,226.0,440.0,,172.0,9.0,646.0,140.0,7.0
182306,,,,,,,,295.0,,114.0,,,,,,16.0,8.0,10.0,10.0,1.0,,15.0,,44.0,9.0,
182458,,,,,,,,154.0,,94.0,,,,,,8.0,17.0,5.0,6.0,0.0,,,,13.0,,2.0
182500,,,,,,,,573.0,,284.0,,,,,,52.0,11.0,16.0,5.0,,,33.0,,138.0,11.0,
182519,,,,,,,,169.0,,,,,,,,40.0,46.0,68.0,2.0,,,,,13.0,,
182564,,,,,,,,304.0,,115.0,,,,,,22.0,21.0,8.0,14.0,1.0,,32.0,,25.0,7.0,2.0
182634,,,,,,,,280.0,,83.0,,,,,,29.0,14.0,10.0,31.0,7.0,,55.0,2.0,30.0,,
182652,,,,,,,,6.0,,3.0,,,,,,1.0,1.0,,,,,,,,,
182670,,,,,,,,3912.0,,766.0,51.0,,,,,358.0,155.0,706.0,365.0,47.0,,429.0,5.0,498.0,106.0,18.0
182704,,,,,,,,12.0,,6.0,,,,,,2.0,,,,,,,,3.0,,
182722,,,,,,,,9.0,,6.0,,,,,,2.0,,,,,,,,1.0,,
182795,,,,,,,,364.0,,163.0,,,,,,40.0,12.0,7.0,42.0,8.0,,25.0,,34.0,8.0,
182829,,,,,,,,72.0,,29.0,7.0,,,,,6.0,5.0,3.0,3.0,,,,,12.0,2.0,
182892,,,,,,,,11.0,,7.0,,,,,,2.0,,,,,,0.0,,1.0,,
182917,,,,,,,,22.0,,7.0,,,,,,1.0,2.0,,,,,1.0,3.0,2.0,,
182953,,,,,,,,25.0,,12.0,,,,,,7.0,1.0,,,,,1.0,,4.0,,
182980,,,,,,,,269.0,,105.0,,,,,,37.0,12.0,4.0,34.0,4.0,,5.0,,36.0,,
182999,,,,,,,,5.0,,2.0,,,,,,1.0,1.0,,,,,,,,,
183026,,,,,,,,4490.0,,1873.0,,,,,,550.0,113.0,100.0,50.0,5.0,,95.0,,1503.0,,2.0
183035,,,,,,,,26.0,,20.0,,,,,,2.0,,,,,,,,2.0,,
183044,,,,,,,,2931.0,,777.0,107.0,,,,,389.0,186.0,330.0,163.0,19.0,,180.0,3.0,457.0,66.0,36.0
183062,,,,,,,,637.0,,270.0,1.0,,,,,70.0,36.0,39.0,42.0,2.0,,13.0,2.0,96.0,23.0,5.0
183071,,,,,,,,105.0,,57.0,,,,,,10.0,2.0,3.0,8.0,,,7.0,,13.0,,
183080,,,,,,,,628.0,,269.0,4.0,,,,,67.0,30.0,29.0,45.0,0.0,,50.0,1.0,89.0,16.0,9.0
183099,,,,,,,,336.0,,187.0,,,,,,7.0,9.0,10.0,,,,26.0,,24.0,,
183105,,,,,,,,103.0,,59.0,,,,,,3.0,4.0,1.0,,,,6.0,,5.0,,
183114,,,,,,,,113.0,,61.0,,,,,,5.0,4.0,2.0,,,,6.0,,10.0,,
183123,,,,,,,,97.0,,59.0,,,,,,3.0,3.0,3.0,,,,8.0,,7.0,,
183132,,,,,,,,195.0,,122.0,,,,,,3.0,5.0,5.0,,,,12.0,,10.0,,
183141,,,,,,,,166.0,,98.0,,,,,,4.0,7.0,3.0,,,,3.0,,7.0,9.0,
183150,,,,,,,,165.0,,88.0,,,,,,6.0,6.0,5.0,,,,7.0,,9.0,,
183202,,,,,,,,8.0,,4.0,,,,,,1.0,,,,,,,1.0,1.0,0.0,
183211,,,,,,,,306.0,,122.0,,,,,,34.0,10.0,4.0,7.0,,,42.0,,30.0,,
183239,,,,,,,,603.0,,168.0,,,,,,92.0,8.0,22.0,42.0,8.0,,141.0,2.0,58.0,23.0,6.0
183248,,,,,,,,19.0,,16.0,,,,,,,1.0,0.0,,,,,,2.0,,
183257,,,,,,,,175.0,,72.0,,,,,,27.0,16.0,12.0,10.0,,,,,23.0,,
183275,,,,,,,,19.0,,8.0,,,,,,1.0,2.0,,,,,2.0,,5.0,,
183327,,,,,,,,69.0,,,,,,,,25.0,18.0,9.0,7.0,,,,,9.0,,
183488,,,,,,,,47.0,,20.0,,,,,,8.0,4.0,,,,,,4.0,5.0,2.0,
183600,,,,,,,,10.0,,5.0,,,,,,2.0,,1.0,,,,1.0,,,,
183655,,,,,,,,454.0,,194.0,,,,,,34.0,27.0,26.0,20.0,2.0,,56.0,,66.0,12.0,5.0
183725,,,,,,,,65.0,,22.0,,,,,,9.0,8.0,,,1.0,,4.0,7.0,0.0,,
183743,,,,,,,,963.0,,494.0,,,,,,79.0,53.0,27.0,48.0,3.0,,104.0,,93.0,8.0,3.0
183789,,,,,,,,582.0,,221.0,,,,,,47.0,29.0,,12.0,,,20.0,1.0,50.0,,
183804,,,,,,,,155.0,,52.0,,5.0,,,,21.0,12.0,3.0,1.0,,,3.0,,35.0,,0.0
183822,,,,,,,,327.0,,120.0,,,,,,41.0,,17.0,6.0,5.0,,22.0,,93.0,8.0,1.0
183859,,,,,,,,764.0,,404.0,6.0,34.0,,,,9.0,25.0,3.0,15.0,,,24.0,4.0,84.0,17.0,9.0
183877,,,,,,,,579.0,,251.0,,,,,,62.0,30.0,9.0,29.0,,,71.0,0.0,63.0,11.0,10.0
183910,,,,,,,,297.0,,146.0,,,,,,36.0,12.0,6.0,23.0,6.0,,1.0,,34.0,,
183938,,,,,,,,588.0,,351.0,,,,,,16.0,8.0,27.0,23.0,3.0,,28.0,,75.0,9.0,
183974,,,,,,,,321.0,,129.0,,,,,,36.0,15.0,15.0,41.0,4.0,,12.0,,27.0,10.0,
183983,,,,,,,,36.0,,23.0,,,,,,2.0,,,,,,,,9.0,,
184047,,,,,,,,13.0,,7.0,,,,,,4.0,,,,,,,,1.0,,
184056,,,,,,,,45.0,,22.0,,,,,,14.0,,1.0,,,,1.0,,5.0,,
184092,,,,,,,,44.0,,18.0,,,,,,6.0,,,,,,2.0,10.0,9.0,,
184180,,,,,,,,567.0,,281.0,,,,,,47.0,9.0,30.0,22.0,3.0,,47.0,,98.0,13.0,5.0
184205,,,,,,,,249.0,,110.0,,,,,,12.0,21.0,6.0,30.0,1.0,,24.0,,25.0,,
184278,,,,,,,,11.0,,7.0,,,,,,1.0,1.0,,,,,,1.0,1.0,,
184348,,,,,,,,521.0,,181.0,,,,,,60.0,43.0,22.0,68.0,4.0,,26.0,,56.0,6.0,3.0
184427,,,,,,,,25.0,,13.0,,,,,,8.0,,,,,,,,3.0,,
184481,,,,,,,,654.0,,284.0,,,,,,79.0,21.0,14.0,8.0,,,72.0,,101.0,13.0,
184506,,,,,,,,8.0,,6.0,,,,,,1.0,,,,,,,,,,
184603,,,,,,,,844.0,,357.0,,,,,,194.0,29.0,28.0,47.0,6.0,,36.0,,127.0,5.0,
184612,,,,,,,,292.0,,126.0,,,,,,33.0,12.0,10.0,19.0,2.0,,3.0,,54.0,9.0,7.0
184694,,,,,,,,481.0,,238.0,,,,,,58.0,17.0,14.0,43.0,6.0,,30.0,,53.0,3.0,6.0
184746,,,,,,,,55.0,,22.0,,,,,,5.0,3.0,1.0,,,,5.0,3.0,4.0,,
184773,,,,,,,,365.0,,143.0,,,,,,33.0,17.0,8.0,26.0,4.0,,42.0,,54.0,3.0,
184782,,,,,,,,2685.0,,914.0,30.0,,,,,267.0,286.0,111.0,37.0,215.0,,302.0,1.0,389.0,88.0,6.0
184791,,,,,,,,397.0,,148.0,,,,,,44.0,27.0,14.0,31.0,3.0,,48.0,2.0,47.0,4.0,
184816,,,,,,,,8.0,,5.0,,,,,,2.0,,,,,,,,,,
184870,,,,,,,,23.0,,9.0,,,,,,8.0,,,,,,,,1.0,,
184959,,,,,,,,71.0,,24.0,,,,,,11.0,6.0,4.0,,,,,6.0,7.0,4.0,
184968,,,,,,,,23.0,,18.0,,,,,,1.0,1.0,,,,,,,2.0,,
184995,,,,,,,,595.0,,186.0,,,,,,70.0,8.0,28.0,36.0,,,17.0,,128.0,9.0,
185129,,,,,,,,1132.0,,453.0,,,,,,88.0,32.0,41.0,9.0,1.0,,118.0,,102.0,20.0,
185174,,,,,,,,26.0,,17.0,,,,,,2.0,,,,,,,,6.0,1.0,
185262,,,,,,,,1273.0,,699.0,,,,,,156.0,33.0,26.0,44.0,5.0,,30.0,,232.0,30.0,7.0
185332,,,,,,,,24.0,,10.0,,,,,,7.0,,,,,,,,1.0,,
185396,,,,,,,,80.0,,38.0,,,,,,23.0,1.0,1.0,,,,,,15.0,,
185466,,,,,,,,21.0,,11.0,,,,,,3.0,,,,,,,1.0,1.0,,
185509,,,,,,,,613.0,,240.0,,,,,,37.0,16.0,14.0,37.0,1.0,,54.0,0.0,75.0,7.0,2.0
185536,,,,,,,,810.0,,348.0,3.0,19.0,,,,9.0,26.0,35.0,25.0,7.0,,77.0,16.0,123.0,19.0,5.0
185572,,,,,,,,1113.0,,418.0,,,,,,79.0,46.0,48.0,134.0,19.0,,146.0,,168.0,,
185590,,,,,,,,2418.0,,1029.0,,,,,,63.0,349.0,108.0,159.0,8.0,,270.0,,289.0,65.0,27.0
185651,,,,,,,,9.0,,8.0,,,,,,1.0,,,,,,,,,,
185679,,,,,,,,43.0,,31.0,,,,,,3.0,,,,,,,,6.0,2.0,
185721,,,,,,,,39.0,,20.0,,,,,,2.0,,,,,,,3.0,11.0,1.0,
185758,,,,,,,,42.0,,17.0,,,,,,3.0,2.0,0.0,,,,5.0,,6.0,,
185767,,,,,,,,23.0,,11.0,,,,,,4.0,1.0,,,,,,,5.0,2.0,
185828,,,,,,,,1503.0,,547.0,37.0,,,,,85.0,104.0,145.0,115.0,4.0,,126.0,,206.0,37.0,3.0
185873,,,,,,,,521.0,,226.0,,,,,,104.0,19.0,19.0,18.0,,,21.0,,73.0,10.0,
185970,,,,,,,,28.0,,15.0,,,,,,3.0,1.0,,,,,,,8.0,1.0,
186016,,,,,,,,35.0,,16.0,,,,,,1.0,1.0,,,,,,7.0,6.0,2.0,
186034,,,,,,,,606.0,,228.0,,,,,,66.0,11.0,14.0,28.0,1.0,,52.0,,78.0,4.0,
186052,,,,,,,,68.0,,28.0,,,,,,5.0,1.0,1.0,,,,6.0,7.0,17.0,,
186122,,,,,,,,235.0,,52.0,,,,,,61.0,11.0,7.0,9.0,,,24.0,,38.0,16.0,
186131,,,,,,,,5939.0,,987.0,,,,,,635.0,272.0,1300.0,209.0,62.0,,731.0,,919.0,458.0,
186186,,,,,,,,30.0,,13.0,,,,,,4.0,1.0,,,,,9.0,,3.0,,
186201,,,,,,,,778.0,,301.0,,,,,,36.0,,24.0,12.0,,,70.0,,175.0,35.0,
186274,,,,,,,,19.0,,7.0,,,,,,4.0,1.0,,,,,,1.0,5.0,1.0,
186283,,,,,,,,890.0,,353.0,,,,,,102.0,50.0,30.0,84.0,3.0,,50.0,,103.0,27.0,2.0
186335,,,,,,,,24.0,,3.0,,,,,,3.0,2.0,,0.0,,,1.0,3.0,2.0,2.0,
186371,,,,,,,,1079.0,,435.0,14.0,,,,,17.0,127.0,41.0,26.0,10.0,,144.0,,132.0,24.0,
186380,,,,,,,,17550.0,,4045.0,758.0,57.0,,,,273.0,2296.0,1818.0,748.0,2585.0,,1875.0,6.0,1988.0,573.0,15.0
186399,,,,,,,,1698.0,,681.0,64.0,,,,,36.0,222.0,75.0,58.0,12.0,,216.0,,143.0,44.0,2.0
186405,,,,,,,,3.0,,1.0,,,,,,1.0,,,,1.0,,,,,,
186423,,,,,,,,14.0,,10.0,,,,,,1.0,,,,,,,,1.0,,
186432,,,,,,,,457.0,,189.0,,,,,,68.0,15.0,11.0,67.0,7.0,,5.0,,76.0,,
186469,,,,,,,,105.0,,41.0,,,,,,24.0,8.0,3.0,7.0,,,4.0,,9.0,,
186584,,,,,,,,1536.0,,661.0,,,,,,126.0,98.0,80.0,137.0,14.0,,47.0,,177.0,45.0,4.0
186593,,,,,,,,14.0,,8.0,,,,,,1.0,,,,,,2.0,1.0,1.0,,
186618,,,,,,,,194.0,,86.0,,,,,,11.0,10.0,6.0,12.0,1.0,,8.0,,27.0,,
186645,,,,,,,,576.0,,241.0,,,,,,39.0,3.0,,,,,22.0,,167.0,16.0,
186867,,,,,,,,984.0,,329.0,75.0,,,,,191.0,68.0,19.0,6.0,7.0,,53.0,,146.0,3.0,9.0
186876,,,,,,,,1223.0,,419.0,,,,,,88.0,55.0,54.0,63.0,5.0,,145.0,1.0,238.0,74.0,3.0
186900,,,,,,,,7.0,,5.0,,,,,,0.0,,,,,,1.0,,1.0,,
187000,,,,,,,,14.0,,9.0,,,,,,2.0,1.0,,,,,,1.0,1.0,0.0,
187046,,,,,,,,331.0,,,,,,,,111.0,30.0,23.0,77.0,,,,,60.0,,
187134,,,,,,,,1367.0,,521.0,,,,,,101.0,64.0,43.0,114.0,17.0,,62.0,,112.0,197.0,
187198,,,,,,,,702.0,,293.0,,,,,,34.0,24.0,38.0,37.0,7.0,,65.0,,77.0,13.0,1.0
187444,,,,,,,,1437.0,,632.0,,,,,,48.0,80.0,75.0,93.0,9.0,,204.0,,256.0,,
187505,,,,,,,,96.0,,47.0,,,,,,15.0,6.0,1.0,,,,,5.0,20.0,1.0,
187532,,,,,,,,1402.0,,550.0,,,,,,99.0,85.0,80.0,13.0,,,150.0,6.0,146.0,19.0,9.0
187596,,,,,,,,227.0,,100.0,2.0,7.0,,,,10.0,6.0,7.0,3.0,3.0,,8.0,3.0,16.0,12.0,6.0
187602,,,,,,,,5.0,,3.0,,,,,,2.0,,,,,,,,,,
187620,,,,,,,,488.0,,255.0,,,,,,20.0,14.0,39.0,18.0,1.0,,34.0,3.0,75.0,11.0,
187639,,,,,,,,215.0,,89.0,,,,,,26.0,9.0,14.0,9.0,,,14.0,,17.0,3.0,
187648,,,,,,,,535.0,,188.0,,,,,,48.0,33.0,41.0,38.0,,,57.0,1.0,62.0,10.0,1.0
187666,,,,,,,,249.0,,71.0,,,,,,44.0,9.0,9.0,4.0,1.0,,22.0,2.0,43.0,5.0,
187745,,,,,,,,127.0,,43.0,,,,,,28.0,4.0,2.0,5.0,,,6.0,3.0,11.0,4.0,1.0
187897,,,,,,,,499.0,,173.0,2.0,,,,,37.0,27.0,15.0,32.0,2.0,,56.0,,62.0,18.0,2.0
187903,,,,,,,,299.0,,81.0,,,,,,8.0,10.0,8.0,4.0,,,55.0,,55.0,44.0,
187912,,,,,,,,287.0,,83.0,1.0,,,,,17.0,3.0,15.0,14.0,2.0,,66.0,,38.0,13.0,
187958,,,,,,,,198.0,,81.0,,4.0,,,,16.0,7.0,2.0,1.0,,,18.0,3.0,38.0,4.0,1.0
187967,,,,,,,,738.0,,160.0,2.0,,,,,38.0,58.0,157.0,21.0,4.0,,76.0,,110.0,69.0,8.0
187976,,,,,,,,63.0,,22.0,,16.0,,,,7.0,3.0,2.0,1.0,,,,,7.0,,0.0
187985,,,,,,,,7217.0,,1964.0,201.0,246.0,,,,811.0,726.0,505.0,258.0,387.0,,326.0,14.0,1021.0,269.0,59.0
187994,,,,,,,,125.0,,58.0,,,,,,8.0,8.0,6.0,6.0,,,10.0,,20.0,4.0,
188003,,,,,,,,109.0,,49.0,,3.0,,,,8.0,2.0,3.0,6.0,1.0,,5.0,,25.0,5.0,
188021,,,,,,,,64.0,,31.0,,,,,,2.0,8.0,3.0,1.0,,,3.0,,11.0,1.0,
188030,,,,,,,,3002.0,,730.0,44.0,133.0,,,,112.0,373.0,385.0,180.0,45.0,,203.0,5.0,519.0,190.0,46.0
188049,,,,,,,,161.0,,53.0,,20.0,,,,17.0,7.0,4.0,1.0,,,14.0,1.0,23.0,5.0,
188058,,,,,,,,162.0,,45.0,,,,,,6.0,10.0,8.0,18.0,,,21.0,4.0,16.0,5.0,1.0
188100,,,,,,,,658.0,,251.0,4.0,19.0,,,,58.0,23.0,21.0,40.0,1.0,,75.0,9.0,92.0,13.0,1.0
188137,,,,,,,,497.0,,199.0,,7.0,,,,74.0,23.0,21.0,19.0,,,45.0,4.0,33.0,11.0,
188146,,,,,,,,114.0,,55.0,,,,,,15.0,1.0,1.0,2.0,,,10.0,14.0,8.0,,
188182,,,,,,,,111.0,,48.0,,,,,,10.0,,3.0,26.0,,,10.0,,11.0,,
188207,,,,,,,,41.0,,17.0,,,,,,3.0,3.0,1.0,4.0,,,3.0,,2.0,,
188216,,,,,,,,82.0,,24.0,,,,,,15.0,2.0,6.0,3.0,,,18.0,,12.0,,
188225,,,,,,,,148.0,,43.0,1.0,31.0,,,,11.0,17.0,2.0,4.0,,,,,20.0,3.0,3.0
188261,,,,,,,,58.0,,15.0,,,,,,10.0,4.0,3.0,1.0,,,4.0,2.0,6.0,,
188289,,,,,,,,7.0,,3.0,,,,,,1.0,,,,,,,,1.0,,
188304,,,,,,,,371.0,,125.0,,,,,,50.0,16.0,19.0,21.0,3.0,,37.0,,55.0,8.0,1.0
188340,,,,,,,,202.0,,85.0,,,,,,34.0,6.0,13.0,1.0,,,,,17.0,6.0,
188429,,,,,,,,1358.0,,555.0,,,,,,150.0,55.0,46.0,113.0,12.0,,107.0,2.0,188.0,35.0,5.0
188438,,,,,,,,284.0,,145.0,,,,,,27.0,10.0,8.0,8.0,,,26.0,,42.0,3.0,
188517,,,,,,,,71.0,,36.0,,,,,,6.0,1.0,1.0,13.0,,,3.0,,10.0,,
188526,,,,,,,,263.0,,94.0,13.0,3.0,,,,40.0,15.0,13.0,23.0,6.0,,13.0,,17.0,,
188535,,,,,,,,117.0,,42.0,,,,,,15.0,7.0,6.0,18.0,,,,,10.0,1.0,
188580,,,,,,,,1843.0,,543.0,,,,,,157.0,43.0,15.0,25.0,449.0,,124.0,,480.0,,
188641,,,,,,,,526.0,,161.0,,,,,,34.0,25.0,37.0,38.0,8.0,,63.0,20.0,74.0,29.0,2.0
188650,,,,,,,,34.0,,10.0,,,,,,9.0,2.0,,,,,,,2.0,,
188669,,,,,,,,51.0,,33.0,,,,,,7.0,3.0,,,,,,,3.0,,1.0
188678,,,,,,,,49.0,,16.0,,,,,,9.0,2.0,,11.0,,,5.0,,4.0,,
188687,,,,,,,,25.0,,9.0,,,,,,8.0,1.0,,,,,,,6.0,,
188696,,,,,,,,28.0,,6.0,,,,,,4.0,2.0,,1.0,,,4.0,1.0,10.0,,0.0
188854,,,,,,,,249.0,,79.0,,,,,,8.0,11.0,10.0,22.0,1.0,,29.0,24.0,41.0,,
188890,,,,,,,,126.0,,57.0,,,,,,18.0,3.0,2.0,0.0,,,,11.0,25.0,3.0,1.0
188915,,,,,,,,13.0,,11.0,,,,,,1.0,,,,,,,,1.0,,
188942,,,,,,,,17.0,,11.0,,,,,,1.0,1.0,,,,,,,4.0,,
188988,,,,,,,,8.0,,6.0,,,,,,1.0,,,,,,,,,,
189015,,,,,,,,333.0,,33.0,1.0,,,,,48.0,29.0,6.0,9.0,2.0,,20.0,8.0,37.0,2.0,
189088,,,,,,,,818.0,,252.0,8.0,,,,,48.0,51.0,24.0,60.0,7.0,,60.0,,69.0,109.0,8.0
189097,,,,,,,,811.0,,265.0,4.0,,,,,77.0,40.0,29.0,49.0,4.0,,146.0,,105.0,23.0,
189219,,,,,,,,14.0,,7.0,,,,,,3.0,1.0,,,,,1.0,1.0,,,
189228,,,,,,,,385.0,,166.0,,,,,,13.0,16.0,,8.0,,,15.0,,25.0,,
189264,,,,,,,,8.0,,6.0,,,,,,,,,,,,,,2.0,,
189273,,,,,,,,9.0,,5.0,,,,,,4.0,,,,,,,,,,
189282,,,,,,,,29.0,,20.0,,,,,,2.0,2.0,1.0,,,,,,2.0,,
189404,,,,,,,,12.0,,7.0,,,,,,1.0,,,,,,,,2.0,2.0,
189413,,,,,,,,157.0,,67.0,,,,,,18.0,,3.0,,,,13.0,,53.0,,
189422,,,,,,,,68.0,,32.0,,,,,,7.0,9.0,3.0,,,,,8.0,1.0,,
189459,,,,,,,,89.0,,62.0,,,,,,1.0,5.0,3.0,,,,,,4.0,,
189468,,,,,,,,16.0,,8.0,,,,,,2.0,,,,,,1.0,,5.0,,
189477,,,,,,,,12.0,,6.0,,,,,,1.0,1.0,,,,,1.0,,4.0,,
189501,,,,,,,,235.0,,70.0,,,,,,22.0,14.0,18.0,18.0,,,13.0,,32.0,13.0,
189547,,,,,,,,546.0,,256.0,,,,,,28.0,12.0,12.0,16.0,,,42.0,,73.0,1.0,10.0
189556,,,,,,,,48.0,,20.0,,,,,,4.0,1.0,1.0,13.0,,,1.0,,6.0,,
189565,,,,,,,,48.0,,23.0,,,,,,3.0,,3.0,11.0,,,1.0,1.0,4.0,,
189574,,,,,,,,65.0,,29.0,,,,,,5.0,1.0,,15.0,,,5.0,,7.0,,
189583,,,,,,,,62.0,,25.0,,,,,,8.0,1.0,1.0,17.0,,,,,5.0,,
189592,,,,,,,,39.0,,16.0,,,,,,5.0,1.0,1.0,9.0,,,0.0,,5.0,,
189705,,,,,,,,611.0,,251.0,,,,,,35.0,18.0,19.0,48.0,8.0,,63.0,2.0,79.0,28.0,0.0
189714,,,,,,,,30.0,,19.0,,,,,,3.0,1.0,,,,,,,6.0,,
189811,,,,,,,,52.0,,26.0,,,,,,6.0,1.0,,,,,,3.0,11.0,,
189839,,,,,,,,228.0,,85.0,,,,,,24.0,6.0,16.0,16.0,4.0,,16.0,,32.0,6.0,
189848,,,,,,,,232.0,,57.0,1.0,,,,,21.0,10.0,11.0,20.0,2.0,,66.0,,21.0,9.0,
189857,,,,,,,,30.0,,17.0,,,,,,4.0,3.0,,,,,5.0,,0.0,,
189954,,,,,,,,6.0,,4.0,,,,,,1.0,,,,,,,,1.0,,
189981,,,,,,,,36.0,,11.0,,,,,,4.0,2.0,,2.0,,,7.0,,2.0,,
189990,,,,,,,,37.0,,17.0,,,,,,2.0,0.0,,1.0,,,3.0,1.0,3.0,,
190008,,,,,,,,17.0,,8.0,,,,,,3.0,,,,,,,,3.0,,
190035,,,,,,,,1087.0,,,8.0,,,,,375.0,103.0,189.0,129.0,1.0,,25.0,,191.0,,3.0
190044,,,,,,,,801.0,,282.0,17.0,,,,,86.0,56.0,39.0,82.0,6.0,,77.0,,117.0,30.0,3.0
190053,,,,,,,,132.0,,61.0,,,,,,10.0,7.0,5.0,,1.0,,7.0,1.0,15.0,3.0,
190071,,,,,,,,19.0,,8.0,,,,,,2.0,,1.0,,1.0,,,,2.0,,
190080,,,,,,,,34.0,,8.0,,,,,,6.0,2.0,1.0,1.0,,,4.0,,6.0,,
190099,,,,,,,,964.0,,321.0,,,,,,67.0,62.0,48.0,106.0,12.0,,116.0,,134.0,48.0,2.0
190114,,,,,,,,182.0,,98.0,,,,,,10.0,6.0,8.0,1.0,,,,,10.0,4.0,
190150,,,,,,,,16838.0,,4433.0,1983.0,,,,,2576.0,757.0,1088.0,268.0,926.0,,1147.0,16.0,2905.0,232.0,74.0
190169,,,,,,,,170.0,,59.0,,,,,,22.0,6.0,11.0,14.0,1.0,,17.0,,15.0,4.0,
190239,,,,,,,,8.0,,4.0,,,,,,1.0,,,,,,,,1.0,,
190248,,,,,,,,202.0,,82.0,1.0,,,,,31.0,6.0,4.0,31.0,3.0,,4.0,,22.0,7.0,
190293,,,,,,,,7.0,,4.0,,,,,,1.0,,,,,,,1.0,2.0,,
190309,,,,,,,,3.0,,2.0,,,,,,1.0,,,,,,,,,,
190318,,,,,,,,39.0,,16.0,,,,,,8.0,3.0,,,,,3.0,1.0,8.0,,
190372,,,,,,,,293.0,,102.0,,,,,,32.0,9.0,14.0,18.0,,,,,84.0,21.0,
190415,,,,,,,,10068.0,,1879.0,798.0,204.0,,,,831.0,853.0,953.0,339.0,505.0,,1199.0,49.0,1502.0,489.0,61.0
190424,,,,,,,,6417.0,,1649.0,,,,,,319.0,520.0,793.0,41.0,477.0,,416.0,,1835.0,57.0,6.0
190442,,,,,,,,289.0,,129.0,,,,,,27.0,8.0,8.0,16.0,3.0,,31.0,1.0,42.0,7.0,
190451,,,,,,,,32.0,,24.0,,,,,,2.0,,,,,,,,2.0,,
190503,,,,,,,,724.0,,164.0,,,,,,209.0,56.0,15.0,9.0,9.0,,100.0,8.0,58.0,40.0,2.0
190512,,,,,,,,1701.0,,740.0,,2.0,,,,169.0,29.0,50.0,55.0,,,183.0,,302.0,28.0,9.0
190521,,,,,,,,1930.0,,911.0,,,,,,109.0,26.0,116.0,118.0,1.0,,159.0,,314.0,40.0,31.0
190530,,,,,,,,1164.0,,454.0,,,,,,82.0,26.0,77.0,54.0,1.0,,125.0,,219.0,29.0,30.0
190549,,,,,,,,1757.0,,791.0,,,,,,130.0,39.0,83.0,79.0,1.0,,135.0,,364.0,26.0,28.0
190558,,,,,,,,1384.0,,622.0,,,,,,100.0,28.0,95.0,50.0,3.0,,92.0,,259.0,29.0,27.0
190567,,,,,,,,1953.0,,912.0,2.0,1.0,,,,162.0,66.0,125.0,53.0,4.0,,206.0,,215.0,37.0,46.0
190576,,,,,,,,1039.0,,355.0,3.0,5.0,,,,185.0,50.0,70.0,63.0,,,38.0,,132.0,,4.0
190585,,,,,,,,823.0,,277.0,,1.0,,,,76.0,16.0,44.0,52.0,1.0,,73.0,,177.0,17.0,14.0
190594,,,,,,,,2409.0,,1200.0,,2.0,,,,151.0,66.0,133.0,78.0,2.0,,221.0,,365.0,47.0,30.0
190600,,,,,,,,1424.0,,644.0,1.0,1.0,,,,142.0,50.0,64.0,83.0,1.0,,107.0,,220.0,19.0,26.0
190619,,,,,,,,1395.0,,537.0,,,,,,108.0,30.0,99.0,52.0,5.0,,111.0,,254.0,23.0,35.0
190628,,,,,,,,1622.0,,626.0,,,,,,159.0,37.0,132.0,88.0,2.0,,107.0,,349.0,,3.0
190637,,,,,,,,1273.0,,561.0,,,,,,122.0,26.0,74.0,46.0,2.0,,98.0,,232.0,26.0,33.0
190646,,,,,,,,717.0,,288.0,,1.0,,,,88.0,33.0,40.0,46.0,,,78.0,,82.0,14.0,19.0
190655,,,,,,,,1447.0,,774.0,,,,,,76.0,22.0,129.0,52.0,1.0,,91.0,,217.0,12.0,16.0
190664,,,,,,,,1801.0,,927.0,,,,,,129.0,37.0,84.0,49.0,3.0,,125.0,,282.0,29.0,39.0
190673,,,,,,,,1396.0,,557.0,,,,,,98.0,31.0,91.0,79.0,1.0,,109.0,,294.0,24.0,24.0
190682,,,,,,,,158.0,,41.0,,,,,,36.0,8.0,10.0,8.0,,,2.0,,33.0,,2.0
190691,,,,,,,,859.0,,318.0,,,,,,63.0,22.0,61.0,36.0,1.0,,79.0,,174.0,19.0,18.0
190707,,,,,,,,3.0,,1.0,,,,,,2.0,,,,,,,,,,
190716,,,,,,,,456.0,,226.0,,,,,,57.0,10.0,19.0,7.0,9.0,,,,72.0,8.0,
190725,,,,,,,,458.0,,193.0,,,,,,57.0,33.0,18.0,25.0,5.0,,52.0,,59.0,4.0,5.0
190752,,,,,,,,15.0,,5.0,,,,,,2.0,1.0,,,,,5.0,,2.0,,
190761,,,,,,,,295.0,,128.0,,,,,,36.0,13.0,9.0,18.0,6.0,,9.0,,39.0,10.0,
190840,,,,,,,,543.0,,270.0,,,,,,16.0,21.0,20.0,7.0,2.0,,48.0,,60.0,10.0,3.0
190956,,,,,,,,22.0,,18.0,,,,,,2.0,0.0,,,,,,,1.0,,
190974,,,,,,,,45.0,,20.0,,,,,,10.0,,,,,,,4.0,3.0,,
190983,,,,,,,,289.0,,99.0,,,,,,20.0,5.0,10.0,37.0,1.0,,44.0,,34.0,10.0,3.0
191083,,,,,,,,1063.0,,502.0,,,,,,99.0,12.0,61.0,31.0,7.0,,64.0,5.0,158.0,74.0,10.0
191126,,,,,,,,1138.0,,527.0,,,,,,71.0,39.0,115.0,19.0,0.0,,12.0,,248.0,14.0,
191199,,,,,,,,397.0,,182.0,,,,,,16.0,6.0,17.0,20.0,1.0,,27.0,,47.0,9.0,
191205,,,,,,,,122.0,,51.0,,,,,,10.0,,1.0,6.0,,,14.0,,2.0,3.0,
191241,,,,,,,,2645.0,,1047.0,,,,,,529.0,35.0,81.0,149.0,17.0,,228.0,2.0,450.0,63.0,
191287,,,,,,,,126.0,,32.0,,,,,,17.0,4.0,3.0,6.0,,,6.0,,11.0,30.0,
191302,,,,,,,,200.0,,75.0,,,,,,23.0,,3.0,5.0,,,14.0,,30.0,,
191311,,,,,,,,21.0,,12.0,,,,,,2.0,,,6.0,,,,,,,
191320,,,,,,,,34.0,,8.0,,,,,,5.0,8.0,1.0,,,,,,1.0,,
191339,,,,,,,,410.0,,162.0,,,,,,43.0,9.0,6.0,12.0,1.0,,32.0,,53.0,8.0,
191409,,,,,,,,9.0,,4.0,,,,,,1.0,,,,,,,,4.0,0.0,
191515,,,,,,,,664.0,,206.0,,,,,,67.0,34.0,35.0,66.0,7.0,,100.0,,60.0,33.0,1.0
191533,,,,,,,,326.0,,135.0,,,,,,35.0,8.0,14.0,42.0,7.0,,14.0,,41.0,,0.0
191597,,,,,,,,49.0,,29.0,0.0,,,,,7.0,2.0,1.0,0.0,,,,,3.0,,
191612,,,,,,,,231.0,,83.0,2.0,,,,,25.0,1.0,7.0,18.0,2.0,,23.0,,54.0,2.0,
191621,,,,,,,,165.0,,67.0,,,,,,12.0,5.0,6.0,16.0,,,7.0,3.0,8.0,9.0,
191630,,,,,,,,611.0,,213.0,3.0,1.0,,,,59.0,25.0,40.0,82.0,13.0,,30.0,5.0,72.0,2.0,1.0
191649,,,,,,,,2039.0,,722.0,,,,,,262.0,156.0,83.0,147.0,13.0,,203.0,,248.0,72.0,20.0
191676,,,,,,,,207.0,,81.0,,,,,,22.0,15.0,8.0,27.0,4.0,,9.0,,26.0,0.0,
191719,,,,,,,,752.0,,353.0,,,,,,36.0,34.0,33.0,49.0,2.0,,100.0,4.0,114.0,2.0,
191728,,,,,,,,88.0,,44.0,,,,,,9.0,2.0,3.0,,,,,13.0,9.0,,
191834,,,,,,,,48.0,,17.0,,,,,,2.0,3.0,1.0,,2.0,,,4.0,4.0,2.0,
191931,,,,,,,,657.0,,234.0,,,,,,63.0,15.0,32.0,66.0,6.0,,92.0,,69.0,23.0,
191940,,,,,,,,8.0,,7.0,,,,,,1.0,0.0,,,,,,,0.0,,
191959,,,,,,,,10.0,,3.0,,,,,,3.0,,,,,,,0.0,3.0,,
191968,,,,,,,,1390.0,,597.0,,,,,,80.0,69.0,74.0,148.0,9.0,,177.0,5.0,151.0,43.0,5.0
191986,,,,,,,,318.0,,150.0,,,,,,33.0,10.0,21.0,3.0,1.0,,29.0,,64.0,,
192004,,,,,,,,22.0,,11.0,,,,,,6.0,1.0,,,,,,,2.0,2.0,
192022,,,,,,,,285.0,,132.0,,,,,,13.0,10.0,20.0,14.0,1.0,,18.0,,45.0,,
192040,,,,,,,,225.0,,51.0,1.0,0.0,,,,53.0,17.0,3.0,15.0,,,22.0,,40.0,,
192110,,,,,,,,542.0,,198.0,,,,,,108.0,10.0,13.0,22.0,3.0,,48.0,9.0,71.0,13.0,25.0
192165,,,,,,,,16.0,,11.0,0.0,0.0,,,,1.0,,,,,,3.0,,0.0,,
192192,,,,,,,,371.0,,194.0,,,,,,31.0,21.0,17.0,42.0,2.0,,4.0,,40.0,,1.0
192271,,,,,,,,228.0,,110.0,,,,,,40.0,7.0,8.0,1.0,,,7.0,,12.0,,
192323,,,,,,,,537.0,,228.0,,,,,,55.0,29.0,8.0,45.0,4.0,,22.0,,53.0,30.0,
192439,,,,,,,,918.0,,441.0,,,,,,182.0,3.0,25.0,61.0,10.0,,3.0,1.0,146.0,20.0,1.0
192448,,,,,,,,838.0,,363.0,,,,,,159.0,2.0,20.0,49.0,7.0,,25.0,4.0,146.0,22.0,1.0
192457,,,,,,,,113.0,,,,,,,,57.0,2.0,20.0,4.0,,,,,29.0,,1.0
192484,,,,,,,,12.0,,9.0,,,,,,1.0,,,,,,,1.0,1.0,,
192509,,,,,,,,110.0,,44.0,,,,,,12.0,2.0,3.0,,,,6.0,5.0,7.0,,
192554,,,,,,,,6.0,,5.0,,,,,,,,,1.0,,,,,0.0,,
192563,,,,,,,,12.0,,5.0,,,,,,2.0,,1.0,2.0,,,,,1.0,,
192624,,,,,,,,14.0,,9.0,,,,,,3.0,,,,,,1.0,,1.0,,
192688,,,,,,,,61.0,,30.0,,,,,,10.0,5.0,,,,,4.0,4.0,6.0,,
192703,,,,,,,,709.0,,295.0,,,,,,143.0,26.0,25.0,37.0,3.0,,71.0,,79.0,13.0,
192712,,,,,,,,287.0,,166.0,,,,,,20.0,10.0,7.0,8.0,1.0,,17.0,1.0,24.0,,
192749,,,,,,,,417.0,,202.0,,,,,,79.0,4.0,4.0,28.0,7.0,,4.0,,51.0,11.0,2.0
192785,,,,,,,,90.0,,42.0,,,,,,12.0,4.0,3.0,1.0,,,4.0,,5.0,,
192800,,,,,,,,9.0,,4.0,,,,,,1.0,,,,,,,,4.0,,
192819,,,,,,,,972.0,,348.0,,,,,,136.0,24.0,46.0,97.0,14.0,,147.0,,131.0,19.0,1.0
192864,,,,,,,,385.0,,178.0,,,,,,39.0,16.0,24.0,21.0,,,18.0,1.0,40.0,0.0,
192925,,,,,,,,341.0,,163.0,,,,,,31.0,8.0,11.0,13.0,11.0,,11.0,18.0,24.0,,
192961,,,,,,,,18.0,,11.0,,,,,,2.0,1.0,,,,,,,1.0,,
192970,,,,,,,,2.0,,2.0,,,,,,,,,,,,,,,,
193016,,,,,,,,856.0,,401.0,,,,,,42.0,39.0,10.0,39.0,4.0,,6.0,,42.0,2.0,
193052,,,,,,,,16.0,,11.0,,,,,,1.0,1.0,,,,,,,3.0,,
193061,,,,,,,,6.0,,4.0,,,,,,0.0,1.0,,,,,0.0,,0.0,,
193070,,,,,,,,12.0,,10.0,,,,,,,,,,,,,,2.0,,
193122,,,,,,,,13.0,,5.0,,,,,,2.0,2.0,,,,,1.0,,3.0,,
193186,,,,,,,,9.0,,3.0,,,,,,1.0,1.0,,,,,,1.0,2.0,0.0,
193201,,,,,,,,56.0,,22.0,,,,,,1.0,,2.0,,,,1.0,10.0,3.0,1.0,
193247,,,,,,,,30.0,,18.0,,,,,,2.0,,,,,,7.0,,3.0,,
193265,,,,,,,,11.0,,4.0,,,,,,3.0,,,,,,,,2.0,1.0,
193283,,,,,,,,546.0,,205.0,,,,,,56.0,12.0,12.0,36.0,3.0,,57.0,,66.0,3.0,5.0
193292,,,,,,,,732.0,,368.0,,,,,,84.0,22.0,23.0,20.0,12.0,,57.0,,112.0,14.0,1.0
193308,,,,,,,,715.0,,300.0,,,,,,55.0,21.0,9.0,170.0,,,82.0,,73.0,,
193326,,,,,,,,1121.0,,448.0,,,,,,107.0,41.0,55.0,57.0,8.0,,112.0,,159.0,35.0,9.0
193353,,,,,,,,410.0,,152.0,,,,,,43.0,2.0,21.0,46.0,9.0,,57.0,,50.0,2.0,1.0
193399,,,,,,,,304.0,,125.0,1.0,,,,,9.0,22.0,9.0,16.0,1.0,,19.0,1.0,28.0,46.0,
193405,,,,,,,,9636.0,,3102.0,,,,,,854.0,349.0,775.0,141.0,2179.0,,460.0,,1743.0,12.0,
193478,,,,,,,,1483.0,,754.0,,,,,,53.0,35.0,106.0,8.0,3.0,,103.0,,218.0,34.0,6.0
193584,,,,,,,,530.0,,266.0,,,,,,61.0,20.0,27.0,44.0,4.0,,14.0,9.0,73.0,,1.0
193609,,,,,,,,22.0,,11.0,,,,,,1.0,1.0,0.0,0.0,,,,,1.0,3.0,1.0
193645,,,,,,,,429.0,,199.0,,,,,,87.0,1.0,9.0,10.0,,,47.0,,51.0,2.0,1.0
193654,,,,,,,,2008.0,,1032.0,,,,,,366.0,107.0,64.0,27.0,5.0,,126.0,,139.0,74.0,1.0
193672,,,,,,,,9.0,,3.0,,,,,,3.0,1.0,0.0,,,,,,1.0,0.0,
193751,,,,,,,,238.0,,71.0,1.0,,,,,36.0,7.0,14.0,15.0,,,17.0,,55.0,6.0,
193821,,,,,,,,184.0,,74.0,,,,,,29.0,8.0,2.0,7.0,,,4.0,,21.0,,
193830,,,,,,,,945.0,,353.0,185.0,,,,,51.0,155.0,18.0,2.0,20.0,,41.0,,107.0,,
193858,,,,,,,,28.0,,8.0,,,,,,6.0,1.0,,,,,,,8.0,2.0,
193894,,,,,,,,34.0,,14.0,,,,,,,3.0,0.0,,,,,,16.0,,
193900,,,,,,,,18916.0,,6865.0,,15.0,,,,1580.0,1370.0,1645.0,809.0,2340.0,,438.0,17.0,2602.0,200.0,19.0
193946,,,,,,,,423.0,,186.0,,,,,,29.0,7.0,5.0,10.0,,,41.0,,75.0,,
193973,,,,,,,,600.0,,235.0,,,,,,116.0,32.0,20.0,52.0,8.0,,20.0,,82.0,19.0,2.0
193991,,,,,,,,5.0,,4.0,,,,,,1.0,,,,,,,,,,
194028,,,,,,,,128.0,,62.0,,,,,,5.0,6.0,3.0,5.0,,,12.0,,7.0,4.0,
194073,,,,,,,,99.0,,36.0,,,,,,21.0,6.0,6.0,,,,,,19.0,7.0,
194091,,,,,,,,1298.0,,511.0,,,,,,268.0,65.0,59.0,42.0,25.0,,102.0,,146.0,26.0,2.0
194116,,,,,,,,85.0,,34.0,,,,,,19.0,3.0,5.0,4.0,0.0,,3.0,,12.0,,
194161,,,,,,,,296.0,,148.0,,,,,,24.0,2.0,6.0,37.0,2.0,,8.0,,35.0,,0.0
194189,,,,,,,,14.0,,5.0,,,,,,2.0,1.0,,,,,5.0,,1.0,,
194222,,,,,,,,840.0,,325.0,,,,,,58.0,40.0,22.0,46.0,,,69.0,,98.0,19.0,
194240,,,,,,,,694.0,,236.0,,,,,,30.0,33.0,22.0,47.0,2.0,,61.0,,103.0,16.0,0.0
194259,,,,,,,,5.0,,3.0,,,,,,,,,,,,,,1.0,,
194310,,,,,,,,2122.0,,758.0,,,,,,385.0,150.0,104.0,108.0,5.0,,37.0,,430.0,14.0,25.0
194392,,,,,,,,173.0,,57.0,4.0,6.0,,,,24.0,7.0,5.0,10.0,1.0,,11.0,2.0,19.0,1.0,0.0
194435,,,,,,,,11.0,,7.0,,,,,,1.0,,,,,,,1.0,1.0,,
194499,,,,,,,,90.0,,30.0,,,,,,4.0,,4.0,,,,,,43.0,6.0,
194569,,,,,,,,38.0,,10.0,,2.0,,,,10.0,1.0,,,0.0,,1.0,,5.0,4.0,
194578,,,,,,,,1047.0,,482.0,,,,,,150.0,36.0,31.0,80.0,9.0,,123.0,2.0,113.0,,
194657,,,,,,,,17.0,,14.0,,,,,,1.0,0.0,,,,,0.0,,1.0,,
194666,,,,,,,,24.0,,7.0,,,,,,7.0,,,,,,3.0,,2.0,,
194693,,,,,,,,11.0,,4.0,,,,,,4.0,,,,,,1.0,,1.0,,
194736,,,,,,,,18.0,,8.0,,,,,,1.0,1.0,,,,,6.0,,2.0,,
194763,,,,,,,,66.0,,14.0,,,,,,4.0,10.0,,10.0,,,11.0,,4.0,1.0,
194824,,,,,,,,1689.0,,443.0,159.0,,,,,169.0,174.0,106.0,95.0,22.0,,156.0,1.0,153.0,77.0,22.0
194879,,,,,,,,9.0,,6.0,,,,,,1.0,0.0,,,,,0.0,,1.0,,
194958,,,,,,,,288.0,,98.0,,,,,,34.0,12.0,15.0,17.0,1.0,,26.0,15.0,49.0,9.0,1.0
195003,,,,,,,,3568.0,,1173.0,27.0,,,,,360.0,291.0,292.0,403.0,27.0,,287.0,9.0,503.0,66.0,16.0
195030,,,,,,,,8162.0,,2243.0,441.0,,,,,827.0,333.0,1414.0,102.0,206.0,,445.0,,1550.0,193.0,308.0
195049,,,,,,,,1475.0,,86.0,443.0,,,,,168.0,66.0,268.0,28.0,30.0,,169.0,,107.0,61.0,
195058,,,,,,,,584.0,,242.0,,,,,,55.0,12.0,16.0,23.0,,,53.0,3.0,98.0,12.0,1.0
195067,,,,,,,,41.0,,22.0,,,,,,4.0,,,,,,,,5.0,3.0,
195128,,,,,,,,413.0,,145.0,,,,,,60.0,14.0,20.0,16.0,4.0,,37.0,,63.0,13.0,1.0
195155,,,,,,,,9.0,,3.0,,,,,,3.0,0.0,,,,,,,2.0,0.0,
195164,,,,,,,,459.0,,151.0,,,,,,52.0,32.0,14.0,46.0,7.0,,65.0,1.0,57.0,14.0,2.0
195173,,,,,,,,340.0,,172.0,1.0,,,,,51.0,13.0,11.0,21.0,1.0,,3.0,,21.0,,
195191,,,,,,,,45.0,,26.0,,,,,,5.0,,2.0,,0.0,,,,3.0,,
195216,,,,,,,,775.0,,216.0,,,,,,48.0,42.0,29.0,29.0,6.0,,150.0,8.0,94.0,18.0,13.0
195234,,,,,,,,615.0,,231.0,,,,,,47.0,34.0,18.0,44.0,15.0,,102.0,1.0,60.0,20.0,4.0
195243,,,,,,,,208.0,,85.0,,,,,,52.0,4.0,3.0,23.0,1.0,,7.0,,24.0,4.0,
195289,,,,,,,,20.0,,13.0,,,,,,2.0,1.0,,,,,,,2.0,,
195304,,,,,,,,450.0,,183.0,,,,,,119.0,5.0,12.0,16.0,5.0,,46.0,,39.0,,
195322,,,,,,,,295.0,,111.0,,1.0,,,,28.0,4.0,11.0,6.0,1.0,,2.0,,52.0,18.0,
195438,,,,,,,,34.0,,20.0,,,,,,4.0,4.0,,,,,3.0,,3.0,,
195474,,,,,,,,718.0,,255.0,,,,,,54.0,24.0,29.0,80.0,0.0,,97.0,0.0,84.0,26.0,14.0
195526,,,,,,,,951.0,,303.0,1.0,,,,,64.0,54.0,38.0,93.0,11.0,,169.0,1.0,125.0,37.0,5.0
195544,,,,,,,,664.0,,292.0,,,,,,12.0,134.0,23.0,73.0,2.0,,17.0,,101.0,,
195580,,,,,,,,34.0,,10.0,,,,,,3.0,4.0,2.0,1.0,,,1.0,,7.0,3.0,
195623,,,,,,,,57.0,,17.0,,,,,,1.0,,,,,,,,27.0,,
195702,,,,,,,,33.0,,19.0,,,,,,3.0,2.0,1.0,1.0,0.0,,2.0,,3.0,,
195720,,,,,,,,668.0,,308.0,,,,,,33.0,21.0,26.0,68.0,5.0,,72.0,,68.0,14.0,9.0
195784,,,,,,,,62.0,,43.0,,,,,,6.0,1.0,1.0,,,,,,3.0,,
195809,,,,,,,,2117.0,,909.0,,,,,,45.0,346.0,78.0,138.0,15.0,,90.0,,336.0,,1.0
195827,,,,,,,,507.0,,,,1.0,,,,129.0,97.0,102.0,27.0,1.0,,19.0,,97.0,19.0,5.0
195845,,,,,,,,41.0,,25.0,,,,,,2.0,2.0,1.0,,,,,,1.0,1.0,
195933,,,,,,,,26.0,,12.0,,,,,,7.0,,,,,,,,1.0,,
195988,,,,,,,,150.0,,61.0,,,,,,14.0,3.0,8.0,10.0,1.0,,11.0,,25.0,,
196006,,,,,,,,560.0,,188.0,,,,,,40.0,42.0,16.0,29.0,32.0,,102.0,,60.0,32.0,
196015,,,,,,,,443.0,,159.0,,0.0,,,,37.0,47.0,10.0,20.0,44.0,,54.0,1.0,44.0,19.0,1.0
196024,,,,,,,,455.0,,178.0,,,,,,25.0,15.0,12.0,28.0,26.0,,61.0,4.0,52.0,31.0,3.0
196033,,,,,,,,424.0,,126.0,1.0,,,,,36.0,20.0,11.0,19.0,58.0,,62.0,,42.0,34.0,2.0
196042,,,,,,,,920.0,,383.0,,22.0,,,,63.0,57.0,11.0,28.0,90.0,,106.0,,98.0,43.0,1.0
196051,,,,,,,,503.0,,163.0,,8.0,,,,34.0,25.0,9.0,36.0,38.0,,66.0,,55.0,41.0,3.0
196060,,,,,,,,2672.0,,822.0,2.0,8.0,,,,175.0,438.0,189.0,117.0,84.0,,326.0,,223.0,169.0,26.0
196079,,,,,,,,2369.0,,786.0,18.0,,,,,129.0,201.0,83.0,119.0,117.0,,315.0,2.0,349.0,174.0,4.0
196088,,,,,,,,4772.0,,1837.0,29.0,33.0,,,,362.0,440.0,270.0,190.0,277.0,,455.0,,471.0,190.0,56.0
196097,,,,,,,,4514.0,,1995.0,141.0,8.0,,,,122.0,530.0,344.0,221.0,108.0,,415.0,2.0,182.0,181.0,70.0
196103,,,,,,,,392.0,,132.0,3.0,,,,,32.0,33.0,18.0,12.0,27.0,,44.0,,54.0,27.0,0.0
196112,,,,,,,,413.0,,181.0,2.0,,,,,46.0,24.0,9.0,29.0,16.0,,48.0,,30.0,18.0,1.0
196121,,,,,,,,1090.0,,422.0,,19.0,,,,66.0,54.0,35.0,72.0,48.0,,124.0,,141.0,56.0,8.0
196130,,,,,,,,1431.0,,528.0,1.0,1.0,,,,93.0,78.0,101.0,94.0,41.0,,159.0,,190.0,59.0,6.0
196149,,,,,,,,1055.0,,397.0,2.0,,,,,97.0,42.0,26.0,59.0,31.0,,152.0,,144.0,55.0,16.0
196158,,,,,,,,757.0,,317.0,,2.0,,,,62.0,40.0,16.0,17.0,59.0,,109.0,,86.0,28.0,6.0
196167,,,,,,,,801.0,,287.0,,,,,,72.0,33.0,26.0,38.0,24.0,,128.0,,104.0,51.0,3.0
196176,,,,,,,,1164.0,,472.0,1.0,0.0,,,,83.0,97.0,39.0,42.0,11.0,,149.0,,146.0,55.0,4.0
196185,,,,,,,,965.0,,343.0,6.0,,,,,71.0,71.0,57.0,44.0,24.0,,144.0,,109.0,51.0,10.0
196194,,,,,,,,1193.0,,430.0,6.0,8.0,,,,88.0,52.0,25.0,57.0,57.0,,192.0,1.0,146.0,80.0,13.0
196200,,,,,,,,717.0,,284.0,,,,,,43.0,39.0,16.0,55.0,8.0,,93.0,,91.0,35.0,8.0
196219,,,,,,,,794.0,,269.0,3.0,,,,,52.0,54.0,35.0,74.0,26.0,,118.0,,86.0,43.0,2.0
196228,,,,,,,,294.0,,85.0,1.0,,,,,30.0,22.0,1.0,1.0,60.0,,28.0,,55.0,9.0,
196237,,,,,,,,545.0,,225.0,,,,,,59.0,18.0,12.0,30.0,37.0,,50.0,,59.0,26.0,5.0
196246,,,,,,,,898.0,,328.0,0.0,1.0,,,,64.0,54.0,28.0,56.0,44.0,,123.0,,116.0,60.0,6.0
196255,,,,,,,,1319.0,,406.0,11.0,,,,,94.0,76.0,42.0,12.0,233.0,,149.0,,205.0,77.0,7.0
196264,,,,,,,,929.0,,460.0,2.0,,,,,43.0,57.0,26.0,7.0,48.0,,5.0,,237.0,8.0,6.0
196291,,,,,,,,303.0,,111.0,,,,,,32.0,20.0,8.0,24.0,8.0,,33.0,,26.0,28.0,1.0
196307,,,,,,,,1302.0,,486.0,1.0,,,,,70.0,91.0,20.0,20.0,324.0,,70.0,,127.0,74.0,6.0
196389,,,,,,,,161.0,,65.0,31.0,,,,,2.0,6.0,4.0,2.0,34.0,,,12.0,1.0,,
196413,,,,,,,,4695.0,,1289.0,68.0,,,,,565.0,469.0,302.0,334.0,36.0,,661.0,27.0,564.0,201.0,47.0
196431,,,,,,,,33.0,,21.0,,,,,,4.0,4.0,,,,,4.0,,,,
196440,,,,,,,,4.0,,2.0,,,,,,0.0,0.0,,,,,1.0,,0.0,,
196468,,,,,,,,1112.0,,319.0,,,,,,29.0,240.0,2.0,,,,100.0,,82.0,,
196477,,,,,,,,178.0,,86.0,,,,,,19.0,3.0,4.0,,,,6.0,15.0,32.0,,
196565,,,,,,,,304.0,,125.0,,,,,,53.0,6.0,14.0,14.0,,,39.0,,49.0,,
196583,,,,,,,,14.0,,9.0,,,,,,1.0,,,,,,3.0,,1.0,,
196592,,,,,,,,1821.0,,778.0,,,,,,195.0,41.0,100.0,28.0,258.0,,76.0,,247.0,2.0,
196653,,,,,,,,160.0,,81.0,,,,,,25.0,9.0,,3.0,2.0,,,,10.0,,
196680,,,,,,,,880.0,,334.0,19.0,1.0,,,,42.0,23.0,35.0,29.0,,,,22.0,91.0,3.0,
196699,,,,,,,,225.0,,93.0,1.0,12.0,,,,13.0,5.0,1.0,5.0,3.0,,29.0,,30.0,,
196866,,,,,,,,837.0,,227.0,,,,,,75.0,33.0,40.0,86.0,16.0,,207.0,,98.0,38.0,
196884,,,,,,,,84.0,,32.0,,,,,,17.0,6.0,3.0,7.0,,,3.0,,14.0,,
197018,,,,,,,,228.0,,154.0,7.0,7.0,,,,8.0,9.0,1.0,4.0,,,5.0,3.0,9.0,2.0,12.0
197027,,,,,,,,252.0,,119.0,1.0,,,,,3.0,2.0,10.0,5.0,,,6.0,,52.0,21.0,2.0
197036,,,,,,,,2274.0,,225.0,,,,,,37.0,345.0,228.0,101.0,128.0,,340.0,17.0,310.0,118.0,288.0
197045,,,,,,,,572.0,,252.0,,,,,,55.0,28.0,24.0,65.0,4.0,,9.0,,56.0,8.0,
197133,,,,,,,,1012.0,,300.0,,,,,,105.0,55.0,65.0,37.0,6.0,,242.0,,117.0,5.0,
197142,,,,,,,,131.0,,53.0,,,,,,22.0,2.0,5.0,8.0,1.0,,8.0,,16.0,1.0,
197151,,,,,,,,1074.0,,523.0,,,,,,91.0,21.0,64.0,27.0,3.0,,81.0,6.0,126.0,25.0,
197197,,,,,,,,490.0,,179.0,,6.0,,,,26.0,12.0,17.0,59.0,4.0,,63.0,,48.0,15.0,16.0
197221,,,,,,,,38.0,,12.0,,,,,,10.0,2.0,1.0,1.0,,,7.0,,1.0,2.0,
197230,,,,,,,,164.0,,45.0,,,,,,24.0,6.0,8.0,20.0,,,27.0,,6.0,12.0,4.0
197285,,,,,,,,134.0,,44.0,,,,,,11.0,7.0,7.0,11.0,,,0.0,17.0,31.0,,
197294,,,,,,,,819.0,,445.0,,3.0,,,,56.0,14.0,74.0,39.0,3.0,,13.0,,96.0,18.0,
197337,,,,,,,,5.0,,3.0,,,,,,1.0,,,,,,1.0,,0.0,,
197522,,,,,,,,32.0,,8.0,,,,,,4.0,,,,,,,14.0,3.0,,
197531,,,,,,,,99.0,,4.0,,,,,,11.0,5.0,,,3.0,,16.0,1.0,36.0,,
197601,,,,,,,,17.0,,5.0,,,,,,3.0,1.0,,,1.0,,,,2.0,1.0,
197610,,,,,,,,11.0,,9.0,,,,,,2.0,,,,,,,,,,
197647,,,,,,,,24.0,,15.0,,,,,,2.0,2.0,,,,,2.0,,3.0,,
197674,,,,,,,,32.0,,20.0,,,,,,2.0,3.0,,,,,2.0,,4.0,,
197692,,,,,,,,13.0,,5.0,,,,,,,1.0,,,,,,6.0,1.0,,
197708,,,,,,,,2676.0,,983.0,,,,,,259.0,129.0,356.0,48.0,38.0,,190.0,8.0,335.0,99.0,18.0
197735,,,,,,,,62.0,,45.0,,,,,,6.0,3.0,,,,,5.0,,4.0,,
197744,,,,,,,,18.0,,9.0,,,,,,2.0,3.0,,,,,1.0,,3.0,,
197814,,,,,,,,245.0,,121.0,,,,,,28.0,4.0,11.0,10.0,,,21.0,2.0,28.0,3.0,
197832,,,,,,,,70.0,,31.0,,,,,,9.0,,,,,,,,3.0,,
197850,,,,,,,,293.0,,160.0,,,,,,43.0,10.0,10.0,6.0,,,,,35.0,7.0,
197869,,,,,,,,2659.0,,1081.0,,,,,,94.0,73.0,143.0,184.0,47.0,,318.0,37.0,361.0,147.0,7.0
197887,,,,,,,,673.0,,334.0,,,,,,74.0,12.0,28.0,16.0,,,31.0,6.0,82.0,13.0,1.0
197911,,,,,,,,190.0,,83.0,,,,,,24.0,8.0,5.0,34.0,4.0,,2.0,1.0,16.0,,
197966,,,,,,,,230.0,,118.0,,,,,,28.0,4.0,7.0,9.0,,,17.0,,22.0,5.0,1.0
197984,,,,,,,,218.0,,93.0,,,,,,21.0,15.0,,43.0,5.0,,3.0,2.0,18.0,,2.0
197993,,,,,,,,136.0,,40.0,0.0,,,,,25.0,1.0,7.0,,,,14.0,,41.0,,
198011,,,,,,,,142.0,,74.0,,1.0,,,,21.0,5.0,3.0,7.0,,,4.0,1.0,22.0,2.0,
198039,,,,,,,,320.0,,155.0,,,,,,29.0,11.0,12.0,14.0,4.0,,11.0,0.0,32.0,6.0,1.0
198066,,,,,,,,208.0,,64.0,,,,,,21.0,5.0,6.0,31.0,,,39.0,,38.0,,
198084,,,,,,,,317.0,,130.0,,,,,,18.0,14.0,8.0,16.0,,,44.0,,36.0,15.0,
198109,,,,,,,,71.0,,48.0,,,,,,4.0,2.0,,2.0,,,,,6.0,,
198118,,,,,,,,416.0,,175.0,,,,,,68.0,9.0,13.0,26.0,,,23.0,5.0,59.0,9.0,
198136,,,,,,,,959.0,,345.0,3.0,,,,,37.0,13.0,30.0,123.0,12.0,,136.0,3.0,144.0,50.0,3.0
198154,,,,,,,,880.0,,481.0,,,,,,34.0,18.0,29.0,26.0,1.0,,74.0,10.0,95.0,16.0,25.0
198190,,,,,,,,25.0,,22.0,,,,,,,1.0,,1.0,,,,,,,
198206,,,,,,,,237.0,,137.0,,,,,,21.0,1.0,6.0,9.0,,,21.0,1.0,36.0,1.0,
198215,,,,,,,,284.0,,106.0,,,,,,14.0,18.0,11.0,56.0,9.0,,25.0,,23.0,7.0,
198233,,,,,,,,502.0,,269.0,,,,,,41.0,6.0,39.0,27.0,,,11.0,3.0,62.0,11.0,0.0
198251,,,,,,,,586.0,,216.0,,,,,,63.0,7.0,13.0,52.0,1.0,,35.0,,77.0,10.0,1.0
198260,,,,,,,,1653.0,,647.0,,,,,,180.0,66.0,89.0,101.0,1.0,,23.0,1.0,244.0,1.0,
198303,,,,,,,,228.0,,69.0,,,,,,23.0,9.0,5.0,63.0,0.0,,18.0,,24.0,7.0,2.0
198321,,,,,,,,273.0,,180.0,,1.0,,,,20.0,5.0,7.0,10.0,,,2.0,,26.0,,
198330,,,,,,,,437.0,,250.0,,,,,,25.0,,16.0,17.0,,,29.0,4.0,68.0,5.0,2.0
198367,,,,,,,,309.0,,142.0,,,,,,49.0,11.0,8.0,24.0,,,10.0,,38.0,13.0,
198376,,,,,,,,382.0,,174.0,5.0,,,,,48.0,13.0,7.0,28.0,,,21.0,,68.0,10.0,
198385,,,,,,,,778.0,,186.0,,,,,,44.0,56.0,40.0,119.0,12.0,,145.0,13.0,91.0,31.0,
198419,,,,,,,,17165.0,,3797.0,1359.0,,,,,1577.0,1774.0,2898.0,642.0,1242.0,,986.0,53.0,2082.0,299.0,242.0
198455,,,,,,,,527.0,,255.0,,,,,,109.0,7.0,9.0,21.0,1.0,,38.0,6.0,62.0,4.0,0.0
198464,,,,,,,,5518.0,,1477.0,7.0,290.0,,,,184.0,261.0,352.0,276.0,308.0,,595.0,3.0,1244.0,291.0,24.0
198491,,,,,,,,229.0,,96.0,,,,,,25.0,6.0,6.0,8.0,13.0,,18.0,,31.0,,
198507,,,,,,,,374.0,,101.0,,,,,,44.0,26.0,17.0,12.0,3.0,,42.0,1.0,47.0,19.0,1.0
198516,,,,,,,,1361.0,,479.0,,,,,,129.0,72.0,45.0,120.0,10.0,,160.0,,166.0,41.0,24.0
198534,,,,,,,,975.0,,458.0,,,,,,70.0,7.0,31.0,23.0,,,120.0,7.0,156.0,13.0,7.0
198543,,,,,,,,823.0,,290.0,,,,,,54.0,31.0,47.0,36.0,7.0,,85.0,2.0,159.0,29.0,15.0
198552,,,,,,,,749.0,,401.0,,,,,,111.0,11.0,27.0,17.0,1.0,,23.0,,138.0,12.0,
198561,,,,,,,,626.0,,235.0,,,,,,51.0,17.0,19.0,127.0,8.0,,63.0,,83.0,,
198570,,,,,,,,540.0,,257.0,,,,,,49.0,17.0,36.0,,,,14.0,,76.0,34.0,4.0
198598,,,,,,,,183.0,,73.0,,,,,,13.0,10.0,3.0,36.0,6.0,,15.0,,16.0,,
198613,,,,,,,,344.0,,127.0,,,,,,32.0,17.0,11.0,30.0,5.0,,36.0,,35.0,5.0,
198622,,,,,,,,964.0,,454.0,,,,,,68.0,13.0,33.0,36.0,,,64.0,18.0,111.0,21.0,3.0
198640,,,,,,,,199.0,,113.0,,,,,,18.0,10.0,4.0,12.0,,,6.0,0.0,23.0,,
198668,,,,,,,,306.0,,172.0,,,,,,38.0,5.0,9.0,2.0,,,29.0,,28.0,5.0,
198677,,,,,,,,14.0,,8.0,1.0,,,,,1.0,1.0,0.0,1.0,,,,,1.0,,
198695,,,,,,,,832.0,,346.0,,,,,,69.0,49.0,49.0,120.0,12.0,,94.0,,50.0,3.0,21.0
198710,,,,,,,,267.0,,125.0,1.0,1.0,,,,33.0,8.0,5.0,16.0,,,19.0,3.0,23.0,4.0,1.0
198729,,,,,,,,162.0,,54.0,,,,,,26.0,8.0,5.0,12.0,,,5.0,3.0,17.0,2.0,
198747,,,,,,,,21.0,,9.0,,,,,,2.0,1.0,,3.0,,,,,1.0,,
198756,,,,,,,,320.0,,121.0,,1.0,,,,52.0,4.0,16.0,24.0,4.0,,23.0,3.0,48.0,9.0,1.0
198774,,,,,,,,425.0,,175.0,,,,,,37.0,12.0,10.0,14.0,1.0,,35.0,,43.0,7.0,
198808,,,,,,,,197.0,,80.0,,,,,,9.0,7.0,6.0,32.0,2.0,,20.0,,16.0,8.0,
198817,,,,,,,,326.0,,185.0,,27.0,,,,17.0,2.0,8.0,6.0,,,21.0,,54.0,,
198835,,,,,,,,348.0,,174.0,,,,,,20.0,30.0,,58.0,4.0,,6.0,,25.0,,
198844,,,,,,,,16.0,,9.0,,,,,,2.0,2.0,,,,,1.0,,2.0,0.0,
198862,,,,,,,,217.0,,62.0,,,,,,34.0,21.0,5.0,18.0,1.0,,22.0,,27.0,,2.0
198871,,,,,,,,128.0,,41.0,,,,,,13.0,3.0,4.0,20.0,3.0,,12.0,,26.0,5.0,
198899,,,,,,,,301.0,,109.0,,,,,,39.0,5.0,5.0,46.0,5.0,,38.0,2.0,38.0,,4.0
198905,,,,,,,,125.0,,65.0,,,,,,16.0,4.0,2.0,2.0,2.0,,8.0,,16.0,,2.0
198914,,,,,,,,154.0,,78.0,,,,,,28.0,7.0,2.0,11.0,,,,,22.0,2.0,
198923,,,,,,,,124.0,,80.0,1.0,,,,,,20.0,2.0,,,,,,,1.0,
198950,,,,,,,,460.0,,157.0,,9.0,,,,38.0,22.0,36.0,23.0,4.0,,50.0,,60.0,11.0,1.0
198969,,,,,,,,495.0,,191.0,,,,,,34.0,14.0,12.0,64.0,9.0,,79.0,2.0,50.0,18.0,3.0
198978,,,,,,,,251.0,,120.0,,,,,,16.0,14.0,,,6.0,,,46.0,18.0,,
198987,,,,,,,,307.0,,152.0,,,,,,41.0,6.0,8.0,15.0,,,26.0,3.0,47.0,1.0,
199005,,,,,,,,4.0,,2.0,,,,,,,,,,,,2.0,,,,
199023,,,,,,,,131.0,,78.0,,,,,,13.0,5.0,2.0,1.0,,,3.0,,22.0,4.0,
199032,,,,,,,,168.0,,73.0,,,,,,7.0,13.0,4.0,25.0,,,2.0,1.0,7.0,0.0,
199069,,,,,,,,347.0,,137.0,,,,,,48.0,8.0,8.0,35.0,0.0,,16.0,,26.0,,1.0
199078,,,,,,,,16.0,,7.0,,,,,,4.0,,,,,,,,5.0,,
199087,,,,,,,,310.0,,166.0,,,,,,23.0,7.0,11.0,8.0,,,30.0,1.0,33.0,,
199102,,,,,,,,1682.0,,513.0,,39.0,,,,101.0,115.0,118.0,82.0,20.0,,133.0,,367.0,84.0,5.0
199111,,,,,,,,745.0,,259.0,,,,,,43.0,44.0,37.0,48.0,10.0,,82.0,2.0,126.0,52.0,3.0
199120,,,,,,,,12758.0,,2109.0,1450.0,1055.0,,,,224.0,944.0,2232.0,430.0,445.0,,779.0,,1798.0,754.0,22.0
199139,,,,,,,,3583.0,,1245.0,30.0,,,,,197.0,220.0,279.0,200.0,41.0,,345.0,1.0,567.0,262.0,7.0
199148,,,,,,,,2541.0,,879.0,1.0,1.0,,,,117.0,232.0,306.0,90.0,29.0,,241.0,2.0,264.0,112.0,13.0
199157,,,,,,,,1260.0,,449.0,2.0,,,,,120.0,80.0,54.0,84.0,22.0,,108.0,,195.0,68.0,2.0
199175,,,,,,,,392.0,,,,,,,,65.0,62.0,62.0,66.0,1.0,,2.0,,88.0,24.0,
199184,,,,,,,,471.0,,157.0,,,,,,46.0,31.0,18.0,26.0,4.0,,70.0,2.0,67.0,29.0,2.0
199193,,,,,,,,8854.0,,1847.0,392.0,310.0,,,,306.0,521.0,1392.0,461.0,117.0,,814.0,8.0,1308.0,478.0,29.0
199209,,,,,,,,289.0,,129.0,,,,,,59.0,,8.0,34.0,1.0,,1.0,,13.0,,
199218,,,,,,,,1970.0,,726.0,5.0,,,,,90.0,113.0,108.0,129.0,28.0,,163.0,,347.0,124.0,17.0
199263,,,,,,,,89.0,,44.0,,3.0,,,,7.0,4.0,3.0,1.0,,,6.0,,9.0,,
199272,,,,,,,,154.0,,57.0,,,,,,9.0,6.0,5.0,15.0,6.0,,12.0,7.0,14.0,,
199281,,,,,,,,889.0,,317.0,,,,,,66.0,37.0,59.0,44.0,7.0,,91.0,4.0,162.0,42.0,
199306,,,,,,,,231.0,,98.0,,,,,,43.0,14.0,15.0,29.0,,,,8.0,6.0,,0.0
199324,,,,,,,,212.0,,94.0,,,,,,30.0,6.0,7.0,12.0,,,16.0,,32.0,1.0,
199333,,,,,,,,758.0,,384.0,,,,,,63.0,10.0,19.0,44.0,,,14.0,,156.0,4.0,0.0
199412,,,,,,,,425.0,,183.0,,,,,,60.0,13.0,11.0,45.0,6.0,,9.0,,39.0,,2.0
199421,,,,,,,,340.0,,151.0,,0.0,,,,37.0,2.0,11.0,13.0,,,24.0,,53.0,3.0,
199449,,,,,,,,249.0,,116.0,,,,,,33.0,4.0,4.0,7.0,,,19.0,,25.0,7.0,
199458,,,,,,,,35.0,,10.0,,,,,,3.0,1.0,1.0,,,,2.0,,5.0,1.0,
199467,,,,,,,,114.0,,59.0,,,,,,17.0,2.0,3.0,2.0,,,10.0,,9.0,2.0,
199476,,,,,,,,226.0,,127.0,,,,,,22.0,5.0,5.0,18.0,,,6.0,,33.0,,
199485,,,,,,,,217.0,,105.0,,,,,,26.0,5.0,6.0,6.0,,,16.0,1.0,25.0,1.0,
199494,,,,,,,,545.0,,310.0,,,,,,48.0,10.0,21.0,21.0,,,19.0,,78.0,8.0,
199582,,,,,,,,221.0,,70.0,,,,,,39.0,7.0,8.0,16.0,4.0,,46.0,1.0,19.0,9.0,
199607,,,,,,,,213.0,,92.0,,,,,,26.0,8.0,9.0,13.0,3.0,,24.0,,18.0,4.0,
199625,,,,,,,,177.0,,96.0,,,,,,16.0,10.0,3.0,4.0,,,12.0,3.0,21.0,,
199634,,,,,,,,429.0,,249.0,,,,,,49.0,5.0,8.0,8.0,1.0,,35.0,,39.0,9.0,2.0
199643,,,,,,,,296.0,,98.0,2.0,,,,,44.0,14.0,4.0,31.0,2.0,,39.0,,32.0,,3.0
199670,,,,,,,,28.0,,11.0,,,,,,1.0,6.0,,0.0,,,0.0,1.0,4.0,2.0,
199689,,,,,,,,24.0,,7.0,,,,,,5.0,,,,,,,5.0,6.0,0.0,
199698,,,,,,,,193.0,,42.0,,,,,,9.0,3.0,2.0,2.0,,,94.0,,29.0,9.0,
199722,,,,,,,,253.0,,87.0,,,,,,24.0,7.0,8.0,12.0,,,10.0,,25.0,1.0,1.0
199731,,,,,,,,338.0,,181.0,,,,,,36.0,2.0,9.0,21.0,,,16.0,,28.0,6.0,
199740,,,,,,,,258.0,,138.0,,,,,,30.0,6.0,14.0,10.0,,,14.0,,31.0,,
199759,,,,,,,,259.0,,80.0,1.0,,,,,36.0,9.0,7.0,6.0,,,21.0,,53.0,18.0,
199768,,,,,,,,338.0,,190.0,,,,,,38.0,3.0,10.0,8.0,,,25.0,2.0,48.0,1.0,1.0
199786,,,,,,,,381.0,,228.0,,,,,,26.0,4.0,5.0,9.0,,,19.0,,47.0,,1.0
199795,,,,,,,,124.0,,59.0,,,,,,20.0,2.0,5.0,4.0,,,8.0,,15.0,,
199838,,,,,,,,401.0,,149.0,,,,,,47.0,4.0,6.0,24.0,,,33.0,,43.0,2.0,1.0
199847,,,,,,,,6179.0,,1917.0,214.0,26.0,,,,317.0,850.0,416.0,173.0,714.0,,364.0,10.0,926.0,85.0,26.0
199856,,,,,,,,1631.0,,704.0,,,,,,189.0,50.0,52.0,68.0,3.0,,25.0,4.0,241.0,16.0,5.0
199865,,,,,,,,210.0,,72.0,,,,,,30.0,7.0,6.0,16.0,2.0,,16.0,,20.0,9.0,
199883,,,,,,,,18.0,,15.0,,,,,,,,,,,,,,2.0,,
199892,,,,,,,,381.0,,186.0,,,,,,38.0,7.0,12.0,16.0,,,45.0,,50.0,0.0,
199908,,,,,,,,252.0,,129.0,,,,,,27.0,4.0,8.0,15.0,,,9.0,2.0,27.0,4.0,
199926,,,,,,,,374.0,,169.0,,,,,,42.0,14.0,10.0,18.0,2.0,,55.0,4.0,31.0,8.0,1.0
199953,,,,,,,,216.0,,107.0,,,,,,21.0,10.0,5.0,5.0,,,25.0,,21.0,,
199962,,,,,,,,500.0,,214.0,,,,,,35.0,15.0,16.0,54.0,8.0,,41.0,,49.0,6.0,0.0
199971,,,,,,,,8.0,,4.0,,0.0,,,,1.0,,,0.0,,,1.0,,2.0,,
199980,,,,,,,,10.0,,6.0,,,,,,2.0,,,,,,,,2.0,,
199999,,,,,,,,902.0,,344.0,,,,,,74.0,63.0,52.0,48.0,12.0,,77.0,,140.0,37.0,7.0
200004,,,,,,,,1550.0,,543.0,,,,,,93.0,70.0,56.0,112.0,17.0,,188.0,3.0,208.0,144.0,18.0
200013,,,,,,,,39.0,,18.0,,,,,,5.0,,,,,,,,3.0,,
200022,,,,,,,,402.0,,196.0,,,,,,30.0,17.0,15.0,30.0,,,38.0,3.0,48.0,14.0,
200059,,,,,,,,238.0,,103.0,,,,,,21.0,7.0,5.0,23.0,1.0,,23.0,1.0,28.0,6.0,7.0
200086,,,,,,,,77.0,,21.0,1.0,,,,,9.0,5.0,3.0,6.0,,,,1.0,8.0,11.0,
200110,,,,,,,,7.0,,4.0,,,,,,3.0,,,,,,,,,,
200129,,,,,,,,5.0,,3.0,,,,,,1.0,,,,,,,,1.0,,
200156,,,,,,,,208.0,,88.0,,,,,,10.0,1.0,3.0,38.0,,,15.0,17.0,28.0,5.0,1.0
200165,,,,,,,,5.0,,3.0,,,,,,2.0,,,,,,,,,,
200192,,,,,,,,120.0,,42.0,,,,,,14.0,7.0,4.0,2.0,,,14.0,2.0,20.0,,
200208,,,,,,,,140.0,,22.0,,,,,,20.0,3.0,3.0,5.0,3.0,,16.0,,19.0,2.0,3.0
200217,,,,,,,,404.0,,173.0,,,,,,39.0,18.0,1.0,41.0,,,30.0,21.0,49.0,4.0,
200226,,,,,,,,205.0,,45.0,,,,,,45.0,5.0,,10.0,4.0,,36.0,,24.0,,
200253,,,,,,,,413.0,,225.0,5.0,,,,,22.0,9.0,7.0,25.0,1.0,,36.0,3.0,64.0,3.0,1.0
200262,,,,,,,,1.0,,1.0,,,,,,,,,,,,,,,,
200280,,,,,,,,2706.0,,894.0,30.0,,,,,123.0,161.0,253.0,221.0,67.0,,250.0,,395.0,72.0,135.0
200305,,,,,,,,388.0,,170.0,,,,,,25.0,7.0,6.0,23.0,1.0,,54.0,1.0,69.0,8.0,8.0
200314,,,,,,,,106.0,,47.0,,,,,,6.0,1.0,3.0,6.0,,,13.0,1.0,13.0,3.0,1.0
200332,,,,,,,,2571.0,,608.0,193.0,154.0,,,,152.0,111.0,317.0,142.0,37.0,,274.0,10.0,300.0,120.0,34.0
200341,,,,,,,,108.0,,34.0,,,,,,18.0,6.0,2.0,4.0,,,13.0,,18.0,,
200387,,,,,,,,6.0,,1.0,,,,,,1.0,,,,,,,1.0,2.0,,
200466,,,,,,,,106.0,,30.0,,,,,,3.0,3.0,4.0,13.0,,,10.0,,4.0,10.0,12.0
200484,,,,,,,,61.0,,14.0,,,,,,5.0,,1.0,9.0,,,8.0,,12.0,5.0,0.0
200527,,,,,,,,120.0,,42.0,1.0,,,,,19.0,5.0,7.0,7.0,,,10.0,,17.0,,
200554,,,,,,,,219.0,,54.0,,,,,,5.0,21.0,6.0,15.0,2.0,,,,12.0,7.0,
200572,,,,,,,,205.0,,82.0,,,,,,26.0,4.0,9.0,27.0,0.0,,17.0,,22.0,7.0,6.0
200590,,,,,,,,27.0,,14.0,,,,,,2.0,1.0,1.0,,,,,,3.0,1.0,
200624,,,,,,,,8.0,,4.0,,,,,,2.0,1.0,,,,,,,0.0,,
200633,,,,,,,,21.0,,18.0,,,,,,3.0,,,,,,,,,,
200785,,,,,,,,40.0,,25.0,,,,,,2.0,,1.0,,,,1.0,1.0,3.0,,
200800,,,,,,,,2321.0,,979.0,,,,,,98.0,132.0,148.0,185.0,26.0,,237.0,4.0,210.0,72.0,30.0
200828,,,,,,,,10.0,,9.0,,,,,,,,,,,,,,1.0,,
200846,,,,,,,,112.0,,59.0,,,,,,4.0,2.0,5.0,12.0,,,2.0,1.0,6.0,6.0,
200873,,,,,,,,20.0,,6.0,,,,,,2.0,2.0,1.0,,,,,0.0,1.0,1.0,
201016,,,,,,,,23.0,,12.0,,,,,,2.0,,1.0,,,,0.0,2.0,1.0,,
201034,,,,,,,,92.0,,77.0,,,,,,8.0,1.0,,,,,,0.0,5.0,,
201061,,,,,,,,66.0,,22.0,,2.0,,,,6.0,3.0,,14.0,,,2.0,,7.0,,
201098,,,,,,,,19.0,,10.0,,,,,,2.0,1.0,0.0,,,,,3.0,2.0,,
201104,,,,,,,,757.0,,271.0,,,,,,102.0,9.0,21.0,59.0,5.0,,107.0,1.0,86.0,18.0,1.0
201131,,,,,,,,22.0,,16.0,,,,,,3.0,,,1.0,,,,,2.0,,
201140,,,,,,,,40.0,,11.0,,,,,,9.0,1.0,1.0,1.0,,,8.0,,4.0,2.0,
201159,,,,,,,,60.0,,,,,,,,3.0,2.0,3.0,1.0,11.0,,18.0,,5.0,2.0,3.0
201177,,,,,,,,66.0,,29.0,,,,,,14.0,14.0,2.0,,,,,,2.0,,
201195,,,,,,,,718.0,,277.0,,,,,,63.0,55.0,35.0,36.0,6.0,,84.0,,93.0,21.0,4.0
201283,,,,,,,,117.0,,63.0,,1.0,,,,21.0,2.0,4.0,3.0,,,8.0,0.0,13.0,,
201371,,,,,,,,171.0,,73.0,,,,,,25.0,10.0,5.0,18.0,2.0,,6.0,10.0,14.0,3.0,
201399,,,,,,,,28.0,,17.0,,,,,,4.0,1.0,,,,,1.0,2.0,3.0,,
201432,,,,,,,,121.0,,69.0,,,,,,8.0,2.0,2.0,8.0,,,7.0,0.0,12.0,,0.0
201441,,,,,,,,2118.0,,858.0,9.0,1.0,,,,102.0,107.0,131.0,218.0,14.0,,229.0,14.0,233.0,31.0,14.0
201469,,,,,,,,59.0,,30.0,,,,,,7.0,1.0,1.0,9.0,,,1.0,1.0,5.0,,
201478,,,,,,,,38.0,,16.0,,,,,,,,,,12.0,,4.0,,,,
201496,,,,,,,,27.0,,13.0,,,,,,7.0,,,,,,,,5.0,,
201539,,,,,,,,29.0,,22.0,,,,,,2.0,,,,,,,,5.0,,
201548,,,,,,,,497.0,,241.0,,,,,,47.0,25.0,20.0,34.0,,,23.0,,50.0,20.0,
201645,,,,,,,,4440.0,,1430.0,575.0,,,,,193.0,368.0,630.0,139.0,100.0,,281.0,,378.0,76.0,4.0
201654,,,,,,,,633.0,,272.0,,,,,,41.0,34.0,26.0,51.0,8.0,,57.0,11.0,78.0,20.0,3.0
201672,,,,,,,,244.0,,128.0,,,,,,26.0,7.0,11.0,17.0,,,12.0,,21.0,,
201681,,,,,,,,12.0,,6.0,,,,,,2.0,1.0,,,,,,,2.0,,
201690,,,,,,,,342.0,,117.0,1.0,,,,,58.0,15.0,9.0,21.0,2.0,,39.0,,52.0,,1.0
201751,,,,,,,,36.0,,5.0,,,,,,9.0,1.0,1.0,1.0,,,2.0,6.0,7.0,,
201803,,,,,,,,49.0,,26.0,,,,,,,,1.0,,13.0,,,,2.0,2.0,
201821,,,,,,,,73.0,,41.0,,,,,,14.0,2.0,2.0,3.0,,,,1.0,3.0,,
201858,,,,,,,,88.0,,44.0,,,,,,6.0,4.0,,7.0,,,4.0,2.0,9.0,,
201867,,,,,,,,14.0,,4.0,,,,,,1.0,1.0,,2.0,,,,,1.0,,
201885,,,,,,,,6704.0,,2442.0,205.0,37.0,,,,1135.0,326.0,820.0,330.0,353.0,,380.0,9.0,348.0,156.0,62.0
201928,,,,,,,,667.0,,343.0,,,,,,68.0,17.0,20.0,34.0,,,42.0,,82.0,10.0,2.0
201946,,,,,,,,267.0,,171.0,,0.0,,,,30.0,4.0,8.0,22.0,,,11.0,,4.0,6.0,
201955,,,,,,,,321.0,,220.0,,,,,,34.0,5.0,19.0,17.0,,,3.0,,5.0,5.0,
201964,,,,,,,,498.0,,259.0,,,,,,39.0,18.0,13.0,,,,4.0,73.0,79.0,12.0,
201973,,,,,,,,342.0,,190.0,,,,,,34.0,8.0,9.0,8.0,0.0,,15.0,7.0,31.0,,
201982,,,,,,,,11.0,,8.0,,,,,,1.0,1.0,,,,,,,1.0,,
202046,,,,,,,,161.0,,71.0,,,,,,26.0,4.0,9.0,6.0,,,4.0,,13.0,1.0,
202055,,,,,,,,16.0,,8.0,,,,,,3.0,1.0,,,,,,2.0,1.0,,
202073,,,,,,,,125.0,,60.0,,,,,,13.0,5.0,3.0,7.0,,,5.0,1.0,8.0,5.0,
202134,,,,,,,,1867.0,,757.0,,,,,,282.0,94.0,139.0,94.0,14.0,,118.0,4.0,231.0,21.0,9.0
202152,,,,,,,,20.0,,12.0,,,,,,3.0,1.0,1.0,,1.0,,,,0.0,1.0,
202161,,,,,,,,57.0,,24.0,,,,,,7.0,2.0,,,,,3.0,15.0,2.0,0.0,
202170,,,,,,,,219.0,,107.0,,,,,,17.0,5.0,12.0,2.0,,,15.0,12.0,24.0,3.0,
202222,,,,,,,,1495.0,,670.0,,,,,,171.0,105.0,85.0,82.0,18.0,,33.0,7.0,197.0,34.0,7.0
202356,,,,,,,,2215.0,,761.0,,,,,,203.0,201.0,58.0,72.0,,,126.0,,565.0,,
202435,,,,,,,,22.0,,10.0,,,,,,5.0,1.0,1.0,,,,0.0,1.0,3.0,,
202453,,,,,,,,4.0,,2.0,,,,,,1.0,,,,,,,,1.0,,
202480,,,,,,,,2639.0,,729.0,,,,,,471.0,87.0,549.0,138.0,11.0,,230.0,11.0,301.0,60.0,9.0
202514,,,,,,,,130.0,,50.0,,,,,,16.0,16.0,3.0,21.0,1.0,,1.0,,11.0,6.0,
202523,,,,,,,,715.0,,261.0,,,,,,123.0,20.0,29.0,37.0,10.0,,76.0,,116.0,24.0,
202648,,,,,,,,187.0,,104.0,,,,,,25.0,6.0,10.0,0.0,,,13.0,,25.0,,
202657,,,,,,,,34.0,,19.0,,,,,,3.0,4.0,1.0,1.0,,,,,5.0,,
202684,,,,,,,,45.0,,23.0,,,,,,4.0,1.0,,10.0,,,1.0,,4.0,,
202763,,,,,,,,654.0,,263.0,,,,,,74.0,19.0,29.0,59.0,17.0,,57.0,2.0,86.0,18.0,2.0
202806,,,,,,,,577.0,,293.0,,,,,,70.0,25.0,41.0,7.0,,,39.0,,23.0,4.0,
202888,,,,,,,,10.0,,4.0,,,,,,2.0,1.0,,,,,,,2.0,,
202903,,,,,,,,56.0,,26.0,,,,,,5.0,2.0,2.0,3.0,0.0,,6.0,0.0,6.0,,
202912,,,,,,,,70.0,,33.0,,,,,,11.0,,2.0,,,,,,9.0,,
202949,,,,,,,,44.0,,23.0,,,,,,7.0,,,1.0,,,1.0,,8.0,,
202985,,,,,,,,6.0,,4.0,,,,,,1.0,,,,,,,,1.0,,
203030,,,,,,,,11.0,,11.0,,,,,,,,,,,,,,,,
203067,,,,,,,,221.0,,69.0,3.0,2.0,,,,53.0,9.0,9.0,5.0,,,13.0,,30.0,,
203085,,,,,,,,255.0,,80.0,7.0,,,,,31.0,12.0,6.0,40.0,4.0,,32.0,2.0,28.0,6.0,
203128,,,,,,,,235.0,,100.0,,,,,,23.0,9.0,11.0,41.0,0.0,,8.0,1.0,26.0,,
203146,,,,,,,,52.0,,32.0,,,,,,4.0,2.0,,,,,,3.0,6.0,2.0,2.0
203155,,,,,,,,293.0,,122.0,,,,,,39.0,9.0,7.0,18.0,,,49.0,,22.0,12.0,
203234,,,,,,,,13.0,,8.0,,,,,,1.0,,,,,,,,1.0,,
203289,,,,,,,,14.0,,6.0,,,,,,2.0,1.0,,,,,,1.0,3.0,1.0,
203331,,,,,,,,196.0,,105.0,,2.0,,,,19.0,6.0,6.0,,,,5.0,,19.0,,
203368,,,,,,,,592.0,,259.0,,,,,,101.0,4.0,27.0,84.0,1.0,,13.0,,74.0,17.0,2.0
203386,,,,,,,,203.0,,117.0,,,,,,37.0,7.0,4.0,8.0,,,,,3.0,,
203438,,,,,,,,20.0,,11.0,,,,,,2.0,1.0,,,,,,3.0,3.0,,
203447,,,,,,,,117.0,,65.0,,,,,,8.0,9.0,2.0,2.0,1.0,,2.0,,14.0,3.0,
203456,,,,,,,,61.0,,33.0,,,,,,5.0,3.0,3.0,,1.0,,4.0,,9.0,1.0,
203465,,,,,,,,317.0,,168.0,,,,,,15.0,25.0,8.0,6.0,,,33.0,1.0,38.0,6.0,
203474,,,,,,,,125.0,,70.0,,,,,,6.0,9.0,2.0,3.0,1.0,,4.0,,18.0,5.0,
203483,,,,,,,,158.0,,70.0,,,,,,12.0,15.0,3.0,17.0,1.0,,16.0,0.0,16.0,1.0,
203492,,,,,,,,101.0,,67.0,,,,,,6.0,2.0,2.0,2.0,0.0,,2.0,,9.0,4.0,
203517,,,,,,,,3702.0,,1261.0,,,,,,429.0,502.0,241.0,154.0,34.0,,351.0,7.0,405.0,137.0,22.0
203526,,,,,,,,116.0,,74.0,,,,,,6.0,4.0,2.0,,,,5.0,,14.0,4.0,
203535,,,,,,,,629.0,,202.0,,,,,,78.0,96.0,1.0,33.0,8.0,,86.0,5.0,75.0,25.0,
203544,,,,,,,,121.0,,73.0,,,,,,4.0,4.0,3.0,4.0,,,4.0,4.0,18.0,,
203580,,,,,,,,160.0,,61.0,,,,,,22.0,6.0,4.0,30.0,2.0,,6.0,,9.0,12.0,
203599,,,,,,,,541.0,,260.0,,,,,,49.0,26.0,27.0,18.0,,,61.0,,78.0,,
203614,,,,,,,,165.0,,70.0,,,,,,,,,3.0,67.0,,,,,,25.0
203678,,,,,,,,289.0,,162.0,2.0,,,,,44.0,6.0,7.0,6.0,,,6.0,,20.0,,
203720,,,,,,,,28.0,,15.0,,,,,,2.0,5.0,1.0,,,,,3.0,2.0,,
203739,,,,,,,,25.0,,15.0,,,,,,2.0,4.0,,,,,,2.0,1.0,,
203748,,,,,,,,733.0,,283.0,,,,,,37.0,49.0,39.0,61.0,,,51.0,6.0,103.0,1.0,
203757,,,,,,,,199.0,,92.0,,,,,,26.0,6.0,8.0,33.0,,,,,21.0,,3.0
203775,,,,,,,,311.0,,123.0,,,,,,21.0,15.0,13.0,51.0,,,23.0,,44.0,5.0,
203845,,,,,,,,308.0,,106.0,,,,,,28.0,13.0,13.0,44.0,2.0,,37.0,1.0,34.0,8.0,1.0
203881,,,,,,,,145.0,,85.0,,,,,,20.0,6.0,5.0,,,,0.0,,25.0,,
203942,,,,,,,,22.0,,14.0,,,,,,1.0,,,,,,,,3.0,,
203960,,,,,,,,178.0,,107.0,,,,,,9.0,7.0,3.0,1.0,,,,,11.0,,
203997,,,,,,,,58.0,,25.0,,,,,,10.0,3.0,2.0,1.0,,,10.0,,2.0,,
204006,,,,,,,,250.0,,136.0,,,,,,12.0,3.0,8.0,13.0,,,14.0,,31.0,4.0,
204015,,,,,,,,190.0,,92.0,1.0,,,,,4.0,6.0,10.0,13.0,,,13.0,,24.0,4.0,
204024,,,,,,,,3337.0,,1064.0,34.0,,,,,167.0,244.0,214.0,239.0,25.0,,676.0,20.0,377.0,138.0,8.0
204060,,,,,,,,10.0,,6.0,,,,,,2.0,,,,2.0,,0.0,,,,
204121,,,,,,,,5.0,,3.0,,,,,,1.0,1.0,,,,,,,,,
204158,,,,,,,,63.0,,53.0,,,,,,5.0,2.0,,,,,,,2.0,,
204176,,,,,,,,97.0,,59.0,,,,,,9.0,5.0,4.0,1.0,1.0,,2.0,,8.0,,
204185,,,,,,,,434.0,,170.0,,,,,,34.0,19.0,23.0,40.0,1.0,,75.0,,45.0,,
204194,,,,,,,,426.0,,176.0,,,,,,53.0,24.0,17.0,48.0,4.0,,31.0,0.0,44.0,8.0,4.0
204200,,,,,,,,364.0,,134.0,,,,,,35.0,9.0,8.0,43.0,6.0,,49.0,,27.0,6.0,0.0
204255,,,,,,,,154.0,,74.0,,2.0,,,,21.0,12.0,8.0,8.0,,,2.0,1.0,14.0,3.0,
204264,,,,,,,,308.0,,119.0,,5.0,,,,50.0,5.0,6.0,28.0,5.0,,30.0,,37.0,,
204316,,,,,,,,26.0,,13.0,,,,,,5.0,,,,,,,,1.0,,
204334,,,,,,,,11.0,,8.0,,,,,,2.0,,,,,,,,1.0,,
204422,,,,,,,,224.0,,107.0,,,,,,28.0,3.0,7.0,18.0,,,14.0,1.0,17.0,1.0,
204431,,,,,,,,3.0,,2.0,,,,,,1.0,,,,,,,,,,
204440,,,,,,,,180.0,,79.0,,,,,,25.0,9.0,7.0,8.0,,,17.0,3.0,28.0,,
204459,,,,,,,,18.0,,2.0,,,,,,2.0,1.0,,,6.0,,3.0,,3.0,,
204468,,,,,,,,303.0,,108.0,,,,,,37.0,16.0,1.0,43.0,4.0,,22.0,0.0,19.0,,
204477,,,,,,,,433.0,,68.0,9.0,,,,,13.0,48.0,128.0,1.0,,,14.0,,49.0,17.0,
204486,,,,,,,,379.0,,139.0,,,,,,24.0,13.0,14.0,41.0,,,9.0,50.0,32.0,16.0,4.0
204501,,,,,,,,1109.0,,346.0,,,,,,120.0,34.0,47.0,112.0,8.0,,186.0,1.0,145.0,38.0,2.0
204608,,,,,,,,139.0,,51.0,,,,,,22.0,7.0,,1.0,,,3.0,22.0,11.0,12.0,
204617,,,,,,,,273.0,,122.0,,,,,,27.0,11.0,12.0,46.0,1.0,,14.0,1.0,15.0,,
204626,,,,,,,,37.0,,16.0,,,,,,9.0,,,7.0,,,,,1.0,,
204635,,,,,,,,565.0,,242.0,,,,,,42.0,47.0,28.0,73.0,11.0,,9.0,,94.0,,5.0
204662,,,,,,,,81.0,,41.0,,,,,,7.0,6.0,,9.0,,,1.0,,8.0,,
204671,,,,,,,,106.0,,50.0,,,,,,17.0,6.0,,9.0,,,9.0,,8.0,5.0,
204680,,,,,,,,125.0,,54.0,,,,,,14.0,13.0,2.0,5.0,,,12.0,1.0,15.0,4.0,2.0
204699,,,,,,,,129.0,,55.0,,,,,,18.0,9.0,0.0,10.0,,,16.0,,11.0,5.0,
204705,,,,,,,,168.0,,79.0,,,,,,19.0,13.0,4.0,12.0,1.0,,15.0,1.0,9.0,6.0,
204714,,,,,,,,12.0,,7.0,,,,,,,1.0,,,,,,1.0,2.0,1.0,
204723,,,,,,,,8.0,,4.0,,,,,,2.0,,,,,,,,2.0,,
204769,,,,,,,,11.0,,7.0,,,,,,1.0,1.0,,,,,,1.0,,,
204778,,,,,,,,10.0,,6.0,,,,,,1.0,1.0,,,,,,1.0,,,
204796,,,,,,,,29053.0,,4251.0,105.0,,,,,4385.0,1544.0,3561.0,793.0,6883.0,,2848.0,103.0,2860.0,571.0,224.0
204802,,,,,,,,49.0,,30.0,,,,,,4.0,,2.0,3.0,,,3.0,,4.0,1.0,
204820,,,,,,,,127.0,,83.0,,,,,,7.0,0.0,2.0,7.0,,,9.0,,12.0,3.0,
204839,,,,,,,,115.0,,75.0,,,,,,9.0,1.0,2.0,8.0,,,0.0,,13.0,2.0,
204848,,,,,,,,112.0,,71.0,,,,,,8.0,2.0,3.0,6.0,,,5.0,,11.0,3.0,
204857,,,,,,,,3880.0,,1227.0,,,,,,498.0,215.0,350.0,309.0,38.0,,410.0,,410.0,131.0,46.0
204866,,,,,,,,105.0,,64.0,,,,,,6.0,,3.0,4.0,,,8.0,,11.0,3.0,
204884,,,,,,,,19.0,,10.0,,,,,,3.0,1.0,1.0,,,,,2.0,2.0,,
204893,,,,,,,,13.0,,8.0,,,,,,1.0,,,,,,,,2.0,,
204909,,,,,,,,445.0,,174.0,,,,,,18.0,18.0,12.0,100.0,6.0,,18.0,,49.0,16.0,1.0
204936,,,,,,,,506.0,,225.0,,,,,,52.0,16.0,18.0,48.0,4.0,,23.0,,72.0,25.0,
204945,,,,,,,,703.0,,350.0,,,,,,76.0,34.0,31.0,45.0,,,34.0,,78.0,15.0,
204963,,,,,,,,8.0,,4.0,,,,,,,,,,,,,,2.0,,
204981,,,,,,,,83.0,,7.0,,,,,,7.0,1.0,1.0,5.0,0.0,,1.0,,8.0,0.0,
204990,,,,,,,,20.0,,4.0,,,,,,5.0,2.0,,4.0,,,0.0,,1.0,,
205027,,,,,,,,68.0,,29.0,,,,,,6.0,2.0,3.0,1.0,1.0,,5.0,,10.0,6.0,
205054,,,,,,,,39.0,,18.0,,,,,,7.0,4.0,1.0,1.0,,,,4.0,3.0,,
205090,,,,,,,,14.0,,9.0,,,,,,2.0,1.0,,,,,,,2.0,,
205124,,,,,,,,20.0,,7.0,,,,,,2.0,0.0,,,,,7.0,,2.0,,
205142,,,,,,,,7.0,,5.0,,,,,,1.0,,,,,,0.0,,1.0,,
205179,,,,,,,,159.0,,64.0,,,,,,21.0,3.0,,,,,,23.0,20.0,,
205203,,,,,,,,233.0,,121.0,,,,,,7.0,12.0,7.0,5.0,1.0,,8.0,7.0,52.0,11.0,
205391,,,,,,,,33.0,,13.0,,,,,,5.0,,0.0,2.0,,,,7.0,1.0,,
205443,,,,,,,,444.0,,206.0,,,,,,51.0,12.0,13.0,35.0,,,41.0,,57.0,10.0,3.0
205470,,,,,,,,1307.0,,608.0,,,,,,53.0,31.0,109.0,154.0,,,51.0,12.0,152.0,24.0,
205513,,,,,,,,9.0,,4.0,,,,,,2.0,1.0,,,,,,,1.0,,
205559,,,,,,,,22.0,,9.0,,,,,,2.0,,,,,,,,10.0,0.0,
205610,,,,,,,,38.0,,25.0,,,,,,7.0,,,,,,,,1.0,1.0,
205647,,,,,,,,16.0,,7.0,,,,,,3.0,,,,,,,,1.0,,
205841,,,,,,,,539.0,,301.0,,,,,,27.0,53.0,28.0,24.0,,,41.0,,38.0,1.0,
205887,,,,,,,,66.0,,30.0,,,,,,13.0,3.0,1.0,,,,,4.0,10.0,1.0,
205957,,,,,,,,355.0,,157.0,,,,,,37.0,12.0,12.0,25.0,1.0,,11.0,2.0,51.0,13.0,
205966,,,,,,,,201.0,,79.0,1.0,,,,,21.0,5.0,6.0,5.0,1.0,,4.0,,31.0,7.0,
206011,,,,,,,,182.0,,84.0,,,,,,33.0,12.0,3.0,2.0,,,16.0,,16.0,,
206039,,,,,,,,5.0,,4.0,,,,,,1.0,,,,,,,,,,
206048,,,,,,,,387.0,,169.0,,,,,,47.0,14.0,14.0,45.0,8.0,,38.0,28.0,12.0,8.0,1.0
206084,,,,,,,,3160.0,,866.0,84.0,189.0,,,,146.0,176.0,200.0,253.0,372.0,,255.0,3.0,274.0,99.0,12.0
206154,,,,,,,,11.0,,3.0,,,,,,1.0,1.0,,,,,,,,1.0,
206172,,,,,,,,9.0,,5.0,,,,,,,,0.0,,2.0,,,,,0.0,
206181,,,,,,,,25.0,,18.0,,,,,,2.0,,1.0,,,,,,3.0,,
206215,,,,,,,,38.0,,9.0,,,,,,11.0,3.0,1.0,0.0,,,0.0,,8.0,1.0,
206224,,,,,,,,40.0,,23.0,,,,,,4.0,2.0,,2.0,,,2.0,3.0,3.0,,
206279,,,,,,,,269.0,,135.0,,,,,,35.0,8.0,9.0,1.0,,,3.0,21.0,26.0,,
206288,,,,,,,,57.0,,20.0,,,,,,12.0,5.0,3.0,1.0,,,3.0,,11.0,,
206321,,,,,,,,36.0,,21.0,,,,,,3.0,,,,,,,,5.0,,
206330,,,,,,,,134.0,,57.0,,,,,,11.0,7.0,1.0,26.0,0.0,,6.0,,7.0,5.0,
206349,,,,,,,,221.0,,98.0,,,,,,35.0,6.0,10.0,26.0,2.0,,2.0,,32.0,4.0,
206394,,,,,,,,28.0,,14.0,,,,,,3.0,2.0,2.0,,,,,3.0,2.0,0.0,
206437,,,,,,,,411.0,,169.0,,,,,,27.0,14.0,10.0,63.0,,,31.0,,50.0,6.0,2.0
206446,,,,,,,,157.0,,98.0,,,,,,22.0,1.0,1.0,3.0,,,3.0,1.0,19.0,6.0,
206482,,,,,,,,15.0,,6.0,,,,,,4.0,,,,,,,,4.0,,
206491,,,,,,,,116.0,,37.0,1.0,8.0,,,,9.0,12.0,,6.0,,,14.0,,8.0,4.0,
206507,,,,,,,,197.0,,82.0,,,,,,8.0,16.0,10.0,24.0,2.0,,4.0,8.0,26.0,1.0,8.0
206516,,,,,,,,17.0,,6.0,,,,,,3.0,0.0,,,,,,,4.0,,
206525,,,,,,,,364.0,,135.0,,,,,,51.0,10.0,9.0,51.0,3.0,,21.0,,56.0,15.0,0.0
206589,,,,,,,,658.0,,191.0,,,,,,54.0,55.0,16.0,52.0,19.0,,133.0,1.0,44.0,31.0,8.0
206604,,,,,,,,2563.0,,1019.0,,,,,,139.0,138.0,300.0,137.0,2.0,,137.0,2.0,472.0,140.0,18.0
206622,,,,,,,,1077.0,,474.0,,,,,,80.0,77.0,40.0,119.0,11.0,,67.0,,124.0,23.0,1.0
206695,,,,,,,,1291.0,,596.0,,,,,,149.0,33.0,53.0,144.0,2.0,,60.0,0.0,153.0,19.0,14.0
206783,,,,,,,,7.0,,2.0,,,,,,1.0,2.0,,,,,,,2.0,,
206817,,,,,,,,135.0,,45.0,,,,,,8.0,9.0,2.0,31.0,,,,,17.0,,3.0
206835,,,,,,,,160.0,,59.0,,,,,,17.0,5.0,8.0,21.0,0.0,,6.0,,11.0,,
206862,,,,,,,,428.0,,183.0,,,,,,42.0,18.0,11.0,48.0,4.0,,37.0,12.0,44.0,8.0,1.0
206880,,,,,,,,5.0,,4.0,,,,,,1.0,,,,,,0.0,,0.0,,
206905,,,,,,,,46.0,,12.0,,,,,,5.0,2.0,1.0,,,,2.0,1.0,8.0,7.0,
206914,,,,,,,,503.0,,184.0,,,,,,42.0,10.0,30.0,35.0,1.0,,62.0,3.0,67.0,29.0,3.0
206923,,,,,,,,197.0,,67.0,,2.0,,,,13.0,7.0,4.0,38.0,,,18.0,1.0,22.0,2.0,
206932,,,,,,,,24.0,,10.0,,,,,,4.0,2.0,,1.0,,,0.0,2.0,2.0,,
206941,,,,,,,,1612.0,,685.0,,,,,,144.0,82.0,47.0,77.0,5.0,,65.0,3.0,341.0,42.0,11.0
206969,,,,,,,,2.0,,2.0,,,,,,,,,,,,,,,,
206996,,,,,,,,194.0,,105.0,,,,,,14.0,12.0,8.0,22.0,,,6.0,,12.0,4.0,1.0
207041,,,,,,,,445.0,,167.0,,,,,,10.0,8.0,13.0,24.0,4.0,,52.0,11.0,91.0,21.0,1.0
207050,,,,,,,,188.0,,58.0,,,,,,22.0,5.0,7.0,17.0,,,19.0,2.0,30.0,9.0,2.0
207069,,,,,,,,159.0,,58.0,,,,,,29.0,5.0,2.0,15.0,,,11.0,1.0,18.0,10.0,3.0
207087,,,,,,,,5.0,,3.0,,,,,,1.0,,,,,,,,1.0,,
207102,,,,,,,,10.0,,6.0,,,,,,1.0,1.0,,,,,,,,,
207157,,,,,,,,47.0,,26.0,,,,,,3.0,3.0,1.0,,,,2.0,6.0,3.0,2.0,
207166,,,,,,,,3.0,,1.0,,,,,,1.0,1.0,,,,,,,,,
207209,,,,,,,,303.0,,138.0,4.0,33.0,,,,45.0,2.0,7.0,11.0,2.0,,11.0,,48.0,,
207236,,,,,,,,185.0,,82.0,,,,,,2.0,1.0,5.0,5.0,,,11.0,4.0,64.0,7.0,
207254,,,,,,,,171.0,,80.0,,,,,,19.0,4.0,1.0,1.0,,,10.0,8.0,5.0,14.0,7.0
207263,,,,,,,,965.0,,359.0,2.0,10.0,,,,66.0,33.0,35.0,64.0,22.0,,103.0,8.0,133.0,51.0,6.0
207272,,,,,,,,5.0,,2.0,,,,,,1.0,1.0,,,,,,,1.0,,
207281,,,,,,,,313.0,,132.0,1.0,0.0,,,,23.0,5.0,17.0,15.0,,,37.0,,32.0,8.0,1.0
207290,,,,,,,,184.0,,74.0,,,,,,23.0,2.0,5.0,12.0,0.0,,5.0,2.0,36.0,12.0,1.0
207306,,,,,,,,272.0,,107.0,,,,,,13.0,53.0,,,,,,,62.0,37.0,
207315,,,,,,,,506.0,,61.0,9.0,70.0,,,,30.0,54.0,49.0,4.0,79.0,,8.0,,122.0,11.0,
207324,,,,,,,,380.0,,146.0,,,,,,38.0,18.0,15.0,48.0,3.0,,29.0,1.0,37.0,11.0,2.0
207342,,,,,,,,5389.0,,1356.0,,,,,,468.0,446.0,439.0,105.0,697.0,,475.0,2.0,1189.0,109.0,54.0
207351,,,,,,,,135.0,,58.0,,,,,,13.0,6.0,7.0,18.0,1.0,,1.0,4.0,7.0,3.0,1.0
207388,,,,,,,,5175.0,,1193.0,68.0,114.0,,,,160.0,348.0,526.0,408.0,64.0,,336.0,23.0,1064.0,322.0,112.0
207397,,,,,,,,414.0,,161.0,,,,,,15.0,43.0,111.0,,,,1.0,,55.0,0.0,21.0
207403,,,,,,,,378.0,,146.0,,,,,,12.0,21.0,13.0,64.0,5.0,,25.0,,56.0,16.0,
207449,,,,,,,,630.0,,274.0,,60.0,,,,64.0,15.0,20.0,14.0,,,22.0,3.0,62.0,14.0,2.0
207458,,,,,,,,569.0,,244.0,,,,,,53.0,34.0,18.0,62.0,6.0,,17.0,,79.0,19.0,7.0
207500,,,,,,,,5672.0,,1294.0,387.0,,,,,335.0,707.0,450.0,432.0,44.0,,588.0,,744.0,202.0,84.0
207537,,,,,,,,11.0,,4.0,,,,,,2.0,1.0,0.0,,,,,,1.0,,
207564,,,,,,,,361.0,,137.0,,,,,,52.0,2.0,8.0,6.0,0.0,,55.0,5.0,53.0,20.0,
207582,,,,,,,,691.0,,204.0,,,,,,79.0,37.0,34.0,100.0,8.0,,47.0,2.0,131.0,21.0,9.0
207625,,,,,,,,30.0,,14.0,,,,,,5.0,2.0,,,,,2.0,4.0,3.0,,
207661,,,,,,,,364.0,,147.0,,,,,,38.0,10.0,12.0,59.0,3.0,,21.0,,45.0,15.0,3.0
207670,,,,,,,,467.0,,199.0,,,,,,29.0,18.0,31.0,45.0,,,9.0,,91.0,35.0,
207689,,,,,,,,143.0,,57.0,,,,,,12.0,7.0,3.0,18.0,3.0,,4.0,,13.0,7.0,
207704,,,,,,,,7.0,,4.0,,,,,,,2.0,,,,,,,1.0,,
207722,,,,,,,,151.0,,50.0,,,,,,13.0,7.0,4.0,26.0,1.0,,17.0,,12.0,6.0,
207740,,,,,,,,142.0,,54.0,,,,,,19.0,1.0,3.0,24.0,,,10.0,,17.0,2.0,
207786,,,,,,,,3.0,,1.0,,,,,,1.0,,,,,,1.0,,,,
207847,,,,,,,,402.0,,143.0,,,,,,20.0,23.0,20.0,60.0,3.0,,37.0,,43.0,9.0,4.0
207856,,,,,,,,98.0,,46.0,,,,,,16.0,1.0,,10.0,1.0,,5.0,,7.0,,
207865,,,,,,,,528.0,,231.0,,,,,,30.0,23.0,15.0,29.0,7.0,,71.0,,46.0,22.0,2.0
207935,,,,,,,,1348.0,,478.0,,,,,,74.0,35.0,71.0,187.0,27.0,,80.0,4.0,192.0,43.0,10.0
207962,,,,,,,,73.0,,27.0,,,,,,9.0,1.0,,,,,,17.0,14.0,5.0,
207971,,,,,,,,1260.0,,381.0,,,,,,91.0,72.0,97.0,147.0,16.0,,97.0,5.0,177.0,38.0,6.0
208017,,,,,,,,4.0,,4.0,,,,,,,,,,,,,,,,
208026,,,,,,,,28.0,,13.0,,,,,,2.0,,1.0,,,,3.0,,2.0,,1.0
208035,,,,,,,,136.0,,40.0,,,,,,17.0,7.0,7.0,10.0,,,15.0,1.0,14.0,4.0,1.0
208044,,,,,,,,2.0,,1.0,,,,,,1.0,,,,,,,,,,
208053,,,,,,,,52.0,,20.0,,,,,,8.0,,,,,,8.0,,13.0,,
208080,,,,,,,,6.0,,5.0,,,,,,1.0,,,,,,,,,,
208123,,,,,,,,9.0,,4.0,,,,,,3.0,1.0,,,,,,,1.0,,
208187,,,,,,,,20.0,,10.0,,,,,,2.0,,,,,,,2.0,6.0,,
208239,,,,,,,,80.0,,47.0,,,,,,9.0,1.0,,1.0,,,,,4.0,,
208248,,,,,,,,16.0,,6.0,,,,,,3.0,1.0,,,,,,,6.0,,
208275,,,,,,,,216.0,,92.0,,,,,,29.0,13.0,8.0,8.0,,,9.0,,9.0,2.0,
208318,,,,,,,,426.0,,194.0,,,,,,42.0,24.0,27.0,13.0,,,33.0,1.0,61.0,3.0,1.0
208390,,,,,,,,818.0,,349.0,,,,,,98.0,,47.0,12.0,,,45.0,,127.0,13.0,
208406,,,,,,,,506.0,,217.0,,,,,,43.0,3.0,22.0,10.0,1.0,,28.0,3.0,83.0,8.0,7.0
208415,,,,,,,,118.0,,48.0,,,,,,15.0,,3.0,,,,8.0,,28.0,,
208433,,,,,,,,9.0,,6.0,,,,,,1.0,2.0,,,,,,,,,
208479,,,,,,,,55.0,,18.0,,,,,,14.0,3.0,,,,,,5.0,12.0,,
208488,,,,,,,,574.0,,202.0,,,,,,53.0,21.0,28.0,35.0,4.0,,24.0,,83.0,3.0,
208512,,,,,,,,32.0,,15.0,,,,,,2.0,5.0,1.0,,,,,3.0,4.0,,
208637,,,,,,,,29.0,,9.0,,,,,,4.0,3.0,,1.0,,,3.0,3.0,6.0,,
208646,,,,,,,,366.0,,137.0,,,,,,28.0,66.0,24.0,27.0,3.0,,22.0,1.0,41.0,9.0,1.0
208655,,,,,,,,12.0,,7.0,,,,,,1.0,,,,,,,,4.0,,
208725,,,,,,,,49.0,,19.0,,,,,,5.0,2.0,2.0,8.0,,,4.0,3.0,3.0,,
208822,,,,,,,,603.0,,310.0,,,,,,34.0,14.0,21.0,54.0,1.0,,33.0,,67.0,17.0,
208859,,,,,,,,6.0,,3.0,,,,,,1.0,,,,,,,,1.0,,
209038,,,,,,,,692.0,,309.0,2.0,,,,,66.0,84.0,40.0,13.0,3.0,,32.0,3.0,74.0,12.0,2.0
209056,,,,,,,,728.0,,315.0,,,,,,88.0,40.0,26.0,40.0,6.0,,34.0,,91.0,11.0,
209065,,,,,,,,445.0,,189.0,,,,,,37.0,27.0,30.0,35.0,4.0,,44.0,,35.0,8.0,
209074,,,,,,,,558.0,,240.0,,,,,,41.0,25.0,27.0,31.0,2.0,,28.0,3.0,73.0,8.0,2.0
209083,,,,,,,,9.0,,6.0,,,,,,1.0,,,,,,,,1.0,,
209108,,,,,,,,143.0,,72.0,,,,,,12.0,13.0,7.0,5.0,,,3.0,,12.0,2.0,
209153,,,,,,,,6.0,,3.0,,,,,,1.0,,,,,,,,2.0,,
209205,,,,,,,,9.0,,6.0,,,,,,1.0,,,,,,,,1.0,,
209241,,,,,,,,37.0,,29.0,,,,,,3.0,,0.0,,,,,,5.0,,
209250,,,,,,,,586.0,,283.0,,,,,,37.0,11.0,26.0,5.0,2.0,,36.0,2.0,125.0,10.0,2.0
209287,,,,,,,,165.0,,46.0,,,,,,20.0,7.0,7.0,12.0,,,17.0,,51.0,1.0,
209296,,,,,,,,250.0,,96.0,5.0,,,,,34.0,3.0,3.0,6.0,27.0,,16.0,1.0,38.0,,
209409,,,,,,,,128.0,,42.0,,,,,,18.0,5.0,5.0,21.0,1.0,,5.0,,15.0,,1.0
209490,,,,,,,,7494.0,,1849.0,380.0,,,,,684.0,400.0,1709.0,54.0,1208.0,,261.0,4.0,809.0,64.0,29.0
209506,,,,,,,,459.0,,215.0,,,,,,23.0,75.0,19.0,10.0,2.0,,29.0,,55.0,18.0,2.0
209533,,,,,,,,42.0,,19.0,,,,,,4.0,2.0,1.0,2.0,,,,,3.0,1.0,
209542,,,,,,,,5523.0,,1523.0,651.0,136.0,,,,289.0,444.0,382.0,395.0,138.0,,254.0,36.0,526.0,151.0,57.0
209551,,,,,,,,4627.0,,1264.0,316.0,170.0,,,,234.0,463.0,303.0,187.0,63.0,,462.0,21.0,536.0,202.0,18.0
209603,,,,,,,,137.0,,59.0,,,,,,6.0,10.0,8.0,5.0,,,4.0,,3.0,,
209612,,,,,,,,785.0,,352.0,9.0,,,,,57.0,10.0,22.0,82.0,9.0,,41.0,,150.0,14.0,
209667,,,,,,,,7.0,,4.0,,,,,,1.0,,,,,,,,2.0,,
209676,,,,,,,,12.0,,9.0,,,,,,1.0,,,,,,,,3.0,,
209694,,,,,,,,6.0,,3.0,,,,,,1.0,,,,,,,,2.0,,
209700,,,,,,,,15.0,,8.0,,,,,,2.0,,0.0,,,,,,4.0,,
209719,,,,,,,,7.0,,3.0,,,,,,1.0,1.0,,,,,,,1.0,,
209746,,,,,,,,2121.0,,879.0,,,,,,145.0,69.0,136.0,250.0,,,161.0,13.0,300.0,21.0,11.0
209807,,,,,,,,2757.0,,1096.0,102.0,59.0,,,,96.0,526.0,188.0,218.0,22.0,,48.0,4.0,211.0,72.0,
209825,,,,,,,,817.0,,328.0,,,,,,53.0,45.0,34.0,77.0,11.0,,104.0,1.0,105.0,17.0,1.0
209922,,,,,,,,510.0,,163.0,,,,,,49.0,51.0,42.0,22.0,12.0,,71.0,,44.0,11.0,
209940,,,,,,,,444.0,,205.0,,,,,,37.0,15.0,31.0,20.0,,,17.0,2.0,107.0,2.0,
209986,,,,,,,,3.0,,2.0,,,,,,,,,,,,,,1.0,,
210076,,,,,,,,205.0,,96.0,,,,,,15.0,25.0,3.0,3.0,,,3.0,32.0,10.0,,
210100,,,,,,,,9.0,,4.0,,,,,,,2.0,,,,,,,2.0,,
210146,,,,,,,,602.0,,202.0,,,,,,9.0,209.0,26.0,8.0,6.0,,36.0,2.0,62.0,21.0,
210155,,,,,,,,252.0,,93.0,,23.0,,,,36.0,2.0,13.0,1.0,,,23.0,1.0,56.0,,
210234,,,,,,,,186.0,,83.0,,,,,,17.0,3.0,8.0,2.0,,,,,23.0,11.0,
210270,,,,,,,,280.0,,103.0,1.0,,,,,39.0,6.0,15.0,,,,43.0,,66.0,,
210304,,,,,,,,113.0,,44.0,,,,,,19.0,7.0,4.0,8.0,1.0,,4.0,1.0,7.0,1.0,
210331,,,,,,,,205.0,,95.0,1.0,,,,,19.0,14.0,5.0,30.0,4.0,,,,20.0,,
210340,,,,,,,,5.0,,2.0,,,,,,2.0,,,,,,,,1.0,,
210368,,,,,,,,96.0,,36.0,,,,,,22.0,1.0,4.0,,2.0,,3.0,,24.0,,
210401,,,,,,,,678.0,,245.0,,,,,,104.0,15.0,21.0,55.0,3.0,,73.0,,48.0,19.0,6.0
210429,,,,,,,,732.0,,327.0,,,,,,29.0,118.0,27.0,25.0,5.0,,67.0,4.0,67.0,22.0,1.0
210438,,,,,,,,198.0,,58.0,,,,,,51.0,9.0,8.0,3.0,1.0,,15.0,1.0,14.0,3.0,
210456,,,,,,,,24.0,,18.0,,,,,,5.0,,,,,,,,,,
210474,,,,,,,,7.0,,3.0,,,,,,2.0,,,,,,,,,0.0,
210483,,,,,,,,35.0,,19.0,,,,,,6.0,,,,,,,,3.0,0.0,
210492,,,,,,,,104.0,,38.0,,,,,,7.0,8.0,3.0,14.0,2.0,,12.0,,6.0,0.0,
210508,,,,,,,,27.0,,13.0,,,,,,8.0,2.0,,,,,,,2.0,,
210571,,,,,,,,401.0,,146.0,,,,,,32.0,21.0,15.0,45.0,2.0,,54.0,0.0,44.0,13.0,3.0
210599,,,,,,,,37.0,,15.0,,,,,,8.0,2.0,,,,,,6.0,1.0,3.0,
210605,,,,,,,,1168.0,,588.0,,,,,,128.0,31.0,38.0,68.0,,,56.0,,192.0,28.0,
210669,,,,,,,,473.0,,185.0,,,,,,48.0,23.0,24.0,66.0,6.0,,21.0,,62.0,15.0,1.0
210711,,,,,,,,11.0,,6.0,,,,,,1.0,1.0,,,,,1.0,1.0,1.0,,
210739,,,,,,,,473.0,,194.0,,,,,,31.0,24.0,5.0,53.0,5.0,,48.0,,57.0,15.0,1.0
210748,,,,,,,,7.0,,5.0,,,,,,1.0,1.0,,,,,,,0.0,,
210775,,,,,,,,400.0,,178.0,,,,,,55.0,18.0,7.0,29.0,5.0,,31.0,,62.0,6.0,4.0
210784,,,,,,,,24.0,,14.0,,,,,,2.0,2.0,,,,,1.0,2.0,2.0,,
210809,,,,,,,,210.0,,24.0,1.0,,,,,17.0,9.0,29.0,15.0,,,11.0,30.0,25.0,1.0,2.0
210890,,,,,,,,24.0,,9.0,,,,,,2.0,,1.0,,,,1.0,2.0,1.0,,
210906,,,,,,,,22.0,,14.0,,,,,,5.0,,,,,,,,,,
210942,,,,,,,,123.0,,66.0,,,,,,13.0,2.0,4.0,,,,,,3.0,,
210951,,,,,,,,27.0,,13.0,,,,,,4.0,4.0,,,,,,2.0,1.0,,
210960,,,,,,,,82.0,,38.0,,,,,,12.0,1.0,,1.0,,,,,5.0,,
211006,,,,,,,,37.0,,16.0,,,,,,5.0,3.0,,,,,,7.0,3.0,1.0,
211024,,,,,,,,130.0,,57.0,,,,,,14.0,4.0,4.0,8.0,1.0,,6.0,,35.0,,
211079,,,,,,,,188.0,,77.0,,,,,,26.0,3.0,10.0,2.0,,,0.0,,49.0,14.0,
211088,,,,,,,,707.0,,319.0,,,,,,67.0,60.0,36.0,69.0,4.0,,33.0,,57.0,14.0,
211130,,,,,,,,33.0,,18.0,,,,,,7.0,2.0,2.0,,,,1.0,,0.0,,
211149,,,,,,,,48.0,,16.0,,,,,,12.0,,,,,,5.0,1.0,6.0,,
211158,,,,,,,,1048.0,,443.0,,,,,,35.0,151.0,33.0,41.0,10.0,,133.0,,142.0,45.0,
211200,,,,,,,,28.0,,12.0,,,,,,6.0,,,,,,,,7.0,,
211273,,,,,,,,676.0,,191.0,6.0,,,,,165.0,6.0,33.0,7.0,11.0,,115.0,,97.0,,1.0
211291,,,,,,,,1324.0,,415.0,,,,,,81.0,131.0,95.0,102.0,11.0,,185.0,,172.0,57.0,20.0
211307,,,,,,,,691.0,,314.0,,,,,,78.0,20.0,22.0,20.0,3.0,,62.0,2.0,119.0,12.0,
211316,,,,,,,,8.0,,4.0,,,,,,3.0,,,,,,,0.0,1.0,,
211334,,,,,,,,8.0,,3.0,,,,,,1.0,,,,,,,,3.0,1.0,
211343,,,,,,,,337.0,,156.0,,,,,,49.0,46.0,7.0,3.0,,,23.0,,50.0,,
211352,,,,,,,,339.0,,145.0,,,,,,48.0,16.0,6.0,36.0,,,6.0,1.0,23.0,7.0,1.0
211361,,,,,,,,736.0,,309.0,,2.0,,,,39.0,113.0,23.0,26.0,11.0,,74.0,,97.0,30.0,
211431,,,,,,,,339.0,,153.0,,,,,,46.0,14.0,13.0,17.0,2.0,,35.0,,31.0,6.0,1.0
211440,,,,,,,,4979.0,,1286.0,151.0,,,,,735.0,523.0,1084.0,231.0,35.0,,107.0,8.0,617.0,88.0,20.0
211468,,,,,,,,285.0,,119.0,,,,,,35.0,1.0,6.0,17.0,1.0,,30.0,,54.0,8.0,
211477,,,,,,,,176.0,,70.0,,,,,,25.0,6.0,5.0,27.0,,,8.0,,10.0,3.0,
211556,,,,,,,,436.0,,182.0,,,,,,53.0,43.0,13.0,23.0,,,43.0,,23.0,15.0,
211583,,,,,,,,262.0,,129.0,,,,,,41.0,9.0,5.0,15.0,4.0,,1.0,,25.0,,6.0
211608,,,,,,,,170.0,,58.0,,,,,,11.0,37.0,2.0,10.0,1.0,,18.0,,27.0,,
211617,,,,,,,,56.0,,28.0,,,,,,9.0,,,12.0,,,,,2.0,,
211635,,,,,,,,23.0,,16.0,,,,,,2.0,2.0,,,,,1.0,,2.0,,
211644,,,,,,,,610.0,,230.0,,,,,,23.0,99.0,8.0,28.0,22.0,,53.0,,89.0,33.0,
211802,,,,,,,,32.0,,21.0,,,,,,2.0,,,,,,,,4.0,,
211820,,,,,,,,18.0,,7.0,,,,,,3.0,1.0,,,,,1.0,4.0,3.0,,
211893,,,,,,,,103.0,,38.0,,,,,,4.0,17.0,,9.0,,,1.0,,9.0,1.0,
211909,,,,,,,,16.0,,12.0,,,,,,2.0,1.0,,,,,,,1.0,,
211927,,,,,,,,757.0,,360.0,,,,,,50.0,17.0,30.0,47.0,,,62.0,,98.0,8.0,
211981,,,,,,,,418.0,,140.0,,,,,,22.0,25.0,13.0,39.0,5.0,,48.0,,30.0,30.0,4.0
212009,,,,,,,,899.0,,258.0,,,,,,89.0,37.0,52.0,53.0,7.0,,169.0,,126.0,30.0,12.0
212018,,,,,,,,67.0,,22.0,,5.0,,,,12.0,5.0,2.0,4.0,,,3.0,,9.0,3.0,
212045,,,,,,,,52.0,,18.0,,,,,,9.0,2.0,1.0,1.0,,,5.0,,1.0,4.0,
212054,,,,,,,,5111.0,,1867.0,85.0,,,,,544.0,527.0,336.0,182.0,134.0,,501.0,,597.0,12.0,33.0
212106,,,,,,,,1800.0,,659.0,,,,,,96.0,261.0,91.0,65.0,6.0,,242.0,,274.0,5.0,5.0
212115,,,,,,,,700.0,,301.0,,,,,,34.0,117.0,14.0,26.0,12.0,,84.0,,76.0,26.0,
212133,,,,,,,,502.0,,244.0,,,,,,63.0,19.0,8.0,55.0,3.0,,21.0,,51.0,8.0,
212160,,,,,,,,679.0,,298.0,,,,,,31.0,86.0,12.0,32.0,10.0,,86.0,,70.0,32.0,5.0
212197,,,,,,,,469.0,,149.0,,,,,,44.0,27.0,16.0,41.0,2.0,,91.0,1.0,55.0,13.0,8.0
212230,,,,,,,,5.0,,3.0,,,,,,1.0,,,,,,,,1.0,,
212267,,,,,,,,7.0,,3.0,,,,,,2.0,,,,,,,,1.0,,
212276,,,,,,,,8.0,,5.0,,,,,,1.0,,,,,,,,2.0,,
212294,,,,,,,,6.0,,4.0,,,,,,1.0,,,,,,,,1.0,,
212300,,,,,,,,4.0,,3.0,,,,,,1.0,,,,,,,,,,
212328,,,,,,,,10.0,,7.0,,,,,,1.0,,,,,,,,1.0,,
212337,,,,,,,,9.0,,5.0,,,,,,1.0,,,,,,,,1.0,,
212355,,,,,,,,9.0,,5.0,,,,,,2.0,,,,,,,,1.0,,
212373,,,,,,,,5.0,,3.0,,,,,,1.0,,,,,,,,1.0,,
212382,,,,,,,,8.0,,5.0,,,,,,1.0,,,,,,,,1.0,,
212391,,,,,,,,8.0,,5.0,,,,,,1.0,,,,,,,,1.0,,
212434,,,,,,,,39.0,,30.0,,,,,,2.0,1.0,,,,,,,5.0,,
212443,,,,,,,,26.0,,13.0,,,,,,3.0,0.0,1.0,,,,,,2.0,1.0,
212452,,,,,,,,14.0,,5.0,,,,,,2.0,1.0,1.0,,,,,,,,
212568,,,,,,,,25.0,,17.0,,,,,,2.0,2.0,1.0,,,,,,2.0,,
212577,,,,,,,,812.0,,282.0,,,,,,62.0,104.0,36.0,54.0,,,75.0,,107.0,18.0,7.0
212601,,,,,,,,754.0,,293.0,,,,,,80.0,22.0,35.0,82.0,14.0,,62.0,1.0,110.0,18.0,2.0
212656,,,,,,,,299.0,,122.0,,,,,,38.0,11.0,9.0,23.0,3.0,,22.0,,27.0,15.0,
212674,,,,,,,,819.0,,250.0,,,,,,90.0,41.0,37.0,64.0,10.0,,154.0,,105.0,21.0,5.0
212753,,,,,,,,9.0,,4.0,,,,,,2.0,,,,,,,,1.0,,
212771,,,,,,,,33.0,,11.0,,,,,,6.0,1.0,2.0,,,,,,8.0,2.0,
212832,,,,,,,,395.0,,179.0,,,,,,36.0,11.0,14.0,37.0,7.0,,36.0,,35.0,8.0,1.0
212869,,,,,,,,259.0,,117.0,,,,,,34.0,8.0,3.0,12.0,0.0,,18.0,,18.0,5.0,
212878,,,,,,,,1421.0,,823.0,,,,,,61.0,28.0,52.0,41.0,,,111.0,17.0,185.0,,
212911,,,,,,,,527.0,,152.0,12.0,,,,,40.0,43.0,20.0,18.0,3.0,,103.0,4.0,46.0,21.0,3.0
212975,,,,,,,,32.0,,24.0,,,,,,4.0,,,,,,,,2.0,,
212984,,,,,,,,340.0,,160.0,,,,,,27.0,12.0,12.0,15.0,1.0,,32.0,,21.0,,0.0
212993,,,,,,,,15.0,,7.0,,,,,,1.0,2.0,,,,,,2.0,2.0,,
213002,,,,,,,,54.0,,25.0,,,,,,10.0,,,12.0,,,,,1.0,,
213011,,,,,,,,402.0,,155.0,,,,,,55.0,12.0,12.0,45.0,2.0,,38.0,1.0,59.0,,
213020,,,,,,,,1452.0,,642.0,18.0,,,,,77.0,197.0,16.0,73.0,16.0,,124.0,,203.0,64.0,
213163,,,,,,,,11.0,,,,,,,,1.0,0.0,,,,,,,2.0,,
213181,,,,,,,,58.0,,30.0,,,,,,6.0,1.0,2.0,1.0,,,,,3.0,2.0,
213215,,,,,,,,16.0,,9.0,,,,,,4.0,,,,,,,,,,
213233,,,,,,,,86.0,,36.0,3.0,,,,,6.0,5.0,2.0,,,,,,8.0,7.0,
213251,,,,,,,,396.0,,131.0,,,,,,48.0,18.0,24.0,48.0,4.0,,49.0,,39.0,13.0,3.0
213303,,,,,,,,256.0,,110.0,,,,,,28.0,17.0,8.0,31.0,3.0,,16.0,,22.0,,
213321,,,,,,,,430.0,,166.0,,,,,,43.0,7.0,16.0,38.0,6.0,,29.0,,35.0,43.0,12.0
213330,,,,,,,,3.0,,2.0,,,,,,,,,,,,,,1.0,,
213349,,,,,,,,953.0,,424.0,,,,,,34.0,152.0,18.0,44.0,8.0,,113.0,,113.0,30.0,
213358,,,,,,,,266.0,,101.0,,,,,,28.0,8.0,11.0,43.0,,,23.0,,36.0,,
213367,,,,,,,,814.0,,318.0,,,,,,134.0,8.0,28.0,47.0,6.0,,79.0,,79.0,19.0,5.0
213376,,,,,,,,247.0,,76.0,,,,,,58.0,12.0,7.0,10.0,4.0,,23.0,,35.0,,
213385,,,,,,,,828.0,,252.0,,,,,,82.0,43.0,50.0,89.0,13.0,,103.0,4.0,109.0,27.0,13.0
213400,,,,,,,,272.0,,129.0,,,,,,28.0,18.0,6.0,32.0,0.0,,5.0,,27.0,5.0,
213446,,,,,,,,30.0,,10.0,,,,,,3.0,1.0,,3.0,,,,,3.0,2.0,
213455,,,,,,,,9.0,,3.0,,,,,,3.0,,,,,,0.0,,2.0,,
213473,,,,,,,,27.0,,12.0,,,,,,3.0,,,,,,,3.0,2.0,,
213491,,,,,,,,4.0,,3.0,,,,,,1.0,,,,,,,,,,
213507,,,,,,,,392.0,,160.0,,,,,,43.0,9.0,16.0,35.0,4.0,,40.0,,48.0,10.0,
213525,,,,,,,,452.0,,240.0,,,,,,69.0,9.0,22.0,12.0,,,25.0,,46.0,5.0,
213534,,,,,,,,87.0,,56.0,,,,,,6.0,3.0,,,,,1.0,9.0,9.0,,
213543,,,,,,,,1822.0,,578.0,,,,,,178.0,235.0,177.0,134.0,22.0,,40.0,,277.0,59.0,16.0
213552,,,,,,,,12.0,,4.0,,,,,,1.0,2.0,,,,,,,2.0,,
213570,,,,,,,,44.0,,22.0,,,,,,14.0,,1.0,,,,1.0,,5.0,,
213589,,,,,,,,26.0,,10.0,,,,,,11.0,,,,,,,,3.0,,0.0
213598,,,,,,,,355.0,,138.0,,,,,,30.0,30.0,16.0,25.0,3.0,,30.0,,57.0,,3.0
213613,,,,,,,,515.0,,213.0,,,,,,21.0,65.0,17.0,36.0,,,58.0,,63.0,31.0,
213622,,,,,,,,7.0,,5.0,,,,,,1.0,,,,,,,,1.0,,
213631,,,,,,,,44.0,,12.0,,,,,,6.0,3.0,2.0,1.0,,,,,4.0,6.0,
213640,,,,,,,,42.0,,12.0,,,,,,8.0,2.0,2.0,1.0,,,8.0,1.0,6.0,,
213659,,,,,,,,454.0,,230.0,,,,,,34.0,4.0,14.0,20.0,,,46.0,,72.0,12.0,2.0
213668,,,,,,,,327.0,,100.0,,,,,,39.0,13.0,12.0,42.0,2.0,,53.0,1.0,35.0,10.0,2.0
213774,,,,,,,,121.0,,51.0,,,,,,6.0,3.0,2.0,4.0,1.0,,14.0,,16.0,,
213783,,,,,,,,368.0,,151.0,,,,,,18.0,51.0,11.0,33.0,,,38.0,,39.0,18.0,
213826,,,,,,,,593.0,,233.0,,,,,,51.0,30.0,22.0,41.0,6.0,,76.0,,85.0,18.0,
213871,,,,,,,,25.0,,15.0,,,,,,4.0,1.0,,,1.0,,,2.0,2.0,,
213914,,,,,,,,26.0,,13.0,,,,,,5.0,,,,,,,4.0,3.0,,
213932,,,,,,,,22.0,,15.0,,,,,,1.0,0.0,,0.0,,,,1.0,2.0,1.0,
213987,,,,,,,,464.0,,168.0,,,,,,49.0,20.0,21.0,60.0,7.0,,9.0,1.0,40.0,1.0,5.0
213996,,,,,,,,719.0,,247.0,,,,,,57.0,32.0,37.0,62.0,7.0,,118.0,,87.0,21.0,3.0
214023,,,,,,,,9.0,,5.0,,,,,,0.0,0.0,,,,,,,1.0,,
214041,,,,,,,,904.0,,360.0,,,,,,36.0,132.0,28.0,39.0,8.0,,147.0,,102.0,36.0,
214069,,,,,,,,471.0,,197.0,,,,,,32.0,19.0,18.0,49.0,2.0,,41.0,,45.0,9.0,3.0
214111,,,,,,,,717.0,,349.0,,21.0,,,,85.0,12.0,20.0,33.0,,,45.0,3.0,92.0,14.0,
214148,,,,,,,,120.0,,61.0,,,,,,9.0,6.0,2.0,8.0,1.0,,3.0,,25.0,,
214157,,,,,,,,455.0,,204.0,,,,,,55.0,13.0,21.0,27.0,1.0,,55.0,,57.0,9.0,3.0
214166,,,,,,,,245.0,,111.0,,,,,,24.0,16.0,7.0,22.0,1.0,,33.0,,18.0,,
214175,,,,,,,,612.0,,234.0,2.0,39.0,,,,59.0,8.0,20.0,44.0,,,79.0,,75.0,16.0,5.0
214254,,,,,,,,44.0,,15.0,,,,,,7.0,,,13.0,,,1.0,,1.0,,
214272,,,,,,,,346.0,,158.0,,,,,,55.0,12.0,8.0,42.0,0.0,,2.0,,36.0,,
214290,,,,,,,,66.0,,39.0,,,,,,8.0,5.0,1.0,,,,3.0,3.0,2.0,,
214379,,,,,,,,916.0,,378.0,,,,,,76.0,25.0,22.0,33.0,,,69.0,,184.0,13.0,
214476,,,,,,,,10.0,,7.0,,,,,,1.0,1.0,,,,,,,1.0,,
214528,,,,,,,,62.0,,17.0,,,,,,13.0,2.0,2.0,,,,3.0,,5.0,,
214564,,,,,,,,282.0,,104.0,9.0,,,,,9.0,31.0,13.0,3.0,5.0,,24.0,,55.0,3.0,
214582,,,,,,,,76.0,,34.0,,,,,,6.0,2.0,2.0,,,,6.0,,22.0,,
214591,,,,,,,,627.0,,296.0,7.0,,,,,44.0,13.0,18.0,45.0,5.0,,101.0,,68.0,16.0,3.0
214607,,,,,,,,88.0,,35.0,,3.0,,,,6.0,3.0,5.0,7.0,,,5.0,2.0,15.0,3.0,
214616,,,,,,,,1842.0,,1122.0,39.0,,,,,126.0,99.0,213.0,5.0,56.0,,24.0,,129.0,2.0,
214625,,,,,,,,100.0,,50.0,,1.0,,,,9.0,2.0,4.0,6.0,1.0,,9.0,,13.0,3.0,
214634,,,,,,,,77.0,,37.0,,,,,,5.0,2.0,1.0,8.0,,,9.0,,10.0,4.0,
214643,,,,,,,,96.0,,39.0,,0.0,,,,11.0,4.0,2.0,7.0,1.0,,10.0,,14.0,2.0,
214652,,,,,,,,128.0,,66.0,,,,,,11.0,2.0,1.0,12.0,1.0,,13.0,,14.0,2.0,
214661,,,,,,,,156.0,,,,,,,,56.0,74.0,10.0,2.0,,,,,11.0,3.0,
214670,,,,,,,,132.0,,58.0,,2.0,,,,12.0,4.0,5.0,14.0,1.0,,10.0,,17.0,2.0,
214689,,,,,,,,484.0,,228.0,,0.0,,,,25.0,8.0,27.0,38.0,3.0,,79.0,2.0,57.0,9.0,1.0
214698,,,,,,,,123.0,,43.0,,0.0,,,,14.0,4.0,4.0,10.0,1.0,,22.0,,15.0,3.0,
214704,,,,,,,,346.0,,166.0,,3.0,,,,27.0,9.0,17.0,22.0,0.0,,53.0,1.0,36.0,6.0,
214713,,,,,,,,601.0,,282.0,,0.0,,,,42.0,12.0,28.0,36.0,,,74.0,1.0,84.0,18.0,1.0
214731,,,,,,,,166.0,,91.0,,,,,,14.0,3.0,2.0,10.0,,,21.0,,18.0,2.0,
214740,,,,,,,,103.0,,49.0,,,,,,7.0,4.0,5.0,10.0,1.0,,10.0,,9.0,3.0,
214759,,,,,,,,111.0,,53.0,,0.0,,,,7.0,4.0,2.0,8.0,1.0,,12.0,,16.0,2.0,
214768,,,,,,,,146.0,,54.0,,1.0,,,,13.0,2.0,5.0,12.0,2.0,,31.0,1.0,15.0,6.0,
214777,,,,,,,,13672.0,,3019.0,732.0,83.0,,,,1408.0,865.0,1933.0,823.0,163.0,,1342.0,20.0,1909.0,614.0,203.0
214786,,,,,,,,129.0,,49.0,,0.0,,,,11.0,3.0,1.0,9.0,1.0,,24.0,1.0,20.0,3.0,1.0
214795,,,,,,,,153.0,,72.0,,,,,,12.0,3.0,3.0,10.0,1.0,,28.0,,17.0,5.0,
214801,,,,,,,,380.0,,199.0,,1.0,,,,26.0,12.0,7.0,31.0,3.0,,47.0,,38.0,6.0,
214810,,,,,,,,125.0,,49.0,,0.0,,,,16.0,4.0,4.0,11.0,1.0,,18.0,1.0,13.0,3.0,1.0
214829,,,,,,,,132.0,,67.0,,1.0,,,,12.0,4.0,4.0,9.0,,,12.0,,15.0,5.0,
214883,,,,,,,,147.0,,74.0,,,,,,18.0,15.0,6.0,1.0,,,7.0,,4.0,,
214892,,,,,,,,38.0,,27.0,,,,,,,2.0,,1.0,,,,2.0,3.0,3.0,
214944,,,,,,,,70.0,,18.0,,,,,,9.0,1.0,2.0,,,,20.0,5.0,12.0,,
214971,,,,,,,,138.0,,38.0,,,,,,13.0,11.0,2.0,9.0,,,,19.0,5.0,4.0,2.0
215008,,,,,,,,11.0,,5.0,,,,,,3.0,1.0,,,,,,,1.0,1.0,
215044,,,,,,,,12.0,,4.0,,,,,,2.0,1.0,,,,,0.0,2.0,1.0,,
215053,,,,,,,,61.0,,35.0,,,,,,14.0,2.0,2.0,,,,1.0,,6.0,,
215062,,,,,,,,16748.0,,2121.0,1400.0,2082.0,,,,1956.0,1467.0,2445.0,298.0,1453.0,,1117.0,7.0,1603.0,294.0,30.0
215099,,,,,,,,540.0,,252.0,,,,,,90.0,12.0,16.0,16.0,1.0,,18.0,3.0,80.0,22.0,6.0
215105,,,,,,,,472.0,,243.0,,,,,,44.0,17.0,19.0,38.0,1.0,,2.0,1.0,60.0,2.0,
215114,,,,,,,,168.0,,63.0,,,,,,23.0,8.0,5.0,11.0,1.0,,16.0,9.0,23.0,4.0,
215123,,,,,,,,386.0,,153.0,14.0,,,,,86.0,7.0,21.0,,,,11.0,,87.0,,
215132,,,,,,,,587.0,,258.0,8.0,,,,,131.0,14.0,25.0,13.0,2.0,,16.0,,70.0,46.0,
215239,,,,,,,,1128.0,,650.0,,,,,,89.0,93.0,29.0,21.0,,,40.0,,165.0,37.0,
215266,,,,,,,,210.0,,79.0,,,,,,16.0,5.0,9.0,10.0,3.0,,7.0,3.0,65.0,12.0,
215275,,,,,,,,179.0,,80.0,,,,,,13.0,3.0,5.0,7.0,1.0,,8.0,4.0,39.0,19.0,
215284,,,,,,,,326.0,,147.0,,,,,,19.0,6.0,10.0,9.0,3.0,,53.0,3.0,61.0,15.0,1.0
215293,,,,,,,,11862.0,,4209.0,879.0,55.0,,,,1029.0,295.0,1961.0,287.0,356.0,,614.0,110.0,1560.0,182.0,19.0
215309,,,,,,,,69.0,,31.0,,,,,,2.0,1.0,2.0,1.0,1.0,,8.0,,19.0,4.0,
215336,,,,,,,,6.0,,3.0,,,,,,,,,,,,,,3.0,,
215381,,,,,,,,88.0,,42.0,,,,,,10.0,6.0,,,,,4.0,3.0,1.0,,
215390,,,,,,,,17.0,,11.0,,,,,,2.0,,,,,,,,4.0,,
215415,,,,,,,,263.0,,94.0,0.0,6.0,,,,34.0,3.0,7.0,5.0,,,11.0,24.0,68.0,,
215424,,,,,,,,70.0,,17.0,,,,,,16.0,,2.0,2.0,,,9.0,,16.0,,
215442,,,,,,,,665.0,,308.0,,,,,,46.0,37.0,20.0,99.0,3.0,,14.0,,43.0,14.0,14.0
215530,,,,,,,,10.0,,5.0,,,,,,,,,,,,,,5.0,,
215585,,,,,,,,293.0,,126.0,,,,,,35.0,4.0,10.0,7.0,,,5.0,,39.0,3.0,
215594,,,,,,,,48.0,,26.0,,,,,,10.0,,1.0,,,,,,5.0,,
215619,,,,,,,,39.0,,10.0,,0.0,,,,8.0,2.0,2.0,7.0,,,1.0,,5.0,,
215628,,,,,,,,16.0,,7.0,,,,,,3.0,,1.0,0.0,,,,,1.0,,
215637,,,,,,,,65.0,,16.0,,,,,,4.0,4.0,1.0,,,,16.0,10.0,4.0,1.0,
215646,,,,,,,,28.0,,8.0,,,,,,6.0,,,9.0,,,,,1.0,,
215655,,,,,,,,698.0,,290.0,,,,,,121.0,13.0,13.0,54.0,,,62.0,,49.0,16.0,
215682,,,,,,,,68.0,,34.0,,,,,,3.0,3.0,1.0,,,,,7.0,2.0,,
215691,,,,,,,,183.0,,61.0,,,,,,36.0,1.0,1.0,22.0,1.0,,24.0,,27.0,,
215743,,,,,,,,555.0,,176.0,,,,,,45.0,21.0,15.0,67.0,10.0,,101.0,1.0,55.0,27.0,4.0
215770,,,,,,,,1060.0,,406.0,,,,,,52.0,72.0,62.0,89.0,12.0,,98.0,,88.0,32.0,4.0
215798,,,,,,,,397.0,,132.0,,,,,,38.0,22.0,9.0,78.0,7.0,,45.0,,45.0,,
215813,,,,,,,,15.0,,6.0,,,,,,4.0,1.0,,1.0,,,,,3.0,,
215886,,,,,,,,49.0,,24.0,,,,,,3.0,1.0,1.0,2.0,2.0,,,,8.0,,
215929,,,,,,,,975.0,,339.0,,1.0,,,,61.0,56.0,55.0,72.0,5.0,,111.0,2.0,138.0,75.0,2.0
215947,,,,,,,,337.0,,134.0,,,,,,31.0,21.0,10.0,51.0,1.0,,21.0,,36.0,9.0,5.0
215974,,,,,,,,42.0,,31.0,,,,,,,4.0,,,,,,,2.0,,
215983,,,,,,,,6.0,,5.0,,,,,,,1.0,,,,,,,,,
215992,,,,,,,,31.0,,22.0,,,,,,1.0,1.0,,,,,,,1.0,1.0,
216010,,,,,,,,773.0,,315.0,,,,,,43.0,104.0,24.0,36.0,9.0,,78.0,,98.0,45.0,
216038,,,,,,,,868.0,,367.0,,,,,,43.0,111.0,20.0,42.0,18.0,,81.0,,116.0,52.0,
216047,,,,,,,,70.0,,27.0,,,,,,5.0,3.0,,,0.0,,10.0,,16.0,1.0,
216074,,,,,,,,17.0,,9.0,,,,,,1.0,1.0,,,,,,,2.0,,
216083,,,,,,,,97.0,,40.0,,,,,,5.0,1.0,5.0,,,,6.0,1.0,27.0,,
216162,,,,,,,,24.0,,17.0,,,,,,2.0,1.0,1.0,,,,,,3.0,,
216223,,,,,,,,8.0,,4.0,,,,,,1.0,1.0,,,,,1.0,,1.0,,
216278,,,,,,,,490.0,,163.0,,,,,,53.0,16.0,21.0,69.0,5.0,,67.0,,64.0,17.0,1.0
216287,,,,,,,,863.0,,228.0,,,,,,102.0,33.0,53.0,44.0,8.0,,160.0,3.0,90.0,30.0,10.0
216296,,,,,,,,137.0,,76.0,,,,,,12.0,1.0,3.0,2.0,2.0,,16.0,,21.0,,
216311,,,,,,,,9.0,,6.0,,,,,,,,,,,,,,2.0,,
216339,,,,,,,,7181.0,,2760.0,,,,,,997.0,171.0,651.0,319.0,787.0,,,12.0,978.0,181.0,105.0
216348,,,,,,,,10.0,,8.0,,,,,,0.0,,,,,,,,0.0,,
216357,,,,,,,,217.0,,70.0,,,,,,25.0,1.0,4.0,34.0,1.0,,28.0,1.0,17.0,10.0,
216366,,,,,,,,2684.0,,332.0,,,,,,449.0,106.0,586.0,59.0,111.0,,294.0,1.0,577.0,131.0,8.0
216418,,,,,,,,56.0,,31.0,,,,,,4.0,4.0,0.0,,2.0,,1.0,6.0,4.0,2.0,
216427,,,,,,,,12.0,,6.0,,,,,,2.0,,,,,,,,3.0,1.0,
216436,,,,,,,,30.0,,17.0,,,,,,3.0,,,,,,,,1.0,,
216445,,,,,,,,28.0,,16.0,,,,,,2.0,,,,,,,,1.0,2.0,
216454,,,,,,,,25.0,,13.0,,,,,,2.0,,,,,,1.0,,1.0,3.0,
216463,,,,,,,,56.0,,28.0,,,,,,1.0,8.0,1.0,4.0,,,2.0,1.0,3.0,1.0,
216524,,,,,,,,381.0,,137.0,,,,,,83.0,6.0,13.0,47.0,,,14.0,,45.0,16.0,
216542,,,,,,,,121.0,,55.0,1.0,,,,,38.0,2.0,3.0,,0.0,,,,19.0,,
216551,,,,,,,,73.0,,20.0,,,,,,3.0,8.0,2.0,1.0,1.0,,8.0,3.0,3.0,14.0,
216579,,,,,,,,11.0,,5.0,,,,,,1.0,1.0,,,,,,,2.0,,
216597,,,,,,,,2327.0,,778.0,13.0,,,,,366.0,83.0,165.0,119.0,26.0,,353.0,19.0,291.0,52.0,19.0
216630,,,,,,,,15.0,,9.0,,,,,,1.0,,,,,,,,2.0,,
216649,,,,,,,,2.0,,1.0,,,,,,1.0,,,,,,,,,,
216667,,,,,,,,318.0,,127.0,,,,,,25.0,17.0,11.0,58.0,2.0,,23.0,,33.0,,
216694,,,,,,,,325.0,,131.0,,,,,,39.0,4.0,11.0,25.0,3.0,,29.0,3.0,43.0,13.0,
216746,,,,,,,,11.0,,5.0,,,,,,3.0,,,,,,,,2.0,,
216764,,,,,,,,1639.0,,776.0,,,,,,64.0,277.0,37.0,56.0,12.0,,153.0,,172.0,59.0,
216773,,,,,,,,18.0,,11.0,,,,,,,2.0,,,,,,,4.0,,
216782,,,,,,,,29.0,,14.0,,,,,,4.0,1.0,0.0,,,,2.0,,2.0,,
216807,,,,,,,,294.0,,101.0,,,,,,42.0,5.0,15.0,27.0,6.0,,40.0,,50.0,9.0,
216816,,,,,,,,84.0,,15.0,1.0,,,,,19.0,8.0,2.0,5.0,,,4.0,2.0,15.0,1.0,
216825,,,,,,,,382.0,,172.0,,,,,,61.0,4.0,13.0,10.0,,,30.0,,76.0,2.0,
216852,,,,,,,,1078.0,,417.0,,,,,,105.0,24.0,47.0,97.0,6.0,,86.0,,157.0,27.0,3.0
216931,,,,,,,,716.0,,273.0,,,,,,41.0,30.0,36.0,43.0,4.0,,62.0,,69.0,21.0,1.0
217013,,,,,,,,218.0,,86.0,,,,,,6.0,14.0,5.0,13.0,1.0,,31.0,6.0,24.0,3.0,
217040,,,,,,,,13.0,,6.0,,,,,,2.0,,,,,,4.0,,1.0,,
217059,,,,,,,,610.0,,274.0,,,,,,47.0,30.0,28.0,41.0,5.0,,75.0,9.0,58.0,11.0,7.0
217077,,,,,,,,121.0,,79.0,,,,,,6.0,,2.0,,,,,9.0,,,
217156,,,,,,,,4128.0,,869.0,433.0,,,,,522.0,250.0,439.0,148.0,71.0,,460.0,9.0,573.0,95.0,6.0
217165,,,,,,,,732.0,,212.0,2.0,,,,,71.0,53.0,27.0,72.0,4.0,,94.0,4.0,94.0,16.0,7.0
217235,,,,,,,,1424.0,,437.0,,,,,,202.0,193.0,81.0,115.0,9.0,,130.0,12.0,109.0,39.0,37.0
217305,,,,,,,,413.0,,211.0,,,,,,27.0,12.0,11.0,7.0,,,3.0,,75.0,,
217323,,,,,,,,48.0,,28.0,,,,,,5.0,,,,,,,9.0,4.0,,2.0
217350,,,,,,,,3.0,,1.0,,,,,,,2.0,,,,,,,,0.0,
217402,,,,,,,,910.0,,355.0,,,,,,108.0,75.0,35.0,83.0,12.0,,53.0,,112.0,10.0,7.0
217420,,,,,,,,995.0,,478.0,,,,,,53.0,26.0,37.0,36.0,4.0,,155.0,,112.0,16.0,
217475,,,,,,,,921.0,,482.0,,,,,,60.0,129.0,23.0,5.0,1.0,,52.0,,147.0,22.0,
217484,,,,,,,,2685.0,,858.0,19.0,,,,,63.0,125.0,373.0,92.0,46.0,,387.0,7.0,345.0,95.0,21.0
217493,,,,,,,,854.0,,266.0,,,,,,113.0,44.0,26.0,41.0,2.0,,150.0,11.0,117.0,54.0,3.0
217518,,,,,,,,926.0,,321.0,,,,,,126.0,23.0,45.0,32.0,5.0,,192.0,0.0,92.0,27.0,7.0
217536,,,,,,,,458.0,,176.0,,,,,,50.0,15.0,22.0,43.0,4.0,,28.0,,55.0,15.0,3.0
217572,,,,,,,,16.0,,14.0,,,,,,1.0,,,,,,,,,,
217581,,,,,,,,13.0,,9.0,,,,,,2.0,,,,,,,,1.0,,
217606,,,,,,,,81.0,,22.0,,,,,,1.0,4.0,2.0,,,,21.0,5.0,4.0,9.0,
217615,,,,,,,,204.0,,105.0,,,,,,18.0,9.0,9.0,15.0,1.0,,1.0,,26.0,3.0,
217624,,,,,,,,93.0,,39.0,,,,,,18.0,5.0,,3.0,,,8.0,,8.0,,
217633,,,,,,,,407.0,,193.0,,,,,,34.0,10.0,11.0,54.0,3.0,,20.0,,44.0,15.0,9.0
217688,,,,,,,,469.0,,244.0,3.0,,,,,27.0,14.0,16.0,25.0,8.0,,22.0,20.0,38.0,7.0,
217712,,,,,,,,185.0,,76.0,,,,,,19.0,10.0,5.0,22.0,,,6.0,,24.0,5.0,
217721,,,,,,,,494.0,,138.0,,,,,,71.0,2.0,11.0,48.0,1.0,,69.0,,60.0,8.0,15.0
217749,,,,,,,,1065.0,,217.0,1.0,,,,,55.0,34.0,53.0,182.0,3.0,,70.0,6.0,242.0,28.0,61.0
217776,,,,,,,,248.0,,84.0,,,,,,37.0,15.0,9.0,32.0,2.0,,10.0,,32.0,5.0,
217794,,,,,,,,18.0,,3.0,,,,,,3.0,2.0,,,,,5.0,,2.0,,
217819,,,,,,,,1702.0,,652.0,,,,,,167.0,98.0,124.0,99.0,5.0,,133.0,,307.0,61.0,1.0
217828,,,,,,,,5.0,,3.0,,,,,,1.0,,,,,,,,1.0,,
217837,,,,,,,,113.0,,50.0,,,,,,11.0,5.0,4.0,19.0,,,7.0,,13.0,2.0,
217864,,,,,,,,688.0,,229.0,,,,,,94.0,14.0,35.0,49.0,8.0,,31.0,,97.0,49.0,17.0
217873,,,,,,,,382.0,,147.0,,,,,,51.0,8.0,16.0,37.0,2.0,,31.0,1.0,60.0,,2.0
217882,,,,,,,,4935.0,,1203.0,169.0,14.0,,,,233.0,417.0,744.0,354.0,66.0,,333.0,3.0,655.0,371.0,16.0
217891,,,,,,,,54.0,,17.0,,,,,,6.0,1.0,,2.0,,,,,3.0,,
217907,,,,,,,,186.0,,83.0,,,,,,20.0,8.0,3.0,26.0,,,6.0,2.0,20.0,,
217925,,,,,,,,173.0,,48.0,,,,,,26.0,7.0,9.0,15.0,,,16.0,,32.0,7.0,
217934,,,,,,,,233.0,,96.0,,,,,,27.0,5.0,9.0,31.0,2.0,,10.0,1.0,30.0,,
217961,,,,,,,,204.0,,82.0,1.0,,,,,13.0,6.0,6.0,27.0,,,20.0,,45.0,,
217989,,,,,,,,116.0,,33.0,,,,,,11.0,14.0,3.0,18.0,1.0,,8.0,3.0,22.0,,
217998,,,,,,,,132.0,,51.0,,,,,,22.0,3.0,1.0,26.0,1.0,,2.0,,9.0,,
218025,,,,,,,,322.0,,166.0,,,,,,46.0,19.0,22.0,12.0,,,3.0,,38.0,10.0,4.0
218043,,,,,,,,20.0,,10.0,,,,,,1.0,2.0,,,,,2.0,,3.0,1.0,
218061,,,,,,,,545.0,,230.0,,,,,,49.0,18.0,17.0,47.0,2.0,,74.0,,40.0,20.0,4.0
218070,,,,,,,,864.0,,269.0,,,,,,71.0,70.0,34.0,105.0,14.0,,113.0,,109.0,34.0,1.0
218113,,,,,,,,933.0,,485.0,,,,,,57.0,64.0,36.0,61.0,9.0,,58.0,0.0,85.0,25.0,2.0
218140,,,,,,,,428.0,,223.0,,,,,,30.0,15.0,21.0,29.0,,,30.0,,58.0,11.0,2.0
218159,,,,,,,,13.0,,8.0,,,,,,1.0,,,,,,,,2.0,,
218195,,,,,,,,13.0,,8.0,,,,,,1.0,,,,,,,,2.0,,
218229,,,,,,,,437.0,,156.0,,,,,,31.0,45.0,18.0,17.0,3.0,,17.0,1.0,31.0,57.0,8.0
218238,,,,,,,,360.0,,90.0,,16.0,,,,57.0,4.0,8.0,51.0,2.0,,,4.0,20.0,44.0,
218335,,,,,,,,3051.0,,315.0,1025.0,,,,,672.0,143.0,146.0,15.0,135.0,,164.0,,295.0,104.0,35.0
218353,,,,,,,,853.0,,387.0,,,,,,77.0,66.0,55.0,69.0,5.0,,20.0,,123.0,14.0,3.0
218399,,,,,,,,181.0,,45.0,,,,,,21.0,2.0,6.0,7.0,1.0,,49.0,,35.0,1.0,1.0
218414,,,,,,,,195.0,,77.0,,,,,,39.0,8.0,,46.0,0.0,,,,10.0,,
218441,,,,,,,,424.0,,177.0,,,,,,41.0,,10.0,49.0,1.0,,54.0,,39.0,,
218487,,,,,,,,221.0,,105.0,,,,,,15.0,8.0,9.0,13.0,,,18.0,,30.0,6.0,
218520,,,,,,,,337.0,,164.0,,,,,,16.0,25.0,16.0,34.0,,,6.0,,61.0,11.0,
218539,,,,,,,,297.0,,110.0,,,,,,27.0,4.0,11.0,64.0,4.0,,9.0,1.0,43.0,11.0,
218645,,,,,,,,417.0,,200.0,,,,,,41.0,8.0,11.0,50.0,8.0,,24.0,0.0,49.0,5.0,0.0
218654,,,,,,,,274.0,,115.0,,,,,,25.0,3.0,12.0,40.0,,,25.0,,34.0,7.0,1.0
218663,,,,,,,,6538.0,,1916.0,63.0,20.0,,,,786.0,161.0,424.0,750.0,197.0,,418.0,5.0,1208.0,235.0,83.0
218672,,,,,,,,121.0,,64.0,,,,,,6.0,0.0,2.0,11.0,0.0,,15.0,,18.0,2.0,
218681,,,,,,,,81.0,,30.0,,,,,,8.0,,1.0,14.0,,,9.0,,13.0,2.0,
218690,,,,,,,,91.0,,43.0,,,,,,9.0,1.0,0.0,8.0,1.0,,7.0,,15.0,1.0,
218706,,,,,,,,48.0,,22.0,,,,,,2.0,,1.0,7.0,,,3.0,,9.0,1.0,
218724,,,,,,,,1378.0,,522.0,,,,,,119.0,54.0,64.0,143.0,23.0,,172.0,0.0,154.0,49.0,22.0
218733,,,,,,,,558.0,,153.0,17.0,24.0,,,,44.0,24.0,22.0,113.0,7.0,,38.0,,75.0,,
218742,,,,,,,,683.0,,304.0,,,,,,38.0,12.0,20.0,88.0,7.0,,66.0,,94.0,15.0,2.0
218751,,,,,,,,93.0,,35.0,3.0,,,,,5.0,2.0,3.0,1.0,,,5.0,2.0,34.0,,
218821,,,,,,,,111.0,,35.0,,,,,,27.0,2.0,2.0,19.0,1.0,,7.0,,8.0,3.0,
218830,,,,,,,,399.0,,176.0,,,,,,29.0,17.0,23.0,39.0,2.0,,22.0,,55.0,12.0,2.0
218858,,,,,,,,268.0,,130.0,,,,,,19.0,10.0,11.0,23.0,3.0,,26.0,,36.0,6.0,1.0
218867,,,,,,,,3.0,,1.0,,,,,,1.0,0.0,,,,,,,1.0,0.0,
218885,,,,,,,,472.0,,218.0,,,,,,34.0,27.0,27.0,50.0,6.0,,14.0,,69.0,4.0,2.0
218894,,,,,,,,889.0,,412.0,,,,,,64.0,49.0,49.0,68.0,6.0,,34.0,,170.0,22.0,3.0
218919,,,,,,,,140.0,,40.0,1.0,,,,,18.0,12.0,5.0,4.0,1.0,,28.0,,9.0,4.0,2.0
218955,,,,,,,,75.0,,28.0,,,,,,12.0,3.0,2.0,9.0,,,1.0,,11.0,5.0,
218964,,,,,,,,919.0,,356.0,,,,,,69.0,34.0,40.0,134.0,12.0,,91.0,2.0,118.0,25.0,15.0
218973,,,,,,,,431.0,,143.0,,,,,,57.0,19.0,13.0,53.0,3.0,,65.0,,47.0,18.0,
218991,,,,,,,,399.0,,189.0,,,,,,11.0,21.0,17.0,9.0,,,23.0,,28.0,14.0,1.0
219000,,,,,,,,412.0,,158.0,,7.0,,,,60.0,10.0,13.0,41.0,2.0,,49.0,,45.0,12.0,1.0
219037,,,,,,,,16.0,,7.0,,,,,,3.0,1.0,,,,,,,5.0,,
219046,,,,,,,,402.0,,143.0,,,,,,71.0,31.0,18.0,36.0,0.0,,38.0,2.0,42.0,9.0,1.0
219082,,,,,,,,284.0,,114.0,,,,,,63.0,13.0,18.0,11.0,1.0,,22.0,1.0,30.0,5.0,1.0
219091,,,,,,,,186.0,,84.0,,,,,,21.0,9.0,4.0,25.0,,,14.0,,13.0,,3.0
219125,,,,,,,,12.0,,7.0,,,,,,1.0,1.0,,0.0,,,,2.0,,,
219143,,,,,,,,210.0,,121.0,,,,,,11.0,3.0,10.0,2.0,,,23.0,12.0,20.0,,
219170,,,,,,,,2.0,,2.0,,,,,,,,,,,,,,0.0,,
219189,,,,,,,,125.0,,75.0,,,,,,12.0,7.0,5.0,7.0,,,9.0,0.0,1.0,,
219198,,,,,,,,147.0,,62.0,,,,,,18.0,8.0,4.0,15.0,,,17.0,,12.0,,
219204,,,,,,,,383.0,,119.0,,,,,,71.0,17.0,22.0,2.0,2.0,,,,20.0,,
219213,,,,,,,,23.0,,13.0,,,,,,3.0,,,,,,,,1.0,,
219240,,,,,,,,26.0,,6.0,,,,,,1.0,1.0,,1.0,13.0,,,,1.0,,
219259,,,,,,,,365.0,,106.0,,,,,,42.0,19.0,15.0,50.0,,,40.0,3.0,48.0,9.0,5.0
219277,,,,,,,,205.0,,65.0,1.0,,,,,31.0,7.0,3.0,4.0,,,14.0,,28.0,,
219295,,,,,,,,152.0,,56.0,,,,,,20.0,13.0,4.0,28.0,2.0,,12.0,,8.0,,
219338,,,,,,,,1.0,,1.0,,,,,,,,,,,,,,,,
219347,,,,,,,,422.0,,157.0,,,,,,64.0,25.0,53.0,24.0,3.0,,33.0,,45.0,9.0,
219356,,,,,,,,1906.0,,599.0,96.0,115.0,,,,183.0,100.0,115.0,153.0,24.0,,153.0,3.0,228.0,63.0,22.0
219374,,,,,,,,157.0,,44.0,,,,,,25.0,10.0,5.0,18.0,,,15.0,3.0,19.0,7.0,3.0
219383,,,,,,,,190.0,,84.0,,,,,,21.0,12.0,5.0,32.0,1.0,,13.0,0.0,15.0,,
219392,,,,,,,,14.0,,7.0,,,,,,2.0,,,,5.0,,,,,,
219408,,,,,,,,43.0,,11.0,,,,,,5.0,6.0,4.0,1.0,1.0,,8.0,1.0,3.0,,
219426,,,,,,,,215.0,,131.0,0.0,,,,,19.0,3.0,6.0,9.0,,,29.0,1.0,14.0,1.0,
219453,,,,,,,,11.0,,8.0,,,,,,2.0,,,,,,,,1.0,,
219471,,,,,,,,1421.0,,504.0,,,,,,189.0,103.0,100.0,103.0,4.0,,122.0,,205.0,22.0,2.0
219480,,,,,,,,117.0,,59.0,,7.0,,,,5.0,5.0,2.0,,,,4.0,,6.0,,
219505,,,,,,,,22.0,,9.0,,,,,,3.0,2.0,,0.0,0.0,,1.0,,3.0,0.0,
219578,,,,,,,,99.0,,41.0,,,,,,18.0,7.0,0.0,6.0,,,1.0,,9.0,1.0,
219587,,,,,,,,7.0,,4.0,,,,,,2.0,,0.0,,,,0.0,,0.0,,
219596,,,,,,,,24.0,,13.0,,,,,,5.0,1.0,,1.0,,,1.0,,2.0,,
219602,,,,,,,,1052.0,,463.0,,,,,,33.0,9.0,19.0,210.0,16.0,,58.0,1.0,156.0,32.0,3.0
219639,,,,,,,,136.0,,65.0,,,,,,21.0,5.0,5.0,,,,15.0,,24.0,,
219709,,,,,,,,1085.0,,504.0,,,,,,91.0,47.0,28.0,88.0,3.0,,117.0,3.0,115.0,24.0,3.0
219718,,,,,,,,673.0,,285.0,,,,,,20.0,15.0,13.0,51.0,9.0,,74.0,46.0,49.0,,
219790,,,,,,,,234.0,,81.0,,,,,,4.0,13.0,8.0,20.0,,,7.0,9.0,10.0,20.0,
219806,,,,,,,,362.0,,157.0,,,,,,9.0,26.0,12.0,54.0,6.0,,16.0,,50.0,23.0,
219824,,,,,,,,768.0,,348.0,,1.0,,,,27.0,15.0,38.0,79.0,18.0,,68.0,,94.0,13.0,2.0
219833,,,,,,,,294.0,,134.0,,,,,,18.0,8.0,15.0,14.0,0.0,,22.0,2.0,30.0,9.0,
219842,,,,,,,,54.0,,19.0,,,,,,4.0,3.0,1.0,1.0,,,1.0,,12.0,3.0,
219851,,,,,,,,3.0,,2.0,,,,,,0.0,0.0,0.0,,,,,,0.0,,
219879,,,,,,,,242.0,,114.0,,,,,,7.0,3.0,6.0,,8.0,,11.0,,39.0,4.0,
219888,,,,,,,,330.0,,176.0,,,,,,26.0,7.0,8.0,22.0,,,20.0,,50.0,3.0,
219903,,,,,,,,118.0,,45.0,,,,,,29.0,8.0,,,,,1.0,9.0,22.0,,
219921,,,,,,,,18.0,,11.0,,,,,,1.0,,,,,,1.0,,5.0,,
219949,,,,,,,,192.0,,91.0,,,,,,11.0,15.0,7.0,32.0,,,,,6.0,,
219976,,,,,,,,921.0,,327.0,4.0,1.0,,,,62.0,46.0,27.0,97.0,3.0,,125.0,,94.0,24.0,2.0
219994,,,,,,,,55.0,,32.0,,,,,,8.0,3.0,,,,,3.0,,9.0,,
220002,,,,,,,,32.0,,12.0,,,,,,2.0,,,,,,,,14.0,1.0,
220057,,,,,,,,250.0,,89.0,,,,,,16.0,2.0,10.0,57.0,,,21.0,,50.0,2.0,
220075,,,,,,,,2416.0,,872.0,34.0,48.0,,,,323.0,146.0,61.0,195.0,35.0,,169.0,,418.0,60.0,19.0
220118,,,,,,,,43.0,,18.0,,,,,,2.0,1.0,,,,,4.0,5.0,7.0,2.0,
220127,,,,,,,,38.0,,22.0,,,,,,2.0,1.0,,,,,2.0,,9.0,,
220163,,,,,,,,7.0,,3.0,,,,,,1.0,2.0,,,,,,,1.0,,
220181,,,,,,,,200.0,,64.0,14.0,,,,,37.0,5.0,6.0,15.0,1.0,,18.0,1.0,35.0,,
220206,,,,,,,,58.0,,28.0,,,,,,9.0,2.0,2.0,2.0,,,,1.0,6.0,2.0,
220215,,,,,,,,289.0,,110.0,,,,,,30.0,15.0,5.0,33.0,,,43.0,1.0,29.0,6.0,1.0
220251,,,,,,,,24.0,,15.0,,,,,,2.0,3.0,,,,,,,4.0,,
220279,,,,,,,,31.0,,20.0,,,,,,2.0,,,,,,,,4.0,1.0,
220312,,,,,,,,66.0,,22.0,,,,,,10.0,3.0,1.0,10.0,,,10.0,,6.0,0.0,
220321,,,,,,,,29.0,,19.0,,,,,,2.0,,,,,,1.0,,5.0,,
220394,,,,,,,,20.0,,12.0,,,,,,2.0,,,,,,0.0,,4.0,1.0,
220400,,,,,,,,277.0,,127.0,,,,,,18.0,3.0,4.0,50.0,5.0,,19.0,,45.0,6.0,
220464,,,,,,,,11.0,,5.0,,,,,,1.0,3.0,,,,,,,1.0,,
220473,,,,,,,,185.0,,68.0,,,,,,18.0,8.0,7.0,16.0,1.0,,11.0,,25.0,10.0,
220491,,,,,,,,20.0,,8.0,,,,,,4.0,2.0,,,,,,2.0,4.0,,
220516,,,,,,,,355.0,,163.0,,,,,,34.0,6.0,8.0,36.0,5.0,,21.0,25.0,40.0,6.0,
220552,,,,,,,,287.0,,144.0,,,,,,35.0,5.0,8.0,,,,6.0,,75.0,,
220598,,,,,,,,202.0,,70.0,,,,,,13.0,5.0,2.0,21.0,2.0,,48.0,,26.0,6.0,
220604,,,,,,,,165.0,,76.0,,,,,,7.0,21.0,2.0,11.0,,,1.0,,14.0,3.0,0.0
220613,,,,,,,,669.0,,275.0,,,,,,83.0,10.0,24.0,34.0,9.0,,80.0,,111.0,10.0,4.0
220631,,,,,,,,802.0,,286.0,,,,,,129.0,13.0,14.0,38.0,18.0,,90.0,,157.0,28.0,2.0
220640,,,,,,,,30.0,,21.0,,,,,,1.0,,,,,,,,4.0,2.0,
220701,,,,,,,,117.0,,59.0,,,,,,6.0,9.0,2.0,15.0,3.0,,2.0,4.0,13.0,,
220710,,,,,,,,301.0,,100.0,,,,,,35.0,13.0,6.0,45.0,5.0,,37.0,2.0,29.0,14.0,
220756,,,,,,,,19.0,,10.0,,,,,,3.0,,,,,,1.0,,5.0,,
220765,,,,,,,,34.0,,16.0,,,,,,3.0,5.0,1.0,,,,,5.0,2.0,,
220792,,,,,,,,802.0,,201.0,,,,,,144.0,49.0,56.0,41.0,149.0,,45.0,,114.0,,
220808,,,,,,,,129.0,,62.0,,,,,,9.0,1.0,4.0,6.0,,,18.0,9.0,5.0,4.0,
220853,,,,,,,,83.0,,42.0,,,,,,3.0,4.0,,,6.0,,2.0,,16.0,,
220862,,,,,,,,2741.0,,1036.0,41.0,,,,,177.0,144.0,201.0,121.0,12.0,,275.0,,272.0,94.0,9.0
220871,,,,,,,,34.0,,14.0,,,,,,,3.0,1.0,,,,,,3.0,4.0,
220978,,,,,,,,2284.0,,1009.0,27.0,,,,,169.0,72.0,86.0,129.0,25.0,,151.0,2.0,478.0,57.0,22.0
220996,,,,,,,,32.0,,18.0,,,,,,,2.0,1.0,1.0,,,,,8.0,,
221050,,,,,,,,61.0,,39.0,,,,,,2.0,6.0,,1.0,1.0,,1.0,,12.0,,
221096,,,,,,,,322.0,,171.0,,,,,,7.0,3.0,6.0,47.0,16.0,,14.0,,42.0,5.0,
221102,,,,,,,,44.0,,29.0,,,,,,3.0,3.0,,,,,1.0,,3.0,,
221148,,,,,,,,150.0,,60.0,,,,,,42.0,1.0,1.0,,,,11.0,,25.0,,1.0
221157,,,,,,,,9.0,,5.0,,,,,,2.0,1.0,,,,,,,1.0,,
221184,,,,,,,,470.0,,249.0,,,,,,26.0,2.0,8.0,50.0,24.0,,22.0,,81.0,8.0,
221236,,,,,,,,29.0,,19.0,,,,,,3.0,1.0,,,,,1.0,,4.0,,
221254,,,,,,,,43.0,,24.0,,,,,,3.0,3.0,1.0,3.0,,,1.0,1.0,2.0,1.0,
221281,,,,,,,,31.0,,19.0,,,,,,2.0,1.0,,,,,1.0,,7.0,,
221333,,,,,,,,36.0,,22.0,,,,,,1.0,4.0,,,,,1.0,,8.0,,
221351,,,,,,,,507.0,,204.0,,,,,,55.0,22.0,15.0,53.0,5.0,,82.0,,33.0,14.0,3.0
221388,,,,,,,,17.0,,10.0,,,,,,1.0,1.0,,,,,,,2.0,1.0,
221397,,,,,,,,343.0,,178.0,,,,,,7.0,2.0,5.0,,12.0,,16.0,,65.0,7.0,
221430,,,,,,,,24.0,,14.0,,,,,,3.0,,,,,,,,6.0,1.0,
221485,,,,,,,,737.0,,298.0,,,,,,32.0,102.0,19.0,3.0,26.0,,63.0,,172.0,9.0,2.0
221494,,,,,,,,43.0,,30.0,,,,,,2.0,5.0,1.0,,,,1.0,,1.0,,
221519,,,,,,,,691.0,,187.0,1.0,,,,,78.0,33.0,14.0,47.0,7.0,,147.0,1.0,105.0,32.0,6.0
221582,,,,,,,,25.0,,15.0,,,,,,3.0,,,,,,2.0,,5.0,,
221591,,,,,,,,32.0,,20.0,,,,,,2.0,1.0,,2.0,,,3.0,,5.0,,
221607,,,,,,,,21.0,,13.0,,,,,,2.0,,,,,,0.0,,3.0,,
221616,,,,,,,,53.0,,31.0,,,,,,8.0,,1.0,,,,,,12.0,1.0,
221625,,,,,,,,72.0,,36.0,,,,,,3.0,1.0,2.0,0.0,5.0,,4.0,,8.0,7.0,
221634,,,,,,,,20.0,,12.0,,,,,,1.0,2.0,,,,,1.0,,5.0,,
221643,,,,,,,,699.0,,340.0,,2.0,,,,13.0,3.0,8.0,97.0,61.0,,17.0,,139.0,14.0,2.0
221661,,,,,,,,476.0,,141.0,1.0,,,,,84.0,11.0,17.0,75.0,3.0,,34.0,14.0,55.0,24.0,7.0
221670,,,,,,,,178.0,,54.0,,,,,,22.0,,5.0,3.0,7.0,,20.0,,53.0,4.0,5.0
221731,,,,,,,,137.0,,57.0,,,,,,7.0,10.0,4.0,27.0,,,,,22.0,,
221740,,,,,,,,1436.0,,538.0,3.0,,,,,161.0,66.0,69.0,106.0,9.0,,162.0,3.0,225.0,38.0,10.0
221759,,,,,,,,7801.0,,1599.0,134.0,64.0,,,,629.0,395.0,877.0,277.0,73.0,,1633.0,1.0,1063.0,393.0,101.0
221768,,,,,,,,845.0,,346.0,,5.0,,,,77.0,47.0,38.0,44.0,7.0,,92.0,,124.0,28.0,8.0
221795,,,,,,,,18.0,,10.0,,,,,,3.0,2.0,1.0,,,,,1.0,,1.0,
221829,,,,,,,,29.0,,24.0,,,,,,,3.0,,,,,2.0,,,,
221838,,,,,,,,1284.0,,363.0,32.0,2.0,,,,120.0,20.0,15.0,288.0,21.0,,113.0,3.0,234.0,48.0,3.0
221847,,,,,,,,1277.0,,512.0,1.0,10.0,,,,75.0,70.0,92.0,115.0,12.0,,63.0,1.0,213.0,53.0,1.0
221892,,,,,,,,374.0,,139.0,,,,,,40.0,22.0,22.0,21.0,,,19.0,,87.0,13.0,
221908,,,,,,,,474.0,,202.0,,,,,,9.0,21.0,30.0,62.0,1.0,,33.0,,90.0,13.0,2.0
221953,,,,,,,,340.0,,103.0,,,,,,30.0,21.0,8.0,74.0,5.0,,24.0,1.0,32.0,10.0,
221971,,,,,,,,547.0,,290.0,,,,,,45.0,11.0,20.0,25.0,2.0,,43.0,9.0,53.0,,
221999,,,,,,,,5755.0,,1299.0,297.0,,,,,783.0,541.0,720.0,179.0,16.0,,830.0,56.0,635.0,90.0,58.0
222026,,,,,,,,3.0,,3.0,,,,,,,,,,,,,,,,
222053,,,,,,,,561.0,,269.0,,,,,,6.0,4.0,10.0,89.0,9.0,,32.0,1.0,118.0,11.0,
222062,,,,,,,,494.0,,229.0,,,,,,16.0,52.0,7.0,38.0,14.0,,38.0,,73.0,13.0,2.0
222099,,,,,,,,23.0,,10.0,,,,,,3.0,2.0,1.0,,,,,,1.0,,
222105,,,,,,,,26.0,,14.0,,,,,,2.0,,,,,,1.0,,0.0,1.0,
222178,,,,,,,,861.0,,285.0,,7.0,,,,100.0,39.0,25.0,84.0,4.0,,53.0,3.0,207.0,14.0,
222497,,,,,,,,536.0,,,,,,,,46.0,138.0,89.0,13.0,1.0,,10.0,,97.0,6.0,2.0
222567,,,,,,,,387.0,,191.0,2.0,,,,,24.0,3.0,11.0,11.0,,,37.0,4.0,55.0,8.0,
222576,,,,,,,,644.0,,261.0,,,,,,70.0,3.0,23.0,26.0,,,90.0,,153.0,,11.0
222628,,,,,,,,55.0,,26.0,,,,,,15.0,,,,,,1.0,,10.0,,
222822,,,,,,,,371.0,,208.0,2.0,8.0,,,,4.0,10.0,8.0,19.0,,,22.0,4.0,29.0,19.0,
222831,,,,,,,,818.0,,323.0,,,,,,59.0,37.0,45.0,95.0,,,29.0,7.0,119.0,40.0,7.0
222877,,,,,,,,42.0,,19.0,,,,,,5.0,1.0,,5.0,,,3.0,,6.0,1.0,
222886,,,,,,,,20.0,,11.0,,,,,,3.0,,,,,,,2.0,2.0,,
222938,,,,,,,,130.0,,66.0,,,,,,11.0,2.0,,,,,,,8.0,,
222983,,,,,,,,299.0,,107.0,,,,,,40.0,13.0,12.0,36.0,,,20.0,,44.0,14.0,
222992,,,,,,,,2515.0,,948.0,,,,,,170.0,99.0,171.0,79.0,2.0,,133.0,,420.0,57.0,
223001,,,,,,,,63.0,,21.0,0.0,,,,,4.0,8.0,4.0,2.0,,,1.0,,10.0,5.0,
223056,,,,,,,,10.0,,5.0,,,,,,1.0,3.0,,,,,,,1.0,,
223083,,,,,,,,77.0,,48.0,,,,,,12.0,4.0,1.0,,1.0,,,,4.0,,
223117,,,,,,,,15.0,,8.0,,,,,,,2.0,,,,,,,2.0,,
223223,,,,,,,,7214.0,,2862.0,1086.0,,,,,640.0,195.0,318.0,,707.0,,192.0,,1214.0,,
223232,,,,,,,,2827.0,,1123.0,14.0,,,,,543.0,193.0,221.0,97.0,43.0,,91.0,6.0,290.0,4.0,7.0
223320,,,,,,,,269.0,,102.0,,3.0,,,,38.0,7.0,6.0,8.0,,,27.0,,23.0,6.0,1.0
223427,,,,,,,,890.0,,477.0,,,,,,75.0,17.0,26.0,21.0,2.0,,72.0,,108.0,,4.0
223463,,,,,,,,80.0,,41.0,,,,,,15.0,3.0,2.0,,,,,8.0,10.0,,
223472,,,,,,,,22.0,,11.0,,,,,,4.0,,,,,,,3.0,4.0,,
223506,,,,,,,,369.0,,149.0,2.0,4.0,,,,34.0,6.0,15.0,21.0,,,32.0,0.0,71.0,8.0,
223524,,,,,,,,616.0,,288.0,,,,,,64.0,10.0,12.0,44.0,2.0,,19.0,3.0,117.0,21.0,
223773,,,,,,,,363.0,,129.0,,,,,,37.0,7.0,7.0,28.0,1.0,,22.0,4.0,72.0,12.0,
223816,,,,,,,,1335.0,,620.0,,,,,,142.0,24.0,46.0,62.0,,,75.0,11.0,249.0,31.0,7.0
223852,,,,,,,,8.0,,5.0,,,,,,3.0,,,,,,,,,,
223898,,,,,,,,213.0,,111.0,,,,,,14.0,3.0,5.0,3.0,,,13.0,6.0,29.0,16.0,
223922,,,,,,,,95.0,,42.0,,,,,,12.0,4.0,1.0,5.0,,,6.0,,10.0,5.0,
224004,,,,,,,,272.0,,114.0,,,,,,20.0,16.0,18.0,50.0,,,4.0,,32.0,7.0,
224013,,,,,,,,3.0,,2.0,,,,,,,,,,,,,,,,
224110,,,,,,,,509.0,,225.0,,,,,,66.0,3.0,6.0,10.0,,,,,171.0,12.0,
224147,,,,,,,,1271.0,,506.0,65.0,,,,,105.0,124.0,77.0,86.0,23.0,,26.0,,162.0,15.0,2.0
224156,,,,,,,,37.0,,11.0,,,,,,8.0,2.0,1.0,,,,3.0,4.0,1.0,,
224226,,,,,,,,460.0,,125.0,,,,,,16.0,13.0,35.0,33.0,1.0,,27.0,24.0,92.0,10.0,3.0
224244,,,,,,,,48.0,,18.0,0.0,,,,,3.0,4.0,,2.0,,,4.0,4.0,3.0,,
224253,,,,,,,,536.0,,9.0,,,,,,128.0,52.0,102.0,38.0,2.0,,4.0,1.0,90.0,4.0,
224271,,,,,,,,10.0,,6.0,,1.0,,,,1.0,,,,,,,,,,
224305,,,,,,,,240.0,,66.0,,,,,,44.0,8.0,14.0,,,,14.0,,73.0,8.0,
224323,,,,,,,,432.0,,168.0,,,,,,72.0,12.0,12.0,18.0,1.0,,27.0,,76.0,12.0,
224350,,,,,,,,932.0,,428.0,,,,,,71.0,27.0,37.0,36.0,,,39.0,1.0,170.0,13.0,3.0
224527,,,,,,,,261.0,,84.0,,,,,,25.0,6.0,5.0,38.0,3.0,,31.0,,32.0,11.0,
224545,,,,,,,,256.0,,111.0,,,,,,28.0,17.0,9.0,14.0,1.0,,9.0,,48.0,,
224554,,,,,,,,936.0,,437.0,1.0,,,,,100.0,42.0,13.0,54.0,18.0,,29.0,14.0,147.0,,
224572,,,,,,,,596.0,,260.0,,,,,,70.0,10.0,16.0,53.0,0.0,,31.0,5.0,86.0,18.0,
224615,,,,,,,,613.0,,275.0,,,,,,66.0,15.0,11.0,41.0,1.0,,23.0,4.0,116.0,15.0,
224642,,,,,,,,1698.0,,670.0,,,,,,121.0,122.0,90.0,0.0,,,86.0,,577.0,5.0,
224660,,,,,,,,89.0,,42.0,,,,,,10.0,6.0,4.0,,,,2.0,12.0,10.0,1.0,
224679,,,,,,,,138.0,,57.0,,,,,,14.0,14.0,1.0,,,,6.0,17.0,24.0,2.0,1.0
224712,,,,,,,,46.0,,15.0,,,,,,10.0,2.0,2.0,,,,5.0,,6.0,,
224758,,,,,,,,5.0,,4.0,,,,,,,1.0,,,,,,,,,
224776,,,,,,,,90.0,,35.0,,,,,,13.0,2.0,,,,,1.0,,4.0,,
224828,,,,,,,,11.0,,6.0,,,,,,3.0,1.0,,,,,,,1.0,,
224891,,,,,,,,126.0,,48.0,,7.0,,,,13.0,3.0,1.0,5.0,1.0,,,,8.0,21.0,
224961,,,,,,,,188.0,,74.0,,,,,,19.0,11.0,9.0,6.0,,,15.0,,23.0,3.0,
225070,,,,,,,,308.0,,149.0,1.0,4.0,,,,35.0,1.0,10.0,5.0,,,33.0,,27.0,6.0,
225201,,,,,,,,104.0,,41.0,,,,,,12.0,10.0,6.0,,,,2.0,10.0,7.0,1.0,
225247,,,,,,,,349.0,,158.0,,,,,,17.0,35.0,9.0,34.0,3.0,,20.0,,49.0,9.0,
225308,,,,,,,,391.0,,194.0,,,,,,43.0,19.0,19.0,13.0,,,14.0,,58.0,,2.0
225371,,,,,,,,257.0,,134.0,,,,,,24.0,6.0,7.0,1.0,,,11.0,,45.0,,1.0
225399,,,,,,,,428.0,,169.0,,,,,,42.0,15.0,5.0,44.0,7.0,,24.0,1.0,50.0,9.0,3.0
225414,,,,,,,,995.0,,384.0,,,,,,110.0,127.0,71.0,21.0,,,74.0,,157.0,24.0,1.0
225423,,,,,,,,3260.0,,1345.0,,,,,,211.0,168.0,108.0,253.0,3.0,,146.0,38.0,396.0,46.0,2.0
225432,,,,,,,,1044.0,,466.0,,,,,,43.0,217.0,106.0,32.0,,,38.0,,79.0,26.0,
225502,,,,,,,,454.0,,157.0,,,,,,30.0,12.0,29.0,18.0,3.0,,33.0,,156.0,,2.0
225511,,,,,,,,5351.0,,1498.0,88.0,,,,,833.0,925.0,632.0,148.0,54.0,,405.0,9.0,400.0,205.0,4.0
225520,,,,,,,,314.0,,140.0,,,,,,38.0,2.0,8.0,19.0,0.0,,24.0,,55.0,6.0,2.0
225548,,,,,,,,259.0,,102.0,,,,,,26.0,4.0,9.0,28.0,3.0,,32.0,,36.0,6.0,
225575,,,,,,,,139.0,,69.0,,,,,,17.0,6.0,3.0,16.0,,,,,13.0,,
225627,,,,,,,,1148.0,,476.0,,,,,,161.0,78.0,36.0,123.0,18.0,,45.0,,116.0,37.0,14.0
225779,,,,,,,,19.0,,6.0,,,,,,3.0,3.0,1.0,,,,,2.0,2.0,1.0,
225788,,,,,,,,6.0,,3.0,,,,,,,,1.0,,,,,1.0,1.0,,
225876,,,,,,,,61.0,,19.0,,,,,,10.0,2.0,0.0,9.0,1.0,,11.0,1.0,1.0,2.0,
225885,,,,,,,,153.0,,42.0,,,,,,7.0,7.0,3.0,12.0,2.0,,15.0,,8.0,15.0,
225991,,,,,,,,21.0,,11.0,,,,,,2.0,2.0,,,,,,3.0,2.0,,
226019,,,,,,,,382.0,,196.0,,,,,,39.0,18.0,8.0,20.0,,,8.0,,53.0,,
226091,,,,,,,,1469.0,,529.0,1.0,,,,,153.0,82.0,53.0,80.0,18.0,,164.0,,151.0,36.0,8.0
226107,,,,,,,,159.0,,64.0,,,,,,24.0,5.0,10.0,5.0,,,15.0,,24.0,,1.0
226116,,,,,,,,176.0,,76.0,,,,,,34.0,8.0,10.0,4.0,,,5.0,,33.0,4.0,
226125,,,,,,,,12.0,,7.0,,,,,,3.0,,,,,,,,1.0,0.0,
226134,,,,,,,,712.0,,241.0,,,,,,69.0,15.0,28.0,57.0,3.0,,66.0,,133.0,17.0,
226152,,,,,,,,728.0,,265.0,,6.0,,,,139.0,42.0,31.0,59.0,6.0,,23.0,,122.0,,3.0
226204,,,,,,,,537.0,,239.0,,,,,,34.0,9.0,20.0,35.0,,,56.0,,68.0,16.0,
226231,,,,,,,,402.0,,144.0,,,,,,46.0,13.0,19.0,34.0,1.0,,42.0,,73.0,10.0,4.0
226277,,,,,,,,98.0,,50.0,,,,,,25.0,,1.0,,,,3.0,,16.0,,
226374,,,,,,,,11.0,,4.0,,,,,,2.0,,,,,,4.0,,1.0,,
226383,,,,,,,,357.0,,129.0,,,,,,38.0,1.0,17.0,50.0,5.0,,39.0,5.0,58.0,7.0,
226408,,,,,,,,418.0,,159.0,,,,,,33.0,21.0,16.0,27.0,,,16.0,,82.0,6.0,1.0
226471,,,,,,,,534.0,,214.0,,,,,,57.0,55.0,20.0,39.0,8.0,,59.0,9.0,56.0,,
226578,,,,,,,,635.0,,279.0,,,,,,36.0,16.0,26.0,43.0,1.0,,66.0,,91.0,,
226587,,,,,,,,217.0,,87.0,,,,,,27.0,8.0,5.0,40.0,3.0,,5.0,1.0,26.0,5.0,
226675,,,,,,,,52.0,,36.0,,,,,,8.0,,2.0,,,,,,,,
226806,,,,,,,,513.0,,180.0,,14.0,,,,38.0,7.0,19.0,45.0,1.0,,41.0,3.0,106.0,9.0,2.0
226833,,,,,,,,679.0,,265.0,,,,,,51.0,11.0,19.0,32.0,2.0,,69.0,,149.0,31.0,3.0
226860,,,,,,,,3.0,,2.0,,,,,,1.0,,,,,,,,,,
226879,,,,,,,,22.0,,10.0,,,,,,8.0,,,,,,,,1.0,,
226903,,,,,,,,73.0,,7.0,,,,,,20.0,15.0,2.0,3.0,,,,16.0,6.0,,
226930,,,,,,,,425.0,,170.0,,,,,,54.0,11.0,14.0,37.0,,,19.0,2.0,75.0,10.0,
227003,,,,,,,,14.0,,2.0,,,,,,1.0,,,,,,,,1.0,,
227058,,,,,,,,12.0,,9.0,,,,,,1.0,1.0,,,,,,1.0,,,
227146,,,,,,,,530.0,,256.0,,,,,,46.0,5.0,10.0,5.0,,,55.0,,117.0,,
227155,,,,,,,,2.0,,1.0,,,,,,1.0,,,,,,0.0,,,,
227182,,,,,,,,4393.0,,2006.0,,,,,,285.0,623.0,132.0,3.0,,,217.0,,714.0,43.0,
227191,,,,,,,,552.0,,217.0,,,,,,62.0,17.0,10.0,50.0,1.0,,29.0,4.0,99.0,11.0,
227216,,,,,,,,3766.0,,1269.0,66.0,,,,,414.0,183.0,121.0,147.0,45.0,,561.0,1.0,507.0,132.0,10.0
227225,,,,,,,,246.0,,102.0,,4.0,,,,17.0,15.0,6.0,32.0,,,12.0,,24.0,,
227289,,,,,,,,79.0,,27.0,,,,,,11.0,3.0,1.0,2.0,,,17.0,,13.0,,
227298,,,,,,,,27.0,,9.0,,,,,,8.0,,1.0,,,,,4.0,5.0,,
227304,,,,,,,,438.0,,189.0,4.0,7.0,,,,45.0,15.0,13.0,18.0,,,23.0,7.0,28.0,14.0,6.0
227313,,,,,,,,17.0,,9.0,,,,,,1.0,,,,,,,2.0,,,
227322,,,,,,,,19.0,,9.0,,,,,,2.0,,,,,,,1.0,,,
227331,,,,,,,,507.0,,175.0,,,,,,37.0,35.0,16.0,66.0,5.0,,33.0,15.0,95.0,19.0,
227368,,,,,,,,3308.0,,1220.0,40.0,,,,,269.0,292.0,201.0,312.0,150.0,,258.0,,357.0,96.0,5.0
227377,,,,,,,,282.0,,109.0,,,,,,19.0,7.0,,18.0,,,25.0,,84.0,9.0,
227386,,,,,,,,182.0,,95.0,,,,,,6.0,15.0,5.0,,,,11.0,,36.0,,
227401,,,,,,,,274.0,,127.0,,4.0,,,,7.0,5.0,3.0,,,,,,81.0,,1.0
227429,,,,,,,,70.0,,24.0,,,,,,20.0,3.0,2.0,4.0,1.0,,,4.0,5.0,6.0,
227526,,,,,,,,1093.0,,410.0,26.0,37.0,,,,104.0,59.0,19.0,63.0,11.0,,40.0,3.0,131.0,13.0,20.0
227687,,,,,,,,152.0,,70.0,,,,,,11.0,,1.0,20.0,,,15.0,,14.0,,
227748,,,,,,,,45.0,,21.0,,,,,,5.0,,,,,,,,19.0,,
227757,,,,,,,,3075.0,,731.0,14.0,,,,,250.0,394.0,529.0,240.0,16.0,,306.0,,316.0,92.0,55.0
227766,,,,,,,,910.0,,381.0,,,,,,100.0,17.0,22.0,77.0,3.0,,33.0,,156.0,22.0,
227836,,,,,,,,37.0,,12.0,,,,,,8.0,,,12.0,,,,,2.0,,
227845,,,,,,,,802.0,,283.0,,,,,,167.0,26.0,51.0,59.0,4.0,,63.0,5.0,103.0,30.0,
227854,,,,,,,,584.0,,282.0,,,,,,13.0,12.0,23.0,9.0,1.0,,38.0,,60.0,9.0,
227863,,,,,,,,500.0,,222.0,,,,,,54.0,26.0,25.0,45.0,,,35.0,2.0,65.0,16.0,
227881,,,,,,,,2074.0,,815.0,0.0,17.0,,,,148.0,169.0,120.0,89.0,17.0,,175.0,,410.0,43.0,
227924,,,,,,,,884.0,,432.0,,,,,,11.0,15.0,34.0,13.0,,,64.0,,100.0,11.0,0.0
227979,,,,,,,,1768.0,,831.0,,,,,,108.0,77.0,83.0,71.0,4.0,,68.0,,397.0,48.0,2.0
228042,,,,,,,,273.0,,77.0,,,,,,39.0,17.0,10.0,26.0,5.0,,35.0,1.0,36.0,7.0,1.0
228088,,,,,,,,5.0,,2.0,,,,,,1.0,1.0,,,,,,1.0,,,
228149,,,,,,,,711.0,,276.0,,,,,,145.0,7.0,16.0,32.0,4.0,,91.0,,117.0,3.0,4.0
228158,,,,,,,,641.0,,339.0,,,,,,16.0,15.0,11.0,29.0,1.0,,87.0,,62.0,,1.0
228185,,,,,,,,4.0,,2.0,,,,,,,,,,,,,,0.0,0.0,
228194,,,,,,,,184.0,,71.0,,6.0,,,,32.0,9.0,7.0,15.0,,,11.0,,26.0,,
228200,,,,,,,,33.0,,14.0,,,,,,5.0,3.0,,,,,3.0,4.0,3.0,,
228219,,,,,,,,34.0,,14.0,,,,,,5.0,3.0,,,,,2.0,5.0,5.0,,
228246,,,,,,,,2371.0,,879.0,76.0,,,,,630.0,101.0,138.0,140.0,15.0,,57.0,,239.0,21.0,
228282,,,,,,,,20.0,,5.0,,,,,,2.0,2.0,,,,,,2.0,3.0,2.0,
228316,,,,,,,,412.0,,150.0,,,,,,47.0,5.0,22.0,25.0,0.0,,41.0,,64.0,14.0,2.0
228325,,,,,,,,264.0,,102.0,,,,,,28.0,14.0,8.0,31.0,3.0,,16.0,,35.0,,
228343,,,,,,,,415.0,,129.0,,,,,,38.0,15.0,13.0,57.0,7.0,,56.0,1.0,51.0,15.0,7.0
228431,,,,,,,,1540.0,,596.0,,,,,,116.0,78.0,83.0,135.0,11.0,,173.0,,197.0,60.0,9.0
228459,,,,,,,,3758.0,,1419.0,101.0,16.0,,,,296.0,193.0,238.0,388.0,53.0,,274.0,10.0,513.0,138.0,47.0
228468,,,,,,,,129.0,,63.0,0.0,,,,,22.0,3.0,5.0,2.0,1.0,,5.0,,11.0,5.0,
228486,,,,,,,,73.0,,13.0,,,,,,7.0,2.0,,,,,10.0,,8.0,5.0,
228501,,,,,,,,449.0,,139.0,,,,,,45.0,19.0,31.0,11.0,1.0,,39.0,,136.0,19.0,
228529,,,,,,,,1126.0,,545.0,,,,,,57.0,62.0,87.0,55.0,11.0,,24.0,,108.0,5.0,
228547,,,,,,,,2769.0,,1155.0,,,,,,219.0,76.0,66.0,168.0,8.0,,177.0,,447.0,65.0,12.0
228608,,,,,,,,331.0,,166.0,,,,,,34.0,6.0,,5.0,,,3.0,,68.0,4.0,
228635,,,,,,,,5879.0,,1811.0,15.0,128.0,,,,542.0,500.0,1143.0,40.0,237.0,,343.0,2.0,916.0,172.0,24.0
228644,,,,,,,,4929.0,,914.0,397.0,,,,,439.0,334.0,624.0,107.0,430.0,,490.0,4.0,967.0,86.0,101.0
228653,,,,,,,,3720.0,,476.0,73.0,266.0,,,,326.0,358.0,256.0,60.0,985.0,,194.0,,577.0,109.0,13.0
228699,,,,,,,,264.0,,124.0,,,,,,21.0,6.0,9.0,13.0,,,27.0,,37.0,,
228705,,,,,,,,988.0,,431.0,4.0,,,,,95.0,43.0,58.0,120.0,14.0,,32.0,2.0,152.0,17.0,7.0
228723,,,,,,,,9969.0,,3314.0,339.0,1.0,,,,1129.0,645.0,992.0,731.0,298.0,,429.0,6.0,1366.0,188.0,106.0
228732,,,,,,,,273.0,,,,,,,,91.0,51.0,36.0,35.0,,,,,50.0,7.0,3.0
228769,,,,,,,,2991.0,,1163.0,178.0,,,,,371.0,213.0,143.0,111.0,41.0,,174.0,10.0,309.0,84.0,15.0
228778,,,,,,,,13762.0,,2856.0,,,,,,1450.0,1275.0,2691.0,705.0,135.0,,1181.0,87.0,1960.0,485.0,384.0
228787,,,,,,,,3188.0,,945.0,136.0,,,,,384.0,185.0,278.0,204.0,21.0,,186.0,,633.0,70.0,9.0
228796,,,,,,,,2563.0,,865.0,40.0,3.0,,,,367.0,269.0,220.0,190.0,38.0,,131.0,,266.0,83.0,17.0
228802,,,,,,,,1082.0,,376.0,6.0,2.0,,,,104.0,26.0,52.0,17.0,6.0,,26.0,,360.0,24.0,
228866,,,,,,,,67.0,,28.0,,,,,,10.0,4.0,,,,,,,14.0,2.0,
228875,,,,,,,,2199.0,,730.0,19.0,,,,,200.0,164.0,93.0,208.0,24.0,,310.0,2.0,284.0,76.0,
228884,,,,,,,,137.0,,39.0,,,,,,15.0,8.0,3.0,10.0,2.0,,40.0,,12.0,,1.0
228909,,,,,,,,1292.0,,322.0,40.0,,,,,154.0,93.0,137.0,32.0,58.0,,124.0,1.0,222.0,36.0,
228981,,,,,,,,253.0,,96.0,,,,,,57.0,16.0,8.0,,,,35.0,,27.0,,
229018,,,,,,,,537.0,,175.0,,,,,,75.0,58.0,16.0,57.0,5.0,,37.0,,60.0,2.0,2.0
229027,,,,,,,,3573.0,,1030.0,100.0,33.0,,,,402.0,358.0,271.0,360.0,31.0,,213.0,4.0,464.0,127.0,50.0
229036,,,,,,,,32.0,,9.0,,,,,,8.0,,,10.0,,,,,1.0,,
229063,,,,,,,,1196.0,,450.0,,,,,,77.0,75.0,24.0,62.0,5.0,,152.0,,196.0,32.0,7.0
229090,,,,,,,,1034.0,,,,,,,,182.0,287.0,163.0,67.0,10.0,,16.0,1.0,202.0,91.0,3.0
229115,,,,,,,,4966.0,,1606.0,163.0,81.0,,,,398.0,41.0,262.0,141.0,7.0,,471.0,5.0,1416.0,155.0,154.0
229160,,,,,,,,424.0,,168.0,,,,,,51.0,12.0,27.0,51.0,4.0,,7.0,,68.0,12.0,1.0
229179,,,,,,,,1442.0,,589.0,,,,,,147.0,33.0,75.0,29.0,10.0,,173.0,,240.0,9.0,
229267,,,,,,,,802.0,,282.0,3.0,,,,,61.0,56.0,47.0,93.0,13.0,,55.0,1.0,110.0,25.0,4.0
229300,,,,,,,,7124.0,,1788.0,,,,,,730.0,423.0,1144.0,233.0,1208.0,,546.0,,938.0,86.0,29.0
229337,,,,,,,,6063.0,,1010.0,27.0,,,,,475.0,14.0,336.0,76.0,1587.0,,424.0,3.0,1969.0,79.0,57.0
229355,,,,,,,,872.0,,429.0,,,,,,58.0,16.0,44.0,87.0,,,67.0,,128.0,5.0,
229407,,,,,,,,59.0,,,,,,,,19.0,21.0,,6.0,,,3.0,,10.0,,
229416,,,,,,,,121.0,,59.0,,,,,,12.0,43.0,1.0,,,,,,3.0,3.0,
229425,,,,,,,,24.0,,14.0,,,,,,3.0,3.0,,,,,1.0,1.0,1.0,1.0,
229504,,,,,,,,265.0,,119.0,,,,,,11.0,12.0,3.0,16.0,,,28.0,,47.0,7.0,
229522,,,,,,,,8.0,,2.0,,,,,,1.0,2.0,,,,,0.0,,1.0,,
229540,,,,,,,,444.0,,167.0,,40.0,,,,34.0,7.0,18.0,25.0,,,34.0,,94.0,11.0,
229656,,,,,,,,20.0,,10.0,,,,,,2.0,,,,,,,,2.0,,
229780,,,,,,,,637.0,,278.0,,,,,,92.0,38.0,10.0,34.0,1.0,,12.0,9.0,150.0,,
229799,,,,,,,,392.0,,195.0,,,,,,38.0,26.0,18.0,7.0,,,22.0,,53.0,1.0,
229814,,,,,,,,841.0,,358.0,,,,,,149.0,32.0,30.0,66.0,13.0,,19.0,3.0,130.0,7.0,1.0
229832,,,,,,,,191.0,,63.0,,1.0,,,,10.0,4.0,4.0,33.0,,,6.0,4.0,34.0,10.0,2.0
229841,,,,,,,,433.0,,214.0,,,,,,32.0,36.0,14.0,11.0,,,34.0,,52.0,6.0,2.0
229887,,,,,,,,225.0,,70.0,1.0,0.0,,,,30.0,8.0,4.0,10.0,1.0,,33.0,,19.0,,
229957,,,,,,,,4.0,,0.0,,,,,,2.0,,,,,,,1.0,1.0,,
230010,,,,,,,,180.0,,124.0,,,,,,5.0,5.0,4.0,,,,16.0,2.0,16.0,,
230038,,,,,,,,4526.0,,1436.0,53.0,,,,,219.0,583.0,469.0,496.0,59.0,,305.0,13.0,568.0,153.0,40.0
230047,,,,,,,,427.0,,153.0,,,,,,43.0,20.0,31.0,13.0,4.0,,53.0,3.0,47.0,14.0,4.0
230056,,,,,,,,33.0,,22.0,,,,,,3.0,,,,,,,,0.0,,
230065,,,,,,,,14.0,,7.0,,,,,,3.0,1.0,,,,,,,2.0,,
230135,,,,,,,,6.0,,4.0,,,,,,1.0,,,,,,,,,,
230144,,,,,,,,13.0,,6.0,,,,,,1.0,2.0,,,,,,,,,
230162,,,,,,,,251.0,,139.0,,,,,,21.0,8.0,6.0,12.0,,,15.0,7.0,14.0,5.0,
230171,,,,,,,,837.0,,329.0,,,,,,55.0,41.0,59.0,108.0,5.0,,64.0,13.0,62.0,29.0,3.0
230199,,,,,,,,3.0,,3.0,,,,,,,,,,,,,,,,
230205,,,,,,,,6.0,,2.0,,,,,,2.0,,,,,,,,2.0,,
230214,,,,,,,,31.0,,21.0,,,,,,2.0,,,,,,,3.0,3.0,1.0,
230366,,,,,,,,73.0,,47.0,,,,,,8.0,3.0,,,,,,7.0,3.0,,
230418,,,,,,,,123.0,,64.0,,,,,,11.0,14.0,8.0,2.0,,,1.0,1.0,3.0,,
230490,,,,,,,,177.0,,91.0,,,,,,26.0,7.0,8.0,7.0,,,21.0,,18.0,,
230597,,,,,,,,441.0,,178.0,,,,,,30.0,19.0,16.0,29.0,,,61.0,,42.0,,0.0
230603,,,,,,,,824.0,,349.0,,,,,,68.0,51.0,23.0,85.0,5.0,,30.0,,45.0,48.0,
230621,,,,,,,,29.0,,13.0,,,,,,2.0,2.0,0.0,,,,,5.0,,,
230630,,,,,,,,23.0,,11.0,,,,,,2.0,2.0,0.0,,,,,3.0,1.0,,
230676,,,,,,,,103.0,,71.0,,,,,,7.0,4.0,2.0,,,,7.0,,6.0,,
230728,,,,,,,,3272.0,,944.0,32.0,68.0,,,,305.0,221.0,338.0,274.0,35.0,,183.0,5.0,564.0,156.0,25.0
230737,,,,,,,,2550.0,,933.0,,91.0,,,,390.0,64.0,185.0,94.0,8.0,,154.0,6.0,252.0,60.0,21.0
230746,,,,,,,,2001.0,,749.0,,,,,,135.0,67.0,117.0,221.0,4.0,,138.0,20.0,349.0,58.0,4.0
230764,,,,,,,,11887.0,,1741.0,1330.0,1036.0,,,,372.0,2181.0,973.0,616.0,1049.0,,698.0,47.0,1322.0,300.0,34.0
230782,,,,,,,,1662.0,,718.0,,,,,,120.0,34.0,87.0,66.0,5.0,,120.0,7.0,337.0,38.0,9.0
230807,,,,,,,,486.0,,232.0,,,,,,51.0,29.0,23.0,26.0,5.0,,18.0,16.0,49.0,8.0,12.0
230816,,,,,,,,299.0,,82.0,,,,,,41.0,11.0,5.0,24.0,0.0,,50.0,,44.0,14.0,2.0
230834,,,,,,,,343.0,,149.0,,,,,,45.0,3.0,6.0,24.0,5.0,,39.0,,34.0,13.0,
230852,,,,,,,,498.0,,218.0,,,,,,75.0,39.0,27.0,48.0,3.0,,12.0,2.0,42.0,10.0,
230861,,,,,,,,368.0,,204.0,,,,,,83.0,2.0,6.0,6.0,,,,,44.0,,
230889,,,,,,,,96.0,,39.0,,,,,,22.0,4.0,2.0,6.0,,,7.0,,1.0,,
230898,,,,,,,,115.0,,47.0,,,,,,23.0,,1.0,10.0,1.0,,6.0,,17.0,0.0,
230913,,,,,,,,199.0,,83.0,,,,,,25.0,2.0,4.0,12.0,3.0,,19.0,,18.0,10.0,1.0
230931,,,,,,,,177.0,,71.0,,,,,,21.0,4.0,5.0,8.0,2.0,,21.0,,22.0,5.0,
230940,,,,,,,,115.0,,41.0,,,,,,28.0,2.0,3.0,11.0,2.0,,6.0,,14.0,1.0,3.0
230959,,,,,,,,1186.0,,332.0,,0.0,,,,109.0,90.0,61.0,48.0,9.0,,221.0,2.0,176.0,52.0,19.0
230977,,,,,,,,70.0,,14.0,,,,,,15.0,7.0,2.0,,,,25.0,,,,
230995,,,,,,,,657.0,,231.0,2.0,,,,,58.0,14.0,24.0,55.0,3.0,,69.0,2.0,137.0,12.0,4.0
231004,,,,,,,,17.0,,7.0,,,,,,3.0,3.0,,,,,1.0,,2.0,,
231059,,,,,,,,446.0,,172.0,,2.0,,,,43.0,22.0,20.0,33.0,2.0,,60.0,2.0,45.0,13.0,4.0
231068,,,,,,,,129.0,,20.0,,,,,,24.0,22.0,21.0,1.0,,,,,24.0,,
231077,,,,,,,,54.0,,21.0,,,,,,3.0,2.0,1.0,3.0,,,2.0,,3.0,4.0,
231086,,,,,,,,111.0,,33.0,,,,,,13.0,5.0,2.0,18.0,,,6.0,1.0,6.0,8.0,3.0
231095,,,,,,,,46.0,,17.0,,,,,,4.0,3.0,1.0,2.0,,,8.0,,2.0,2.0,
231147,,,,,,,,138.0,,60.0,,,,,,19.0,16.0,6.0,3.0,,,3.0,,24.0,1.0,
231156,,,,,,,,32.0,,,,,,,,12.0,4.0,11.0,3.0,,,,,2.0,,
231165,,,,,,,,270.0,,112.0,,,,,,63.0,5.0,15.0,7.0,,,24.0,,16.0,8.0,
231174,,,,,,,,3686.0,,1278.0,161.0,17.0,,,,106.0,232.0,402.0,128.0,37.0,,260.0,9.0,562.0,118.0,16.0
231280,,,,,,,,9.0,,3.0,,,,,,3.0,1.0,,,0.0,,,1.0,,,
231411,,,,,,,,66.0,,31.0,,,,,,5.0,,1.0,,,,5.0,,3.0,,
231420,,,,,,,,192.0,,64.0,,,,,,25.0,16.0,14.0,29.0,2.0,,5.0,,25.0,,
231536,,,,,,,,267.0,,141.0,,,,,,41.0,4.0,17.0,8.0,,,1.0,,23.0,4.0,
231554,,,,,,,,148.0,,60.0,,,,,,8.0,6.0,5.0,22.0,,,3.0,,7.0,,
231581,,,,,,,,373.0,,129.0,,,,,,39.0,7.0,16.0,44.0,7.0,,46.0,,45.0,14.0,1.0
231624,,,,,,,,2511.0,,745.0,36.0,,,,,340.0,138.0,324.0,144.0,32.0,,224.0,2.0,300.0,88.0,17.0
231651,,,,,,,,669.0,,159.0,,,,,,36.0,52.0,30.0,137.0,,,16.0,,49.0,9.0,
231688,,,,,,,,10.0,,3.0,,,,,,1.0,1.0,,,3.0,,,,2.0,,
231697,,,,,,,,238.0,,125.0,,,,,,28.0,9.0,6.0,5.0,0.0,,9.0,,33.0,9.0,
231712,,,,,,,,1024.0,,332.0,,,,,,89.0,49.0,41.0,69.0,6.0,,198.0,3.0,136.0,49.0,8.0
231721,,,,,,,,6.0,,3.0,,,,,,,1.0,,,,,,,1.0,,
231785,,,,,,,,76.0,,31.0,,,,,,7.0,1.0,2.0,21.0,,,2.0,1.0,6.0,,
231828,,,,,,,,77.0,,31.0,,,,,,5.0,2.0,2.0,17.0,,,2.0,,10.0,,
231837,,,,,,,,192.0,,116.0,,,,,,9.0,5.0,1.0,7.0,,,3.0,1.0,36.0,,
231873,,,,,,,,99.0,,41.0,,,,,,28.0,3.0,1.0,1.0,,,1.0,,11.0,3.0,
231882,,,,,,,,187.0,,90.0,,,,,,36.0,6.0,5.0,1.0,2.0,,1.0,1.0,31.0,4.0,
231970,,,,,,,,1247.0,,269.0,85.0,54.0,,,,142.0,69.0,49.0,30.0,119.0,,73.0,8.0,277.0,10.0,9.0
232016,,,,,,,,37.0,,15.0,,,,,,9.0,,,,,,,,13.0,,
232025,,,,,,,,309.0,,111.0,,,,,,28.0,8.0,11.0,47.0,3.0,,46.0,0.0,24.0,11.0,1.0
232043,,,,,,,,374.0,,140.0,2.0,,,,,26.0,39.0,19.0,18.0,4.0,,25.0,10.0,66.0,7.0,
232052,,,,,,,,76.0,,24.0,,,,,,20.0,2.0,2.0,1.0,,,1.0,1.0,10.0,4.0,
232089,,,,,,,,333.0,,84.0,,,,,,37.0,10.0,9.0,39.0,7.0,,84.0,,30.0,8.0,5.0
232186,,,,,,,,4291.0,,1674.0,186.0,,,,,270.0,482.0,351.0,233.0,41.0,,174.0,8.0,380.0,197.0,9.0
232195,,,,,,,,352.0,,163.0,,,,,,57.0,13.0,16.0,13.0,2.0,,14.0,,37.0,10.0,
232256,,,,,,,,351.0,,105.0,,,,,,58.0,2.0,12.0,32.0,,,63.0,,50.0,21.0,
232265,,,,,,,,1097.0,,333.0,,,,,,69.0,46.0,27.0,65.0,24.0,,52.0,,185.0,181.0,12.0
232308,,,,,,,,295.0,,99.0,,,,,,44.0,11.0,9.0,6.0,1.0,,41.0,9.0,38.0,16.0,
232414,,,,,,,,652.0,,300.0,,,,,,95.0,19.0,24.0,6.0,,,44.0,,77.0,17.0,2.0
232423,,,,,,,,3272.0,,1163.0,,,,,,337.0,106.0,253.0,244.0,35.0,,342.0,3.0,456.0,179.0,60.0
232450,,,,,,,,420.0,,214.0,,,,,,60.0,13.0,9.0,5.0,,,28.0,2.0,41.0,14.0,
232557,,,,,,,,5754.0,,2100.0,,,,,,158.0,377.0,411.0,622.0,11.0,,522.0,6.0,158.0,23.0,77.0
232566,,,,,,,,796.0,,271.0,,,,,,73.0,89.0,50.0,65.0,12.0,,46.0,,107.0,43.0,15.0
232575,,,,,,,,365.0,,176.0,,,,,,61.0,21.0,19.0,2.0,,,12.0,,38.0,15.0,1.0
232609,,,,,,,,563.0,,192.0,,,,,,37.0,26.0,17.0,45.0,3.0,,108.0,3.0,65.0,,4.0
232618,,,,,,,,20.0,,16.0,,,,,,1.0,1.0,,,1.0,,,,1.0,,
232672,,,,,,,,382.0,,168.0,,,,,,34.0,12.0,12.0,36.0,1.0,,57.0,,34.0,10.0,
232681,,,,,,,,816.0,,296.0,,,,,,65.0,60.0,59.0,55.0,5.0,,71.0,2.0,98.0,40.0,7.0
232706,,,,,,,,516.0,,233.0,,,,,,56.0,20.0,19.0,41.0,6.0,,23.0,,53.0,11.0,1.0
232724,,,,,,,,4.0,,4.0,,,,,,,,,,,,,,,,
232788,,,,,,,,162.0,,67.0,,,,,,35.0,4.0,5.0,1.0,,,11.0,1.0,23.0,5.0,1.0
232797,,,,,,,,130.0,,80.0,,,,,,8.0,,,,,,,15.0,27.0,,
232867,,,,,,,,189.0,,91.0,,,,,,36.0,2.0,11.0,7.0,,,,,28.0,5.0,
232885,,,,,,,,76.0,,46.0,,,,,,6.0,2.0,3.0,4.0,0.0,,1.0,,3.0,0.0,
232919,,,,,,,,40.0,,20.0,,,,,,6.0,,,,,,,,15.0,,
232937,,,,,,,,946.0,,282.0,,,,,,145.0,57.0,34.0,18.0,,,128.0,3.0,164.0,38.0,6.0
232946,,,,,,,,2414.0,,1210.0,,,,,,399.0,90.0,41.0,34.0,0.0,,51.0,,305.0,54.0,4.0
232982,,,,,,,,2808.0,,1060.0,32.0,,,,,151.0,251.0,218.0,207.0,23.0,,251.0,1.0,363.0,79.0,23.0
233019,,,,,,,,228.0,,86.0,,,,,,69.0,6.0,6.0,7.0,,,6.0,,21.0,6.0,1.0
233037,,,,,,,,104.0,,45.0,,,,,,25.0,1.0,4.0,1.0,,,5.0,,14.0,4.0,
233082,,,,,,,,23.0,,10.0,,,,,,7.0,1.0,,,,,,,1.0,,
233091,,,,,,,,34.0,,20.0,,,,,,4.0,1.0,,,,,,4.0,3.0,,
233116,,,,,,,,277.0,,148.0,,,,,,50.0,3.0,10.0,7.0,,,7.0,,25.0,6.0,
233277,,,,,,,,1446.0,,543.0,,,,,,163.0,65.0,70.0,118.0,4.0,,152.0,9.0,179.0,54.0,11.0
233286,,,,,,,,14.0,,6.0,,,,,,2.0,1.0,,,,,,2.0,1.0,,
233295,,,,,,,,377.0,,125.0,1.0,,,,,36.0,25.0,14.0,44.0,5.0,,52.0,,30.0,8.0,
233301,,,,,,,,270.0,,72.0,,,,,,31.0,13.0,14.0,37.0,4.0,,39.0,,29.0,10.0,4.0
233310,,,,,,,,173.0,,76.0,,,,,,33.0,7.0,3.0,2.0,,,5.0,,25.0,8.0,
233329,,,,,,,,36.0,,23.0,,,,,,5.0,,,,,,,4.0,1.0,,
233338,,,,,,,,163.0,,56.0,,,,,,16.0,7.0,6.0,8.0,,,15.0,1.0,20.0,7.0,1.0
233356,,,,,,,,64.0,,29.0,,,,,,13.0,1.0,4.0,2.0,,,2.0,,4.0,,
233374,,,,,,,,1673.0,,485.0,1.0,,,,,161.0,100.0,80.0,99.0,13.0,,312.0,4.0,210.0,65.0,6.0
233408,,,,,,,,48.0,,28.0,,,,,,7.0,,2.0,,,,,,2.0,,
233426,,,,,,,,460.0,,182.0,,,,,,35.0,25.0,15.0,39.0,3.0,,69.0,3.0,55.0,15.0,
233480,,,,,,,,8.0,,6.0,,,,,,1.0,,,,,,,,1.0,,
233541,,,,,,,,750.0,,321.0,,,,,,64.0,22.0,32.0,67.0,6.0,,58.0,,95.0,14.0,2.0
233611,,,,,,,,177.0,,43.0,,,,,,14.0,16.0,6.0,46.0,6.0,,12.0,7.0,9.0,,
233639,,,,,,,,238.0,,101.0,,,,,,45.0,6.0,8.0,5.0,,,13.0,,28.0,6.0,
233648,,,,,,,,197.0,,68.0,,,,,,36.0,26.0,8.0,1.0,1.0,,10.0,,37.0,6.0,
233666,,,,,,,,7.0,,2.0,,,,,,2.0,1.0,,,,,,,1.0,,
233684,,,,,,,,197.0,,95.0,,,,,,21.0,,1.0,,,,,30.0,11.0,,
233718,,,,,,,,270.0,,70.0,,,,,,25.0,8.0,13.0,18.0,2.0,,66.0,1.0,39.0,10.0,
233754,,,,,,,,575.0,,267.0,,,,,,79.0,20.0,16.0,16.0,1.0,,30.0,,65.0,23.0,1.0
233772,,,,,,,,1476.0,,643.0,,,,,,242.0,40.0,55.0,40.0,0.0,,91.0,,179.0,55.0,7.0
233842,,,,,,,,91.0,,24.0,,,,,,6.0,14.0,3.0,,,,6.0,,11.0,,
233897,,,,,,,,351.0,,122.0,1.0,1.0,,,,54.0,16.0,10.0,41.0,2.0,,32.0,2.0,46.0,18.0,1.0
233903,,,,,,,,165.0,,83.0,,,,,,27.0,5.0,5.0,2.0,,,9.0,,19.0,5.0,
233921,,,,,,,,7648.0,,1817.0,778.0,331.0,,,,133.0,973.0,757.0,270.0,119.0,,594.0,,1281.0,379.0,64.0
233949,,,,,,,,362.0,,175.0,,,,,,62.0,22.0,22.0,9.0,1.0,,10.0,,26.0,8.0,1.0
234030,,,,,,,,6278.0,,2403.0,328.0,46.0,,,,257.0,568.0,705.0,343.0,143.0,,183.0,5.0,581.0,147.0,40.0
234076,,,,,,,,8921.0,,2264.0,345.0,5.0,,,,937.0,598.0,1420.0,398.0,137.0,,609.0,48.0,1117.0,655.0,118.0
234085,,,,,,,,596.0,,148.0,,,,,,63.0,23.0,34.0,59.0,12.0,,62.0,8.0,84.0,39.0,41.0
234119,,,,,,,,4.0,,2.0,,,,,,2.0,,,,,,,,,,
234137,,,,,,,,89.0,,47.0,,,,,,6.0,3.0,3.0,8.0,1.0,,4.0,,3.0,,
234155,,,,,,,,845.0,,330.0,45.0,1.0,,,,63.0,49.0,38.0,27.0,5.0,,36.0,3.0,122.0,27.0,9.0
234164,,,,,,,,316.0,,97.0,,,,,,41.0,21.0,6.0,19.0,1.0,,45.0,2.0,38.0,6.0,
234173,,,,,,,,311.0,,101.0,,,,,,28.0,1.0,11.0,46.0,0.0,,54.0,7.0,38.0,8.0,1.0
234207,,,,,,,,894.0,,270.0,,,,,,76.0,53.0,49.0,95.0,7.0,,156.0,11.0,111.0,44.0,
234359,,,,,,,,25.0,,18.0,,,,,,3.0,,,,,,,,2.0,,
234377,,,,,,,,141.0,,65.0,,,,,,32.0,5.0,5.0,,1.0,,3.0,,19.0,3.0,
234401,,,,,,,,7.0,,4.0,,,,,,2.0,,,,,,,,1.0,,
234492,,,,,,,,99.0,,49.0,,,,,,11.0,2.0,,1.0,,,,,4.0,,
234650,,,,,,,,9.0,,4.0,,,,,,1.0,1.0,,,,,,,1.0,,
234669,,,,,,,,849.0,,368.0,,,,,,180.0,,26.0,5.0,,,21.0,1.0,167.0,36.0,1.0
234696,,,,,,,,232.0,,84.0,,,,,,8.0,8.0,6.0,3.0,1.0,,20.0,,88.0,3.0,
234711,,,,,,,,218.0,,69.0,,,,,,27.0,8.0,10.0,4.0,,,22.0,2.0,34.0,7.0,1.0
234827,,,,,,,,1476.0,,538.0,1.0,,,,,87.0,122.0,103.0,101.0,18.0,,147.0,,234.0,56.0,
234845,,,,,,,,246.0,,87.0,,,,,,46.0,10.0,8.0,22.0,,,16.0,2.0,38.0,5.0,0.0
234915,,,,,,,,374.0,,232.0,,,,,,25.0,42.0,9.0,1.0,,,,,43.0,2.0,
234924,,,,,,,,16.0,,9.0,,,,,,1.0,,,,,,,3.0,2.0,,
234933,,,,,,,,703.0,,311.0,,,,,,49.0,24.0,35.0,14.0,3.0,,11.0,3.0,172.0,44.0,
234951,,,,,,,,270.0,,107.0,,,,,,10.0,29.0,12.0,3.0,2.0,,11.0,4.0,30.0,29.0,2.0
234979,,,,,,,,426.0,,185.0,,,,,,45.0,10.0,13.0,3.0,,,15.0,2.0,115.0,30.0,1.0
235024,,,,,,,,179.0,,86.0,,,,,,30.0,1.0,7.0,11.0,,,11.0,,18.0,4.0,0.0
235088,,,,,,,,43.0,,17.0,,,,,,2.0,5.0,,0.0,,,,5.0,5.0,4.0,
235097,,,,,,,,1436.0,,562.0,,,,,,143.0,52.0,72.0,88.0,9.0,,154.0,7.0,166.0,70.0,17.0
235103,,,,,,,,634.0,,211.0,,,,,,67.0,12.0,27.0,42.0,0.0,,3.0,,207.0,38.0,1.0
235149,,,,,,,,566.0,,236.0,,,,,,72.0,17.0,18.0,16.0,,,29.0,4.0,82.0,12.0,
235158,,,,,,,,20.0,,9.0,,,,,,3.0,1.0,,,,,1.0,,2.0,,
235167,,,,,,,,690.0,,185.0,,,,,,67.0,49.0,67.0,73.0,5.0,,66.0,,90.0,27.0,3.0
235237,,,,,,,,303.0,,76.0,,,,,,37.0,39.0,16.0,3.0,,,28.0,,83.0,6.0,2.0
235307,,,,,,,,12.0,,4.0,,,,,,1.0,2.0,,,,,,,4.0,1.0,
235316,,,,,,,,1392.0,,558.0,,,,,,246.0,74.0,40.0,85.0,6.0,,118.0,,207.0,39.0,8.0
235334,,,,,,,,186.0,,81.0,,,,,,25.0,8.0,7.0,1.0,,,11.0,,31.0,11.0,
235343,,,,,,,,598.0,,247.0,,,,,,154.0,18.0,16.0,6.0,,,38.0,4.0,95.0,,
235352,,,,,,,,11.0,,7.0,,,,,,1.0,1.0,,,,,,1.0,1.0,,
235422,,,,,,,,242.0,,112.0,,,,,,19.0,,11.0,,,,25.0,,72.0,,
235431,,,,,,,,575.0,,205.0,,,,,,106.0,12.0,26.0,68.0,,,43.0,1.0,64.0,4.0,2.0
235501,,,,,,,,44.0,,18.0,,,,,,7.0,2.0,,,,,0.0,9.0,6.0,,
235547,,,,,,,,303.0,,94.0,6.0,2.0,,,,28.0,18.0,13.0,4.0,14.0,,44.0,2.0,46.0,3.0,2.0
235583,,,,,,,,36.0,,15.0,,,,,,3.0,1.0,,,,,3.0,6.0,1.0,,
235671,,,,,,,,294.0,,114.0,,,,,,51.0,5.0,1.0,,0.0,,49.0,,62.0,,
235699,,,,,,,,305.0,,138.0,,,,,,36.0,14.0,7.0,28.0,1.0,,24.0,,34.0,6.0,
235750,,,,,,,,328.0,,105.0,,,,,,40.0,17.0,8.0,2.0,1.0,,5.0,,59.0,16.0,
235954,,,,,,,,4.0,,2.0,,,,,,1.0,,,,,,,,0.0,,
236018,,,,,,,,15.0,,9.0,,,,,,3.0,,,,,,,,2.0,,
236072,,,,,,,,406.0,,177.0,,,,,,56.0,4.0,10.0,,,,37.0,1.0,75.0,2.0,5.0
236133,,,,,,,,252.0,,108.0,,,,,,28.0,12.0,9.0,17.0,1.0,,,15.0,45.0,,
236188,,,,,,,,444.0,,202.0,,,,,,42.0,19.0,15.0,6.0,3.0,,24.0,5.0,66.0,26.0,
236212,,,,,,,,113.0,,46.0,,,,,,17.0,3.0,4.0,2.0,,,8.0,,25.0,,
236230,,,,,,,,721.0,,274.0,,,,,,114.0,18.0,25.0,60.0,5.0,,83.0,7.0,102.0,10.0,9.0
236258,,,,,,,,196.0,,76.0,,,,,,38.0,5.0,10.0,1.0,2.0,,8.0,1.0,49.0,1.0,
236328,,,,,,,,697.0,,258.0,3.0,,,,,49.0,31.0,48.0,66.0,6.0,,82.0,3.0,81.0,19.0,
236382,,,,,,,,307.0,,132.0,,,,,,44.0,18.0,11.0,10.0,1.0,,52.0,,26.0,,
236452,,,,,,,,282.0,,117.0,,,,,,36.0,12.0,12.0,25.0,2.0,,18.0,,38.0,5.0,
236504,,,,,,,,387.0,,154.0,,,,,,70.0,6.0,12.0,2.0,,,30.0,3.0,75.0,4.0,3.0
236513,,,,,,,,677.0,,250.0,,,,,,117.0,34.0,39.0,5.0,5.0,,51.0,2.0,135.0,4.0,6.0
236577,,,,,,,,691.0,,275.0,,,,,,55.0,17.0,28.0,,2.0,,39.0,,260.0,,
236595,,,,,,,,1349.0,,594.0,,,,,,85.0,136.0,53.0,151.0,6.0,,69.0,,135.0,32.0,
236610,,,,,,,,466.0,,216.0,,,,,,51.0,11.0,17.0,2.0,1.0,,19.0,4.0,83.0,25.0,3.0
236638,,,,,,,,415.0,,153.0,,,,,,50.0,8.0,15.0,5.0,1.0,,22.0,2.0,63.0,9.0,
236656,,,,,,,,353.0,,139.0,,,,,,77.0,10.0,14.0,2.0,,,7.0,,56.0,29.0,
236692,,,,,,,,681.0,,355.0,,,,,,38.0,7.0,29.0,18.0,,,55.0,1.0,61.0,38.0,
236708,,,,,,,,418.0,,188.0,,,,,,14.0,5.0,10.0,14.0,,,53.0,4.0,39.0,36.0,
236744,,,,,,,,9.0,,3.0,,,,,,1.0,1.0,,,,,,,2.0,1.0,
236753,,,,,,,,655.0,,301.0,,,,,,74.0,15.0,24.0,39.0,2.0,,37.0,5.0,137.0,12.0,2.0
236887,,,,,,,,401.0,,176.0,,,,,,25.0,11.0,14.0,21.0,,,22.0,3.0,90.0,5.0,
236896,,,,,,,,274.0,,124.0,,,,,,34.0,15.0,10.0,3.0,0.0,,13.0,,38.0,9.0,
236939,,,,,,,,6235.0,,1531.0,318.0,81.0,,,,398.0,734.0,839.0,451.0,183.0,,429.0,9.0,525.0,264.0,62.0
236948,,,,,,,,17083.0,,4196.0,2795.0,,,,,816.0,2566.0,1268.0,452.0,1367.0,,863.0,5.0,1183.0,326.0,121.0
236975,,,,,,,,276.0,,121.0,,,,,,18.0,7.0,14.0,31.0,,,,2.0,47.0,21.0,
237011,,,,,,,,1829.0,,725.0,,,,,,71.0,165.0,159.0,83.0,27.0,,122.0,3.0,294.0,76.0,16.0
237039,,,,,,,,293.0,,131.0,,,,,,27.0,5.0,8.0,3.0,,,32.0,5.0,56.0,7.0,
237057,,,,,,,,507.0,,206.0,5.0,,,,,46.0,19.0,24.0,30.0,4.0,,50.0,1.0,68.0,14.0,2.0
237066,,,,,,,,529.0,,212.0,,,,,,64.0,22.0,27.0,58.0,6.0,,52.0,1.0,49.0,15.0,4.0
237109,,,,,,,,390.0,,182.0,,,,,,31.0,12.0,15.0,4.0,,,7.0,4.0,78.0,33.0,
237118,,,,,,,,197.0,,64.0,,,,,,14.0,6.0,5.0,28.0,5.0,,30.0,,36.0,,
237127,,,,,,,,2.0,,2.0,,,,,,,,,,,,,,0.0,,
237136,,,,,,,,51.0,,14.0,,,,,,6.0,2.0,2.0,1.0,0.0,,,,18.0,4.0,
237145,,,,,,,,4.0,,3.0,,,,,,,,,,,,,,1.0,,
237172,,,,,,,,53.0,,23.0,,,,,,,,3.0,,4.0,,1.0,,2.0,7.0,4.0
237181,,,,,,,,160.0,,50.0,,,,,,8.0,8.0,4.0,30.0,1.0,,23.0,,12.0,15.0,2.0
237215,,,,,,,,196.0,,89.0,,,,,,27.0,5.0,5.0,14.0,1.0,,14.0,,29.0,5.0,
237242,,,,,,,,25.0,,12.0,,,,,,,,,1.0,3.0,,,,,3.0,4.0
237303,,,,,,,,11.0,,6.0,,,,,,1.0,0.0,,,,,,1.0,1.0,1.0,
237312,,,,,,,,391.0,,145.0,,,,,,42.0,6.0,15.0,42.0,,,66.0,3.0,28.0,,0.0
237321,,,,,,,,10.0,,5.0,,,,,,2.0,,,,,,,,2.0,0.0,
237330,,,,,,,,284.0,,138.0,,,,,,30.0,4.0,9.0,27.0,2.0,,15.0,,42.0,13.0,1.0
237358,,,,,,,,204.0,,58.0,1.0,,,,,10.0,8.0,7.0,20.0,4.0,,35.0,8.0,24.0,6.0,2.0
237367,,,,,,,,468.0,,215.0,,,,,,66.0,16.0,24.0,36.0,2.0,,28.0,,54.0,11.0,
237385,,,,,,,,208.0,,71.0,,,,,,16.0,12.0,6.0,30.0,4.0,,24.0,,18.0,11.0,3.0
237437,,,,,,,,33.0,,17.0,,,,,,2.0,1.0,1.0,,,,2.0,1.0,9.0,,
237473,,,,,,,,18.0,,13.0,,,,,,1.0,,,,,,3.0,,,,0.0
237491,,,,,,,,23.0,,15.0,,,,,,3.0,,,,,,2.0,,2.0,,
237525,,,,,,,,1795.0,,885.0,2.0,1.0,,,,74.0,119.0,90.0,162.0,2.0,,134.0,,158.0,79.0,
237543,,,,,,,,18.0,,7.0,,,,,,2.0,,,,,,3.0,,2.0,,
237552,,,,,,,,29.0,,9.0,,,,,,2.0,2.0,1.0,,,,8.0,2.0,1.0,4.0,
237561,,,,,,,,23.0,,8.0,,,,,,4.0,1.0,,,,,3.0,,3.0,,
237570,,,,,,,,14.0,,7.0,,,,,,1.0,1.0,2.0,,,,2.0,,0.0,,
237598,,,,,,,,17.0,,8.0,,,,,,1.0,1.0,,2.0,,,1.0,,3.0,,
237613,,,,,,,,10.0,,5.0,,,,,,1.0,1.0,,,,,1.0,,0.0,,
237640,,,,,,,,105.0,,40.0,,,,,,6.0,4.0,2.0,16.0,,,4.0,6.0,5.0,,
237686,,,,,,,,225.0,,114.0,,,,,,22.0,1.0,5.0,14.0,,,19.0,1.0,34.0,6.0,
237701,,,,,,,,183.0,,59.0,,,,,,20.0,1.0,4.0,16.0,3.0,,41.0,,20.0,11.0,1.0
237729,,,,,,,,11.0,,10.0,,,,,,1.0,,,,,,,,,,
237783,,,,,,,,124.0,,31.0,,,,,,8.0,10.0,3.0,17.0,,,13.0,19.0,4.0,10.0,
237792,,,,,,,,501.0,,189.0,,1.0,,,,51.0,30.0,16.0,31.0,6.0,,72.0,1.0,58.0,16.0,
237817,,,,,,,,198.0,,100.0,,,,,,20.0,10.0,7.0,14.0,,,4.0,,31.0,7.0,
237844,,,,,,,,34.0,,20.0,,,,,,4.0,,1.0,,5.0,,2.0,,2.0,,
237880,,,,,,,,275.0,,60.0,,,,,,41.0,14.0,28.0,23.0,4.0,,31.0,,59.0,9.0,
237899,,,,,,,,309.0,,135.0,,,,,,50.0,10.0,4.0,24.0,2.0,,14.0,,47.0,15.0,
237905,,,,,,,,10.0,,9.0,,,,,,1.0,,,,,,,,,,
237932,,,,,,,,288.0,,146.0,,,,,,31.0,4.0,3.0,43.0,4.0,,12.0,,28.0,7.0,
237950,,,,,,,,257.0,,100.0,,,,,,23.0,4.0,6.0,30.0,3.0,,43.0,,28.0,16.0,
237969,,,,,,,,319.0,,109.0,,,,,,30.0,9.0,10.0,49.0,5.0,,36.0,2.0,25.0,17.0,2.0
237978,,,,,,,,32.0,,13.0,,,,,,3.0,2.0,,,,,8.0,,6.0,,
237987,,,,,,,,22.0,,9.0,,,,,,2.0,1.0,1.0,,,,,4.0,4.0,,
237996,,,,,,,,38.0,,20.0,,,,,,2.0,2.0,3.0,,,,,6.0,5.0,,
238005,,,,,,,,9.0,,4.0,,,,,,,1.0,,,,,,,2.0,,
238014,,,,,,,,151.0,,77.0,,,,,,12.0,6.0,6.0,7.0,,,11.0,,20.0,3.0,
238032,,,,,,,,6060.0,,1630.0,78.0,733.0,,,,690.0,226.0,441.0,412.0,86.0,,624.0,1.0,681.0,317.0,35.0
238078,,,,,,,,281.0,,106.0,1.0,5.0,,,,17.0,29.0,7.0,16.0,3.0,,36.0,,23.0,,4.0
238096,,,,,,,,4.0,,3.0,,,,,,,,,,,,,,1.0,,
238166,,,,,,,,11.0,,6.0,,,,,,1.0,,,1.0,,,,,4.0,,
238175,,,,,,,,18.0,,7.0,,,,,,1.0,,,1.0,,,1.0,,8.0,,
238193,,,,,,,,355.0,,135.0,,,,,,69.0,7.0,18.0,31.0,1.0,,13.0,1.0,36.0,4.0,5.0
238263,,,,,,,,1351.0,,783.0,,,,,,94.0,48.0,57.0,72.0,,,74.0,,174.0,,
238324,,,,,,,,61.0,,24.0,,,,,,9.0,1.0,3.0,4.0,,,3.0,,8.0,1.0,
238333,,,,,,,,367.0,,125.0,,,,,,51.0,38.0,15.0,22.0,2.0,,39.0,,50.0,12.0,
238397,,,,,,,,316.0,,165.0,,,,,,41.0,13.0,12.0,7.0,,,7.0,,45.0,5.0,2.0
238430,,,,,,,,324.0,,133.0,,,,,,60.0,8.0,13.0,20.0,2.0,,14.0,,66.0,,
238458,,,,,,,,507.0,,223.0,,,,,,47.0,16.0,21.0,47.0,3.0,,51.0,,44.0,8.0,
238476,,,,,,,,452.0,,214.0,0.0,,,,,18.0,16.0,8.0,49.0,2.0,,39.0,1.0,44.0,10.0,
238573,,,,,,,,28.0,,19.0,,,,,,2.0,1.0,1.0,,,,,,2.0,,
238616,,,,,,,,809.0,,437.0,6.0,,,,,49.0,16.0,21.0,123.0,12.0,,46.0,,77.0,5.0,
238661,,,,,,,,448.0,,205.0,,,,,,36.0,25.0,20.0,49.0,4.0,,39.0,,34.0,,
238722,,,,,,,,973.0,,497.0,,,,,,116.0,28.0,71.0,11.0,,,31.0,,134.0,,8.0
238759,,,,,,,,601.0,,242.0,,,,,,56.0,28.0,45.0,56.0,2.0,,37.0,,89.0,12.0,1.0
238786,,,,,,,,7.0,,3.0,,,,,,0.0,1.0,,,,,,0.0,1.0,0.0,
238810,,,,,,,,6.0,,5.0,,,,,,0.0,0.0,,,,,,,1.0,,
238980,,,,,,,,291.0,,116.0,1.0,,,,,31.0,9.0,11.0,28.0,1.0,,40.0,19.0,15.0,6.0,2.0
239008,,,,,,,,294.0,,125.0,,,,,,54.0,9.0,14.0,12.0,3.0,,10.0,,51.0,,
239017,,,,,,,,489.0,,181.0,,,,,,43.0,22.0,23.0,47.0,1.0,,59.0,,57.0,15.0,1.0
239071,,,,,,,,145.0,,54.0,1.0,,,,,23.0,,6.0,5.0,1.0,,9.0,1.0,18.0,6.0,1.0
239080,,,,,,,,287.0,,144.0,,,,,,37.0,5.0,5.0,21.0,,,,,27.0,,
239105,,,,,,,,2368.0,,818.0,28.0,15.0,,,,92.0,207.0,151.0,259.0,29.0,,317.0,3.0,315.0,48.0,8.0
239169,,,,,,,,5003.0,,1656.0,,,,,,446.0,590.0,505.0,6.0,640.0,,251.0,,879.0,17.0,
239220,,,,,,,,243.0,,116.0,,,,,,32.0,6.0,9.0,23.0,,,12.0,,36.0,,
239248,,,,,,,,1527.0,,627.0,,,,,,121.0,78.0,46.0,74.0,,,156.0,9.0,160.0,10.0,10.0
239309,,,,,,,,139.0,,61.0,,,,,,23.0,5.0,4.0,4.0,,,8.0,,10.0,1.0,
239318,,,,,,,,417.0,,179.0,,,,,,36.0,24.0,35.0,28.0,3.0,,41.0,1.0,28.0,12.0,1.0
239372,,,,,,,,451.0,,186.0,,,,,,65.0,12.0,10.0,7.0,2.0,,20.0,2.0,112.0,4.0,1.0
239390,,,,,,,,230.0,,105.0,,,,,,22.0,18.0,12.0,16.0,,,7.0,,20.0,5.0,
239424,,,,,,,,26.0,,9.0,,,,,,1.0,2.0,,,,,,,7.0,3.0,
239442,,,,,,,,247.0,,85.0,,,,,,24.0,5.0,10.0,7.0,,,11.0,,29.0,3.0,
239460,,,,,,,,374.0,,139.0,,,,,,36.0,38.0,9.0,18.0,,,19.0,2.0,54.0,5.0,
239488,,,,,,,,801.0,,353.0,,,,,,73.0,47.0,31.0,34.0,2.0,,8.0,11.0,185.0,15.0,2.0
239512,,,,,,,,149.0,,58.0,,,,,,23.0,14.0,8.0,18.0,3.0,,,,12.0,,
239628,,,,,,,,167.0,,67.0,,,,,,20.0,10.0,5.0,22.0,,,7.0,,16.0,1.0,
239637,,,,,,,,46.0,,14.0,,,,,,5.0,1.0,1.0,,,,5.0,2.0,7.0,,
239716,,,,,,,,585.0,,152.0,,,,,,63.0,51.0,21.0,50.0,5.0,,115.0,,70.0,12.0,5.0
239743,,,,,,,,90.0,,39.0,,,,,,19.0,4.0,3.0,6.0,,,1.0,,9.0,,
239877,,,,,,,,7.0,,4.0,,,,,,1.0,2.0,,,,,,,0.0,,
239910,,,,,,,,178.0,,88.0,1.0,5.0,,,,17.0,15.0,11.0,,1.0,,25.0,6.0,6.0,,
239929,,,,,,,,53.0,,27.0,,,,,,5.0,1.0,1.0,9.0,,,,1.0,4.0,,
240055,,,,,,,,712.0,,370.0,,,,,,60.0,29.0,12.0,91.0,,,44.0,,43.0,25.0,
240107,,,,,,,,360.0,,174.0,,,,,,29.0,12.0,11.0,34.0,,,21.0,,37.0,5.0,
240116,,,,,,,,548.0,,296.0,,7.0,,,,43.0,17.0,24.0,38.0,2.0,,21.0,3.0,72.0,11.0,
240125,,,,,,,,679.0,,378.0,,,,,,74.0,13.0,17.0,35.0,,,17.0,,98.0,16.0,
240170,,,,,,,,638.0,,300.0,1.0,,,,,77.0,,10.0,,8.0,,23.0,,212.0,1.0,
240189,,,,,,,,1154.0,,525.0,,,,,,71.0,56.0,56.0,134.0,8.0,,115.0,,120.0,34.0,9.0
240198,,,,,,,,544.0,,280.0,,,,,,56.0,8.0,19.0,28.0,4.0,,27.0,5.0,82.0,,
240213,,,,,,,,15.0,,9.0,,,,,,3.0,,0.0,,,,,,3.0,,
240240,,,,,,,,16.0,,6.0,,,,,,5.0,1.0,,,,,,2.0,1.0,,
240268,,,,,,,,1034.0,,443.0,2.0,,,,,59.0,50.0,81.0,143.0,6.0,,87.0,,106.0,19.0,9.0
240277,,,,,,,,600.0,,212.0,1.0,,,,,49.0,30.0,44.0,99.0,2.0,,57.0,,64.0,14.0,6.0
240329,,,,,,,,1136.0,,514.0,,,,,,79.0,55.0,56.0,106.0,12.0,,120.0,,119.0,29.0,7.0
240338,,,,,,,,156.0,,61.0,,,,,,35.0,10.0,6.0,16.0,0.0,,3.0,,6.0,,1.0
240365,,,,,,,,1227.0,,486.0,1.0,,,,,90.0,64.0,63.0,190.0,10.0,,102.0,1.0,137.0,29.0,8.0
240374,,,,,,,,467.0,,184.0,,,,,,36.0,31.0,24.0,53.0,3.0,,44.0,,58.0,12.0,8.0
240392,,,,,,,,423.0,,165.0,,,,,,26.0,14.0,14.0,,,,0.0,7.0,8.0,,
240417,,,,,,,,1010.0,,384.0,1.0,,,,,68.0,63.0,63.0,115.0,11.0,,100.0,,126.0,26.0,13.0
240426,,,,,,,,360.0,,133.0,1.0,,,,,37.0,21.0,31.0,48.0,,,7.0,,40.0,12.0,7.0
240435,,,,,,,,276.0,,,,,,,,65.0,81.0,98.0,8.0,,,,,24.0,,
240444,,,,,,,,14727.0,,3738.0,1136.0,,,,,665.0,1233.0,3048.0,1102.0,550.0,,1197.0,8.0,1087.0,458.0,169.0
240453,,,,,,,,3017.0,,1192.0,102.0,,,,,192.0,259.0,267.0,344.0,19.0,,233.0,1.0,256.0,61.0,27.0
240462,,,,,,,,878.0,,344.0,1.0,,,,,71.0,57.0,63.0,74.0,4.0,,102.0,,109.0,18.0,10.0
240471,,,,,,,,598.0,,258.0,,,,,,49.0,37.0,35.0,66.0,1.0,,39.0,,62.0,21.0,7.0
240480,,,,,,,,1057.0,,389.0,2.0,,,,,71.0,66.0,73.0,121.0,19.0,,117.0,,117.0,32.0,10.0
240505,,,,,,,,447.0,,197.0,,,,,,42.0,6.0,13.0,18.0,2.0,,60.0,,74.0,9.0,1.0
240514,,,,,,,,240.0,,72.0,,,,,,34.0,2.0,8.0,31.0,,,29.0,,30.0,5.0,1.0
240596,,,,,,,,153.0,,63.0,1.0,7.0,,,,19.0,5.0,3.0,6.0,,,23.0,2.0,13.0,2.0,1.0
240620,,,,,,,,476.0,,183.0,1.0,,,,,43.0,15.0,15.0,21.0,1.0,,44.0,,49.0,14.0,2.0
240657,,,,,,,,218.0,,96.0,,,,,,14.0,8.0,8.0,8.0,1.0,,25.0,0.0,31.0,13.0,1.0
240666,,,,,,,,382.0,,162.0,,,,,,45.0,6.0,15.0,24.0,3.0,,44.0,1.0,28.0,1.0,4.0
240693,,,,,,,,400.0,,180.0,,,,,,30.0,1.0,12.0,43.0,,,36.0,4.0,57.0,8.0,2.0
240709,,,,,,,,10.0,,5.0,,,,,,1.0,2.0,,,,,,,1.0,,
240718,,,,,,,,62.0,,32.0,,,,,,2.0,,,,,,2.0,,4.0,,
240727,,,,,,,,2826.0,,766.0,195.0,77.0,,,,117.0,182.0,188.0,228.0,130.0,,234.0,17.0,304.0,120.0,66.0
240736,,,,,,,,279.0,,66.0,6.0,3.0,,,,23.0,24.0,17.0,16.0,,,23.0,,24.0,32.0,
240745,,,,,,,,275.0,,88.0,,,,,,35.0,26.0,9.0,1.0,2.0,,,2.0,45.0,8.0,1.0
240754,,,,,,,,615.0,,196.0,25.0,11.0,,,,36.0,25.0,47.0,50.0,1.0,,25.0,1.0,102.0,38.0,1.0
240790,,,,,,,,151.0,,41.0,,5.0,,,,27.0,,4.0,10.0,,,,1.0,51.0,2.0,
240879,,,,,,,,26.0,,5.0,,,,,,2.0,3.0,1.0,,,,2.0,4.0,3.0,3.0,
240985,,,,,,,,34.0,,10.0,0.0,,,,,3.0,1.0,,1.0,,,1.0,6.0,3.0,2.0,
241100,,,,,,,,99.0,,26.0,,,,,,19.0,1.0,5.0,1.0,,,13.0,,25.0,,4.0
241128,,,,,,,,68.0,,29.0,,,,,,3.0,,2.0,1.0,,,11.0,,15.0,,3.0
241146,,,,,,,,109.0,,38.0,,,,,,9.0,2.0,1.0,,,,,21.0,21.0,5.0,2.0
241182,,,,,,,,72.0,,23.0,,,,,,9.0,1.0,1.0,2.0,0.0,,7.0,8.0,2.0,3.0,1.0
241191,,,,,,,,161.0,,64.0,,,,,,32.0,5.0,3.0,,1.0,,13.0,,33.0,7.0,
241216,,,,,,,,106.0,,57.0,,,,,,3.0,,12.0,2.0,,,2.0,,9.0,,
241225,,,,,,,,191.0,,72.0,,,,,,26.0,10.0,11.0,10.0,1.0,,,5.0,20.0,7.0,3.0
241304,,,,,,,,125.0,,61.0,,,,,,26.0,1.0,3.0,8.0,,,,,7.0,2.0,
241331,,,,,,,,207.0,,91.0,,,,,,47.0,8.0,8.0,,,,,4.0,36.0,10.0,
241377,,,,,,,,185.0,,81.0,1.0,1.0,,,,28.0,11.0,7.0,8.0,2.0,,2.0,1.0,26.0,2.0,1.0
241386,,,,,,,,44.0,,31.0,,,,,,1.0,,,1.0,,,,1.0,5.0,,
241395,,,,,,,,82.0,,38.0,,,,,,14.0,,4.0,,1.0,,4.0,1.0,14.0,2.0,1.0
241410,,,,,,,,813.0,,288.0,,8.0,,,,102.0,18.0,39.0,26.0,6.0,,63.0,6.0,190.0,25.0,2.0
241517,,,,,,,,95.0,,30.0,,,,,,23.0,16.0,,3.0,2.0,,4.0,3.0,11.0,0.0,1.0
241614,,,,,,,,52.0,,29.0,,,,,,6.0,3.0,,3.0,,,1.0,,4.0,0.0,
241720,,,,,,,,203.0,,76.0,,,,,,12.0,,10.0,5.0,,,22.0,,50.0,4.0,
241739,,,,,,,,987.0,,462.0,,,,,,131.0,1.0,21.0,1.0,2.0,,10.0,,303.0,10.0,2.0
241766,,,,,,,,130.0,,59.0,,,,,,14.0,1.0,1.0,4.0,,,,,30.0,5.0,
241793,,,,,,,,28.0,,11.0,,,,,,4.0,1.0,0.0,0.0,,,,,4.0,4.0,
241836,,,,,,,,94.0,,27.0,,,,,,15.0,3.0,2.0,1.0,,,14.0,5.0,8.0,8.0,
241906,,,,,,,,44.0,,23.0,,,,,,2.0,2.0,,,,,3.0,,12.0,2.0,
241951,,,,,,,,77.0,,35.0,1.0,,,,,9.0,5.0,3.0,2.0,,,5.0,,11.0,1.0,
242042,,,,,,,,60.0,,50.0,,,,,,1.0,,,1.0,,,,,4.0,2.0,
242060,,,,,,,,426.0,,,3.0,,,,,129.0,40.0,51.0,30.0,1.0,,1.0,,162.0,5.0,4.0
242112,,,,,,,,119.0,,40.0,,,,,,21.0,3.0,4.0,4.0,,,10.0,6.0,29.0,,
242121,,,,,,,,45.0,,15.0,,,,,,5.0,2.0,2.0,,,,,,1.0,2.0,
242130,,,,,,,,36.0,,19.0,,,,,,1.0,,1.0,1.0,,,,4.0,6.0,1.0,
242149,,,,,,,,42.0,,21.0,,,,,,2.0,,2.0,,,,,5.0,7.0,1.0,
242316,,,,,,,,19.0,,4.0,,,,,,1.0,2.0,,1.0,,,,,7.0,3.0,
242413,,,,,,,,26.0,,7.0,,,,,,5.0,1.0,0.0,0.0,,,3.0,2.0,4.0,,
242422,,,,,,,,1013.0,,319.0,138.0,,,,,145.0,27.0,15.0,109.0,,,21.0,110.0,107.0,4.0,1.0
242556,,,,,,,,86.0,,53.0,,,,,,2.0,4.0,,1.0,1.0,,3.0,,7.0,1.0,
242565,,,,,,,,51.0,,27.0,,,,,,1.0,,,,,,,,10.0,7.0,
242583,,,,,,,,73.0,,54.0,,,,,,1.0,,,4.0,1.0,,,,6.0,5.0,
242617,,,,,,,,448.0,,185.0,,6.0,,,,44.0,6.0,28.0,4.0,,,64.0,,88.0,1.0,
242626,,,,,,,,285.0,,127.0,,3.0,,,,36.0,2.0,18.0,2.0,,,21.0,,47.0,,
242635,,,,,,,,347.0,,160.0,,4.0,,,,33.0,4.0,27.0,5.0,,,20.0,2.0,57.0,,
242644,,,,,,,,156.0,,69.0,1.0,3.0,,,,18.0,1.0,18.0,1.0,,,18.0,,24.0,,
242653,,,,,,,,686.0,,335.0,2.0,8.0,,,,66.0,10.0,18.0,8.0,1.0,,31.0,2.0,117.0,5.0,
242662,,,,,,,,396.0,,171.0,,8.0,,,,42.0,5.0,26.0,6.0,,,27.0,,64.0,1.0,
242671,,,,,,,,247.0,,,,7.0,,,,75.0,39.0,17.0,7.0,,,13.0,2.0,81.0,4.0,1.0
242680,,,,,,,,169.0,,70.0,,4.0,,,,23.0,2.0,11.0,3.0,,,14.0,,36.0,,
242699,,,,,,,,183.0,,81.0,,3.0,,,,22.0,2.0,11.0,3.0,,,15.0,,40.0,2.0,
242705,,,,,,,,307.0,,165.0,,,,,,30.0,2.0,19.0,4.0,,,12.0,2.0,56.0,6.0,3.0
242723,,,,,,,,139.0,,52.0,,8.0,,,,19.0,1.0,1.0,2.0,,,17.0,,22.0,3.0,
242750,,,,,,,,19.0,,10.0,,,,,,1.0,1.0,,,,,,1.0,6.0,,
242820,,,,,,,,84.0,,20.0,,,,,,10.0,5.0,3.0,,,,7.0,8.0,24.0,,
242945,,,,,,,,32.0,,10.0,,,,,,4.0,1.0,1.0,,,,,1.0,9.0,4.0,
242954,,,,,,,,7.0,,3.0,,,,,,1.0,,,,,,1.0,,1.0,0.0,
242972,,,,,,,,438.0,,144.0,,,,,,76.0,11.0,8.0,43.0,3.0,,,46.0,83.0,2.0,
242981,,,,,,,,111.0,,44.0,,,,,,22.0,,2.0,7.0,3.0,,,10.0,19.0,0.0,
243072,,,,,,,,147.0,,77.0,,,,,,15.0,2.0,,,1.0,,,1.0,9.0,,
243081,,,,,,,,475.0,,214.0,48.0,34.0,,,,19.0,12.0,11.0,6.0,7.0,,31.0,,72.0,11.0,2.0
243106,,,,,,,,354.0,,141.0,,,,,,15.0,16.0,26.0,,1.0,,12.0,,95.0,31.0,3.0
243115,,,,,,,,467.0,,183.0,3.0,,,,,46.0,14.0,28.0,8.0,5.0,,35.0,,82.0,35.0,9.0
243133,,,,,,,,502.0,,215.0,,,,,,36.0,10.0,30.0,8.0,3.0,,44.0,,106.0,28.0,2.0
243142,,,,,,,,385.0,,143.0,2.0,,,,,27.0,19.0,29.0,9.0,2.0,,28.0,4.0,81.0,13.0,4.0
243151,,,,,,,,501.0,,167.0,5.0,,,,,27.0,17.0,33.0,9.0,2.0,,56.0,,92.0,56.0,11.0
243160,,,,,,,,508.0,,,15.0,,,,,105.0,65.0,57.0,10.0,7.0,,36.0,,152.0,43.0,5.0
243179,,,,,,,,556.0,,193.0,6.0,,,,,54.0,19.0,43.0,16.0,5.0,,58.0,,110.0,29.0,9.0
243188,,,,,,,,250.0,,78.0,,,,,,21.0,11.0,20.0,3.0,2.0,,21.0,,45.0,36.0,3.0
243197,,,,,,,,2615.0,,585.0,102.0,167.0,,,,179.0,82.0,149.0,61.0,17.0,,240.0,1.0,568.0,342.0,67.0
243203,,,,,,,,2131.0,,754.0,76.0,,,,,128.0,83.0,95.0,32.0,119.0,,140.0,,548.0,89.0,18.0
243212,,,,,,,,393.0,,134.0,,,,,,43.0,12.0,25.0,5.0,3.0,,21.0,,90.0,35.0,5.0
243221,,,,,,,,2862.0,,1113.0,27.0,75.0,,,,139.0,66.0,106.0,37.0,19.0,,331.0,,583.0,190.0,49.0
243346,,,,,,,,930.0,,449.0,,,,,,118.0,1.0,19.0,,2.0,,2.0,,286.0,,1.0
243443,,,,,,,,425.0,,160.0,3.0,,,,,46.0,5.0,13.0,32.0,,,,11.0,96.0,21.0,4.0
243498,,,,,,,,27.0,,12.0,,,,,,2.0,2.0,,,,,,,4.0,3.0,
243568,,,,,,,,298.0,,47.0,22.0,24.0,,,,19.0,19.0,43.0,10.0,7.0,,6.0,,71.0,12.0,2.0
243577,,,,,,,,360.0,,157.0,,,,,,22.0,8.0,32.0,8.0,,,10.0,,74.0,12.0,2.0
243586,,,,,,,,100.0,,50.0,,,,,,13.0,,5.0,2.0,1.0,,3.0,3.0,15.0,4.0,
243601,,,,,,,,1037.0,,495.0,,,,,,136.0,,18.0,3.0,1.0,,,,298.0,,1.0
243638,,,,,,,,427.0,,106.0,4.0,22.0,,,,40.0,20.0,14.0,12.0,5.0,,94.0,,52.0,7.0,5.0
243647,,,,,,,,166.0,,44.0,6.0,1.0,,,,23.0,4.0,3.0,1.0,,,24.0,2.0,19.0,9.0,
243665,,,,,,,,524.0,,149.0,13.0,93.0,,,,53.0,43.0,18.0,9.0,2.0,,54.0,2.0,41.0,17.0,0.0
243744,,,,,,,,14432.0,,3461.0,1568.0,,,,,1017.0,2611.0,1881.0,861.0,102.0,,570.0,,1635.0,330.0,
243780,,,,,,,,10440.0,,2118.0,454.0,192.0,,,,211.0,1422.0,1464.0,479.0,275.0,,1692.0,4.0,1262.0,436.0,79.0
243799,,,,,,,,11.0,,5.0,,,,,,2.0,,,1.0,0.0,,0.0,,2.0,,
243823,,,,,,,,238.0,,87.0,1.0,,,,,44.0,8.0,16.0,4.0,4.0,,9.0,5.0,33.0,,
243832,,,,,,,,183.0,,41.0,,,,,,41.0,4.0,8.0,5.0,,,8.0,14.0,34.0,10.0,
243841,,,,,,,,81.0,,29.0,,,,,,14.0,1.0,4.0,2.0,,,,7.0,18.0,1.0,
244233,,,,,,,,76.0,,32.0,,,,,,13.0,4.0,1.0,13.0,,,,,7.0,2.0,
244279,,,,,,,,15.0,,7.0,,,,,,2.0,1.0,,,,,,2.0,1.0,0.0,
244437,,,,,,,,741.0,,566.0,,,,,,47.0,11.0,19.0,,7.0,,1.0,,66.0,1.0,
244446,,,,,,,,477.0,,237.0,,,,,,19.0,39.0,20.0,25.0,,,26.0,,62.0,,
244561,,,,,,,,17.0,,6.0,,,,,,2.0,3.0,,,,,,2.0,1.0,1.0,
244613,,,,,,,,19.0,,10.0,,,,,,2.0,1.0,,,,,,2.0,2.0,,2.0
245069,,,,,,,,8.0,,4.0,,,,,,1.0,1.0,,,,,,,1.0,,
245281,,,,,,,,2.0,,1.0,,,,,,,,,,,,,,1.0,,
245290,,,,,,,,13.0,,5.0,,,,,,,2.0,,1.0,,,,,,,
245342,,,,,,,,79.0,,38.0,,,,,,2.0,5.0,,,,,4.0,8.0,2.0,,
245421,,,,,,,,7.0,,4.0,,,,,,,,,,,,,,3.0,,
245430,,,,,,,,13.0,,8.0,,,,,,1.0,,1.0,,,,,1.0,2.0,,
245625,,,,,,,,95.0,,51.0,1.0,3.0,,,,6.0,4.0,1.0,1.0,,,3.0,,10.0,,
245652,,,,,,,,141.0,,45.0,,,,,,26.0,3.0,6.0,4.0,0.0,,23.0,5.0,25.0,,0.0
245731,,,,,,,,5.0,,2.0,,,,,,,0.0,,,,,1.0,,1.0,,
245777,,,,,,,,6.0,,4.0,,,,,,,0.0,,,,,1.0,,0.0,,
245838,,,,,,,,116.0,,76.0,,,,,,7.0,,,2.0,,,2.0,,24.0,,
245847,,,,,,,,53.0,,34.0,,,,,,5.0,,,4.0,,,0.0,,6.0,,
245865,,,,,,,,104.0,,69.0,,,,,,14.0,2.0,1.0,,,,4.0,,12.0,,
245883,,,,,,,,82.0,,58.0,,,,,,9.0,,,,,,2.0,,12.0,,
245892,,,,,,,,32.0,,15.0,,,,,,7.0,,,,,,2.0,,7.0,,
245953,,,,,,,,335.0,,175.0,,,,,,37.0,10.0,6.0,12.0,2.0,,6.0,,27.0,,
245962,,,,,,,,51.0,,27.0,,,,,,7.0,3.0,,,,,2.0,6.0,5.0,,
245980,,,,,,,,6.0,,2.0,,,,,,1.0,1.0,,,,,0.0,,1.0,,
245999,,,,,,,,357.0,,29.0,,,,,,33.0,22.0,17.0,14.0,1.0,,29.0,,90.0,13.0,3.0
246017,,,,,,,,175.0,,61.0,,,,,,16.0,3.0,3.0,2.0,,,21.0,,20.0,7.0,18.0
246035,,,,,,,,19.0,,4.0,,,,,,8.0,,,,,,,,,,
246071,,,,,,,,10.0,,7.0,,,,,,1.0,1.0,,,,,,,1.0,,
246202,,,,,,,,41.0,,18.0,,,,,,8.0,,,10.0,,,,,1.0,,
246266,,,,,,,,52.0,,22.0,,,,,,8.0,4.0,,12.0,,,1.0,,1.0,,
246345,,,,,,,,20.0,,10.0,,,,,,3.0,0.0,,,,,,,1.0,,
246354,,,,,,,,389.0,,166.0,,,,,,9.0,9.0,12.0,9.0,,,22.0,,38.0,9.0,
246406,,,,,,,,8.0,,2.0,,,,,,2.0,,,,,,,,,1.0,
246415,,,,,,,,8.0,,3.0,,,,,,1.0,1.0,,,,,1.0,1.0,1.0,0.0,
246789,,,,,,,,21.0,,7.0,,,,,,4.0,1.0,0.0,0.0,,,2.0,,0.0,2.0,0.0
246813,,,,,,,,361.0,,194.0,,3.0,,,,13.0,20.0,22.0,2.0,,,21.0,,35.0,,0.0
246895,,,,,,,,58.0,,31.0,,,,,,4.0,,,1.0,,,3.0,,15.0,1.0,
246974,,,,,,,,32.0,,11.0,,,,,,10.0,,,,,,2.0,,3.0,,
247010,,,,,,,,4.0,,2.0,,,,,,0.0,0.0,,,,,,,1.0,,
247047,,,,,,,,10.0,,6.0,,,,,,2.0,,,,,,,2.0,,,
247065,,,,,,,,78.0,,34.0,,,,,,11.0,10.0,2.0,,,,,15.0,,2.0,
247083,,,,,,,,14.0,,,,,,,,8.0,2.0,,,,,,,4.0,,
247153,,,,,,,,26.0,,10.0,,,,,,1.0,,,,,,,,2.0,,
247162,,,,,,,,15.0,,5.0,,,,,,3.0,1.0,,,,,1.0,,4.0,,
247409,,,,,,,,18.0,,10.0,,,,,,3.0,,,,,,,,1.0,,
247603,,,,,,,,189.0,,94.0,,,,,,19.0,7.0,4.0,6.0,0.0,,,,39.0,7.0,
247649,,,,,,,,201.0,,80.0,4.0,,,,,26.0,7.0,8.0,9.0,1.0,,23.0,2.0,12.0,3.0,1.0
247700,,,,,,,,29.0,,14.0,,,,,,2.0,,,,,,,,2.0,,
247737,,,,,,,,42.0,,,,,,,,17.0,5.0,2.0,,,,,,5.0,,
247773,,,,,,,,9.0,,6.0,,,,,,1.0,1.0,,,,,1.0,,0.0,,
247825,,,,,,,,10.0,,4.0,,,,,,1.0,1.0,,,,,,,3.0,,
247834,,,,,,,,1449.0,,698.0,,,,,,93.0,34.0,61.0,52.0,,,50.0,,169.0,33.0,1.0
247940,,,,,,,,242.0,,116.0,,,,,,21.0,7.0,5.0,20.0,,,16.0,,35.0,,
248192,,,,,,,,2.0,,1.0,,,,,,,,,,,,,,1.0,,
248305,,,,,,,,7.0,,4.0,,,,,,1.0,,,,,,,,1.0,,
248527,,,,,,,,6.0,,2.0,,,,,,2.0,,,,,,1.0,,1.0,,
248606,,,,,,,,241.0,,10.0,,,,,,17.0,8.0,7.0,4.0,5.0,,20.0,,99.0,10.0,10.0
248624,,,,,,,,11.0,,4.0,,,,,,1.0,,,,4.0,,,,2.0,,
248633,,,,,,,,6.0,,4.0,,,,,,1.0,,,,,,,,1.0,,
248660,,,,,,,,24.0,,6.0,,,,,,4.0,3.0,,,,,,2.0,8.0,,
248703,,,,,,,,13.0,,7.0,,,,,,1.0,,,,,,,2.0,,,
248846,,,,,,,,31.0,,10.0,,,,,,5.0,2.0,,4.0,1.0,,0.0,,4.0,2.0,
248882,,,,,,,,21.0,,9.0,,,,,,3.0,,,,,,,,2.0,,
248925,,,,,,,,75.0,,49.0,,,,,,8.0,,1.0,,,,,,12.0,5.0,
248934,,,,,,,,1187.0,,604.0,2.0,,,,,115.0,21.0,40.0,6.0,,,7.0,,58.0,,
249140,,,,,,,,27.0,,12.0,,,,,,4.0,,,,,,,,1.0,1.0,
249238,,,,,,,,40.0,,20.0,,,,,,6.0,,,,,,,6.0,7.0,1.0,
249566,,,,,,,,30.0,,13.0,,,,,,5.0,1.0,,,1.0,,,3.0,1.0,1.0,
249609,,,,,,,,23.0,,13.0,,,,,,6.0,1.0,0.0,,,,,2.0,,,
250027,,,,,,,,41.0,,23.0,,,,,,4.0,3.0,,,,,,,4.0,1.0,
250072,,,,,,,,27.0,,4.0,,,,,,2.0,6.0,,,,,3.0,2.0,6.0,2.0,
250285,,,,,,,,44.0,,19.0,,,,,,7.0,,,,,,,,18.0,,
250601,,,,,,,,48.0,,24.0,,,,,,8.0,,,,,,,,3.0,,
250744,,,,,,,,44.0,,14.0,,,,,,1.0,,,,,,,,4.0,,
250902,,,,,,,,5.0,,3.0,,,,,,1.0,1.0,,,,,,,0.0,,
250993,,,,,,,,58.0,,24.0,,,,,,4.0,,,,,,9.0,,9.0,,
251075,,,,,,,,21.0,,5.0,,,,,,6.0,,,7.0,,,0.0,,,,
251260,,,,,,,,283.0,,160.0,,,,,,6.0,8.0,6.0,3.0,,,32.0,,60.0,,
251312,,,,,,,,124.0,,63.0,,,,,,25.0,,,,,,,,7.0,3.0,
260293,,,,,,,,13.0,,11.0,,,,,,,,,,,,,,1.0,,
260336,,,,,,,,9.0,,3.0,,,,,,1.0,,,,,,,,2.0,1.0,
260354,,,,,,,,13.0,,5.0,,,,,,1.0,1.0,1.0,,,,1.0,2.0,2.0,,
260363,,,,,,,,4.0,,2.0,,,,,,1.0,,,,,,,,1.0,,
260372,,,,,,,,63.0,,20.0,,,,,,18.0,3.0,2.0,,,,,,3.0,3.0,
260381,,,,,,,,1033.0,,,,321.0,,,,69.0,131.0,144.0,185.0,,,18.0,,84.0,2.0,
260664,,,,,,,,15.0,,11.0,,,,,,,,,,,,,,,,
260691,,,,,,,,72.0,,43.0,,,,,,3.0,,,,,,,,16.0,,
260789,,,,,,,,67.0,,27.0,,,,,,12.0,5.0,,,,,7.0,8.0,7.0,,
260813,,,,,,,,36.0,,18.0,,,,,,3.0,4.0,1.0,,3.0,,,3.0,1.0,,
260901,,,,,,,,1642.0,,985.0,,,,,,99.0,25.0,2.0,42.0,,,,,7.0,,
260910,,,,,,,,22.0,,9.0,,,,,,4.0,,1.0,3.0,,,,,,,
260929,,,,,,,,19.0,,11.0,,,,,,1.0,,,,,,,4.0,3.0,0.0,
260947,,,,,,,,7.0,,4.0,,,,,,,0.0,,,,,,,,,
260965,,,,,,,,8.0,,5.0,,,,,,1.0,,,,,,,,2.0,,
261436,,,,,,,,146.0,,49.0,,,,,,16.0,30.0,1.0,,,,,17.0,17.0,6.0,
261676,,,,,,,,12.0,,5.0,,,,,,2.0,,,,,,,,1.0,,
261685,,,,,,,,13.0,,7.0,,,,,,3.0,,,,,,,,0.0,,
261719,,,,,,,,17.0,,6.0,,,,,,1.0,,,,,,,,2.0,,
261773,,,,,,,,20.0,,12.0,,,,,,2.0,1.0,,,,,1.0,,3.0,,
261861,,,,,,,,13.0,,5.0,,,,,,3.0,1.0,,,,,0.0,1.0,2.0,,
262022,,,,,,,,23.0,,10.0,,,,,,,,,3.0,,,,,6.0,,
262031,,,,,,,,573.0,,204.0,,,,,,33.0,17.0,23.0,31.0,1.0,,72.0,5.0,80.0,13.0,
262086,,,,,,,,699.0,,285.0,,,,,,170.0,27.0,22.0,1.0,,,,,15.0,,
262129,,,,,,,,292.0,,86.0,,,,,,55.0,5.0,26.0,5.0,,,35.0,,52.0,15.0,
262332,,,,,,,,34.0,,21.0,,,,,,2.0,5.0,,,,,,,1.0,,
262341,,,,,,,,74.0,,29.0,,,,,,6.0,4.0,1.0,3.0,,,,,13.0,2.0,
262369,,,,,,,,14.0,,6.0,,,,,,2.0,1.0,,,,,,,1.0,1.0,
262402,,,,,,,,9.0,,4.0,,,,,,,1.0,,,,,,,5.0,,
262466,,,,,,,,20.0,,12.0,,,,,,3.0,,1.0,,,,,,1.0,,
362700,,,,,,,,32.0,,14.0,,,,,,2.0,3.0,,,,,,,5.0,,
362782,,,,,,,,24.0,,13.0,,,,,,2.0,3.0,,,,,,0.0,4.0,,
363013,,,,,,,,9.0,,3.0,,,,,,2.0,,,,,,,,0.0,,
363077,,,,,,,,16.0,,12.0,,,,,,,,,,,,1.0,1.0,2.0,,
363147,,,,,,,,6.0,,2.0,,,,,,2.0,,,,,,,,2.0,,
363165,,,,,,,,340.0,,101.0,,,,,,31.0,24.0,8.0,23.0,,,18.0,,53.0,7.0,24.0
363439,,,,,,,,33.0,,10.0,,,,,,4.0,,,,,,,,12.0,1.0,
363590,,,,,,,,26.0,,9.0,,,,,,1.0,,,1.0,,,,,1.0,,
363633,,,,,,,,147.0,,49.0,,,,,,25.0,9.0,6.0,10.0,3.0,,16.0,2.0,20.0,1.0,1.0
363679,,,,,,,,15.0,,10.0,,,,,,1.0,,,,,,1.0,1.0,2.0,,
363712,,,,,,,,6.0,,5.0,,,,,,,,,,,,1.0,,,,
363721,,,,,,,,65.0,,33.0,,1.0,,,,6.0,3.0,3.0,1.0,,,,,6.0,,
363882,,,,,,,,4.0,,2.0,,,,,,1.0,,,,,,,,1.0,,
363907,,,,,,,,87.0,,69.0,,,,,,2.0,,2.0,1.0,,,,1.0,7.0,,
363916,,,,,,,,41.0,,25.0,,,,,,1.0,,1.0,1.0,,,,1.0,6.0,,
363934,,,,,,,,127.0,,53.0,,,,,,5.0,10.0,7.0,3.0,,,2.0,,2.0,,
364016,,,,,,,,425.0,,234.0,,,,,,17.0,5.0,17.0,22.0,1.0,,16.0,,91.0,7.0,
364025,,,,,,,,558.0,,284.0,,,,,,20.0,10.0,14.0,31.0,1.0,,35.0,,113.0,10.0,
364122,,,,,,,,1.0,,1.0,,,,,,,,,,,,,,,,
364168,,,,,,,,34.0,,15.0,,,,,,4.0,2.0,3.0,,,,,2.0,5.0,1.0,
364548,,,,,,,,212.0,,106.0,,,,,,17.0,5.0,7.0,,,,28.0,,24.0,,
364575,,,,,,,,27.0,,19.0,,,,,,2.0,1.0,,,,,,,2.0,3.0,
364627,,,,,,,,92.0,,37.0,,,,,,14.0,4.0,2.0,3.0,1.0,,7.0,,9.0,9.0,
364636,,,,,,,,17.0,,8.0,,,,,,2.0,,,,,,,,1.0,3.0,
364751,,,,,,,,12.0,,5.0,,,,,,1.0,3.0,,,,,1.0,1.0,1.0,,
364760,,,,,,,,5.0,,2.0,,,,,,1.0,1.0,,,,,,1.0,0.0,,
364946,,,,,,,,110.0,,33.0,,,,,,5.0,6.0,3.0,,,,19.0,1.0,16.0,10.0,11.0
364955,,,,,,,,39.0,,13.0,,,,,,8.0,,,10.0,,,1.0,,2.0,,
364964,,,,,,,,11.0,,7.0,,,,,,,,,,,,,,3.0,,
364973,,,,,,,,21.0,,14.0,,,,,,1.0,2.0,,,,,,,1.0,,
365055,,,,,,,,24.0,,13.0,,,,,,6.0,1.0,,,,,,,1.0,,
365091,,,,,,,,14.0,,6.0,,,,,,1.0,1.0,,,,,,1.0,3.0,,
365125,,,,,,,,18.0,,11.0,,,,,,2.0,,,,,,,,1.0,,
365198,,,,,,,,90.0,,30.0,,,,,,11.0,1.0,4.0,1.0,0.0,,9.0,5.0,15.0,3.0,5.0
365204,,,,,,,,797.0,,331.0,,,,,,121.0,44.0,,,,,,128.0,100.0,,
365213,,,,,,,,106.0,,32.0,,,,,,10.0,1.0,4.0,7.0,,,11.0,,15.0,,
365240,,,,,,,,17.0,,15.0,,,,,,1.0,,,,,,,,1.0,,
365374,,,,,,,,250.0,,26.0,,,,,,22.0,4.0,8.0,4.0,,,23.0,,35.0,10.0,1.0
365383,,,,,,,,20.0,,14.0,,,,,,2.0,1.0,,,,,,,2.0,,
365426,,,,,,,,151.0,,137.0,,,,,,,,,,,,,,12.0,,
365480,,,,,,,,133.0,,9.0,,,,,,7.0,14.0,4.0,7.0,,,29.0,,17.0,,7.0
365505,,,,,,,,44.0,,28.0,,,,,,,3.0,2.0,3.0,4.0,,,,3.0,,
365693,,,,,,,,17.0,,9.0,,,,,,3.0,2.0,,,,,,,4.0,,
365763,,,,,,,,4.0,,4.0,,,,,,,,,,,,,,,,
365824,,,,,,,,16.0,,8.0,,,,,,3.0,,,,,,,,1.0,,
365833,,,,,,,,18.0,,10.0,,,,,,3.0,,,,,,,,1.0,,
366003,,,,,,,,29.0,,14.0,,,,,,3.0,1.0,1.0,,,,,1.0,2.0,,
366155,,,,,,,,1.0,,1.0,,,,,,,,,,,,,,,,
366191,,,,,,,,82.0,,35.0,,,,,,11.0,31.0,1.0,,,,,,1.0,3.0,
366252,,,,,,,,1038.0,,333.0,,,,,,76.0,49.0,55.0,52.0,17.0,,214.0,15.0,127.0,45.0,10.0
366261,,,,,,,,12.0,,7.0,,,,,,,,,,1.0,,,,2.0,,
366270,,,,,,,,32.0,,17.0,,,,,,1.0,2.0,,,,,1.0,5.0,4.0,,
366289,,,,,,,,15.0,,4.0,,,,,,2.0,,,,,,0.0,3.0,1.0,,
366340,,,,,,,,51.0,,9.0,1.0,1.0,,,,16.0,,,,,,6.0,,9.0,,
366368,,,,,,,,47.0,,22.0,,,,,,8.0,3.0,,1.0,,,7.0,,1.0,,
366395,,,,,,,,1614.0,,683.0,,,,,,169.0,14.0,18.0,37.0,12.0,,162.0,,184.0,52.0,13.0
366401,,,,,,,,317.0,,211.0,,,,,,13.0,10.0,8.0,11.0,,,,,57.0,,
366438,,,,,,,,8.0,,6.0,,,,,,1.0,,,,,,,,1.0,,
366465,,,,,,,,194.0,,96.0,,,,,,15.0,16.0,7.0,13.0,,,17.0,,26.0,,
366535,,,,,,,,48.0,,22.0,,,,,,8.0,1.0,1.0,,,,2.0,4.0,9.0,,
366553,,,,,,,,132.0,,79.0,,,,,,10.0,1.0,1.0,,,,1.0,,2.0,,
366571,,,,,,,,3.0,,2.0,,,,,,1.0,,,,,,,,0.0,,
366605,,,,,,,,19.0,,7.0,,,,,,7.0,,,,,,3.0,,1.0,,
366623,,,,,,,,42.0,,19.0,,,,,,4.0,1.0,2.0,,,,,,2.0,6.0,
366632,,,,,,,,4.0,,2.0,,,,,,1.0,0.0,,,,,,,1.0,,
366711,,,,,,,,1261.0,,488.0,,,,,,71.0,153.0,100.0,147.0,17.0,,25.0,,162.0,30.0,13.0
366748,,,,,,,,77.0,,36.0,,,,,,17.0,,,,,,0.0,,3.0,,
366793,,,,,,,,16.0,,7.0,,,,,,6.0,2.0,1.0,,,,,,,,
366960,,,,,,,,38.0,,14.0,,,,,,9.0,,,9.0,,,1.0,,2.0,,
367024,,,,,,,,62.0,,25.0,,,,,,6.0,1.0,1.0,11.0,,,,,1.0,,
367051,,,,,,,,9.0,,6.0,,,,,,1.0,2.0,,,,,,,,,
367088,,,,,,,,5.0,,2.0,,,,,,1.0,,,,,,,,1.0,,
367097,,,,,,,,10.0,,5.0,,,,,,1.0,1.0,,,,,,1.0,1.0,,
367103,,,,,,,,6.0,,3.0,,,,,,1.0,,,,,,,2.0,,,
367112,,,,,,,,32.0,,16.0,,,,,,4.0,1.0,,,1.0,,0.0,5.0,3.0,,
367158,,,,,,,,9.0,,2.0,,,,,,3.0,,,,,,,,0.0,,
367194,,,,,,,,102.0,,53.0,,,,,,9.0,6.0,5.0,3.0,,,6.0,7.0,2.0,1.0,
367334,,,,,,,,40.0,,14.0,,,,,,3.0,5.0,,,,,1.0,5.0,4.0,3.0,
367361,,,,,,,,14.0,,2.0,,,,,,2.0,,,,,,,2.0,2.0,,
367431,,,,,,,,3.0,,2.0,,,,,,1.0,,,,,,,,,,
367459,,,,,,,,524.0,,257.0,,,,,,46.0,38.0,27.0,20.0,,,24.0,2.0,49.0,10.0,2.0
367839,,,,,,,,65.0,,21.0,,,,,,12.0,1.0,1.0,4.0,,,7.0,,9.0,4.0,
367875,,,,,,,,63.0,,37.0,,,,,,4.0,1.0,1.0,,,,7.0,,9.0,,
367884,,,,,,,,187.0,,79.0,,,,,,26.0,2.0,12.0,,,,,2.0,15.0,4.0,
367936,,,,,,,,119.0,,71.0,,,,,,15.0,,,,,,,,4.0,,
367954,,,,,,,,302.0,,158.0,,,,,,39.0,12.0,10.0,,,,,,73.0,6.0,
367972,,,,,,,,11.0,,7.0,,,,,,2.0,,,,,,,,,,
367981,,,,,,,,7.0,,3.0,,,,,,2.0,,,,,,,,1.0,,
368036,,,,,,,,6.0,,4.0,,,,,,,1.0,,,,,,,1.0,,
368230,,,,,,,,8.0,,5.0,,,,,,1.0,,,,,,,,1.0,,
368364,,,,,,,,48.0,,21.0,,,,,,4.0,3.0,1.0,2.0,,,,,5.0,3.0,2.0
368407,,,,,,,,9.0,,6.0,,,,,,1.0,,,,,,,,2.0,,
368443,,,,,,,,107.0,,43.0,,,,,,4.0,,,,,,1.0,,40.0,,
368452,,,,,,,,30.0,,13.0,,,,,,3.0,1.0,,,,,,6.0,7.0,,0.0
368540,,,,,,,,3.0,,1.0,,,,,,1.0,,,,,,,1.0,,,
368629,,,,,,,,49.0,,28.0,,,,,,4.0,,,,,,,,11.0,,
368647,,,,,,,,8.0,,3.0,,,,,,2.0,,,,,,2.0,,1.0,,
368771,,,,,,,,13.0,,4.0,,,,,,4.0,,,,,,,1.0,4.0,,
368780,,,,,,,,31.0,,8.0,2.0,,,,,,,,,,,1.0,6.0,14.0,,
368832,,,,,,,,5.0,,2.0,,,,,,1.0,1.0,,,,,,,1.0,,
368911,,,,,,,,167.0,,81.0,,,,,,25.0,6.0,4.0,1.0,,,23.0,,8.0,,
369002,,,,,,,,46.0,,26.0,,3.0,,,,1.0,2.0,1.0,1.0,,,3.0,,2.0,1.0,
369109,,,,,,,,12.0,,5.0,,,,,,3.0,,,,,,,,3.0,,
369400,,,,,,,,189.0,,89.0,,,,,,20.0,70.0,1.0,,,,,,2.0,7.0,
369419,,,,,,,,117.0,,74.0,,,,,,4.0,,,1.0,,,12.0,,15.0,,
369446,,,,,,,,6.0,,3.0,,,,,,,1.0,,,,,0.0,,1.0,,
369455,,,,,,,,9.0,,6.0,,,,,,1.0,2.0,,,,,,,,,
369516,,,,,,,,46.0,,17.0,,,,,,10.0,,,,,,,8.0,1.0,,
369659,,,,,,,,80.0,,26.0,0.0,,,,,17.0,2.0,1.0,1.0,1.0,,1.0,,8.0,,
369668,,,,,,,,32.0,,20.0,,,,,,4.0,4.0,1.0,1.0,,,,,2.0,,
369686,,,,,,,,18.0,,6.0,,,,,,4.0,1.0,,,,,1.0,2.0,1.0,,
369695,,,,,,,,6.0,,4.0,,,,,,1.0,,,,,,,,1.0,,
369783,,,,,,,,47.0,,15.0,,,,,,11.0,,,,,,,,3.0,3.0,
369862,,,,,,,,18.0,,14.0,,,,,,3.0,,,,,,,,1.0,,
369905,,,,,,,,51.0,,26.0,,,,,,4.0,,1.0,9.0,,,0.0,,4.0,,
369950,,,,,,,,26.0,,13.0,,,,,,5.0,,,,,,,2.0,2.0,4.0,
371034,,,,,,,,4.0,,1.0,,,,,,1.0,,,,,,,,2.0,,
371052,,,,,,,,35.0,,15.0,,,,,,14.0,3.0,,,,,,,2.0,1.0,
371690,,,,,,,,45.0,,27.0,,,,,,3.0,2.0,1.0,,,,,,7.0,1.0,
371830,,,,,,,,6.0,,4.0,,,,,,1.0,,,,,,,,1.0,,
371928,,,,,,,,19.0,,7.0,,,,,,4.0,3.0,,,,,,1.0,1.0,,
371964,,,,,,,,22.0,,8.0,,,,,,2.0,1.0,,,,,,,,,
372000,,,,,,,,10.0,,4.0,,,,,,1.0,,,,,,3.0,,,,
372028,,,,,,,,9.0,,3.0,,,,,,1.0,,,,,,,,0.0,,
372073,,,,,,,,37.0,,13.0,,,,,,3.0,8.0,1.0,1.0,,,,,2.0,,
372082,,,,,,,,38.0,,17.0,,,,,,2.0,0.0,3.0,2.0,2.0,,3.0,,8.0,,
372240,,,,,,,,6.0,,2.0,,,,,,1.0,1.0,,,,,,,1.0,,
372329,,,,,,,,115.0,,46.0,,,,,,8.0,4.0,,,,,5.0,9.0,30.0,,
372356,,,,,,,,12.0,,6.0,,,,,,1.0,,,,,,,2.0,2.0,,
372462,,,,,,,,10.0,,5.0,,,,,,1.0,2.0,,,,,,,,,
372718,,,,,,,,26.0,,10.0,,,,,,1.0,,,,,,,,2.0,,
372921,,,,,,,,52.0,,29.0,,,,,,,5.0,,,,,,9.0,2.0,,
372958,,,,,,,,49.0,,19.0,,,,,,10.0,3.0,2.0,,,,,4.0,11.0,,
373058,,,,,,,,18.0,,7.0,,,,,,1.0,1.0,,,,,,2.0,1.0,,
373085,,,,,,,,23.0,,12.0,,,,,,5.0,,,,,,,,2.0,,
373216,,,,,,,,14.0,,4.0,,,,,,3.0,,,,,,,2.0,2.0,,
373456,,,,,,,,8.0,,2.0,,,,,,2.0,1.0,,,,,,,2.0,,
373526,,,,,,,,30.0,,17.0,,,,,,3.0,,,6.0,,,,,,,
373678,,,,,,,,16.0,,9.0,,,,,,2.0,1.0,,,,,,2.0,2.0,,
373696,,,,,,,,15.0,,9.0,,,,,,2.0,1.0,,,,,0.0,,3.0,,
373711,,,,,,,,7.0,,5.0,,,,,,1.0,,,,,,,,1.0,,
373784,,,,,,,,53.0,,22.0,,,,,,10.0,,,,,,,10.0,10.0,1.0,
374024,,,,,,,,51.0,,30.0,,,,,,3.0,1.0,2.0,0.0,,,0.0,,6.0,1.0,
374316,,,,,,,,9.0,,5.0,,,,,,,,,,,,,,4.0,,
374343,,,,,,,,5.0,,3.0,,,,,,1.0,1.0,,,,,,,,,
374574,,,,,,,,48.0,,23.0,,,,,,14.0,,1.0,,,,1.0,,7.0,,1.0
374592,,,,,,,,13.0,,5.0,,,,,,,,,,,,6.0,,2.0,,
374875,,,,,,,,67.0,,25.0,,,,,,10.0,,1.0,17.0,,,,,2.0,,
374927,,,,,,,,8.0,,6.0,,,,,,,,,,,,,,2.0,,
374972,,,,,,,,39.0,,20.0,,,,,,4.0,1.0,,6.0,,,1.0,,4.0,,
374990,,,,,,,,7.0,,4.0,,,,,,1.0,,,,,,,1.0,1.0,,
375106,,,,,,,,16.0,,7.0,,,,,,1.0,,,,,,,3.0,3.0,2.0,
375230,,,,,,,,8.0,,5.0,,,,,,1.0,0.0,,,,,1.0,,0.0,,
375300,,,,,,,,18.0,,9.0,,,,,,3.0,1.0,,,,,,1.0,1.0,,
375319,,,,,,,,8.0,,3.0,,,,,,1.0,1.0,,,,,,1.0,1.0,,
375373,,,,,,,,32.0,,21.0,,,,,,2.0,2.0,,1.0,,,,0.0,5.0,,
375407,,,,,,,,17.0,,11.0,,,,,,2.0,,,,,,,,3.0,,
375416,,,,,,,,76.0,,40.0,,,,,,10.0,3.0,1.0,,,,6.0,4.0,10.0,,
375489,,,,,,,,34.0,,21.0,,,,,,8.0,,,,,,,,,,
375540,,,,,,,,12.0,,5.0,,,,,,2.0,2.0,,,,,,,3.0,,
375568,,,,,,,,7.0,,3.0,,,,,,,,,,,,,,,0.0,
375656,,,,,,,,21.0,,,,,,,,3.0,,1.0,1.0,8.0,,1.0,,6.0,,0.0
375683,,,,,,,,124.0,,43.0,,,,,,13.0,4.0,4.0,,7.0,,8.0,2.0,8.0,19.0,
375692,,,,,,,,19.0,,6.0,,,,,,4.0,,,,1.0,,,,3.0,4.0,
375708,,,,,,,,23.0,,10.0,,,,,,,2.0,1.0,,2.0,,1.0,,2.0,1.0,1.0
375717,,,,,,,,24.0,,10.0,,,,,,3.0,,,,4.0,,,,3.0,3.0,
375726,,,,,,,,43.0,,17.0,,,,,,7.0,,,,2.0,,1.0,,10.0,2.0,
375735,,,,,,,,27.0,,15.0,,,,,,1.0,1.0,1.0,1.0,,,2.0,,2.0,1.0,
375744,,,,,,,,40.0,,15.0,,,,,,7.0,,,4.0,,,5.0,,7.0,,
375753,,,,,,,,3.0,,1.0,,,,,,,,,,,,1.0,,,,
375762,,,,,,,,15.0,,6.0,,,,,,1.0,,,,,,2.0,,2.0,,
375841,,,,,,,,13.0,,5.0,,,,,,,3.0,1.0,,,,,,2.0,,
375939,,,,,,,,36.0,,27.0,,,,,,2.0,1.0,,,,,,2.0,2.0,,
375966,,,,,,,,14.0,,11.0,,,,,,1.0,0.0,,,,,,,2.0,,
375984,,,,,,,,18.0,,9.0,,,,,,4.0,,,,,,,,2.0,1.0,
376224,,,,,,,,88.0,,26.0,,,,,,23.0,15.0,1.0,3.0,1.0,,5.0,3.0,10.0,,
376242,,,,,,,,55.0,,25.0,,,,,,3.0,2.0,1.0,2.0,2.0,,1.0,1.0,4.0,5.0,6.0
376288,,,,,,,,17.0,,4.0,,,,,,2.0,1.0,,,,,1.0,2.0,0.0,2.0,0.0
376321,,,,,,,,142.0,,37.0,,,,,,30.0,1.0,4.0,2.0,,,,20.0,32.0,1.0,
376330,,,,,,,,34.0,,19.0,,,,,,7.0,,,,,,,,5.0,,
376385,,,,,,,,93.0,,37.0,,,,,,12.0,1.0,1.0,3.0,1.0,,11.0,2.0,21.0,,
376446,,,,,,,,7.0,,4.0,,,,,,1.0,1.0,,,,,,1.0,,,
376631,,,,,,,,5.0,,2.0,,,,,,1.0,0.0,0.0,,,,,,1.0,,
376677,,,,,,,,14.0,,7.0,,,,,,,,,,,,,1.0,5.0,,
376695,,,,,,,,185.0,,62.0,4.0,8.0,,,,25.0,7.0,7.0,2.0,5.0,,23.0,1.0,8.0,12.0,3.0
377111,,,,,,,,55.0,,31.0,,,,,,11.0,,,,,,2.0,3.0,8.0,,
377193,,,,,,,,6.0,,2.0,,,,,,1.0,,,,,,0.0,1.0,1.0,,
377218,,,,,,,,21.0,,11.0,,,,,,2.0,1.0,,,,,0.0,1.0,5.0,,
377272,,,,,,,,15.0,,3.0,,,,,,2.0,3.0,,,,,,4.0,1.0,2.0,
377281,,,,,,,,21.0,,7.0,,,,,,4.0,3.0,,,,,,3.0,2.0,1.0,
377315,,,,,,,,9.0,,5.0,,,,,,2.0,1.0,,,,,,,1.0,,
377342,,,,,,,,53.0,,18.0,,,,,,8.0,5.0,,,,,,11.0,5.0,,
377449,,,,,,,,34.0,,13.0,,,,,,8.0,,,,,,,,13.0,,
377458,,,,,,,,32.0,,14.0,,,,,,5.0,,,,,,,,13.0,,
377485,,,,,,,,6.0,,4.0,,,,,,1.0,,,,,,,,1.0,,
377546,,,,,,,,16.0,,4.0,,,,,,3.0,1.0,,,,,1.0,4.0,3.0,,
377555,,,,,,,,628.0,,280.0,30.0,,,,,30.0,54.0,30.0,10.0,,,43.0,,46.0,15.0,1.0
377564,,,,,,,,553.0,,282.0,9.0,,,,,25.0,35.0,25.0,10.0,,,15.0,,58.0,15.0,0.0
377652,,,,,,,,24.0,,6.0,,,,,,2.0,,,,,,,3.0,9.0,0.0,
377661,,,,,,,,17.0,,5.0,,,,,,1.0,,,,,,,3.0,6.0,0.0,
377670,,,,,,,,15.0,,5.0,,,,,,1.0,,,,,,,2.0,6.0,,
377722,,,,,,,,62.0,,28.0,,,,,,10.0,4.0,,,,,1.0,,7.0,,
377759,,,,,,,,3.0,,1.0,,,,,,1.0,0.0,,,,,,,,,
378105,,,,,,,,19.0,,8.0,,,,,,1.0,2.0,,,,,,,2.0,,
378576,,,,,,,,88.0,,35.0,,,,,,13.0,3.0,3.0,2.0,,,,2.0,25.0,3.0,
378886,,,,,,,,10.0,,5.0,,,,,,2.0,1.0,,,,,,1.0,1.0,,
378956,,,,,,,,103.0,,34.0,,,,,,29.0,7.0,2.0,,,,,10.0,13.0,,
379621,,,,,,,,6.0,,3.0,,,,,,1.0,,,,,,,,2.0,,
379746,,,,,,,,5.0,,2.0,,,,,,2.0,,,,,,,,1.0,,
379782,,,,,,,,20.0,,8.0,,,,,,6.0,2.0,,0.0,,,,,2.0,,
380067,,,,,,,,7.0,,2.0,,,,,,3.0,,,,,,2.0,,0.0,,
380359,,,,,,,,63.0,,14.0,,,,,,20.0,4.0,4.0,5.0,,,,,8.0,1.0,2.0
380368,,,,,,,,95.0,,44.0,,,,,,5.0,4.0,2.0,3.0,,,2.0,1.0,8.0,3.0,
380377,,,,,,,,179.0,,52.0,2.0,,,,,39.0,6.0,5.0,,,,15.0,,31.0,,
380438,,,,,,,,66.0,,40.0,,,,,,1.0,3.0,,,,,,8.0,6.0,2.0,
380456,,,,,,,,14.0,,7.0,,,,,,2.0,,,,,,,3.0,2.0,,
380465,,,,,,,,60.0,,40.0,,,,,,9.0,3.0,1.0,1.0,,,,1.0,3.0,,
380474,,,,,,,,27.0,,10.0,,,,,,2.0,3.0,,,,,1.0,2.0,3.0,1.0,
381255,,,,,,,,13.0,,5.0,,,,,,2.0,2.0,,,,,1.0,2.0,1.0,,
381282,,,,,,,,17.0,,9.0,,,,,,1.0,1.0,,,,,1.0,3.0,2.0,,
381325,,,,,,,,12.0,,7.0,,,,,,1.0,1.0,,,,,,,2.0,,
381352,,,,,,,,30.0,,12.0,,,,,,2.0,1.0,0.0,,,,,1.0,4.0,,
381361,,,,,,,,18.0,,14.0,,,,,,1.0,0.0,0.0,,,,,0.0,0.0,,
381370,,,,,,,,18.0,,11.0,,,,,,2.0,1.0,,,,,0.0,2.0,1.0,,
381404,,,,,,,,19.0,,8.0,,,,,,2.0,,,,,,0.0,1.0,,,
381459,,,,,,,,27.0,,7.0,,,,,,6.0,2.0,,,,,,,2.0,,
381486,,,,,,,,5.0,,3.0,,,,,,1.0,1.0,,,,,,,,,
381732,,,,,,,,24.0,,8.0,,,,,,3.0,2.0,,,2.0,,,2.0,4.0,,
381866,,,,,,,,9.0,,4.0,,,,,,1.0,1.0,,,,,,,1.0,,
381945,,,,,,,,18.0,,6.0,,,,,,1.0,1.0,,,,,0.0,2.0,7.0,,
382063,,,,,,,,38.0,,26.0,,,,,,5.0,1.0,,2.0,,,,,3.0,,
382258,,,,,,,,21.0,,15.0,,,,,,1.0,1.0,1.0,,,,,,2.0,,
382267,,,,,,,,8.0,,5.0,,,,,,2.0,,,,,,,,1.0,,
382416,,,,,,,,11.0,,8.0,,,,,,1.0,0.0,,,,,,,2.0,,
382461,,,,,,,,4.0,,3.0,,,,,,,,,,,,,,1.0,,
382504,,,,,,,,45.0,,11.0,,,,,,4.0,,,,,,,19.0,9.0,1.0,
382771,,,,,,,,52.0,,26.0,,,,,,6.0,2.0,,,1.0,,,7.0,8.0,,
382780,,,,,,,,26.0,,11.0,,,,,,2.0,4.0,1.0,,,,,3.0,4.0,,
382896,,,,,,,,42.0,,16.0,,,,,,9.0,,,12.0,,,,,1.0,,
382902,,,,,,,,9.0,,5.0,,,,,,2.0,1.0,,,,,,,1.0,,
382957,,,,,,,,44.0,,28.0,,,,,,4.0,1.0,,,,,,,2.0,,
383020,,,,,,,,9.0,,4.0,,,,,,3.0,,,,,,,,1.0,,
383084,,,,,,,,121.0,,50.0,,,,,,10.0,6.0,2.0,,3.0,,,,16.0,7.0,3.0
383163,,,,,,,,30.0,,14.0,,,,,,2.0,2.0,,,,,2.0,2.0,,,
383172,,,,,,,,3.0,,1.0,,,,,,1.0,1.0,,,,,,,,,
383190,,,,,,,,269.0,,118.0,,,,,,12.0,9.0,7.0,34.0,,,26.0,,33.0,2.0,
383279,,,,,,,,18.0,,6.0,,,,,,1.0,2.0,,,,,,1.0,6.0,1.0,
383297,,,,,,,,16.0,,12.0,,,,,,1.0,,,,,,,1.0,2.0,,
383312,,,,,,,,17.0,,11.0,,,,,,1.0,1.0,,0.0,,,,,3.0,,
383330,,,,,,,,27.0,,22.0,,,,,,1.0,,,0.0,,,,,2.0,,
383367,,,,,,,,84.0,,43.0,,,,,,5.0,,3.0,4.0,0.0,,10.0,,11.0,,
383464,,,,,,,,17.0,,5.0,,,,,,1.0,1.0,,,,,7.0,,2.0,,
383525,,,,,,,,18.0,,11.0,,,,,,1.0,,,,4.0,,,,2.0,,
383765,,,,,,,,10.0,,7.0,,,,,,1.0,,,,,,,,1.0,,
383792,,,,,,,,7.0,,4.0,,,,,,2.0,,,,,,1.0,,0.0,,
383950,,,,,,,,35.0,,18.0,,,,,,6.0,,1.0,,,,0.0,1.0,5.0,0.0,
383996,,,,,,,,56.0,,18.0,,,,,,4.0,8.0,2.0,1.0,,,3.0,,8.0,,
384236,,,,,,,,30.0,,9.0,,,,,,1.0,2.0,,,,,0.0,,18.0,,
384245,,,,,,,,35.0,,13.0,,,,,,1.0,2.0,,,,,1.0,,18.0,,
384254,,,,,,,,101.0,,38.0,,,,,,16.0,5.0,2.0,1.0,,,4.0,10.0,3.0,,3.0
384306,,,,,,,,17.0,,8.0,,3.0,,,,2.0,,,,,,,,,,
384333,,,,,,,,422.0,,226.0,,,,,,22.0,10.0,12.0,22.0,,,17.0,,96.0,4.0,1.0
384342,,,,,,,,344.0,,156.0,,,,,,63.0,17.0,12.0,17.0,0.0,,12.0,,35.0,7.0,
384412,,,,,,,,18.0,,4.0,,,,,,4.0,1.0,,,,,,,1.0,,
384421,,,,,,,,12.0,,5.0,,,,,,1.0,2.0,,,,,3.0,,1.0,,
385132,,,,,,,,17.0,,10.0,,,,,,2.0,2.0,,,,,,,2.0,,
385503,,,,,,,,47.0,,20.0,,,,,,9.0,1.0,1.0,,,,1.0,4.0,2.0,0.0,
385549,,,,,,,,12.0,,6.0,,,,,,1.0,,,,,,,2.0,3.0,,
385619,,,,,,,,247.0,,130.0,,,,,,43.0,24.0,,,,,0.0,,46.0,,
386153,,,,,,,,27.0,,17.0,,,,,,4.0,2.0,,,,,,,4.0,,
386472,,,,,,,,49.0,,30.0,,,,,,2.0,,2.0,,,,,,2.0,,
387660,,,,,,,,5.0,,2.0,,,,,,1.0,,,,,,,1.0,0.0,,
387819,,,,,,,,5.0,,2.0,,,,,,1.0,1.0,,,,,0.0,,0.0,0.0,
387925,,,,,,,,19.0,,8.0,,,,,,2.0,3.0,,,,,0.0,2.0,1.0,,
388043,,,,,,,,47.0,,30.0,,,,,,3.0,,,,,,,5.0,9.0,,
388520,,,,,,,,56.0,,20.0,,,,,,13.0,3.0,3.0,6.0,,,1.0,,6.0,,
388663,,,,,,,,13.0,,8.0,,,,,,1.0,1.0,,,,,,,1.0,,
389727,,,,,,,,50.0,,21.0,,,,,,12.0,,,9.0,,,1.0,,1.0,,
389860,,,,,,,,45.0,,33.0,,,,,,4.0,1.0,,,,,,,3.0,,
390701,,,,,,,,30.0,,14.0,,,,,,1.0,,,,,,,,,,
390905,,,,,,,,48.0,,34.0,,,,,,3.0,1.0,0.0,,,,1.0,,2.0,,
391005,,,,,,,,20.0,,6.0,,,,,,4.0,1.0,,,,,4.0,,5.0,,
391546,,,,,,,,6.0,,2.0,,,,,,1.0,1.0,,,,,,,2.0,,
391759,,,,,,,,2.0,,2.0,,,,,,,,,,,,,,,,
392257,,,,,,,,128.0,,67.0,,,,,,3.0,,,,,,,,1.0,,
392354,,,,,,,,12.0,,10.0,,,,,,2.0,,,,,,,,,,
392415,,,,,,,,34.0,,14.0,,,,,,5.0,2.0,,,,,,8.0,3.0,,
392798,,,,,,,,3.0,,3.0,,,,,,,,,,,,,,,,
392840,,,,,,,,53.0,,23.0,,,,,,9.0,2.0,3.0,1.0,,,4.0,,8.0,,
393180,,,,,,,,29.0,,11.0,,,,,,2.0,1.0,1.0,2.0,,,0.0,2.0,4.0,0.0,1.0
393524,,,,,,,,8.0,,4.0,,,,,,1.0,0.0,,,,,2.0,,1.0,,
393649,,,,,,,,52.0,,17.0,,,,,,1.0,2.0,,,,,1.0,,31.0,,
393861,,,,,,,,24.0,,12.0,,,,,,1.0,1.0,,,,,1.0,,4.0,0.0,0.0
393977,,,,,,,,7.0,,4.0,,,,,,2.0,1.0,,,,,,,,,
395195,,,,,,,,97.0,,4.0,,,,,,9.0,1.0,4.0,11.0,,,1.0,,15.0,1.0,
395362,,,,,,,,144.0,,74.0,,8.0,,,,6.0,2.0,6.0,0.0,,,9.0,,28.0,,
395690,,,,,,,,29.0,,12.0,,,,,,2.0,2.0,,,,,1.0,,12.0,,
397942,,,,,,,,52.0,,17.0,,,,,,1.0,2.0,,,,,1.0,0.0,31.0,,
398130,,,,,,,,63.0,,23.0,,,,,,5.0,2.0,2.0,1.0,,,,7.0,6.0,,
399212,,,,,,,,397.0,,231.0,,,,,,15.0,12.0,9.0,35.0,,,25.0,,53.0,,
399869,,,,,,,,41.0,,16.0,,,,,,7.0,3.0,1.0,,,,3.0,,4.0,,
399911,,,,,,,,204.0,,60.0,1.0,,,,,34.0,7.0,12.0,26.0,2.0,,11.0,2.0,31.0,0.0,3.0
400080,,,,,,,,86.0,,35.0,,,,,,12.0,5.0,3.0,,,,,7.0,17.0,3.0,
400187,,,,,,,,31.0,,13.0,,,,,,5.0,0.0,,,,,,,2.0,,
401223,,,,,,,,16.0,,5.0,,,,,,3.0,2.0,1.0,,,,,,1.0,,
401250,,,,,,,,39.0,,22.0,,,,,,4.0,1.0,,,1.0,,,,7.0,,
401481,,,,,,,,5.0,,2.0,,,,,,1.0,,,,,,0.0,,1.0,,
401764,,,,,,,,17.0,,10.0,,,,,,0.0,1.0,,,,,,0.0,5.0,,
402563,,,,,,,,26.0,,15.0,,,,,,4.0,,0.0,,,,1.0,3.0,3.0,,
402776,,,,,,,,20.0,,8.0,,,,,,4.0,1.0,1.0,,,,,,3.0,1.0,
402800,,,,,,,,21.0,,9.0,,,,,,3.0,3.0,,,,,1.0,3.0,2.0,,
403399,,,,,,,,5.0,,,,,,,,2.0,,,,,,,,0.0,,
403414,,,,,,,,6.0,,3.0,,,,,,1.0,,,,,,2.0,,,,
403469,,,,,,,,64.0,,30.0,,,,,,4.0,3.0,1.0,12.0,,,4.0,,8.0,,
403478,,,,,,,,63.0,,27.0,,,,,,2.0,2.0,1.0,13.0,,,6.0,3.0,7.0,1.0,
403487,,,,,,,,101.0,,47.0,,,,,,4.0,8.0,1.0,15.0,,,9.0,2.0,11.0,2.0,
404037,,,,,,,,5.0,,2.0,,,,,,,1.0,,,,,,,2.0,,
404055,,,,,,,,32.0,,15.0,,,,,,,4.0,,,,,,5.0,1.0,,
404222,,,,,,,,71.0,,25.0,,13.0,,,,15.0,,,,,,7.0,,7.0,1.0,
404338,,,,,,,,16.0,,2.0,,,,,,3.0,1.0,1.0,,,,,4.0,5.0,,
404365,,,,,,,,34.0,,18.0,,,,,,2.0,3.0,,,,,0.0,3.0,1.0,,
404374,,,,,,,,27.0,,13.0,,,,,,1.0,2.0,,,,,,2.0,1.0,,
404383,,,,,,,,44.0,,24.0,,,,,,2.0,3.0,,,,,,3.0,1.0,,
404426,,,,,,,,195.0,,74.0,,,,,,23.0,14.0,14.0,5.0,,,11.0,,36.0,,
404480,,,,,,,,246.0,,,57.0,,,,,21.0,41.0,93.0,4.0,1.0,,7.0,1.0,3.0,11.0,2.0
404684,,,,,,,,61.0,,32.0,,,,,,5.0,1.0,,1.0,,,6.0,4.0,1.0,4.0,
404718,,,,,,,,6.0,,3.0,,,,,,1.0,,,,,,,,2.0,,
404806,,,,,,,,42.0,,19.0,,,,,,5.0,1.0,1.0,6.0,,,,,2.0,2.0,
404912,,,,,,,,55.0,,34.0,,,,,,3.0,,,,,,,,13.0,,
404994,,,,,,,,480.0,,144.0,,,,,,57.0,132.0,10.0,48.0,,,30.0,2.0,27.0,11.0,3.0
405012,,,,,,,,9.0,,5.0,,,,,,1.0,1.0,,,,,,1.0,,,
405021,,,,,,,,16.0,,5.0,,,,,,1.0,1.0,,,,,5.0,1.0,2.0,,
405058,,,,,,,,17.0,,6.0,,,,,,1.0,1.0,,,,,6.0,,3.0,,
405076,,,,,,,,31.0,,11.0,,,,,,4.0,2.0,,,,,,9.0,1.0,,
405748,,,,,,,,15.0,,7.0,,,,,,2.0,,,,,,2.0,,2.0,,
405854,,,,,,,,15.0,,9.0,,,,,,1.0,1.0,,,,,2.0,,2.0,,
405872,,,,,,,,374.0,,133.0,,29.0,,,,21.0,9.0,16.0,7.0,1.0,,27.0,,80.0,,
405997,,,,,,,,54.0,,40.0,,,,,,6.0,1.0,,,,,,,7.0,,
406024,,,,,,,,96.0,,56.0,,,,,,10.0,,2.0,,,,1.0,,22.0,,
406033,,,,,,,,115.0,,64.0,,,,,,11.0,,2.0,,,,1.0,,33.0,,
406149,,,,,,,,20.0,,13.0,,,,,,2.0,1.0,,,,,,,3.0,,
406325,,,,,,,,23.0,,13.0,,,,,,5.0,1.0,,,,,,,3.0,,
406413,,,,,,,,8.0,,4.0,,,,,,3.0,1.0,,,,,,,,,
406422,,,,,,,,13.0,,9.0,,,,,,1.0,,,,,,,,2.0,,
406486,,,,,,,,15.0,,9.0,,,,,,1.0,,,,,,,,5.0,,
406495,,,,,,,,14.0,,5.0,,,,,,1.0,1.0,,,,,,,3.0,,
406547,,,,,,,,48.0,,19.0,,,,,,11.0,2.0,1.0,10.0,,,,,4.0,,
407009,,,,,,,,630.0,,264.0,3.0,0.0,,,,71.0,49.0,35.0,61.0,,,25.0,2.0,51.0,16.0,2.0
407054,,,,,,,,22.0,,8.0,,,,,,1.0,1.0,0.0,,,,3.0,2.0,4.0,,
407090,,,,,,,,24.0,,12.0,,,,,,3.0,1.0,,,,,,,6.0,1.0,
407142,,,,,,,,10.0,,6.0,,,,,,2.0,1.0,,,,,,,1.0,,
407151,,,,,,,,6.0,,4.0,,,,,,1.0,1.0,,,,,,,,,
407179,,,,,,,,9.0,,6.0,,,,,,2.0,,,,,,,,1.0,,
407328,,,,,,,,9.0,,6.0,,,,,,1.0,,,,,,,,1.0,,
407355,,,,,,,,33.0,,12.0,,,,,,5.0,2.0,,,,,,10.0,4.0,,
407391,,,,,,,,12.0,,10.0,,,,,,,,,,,,,1.0,1.0,,
407407,,,,,,,,9.0,,7.0,,,,,,,,,,,,,1.0,1.0,,
407425,,,,,,,,9.0,,7.0,,,,,,,,,,,,,1.0,1.0,,
407434,,,,,,,,16.0,,6.0,,,,,,2.0,1.0,,,,,,,3.0,2.0,
407461,,,,,,,,32.0,,22.0,,,,,,3.0,2.0,0.0,0.0,,,0.0,,4.0,,
407470,,,,,,,,11.0,,7.0,,,,,,2.0,,,,,,,,1.0,,
407489,,,,,,,,20.0,,16.0,,,,,,0.0,,,,,,,,2.0,,
407513,,,,,,,,44.0,,24.0,,,,,,5.0,,,0.0,,,0.0,,4.0,,
407522,,,,,,,,9.0,,5.0,,,,,,1.0,0.0,,,,,,,2.0,,
407568,,,,,,,,12.0,,5.0,,,,,,2.0,,,,,,3.0,,2.0,,
407577,,,,,,,,49.0,,22.0,,,,,,10.0,4.0,,,,,8.0,,3.0,,
407595,,,,,,,,31.0,,22.0,,,,,,3.0,,,0.0,,,,,4.0,,
407610,,,,,,,,12.0,,8.0,,,,,,3.0,,,,,,,,0.0,,
407629,,,,,,,,602.0,,195.0,,,,,,38.0,8.0,13.0,17.0,4.0,,93.0,,100.0,11.0,
407683,,,,,,,,22.0,,8.0,,,,,,6.0,1.0,,,,,1.0,1.0,3.0,1.0,
407708,,,,,,,,29.0,,14.0,,,,,,3.0,,,,,,1.0,3.0,1.0,,
407735,,,,,,,,8.0,,5.0,,,,,,2.0,,,,,,,,1.0,,
407832,,,,,,,,184.0,,116.0,,,,,,12.0,4.0,3.0,,,,,,19.0,,
408039,,,,,,,,27.0,,15.0,,,,,,8.0,,,,,,,,2.0,,
408066,,,,,,,,19.0,,9.0,,,,,,4.0,1.0,,1.0,,,,1.0,2.0,,
408163,,,,,,,,12.0,,7.0,,,,,,1.0,1.0,,,,,,,3.0,,
408312,,,,,,,,17.0,,11.0,,,,,,1.0,0.0,,,,,0.0,1.0,1.0,,
408385,,,,,,,,35.0,,13.0,,,,,,5.0,2.0,,,,,,10.0,2.0,,
408729,,,,,,,,19.0,,11.0,,,,,,2.0,1.0,,,,,,,0.0,,
408844,,,,,,,,265.0,,92.0,,,,,,15.0,,,4.0,,,,,140.0,7.0,
408862,,,,,,,,31.0,,21.0,,,,,,7.0,1.0,1.0,,,,,,1.0,,
409032,,,,,,,,21.0,,12.0,,,,,,,2.0,,,,,,,3.0,4.0,
409120,,,,,,,,21.0,,16.0,,,,,,2.0,1.0,,,,,,,2.0,,
409193,,,,,,,,27.0,,12.0,,,,,,2.0,1.0,1.0,1.0,,,6.0,,1.0,1.0,
409254,,,,,,,,173.0,,26.0,8.0,3.0,,,,26.0,3.0,8.0,57.0,12.0,,,,24.0,,
409315,,,,,,,,1749.0,,751.0,,,,,,124.0,110.0,105.0,56.0,4.0,,110.0,,243.0,28.0,17.0
409379,,,,,,,,135.0,,,,,,,,29.0,4.0,11.0,6.0,,,,,31.0,,
409537,,,,,,,,6.0,,4.0,,,,,,1.0,,,,,,,,1.0,,
409591,,,,,,,,16.0,,8.0,,,,,,3.0,,,,,,,,3.0,,
409616,,,,,,,,72.0,,33.0,,,,,,16.0,1.0,,2.0,,,,,13.0,,
409698,,,,,,,,842.0,,306.0,,,,,,55.0,122.0,73.0,105.0,4.0,,16.0,,107.0,22.0,8.0
410283,,,,,,,,27.0,,16.0,,,,,,6.0,,,,,,,,1.0,,
410496,,,,,,,,44.0,,21.0,,,,,,3.0,,0.0,13.0,,,0.0,,4.0,,
410502,,,,,,,,110.0,,52.0,,,,,,10.0,4.0,,,,,,,4.0,,
410797,,,,,,,,20.0,,9.0,,,,,,3.0,1.0,,,,,,,1.0,,
410964,,,,,,,,4.0,,2.0,,,,,,1.0,1.0,,,,,,,0.0,,
411684,,,,,,,,18.0,,7.0,,,,,,7.0,,,,,,,,2.0,,
411754,,,,,,,,5.0,,4.0,,,,,,1.0,,,,,,,,,,
412003,,,,,,,,7.0,,4.0,,,,,,3.0,,,,,,,,,,
412173,,,,,,,,34.0,,23.0,,,,,,3.0,0.0,,,,,,,7.0,,
412535,,,,,,,,4.0,,2.0,,,,,,0.0,0.0,,,,,,,1.0,,
412544,,,,,,,,15.0,,9.0,,,,,,1.0,0.0,,,,,,1.0,3.0,,
412599,,,,,,,,70.0,,41.0,,,,,,8.0,1.0,1.0,,,,5.0,6.0,8.0,,
412650,,,,,,,,12.0,,9.0,,,,,,1.0,,,,,,,2.0,0.0,,
413176,,,,,,,,20.0,,7.0,,,,,,2.0,2.0,,,5.0,,1.0,,2.0,,
413343,,,,,,,,4.0,,2.0,,,,,,1.0,,,,,,,,1.0,,
413413,,,,,,,,1993.0,,646.0,,,,,,144.0,648.0,133.0,286.0,,,,17.0,114.0,,
413617,,,,,,,,100.0,,26.0,,,,,,22.0,4.0,4.0,7.0,,,3.0,,19.0,3.0,
413626,,,,,,,,82.0,,38.0,,,,,,3.0,4.0,3.0,1.0,,,2.0,1.0,6.0,5.0,
413680,,,,,,,,46.0,,23.0,,,,,,6.0,,0.0,,,,1.0,6.0,6.0,,
413778,,,,,,,,30.0,,10.0,,,,,,1.0,,,,,,,,1.0,,14.0
413802,,,,,,,,27.0,,11.0,,,,,,3.0,4.0,1.0,,,,,0.0,1.0,,
413820,,,,,,,,7.0,,3.0,,,,,,1.0,1.0,,,,,,,1.0,,
413893,,,,,,,,27.0,,8.0,,,,,,1.0,1.0,,,,,0.0,,16.0,,
413945,,,,,,,,12.0,,6.0,,,,,,1.0,1.0,,,,,,,3.0,1.0,
413972,,,,,,,,18.0,,6.0,,,,,,,,,6.0,,,6.0,,,,
414054,,,,,,,,11.0,,8.0,,,,,,1.0,,,,,,,,1.0,,
414063,,,,,,,,17.0,,8.0,,,,,,1.0,2.0,,,,,2.0,1.0,2.0,,
414124,,,,,,,,39.0,,20.0,,,,,,4.0,1.0,,1.0,,,4.0,2.0,2.0,2.0,
414452,,,,,,,,5.0,,3.0,,,,,,1.0,,,,,,,,1.0,,
414461,,,,,,,,213.0,,82.0,,,,,,17.0,23.0,5.0,,2.0,,,,5.0,25.0,
414489,,,,,,,,10.0,,6.0,,,,,,2.0,1.0,,,,,,,1.0,,
414540,,,,,,,,45.0,,16.0,,,,,,5.0,,1.0,,,,4.0,5.0,13.0,,
414595,,,,,,,,81.0,,47.0,2.0,,,,,7.0,2.0,1.0,,,,,1.0,17.0,3.0,
414823,,,,,,,,196.0,,78.0,,,,,,33.0,23.0,1.0,27.0,2.0,,9.0,,11.0,5.0,
414869,,,,,,,,15.0,,9.0,,,,,,1.0,,,,,,,,1.0,,
414911,,,,,,,,140.0,,54.0,,2.0,,,,23.0,6.0,7.0,7.0,,,10.0,,27.0,1.0,
414939,,,,,,,,14.0,,6.0,,,,,,1.0,,,,,,,,1.0,,
414966,,,,,,,,37.0,,13.0,0.0,0.0,,,,1.0,4.0,2.0,2.0,,,,2.0,4.0,1.0,
415039,,,,,,,,8.0,,5.0,,,,,,1.0,,,,,,,,1.0,,
415057,,,,,,,,24.0,,7.0,,,,,,3.0,2.0,,,,,,1.0,4.0,,
415729,,,,,,,,9.0,,3.0,,,,,,2.0,,1.0,,,,3.0,,,,
415987,,,,,,,,30.0,,12.0,,,,,,5.0,,,,,,,,1.0,,
416458,,,,,,,,48.0,,14.0,,,,,,2.0,7.0,2.0,,,,,4.0,6.0,4.0,3.0
416670,,,,,,,,6.0,,4.0,,,,,,1.0,,,,,,,,,,
416801,,,,,,,,41.0,,20.0,,,,,,1.0,1.0,,,2.0,,11.0,,6.0,,
417008,,,,,,,,14.0,,6.0,,,,,,2.0,1.0,,,,,,1.0,4.0,0.0,
417062,,,,,,,,6.0,,4.0,,,,,,1.0,,,,,,,,1.0,,
417105,,,,,,,,61.0,,26.0,,,,,,4.0,,,,,,19.0,,10.0,,
417123,,,,,,,,21.0,,10.0,,,,,,1.0,2.0,,,,,3.0,,3.0,,
417178,,,,,,,,6.0,,4.0,,,,,,1.0,,,,,,,,0.0,,
417187,,,,,,,,4.0,,4.0,,,,,,,,,,,,,,0.0,,
417248,,,,,,,,6.0,,3.0,,,,,,1.0,0.0,,,,,1.0,,,0.0,
417257,,,,,,,,5.0,,5.0,,,,,,,,,,,,,,0.0,,
417275,,,,,,,,1.0,,1.0,,,,,,,,,,,,,,,,
417318,,,,,,,,8.0,,1.0,,,,,,1.0,,1.0,,,,1.0,,1.0,,
417327,,,,,,,,43.0,,14.0,,,,,,12.0,2.0,1.0,10.0,,,,,3.0,,
417381,,,,,,,,9.0,,5.0,,,,,,2.0,,,,,,,,1.0,,
417406,,,,,,,,11.0,,4.0,,,,,,2.0,3.0,,,,,,1.0,1.0,,
417442,,,,,,,,11.0,,5.0,,,,,,3.0,1.0,,,,,,,1.0,,
417503,,,,,,,,36.0,,21.0,,,,,,2.0,2.0,,,,,,,,,
417549,,,,,,,,27.0,,11.0,,,,,,3.0,2.0,,,,,5.0,2.0,2.0,,
417600,,,,,,,,3.0,,3.0,,,,,,,,,,,,,,,,
417628,,,,,,,,24.0,,16.0,,,,,,1.0,,,,,,,,2.0,2.0,
417637,,,,,,,,21.0,,11.0,,,,,,5.0,,0.0,,,,0.0,,2.0,,
417646,,,,,,,,9.0,,2.0,,,,,,2.0,,,1.0,,,1.0,,2.0,,
417655,,,,,,,,6.0,,4.0,,,,,,1.0,,,,,,,,1.0,,
417673,,,,,,,,24.0,,1.0,,,,,,1.0,2.0,2.0,1.0,4.0,,4.0,,3.0,2.0,
417682,,,,,,,,8.0,,2.0,,,,,,3.0,1.0,,1.0,,,,,1.0,,
417716,,,,,,,,22.0,,12.0,,,,,,4.0,2.0,,,,,,,3.0,,
417725,,,,,,,,10.0,,7.0,,,,,,,,,,,,,,3.0,,
417734,,,,,,,,33.0,,18.0,,,,,,8.0,,,,,,,,6.0,,
417752,,,,,,,,14.0,,7.0,,,,,,2.0,,,,,,,,1.0,,
417789,,,,,,,,5.0,,4.0,,,,,,1.0,,,,,,,,,,
417804,,,,,,,,7.0,,4.0,,,,,,1.0,1.0,,,,,,,1.0,,
417831,,,,,,,,7.0,,4.0,,,,,,,,,,,,,,3.0,,
417840,,,,,,,,37.0,,24.0,,,,,,4.0,1.0,0.0,,,,,2.0,4.0,,
417868,,,,,,,,86.0,,41.0,,,,,,5.0,8.0,,3.0,,,14.0,,5.0,,
417886,,,,,,,,10.0,,8.0,,,,,,1.0,0.0,,,,,,,0.0,,
417910,,,,,,,,22.0,,12.0,,,,,,,3.0,,,,,2.0,,,,
417983,,,,,,,,6.0,,3.0,,,,,,,0.0,,,2.0,,,,1.0,,
417992,,,,,,,,5.0,,4.0,,,,,,,,,,,,,,1.0,,
418001,,,,,,,,14.0,,10.0,,,,,,1.0,1.0,,,,,,,1.0,,
418010,,,,,,,,9.0,,7.0,,,,,,1.0,,,,,,,,1.0,,
418029,,,,,,,,4.0,,2.0,,,,,,1.0,1.0,,,,,,,,,
418038,,,,,,,,23.0,,9.0,,,,,,2.0,2.0,1.0,3.0,1.0,,1.0,,2.0,,
418056,,,,,,,,11.0,,7.0,,,,,,2.0,1.0,,,,,,,1.0,,
418065,,,,,,,,23.0,,13.0,,,,,,3.0,,,,,,,,7.0,,
418083,,,,,,,,4.0,,2.0,,,,,,1.0,,,,,,,,1.0,,
418126,,,,,,,,61.0,,38.0,,,,,,1.0,1.0,,,,,,4.0,2.0,,
418171,,,,,,,,6.0,,3.0,,,,,,2.0,,,,,,,,1.0,,
418199,,,,,,,,20.0,,14.0,,,,,,1.0,,,,,,,,3.0,,
418205,,,,,,,,33.0,,19.0,,,,,,5.0,1.0,,,,,,,3.0,,
418223,,,,,,,,14.0,,10.0,,,,,,1.0,1.0,,,,,,,2.0,,
418250,,,,,,,,32.0,,17.0,,,,,,1.0,2.0,4.0,0.0,1.0,,,0.0,4.0,1.0,
418269,,,,,,,,15.0,,5.0,,,,,,1.0,1.0,1.0,2.0,,,,1.0,1.0,,
418278,,,,,,,,28.0,,21.0,,,,,,1.0,0.0,,,,,,0.0,2.0,,
418296,,,,,,,,112.0,,30.0,,,,,,10.0,1.0,3.0,1.0,,,6.0,,17.0,,15.0
418302,,,,,,,,119.0,,32.0,,,,,,8.0,9.0,3.0,4.0,0.0,,18.0,,19.0,,
418320,,,,,,,,105.0,,47.0,,,,,,6.0,1.0,,,,,16.0,,9.0,,1.0
418339,,,,,,,,46.0,,18.0,,,,,,2.0,,1.0,2.0,,,11.0,,10.0,,2.0
418348,,,,,,,,68.0,,19.0,,,,,,4.0,1.0,3.0,,,,25.0,,7.0,6.0,
418357,,,,,,,,41.0,,13.0,,,,,,3.0,2.0,2.0,1.0,,,,,6.0,7.0,
418384,,,,,,,,6.0,,1.0,,,,,,1.0,1.0,,,,,,,2.0,,
418409,,,,,,,,39.0,,27.0,,,,,,6.0,,,,,,,,5.0,,
418427,,,,,,,,10.0,,7.0,,,,,,1.0,,,,,,,,2.0,,
418445,,,,,,,,4.0,,2.0,,,,,,1.0,0.0,0.0,,,,,,0.0,,
418454,,,,,,,,45.0,,17.0,,,,,,4.0,2.0,,,5.0,,2.0,,3.0,8.0,
418481,,,,,,,,3.0,,1.0,,,,,,1.0,,,,,,,,1.0,,
418515,,,,,,,,12.0,,7.0,,,,,,2.0,1.0,,,,,,,2.0,,
418524,,,,,,,,6.0,,4.0,,,,,,1.0,,,,,,,,1.0,,
418533,,,,,,,,210.0,,133.0,,,,,,18.0,,,,,,27.0,,18.0,,
418542,,,,,,,,64.0,,35.0,,,,,,6.0,3.0,2.0,2.0,1.0,,5.0,,4.0,,
418560,,,,,,,,51.0,,33.0,,,,,,4.0,1.0,1.0,1.0,,,2.0,,6.0,1.0,
418588,,,,,,,,5.0,,3.0,,,,,,1.0,,,,,,,,1.0,,
418603,,,,,,,,6.0,,3.0,,,,,,1.0,,,,,,,,2.0,,0.0
418612,,,,,,,,2.0,,1.0,,,,,,,,,,,,,,1.0,,
418658,,,,,,,,39.0,,20.0,,,,,,7.0,,,,,,1.0,5.0,4.0,1.0,
418755,,,,,,,,8.0,,3.0,,,,,,1.0,,,,,,0.0,,3.0,,
418764,,,,,,,,15.0,,5.0,,,,,,1.0,1.0,,,,,2.0,1.0,2.0,1.0,
418773,,,,,,,,77.0,,24.0,,,,,,11.0,3.0,1.0,,,,3.0,10.0,15.0,6.0,
418782,,,,,,,,26.0,,10.0,,,,,,2.0,,,,,,,,8.0,2.0,
418870,,,,,,,,25.0,,14.0,,,,,,1.0,3.0,,,,,1.0,3.0,1.0,,
418889,,,,,,,,13.0,,3.0,,,,,,6.0,,1.0,,,,2.0,,1.0,,
418913,,,,,,,,2.0,,1.0,,,,,,,,,,,,,,1.0,,
418968,,,,,,,,1.0,,,,,,,,,,,,,,,,1.0,,
419031,,,,,,,,7.0,,5.0,,,,,,1.0,0.0,,,,,1.0,,0.0,,
419095,,,,,,,,9.0,,8.0,,,,,,,,,,,,,,1.0,,
419147,,,,,,,,3.0,,1.0,,,,,,,,,,,,,,1.0,,
419156,,,,,,,,16.0,,4.0,,,,,,2.0,1.0,,4.0,,,,,4.0,0.0,
419183,,,,,,,,12.0,,7.0,,,,,,1.0,2.0,,,,,,,1.0,,
419217,,,,,,,,14.0,,9.0,,,,,,1.0,,,,,,,,3.0,,
419226,,,,,,,,132.0,,78.0,,,,,,11.0,7.0,2.0,2.0,3.0,,5.0,,18.0,,
419235,,,,,,,,14.0,,6.0,,,,,,3.0,2.0,,,,,1.0,,2.0,,
419244,,,,,,,,16.0,,5.0,,,,,,1.0,2.0,1.0,,,,,,,,
419253,,,,,,,,24.0,,9.0,,,,,,3.0,1.0,1.0,2.0,,,,1.0,2.0,,
419271,,,,,,,,2.0,,1.0,,,,,,,,,,,,,,1.0,,
419280,,,,,,,,4.0,,2.0,,,,,,,,,,,,2.0,,,,
419314,,,,,,,,2.0,,1.0,,,,,,1.0,,,,,,,,,,
419332,,,,,,,,58.0,,25.0,,,,,,3.0,1.0,,,,,,,5.0,6.0,
419341,,,,,,,,10.0,,5.0,,,,,,1.0,1.0,,,,,1.0,1.0,1.0,,
419411,,,,,,,,16.0,,7.0,,,,,,2.0,2.0,,,,,,1.0,2.0,,
419420,,,,,,,,36.0,,3.0,,,,,,2.0,2.0,,,,,3.0,,2.0,,
419457,,,,,,,,60.0,,35.0,,,,,,7.0,,,0.0,,,,,3.0,,
419484,,,,,,,,4.0,,2.0,,,,,,1.0,,,,,,,,1.0,,
419633,,,,,,,,8.0,,4.0,,,,,,2.0,1.0,,,,,,,1.0,,
419660,,,,,,,,29.0,,8.0,,,,,,12.0,2.0,,,,,2.0,,5.0,,
419703,,,,,,,,62.0,,24.0,,,,,,4.0,,,,,,,,22.0,5.0,
419712,,,,,,,,27.0,,12.0,,,,,,2.0,,,,,,,,9.0,1.0,
419721,,,,,,,,29.0,,11.0,,,,,,3.0,,,,,,,,9.0,2.0,
420006,,,,,,,,19.0,,8.0,,,,,,1.0,,,,,,,,1.0,,
420024,,,,,,,,32.0,,13.0,,,,,,6.0,,,,,,,,13.0,,
420042,,,,,,,,58.0,,42.0,,,,,,5.0,4.0,,,,,,,4.0,,
420103,,,,,,,,18.0,,6.0,,,,,,2.0,2.0,,,,,,2.0,2.0,,
420130,,,,,,,,29.0,,16.0,,,,,,4.0,1.0,,,,,1.0,2.0,4.0,,
420246,,,,,,,,130.0,,40.0,,,,,,17.0,8.0,3.0,4.0,18.0,,8.0,,22.0,,
420255,,,,,,,,9.0,,5.0,,,,,,2.0,,,,,,1.0,,1.0,,
420307,,,,,,,,249.0,,105.0,,,,,,26.0,2.0,2.0,67.0,,,2.0,,3.0,,
420316,,,,,,,,68.0,,35.0,,,,,,11.0,,,13.0,,,1.0,,1.0,,
420325,,,,,,,,4.0,,3.0,,,,,,,1.0,,,,,,,,,
420343,,,,,,,,55.0,,31.0,,,,,,13.0,,1.0,,,,,,6.0,,
420370,,,,,,,,83.0,,16.0,,,,,,9.0,2.0,2.0,,,,,,47.0,,
420398,,,,,,,,568.0,,305.0,,,,,,7.0,7.0,26.0,10.0,,,15.0,,44.0,10.0,1.0
420431,,,,,,,,234.0,,95.0,,,,,,12.0,23.0,7.0,1.0,,,21.0,,45.0,,
420440,,,,,,,,110.0,,57.0,,,,,,14.0,5.0,2.0,7.0,,,4.0,,5.0,,
420459,,,,,,,,48.0,,19.0,,,,,,3.0,,1.0,2.0,,,10.0,,10.0,,2.0
420468,,,,,,,,33.0,,22.0,,,,,,2.0,0.0,,,,,,,5.0,,
420538,,,,,,,,130.0,,56.0,,,,,,14.0,0.0,5.0,5.0,,,8.0,,27.0,2.0,3.0
420556,,,,,,,,106.0,,49.0,,,,,,17.0,1.0,3.0,3.0,,,8.0,1.0,13.0,,
420574,,,,,,,,460.0,,201.0,2.0,,,,,46.0,29.0,43.0,40.0,,,17.0,1.0,34.0,25.0,4.0
420608,,,,,,,,9.0,,4.0,,,,,,,,,,,,,1.0,4.0,,
420705,,,,,,,,6.0,,,,,,,,2.0,1.0,,,,,,,1.0,,
420723,,,,,,,,47.0,,17.0,,,,,,10.0,,1.0,,,,1.0,,10.0,,
420802,,,,,,,,29.0,,,2.0,,,,,6.0,7.0,1.0,6.0,,,,,5.0,,
420866,,,,,,,,27.0,,15.0,,,,,,4.0,,,,,,,,2.0,,
420981,,,,,,,,61.0,,14.0,,,,,,6.0,3.0,3.0,,,,3.0,,10.0,,
421513,,,,,,,,18.0,,9.0,,,,,,4.0,,,,,,,,1.0,,
421540,,,,,,,,28.0,,10.0,,,,,,4.0,,,,,,4.0,,2.0,,
421559,,,,,,,,20.0,,8.0,,,,,,1.0,,,,,,2.0,,2.0,,1.0
421610,,,,,,,,6.0,,5.0,,,,,,1.0,,,,,,,,,,
421665,,,,,,,,3.0,,2.0,,,,,,,,,,,,,,,,
421708,,,,,,,,54.0,,20.0,,,,,,11.0,,1.0,,,,,,22.0,,
421717,,,,,,,,7.0,,4.0,,,,,,2.0,0.0,,,,,,,1.0,,
421771,,,,,,,,8.0,,3.0,,,,,,1.0,1.0,,,,,1.0,1.0,1.0,,
421832,,,,,,,,74.0,,28.0,,,,,,4.0,8.0,,,,,3.0,9.0,15.0,,
421841,,,,,,,,56.0,,20.0,,,,,,12.0,1.0,1.0,5.0,,,2.0,,14.0,,
421878,,,,,,,,48.0,,17.0,10.0,,,,,7.0,1.0,1.0,,,,,2.0,5.0,1.0,
421896,,,,,,,,34.0,,12.0,,,,,,5.0,,,,,,,0.0,12.0,1.0,1.0
422190,,,,,,,,7.0,,3.0,,,,,,2.0,1.0,,,,,,,1.0,,
422695,,,,,,,,60.0,,27.0,,,,,,5.0,5.0,1.0,1.0,,,,9.0,7.0,1.0,
422835,,,,,,,,27.0,,12.0,,,,,,5.0,1.0,1.0,,,,,,,,
423120,,,,,,,,40.0,,11.0,,,,,,9.0,1.0,,,,,,2.0,14.0,2.0,
423397,,,,,,,,12.0,,1.0,,,,,,1.0,1.0,1.0,1.0,,,,,2.0,1.0,
423643,,,,,,,,751.0,,322.0,27.0,,,,,36.0,17.0,26.0,14.0,38.0,,91.0,,171.0,,
423652,,,,,,,,57.0,,29.0,,,,,,9.0,3.0,,5.0,,,1.0,,6.0,,
423980,,,,,,,,45.0,,22.0,,,,,,2.0,5.0,1.0,,,,5.0,,3.0,,
425250,,,,,,,,14.0,,7.0,,,,,,1.0,1.0,,,,,,2.0,3.0,,
425889,,,,,,,,31.0,,13.0,,,,,,8.0,1.0,,,,,,,7.0,,
425986,,,,,,,,26.0,,13.0,,,,,,2.0,,1.0,,,,,3.0,1.0,,
426314,,,,,,,,716.0,,306.0,,,,,,125.0,170.0,3.0,,,,2.0,,17.0,,
427308,,,,,,,,16.0,,8.0,,,,,,3.0,,1.0,,,,0.0,,2.0,1.0,
427335,,,,,,,,6.0,,4.0,,,,,,,,,,,,,,1.0,,
427894,,,,,,,,9.0,,4.0,,,,,,1.0,1.0,,,,,,1.0,1.0,,
427919,,,,,,,,6.0,,2.0,,,,,,1.0,1.0,,,,,,,2.0,,
427973,,,,,,,,29.0,,11.0,,,,,,4.0,,,,,,,,13.0,,
427982,,,,,,,,35.0,,16.0,,,,,,8.0,,,,,,,,11.0,,
427991,,,,,,,,112.0,,71.0,,,,,,6.0,,1.0,,,,6.0,,28.0,,
428000,,,,,,,,21.0,,,,,,,,3.0,2.0,1.0,1.0,,,6.0,,1.0,,
428019,,,,,,,,31.0,,12.0,,,,,,4.0,2.0,1.0,,,,6.0,,3.0,,
428055,,,,,,,,31.0,,15.0,,,,,,2.0,1.0,,,,,2.0,1.0,2.0,,
428073,,,,,,,,3.0,,2.0,,,,,,,1.0,,,,,,,,,
428125,,,,,,,,7.0,,3.0,,,,,,2.0,,,,,,,1.0,,,
428143,,,,,,,,24.0,,11.0,,,,,,4.0,1.0,,,,,1.0,3.0,3.0,,
428170,,,,,,,,92.0,,45.0,,,,,,19.0,7.0,,,,,,,21.0,,
428259,,,,,,,,13.0,,5.0,,,,,,2.0,,,,,,,2.0,1.0,,
428268,,,,,,,,42.0,,19.0,,,,,,5.0,,,,,,,,2.0,,
428286,,,,,,,,55.0,,27.0,,,,,,8.0,,,,,,,,2.0,,
428295,,,,,,,,11.0,,7.0,,,,,,1.0,,,,,,,1.0,2.0,,
428392,,,,,,,,161.0,,72.0,,,,,,17.0,7.0,6.0,1.0,,,10.0,1.0,10.0,,
428426,,,,,,,,118.0,,,,,,,,35.0,18.0,20.0,11.0,,,17.0,,14.0,,2.0
428444,,,,,,,,92.0,,49.0,,,,,,11.0,1.0,,,,,,,5.0,,
429012,,,,,,,,255.0,,123.0,,,,,,32.0,5.0,3.0,,,,17.0,9.0,15.0,36.0,7.0
429085,,,,,,,,19.0,,11.0,,,,,,2.0,1.0,,,1.0,,,,4.0,,
429094,,,,,,,,51.0,,16.0,,,,,,7.0,2.0,,2.0,,,5.0,4.0,6.0,1.0,
429128,,,,,,,,46.0,,30.0,,,,,,5.0,4.0,,,,,,,3.0,,
430096,,,,,,,,27.0,,16.0,,,,,,5.0,,,,,,,,1.0,2.0,
430157,,,,,,,,16.0,,8.0,,,,,,3.0,,,3.0,,,,,1.0,,
430166,,,,,,,,17.0,,8.0,,,,,,4.0,,,3.0,,,,,1.0,,
430184,,,,,,,,94.0,,45.0,,,,,,12.0,,1.0,,,,,13.0,6.0,,
430218,,,,,,,,10.0,,6.0,,,,,,1.0,,,,,,,,1.0,,
430227,,,,,,,,11.0,,6.0,,,,,,2.0,,,,,,,,1.0,,
430245,,,,,,,,39.0,,14.0,,,,,,5.0,1.0,,,,,,12.0,2.0,,
430254,,,,,,,,6.0,,1.0,,,,,,1.0,1.0,,,,,,1.0,1.0,,
430306,,,,,,,,5.0,,,,,,,,1.0,2.0,,,1.0,,,0.0,0.0,,
430342,,,,,,,,16.0,,5.0,,,,,,2.0,1.0,,1.0,,,1.0,1.0,2.0,,
430403,,,,,,,,16.0,,9.0,,,,,,1.0,,,,2.0,,1.0,1.0,2.0,,
430421,,,,,,,,4.0,,2.0,,,,,,,,,,,,,,,,
430485,,,,,,,,12.0,,3.0,,,,,,3.0,2.0,,,,,0.0,3.0,0.0,,
430564,,,,,,,,5.0,,3.0,,,,,,1.0,0.0,,,,,,,1.0,,
430582,,,,,,,,46.0,,13.0,,,,,,6.0,2.0,,,,,,,19.0,,
430670,,,,,,,,144.0,,61.0,,,,,,11.0,13.0,2.0,,1.0,,6.0,,14.0,24.0,
430704,,,,,,,,26.0,,12.0,,,,,,1.0,,,,,,,2.0,8.0,1.0,
430795,,,,,,,,55.0,,28.0,,1.0,,,,2.0,1.0,1.0,1.0,1.0,,3.0,,2.0,0.0,
430810,,,,,,,,89.0,,37.0,,,,,,12.0,2.0,2.0,2.0,,,,,7.0,6.0,
430883,,,,,,,,3.0,,2.0,,,,,,,0.0,,,,,,,1.0,,
430908,,,,,,,,9.0,,6.0,,,,,,1.0,,,,,,,,1.0,,
430935,,,,,,,,59.0,,29.0,,,,,,10.0,,,,,,,,8.0,,
430971,,,,,,,,8.0,,6.0,,,,,,1.0,0.0,,,,,,,1.0,,
431017,,,,,,,,64.0,,34.0,,,,,,8.0,2.0,1.0,2.0,,,,1.0,13.0,1.0,
431071,,,,,,,,11.0,,2.0,,,,,,1.0,1.0,1.0,,,,,,4.0,,
431099,,,,,,,,11.0,,6.0,,,,,,3.0,,,,,,,,,,
431105,,,,,,,,14.0,,9.0,,,,,,,,,,,,,,5.0,,
431123,,,,,,,,35.0,,15.0,,,,,,4.0,,,,,,4.0,,10.0,,1.0
431141,,,,,,,,153.0,,62.0,,,,,,28.0,8.0,6.0,,,,3.0,,10.0,,
431169,,,,,,,,16.0,,9.0,,,,,,2.0,,,,,,,,2.0,3.0,
431187,,,,,,,,14.0,,,,,,,,1.0,0.0,,1.0,1.0,,1.0,,1.0,1.0,
431196,,,,,,,,19.0,,12.0,,,,,,2.0,1.0,,,,,,,2.0,,
431202,,,,,,,,8.0,,2.0,,,,,,2.0,2.0,,,,,,,2.0,,
431266,,,,,,,,8.0,,7.0,,,,,,1.0,,,,,,,,0.0,,
431275,,,,,,,,8.0,,6.0,,,,,,,,,,,,,,1.0,,
431284,,,,,,,,5.0,,3.0,,,,,,,1.0,,,,,,,1.0,,
431309,,,,,,,,9.0,,3.0,,,,,,1.0,1.0,1.0,1.0,,,2.0,,,,
431558,,,,,,,,38.0,,17.0,,,,,,2.0,1.0,,,1.0,,6.0,,7.0,,
431594,,,,,,,,389.0,,1.0,,,,,,57.0,1.0,1.0,,38.0,,283.0,,8.0,,
431600,,,,,,,,11.0,,8.0,,,,,,1.0,1.0,,,,,,,1.0,,
431691,,,,,,,,31.0,,17.0,,,,,,2.0,,,,,,2.0,,4.0,,
431707,,,,,,,,5.0,,3.0,,,,,,1.0,,,,,,,,0.0,,
431716,,,,,,,,266.0,,150.0,,,,,,14.0,2.0,6.0,2.0,6.0,,44.0,,26.0,,
431770,,,,,,,,11.0,,4.0,,,,,,1.0,1.0,,,,,,,2.0,,
431886,,,,,,,,68.0,,37.0,,,,,,12.0,,,12.0,,,1.0,,1.0,,
431929,,,,,,,,41.0,,17.0,,,,,,5.0,,,2.0,,,,,2.0,3.0,
431956,,,,,,,,19.0,,6.0,,,,,,5.0,2.0,,,,,,2.0,3.0,,
431965,,,,,,,,16.0,,5.0,,,,,,3.0,,,,,,5.0,,3.0,,
431983,,,,,,,,17.0,,5.0,,,,,,2.0,0.0,,,,,8.0,,2.0,,
432074,,,,,,,,26.0,,10.0,,,,,,2.0,,1.0,1.0,,,6.0,,4.0,,2.0
432117,,,,,,,,12.0,,8.0,,,,,,1.0,,,,,,,,2.0,,
432144,,,,,,,,94.0,,,,,,,,31.0,15.0,13.0,1.0,,,,,34.0,,
432223,,,,,,,,22.0,,13.0,,,,,,5.0,2.0,,,,,,,2.0,,
432241,,,,,,,,20.0,,13.0,,,,,,2.0,,,2.0,,,,,3.0,,
432269,,,,,,,,11.0,,5.0,,,,,,2.0,1.0,,,,,1.0,1.0,1.0,,
432302,,,,,,,,29.0,,10.0,,,,,,8.0,,,7.0,,,,,0.0,,
432348,,,,,,,,43.0,,14.0,,,,,,1.0,,,0.0,,,3.0,,14.0,0.0,
432357,,,,,,,,14.0,,6.0,,,,,,5.0,,,1.0,,,,,2.0,,
432384,,,,,,,,95.0,,29.0,,35.0,,,,11.0,3.0,,,,,,6.0,3.0,1.0,
432524,,,,,,,,31.0,,14.0,,,,,,3.0,3.0,1.0,2.0,,,,3.0,3.0,1.0,
432533,,,,,,,,52.0,,33.0,,,,,,8.0,,,,,,1.0,,1.0,,
433004,,,,,,,,48.0,,20.0,2.0,,,,,6.0,4.0,1.0,3.0,,,,1.0,2.0,1.0,
433013,,,,,,,,62.0,,29.0,,,,,,4.0,,,,,,3.0,11.0,14.0,1.0,
433040,,,,,,,,9.0,,7.0,,,,,,1.0,1.0,,,,,,,,,
433068,,,,,,,,29.0,,19.0,,,,,,3.0,1.0,,,,,,,4.0,,
433101,,,,,,,,52.0,,24.0,,,,,,15.0,,1.0,,,,,,9.0,,
433138,,,,,,,,50.0,,33.0,,,,,,3.0,,,,,,,,6.0,,
433165,,,,,,,,1.0,,1.0,,,,,,,,,,,,,,,,
433174,,,,,,,,61.0,,34.0,,,,,,9.0,2.0,3.0,1.0,,,,,9.0,,
433217,,,,,,,,1.0,,1.0,,,,,,,,,,,,,,,,
433387,,,,,,,,3826.0,,2186.0,,,,,,184.0,174.0,250.0,475.0,,,,,54.0,,
433420,,,,,,,,61.0,,31.0,,,,,,9.0,3.0,,2.0,,,3.0,8.0,4.0,1.0,
433466,,,,,,,,36.0,,8.0,,,,,,5.0,1.0,,,,,,10.0,2.0,,
433536,,,,,,,,35.0,,22.0,,,,,,1.0,,1.0,,,,,,1.0,,
433563,,,,,,,,38.0,,14.0,,,,,,5.0,,,,,,2.0,,5.0,1.0,3.0
433660,,,,,,,,1415.0,,551.0,,,,,,77.0,94.0,82.0,229.0,16.0,,52.0,,148.0,33.0,
433970,,,,,,,,8.0,,2.0,,,,,,3.0,,,,,,,,1.0,1.0,
434016,,,,,,,,49.0,,9.0,,2.0,,,,11.0,2.0,1.0,3.0,,,1.0,,6.0,4.0,
434061,,,,,,,,324.0,,175.0,,,,,,34.0,55.0,1.0,,,,4.0,,29.0,12.0,
434140,,,,,,,,55.0,,30.0,,,,,,3.0,,,,,,,,14.0,,
434159,,,,,,,,27.0,,15.0,,,,,,9.0,,,,,,,,3.0,,
434274,,,,,,,,11.0,,5.0,,,,,,1.0,2.0,,,,,,,3.0,,
434283,,,,,,,,13.0,,5.0,,,,,,2.0,3.0,,,,,1.0,,2.0,,
434292,,,,,,,,3.0,,2.0,,,,,,,,,,,,,,0.0,0.0,
434308,,,,,,,,37.0,,14.0,,,,,,4.0,2.0,,,,,3.0,5.0,5.0,,
434344,,,,,,,,22.0,,11.0,,,,,,5.0,1.0,,,,,,,4.0,,
434362,,,,,,,,5.0,,2.0,,,,,,1.0,,,,,,,,2.0,,
434380,,,,,,,,4.0,,3.0,,,,,,,0.0,,,,,,,1.0,,
434432,,,,,,,,4.0,,2.0,,,,,,,1.0,,,,,,,1.0,,
434441,,,,,,,,33.0,,7.0,1.0,3.0,,,,17.0,,,,,,,,5.0,,
434469,,,,,,,,24.0,,9.0,,,,,,4.0,,,,,,1.0,,8.0,2.0,
434496,,,,,,,,10.0,,5.0,,,,,,,2.0,,1.0,,,,1.0,1.0,,
434520,,,,,,,,26.0,,14.0,,,,,,4.0,,,,,,,,2.0,,
434539,,,,,,,,42.0,,15.0,,,,,,9.0,2.0,1.0,8.0,,,,,5.0,,
434584,,,,,,,,100.0,,24.0,,1.0,,,,20.0,4.0,3.0,2.0,,,5.0,,17.0,,3.0
434672,,,,,,,,1995.0,,688.0,,157.0,,,,65.0,92.0,64.0,119.0,2.0,,157.0,9.0,330.0,47.0,16.0
434690,,,,,,,,14.0,,6.0,,,,,,4.0,,,2.0,,,,,1.0,,
434715,,,,,,,,130.0,,58.0,,,,,,18.0,4.0,3.0,,,,3.0,,7.0,1.0,
434751,,,,,,,,31.0,,7.0,2.0,1.0,,,,3.0,2.0,1.0,1.0,,,,,3.0,4.0,
434812,,,,,,,,3.0,,,,,,,,3.0,,,,,,,,,,
434821,,,,,,,,78.0,,50.0,,,,,,6.0,3.0,,,,,2.0,7.0,9.0,,
434830,,,,,,,,20.0,,7.0,,,,,,5.0,2.0,,1.0,,,,,4.0,0.0,
434900,,,,,,,,108.0,,56.0,,8.0,,,,6.0,1.0,1.0,,,,4.0,3.0,8.0,,16.0
434937,,,,,,,,8.0,,3.0,,,,,,2.0,1.0,0.0,0.0,,,0.0,,0.0,0.0,
434973,,,,,,,,15.0,,13.0,,,,,,1.0,,,,,,,,1.0,,
435000,,,,,,,,1124.0,,418.0,,,,,,182.0,105.0,90.0,18.0,102.0,,59.0,,124.0,7.0,3.0
436003,,,,,,,,12.0,,5.0,,,,,,2.0,1.0,,,,,,2.0,1.0,,
436012,,,,,,,,29.0,,11.0,,,,,,3.0,2.0,,,,,1.0,4.0,6.0,,
436021,,,,,,,,5.0,,4.0,,,,,,,,,,,,,,1.0,,
436030,,,,,,,,15.0,,7.0,,,,,,2.0,1.0,,,,,,3.0,1.0,1.0,
436067,,,,,,,,7.0,,4.0,,,,,,1.0,1.0,,,,,,,1.0,,
436094,,,,,,,,49.0,,23.0,,,,,,10.0,,,,,,,,1.0,,
436100,,,,,,,,7.0,,5.0,,,,,,1.0,1.0,,,,,,,,,
436182,,,,,,,,15.0,,4.0,,,,,,1.0,2.0,,,,,,1.0,0.0,,
436191,,,,,,,,35.0,,17.0,,,,,,1.0,2.0,,,,,,4.0,2.0,,
436261,,,,,,,,17.0,,8.0,,,,,,5.0,,,,,,,,3.0,,
436270,,,,,,,,13.0,,4.0,,,,,,2.0,1.0,,,,,,1.0,1.0,,
436304,,,,,,,,95.0,,49.0,,3.0,,,,11.0,20.0,,,,,2.0,,3.0,1.0,
436429,,,,,,,,298.0,,114.0,,,,,,24.0,9.0,11.0,10.0,,,12.0,36.0,16.0,5.0,
436438,,,,,,,,55.0,,34.0,,,,,,7.0,,,,,,,,1.0,,
436465,,,,,,,,9.0,,3.0,,,,,,2.0,,,,,,1.0,1.0,1.0,,
436483,,,,,,,,30.0,,15.0,,,,,,1.0,,,,,,,,3.0,,
436553,,,,,,,,23.0,,7.0,,,,,,2.0,2.0,,,,,6.0,3.0,1.0,2.0,
436599,,,,,,,,9.0,,6.0,,,,,,2.0,,,,,,,,1.0,,
436614,,,,,,,,25.0,,15.0,,,,,,3.0,1.0,,0.0,,,1.0,,3.0,,
436632,,,,,,,,17.0,,4.0,,,,,,1.0,2.0,,,,,1.0,1.0,1.0,,
436641,,,,,,,,20.0,,8.0,,,,,,6.0,,,,,,,3.0,1.0,,
436650,,,,,,,,19.0,,9.0,,,,,,3.0,,,,,,,3.0,3.0,0.0,
436775,,,,,,,,34.0,,19.0,,,,,,6.0,2.0,,,,,1.0,1.0,5.0,,
437060,,,,,,,,27.0,,13.0,,,,,,2.0,2.0,,,,,,2.0,1.0,,
437097,,,,,,,,71.0,,50.0,,,,,,5.0,2.0,1.0,,,,10.0,,3.0,,
437103,,,,,,,,478.0,,254.0,,,,,,62.0,86.0,10.0,5.0,,,32.0,,16.0,8.0,2.0
437237,,,,,,,,23.0,,8.0,,,,,,6.0,3.0,,,,,1.0,,3.0,,
437556,,,,,,,,67.0,,18.0,,,,,,11.0,4.0,2.0,4.0,,,,1.0,11.0,2.0,
437608,,,,,,,,15.0,,6.0,,,,,,2.0,1.0,,,,,1.0,1.0,2.0,,
437635,,,,,,,,32.0,,16.0,,,,,,2.0,,,,,,,,1.0,,
437705,,,,,,,,5.0,,4.0,,,,,,0.0,0.0,,,,,,,,,
437732,,,,,,,,34.0,,17.0,,,,,,4.0,,,,,,,,4.0,,
437750,,,,,,,,19.0,,10.0,,,,,,7.0,,,,,,,,3.0,,
437769,,,,,,,,27.0,,11.0,,,,,,3.0,4.0,,,,,1.0,3.0,5.0,,
437778,,,,,,,,27.0,,15.0,,,,,,1.0,,,,,,,3.0,6.0,,
437857,,,,,,,,17.0,,12.0,,,,,,2.0,1.0,,,,,,,2.0,,
437936,,,,,,,,63.0,,29.0,,,,,,15.0,,,,,,2.0,,5.0,,
438151,,,,,,,,52.0,,29.0,,,,,,3.0,3.0,1.0,,0.0,,,6.0,1.0,,
438179,,,,,,,,30.0,,12.0,,,,,,,4.0,1.0,,,,,5.0,1.0,1.0,
438212,,,,,,,,25.0,,12.0,,,,,,4.0,2.0,,,2.0,,0.0,2.0,3.0,,
438221,,,,,,,,30.0,,16.0,,,,,,4.0,1.0,,,2.0,,,4.0,2.0,,
438258,,,,,,,,43.0,,15.0,,,,,,13.0,,,,,,3.0,,3.0,,
438267,,,,,,,,44.0,,23.0,,,,,,1.0,1.0,7.0,5.0,3.0,,,,,1.0,
438285,,,,,,,,34.0,,12.0,,3.0,,,,3.0,3.0,,,,,,5.0,3.0,,
438337,,,,,,,,20.0,,14.0,,,,,,2.0,,,,,,,1.0,2.0,1.0,
438498,,,,,,,,605.0,,280.0,4.0,,,,,73.0,17.0,12.0,2.0,,,,,58.0,,
438504,,,,,,,,115.0,,48.0,,,,,,14.0,46.0,1.0,,,,,,3.0,3.0,
438586,,,,,,,,95.0,,16.0,,,,,,5.0,7.0,2.0,,,,,50.0,3.0,,2.0
438647,,,,,,,,30.0,,6.0,,,,,,1.0,,,1.0,,,,,1.0,,
438656,,,,,,,,4.0,,1.0,,,,,,1.0,,,,,,,,1.0,,
438665,,,,,,,,140.0,,,,,,,,16.0,35.0,22.0,9.0,,,3.0,,44.0,,
438674,,,,,,,,5.0,,4.0,,,,,,,,,,,,,,1.0,,
438708,,,,,,,,51.0,,29.0,,,,,,8.0,1.0,2.0,3.0,,,,,7.0,0.0,
438735,,,,,,,,24.0,,12.0,,,,,,3.0,,,,,,,,9.0,,
438805,,,,,,,,25.0,,13.0,,,,,,7.0,,,,,,,,1.0,,
438869,,,,,,,,6.0,,2.0,,,,,,2.0,,,,,,,1.0,1.0,,
438902,,,,,,,,2.0,,1.0,,,,,,,,,,,,,,,,
438984,,,,,,,,14.0,,5.0,,,,,,1.0,1.0,0.0,,,,0.0,,3.0,1.0,
439020,,,,,,,,9.0,,5.0,,,,,,3.0,,,,,,,,1.0,,
439057,,,,,,,,8.0,,5.0,,,,,,3.0,,,,,,,,,,
439118,,,,,,,,36.0,,13.0,,,,,,12.0,,1.0,,,,1.0,,2.0,,
439127,,,,,,,,20.0,,5.0,,,,,,7.0,,,5.0,,,,,1.0,,
439145,,,,,,,,140.0,,49.0,,,,,,9.0,8.0,2.0,4.0,,,20.0,,37.0,5.0,
439154,,,,,,,,271.0,,,,,,,,76.0,18.0,59.0,16.0,,,,,92.0,9.0,
439190,,,,,,,,157.0,,78.0,,,,,,28.0,7.0,10.0,15.0,,,,,17.0,,
439288,,,,,,,,164.0,,73.0,,,,,,27.0,18.0,0.0,25.0,3.0,,9.0,,4.0,,
439297,,,,,,,,17.0,,13.0,,,,,,2.0,,,,,,,1.0,1.0,,
439367,,,,,,,,59.0,,23.0,,,,,,15.0,1.0,,,,,,,5.0,,
439394,,,,,,,,20.0,,9.0,,,,,,2.0,2.0,,,,,,1.0,2.0,,
439446,,,,,,,,20.0,,6.0,,,,,,4.0,2.0,,,,,,2.0,5.0,1.0,
439455,,,,,,,,34.0,,20.0,,,,,,4.0,1.0,2.0,,,,,,2.0,,
439473,,,,,,,,24.0,,6.0,,,,,,4.0,,,,,,4.0,1.0,7.0,,
439482,,,,,,,,22.0,,15.0,,,,,,2.0,1.0,,,,,,1.0,3.0,,
439491,,,,,,,,26.0,,14.0,,,,,,3.0,1.0,,,,,,2.0,6.0,,
439507,,,,,,,,18.0,,4.0,,,,,,4.0,,1.0,,,,,,6.0,,
439570,,,,,,,,92.0,,36.0,,,,,,24.0,11.0,2.0,,,,,,15.0,,
439613,,,,,,,,20.0,,3.0,,,,,,6.0,3.0,,,,,0.0,,2.0,,
439622,,,,,,,,31.0,,15.0,,,,,,3.0,3.0,1.0,,2.0,,,,4.0,,
439631,,,,,,,,6.0,,1.0,,,,,,2.0,1.0,,,,,,,2.0,,
439668,,,,,,,,14.0,,7.0,,,,,,2.0,,,,,,,,,,
439686,,,,,,,,19.0,,7.0,,,,,,1.0,,,,,,,,,,
439701,,,,,,,,89.0,,35.0,,,,,,19.0,8.0,,2.0,,,,,18.0,,
439738,,,,,,,,29.0,,11.0,,,,,,9.0,2.0,,,,,,5.0,1.0,,
439747,,,,,,,,7.0,,4.0,,,,,,1.0,,,,,,,,2.0,,
439774,,,,,,,,15.0,,5.0,,,,,,4.0,1.0,,,,,6.0,,,,
439783,,,,,,,,24.0,,13.0,,,,,,2.0,2.0,,,,,,1.0,3.0,,
439792,,,,,,,,35.0,,18.0,,,,,,5.0,4.0,,,,,1.0,3.0,1.0,,
439817,,,,,,,,14.0,,5.0,,,,,,4.0,,,,,,,1.0,3.0,,
439844,,,,,,,,7.0,,3.0,,,,,,1.0,1.0,,,,,,1.0,0.0,,
439862,,,,,,,,11.0,,2.0,,3.0,,,,3.0,1.0,,,,,,,,,
439871,,,,,,,,8.0,,4.0,,,,,,,1.0,,,,,,,1.0,,
439899,,,,,,,,14.0,,1.0,,,,,,5.0,1.0,,2.0,,,1.0,2.0,1.0,0.0,
439905,,,,,,,,25.0,,10.0,,,,,,6.0,1.0,,1.0,,,,,3.0,,
439914,,,,,,,,8.0,,6.0,,,,,,,,,,,,,,2.0,,
439932,,,,,,,,8.0,,5.0,,,,,,,2.0,,,,,,,1.0,,
439969,,,,,,,,22.0,,7.0,,,,,,2.0,3.0,,,,,,1.0,6.0,,
439978,,,,,,,,5.0,,2.0,,,,,,,2.0,,,,,,,1.0,,
439996,,,,,,,,10.0,,4.0,,,,,,2.0,,,,,,1.0,,3.0,,
440004,,,,,,,,8.0,,6.0,,,,,,,,,1.0,,,,,1.0,,
440031,,,,,,,,130.0,,63.0,6.0,,,,,13.0,3.0,4.0,,,,,,12.0,3.0,
440059,,,,,,,,78.0,,40.0,,,,,,8.0,,,,,,,,30.0,,
440077,,,,,,,,4.0,,1.0,,,,,,1.0,1.0,,,,,,,1.0,,
440101,,,,,,,,9.0,,5.0,,,,,,2.0,,,,,,,,1.0,,
440138,,,,,,,,92.0,,1.0,,,,,,42.0,7.0,18.0,3.0,,,,,17.0,,
440174,,,,,,,,15.0,,11.0,,,,,,1.0,0.0,,,,,,1.0,1.0,0.0,
440217,,,,,,,,17.0,,6.0,,,,,,5.0,1.0,,,,,,,2.0,2.0,
440226,,,,,,,,7.0,,3.0,,,,,,1.0,1.0,,,,,,,2.0,,
440262,,,,,,,,45.0,,14.0,,,,,,12.0,,1.0,,,,2.0,9.0,6.0,,
440271,,,,,,,,10.0,,5.0,,,,,,3.0,,,,,,0.0,1.0,1.0,,
440323,,,,,,,,23.0,,6.0,,,,,,7.0,,,7.0,,,1.0,,,,
440332,,,,,,,,29.0,,10.0,,,,,,9.0,,0.0,6.0,,,,,1.0,,
440341,,,,,,,,68.0,,30.0,,,,,,11.0,2.0,,,,,,,4.0,,
440402,,,,,,,,214.0,,107.0,,,,,,25.0,5.0,6.0,7.0,,,17.0,,27.0,4.0,1.0
440420,,,,,,,,9.0,,5.0,,,,,,1.0,1.0,,,,,,1.0,1.0,,
440457,,,,,,,,8.0,,5.0,,,,,,1.0,,,,,,,,2.0,,
440466,,,,,,,,11.0,,8.0,,,,,,1.0,2.0,,,,,,,,,
440651,,,,,,,,104.0,,41.0,,,,,,15.0,,1.0,2.0,,,,,28.0,6.0,
440721,,,,,,,,17.0,,6.0,,,,,,,,,,,,,,6.0,,
440730,,,,,,,,41.0,,25.0,,,,,,4.0,4.0,,1.0,,,,,7.0,,
440749,,,,,,,,7.0,,2.0,,,,,,1.0,,,,,,,,,,
440758,,,,,,,,10.0,,1.0,,,,,,2.0,,,,,,,,1.0,,
440767,,,,,,,,20.0,,8.0,,,,,,4.0,,,,,,,,1.0,,
440776,,,,,,,,10.0,,2.0,,,,,,1.0,,,,,,,4.0,,,
440794,,,,,,,,91.0,,35.0,,,,,,43.0,6.0,1.0,,,,,,,,
440819,,,,,,,,3.0,,,,,,,,1.0,,,,,,,,1.0,,
440855,,,,,,,,12.0,,7.0,,,,,,1.0,,,,,,,1.0,3.0,,
440873,,,,,,,,62.0,,36.0,,,,,,2.0,6.0,,,,,,5.0,1.0,,
440882,,,,,,,,21.0,,10.0,,,,,,1.0,1.0,,,,,,1.0,1.0,,
440891,,,,,,,,22.0,,10.0,,,,,,2.0,1.0,,,,,0.0,2.0,1.0,,
440916,,,,,,,,106.0,,43.0,,,,,,16.0,15.0,2.0,,,,,,21.0,3.0,
440925,,,,,,,,8.0,,5.0,,,,,,1.0,,1.0,,,,,,,,
440952,,,,,,,,23.0,,10.0,,,,,,8.0,1.0,,,,,,,3.0,,
440989,,,,,,,,37.0,,16.0,,,,,,7.0,1.0,1.0,,,,,,3.0,1.0,
441016,,,,,,,,33.0,,11.0,,,,,,1.0,,,1.0,,,,,1.0,,
441025,,,,,,,,46.0,,31.0,,,,,,3.0,1.0,,,,,,7.0,5.0,,
441052,,,,,,,,82.0,,35.0,,,,,,16.0,3.0,,5.0,,,,1.0,14.0,1.0,
441070,,,,,,,,26.0,,10.0,1.0,,,,,2.0,1.0,1.0,1.0,,,,,,,
441089,,,,,,,,66.0,,30.0,,,,,,2.0,,,,,,4.0,,3.0,,
441104,,,,,,,,79.0,,18.0,1.0,9.0,,,,3.0,9.0,1.0,19.0,,,,,5.0,,
441131,,,,,,,,63.0,,28.0,,,,,,9.0,1.0,1.0,4.0,,,,,7.0,,
441168,,,,,,,,9.0,,5.0,,,,,,1.0,1.0,,,,,,,1.0,,
441210,,,,,,,,14.0,,8.0,,,,,,2.0,1.0,,,,,,,2.0,,
441229,,,,,,,,151.0,,74.0,,,,,,7.0,3.0,,,,,,,33.0,,
441238,,,,,,,,5.0,,,,,,,,2.0,,,,,,,,2.0,,
441256,,,,,,,,11.0,,7.0,,,,,,2.0,1.0,,,,,,,1.0,,
441308,,,,,,,,123.0,,95.0,,,,,,6.0,6.0,,,,,,,1.0,,
441317,,,,,,,,4.0,,4.0,,,,,,,,,,,,,,0.0,,
441362,,,,,,,,19.0,,8.0,,,,,,5.0,,,,,,,,2.0,,
441371,,,,,,,,330.0,,20.0,,,,,,68.0,43.0,44.0,3.0,,,5.0,,6.0,,
441380,,,,,,,,30.0,,10.0,,,,,,3.0,3.0,,,,,,,11.0,,
441405,,,,,,,,14.0,,8.0,,,,,,4.0,,,,,,,,2.0,,
441414,,,,,,,,85.0,,,,,,,,5.0,,3.0,0.0,,,7.0,,28.0,,
441423,,,,,,,,31.0,,11.0,,,,,,7.0,1.0,,,,,0.0,5.0,5.0,1.0,
441478,,,,,,,,49.0,,35.0,,,,,,1.0,1.0,1.0,,,,,5.0,1.0,,
441487,,,,,,,,27.0,,18.0,,,,,,2.0,1.0,,1.0,,,0.0,,0.0,,
441496,,,,,,,,28.0,,13.0,,,,,,3.0,,,,,,,,12.0,,
441502,,,,,,,,32.0,,19.0,,,,,,3.0,1.0,,,,,1.0,2.0,6.0,,
441511,,,,,,,,25.0,,15.0,,,,,,,2.0,,,,,1.0,,,1.0,
441548,,,,,,,,23.0,,1.0,,,,,,5.0,2.0,,,,,,2.0,5.0,,
441575,,,,,,,,80.0,,34.0,,,,,,12.0,3.0,4.0,,,,3.0,15.0,8.0,,
441593,,,,,,,,6.0,,3.0,,,,,,1.0,0.0,,0.0,,,1.0,,1.0,,
441609,,,,,,,,17.0,,9.0,,,,,,1.0,2.0,,,,,5.0,,0.0,,
441618,,,,,,,,6.0,,4.0,,,,,,,,,,,,,,2.0,,
441636,,,,,,,,38.0,,22.0,,,,,,4.0,4.0,0.0,1.0,,,,3.0,1.0,,
441645,,,,,,,,29.0,,11.0,,,,,,8.0,1.0,0.0,0.0,,,0.0,4.0,2.0,0.0,1.0
441663,,,,,,,,34.0,,17.0,,,,,,7.0,,,,,,,,3.0,,
441672,,,,,,,,43.0,,25.0,,,,,,2.0,2.0,1.0,,,,2.0,,10.0,,
441690,,,,,,,,48.0,,30.0,,,,,,4.0,3.0,,1.0,,,,1.0,1.0,1.0,
441706,,,,,,,,15.0,,3.0,,,,,,3.0,3.0,,,,,0.0,,1.0,,
441742,,,,,,,,69.0,,32.0,,,,,,15.0,3.0,,,,,,7.0,10.0,,
441760,,,,,,,,210.0,,112.0,,,,,,17.0,13.0,8.0,2.0,,,13.0,,19.0,2.0,
441779,,,,,,,,9.0,,3.0,,,,,,2.0,2.0,,,,,,,1.0,,
441788,,,,,,,,45.0,,21.0,,,,,,6.0,,,,,,,,18.0,,
441830,,,,,,,,52.0,,10.0,,,,,,8.0,2.0,,,24.0,,,1.0,7.0,,
441858,,,,,,,,34.0,,23.0,,,,,,4.0,1.0,1.0,,,,,,1.0,,
441876,,,,,,,,26.0,,10.0,,,,,,7.0,2.0,,,,,,3.0,3.0,,
441900,,,,,,,,276.0,,140.0,,,,,,44.0,10.0,12.0,37.0,2.0,,3.0,,27.0,,
441919,,,,,,,,62.0,,29.0,,,,,,11.0,,,11.0,,,2.0,,1.0,,
441928,,,,,,,,72.0,,30.0,,,,,,13.0,,,15.0,,,1.0,,1.0,,
441937,,,,,,,,792.0,,273.0,,,,,,60.0,120.0,50.0,67.0,4.0,,68.0,,74.0,38.0,8.0
441973,,,,,,,,75.0,,35.0,,,,,,9.0,3.0,,1.0,,,1.0,,3.0,,
441982,,,,,,,,129.0,,52.0,1.0,,,,,16.0,17.0,10.0,3.0,,,0.0,,21.0,,
442037,,,,,,,,24.0,,10.0,,,,,,10.0,,,,,,,,4.0,,
442046,,,,,,,,26.0,,13.0,,,,,,5.0,,1.0,,,,,,3.0,,
442064,,,,,,,,32.0,,20.0,,1.0,,,,2.0,1.0,,1.0,,,,,3.0,1.0,
442073,,,,,,,,51.0,,30.0,,,,,,12.0,,,,,,,,5.0,,
442134,,,,,,,,31.0,,12.0,,,,,,2.0,,,,,,,,11.0,,
442161,,,,,,,,50.0,,35.0,,,,,,6.0,2.0,1.0,3.0,,,,,2.0,,
442204,,,,,,,,3.0,,2.0,,,,,,1.0,0.0,,,,,,,,,
442213,,,,,,,,10.0,,7.0,,,,,,,2.0,,,,,0.0,,0.0,,
442222,,,,,,,,32.0,,11.0,,,,,,8.0,,,,,,,,,,
442240,,,,,,,,44.0,,20.0,,,,,,6.0,,,,,,,7.0,10.0,1.0,
442295,,,,,,,,65.0,,26.0,,,,,,2.0,8.0,4.0,1.0,,,0.0,1.0,16.0,2.0,
442329,,,,,,,,71.0,,26.0,,,,,,11.0,1.0,,,,,,15.0,10.0,8.0,
442356,,,,,,,,162.0,,71.0,,,,,,36.0,10.0,9.0,,0.0,,5.0,,16.0,,
442383,,,,,,,,19.0,,8.0,,,,,,3.0,1.0,1.0,,,,,2.0,3.0,,
442392,,,,,,,,4.0,,1.0,,,,,,2.0,,,,,,,,0.0,,
442408,,,,,,,,27.0,,13.0,,,,,,2.0,2.0,,,,,,2.0,3.0,,
442426,,,,,,,,42.0,,19.0,,,,,,15.0,3.0,,,,,,3.0,2.0,,
442435,,,,,,,,11.0,,2.0,,,,,,2.0,,,,,,,3.0,0.0,,
442523,,,,,,,,25.0,,5.0,,,,,,4.0,4.0,1.0,1.0,,,4.0,,1.0,1.0,
442569,,,,,,,,429.0,,141.0,,,,,,61.0,47.0,21.0,3.0,,,,,19.0,,
442602,,,,,,,,37.0,,15.0,,,,,,11.0,,,,,,,,2.0,,
442611,,,,,,,,103.0,,44.0,,,,,,14.0,40.0,1.0,,,,,,2.0,2.0,
442620,,,,,,,,23.0,,7.0,,,,,,1.0,,,1.0,,,,,2.0,,
442657,,,,,,,,26.0,,14.0,,,,,,1.0,,,,,,,4.0,6.0,,
442718,,,,,,,,28.0,,14.0,,,,,,5.0,,,,0.0,,,,1.0,,
442727,,,,,,,,24.0,,7.0,,,,,,1.0,,,1.0,,,,,1.0,,
442781,,,,,,,,82.0,,19.0,,,,,,18.0,5.0,4.0,4.0,,,6.0,,11.0,3.0,2.0
442790,,,,,,,,16.0,,6.0,,,,,,1.0,,,,,,,,1.0,,
442806,,,,,,,,1065.0,,895.0,8.0,,,,,12.0,16.0,15.0,,,,,,32.0,9.0,
442815,,,,,,,,22.0,,10.0,,,,,,6.0,,,,,,,,3.0,,
442842,,,,,,,,29.0,,15.0,,,,,,3.0,1.0,,,,,,1.0,8.0,,
442879,,,,,,,,138.0,,36.0,,,,,,5.0,6.0,2.0,,,,4.0,4.0,2.0,8.0,
442888,,,,,,,,17.0,,6.0,,,,,,3.0,,,,,,,3.0,1.0,,
442897,,,,,,,,5.0,,1.0,,,,,,1.0,1.0,,,,,,1.0,0.0,,
442930,,,,,,,,87.0,,27.0,,,,,,12.0,3.0,1.0,13.0,,,8.0,,20.0,,
442949,,,,,,,,19.0,,8.0,,,,,,1.0,1.0,0.0,,,,,,4.0,,
442967,,,,,,,,7.0,,4.0,,,,,,1.0,,,,,,,,2.0,,
442976,,,,,,,,11.0,,5.0,,,,,,3.0,,,,,,,,,,
442985,,,,,,,,14.0,,6.0,,,,,,5.0,,,,,,,1.0,2.0,,
443021,,,,,,,,59.0,,23.0,,,,,,6.0,3.0,2.0,,,,23.0,1.0,,,
443030,,,,,,,,7.0,,3.0,,,,,,2.0,0.0,,,,,,,1.0,,
443049,,,,,,,,35.0,,12.0,,,,,,7.0,4.0,,,,,,,10.0,,
443058,,,,,,,,12.0,,6.0,,,,,,2.0,1.0,,,,,,,,,
443076,,,,,,,,32.0,,9.0,,,,,,2.0,1.0,,,,,7.0,,11.0,,
443100,,,,,,,,32.0,,6.0,,,,,,4.0,2.0,1.0,1.0,1.0,,2.0,,4.0,3.0,
443128,,,,,,,,141.0,,44.0,4.0,,,,,17.0,17.0,14.0,13.0,,,5.0,,7.0,,
443137,,,,,,,,30.0,,14.0,,,,,,3.0,0.0,,,,,4.0,1.0,2.0,2.0,
443146,,,,,,,,11.0,,4.0,,,,,,3.0,,,,,,,,4.0,,
443173,,,,,,,,2.0,,1.0,,,,,,1.0,,,,,,,,,,
443207,,,,,,,,44.0,,21.0,,,,,,9.0,1.0,1.0,,,,,2.0,1.0,2.0,
443216,,,,,,,,19.0,,3.0,,,,,,2.0,1.0,1.0,,,,0.0,4.0,2.0,,
443225,,,,,,,,7.0,,2.0,,,,,,1.0,,,,,,,2.0,,,
443234,,,,,,,,22.0,,7.0,,,,,,4.0,,,,,,,6.0,5.0,,
443252,,,,,,,,76.0,,27.0,,,,,,3.0,4.0,,0.0,1.0,,1.0,5.0,27.0,2.0,
443261,,,,,,,,20.0,,8.0,,,,,,3.0,1.0,,,,,,,8.0,,
443270,,,,,,,,5.0,,4.0,,,,,,,,,,,,,,1.0,,
443289,,,,,,,,19.0,,9.0,,,,,,5.0,3.0,,,,,0.0,1.0,1.0,,
443298,,,,,,,,9.0,,3.0,,,,,,1.0,1.0,,,,,,,2.0,,
443322,,,,,,,,43.0,,19.0,,,,,,2.0,5.0,1.0,,,,2.0,3.0,6.0,,
443331,,,,,,,,118.0,,66.0,,,,,,13.0,5.0,1.0,4.0,,,,,21.0,1.0,
443340,,,,,,,,17.0,,10.0,,,,,,2.0,0.0,,,,,,,2.0,,
443359,,,,,,,,7.0,,4.0,,,,,,1.0,1.0,,,,,1.0,,,,
443368,,,,,,,,47.0,,,,,,,,6.0,6.0,9.0,16.0,,,1.0,,7.0,,
443377,,,,,,,,19.0,,10.0,,,,,,2.0,,,,,,,,1.0,1.0,
443395,,,,,,,,36.0,,22.0,,,,,,4.0,,,,2.0,,,4.0,2.0,,
443410,,,,,,,,217.0,,85.0,,,,,,21.0,4.0,22.0,29.0,,,15.0,2.0,11.0,,1.0
443483,,,,,,,,13.0,,3.0,,,,,,1.0,1.0,,,,,1.0,2.0,2.0,,
443492,,,,,,,,139.0,,94.0,,,,,,17.0,1.0,4.0,7.0,,,0.0,,15.0,,
443544,,,,,,,,13.0,,9.0,,,,,,1.0,1.0,,2.0,,,,,0.0,,
443562,,,,,,,,320.0,,271.0,,,,,,13.0,6.0,,,,,13.0,7.0,2.0,1.0,
443571,,,,,,,,12.0,,3.0,,,,,,1.0,,,,,,,4.0,1.0,,
443599,,,,,,,,34.0,,,,,,,,16.0,4.0,,1.0,,,,4.0,7.0,,
443623,,,,,,,,26.0,,18.0,,,,,,1.0,2.0,,,,,,,2.0,,
443632,,,,,,,,14.0,,6.0,,,,,,1.0,1.0,,1.0,,,,1.0,1.0,,
443641,,,,,,,,19.0,,10.0,,,,,,1.0,,,,,,,3.0,3.0,2.0,
443650,,,,,,,,58.0,,34.0,,,,,,6.0,2.0,,,3.0,,,5.0,7.0,,
443669,,,,,,,,32.0,,19.0,,,,,,1.0,,,,,,,3.0,8.0,,
443678,,,,,,,,7.0,,5.0,,,,,,1.0,,,,,,,,,,
443696,,,,,,,,6.0,,1.0,,,,,,2.0,,,,,,,1.0,0.0,,
443702,,,,,,,,12.0,,7.0,,,,,,2.0,1.0,,,,,,,1.0,,
443711,,,,,,,,512.0,,,,,,,,87.0,116.0,152.0,14.0,,,2.0,,111.0,29.0,
443748,,,,,,,,24.0,,6.0,,,,,,1.0,,,1.0,,,,,1.0,,
443766,,,,,,,,70.0,,35.0,,,,,,7.0,,,,,,,10.0,6.0,,
443784,,,,,,,,79.0,,38.0,,,,,,8.0,,,,,,,13.0,8.0,,
443827,,,,,,,,29.0,,8.0,,,,,,8.0,,,8.0,,,1.0,,1.0,,
443836,,,,,,,,40.0,,18.0,,,,,,8.0,,,8.0,,,,,2.0,,
443854,,,,,,,,24.0,,7.0,,,,,,1.0,,,1.0,,,,,1.0,,
443951,,,,,,,,9.0,,3.0,,,,,,2.0,1.0,,0.0,,,1.0,0.0,1.0,,
443979,,,,,,,,15.0,,11.0,,,,,,,1.0,,,,,,2.0,1.0,,
444024,,,,,,,,37.0,,13.0,,,,,,1.0,,,1.0,,,,,1.0,,
444042,,,,,,,,121.0,,49.0,,,,,,23.0,,2.0,7.0,3.0,,,11.0,22.0,,
444051,,,,,,,,10.0,,5.0,,,,,,1.0,1.0,,,,,,,3.0,0.0,
444088,,,,,,,,33.0,,18.0,,,,,,,4.0,,,,,,4.0,3.0,,
444103,,,,,,,,14.0,,9.0,,,,,,,1.0,1.0,,,,0.0,,1.0,,
444130,,,,,,,,662.0,,200.0,4.0,,,,,33.0,50.0,39.0,10.0,,,,3.0,41.0,,
444194,,,,,,,,25.0,,9.0,,,,,,3.0,2.0,,,,,,3.0,6.0,1.0,
444200,,,,,,,,29.0,,10.0,,,,,,12.0,,,,,,,,1.0,,
444219,,,,,,,,319.0,,192.0,,,,,,15.0,11.0,6.0,13.0,,,24.0,,45.0,,
444228,,,,,,,,6.0,,4.0,,,,,,1.0,1.0,,,,,,,0.0,,
444255,,,,,,,,23.0,,8.0,,,,,,2.0,,,,,,,,8.0,,
444264,,,,,,,,37.0,,11.0,,,,,,9.0,3.0,1.0,,,,2.0,4.0,4.0,1.0,
444282,,,,,,,,8.0,,5.0,,,,,,1.0,,,,,,,,1.0,,
444291,,,,,,,,9.0,,6.0,,,,,,1.0,,,,,,,,1.0,,
444307,,,,,,,,6.0,,3.0,,,,,,1.0,,,,,,,,1.0,,
444316,,,,,,,,11.0,,6.0,,,,,,,,,,,,,,5.0,,
444325,,,,,,,,9.0,,2.0,,,,,,1.0,,,,,,,,1.0,,
444334,,,,,,,,13.0,,4.0,,,,,,4.0,,,,,,,,,,
444343,,,,,,,,20.0,,6.0,,,,,,3.0,4.0,,,,,,2.0,3.0,1.0,
444361,,,,,,,,12.0,,5.0,,,,,,5.0,,,,,,,,0.0,,
444370,,,,,,,,24.0,,6.0,,,,,,6.0,3.0,1.0,,,,,,4.0,1.0,
444398,,,,,,,,41.0,,17.0,,,,,,1.0,4.0,1.0,1.0,,,,,6.0,1.0,
444404,,,,,,,,8.0,,2.0,,,,,,1.0,1.0,,,,,,,2.0,,
444413,,,,,,,,8.0,,6.0,,,,,,1.0,,,,,,,,0.0,,
444440,,,,,,,,10.0,,5.0,,,,,,1.0,3.0,,,,,,,1.0,,
444468,,,,,,,,3.0,,1.0,,,,,,,,,,,,,,0.0,,
444486,,,,,,,,42.0,,23.0,,,,,,3.0,4.0,,,,,1.0,6.0,5.0,,
444510,,,,,,,,11.0,,3.0,,,,,,2.0,1.0,,,,,,,4.0,,
444529,,,,,,,,11.0,,4.0,,,,,,1.0,,,,,,,,1.0,,
444547,,,,,,,,4.0,,1.0,,,,,,1.0,1.0,1.0,,,,,,,,
444556,,,,,,,,38.0,,15.0,,,,,,7.0,,,,,,,10.0,1.0,,
444565,,,,,,,,74.0,,33.0,,,,,,4.0,4.0,2.0,1.0,,,9.0,,5.0,11.0,
444583,,,,,,,,132.0,,22.0,,,,,,13.0,3.0,3.0,,,,13.0,,22.0,10.0,
444592,,,,,,,,14.0,,7.0,,,,,,2.0,3.0,,,,,,,3.0,,
444608,,,,,,,,7.0,,3.0,,,,,,2.0,,,,,,,1.0,1.0,0.0,
444635,,,,,,,,9.0,,3.0,,,,,,3.0,1.0,,,,,,1.0,1.0,,
444644,,,,,,,,12.0,,7.0,,,,,,1.0,,,,,,,,3.0,,
444653,,,,,,,,6.0,,2.0,,,,,,2.0,,,,,,2.0,,,,
444662,,,,,,,,16.0,,5.0,,,,,,1.0,2.0,,,,,,1.0,1.0,,
444671,,,,,,,,28.0,,12.0,,,,,,2.0,1.0,,,,,,,4.0,,
444680,,,,,,,,16.0,,4.0,,,,,,1.0,1.0,,0.0,,,5.0,2.0,2.0,0.0,
444699,,,,,,,,11.0,,5.0,,,,,,3.0,1.0,,,,,,,2.0,,
444705,,,,,,,,5.0,,2.0,,,,,,2.0,,,,,,,,1.0,,
444714,,,,,,,,14.0,,6.0,,,,,,1.0,1.0,,,,,,3.0,3.0,,
444732,,,,,,,,24.0,,8.0,,,,,,3.0,1.0,,,,,1.0,3.0,4.0,0.0,
444769,,,,,,,,16.0,,3.0,,,,,,2.0,2.0,1.0,1.0,,,,,1.0,1.0,
444778,,,,,,,,21.0,,12.0,0.0,,,,,3.0,,,,,,,,1.0,,
444787,,,,,,,,53.0,,20.0,,,,,,4.0,3.0,,4.0,1.0,,0.0,,1.0,,
444796,,,,,,,,29.0,,4.0,,,,,,3.0,1.0,2.0,0.0,1.0,,1.0,1.0,8.0,2.0,
444811,,,,,,,,24.0,,10.0,,,,,,3.0,1.0,,,,,,2.0,,,
444857,,,,,,,,9.0,,5.0,,,,,,1.0,,,,,,,,3.0,,
444866,,,,,,,,37.0,,10.0,,,,,,10.0,2.0,,,,,,,14.0,,
444893,,,,,,,,29.0,,12.0,,,,,,3.0,3.0,1.0,1.0,,,,6.0,2.0,,
444909,,,,,,,,5.0,,2.0,,,,,,,1.0,,,,,2.0,,,,
444927,,,,,,,,27.0,,18.0,,,,,,1.0,,,,,,,,1.0,,
444936,,,,,,,,8.0,,4.0,,,,,,2.0,,,,,,,,2.0,,
444945,,,,,,,,26.0,,9.0,,,,,,5.0,,,,,,1.0,,2.0,,
444954,,,,,,,,152.0,,95.0,,,,,,12.0,12.0,6.0,,,,2.0,,11.0,2.0,
444972,,,,,,,,34.0,,13.0,,,,,,8.0,,,,,,,,13.0,,
444990,,,,,,,,38.0,,27.0,,,,,,1.0,9.0,,,,,,,1.0,,
445027,,,,,,,,680.0,,223.0,,,,,,34.0,84.0,,5.0,,,,296.0,20.0,,
445054,,,,,,,,34.0,,12.0,14.0,,,,,1.0,3.0,1.0,,,,,,1.0,,
445090,,,,,,,,69.0,,34.0,,,,,,15.0,,,11.0,,,1.0,,2.0,,
445115,,,,,,,,16.0,,9.0,,,,,,1.0,1.0,,,,,,,2.0,,
445133,,,,,,,,48.0,,18.0,,,,,,4.0,4.0,1.0,,,,,11.0,3.0,,
445188,,,,,,,,1314.0,,340.0,62.0,1.0,,,,168.0,167.0,89.0,109.0,18.0,,114.0,5.0,144.0,27.0,18.0
445203,,,,,,,,48.0,,29.0,,,,,,5.0,1.0,1.0,,,,,5.0,6.0,,
445212,,,,,,,,25.0,,11.0,,,,,,2.0,,,,,,,4.0,5.0,2.0,
445230,,,,,,,,53.0,,29.0,,,,,,3.0,,,,,,,,14.0,,
445249,,,,,,,,45.0,,19.0,,,,,,6.0,1.0,1.0,,,,,3.0,16.0,,
445258,,,,,,,,33.0,,16.0,,,,,,5.0,2.0,,,,,2.0,4.0,2.0,,
445267,,,,,,,,127.0,,89.0,,,,,,6.0,6.0,,9.0,,,,,8.0,,
445300,,,,,,,,21.0,,13.0,,,,,,3.0,1.0,,1.0,,,,1.0,2.0,,
445319,,,,,,,,7.0,,4.0,,,,,,2.0,,,,,,,,1.0,,
445328,,,,,,,,27.0,,8.0,,,,,,6.0,,,9.0,,,,,1.0,,
445346,,,,,,,,8.0,,5.0,,,,,,2.0,,,1.0,,,,,0.0,,
445364,,,,,,,,25.0,,16.0,,,,,,1.0,,,,,,,,0.0,,
445391,,,,,,,,11.0,,8.0,,,,,,2.0,,,,,,,,1.0,,
445434,,,,,,,,41.0,,16.0,,,,,,1.0,,,1.0,,,,,2.0,,
445461,,,,,,,,39.0,,13.0,,,,,,1.0,,,1.0,,,,,1.0,,
445498,,,,,,,,6.0,,3.0,,,,,,2.0,,,,,,,,1.0,1.0,
445540,,,,,,,,7.0,,4.0,,,,,,2.0,1.0,,,,,,,,,
445559,,,,,,,,38.0,,20.0,,,,,,2.0,3.0,,,,,,2.0,1.0,,
445577,,,,,,,,21.0,,10.0,,,,,,6.0,,,,,,,,1.0,,
445638,,,,,,,,13.0,,2.0,,,,,,5.0,2.0,,,,,,0.0,1.0,,
445647,,,,,,,,12.0,,4.0,,,,,,2.0,,,,,,,,3.0,,
445656,,,,,,,,11.0,,5.0,,,,,,2.0,,,,,,,,1.0,,
445692,,,,,,,,58.0,,18.0,,,,,,4.0,8.0,4.0,,,,,7.0,3.0,,
445708,,,,,,,,223.0,,95.0,,,,,,35.0,24.0,2.0,24.0,1.0,,12.0,1.0,13.0,6.0,
445726,,,,,,,,19.0,,8.0,,,,,,2.0,2.0,,,,,,1.0,2.0,,
445735,,,,,,,,371.0,,152.0,10.0,,,,,45.0,20.0,16.0,5.0,5.0,,28.0,,61.0,8.0,
445744,,,,,,,,40.0,,28.0,,,,,,6.0,2.0,,,,,,,3.0,,
445762,,,,,,,,28.0,,11.0,,,,,,3.0,,,,,,,,13.0,,
445780,,,,,,,,8.0,,3.0,,,,,,3.0,,,,,,2.0,,0.0,,
445799,,,,,,,,107.0,,50.0,,,,,,13.0,36.0,1.0,,,,,,3.0,4.0,
445841,,,,,,,,15.0,,9.0,,,,,,1.0,,,,,,,,2.0,,
445850,,,,,,,,12.0,,8.0,,,,,,1.0,,,,,,,,1.0,,
445869,,,,,,,,34.0,,17.0,,,,,,3.0,1.0,,,,,,,1.0,,
445948,,,,,,,,36.0,,14.0,,,,,,4.0,3.0,,,,,,5.0,5.0,3.0,
445957,,,,,,,,15.0,,7.0,,,,,,3.0,,,,,,,1.0,2.0,,
445984,,,,,,,,13.0,,2.0,,,,,,1.0,1.0,,0.0,,,2.0,,3.0,1.0,
446002,,,,,,,,16.0,,10.0,,,,,,3.0,,,,,,3.0,,,,
446039,,,,,,,,25.0,,11.0,,,,,,4.0,1.0,1.0,,,,,4.0,4.0,,
446048,,,,,,,,208.0,,74.0,1.0,,,,,33.0,12.0,6.0,23.0,6.0,,9.0,1.0,14.0,5.0,0.0
446075,,,,,,,,1.0,,,,,,,,,,,,,,,,1.0,,
446084,,,,,,,,17.0,,7.0,,,,,,3.0,2.0,,,,,,3.0,0.0,,
446093,,,,,,,,20.0,,6.0,,,,,,3.0,3.0,,,,,,3.0,4.0,,
446109,,,,,,,,19.0,,11.0,,,,,,1.0,1.0,,,,,,,1.0,,
446118,,,,,,,,126.0,,43.0,,,,,,10.0,6.0,,,24.0,,8.0,6.0,27.0,,
446127,,,,,,,,30.0,,16.0,,,,,,1.0,2.0,1.0,,,,1.0,2.0,2.0,,
446136,,,,,,,,35.0,,14.0,,,,,,2.0,2.0,,,,,,8.0,3.0,,
446163,,,,,,,,5.0,,2.0,,,,,,,,,,,,,,,,
446190,,,,,,,,15.0,,4.0,,,,,,3.0,1.0,,,,,,4.0,3.0,,
446206,,,,,,,,4.0,,2.0,,,,,,1.0,,,,,,,,1.0,,
446224,,,,,,,,15.0,,8.0,,,,,,1.0,1.0,,,,,,1.0,2.0,,
446233,,,,,,,,89.0,,39.0,,,,,,7.0,8.0,,,,,12.0,,12.0,,
446242,,,,,,,,17.0,,10.0,,,,,,1.0,,,,,,,,2.0,,
446251,,,,,,,,19.0,,7.0,,,,,,3.0,,,,,,2.0,1.0,2.0,,
446260,,,,,,,,12.0,,5.0,,,,,,1.0,2.0,,,,,,,4.0,,
446288,,,,,,,,8.0,,4.0,,,,,,1.0,,,,,,,1.0,2.0,,
446303,,,,,,,,31.0,,8.0,,,,,,3.0,4.0,0.0,,,,1.0,3.0,1.0,1.0,
446349,,,,,,,,4.0,,3.0,,,,,,,,,,,,,,1.0,,
446385,,,,,,,,46.0,,31.0,,,,,,3.0,2.0,,,,,1.0,2.0,5.0,,
446394,,,,,,,,19.0,,12.0,,,,,,2.0,1.0,,,,,,,2.0,,
446455,,,,,,,,17.0,,9.0,,,,,,1.0,,,,,,,1.0,,,
446516,,,,,,,,9.0,,4.0,,,,,,1.0,2.0,,,,,,,2.0,,
446525,,,,,,,,12.0,,4.0,,,,,,2.0,1.0,1.0,,,,,2.0,1.0,,
446534,,,,,,,,5.0,,3.0,,,,,,1.0,,,,,,,,1.0,,
446552,,,,,,,,144.0,,55.0,,,,,,22.0,4.0,1.0,,,,5.0,,6.0,,
446561,,,,,,,,185.0,,83.0,,,,,,23.0,4.0,5.0,10.0,,,8.0,,17.0,,2.0
446589,,,,,,,,16.0,,6.0,,,,,,3.0,1.0,,,,,1.0,2.0,2.0,1.0,
446598,,,,,,,,9.0,,6.0,,,,,,1.0,1.0,0.0,,,,,,1.0,,
446604,,,,,,,,189.0,,146.0,,,,,,7.0,8.0,2.0,,,,20.0,,4.0,,
446613,,,,,,,,3.0,,1.0,,2.0,,,,,,,,,,,,,,
446640,,,,,,,,132.0,,65.0,,,,,,4.0,17.0,8.0,,,,2.0,8.0,3.0,,
446668,,,,,,,,21.0,,13.0,,,,,,3.0,,,,,,,,1.0,,
446677,,,,,,,,16.0,,7.0,,,,,,1.0,2.0,,,,,,1.0,1.0,,
446729,,,,,,,,1.0,,,,,,,,,,,,,,,1.0,,,
446774,,,,,,,,182.0,,117.0,,,,,,10.0,10.0,3.0,4.0,,,16.0,2.0,20.0,,
446792,,,,,,,,17.0,,11.0,,,,,,1.0,,1.0,,,,,,,,
446808,,,,,,,,19.0,,12.0,,,,,,2.0,1.0,1.0,,,,,,1.0,,
446835,,,,,,,,23.0,,14.0,,,,,,1.0,3.0,,,,,,,1.0,,
446844,,,,,,,,16.0,,8.0,,,,,,1.0,2.0,,,,,,,2.0,,
446880,,,,,,,,30.0,,19.0,,,,,,4.0,,,,,,,4.0,3.0,,
446978,,,,,,,,31.0,,,,,,,,7.0,6.0,,12.0,,,,,5.0,,
446996,,,,,,,,6.0,,3.0,,,,,,2.0,,,,,,,1.0,,,
447014,,,,,,,,39.0,,13.0,,,,,,6.0,2.0,,,,,,,4.0,1.0,
447023,,,,,,,,49.0,,21.0,,,,,,7.0,3.0,,,,,2.0,,16.0,,
447050,,,,,,,,64.0,,38.0,,,,,,10.0,4.0,1.0,,,,0.0,,2.0,,
447102,,,,,,,,28.0,,8.0,,,,,,7.0,,,7.0,,,,,1.0,,
447120,,,,,,,,27.0,,9.0,,,,,,7.0,,,7.0,,,,,0.0,,
447148,,,,,,,,13.0,,8.0,,,,,,2.0,,,,,,,,1.0,,
447166,,,,,,,,7.0,,4.0,,,,,,1.0,,,,,,,,1.0,,
447175,,,,,,,,7.0,,5.0,,,,,,,,,,,,,,1.0,,
447209,,,,,,,,17.0,,5.0,,,,,,4.0,,,1.0,,,,,1.0,,
447263,,,,,,,,61.0,,30.0,,,,,,10.0,7.0,,,,,,5.0,8.0,1.0,
447272,,,,,,,,33.0,,14.0,,,,,,7.0,,,,,,,,,,
447290,,,,,,,,33.0,,20.0,,,,,,6.0,1.0,,,,,,,1.0,,
447379,,,,,,,,36.0,,17.0,,,,,,7.0,2.0,,,,,3.0,4.0,3.0,,
447403,,,,,,,,68.0,,28.0,,,,,,12.0,23.0,,,,,,,1.0,4.0,
447421,,,,,,,,37.0,,22.0,,,,,,4.0,1.0,,,,,,5.0,4.0,,
447430,,,,,,,,12.0,,5.0,,,,,,1.0,2.0,,,,,,,4.0,,
447449,,,,,,,,6.0,,2.0,,,,,,1.0,,,,,,1.0,,2.0,,
447458,,,,,,,,38.0,,18.0,,,,,,4.0,2.0,,,,,2.0,5.0,1.0,,
447467,,,,,,,,21.0,,11.0,,,,,,3.0,,,,,,,,1.0,,
447476,,,,,,,,6.0,,3.0,,,,,,1.0,,,,,,,,2.0,,
447494,,,,,,,,10.0,,4.0,,,,,,3.0,,,,,,,,0.0,,
447519,,,,,,,,14.0,,7.0,,,,,,4.0,,,,,,,,1.0,,
447528,,,,,,,,10.0,,2.0,,,,,,1.0,2.0,,0.0,,,,,3.0,0.0,
447582,,,,,,,,142.0,,72.0,,,,,,17.0,7.0,5.0,1.0,,,9.0,,10.0,,
447591,,,,,,,,31.0,,12.0,,,,,,2.0,,,,,,,,2.0,,
447607,,,,,,,,31.0,,11.0,,,,,,1.0,2.0,,,,,,,16.0,,
447616,,,,,,,,38.0,,11.0,,,,,,1.0,2.0,,,,,1.0,,23.0,,
447634,,,,,,,,33.0,,12.0,,,,,,9.0,,,7.0,,,1.0,,1.0,,
447689,,,,,,,,914.0,,516.0,,,,,,120.0,20.0,33.0,31.0,2.0,,26.0,,91.0,6.0,
447698,,,,,,,,31.0,,17.0,1.0,,,,,3.0,1.0,,1.0,,,,,7.0,,
447704,,,,,,,,8.0,,5.0,,,,,,,1.0,,,,,,,2.0,,
447713,,,,,,,,4.0,,2.0,,,,,,,,,,,,,,,,
447722,,,,,,,,7.0,,2.0,,,,,,2.0,1.0,,,,,,,1.0,,
447731,,,,,,,,11.0,,5.0,,,,,,1.0,1.0,,,,,,,2.0,,
447759,,,,,,,,36.0,,12.0,,,,,,3.0,2.0,,,,,,,12.0,1.0,
447768,,,,,,,,96.0,,38.0,,,,,,20.0,3.0,1.0,8.0,,,,2.0,15.0,1.0,
447777,,,,,,,,67.0,,27.0,,,,,,9.0,5.0,1.0,,,,,7.0,12.0,,
447795,,,,,,,,4.0,,1.0,,,,,,2.0,,,,,,,,,,
447801,,,,,,,,28.0,,17.0,,,,,,4.0,1.0,,,,,1.0,,2.0,,
447810,,,,,,,,40.0,,18.0,,,,,,3.0,1.0,1.0,1.0,,,,1.0,6.0,,0.0
447847,,,,,,,,110.0,,64.0,1.0,,,,,7.0,2.0,1.0,1.0,,,5.0,,8.0,15.0,
447865,,,,,,,,3.0,,2.0,,,,,,1.0,,,,,,,,,,
447874,,,,,,,,49.0,,13.0,,,,,,8.0,2.0,,,,,5.0,3.0,13.0,1.0,
447883,,,,,,,,31.0,,15.0,,,,,,3.0,3.0,,,,,,,4.0,2.0,
447892,,,,,,,,13.0,,5.0,,,,,,2.0,2.0,,,,,1.0,,3.0,,
447908,,,,,,,,10.0,,2.0,,,,,,2.0,,,,,,4.0,,,,
447917,,,,,,,,8.0,,3.0,,,,,,3.0,0.0,,,,,,,2.0,,
447935,,,,,,,,47.0,,22.0,,,,,,2.0,8.0,1.0,,,,,4.0,2.0,,
447953,,,,,,,,33.0,,20.0,,,,,,4.0,3.0,,1.0,,,,1.0,0.0,,
447962,,,,,,,,23.0,,13.0,,,,,,2.0,2.0,,,,,,1.0,1.0,1.0,
447971,,,,,,,,18.0,,9.0,,,,,,2.0,1.0,,,,,1.0,,3.0,,
447980,,,,,,,,8.0,,4.0,,,,,,1.0,1.0,,,,,,,2.0,,
447999,,,,,,,,23.0,,14.0,,,,,,1.0,2.0,,,,,,,,,
448008,,,,,,,,3.0,,2.0,,,,,,,,,,,,,,1.0,,
448017,,,,,,,,15.0,,6.0,,,,,,2.0,1.0,,,,,,,3.0,,
448026,,,,,,,,15.0,,7.0,,,,,,3.0,,,,,,,,2.0,,
448035,,,,,,,,5.0,,2.0,,,,,,1.0,,,,,,,,2.0,,
448044,,,,,,,,3.0,,0.0,,,,,,1.0,1.0,,,,,,,,,
448071,,,,,,,,25.0,,7.0,,,,,,6.0,4.0,,,,,1.0,2.0,4.0,,
448123,,,,,,,,26.0,,10.0,,,,,,3.0,2.0,,,,,1.0,2.0,7.0,1.0,
448150,,,,,,,,12.0,,7.0,,,,,,2.0,1.0,,,,,,1.0,1.0,,
448196,,,,,,,,15.0,,8.0,,,,,,2.0,1.0,,,,,,2.0,1.0,,
448220,,,,,,,,13.0,,7.0,,,,,,1.0,,,,,,,1.0,3.0,0.0,
448239,,,,,,,,15.0,,10.0,,,,,,3.0,1.0,,,,,,,1.0,,
448248,,,,,,,,147.0,,65.0,,,,,,28.0,10.0,7.0,4.0,,,5.0,2.0,16.0,3.0,
448257,,,,,,,,9.0,,3.0,,,,,,2.0,,,,,,,,4.0,,
448275,,,,,,,,5.0,,2.0,,,,,,1.0,1.0,,,,,,,,0.0,
448284,,,,,,,,100.0,,56.0,,,,,,11.0,,6.0,10.0,,,,6.0,5.0,1.0,
448309,,,,,,,,33.0,,22.0,,,,,,3.0,2.0,0.0,,,,,,4.0,,
448336,,,,,,,,19.0,,,,,,,,9.0,5.0,,4.0,,,,,1.0,,
448345,,,,,,,,74.0,,36.0,,,,,,8.0,,,,,,,,5.0,,
448354,,,,,,,,38.0,,14.0,5.0,,,,,4.0,1.0,1.0,1.0,,,,3.0,5.0,1.0,
448381,,,,,,,,67.0,,,,,,,,14.0,,15.0,,,,7.0,,24.0,,
448424,,,,,,,,7.0,,4.0,,,,,,2.0,,,,,,1.0,,,,
448433,,,,,,,,101.0,,47.0,,,,,,12.0,36.0,1.0,,,,,,1.0,4.0,
448567,,,,,,,,14.0,,10.0,,,,,,2.0,,,,,,,,1.0,,
448576,,,,,,,,102.0,,47.0,,,,,,14.0,2.0,,,,,1.0,,3.0,,
448585,,,,,,,,27.0,,13.0,,,,,,4.0,,,,,,,,2.0,,
448594,,,,,,,,187.0,,80.0,,,,,,16.0,,1.0,22.0,,,17.0,,11.0,,
448600,,,,,,,,42.0,,25.0,,,,,,1.0,3.0,,,,,,4.0,2.0,,
448619,,,,,,,,52.0,,22.0,,,,,,10.0,,,,,,,,13.0,1.0,
448637,,,,,,,,59.0,,,1.0,,,,,25.0,19.0,7.0,,,,1.0,,6.0,,
448646,,,,,,,,13.0,,5.0,,,,,,2.0,,,,,,1.0,,1.0,,
448664,,,,,,,,18.0,,14.0,,,,,,2.0,,,,,,,,2.0,,
448673,,,,,,,,159.0,,44.0,,,,,,30.0,29.0,,,,,,,8.0,,
448691,,,,,,,,32.0,,5.0,,,,,,11.0,1.0,,,,,,,13.0,,
448707,,,,,,,,22.0,,7.0,,,,,,1.0,,,1.0,1.0,,,3.0,2.0,1.0,
448716,,,,,,,,24.0,,7.0,,,,,,1.0,,,1.0,,,,3.0,1.0,2.0,
448734,,,,,,,,48.0,,30.0,,,,,,7.0,,,,,,,,,,
448752,,,,,,,,31.0,,10.0,,,,,,1.0,4.0,0.0,,,,,4.0,2.0,,
448761,,,,,,,,21.0,,6.0,,,,,,1.0,2.0,,,,,,1.0,2.0,,
448770,,,,,,,,32.0,,14.0,,,,,,4.0,2.0,,,,,,9.0,2.0,1.0,
448798,,,,,,,,9.0,,5.0,,,,,,1.0,,,,,,,,2.0,,
448822,,,,,,,,1.0,,1.0,,,,,,,,,,,,,,,,
448840,,,,,,,,505.0,,184.0,1.0,,,,,34.0,38.0,14.0,42.0,2.0,,49.0,,63.0,22.0,2.0
448859,,,,,,,,22.0,,11.0,,,,,,2.0,,,,,,,,1.0,1.0,
448886,,,,,,,,1367.0,,532.0,8.0,4.0,,,,189.0,127.0,89.0,148.0,6.0,,23.0,9.0,153.0,2.0,2.0
448895,,,,,,,,42.0,,19.0,,,,,,1.0,,,,,,2.0,8.0,10.0,,
448974,,,,,,,,14.0,,5.0,,,,,,5.0,,,,,,,,1.0,,
448983,,,,,,,,19.0,,9.0,,,,,,4.0,,,,,,,,2.0,,
449010,,,,,,,,72.0,,34.0,,,,,,9.0,1.0,,,,,,,5.0,,
449038,,,,,,,,120.0,,69.0,,,,,,10.0,,,,,,,18.0,9.0,,
449074,,,,,,,,43.0,,22.0,,,,,,3.0,,,,,,,,11.0,,
449083,,,,,,,,29.0,,13.0,,,,,,1.0,,1.0,,,,2.0,,1.0,,
449092,,,,,,,,26.0,,11.0,,,,,,1.0,,1.0,,,,2.0,,1.0,,
449117,,,,,,,,46.0,,22.0,,,,,,5.0,1.0,,,2.0,,,6.0,6.0,,
449126,,,,,,,,8.0,,3.0,,,,,,3.0,1.0,,,0.0,,,,1.0,,
449135,,,,,,,,7.0,,2.0,,,,,,2.0,0.0,,,,,2.0,0.0,0.0,,
449144,,,,,,,,11.0,,5.0,,,,,,3.0,,,,,,3.0,,,1.0,
449250,,,,,,,,40.0,,23.0,,,,,,2.0,,,,,,,,1.0,,
449269,,,,,,,,26.0,,7.0,,,,,,1.0,,,1.0,,,,,1.0,,
449302,,,,,,,,3.0,,2.0,,,,,,1.0,,,,,,,,,,
449311,,,,,,,,12.0,,5.0,,,,,,1.0,,,,,,,,4.0,2.0,
449320,,,,,,,,51.0,,26.0,,,,,,12.0,,1.0,,,,,,9.0,,
449339,,,,,,,,1890.0,,960.0,,,,,,267.0,264.0,85.0,33.0,,,19.0,,202.0,,
449348,,,,,,,,21.0,,13.0,,1.0,,,,1.0,1.0,,,,,,,1.0,,
449357,,,,,,,,12.0,,3.0,,,,,,2.0,1.0,,,,,2.0,,3.0,,
449366,,,,,,,,70.0,,20.0,,,,,,10.0,4.0,1.0,,,,,5.0,8.0,1.0,5.0
449384,,,,,,,,57.0,,25.0,,,,,,8.0,2.0,5.0,4.0,,,,,11.0,,
449393,,,,,,,,5.0,,4.0,,,,,,,1.0,,,,,,,,,
449445,,,,,,,,13.0,,8.0,,,,,,,,,,,,,,,,
449454,,,,,,,,11.0,,3.0,,,,,,4.0,1.0,,,,,3.0,,,,
449463,,,,,,,,21.0,,15.0,,,,,,,1.0,,,,,,1.0,1.0,,
449472,,,,,,,,9.0,,6.0,,,,,,1.0,,,,,,,,,0.0,
449481,,,,,,,,5.0,,1.0,,,,,,1.0,,,,,,,,1.0,,
449490,,,,,,,,18.0,,5.0,,,,,,5.0,2.0,,,,,1.0,,6.0,,
449506,,,,,,,,75.0,,29.0,,,,,,12.0,4.0,6.0,7.0,3.0,,2.0,,7.0,5.0,
449524,,,,,,,,24.0,,10.0,,,,,,4.0,2.0,,,,,,,3.0,,
449533,,,,,,,,7.0,,3.0,,,,,,1.0,1.0,,,,,,1.0,1.0,,
449597,,,,,,,,5.0,,2.0,,,,,,1.0,,,,,,,,1.0,,
449603,,,,,,,,19.0,,8.0,,,,,,2.0,1.0,,,,,,,8.0,,
449612,,,,,,,,27.0,,11.0,,,,,,3.0,4.0,,,,,,,,3.0,
449658,,,,,,,,11.0,,6.0,,,,,,1.0,0.0,,,,,2.0,0.0,,,
449667,,,,,,,,22.0,,7.0,,,,,,3.0,2.0,,1.0,,,,2.0,3.0,,
449676,,,,,,,,24.0,,11.0,,,,,,3.0,1.0,1.0,,,,1.0,4.0,3.0,,
449685,,,,,,,,22.0,,8.0,,,,,,4.0,1.0,0.0,,,,2.0,3.0,2.0,,
449700,,,,,,,,25.0,,8.0,,,,,,4.0,,,,,,,,,,
449719,,,,,,,,20.0,,11.0,,,,,,2.0,2.0,,1.0,,,,1.0,3.0,0.0,
449728,,,,,,,,11.0,,5.0,,,,,,1.0,1.0,,,,,,,3.0,,
449764,,,,,,,,35.0,,19.0,,,,,,4.0,2.0,,,,,,3.0,3.0,,
449773,,,,,,,,36.0,,4.0,,,,,,4.0,4.0,1.0,,3.0,,6.0,2.0,4.0,,
449782,,,,,,,,7.0,,3.0,,,,,,1.0,3.0,,,,,,,,,
449807,,,,,,,,17.0,,9.0,,,,,,3.0,,,,,,1.0,,3.0,1.0,
449816,,,,,,,,50.0,,26.0,,,,,,8.0,,2.0,,,,4.0,,7.0,,
449834,,,,,,,,8.0,,6.0,,,,,,,2.0,,,,,,,0.0,,
449852,,,,,,,,6.0,,3.0,,,,,,1.0,1.0,,,,,,,1.0,0.0,
449861,,,,,,,,30.0,,20.0,,,,,,3.0,1.0,,,,,2.0,2.0,1.0,,
449870,,,,,,,,54.0,,15.0,1.0,,,,,14.0,,2.0,,,,3.0,,6.0,,
449889,,,,,,,,113.0,,32.0,,,,,,32.0,4.0,,,,,,,2.0,,
449898,,,,,,,,110.0,,62.0,,,,,,23.0,,,,,,,,5.0,,
449904,,,,,,,,14.0,,7.0,,,,,,1.0,,,,,,,3.0,3.0,,
449922,,,,,,,,50.0,,23.0,1.0,,,,,5.0,1.0,2.0,,,,4.0,,7.0,,
449931,,,,,,,,70.0,,37.0,,,,,,6.0,5.0,,9.0,,,,,5.0,,
449959,,,,,,,,27.0,,12.0,,,,,,3.0,,,,,,,5.0,6.0,1.0,
449968,,,,,,,,33.0,,15.0,,,,,,8.0,,,,,,,3.0,5.0,2.0,
449977,,,,,,,,22.0,,10.0,,,,,,1.0,,,,,,,4.0,6.0,1.0,
449986,,,,,,,,28.0,,16.0,,,,,,1.0,,,,,,,6.0,5.0,0.0,
449995,,,,,,,,28.0,,10.0,,,,,,8.0,,,,,,,7.0,3.0,,
450003,,,,,,,,7.0,,7.0,,,,,,,,,,,,,,,,
450021,,,,,,,,31.0,,17.0,,,,,,2.0,1.0,,,,,2.0,3.0,6.0,,
450049,,,,,,,,19.0,,10.0,,,,,,5.0,,,,,,,,1.0,,
450058,,,,,,,,67.0,,31.0,,,,,,7.0,8.0,1.0,,,,,7.0,4.0,,
450067,,,,,,,,42.0,,25.0,,,,,,3.0,3.0,,,,,1.0,5.0,4.0,,
450076,,,,,,,,51.0,,17.0,,,,,,4.0,6.0,,,,,2.0,6.0,7.0,,
450085,,,,,,,,54.0,,26.0,,,,,,6.0,,,,,,,,4.0,,
450094,,,,,,,,63.0,,31.0,,,,,,8.0,,,,,,,,5.0,,
450119,,,,,,,,24.0,,12.0,,,,,,3.0,1.0,,,,,,2.0,7.0,,
450128,,,,,,,,14.0,,4.0,,,,,,3.0,1.0,,,,,,2.0,4.0,,
450173,,,,,,,,1969.0,,241.0,,,,,,178.0,43.0,50.0,3.0,,,5.0,,6.0,,
450182,,,,,,,,12.0,,4.0,,,,,,6.0,,,,,,1.0,,2.0,,
450191,,,,,,,,54.0,,22.0,,,,,,10.0,,1.0,12.0,,,1.0,,1.0,,
450289,,,,,,,,52.0,,24.0,,,,,,10.0,,,10.0,,,1.0,,1.0,,
450298,,,,,,,,10.0,,6.0,,,,,,1.0,,,,,,,1.0,,,
450304,,,,,,,,42.0,,16.0,,,,,,5.0,4.0,1.0,2.0,,,1.0,,7.0,0.0,
450377,,,,,,,,25.0,,14.0,,,,,,3.0,,,,,,,3.0,2.0,,
450395,,,,,,,,28.0,,11.0,,,,,,5.0,2.0,0.0,,,,,4.0,2.0,,1.0
450401,,,,,,,,59.0,,35.0,,,,,,4.0,2.0,,,,,,,15.0,,
450456,,,,,,,,5.0,,3.0,,,,,,2.0,,,,,,,,0.0,,
450465,,,,,,,,17.0,,13.0,,,,,,1.0,1.0,,,,,,,1.0,,
450483,,,,,,,,19.0,,13.0,,,,,,4.0,1.0,,,,,,,1.0,,
450526,,,,,,,,48.0,,25.0,,,,,,6.0,,,,,,,,1.0,,
450535,,,,,,,,32.0,,14.0,,,,,,6.0,,,,,,,,2.0,,
450544,,,,,,,,29.0,,16.0,,,,,,3.0,,,,,,,,1.0,,
450571,,,,,,,,65.0,,28.0,,,,,,11.0,1.0,,,,,,,6.0,,
450599,,,,,,,,7.0,,4.0,,,,,,1.0,,,,,,,,1.0,,
450605,,,,,,,,8.0,,5.0,,,,,,1.0,,,,,,,,1.0,,
450614,,,,,,,,8.0,,5.0,,,,,,1.0,,,,,,,,1.0,,
450632,,,,,,,,32.0,,10.0,,,,,,1.0,1.0,,,12.0,,3.0,1.0,3.0,,
450641,,,,,,,,13.0,,8.0,,,,,,2.0,1.0,,,,,,,2.0,,
450650,,,,,,,,49.0,,18.0,,,,,,,2.0,,,,,,4.0,21.0,,
450669,,,,,,,,13.0,,6.0,,,,,,3.0,,,,,,0.0,3.0,,,
450696,,,,,,,,36.0,,13.0,,,,,,11.0,,,,,,1.0,,2.0,,
450702,,,,,,,,44.0,,18.0,,,,,,13.0,,,,,,2.0,,1.0,,
450711,,,,,,,,8.0,,4.0,,,,,,1.0,1.0,,,,,,,,,
450720,,,,,,,,19.0,,8.0,,,,,,7.0,,,,,,0.0,,2.0,,
450739,,,,,,,,14.0,,9.0,,,,,,1.0,,0.0,,,,0.0,,3.0,,
450757,,,,,,,,9.0,,5.0,,,,,,2.0,,,,,,,,1.0,,
450766,,,,,,,,10.0,,6.0,,,,,,3.0,,,,,,,,1.0,,
450933,,,,,,,,614.0,,242.0,,,,,,61.0,5.0,,,,,3.0,24.0,148.0,,6.0
450942,,,,,,,,43.0,,24.0,,,,,,4.0,2.0,,3.0,,,,,3.0,,
450951,,,,,,,,23.0,,9.0,,,,,,3.0,,,,,,3.0,2.0,4.0,2.0,
450960,,,,,,,,17.0,,5.0,,,,,,3.0,,,,,,,,8.0,,
450979,,,,,,,,361.0,,140.0,,,,,,73.0,35.0,8.0,,,,0.0,,3.0,,
450988,,,,,,,,10.0,,6.0,,,,,,1.0,1.0,,,,,,,2.0,,
451006,,,,,,,,15.0,,6.0,,,,,,2.0,2.0,,,,,,1.0,1.0,,
451033,,,,,,,,1.0,,1.0,,,,,,,,,,,,,,,,
451042,,,,,,,,11.0,,5.0,,,,,,,2.0,,,,,,0.0,3.0,,
451051,,,,,,,,7.0,,4.0,,,,,,1.0,1.0,,,,,,,1.0,,
451060,,,,,,,,38.0,,11.0,,,,,,12.0,,3.0,,,,,,3.0,,
451079,,,,,,,,10.0,,,,,,,,,2.0,,,,,,,6.0,,
451097,,,,,,,,15.0,,7.0,,,,,,0.0,1.0,,,,,,,5.0,1.0,
451103,,,,,,,,129.0,,82.0,,,,,,14.0,1.0,5.0,,,,1.0,1.0,21.0,,
451121,,,,,,,,14.0,,7.0,,,,,,3.0,2.0,,,,,,,2.0,,
451130,,,,,,,,20.0,,7.0,,,,,,3.0,2.0,2.0,,,,,,4.0,,
451149,,,,,,,,54.0,,27.0,,,,,,4.0,,,,,,4.0,9.0,,,
451158,,,,,,,,59.0,,30.0,,,,,,4.0,,,,,,3.0,13.0,,,
451167,,,,,,,,21.0,,12.0,,,,,,2.0,2.0,,,,,,1.0,1.0,,
451194,,,,,,,,6.0,,3.0,,,,,,1.0,,,,,,,0.0,1.0,,
451228,,,,,,,,13.0,,8.0,,,,,,2.0,,,,,,,1.0,2.0,,
451237,,,,,,,,15.0,,9.0,,,,,,5.0,1.0,,,,,,,,,
451255,,,,,,,,10.0,,2.0,,,,,,2.0,0.0,,,,,,,3.0,,
451264,,,,,,,,14.0,,4.0,,,,,,5.0,,1.0,,,,,,1.0,,
451282,,,,,,,,8.0,,4.0,,,,,,1.0,1.0,,,,,0.0,0.0,1.0,,
451291,,,,,,,,4.0,,2.0,,,,,,1.0,,,,,,,,1.0,,
451307,,,,,,,,6.0,,2.0,,,,,,1.0,,,,,,,0.0,2.0,1.0,
451334,,,,,,,,22.0,,13.0,,,,,,2.0,3.0,,,,,,2.0,1.0,,
451343,,,,,,,,9.0,,5.0,,,,,,3.0,1.0,,,,,,,,,
451352,,,,,,,,49.0,,21.0,,,,,,5.0,2.0,,,,,,,20.0,,
451361,,,,,,,,5.0,,2.0,,,,,,2.0,,,,,,,,,,
451370,,,,,,,,5.0,,5.0,,,,,,,,,,,,0.0,,0.0,,
451398,,,,,,,,18.0,,10.0,,,,,,3.0,1.0,,,,,3.0,,0.0,,
451404,,,,,,,,37.0,,31.0,,,,,,1.0,2.0,,,,,1.0,,2.0,,
451413,,,,,,,,50.0,,31.0,,,,,,7.0,4.0,,,,,3.0,,4.0,,1.0
451459,,,,,,,,25.0,,8.0,,,,,,1.0,1.0,,,,,,,6.0,,
451468,,,,,,,,28.0,,12.0,,,,,,3.0,3.0,1.0,,,,,7.0,1.0,1.0,
451477,,,,,,,,18.0,,7.0,,,,,,2.0,1.0,,,,,,3.0,4.0,,
451495,,,,,,,,6.0,,2.0,,,,,,1.0,1.0,,,,,,1.0,,,
451501,,,,,,,,32.0,,12.0,,,,,,6.0,,,,,,1.0,,,,
451510,,,,,,,,69.0,,33.0,,,,,,12.0,3.0,2.0,,1.0,,2.0,,5.0,,
451529,,,,,,,,5.0,,3.0,,,,,,,,,,,,,,,,
451538,,,,,,,,13.0,,6.0,,,,,,1.0,2.0,,,,,,,1.0,,
451547,,,,,,,,4.0,,2.0,,,,,,,1.0,,,,,,,1.0,,
451556,,,,,,,,212.0,,105.0,,,,,,22.0,5.0,5.0,2.0,,,,12.0,42.0,16.0,
451565,,,,,,,,27.0,,10.0,,,,,,6.0,,,,,,,5.0,6.0,,
451574,,,,,,,,17.0,,8.0,,,,,,1.0,2.0,,,,,,1.0,5.0,,
451583,,,,,,,,52.0,,29.0,,,,,,7.0,3.0,1.0,2.0,,,3.0,1.0,5.0,1.0,
451617,,,,,,,,7.0,,1.0,,,,,,1.0,0.0,,,,,1.0,,2.0,,
451626,,,,,,,,15.0,,8.0,,,,,,2.0,2.0,,,,,,,2.0,,
451635,,,,,,,,5.0,,3.0,,,,,,0.0,0.0,,,,,0.0,,1.0,,
451644,,,,,,,,3.0,,1.0,,,,,,1.0,,,,,,1.0,,,,
451653,,,,,,,,5.0,,2.0,,,,,,1.0,1.0,,,,,,,1.0,,
451662,,,,,,,,458.0,,284.0,,,,,,24.0,1.0,,,,,,,3.0,,
451671,,,,,,,,215.0,,103.0,,,,,,17.0,17.0,8.0,13.0,,,1.0,,33.0,1.0,
451699,,,,,,,,44.0,,32.0,,,,,,8.0,,,,,,,,1.0,,
451705,,,,,,,,10.0,,4.0,,,,,,1.0,1.0,,,,,,1.0,2.0,,
451714,,,,,,,,27.0,,13.0,,,,,,3.0,2.0,,,,,1.0,3.0,,,
451741,,,,,,,,70.0,,18.0,,,,,,18.0,15.0,,3.0,1.0,,1.0,3.0,8.0,1.0,
451750,,,,,,,,96.0,,50.0,,,,,,9.0,1.0,1.0,21.0,,,2.0,,7.0,,
451796,,,,,,,,71.0,,33.0,,,,,,8.0,1.0,,,,,,,6.0,,
451820,,,,,,,,88.0,,44.0,,,,,,10.0,1.0,,,,,,,5.0,,
451848,,,,,,,,24.0,,18.0,,,,,,2.0,,,,,,,,,,
451857,,,,,,,,37.0,,23.0,,,,,,5.0,,1.0,,,,,4.0,4.0,,
451866,,,,,,,,46.0,,28.0,,,,,,6.0,1.0,1.0,,,,,3.0,6.0,,
451875,,,,,,,,13.0,,7.0,,,,,,2.0,,,,,,,,1.0,,
451884,,,,,,,,19.0,,7.0,,,,,,2.0,,,,1.0,,,,1.0,,
451909,,,,,,,,42.0,,21.0,,,,,,7.0,4.0,,,,,,4.0,3.0,,
451918,,,,,,,,11.0,,6.0,,,,,,1.0,,,,,,,,2.0,,
452009,,,,,,,,4.0,,3.0,,,,,,1.0,,,,,,,,,,
452018,,,,,,,,21.0,,14.0,,,,,,4.0,,,,,,,,,,
452027,,,,,,,,59.0,,23.0,,,,,,8.0,1.0,,,,,,,5.0,,
452036,,,,,,,,13.0,,8.0,,,,,,,1.0,,,,,,,1.0,,
452045,,,,,,,,17.0,,11.0,,,,,,1.0,2.0,,,,,,,1.0,,
452054,,,,,,,,15.0,,8.0,,,,,,1.0,1.0,,,,,,,2.0,,
452063,,,,,,,,20.0,,11.0,,,,,,1.0,2.0,,,,,,,2.0,,
452072,,,,,,,,15.0,,6.0,,,,,,4.0,,,,,,,,1.0,,
452081,,,,,,,,32.0,,19.0,,,,,,3.0,,,,,,,,0.0,,
452090,,,,,,,,24.0,,14.0,,,,,,4.0,,,,,,,,,,
452106,,,,,,,,19.0,,8.0,,,,,,1.0,,,,,,,,3.0,2.0,
452115,,,,,,,,66.0,,36.0,,,,,,9.0,,1.0,12.0,,,1.0,,1.0,,
452124,,,,,,,,42.0,,14.0,,,,,,11.0,2.0,,,,,,6.0,2.0,,
452373,,,,,,,,34.0,,20.0,,,,,,4.0,1.0,,,,,,4.0,3.0,,
452540,,,,,,,,5.0,,1.0,,,,,,2.0,1.0,,,,,,,1.0,,
452771,,,,,,,,1.0,,1.0,,,,,,0.0,,,,,,,,0.0,,
452780,,,,,,,,1.0,,1.0,,,,,,0.0,,,,,,,,0.0,,
452887,,,,,,,,13.0,,7.0,,,,,,3.0,1.0,,,,,,,1.0,,
452948,,,,,,,,43.0,,24.0,,,,,,4.0,,1.0,,,,1.0,,10.0,,
453109,,,,,,,,13.0,,6.0,,,,,,1.0,2.0,,,,,,3.0,,,
453163,,,,,,,,122.0,,50.0,,,,,,16.0,,,,,,,23.0,9.0,,
453215,,,,,,,,33.0,,15.0,,,,,,4.0,,,,,,,6.0,3.0,,
453297,,,,,,,,11.0,,4.0,,,,,,2.0,,,,,,3.0,,2.0,,
453455,,,,,,,,16.0,,12.0,,,,,,1.0,,,,,,,1.0,2.0,,
453464,,,,,,,,12.0,,10.0,,,,,,1.0,,,,,,,1.0,,,
453473,,,,,,,,2.0,,1.0,,,,,,,,,,,,,,1.0,,
453552,,,,,,,,13.0,,5.0,,,,,,4.0,,,,,,,,0.0,,
453747,,,,,,,,15.0,,10.0,,,,,,2.0,1.0,,,,,,2.0,0.0,,
453756,,,,,,,,19.0,,9.0,,,,,,3.0,1.0,1.0,,,,,1.0,1.0,,
453792,,,,,,,,12.0,,7.0,,,,,,1.0,1.0,,,,,,,2.0,,
453817,,,,,,,,30.0,,15.0,,,,,,3.0,,,1.0,,,,2.0,5.0,3.0,
454184,,,,,,,,96.0,,38.0,,,,,,29.0,3.0,2.0,2.0,,,2.0,,18.0,,
454218,,,,,,,,293.0,,,,,,,,99.0,101.0,6.0,1.0,,,,,17.0,,
454227,,,,,,,,652.0,,484.0,,,,,,60.0,,2.0,,,,,,18.0,,
454236,,,,,,,,109.0,,57.0,,,,,,15.0,3.0,2.0,,,,1.0,,9.0,,
454245,,,,,,,,96.0,,38.0,,,,,,9.0,,1.0,,,,,,8.0,,
454306,,,,,,,,20.0,,7.0,,,,,,1.0,1.0,,,,,,5.0,3.0,,
454458,,,,,,,,14.0,,2.0,,,,,,8.0,,,,,,,1.0,1.0,,
454537,,,,,,,,10.0,,5.0,,,,,,1.0,1.0,,,,,,2.0,1.0,,
454546,,,,,,,,6.0,,3.0,,,,,,1.0,,,,,,,1.0,1.0,,
454555,,,,,,,,16.0,,8.0,,,,,,1.0,,,,,,,2.0,5.0,,
454573,,,,,,,,19.0,,8.0,,,,,,1.0,,,,,,,2.0,6.0,,
454607,,,,,,,,29.0,,16.0,,,,,,1.0,1.0,,,,,,3.0,0.0,,
454616,,,,,,,,51.0,,22.0,,,,,,5.0,,,,,,,,3.0,,
454625,,,,,,,,56.0,,29.0,,,,,,11.0,,,10.0,,,,,1.0,,
454652,,,,,,,,17.0,,7.0,,,,,,2.0,2.0,,,,,1.0,2.0,2.0,,
454689,,,,,,,,44.0,,25.0,,,,,,5.0,,1.0,,,,,,10.0,,
454698,,,,,,,,60.0,,19.0,,,,,,6.0,2.0,2.0,,,,,3.0,7.0,,
454722,,,,,,,,5.0,,2.0,,,,,,1.0,,,,,,,,2.0,,
454759,,,,,,,,6.0,,3.0,,,,,,3.0,,,,,,,,,,
454768,,,,,,,,22.0,,9.0,,,,,,6.0,,,,,,,2.0,4.0,,
454777,,,,,,,,23.0,,13.0,,,,,,1.0,,,,,,,,,,
454786,,,,,,,,90.0,,39.0,,,,,,14.0,3.0,3.0,1.0,,,,,5.0,,
454795,,,,,,,,12.0,,3.0,,,,,,4.0,,,,,,,,,,
454801,,,,,,,,8.0,,4.0,,,,,,1.0,,,,,,,,,,
454810,,,,,,,,41.0,,18.0,,,,,,8.0,2.0,,,,,,9.0,,,
454829,,,,,,,,65.0,,2.0,,,,,,6.0,3.0,7.0,,,,,,,,
454838,,,,,,,,4.0,,1.0,,,,,,1.0,1.0,,,,,,,1.0,,
454847,,,,,,,,4.0,,2.0,,,,,,1.0,,,,,,,,1.0,,
454856,,,,,,,,76.0,,38.0,,,,,,11.0,7.0,1.0,,,,1.0,2.0,6.0,,
454865,,,,,,,,43.0,,29.0,,,,,,2.0,2.0,,,,,,,2.0,,
454874,,,,,,,,10.0,,5.0,,,,,,,,,,,,,2.0,2.0,,
454883,,,,,,,,22.0,,5.0,,,,,,10.0,,1.0,,,,,,6.0,,
454892,,,,,,,,3.0,,1.0,,,,,,,1.0,,,,,,,1.0,,
454908,,,,,,,,18.0,,6.0,,,,,,1.0,3.0,1.0,,,,2.0,,4.0,1.0,
454917,,,,,,,,32.0,,14.0,,,,,,12.0,1.0,,,,,,,5.0,,
454926,,,,,,,,31.0,,16.0,,,,,,8.0,,,,,,,,6.0,1.0,
454935,,,,,,,,6.0,,5.0,,,,,,,,,,,,,,,,
454944,,,,,,,,17.0,,11.0,,,,,,1.0,1.0,,,,,,2.0,2.0,,
454953,,,,,,,,3.0,,1.0,,,,,,,,,,,,,,,,
454962,,,,,,,,5.0,,2.0,,,,,,1.0,1.0,,,,,,,,,
454971,,,,,,,,20.0,,16.0,,,,,,1.0,,,,,,,,2.0,,
454980,,,,,,,,11.0,,7.0,,,,,,,,,,,,,,1.0,,
454999,,,,,,,,12.0,,7.0,,,,,,,,,,,,,,1.0,,
455008,,,,,,,,12.0,,8.0,,,,,,,,,,,,,,1.0,,
455017,,,,,,,,5.0,,2.0,,,,,,,1.0,,0.0,,,,,,,
455026,,,,,,,,21.0,,13.0,,,,,,5.0,2.0,,,,,,1.0,,,
455035,,,,,,,,5.0,,2.0,,,,,,,,,,,,,,3.0,,
455053,,,,,,,,2.0,,1.0,,,,,,0.0,,,,,,,,1.0,,
455062,,,,,,,,4.0,,1.0,,,,,,0.0,,,,,,,,3.0,,
455071,,,,,,,,8.0,,5.0,,,,,,1.0,1.0,,,,,,1.0,,,
455080,,,,,,,,14.0,,6.0,,,,,,1.0,3.0,,,,,,1.0,2.0,0.0,
455099,,,,,,,,23.0,,7.0,,,,,,1.0,3.0,,,,,,,6.0,,
455105,,,,,,,,12.0,,6.0,,,,,,2.0,2.0,,,,,,,,,
455114,,,,,,,,689.0,,270.0,,,,,,65.0,37.0,11.0,25.0,,,17.0,,79.0,6.0,1.0
455141,,,,,,,,22.0,,10.0,,,,,,1.0,,,,,,,,6.0,,
455169,,,,,,,,110.0,,61.0,,,,,,19.0,1.0,2.0,3.0,,,,,9.0,,
455178,,,,,,,,25.0,,10.0,,,,,,4.0,2.0,,,,,1.0,,5.0,1.0,
455187,,,,,,,,14.0,,9.0,,,,,,1.0,1.0,,,,,,,1.0,,
455196,,,,,,,,223.0,,138.0,,,,,,9.0,6.0,3.0,,,,,14.0,7.0,,
455202,,,,,,,,32.0,,9.0,,,,,,7.0,2.0,1.0,,,,,,9.0,,
455211,,,,,,,,29.0,,13.0,,,,,,2.0,1.0,,,,,,3.0,,,
455220,,,,,,,,18.0,,7.0,,,,,,5.0,1.0,,,,,,3.0,1.0,,
455239,,,,,,,,6.0,,4.0,,,,,,,1.0,,,,,,,1.0,,
455257,,,,,,,,19.0,,13.0,,,,,,3.0,1.0,,,,,0.0,,2.0,,
455275,,,,,,,,33.0,,15.0,,,,,,1.0,,,,,,,,11.0,,
455284,,,,,,,,27.0,,10.0,,,,,,9.0,2.0,,,,,1.0,2.0,4.0,,
455327,,,,,,,,8.0,,3.0,,,,,,3.0,,,,,,,,2.0,,
455336,,,,,,,,28.0,,7.0,,,,,,4.0,3.0,,,,,,,12.0,,
455345,,,,,,,,11.0,,4.0,,,,,,1.0,1.0,1.0,,,,,2.0,1.0,,
455354,,,,,,,,38.0,,19.0,,,,,,4.0,2.0,,1.0,,,,8.0,,1.0,
455381,,,,,,,,9.0,,4.0,,,,,,,1.0,,,,,,,,,
455390,,,,,,,,29.0,,8.0,,,,,,6.0,2.0,,,,,,3.0,6.0,,
455406,,,,,,,,147.0,,28.0,4.0,,,,,20.0,10.0,8.0,2.0,,,,,27.0,4.0,
455433,,,,,,,,15.0,,8.0,,,,,,4.0,,,,,,,2.0,,,
455460,,,,,,,,14.0,,6.0,,,,,,1.0,1.0,,,,,,,1.0,,
455479,,,,,,,,57.0,,25.0,,,,,,12.0,5.0,,1.0,,,,7.0,3.0,,
455488,,,,,,,,27.0,,12.0,,,,,,1.0,1.0,,,,,,6.0,3.0,,
455512,,,,,,,,134.0,,101.0,,,,,,9.0,,,3.0,,,6.0,,13.0,,
455549,,,,,,,,2.0,,1.0,,,,,,1.0,,,,,,,,0.0,,
455558,,,,,,,,9.0,,4.0,,,,,,1.0,,,,,,,,0.0,,
455567,,,,,,,,38.0,,21.0,,,,,,2.0,3.0,,,,,,3.0,3.0,,
455600,,,,,,,,25.0,,16.0,,,,,,4.0,,,,,,,,1.0,,
455619,,,,,,,,37.0,,27.0,,,,,,3.0,,,,,,,,2.0,,
455628,,,,,,,,42.0,,25.0,,,,,,6.0,2.0,,1.0,,,,6.0,1.0,,
455655,,,,,,,,37.0,,16.0,,,,,,5.0,2.0,,,0.0,,2.0,3.0,6.0,,
455664,,,,,,,,74.0,,23.0,,,,,,19.0,4.0,,1.0,,,,6.0,9.0,,
455707,,,,,,,,6.0,,3.0,,,,,,,,,,,,,,2.0,,
455716,,,,,,,,71.0,,37.0,,,,,,11.0,,,13.0,,,1.0,,1.0,,
455725,,,,,,,,55.0,,29.0,,,,,,5.0,,,,,,,,7.0,,
455734,,,,,,,,21.0,,12.0,,,,,,3.0,1.0,,,,,,2.0,3.0,,
455752,,,,,,,,16.0,,7.0,,,,,,5.0,,0.0,,,,,1.0,3.0,,
455761,,,,,,,,108.0,,30.0,,,,,,16.0,12.0,,1.0,,,3.0,1.0,15.0,2.0,
455770,,,,,,,,38.0,,12.0,,,,,,1.0,2.0,,7.0,,,3.0,1.0,10.0,,
455798,,,,,,,,9.0,,4.0,,,,,,2.0,1.0,,,,,,,2.0,0.0,
455804,,,,,,,,48.0,,23.0,,,,,,5.0,2.0,,,,,,,8.0,,
455813,,,,,,,,16.0,,9.0,2.0,,,,,2.0,,,,,,,,3.0,,
455831,,,,,,,,11.0,,4.0,,,,,,2.0,,,,,,,1.0,3.0,,
455840,,,,,,,,25.0,,6.0,,,,,,5.0,4.0,,,,,,3.0,2.0,,
455859,,,,,,,,23.0,,11.0,,,,,,3.0,3.0,,1.0,,,,,5.0,,
455868,,,,,,,,21.0,,7.0,,,,,,4.0,1.0,,,,,,3.0,4.0,,
455877,,,,,,,,26.0,,12.0,,,,,,4.0,3.0,,,,,,5.0,,1.0,
455886,,,,,,,,12.0,,7.0,,,,,,,,,,,,,,1.0,,
455895,,,,,,,,16.0,,11.0,,,,,,1.0,,,,,,,,1.0,,
455901,,,,,,,,30.0,,11.0,,,,,,4.0,2.0,,,,,,2.0,11.0,,
455910,,,,,,,,7.0,,,,,,,,3.0,1.0,,,,,,,3.0,,
455929,,,,,,,,11.0,,4.0,,,,,,1.0,1.0,,,,,,,2.0,,
455947,,,,,,,,15.0,,8.0,,,,,,1.0,1.0,,,,,,1.0,3.0,0.0,
455956,,,,,,,,17.0,,6.0,,,,,,1.0,,,,,,1.0,,9.0,,
455965,,,,,,,,16.0,,9.0,,,,,,3.0,1.0,,,,,,,4.0,,
455974,,,,,,,,36.0,,13.0,,,,,,6.0,1.0,,,,,,,6.0,,
455983,,,,,,,,36.0,,9.0,,,,,,5.0,4.0,2.0,0.0,,,0.0,,6.0,,
455992,,,,,,,,73.0,,30.0,,,,,,18.0,4.0,2.0,2.0,,,4.0,2.0,9.0,,
456001,,,,,,,,8.0,,4.0,,,,,,2.0,2.0,,,,,,,,,
456010,,,,,,,,8.0,,6.0,,,,,,2.0,,,,,,,,,,
456029,,,,,,,,17.0,,6.0,,,,,,5.0,3.0,,,,,,2.0,1.0,,
456038,,,,,,,,24.0,,11.0,,,,,,2.0,,,,,,,,7.0,,
456056,,,,,,,,52.0,,27.0,,,,,,9.0,,,9.0,,,,,1.0,,
456065,,,,,,,,23.0,,7.0,,,,,,3.0,2.0,,,,,,5.0,5.0,,
456074,,,,,,,,32.0,,14.0,,,,,,2.0,6.0,,,,,3.0,5.0,1.0,,
456092,,,,,,,,9.0,,5.0,,,,,,1.0,2.0,,,,,,,1.0,,
456126,,,,,,,,8.0,,5.0,,,,,,1.0,,,,,,,,1.0,,
456135,,,,,,,,9.0,,6.0,,,,,,1.0,,,,,,,,1.0,,
456144,,,,,,,,6.0,,1.0,,,,,,1.0,,,,,,3.0,,1.0,,
456153,,,,,,,,13.0,,5.0,,,,,,1.0,1.0,,,,,,1.0,5.0,,
456180,,,,,,,,37.0,,21.0,,,,,,6.0,2.0,,,,,,3.0,4.0,,
456205,,,,,,,,47.0,,29.0,,,,,,4.0,1.0,,,0.0,,,5.0,6.0,,
456214,,,,,,,,29.0,,10.0,,,,,,3.0,1.0,2.0,,,,,,1.0,,
456287,,,,,,,,11.0,,6.0,,,,,,1.0,,,,,,,,3.0,,
456296,,,,,,,,28.0,,23.0,,,,,,1.0,,,,,,,,,,
456302,,,,,,,,2.0,,,,,,,,1.0,,,,,,,,,,
456348,,,,,,,,530.0,,295.0,,,,,,27.0,,,,,,,,2.0,,
456454,,,,,,,,44.0,,26.0,,,,,,8.0,,,,,,,3.0,6.0,,
456481,,,,,,,,12.0,,7.0,,,,,,1.0,,,,,,,,1.0,,
456490,,,,,,,,32.0,,17.0,,,,,,2.0,,2.0,1.0,,,,,9.0,1.0,
456506,,,,,,,,16.0,,7.0,,,,,,3.0,,,,,,,,0.0,,
456515,,,,,,,,20.0,,11.0,,,,,,3.0,,,,,,,,0.0,,
456542,,,,,,,,168.0,,50.0,6.0,,,,,44.0,6.0,10.0,,,,8.0,,22.0,,
456551,,,,,,,,6.0,,4.0,,,,,,2.0,,,,,,,,,,
456560,,,,,,,,24.0,,9.0,,,,,,1.0,,1.0,1.0,,,5.0,,5.0,,1.0
456579,,,,,,,,58.0,,38.0,,,,,,6.0,2.0,,,0.0,,,6.0,5.0,,
456588,,,,,,,,4.0,,2.0,,,,,,,,,,,,,1.0,1.0,,
456597,,,,,,,,6.0,,4.0,,,,,,,,,,,,,1.0,1.0,,
456612,,,,,,,,34.0,,22.0,,,,,,6.0,,,,,,,,2.0,,
456621,,,,,,,,7.0,,3.0,,,,,,1.0,,,,,,,1.0,1.0,,
456791,,,,,,,,35.0,,22.0,,,,,,5.0,,,,,,,,,,
456825,,,,,,,,13.0,,5.0,,,,,,3.0,2.0,,,,,,2.0,1.0,,
456861,,,,,,,,22.0,,7.0,,,,,,6.0,1.0,,1.0,,,0.0,,6.0,,
456922,,,,,,,,26.0,,12.0,,,,,,5.0,1.0,,,,,1.0,3.0,4.0,,
456931,,,,,,,,31.0,,15.0,,,,,,5.0,2.0,,,,,,4.0,4.0,,
456940,,,,,,,,26.0,,12.0,,,,,,2.0,3.0,,,,,,2.0,1.0,,
456959,,,,,,,,89.0,,35.0,,,,,,8.0,17.0,7.0,13.0,,,,,7.0,,
456968,,,,,,,,53.0,,27.0,,,,,,9.0,3.0,,,,,,5.0,7.0,,
456977,,,,,,,,16.0,,5.0,,,,,,1.0,,1.0,,,,1.0,,1.0,,
457004,,,,,,,,1.0,,1.0,,,,,,,,,,,,,,,,
457022,,,,,,,,19.0,,8.0,,,,,,2.0,,1.0,,,,,,1.0,,
457031,,,,,,,,7.0,,4.0,,,,,,1.0,1.0,,,,,,1.0,,,
457077,,,,,,,,29.0,,13.0,,,,,,1.0,,,,,,,4.0,10.0,,
457086,,,,,,,,29.0,,12.0,,,,,,,,,,,,,,18.0,,
457101,,,,,,,,31.0,,15.0,,,,,,9.0,,,,,,,,2.0,,
457110,,,,,,,,34.0,,22.0,,,,,,6.0,,,,,,,,1.0,,
457129,,,,,,,,112.0,,54.0,,,,,,16.0,1.0,3.0,,,,,,8.0,,
457174,,,,,,,,34.0,,16.0,,,,,,7.0,1.0,1.0,,,,3.0,3.0,3.0,,
457192,,,,,,,,14.0,,6.0,,,,,,1.0,1.0,,,,,,,3.0,,1.0
457208,,,,,,,,15.0,,7.0,,,,,,2.0,,,,,,,2.0,1.0,,
457226,,,,,,,,5.0,,3.0,0.0,,,,,2.0,0.0,,,,,,,,,
457244,,,,,,,,10.0,,4.0,,,,,,2.0,2.0,,,,,,1.0,1.0,,
457253,,,,,,,,4.0,,2.0,,,,,,1.0,,,,,,,,1.0,,
457271,,,,,,,,15.0,,7.0,,,,,,7.0,1.0,,,,,,,1.0,,
457299,,,,,,,,20.0,,5.0,,,,,,5.0,,,,,,,,10.0,0.0,
457314,,,,,,,,37.0,,12.0,,,,,,5.0,2.0,,,,,2.0,3.0,7.0,,
457323,,,,,,,,40.0,,15.0,,,,,,2.0,,,,,,5.0,4.0,7.0,,
457332,,,,,,,,3.0,,3.0,,,,,,,0.0,,,,,,,0.0,,
457341,,,,,,,,22.0,,13.0,,,,,,5.0,,,,,,,,1.0,,
457350,,,,,,,,9.0,,3.0,,,,,,1.0,1.0,,1.0,,,,,1.0,,
457378,,,,,,,,22.0,,,,,,,,1.0,,,3.0,,,3.0,,4.0,,
457387,,,,,,,,62.0,,31.0,,,,,,4.0,,,,,,1.0,,14.0,,
457396,,,,,,,,10.0,,6.0,,,,,,1.0,1.0,,,,,,,2.0,,
457402,,,,,,,,19.0,,7.0,,,,,,4.0,2.0,,,,,,,2.0,0.0,
457411,,,,,,,,36.0,,16.0,,,,,,6.0,,,,,,,,14.0,,
457420,,,,,,,,20.0,,11.0,,,,,,2.0,,,,,,,,4.0,,
457439,,,,,,,,11.0,,6.0,,,,,,1.0,1.0,,,,,,1.0,2.0,,
457448,,,,,,,,18.0,,7.0,,,,,,4.0,2.0,,,,,,,1.0,,
457466,,,,,,,,17.0,,6.0,,,,,,,1.0,,,,,4.0,,4.0,2.0,
457475,,,,,,,,19.0,,10.0,,,,,,3.0,1.0,,,,,,2.0,2.0,,
457484,,,,,,,,18.0,,7.0,,,,,,2.0,1.0,1.0,0.0,,,,,0.0,,
457493,,,,,,,,5.0,,2.0,,,,,,2.0,1.0,,,,,,,,,
457527,,,,,,,,37.0,,19.0,,,,,,5.0,1.0,0.0,,,,1.0,,2.0,,
457536,,,,,,,,40.0,,14.0,,,,,,6.0,2.0,,,,,,2.0,2.0,,
457545,,,,,,,,15.0,,7.0,,,,,,1.0,,,,,,,1.0,6.0,,
457554,,,,,,,,5.0,,3.0,,,,,,1.0,1.0,,,,,,,,,
457563,,,,,,,,23.0,,12.0,,,,,,0.0,,,,,,,7.0,1.0,,
457572,,,,,,,,14.0,,8.0,,,,,,,3.0,,0.0,,,,,3.0,,
457581,,,,,,,,25.0,,12.0,,,,,,5.0,,,2.0,,,,,7.0,,
457606,,,,,,,,7.0,,2.0,,,,,,1.0,,,,,,,,4.0,,
457615,,,,,,,,9.0,,4.0,,,,,,1.0,1.0,0.0,0.0,,,0.0,,1.0,0.0,
457624,,,,,,,,8.0,,3.0,,,,,,,,,,4.0,,,,1.0,,
457633,,,,,,,,18.0,,9.0,,,,,,2.0,3.0,,,,,,,3.0,,
457642,,,,,,,,3.0,,2.0,,,,,,0.0,0.0,,,,,,,,,
457651,,,,,,,,18.0,,7.0,,,,,,2.0,1.0,1.0,,,,,,2.0,,
457679,,,,,,,,1.0,,1.0,,,,,,,,,,,,,,0.0,,
457688,,,,,,,,76.0,,45.0,2.0,,,,,3.0,5.0,3.0,,,,,6.0,,,
457697,,,,,,,,16.0,,9.0,,,,,,4.0,0.0,1.0,,,,,,1.0,,
457703,,,,,,,,6.0,,2.0,,,,,,2.0,1.0,,,,,,,,,
457721,,,,,,,,4.0,,2.0,,,,,,1.0,,,,,,,,,,
457749,,,,,,,,11.0,,4.0,,,,,,2.0,,,,,,,,3.0,,
457767,,,,,,,,33.0,,8.0,,,,,,6.0,1.0,,,,,,9.0,7.0,0.0,
457776,,,,,,,,13.0,,7.0,,,,,,2.0,2.0,,,,,,1.0,1.0,,
457785,,,,,,,,21.0,,13.0,,,,,,,3.0,,,,,,,1.0,,
457794,,,,,,,,21.0,,5.0,,,,,,,3.0,,,2.0,,,,4.0,,
457800,,,,,,,,12.0,,6.0,,,,,,,,,,,,,,6.0,,
457819,,,,,,,,165.0,,22.0,,,,,,27.0,2.0,2.0,3.0,,,70.0,,7.0,,
457837,,,,,,,,15.0,,7.0,,,,,,2.0,1.0,,,,,,2.0,0.0,0.0,
457846,,,,,,,,12.0,,4.0,,,,,,2.0,2.0,,,,,,1.0,2.0,,
457855,,,,,,,,13.0,,6.0,,,,,,2.0,2.0,,,,,,,1.0,,
457864,,,,,,,,24.0,,9.0,,,,,,7.0,2.0,,,,,,1.0,4.0,,
457873,,,,,,,,23.0,,15.0,,,,,,1.0,1.0,,,,,,,4.0,,
457891,,,,,,,,7.0,,5.0,,,,,,1.0,1.0,,,,,,,,,
457916,,,,,,,,10.0,,4.0,,,,,,1.0,2.0,,,,,,2.0,,,
457925,,,,,,,,8.0,,5.0,,,,,,1.0,0.0,,,,,,,1.0,,
457943,,,,,,,,52.0,,25.0,,,,,,3.0,,2.0,,1.0,,6.0,,8.0,,
457952,,,,,,,,18.0,,10.0,,,,,,1.0,1.0,,,,,0.0,0.0,2.0,,
457989,,,,,,,,6.0,,3.0,,,,,,1.0,1.0,,,,,,,1.0,,
457998,,,,,,,,6.0,,2.0,,,,,,1.0,1.0,,,,,,,2.0,,
458007,,,,,,,,12.0,,5.0,,,,,,2.0,2.0,,,,,,,1.0,,
458016,,,,,,,,15.0,,4.0,,,,,,2.0,2.0,0.0,1.0,,,,,2.0,0.0,
458034,,,,,,,,9.0,,4.0,,,,,,2.0,1.0,,,,,1.0,,1.0,,
458043,,,,,,,,11.0,,6.0,,,,,,1.0,2.0,,,,,,2.0,,,
458052,,,,,,,,5.0,,2.0,,,,,,1.0,1.0,,,,,,,,,
458061,,,,,,,,15.0,,2.0,,,,,,2.0,1.0,1.0,,,,1.0,1.0,1.0,1.0,2.0
458070,,,,,,,,17.0,,9.0,,,,,,2.0,2.0,,,,,,,2.0,,
458098,,,,,,,,11.0,,7.0,,,,,,3.0,,,,,,,1.0,,,
458104,,,,,,,,9.0,,4.0,,,,,,1.0,1.0,,,,,,,0.0,,
458113,,,,,,,,10.0,,7.0,,,,,,,,,,,,,,1.0,,
458122,,,,,,,,2.0,,2.0,,,,,,,,,,,,,,,,
458131,,,,,,,,35.0,,19.0,,,,,,1.0,2.0,,,,,2.0,2.0,7.0,,
458140,,,,,,,,12.0,,6.0,,,,,,1.0,1.0,,,,,,,3.0,,
458168,,,,,,,,20.0,,8.0,,,,,,2.0,3.0,,,,,1.0,,3.0,,
458186,,,,,,,,25.0,,6.0,,,,,,7.0,,,6.0,,,,,1.0,,
458195,,,,,,,,1.0,,,,,,,,,,,,,,1.0,,,,
458210,,,,,,,,215.0,,105.0,,,,,,22.0,12.0,2.0,8.0,,,,,38.0,1.0,
458229,,,,,,,,106.0,,56.0,,,,,,13.0,4.0,1.0,6.0,,,,,16.0,1.0,
458256,,,,,,,,75.0,,38.0,,,,,,13.0,,,11.0,,,1.0,,1.0,,
458265,,,,,,,,45.0,,20.0,,,,,,3.0,,,1.0,,,6.0,,12.0,2.0,
458274,,,,,,,,31.0,,15.0,,,,,,3.0,,,,,,,6.0,7.0,,
458283,,,,,,,,54.0,,25.0,,,,,,8.0,,,13.0,,,,,2.0,,
458380,,,,,,,,18.0,,7.0,,,,,,2.0,,,,,,,,1.0,,
458405,,,,,,,,68.0,,40.0,,,,,,5.0,3.0,,,,,,10.0,7.0,,
458423,,,,,,,,6.0,,3.0,,,,,,1.0,,,,,,,,0.0,,
458432,,,,,,,,29.0,,15.0,,,,,,5.0,,,,,,0.0,,1.0,,
458441,,,,,,,,41.0,,21.0,,,,,,6.0,2.0,,,1.0,,,7.0,4.0,,
458450,,,,,,,,21.0,,15.0,,,,,,2.0,1.0,,,0.0,,,,3.0,,
458469,,,,,,,,101.0,,48.0,,,,,,17.0,,1.0,7.0,2.0,,,9.0,13.0,,
458478,,,,,,,,27.0,,14.0,,,,,,2.0,1.0,,,,,,4.0,3.0,1.0,
458496,,,,,,,,47.0,,24.0,,,,,,6.0,,,,,,,,4.0,,
458502,,,,,,,,32.0,,10.0,,,,,,2.0,,1.0,11.0,,,0.0,1.0,3.0,,
458575,,,,,,,,48.0,,7.0,,,,,,6.0,5.0,0.0,5.0,,,3.0,,12.0,2.0,
458593,,,,,,,,57.0,,26.0,,,,,,11.0,,1.0,11.0,,,1.0,,1.0,,
458681,,,,,,,,20.0,,9.0,,,,,,4.0,2.0,,,,,,2.0,0.0,,
458690,,,,,,,,30.0,,10.0,,,,,,8.0,,,8.0,,,,,1.0,,
458706,,,,,,,,30.0,,9.0,,,,,,7.0,,,8.0,,,,,1.0,,
458803,,,,,,,,10.0,,7.0,,,,,,2.0,,,,,,,,0.0,,
458812,,,,,,,,7.0,,4.0,,,,,,1.0,,,,,,,,1.0,,
458821,,,,,,,,6.0,,3.0,,,,,,1.0,,,,,,,,1.0,,
458830,,,,,,,,11.0,,5.0,,,,,,2.0,,,,,,,,2.0,,
458849,,,,,,,,9.0,,6.0,,,,,,1.0,,,,,,,,,,
458858,,,,,,,,15.0,,9.0,,,,,,2.0,,,,,,,,1.0,,
458867,,,,,,,,17.0,,11.0,,,,,,2.0,,,,,,,,2.0,,
458885,,,,,,,,10.0,,5.0,,,,,,1.0,,,,,,,2.0,1.0,,
458919,,,,,,,,176.0,,89.0,,,,,,19.0,,,,,,,30.0,11.0,,
458955,,,,,,,,16.0,,10.0,,,,,,2.0,,,,,,,2.0,1.0,,
458964,,,,,,,,52.0,,22.0,,,,,,5.0,,,,,,,11.0,3.0,,
458973,,,,,,,,68.0,,34.0,,,,,,7.0,,,,,,,11.0,5.0,,
458982,,,,,,,,84.0,,43.0,,,,,,9.0,1.0,,,,,,,4.0,,
459000,,,,,,,,6.0,,4.0,,,,,,1.0,,,,,,,,,,
459019,,,,,,,,7.0,,4.0,,,,,,1.0,,,,,,,,1.0,,
459037,,,,,,,,7.0,,4.0,,,,,,1.0,,,,,,,,1.0,,
459046,,,,,,,,8.0,,5.0,,,,,,1.0,,,,,,,,1.0,,
459055,,,,,,,,18.0,,11.0,,,,,,3.0,,,,,,,,1.0,,
459064,,,,,,,,10.0,,6.0,,,,,,2.0,,,,,,,,1.0,,
459073,,,,,,,,4.0,,1.0,,,,,,1.0,,,,,,,,1.0,,
459082,,,,,,,,325.0,,256.0,,,,,,2.0,4.0,3.0,6.0,,,,,4.0,,
459091,,,,,,,,28.0,,16.0,,,,,,4.0,,,,,,,,0.0,,
459107,,,,,,,,45.0,,17.0,,,,,,6.0,,1.0,14.0,,,1.0,,4.0,,
459116,,,,,,,,14.0,,6.0,,,,,,1.0,,,,,,,2.0,5.0,,
459125,,,,,,,,1.0,,1.0,,,,,,,,,,,,,,,,
459143,,,,,,,,7.0,,4.0,,,,,,1.0,1.0,,,,,,,1.0,,
459161,,,,,,,,20.0,,5.0,,,,,,2.0,0.0,,,,,,,6.0,,
459170,,,,,,,,48.0,,15.0,,,,,,6.0,1.0,,1.0,,,6.0,6.0,7.0,,
459189,,,,,,,,11.0,,5.0,,,,,,1.0,1.0,,,,,,,1.0,,
459198,,,,,,,,24.0,,9.0,,,,,,4.0,,,,,,,3.0,8.0,,
459204,,,,,,,,255.0,,107.0,,,,,,20.0,37.0,8.0,1.0,,,,45.0,6.0,,
459213,,,,,,,,169.0,,77.0,,,,,,19.0,7.0,2.0,,,,,,16.0,,
459222,,,,,,,,12.0,,5.0,,,,,,1.0,,,,1.0,,,,3.0,,
459231,,,,,,,,28.0,,17.0,,,,,,2.0,,,,,,,5.0,3.0,,
459259,,,,,,,,83.0,,42.0,,,,,,18.0,,,,,,,,7.0,,
459268,,,,,,,,81.0,,39.0,,,,,,20.0,,,,,,1.0,,5.0,2.0,
459277,,,,,,,,53.0,,24.0,,,,,,11.0,,,,,,,13.0,1.0,,
459286,,,,,,,,29.0,,13.0,,,,,,3.0,,,,,,,6.0,6.0,0.0,
459295,,,,,,,,11.0,,4.0,,,,,,2.0,1.0,,,,,,,4.0,,
459301,,,,,,,,16.0,,8.0,,,,,,4.0,1.0,,,,,,1.0,2.0,,
459310,,,,,,,,10.0,,4.0,,,,,,2.0,1.0,,,,,,,2.0,,
459329,,,,,,,,44.0,,16.0,,,,,,3.0,2.0,,,1.0,,9.0,,1.0,,
459347,,,,,,,,10.0,,5.0,,,,,,1.0,,,,,,,,3.0,,
459356,,,,,,,,39.0,,15.0,,,,,,6.0,3.0,1.0,,,,1.0,5.0,7.0,,
459365,,,,,,,,3.0,,1.0,,,,,,,2.0,,,,,,,,,
459374,,,,,,,,3.0,,2.0,,,,,,,,,,,,,,1.0,,
459392,,,,,,,,15.0,,9.0,,,,,,2.0,1.0,,,,,,,3.0,,
459408,,,,,,,,9.0,,5.0,,,,,,1.0,,,,,,,,2.0,,
459417,,,,,,,,17.0,,6.0,,,,,,4.0,1.0,,2.0,,,,,1.0,,
459426,,,,,,,,14.0,,7.0,,,,,,3.0,0.0,,,,,,2.0,0.0,0.0,
459444,,,,,,,,9.0,,2.0,,,,,,2.0,1.0,,,,,0.0,,1.0,,
459462,,,,,,,,14.0,,4.0,,,,,,1.0,2.0,,,,,,1.0,5.0,,
459471,,,,,,,,1.0,,,,,,,,,,,,,,,,1.0,,
459480,,,,,,,,6.0,,2.0,,,,,,3.0,1.0,,,,,,,,,
459499,,,,,,,,5.0,,4.0,,,,,,1.0,,,,,,,,1.0,,
459514,,,,,,,,9.0,,4.0,,,,,,2.0,,,,,,1.0,2.0,,,
459532,,,,,,,,13.0,,5.0,,,,,,,2.0,,1.0,,,,,,,
459541,,,,,,,,6.0,,3.0,,,,,,,1.0,,,,,,,1.0,,
459550,,,,,,,,16.0,,10.0,,,,,,2.0,1.0,,,,,,,3.0,,
459578,,,,,,,,15.0,,9.0,,,,,,2.0,1.0,,,,,1.0,2.0,,,
459727,,,,,,,,75.0,,48.0,,,,,,5.0,3.0,1.0,,,,1.0,,1.0,,
459736,,,,,,,,324.0,,151.0,,,,,,46.0,5.0,21.0,4.0,3.0,,37.0,,52.0,,
459745,,,,,,,,28.0,,15.0,,,,,,4.0,1.0,,,,,,4.0,0.0,,
459824,,,,,,,,289.0,,133.0,1.0,,,,,41.0,5.0,11.0,6.0,9.0,,19.0,,56.0,3.0,
459842,,,,,,,,28.0,,20.0,,,,,,2.0,,,,,,,,2.0,,
459851,,,,,,,,31.0,,18.0,,,,,,2.0,,,,,,,1.0,3.0,,
459949,,,,,,,,394.0,,180.0,1.0,,,,,52.0,13.0,24.0,48.0,,,9.0,1.0,52.0,,
459958,,,,,,,,33.0,,10.0,,,,,,7.0,3.0,,1.0,,,,7.0,2.0,,
459967,,,,,,,,38.0,,14.0,,,,,,4.0,3.0,,,,,1.0,11.0,1.0,,
459985,,,,,,,,36.0,,15.0,,,,,,3.0,2.0,,,,,1.0,10.0,1.0,,
459994,,,,,,,,1086.0,,369.0,,,,,,304.0,73.0,46.0,6.0,,,,65.0,121.0,,
460011,,,,,,,,16.0,,12.0,,,,,,1.0,,,,,,,,1.0,,
460020,,,,,,,,44.0,,24.0,,,,,,4.0,2.0,,,,,,5.0,2.0,,
460039,,,,,,,,36.0,,25.0,,,,,,6.0,,,,,,,,1.0,,
460048,,,,,,,,30.0,,19.0,,,,,,5.0,,,,,,,,2.0,,
460057,,,,,,,,5.0,,2.0,,,,,,2.0,1.0,,,,,,,,,
460075,,,,,,,,27.0,,12.0,,,,,,2.0,2.0,,,,,,,9.0,,
460093,,,,,,,,16.0,,9.0,,,,,,2.0,,,,,,,,1.0,,
460109,,,,,,,,19.0,,11.0,,,,,,3.0,,,,,,,,,,
460118,,,,,,,,18.0,,9.0,,,,,,3.0,,,,,,,,1.0,,
460127,,,,,,,,13.0,,6.0,,,,,,2.0,,,,,,,,1.0,,
460136,,,,,,,,70.0,,44.0,,,,,,3.0,,,,,,,,14.0,,
460145,,,,,,,,39.0,,8.0,,,,,,7.0,,1.0,2.0,,,,2.0,2.0,,
460172,,,,,,,,52.0,,26.0,,,,,,5.0,4.0,,,,,1.0,6.0,8.0,,
460181,,,,,,,,68.0,,27.0,,,,,,15.0,3.0,,,,,,9.0,12.0,,
460190,,,,,,,,38.0,,9.0,,,,,,14.0,2.0,,,,,,5.0,5.0,,
460206,,,,,,,,54.0,,20.0,,,,,,13.0,2.0,,,,,,6.0,10.0,,
460215,,,,,,,,40.0,,18.0,,,,,,8.0,,,6.0,,,1.0,,2.0,,
460358,,,,,,,,23.0,,8.0,,,,,,1.0,,,1.0,,,,,1.0,,
460376,,,,,,,,127.0,,44.0,,,,,,23.0,13.0,7.0,14.0,,,,,10.0,,
460385,,,,,,,,11.0,,5.0,,,,,,1.0,1.0,,,0.0,,,,1.0,,
460394,,,,,,,,280.0,,173.0,,,,,,21.0,9.0,2.0,2.0,,,16.0,,55.0,,
460446,,,,,,,,13.0,,8.0,,,,,,1.0,,,,,,,,3.0,1.0,
460455,,,,,,,,11.0,,4.0,,,,,,1.0,2.0,,,,,1.0,,1.0,,
460464,,,,,,,,264.0,,148.0,,,,,,19.0,8.0,2.0,8.0,,,19.0,,53.0,,
460482,,,,,,,,17.0,,9.0,,,,,,1.0,,,,,,,,1.0,,
460516,,,,,,,,11.0,,7.0,,,,,,1.0,,,,,,,1.0,2.0,,
460525,,,,,,,,22.0,,12.0,,,,,,1.0,,,,,,,2.0,5.0,,
460534,,,,,,,,22.0,,14.0,,,,,,1.0,,,,,,1.0,5.0,,,
460543,,,,,,,,71.0,,32.0,,,,,,9.0,25.0,1.0,,,,,,2.0,2.0,
460552,,,,,,,,11.0,,6.0,,,,,,2.0,,,,,,,,,,
460570,,,,,,,,20.0,,13.0,,,,,,5.0,,,,,,,,1.0,,
460598,,,,,,,,34.0,,13.0,,,,,,6.0,,,,,,,,2.0,1.0,
460604,,,,,,,,5.0,,3.0,,,,,,,,,,,,,,1.0,1.0,
460613,,,,,,,,26.0,,15.0,,,,,,6.0,,,,,,,,1.0,,
460640,,,,,,,,6.0,,2.0,,,,,,1.0,1.0,,,,,,1.0,,,
460677,,,,,,,,42.0,,21.0,,,,,,1.0,,1.0,1.0,,,,5.0,6.0,1.0,1.0
460695,,,,,,,,16.0,,11.0,,,,,,2.0,1.0,,,,,,,2.0,,
460701,,,,,,,,9.0,,5.0,,,,,,,1.0,,,,,,1.0,1.0,,
460729,,,,,,,,7.0,,,,,,,,4.0,2.0,,,,,,,,,
460738,,,,,,,,141.0,,68.0,,1.0,,,,17.0,50.0,4.0,,,,,,2.0,,
460747,,,,,,,,59.0,,14.0,,,,,,4.0,4.0,2.0,,,,,16.0,2.0,1.0,
460756,,,,,,,,34.0,,16.0,,,,,,6.0,3.0,1.0,,,,,3.0,1.0,,
460765,,,,,,,,6.0,,4.0,,,,,,,,,,,,,,2.0,,
460774,,,,,,,,72.0,,36.0,,,,,,12.0,,1.0,14.0,,,1.0,,1.0,,
460783,,,,,,,,18.0,,,,,,,,7.0,4.0,,,,,,5.0,2.0,,
460808,,,,,,,,9.0,,3.0,,,,,,2.0,1.0,,,,,0.0,,2.0,,
460817,,,,,,,,48.0,,25.0,,,,,,6.0,2.0,,,,,2.0,6.0,5.0,,
460826,,,,,,,,42.0,,24.0,,,,,,3.0,1.0,,,,,2.0,6.0,6.0,,
460835,,,,,,,,43.0,,23.0,,,,,,4.0,2.0,,,1.0,,1.0,5.0,5.0,,
460844,,,,,,,,54.0,,25.0,,,,,,10.0,,,10.0,,,2.0,,1.0,,
460853,,,,,,,,54.0,,30.0,,,,,,8.0,,,9.0,,,,,1.0,,
460862,,,,,,,,29.0,,8.0,,,,,,10.0,1.0,2.0,2.0,,,,5.0,1.0,,
460871,,,,,,,,56.0,,28.0,,,,,,6.0,1.0,1.0,,,,,,4.0,,
460899,,,,,,,,43.0,,16.0,,,,,,3.0,5.0,1.0,,,,,8.0,1.0,,
460914,,,,,,,,24.0,,14.0,,,,,,3.0,,,,,,,,4.0,,
460923,,,,,,,,62.0,,30.0,,,,,,12.0,,1.0,9.0,,,1.0,,1.0,,
460932,,,,,,,,7.0,,4.0,,,,,,,,,,,,,,3.0,,
460969,,,,,,,,22.0,,11.0,,,,,,,,,,,,,,11.0,,
460978,,,,,,,,15.0,,7.0,,,,,,1.0,,,,,,,2.0,,,
460987,,,,,,,,40.0,,13.0,,,,,,2.0,11.0,,,,,,2.0,11.0,,
460996,,,,,,,,13.0,,8.0,,,,,,2.0,,,,,,,,3.0,,
461005,,,,,,,,36.0,,16.0,,,,,,11.0,,,,,,,,2.0,,
461014,,,,,,,,71.0,,25.0,,,,,,2.0,,2.0,,,,,11.0,6.0,2.0,
461023,,,,,,,,49.0,,22.0,,,,,,5.0,,6.0,,,,,,,,
461032,,,,,,,,14.0,,7.0,,,,,,3.0,1.0,0.0,,,,,,1.0,,
461087,,,,,,,,32.0,,7.0,,,,,,13.0,3.0,,3.0,,,2.0,,3.0,,
461111,,,,,,,,5.0,,3.0,,,,,,1.0,,,,,,,,1.0,,
461120,,,,,,,,12.0,,6.0,,,,,,4.0,0.0,,,,,,,2.0,,
461139,,,,,,,,11.0,,4.0,1.0,,,,,2.0,0.0,0.0,,,,,,2.0,,
461148,,,,,,,,1184.0,,394.0,,,,,,132.0,11.0,7.0,22.0,,,0.0,51.0,291.0,,23.0
461157,,,,,,,,36.0,,8.0,,,,,,2.0,4.0,,5.0,,,9.0,0.0,0.0,,
461175,,,,,,,,24.0,,15.0,,,,,,3.0,1.0,,,,,,,5.0,,
461193,,,,,,,,35.0,,13.0,,,,,,5.0,2.0,,,,,,5.0,7.0,1.0,
461218,,,,,,,,19.0,,9.0,,,,,,2.0,0.0,1.0,,,,,,1.0,1.0,
461227,,,,,,,,8.0,,6.0,,,,,,,1.0,,,,,,1.0,,,
461236,,,,,,,,64.0,,22.0,,,,,,3.0,3.0,1.0,,,,28.0,,,,
461245,,,,,,,,28.0,,9.0,,,,,,2.0,1.0,1.0,,,,3.0,,5.0,1.0,1.0
461254,,,,,,,,14.0,,4.0,,,,,,2.0,1.0,,,,,,,2.0,,
461263,,,,,,,,32.0,,12.0,,,,,,6.0,,,,10.0,,,,4.0,,
461272,,,,,,,,11.0,,5.0,,,,,,2.0,,,,,,1.0,,3.0,,
461281,,,,,,,,22.0,,9.0,,,,,,4.0,2.0,1.0,,,,,,2.0,,
461290,,,,,,,,10.0,,6.0,,,,,,4.0,,,,,,,,,,
461306,,,,,,,,32.0,,13.0,,,,,,2.0,,,3.0,,,8.0,,5.0,,
461315,,,,,,,,38.0,,10.0,,0.0,,,,4.0,2.0,1.0,0.0,,,1.0,,2.0,2.0,
461324,,,,,,,,12.0,,4.0,,,,,,3.0,2.0,0.0,,0.0,,,1.0,1.0,,
461333,,,,,,,,21.0,,7.0,,,,,,7.0,1.0,,,,,,,2.0,3.0,
461342,,,,,,,,15.0,,7.0,,,,,,0.0,2.0,,,,,,2.0,0.0,,
461351,,,,,,,,26.0,,7.0,,,,,,3.0,2.0,2.0,,,,,5.0,6.0,,
461360,,,,,,,,6.0,,3.0,,,,,,1.0,,,,,,,,1.0,1.0,
461379,,,,,,,,8.0,,4.0,,,,,,1.0,1.0,,,,,,,1.0,,
461388,,,,,,,,6.0,,3.0,,,,,,,2.0,,,,,,,1.0,,
461412,,,,,,,,8.0,,5.0,,,,,,1.0,1.0,,,,,,1.0,,,
461421,,,,,,,,22.0,,10.0,,,,,,5.0,2.0,,,,,1.0,1.0,3.0,,
461430,,,,,,,,47.0,,15.0,,,,,,13.0,3.0,1.0,1.0,,,1.0,,2.0,,
461449,,,,,,,,11.0,,5.0,,,,,,1.0,2.0,,,,,,,1.0,,
461485,,,,,,,,12.0,,4.0,,,,,,1.0,,,,,,,1.0,2.0,,
461494,,,,,,,,19.0,,9.0,,,,,,7.0,,,,,,,,3.0,,
461500,,,,,,,,7.0,,4.0,,,,,,1.0,1.0,,,,,,,,,
461528,,,,,,,,19.0,,9.0,,,,,,4.0,1.0,,,,,0.0,,3.0,,
461537,,,,,,,,4.0,,3.0,,,,,,,1.0,,,,,,,,,
461546,,,,,,,,8.0,,2.0,,,,,,2.0,1.0,,,,,,1.0,1.0,,
461555,,,,,,,,27.0,,13.0,,,,,,4.0,1.0,,,,,2.0,4.0,2.0,,
461564,,,,,,,,9.0,,3.0,,,,,,3.0,1.0,,,,,,,1.0,,
461573,,,,,,,,18.0,,9.0,,,,,,3.0,,,,,,,1.0,5.0,,
461582,,,,,,,,21.0,,8.0,,,,,,2.0,1.0,1.0,2.0,,,6.0,,1.0,,
461591,,,,,,,,17.0,,5.0,,,,,,3.0,,,,,,,4.0,3.0,1.0,
461607,,,,,,,,10.0,,6.0,,,,,,1.0,,,,,,,,3.0,,
461625,,,,,,,,8.0,,2.0,,,,,,1.0,1.0,,,,,,1.0,1.0,,
461643,,,,,,,,16.0,,6.0,,,,,,2.0,3.0,,1.0,,,,,0.0,2.0,
461652,,,,,,,,8.0,,5.0,,,,,,1.0,2.0,,,,,,,,,
461689,,,,,,,,20.0,,10.0,,,,,,1.0,,,,,,,,5.0,,
461698,,,,,,,,19.0,,7.0,,,,,,3.0,1.0,,,,,,,5.0,0.0,
461704,,,,,,,,16.0,,8.0,,,,,,1.0,1.0,,,,,1.0,1.0,3.0,,
461713,,,,,,,,8.0,,2.0,,,,,,3.0,1.0,,,,,,,2.0,,
461722,,,,,,,,6.0,,3.0,,,,,,1.0,,,,,,,1.0,1.0,,
461731,,,,,,,,8.0,,5.0,,,,,,1.0,1.0,,,,,,,1.0,,
461740,,,,,,,,4.0,,1.0,,,,,,1.0,1.0,,,,,,,1.0,,
461759,,,,,,,,55.0,,21.0,1.0,1.0,,,,5.0,3.0,,7.0,,,2.0,,2.0,2.0,
461768,,,,,,,,10.0,,4.0,,,,,,2.0,1.0,,1.0,,,,,1.0,,
461786,,,,,,,,5.0,,3.0,,,,,,,1.0,,,,,,,1.0,,
461795,,,,,,,,72.0,,23.0,,,,,,10.0,7.0,4.0,6.0,,,2.0,,2.0,,
461801,,,,,,,,6.0,,3.0,,,,,,2.0,1.0,,,,,,,,,
461810,,,,,,,,9.0,,5.0,,,,,,1.0,2.0,,,,,,,,,
461829,,,,,,,,38.0,,15.0,,,,,,7.0,,,,,,4.0,2.0,7.0,,2.0
461838,,,,,,,,6.0,,3.0,,,,,,1.0,0.0,,,,,,,1.0,,
461856,,,,,,,,27.0,,12.0,,,,,,4.0,1.0,,1.0,,,,1.0,2.0,,
461865,,,,,,,,26.0,,16.0,,,,,,4.0,0.0,2.0,,,,3.0,,1.0,0.0,
461874,,,,,,,,11.0,,7.0,,,,,,1.0,,,,,,,,1.0,2.0,
461883,,,,,,,,29.0,,12.0,,,,,,6.0,1.0,,,,,,,4.0,,
461892,,,,,,,,15.0,,6.0,,,,,,4.0,2.0,,,,,,,1.0,,
461908,,,,,,,,16.0,,7.0,,,,,,2.0,2.0,,,,,,2.0,3.0,,
461917,,,,,,,,16.0,,7.0,,,,,,2.0,,,,,,,3.0,3.0,0.0,
461926,,,,,,,,16.0,,9.0,,,,,,1.0,,,,,,1.0,,2.0,,
461935,,,,,,,,4.0,,1.0,,,,,,1.0,1.0,,,,,,,,,
461944,,,,,,,,15.0,,6.0,,,,,,2.0,1.0,1.0,1.0,,,,3.0,1.0,,
461953,,,,,,,,12.0,,8.0,,,,,,1.0,1.0,,,,,,,2.0,,
461962,,,,,,,,46.0,,24.0,,,,,,3.0,6.0,,,,,,7.0,4.0,,
461980,,,,,,,,15.0,,7.0,,,,,,2.0,1.0,,,,,0.0,3.0,1.0,,
461999,,,,,,,,8.0,,2.0,,,,,,1.0,1.0,,,,,,,1.0,,
462008,,,,,,,,30.0,,14.0,,,,,,8.0,,,,,,,3.0,3.0,1.0,
462017,,,,,,,,17.0,,10.0,,,,,,1.0,1.0,,,,,,,5.0,,
462026,,,,,,,,9.0,,1.0,,,,,,3.0,2.0,,,,,1.0,,2.0,,
462035,,,,,,,,23.0,,11.0,,,,,,3.0,,,,,,,,2.0,,
462044,,,,,,,,5.0,,2.0,,,,,,2.0,,,,,,,,1.0,,
462053,,,,,,,,12.0,,4.0,,,,,,1.0,2.0,1.0,,,,,2.0,,,
462062,,,,,,,,7.0,,4.0,,,,,,2.0,1.0,,,,,,,0.0,,
462071,,,,,,,,14.0,,7.0,,,,,,1.0,,,,,,,2.0,3.0,,
462309,,,,,,,,12.0,,6.0,,,,,,1.0,1.0,,,,,,,,,
462318,,,,,,,,18.0,,7.0,,,,,,4.0,1.0,,,,,,,5.0,1.0,
462327,,,,,,,,6.0,,3.0,,,,,,1.0,,,,,,,1.0,1.0,,
462336,,,,,,,,7.0,,3.0,,,,,,1.0,1.0,,,,,1.0,,1.0,,
462345,,,,,,,,12.0,,7.0,,,,,,1.0,1.0,,,,,,1.0,,,
462354,,,,,,,,49.0,,13.0,,,,,,18.0,0.0,0.0,7.0,,,5.0,,2.0,,
465812,,,,,,,,347.0,,185.0,,,,,,5.0,3.0,10.0,,3.0,,,18.0,22.0,,
466152,,,,,,,,11.0,,2.0,,,,,,3.0,,,,,,,,1.0,,
466161,,,,,,,,12.0,,5.0,,,,,,1.0,,,,,,,,1.0,,
466170,,,,,,,,8.0,,,,,,,,2.0,,,,,,,,1.0,,
466189,,,,,,,,17.0,,3.0,,,,,,2.0,,,,,,,,1.0,,
466523,,,,,,,,10.0,,5.0,,,,,,3.0,,,,,,,,0.0,0.0,
466921,,,,,,,,76.0,,40.0,,,,,,9.0,,2.0,,,,0.0,,7.0,,
466930,,,,,,,,131.0,,71.0,,,,,,21.0,,3.0,,,,,,11.0,,
467094,,,,,,,,16.0,,11.0,,,,,,1.0,,,,,,,1.0,3.0,,
467368,,,,,,,,27.0,,14.0,,,,,,7.0,1.0,,,,,,,1.0,,
467784,,,,,,,,5.0,,2.0,,,,,,1.0,,,,,,,,1.0,,
467793,,,,,,,,18.0,,10.0,,,,,,1.0,,,,,,,,,,
467863,,,,,,,,23.0,,11.0,,,,,,3.0,,,,,,,4.0,5.0,,
467872,,,,,,,,20.0,,10.0,,,,,,3.0,,,,,,,3.0,3.0,,
467906,,,,,,,,13.0,,8.0,,,,,,1.0,,,,,,,,2.0,,
468006,,,,,,,,6.0,,4.0,,,,,,2.0,,,,,,,,,,
468015,,,,,,,,12.0,,8.0,,,,,,1.0,,,,,,,,,,
468024,,,,,,,,74.0,,34.0,,,,,,16.0,,,,,,1.0,,5.0,1.0,
468246,,,,,,,,16.0,,11.0,,,,,,1.0,2.0,,,,,,,1.0,,
468255,,,,,,,,20.0,,6.0,,,,,,7.0,1.0,,,,,1.0,,4.0,,
468398,,,,,,,,22.0,,9.0,,,,,,2.0,,,,,,,,1.0,,
468705,,,,,,,,8.0,,4.0,,,,,,1.0,1.0,,,,,,,1.0,,
468723,,,,,,,,95.0,,36.0,,,,,,18.0,,1.0,8.0,3.0,,,14.0,11.0,,
468732,,,,,,,,20.0,,6.0,,,,,,3.0,1.0,,,,,1.0,,9.0,,
468769,,,,,,,,10.0,,5.0,,,,,,1.0,1.0,,,,,,1.0,2.0,,
468848,,,,,,,,32.0,,10.0,,,,,,1.0,3.0,,,,,0.0,,18.0,,
468875,,,,,,,,7.0,,3.0,,,,,,2.0,,,,,,1.0,,1.0,,
468893,,,,,,,,14.0,,8.0,,,,,,1.0,2.0,,,,,,2.0,1.0,,
468909,,,,,,,,42.0,,13.0,,,,,,,2.0,,,,,1.0,,27.0,,
468963,,,,,,,,49.0,,29.0,,,,,,1.0,3.0,,,,,,10.0,1.0,,
469124,,,,,,,,24.0,,7.0,,,,,,2.0,2.0,,,,,,3.0,3.0,,
469133,,,,,,,,23.0,,11.0,,,,,,2.0,3.0,,,,,1.0,1.0,1.0,,
469142,,,,,,,,24.0,,7.0,,,,,,2.0,3.0,,,,,,4.0,3.0,,
469151,,,,,,,,13.0,,4.0,,,,,,1.0,1.0,,,,,0.0,1.0,4.0,,
469160,,,,,,,,15.0,,5.0,,,,,,2.0,2.0,,,,,1.0,2.0,2.0,,
469197,,,,,,,,10.0,,7.0,,,,,,1.0,1.0,,,,,,1.0,,,
469416,,,,,,,,6.0,,3.0,,,,,,1.0,1.0,,,,,,,1.0,,
469586,,,,,,,,9.0,,3.0,,,,,,1.0,1.0,,,,,,1.0,1.0,,
469610,,,,,,,,38.0,,15.0,,,,,,7.0,,,,,,,,,,
469629,,,,,,,,16.0,,15.0,,,,,,,,,,,,,,,,
469638,,,,,,,,24.0,,12.0,,,,,,2.0,,,1.0,,,1.0,,7.0,,
469911,,,,,,,,20.0,,9.0,,,,,,2.0,,,,,,2.0,,1.0,,
469920,,,,,,,,19.0,,9.0,,,,,,3.0,,,,,,,,1.0,,
469957,,,,,,,,22.0,,11.0,,,,,,1.0,,,,,,,,5.0,,
469993,,,,,,,,5.0,,3.0,,,,,,1.0,,,,,,,,1.0,,
470038,,,,,,,,47.0,,14.0,,,,,,1.0,2.0,,,,,1.0,,29.0,,
470047,,,,,,,,7.0,,4.0,,,,,,1.0,,,,,,,1.0,,,
470092,,,,,,,,27.0,,17.0,,,,,,5.0,,,,,,,,1.0,,
470162,,,,,,,,34.0,,24.0,,,,,,4.0,,,,,,,,1.0,,
470296,,,,,,,,3.0,,1.0,,,,,,,1.0,,,,,,,1.0,,
470393,,,,,,,,11.0,,6.0,,,,,,1.0,,,,,,,,1.0,,
474863,,,,,,,,153.0,,49.0,,,,,,14.0,10.0,14.0,1.0,,,,,4.0,,
474881,,,,,,,,20.0,,10.0,,,,,,4.0,,1.0,,,,,1.0,2.0,1.0,
474890,,,,,,,,39.0,,11.0,,,,,,2.0,5.0,1.0,,,,,6.0,6.0,,
474906,,,,,,,,19.0,,5.0,,,,,,1.0,2.0,1.0,,,,,3.0,2.0,,
474915,,,,,,,,25.0,,13.0,,,,,,3.0,1.0,,,,,,4.0,3.0,1.0,
474924,,,,,,,,15.0,,8.0,,,,,,1.0,0.0,,,,,,3.0,3.0,0.0,
474933,,,,,,,,10.0,,7.0,,,,,,1.0,,,,,,,,2.0,,
474942,,,,,,,,9.0,,4.0,,,,,,1.0,,,,,,1.0,1.0,2.0,,
474997,,,,,,,,37.0,,16.0,,,,,,4.0,4.0,,,,,1.0,5.0,5.0,0.0,
475015,,,,,,,,26.0,,10.0,,,,,,2.0,3.0,1.0,2.0,,,,2.0,3.0,,
475024,,,,,,,,22.0,,11.0,,,,,,5.0,1.0,,,,,,3.0,1.0,,
475033,,,,,,,,215.0,,122.0,3.0,,,,,13.0,4.0,8.0,,,,,,58.0,,
475042,,,,,,,,27.0,,17.0,,,,,,5.0,,,,,,,,1.0,,
475060,,,,,,,,36.0,,17.0,,,,,,5.0,1.0,,,,,3.0,6.0,5.0,,
475079,,,,,,,,6.0,,2.0,,,,,,1.0,,,,,,,,1.0,,
475097,,,,,,,,35.0,,8.0,,,,,,4.0,1.0,1.0,2.0,,,3.0,1.0,5.0,5.0,
475121,,,,,,,,772.0,,284.0,,,,,,122.0,,,,,,,,2.0,,
475130,,,,,,,,24.0,,15.0,,,,,,,3.0,,,,,,3.0,1.0,,
475185,,,,,,,,102.0,,18.0,,,,,,4.0,5.0,2.0,7.0,,,42.0,7.0,1.0,3.0,
475194,,,,,,,,28.0,,16.0,,,,,,4.0,1.0,,,1.0,,,3.0,2.0,,
475200,,,,,,,,21.0,,10.0,,,,,,3.0,,,4.0,,,,,4.0,,
475228,,,,,,,,7.0,,5.0,,,,,,,,,,,,,,0.0,,
475255,,,,,,,,6.0,,3.0,,,,,,1.0,,,,,,,1.0,1.0,,
475273,,,,,,,,171.0,,111.0,,,,,,18.0,3.0,1.0,1.0,,,,,21.0,,
475282,,,,,,,,14.0,,6.0,,,,,,5.0,,,,,,,,1.0,,
475291,,,,,,,,10.0,,7.0,,,,,,1.0,1.0,,,,,,,1.0,,
475325,,,,,,,,36.0,,17.0,,,,,,1.0,,,,,,1.0,6.0,10.0,,
475352,,,,,,,,70.0,,35.0,,,,,,12.0,,,12.0,,,1.0,,2.0,,
475370,,,,,,,,64.0,,32.0,,,,,,12.0,,,11.0,,,1.0,,2.0,,
475389,,,,,,,,6.0,,2.0,,,,,,1.0,2.0,,,,,,,0.0,,
475398,,,,,,,,16.0,,7.0,,,,,,2.0,,2.0,,,,,,1.0,,
475404,,,,,,,,8.0,,5.0,,,,,,1.0,1.0,,,,,,,1.0,,
475413,,,,,,,,8.0,,5.0,,,,,,,,,,,,,,,,
475422,,,,,,,,14.0,,10.0,,,,,,,,,,,,,,4.0,,
475431,,,,,,,,7.0,,1.0,,,,,,1.0,1.0,,,,,,1.0,2.0,,
475459,,,,,,,,38.0,,21.0,,,,,,2.0,,,,,,,,14.0,,
475468,,,,,,,,17.0,,7.0,,,,,,3.0,2.0,0.0,,,,,1.0,3.0,1.0,
475477,,,,,,,,33.0,,15.0,,,,,,6.0,,,9.0,,,,,2.0,,
475486,,,,,,,,24.0,,10.0,,,,,,5.0,,,,,,1.0,5.0,,,
475495,,,,,,,,94.0,,30.0,,,,,,28.0,5.0,1.0,,,,,,15.0,1.0,
475501,,,,,,,,4.0,,1.0,,,,,,1.0,,,,,,1.0,,,,
475510,,,,,,,,13.0,,6.0,,,,,,1.0,,,,,,,,,,
475538,,,,,,,,5.0,,3.0,,,,,,1.0,,,,,,,,,,
475547,,,,,,,,17.0,,8.0,,,,,,1.0,,,,,,,3.0,3.0,2.0,
475556,,,,,,,,15.0,,9.0,,,,,,1.0,,,,,,,2.0,3.0,,
475565,,,,,,,,208.0,,56.0,,,,,,38.0,9.0,9.0,21.0,,,12.0,,51.0,,
475574,,,,,,,,7.0,,2.0,,,,,,2.0,2.0,,,,,,,1.0,,
475583,,,,,,,,13.0,,4.0,,,,,,4.0,,,,,,,2.0,1.0,,
475592,,,,,,,,7.0,,1.0,,,,,,3.0,,,,,,1.0,,1.0,,
475608,,,,,,,,66.0,,20.0,,,,,,6.0,4.0,3.0,1.0,,,4.0,,5.0,3.0,
475617,,,,,,,,56.0,,24.0,,,,,,11.0,,,11.0,,,1.0,,1.0,,
475626,,,,,,,,8.0,,2.0,,,,,,1.0,1.0,,,,,,,1.0,,
475635,,,,,,,,8.0,,5.0,,,,,,2.0,0.0,,,,,,,1.0,,
475644,,,,,,,,10.0,,4.0,,,,,,3.0,,,,,,1.0,,1.0,,
475653,,,,,,,,6.0,,3.0,,,,,,,1.0,,,,,,,1.0,,
475662,,,,,,,,26.0,,9.0,,,,,,13.0,1.0,,,,,,1.0,1.0,0.0,
475699,,,,,,,,13.0,,7.0,,,,,,1.0,,,2.0,,,,,2.0,,
475705,,,,,,,,4.0,,1.0,,,,,,1.0,,,,,,,,1.0,,
475714,,,,,,,,14.0,,3.0,,,,,,2.0,2.0,,,,,3.0,,3.0,,
475723,,,,,,,,38.0,,14.0,,,,,,4.0,3.0,1.0,5.0,,,3.0,1.0,4.0,,
475732,,,,,,,,120.0,,67.0,,,,,,11.0,1.0,1.0,,,,,,7.0,,
475741,,,,,,,,30.0,,14.0,,,,,,5.0,,1.0,,,,,,3.0,,
475750,,,,,,,,24.0,,11.0,,,,,,8.0,,,,,,,,2.0,,
475811,,,,,,,,73.0,,51.0,,,,,,4.0,2.0,0.0,2.0,,,,2.0,5.0,0.0,
475839,,,,,,,,26.0,,9.0,,,,,,,4.0,,0.0,,,,4.0,2.0,,
475866,,,,,,,,51.0,,27.0,,,,,,10.0,,,7.0,,,1.0,,1.0,,
476063,,,,,,,,10.0,,7.0,,,,,,,,,,,,,1.0,2.0,,
476179,,,,,,,,10.0,,6.0,,,,,,1.0,,,,,,,,1.0,,
476230,,,,,,,,10.0,,3.0,,,,,,3.0,,,,,,,,1.0,,
476294,,,,,,,,22.0,,13.0,,,,,,4.0,,,,,,,3.0,2.0,,
476337,,,,,,,,16.0,,7.0,,,,,,5.0,,,2.0,,,,,1.0,,
476346,,,,,,,,26.0,,11.0,,,,,,1.0,2.0,,,,,1.0,4.0,5.0,,
476355,,,,,,,,3.0,,,,,,,,1.0,,,,,,,,0.0,,
476470,,,,,,,,12.0,,7.0,,,,,,1.0,1.0,,,,,,2.0,1.0,,
476489,,,,,,,,11.0,,4.0,,,,,,2.0,,,,,,,,1.0,,
476498,,,,,,,,11.0,,4.0,,,,,,1.0,3.0,,,,,,1.0,2.0,0.0,
476513,,,,,,,,14.0,,4.0,,,,,,1.0,1.0,,,,,2.0,,1.0,1.0,
476522,,,,,,,,10.0,,6.0,,,,,,2.0,,,,,,,,2.0,,
476531,,,,,,,,4.0,,3.0,,,,,,,1.0,,,,,,,,,
476540,,,,,,,,8.0,,3.0,,,,,,2.0,,,,,,,,2.0,,
476559,,,,,,,,7.0,,4.0,,,,,,1.0,,,,,,,,1.0,,
476568,,,,,,,,6.0,,4.0,,,,,,,,,,,,,,1.0,,
476586,,,,,,,,15.0,,6.0,,,,,,1.0,1.0,1.0,,,,,2.0,4.0,,
476595,,,,,,,,15.0,,5.0,,,,,,5.0,1.0,0.0,,,,0.0,,2.0,,
476601,,,,,,,,10.0,,4.0,,,,,,3.0,,,,,,1.0,,1.0,1.0,
476610,,,,,,,,10.0,,6.0,,,,,,,1.0,,,,,,,,,
476629,,,,,,,,19.0,,9.0,,,,,,3.0,1.0,,,,,,4.0,1.0,0.0,
476674,,,,,,,,5.0,,3.0,,,,,,1.0,,,,,,0.0,,1.0,,
476683,,,,,,,,25.0,,13.0,,,,,,5.0,1.0,0.0,,,,,2.0,1.0,,
476692,,,,,,,,3.0,,2.0,,,,,,,1.0,,,,,,,,,
476708,,,,,,,,12.0,,6.0,,,,,,2.0,,0.0,,,,1.0,1.0,0.0,,
476717,,,,,,,,46.0,,38.0,,,,,,0.0,1.0,,,,,2.0,,4.0,,
476726,,,,,,,,35.0,,14.0,,,,,,6.0,3.0,1.0,1.0,,,2.0,3.0,6.0,,
476735,,,,,,,,7.0,,7.0,,,,,,,,,,,,,,,,
476744,,,,,,,,8.0,,5.0,,,,,,,2.0,,,,,,,1.0,,
476753,,,,,,,,18.0,,7.0,,,,,,1.0,,,,,,,4.0,5.0,,
476771,,,,,,,,17.0,,4.0,,,,,,3.0,2.0,,,,,5.0,,3.0,,
476780,,,,,,,,11.0,,5.0,,,,,,1.0,1.0,,,,,,,3.0,,
476799,,,,,,,,28.0,,12.0,,,,,,2.0,2.0,1.0,,,,,4.0,3.0,,
476805,,,,,,,,6.0,,3.0,,,,,,2.0,,,,,,,,1.0,,
476814,,,,,,,,26.0,,10.0,,,,,,5.0,2.0,,,,,2.0,3.0,2.0,,
476823,,,,,,,,11.0,,4.0,,,,,,1.0,,,,,,,,2.0,,
476841,,,,,,,,15.0,,4.0,,,,,,5.0,,,,,,,1.0,4.0,,
476850,,,,,,,,8.0,,4.0,,,,,,2.0,,,,,,1.0,,1.0,,
476869,,,,,,,,23.0,,12.0,,,,,,,2.0,,1.0,,,3.0,3.0,1.0,,
476878,,,,,,,,8.0,,5.0,,,,,,,,,,,,,,1.0,,
476887,,,,,,,,16.0,,9.0,,,,,,2.0,1.0,,1.0,,,,2.0,2.0,,
476896,,,,,,,,8.0,,3.0,,,,,,1.0,2.0,,,,,,,2.0,,
476902,,,,,,,,5.0,,4.0,,,,,,,1.0,,,,,,,,,
476911,,,,,,,,17.0,,8.0,,,,,,1.0,1.0,,,,,,3.0,2.0,,
476939,,,,,,,,26.0,,11.0,,,,,,7.0,1.0,,5.0,,,,,2.0,,
476948,,,,,,,,12.0,,5.0,,,,,,2.0,1.0,,,,,,2.0,1.0,,
476957,,,,,,,,2.0,,2.0,,,,,,,0.0,,,,,,,,,
476966,,,,,,,,15.0,,6.0,,,,,,2.0,1.0,,,,,,2.0,1.0,,
476975,,,,,,,,349.0,,172.0,,,,,,15.0,14.0,7.0,,,,,3.0,1.0,,
476984,,,,,,,,20.0,,10.0,,,,,,2.0,,,,,,,3.0,5.0,,
476993,,,,,,,,37.0,,15.0,,,,,,6.0,,,,,,,3.0,12.0,,
477002,,,,,,,,6.0,,5.0,,,,,,1.0,,,,,,,,,,
477039,,,,,,,,60.0,,29.0,,,,,,11.0,2.0,,2.0,,,,,10.0,,
477950,,,,,,,,19.0,,7.0,,,,,,1.0,2.0,0.0,,,,,3.0,1.0,,
477996,,,,,,,,9.0,,2.0,,,,,,2.0,,,,,,,,1.0,,
478005,,,,,,,,8.0,,1.0,,,,,,2.0,,,,,,,,1.0,,
478014,,,,,,,,11.0,,2.0,,,,,,2.0,,,,,,,,,,
478582,,,,,,,,7.0,,4.0,,,,,,2.0,,,,,,,,0.0,,
478591,,,,,,,,12.0,,7.0,,,,,,1.0,,,,,,,1.0,,,
478616,,,,,,,,7.0,,4.0,,,,,,1.0,,,,,,,,1.0,,
478634,,,,,,,,33.0,,15.0,,,,,,1.0,3.0,0.0,,,,,5.0,2.0,,
478661,,,,,,,,11.0,,6.0,,,,,,5.0,,,,,,,,,,
478917,,,,,,,,7.0,,4.0,,,,,,1.0,,,,,,,1.0,1.0,,
478953,,,,,,,,28.0,,17.0,,,,,,2.0,,,,,,1.0,,3.0,,
479053,,,,,,,,11.0,,5.0,,,,,,2.0,1.0,,,,,,1.0,1.0,,
479062,,,,,,,,2.0,,1.0,,,,,,1.0,,,,,,,,,,
479248,,,,,,,,6.0,,4.0,,,,,,,,,,,,,,2.0,,
479424,,,,,,,,30.0,,17.0,,,,,,2.0,1.0,1.0,,,,,5.0,1.0,,
479956,,,,,,,,422.0,,,,2.0,,,,75.0,62.0,91.0,101.0,,,,13.0,43.0,,
479965,,,,,,,,8.0,,4.0,,,,,,4.0,,,,,,,,,,
479974,,,,,,,,7.0,,4.0,,,,,,1.0,2.0,,,,,,,1.0,,
479983,,,,,,,,9.0,,5.0,,,,,,2.0,,,,,,,0.0,1.0,,
479992,,,,,,,,20.0,,5.0,,,,,,2.0,1.0,5.0,,,,,1.0,2.0,,
480000,,,,,,,,8.0,,4.0,,,,,,2.0,,,,,,,,1.0,,
480019,,,,,,,,45.0,,29.0,,,,,,5.0,1.0,,,,,,3.0,7.0,,
480028,,,,,,,,11.0,,6.0,,,,,,1.0,1.0,,,,,,,1.0,,
480037,,,,,,,,37.0,,22.0,,,,,,5.0,,,,,,,6.0,4.0,,
480064,,,,,,,,35.0,,17.0,,,,,,3.0,1.0,,7.0,,,,,1.0,,
480073,,,,,,,,52.0,,21.0,,,,,,16.0,,,,,,,,4.0,,
480082,,,,,,,,64.0,,27.0,,,,,,20.0,,,,,,,,3.0,1.0,
480091,,,,,,,,238.0,,104.0,,,,,,10.0,4.0,6.0,83.0,,,1.0,7.0,19.0,,
480107,,,,,,,,49.0,,25.0,,,,,,8.0,,1.0,7.0,,,1.0,,1.0,,
480125,,,,,,,,17.0,,8.0,,,,,,1.0,,,,,,,2.0,,,
480134,,,,,,,,34.0,,18.0,,,,,,2.0,,1.0,10.0,,,,,2.0,,
480143,,,,,,,,25.0,,13.0,,,,,,,3.0,,,,,,3.0,3.0,,
480161,,,,,,,,3.0,,1.0,,,,,,,,,,,,,,1.0,,
480170,,,,,,,,13.0,,5.0,,,,,,2.0,,,,,,,,3.0,,
480189,,,,,,,,122.0,,67.0,,,,,,15.0,3.0,4.0,18.0,2.0,,4.0,,8.0,,
480198,,,,,,,,29.0,,17.0,,,,,,3.0,3.0,,,,,,,1.0,,
480204,,,,,,,,85.0,,22.0,,32.0,,,,8.0,3.0,,,,,6.0,5.0,8.0,1.0,
480301,,,,,,,,27.0,,11.0,2.0,,,,,7.0,,1.0,,,,0.0,,4.0,,
480310,,,,,,,,11.0,,7.0,,,,,,1.0,,,,,,,,1.0,,
480329,,,,,,,,24.0,,7.0,,,,,,1.0,,,,,,,,2.0,,
480347,,,,,,,,10.0,,5.0,,,,,,1.0,1.0,,,,,,,3.0,,
480471,,,,,,,,29.0,,8.0,,,,,,1.0,2.0,,,,,0.0,,17.0,,
480480,,,,,,,,2.0,,1.0,,,,,,,,,,,,,,1.0,,
480499,,,,,,,,9.0,,2.0,,,,,,3.0,1.0,1.0,,,,,,2.0,,
480514,,,,,,,,39.0,,19.0,,,,,,1.0,3.0,,,,,,3.0,2.0,,
480523,,,,,,,,12.0,,6.0,,,,,,3.0,,,,,,,,1.0,,
480532,,,,,,,,12.0,,4.0,,,,,,3.0,,,,,,,,1.0,,
480550,,,,,,,,13.0,,6.0,,,,,,3.0,,,,,,,,1.0,,
480569,,,,,,,,122.0,,74.0,,,,,,8.0,1.0,4.0,,,,,,32.0,,
480657,,,,,,,,21.0,,9.0,,,,,,5.0,,,,,,,,1.0,,
480693,,,,,,,,6.0,,3.0,,,,,,,,0.0,,,,,,2.0,,
480727,,,,,,,,11.0,,5.0,,,,,,2.0,1.0,,,,,0.0,,1.0,2.0,
480736,,,,,,,,8.0,,3.0,,,,,,2.0,,,,,,,,2.0,,
480781,,,,,,,,23.0,,9.0,,,,,,4.0,2.0,1.0,1.0,,,,,1.0,,
480790,,,,,,,,199.0,,49.0,,,,,,23.0,3.0,4.0,1.0,57.0,,10.0,,40.0,,
480815,,,,,,,,56.0,,26.0,,,,,,11.0,,1.0,10.0,,,1.0,,1.0,,
480824,,,,,,,,29.0,,13.0,,,,,,2.0,,,,,,,,1.0,,
480833,,,,,,,,40.0,,18.0,,,,,,2.0,,,,,,,,2.0,,
480842,,,,,,,,14.0,,4.0,,,,,,2.0,2.0,1.0,1.0,,,,,2.0,,
480851,,,,,,,,16.0,,7.0,,,,,,1.0,1.0,1.0,,,,,1.0,1.0,,
480879,,,,,,,,9.0,,5.0,,,,,,1.0,1.0,,,,,,2.0,,,
480888,,,,,,,,45.0,,19.0,,,,,,9.0,1.0,0.0,,,,,,,,
480903,,,,,,,,36.0,,19.0,,,,,,6.0,,,,,,,6.0,5.0,,
480912,,,,,,,,7.0,,4.0,,,,,,1.0,1.0,0.0,,,,,,0.0,0.0,
480921,,,,,,,,7.0,,4.0,,,,,,,2.0,,,,,,,,,
480930,,,,,,,,21.0,,9.0,,,,,,3.0,,,,,,,6.0,3.0,,
480967,,,,,,,,55.0,,13.0,1.0,,,,,6.0,5.0,2.0,,,,12.0,2.0,6.0,,
480976,,,,,,,,7.0,,4.0,,,,,,1.0,0.0,,,,,,1.0,0.0,,
480985,,,,,,,,22.0,,9.0,,,,,,3.0,1.0,0.0,,,,,,2.0,,
480994,,,,,,,,8.0,,3.0,,,,,,,,,,,,1.0,,1.0,,
481003,,,,,,,,20.0,,10.0,,,,,,4.0,2.0,,,,,,,3.0,,
481021,,,,,,,,160.0,,72.0,,,,,,7.0,5.0,2.0,1.0,,,16.0,,14.0,5.0,9.0
481030,,,,,,,,16.0,,6.0,2.0,,,,,1.0,1.0,,,,,,,1.0,,
481049,,,,,,,,5.0,,3.0,,,,,,,,,,,,,,3.0,,
481058,,,,,,,,19.0,,12.0,,,,,,3.0,1.0,,,,,,,1.0,,
481085,,,,,,,,41.0,,13.0,,,,,,5.0,2.0,0.0,,,,3.0,,8.0,,
481094,,,,,,,,53.0,,18.0,,,,,,6.0,1.0,3.0,1.0,,,,,10.0,1.0,
481100,,,,,,,,12.0,,9.0,,,,,,,,,,,,0.0,,1.0,,
481128,,,,,,,,6.0,,2.0,,,,,,3.0,0.0,,,,,,,0.0,0.0,
481137,,,,,,,,38.0,,6.0,,,,,,8.0,,,5.0,,,,,1.0,,
481146,,,,,,,,19.0,,5.0,,,,,,5.0,2.0,,,,,,2.0,1.0,,
481155,,,,,,,,40.0,,17.0,,,,,,5.0,4.0,,,,,,4.0,2.0,,
481164,,,,,,,,7.0,,3.0,,,,,,1.0,1.0,,,,,,,2.0,,
481182,,,,,,,,5.0,,1.0,,,,,,1.0,1.0,0.0,,,,,,1.0,0.0,
481191,,,,,,,,24.0,,10.0,,,,,,4.0,1.0,1.0,,,,,,3.0,3.0,
481207,,,,,,,,8.0,,5.0,,,,,,1.0,2.0,,,,,,,1.0,,
481225,,,,,,,,14.0,,5.0,,,,,,1.0,1.0,,,,,,,5.0,,
481234,,,,,,,,21.0,,11.0,,,,,,2.0,1.0,,,1.0,,1.0,2.0,,,
481243,,,,,,,,14.0,,6.0,,,,,,2.0,2.0,,,,,,1.0,3.0,,
481252,,,,,,,,6.0,,3.0,,,,,,1.0,2.0,,,,,,,,,
481289,,,,,,,,16.0,,10.0,,,,,,1.0,2.0,,,,,,,2.0,,
481298,,,,,,,,6.0,,4.0,,,,,,1.0,,,,,,,,0.0,,
481313,,,,,,,,6.0,,2.0,,,,,,1.0,1.0,,,,,,1.0,1.0,,
481322,,,,,,,,10.0,,4.0,,,,,,1.0,1.0,,,,,,1.0,1.0,2.0,
481331,,,,,,,,5.0,,3.0,,,,,,2.0,,,,,,,,,,
481340,,,,,,,,11.0,,7.0,,,,,,1.0,1.0,,,,,,,1.0,,
481359,,,,,,,,7.0,,3.0,,,,,,1.0,1.0,,,,,,,,,
481368,,,,,,,,15.0,,7.0,,,,,,1.0,1.0,,,1.0,,,,,,
481377,,,,,,,,6.0,,2.0,,,,,,2.0,1.0,,,,,,,1.0,,
481386,,,,,,,,25.0,,8.0,,,,,,7.0,3.0,1.0,,,,,1.0,1.0,2.0,
481395,,,,,,,,6.0,,3.0,,,,,,2.0,,,,,,1.0,,,,
481401,,,,,,,,31.0,,13.0,,,,,,7.0,3.0,1.0,1.0,,,,,,,
481410,,,,,,,,6.0,,4.0,,,,,,1.0,,,,,,0.0,,0.0,,
481429,,,,,,,,12.0,,5.0,,,,,,2.0,1.0,,,,,,1.0,1.0,,
481438,,,,,,,,12.0,,7.0,,,,,,2.0,1.0,,,,,1.0,,1.0,,
481447,,,,,,,,8.0,,4.0,,,,,,1.0,,,,,,,,1.0,,
481456,,,,,,,,24.0,,6.0,,,,,,3.0,2.0,1.0,1.0,,,4.0,0.0,2.0,1.0,1.0
481465,,,,,,,,8.0,,4.0,,,,,,,3.0,,,,,,,0.0,,
481474,,,,,,,,15.0,,6.0,,,,,,2.0,3.0,,,,,2.0,1.0,1.0,,
481483,,,,,,,,32.0,,17.0,,,,,,5.0,2.0,,1.0,,,,2.0,4.0,,
481508,,,,,,,,15.0,,6.0,,,,,,,3.0,,,,,1.0,1.0,,,
481517,,,,,,,,10.0,,6.0,,,,,,1.0,1.0,,,,,,1.0,1.0,,
481526,,,,,,,,9.0,,4.0,,,,,,1.0,2.0,,,,,0.0,,1.0,,
481544,,,,,,,,5.0,,3.0,,,,,,1.0,,,,,,,,,,
481562,,,,,,,,15.0,,10.0,,,,,,2.0,1.0,,,,,,1.0,1.0,,
481571,,,,,,,,5.0,,2.0,,,,,,1.0,0.0,,,,,,,1.0,,
481599,,,,,,,,12.0,,5.0,,,,,,1.0,,,,,,,,2.0,,
481678,,,,,,,,5.0,,3.0,,,,,,1.0,,,,,,,,0.0,,
481720,,,,,,,,63.0,,33.0,,,,,,17.0,,,,,,,,3.0,,
481739,,,,,,,,8.0,,5.0,,,,,,1.0,,,,,,,,1.0,,
481748,,,,,,,,9.0,,6.0,,,,,,1.0,,,,,,,,1.0,,
481766,,,,,,,,11.0,,5.0,,,,,,1.0,1.0,,,,,,2.0,,,
481845,,,,,,,,10.0,,6.0,,,,,,2.0,,,,,,,,1.0,,
481854,,,,,,,,30.0,,8.0,,,,,,8.0,1.0,1.0,3.0,,,,1.0,5.0,,
481863,,,,,,,,15.0,,8.0,,,,,,2.0,,,,,,,,1.0,,
481890,,,,,,,,9.0,,4.0,,,,,,2.0,,,,,,,,0.0,,
481906,,,,,,,,15.0,,7.0,,,,,,3.0,,,,,,,,1.0,,
481915,,,,,,,,17.0,,7.0,,,,,,2.0,2.0,,,,,,1.0,1.0,,
481942,,,,,,,,17.0,,6.0,,,,,,2.0,2.0,,,,,,3.0,2.0,,
481960,,,,,,,,13.0,,5.0,,,,,,3.0,,,,,,,1.0,,,
481988,,,,,,,,26.0,,11.0,,,,,,3.0,3.0,,,,,,2.0,1.0,,
482015,,,,,,,,33.0,,12.0,,,,,,4.0,2.0,,,,,,11.0,1.0,,
482024,,,,,,,,18.0,,8.0,,,,,,1.0,,,,,,0.0,,1.0,,
482033,,,,,,,,1.0,,1.0,,,,,,,,,,,,,,,,
482060,,,,,,,,29.0,,13.0,,,,,,1.0,,,,,,,3.0,9.0,,
482097,,,,,,,,32.0,,15.0,,,,,,2.0,3.0,,1.0,,,4.0,,5.0,1.0,
482103,,,,,,,,12.0,,7.0,,,,,,2.0,1.0,,,,,,,2.0,,
482149,,,,,,,,5258.0,,976.0,215.0,21.0,,,,426.0,165.0,494.0,97.0,1404.0,,523.0,,702.0,93.0,
482158,,,,,,,,754.0,,297.0,,,,,,114.0,6.0,26.0,17.0,5.0,,58.0,2.0,128.0,42.0,
482167,,,,,,,,7.0,,3.0,,,,,,2.0,1.0,,,,,,,1.0,,
482176,,,,,,,,21.0,,11.0,,,,,,1.0,,,,,,,2.0,6.0,,
482185,,,,,,,,17.0,,5.0,,,,,,1.0,2.0,1.0,1.0,,,,2.0,3.0,,
482194,,,,,,,,19.0,,6.0,,,,,,1.0,2.0,,,,,,,4.0,,
482200,,,,,,,,6.0,,3.0,,,,,,1.0,2.0,,,,,,,,,
482228,,,,,,,,14.0,,9.0,,,,,,2.0,1.0,,,,,,,1.0,,
482246,,,,,,,,9.0,,3.0,,,,,,1.0,0.0,,,,,,1.0,3.0,,
482255,,,,,,,,37.0,,16.0,,,,,,7.0,,,,,,,,14.0,,
482291,,,,,,,,47.0,,17.0,,,,,,1.0,2.0,,,,,1.0,,26.0,,
482307,,,,,,,,7.0,,1.0,,,,,,2.0,,,,,,,,1.0,,
482316,,,,,,,,7.0,,,,,,,,1.0,,,,,,,,0.0,,
482325,,,,,,,,10.0,,2.0,,,,,,2.0,,,,,,,,1.0,,
482334,,,,,,,,8.0,,,,,,,,2.0,,,,,,,,1.0,,
482343,,,,,,,,7.0,,0.0,,,,,,1.0,,,,,,,,1.0,,
482361,,,,,,,,16.0,,5.0,,,,,,3.0,,,,,,,,2.0,,
482370,,,,,,,,8.0,,1.0,,,,,,2.0,,,,,,,,,,
482398,,,,,,,,22.0,,12.0,,,,,,4.0,,,,,,,,1.0,,
482413,,,,,,,,93.0,,41.0,,,,,,11.0,,2.0,,,,1.0,,2.0,,
482422,,,,,,,,75.0,,40.0,,,,,,6.0,,2.0,,,,1.0,,1.0,,
482431,,,,,,,,298.0,,146.0,,,,,,32.0,2.0,6.0,,,,1.0,,14.0,,
482440,,,,,,,,37.0,,19.0,,,,,,4.0,1.0,,,,,,,1.0,,
482459,,,,,,,,73.0,,35.0,,,,,,9.0,,,,,,1.0,,2.0,,
482468,,,,,,,,91.0,,35.0,,,,,,11.0,,2.0,,,,3.0,,3.0,,
482477,,,,,,,,1829.0,,664.0,,,,,,97.0,123.0,34.0,8.0,,,6.0,,25.0,,
482486,,,,,,,,8.0,,3.0,,,,,,2.0,,,,,,,,1.0,,
482538,,,,,,,,26.0,,13.0,,,,,,2.0,,1.0,,,,,,1.0,,
482547,,,,,,,,20.0,,8.0,,,,,,3.0,,1.0,,,,,,,,
482556,,,,,,,,82.0,,42.0,,,,,,6.0,,1.0,,,,1.0,,2.0,,
482565,,,,,,,,45.0,,23.0,,,,,,4.0,,1.0,,,,,,3.0,,
482574,,,,,,,,103.0,,41.0,,,,,,13.0,1.0,3.0,,,,1.0,,2.0,,
482583,,,,,,,,10.0,,3.0,,,,,,1.0,,,,,,,,1.0,,
482608,,,,,,,,46.0,,18.0,,,,,,6.0,,,,,,,,2.0,,
482617,,,,,,,,17.0,,6.0,,,,,,2.0,,0.0,,,,,,,,
482635,,,,,,,,91.0,,43.0,,,,,,12.0,,1.0,,,,,,4.0,,
482653,,,,,,,,47.0,,21.0,,,,,,4.0,,1.0,,,,,,2.0,,
482680,,,,,,,,1630.0,,719.0,,,,,,196.0,44.0,86.0,35.0,10.0,,152.0,4.0,230.0,38.0,
482699,,,,,,,,211.0,,75.0,,1.0,,,,24.0,2.0,7.0,5.0,,,31.0,1.0,41.0,10.0,
482705,,,,,,,,708.0,,442.0,,,,,,24.0,33.0,13.0,64.0,,,,,8.0,,
482927,,,,,,,,22.0,,14.0,,,,,,2.0,1.0,,,,,,2.0,3.0,,
482936,,,,,,,,216.0,,66.0,3.0,,,,,53.0,14.0,20.0,10.0,,,10.0,2.0,20.0,1.0,
482954,,,,,,,,28.0,,18.0,,,,,,6.0,,,,,,,,,,
482963,,,,,,,,21.0,,9.0,,,,,,4.0,,,,,,,4.0,4.0,,
482972,,,,,,,,7.0,,2.0,,,,,,2.0,2.0,,,,,,,,,
482981,,,,,,,,16.0,,7.0,,,,,,3.0,,,,,,,,5.0,,
482990,,,,,,,,83.0,,40.0,,,,,,4.0,,1.0,,,,,,22.0,,
483009,,,,,,,,14.0,,7.0,,,,,,2.0,1.0,,,,,,,2.0,,
483018,,,,,,,,160.0,,38.0,,,,,,24.0,13.0,4.0,12.0,1.0,,13.0,,9.0,17.0,
483036,,,,,,,,291.0,,142.0,,,,,,34.0,9.0,16.0,1.0,1.0,,10.0,2.0,55.0,,
483045,,,,,,,,677.0,,321.0,,20.0,,,,26.0,38.0,16.0,12.0,,,77.0,,115.0,,
483054,,,,,,,,9.0,,5.0,,,,,,2.0,,,,,,,,,,
483090,,,,,,,,648.0,,,,,,,,69.0,37.0,239.0,,,,1.0,,65.0,,
483106,,,,,,,,18.0,,10.0,,,,,,5.0,1.0,,,,,,,2.0,,
483124,,,,,,,,841.0,,600.0,4.0,,,,,70.0,26.0,32.0,71.0,,,,1.0,21.0,,
483212,,,,,,,,250.0,,118.0,,,,,,28.0,71.0,,,,,2.0,,15.0,2.0,
483221,,,,,,,,12.0,,4.0,0.0,,,,,,1.0,,,,,,,4.0,,
483230,,,,,,,,19.0,,7.0,,,,,,3.0,1.0,,1.0,,,,3.0,3.0,,
483258,,,,,,,,5.0,,2.0,,,,,,,,,,,,,,,,
483276,,,,,,,,3.0,,2.0,,,,,,,1.0,,,,,,,,,
483319,,,,,,,,44.0,,20.0,,,,,,9.0,,,10.0,,,1.0,,1.0,,
483328,,,,,,,,22.0,,13.0,,,,,,2.0,,,,,,,3.0,3.0,,
483337,,,,,,,,16.0,,8.0,,,,,,1.0,,,,,,,2.0,4.0,,
483346,,,,,,,,4.0,,2.0,,,,,,,1.0,,,,,,,,,
483355,,,,,,,,26.0,,13.0,,,,,,3.0,2.0,,1.0,,,1.0,3.0,2.0,,
483364,,,,,,,,20.0,,10.0,,,,,,2.0,1.0,,,,,,3.0,4.0,,
483373,,,,,,,,7.0,,3.0,,,,,,,2.0,,,,,,,1.0,,
483382,,,,,,,,24.0,,10.0,,,,,,9.0,1.0,,,,,0.0,,4.0,,
483425,,,,,,,,5.0,,4.0,,,,,,1.0,,,,,,,,,,
483443,,,,,,,,22.0,,13.0,,,,,,7.0,1.0,,,,,,,1.0,,
483470,,,,,,,,7.0,,3.0,,,,,,1.0,,,,,,0.0,,2.0,,
483504,,,,,,,,26.0,,10.0,,,,,,1.0,,,,,,,,1.0,,
483513,,,,,,,,11.0,,4.0,,,,,,2.0,1.0,,,,,,,2.0,,
483522,,,,,,,,25.0,,9.0,,,,,,3.0,1.0,1.0,,,,2.0,,1.0,,
483559,,,,,,,,5.0,,1.0,,,,,,2.0,2.0,,,,,,,,,
483568,,,,,,,,10.0,,9.0,,,,,,1.0,,,,,,,,,,
483577,,,,,,,,8.0,,2.0,,,,,,1.0,2.0,,,,,,,3.0,,
483595,,,,,,,,30.0,,6.0,,,,,,11.0,,2.0,,,,,,9.0,,
483610,,,,,,,,6.0,,3.0,,,,,,1.0,2.0,,,,,,,,,
483629,,,,,,,,9.0,,7.0,,,,,,1.0,,,,,,,,1.0,,
483638,,,,,,,,12.0,,7.0,,,,,,2.0,1.0,,,,,,,2.0,,
483647,,,,,,,,48.0,,20.0,,,,,,1.0,1.0,1.0,1.0,13.0,,2.0,,6.0,3.0,
483665,,,,,,,,3.0,,2.0,,,,,,,,,,,,,,,,
483692,,,,,,,,9.0,,4.0,,,,,,1.0,,,,,,,,3.0,,
483708,,,,,,,,40.0,,5.0,,,,,,6.0,2.0,,,5.0,,2.0,5.0,6.0,,
483717,,,,,,,,4.0,,2.0,,,,,,1.0,,,,,,1.0,,,,
483726,,,,,,,,4.0,,1.0,,,,,,1.0,0.0,,,,,,,1.0,,
483735,,,,,,,,5.0,,2.0,,,,,,,,,,,,,,1.0,,
483744,,,,,,,,5.0,,3.0,,,,,,1.0,,,,,,,,0.0,,
483753,,,,,,,,4.0,,2.0,,,,,,,1.0,,,,,,,1.0,,
483780,,,,,,,,24.0,,13.0,,,,,,5.0,1.0,1.0,,,,,,2.0,,
483799,,,,,,,,10.0,,6.0,,,,,,,1.0,0.0,0.0,,,,,0.0,,
483805,,,,,,,,3.0,,1.0,,,,,,,,,,,,,,,,
483814,,,,,,,,15.0,,8.0,,,,,,6.0,,,,,,,,1.0,,
483823,,,,,,,,24.0,,6.0,,,,,,3.0,4.0,0.0,,,,,2.0,2.0,2.0,
483841,,,,,,,,24.0,,7.0,,,,,,5.0,2.0,1.0,1.0,,,5.0,1.0,2.0,,
483850,,,,,,,,16.0,,4.0,,,,,,2.0,2.0,1.0,,,,,3.0,3.0,,
483869,,,,,,,,9.0,,3.0,,,,,,2.0,2.0,,,,,,,1.0,,
483878,,,,,,,,22.0,,7.0,,,,,,1.0,3.0,,1.0,,,,,1.0,,
483887,,,,,,,,7.0,,4.0,,,,,,2.0,,,,,,,,1.0,,
483896,,,,,,,,5.0,,4.0,,,,,,,0.0,,,,,,,1.0,,
483902,,,,,,,,3.0,,1.0,,,,,,1.0,,,,,,,,2.0,,
483911,,,,,,,,4.0,,2.0,,,,,,1.0,,,,,,,,1.0,,
483920,,,,,,,,15.0,,7.0,,,,,,1.0,1.0,,,,,2.0,,3.0,1.0,
483939,,,,,,,,8.0,,2.0,,,,,,1.0,1.0,,,,,,,1.0,,
483948,,,,,,,,3.0,,2.0,,,,,,,1.0,,,,,,,,,
483957,,,,,,,,4.0,,3.0,,,,,,,1.0,,,,,,,,,
483966,,,,,,,,4.0,,2.0,,,,,,1.0,0.0,,,,,,0.0,1.0,,
483975,,,,,,,,70.0,,21.0,,,,,,5.0,2.0,,2.0,,,,,22.0,,
483984,,,,,,,,86.0,,46.0,2.0,1.0,,,,5.0,4.0,2.0,7.0,3.0,,,,3.0,2.0,
484002,,,,,,,,54.0,,20.0,,,,,,8.0,4.0,1.0,,,,,,8.0,4.0,
484011,,,,,,,,16.0,,6.0,,,,,,4.0,,,,,,,2.0,3.0,0.0,
484020,,,,,,,,7.0,,1.0,,,,,,1.0,1.0,,1.0,,,,1.0,1.0,,
484039,,,,,,,,14.0,,7.0,,,,,,1.0,2.0,,,,,,,3.0,1.0,
484048,,,,,,,,6.0,,3.0,,,,,,,1.0,,,,,,,1.0,,
484057,,,,,,,,8.0,,4.0,,,,,,1.0,1.0,,,,,,,2.0,,
484066,,,,,,,,38.0,,13.0,,,,,,11.0,2.0,,,,,,,,,
484075,,,,,,,,4.0,,2.0,,,,,,1.0,1.0,,,,,,,,,
484084,,,,,,,,10.0,,5.0,,,,,,1.0,,,,,,,1.0,,,
484093,,,,,,,,6.0,,4.0,,,,,,1.0,,,,,,,,1.0,,
484109,,,,,,,,9.0,,6.0,,,,,,1.0,,,,,,,,2.0,,
484118,,,,,,,,6.0,,3.0,,,,,,1.0,,,,,,,,2.0,,
484127,,,,,,,,12.0,,9.0,,,,,,1.0,1.0,,,,,,,0.0,,
484136,,,,,,,,7.0,,2.0,,,,,,1.0,1.0,1.0,,,,,,2.0,,
484154,,,,,,,,14.0,,6.0,,,,,,3.0,,,,,,,,5.0,,
484163,,,,,,,,32.0,,19.0,,,,,,5.0,,,,,,,,7.0,,1.0
484172,,,,,,,,7.0,,2.0,,,,,,,1.0,,,,,,,2.0,,
484190,,,,,,,,9.0,,3.0,,,,,,2.0,1.0,,,,,,,1.0,,
484206,,,,,,,,17.0,,7.0,,,,,,,2.0,,,,,,,1.0,,
484303,,,,,,,,9.0,,7.0,,,,,,1.0,0.0,,,,,,,0.0,,
484321,,,,,,,,11.0,,6.0,,,,,,3.0,,,,,,,,,0.0,
484330,,,,,,,,12.0,,5.0,,,,,,3.0,,,,,,,,0.0,,
484349,,,,,,,,18.0,,8.0,,,,,,4.0,,,,,,,,1.0,,
484358,,,,,,,,15.0,,7.0,,,,,,3.0,,,,,,,,1.0,,
484367,,,,,,,,14.0,,9.0,,,,,,1.0,,,,,,,,0.0,,
484376,,,,,,,,18.0,,10.0,,,,,,1.0,,,,,,,,0.0,,
484385,,,,,,,,17.0,,4.0,,,,,,6.0,,,,,,,,1.0,,
484394,,,,,,,,15.0,,7.0,,,,,,4.0,,,,,,,,4.0,,
484473,,,,,,,,75.0,,29.0,0.0,1.0,,,,10.0,3.0,3.0,7.0,,,,,4.0,,
484598,,,,,,,,4.0,,2.0,,,,,,,1.0,,,,,,,1.0,,
484604,,,,,,,,19.0,,8.0,,,,,,2.0,,,,,,,1.0,,,
484613,,,,,,,,7495.0,,3204.0,,,,,,717.0,374.0,252.0,680.0,,,,902.0,1278.0,,
484622,,,,,,,,16.0,,11.0,,,,,,3.0,,,,,,,,2.0,,
484631,,,,,,,,737.0,,530.0,,,,,,96.0,35.0,,16.0,,,,2.0,51.0,,
484640,,,,,,,,70.0,,44.0,,,,,,12.0,4.0,,1.0,,,,,3.0,,
484668,,,,,,,,153.0,,100.0,,,,,,29.0,5.0,1.0,4.0,,,,2.0,12.0,,
484677,,,,,,,,95.0,,67.0,,,,,,14.0,2.0,1.0,1.0,,,,1.0,8.0,,
484686,,,,,,,,28.0,,21.0,,,,,,3.0,,,,,,,1.0,3.0,,
484695,,,,,,,,42.0,,31.0,,,,,,4.0,1.0,,2.0,,,,1.0,3.0,,
484701,,,,,,,,37.0,,26.0,,,,,,6.0,2.0,,,,,,,3.0,,
484710,,,,,,,,69.0,,48.0,,,,,,12.0,3.0,,1.0,,,,,5.0,,
484729,,,,,,,,32.0,,20.0,,,,,,6.0,1.0,,1.0,,,,2.0,2.0,,
484738,,,,,,,,19.0,,13.0,,,,,,3.0,,,1.0,,,,,2.0,,
484747,,,,,,,,76.0,,62.0,,,,,,8.0,,,,,,,,6.0,,
484756,,,,,,,,204.0,,134.0,,,,,,24.0,6.0,,13.0,,,,3.0,24.0,,
484765,,,,,,,,61.0,,46.0,,,,,,6.0,6.0,,,,,,1.0,1.0,,
484783,,,,,,,,41.0,,28.0,,,,,,6.0,2.0,,1.0,,,,,4.0,,
484826,,,,,,,,11.0,,7.0,,,,,,1.0,,,,,,,1.0,1.0,,
484835,,,,,,,,49.0,,9.0,,,,,,16.0,12.0,,1.0,1.0,,2.0,2.0,5.0,,
484844,,,,,,,,36.0,,26.0,,,,,,6.0,,,,,,,,,,
484862,,,,,,,,33.0,,13.0,1.0,,,,,3.0,2.0,,,,,,2.0,4.0,,
484871,,,,,,,,8.0,,5.0,,,,,,3.0,,,,,,,,,,
484899,,,,,,,,33.0,,12.0,,,,,,3.0,,,,,,,9.0,4.0,,
484905,,,,,,,,281.0,,132.0,1.0,5.0,,,,42.0,18.0,3.0,1.0,,,12.0,,46.0,,
484923,,,,,,,,8.0,,3.0,,,,,,1.0,,,,,,1.0,,2.0,,
484932,,,,,,,,193.0,,121.0,,,,,,23.0,3.0,4.0,1.0,1.0,,5.0,,32.0,,
484950,,,,,,,,13.0,,9.0,,,,,,1.0,1.0,,,,,,,1.0,,
484978,,,,,,,,48.0,,22.0,,,,,,9.0,,,11.0,,,1.0,,1.0,,
484996,,,,,,,,7.0,,3.0,,,,,,1.0,,,,,,2.0,,1.0,,
485014,,,,,,,,8.0,,5.0,,,,,,1.0,,,,,,,,1.0,,
485032,,,,,,,,19.0,,8.0,,,,,,2.0,2.0,,,,,0.0,2.0,4.0,,
485078,,,,,,,,9.0,,7.0,,,,,,1.0,,,,,,,,,,
485111,,,,,,,,692.0,,262.0,,,,,,61.0,22.0,9.0,35.0,6.0,,92.0,,126.0,,
485120,,,,,,,,14.0,,6.0,,,,,,2.0,1.0,,,,,,,5.0,,
485139,,,,,,,,12.0,,6.0,,,,,,1.0,1.0,,,,,,3.0,1.0,,
485166,,,,,,,,17.0,,8.0,,,,,,3.0,1.0,,,,,,,5.0,,
485193,,,,,,,,8.0,,4.0,,,,,,1.0,1.0,,,,,,,2.0,,
485236,,,,,,,,9.0,,3.0,,,,,,3.0,1.0,,,,,1.0,1.0,0.0,,
485263,,,,,,,,79.0,,31.0,,,,,,3.0,9.0,3.0,,1.0,,,14.0,6.0,,
485272,,,,,,,,60.0,,31.0,,,,,,10.0,3.0,1.0,1.0,,,,,11.0,,
485281,,,,,,,,10.0,,2.0,,,,,,2.0,,,,,,,,1.0,,
485290,,,,,,,,34.0,,9.0,,,,,,6.0,,,,,,,,2.0,,
485306,,,,,,,,4.0,,2.0,,,,,,,1.0,,,,,,,1.0,,
485342,,,,,,,,13.0,,3.0,,,,,,2.0,,1.0,,,,3.0,,3.0,,
485351,,,,,,,,22.0,,11.0,,,,,,3.0,,,,,,,,4.0,,
485360,,,,,,,,8.0,,3.0,,,,,,,2.0,,,,,,,2.0,,
485379,,,,,,,,12.0,,5.0,,,,,,1.0,,,,,,1.0,,2.0,,
485388,,,,,,,,16.0,,7.0,,,,,,1.0,,,,,,1.0,,2.0,,
485397,,,,,,,,10.0,,6.0,,,,,,2.0,,,,,,,,1.0,,
485403,,,,,,,,12.0,,6.0,1.0,,,,,3.0,0.0,,,,,,,1.0,,
485412,,,,,,,,4.0,,3.0,,,,,,,1.0,,,,,,,,,
485421,,,,,,,,10.0,,3.0,,,,,,2.0,0.0,,,,,1.0,1.0,1.0,1.0,
485458,,,,,,,,256.0,,122.0,,3.0,,,,20.0,8.0,6.0,2.0,,,24.0,,33.0,,
485467,,,,,,,,120.0,,,,,,,,46.0,13.0,9.0,2.0,,,,,41.0,,
485476,,,,,,,,7.0,,5.0,,,,,,,1.0,,,,,0.0,,,,
485485,,,,,,,,10.0,,4.0,,,,,,4.0,1.0,,,,,,,,,
485494,,,,,,,,9.0,,6.0,,,,,,1.0,1.0,,,,,,,2.0,,
485500,,,,,,,,13.0,,2.0,,,,,,1.0,2.0,,,,,,4.0,1.0,,
485519,,,,,,,,23.0,,5.0,,,,,,5.0,6.0,2.0,,,,,,1.0,,
485528,,,,,,,,8.0,,4.0,,,,,,1.0,1.0,,,,,,,2.0,,
485537,,,,,,,,1413.0,,49.0,78.0,,,,,109.0,4.0,50.0,29.0,788.0,,27.0,,258.0,14.0,
485546,,,,,,,,42.0,,12.0,,,,,,9.0,2.0,1.0,,,,,,,,
485564,,,,,,,,21.0,,5.0,,,,,,3.0,1.0,,,1.0,,,1.0,3.0,,
485573,,,,,,,,5.0,,1.0,,,,,,1.0,1.0,,,,,,1.0,,,
485582,,,,,,,,11.0,,7.0,,,,,,2.0,1.0,,,,,,,1.0,,
485591,,,,,,,,3.0,,3.0,,,,,,,,,,,,,,,,
485607,,,,,,,,5.0,,3.0,,,,,,,,,,,,,,2.0,,
485704,,,,,,,,2.0,,1.0,,,,,,,,,,,,,,,,
485731,,,,,,,,1.0,,1.0,,,,,,,,,,,,,,,,
485768,,,,,,,,21.0,,6.0,,,,,,5.0,,0.0,,,,0.0,0.0,3.0,,
485801,,,,,,,,13.0,,5.0,,,,,,1.0,,,,,,,,,,
485810,,,,,,,,8.0,,2.0,,,,,,1.0,1.0,,,,,,,1.0,,
485856,,,,,,,,11.0,,5.0,,,,,,4.0,,,,,,1.0,,1.0,,
485874,,,,,,,,8.0,,4.0,,,,,,1.0,1.0,,,,,,1.0,1.0,,
485908,,,,,,,,7.0,,5.0,,,,,,1.0,,,,,,,,,,
485953,,,,,,,,6.0,,3.0,,,,,,1.0,1.0,,,,,,,,,
485962,,,,,,,,5.0,,2.0,,,,,,,2.0,,,,,,,1.0,,
485999,,,,,,,,16.0,,10.0,,,,,,,3.0,,,,,3.0,,,,
486017,,,,,,,,7.0,,5.0,,,,,,,,,,,,,,2.0,,
486026,,,,,,,,7.0,,4.0,,,,,,1.0,1.0,,,,,1.0,,1.0,,
486053,,,,,,,,29.0,,15.0,,1.0,,,,4.0,1.0,0.0,1.0,,,,1.0,4.0,,
486080,,,,,,,,39.0,,39.0,,,,,,,,,,,,,,,,
486099,,,,,,,,17.0,,5.0,,,,,,5.0,1.0,,,,,,,1.0,,
486105,,,,,,,,2.0,,2.0,,,,,,,,,,,,,,,,
486123,,,,,,,,12.0,,7.0,,,,,,1.0,1.0,,,,,,0.0,0.0,,
486141,,,,,,,,7.0,,3.0,,,,,,2.0,1.0,,,,,,,1.0,,
486150,,,,,,,,21.0,,8.0,,,,,,1.0,,1.0,,,,,,6.0,1.0,
486169,,,,,,,,8.0,,3.0,,,,,,1.0,2.0,,,,,,,2.0,,
486187,,,,,,,,6.0,,3.0,,,,,,1.0,0.0,,,,,,,1.0,,
486196,,,,,,,,16.0,,11.0,,,,,,1.0,1.0,,,,,2.0,,1.0,,
486202,,,,,,,,7.0,,1.0,,,,,,1.0,,,,2.0,,1.0,,1.0,,
486220,,,,,,,,4.0,,2.0,,,,,,,,,,,,,,,,
486239,,,,,,,,42.0,,13.0,,,,,,3.0,2.0,0.0,1.0,,,,7.0,6.0,3.0,
486248,,,,,,,,8.0,,4.0,,,,,,1.0,1.0,,,,,,,2.0,,
486257,,,,,,,,22.0,,6.0,,,,,,5.0,1.0,,,,,,,5.0,,
486284,,,,,,,,89.0,,14.0,1.0,,,,,22.0,2.0,2.0,10.0,,,6.0,3.0,13.0,4.0,2.0
486309,,,,,,,,1.0,,0.0,,,,,,,,,,0.0,,0.0,,,,
486327,,,,,,,,2.0,,1.0,,,,,,1.0,,,,,,,,,,
486345,,,,,,,,9.0,,,,,,,,,1.0,,1.0,,,,,1.0,6.0,
486354,,,,,,,,13.0,,8.0,,,,,,2.0,,,,,,,,,,
486372,,,,,,,,9.0,,4.0,,,,,,0.0,1.0,0.0,,,,,1.0,0.0,,
486381,,,,,,,,7.0,,3.0,,,,,,1.0,1.0,,,,,,,1.0,,
486390,,,,,,,,8.0,,3.0,,,,,,1.0,,,,,,,,4.0,,
486406,,,,,,,,2.0,,2.0,,,,,,,,,,,,,,0.0,,
486415,,,,,,,,24.0,,14.0,,,,,,3.0,2.0,0.0,,,,0.0,,4.0,,
486424,,,,,,,,18.0,,9.0,,,,,,6.0,1.0,,,,,,,2.0,,
486433,,,,,,,,19.0,,15.0,,,,,,,,,,,,,2.0,2.0,,
486442,,,,,,,,6.0,,6.0,,,,,,,,,,,,,,,,
486460,,,,,,,,7.0,,4.0,,,,,,1.0,0.0,,,,,0.0,0.0,1.0,,
486488,,,,,,,,26.0,,15.0,,3.0,,,,2.0,1.0,0.0,1.0,,,,,1.0,,
486497,,,,,,,,7.0,,3.0,,,,,,3.0,,,,,,,1.0,,,
486503,,,,,,,,10.0,,3.0,,,,,,1.0,1.0,,,,,,,5.0,,
486512,,,,,,,,7.0,,3.0,,,,,,1.0,2.0,,,,,1.0,,0.0,,
486521,,,,,,,,3.0,,1.0,,,,,,1.0,,,,,,,,1.0,,
486530,,,,,,,,14.0,,7.0,,,,,,1.0,3.0,,,,,,,1.0,,
486558,,,,,,,,43.0,,17.0,,,,,,4.0,,,,,,,,22.0,,
486567,,,,,,,,23.0,,8.0,,,,,,7.0,,,,,,,2.0,4.0,2.0,
486576,,,,,,,,27.0,,4.0,,,,,,4.0,2.0,,1.0,,,,,9.0,,3.0
486594,,,,,,,,10.0,,4.0,,,,,,2.0,1.0,,,,,,,1.0,,
486600,,,,,,,,15.0,,4.0,,,,,,5.0,,,,,,2.0,,,,
486619,,,,,,,,4.0,,2.0,,,,,,,1.0,,,,,,,1.0,,
486691,,,,,,,,7.0,,4.0,,,,,,1.0,,,,,,,,1.0,,
486707,,,,,,,,17.0,,8.0,,,,,,4.0,,,,,,,,1.0,,
486716,,,,,,,,10.0,,4.0,,,,,,2.0,,,,,,,,1.0,,
486725,,,,,,,,1.0,,0.0,,,,,,,,,,,,,,1.0,,
486734,,,,,,,,9.0,,6.0,,,,,,1.0,,,,,,,,,,
486752,,,,,,,,10.0,,4.0,,,,,,2.0,,,,,,,,1.0,,
486770,,,,,,,,14.0,,6.0,,,,,,2.0,2.0,,,,,,2.0,1.0,,
486798,,,,,,,,76.0,,30.0,,,,,,10.0,1.0,,,,,,15.0,12.0,8.0,
486813,,,,,,,,13.0,,6.0,,,,,,1.0,,,,,,,,3.0,,
486822,,,,,,,,23.0,,12.0,,,,,,2.0,,,,,,,,5.0,,
486840,,,,,,,,3323.0,,1353.0,1.0,,,,,545.0,115.0,243.0,76.0,8.0,,141.0,8.0,589.0,73.0,
486859,,,,,,,,12.0,,7.0,,,,,,1.0,1.0,,,,,1.0,1.0,1.0,,
486868,,,,,,,,2.0,,2.0,,,,,,,,,,,,,,,,
486877,,,,,,,,3.0,,1.0,,,,,,1.0,,,,,,,,1.0,,
486886,,,,,,,,1.0,,,,,,,,,,,,,,,,1.0,,
486901,,,,,,,,254.0,,112.0,,1.0,,,,24.0,20.0,2.0,27.0,,,14.0,,18.0,4.0,
486938,,,,,,,,33.0,,14.0,,,,,,7.0,,1.0,,,,,,3.0,,
486947,,,,,,,,34.0,,17.0,,,,,,6.0,,1.0,,,,,,3.0,,
486956,,,,,,,,37.0,,16.0,,,,,,6.0,,1.0,,,,,,3.0,,
486965,,,,,,,,82.0,,53.0,,2.0,,,,,2.0,2.0,,,,,1.0,3.0,,
486983,,,,,,,,7.0,,3.0,,,,,,1.0,,,,,,,1.0,1.0,,
487010,,,,,,,,4376.0,,1371.0,98.0,,,,,193.0,154.0,323.0,35.0,1387.0,,251.0,,445.0,72.0,18.0
487047,,,,,,,,18.0,,7.0,,,,,,4.0,,,,,,,,1.0,,
487065,,,,,,,,4.0,,3.0,,,,,,,,,,,,,,1.0,,
487083,,,,,,,,13.0,,5.0,,,,,,2.0,2.0,2.0,,,,,1.0,1.0,,
487092,,,,,,,,193.0,,76.0,,,,,,14.0,5.0,14.0,13.0,2.0,,1.0,,31.0,2.0,1.0
487144,,,,,,,,4.0,,2.0,,,,,,0.0,,,,,,,,,,
487153,,,,,,,,3.0,,2.0,,,,,,0.0,,,,,,,,,,
487162,,,,,,,,355.0,,167.0,,12.0,,,,17.0,25.0,6.0,11.0,,,25.0,,56.0,,
487232,,,,,,,,8.0,,3.0,,,,,,3.0,,,,,,,,2.0,,
487250,,,,,,,,2.0,,1.0,,,,,,,,,,,,,,,,
487296,,,,,,,,112.0,,52.0,3.0,,,,,2.0,12.0,5.0,3.0,,,1.0,,8.0,2.0,
487302,,,,,,,,53.0,,24.0,,,,,,11.0,5.0,,,,,1.0,5.0,5.0,,
487311,,,,,,,,56.0,,31.0,,,,,,7.0,3.0,,,,,1.0,8.0,4.0,,
487320,,,,,,,,1598.0,,604.0,,,,,,194.0,72.0,66.0,111.0,,,126.0,8.0,233.0,68.0,8.0
487348,,,,,,,,13.0,,7.0,,,,,,2.0,1.0,,1.0,,,,2.0,,,
487357,,,,,,,,2.0,,1.0,,,,,,,,,,,,,,1.0,,
487375,,,,,,,,40.0,,29.0,,,,,,3.0,,,,,,,,8.0,,
487384,,,,,,,,36.0,,16.0,,,,,,1.0,2.0,,,,,,,16.0,,
487393,,,,,,,,33.0,,13.0,,,,,,1.0,1.0,,,,,,,18.0,,
487409,,,,,,,,32.0,,11.0,,,,,,1.0,3.0,,,,,,,17.0,,
487418,,,,,,,,48.0,,22.0,,,,,,2.0,2.0,,,,,,,22.0,,
487427,,,,,,,,26.0,,10.0,,,,,,,2.0,,,,,,,14.0,,
487436,,,,,,,,33.0,,17.0,,,,,,,1.0,,,,,,,15.0,,
487445,,,,,,,,30.0,,13.0,,,,,,1.0,2.0,,,,,,,13.0,,
487454,,,,,,,,26.0,,9.0,,,,,,1.0,2.0,,,,,,,14.0,,
487463,,,,,,,,3.0,,2.0,,,,,,,1.0,,,,,,,,,
487472,,,,,,,,51.0,,19.0,,,,,,1.0,2.0,,,,,1.0,,29.0,,
487481,,,,,,,,26.0,,10.0,,,,,,1.0,1.0,,,,,,,14.0,,
487490,,,,,,,,35.0,,12.0,,,,,,1.0,2.0,,,,,,,20.0,,
487506,,,,,,,,34.0,,11.0,,,,,,,1.0,,,,,,2.0,19.0,,
487524,,,,,,,,419.0,,141.0,2.0,,,,,62.0,21.0,17.0,39.0,4.0,,85.0,,26.0,,
487533,,,,,,,,11.0,,7.0,,,,,,,,,,,,,,1.0,,
487588,,,,,,,,22.0,,8.0,,,,,,5.0,2.0,,,,,,2.0,4.0,,
487597,,,,,,,,72.0,,35.0,,,,,,8.0,25.0,1.0,,,,,,2.0,1.0,
487603,,,,,,,,42.0,,27.0,,,,,,3.0,,,,,,,2.0,9.0,,
487621,,,,,,,,5.0,,2.0,,,,,,2.0,,,,,,,,1.0,,
487630,,,,,,,,6.0,,2.0,,,,,,1.0,1.0,,,,,1.0,,1.0,,
487649,,,,,,,,16.0,,7.0,,,,,,6.0,1.0,,1.0,,,,,1.0,,
487658,,,,,,,,10.0,,4.0,,,,,,1.0,,,,,,,2.0,3.0,,
487667,,,,,,,,58.0,,28.0,0.0,,,,,5.0,2.0,0.0,6.0,,,6.0,,2.0,1.0,
487676,,,,,,,,18.0,,8.0,,,,,,2.0,2.0,,,,,,2.0,4.0,,
487746,,,,,,,,13.0,,7.0,,,,,,3.0,,,,,,2.0,,0.0,,
487773,,,,,,,,8.0,,3.0,,,,,,3.0,,,,,,,,1.0,,
487782,,,,,,,,47.0,,11.0,,,,,,5.0,6.0,1.0,3.0,1.0,,1.0,6.0,5.0,,
487807,,,,,,,,12.0,,2.0,,,,,,2.0,1.0,,,,,3.0,,3.0,,
487816,,,,,,,,1.0,,1.0,,,,,,,,,,,,,,,,
487825,,,,,,,,6.0,,3.0,,,,,,1.0,,,,,,,1.0,1.0,,
487834,,,,,,,,8.0,,4.0,,,,,,2.0,,,,,,,,,,
487843,,,,,,,,13.0,,3.0,,,,,,,,,,,,,,4.0,,
487852,,,,,,,,2.0,,,,,,,,1.0,,,,,,,,,,
487861,,,,,,,,19.0,,9.0,,,,,,,1.0,,,,,2.0,2.0,5.0,,
487870,,,,,,,,3.0,,2.0,,,,,,,0.0,,,,,,,,,
487889,,,,,,,,6.0,,4.0,,,,,,1.0,,,,,,,,1.0,,
487898,,,,,,,,2.0,,1.0,,,,,,1.0,0.0,,,,,,,,,
487904,,,,,,,,6.0,,2.0,,,,,,1.0,,,,,,,,1.0,,
487913,,,,,,,,2.0,,1.0,,,,,,,,,,,,,,1.0,,
487922,,,,,,,,5.0,,3.0,,,,,,1.0,1.0,,,,,,,,,
487959,,,,,,,,5.0,,3.0,,,,,,,,,,,,,,2.0,,
487968,,,,,,,,14.0,,8.0,,,,,,,2.0,,,,,,,2.0,,
487977,,,,,,,,59.0,,7.0,,,,,,8.0,2.0,,1.0,,,,,1.0,,
487995,,,,,,,,28.0,,10.0,,,,,,2.0,2.0,0.0,,4.0,,2.0,,5.0,,
488004,,,,,,,,8.0,,5.0,,,,,,1.0,1.0,,,,,0.0,,1.0,,
488013,,,,,,,,17.0,,5.0,,,,,,5.0,2.0,,,,,,2.0,2.0,,
488022,,,,,,,,5.0,,2.0,,,,,,1.0,1.0,,,,,,,0.0,,
488031,,,,,,,,14.0,,2.0,,,,,,1.0,2.0,3.0,0.0,,,,4.0,,,
488040,,,,,,,,7.0,,1.0,,,,,,2.0,2.0,,,,,,,,,
488059,,,,,,,,3.0,,1.0,,,,,,1.0,,,,,,,,1.0,,
488068,,,,,,,,17.0,,9.0,,,,,,1.0,,,,,,,,1.0,,
488077,,,,,,,,63.0,,19.0,,,,,,2.0,2.0,,,,,,,2.0,,
488086,,,,,,,,14.0,,7.0,0.0,,,,,4.0,,,,,,0.0,,,,
488095,,,,,,,,5.0,,2.0,,,,,,2.0,0.0,,,,,,,0.0,,
488101,,,,,,,,15.0,,11.0,,,,,,,,,,,,1.0,,3.0,,
488110,,,,,,,,5.0,,1.0,,,,,,,2.0,,,,,,0.0,1.0,,
488129,,,,,,,,2.0,,2.0,,,,,,,,,,,,,,,,
488138,,,,,,,,9.0,,5.0,,,,,,,1.0,,,,,,,2.0,,
488147,,,,,,,,6.0,,2.0,,,,,,2.0,0.0,,,,,,,0.0,,
488156,,,,,,,,3.0,,2.0,,,,,,,,,,,,,,,,
488165,,,,,,,,3.0,,3.0,,,,,,,,,,,,,,,,
488174,,,,,,,,3.0,,1.0,,,,,,1.0,,,,,,,,0.0,,
488183,,,,,,,,6.0,,3.0,,,,,,1.0,1.0,,,,,,,0.0,,
488192,,,,,,,,4.0,,2.0,,,,,,,,,,,,,,,,
488217,,,,,,,,8.0,,2.0,,,,,,1.0,2.0,,,,,,1.0,1.0,,
488226,,,,,,,,1.0,,1.0,,,,,,1.0,,,,,,,,,,
488235,,,,,,,,4.0,,3.0,,,,,,,,,,,,,,,,
488253,,,,,,,,10.0,,3.0,,,,,,2.0,,,,,,,,1.0,,
488262,,,,,,,,4.0,,1.0,,,,,,2.0,,,,,,,,0.0,,
488271,,,,,,,,12.0,,5.0,,,,,,1.0,1.0,,,,,,,2.0,,
488280,,,,,,,,10.0,,2.0,,,,,,2.0,1.0,,,,,,,2.0,,
488299,,,,,,,,11.0,,2.0,,,,,,2.0,2.0,,,,,,,2.0,,
488305,,,,,,,,28.0,,7.0,,,,,,7.0,2.0,0.0,,,,4.0,,6.0,,
488314,,,,,,,,4.0,,4.0,,,,,,0.0,,,,,,,,,,
488323,,,,,,,,7.0,,4.0,,,,,,2.0,,,,,,,,1.0,,
488332,,,,,,,,12.0,,12.0,,,,,,,,,,,,,,,,
488341,,,,,,,,11.0,,5.0,,,,,,1.0,0.0,1.0,,,,,1.0,1.0,,
488350,,,,,,,,6.0,,4.0,,,,,,1.0,0.0,,,,,,,0.0,,
488369,,,,,,,,3.0,,1.0,,,,,,2.0,,,,,,,,,,
488378,,,,,,,,2.0,,0.0,,,,,,,1.0,,,,,,,,,
488387,,,,,,,,40.0,,10.0,1.0,,,,,13.0,1.0,3.0,,,,,,6.0,,
488396,,,,,,,,2.0,,1.0,,,,,,,,,,,,,,1.0,,
488411,,,,,,,,8.0,,4.0,,,,,,2.0,,,,,,,,2.0,,
488420,,,,,,,,11.0,,2.0,,,,,,4.0,1.0,,,,,,,3.0,,
488439,,,,,,,,7.0,,3.0,,,,,,1.0,,,,,,,,3.0,,
488448,,,,,,,,16.0,,10.0,,,,,,2.0,1.0,,,,,,,1.0,,
488527,,,,,,,,25.0,,4.0,,,,,,4.0,7.0,2.0,,,,3.0,1.0,,,
488554,,,,,,,,71.0,,29.0,,,,,,13.0,5.0,3.0,,,,,,8.0,,
488572,,,,,,,,49.0,,22.0,,,,,,10.0,1.0,2.0,1.0,,,,,5.0,,
488590,,,,,,,,2.0,,2.0,,,,,,,,,,,,,,0.0,,
488730,,,,,,,,237.0,,108.0,,,,,,8.0,6.0,13.0,6.0,,,17.0,,20.0,5.0,1.0
488749,,,,,,,,16.0,,12.0,,,,,,1.0,1.0,,,,,1.0,1.0,,,
488819,,,,,,,,28.0,,26.0,,,,,,1.0,,,,,,,,1.0,,
488846,,,,,,,,87.0,,84.0,,,,,,,,,,,,,,1.0,,
488891,,,,,,,,62.0,,31.0,,,,,,5.0,,1.0,,,,8.0,,12.0,,
488907,,,,,,,,12.0,,3.0,1.0,,,,,1.0,1.0,0.0,,,,,1.0,2.0,,
488916,,,,,,,,3.0,,1.0,,,,,,,,,,,,,,1.0,,
488925,,,,,,,,12.0,,4.0,,,,,,1.0,1.0,,,,,,2.0,4.0,,
488934,,,,,,,,899.0,,124.0,,,,,,46.0,59.0,24.0,19.0,,,51.0,,192.0,1.0,30.0
488943,,,,,,,,24.0,,15.0,,,,,,1.0,2.0,,,,,,,2.0,,
488952,,,,,,,,11.0,,5.0,,,,,,2.0,,,,,,,,1.0,,
488961,,,,,,,,11.0,,5.0,,,,,,2.0,,,,,,,,1.0,,
488970,,,,,,,,7.0,,2.0,,,,,,1.0,,,,,,,,0.0,,
488989,,,,,,,,16.0,,7.0,,,,,,2.0,,,,,,,4.0,3.0,,
488998,,,,,,,,6.0,,3.0,,,,,,,,,,,,,1.0,2.0,,
489043,,,,,,,,2.0,,2.0,,,,,,,,,,,,,,,,
489104,,,,,,,,29.0,,18.0,,,,,,2.0,,,,,,,,1.0,,
489122,,,,,,,,7.0,,3.0,,,,,,,2.0,,,,,,,,,
489131,,,,,,,,7.0,,3.0,,,,,,,2.0,,1.0,,,,,,,
489140,,,,,,,,7.0,,3.0,,,,,,,2.0,,1.0,,,,,,,
489159,,,,,,,,15.0,,10.0,,,,,,1.0,,,,,,,,1.0,,
489201,,,,,,,,228.0,,145.0,,,,,,15.0,7.0,,5.0,,,8.0,,44.0,,
489238,,,,,,,,14.0,,6.0,,,,,,1.0,1.0,,2.0,,,,2.0,2.0,,
489247,,,,,,,,8.0,,4.0,,,,,,1.0,1.0,,,,,,,2.0,,
489256,,,,,,,,27.0,,15.0,,,,,,4.0,1.0,1.0,,,,1.0,,4.0,,
489283,,,,,,,,28.0,,15.0,,,,,,2.0,,,,,,,,1.0,,
489326,,,,,,,,12.0,,2.0,,,,,,2.0,1.0,,,,,,,6.0,,
489344,,,,,,,,18.0,,5.0,,,,,,5.0,,2.0,,,,,,1.0,,
489353,,,,,,,,16.0,,3.0,,,,,,6.0,,1.0,,,,,,2.0,,
489371,,,,,,,,7.0,,3.0,,,,,,1.0,,,,,,,2.0,1.0,,
489399,,,,,,,,8.0,,4.0,,,,,,2.0,,,,,,,,0.0,,
489414,,,,,,,,34.0,,6.0,,,,,,3.0,1.0,,3.0,,,5.0,2.0,8.0,2.0,0.0
489760,,,,,,,,8.0,,5.0,,,,,,1.0,,,,,,,,2.0,,
489779,,,,,,,,24.0,,2.0,,,,,,3.0,2.0,1.0,10.0,,,,,,,
489788,,,,,,,,18.0,,2.0,,,,,,2.0,2.0,,7.0,,,,,1.0,,
489812,,,,,,,,5.0,,4.0,,,,,,,,,,,,,,1.0,,
489821,,,,,,,,12.0,,5.0,,,,,,4.0,3.0,,,,,,,,,
489830,,,,,,,,5.0,,4.0,,,,,,1.0,,,,,,,,,,
489858,,,,,,,,71.0,,37.0,,,,,,16.0,1.0,1.0,1.0,,,,,10.0,1.0,
489900,,,,,,,,3.0,,1.0,,,,,,1.0,,,,,,0.0,,0.0,,
489937,,,,,,,,78.0,,30.0,,,,,,11.0,4.0,3.0,3.0,,,4.0,2.0,8.0,,
490009,,,,,,,,9.0,,7.0,,,,,,,,,,,,,,,,
490018,,,,,,,,4.0,,1.0,,,,,,1.0,1.0,,,,,,,1.0,,
