UNITID,SALTOTL,SALPROF,SALASSC,SALASST,SALINST,SALLECT,SALNRNK,SFTETOTL,SFTEPSTC,SFTEINST,SFTERSRC,SFTEPBSV,SFTELCAI,SFTELCA,SFTEOTIS,SFTEMNGM,SFTEBFO,SFTECES,SFTECLAM,SFTEHLTH,SFTEOTHR,SFTESRVC,SFTESALE,SFTEOFAS,SFTENRCM,SFTEPTMM
100654,,,,,,,,814.0,,290.0,9.0,,,,,94.0,29.0,30.0,117.0,1.0,,45.0,1.0,160.0,22.0,7.0
100663,,,,,,,,9028.0,,2682.0,,,,,,430.0,1107.0,1855.0,314.0,393.0,,679.0,,916.0,309.0,71.0
100690,,,,,,,,71.0,,39.0,,,,,,,7.0,5.0,,,,,,10.0,2.0,
100706,,,,,,,,1463.0,,415.0,,,,,,104.0,90.0,473.0,89.0,4.0,,103.0,,160.0,13.0,1.0
100724,,,,,,,,818.0,,259.0,5.0,,,,,52.0,35.0,33.0,88.0,4.0,,99.0,4.0,97.0,37.0,6.0
100733,,,,,,,,92.0,,,,,,,,18.0,20.0,5.0,25.0,,,2.0,,22.0,,
100751,,,,,,,,6293.0,,1673.0,,,,,,582.0,573.0,510.0,588.0,246.0,,675.0,27.0,851.0,229.0,125.0
100760,,,,,,,,142.0,,63.0,,,,,,12.0,7.0,2.0,3.0,,,17.0,,23.0,,
100812,,,,,,,,274.0,,113.0,,,,,,36.0,8.0,11.0,20.0,2.0,,7.0,,35.0,9.0,2.0
100830,,,,,,,,627.0,,257.0,,6.0,,,,87.0,27.0,36.0,45.0,3.0,,27.0,,91.0,,2.0
100858,,,,,,,,5758.0,,1507.0,58.0,219.0,,,,552.0,469.0,639.0,657.0,34.0,,397.0,4.0,646.0,371.0,57.0
100937,,,,,,,,295.0,,110.0,,,,,,34.0,6.0,9.0,48.0,4.0,,17.0,1.0,34.0,9.0,1.0
101028,,,,,,,,124.0,,61.0,,,,,,13.0,2.0,1.0,4.0,,,9.0,2.0,19.0,2.0,0.0
101116,,,,,,,,49.0,,24.0,,,,,,8.0,0.0,0.0,,,,2.0,,2.0,,
101143,,,,,,,,146.0,,74.0,,,,,,7.0,7.0,3.0,3.0,,,13.0,,32.0,,
101161,,,,,,,,478.0,,265.0,,,,,,38.0,11.0,7.0,15.0,,,28.0,,48.0,4.0,
101189,,,,,,,,344.0,,163.0,,,,,,26.0,3.0,2.0,55.0,0.0,,14.0,0.0,39.0,,1.0
101240,,,,,,,,396.0,,164.0,,,,,,35.0,9.0,16.0,24.0,,,27.0,,75.0,13.0,
101277,,,,,,,,8.0,,3.0,,,,,,2.0,1.0,,,,,,,2.0,,
101286,,,,,,,,319.0,,159.0,,,,,,18.0,4.0,10.0,5.0,,,13.0,,53.0,4.0,5.0
101295,,,,,,,,345.0,,186.0,,,,,,26.0,8.0,3.0,5.0,,,20.0,,60.0,15.0,
101301,,,,,,,,167.0,,64.0,,,,,,21.0,3.0,2.0,7.0,,,13.0,,39.0,1.0,1.0
101365,,,,,,,,34.0,,19.0,,,,,,1.0,,1.0,,,,1.0,,3.0,,
101435,,,,,,,,186.0,,58.0,,,,,,20.0,5.0,5.0,47.0,1.0,,15.0,2.0,5.0,5.0,
101453,,,,,,,,30.0,,6.0,1.0,,,,,8.0,4.0,1.0,,,,3.0,,4.0,,
101462,,,,,,,,80.0,,31.0,,,,,,8.0,4.0,3.0,,,,1.0,,20.0,,
101471,,,,,,,,104.0,,34.0,,,,,,15.0,2.0,1.0,5.0,,,1.0,,18.0,2.0,
101480,,,,,,,,1015.0,,381.0,,,,,,93.0,44.0,45.0,115.0,,,137.0,,116.0,40.0,10.0
101505,,,,,,,,460.0,,201.0,,,,,,13.0,15.0,6.0,14.0,,,40.0,,107.0,4.0,
101514,,,,,,,,505.0,,223.0,,,,,,41.0,6.0,24.0,34.0,,,28.0,,109.0,8.0,
101541,,,,,,,,87.0,,36.0,,,,,,7.0,5.0,2.0,3.0,,,18.0,1.0,5.0,2.0,
101569,,,,,,,,254.0,,110.0,,,,,,25.0,3.0,5.0,13.0,,,15.0,6.0,55.0,4.0,1.0
101587,,,,,,,,475.0,,163.0,1.0,11.0,,,,45.0,19.0,12.0,50.0,,,53.0,,55.0,23.0,4.0
101602,,,,,,,,135.0,,66.0,,,,,,11.0,7.0,4.0,10.0,,,5.0,,21.0,1.0,0.0
101648,,,,,,,,111.0,,23.0,,,,,,7.0,34.0,,1.0,,,14.0,,27.0,2.0,
101675,,,,,,,,268.0,,92.0,,,,,,21.0,25.0,3.0,4.0,,,,,96.0,,
101693,,,,,,,,216.0,,99.0,,,,,,18.0,13.0,4.0,42.0,2.0,,4.0,1.0,30.0,,
101709,,,,,,,,489.0,,170.0,,,,,,43.0,20.0,15.0,77.0,5.0,,56.0,,59.0,19.0,
101736,,,,,,,,294.0,,107.0,,,,,,47.0,11.0,6.0,21.0,,,19.0,,41.0,,
101879,,,,,,,,791.0,,324.0,,,,,,62.0,34.0,27.0,51.0,11.0,,76.0,,109.0,22.0,6.0
101897,,,,,,,,191.0,,91.0,,,,,,10.0,4.0,3.0,,,,9.0,,51.0,3.0,
101912,,,,,,,,319.0,,118.0,4.0,,,,,44.0,21.0,16.0,14.0,1.0,,25.0,,49.0,10.0,1.0
101994,,,,,,,,53.0,,20.0,,,,,,6.0,2.0,1.0,,,,2.0,,17.0,2.0,
102030,,,,,,,,210.0,,85.0,,,,,,13.0,6.0,3.0,6.0,,,14.0,,62.0,7.0,
102049,,,,,,,,1030.0,,400.0,,,,,,81.0,74.0,54.0,145.0,36.0,,26.0,,161.0,20.0,
102067,,,,,,,,317.0,,125.0,,,,,,59.0,1.0,7.0,8.0,,,7.0,,84.0,23.0,
102076,,,,,,,,149.0,,70.0,,,,,,16.0,2.0,4.0,8.0,,,14.0,,30.0,1.0,
102094,,,,,,,,2196.0,,922.0,,,,,,164.0,128.0,136.0,95.0,28.0,,145.0,3.0,246.0,106.0,6.0
102234,,,,,,,,233.0,,89.0,,,,,,27.0,6.0,5.0,29.0,,,37.0,1.0,19.0,10.0,1.0
102270,,,,,,,,153.0,,48.0,,,,,,19.0,6.0,4.0,17.0,,,33.0,1.0,19.0,,
102298,,,,,,,,162.0,,51.0,,,,,,44.0,1.0,1.0,17.0,,,17.0,1.0,16.0,11.0,
102313,,,,,,,,145.0,,69.0,,,,,,13.0,3.0,3.0,,,,5.0,,37.0,6.0,
102368,,,,,,,,1671.0,,624.0,,,,,,156.0,57.0,68.0,192.0,8.0,,56.0,32.0,283.0,3.0,6.0
102377,,,,,,,,730.0,,251.0,9.0,18.0,,,,123.0,25.0,25.0,46.0,25.0,,66.0,2.0,94.0,8.0,1.0
102395,,,,,,,,40.0,,11.0,,,,,,6.0,1.0,3.0,3.0,,,,,4.0,1.0,1.0
102429,,,,,,,,339.0,,155.0,,,,,,33.0,8.0,8.0,2.0,,,31.0,,50.0,,0.0
102553,,,,,,,,1523.0,,555.0,55.0,92.0,,,,99.0,91.0,86.0,111.0,8.0,,38.0,8.0,285.0,54.0,6.0
102580,,,,,,,,11.0,,2.0,,,,,,1.0,2.0,,1.0,,,1.0,,,1.0,
102614,,,,,,,,1815.0,,374.0,371.0,91.0,,,,91.0,120.0,166.0,93.0,5.0,,59.0,0.0,260.0,94.0,30.0
102632,,,,,,,,280.0,,111.0,3.0,1.0,,,,20.0,22.0,19.0,17.0,0.0,,25.0,,45.0,11.0,
102669,,,,,,,,130.0,,66.0,,1.0,,,,12.0,5.0,6.0,10.0,,,1.0,,7.0,,
102711,,,,,,,,65.0,,24.0,,,,,,2.0,1.0,2.0,5.0,,,16.0,,5.0,,
102845,,,,,,,,237.0,,136.0,,,,,,15.0,13.0,1.0,13.0,,,2.0,24.0,33.0,,
103501,,,,,,,,34.0,,12.0,,,,,,4.0,3.0,2.0,,,,0.0,,13.0,,
103529,,,,,,,,201.0,,,,2.0,,,,54.0,57.0,38.0,6.0,,,,1.0,43.0,,
103741,,,,,,,,9.0,,6.0,,,,,,1.0,,,,,,,,1.0,,
103893,,,,,,,,62.0,,28.0,,,,,,19.0,,,,,,,,2.0,,
103909,,,,,,,,53.0,,27.0,,,,,,11.0,,,,,,,,2.0,,
103927,,,,,,,,30.0,,14.0,,,,,,8.0,,,,,,,,2.0,,
103945,,,,,,,,11.0,,2.0,,,,,,2.0,2.0,1.0,,,,,,,,
103954,,,,,,,,4.0,,2.0,,,,,,1.0,,,,,,,,1.0,,
103963,,,,,,,,41.0,,23.0,,,,,,2.0,2.0,,,,,2.0,5.0,3.0,1.0,
104090,,,,,,,,83.0,,45.0,,,,,,13.0,,,,,,,,4.0,,
104151,,,,,,,,11672.0,,3552.0,157.0,7.0,,,,1858.0,1389.0,1571.0,970.0,67.0,,278.0,27.0,1083.0,253.0,64.0
104160,,,,,,,,566.0,,169.0,6.0,7.0,,,,56.0,14.0,24.0,53.0,2.0,,63.0,,112.0,12.0,7.0
104179,,,,,,,,11381.0,,2263.0,858.0,32.0,,,,1394.0,953.0,1667.0,1001.0,330.0,,739.0,52.0,805.0,300.0,108.0
104346,,,,,,,,463.0,,143.0,,,,,,56.0,7.0,29.0,18.0,2.0,,62.0,0.0,62.0,,
104391,,,,,,,,15.0,,5.0,,,,,,2.0,1.0,,,,,,2.0,3.0,,
104425,,,,,,,,404.0,,145.0,,,,,,51.0,15.0,19.0,34.0,1.0,,28.0,,56.0,19.0,
104434,,,,,,,,2.0,,1.0,,,,,,1.0,,,,,,,,,,
104443,,,,,,,,5.0,,3.0,,,,,,1.0,,,,,,,,,,
104568,,,,,,,,27.0,,15.0,,,,,,3.0,,,,,,,4.0,4.0,0.0,
104577,,,,,,,,365.0,,138.0,,,,,,29.0,14.0,10.0,59.0,2.0,,59.0,,44.0,,
104586,,,,,,,,471.0,,155.0,,,,,,43.0,10.0,5.0,16.0,4.0,,25.0,,36.0,30.0,1.0
104665,,,,,,,,8.0,,6.0,,,,,,1.0,1.0,,,,,,,,,
104708,,,,,,,,921.0,,483.0,1.0,,,,,54.0,105.0,34.0,12.0,7.0,,47.0,,119.0,7.0,3.0
104717,,,,,,,,3424.0,,2206.0,3.0,,,,,181.0,48.0,31.0,143.0,49.0,,453.0,6.0,81.0,109.0,8.0
105136,,,,,,,,535.0,,,6.0,11.0,,,,160.0,171.0,88.0,12.0,,,15.0,,48.0,5.0,3.0
105145,,,,,,,,464.0,,202.0,2.0,,,,,50.0,75.0,9.0,3.0,1.0,,14.0,,61.0,2.0,
105154,,,,,,,,1074.0,,562.0,2.0,,,,,68.0,119.0,38.0,21.0,4.0,,31.0,,153.0,10.0,4.0
105206,,,,,,,,332.0,,137.0,,,,,,39.0,11.0,21.0,4.0,,,22.0,,74.0,,
105215,,,,,,,,54.0,,24.0,,,,,,9.0,18.0,1.0,,,,,,,2.0,
105297,,,,,,,,293.0,,72.0,,,,,,36.0,25.0,20.0,16.0,,,51.0,2.0,45.0,,
105330,,,,,,,,3118.0,,1135.0,23.0,,,,,128.0,457.0,378.0,248.0,26.0,,204.0,,176.0,62.0,37.0
105349,,,,,,,,262.0,,88.0,,,,,,23.0,18.0,20.0,19.0,,,9.0,,35.0,12.0,1.0
105367,,,,,,,,51.0,,35.0,,,,,,1.0,3.0,,,,,,7.0,1.0,,
105428,,,,,,,,706.0,,365.0,1.0,,,,,45.0,64.0,17.0,19.0,5.0,,26.0,,102.0,7.0,3.0
105525,,,,,,,,1565.0,,464.0,,,,,,95.0,95.0,114.0,33.0,2.0,,104.0,,92.0,,17.0
105534,,,,,,,,183.0,,106.0,,,,,,6.0,,,,,,,,46.0,,
105543,,,,,,,,95.0,,59.0,,,,,,3.0,,,,,,,,23.0,,
105589,,,,,,,,195.0,,105.0,,,,,,27.0,2.0,3.0,1.0,,,6.0,13.0,34.0,1.0,
105659,,,,,,,,45.0,,25.0,,,,,,8.0,,,,,,,4.0,5.0,3.0,
105668,,,,,,,,830.0,,274.0,4.0,,,,,136.0,146.0,47.0,29.0,2.0,,27.0,,98.0,4.0,4.0
105677,,,,,,,,9.0,,7.0,,,,,,,,,,,,,,,,
105747,,,,,,,,520.0,,260.0,1.0,,,,,48.0,64.0,19.0,13.0,1.0,,15.0,,52.0,8.0,2.0
105792,,,,,,,,294.0,,126.0,2.0,,,,,28.0,52.0,11.0,5.0,1.0,,17.0,,27.0,2.0,1.0
105899,,,,,,,,180.0,,46.0,,,,,,13.0,2.0,6.0,55.0,5.0,,17.0,6.0,27.0,,
106041,,,,,,,,100.0,,45.0,,,,,,11.0,39.0,1.0,,,,,,1.0,3.0,
106111,,,,,,,,6.0,,3.0,,,,,,1.0,,,,,,,,1.0,,
106148,,,,,,,,493.0,,168.0,,,,,,72.0,27.0,24.0,36.0,4.0,,38.0,,62.0,16.0,1.0
106245,,,,,,,,1229.0,,452.0,,,,,,197.0,51.0,174.0,26.0,1.0,,68.0,,74.0,7.0,3.0
106263,,,,,,,,4733.0,,219.0,321.0,6.0,,,,1053.0,266.0,233.0,208.0,557.0,,448.0,46.0,314.0,95.0,2.0
106306,,,,,,,,81.0,,16.0,,,,,,9.0,1.0,2.0,10.0,,,14.0,,12.0,,1.0
106315,,,,,,,,11.0,,5.0,,,,,,5.0,,,,,,,,0.0,,
106324,,,,,,,,4.0,,2.0,,,,,,1.0,1.0,,,,,,,,,
106342,,,,,,,,186.0,,58.0,,,,,,13.0,10.0,3.0,44.0,2.0,,25.0,,14.0,,2.0
106351,,,,,,,,10.0,,5.0,,,,,,1.0,2.0,,,,,1.0,,1.0,,
106360,,,,,,,,3.0,,2.0,,,,,,1.0,,,,,,,,,,
106397,,,,,,,,5080.0,,1329.0,20.0,69.0,,,,519.0,711.0,830.0,91.0,46.0,,315.0,6.0,608.0,84.0,53.0
106412,,,,,,,,630.0,,169.0,17.0,29.0,,,,41.0,28.0,30.0,71.0,2.0,,69.0,,117.0,18.0,5.0
106449,,,,,,,,303.0,,120.0,,,,,,28.0,13.0,12.0,36.0,,,11.0,2.0,51.0,11.0,
106458,,,,,,,,1695.0,,598.0,,,,,,221.0,263.0,69.0,97.0,7.0,,111.0,2.0,141.0,98.0,5.0
106467,,,,,,,,954.0,,441.0,,,,,,65.0,38.0,41.0,70.0,7.0,,87.0,1.0,134.0,24.0,
106485,,,,,,,,391.0,,165.0,,,,,,15.0,10.0,16.0,29.0,1.0,,35.0,5.0,76.0,26.0,5.0
106494,,,,,,,,4.0,,3.0,,,,,,1.0,,,,,,,,,,
106546,,,,,,,,86.0,,60.0,,,,,,8.0,,2.0,1.0,,,0.0,1.0,12.0,0.0,
106625,,,,,,,,161.0,,71.0,,,,,,5.0,6.0,7.0,15.0,,,17.0,,20.0,,
106704,,,,,,,,1412.0,,576.0,,,,,,143.0,37.0,66.0,108.0,9.0,,136.0,,161.0,68.0,9.0
106713,,,,,,,,112.0,,52.0,,,,,,16.0,4.0,2.0,10.0,,,10.0,,6.0,,2.0
106795,,,,,,,,134.0,,56.0,,2.0,,,,5.0,9.0,3.0,4.0,,,6.0,,5.0,9.0,
106810,,,,,,,,48.0,,18.0,,,,,,8.0,2.0,,10.0,,,1.0,,2.0,3.0,
106883,,,,,,,,143.0,,57.0,,,,,,6.0,7.0,6.0,7.0,,,14.0,1.0,16.0,,
106892,,,,,,,,12.0,,6.0,,,,,,1.0,2.0,,,,,,1.0,2.0,,
106908,,,,,,,,37.0,,15.0,,,,,,9.0,,,,,,6.0,5.0,,,
106980,,,,,,,,228.0,,104.0,,,,,,24.0,21.0,19.0,26.0,,,11.0,2.0,11.0,,
106999,,,,,,,,121.0,,61.0,1.0,,,,,19.0,5.0,5.0,3.0,,,2.0,1.0,19.0,1.0,
107044,,,,,,,,866.0,,342.0,,,,,,45.0,65.0,32.0,55.0,5.0,,48.0,,133.0,36.0,6.0
107071,,,,,,,,413.0,,192.0,,,,,,25.0,18.0,13.0,68.0,2.0,,12.0,,65.0,5.0,
107080,,,,,,,,369.0,,108.0,,,,,,32.0,22.0,9.0,44.0,1.0,,92.0,2.0,32.0,9.0,7.0
107099,,,,,,,,4.0,,3.0,,,,,,,,,,,,,,,,
107123,,,,,,,,7.0,,4.0,,,,,,1.0,,,,,,,,2.0,,
107141,,,,,,,,335.0,,105.0,,,,,,35.0,17.0,14.0,55.0,2.0,,34.0,,35.0,9.0,2.0
107220,,,,,,,,35.0,,21.0,,,,,,9.0,,,,,,,,5.0,,
107293,,,,,,,,7.0,,3.0,,,,,,1.0,1.0,,,,,,,2.0,,
107318,,,,,,,,153.0,,55.0,,,,,,22.0,11.0,4.0,27.0,,,8.0,,14.0,4.0,0.0
107327,,,,,,,,177.0,,48.0,,,,,,18.0,2.0,6.0,40.0,,,24.0,,25.0,,1.0
107442,,,,,,,,5.0,,3.0,,,,,,1.0,,,,,,,,1.0,,
107460,,,,,,,,228.0,,83.0,,,,,,25.0,13.0,6.0,13.0,1.0,,15.0,,22.0,8.0,
107488,,,,,,,,64.0,,32.0,,,,,,12.0,1.0,2.0,,,,,,9.0,3.0,
107512,,,,,,,,321.0,,117.0,,,,,,26.0,12.0,12.0,50.0,4.0,,39.0,,27.0,22.0,1.0
107521,,,,,,,,118.0,,42.0,,,,,,21.0,6.0,6.0,8.0,,,1.0,,18.0,5.0,
107549,,,,,,,,115.0,,49.0,,,,,,7.0,4.0,2.0,1.0,2.0,,,,5.0,13.0,
107558,,,,,,,,169.0,,52.0,,,,,,23.0,4.0,2.0,24.0,2.0,,4.0,,16.0,19.0,
107585,,,,,,,,170.0,,66.0,,,,,,21.0,4.0,4.0,4.0,,,6.0,,22.0,13.0,
107600,,,,,,,,159.0,,59.0,,,,,,14.0,16.0,4.0,7.0,1.0,,26.0,1.0,16.0,,
107619,,,,,,,,186.0,,60.0,1.0,,,,,18.0,10.0,4.0,4.0,,,26.0,,36.0,,
107637,,,,,,,,144.0,,55.0,,,,,,20.0,4.0,3.0,12.0,,,8.0,2.0,29.0,5.0,
107655,,,,,,,,3.0,,2.0,,,,,,,,,,,,,,,,
107664,,,,,,,,398.0,,223.0,,,,,,23.0,21.0,14.0,,,,14.0,,46.0,10.0,
107725,,,,,,,,139.0,,56.0,,,,,,14.0,,2.0,,,,3.0,,24.0,,
107743,,,,,,,,106.0,,30.0,,,,,,5.0,2.0,4.0,11.0,,,11.0,1.0,13.0,,
107789,,,,,,,,8.0,,4.0,,,,,,1.0,,,,,,,0.0,2.0,,
107831,,,,,,,,6.0,,3.0,,,,,,2.0,1.0,,,,,,,,,
107840,,,,,,,,58.0,,32.0,,,,,,4.0,3.0,1.0,1.0,,,4.0,,4.0,1.0,
107877,,,,,,,,124.0,,37.0,,,,,,12.0,9.0,2.0,17.0,3.0,,19.0,6.0,8.0,4.0,2.0
107974,,,,,,,,162.0,,61.0,,,,,,13.0,8.0,3.0,1.0,,,5.0,2.0,26.0,11.0,
107983,,,,,,,,407.0,,182.0,,11.0,,,,36.0,11.0,13.0,16.0,4.0,,21.0,,63.0,13.0,
107992,,,,,,,,169.0,,64.0,,,,,,19.0,3.0,5.0,6.0,,,21.0,,29.0,6.0,
108056,,,,,,,,74.0,,,,,,,,7.0,15.0,29.0,10.0,,,3.0,,10.0,,
108065,,,,,,,,3.0,,2.0,,,,,,1.0,,,,,,,,,,
108092,,,,,,,,553.0,,262.0,,,,,,21.0,52.0,26.0,28.0,,,16.0,,47.0,17.0,
108232,,,,,,,,1115.0,,402.0,,,,,,140.0,78.0,38.0,114.0,,,36.0,3.0,83.0,4.0,38.0
108269,,,,,,,,25.0,,9.0,,6.0,,,,3.0,0.0,,,,,,,6.0,,
108667,,,,,,,,161.0,,92.0,,,,,,16.0,12.0,3.0,6.0,,,9.0,,14.0,,
108807,,,,,,,,581.0,,292.0,,,,,,33.0,56.0,17.0,37.0,2.0,,45.0,,72.0,,
108852,,,,,,,,47.0,,20.0,,,,,,10.0,4.0,1.0,1.0,,,1.0,4.0,5.0,,
108861,,,,,,,,18.0,,7.0,,,,,,2.0,2.0,,,,,0.0,,1.0,2.0,
108870,,,,,,,,278.0,,46.0,,,,,,44.0,16.0,6.0,82.0,,,24.0,,28.0,2.0,4.0
108977,,,,,,,,15.0,,7.0,,,,,,2.0,2.0,,,,,,1.0,1.0,,
109040,,,,,,,,106.0,,39.0,,,,,,26.0,4.0,1.0,3.0,,,,,21.0,1.0,
109086,,,,,,,,72.0,,11.0,2.0,,,,,9.0,5.0,2.0,8.0,,,7.0,8.0,18.0,,
109208,,,,,,,,870.0,,538.0,,,,,,33.0,20.0,17.0,32.0,1.0,,34.0,,124.0,,
109350,,,,,,,,697.0,,375.0,,,,,,48.0,22.0,12.0,14.0,,,55.0,1.0,125.0,,4.0
109651,,,,,,,,556.0,,246.0,,,,,,124.0,20.0,25.0,30.0,,,11.0,,58.0,1.0,24.0
109721,,,,,,,,12.0,,2.0,,,,,,1.0,1.0,,,,,1.0,3.0,,,
109730,,,,,,,,4.0,,1.0,,,,,,0.0,1.0,,,,,,1.0,,,
109785,,,,,,,,1489.0,,655.0,5.0,,,,,52.0,112.0,94.0,110.0,18.0,,74.0,2.0,218.0,21.0,9.0
109819,,,,,,,,794.0,,467.0,,,,,,79.0,26.0,7.0,36.0,1.0,,41.0,,92.0,,
109907,,,,,,,,187.0,,87.0,3.0,,,,,27.0,12.0,6.0,,1.0,,6.0,,9.0,3.0,
109934,,,,,,,,26.0,,13.0,,,,,,1.0,,,,,,,,3.0,0.0,
110060,,,,,,,,40.0,,25.0,,,,,,2.0,1.0,1.0,3.0,,,,,,,
110097,,,,,,,,885.0,,212.0,,,,,,138.0,18.0,48.0,74.0,13.0,,44.0,,273.0,31.0,5.0
110194,,,,,,,,20.0,,13.0,,,,,,5.0,,,,,,,,2.0,,
110219,,,,,,,,147.0,,35.0,,,,,,24.0,9.0,3.0,,,,,,2.0,,
110246,,,,,,,,717.0,,330.0,,,,,,101.0,13.0,26.0,9.0,,,58.0,,178.0,,
110316,,,,,,,,226.0,,104.0,,,,,,33.0,14.0,9.0,4.0,,,,,35.0,1.0,
110334,,,,,,,,562.0,,297.0,,,,,,45.0,36.0,15.0,19.0,,,36.0,,97.0,,
110361,,,,,,,,1093.0,,517.0,,,,,,68.0,55.0,37.0,127.0,5.0,,45.0,10.0,113.0,36.0,19.0
110370,,,,,,,,470.0,,197.0,2.0,28.0,,,,57.0,25.0,36.0,20.0,,,24.0,,45.0,10.0,10.0
110398,,,,,,,,263.0,,94.0,17.0,,,,,26.0,21.0,13.0,22.0,1.0,,,,26.0,,4.0
110404,,,,,,,,3117.0,,369.0,600.0,,,,,316.0,266.0,691.0,92.0,6.0,,271.0,,332.0,127.0,10.0
110413,,,,,,,,684.0,,274.0,,,,,,62.0,21.0,20.0,85.0,2.0,,55.0,,93.0,13.0,
110422,,,,,,,,2529.0,,1009.0,2.0,,,,,95.0,276.0,196.0,282.0,38.0,,209.0,,216.0,113.0,36.0
110468,,,,,,,,396.0,,193.0,,3.0,,,,43.0,20.0,12.0,1.0,7.0,,6.0,,26.0,2.0,
110486,,,,,,,,1058.0,,453.0,,,,,,42.0,101.0,58.0,163.0,14.0,,57.0,,107.0,25.0,3.0
110495,,,,,,,,1052.0,,470.0,,,,,,37.0,124.0,65.0,100.0,12.0,,49.0,,129.0,29.0,11.0
110501,,,,,,,,670.0,,,,,,,,70.0,308.0,201.0,45.0,,,9.0,,28.0,4.0,4.0
110510,,,,,,,,1744.0,,660.0,,,,,,50.0,199.0,130.0,205.0,12.0,,109.0,,272.0,35.0,19.0
110529,,,,,,,,2103.0,,917.0,,,,,,78.0,260.0,131.0,213.0,22.0,,140.0,,199.0,68.0,15.0
110538,,,,,,,,1607.0,,646.0,,,,,,51.0,136.0,118.0,179.0,23.0,,119.0,,202.0,69.0,18.0
110547,,,,,,,,1366.0,,596.0,,,,,,47.0,149.0,76.0,170.0,10.0,,79.0,,144.0,34.0,14.0
110556,,,,,,,,2057.0,,1004.0,,,,,,51.0,190.0,113.0,240.0,16.0,,129.0,,173.0,66.0,15.0
110565,,,,,,,,2928.0,,1351.0,,,,,,81.0,366.0,197.0,288.0,30.0,,144.0,,301.0,67.0,30.0
110574,,,,,,,,1403.0,,538.0,0.0,,,,,43.0,204.0,89.0,179.0,11.0,,85.0,,160.0,31.0,16.0
110583,,,,,,,,3178.0,,1494.0,1.0,,,,,62.0,322.0,191.0,333.0,28.0,,170.0,,357.0,98.0,25.0
110592,,,,,,,,2058.0,,981.0,,,,,,63.0,214.0,116.0,166.0,16.0,,117.0,,251.0,65.0,14.0
110608,,,,,,,,2957.0,,1252.0,11.0,,,,,75.0,379.0,212.0,315.0,23.0,,177.0,,317.0,93.0,24.0
110617,,,,,,,,2552.0,,1116.0,1.0,,,,,78.0,308.0,161.0,279.0,19.0,,138.0,,291.0,54.0,27.0
110635,,,,,,,,10936.0,,2132.0,1353.0,43.0,,,,673.0,1791.0,1072.0,555.0,171.0,,835.0,,945.0,238.0,58.0
110644,,,,,,,,12725.0,,2827.0,1380.0,10.0,,,,566.0,1326.0,1807.0,484.0,708.0,,1143.0,8.0,1350.0,319.0,79.0
110653,,,,,,,,8629.0,,2265.0,901.0,9.0,,,,449.0,1325.0,805.0,282.0,428.0,,638.0,2.0,742.0,156.0,60.0
110662,,,,,,,,23235.0,,4524.0,1262.0,25.0,,,,1099.0,4903.0,2081.0,648.0,1836.0,,2760.0,20.0,2508.0,468.0,239.0
110671,,,,,,,,4158.0,,1104.0,367.0,5.0,,,,238.0,519.0,305.0,146.0,105.0,,375.0,3.0,440.0,123.0,32.0
110680,,,,,,,,14959.0,,3010.0,1466.0,21.0,,,,564.0,1778.0,2292.0,598.0,1127.0,,1459.0,12.0,1446.0,289.0,105.0
110699,,,,,,,,12510.0,,3083.0,1809.0,,,,,666.0,1708.0,2041.0,602.0,719.0,,539.0,8.0,1067.0,57.0,87.0
110705,,,,,,,,4847.0,,1147.0,473.0,1.0,,,,349.0,539.0,468.0,151.0,83.0,,490.0,3.0,536.0,143.0,62.0
110714,,,,,,,,3573.0,,765.0,312.0,,,,,242.0,430.0,368.0,86.0,55.0,,387.0,2.0,413.0,89.0,43.0
110778,,,,,,,,47.0,,21.0,,,,,,8.0,2.0,1.0,,,,1.0,,1.0,,
110875,,,,,,,,9.0,,4.0,,,,,,2.0,1.0,,,,,,,1.0,,
110918,,,,,,,,10.0,,4.0,,,,,,1.0,0.0,,,,,0.0,1.0,0.0,,
111045,,,,,,,,8.0,,6.0,,,,,,1.0,,,,,,,,,,
111054,,,,,,,,14.0,,7.0,,,,,,1.0,1.0,,,,,,,5.0,,
111081,,,,,,,,401.0,,181.0,,,,,,74.0,7.0,9.0,34.0,0.0,,26.0,,52.0,4.0,
111188,,,,,,,,291.0,,71.0,,,,,,27.0,54.0,17.0,29.0,2.0,,46.0,1.0,18.0,9.0,7.0
111391,,,,,,,,161.0,,51.0,,,,,,20.0,16.0,7.0,23.0,,,1.0,,31.0,3.0,
111434,,,,,,,,227.0,,122.0,,,,,,12.0,7.0,,8.0,,,2.0,,68.0,,
111461,,,,,,,,839.0,,415.0,3.0,26.0,,,,58.0,55.0,41.0,25.0,6.0,,47.0,,37.0,17.0,7.0
111513,,,,,,,,16.0,,8.0,,,,,,1.0,1.0,,,,,1.0,1.0,3.0,,
111638,,,,,,,,32.0,,12.0,,,,,,3.0,3.0,1.0,,,,1.0,,12.0,,
111708,,,,,,,,15.0,,9.0,,,,,,1.0,,,,,,0.0,1.0,1.0,,
111717,,,,,,,,71.0,,14.0,,,,,,19.0,14.0,2.0,5.0,,,5.0,1.0,6.0,,
111726,,,,,,,,22.0,,10.0,,,,,,2.0,,,,,,1.0,1.0,2.0,,
111744,,,,,,,,15.0,,8.0,,,,,,1.0,,,,,,0.0,1.0,,,
111762,,,,,,,,11.0,,5.0,,,,,,1.0,,,,,,0.0,1.0,,,
111799,,,,,,,,11.0,,6.0,,,,,,1.0,,,,,,,,,,
111887,,,,,,,,828.0,,475.0,,,,,,51.0,19.0,17.0,2.0,2.0,,59.0,,169.0,,
111896,,,,,,,,186.0,,99.0,,,,,,20.0,2.0,3.0,7.0,,,14.0,,22.0,,
111920,,,,,,,,481.0,,308.0,,,,,,26.0,11.0,3.0,39.0,,,0.0,,75.0,,
111939,,,,,,,,838.0,,500.0,,,,,,39.0,38.0,26.0,18.0,1.0,,38.0,,172.0,,
111948,,,,,,,,1742.0,,754.0,6.0,,,,,148.0,121.0,157.0,148.0,13.0,,50.0,,192.0,27.0,14.0
111966,,,,,,,,402.0,,143.0,46.0,4.0,,,,34.0,32.0,13.0,17.0,2.0,,22.0,,44.0,,
112075,,,,,,,,402.0,,168.0,,,,,,47.0,11.0,9.0,49.0,4.0,,9.0,18.0,36.0,,
112084,,,,,,,,114.0,,52.0,1.0,,,,,7.0,2.0,,16.0,3.0,,,,3.0,,1.0
112127,,,,,,,,30.0,,12.0,,,,,,4.0,1.0,,3.0,,,,,6.0,3.0,
112172,,,,,,,,529.0,,259.0,2.0,,,,,36.0,27.0,18.0,18.0,2.0,,65.0,,40.0,,
112181,,,,,,,,17.0,,8.0,,,,,,1.0,1.0,,,,,,1.0,5.0,1.0,
112190,,,,,,,,1375.0,,745.0,,,,,,54.0,81.0,29.0,5.0,5.0,,102.0,,293.0,,
112251,,,,,,,,323.0,,128.0,5.0,,,,,39.0,61.0,13.0,,3.0,,,,45.0,,
112260,,,,,,,,462.0,,173.0,,,,,,34.0,52.0,23.0,36.0,5.0,,45.0,,60.0,4.0,1.0
112288,,,,,,,,44.0,,27.0,,,,,,3.0,,,,,,,5.0,8.0,1.0,
112367,,,,,,,,26.0,,9.0,,,,,,2.0,2.0,1.0,,,,3.0,,7.0,,
112376,,,,,,,,112.0,,,,,,,,27.0,38.0,22.0,1.0,,,1.0,,21.0,,
112385,,,,,,,,293.0,,129.0,,,,,,26.0,20.0,5.0,11.0,,,16.0,,73.0,,
112394,,,,,,,,76.0,,32.0,,,,,,17.0,2.0,3.0,2.0,,,2.0,10.0,6.0,,
112455,,,,,,,,10.0,,6.0,,,,,,2.0,1.0,,,,,,,,,
112525,,,,,,,,1209.0,,336.0,28.0,,,,,174.0,27.0,155.0,6.0,16.0,,67.0,,372.0,,
112561,,,,,,,,153.0,,71.0,,,,,,21.0,4.0,2.0,8.0,,,7.0,,33.0,,
112570,,,,,,,,93.0,,45.0,,,,,,6.0,10.0,3.0,,1.0,,1.0,,9.0,2.0,2.0
112686,,,,,,,,331.0,,149.0,,,,,,29.0,16.0,11.0,35.0,1.0,,32.0,,22.0,,1.0
112817,,,,,,,,84.0,,,,,,,,24.0,27.0,14.0,,,,,,19.0,,
112826,,,,,,,,272.0,,158.0,,,,,,22.0,7.0,3.0,10.0,,,12.0,,55.0,,
113096,,,,,,,,457.0,,276.0,,,,,,19.0,9.0,8.0,12.0,,,23.0,,71.0,,
113111,,,,,,,,301.0,,184.0,4.0,,,,,20.0,2.0,14.0,2.0,,,21.0,,22.0,3.0,
113193,,,,,,,,491.0,,235.0,,,,,,31.0,19.0,17.0,21.0,1.0,,35.0,,122.0,,
113218,,,,,,,,372.0,,179.0,,,,,,25.0,5.0,,23.0,3.0,,33.0,,66.0,,
113236,,,,,,,,622.0,,349.0,,24.0,,,,31.0,11.0,7.0,20.0,4.0,,58.0,7.0,46.0,14.0,1.0
113333,,,,,,,,676.0,,401.0,,,,,,29.0,24.0,1.0,32.0,3.0,,28.0,,122.0,,
113449,,,,,,,,14.0,,9.0,,,,,,1.0,3.0,1.0,,,,,,,,
113537,,,,,,,,12.0,,4.0,,,,,,5.0,1.0,,1.0,,,,,,,
113573,,,,,,,,572.0,,254.0,,,,,,57.0,28.0,16.0,12.0,,,43.0,,137.0,,
113582,,,,,,,,23.0,,11.0,,,,,,2.0,3.0,,,,,,,,,
113634,,,,,,,,697.0,,451.0,,,,,,41.0,12.0,7.0,21.0,,,24.0,,131.0,,
113698,,,,,,,,381.0,,168.0,0.0,,,,,63.0,12.0,15.0,34.0,5.0,,6.0,,26.0,8.0,
113704,,,,,,,,23.0,,13.0,,,,,,3.0,2.0,,,,,,,2.0,,
113856,,,,,,,,943.0,,524.0,,,,,,24.0,13.0,10.0,40.0,1.0,,104.0,,191.0,,
113980,,,,,,,,959.0,,487.0,,,,,,62.0,58.0,29.0,38.0,,,87.0,,172.0,,
114114,,,,,,,,39.0,,18.0,,,,,,2.0,2.0,,,,,,,11.0,,
114123,,,,,,,,51.0,,27.0,,,,,,9.0,,1.0,,,,1.0,,7.0,1.0,
114266,,,,,,,,314.0,,187.0,,,,,,20.0,8.0,7.0,8.0,,,28.0,,46.0,,
114354,,,,,,,,264.0,,86.0,,,,,,51.0,11.0,23.0,14.0,0.0,,8.0,4.0,55.0,,1.0
114390,,,,,,,,29.0,,9.0,,,,,,4.0,,2.0,3.0,0.0,,1.0,1.0,7.0,,
114433,,,,,,,,136.0,,52.0,1.0,,,,,17.0,8.0,5.0,5.0,,,4.0,,16.0,8.0,
114460,,,,,,,,35.0,,16.0,,,,,,7.0,,,,,,2.0,3.0,7.0,,
114549,,,,,,,,166.0,,89.0,,,,,,22.0,5.0,5.0,2.0,,,1.0,,18.0,,
114585,,,,,,,,48.0,,21.0,,,,,,5.0,1.0,,3.0,,,,,17.0,,
114637,,,,,,,,8.0,,6.0,,,,,,1.0,,,,,,,,1.0,,
114716,,,,,,,,436.0,,292.0,,,,,,33.0,13.0,1.0,23.0,,,5.0,,48.0,,
114734,,,,,,,,11.0,,2.0,,,,,,,5.0,,,,,,,2.0,,
114761,,,,,,,,5.0,,3.0,,,,,,1.0,,,,,,,,1.0,,
114789,,,,,,,,999.0,,551.0,,,,,,70.0,85.0,,63.0,,,81.0,,125.0,,
114813,,,,,,,,598.0,,295.0,,,,,,56.0,24.0,18.0,80.0,5.0,,23.0,,58.0,9.0,
114831,,,,,,,,194.0,,1.0,,,,,,32.0,43.0,52.0,1.0,,,46.0,,15.0,,
114840,,,,,,,,285.0,,48.0,1.0,,,,,102.0,11.0,11.0,29.0,,,10.0,,44.0,,
114859,,,,,,,,837.0,,509.0,,,,,,40.0,22.0,13.0,34.0,3.0,,57.0,,102.0,3.0,
114938,,,,,,,,262.0,,132.0,1.0,,,,,22.0,10.0,12.0,6.0,2.0,,21.0,,25.0,3.0,1.0
114947,,,,,,,,117.0,,27.0,,,,,,25.0,,11.0,,,,,,24.0,,5.0
115001,,,,,,,,735.0,,377.0,,,,,,62.0,30.0,12.0,16.0,2.0,,45.0,,147.0,1.0,
115010,,,,,,,,60.0,,40.0,,,,,,1.0,4.0,,,,,,6.0,3.0,,
115083,,,,,,,,294.0,,122.0,,,,,,48.0,9.0,15.0,9.0,,,2.0,,32.0,,
115126,,,,,,,,430.0,,227.0,,,,,,41.0,19.0,7.0,10.0,1.0,,40.0,,75.0,,
115214,,,,,,,,52.0,,11.0,0.0,,,,,18.0,3.0,1.0,,,,2.0,,5.0,,
115287,,,,,,,,155.0,,,,,,,,34.0,33.0,23.0,,,,27.0,,38.0,,
115296,,,,,,,,699.0,,400.0,,,,,,37.0,20.0,12.0,21.0,3.0,,44.0,,101.0,,
115357,,,,,,,,7.0,,5.0,,,,,,1.0,,,,,,,,1.0,,
115393,,,,,,,,395.0,,192.0,,,,,,52.0,16.0,18.0,4.0,,,40.0,,59.0,,
115409,,,,,,,,335.0,,105.0,,,,,,36.0,28.0,22.0,2.0,1.0,,80.0,,31.0,,
115658,,,,,,,,9.0,,5.0,,,,,,1.0,1.0,,,,,,,2.0,,
115728,,,,,,,,231.0,,88.0,1.0,,,,,30.0,15.0,4.0,39.0,3.0,,,,17.0,,
115746,,,,,,,,193.0,,86.0,,,,,,17.0,3.0,6.0,1.0,,,14.0,1.0,14.0,4.0,7.0
115755,,,,,,,,940.0,,349.0,,,,,,27.0,125.0,69.0,124.0,14.0,,53.0,,97.0,36.0,12.0
115773,,,,,,,,72.0,,40.0,,,,,,13.0,,1.0,,,,8.0,,2.0,,
115861,,,,,,,,384.0,,191.0,,,,,,32.0,13.0,12.0,21.0,,,30.0,,64.0,,
115931,,,,,,,,34.0,,16.0,,,,,,4.0,1.0,,,,,,,1.0,1.0,
116226,,,,,,,,14.0,,8.0,,,,,,1.0,0.0,,,,,,,,,
116350,,,,,,,,18.0,,11.0,,,,,,2.0,3.0,,,,,,,2.0,,
116439,,,,,,,,502.0,,279.0,,,,,,36.0,14.0,7.0,9.0,2.0,,39.0,,110.0,,
116563,,,,,,,,17.0,,12.0,,,,,,,,,,,,,,2.0,,
116846,,,,,,,,120.0,,21.0,,,,,,39.0,8.0,1.0,,0.0,,21.0,1.0,8.0,8.0,
117052,,,,,,,,402.0,,270.0,,,,,,25.0,18.0,,17.0,,,20.0,,36.0,,
117104,,,,,,,,94.0,,41.0,,,,,,11.0,3.0,0.0,9.0,0.0,,1.0,2.0,4.0,,
117140,,,,,,,,731.0,,345.0,,,,,,108.0,57.0,26.0,37.0,7.0,,12.0,,78.0,7.0,
117168,,,,,,,,163.0,,93.0,,,,,,8.0,6.0,7.0,2.0,,,4.0,,17.0,,
117195,,,,,,,,162.0,,78.0,,,,,,24.0,4.0,6.0,2.0,,,4.0,,16.0,2.0,
117238,,,,,,,,9.0,,5.0,,,,,,1.0,1.0,,,,,,,1.0,,
117247,,,,,,,,299.0,,164.0,,,,,,16.0,21.0,5.0,18.0,,,17.0,,42.0,,
117274,,,,,,,,142.0,,62.0,,,,,,20.0,4.0,2.0,13.0,,,12.0,,23.0,,
117283,,,,,,,,17.0,,3.0,,,,,,5.0,2.0,,,,,1.0,,4.0,,
117520,,,,,,,,150.0,,54.0,3.0,,,,,28.0,6.0,1.0,7.0,4.0,,5.0,3.0,32.0,3.0,
117557,,,,,,,,47.0,,16.0,,,,,,9.0,3.0,2.0,,,,,,14.0,,
117575,,,,,,,,23.0,,11.0,,,,,,4.0,,,,,,0.0,,6.0,,
117627,,,,,,,,289.0,,132.0,,0.0,,,,58.0,8.0,4.0,8.0,1.0,,32.0,3.0,32.0,5.0,1.0
117636,,,,,,,,1378.0,,400.0,43.0,5.0,,,,178.0,51.0,68.0,11.0,216.0,,87.0,,255.0,55.0,1.0
117645,,,,,,,,1086.0,,548.0,,,,,,72.0,35.0,24.0,45.0,6.0,,86.0,,228.0,,
117672,,,,,,,,177.0,,90.0,,,,,,27.0,13.0,,,,,10.0,,15.0,,
117681,,,,,,,,292.0,,12.0,,,,,,39.0,78.0,59.0,,,,,,77.0,,
117690,,,,,,,,308.0,,168.0,,,,,,14.0,8.0,5.0,5.0,,,35.0,,55.0,,
117706,,,,,,,,658.0,,375.0,,,,,,14.0,7.0,12.0,10.0,,,87.0,,130.0,,
117715,,,,,,,,280.0,,147.0,,,,,,15.0,4.0,3.0,4.0,,,35.0,,57.0,,
117724,,,,,,,,528.0,,280.0,,,,,,20.0,12.0,11.0,21.0,,,72.0,,94.0,,
117733,,,,,,,,558.0,,313.0,,,,,,18.0,20.0,10.0,13.0,,,57.0,,99.0,,
117751,,,,,,,,293.0,,102.0,,,,,,8.0,13.0,14.0,17.0,1.0,,12.0,15.0,31.0,8.0,2.0
117788,,,,,,,,568.0,,285.0,,,,,,22.0,8.0,10.0,22.0,,,68.0,,124.0,,
117803,,,,,,,,47.0,,26.0,1.0,,,,,6.0,,1.0,,,,,,2.0,,
117867,,,,,,,,342.0,,177.0,,,,,,10.0,9.0,9.0,6.0,,,41.0,,65.0,,
117894,,,,,,,,342.0,,209.0,,,,,,26.0,10.0,5.0,17.0,,,14.0,,57.0,,
117900,,,,,,,,282.0,,,,,,,,37.0,62.0,35.0,5.0,2.0,,77.0,,55.0,,
117946,,,,,,,,1897.0,,751.0,,,,,,261.0,210.0,101.0,149.0,13.0,,89.0,,220.0,27.0,8.0
117955,,,,,,,,51.0,,24.0,,,,,,3.0,1.0,1.0,,,,15.0,,5.0,1.0,
118134,,,,,,,,9.0,,4.0,,,,,,1.0,1.0,,,,,,1.0,2.0,,
118143,,,,,,,,8.0,,4.0,,,,,,1.0,1.0,,,,,0.0,1.0,1.0,,
118161,,,,,,,,23.0,,7.0,,,,,,2.0,1.0,,,,,,,5.0,,
118198,,,,,,,,78.0,,42.0,,,,,,11.0,1.0,2.0,,,,3.0,,2.0,,
118347,,,,,,,,366.0,,169.0,,,,,,40.0,31.0,10.0,14.0,,,29.0,,58.0,,
118541,,,,,,,,121.0,,31.0,,,,,,15.0,5.0,2.0,31.0,3.0,,14.0,,11.0,,4.0
118684,,,,,,,,211.0,,107.0,,,,,,24.0,,6.0,,,,19.0,,51.0,,
118693,,,,,,,,128.0,,44.0,,,,,,4.0,9.0,3.0,9.0,,,,,2.0,7.0,
118718,,,,,,,,594.0,,296.0,,,,,,50.0,51.0,12.0,41.0,2.0,,43.0,,62.0,,
118772,,,,,,,,189.0,,108.0,,,,,,11.0,14.0,2.0,8.0,,,7.0,,26.0,,
118888,,,,,,,,353.0,,109.0,3.0,14.0,,,,39.0,39.0,26.0,32.0,,,29.0,,36.0,1.0,0.0
118912,,,,,,,,718.0,,355.0,,,,,,35.0,60.0,26.0,40.0,1.0,,51.0,,87.0,,
118930,,,,,,,,337.0,,212.0,,,,,,25.0,10.0,5.0,24.0,1.0,,2.0,,53.0,,
118958,,,,,,,,5.0,,3.0,,,,,,1.0,1.0,,,,,,,,,
118976,,,,,,,,638.0,,359.0,,,,,,41.0,40.0,5.0,10.0,5.0,,11.0,,152.0,,
118994,,,,,,,,17.0,,9.0,,,,,,1.0,2.0,,,,,,,1.0,,
119058,,,,,,,,191.0,,79.0,,,,,,38.0,16.0,8.0,4.0,,,4.0,,33.0,,
119067,,,,,,,,362.0,,194.0,,,,,,13.0,15.0,9.0,7.0,1.0,,29.0,,76.0,,
119137,,,,,,,,443.0,,266.0,,,,,,17.0,17.0,,12.0,1.0,,37.0,,71.0,,
119164,,,,,,,,1298.0,,592.0,,,,,,113.0,20.0,45.0,20.0,5.0,,110.0,,381.0,,
119173,,,,,,,,516.0,,222.0,,,,,,110.0,18.0,12.0,,12.0,,34.0,,45.0,7.0,5.0
119216,,,,,,,,813.0,,472.0,2.0,,,,,51.0,17.0,25.0,32.0,,,62.0,1.0,113.0,,1.0
119270,,,,,,,,188.0,,94.0,,,,,,23.0,9.0,4.0,1.0,,,9.0,1.0,6.0,0.0,4.0
119331,,,,,,,,379.0,,183.0,,,,,,42.0,21.0,9.0,17.0,,,21.0,,75.0,,
119553,,,,,,,,136.0,,65.0,,,,,,27.0,,,,,,,19.0,17.0,,
119605,,,,,,,,1793.0,,975.0,,,,,,202.0,163.0,55.0,175.0,,,1.0,,71.0,4.0,
119678,,,,,,,,868.0,,310.0,163.0,,,,,57.0,77.0,73.0,12.0,2.0,,6.0,,108.0,,4.0
119775,,,,,,,,77.0,,43.0,,,,,,13.0,3.0,,,,,,8.0,2.0,1.0,
119845,,,,,,,,16.0,,11.0,,,,,,3.0,,,,,,,,2.0,,
119951,,,,,,,,16.0,,8.0,,,,,,2.0,1.0,,,,,,,3.0,2.0,
120023,,,,,,,,87.0,,,,,,,,25.0,20.0,17.0,6.0,,,6.0,,12.0,,
120069,,,,,,,,19.0,,8.0,,,,,,1.0,2.0,,,,,,3.0,3.0,,
120078,,,,,,,,33.0,,20.0,,,,,,1.0,3.0,,,,,,4.0,5.0,,
120087,,,,,,,,21.0,,11.0,,,,,,1.0,3.0,,,,,,1.0,2.0,,
120166,,,,,,,,38.0,,5.0,,,,,,6.0,4.0,5.0,2.0,,,2.0,,,3.0,
120184,,,,,,,,104.0,,49.0,,1.0,,,,8.0,12.0,4.0,2.0,0.0,,5.0,,9.0,2.0,
120254,,,,,,,,665.0,,223.0,,,,,,53.0,41.0,27.0,89.0,5.0,,97.0,3.0,65.0,19.0,
120290,,,,,,,,403.0,,224.0,,,,,,36.0,22.0,15.0,25.0,,,26.0,,50.0,,
120342,,,,,,,,775.0,,420.0,,,,,,57.0,28.0,13.0,12.0,3.0,,83.0,,136.0,,
120403,,,,,,,,390.0,,145.0,,,,,,72.0,13.0,13.0,13.0,3.0,,18.0,21.0,39.0,1.0,15.0
120421,,,,,,,,260.0,,137.0,,,,,,15.0,13.0,,8.0,1.0,,21.0,,51.0,,
120537,,,,,,,,225.0,,100.0,,,,,,37.0,3.0,5.0,33.0,5.0,,3.0,8.0,19.0,4.0,
120661,,,,,,,,67.0,,27.0,,,,,,14.0,1.0,,,,,,9.0,13.0,,
120698,,,,,,,,149.0,,65.0,0.0,,,,,25.0,16.0,4.0,10.0,,,,,18.0,1.0,
120768,,,,,,,,168.0,,101.0,,,,,,15.0,3.0,,,,,2.0,,12.0,,
120795,,,,,,,,29.0,,8.0,,,,,,7.0,1.0,,2.0,,,1.0,2.0,3.0,,
120838,,,,,,,,11.0,,5.0,,,,,,2.0,,1.0,,,,,,,,
120865,,,,,,,,197.0,,66.0,,,,,,44.0,12.0,9.0,4.0,2.0,,4.0,,12.0,18.0,1.0
120883,,,,,,,,1676.0,,534.0,,,,,,358.0,22.0,67.0,44.0,10.0,,183.0,,426.0,3.0,15.0
120953,,,,,,,,124.0,,54.0,,,,,,21.0,4.0,4.0,1.0,,,,,20.0,6.0,
120971,,,,,,,,948.0,,487.0,,,,,,63.0,50.0,27.0,45.0,3.0,,93.0,,134.0,,
121044,,,,,,,,1074.0,,641.0,,,,,,76.0,51.0,1.0,52.0,2.0,,72.0,,125.0,,
121150,,,,,,,,1729.0,,541.0,,,,,,265.0,99.0,101.0,143.0,23.0,,75.0,11.0,133.0,44.0,32.0
121178,,,,,,,,157.0,,3.0,,,,,,22.0,48.0,13.0,7.0,,,26.0,,33.0,,
121257,,,,,,,,276.0,,96.0,,,,,,25.0,10.0,12.0,13.0,,,47.0,,18.0,5.0,
121275,,,,,,,,27.0,,10.0,,,,,,4.0,4.0,1.0,,,,,3.0,4.0,,
121309,,,,,,,,689.0,,230.0,,,,,,84.0,23.0,25.0,71.0,6.0,,57.0,1.0,103.0,19.0,6.0
121345,,,,,,,,766.0,,232.0,,,,,,80.0,29.0,32.0,37.0,2.0,,174.0,,104.0,13.0,1.0
121363,,,,,,,,177.0,,104.0,,,,,,15.0,5.0,4.0,6.0,,,11.0,,24.0,,
121433,,,,,,,,11.0,,5.0,,,,,,2.0,1.0,,,,,1.0,,2.0,,
121619,,,,,,,,738.0,,446.0,,,,,,26.0,17.0,14.0,55.0,,,46.0,,93.0,,
121628,,,,,,,,17.0,,1.0,,,,,,5.0,1.0,,,,,,,5.0,,
121637,,,,,,,,8.0,,3.0,,,,,,2.0,2.0,,,,,,,1.0,0.0,
121691,,,,,,,,855.0,,324.0,,,,,,125.0,18.0,29.0,93.0,11.0,,57.0,,105.0,20.0,2.0
121707,,,,,,,,289.0,,137.0,,,,,,38.0,5.0,7.0,16.0,,,22.0,,47.0,,
121859,,,,,,,,18.0,,5.0,,,,,,5.0,1.0,,,,,,2.0,5.0,,
121868,,,,,,,,8.0,,5.0,,,,,,1.0,,,,,,,1.0,1.0,,
121886,,,,,,,,603.0,,322.0,,,,,,39.0,13.0,15.0,17.0,3.0,,36.0,,129.0,,
121901,,,,,,,,713.0,,414.0,,,,,,34.0,24.0,7.0,38.0,4.0,,56.0,,116.0,,
122117,,,,,,,,23.0,,11.0,,,,,,1.0,1.0,,,,,,,1.0,2.0,
122180,,,,,,,,694.0,,425.0,,,,,,26.0,18.0,16.0,23.0,1.0,,34.0,,102.0,,
122205,,,,,,,,774.0,,452.0,,,,,,52.0,15.0,12.0,13.0,2.0,,55.0,,166.0,,
122296,,,,,,,,402.0,,236.0,1.0,,,,,31.0,12.0,17.0,3.0,2.0,,3.0,,49.0,,
122320,,,,,,,,513.0,,1.0,,,,,,36.0,61.0,39.0,12.0,,,182.0,,174.0,,
122339,,,,,,,,459.0,,292.0,,,,,,21.0,3.0,,4.0,,,1.0,,132.0,,
122375,,,,,,,,612.0,,413.0,,,,,,22.0,8.0,,3.0,,,2.0,,149.0,,
122384,,,,,,,,371.0,,247.0,,,,,,17.0,3.0,,2.0,1.0,,2.0,,96.0,,
122409,,,,,,,,3074.0,,1255.0,3.0,,,,,120.0,286.0,226.0,378.0,39.0,,225.0,,337.0,89.0,28.0
122436,,,,,,,,1914.0,,656.0,5.0,12.0,,,,115.0,134.0,98.0,171.0,21.0,,168.0,2.0,268.0,43.0,15.0
122454,,,,,,,,41.0,,16.0,,2.0,,,,4.0,1.0,,3.0,,,3.0,,,,2.0
122506,,,,,,,,103.0,,36.0,,1.0,,,,12.0,16.0,3.0,9.0,1.0,,,,4.0,,7.0
122597,,,,,,,,2608.0,,1115.0,10.0,,,,,79.0,572.0,183.0,218.0,21.0,,152.0,,65.0,74.0,39.0
122612,,,,,,,,1552.0,,671.0,4.0,,,,,305.0,106.0,87.0,77.0,0.0,,48.0,,192.0,25.0,
122649,,,,,,,,42.0,,14.0,,1.0,,,,8.0,2.0,2.0,4.0,,,2.0,,6.0,,
122658,,,,,,,,792.0,,427.0,,,,,,64.0,77.0,8.0,34.0,1.0,,54.0,,87.0,1.0,
122685,,,,,,,,138.0,,67.0,,,,,,29.0,,1.0,,,,1.0,,5.0,,
122694,,,,,,,,55.0,,32.0,,,,,,9.0,,,,,,1.0,,2.0,,
122728,,,,,,,,288.0,,102.0,,,,,,32.0,19.0,11.0,55.0,2.0,,16.0,,34.0,,
122737,,,,,,,,104.0,,,,,,,,19.0,41.0,15.0,6.0,,,8.0,,14.0,,
122746,,,,,,,,337.0,,201.0,,,,,,24.0,9.0,6.0,9.0,,,29.0,,44.0,,
122755,,,,,,,,2814.0,,1247.0,,,,,,84.0,413.0,182.0,299.0,24.0,,188.0,,163.0,93.0,35.0
122782,,,,,,,,264.0,,1.0,,,,,,15.0,34.0,33.0,14.0,,,114.0,,50.0,,
122791,,,,,,,,360.0,,213.0,,,,,,12.0,9.0,,5.0,,,2.0,,104.0,,
122834,,,,,,,,31.0,,18.0,,,,,,5.0,,,,,,,,1.0,,
122852,,,,,,,,2.0,,2.0,,,,,,,,,,,,,,,,
122889,,,,,,,,670.0,,356.0,,,,,,51.0,44.0,16.0,30.0,2.0,,57.0,,76.0,,
122931,,,,,,,,1638.0,,676.0,,,,,,284.0,102.0,119.0,87.0,15.0,,70.0,,157.0,21.0,6.0
122977,,,,,,,,1149.0,,626.0,,,,,,94.0,44.0,16.0,31.0,3.0,,100.0,,180.0,,
123013,,,,,,,,1017.0,,560.0,,,,,,75.0,45.0,28.0,49.0,6.0,,51.0,,116.0,3.0,
123095,,,,,,,,129.0,,87.0,1.0,,,,,23.0,1.0,1.0,,,,,,1.0,,
123165,,,,,,,,349.0,,108.0,2.0,,,,,53.0,15.0,15.0,13.0,,,69.0,,45.0,,
123217,,,,,,,,587.0,,303.0,,,,,,47.0,29.0,17.0,31.0,3.0,,47.0,,90.0,,
123280,,,,,,,,11.0,,7.0,,,,,,,1.0,,,,,,,2.0,0.0,
123299,,,,,,,,504.0,,222.0,,,,,,68.0,13.0,14.0,11.0,,,39.0,,133.0,,
123341,,,,,,,,750.0,,440.0,,,,,,61.0,21.0,28.0,5.0,,,38.0,,154.0,,
123350,,,,,,,,16.0,,5.0,,,,,,1.0,1.0,1.0,1.0,,,1.0,1.0,2.0,1.0,1.0
123448,,,,,,,,45.0,,31.0,,,,,,4.0,,1.0,1.0,,,1.0,,4.0,,
123457,,,,,,,,153.0,,62.0,,,,,,14.0,8.0,2.0,11.0,,,4.0,,48.0,2.0,0.0
123484,,,,,,,,158.0,,65.0,,,,,,8.0,9.0,11.0,8.0,2.0,,17.0,2.0,30.0,,
123493,,,,,,,,26.0,,11.0,,,,,,3.0,,,,,,3.0,,6.0,,
123509,,,,,,,,357.0,,211.0,,,,,,16.0,7.0,,9.0,,,2.0,,99.0,,
123527,,,,,,,,607.0,,379.0,2.0,,,,,31.0,4.0,20.0,6.0,1.0,,35.0,,51.0,7.0,
123554,,,,,,,,767.0,,412.0,,,,,,78.0,69.0,20.0,72.0,8.0,,23.0,,54.0,15.0,1.0
123563,,,,,,,,380.0,,204.0,,,,,,23.0,13.0,15.0,3.0,,,35.0,,56.0,,
123572,,,,,,,,1052.0,,343.0,,,,,,48.0,175.0,74.0,150.0,12.0,,95.0,1.0,63.0,36.0,21.0
123633,,,,,,,,49.0,,22.0,,,,,,5.0,2.0,2.0,,,,,,12.0,1.0,
123642,,,,,,,,18.0,,7.0,,,,,,3.0,3.0,0.0,1.0,,,1.0,,2.0,,
123651,,,,,,,,303.0,,142.0,,,,,,37.0,50.0,10.0,37.0,4.0,,5.0,1.0,16.0,,
123679,,,,,,,,68.0,,31.0,,,,,,15.0,1.0,,,,,,5.0,14.0,,
123800,,,,,,,,889.0,,422.0,6.0,,,,,53.0,27.0,27.0,32.0,8.0,,59.0,,162.0,11.0,3.0
123916,,,,,,,,21.0,,8.0,,,,,,4.0,2.0,,,,,1.0,,6.0,,
123943,,,,,,,,186.0,,75.0,0.0,,,,,35.0,7.0,6.0,5.0,5.0,,16.0,2.0,18.0,5.0,
123952,,,,,,,,119.0,,56.0,2.0,,,,,14.0,3.0,5.0,8.0,,,3.0,3.0,9.0,,7.0
123961,,,,,,,,15079.0,,2838.0,273.0,1999.0,,,,1857.0,1787.0,1381.0,719.0,415.0,,1363.0,142.0,1798.0,221.0,94.0
123970,,,,,,,,185.0,,82.0,,,,,,13.0,1.0,9.0,4.0,,,9.0,,54.0,,
124113,,,,,,,,212.0,,69.0,2.0,,,,,31.0,2.0,8.0,,,,16.0,1.0,35.0,1.0,
124283,,,,,,,,47.0,,20.0,1.0,,,,,3.0,,3.0,,,,2.0,3.0,10.0,,
124292,,,,,,,,113.0,,42.0,,,,,,14.0,5.0,3.0,16.0,0.0,,13.0,,17.0,,
124487,,,,,,,,24.0,,13.0,,,,,,3.0,1.0,1.0,,,,,1.0,1.0,1.0,
124557,,,,,,,,2322.0,,233.0,9.0,,,,,369.0,668.0,376.0,352.0,12.0,,10.0,9.0,233.0,29.0,1.0
124681,,,,,,,,51.0,,17.0,,,,,,7.0,1.0,,,,,,,26.0,,
124706,,,,,,,,75.0,,32.0,,,,,,16.0,1.0,,,,,,6.0,16.0,,
124937,,,,,,,,68.0,,23.0,,14.0,,,,11.0,1.0,,,,,,7.0,8.0,,
125019,,,,,,,,86.0,,,,,,,,12.0,34.0,,1.0,,,1.0,,35.0,,
125028,,,,,,,,405.0,,239.0,,,,,,15.0,12.0,,10.0,,,33.0,,69.0,,
125037,,,,,,,,26.0,,16.0,,,,,,3.0,,,,,,,,2.0,,
125082,,,,,,,,5.0,,3.0,,,,,,1.0,,,,,,,,1.0,,
125091,,,,,,,,499.0,,251.0,3.0,,,,,36.0,7.0,15.0,15.0,1.0,,30.0,2.0,71.0,7.0,5.0
125170,,,,,,,,170.0,,104.0,,,,,,9.0,13.0,1.0,9.0,,,6.0,,21.0,,
125222,,,,,,,,115.0,,,,,,,,12.0,26.0,19.0,,,,46.0,,12.0,,
125231,,,,,,,,2461.0,,1161.0,,,,,,463.0,223.0,80.0,59.0,,,,149.0,24.0,,
125310,,,,,,,,4.0,,2.0,,,,,,1.0,1.0,,,,,,,,,
125462,,,,,,,,132.0,,50.0,,,,,,18.0,,1.0,,,,16.0,,14.0,,
125471,,,,,,,,429.0,,231.0,,,,,,16.0,14.0,7.0,20.0,,,47.0,,77.0,,
125499,,,,,,,,366.0,,243.0,,,,,,26.0,19.0,3.0,8.0,2.0,,6.0,,50.0,,
125532,,,,,,,,91.0,,34.0,,,,,,30.0,,,,,,,,5.0,,
125718,,,,,,,,27.0,,10.0,,,,,,5.0,2.0,0.0,1.0,,,,,3.0,1.0,
125727,,,,,,,,329.0,,119.0,,,,,,32.0,23.0,8.0,31.0,2.0,,33.0,,32.0,9.0,2.0
125763,,,,,,,,316.0,,128.0,,,,,,39.0,10.0,7.0,19.0,2.0,,12.0,,39.0,,
125897,,,,,,,,194.0,,108.0,2.0,,,,,10.0,6.0,11.0,2.0,1.0,,2.0,1.0,22.0,6.0,
126012,,,,,,,,80.0,,50.0,,,,,,5.0,1.0,1.0,,,,0.0,,8.0,,
126049,,,,,,,,36.0,,13.0,,,,,,15.0,,,1.0,,,,,4.0,,
126076,,,,,,,,19.0,,10.0,,,,,,1.0,0.0,,,,,6.0,,1.0,,
126100,,,,,,,,175.0,,10.0,,,,,,29.0,21.0,21.0,3.0,,,64.0,,27.0,,
126119,,,,,,,,193.0,,128.0,,,,,,23.0,,,3.0,,,17.0,,19.0,,
126164,,,,,,,,8.0,,4.0,,,,,,1.0,1.0,,,,,,1.0,1.0,,
126182,,,,,,,,381.0,,136.0,,,,,,28.0,21.0,17.0,42.0,2.0,,34.0,,35.0,9.0,5.0
126207,,,,,,,,557.0,,208.0,,,,,,31.0,24.0,30.0,53.0,,,32.0,,59.0,8.0,22.0
126289,,,,,,,,469.0,,235.0,,,,,,48.0,25.0,15.0,3.0,1.0,,31.0,2.0,38.0,8.0,1.0
126359,,,,,,,,42.0,,12.0,,,,,,2.0,1.0,,,,,,9.0,1.0,2.0,
126562,,,,,,,,12104.0,,4880.0,832.0,138.0,,,,1044.0,711.0,1684.0,148.0,1522.0,,166.0,,436.0,125.0,35.0
126580,,,,,,,,1301.0,,570.0,20.0,18.0,,,,20.0,70.0,57.0,83.0,14.0,,124.0,3.0,70.0,33.0,11.0
126605,,,,,,,,44.0,,20.0,,,,,,5.0,1.0,1.0,,,,2.0,7.0,1.0,,
126614,,,,,,,,8297.0,,2036.0,957.0,6.0,,,,891.0,523.0,1324.0,281.0,94.0,,718.0,13.0,685.0,219.0,58.0
126669,,,,,,,,704.0,,279.0,,,,,,68.0,37.0,27.0,189.0,3.0,,16.0,,54.0,5.0,
126678,,,,,,,,832.0,,226.0,,,,,,98.0,45.0,39.0,75.0,5.0,,73.0,3.0,119.0,34.0,13.0
126687,,,,,,,,73.0,,32.0,,,,,,18.0,1.0,,,,,,5.0,16.0,,
126711,,,,,,,,591.0,,223.0,,,,,,105.0,37.0,28.0,30.0,2.0,,24.0,1.0,76.0,13.0,1.0
126748,,,,,,,,114.0,,45.0,,,,,,14.0,12.0,3.0,14.0,,,8.0,,6.0,3.0,
126775,,,,,,,,1241.0,,368.0,171.0,,,,,134.0,165.0,51.0,24.0,1.0,,109.0,,78.0,49.0,3.0
126784,,,,,,,,17.0,,7.0,,,,,,4.0,,,,,,,3.0,1.0,,
126818,,,,,,,,7088.0,,1849.0,1058.0,160.0,,,,122.0,806.0,315.0,215.0,324.0,,599.0,1.0,546.0,486.0,100.0
126827,,,,,,,,1191.0,,477.0,,,,,,63.0,59.0,6.0,2.0,,,10.0,454.0,27.0,,
126863,,,,,,,,315.0,,120.0,,,,,,43.0,16.0,7.0,,,,13.0,,32.0,5.0,1.0
126915,,,,,,,,33.0,,,,,,,,3.0,,1.0,,,,2.0,,7.0,,
126942,,,,,,,,393.0,,197.0,,,,,,38.0,29.0,11.0,65.0,,,1.0,,16.0,,
126951,,,,,,,,95.0,,43.0,,,,,,33.0,,1.0,,,,1.0,,13.0,,
126979,,,,,,,,105.0,,39.0,,,,,,21.0,4.0,4.0,,,,2.0,,24.0,,
127060,,,,,,,,2731.0,,999.0,21.0,,,,,285.0,546.0,176.0,140.0,13.0,,194.0,1.0,167.0,42.0,3.0
127158,,,,,,,,153.0,,83.0,,,,,,7.0,14.0,6.0,3.0,,,,,,,
127185,,,,,,,,527.0,,203.0,,,,,,35.0,26.0,34.0,93.0,1.0,,65.0,,36.0,11.0,0.0
127200,,,,,,,,984.0,,531.0,,,,,,51.0,47.0,36.0,70.0,,,33.0,8.0,97.0,15.0,4.0
127273,,,,,,,,46.0,,18.0,,,,,,8.0,2.0,2.0,,,,,1.0,10.0,2.0,
127316,,,,,,,,29.0,,14.0,,,,,,2.0,0.0,,,,,,1.0,8.0,,
127389,,,,,,,,82.0,,25.0,0.0,,,,,6.0,4.0,1.0,11.0,,,12.0,,4.0,2.0,
127556,,,,,,,,824.0,,400.0,,,,,,70.0,32.0,30.0,93.0,8.0,,76.0,4.0,67.0,17.0,5.0
127565,,,,,,,,1504.0,,762.0,,,,,,23.0,104.0,58.0,58.0,11.0,,3.0,,418.0,1.0,
127617,,,,,,,,121.0,,58.0,,,,,,19.0,11.0,6.0,,,,5.0,,6.0,1.0,
127653,,,,,,,,237.0,,98.0,,,,,,41.0,17.0,9.0,16.0,,,7.0,,13.0,3.0,
127714,,,,,,,,59.0,,38.0,,,,,,9.0,2.0,2.0,,,,,5.0,3.0,,
127732,,,,,,,,155.0,,59.0,,,,,,12.0,17.0,6.0,19.0,,,17.0,,11.0,6.0,
127741,,,,,,,,1319.0,,538.0,,,,,,63.0,132.0,89.0,104.0,9.0,,171.0,,88.0,42.0,5.0
127778,,,,,,,,254.0,,44.0,,,,,,10.0,8.0,5.0,22.0,,,35.0,,8.0,3.0,5.0
127820,,,,,,,,716.0,,347.0,,,,,,55.0,16.0,23.0,4.0,,,65.0,5.0,167.0,18.0,5.0
127884,,,,,,,,366.0,,158.0,,,,,,30.0,24.0,12.0,17.0,1.0,,19.0,,33.0,8.0,1.0
127909,,,,,,,,476.0,,205.0,,,,,,38.0,33.0,13.0,26.0,0.0,,35.0,,51.0,9.0,
127918,,,,,,,,875.0,,461.0,,,,,,84.0,8.0,33.0,27.0,0.0,,15.0,35.0,185.0,19.0,
127945,,,,,,,,262.0,,119.0,,,,,,16.0,28.0,3.0,4.0,,,9.0,4.0,44.0,4.0,1.0
127954,,,,,,,,3.0,,,,,,,,2.0,1.0,,,,,,,,,
128106,,,,,,,,628.0,,228.0,,,,,,47.0,49.0,39.0,88.0,5.0,,52.0,,67.0,20.0,3.0
128151,,,,,,,,66.0,,35.0,,,,,,5.0,4.0,1.0,1.0,1.0,,5.0,,9.0,,
128179,,,,,,,,46.0,,21.0,,,,,,9.0,5.0,1.0,,,,,4.0,3.0,,
128188,,,,,,,,87.0,,48.0,,,,,,13.0,8.0,3.0,,,,,10.0,4.0,,
128258,,,,,,,,171.0,,84.0,,,,,,9.0,9.0,4.0,10.0,,,11.0,,6.0,4.0,1.0
128300,,,,,,,,543.0,,,,,,,,94.0,222.0,149.0,47.0,,,,,32.0,,
128328,,,,,,,,362.0,,229.0,5.0,,,,,8.0,8.0,15.0,1.0,31.0,,10.0,,22.0,,
128337,,,,,,,,7.0,,4.0,,,,,,1.0,,,,,,,,1.0,,
128391,,,,,,,,350.0,,149.0,,,,,,29.0,20.0,17.0,50.0,2.0,,34.0,1.0,15.0,11.0,
128498,,,,,,,,239.0,,81.0,,,,,,24.0,26.0,8.0,36.0,5.0,,6.0,1.0,12.0,7.0,
128577,,,,,,,,146.0,,66.0,,,,,,14.0,5.0,4.0,2.0,,,6.0,,11.0,1.0,
128586,,,,,,,,10.0,,6.0,,,,,,1.0,2.0,,,,,1.0,,0.0,,
128744,,,,,,,,440.0,,231.0,,,,,,101.0,31.0,12.0,23.0,7.0,,2.0,,24.0,,
128771,,,,,,,,1145.0,,585.0,,,,,,50.0,51.0,39.0,44.0,9.0,,73.0,,133.0,24.0,10.0
128780,,,,,,,,154.0,,74.0,,,,,,18.0,10.0,9.0,15.0,,,,,6.0,,
128896,,,,,,,,15.0,,8.0,,,,,,1.0,1.0,,,,,,1.0,1.0,,
128902,,,,,,,,665.0,,223.0,,,,,,79.0,29.0,27.0,50.0,2.0,,138.0,,61.0,22.0,4.0
129002,,,,,,,,25.0,,15.0,,,,,,1.0,,,,,,,,2.0,,
129020,,,,,,,,8954.0,,2384.0,365.0,44.0,,,,327.0,355.0,744.0,260.0,928.0,,667.0,8.0,2219.0,537.0,5.0
129154,,,,,,,,368.0,,140.0,,,,,,14.0,43.0,15.0,13.0,,,41.0,,37.0,,2.0
129181,,,,,,,,82.0,,36.0,,,,,,28.0,,,,,,5.0,,8.0,,
129215,,,,,,,,694.0,,283.0,,,,,,35.0,26.0,29.0,47.0,5.0,,98.0,,45.0,35.0,4.0
129242,,,,,,,,959.0,,414.0,,,,,,82.0,27.0,53.0,83.0,14.0,,34.0,,108.0,23.0,
129349,,,,,,,,22.0,,14.0,,,,,,2.0,,,,,,,3.0,3.0,,
129367,,,,,,,,214.0,,116.0,,,,,,11.0,27.0,6.0,4.0,,,13.0,,12.0,,
129428,,,,,,,,20.0,,8.0,,,,,,7.0,,1.0,,,,,,,0.0,
129482,,,,,,,,29.0,,14.0,,,,,,4.0,,,,,,1.0,2.0,7.0,,
129491,,,,,,,,23.0,,7.0,,,,,,6.0,2.0,,1.0,,,1.0,,1.0,,
129525,,,,,,,,1101.0,,496.0,,,,,,18.0,212.0,1.0,55.0,4.0,,117.0,2.0,128.0,20.0,2.0
129534,,,,,,,,43.0,,14.0,,,,,,2.0,4.0,,,,,3.0,,13.0,4.0,
129543,,,,,,,,268.0,,136.0,,,,,,12.0,13.0,7.0,14.0,,,14.0,,22.0,,1.0
129695,,,,,,,,332.0,,187.0,,,,,,11.0,12.0,13.0,5.0,,,32.0,,20.0,3.0,
129729,,,,,,,,408.0,,202.0,,,,,,25.0,8.0,7.0,14.0,,,34.0,,39.0,5.0,2.0
129756,,,,,,,,147.0,,80.0,,,,,,7.0,7.0,4.0,3.0,,,2.0,,9.0,1.0,
129774,,,,,,,,145.0,,16.0,,,,,,25.0,3.0,1.0,25.0,,,35.0,,6.0,8.0,
129808,,,,,,,,204.0,,131.0,,,,,,4.0,7.0,6.0,4.0,,,5.0,,17.0,4.0,
129923,,,,,,,,53.0,,31.0,,,,,,13.0,,2.0,,,,1.0,,5.0,,
129932,,,,,,,,53.0,,32.0,,,,,,6.0,,,,,,,9.0,,,
129941,,,,,,,,846.0,,366.0,,,,,,61.0,79.0,54.0,66.0,4.0,,69.0,,76.0,24.0,0.0
130004,,,,,,,,263.0,,154.0,,,,,,8.0,7.0,7.0,9.0,,,4.0,,29.0,2.0,1.0
130040,,,,,,,,107.0,,49.0,,,,,,9.0,2.0,3.0,3.0,,,8.0,,10.0,,
130110,,,,,,,,21.0,,14.0,,,,,,1.0,1.0,,,,,1.0,,3.0,,
130174,,,,,,,,206.0,,109.0,,,,,,17.0,10.0,2.0,,,,,,14.0,1.0,
130183,,,,,,,,1102.0,,370.0,,,,,,101.0,19.0,31.0,34.0,1.0,,,,8.0,10.0,2.0
130217,,,,,,,,107.0,,53.0,,,,,,3.0,6.0,5.0,5.0,,,5.0,,4.0,5.0,
130226,,,,,,,,1415.0,,593.0,,,,,,340.0,16.0,29.0,64.0,18.0,,112.0,1.0,112.0,103.0,2.0
130253,,,,,,,,1138.0,,528.0,,,,,,147.0,59.0,54.0,128.0,22.0,,66.0,4.0,77.0,,
130314,,,,,,,,548.0,,203.0,1.0,,,,,37.0,23.0,11.0,30.0,25.0,,36.0,,22.0,3.0,
130396,,,,,,,,375.0,,226.0,,,,,,12.0,11.0,7.0,22.0,,,29.0,,31.0,1.0,1.0
130493,,,,,,,,1232.0,,628.0,,,,,,73.0,45.0,28.0,55.0,9.0,,111.0,,98.0,59.0,2.0
130509,,,,,,,,32.0,,18.0,,,,,,5.0,,,,,,,,2.0,,
130590,,,,,,,,638.0,,243.0,2.0,,,,,67.0,49.0,40.0,81.0,4.0,,32.0,,50.0,1.0,1.0
130606,,,,,,,,235.0,,138.0,,,,,,9.0,5.0,8.0,12.0,2.0,,9.0,1.0,17.0,1.0,
130624,,,,,,,,489.0,,151.0,,,,,,15.0,36.0,32.0,8.0,44.0,,25.0,1.0,63.0,52.0,13.0
130697,,,,,,,,967.0,,400.0,,,,,,67.0,82.0,72.0,57.0,13.0,,45.0,2.0,109.0,36.0,10.0
130776,,,,,,,,700.0,,339.0,,,,,,39.0,29.0,29.0,38.0,6.0,,88.0,,56.0,28.0,
130794,,,,,,,,15592.0,,2963.0,2319.0,434.0,,,,1852.0,697.0,1567.0,376.0,356.0,,1505.0,,2548.0,255.0,64.0
130837,,,,,,,,15.0,,11.0,,,,,,2.0,,,,,,,,1.0,,
130873,,,,,,,,33.0,,17.0,,,,,,4.0,3.0,1.0,,,,,5.0,1.0,,
130882,,,,,,,,81.0,,,,,,,,26.0,15.0,19.0,2.0,,,,,9.0,,
130907,,,,,,,,1133.0,,590.0,,,,,,65.0,50.0,47.0,60.0,,,87.0,,112.0,23.0,
130934,,,,,,,,800.0,,259.0,26.0,17.0,,,,34.0,70.0,14.0,93.0,5.0,,94.0,,109.0,23.0,9.0
130943,,,,,,,,4864.0,,1272.0,,,,,,603.0,513.0,728.0,448.0,93.0,,330.0,,480.0,183.0,73.0
130989,,,,,,,,113.0,,42.0,,,,,,18.0,5.0,5.0,25.0,,,10.0,0.0,5.0,,
131061,,,,,,,,15.0,,7.0,,,,,,2.0,1.0,,3.0,,,0.0,,1.0,,
131098,,,,,,,,216.0,,116.0,,10.0,,,,7.0,12.0,,16.0,4.0,,12.0,9.0,19.0,,
131113,,,,,,,,1021.0,,580.0,,,,,,121.0,31.0,40.0,20.0,7.0,,33.0,,95.0,12.0,
131159,,,,,,,,2955.0,,1062.0,34.0,,,,,455.0,275.0,187.0,338.0,12.0,,95.0,,285.0,62.0,42.0
131283,,,,,,,,1514.0,,459.0,106.0,,,,,142.0,70.0,93.0,105.0,5.0,,165.0,,185.0,31.0,3.0
131399,,,,,,,,828.0,,346.0,10.0,7.0,,,,92.0,85.0,23.0,25.0,1.0,,23.0,,111.0,15.0,5.0
131405,,,,,,,,33.0,,19.0,,1.0,,,,1.0,1.0,0.0,,,,,,9.0,,
131450,,,,,,,,714.0,,197.0,8.0,,,,,84.0,40.0,40.0,119.0,13.0,,93.0,,56.0,23.0,16.0
131469,,,,,,,,5331.0,,1668.0,93.0,,,,,252.0,264.0,883.0,316.0,540.0,,186.0,,401.0,66.0,32.0
131496,,,,,,,,5716.0,,1690.0,402.0,,,,,1101.0,504.0,301.0,346.0,294.0,,238.0,,551.0,102.0,70.0
131520,,,,,,,,2546.0,,1008.0,118.0,47.0,,,,362.0,56.0,97.0,109.0,122.0,,149.0,,357.0,4.0,4.0
131803,,,,,,,,1382.0,,708.0,,,,,,230.0,18.0,1.0,,,,,181.0,2.0,,
131830,,,,,,,,7.0,,4.0,,,,,,1.0,1.0,,,,,,,0.0,,
131876,,,,,,,,219.0,,122.0,,1.0,,,,14.0,9.0,3.0,10.0,2.0,,5.0,12.0,10.0,,
131973,,,,,,,,71.0,,20.0,3.0,,,,,18.0,6.0,2.0,3.0,0.0,,1.0,,12.0,2.0,
132374,,,,,,,,392.0,,231.0,,,,,,8.0,3.0,6.0,13.0,,,23.0,2.0,42.0,31.0,
132408,,,,,,,,82.0,,33.0,,,,,,7.0,,1.0,,,,7.0,2.0,24.0,5.0,
132471,,,,,,,,904.0,,387.0,,,,,,136.0,41.0,29.0,82.0,15.0,,21.0,,153.0,9.0,
132602,,,,,,,,423.0,,175.0,,,,,,35.0,35.0,14.0,54.0,1.0,,26.0,,57.0,,
132657,,,,,,,,568.0,,165.0,,,,,,52.0,22.0,24.0,57.0,4.0,,71.0,1.0,79.0,8.0,3.0
132675,,,,,,,,24.0,,11.0,,,,,,2.0,1.0,,,,,,,4.0,3.0,
132693,,,,,,,,973.0,,457.0,,,,,,16.0,32.0,39.0,98.0,7.0,,41.0,4.0,121.0,31.0,9.0
132709,,,,,,,,1743.0,,650.0,,,,,,160.0,63.0,110.0,32.0,,,85.0,5.0,252.0,57.0,
132842,,,,,,,,114.0,,50.0,,,,,,14.0,3.0,6.0,,,,10.0,,21.0,4.0,
132851,,,,,,,,482.0,,176.0,,,,,,33.0,25.0,18.0,58.0,,,26.0,1.0,94.0,20.0,1.0
132879,,,,,,,,52.0,,17.0,,,,,,2.0,4.0,1.0,7.0,,,5.0,,5.0,1.0,
132903,,,,,,,,5683.0,,1776.0,271.0,,,,,549.0,574.0,442.0,514.0,82.0,,387.0,7.0,702.0,159.0,18.0
132976,,,,,,,,57.0,,31.0,,,,,,4.0,,,,,,1.0,,9.0,8.0,
133021,,,,,,,,186.0,,68.0,,,,,,26.0,1.0,4.0,13.0,2.0,,22.0,,35.0,,
133155,,,,,,,,73.0,,39.0,,,,,,4.0,2.0,1.0,,,,3.0,1.0,14.0,,
133386,,,,,,,,1001.0,,397.0,,,,,,57.0,39.0,51.0,36.0,,,221.0,,68.0,89.0,9.0
133465,,,,,,,,67.0,,32.0,,,,,,13.0,1.0,1.0,,,,,,3.0,,
133492,,,,,,,,379.0,,164.0,,,,,,49.0,19.0,16.0,40.0,3.0,,16.0,,55.0,8.0,2.0
133508,,,,,,,,825.0,,338.0,,,,,,49.0,61.0,35.0,52.0,26.0,,36.0,,83.0,2.0,
133526,,,,,,,,179.0,,82.0,,3.0,,,,23.0,7.0,3.0,21.0,1.0,,,,10.0,,
133553,,,,,,,,1532.0,,352.0,9.0,,,,,155.0,130.0,154.0,42.0,10.0,,55.0,,170.0,68.0,
133650,,,,,,,,1751.0,,616.0,41.0,26.0,,,,251.0,113.0,82.0,98.0,2.0,,160.0,1.0,204.0,8.0,5.0
133669,,,,,,,,3170.0,,1020.0,106.0,47.0,,,,580.0,457.0,168.0,97.0,20.0,,147.0,,258.0,9.0,5.0
133702,,,,,,,,1571.0,,541.0,,,,,,127.0,85.0,62.0,42.0,,,84.0,,372.0,115.0,1.0
133711,,,,,,,,412.0,,166.0,,,,,,42.0,35.0,10.0,51.0,7.0,,40.0,4.0,24.0,4.0,3.0
133809,,,,,,,,133.0,,42.0,,,,,,7.0,7.0,5.0,14.0,,,,10.0,13.0,5.0,
133845,,,,,,,,64.0,,24.0,,,,,,23.0,1.0,,,,,,6.0,8.0,,
133854,,,,,,,,43.0,,13.0,,,,,,17.0,1.0,,,,,1.0,4.0,7.0,,
133863,,,,,,,,41.0,,11.0,,,,,,14.0,1.0,,,,,,6.0,6.0,,
133872,,,,,,,,311.0,,152.0,1.0,,,,,30.0,21.0,17.0,16.0,1.0,,17.0,2.0,32.0,,
133881,,,,,,,,924.0,,331.0,8.0,,,,,44.0,76.0,78.0,62.0,3.0,,96.0,13.0,114.0,40.0,8.0
133942,,,,,,,,6.0,,3.0,,,,,,1.0,1.0,,,,,,,1.0,,
133951,,,,,,,,5889.0,,1723.0,297.0,2.0,,,,981.0,241.0,553.0,249.0,50.0,,342.0,,926.0,171.0,
133960,,,,,,,,118.0,,47.0,,,,,,11.0,5.0,3.0,4.0,,,,,43.0,3.0,
133979,,,,,,,,254.0,,70.0,,,,,,24.0,13.0,6.0,38.0,1.0,,36.0,,45.0,,4.0
133997,,,,,,,,29.0,,8.0,,,,,,5.0,1.0,,,,,,,14.0,,
134024,,,,,,,,18.0,,7.0,,,,,,1.0,1.0,,1.0,,,1.0,1.0,4.0,,
134079,,,,,,,,598.0,,213.0,,12.0,,,,43.0,19.0,16.0,73.0,7.0,,74.0,1.0,57.0,17.0,6.0
134097,,,,,,,,6920.0,,1769.0,442.0,,,,,325.0,993.0,675.0,484.0,127.0,,576.0,,545.0,215.0,5.0
134130,,,,,,,,15209.0,,3053.0,633.0,1790.0,,,,1108.0,797.0,2302.0,445.0,672.0,,1023.0,7.0,1752.0,675.0,63.0
134228,,,,,,,,9.0,,5.0,,,,,,1.0,,,,,,,2.0,1.0,,
134237,,,,,,,,2227.0,,786.0,,,,,,286.0,58.0,94.0,64.0,,,71.0,1.0,836.0,12.0,12.0
134291,,,,,,,,57.0,,26.0,,,,,,4.0,3.0,1.0,,,,5.0,,8.0,,
134307,,,,,,,,67.0,,38.0,,,,,,3.0,1.0,0.0,,,,7.0,,10.0,,
134343,,,,,,,,397.0,,171.0,,,,,,28.0,27.0,25.0,18.0,,,37.0,4.0,79.0,,
134422,,,,,,,,8.0,,6.0,,,,,,1.0,1.0,,,,,,,,,
134495,,,,,,,,1350.0,,551.0,,,,,,66.0,81.0,40.0,106.0,7.0,,55.0,17.0,249.0,39.0,
134510,,,,,,,,37.0,,11.0,,,,,,8.0,2.0,0.0,,,,3.0,,8.0,1.0,
134529,,,,,,,,21.0,,10.0,,,,,,1.0,1.0,,,,,1.0,3.0,1.0,,
134574,,,,,,,,15.0,,7.0,,,,,,1.0,1.0,,,,,,2.0,1.0,,
134608,,,,,,,,994.0,,359.0,,3.0,,,,33.0,23.0,47.0,81.0,,,81.0,3.0,243.0,44.0,8.0
134714,,,,,,,,16.0,,10.0,,,,,,3.0,1.0,,,,,,0.0,2.0,,
134811,,,,,,,,78.0,,42.0,,,,,,11.0,6.0,,,,,,13.0,1.0,,
134945,,,,,,,,584.0,,282.0,,,,,,69.0,33.0,26.0,54.0,9.0,,25.0,,44.0,1.0,1.0
135081,,,,,,,,3049.0,,1443.0,,,,,,204.0,327.0,27.0,68.0,,,16.0,,922.0,,
135142,,,,,,,,14.0,,7.0,,,,,,2.0,,,,,,,,4.0,1.0,
135160,,,,,,,,241.0,,113.0,,,,,,16.0,21.0,3.0,6.0,,,,,72.0,7.0,
135179,,,,,,,,88.0,,37.0,,,,,,5.0,5.0,2.0,,,,7.0,,20.0,,
135188,,,,,,,,294.0,,109.0,,,,,,40.0,25.0,21.0,30.0,,,5.0,,37.0,2.0,1.0
135267,,,,,,,,79.0,,37.0,,,,,,4.0,4.0,2.0,,,,13.0,,16.0,,
135276,,,,,,,,94.0,,47.0,,,,,,1.0,,,4.0,14.0,,5.0,,,1.0,22.0
135294,,,,,,,,112.0,,43.0,,,,,,7.0,5.0,1.0,,,,11.0,,20.0,20.0,
135337,,,,,,,,10.0,,5.0,,,,,,1.0,1.0,,,,,,,2.0,,
135364,,,,,,,,52.0,,29.0,,,,,,2.0,5.0,2.0,,1.0,,,,4.0,,
135391,,,,,,,,566.0,,236.0,,,,,,35.0,64.0,10.0,6.0,,,4.0,,143.0,20.0,
135407,,,,,,,,181.0,,89.0,,,,,,21.0,6.0,1.0,9.0,,,1.0,,37.0,15.0,
135522,,,,,,,,85.0,,33.0,,,,,,5.0,4.0,2.0,2.0,1.0,,12.0,,6.0,,
135559,,,,,,,,8.0,,3.0,,,,,,2.0,1.0,,,,,,,1.0,,
135610,,,,,,,,33.0,,24.0,,,,,,3.0,2.0,,2.0,,,,,0.0,,
135647,,,,,,,,74.0,,21.0,,,,,,6.0,2.0,1.0,,,,15.0,,7.0,13.0,1.0
135717,,,,,,,,4386.0,,1390.0,,,,,,129.0,110.0,181.0,206.0,3.0,,535.0,,1418.0,29.0,2.0
135726,,,,,,,,11787.0,,1545.0,184.0,1057.0,,,,1113.0,866.0,1853.0,378.0,1439.0,,1086.0,10.0,1735.0,195.0,44.0
135735,,,,,,,,161.0,,85.0,,,,,,6.0,,3.0,,1.0,,8.0,,37.0,,
136109,,,,,,,,16.0,,10.0,,,,,,1.0,,,,,,0.0,2.0,3.0,,
136145,,,,,,,,121.0,,34.0,,,,,,9.0,2.0,7.0,8.0,,,2.0,,42.0,8.0,
136172,,,,,,,,1946.0,,658.0,1.0,,,,,313.0,140.0,116.0,138.0,12.0,,173.0,,271.0,65.0,2.0
136215,,,,,,,,3880.0,,1142.0,70.0,,,,,426.0,500.0,327.0,125.0,80.0,,220.0,4.0,579.0,59.0,
136233,,,,,,,,405.0,,135.0,,,,,,17.0,9.0,20.0,53.0,1.0,,16.0,1.0,95.0,19.0,1.0
136303,,,,,,,,96.0,,50.0,,,,,,5.0,6.0,2.0,,1.0,,6.0,,14.0,,
136330,,,,,,,,468.0,,218.0,,,,,,50.0,5.0,15.0,29.0,4.0,,26.0,,64.0,,
136358,,,,,,,,1470.0,,582.0,,,,,,54.0,39.0,75.0,174.0,5.0,,35.0,,230.0,71.0,6.0
136400,,,,,,,,562.0,,225.0,,,,,,23.0,20.0,44.0,75.0,,,3.0,16.0,102.0,26.0,
136473,,,,,,,,627.0,,230.0,,,,,,39.0,26.0,47.0,59.0,,,9.0,,181.0,22.0,
136491,,,,,,,,100.0,,65.0,,,,,,4.0,,3.0,2.0,,,9.0,2.0,16.0,,
136516,,,,,,,,635.0,,224.0,,,,,,31.0,27.0,25.0,35.0,,,3.0,,118.0,17.0,
136659,,,,,,,,39.0,,14.0,,,,,,2.0,,1.0,6.0,,,,,7.0,,
136701,,,,,,,,54.0,,16.0,,1.0,,,,11.0,2.0,2.0,,,,12.0,,4.0,5.0,
136765,,,,,,,,60.0,,39.0,,,,,,3.0,1.0,1.0,1.0,1.0,,,,9.0,,
136774,,,,,,,,388.0,,139.0,,,,,,63.0,19.0,21.0,30.0,,,31.0,1.0,49.0,6.0,
136826,,,,,,,,120.0,,34.0,,,,,,4.0,3.0,2.0,1.0,19.0,,3.0,,24.0,24.0,
136950,,,,,,,,643.0,,206.0,,,,,,73.0,44.0,27.0,90.0,9.0,,63.0,1.0,70.0,22.0,2.0
137023,,,,,,,,107.0,,41.0,,,,,,4.0,2.0,3.0,8.0,,,12.0,,17.0,2.0,
137032,,,,,,,,1044.0,,348.0,,,,,,261.0,60.0,35.0,21.0,1.0,,95.0,65.0,70.0,7.0,
137078,,,,,,,,1715.0,,683.0,,,,,,109.0,43.0,105.0,73.0,4.0,,130.0,6.0,355.0,54.0,19.0
137087,,,,,,,,130.0,,90.0,,,,,,5.0,3.0,,,2.0,,,,16.0,11.0,
137096,,,,,,,,873.0,,384.0,,,,,,67.0,47.0,41.0,40.0,4.0,,67.0,,184.0,11.0,
137120,,,,,,,,231.0,,154.0,,,,,,12.0,6.0,1.0,5.0,,,2.0,,35.0,,1.0
137209,,,,,,,,904.0,,346.0,,,,,,30.0,71.0,56.0,53.0,1.0,,75.0,,101.0,9.0,2.0
137245,,,,,,,,288.0,,126.0,,,,,,7.0,2.0,5.0,7.0,,,31.0,5.0,11.0,31.0,4.0
137272,,,,,,,,34.0,,6.0,1.0,,,,,3.0,1.0,1.0,,,,10.0,,2.0,5.0,
137281,,,,,,,,455.0,,217.0,,,,,,30.0,9.0,16.0,29.0,1.0,,32.0,4.0,94.0,3.0,0.0
137315,,,,,,,,309.0,,93.0,,,,,,18.0,15.0,9.0,25.0,,,28.0,,68.0,11.0,
137351,,,,,,,,8655.0,,2326.0,348.0,,,,,481.0,981.0,739.0,671.0,951.0,,380.0,6.0,851.0,210.0,76.0
137476,,,,,,,,514.0,,276.0,0.0,,,,,4.0,20.0,6.0,20.0,1.0,,31.0,,19.0,,
137546,,,,,,,,908.0,,323.0,,,,,,73.0,58.0,38.0,106.0,9.0,,111.0,4.0,89.0,22.0,4.0
137564,,,,,,,,625.0,,232.0,,,,,,94.0,14.0,12.0,93.0,5.0,,64.0,,85.0,11.0,
137591,,,,,,,,39.0,,17.0,,,,,,4.0,2.0,6.0,,,,1.0,,9.0,,
137713,,,,,,,,45.0,,24.0,,,,,,1.0,1.0,,,,,2.0,5.0,1.0,,
137759,,,,,,,,949.0,,378.0,,2.0,,,,29.0,62.0,66.0,74.0,,,75.0,3.0,176.0,25.0,
137777,,,,,,,,44.0,,9.0,2.0,2.0,,,,6.0,3.0,,,,,12.0,,3.0,3.0,
137801,,,,,,,,45.0,,18.0,,,,,,9.0,,,,,,,,14.0,,
137847,,,,,,,,996.0,,560.0,,,,,,67.0,44.0,29.0,100.0,7.0,,44.0,,61.0,,
137856,,,,,,,,21.0,,11.0,,,,,,1.0,2.0,,,,,1.0,,4.0,,
137865,,,,,,,,37.0,,20.0,,,,,,3.0,2.0,,1.0,,,,,1.0,1.0,
137953,,,,,,,,52.0,,20.0,,,,,,9.0,1.0,,9.0,,,1.0,1.0,6.0,,
137962,,,,,,,,44.0,,16.0,,1.0,,,,7.0,1.0,2.0,3.0,,,,,4.0,3.0,
138187,,,,,,,,2640.0,,1096.0,,,,,,66.0,447.0,97.0,115.0,,,185.0,40.0,294.0,35.0,3.0
138275,,,,,,,,169.0,,58.0,,,,,,13.0,3.0,3.0,39.0,5.0,,18.0,1.0,17.0,4.0,
138284,,,,,,,,40.0,,25.0,,,,,,2.0,4.0,,,,,,1.0,1.0,,
138293,,,,,,,,138.0,,33.0,,,,,,15.0,8.0,1.0,41.0,8.0,,5.0,11.0,13.0,,
138309,,,,,,,,709.0,,502.0,,,,,,53.0,4.0,,,,,,,12.0,,
138354,,,,,,,,1442.0,,434.0,15.0,,,,,271.0,226.0,105.0,39.0,10.0,,72.0,,162.0,44.0,4.0
138372,,,,,,,,105.0,,60.0,,,,,,4.0,4.0,1.0,,1.0,,7.0,,5.0,,
138479,,,,,,,,175.0,,87.0,,,,,,6.0,3.0,3.0,5.0,,,11.0,5.0,17.0,13.0,
138488,,,,,,,,93.0,,23.0,,,,,,5.0,,,4.0,,,7.0,,20.0,,
138497,,,,,,,,74.0,,40.0,,,,,,3.0,5.0,1.0,1.0,,,,2.0,15.0,6.0,
138558,,,,,,,,407.0,,155.0,,1.0,,,,61.0,18.0,10.0,8.0,4.0,,52.0,,50.0,,
138600,,,,,,,,339.0,,100.0,1.0,,,,,29.0,34.0,20.0,40.0,2.0,,43.0,,24.0,8.0,
138655,,,,,,,,49.0,,10.0,,,,,,10.0,6.0,,,,,,4.0,9.0,4.0,1.0
138664,,,,,,,,11.0,,2.0,,,,,,2.0,,,,,,,3.0,3.0,,
138682,,,,,,,,262.0,,133.0,,5.0,,,,15.0,22.0,7.0,9.0,,,20.0,,32.0,,
138716,,,,,,,,660.0,,240.0,,,,,,86.0,18.0,36.0,49.0,2.0,,62.0,,92.0,12.0,
138761,,,,,,,,69.0,,29.0,,,,,,6.0,4.0,1.0,14.0,2.0,,,,10.0,,0.0
138813,,,,,,,,46.0,,17.0,,,,,,7.0,6.0,,,,,,11.0,,,
138822,,,,,,,,62.0,,32.0,,,,,,5.0,1.0,1.0,,,,1.0,4.0,12.0,4.0,1.0
138840,,,,,,,,303.0,,153.0,,,,,,33.0,21.0,2.0,2.0,,,21.0,1.0,22.0,,
138868,,,,,,,,246.0,,142.0,,,,,,29.0,9.0,5.0,28.0,,,0.0,,4.0,,3.0
138901,,,,,,,,127.0,,50.0,,,,,,22.0,3.0,6.0,1.0,,,5.0,,16.0,2.0,
138929,,,,,,,,57.0,,23.0,,,,,,13.0,,2.0,,,,,,8.0,1.0,
138938,,,,,,,,37.0,,19.0,,,,,,3.0,3.0,,,,,,4.0,8.0,,
138947,,,,,,,,600.0,,212.0,22.0,,,,,36.0,35.0,34.0,36.0,2.0,,56.0,,158.0,,
138956,,,,,,,,291.0,,159.0,,,,,,33.0,12.0,6.0,,,,23.0,,40.0,5.0,
139144,,,,,,,,526.0,,175.0,,,,,,61.0,15.0,19.0,72.0,,,77.0,,70.0,17.0,14.0
139153,,,,,,,,63.0,,29.0,,,,,,15.0,3.0,,,,,3.0,,10.0,,
139199,,,,,,,,386.0,,188.0,,,,,,44.0,3.0,6.0,19.0,1.0,,26.0,13.0,56.0,,1.0
139205,,,,,,,,112.0,,40.0,,,,,,18.0,5.0,2.0,26.0,1.0,,9.0,,5.0,3.0,
139250,,,,,,,,288.0,,110.0,,,,,,33.0,6.0,13.0,14.0,,,35.0,,38.0,5.0,
139278,,,,,,,,427.0,,210.0,,1.0,,,,26.0,24.0,9.0,18.0,,,36.0,,78.0,,
139311,,,,,,,,678.0,,252.0,,1.0,,,,119.0,17.0,33.0,28.0,6.0,,61.0,2.0,72.0,13.0,
139348,,,,,,,,76.0,,22.0,,1.0,,,,11.0,4.0,5.0,3.0,,,1.0,3.0,10.0,,
139357,,,,,,,,257.0,,126.0,,,,,,16.0,24.0,6.0,10.0,,,22.0,,37.0,,
139366,,,,,,,,889.0,,399.0,,,,,,103.0,19.0,21.0,50.0,2.0,,78.0,0.0,96.0,30.0,
139384,,,,,,,,391.0,,186.0,,,,,,36.0,14.0,12.0,2.0,,,42.0,,89.0,,
139393,,,,,,,,201.0,,69.0,,,,,,26.0,8.0,9.0,28.0,3.0,,27.0,0.0,17.0,,
139463,,,,,,,,335.0,,187.0,,,,,,45.0,6.0,11.0,9.0,2.0,,14.0,1.0,33.0,3.0,
139506,,,,,,,,19.0,,6.0,,,,,,3.0,1.0,,,,,,1.0,3.0,,
139579,,,,,,,,116.0,,50.0,,,,,,23.0,2.0,2.0,,,,,,5.0,,
139621,,,,,,,,217.0,,85.0,,,,,,41.0,5.0,3.0,6.0,,,21.0,,33.0,6.0,
139630,,,,,,,,166.0,,59.0,,,,,,6.0,11.0,3.0,43.0,6.0,,7.0,,26.0,3.0,
139658,,,,,,,,12140.0,,2214.0,888.0,1171.0,,,,925.0,760.0,2185.0,603.0,501.0,,642.0,4.0,791.0,160.0,29.0
139700,,,,,,,,388.0,,177.0,,2.0,,,,60.0,12.0,21.0,16.0,1.0,,14.0,,40.0,1.0,
139719,,,,,,,,561.0,,109.0,4.0,2.0,,,,83.0,18.0,44.0,19.0,2.0,,81.0,,63.0,14.0,
139746,,,,,,,,10.0,,7.0,,,,,,1.0,,,,,,,,2.0,,
139755,,,,,,,,8177.0,,1215.0,2536.0,122.0,,,,943.0,459.0,752.0,234.0,25.0,,574.0,,658.0,281.0,
139764,,,,,,,,327.0,,134.0,,,,,,42.0,7.0,15.0,14.0,2.0,,13.0,,42.0,15.0,
139861,,,,,,,,965.0,,365.0,,,,,,152.0,35.0,27.0,29.0,2.0,,83.0,4.0,140.0,52.0,
139931,,,,,,,,2976.0,,1056.0,13.0,3.0,,,,363.0,95.0,108.0,117.0,22.0,,407.0,2.0,437.0,112.0,
139940,,,,,,,,4980.0,,1349.0,67.0,42.0,,,,604.0,224.0,311.0,113.0,25.0,,595.0,6.0,738.0,242.0,
139959,,,,,,,,10873.0,,2197.0,191.0,544.0,,,,848.0,602.0,1540.0,727.0,147.0,,1514.0,18.0,1320.0,493.0,
139968,,,,,,,,266.0,,125.0,,,,,,33.0,5.0,6.0,5.0,2.0,,31.0,1.0,35.0,7.0,
139986,,,,,,,,315.0,,136.0,,4.0,,,,37.0,52.0,6.0,2.0,,,30.0,,21.0,,
139995,,,,,,,,14.0,,4.0,,,,,,,,,,,,,,,,
140003,,,,,,,,23.0,,11.0,,,,,,2.0,1.0,,,,,,3.0,4.0,,
140012,,,,,,,,607.0,,257.0,1.0,14.0,,,,56.0,22.0,11.0,30.0,,,39.0,,120.0,5.0,
140146,,,,,,,,61.0,,18.0,,,,,,12.0,2.0,2.0,,,,13.0,,10.0,1.0,1.0
140234,,,,,,,,174.0,,79.0,,,,,,18.0,10.0,4.0,25.0,3.0,,,,17.0,,
140243,,,,,,,,349.0,,175.0,,2.0,,,,18.0,22.0,8.0,1.0,,,24.0,,51.0,,
140252,,,,,,,,478.0,,146.0,1.0,,,,,77.0,23.0,12.0,35.0,5.0,,,8.0,77.0,14.0,2.0
140331,,,,,,,,577.0,,263.0,,,,,,30.0,24.0,24.0,38.0,,,54.0,,64.0,,
140340,,,,,,,,36.0,,22.0,,,,,,1.0,,1.0,,,,,,2.0,,
140447,,,,,,,,1705.0,,533.0,23.0,41.0,,,,163.0,56.0,287.0,168.0,34.0,,71.0,,228.0,,
140553,,,,,,,,408.0,,140.0,4.0,21.0,,,,86.0,21.0,13.0,31.0,3.0,,20.0,,58.0,,1.0
140562,,,,,,,,1052.0,,262.0,6.0,5.0,,,,148.0,74.0,72.0,20.0,32.0,,57.0,,175.0,,0.0
140678,,,,,,,,232.0,,108.0,2.0,1.0,,,,28.0,10.0,6.0,5.0,,,23.0,2.0,18.0,7.0,
140696,,,,,,,,198.0,,93.0,,,,,,22.0,10.0,7.0,40.0,3.0,,3.0,,8.0,,
140720,,,,,,,,98.0,,34.0,1.0,,,,,14.0,4.0,1.0,,,,9.0,,18.0,,
140818,,,,,,,,367.0,,184.0,,,,,,28.0,6.0,10.0,37.0,5.0,,14.0,11.0,42.0,12.0,1.0
140827,,,,,,,,18.0,,12.0,,,,,,4.0,,,,,,0.0,1.0,0.0,,
140872,,,,,,,,221.0,,108.0,,3.0,,,,16.0,15.0,3.0,44.0,3.0,,1.0,,12.0,,
140942,,,,,,,,309.0,,147.0,,35.0,,,,11.0,7.0,10.0,4.0,,,18.0,6.0,27.0,5.0,
140951,,,,,,,,1677.0,,677.0,,,,,,176.0,51.0,66.0,343.0,1.0,,118.0,4.0,129.0,11.0,37.0
140960,,,,,,,,472.0,,170.0,1.0,,,,,53.0,9.0,15.0,25.0,2.0,,65.0,,56.0,22.0,
140988,,,,,,,,215.0,,85.0,,,,,,26.0,11.0,5.0,28.0,1.0,,42.0,,14.0,,
141006,,,,,,,,161.0,,77.0,,,,,,9.0,16.0,4.0,11.0,,,15.0,,27.0,,
141015,,,,,,,,52.0,,35.0,,,,,,6.0,2.0,,,,,1.0,1.0,1.0,,
141060,,,,,,,,582.0,,201.0,,,,,,78.0,39.0,29.0,13.0,4.0,,59.0,,124.0,8.0,2.0
141167,,,,,,,,145.0,,73.0,,,,,,3.0,11.0,2.0,16.0,1.0,,3.0,,12.0,,1.0
141185,,,,,,,,166.0,,76.0,1.0,6.0,,,,24.0,4.0,2.0,10.0,,,11.0,1.0,14.0,9.0,
141237,,,,,,,,212.0,,86.0,,,,,,13.0,1.0,5.0,14.0,,,30.0,3.0,38.0,8.0,
141255,,,,,,,,306.0,,148.0,,,,,,36.0,18.0,7.0,15.0,,,19.0,,36.0,,
141264,,,,,,,,1124.0,,474.0,,,,,,162.0,14.0,47.0,37.0,9.0,,130.0,,138.0,30.0,
141325,,,,,,,,157.0,,60.0,0.0,0.0,,,,13.0,12.0,4.0,22.0,2.0,,9.0,1.0,14.0,4.0,1.0
141334,,,,,,,,1510.0,,530.0,,,,,,200.0,53.0,55.0,78.0,6.0,,186.0,,186.0,60.0,
141361,,,,,,,,191.0,,86.0,,,,,,28.0,5.0,5.0,23.0,6.0,,6.0,,10.0,,
141486,,,,,,,,304.0,,122.0,4.0,1.0,,,,36.0,9.0,13.0,27.0,4.0,,25.0,2.0,43.0,,
141565,,,,,,,,524.0,,208.0,,,,,,29.0,39.0,16.0,65.0,6.0,,60.0,1.0,42.0,13.0,
141574,,,,,,,,3976.0,,1312.0,179.0,46.0,,,,149.0,426.0,275.0,348.0,45.0,,340.0,26.0,168.0,73.0,16.0
141608,,,,,,,,9.0,,3.0,,,,,,1.0,0.0,,,,,,1.0,1.0,0.0,
141644,,,,,,,,479.0,,194.0,15.0,,,,,70.0,17.0,25.0,40.0,2.0,,20.0,,26.0,2.0,3.0
141680,,,,,,,,301.0,,117.0,,,,,,13.0,11.0,15.0,30.0,1.0,,30.0,1.0,27.0,2.0,2.0
141796,,,,,,,,417.0,,209.0,,,,,,15.0,19.0,12.0,44.0,,,31.0,,31.0,3.0,1.0
141802,,,,,,,,160.0,,65.0,,,,,,9.0,2.0,3.0,20.0,,,16.0,,19.0,4.0,3.0
141811,,,,,,,,360.0,,178.0,,,,,,11.0,11.0,6.0,47.0,,,26.0,2.0,32.0,4.0,4.0
141839,,,,,,,,251.0,,98.0,,,,,,10.0,17.0,7.0,42.0,,,19.0,,17.0,2.0,5.0
141963,,,,,,,,537.0,,,,,,,,86.0,190.0,156.0,39.0,2.0,,1.0,1.0,28.0,2.0,
141981,,,,,,,,285.0,,120.0,,,,,,10.0,27.0,11.0,53.0,1.0,,16.0,,6.0,2.0,6.0
141990,,,,,,,,176.0,,72.0,,,,,,10.0,8.0,5.0,19.0,,,23.0,1.0,14.0,2.0,2.0
142054,,,,,,,,48.0,,27.0,,,,,,8.0,,,,,,,,1.0,,
142090,,,,,,,,26.0,,8.0,,,,,,4.0,1.0,,1.0,,,3.0,2.0,4.0,,
142115,,,,,,,,2752.0,,982.0,50.0,,,,,105.0,316.0,253.0,212.0,35.0,,154.0,2.0,243.0,60.0,4.0
142179,,,,,,,,297.0,,87.0,,,,,,38.0,68.0,9.0,21.0,,,10.0,,38.0,4.0,
142276,,,,,,,,1718.0,,657.0,3.0,,,,,214.0,69.0,97.0,65.0,43.0,,154.0,,193.0,52.0,7.0
142285,,,,,,,,2292.0,,564.0,40.0,147.0,,,,170.0,169.0,347.0,259.0,10.0,,92.0,6.0,222.0,76.0,32.0
142294,,,,,,,,227.0,,90.0,,,,,,30.0,9.0,2.0,39.0,4.0,,22.0,1.0,21.0,2.0,
142328,,,,,,,,404.0,,188.0,,,,,,14.0,27.0,16.0,32.0,2.0,,30.0,,51.0,11.0,1.0
142407,,,,,,,,10.0,,4.0,,,,,,1.0,1.0,,,,,,1.0,1.0,,
142416,,,,,,,,4.0,,2.0,,,,,,2.0,,,,,,,,,,
142443,,,,,,,,642.0,,216.0,,,,,,34.0,43.0,32.0,70.0,7.0,,52.0,,58.0,16.0,1.0
142461,,,,,,,,316.0,,129.0,,,,,,26.0,18.0,17.0,45.0,3.0,,12.0,,58.0,,
142489,,,,,,,,5.0,,2.0,,,,,,1.0,1.0,,,,,,,,,
142522,,,,,,,,2060.0,,1363.0,,,,,,90.0,99.0,69.0,67.0,15.0,,76.0,3.0,142.0,53.0,13.0
142559,,,,,,,,646.0,,199.0,,,,,,76.0,34.0,20.0,78.0,3.0,,56.0,1.0,49.0,19.0,5.0
142832,,,,,,,,205.0,,65.0,,,,,,51.0,14.0,8.0,32.0,,,3.0,,11.0,,
142887,,,,,,,,53.0,,21.0,,,,,,8.0,,,,,,,7.0,16.0,,
142957,,,,,,,,11.0,,4.0,,,,,,3.0,,,,,,1.0,,,,
143048,,,,,,,,690.0,,339.0,,,,,,64.0,82.0,35.0,43.0,4.0,,12.0,,61.0,1.0,
143084,,,,,,,,572.0,,215.0,,,,,,88.0,3.0,13.0,68.0,4.0,,90.0,,65.0,13.0,2.0
143118,,,,,,,,563.0,,265.0,,,,,,39.0,23.0,19.0,74.0,5.0,,42.0,2.0,35.0,,
143181,,,,,,,,8.0,,5.0,,,,,,,,,,,,,,0.0,,
143215,,,,,,,,559.0,,249.0,,,,,,15.0,40.0,38.0,97.0,,,66.0,,31.0,,
143233,,,,,,,,28.0,,9.0,,,,,,7.0,1.0,1.0,0.0,,,0.0,,5.0,0.0,
143279,,,,,,,,337.0,,125.0,,,,,,14.0,34.0,22.0,63.0,0.0,,50.0,3.0,17.0,,
143288,,,,,,,,107.0,,42.0,,,,,,23.0,3.0,2.0,12.0,1.0,,1.0,7.0,9.0,4.0,1.0
143297,,,,,,,,54.0,,33.0,,,,,,4.0,,2.0,1.0,,,,,4.0,,
143303,,,,,,,,4.0,,4.0,,,,,,,,,,,,,,,,
143358,,,,,,,,891.0,,372.0,,12.0,,,,37.0,59.0,33.0,60.0,,,98.0,,113.0,22.0,
143376,,,,,,,,22.0,,10.0,,,,,,3.0,1.0,,,,,1.0,1.0,5.0,,
143464,,,,,,,,6.0,,4.0,,,,,,2.0,1.0,,,,,,,,,
143473,,,,,,,,12.0,,4.0,,,,,,2.0,2.0,,,,,1.0,1.0,2.0,,
143482,,,,,,,,11.0,,3.0,,,,,,2.0,1.0,,,,,1.0,1.0,2.0,1.0,
143491,,,,,,,,12.0,,4.0,,,,,,2.0,2.0,,,,,2.0,1.0,1.0,,
143552,,,,,,,,9.0,,5.0,,,,,,1.0,1.0,,,,,,1.0,,,
143613,,,,,,,,221.0,,84.0,,,,,,22.0,14.0,11.0,26.0,2.0,,26.0,,16.0,,
143659,,,,,,,,63.0,,24.0,,,,,,13.0,3.0,3.0,7.0,,,2.0,,4.0,4.0,
143853,,,,,,,,650.0,,216.0,25.0,3.0,,,,96.0,24.0,30.0,8.0,52.0,,61.0,,108.0,1.0,
143978,,,,,,,,94.0,,58.0,2.0,,,,,13.0,,,,,,,,3.0,,
144005,,,,,,,,610.0,,209.0,,3.0,,,,70.0,47.0,15.0,39.0,10.0,,66.0,,40.0,31.0,9.0
144014,,,,,,,,42.0,,11.0,,2.0,,,,6.0,3.0,,,,,1.0,,5.0,,
144050,,,,,,,,11052.0,,2540.0,1731.0,,,,,1546.0,851.0,827.0,829.0,592.0,,283.0,20.0,731.0,167.0,38.0
144157,,,,,,,,298.0,,89.0,,,,,,14.0,27.0,6.0,24.0,1.0,,63.0,3.0,24.0,,
144166,,,,,,,,426.0,,172.0,,,,,,28.0,31.0,14.0,41.0,13.0,,56.0,0.0,23.0,,
144175,,,,,,,,244.0,,69.0,,,,,,12.0,23.0,9.0,21.0,1.0,,48.0,,27.0,,
144184,,,,,,,,367.0,,119.0,,,,,,19.0,24.0,7.0,33.0,1.0,,47.0,0.0,28.0,,
144193,,,,,,,,290.0,,111.0,,,,,,10.0,23.0,7.0,14.0,1.0,,61.0,0.0,24.0,,
144209,,,,,,,,368.0,,187.0,,,,,,11.0,22.0,9.0,25.0,1.0,,29.0,,26.0,,
144218,,,,,,,,356.0,,159.0,,,,,,14.0,26.0,12.0,24.0,2.0,,44.0,,28.0,,
144281,,,,,,,,954.0,,450.0,,,,,,114.0,52.0,40.0,141.0,,,11.0,1.0,60.0,4.0,0.0
144351,,,,,,,,566.0,,323.0,2.0,,,,,40.0,9.0,6.0,30.0,,,28.0,,106.0,,
144485,,,,,,,,52.0,,23.0,,,,,,4.0,5.0,1.0,,,,1.0,7.0,3.0,,
144500,,,,,,,,261.0,,,,,,,,29.0,62.0,70.0,70.0,1.0,,8.0,,7.0,,
144564,,,,,,,,222.0,,73.0,,,,,,16.0,31.0,9.0,44.0,,,20.0,7.0,18.0,,
144573,,,,,,,,2.0,,1.0,,,,,,1.0,,,,,,,,0.0,,
144740,,,,,,,,2655.0,,1180.0,,,,,,244.0,226.0,189.0,208.0,,,91.0,,240.0,21.0,8.0
144777,,,,,,,,801.0,,,,,,,,161.0,157.0,55.0,6.0,,,,,13.0,,
144795,,,,,,,,32.0,,17.0,,,,,,6.0,2.0,,,,,1.0,4.0,1.0,,
144865,,,,,,,,1381.0,,612.0,,,,,,28.0,64.0,61.0,140.0,2.0,,102.0,41.0,180.0,,
144883,,,,,,,,41.0,,16.0,,,,,,4.0,1.0,2.0,,,,,1.0,2.0,3.0,
144892,,,,,,,,1138.0,,423.0,,,,,,34.0,66.0,48.0,141.0,17.0,,172.0,2.0,141.0,51.0,4.0
144944,,,,,,,,667.0,,247.0,,,,,,128.0,15.0,31.0,54.0,,,59.0,2.0,88.0,14.0,0.0
144962,,,,,,,,506.0,,236.0,,,,,,47.0,12.0,13.0,51.0,3.0,,45.0,,78.0,9.0,1.0
144971,,,,,,,,113.0,,41.0,,,,,,9.0,7.0,4.0,17.0,1.0,,5.0,1.0,4.0,3.0,
145099,,,,,,,,20.0,,8.0,,,,,,4.0,1.0,,,,,1.0,1.0,1.0,,0.0
145239,,,,,,,,56.0,,41.0,,,,,,3.0,3.0,,,,,,4.0,2.0,,
145275,,,,,,,,85.0,,30.0,,,,,,14.0,16.0,3.0,2.0,,,1.0,,4.0,3.0,
145309,,,,,,,,8.0,,4.0,,,,,,,2.0,,,,,,,1.0,,
145336,,,,,,,,792.0,,347.0,,,,,,69.0,58.0,24.0,63.0,3.0,,44.0,,75.0,7.0,22.0
145354,,,,,,,,16.0,,9.0,,,,,,1.0,,,,,,,,3.0,,
145372,,,,,,,,222.0,,110.0,,,,,,25.0,2.0,,37.0,,,1.0,,32.0,6.0,0.0
145406,,,,,,,,31.0,,15.0,,,,,,4.0,4.0,,,,,,,7.0,1.0,
145424,,,,,,,,4.0,,3.0,,,,,,1.0,,,,,,,,1.0,,
145433,,,,,,,,8.0,,4.0,,,,,,3.0,,,,,,,,1.0,,
145497,,,,,,,,60.0,,21.0,,,,,,11.0,1.0,1.0,,,,13.0,,12.0,,0.0
145521,,,,,,,,168.0,,70.0,,,,,,20.0,1.0,6.0,15.0,,,15.0,2.0,28.0,4.0,
145558,,,,,,,,715.0,,229.0,2.0,,,,,82.0,13.0,83.0,14.0,134.0,,23.0,0.0,109.0,7.0,5.0
145600,,,,,,,,12415.0,,2533.0,345.0,,,,,1313.0,742.0,1025.0,342.0,3220.0,,702.0,,1592.0,260.0,213.0
145619,,,,,,,,492.0,,221.0,5.0,2.0,,,,44.0,44.0,10.0,52.0,2.0,,24.0,,58.0,,
145628,,,,,,,,180.0,,58.0,1.0,12.0,,,,26.0,6.0,4.0,2.0,2.0,,52.0,,8.0,5.0,
145637,,,,,,,,11685.0,,2527.0,291.0,1.0,,,,1446.0,952.0,1505.0,570.0,240.0,,1161.0,,1429.0,532.0,219.0
145646,,,,,,,,424.0,,144.0,,,,,,31.0,14.0,12.0,61.0,2.0,,53.0,,46.0,21.0,
145682,,,,,,,,568.0,,249.0,,,,,,27.0,38.0,36.0,61.0,3.0,,72.0,8.0,39.0,,
145691,,,,,,,,262.0,,86.0,,,,,,16.0,12.0,9.0,37.0,4.0,,30.0,,20.0,2.0,
145707,,,,,,,,100.0,,52.0,,,,,,4.0,3.0,2.0,15.0,,,10.0,3.0,7.0,1.0,
145725,,,,,,,,1114.0,,387.0,,,,,,161.0,103.0,88.0,7.0,2.0,,67.0,,129.0,,
145813,,,,,,,,3307.0,,1008.0,,,,,,370.0,67.0,225.0,127.0,49.0,,481.0,,300.0,105.0,39.0
145831,,,,,,,,225.0,,104.0,,,,,,14.0,16.0,12.0,24.0,,,14.0,3.0,24.0,,
145886,,,,,,,,27.0,,20.0,,,,,,4.0,,,,,,,1.0,1.0,,
146205,,,,,,,,320.0,,106.0,,,,,,22.0,8.0,14.0,58.0,,,44.0,,59.0,,
146278,,,,,,,,211.0,,86.0,,,,,,15.0,15.0,15.0,35.0,,,17.0,2.0,25.0,,
146296,,,,,,,,883.0,,394.0,,,,,,14.0,44.0,58.0,152.0,,,106.0,26.0,86.0,,
146339,,,,,,,,220.0,,110.0,1.0,,,,,8.0,6.0,4.0,23.0,3.0,,6.0,3.0,12.0,,
146348,,,,,,,,270.0,,107.0,,,,,,40.0,10.0,11.0,29.0,,,25.0,1.0,33.0,,
146366,,,,,,,,223.0,,89.0,,,,,,22.0,24.0,14.0,19.0,,,23.0,7.0,8.0,,0.0
146418,,,,,,,,231.0,,90.0,,,,,,13.0,7.0,12.0,49.0,,,28.0,7.0,22.0,,
146427,,,,,,,,374.0,,120.0,,,,,,33.0,20.0,13.0,35.0,5.0,,66.0,,30.0,13.0,
146454,,,,,,,,4.0,,3.0,,,,,,1.0,,,,,,,,,,
146472,,,,,,,,953.0,,407.0,,,,,,57.0,59.0,49.0,108.0,0.0,,102.0,29.0,79.0,,
146481,,,,,,,,318.0,,129.0,1.0,,,,,37.0,14.0,11.0,27.0,3.0,,10.0,,30.0,8.0,2.0
146490,,,,,,,,92.0,,52.0,,,,,,9.0,21.0,2.0,,,,,4.0,2.0,1.0,
146506,,,,,,,,375.0,,139.0,,,,,,26.0,21.0,15.0,37.0,3.0,,42.0,5.0,52.0,1.0,0.0
146533,,,,,,,,30.0,,19.0,,,,,,2.0,1.0,0.0,,,,,,2.0,,
146603,,,,,,,,383.0,,157.0,,,,,,66.0,26.0,27.0,55.0,3.0,,20.0,,27.0,,
146612,,,,,,,,688.0,,331.0,,,,,,81.0,32.0,26.0,78.0,3.0,,29.0,,57.0,23.0,
146667,,,,,,,,93.0,,34.0,,,,,,9.0,6.0,3.0,1.0,,,14.0,6.0,9.0,,
146676,,,,,,,,207.0,,51.0,,,,,,28.0,7.0,4.0,21.0,1.0,,47.0,,18.0,5.0,
146685,,,,,,,,442.0,,164.0,,,,,,63.0,25.0,24.0,23.0,,,39.0,4.0,60.0,7.0,
146700,,,,,,,,67.0,,35.0,,,,,,17.0,,1.0,,,,2.0,,8.0,,
146719,,,,,,,,2724.0,,1208.0,77.0,,,,,330.0,127.0,223.0,150.0,64.0,,193.0,,256.0,47.0,
146728,,,,,,,,59.0,,17.0,,,,,,14.0,5.0,1.0,2.0,,,2.0,1.0,8.0,3.0,
146755,,,,,,,,23.0,,12.0,,,,,,3.0,2.0,1.0,,,,,,2.0,,
146807,,,,,,,,10.0,,4.0,,,,,,1.0,2.0,,,,,,,3.0,,
146816,,,,,,,,29.0,,17.0,,,,,,3.0,,,,,,,,3.0,,
146977,,,,,,,,49.0,,23.0,,,,,,8.0,,2.0,1.0,,,2.0,,11.0,,
147004,,,,,,,,363.0,,138.0,,,,,,59.0,10.0,20.0,12.0,1.0,,15.0,2.0,54.0,6.0,1.0
147013,,,,,,,,282.0,,129.0,,,,,,20.0,8.0,7.0,55.0,4.0,,17.0,,18.0,,2.0
147031,,,,,,,,26.0,,9.0,,,,,,3.0,2.0,,3.0,,,,,3.0,,
147129,,,,,,,,101.0,,51.0,,,,,,17.0,6.0,2.0,3.0,,,5.0,1.0,3.0,,
147244,,,,,,,,363.0,,177.0,,,,,,27.0,14.0,14.0,55.0,,,18.0,,42.0,,2.0
147341,,,,,,,,237.0,,94.0,,,,,,18.0,13.0,6.0,37.0,4.0,,19.0,,23.0,7.0,
147369,,,,,,,,409.0,,120.0,,,,,,103.0,41.0,25.0,30.0,1.0,,20.0,,51.0,11.0,2.0
147378,,,,,,,,779.0,,355.0,,,,,,33.0,17.0,37.0,34.0,1.0,,55.0,3.0,143.0,17.0,2.0
147396,,,,,,,,15.0,,7.0,,,,,,1.0,3.0,,,,,1.0,2.0,,,
147411,,,,,,,,277.0,,107.0,,,,,,29.0,2.0,9.0,13.0,1.0,,28.0,2.0,61.0,,
147536,,,,,,,,782.0,,324.0,,,,,,56.0,48.0,25.0,161.0,,,19.0,1.0,48.0,2.0,1.0
147590,,,,,,,,168.0,,72.0,1.0,5.0,,,,28.0,7.0,3.0,3.0,,,15.0,6.0,19.0,,
147642,,,,,,,,7.0,,2.0,,,,,,4.0,,,,,,,,1.0,,
147660,,,,,,,,497.0,,212.0,,,,,,95.0,13.0,17.0,71.0,6.0,,19.0,3.0,34.0,18.0,
147679,,,,,,,,476.0,,224.0,,,,,,36.0,8.0,19.0,41.0,6.0,,37.0,43.0,23.0,,
147697,,,,,,,,18.0,,3.0,,,,,,6.0,1.0,,,,,,,2.0,,
147703,,,,,,,,2771.0,,870.0,16.0,1.0,,,,156.0,155.0,226.0,163.0,15.0,,367.0,,505.0,15.0,41.0
147767,,,,,,,,10075.0,,2438.0,1141.0,,,,,232.0,1626.0,1848.0,333.0,159.0,,167.0,15.0,1563.0,290.0,
147776,,,,,,,,1013.0,,357.0,,,,,,141.0,68.0,41.0,45.0,4.0,,76.0,1.0,100.0,21.0,3.0
147800,,,,,,,,650.0,,284.0,,,,,,22.0,44.0,40.0,66.0,1.0,,66.0,12.0,65.0,,
147819,,,,,,,,5.0,,3.0,,,,,,,,,,,,,,,,
147828,,,,,,,,558.0,,209.0,,,,,,57.0,16.0,41.0,44.0,6.0,,49.0,29.0,73.0,14.0,1.0
147916,,,,,,,,502.0,,230.0,,,,,,26.0,22.0,29.0,50.0,,,57.0,17.0,48.0,,
148007,,,,,,,,330.0,,119.0,,,,,,30.0,19.0,13.0,32.0,,,18.0,1.0,60.0,10.0,
148016,,,,,,,,257.0,,67.0,,,,,,26.0,5.0,6.0,27.0,3.0,,61.0,1.0,18.0,26.0,7.0
148098,,,,,,,,7.0,,4.0,,,,,,1.0,1.0,,,,,,,1.0,,
148131,,,,,,,,173.0,,73.0,,,,,,20.0,1.0,5.0,34.0,3.0,,4.0,8.0,23.0,,
148256,,,,,,,,214.0,,65.0,,,,,,28.0,9.0,14.0,25.0,,,31.0,1.0,18.0,,
148292,,,,,,,,199.0,,76.0,,,,,,34.0,11.0,7.0,23.0,,,13.0,7.0,15.0,,
148380,,,,,,,,487.0,,221.0,,,,,,54.0,9.0,18.0,64.0,,,34.0,,72.0,,
148405,,,,,,,,209.0,,107.0,,,,,,25.0,10.0,6.0,29.0,3.0,,5.0,,19.0,,
148487,,,,,,,,726.0,,362.0,,,,,,89.0,25.0,14.0,52.0,1.0,,24.0,,33.0,9.0,
148496,,,,,,,,487.0,,226.0,,,,,,53.0,21.0,15.0,33.0,0.0,,16.0,,74.0,7.0,
148511,,,,,,,,2288.0,,1284.0,,,,,,197.0,58.0,68.0,50.0,183.0,,317.0,23.0,100.0,,
148575,,,,,,,,62.0,,41.0,,,,,,4.0,9.0,,,2.0,,,,3.0,,
148584,,,,,,,,355.0,,159.0,,,,,,39.0,14.0,17.0,37.0,3.0,,17.0,,28.0,10.0,4.0
148593,,,,,,,,25.0,,20.0,,,,,,1.0,,,,,,,,,,
148627,,,,,,,,476.0,,208.0,,,,,,24.0,22.0,21.0,44.0,5.0,,49.0,,59.0,7.0,
148654,,,,,,,,769.0,,239.0,,,,,,114.0,58.0,29.0,58.0,1.0,,72.0,,122.0,24.0,8.0
148672,,,,,,,,159.0,,57.0,,,,,,18.0,15.0,7.0,23.0,,,17.0,1.0,8.0,,
148821,,,,,,,,120.0,,46.0,,,,,,11.0,4.0,5.0,22.0,,,4.0,1.0,19.0,,
148876,,,,,,,,107.0,,38.0,,,,,,9.0,2.0,8.0,1.0,,,1.0,1.0,8.0,,
148885,,,,,,,,91.0,,21.0,,,,,,13.0,8.0,2.0,0.0,0.0,,24.0,,7.0,7.0,
148937,,,,,,,,107.0,,44.0,,,,,,6.0,7.0,5.0,14.0,,,5.0,10.0,9.0,,
148955,,,,,,,,4.0,,1.0,,,,,,2.0,,,1.0,,,0.0,,0.0,,
148982,,,,,,,,40.0,,12.0,,1.0,,,,6.0,4.0,2.0,1.0,,,1.0,3.0,3.0,2.0,
148991,,,,,,,,128.0,,45.0,,,,,,18.0,3.0,9.0,20.0,,,4.0,2.0,21.0,,
149028,,,,,,,,44.0,,29.0,,,,,,5.0,1.0,,1.0,,,,,6.0,,
149204,,,,,,,,9.0,,5.0,,,,,,1.0,1.0,,,,,,,2.0,,
149222,,,,,,,,4559.0,,1045.0,65.0,10.0,,,,152.0,337.0,231.0,403.0,562.0,,396.0,7.0,835.0,138.0,37.0
149231,,,,,,,,2216.0,,720.0,,,,,,84.0,107.0,132.0,156.0,16.0,,278.0,22.0,331.0,59.0,25.0
149240,,,,,,,,47.0,,,,,,,,14.0,18.0,1.0,,,,1.0,,12.0,,
149310,,,,,,,,17.0,,7.0,,,,,,4.0,1.0,1.0,,,,,1.0,3.0,,
149329,,,,,,,,26.0,,7.0,,,,,,6.0,2.0,,,,,10.0,,1.0,,
149365,,,,,,,,351.0,,119.0,,,,,,26.0,28.0,19.0,20.0,,,36.0,5.0,73.0,2.0,3.0
149499,,,,,,,,2.0,,1.0,,,,,,1.0,,,,,,,,,,
149505,,,,,,,,226.0,,93.0,,,,,,41.0,8.0,12.0,30.0,1.0,,8.0,,21.0,4.0,
149514,,,,,,,,287.0,,134.0,,,,,,26.0,8.0,7.0,31.0,0.0,,24.0,,15.0,4.0,
149532,,,,,,,,612.0,,247.0,,,,,,32.0,45.0,33.0,76.0,1.0,,63.0,,69.0,,1.0
149550,,,,,,,,17.0,,12.0,,,,,,2.0,,,,,,,,3.0,,
149587,,,,,,,,838.0,,0.0,1.0,,,,,267.0,267.0,137.0,18.0,,,2.0,,139.0,,
149639,,,,,,,,43.0,,22.0,,,,,,1.0,5.0,3.0,2.0,,,,,3.0,0.0,
149727,,,,,,,,598.0,,201.0,,,,,,77.0,37.0,20.0,85.0,,,43.0,10.0,54.0,,
149763,,,,,,,,104.0,,48.0,,,,,,25.0,5.0,5.0,1.0,,,,,2.0,,
149772,,,,,,,,1222.0,,461.0,,,,,,35.0,58.0,86.0,82.0,17.0,,145.0,3.0,134.0,41.0,1.0
149781,,,,,,,,802.0,,256.0,,,,,,70.0,114.0,35.0,71.0,5.0,,65.0,1.0,108.0,28.0,1.0
149842,,,,,,,,944.0,,337.0,,,,,,38.0,48.0,80.0,141.0,31.0,,105.0,24.0,65.0,,
150048,,,,,,,,72.0,,27.0,,,,,,12.0,,1.0,19.0,,,2.0,,8.0,,
150066,,,,,,,,314.0,,128.0,,,,,,36.0,17.0,9.0,45.0,3.0,,11.0,,37.0,10.0,
150136,,,,,,,,3273.0,,1136.0,,,,,,290.0,157.0,151.0,139.0,12.0,,514.0,,503.0,134.0,45.0
150145,,,,,,,,248.0,,101.0,,,,,,27.0,8.0,7.0,27.0,0.0,,16.0,,34.0,6.0,
150163,,,,,,,,1069.0,,396.0,4.0,,,,,198.0,30.0,50.0,120.0,9.0,,89.0,2.0,98.0,19.0,2.0
150172,,,,,,,,102.0,,44.0,,,,,,10.0,3.0,4.0,15.0,,,3.0,,3.0,,
150215,,,,,,,,63.0,,15.0,3.0,2.0,,,,10.0,4.0,4.0,4.0,1.0,,,,8.0,,
150251,,,,,,,,14.0,,10.0,,,,,,4.0,,,,,,,,1.0,,
150288,,,,,,,,109.0,,24.0,,,,,,8.0,10.0,7.0,5.0,,,21.0,4.0,17.0,2.0,
150303,,,,,,,,23.0,,13.0,,,,,,1.0,,,,,,,,2.0,,
150400,,,,,,,,585.0,,213.0,,,,,,43.0,65.0,28.0,84.0,6.0,,68.0,,47.0,15.0,1.0
150428,,,,,,,,4.0,,3.0,,,,,,1.0,,,,,,,,,,
150455,,,,,,,,276.0,,100.0,1.0,0.0,,,,12.0,11.0,9.0,41.0,2.0,,13.0,,38.0,,
150534,,,,,,,,488.0,,205.0,,,,,,43.0,10.0,11.0,77.0,7.0,,24.0,1.0,65.0,11.0,
150604,,,,,,,,257.0,,83.0,,,,,,21.0,11.0,11.0,36.0,4.0,,29.0,,27.0,11.0,
150668,,,,,,,,238.0,,79.0,,,,,,39.0,6.0,13.0,25.0,,,25.0,5.0,25.0,6.0,
150677,,,,,,,,210.0,,77.0,,5.0,,,,6.0,14.0,6.0,30.0,,,4.0,,9.0,0.0,
150756,,,,,,,,257.0,,91.0,,,,,,20.0,11.0,6.0,39.0,5.0,,15.0,,20.0,9.0,1.0
150765,,,,,,,,9.0,,6.0,,,,,,,,,,,,,,3.0,,
150774,,,,,,,,93.0,,36.0,,,,,,16.0,11.0,3.0,16.0,,,3.0,,4.0,,
150853,,,,,,,,27.0,,22.0,,,,,,3.0,,,,,,,2.0,,,
150941,,,,,,,,212.0,,98.0,,,,,,19.0,4.0,8.0,25.0,,,10.0,10.0,28.0,0.0,1.0
150987,,,,,,,,4380.0,,2078.0,,,,,,338.0,346.0,168.0,504.0,,,202.0,,692.0,,
151102,,,,,,,,1047.0,,408.0,,17.0,,,,106.0,98.0,57.0,73.0,7.0,,70.0,,165.0,20.0,7.0
151111,,,,,,,,8548.0,,3057.0,585.0,,,,,688.0,441.0,907.0,393.0,719.0,,425.0,2.0,1062.0,182.0,30.0
151263,,,,,,,,799.0,,379.0,,,,,,77.0,24.0,25.0,67.0,8.0,,67.0,1.0,89.0,7.0,
151290,,,,,,,,519.0,,215.0,,,,,,41.0,23.0,9.0,61.0,,,8.0,,66.0,8.0,
151306,,,,,,,,1053.0,,411.0,,,,,,113.0,49.0,56.0,58.0,,,90.0,,145.0,32.0,6.0
151324,,,,,,,,1562.0,,510.0,,,,,,128.0,60.0,86.0,192.0,13.0,,199.0,2.0,224.0,44.0,18.0
151333,,,,,,,,327.0,,161.0,,,,,,49.0,,15.0,20.0,,,28.0,,40.0,9.0,3.0
151342,,,,,,,,568.0,,293.0,,,,,,66.0,6.0,24.0,39.0,1.0,,43.0,,70.0,15.0,
151351,,,,,,,,8922.0,,2195.0,502.0,,,,,1108.0,407.0,1071.0,847.0,67.0,,845.0,56.0,1244.0,296.0,128.0
151360,,,,,,,,432.0,,199.0,2.0,,,,,51.0,6.0,25.0,34.0,7.0,,36.0,,60.0,7.0,
151379,,,,,,,,481.0,,254.0,,,,,,52.0,9.0,21.0,34.0,,,31.0,,62.0,8.0,1.0
151388,,,,,,,,340.0,,161.0,,,,,,52.0,1.0,12.0,39.0,,,17.0,,43.0,9.0,
151467,,,,,,,,44.0,,18.0,,,,,,5.0,1.0,,,,,,14.0,5.0,,
151564,,,,,,,,4.0,,3.0,,,,,,1.0,,,,,,,,,,
151607,,,,,,,,10.0,,5.0,,,,,,1.0,,,,,,,,1.0,,
151652,,,,,,,,16.0,,10.0,,,,,,2.0,,,,,,,,1.0,,
151661,,,,,,,,81.0,,32.0,,,,,,31.0,,1.0,,,,1.0,,12.0,,
151777,,,,,,,,298.0,,106.0,,,,,,28.0,19.0,11.0,41.0,2.0,,31.0,12.0,27.0,8.0,1.0
151786,,,,,,,,556.0,,233.0,,,,,,37.0,15.0,17.0,118.0,3.0,,9.0,,36.0,,
151801,,,,,,,,1426.0,,611.0,,,,,,360.0,33.0,49.0,28.0,9.0,,60.0,12.0,198.0,25.0,3.0
151810,,,,,,,,45.0,,7.0,,,,,,16.0,4.0,2.0,,,,5.0,,2.0,,
151865,,,,,,,,34.0,,9.0,,,,,,8.0,3.0,1.0,1.0,,,,1.0,7.0,1.0,
151962,,,,,,,,26.0,,18.0,,,,,,,,,,,,8.0,,,,
152044,,,,,,,,6.0,,5.0,,,,,,1.0,,,,,,,,,,
152080,,,,,,,,5893.0,,1263.0,272.0,,,,,591.0,836.0,571.0,345.0,43.0,,1165.0,3.0,537.0,10.0,17.0
152099,,,,,,,,302.0,,68.0,,0.0,,,,24.0,12.0,2.0,11.0,1.0,,8.0,1.0,25.0,7.0,
152150,,,,,,,,7.0,,4.0,,,,,,2.0,,,,,,,1.0,,,
152275,,,,,,,,18.0,,9.0,,,,,,2.0,2.0,,,,,,,4.0,1.0,
152309,,,,,,,,10.0,,7.0,,,,,,1.0,1.0,,,,,,,1.0,,
152318,,,,,,,,529.0,,189.0,,,,,,93.0,8.0,49.0,33.0,3.0,,66.0,2.0,52.0,20.0,4.0
152336,,,,,,,,362.0,,178.0,,,,,,32.0,14.0,14.0,31.0,,,14.0,,30.0,7.0,6.0
152381,,,,,,,,204.0,,96.0,,,,,,24.0,19.0,3.0,15.0,,,20.0,,9.0,5.0,
152390,,,,,,,,416.0,,163.0,,,,,,39.0,23.0,13.0,34.0,5.0,,56.0,,50.0,10.0,
152451,,,,,,,,141.0,,12.0,,,,,,30.0,,5.0,,4.0,,49.0,,38.0,,
152497,,,,,,,,25.0,,18.0,,,,,,1.0,2.0,,,,,,,2.0,,
152530,,,,,,,,414.0,,151.0,,,,,,28.0,18.0,23.0,46.0,6.0,,43.0,,80.0,11.0,
152567,,,,,,,,443.0,,173.0,,,,,,40.0,5.0,11.0,,,,130.0,19.0,,62.0,
152600,,,,,,,,709.0,,274.0,,,,,,132.0,14.0,32.0,51.0,11.0,,88.0,,73.0,18.0,
152628,,,,,,,,5.0,,3.0,,,,,,1.0,,,,,,,,1.0,,
152637,,,,,,,,1018.0,,386.0,,,,,,110.0,10.0,27.0,37.0,7.0,,57.0,,321.0,26.0,3.0
152673,,,,,,,,273.0,,93.0,,,,,,30.0,26.0,19.0,48.0,5.0,,4.0,9.0,33.0,,
152798,,,,,,,,88.0,,58.0,,,,,,4.0,3.0,1.0,,,,5.0,,7.0,,
152992,,,,,,,,201.0,,80.0,,,,,,34.0,2.0,4.0,40.0,,,19.0,2.0,9.0,4.0,2.0
153001,,,,,,,,335.0,,135.0,1.0,,,,,6.0,15.0,10.0,57.0,1.0,,34.0,14.0,22.0,,
153074,,,,,,,,31.0,,16.0,,,,,,2.0,2.0,,,,,1.0,,3.0,,
153083,,,,,,,,21.0,,13.0,,,,,,1.0,,,,,,,,5.0,,
153108,,,,,,,,359.0,,106.0,,,,,,33.0,26.0,10.0,54.0,3.0,,83.0,2.0,24.0,5.0,3.0
153126,,,,,,,,262.0,,97.0,,,,,,22.0,8.0,8.0,42.0,6.0,,37.0,,32.0,5.0,
153144,,,,,,,,333.0,,141.0,,,,,,45.0,7.0,6.0,57.0,5.0,,32.0,,25.0,6.0,1.0
153162,,,,,,,,261.0,,89.0,1.0,,,,,25.0,22.0,10.0,46.0,6.0,,15.0,,21.0,,
153214,,,,,,,,1078.0,,577.0,,,,,,50.0,28.0,40.0,76.0,1.0,,58.0,12.0,119.0,29.0,5.0
153241,,,,,,,,46.0,,19.0,,,,,,2.0,2.0,1.0,1.0,,,7.0,,11.0,1.0,
153250,,,,,,,,250.0,,105.0,,,,,,27.0,9.0,11.0,39.0,1.0,,14.0,2.0,29.0,4.0,2.0
153269,,,,,,,,1046.0,,353.0,4.0,,,,,62.0,47.0,79.0,76.0,2.0,,94.0,1.0,207.0,21.0,3.0
153278,,,,,,,,466.0,,136.0,3.0,,,,,52.0,13.0,7.0,44.0,7.0,,58.0,16.0,49.0,14.0,1.0
153296,,,,,,,,76.0,,30.0,,,,,,5.0,1.0,,3.0,,,13.0,,5.0,7.0,
153302,,,,,,,,66.0,,26.0,,,,,,11.0,2.0,1.0,5.0,0.0,,7.0,4.0,6.0,3.0,
153311,,,,,,,,480.0,,221.0,,,,,,32.0,6.0,23.0,14.0,,,19.0,5.0,58.0,,
153320,,,,,,,,111.0,,30.0,,,,,,19.0,2.0,3.0,7.0,1.0,,19.0,5.0,22.0,,
153366,,,,,,,,253.0,,84.0,,,,,,26.0,8.0,8.0,42.0,4.0,,21.0,,30.0,6.0,
153375,,,,,,,,284.0,,130.0,,,,,,22.0,20.0,5.0,41.0,,,,,23.0,7.0,
153384,,,,,,,,747.0,,212.0,5.0,,,,,69.0,29.0,48.0,54.0,9.0,,133.0,2.0,86.0,26.0,7.0
153427,,,,,,,,17.0,,9.0,,,,,,2.0,1.0,0.0,,,,,1.0,3.0,,
153445,,,,,,,,498.0,,243.0,,,,,,53.0,29.0,13.0,17.0,,,8.0,,38.0,1.0,1.0
153463,,,,,,,,4.0,,2.0,,,,,,,1.0,,,,,,,1.0,,
153472,,,,,,,,455.0,,213.0,,,,,,24.0,13.0,16.0,51.0,3.0,,49.0,9.0,44.0,5.0,4.0
153524,,,,,,,,438.0,,170.0,,,,,,47.0,12.0,10.0,51.0,,,47.0,,71.0,7.0,6.0
153533,,,,,,,,251.0,,86.0,,3.0,,,,32.0,4.0,8.0,15.0,,,26.0,2.0,39.0,,
153542,,,,,,,,2.0,,1.0,,,,,,1.0,,,,,,,,,,
153597,,,,,,,,12.0,,7.0,,,,,,2.0,,,,,,,1.0,2.0,,
153603,,,,,,,,6398.0,,1612.0,533.0,179.0,,,,609.0,746.0,413.0,460.0,303.0,,548.0,35.0,429.0,327.0,54.0
153621,,,,,,,,127.0,,55.0,,,,,,5.0,9.0,4.0,17.0,1.0,,3.0,6.0,12.0,,
153630,,,,,,,,536.0,,208.0,,,,,,59.0,18.0,24.0,84.0,4.0,,46.0,6.0,65.0,5.0,3.0
153658,,,,,,,,10045.0,,2615.0,299.0,,,,,391.0,1281.0,1643.0,436.0,960.0,,998.0,2.0,462.0,125.0,86.0
153737,,,,,,,,1004.0,,410.0,,,,,,107.0,59.0,30.0,54.0,3.0,,82.0,11.0,117.0,20.0,2.0
153746,,,,,,,,3.0,,1.0,,,,,,1.0,,,,,,,,1.0,,
153764,,,,,,,,4.0,,3.0,,,,,,1.0,,,,,,,,,,
153773,,,,,,,,8.0,,6.0,,,,,,1.0,,,,,,,,1.0,,
153782,,,,,,,,2.0,,1.0,,,,,,1.0,,,,,,,,,,
153825,,,,,,,,317.0,,107.0,,,,,,31.0,12.0,14.0,51.0,4.0,,38.0,2.0,29.0,11.0,1.0
153834,,,,,,,,419.0,,169.0,,,,,,37.0,17.0,21.0,36.0,3.0,,50.0,,49.0,14.0,
153861,,,,,,,,334.0,,104.0,0.0,,,,,18.0,26.0,25.0,38.0,,,22.0,12.0,48.0,6.0,3.0
153922,,,,,,,,163.0,,56.0,,,,,,24.0,6.0,8.0,14.0,,,10.0,1.0,20.0,5.0,
153977,,,,,,,,136.0,,84.0,,,,,,18.0,,3.0,,,,3.0,,10.0,,
154004,,,,,,,,308.0,,126.0,,,,,,32.0,5.0,8.0,52.0,3.0,,26.0,,37.0,7.0,
154013,,,,,,,,286.0,,117.0,,,,,,25.0,14.0,9.0,45.0,4.0,,24.0,,17.0,10.0,
154022,,,,,,,,985.0,,788.0,,,,,,18.0,15.0,,6.0,,,,,2.0,,
154059,,,,,,,,269.0,,76.0,,,,,,25.0,17.0,13.0,38.0,1.0,,25.0,1.0,41.0,,
154095,,,,,,,,1544.0,,504.0,,,,,,104.0,131.0,161.0,88.0,16.0,,153.0,12.0,172.0,60.0,30.0
154101,,,,,,,,261.0,,110.0,,,,,,49.0,5.0,6.0,30.0,3.0,,19.0,,14.0,4.0,1.0
154110,,,,,,,,458.0,,227.0,,,,,,53.0,24.0,13.0,7.0,,,38.0,,45.0,,
154129,,,,,,,,156.0,,70.0,,,,,,19.0,1.0,7.0,3.0,,,12.0,3.0,16.0,3.0,1.0
154156,,,,,,,,310.0,,88.0,8.0,,,,,60.0,25.0,18.0,11.0,26.0,,3.0,,66.0,,
154165,,,,,,,,4.0,,3.0,,,,,,1.0,,,,,,,0.0,,,
154174,,,,,,,,414.0,,136.0,10.0,4.0,,,,78.0,19.0,17.0,13.0,5.0,,4.0,6.0,103.0,4.0,
154208,,,,,,,,25.0,,13.0,,,,,,3.0,3.0,,,,,,1.0,4.0,,
154235,,,,,,,,466.0,,233.0,,,,,,38.0,27.0,25.0,50.0,3.0,,5.0,,51.0,10.0,
154262,,,,,,,,38.0,,27.0,,,,,,2.0,,,,,,,,2.0,,
154332,,,,,,,,5.0,,3.0,,,,,,2.0,,,,,,0.0,,,,
154350,,,,,,,,256.0,,102.0,,,,,,17.0,7.0,9.0,49.0,3.0,,6.0,10.0,48.0,,1.0
154378,,,,,,,,277.0,,109.0,,,,,,24.0,8.0,8.0,48.0,,,16.0,5.0,32.0,,
154396,,,,,,,,176.0,,59.0,,,,,,5.0,8.0,5.0,23.0,,,13.0,,22.0,6.0,
154448,,,,,,,,20.0,,12.0,,,,,,1.0,2.0,,,,,0.0,,2.0,,
154457,,,,,,,,7.0,,4.0,,,,,,1.0,,,,,,,1.0,1.0,,
154466,,,,,,,,9.0,,4.0,,,,,,2.0,1.0,,,,,,,2.0,,
154493,,,,,,,,428.0,,178.0,,,,,,81.0,,,,,,24.0,,143.0,,
154518,,,,,,,,273.0,,83.0,,,,,,30.0,10.0,3.0,48.0,4.0,,23.0,2.0,30.0,5.0,1.0
154527,,,,,,,,336.0,,103.0,,,,,,31.0,14.0,12.0,69.0,4.0,,39.0,,31.0,29.0,
154536,,,,,,,,44.0,,17.0,,,,,,4.0,5.0,1.0,1.0,,,3.0,2.0,6.0,2.0,
154545,,,,,,,,8.0,,3.0,,,,,,1.0,,,,,,,,2.0,,
154572,,,,,,,,398.0,,178.0,,,,,,54.0,14.0,13.0,4.0,,,12.0,,29.0,0.0,
154590,,,,,,,,176.0,,71.0,,,,,,10.0,8.0,6.0,45.0,,,5.0,5.0,5.0,,4.0
154642,,,,,,,,144.0,,64.0,,,,,,18.0,4.0,1.0,22.0,2.0,,7.0,1.0,9.0,3.0,
154688,,,,,,,,328.0,,142.0,,,,,,27.0,1.0,9.0,34.0,,,20.0,,52.0,5.0,
154697,,,,,,,,337.0,,96.0,,,,,,49.0,8.0,10.0,47.0,5.0,,31.0,1.0,69.0,7.0,1.0
154712,,,,,,,,332.0,,147.0,,,,,,19.0,19.0,6.0,76.0,2.0,,27.0,1.0,24.0,1.0,
154721,,,,,,,,155.0,,55.0,,,,,,14.0,5.0,4.0,37.0,1.0,,,2.0,22.0,14.0,
154749,,,,,,,,133.0,,41.0,,,,,,20.0,3.0,4.0,28.0,,,5.0,3.0,14.0,,6.0
154800,,,,,,,,490.0,,231.0,,,,,,39.0,17.0,17.0,34.0,4.0,,38.0,7.0,51.0,11.0,0.0
154855,,,,,,,,86.0,,30.0,,,,,,11.0,1.0,1.0,14.0,1.0,,4.0,1.0,11.0,,0.0
154907,,,,,,,,172.0,,67.0,,,,,,23.0,1.0,4.0,18.0,1.0,,7.0,4.0,23.0,10.0,1.0
154925,,,,,,,,154.0,,52.0,,,,,,7.0,2.0,3.0,37.0,0.0,,15.0,,31.0,5.0,
154934,,,,,,,,117.0,,49.0,,,,,,19.0,2.0,3.0,15.0,1.0,,10.0,,12.0,,
154952,,,,,,,,234.0,,93.0,,,,,,12.0,15.0,5.0,27.0,3.0,,23.0,,15.0,5.0,1.0
154998,,,,,,,,202.0,,64.0,,,,,,23.0,,5.0,31.0,,,18.0,,24.0,6.0,4.0
155007,,,,,,,,63.0,,23.0,,,,,,7.0,3.0,2.0,2.0,,,2.0,,8.0,2.0,
155025,,,,,,,,711.0,,249.0,,,,,,101.0,17.0,40.0,53.0,9.0,,78.0,,103.0,32.0,2.0
155052,,,,,,,,79.0,,46.0,,,,,,8.0,3.0,3.0,1.0,1.0,,4.0,,8.0,,
155061,,,,,,,,1081.0,,501.0,,,,,,180.0,39.0,33.0,60.0,8.0,,101.0,,84.0,47.0,6.0
155070,,,,,,,,46.0,,17.0,,,,,,1.0,1.0,1.0,3.0,,,4.0,,4.0,1.0,
155089,,,,,,,,262.0,,94.0,,,,,,26.0,12.0,11.0,46.0,4.0,,8.0,0.0,40.0,4.0,
155098,,,,,,,,166.0,,53.0,,,,,,27.0,24.0,3.0,20.0,2.0,,10.0,,18.0,3.0,
155104,,,,,,,,247.0,,83.0,,,,,,24.0,4.0,6.0,44.0,3.0,,32.0,,21.0,,2.0
155140,,,,,,,,136.0,,32.0,4.0,,,,,13.0,6.0,2.0,2.0,1.0,,49.0,,16.0,8.0,
155159,,,,,,,,7.0,,4.0,,,,,,,,,,,,0.0,1.0,1.0,,
155177,,,,,,,,117.0,,40.0,,,,,,16.0,2.0,4.0,11.0,,,12.0,7.0,14.0,8.0,
155186,,,,,,,,234.0,,101.0,,,,,,35.0,3.0,5.0,35.0,4.0,,9.0,,20.0,11.0,0.0
155195,,,,,,,,464.0,,187.0,3.0,4.0,,,,50.0,1.0,19.0,47.0,,,41.0,4.0,50.0,11.0,4.0
155201,,,,,,,,106.0,,30.0,,,,,,8.0,6.0,2.0,39.0,1.0,,6.0,3.0,4.0,4.0,
155210,,,,,,,,1305.0,,451.0,,44.0,,,,127.0,22.0,75.0,39.0,22.0,,141.0,,219.0,24.0,5.0
155283,,,,,,,,58.0,,20.0,,,,,,16.0,1.0,,,,,,7.0,10.0,,
155292,,,,,,,,514.0,,216.0,,,,,,48.0,4.0,19.0,41.0,4.0,,41.0,,79.0,15.0,1.0
155308,,,,,,,,31.0,,9.0,,,,,,7.0,1.0,,2.0,,,,,1.0,2.0,
155317,,,,,,,,8405.0,,2473.0,876.0,98.0,,,,487.0,531.0,578.0,338.0,652.0,,408.0,2.0,1077.0,204.0,10.0
155335,,,,,,,,251.0,,132.0,,,,,,18.0,4.0,6.0,34.0,,,14.0,,34.0,2.0,0.0
155353,,,,,,,,13.0,,6.0,,,,,,5.0,,,,,,,1.0,1.0,,
155399,,,,,,,,4418.0,,1047.0,221.0,85.0,,,,373.0,534.0,620.0,139.0,218.0,,361.0,,317.0,248.0,34.0
155414,,,,,,,,166.0,,58.0,,,,,,16.0,1.0,3.0,30.0,5.0,,15.0,15.0,18.0,2.0,
155423,,,,,,,,120.0,,67.0,,,,,,14.0,1.0,3.0,1.0,,,13.0,,14.0,,
155450,,,,,,,,147.0,,62.0,,,,,,14.0,8.0,5.0,13.0,1.0,,12.0,0.0,19.0,1.0,
155487,,,,,,,,72.0,,29.0,,,,,,6.0,6.0,5.0,,,,,,7.0,2.0,
155496,,,,,,,,43.0,,12.0,,,,,,7.0,5.0,1.0,3.0,,,2.0,4.0,3.0,3.0,
155511,,,,,,,,143.0,,53.0,,,,,,11.0,15.0,2.0,29.0,3.0,,8.0,,10.0,6.0,
155520,,,,,,,,321.0,,161.0,,,,,,26.0,5.0,8.0,33.0,2.0,,11.0,4.0,31.0,6.0,
155566,,,,,,,,204.0,,87.0,,,,,,27.0,1.0,5.0,8.0,6.0,,10.0,3.0,25.0,3.0,0.0
155593,,,,,,,,97.0,,58.0,,1.0,,,,5.0,3.0,1.0,,,,7.0,4.0,5.0,6.0,
155618,,,,,,,,84.0,,44.0,,,,,,9.0,,1.0,12.0,1.0,,3.0,1.0,5.0,,
155627,,,,,,,,177.0,,40.0,,,,,,24.0,21.0,3.0,45.0,,,20.0,4.0,6.0,5.0,
155636,,,,,,,,89.0,,58.0,,,,,,6.0,4.0,4.0,,,,,7.0,1.0,,
155681,,,,,,,,807.0,,325.0,,,,,,119.0,53.0,30.0,36.0,10.0,,69.0,,91.0,48.0,9.0
155715,,,,,,,,122.0,,36.0,,,,,,13.0,8.0,6.0,22.0,2.0,,13.0,,18.0,1.0,
155812,,,,,,,,221.0,,94.0,1.0,,,,,17.0,9.0,9.0,35.0,5.0,,15.0,7.0,14.0,7.0,
155830,,,,,,,,69.0,,38.0,,,,,,5.0,,,1.0,,,4.0,,2.0,1.0,
155858,,,,,,,,206.0,,74.0,,,,,,27.0,,7.0,19.0,,,26.0,,33.0,4.0,0.0
155900,,,,,,,,216.0,,90.0,,,,,,24.0,9.0,8.0,55.0,3.0,,7.0,1.0,15.0,,
155937,,,,,,,,137.0,,59.0,,,,,,13.0,4.0,,38.0,1.0,,7.0,,9.0,,
155973,,,,,,,,142.0,,53.0,,1.0,,,,17.0,2.0,3.0,21.0,,,3.0,4.0,6.0,12.0,2.0
156082,,,,,,,,808.0,,331.0,,,,,,101.0,34.0,48.0,46.0,5.0,,55.0,7.0,108.0,15.0,1.0
156107,,,,,,,,342.0,,177.0,,,,,,10.0,50.0,16.0,4.0,,,12.0,,11.0,5.0,
156125,,,,,,,,2243.0,,566.0,,,,,,187.0,152.0,410.0,327.0,17.0,,142.0,2.0,250.0,63.0,8.0
156134,,,,,,,,109.0,,42.0,,,,,,16.0,3.0,3.0,,,,,15.0,7.0,2.0,
156189,,,,,,,,108.0,,31.0,,,,,,21.0,,3.0,,,,10.0,,33.0,6.0,
156213,,,,,,,,340.0,,121.0,,,,,,39.0,10.0,16.0,52.0,1.0,,32.0,1.0,45.0,11.0,
156222,,,,,,,,206.0,,45.0,,,,,,42.0,1.0,5.0,6.0,,,26.0,,75.0,,
156231,,,,,,,,196.0,,97.0,,,,,,15.0,4.0,5.0,14.0,,,18.0,,33.0,,
156277,,,,,,,,6.0,,3.0,,,,,,,,,,,,0.0,,2.0,,
156286,,,,,,,,596.0,,263.0,,,,,,65.0,30.0,23.0,66.0,4.0,,27.0,,60.0,13.0,8.0
156295,,,,,,,,862.0,,154.0,,,,,,180.0,173.0,27.0,122.0,5.0,,56.0,1.0,57.0,35.0,5.0
156310,,,,,,,,37.0,,30.0,,,,,,2.0,1.0,,,,,,3.0,1.0,,
156338,,,,,,,,276.0,,125.0,,,,,,27.0,3.0,6.0,25.0,0.0,,23.0,,44.0,,
156356,,,,,,,,147.0,,61.0,,,,,,8.0,8.0,3.0,18.0,,,14.0,9.0,11.0,,
156365,,,,,,,,782.0,,352.0,,,,,,8.0,47.0,10.0,86.0,13.0,,28.0,,80.0,26.0,18.0
156392,,,,,,,,651.0,,327.0,,,,,,47.0,33.0,21.0,28.0,1.0,,48.0,,75.0,,1.0
156408,,,,,,,,412.0,,135.0,,,,,,42.0,17.0,12.0,74.0,6.0,,56.0,,33.0,14.0,2.0
156417,,,,,,,,32.0,,9.0,,,,,,4.0,2.0,3.0,1.0,,,2.0,,3.0,2.0,
156426,,,,,,,,16.0,,8.0,,,,,,1.0,,,,,,,1.0,6.0,,
156471,,,,,,,,161.0,,98.0,,,,,,9.0,,2.0,,,,8.0,,21.0,,
156541,,,,,,,,785.0,,474.0,,,,,,22.0,35.0,21.0,51.0,8.0,,8.0,1.0,90.0,3.0,
156620,,,,,,,,1886.0,,700.0,,,,,,238.0,187.0,114.0,96.0,10.0,,74.0,,160.0,61.0,21.0
156648,,,,,,,,308.0,,149.0,,,,,,21.0,3.0,7.0,29.0,4.0,,18.0,,52.0,,
156727,,,,,,,,274.0,,151.0,,,,,,19.0,17.0,12.0,,,,22.0,,9.0,,
156745,,,,,,,,233.0,,100.0,,,,,,20.0,13.0,7.0,45.0,,,16.0,,16.0,,
156754,,,,,,,,7.0,,3.0,,,,,,2.0,,,,,,,1.0,1.0,,
156790,,,,,,,,230.0,,102.0,,,,,,20.0,3.0,5.0,21.0,,,24.0,,27.0,,1.0
156842,,,,,,,,17.0,,10.0,,,,,,1.0,,,,,,,2.0,4.0,,
156851,,,,,,,,84.0,,45.0,,,,,,6.0,1.0,3.0,10.0,,,3.0,,8.0,,
156860,,,,,,,,161.0,,70.0,,,,,,19.0,4.0,2.0,13.0,,,12.0,,21.0,,
156921,,,,,,,,523.0,,252.0,,,,,,33.0,20.0,17.0,48.0,,,48.0,,57.0,,
156967,,,,,,,,10.0,,4.0,,,,,,2.0,1.0,,,,,2.0,,1.0,,
157021,,,,,,,,30.0,,7.0,,,,,,1.0,,,,,,,15.0,7.0,,
157030,,,,,,,,19.0,,5.0,,,,,,3.0,1.0,1.0,,,,1.0,,3.0,3.0,
157058,,,,,,,,481.0,,119.0,2.0,,,,,61.0,25.0,45.0,69.0,1.0,,32.0,,51.0,58.0,6.0
157076,,,,,,,,165.0,,56.0,,,,,,16.0,9.0,5.0,39.0,,,12.0,1.0,18.0,3.0,
157085,,,,,,,,11211.0,,1865.0,342.0,747.0,,,,715.0,632.0,1699.0,617.0,1088.0,,724.0,1.0,1903.0,492.0,59.0
157100,,,,,,,,123.0,,51.0,,,,,,5.0,7.0,1.0,20.0,1.0,,2.0,7.0,8.0,11.0,1.0
157207,,,,,,,,29.0,,13.0,,,,,,6.0,2.0,1.0,0.0,,,,,3.0,,
157216,,,,,,,,377.0,,128.0,,,,,,39.0,3.0,6.0,68.0,5.0,,55.0,3.0,33.0,15.0,1.0
157289,,,,,,,,6264.0,,1392.0,683.0,,,,,745.0,210.0,473.0,358.0,965.0,,408.0,5.0,809.0,126.0,12.0
157298,,,,,,,,71.0,,14.0,,,,,,19.0,2.0,2.0,2.0,,,7.0,,18.0,,
157304,,,,,,,,221.0,,117.0,,,,,,21.0,3.0,4.0,15.0,,,6.0,,30.0,,
157331,,,,,,,,220.0,,102.0,,,,,,21.0,7.0,4.0,20.0,,,21.0,,27.0,,
157377,,,,,,,,152.0,,62.0,,,,,,12.0,6.0,5.0,32.0,,,9.0,,11.0,4.0,0.0
157386,,,,,,,,912.0,,350.0,,,,,,62.0,68.0,49.0,139.0,3.0,,62.0,3.0,71.0,25.0,16.0
157401,,,,,,,,1168.0,,469.0,,22.0,,,,36.0,83.0,61.0,147.0,23.0,,36.0,8.0,160.0,53.0,20.0
157438,,,,,,,,267.0,,130.0,,,,,,32.0,6.0,5.0,35.0,,,14.0,,26.0,,
157447,,,,,,,,1604.0,,777.0,,,,,,80.0,98.0,118.0,146.0,6.0,,102.0,,171.0,46.0,23.0
157483,,,,,,,,334.0,,177.0,,,,,,20.0,6.0,5.0,23.0,,,32.0,1.0,48.0,,
157535,,,,,,,,356.0,,127.0,,,,,,41.0,12.0,12.0,66.0,5.0,,12.0,1.0,35.0,12.0,
157553,,,,,,,,258.0,,114.0,,,,,,19.0,5.0,5.0,16.0,,,26.0,,38.0,,
157614,,,,,,,,8.0,,5.0,,,,,,1.0,,,,,,,,,,
157650,,,,,,,,7.0,,5.0,,,,,,1.0,,,,,,,,,,
157669,,,,,,,,8.0,,5.0,,,,,,1.0,,,,,,,,1.0,,
157678,,,,,,,,8.0,,5.0,,,,,,1.0,,,,,,,,1.0,,
157711,,,,,,,,381.0,,182.0,,,,,,28.0,5.0,6.0,24.0,,,32.0,,68.0,,
157739,,,,,,,,214.0,,83.0,,,,,,23.0,8.0,5.0,18.0,,,18.0,,29.0,,
157748,,,,,,,,335.0,,73.0,23.0,,,,,34.0,17.0,10.0,22.0,6.0,,49.0,1.0,37.0,,
157757,,,,,,,,247.0,,112.0,,,,,,28.0,13.0,5.0,25.0,2.0,,15.0,8.0,28.0,,
157793,,,,,,,,549.0,,215.0,,,,,,68.0,,4.0,,,,38.0,5.0,200.0,,7.0
157809,,,,,,,,235.0,,113.0,,,,,,23.0,12.0,1.0,39.0,,,11.0,2.0,14.0,,
157818,,,,,,,,280.0,,94.0,,,,,,25.0,13.0,10.0,56.0,,,25.0,,31.0,12.0,
157854,,,,,,,,274.0,,1.0,,,,,,73.0,74.0,33.0,43.0,,,3.0,,26.0,,
157863,,,,,,,,186.0,,70.0,,,,,,21.0,10.0,8.0,41.0,,,0.0,1.0,29.0,,
157951,,,,,,,,1954.0,,747.0,,,,,,83.0,44.0,131.0,265.0,16.0,,86.0,2.0,364.0,81.0,26.0
158088,,,,,,,,138.0,,82.0,,,,,,19.0,30.0,1.0,,,,,,1.0,,
158246,,,,,,,,22.0,,12.0,,,,,,2.0,1.0,,4.0,,,,,2.0,,
158325,,,,,,,,9.0,,8.0,,,,,,,,,,,,,,,,
158343,,,,,,,,8.0,,2.0,,,,,,4.0,,,,,,1.0,1.0,,,
158431,,,,,,,,331.0,,141.0,,,,,,50.0,70.0,10.0,2.0,,,9.0,,36.0,1.0,
158477,,,,,,,,158.0,,62.0,,,,,,26.0,1.0,4.0,37.0,,,4.0,,17.0,,
158538,,,,,,,,6.0,,2.0,,,,,,2.0,,,,,,,,2.0,,
158617,,,,,,,,23.0,,12.0,,,,,,5.0,0.0,,,,,,,5.0,,
158662,,,,,,,,897.0,,478.0,,,,,,76.0,166.0,6.0,4.0,,,57.0,,73.0,18.0,1.0
158778,,,,,,,,6.0,,3.0,,,,,,1.0,1.0,,,,,,,1.0,,
158787,,,,,,,,8.0,,4.0,,,,,,2.0,1.0,,,,,,,1.0,,
158802,,,,,,,,261.0,,79.0,,,,,,36.0,14.0,3.0,11.0,1.0,,37.0,,20.0,13.0,1.0
158884,,,,,,,,117.0,,54.0,,,,,,6.0,11.0,1.0,,,,7.0,,32.0,,
159009,,,,,,,,444.0,,152.0,,,,,,55.0,35.0,13.0,52.0,2.0,,28.0,,80.0,11.0,1.0
159027,,,,,,,,12.0,,4.0,,,,,,1.0,2.0,,,,,,,2.0,,
159197,,,,,,,,93.0,,52.0,,,,,,9.0,2.0,2.0,,,,,5.0,16.0,2.0,
159328,,,,,,,,8.0,,5.0,,,,,,,3.0,,,,,,,,,
159373,,,,,,,,2037.0,,825.0,105.0,,,,,243.0,271.0,91.0,17.0,92.0,,198.0,,106.0,63.0,
159382,,,,,,,,253.0,,110.0,,,,,,24.0,16.0,7.0,23.0,1.0,,18.0,,34.0,9.0,
159391,,,,,,,,6387.0,,1407.0,250.0,260.0,,,,286.0,636.0,973.0,265.0,193.0,,689.0,2.0,868.0,323.0,6.0
159407,,,,,,,,176.0,,86.0,,,,,,21.0,7.0,6.0,11.0,,,14.0,,20.0,8.0,
159416,,,,,,,,402.0,,184.0,,,,,,41.0,34.0,16.0,24.0,,,27.0,,59.0,8.0,
159513,,,,,,,,15.0,,9.0,,,,,,1.0,1.0,,,,,,2.0,1.0,,
159522,,,,,,,,14.0,,9.0,,,,,,1.0,,,,,,0.0,0.0,2.0,,
159531,,,,,,,,5.0,,3.0,,,,,,1.0,1.0,,,,,,,,,
159568,,,,,,,,186.0,,82.0,,,,,,15.0,4.0,2.0,16.0,4.0,,5.0,,50.0,,3.0
159601,,,,,,,,6.0,,2.0,,,,,,2.0,,,,,,,,2.0,,
159647,,,,,,,,1103.0,,415.0,14.0,3.0,,,,69.0,24.0,33.0,93.0,6.0,,98.0,,119.0,52.0,13.0
159656,,,,,,,,712.0,,292.0,,11.0,,,,88.0,34.0,29.0,103.0,0.0,,31.0,,69.0,16.0,9.0
159717,,,,,,,,662.0,,297.0,,,,,,51.0,29.0,24.0,67.0,7.0,,33.0,,103.0,16.0,0.0
159939,,,,,,,,985.0,,304.0,5.0,210.0,,,,164.0,108.0,42.0,26.0,5.0,,20.0,,36.0,1.0,
159948,,,,,,,,286.0,,90.0,,,,,,15.0,2.0,14.0,11.0,,,45.0,,76.0,,
159966,,,,,,,,693.0,,291.0,,,,,,54.0,22.0,17.0,57.0,2.0,,72.0,1.0,128.0,11.0,1.0
159993,,,,,,,,921.0,,357.0,4.0,1.0,,,,44.0,33.0,33.0,101.0,35.0,,61.0,,157.0,46.0,15.0
160010,,,,,,,,88.0,,49.0,,,,,,8.0,22.0,,,,,5.0,,3.0,,
160038,,,,,,,,858.0,,397.0,,,,,,102.0,84.0,15.0,37.0,4.0,,27.0,,95.0,30.0,1.0
160065,,,,,,,,158.0,,97.0,,,,,,12.0,4.0,6.0,,1.0,,9.0,,19.0,,
160074,,,,,,,,166.0,,89.0,,,,,,10.0,13.0,5.0,5.0,2.0,,3.0,,15.0,,
160117,,,,,,,,20.0,,9.0,,,,,,2.0,1.0,,,,,,,6.0,,
160126,,,,,,,,4.0,,3.0,,,,,,,,,,,,,,1.0,,
160199,,,,,,,,5.0,,3.0,,,,,,0.0,0.0,,,,,,,1.0,,
160320,,,,,,,,204.0,,113.0,,,,,,9.0,9.0,,,,,5.0,33.0,26.0,,
160409,,,,,,,,53.0,,22.0,,2.0,,,,4.0,6.0,2.0,1.0,1.0,,3.0,,5.0,4.0,
160472,,,,,,,,23.0,,11.0,,,,,,4.0,3.0,,,,,,,3.0,1.0,
160481,,,,,,,,149.0,,90.0,,,,,,21.0,23.0,1.0,,,,1.0,,8.0,3.0,
160524,,,,,,,,28.0,,13.0,,,,,,9.0,3.0,,,,,,2.0,1.0,,
160533,,,,,,,,43.0,,,,,,,,13.0,11.0,1.0,6.0,,,,,10.0,,
160579,,,,,,,,229.0,,124.0,,,,,,26.0,27.0,7.0,5.0,,,9.0,,20.0,8.0,
160597,,,,,,,,6.0,,5.0,,,,,,1.0,,,,,,,,,,
160612,,,,,,,,1355.0,,552.0,,,,,,86.0,71.0,40.0,129.0,6.0,,128.0,1.0,183.0,70.0,14.0
160621,,,,,,,,1041.0,,352.0,35.0,42.0,,,,62.0,52.0,36.0,62.0,6.0,,103.0,,172.0,44.0,7.0
160630,,,,,,,,297.0,,94.0,,,,,,49.0,11.0,16.0,23.0,1.0,,29.0,1.0,44.0,7.0,1.0
160649,,,,,,,,266.0,,111.0,,,,,,24.0,5.0,10.0,9.0,,,19.0,,11.0,6.0,
160658,,,,,,,,2042.0,,713.0,72.0,,,,,223.0,73.0,213.0,152.0,56.0,,107.0,10.0,257.0,86.0,19.0
160667,,,,,,,,219.0,,118.0,,,,,,25.0,36.0,1.0,2.0,,,1.0,,21.0,8.0,
160755,,,,,,,,5164.0,,1594.0,244.0,,,,,863.0,283.0,231.0,249.0,460.0,,349.0,,580.0,144.0,27.0
160904,,,,,,,,712.0,,251.0,,,,,,76.0,41.0,60.0,68.0,7.0,,61.0,1.0,99.0,6.0,18.0
160959,,,,,,,,93.0,,27.0,,,,,,4.0,7.0,5.0,8.0,,,12.0,,20.0,4.0,0.0
160977,,,,,,,,786.0,,186.0,,,,,,74.0,59.0,44.0,48.0,16.0,,158.0,15.0,82.0,25.0,12.0
160995,,,,,,,,52.0,,26.0,,,,,,4.0,6.0,2.0,,,,2.0,6.0,3.0,,
161004,,,,,,,,922.0,,228.0,,,,,,136.0,39.0,75.0,79.0,9.0,,193.0,3.0,92.0,24.0,13.0
161022,,,,,,,,23.0,,12.0,,,,,,4.0,2.0,,,,,,,,,
161077,,,,,,,,168.0,,96.0,,,,,,18.0,5.0,3.0,7.0,,,9.0,,7.0,7.0,
161086,,,,,,,,784.0,,237.0,,,,,,93.0,52.0,44.0,85.0,6.0,,84.0,3.0,86.0,27.0,15.0
161138,,,,,,,,146.0,,79.0,2.0,,,,,18.0,4.0,4.0,1.0,,,9.0,1.0,11.0,2.0,
161192,,,,,,,,124.0,,63.0,,,,,,17.0,5.0,4.0,3.0,,,10.0,,9.0,2.0,
161208,,,,,,,,18.0,,7.0,,,,,,3.0,1.0,,,,,,4.0,1.0,1.0,
161217,,,,,,,,351.0,,137.0,,2.0,,,,28.0,24.0,7.0,27.0,2.0,,22.0,,55.0,10.0,
161226,,,,,,,,333.0,,135.0,,,,,,29.0,12.0,1.0,29.0,3.0,,43.0,,45.0,15.0,
161235,,,,,,,,127.0,,47.0,,,,,,12.0,6.0,1.0,11.0,,,15.0,1.0,16.0,4.0,
161244,,,,,,,,65.0,,32.0,,,,,,3.0,3.0,,6.0,1.0,,8.0,,6.0,4.0,
161253,,,,,,,,2234.0,,595.0,11.0,37.0,,,,65.0,434.0,36.0,154.0,13.0,,311.0,12.0,255.0,133.0,10.0
161280,,,,,,,,404.0,,,,,,,,54.0,104.0,168.0,13.0,,,,,60.0,1.0,
161299,,,,,,,,262.0,,99.0,,,,,,9.0,11.0,13.0,24.0,2.0,,29.0,,28.0,14.0,17.0
161341,,,,,,,,150.0,,46.0,,,,,,11.0,10.0,1.0,33.0,1.0,,15.0,,20.0,5.0,
161457,,,,,,,,1111.0,,377.0,26.0,,,,,92.0,65.0,68.0,54.0,32.0,,103.0,,119.0,22.0,
161484,,,,,,,,93.0,,44.0,,,,,,10.0,7.0,4.0,3.0,,,7.0,,6.0,4.0,
161493,,,,,,,,14.0,,10.0,,,,,,2.0,,,,,,,,,,
161509,,,,,,,,125.0,,52.0,,,,,,3.0,7.0,3.0,4.0,2.0,,,,14.0,10.0,
161518,,,,,,,,330.0,,122.0,,,,,,33.0,10.0,14.0,42.0,6.0,,54.0,,21.0,5.0,
161527,,,,,,,,22.0,,14.0,,,,,,2.0,,,,,,,,2.0,0.0,
161545,,,,,,,,365.0,,211.0,,,,,,24.0,14.0,12.0,11.0,1.0,,26.0,,27.0,7.0,
161554,,,,,,,,1226.0,,470.0,10.0,,,,,49.0,222.0,24.0,99.0,4.0,,73.0,,151.0,50.0,
161563,,,,,,,,162.0,,48.0,,,,,,26.0,4.0,2.0,18.0,5.0,,17.0,,14.0,5.0,0.0
161572,,,,,,,,252.0,,86.0,1.0,,,,,25.0,10.0,9.0,9.0,1.0,,41.0,12.0,13.0,2.0,1.0
161581,,,,,,,,61.0,,27.0,,,,,,7.0,2.0,2.0,3.0,,,5.0,,4.0,1.0,
161688,,,,,,,,345.0,,121.0,,8.0,,,,33.0,14.0,18.0,14.0,1.0,,5.0,4.0,51.0,26.0,5.0
161767,,,,,,,,1099.0,,396.0,,91.0,,,,81.0,51.0,60.0,12.0,6.0,,84.0,7.0,183.0,2.0,1.0
161800,,,,,,,,11.0,,4.0,,,,,,5.0,,,,,,,1.0,,1.0,
161855,,,,,,,,6.0,,4.0,,,,,,1.0,,,,,,,,1.0,,
161864,,,,,,,,423.0,,144.0,,17.0,,,,57.0,41.0,15.0,19.0,,,18.0,,36.0,22.0,2.0
161873,,,,,,,,646.0,,221.0,,13.0,,,,117.0,89.0,56.0,35.0,,,43.0,2.0,41.0,4.0,2.0
162007,,,,,,,,749.0,,304.0,,,,,,103.0,103.0,24.0,46.0,4.0,,27.0,2.0,109.0,13.0,6.0
162061,,,,,,,,92.0,,30.0,,,,,,7.0,3.0,5.0,1.0,,,6.0,,29.0,,
162104,,,,,,,,260.0,,89.0,,8.0,,,,12.0,13.0,6.0,30.0,0.0,,2.0,,80.0,,
162122,,,,,,,,551.0,,202.0,,28.0,,,,56.0,43.0,21.0,33.0,1.0,,13.0,0.0,44.0,36.0,
162168,,,,,,,,258.0,,66.0,,8.0,,,,30.0,16.0,16.0,13.0,1.0,,18.0,,40.0,4.0,
162210,,,,,,,,161.0,,78.0,,,,,,23.0,9.0,6.0,8.0,,,7.0,,9.0,9.0,3.0
162283,,,,,,,,457.0,,163.0,,,,,,77.0,59.0,20.0,25.0,2.0,,17.0,1.0,71.0,6.0,4.0
162335,,,,,,,,6.0,,3.0,,,,,,1.0,0.0,,,,,,,1.0,,
162371,,,,,,,,56.0,,31.0,,,,,,4.0,2.0,,,,,3.0,6.0,7.0,,
162557,,,,,,,,579.0,,180.0,,40.0,,,,69.0,25.0,25.0,35.0,5.0,,23.0,,109.0,34.0,2.0
162584,,,,,,,,752.0,,273.0,,,,,,80.0,69.0,30.0,38.0,9.0,,80.0,1.0,115.0,32.0,5.0
162609,,,,,,,,145.0,,28.0,,9.0,,,,12.0,4.0,3.0,4.0,,,13.0,1.0,39.0,20.0,3.0
162654,,,,,,,,381.0,,155.0,,,,,,53.0,18.0,3.0,44.0,4.0,,31.0,,26.0,19.0,1.0
162690,,,,,,,,325.0,,111.0,,13.0,,,,42.0,9.0,11.0,23.0,1.0,,25.0,3.0,42.0,7.0,1.0
162706,,,,,,,,509.0,,170.0,,27.0,,,,29.0,35.0,31.0,31.0,,,28.0,4.0,52.0,13.0,0.0
162760,,,,,,,,294.0,,142.0,,,,,,29.0,17.0,16.0,28.0,2.0,,11.0,,29.0,,1.0
162779,,,,,,,,820.0,,342.0,,32.0,,,,37.0,41.0,49.0,39.0,8.0,,2.0,,86.0,73.0,8.0
162830,,,,,,,,24.0,,17.0,,,,,,1.0,2.0,,1.0,,,,1.0,1.0,,
162928,,,,,,,,17666.0,,3878.0,1008.0,121.0,,,,204.0,2288.0,2818.0,511.0,2601.0,,635.0,,2588.0,173.0,9.0
163028,,,,,,,,77.0,,40.0,,,,,,17.0,,1.0,,,,4.0,,12.0,,1.0
163046,,,,,,,,1018.0,,367.0,,,,,,246.0,22.0,59.0,45.0,9.0,,116.0,1.0,115.0,14.0,24.0
163204,,,,,,,,2987.0,,1414.0,,,,,,363.0,781.0,32.0,143.0,,,7.0,,142.0,3.0,
163259,,,,,,,,6298.0,,2190.0,488.0,,,,,704.0,753.0,868.0,329.0,188.0,,362.0,8.0,225.0,90.0,17.0
163268,,,,,,,,2138.0,,682.0,161.0,,,,,390.0,309.0,153.0,121.0,16.0,,40.0,6.0,154.0,42.0,16.0
163286,,,,,,,,9277.0,,2071.0,1580.0,,,,,135.0,2230.0,771.0,577.0,61.0,,705.0,,282.0,429.0,152.0
163295,,,,,,,,687.0,,320.0,,10.0,,,,150.0,6.0,22.0,21.0,,,47.0,18.0,54.0,24.0,2.0
163338,,,,,,,,704.0,,240.0,9.0,0.0,,,,92.0,46.0,45.0,55.0,3.0,,66.0,,97.0,33.0,6.0
163347,,,,,,,,30.0,,13.0,,,,,,5.0,3.0,,6.0,,,1.0,,2.0,,
163408,,,,,,,,11.0,,5.0,,,,,,5.0,,,,,,,,,1.0,
163426,,,,,,,,2110.0,,717.0,,57.0,,,,214.0,122.0,321.0,,4.0,,220.0,4.0,232.0,63.0,2.0
163453,,,,,,,,1531.0,,478.0,27.0,7.0,,,,191.0,166.0,69.0,48.0,32.0,,95.0,7.0,244.0,110.0,14.0
163462,,,,,,,,504.0,,168.0,,,,,,52.0,9.0,18.0,120.0,8.0,,53.0,1.0,51.0,18.0,
163532,,,,,,,,59.0,,13.0,1.0,,,,,7.0,,1.0,1.0,,,16.0,5.0,6.0,,
163541,,,,,,,,22.0,,9.0,,,,,,6.0,1.0,,,,,,2.0,2.0,1.0,
163578,,,,,,,,298.0,,129.0,,,,,,46.0,13.0,20.0,26.0,2.0,,17.0,,29.0,7.0,
163657,,,,,,,,1062.0,,360.0,,90.0,,,,57.0,62.0,84.0,58.0,3.0,,96.0,0.0,105.0,14.0,6.0
163754,,,,,,,,30.0,,9.0,,,,,,6.0,2.0,,,,,10.0,1.0,2.0,,
163815,,,,,,,,5.0,,3.0,,,,,,1.0,,,,,,,,1.0,,
163851,,,,,,,,1291.0,,503.0,0.0,,,,,137.0,102.0,58.0,60.0,8.0,,138.0,8.0,200.0,45.0,4.0
163912,,,,,,,,411.0,,148.0,1.0,,,,,38.0,28.0,13.0,55.0,5.0,,49.0,0.0,47.0,10.0,
163976,,,,,,,,187.0,,69.0,,,,,,28.0,5.0,6.0,5.0,3.0,,25.0,8.0,7.0,3.0,
164076,,,,,,,,2642.0,,1185.0,0.0,,,,,302.0,326.0,145.0,133.0,26.0,,71.0,8.0,249.0,98.0,50.0
164085,,,,,,,,165.0,,74.0,1.0,,,,,35.0,3.0,9.0,,2.0,,,,13.0,1.0,
164146,,,,,,,,95.0,,,,,,,,35.0,32.0,12.0,6.0,,,,,9.0,1.0,
164155,,,,,,,,913.0,,331.0,26.0,,,,,9.0,79.0,145.0,47.0,6.0,,69.0,,75.0,35.0,25.0
164173,,,,,,,,512.0,,205.0,,,,,,48.0,19.0,18.0,51.0,24.0,,29.0,2.0,30.0,15.0,9.0
164216,,,,,,,,374.0,,114.0,,,,,,35.0,23.0,27.0,36.0,6.0,,45.0,,35.0,12.0,2.0
164270,,,,,,,,545.0,,275.0,,,,,,52.0,25.0,7.0,73.0,2.0,,18.0,1.0,51.0,20.0,1.0
164313,,,,,,,,294.0,,91.0,,21.0,,,,9.0,13.0,14.0,5.0,1.0,,32.0,,59.0,4.0,
164368,,,,,,,,194.0,,60.0,,,,,,7.0,9.0,7.0,5.0,,,,42.0,4.0,,
164447,,,,,,,,422.0,,238.0,,,,,,27.0,23.0,8.0,54.0,4.0,,,,21.0,,
164465,,,,,,,,987.0,,268.0,,,,,,96.0,68.0,70.0,79.0,12.0,,164.0,,136.0,34.0,6.0
164492,,,,,,,,191.0,,90.0,,,,,,25.0,6.0,4.0,23.0,5.0,,4.0,,20.0,,1.0
164535,,,,,,,,6.0,,4.0,,,,,,1.0,,,,,,,,1.0,,
164562,,,,,,,,391.0,,189.0,,,,,,70.0,5.0,5.0,46.0,6.0,,22.0,,34.0,,
164580,,,,,,,,829.0,,207.0,,,,,,66.0,93.0,51.0,125.0,13.0,,81.0,9.0,84.0,33.0,
164599,,,,,,,,8.0,,4.0,,,,,,4.0,,,,,,,,,,
164614,,,,,,,,16.0,,9.0,,,,,,4.0,1.0,,,0.0,,,,2.0,,
164632,,,,,,,,464.0,,181.0,,,,,,47.0,22.0,28.0,34.0,1.0,,33.0,,42.0,,2.0
164641,,,,,,,,109.0,,44.0,,,,,,7.0,19.0,4.0,1.0,,,,,22.0,2.0,
164720,,,,,,,,259.0,,99.0,,,,,,34.0,6.0,,20.0,11.0,,20.0,9.0,12.0,,6.0
164739,,,,,,,,905.0,,330.0,,,,,,112.0,67.0,77.0,128.0,6.0,,75.0,,72.0,10.0,
164748,,,,,,,,1137.0,,493.0,,,,,,210.0,55.0,71.0,118.0,,,14.0,,97.0,6.0,
164775,,,,,,,,247.0,,91.0,,,,,,40.0,6.0,13.0,4.0,,,16.0,,27.0,7.0,
164845,,,,,,,,10.0,,7.0,,,,,,1.0,,,,,,,,,1.0,
164872,,,,,,,,150.0,,67.0,0.0,6.0,,,,9.0,13.0,15.0,4.0,,,,,10.0,3.0,
164915,,,,,,,,22.0,,12.0,0.0,,,,,1.0,1.0,,,,,,0.0,2.0,0.0,
164924,,,,,,,,3746.0,,1048.0,241.0,,,,,540.0,222.0,270.0,260.0,38.0,,466.0,30.0,339.0,92.0,25.0
164988,,,,,,,,9489.0,,3347.0,590.0,,,,,1013.0,862.0,976.0,885.0,145.0,,868.0,9.0,514.0,121.0,20.0
165015,,,,,,,,1710.0,,440.0,160.0,,,,,154.0,134.0,178.0,99.0,6.0,,123.0,,174.0,36.0,4.0
165024,,,,,,,,1230.0,,479.0,,,,,,40.0,271.0,44.0,24.0,8.0,,153.0,,158.0,28.0,5.0
165033,,,,,,,,573.0,,246.0,,15.0,,,,65.0,25.0,26.0,12.0,2.0,,27.0,,64.0,8.0,
165060,,,,,,,,31.0,,22.0,,,,,,1.0,2.0,2.0,1.0,,,,,3.0,,
165112,,,,,,,,631.0,,289.0,,,,,,98.0,,37.0,53.0,,,25.0,1.0,100.0,5.0,
165167,,,,,,,,333.0,,182.0,2.0,,,,,48.0,9.0,17.0,2.0,,,,,18.0,,
165194,,,,,,,,306.0,,133.0,,,,,,34.0,2.0,15.0,16.0,,,18.0,,53.0,3.0,
165255,,,,,,,,31.0,,8.0,,,,,,7.0,2.0,,,,,2.0,1.0,11.0,,
165264,,,,,,,,124.0,,74.0,,,,,,25.0,4.0,2.0,,,,,,4.0,,
165334,,,,,,,,732.0,,266.0,12.0,,,,,28.0,52.0,44.0,64.0,2.0,,76.0,,96.0,21.0,5.0
165495,,,,,,,,8.0,,3.0,,,,,,3.0,1.0,,,,,,1.0,,,
165529,,,,,,,,406.0,,172.0,,,,,,36.0,16.0,11.0,42.0,7.0,,23.0,,50.0,11.0,2.0
165556,,,,,,,,28.0,,12.0,,,,,,10.0,0.0,,,,,,,5.0,,
165574,,,,,,,,209.0,,68.0,,,,,,35.0,23.0,9.0,12.0,3.0,,1.0,,10.0,7.0,
165608,,,,,,,,8.0,,6.0,,,,,,1.0,,,,,,,,1.0,,
165635,,,,,,,,39.0,,14.0,,,,,,12.0,,,,,,,6.0,6.0,,
165644,,,,,,,,170.0,,62.0,,,,,,20.0,8.0,9.0,12.0,2.0,,10.0,5.0,7.0,4.0,1.0
165662,,,,,,,,932.0,,358.0,,,,,,232.0,58.0,36.0,91.0,21.0,,49.0,,44.0,2.0,2.0
165671,,,,,,,,306.0,,134.0,,,,,,37.0,72.0,12.0,2.0,0.0,,24.0,,14.0,5.0,
165699,,,,,,,,665.0,,255.0,,,,,,57.0,41.0,19.0,70.0,12.0,,63.0,,55.0,23.0,
165750,,,,,,,,9.0,,4.0,,,,,,1.0,1.0,,,,,1.0,1.0,1.0,,
165802,,,,,,,,164.0,,70.0,2.0,10.0,,,,9.0,13.0,4.0,12.0,1.0,,,,1.0,3.0,
165820,,,,,,,,620.0,,261.0,,,,,,51.0,15.0,28.0,26.0,3.0,,81.0,,77.0,12.0,10.0
165866,,,,,,,,583.0,,226.0,,,,,,91.0,6.0,21.0,9.0,5.0,,65.0,,61.0,18.0,15.0
165884,,,,,,,,80.0,,41.0,,,,,,8.0,9.0,1.0,1.0,,,,,1.0,3.0,
165936,,,,,,,,449.0,,127.0,,,,,,34.0,26.0,16.0,35.0,7.0,,82.0,2.0,35.0,7.0,1.0
165945,,,,,,,,146.0,,27.0,1.0,,,,,26.0,13.0,9.0,1.0,0.0,,5.0,,44.0,7.0,
165981,,,,,,,,191.0,,72.0,,,,,,28.0,2.0,14.0,7.0,0.0,,9.0,,27.0,6.0,
166018,,,,,,,,259.0,,51.0,,,,,,25.0,11.0,14.0,17.0,,,57.0,3.0,30.0,10.0,1.0
166027,,,,,,,,17687.0,,2232.0,2248.0,,,,,1675.0,2985.0,2542.0,771.0,155.0,,1272.0,,2193.0,131.0,54.0
166045,,,,,,,,61.0,,19.0,,,,,,18.0,4.0,2.0,3.0,,,,,7.0,3.0,
166054,,,,,,,,69.0,,17.0,,,,,,13.0,4.0,1.0,9.0,,,7.0,,10.0,,
166124,,,,,,,,1010.0,,306.0,,,,,,77.0,65.0,48.0,117.0,9.0,,178.0,1.0,106.0,28.0,6.0
166133,,,,,,,,501.0,,197.0,,,,,,52.0,4.0,19.0,24.0,1.0,,35.0,,80.0,6.0,7.0
166391,,,,,,,,337.0,,118.0,,,,,,47.0,19.0,15.0,38.0,4.0,,24.0,,16.0,16.0,
166407,,,,,,,,58.0,,46.0,,,,,,4.0,,0.0,,,,,,1.0,,
166452,,,,,,,,585.0,,307.0,,,,,,67.0,18.0,17.0,37.0,1.0,,1.0,,127.0,,
166489,,,,,,,,101.0,,56.0,,,,,,10.0,5.0,1.0,6.0,,,1.0,,3.0,,
166498,,,,,,,,11.0,,8.0,,,,,,1.0,1.0,,,,,,,1.0,0.0,
166513,,,,,,,,1707.0,,754.0,38.0,,,,,342.0,68.0,130.0,91.0,9.0,,113.0,,120.0,24.0,3.0
166629,,,,,,,,5331.0,,1555.0,276.0,25.0,,,,248.0,418.0,533.0,298.0,85.0,,559.0,3.0,632.0,184.0,74.0
166638,,,,,,,,1812.0,,820.0,,,,,,76.0,109.0,157.0,323.0,26.0,,21.0,,198.0,7.0,4.0
166647,,,,,,,,345.0,,162.0,,,,,,57.0,7.0,12.0,,,,5.0,,46.0,9.0,
166656,,,,,,,,994.0,,507.0,,,,,,128.0,12.0,29.0,19.0,107.0,,31.0,,54.0,1.0,
166665,,,,,,,,294.0,,,,,,,,77.0,79.0,101.0,17.0,,,,,19.0,1.0,
166674,,,,,,,,427.0,,172.0,,,,,,74.0,6.0,14.0,1.0,,,55.0,,67.0,,16.0
166683,,,,,,,,13204.0,,1477.0,4415.0,,,,,179.0,1537.0,1287.0,904.0,310.0,,511.0,69.0,1584.0,762.0,31.0
166692,,,,,,,,287.0,,112.0,,,,,,20.0,16.0,14.0,2.0,3.0,,20.0,,22.0,18.0,14.0
166708,,,,,,,,4895.0,,1361.0,517.0,1.0,,,,151.0,1147.0,221.0,14.0,956.0,,135.0,,264.0,56.0,51.0
166717,,,,,,,,172.0,,85.0,5.0,,,,,28.0,6.0,6.0,19.0,,,4.0,4.0,14.0,,
166805,,,,,,,,4.0,,2.0,,,,,,,,,,,,,,2.0,,
166823,,,,,,,,575.0,,248.0,3.0,,,,,69.0,7.0,27.0,15.0,1.0,,44.0,,65.0,7.0,
166850,,,,,,,,690.0,,275.0,,,,,,40.0,29.0,14.0,69.0,4.0,,60.0,,58.0,,
166869,,,,,,,,238.0,,106.0,18.0,,,,,25.0,15.0,10.0,,,,,,43.0,,
166887,,,,,,,,502.0,,205.0,,,,,,49.0,32.0,26.0,11.0,,,38.0,,48.0,,
166911,,,,,,,,74.0,,37.0,,,,,,6.0,3.0,4.0,1.0,1.0,,3.0,,2.0,,
166939,,,,,,,,796.0,,218.0,,,,,,87.0,57.0,68.0,45.0,3.0,,115.0,2.0,78.0,43.0,4.0
166957,,,,,,,,414.0,,122.0,,,,,,67.0,14.0,9.0,66.0,1.0,,44.0,,68.0,8.0,
167039,,,,,,,,1.0,,1.0,,,,,,,,,,,,,,,,
167057,,,,,,,,368.0,,228.0,,,,,,55.0,20.0,5.0,19.0,5.0,,12.0,,15.0,1.0,
167093,,,,,,,,142.0,,56.0,5.0,,,,,21.0,10.0,3.0,2.0,9.0,,6.0,,23.0,,1.0
167215,,,,,,,,112.0,,46.0,14.0,,,,,22.0,6.0,6.0,,,,4.0,,4.0,,
167260,,,,,,,,209.0,,84.0,,,,,,30.0,7.0,6.0,28.0,4.0,,4.0,,15.0,4.0,
167288,,,,,,,,324.0,,103.0,,,,,,24.0,18.0,10.0,10.0,6.0,,44.0,,38.0,15.0,
167297,,,,,,,,33.0,,16.0,,,,,,8.0,1.0,,,,,1.0,1.0,2.0,,
167312,,,,,,,,543.0,,225.0,,,,,,49.0,13.0,10.0,30.0,1.0,,44.0,,94.0,7.0,3.0
167358,,,,,,,,4695.0,,1561.0,263.0,,,,,195.0,564.0,431.0,447.0,92.0,,185.0,,249.0,86.0,12.0
167376,,,,,,,,398.0,,128.0,,,,,,68.0,9.0,23.0,1.0,,,6.0,,63.0,7.0,
167394,,,,,,,,215.0,,92.0,,,,,,21.0,10.0,9.0,30.0,5.0,,8.0,,23.0,,
167455,,,,,,,,86.0,,40.0,1.0,,,,,8.0,6.0,,6.0,,,,2.0,4.0,4.0,1.0
167464,,,,,,,,30.0,,16.0,,,,,,3.0,0.0,,0.0,,,6.0,1.0,3.0,,
167525,,,,,,,,151.0,,72.0,4.0,,,,,19.0,8.0,4.0,5.0,,,8.0,,4.0,,
167534,,,,,,,,604.0,,257.0,,,,,,77.0,27.0,28.0,53.0,2.0,,35.0,,60.0,6.0,2.0
167598,,,,,,,,403.0,,203.0,,,,,,41.0,11.0,12.0,8.0,7.0,,17.0,,37.0,5.0,
167631,,,,,,,,224.0,,64.0,,,,,,39.0,8.0,8.0,3.0,1.0,,19.0,,19.0,4.0,1.0
167677,,,,,,,,31.0,,21.0,,,,,,2.0,2.0,,,,,1.0,,4.0,,
167729,,,,,,,,937.0,,420.0,,,,,,35.0,85.0,45.0,51.0,12.0,,89.0,,50.0,15.0,6.0
167783,,,,,,,,794.0,,440.0,,,,,,58.0,78.0,27.0,38.0,4.0,,25.0,,59.0,10.0,
167792,,,,,,,,172.0,,57.0,,,,,,8.0,6.0,7.0,8.0,7.0,,43.0,,11.0,7.0,3.0
167835,,,,,,,,1115.0,,340.0,2.0,,,,,63.0,134.0,73.0,44.0,4.0,,158.0,1.0,142.0,33.0,13.0
167871,,,,,,,,25.0,,19.0,,,,,,2.0,,,,,,,,2.0,,
167899,,,,,,,,619.0,,253.0,,,,,,44.0,33.0,21.0,23.0,10.0,,77.0,,74.0,11.0,2.0
167905,,,,,,,,467.0,,191.0,,,,,,57.0,26.0,24.0,13.0,,,32.0,,72.0,10.0,0.0
167987,,,,,,,,1085.0,,446.0,2.0,,,,,145.0,41.0,76.0,46.0,6.0,,95.0,,140.0,27.0,15.0
167996,,,,,,,,584.0,,210.0,,,,,,115.0,11.0,37.0,44.0,2.0,,87.0,,52.0,13.0,
168005,,,,,,,,1060.0,,442.0,,,,,,70.0,210.0,46.0,65.0,7.0,,60.0,,117.0,,
168032,,,,,,,,3.0,,1.0,,,,,,,,,,,,,,2.0,,
168148,,,,,,,,4364.0,,1087.0,406.0,,,,,544.0,407.0,314.0,152.0,214.0,,481.0,,553.0,78.0,4.0
168218,,,,,,,,1074.0,,357.0,,,,,,82.0,72.0,90.0,62.0,6.0,,221.0,,87.0,43.0,6.0
168227,,,,,,,,616.0,,243.0,,,,,,62.0,45.0,71.0,58.0,3.0,,22.0,,31.0,22.0,
168254,,,,,,,,699.0,,262.0,,,,,,91.0,28.0,28.0,42.0,9.0,,120.0,,60.0,19.0,4.0
168263,,,,,,,,788.0,,304.0,,,,,,44.0,29.0,28.0,32.0,8.0,,137.0,,101.0,31.0,
168281,,,,,,,,452.0,,140.0,,,,,,60.0,34.0,19.0,52.0,4.0,,56.0,,40.0,14.0,6.0
168342,,,,,,,,1153.0,,340.0,,,,,,150.0,64.0,77.0,75.0,6.0,,191.0,,116.0,35.0,11.0
168421,,,,,,,,1217.0,,432.0,39.0,,,,,104.0,117.0,114.0,115.0,10.0,,93.0,,141.0,21.0,
168430,,,,,,,,657.0,,276.0,,,,,,66.0,26.0,27.0,73.0,2.0,,60.0,,89.0,19.0,3.0
168528,,,,,,,,337.0,,126.0,,,,,,23.0,10.0,8.0,77.0,2.0,,46.0,8.0,28.0,,1.0
168546,,,,,,,,434.0,,137.0,,,,,,54.0,30.0,19.0,68.0,4.0,,28.0,,43.0,15.0,4.0
168555,,,,,,,,4.0,,3.0,,,,,,,0.0,,,,,,,0.0,,
168573,,,,,,,,42.0,,10.0,,,,,,8.0,,,,,,,3.0,11.0,2.0,
168591,,,,,,,,281.0,,108.0,,,,,,22.0,5.0,8.0,50.0,,,,12.0,18.0,11.0,
168607,,,,,,,,131.0,,62.0,,1.0,,,,26.0,3.0,5.0,3.0,,,5.0,,16.0,4.0,0.0
168740,,,,,,,,672.0,,231.0,,,,,,80.0,29.0,21.0,21.0,,,63.0,3.0,127.0,24.0,8.0
168786,,,,,,,,299.0,,119.0,,,,,,13.0,20.0,5.0,69.0,,,32.0,,8.0,,
168847,,,,,,,,742.0,,451.0,,,,,,62.0,12.0,24.0,,,,56.0,,39.0,,
168883,,,,,,,,141.0,,63.0,,,,,,9.0,9.0,8.0,6.0,,,9.0,,15.0,4.0,
168892,,,,,,,,7.0,,5.0,,,,,,1.0,,,,,,,,1.0,,
169080,,,,,,,,636.0,,251.0,,,,,,40.0,42.0,41.0,91.0,8.0,,42.0,,88.0,13.0,1.0
169099,,,,,,,,43.0,,14.0,,,,,,5.0,4.0,3.0,,,,,,10.0,1.0,
169187,,,,,,,,19.0,,12.0,,,,,,1.0,2.0,,,,,,,1.0,,
169220,,,,,,,,35.0,,19.0,,,,,,6.0,,,1.0,,,,,1.0,,
169248,,,,,,,,2255.0,,795.0,7.0,,,,,146.0,196.0,172.0,275.0,39.0,,146.0,4.0,297.0,79.0,28.0
169275,,,,,,,,508.0,,222.0,,,,,,61.0,25.0,17.0,56.0,0.0,,48.0,,56.0,5.0,
169284,,,,,,,,19.0,,13.0,,,,,,3.0,,,,,,,,,,
169327,,,,,,,,100.0,,27.0,,,,,,17.0,4.0,5.0,11.0,,,4.0,4.0,4.0,,
169363,,,,,,,,206.0,,90.0,,,,,,42.0,,6.0,28.0,,,26.0,4.0,11.0,,
169424,,,,,,,,43.0,,11.0,,,,,,6.0,4.0,3.0,,,,,4.0,5.0,,4.0
169442,,,,,,,,351.0,,137.0,,7.0,,,,55.0,11.0,11.0,21.0,,,30.0,6.0,31.0,20.0,4.0
169479,,,,,,,,654.0,,243.0,,,,,,86.0,29.0,35.0,135.0,3.0,,20.0,2.0,43.0,7.0,3.0
169503,,,,,,,,16.0,,9.0,,,,,,2.0,3.0,,,,,,,2.0,,
169521,,,,,,,,563.0,,272.0,,,,,,65.0,9.0,,33.0,1.0,,50.0,,90.0,2.0,2.0
169576,,,,,,,,11.0,,4.0,,,,,,2.0,1.0,,,,,,,1.0,0.0,
169655,,,,,,,,175.0,,70.0,,,,,,1.0,3.0,2.0,1.0,,,21.0,23.0,28.0,7.0,
169716,,,,,,,,979.0,,427.0,,,,,,74.0,41.0,50.0,54.0,32.0,,45.0,1.0,106.0,22.0,5.0
169734,,,,,,,,60.0,,29.0,,,,,,5.0,,,,,,,,6.0,,
169761,,,,,,,,60.0,,29.0,,,,,,5.0,,,,,,,,6.0,,
169798,,,,,,,,1695.0,,808.0,,,,,,234.0,52.0,65.0,125.0,16.0,,150.0,,141.0,38.0,10.0
169813,,,,,,,,6.0,,3.0,,,,,,1.0,1.0,,,,,,,1.0,,
169910,,,,,,,,1352.0,,561.0,,,,,,129.0,77.0,64.0,66.0,17.0,,179.0,1.0,173.0,35.0,4.0
169947,,,,,,,,4.0,,2.0,,,,,,1.0,,,,,,,,1.0,,
169974,,,,,,,,87.0,,27.0,,,,,,20.0,2.0,4.0,,,,9.0,,13.0,,
169983,,,,,,,,385.0,,109.0,,,,,,62.0,33.0,31.0,7.0,,,32.0,9.0,53.0,13.0,
169992,,,,,,,,92.0,,47.0,,,,,,14.0,2.0,3.0,3.0,,,4.0,2.0,15.0,2.0,
170000,,,,,,,,132.0,,55.0,,,,,,9.0,14.0,4.0,15.0,0.0,,3.0,,30.0,,
170037,,,,,,,,307.0,,96.0,,,,,,45.0,10.0,11.0,47.0,2.0,,21.0,,37.0,4.0,
170055,,,,,,,,785.0,,358.0,,,,,,70.0,36.0,40.0,71.0,1.0,,74.0,,102.0,15.0,3.0
170082,,,,,,,,2637.0,,1243.0,,,,,,121.0,207.0,158.0,250.0,18.0,,170.0,10.0,319.0,60.0,11.0
170091,,,,,,,,34.0,,17.0,,,,,,5.0,,,3.0,,,,,3.0,1.0,
170240,,,,,,,,608.0,,309.0,,,,,,28.0,11.0,30.0,22.0,1.0,,53.0,2.0,109.0,,1.0
170286,,,,,,,,649.0,,171.0,,,,,,59.0,36.0,23.0,56.0,8.0,,90.0,3.0,103.0,15.0,6.0
170301,,,,,,,,734.0,,260.0,8.0,,,,,45.0,36.0,38.0,92.0,8.0,,70.0,2.0,89.0,17.0,5.0
170444,,,,,,,,236.0,,66.0,,,,,,46.0,10.0,11.0,6.0,,,22.0,,37.0,7.0,
170532,,,,,,,,372.0,,122.0,,,,,,63.0,26.0,16.0,42.0,4.0,,28.0,,44.0,12.0,3.0
170541,,,,,,,,611.0,,254.0,,,,,,37.0,24.0,24.0,18.0,,,61.0,,106.0,6.0,
170550,,,,,,,,381.0,,207.0,2.0,,,,,58.0,5.0,7.0,27.0,,,2.0,1.0,53.0,5.0,0.0
170587,,,,,,,,93.0,,27.0,,,,,,6.0,8.0,8.0,7.0,,,10.0,,14.0,,1.0
170611,,,,,,,,18.0,,7.0,,,,,,3.0,,,,,,2.0,,2.0,,
170620,,,,,,,,203.0,,60.0,,,,,,38.0,4.0,10.0,17.0,,,12.0,,43.0,2.0,
170639,,,,,,,,325.0,,112.0,,,,,,25.0,33.0,13.0,17.0,5.0,,54.0,,29.0,16.0,
170657,,,,,,,,1058.0,,480.0,,,,,,167.0,13.0,54.0,62.0,,,12.0,3.0,144.0,15.0,5.0
170675,,,,,,,,429.0,,176.0,,,,,,78.0,11.0,30.0,50.0,,,12.0,,62.0,,
170736,,,,,,,,3.0,,2.0,,,,,,,,,,,,,,1.0,,
170790,,,,,,,,903.0,,395.0,,,,,,76.0,43.0,75.0,49.0,,,49.0,,89.0,40.0,
170806,,,,,,,,316.0,,163.0,,,,,,48.0,6.0,,19.0,6.0,,13.0,,9.0,12.0,
170967,,,,,,,,160.0,,67.0,,,,,,14.0,6.0,6.0,16.0,1.0,,6.0,1.0,13.0,5.0,
170976,,,,,,,,22833.0,,7210.0,,,,,,1685.0,2981.0,4081.0,580.0,590.0,,1618.0,,1986.0,694.0,199.0
171012,,,,,,,,13.0,,3.0,,,,,,2.0,1.0,,,,,1.0,,3.0,,
171100,,,,,,,,12097.0,,3155.0,590.0,441.0,,,,1004.0,1327.0,1476.0,417.0,377.0,,822.0,1.0,1057.0,352.0,161.0
171128,,,,,,,,1381.0,,406.0,158.0,,,,,62.0,152.0,126.0,77.0,6.0,,147.0,0.0,141.0,37.0,15.0
171137,,,,,,,,892.0,,405.0,5.0,,,,,96.0,91.0,45.0,13.0,5.0,,35.0,,68.0,18.0,6.0
171146,,,,,,,,793.0,,349.0,,,,,,82.0,83.0,39.0,8.0,7.0,,55.0,,77.0,16.0,6.0
171155,,,,,,,,178.0,,77.0,,2.0,,,,31.0,6.0,8.0,14.0,,,8.0,3.0,15.0,6.0,
171225,,,,,,,,191.0,,70.0,,,,,,28.0,4.0,12.0,7.0,,,20.0,,31.0,5.0,
171234,,,,,,,,125.0,,55.0,,,,,,17.0,1.0,9.0,3.0,,,11.0,,20.0,,
171304,,,,,,,,291.0,,142.0,,,,,,32.0,8.0,4.0,23.0,,,27.0,,42.0,,
171395,,,,,,,,101.0,,33.0,,,,,,16.0,4.0,5.0,4.0,,,7.0,3.0,7.0,4.0,
171456,,,,,,,,937.0,,336.0,,,,,,76.0,47.0,47.0,81.0,14.0,,118.0,3.0,116.0,31.0,7.0
171483,,,,,,,,402.0,,160.0,,,,,,39.0,13.0,18.0,6.0,1.0,,36.0,,48.0,5.0,6.0
171492,,,,,,,,398.0,,180.0,,,,,,32.0,16.0,16.0,69.0,5.0,,20.0,,26.0,13.0,
171535,,,,,,,,821.0,,336.0,,,,,,88.0,34.0,36.0,42.0,,,78.0,,162.0,9.0,21.0
171571,,,,,,,,1999.0,,832.0,5.0,,,,,77.0,159.0,113.0,157.0,10.0,,131.0,,238.0,52.0,1.0
171599,,,,,,,,176.0,,58.0,,,,,,28.0,9.0,3.0,40.0,2.0,,17.0,,7.0,7.0,
171775,,,,,,,,3.0,,2.0,,,,,,1.0,,,,,,,,,,
171881,,,,,,,,40.0,,16.0,,,,,,12.0,,2.0,3.0,,,2.0,,4.0,,
171988,,,,,,,,10.0,,5.0,,,,,,4.0,,,,,,,,,,
171997,,,,,,,,11.0,,8.0,,,,,,2.0,,,,,,,,,,
172015,,,,,,,,12.0,,8.0,,,,,,3.0,,,,,,,,,,
172033,,,,,,,,60.0,,27.0,,,,,,14.0,1.0,1.0,,,,,,6.0,,
172051,,,,,,,,816.0,,361.0,,,,,,97.0,22.0,33.0,64.0,9.0,,68.0,1.0,97.0,18.0,
172200,,,,,,,,547.0,,195.0,,,,,,60.0,23.0,34.0,4.0,,,68.0,3.0,51.0,5.0,
172264,,,,,,,,304.0,,123.0,,,,,,57.0,5.0,13.0,32.0,2.0,,25.0,,14.0,4.0,
172291,,,,,,,,211.0,,101.0,,,,,,32.0,15.0,1.0,19.0,,,19.0,,19.0,,
172307,,,,,,,,188.0,,83.0,,,,,,25.0,8.0,15.0,14.0,,,6.0,2.0,10.0,7.0,
172325,,,,,,,,41.0,,13.0,,,,,,9.0,1.0,2.0,3.0,,,,,1.0,,
172334,,,,,,,,339.0,,161.0,,,,,,41.0,17.0,8.0,22.0,2.0,,7.0,,68.0,6.0,
172422,,,,,,,,74.0,,26.0,,,,,,4.0,2.0,1.0,6.0,,,30.0,,5.0,,
172440,,,,,,,,142.0,,33.0,,,,,,22.0,4.0,1.0,20.0,,,18.0,,9.0,8.0,
172477,,,,,,,,227.0,,74.0,,3.0,,,,36.0,5.0,12.0,5.0,,,4.0,3.0,17.0,10.0,
172495,,,,,,,,22.0,,13.0,,,,,,6.0,2.0,,,,,,,1.0,,
172608,,,,,,,,144.0,,62.0,,,,,,20.0,6.0,,13.0,,,5.0,,20.0,,
172617,,,,,,,,746.0,,310.0,1.0,,,,,104.0,27.0,24.0,22.0,,,57.0,,100.0,24.0,
172635,,,,,,,,702.0,,230.0,,,,,,24.0,44.0,23.0,8.0,,,86.0,,124.0,,1.0
172644,,,,,,,,5307.0,,1791.0,740.0,,,,,528.0,650.0,242.0,94.0,134.0,,281.0,2.0,434.0,41.0,74.0
172671,,,,,,,,104.0,,44.0,1.0,,,,,20.0,1.0,5.0,,,,11.0,,16.0,2.0,
172680,,,,,,,,10.0,,5.0,,,,,,1.0,,,,,,,2.0,2.0,,
172699,,,,,,,,2338.0,,872.0,,,,,,80.0,188.0,181.0,117.0,26.0,,301.0,1.0,230.0,101.0,33.0
172705,,,,,,,,44.0,,14.0,,,,,,6.0,1.0,,,,,,4.0,7.0,2.0,
172866,,,,,,,,14.0,,8.0,,,,,,1.0,,,,,,,,4.0,,
172918,,,,,,,,149.0,,74.0,,,,,,9.0,6.0,6.0,2.0,,,8.0,2.0,16.0,5.0,
172927,,,,,,,,39.0,,7.0,,,,,,6.0,1.0,2.0,19.0,,,,,1.0,2.0,
172954,,,,,,,,119.0,,71.0,,,,,,3.0,4.0,5.0,1.0,,,6.0,3.0,8.0,3.0,
172963,,,,,,,,375.0,,165.0,,,,,,16.0,19.0,18.0,7.0,1.0,,18.0,4.0,44.0,7.0,
173045,,,,,,,,539.0,,235.0,,,,,,78.0,61.0,12.0,57.0,,,48.0,8.0,33.0,,
173063,,,,,,,,188.0,,86.0,,,,,,10.0,9.0,8.0,3.0,1.0,,11.0,4.0,17.0,6.0,
173115,,,,,,,,56.0,,26.0,,,,,,4.0,9.0,,1.0,,,1.0,,4.0,1.0,
173124,,,,,,,,465.0,,184.0,,,,,,16.0,23.0,20.0,43.0,2.0,,36.0,,47.0,27.0,
173142,,,,,,,,137.0,,54.0,,,,,,15.0,6.0,5.0,19.0,,,10.0,,10.0,4.0,
173160,,,,,,,,696.0,,275.0,,,,,,57.0,27.0,44.0,118.0,5.0,,34.0,2.0,84.0,12.0,3.0
173203,,,,,,,,216.0,,90.0,,,,,,11.0,8.0,13.0,5.0,1.0,,13.0,4.0,21.0,4.0,
173258,,,,,,,,670.0,,245.0,,,,,,65.0,44.0,40.0,34.0,5.0,,78.0,,75.0,20.0,2.0
173300,,,,,,,,536.0,,163.0,,,,,,53.0,44.0,22.0,72.0,,,79.0,,56.0,15.0,10.0
173328,,,,,,,,362.0,,193.0,,,,,,24.0,6.0,11.0,59.0,,,2.0,,22.0,,
173416,,,,,,,,195.0,,77.0,,,,,,7.0,19.0,9.0,8.0,1.0,,11.0,4.0,16.0,6.0,
173452,,,,,,,,157.0,,89.0,,,,,,5.0,4.0,3.0,8.0,0.0,,10.0,,21.0,5.0,3.0
173461,,,,,,,,234.0,,114.0,,,,,,12.0,12.0,10.0,1.0,1.0,,9.0,1.0,25.0,2.0,
173470,,,,,,,,4.0,,2.0,,,,,,1.0,1.0,,,,,,,,,
173559,,,,,,,,306.0,,139.0,,,,,,15.0,14.0,18.0,5.0,2.0,,15.0,3.0,35.0,6.0,
173638,,,,,,,,164.0,,90.0,,,,,,10.0,6.0,5.0,1.0,1.0,,9.0,5.0,16.0,6.0,
173647,,,,,,,,588.0,,195.0,,,,,,5.0,45.0,25.0,99.0,10.0,,131.0,,66.0,,
173665,,,,,,,,468.0,,205.0,,,,,,55.0,30.0,31.0,30.0,0.0,,21.0,,19.0,8.0,4.0
173683,,,,,,,,12.0,,4.0,,,,,,2.0,,,,,,,,1.0,,
173708,,,,,,,,295.0,,127.0,,,,,,12.0,22.0,5.0,3.0,,,22.0,5.0,25.0,5.0,
173735,,,,,,,,98.0,,45.0,,,,,,4.0,8.0,2.0,1.0,,,5.0,6.0,10.0,3.0,
173744,,,,,,,,62.0,,39.0,,,,,,1.0,4.0,,,,,2.0,9.0,6.0,,
173799,,,,,,,,233.0,,108.0,,,,,,12.0,14.0,11.0,3.0,1.0,,7.0,2.0,23.0,4.0,
173805,,,,,,,,79.0,,32.0,,,,,,3.0,5.0,2.0,4.0,,,7.0,,8.0,2.0,
173896,,,,,,,,102.0,,30.0,,,,,,30.0,7.0,3.0,3.0,,,3.0,,17.0,,
173902,,,,,,,,651.0,,210.0,,,,,,74.0,39.0,39.0,49.0,5.0,,51.0,1.0,75.0,6.0,12.0
173911,,,,,,,,224.0,,105.0,,,,,,12.0,13.0,11.0,3.0,,,11.0,8.0,22.0,3.0,
173920,,,,,,,,1339.0,,561.0,,,,,,31.0,53.0,74.0,98.0,13.0,,98.0,5.0,153.0,41.0,1.0
173957,,,,,,,,487.0,,374.0,,,,,,17.0,5.0,,,10.0,,,,65.0,,
173993,,,,,,,,76.0,,33.0,,,,,,3.0,5.0,2.0,1.0,,,3.0,,6.0,4.0,
174020,,,,,,,,651.0,,302.0,,,,,,20.0,37.0,38.0,8.0,2.0,,,,67.0,5.0,
174066,,,,,,,,16928.0,,4071.0,1490.0,329.0,,,,1107.0,2302.0,2598.0,1006.0,396.0,,1133.0,33.0,1278.0,477.0,81.0
174075,,,,,,,,234.0,,76.0,,,,,,8.0,26.0,16.0,38.0,5.0,,23.0,1.0,16.0,11.0,1.0
174127,,,,,,,,201.0,,77.0,,,,,,31.0,12.0,7.0,3.0,2.0,,9.0,2.0,10.0,11.0,
174136,,,,,,,,387.0,,151.0,,,,,,15.0,18.0,18.0,9.0,1.0,,35.0,9.0,42.0,11.0,
174154,,,,,,,,48.0,,34.0,,,,,,2.0,,1.0,,,,,,4.0,,
174190,,,,,,,,23.0,,15.0,,,,,,1.0,,,,,,,,2.0,,
174233,,,,,,,,1449.0,,516.0,44.0,4.0,,,,87.0,152.0,115.0,107.0,10.0,,152.0,21.0,140.0,50.0,5.0
174251,,,,,,,,336.0,,117.0,,,,,,18.0,42.0,7.0,37.0,2.0,,44.0,,41.0,16.0,2.0
174321,,,,,,,,10.0,,6.0,,,,,,2.0,1.0,,,,,,,1.0,,
174358,,,,,,,,561.0,,240.0,,,,,,18.0,23.0,27.0,47.0,1.0,,49.0,1.0,53.0,21.0,
174376,,,,,,,,297.0,,137.0,,,,,,14.0,15.0,13.0,3.0,1.0,,19.0,1.0,27.0,6.0,
174428,,,,,,,,460.0,,208.0,,,,,,17.0,26.0,32.0,7.0,,,29.0,5.0,40.0,8.0,
174437,,,,,,,,175.0,,59.0,,,,,,22.0,4.0,7.0,26.0,,,8.0,1.0,13.0,7.0,
174473,,,,,,,,185.0,,95.0,,,,,,9.0,6.0,11.0,7.0,,,10.0,1.0,13.0,7.0,
174491,,,,,,,,467.0,,145.0,,,,,,48.0,42.0,27.0,33.0,4.0,,29.0,,54.0,6.0,0.0
174507,,,,,,,,214.0,,80.0,0.0,,,,,31.0,14.0,13.0,5.0,10.0,,7.0,3.0,28.0,3.0,
174525,,,,,,,,30.0,,9.0,,,,,,5.0,1.0,,1.0,,,2.0,,4.0,1.0,
174570,,,,,,,,84.0,,34.0,,,,,,7.0,2.0,2.0,10.0,,,2.0,2.0,10.0,2.0,
174604,,,,,,,,25.0,,8.0,,,,,,1.0,6.0,1.0,2.0,,,1.0,,2.0,1.0,
174738,,,,,,,,309.0,,137.0,,,,,,11.0,14.0,18.0,5.0,2.0,,28.0,5.0,32.0,8.0,
174747,,,,,,,,423.0,,138.0,,,,,,36.0,29.0,19.0,31.0,10.0,,72.0,,30.0,10.0,15.0
174756,,,,,,,,234.0,,120.0,,,,,,12.0,6.0,9.0,4.0,0.0,,10.0,2.0,26.0,7.0,
174783,,,,,,,,1027.0,,445.0,,,,,,29.0,51.0,54.0,63.0,5.0,,84.0,1.0,101.0,29.0,
174792,,,,,,,,434.0,,137.0,,,,,,38.0,24.0,18.0,44.0,3.0,,79.0,1.0,56.0,,1.0
174817,,,,,,,,589.0,,229.0,,,,,,86.0,27.0,44.0,69.0,1.0,,31.0,,61.0,16.0,
174844,,,,,,,,660.0,,241.0,,,,,,44.0,43.0,28.0,79.0,3.0,,94.0,,40.0,20.0,4.0
174862,,,,,,,,130.0,,66.0,,,,,,19.0,2.0,2.0,9.0,0.0,,,8.0,11.0,,
174899,,,,,,,,576.0,,278.0,,,,,,35.0,37.0,24.0,73.0,6.0,,31.0,,50.0,10.0,
174914,,,,,,,,1499.0,,531.0,,,,,,138.0,150.0,119.0,82.0,8.0,,202.0,14.0,152.0,14.0,2.0
174978,,,,,,,,9.0,,6.0,,,,,,2.0,,,,,,,,,,
175005,,,,,,,,723.0,,326.0,,,,,,93.0,41.0,26.0,98.0,2.0,,53.0,1.0,55.0,8.0,
175014,,,,,,,,438.0,,157.0,,,,,,68.0,7.0,,,,,,,16.0,,
175041,,,,,,,,349.0,,152.0,,,,,,16.0,16.0,19.0,5.0,,,26.0,5.0,27.0,7.0,
175078,,,,,,,,334.0,,145.0,,,,,,14.0,16.0,11.0,39.0,,,27.0,2.0,24.0,10.0,
175120,,,,,,,,72.0,,24.0,,,,,,17.0,6.0,2.0,,,,3.0,,6.0,,
175139,,,,,,,,20.0,,8.0,,,,,,3.0,1.0,1.0,,,,,2.0,1.0,0.0,
175157,,,,,,,,53.0,,19.0,,,,,,2.0,5.0,1.0,2.0,,,5.0,,6.0,2.0,
175227,,,,,,,,200.0,,114.0,,,,,,29.0,16.0,6.0,,,,,,8.0,2.0,2.0
175236,,,,,,,,228.0,,115.0,,,,,,11.0,9.0,8.0,1.0,0.0,,14.0,8.0,25.0,4.0,1.0
175263,,,,,,,,111.0,,59.0,,,,,,7.0,8.0,4.0,2.0,,,5.0,3.0,6.0,3.0,
175272,,,,,,,,773.0,,355.0,,,,,,19.0,38.0,50.0,64.0,4.0,,54.0,2.0,73.0,19.0,
175281,,,,,,,,280.0,,136.0,,,,,,24.0,11.0,5.0,32.0,,,7.0,,27.0,3.0,
175315,,,,,,,,452.0,,210.0,,,,,,15.0,20.0,22.0,8.0,2.0,,26.0,5.0,43.0,12.0,
175342,,,,,,,,642.0,,174.0,4.0,,,,,36.0,9.0,41.0,59.0,2.0,,88.0,,141.0,45.0,3.0
175421,,,,,,,,454.0,,216.0,,,,,,50.0,4.0,11.0,36.0,6.0,,41.0,,40.0,,
175430,,,,,,,,114.0,,44.0,1.0,,,,,9.0,5.0,3.0,18.0,,,3.0,,24.0,4.0,
175494,,,,,,,,11.0,,10.0,,,,,,,,,,,,,,,,
175519,,,,,,,,227.0,,81.0,,,,,,16.0,1.0,1.0,27.0,1.0,,32.0,2.0,40.0,2.0,2.0
175573,,,,,,,,299.0,,109.0,,,,,,24.0,10.0,8.0,30.0,,,63.0,2.0,31.0,2.0,
175607,,,,,,,,6.0,,2.0,,,,,,1.0,,,,,,,,,,
175616,,,,,,,,526.0,,175.0,,,,,,38.0,12.0,5.0,32.0,4.0,,90.0,,70.0,18.0,12.0
175643,,,,,,,,256.0,,115.0,,,,,,18.0,13.0,4.0,18.0,,,37.0,1.0,33.0,6.0,1.0
175652,,,,,,,,381.0,,134.0,,,,,,26.0,6.0,6.0,39.0,2.0,,28.0,0.0,62.0,40.0,
175698,,,,,,,,8.0,,3.0,,,,,,1.0,,,,,,2.0,,2.0,,
175722,,,,,,,,3.0,,2.0,,,,,,,,,,,,,,1.0,,
175786,,,,,,,,1234.0,,504.0,,,,,,178.0,15.0,18.0,48.0,,,151.0,,205.0,36.0,1.0
175810,,,,,,,,454.0,,233.0,,,,,,27.0,2.0,10.0,23.0,,,79.0,,47.0,,
175829,,,,,,,,436.0,,179.0,3.0,4.0,,,,15.0,2.0,10.0,44.0,1.0,,71.0,8.0,54.0,16.0,3.0
175856,,,,,,,,999.0,,401.0,,,,,,115.0,22.0,45.0,34.0,8.0,,61.0,,276.0,19.0,10.0
175883,,,,,,,,357.0,,129.0,1.0,,,,,24.0,10.0,11.0,29.0,2.0,,39.0,3.0,87.0,11.0,
175935,,,,,,,,336.0,,149.0,,,,,,18.0,17.0,4.0,42.0,,,40.0,5.0,28.0,7.0,
175980,,,,,,,,225.0,,82.0,,,,,,26.0,4.0,4.0,34.0,1.0,,21.0,4.0,39.0,7.0,
175999,,,,,,,,68.0,,,,,,,,20.0,12.0,11.0,3.0,,,7.0,,14.0,1.0,
176008,,,,,,,,252.0,,110.0,,,,,,11.0,7.0,6.0,18.0,1.0,,40.0,3.0,30.0,,
176017,,,,,,,,12064.0,,1985.0,,,,,,529.0,916.0,723.0,412.0,5311.0,,435.0,2.0,1234.0,298.0,40.0
176035,,,,,,,,347.0,,169.0,,,,,,30.0,8.0,11.0,30.0,2.0,,18.0,,68.0,0.0,1.0
176044,,,,,,,,455.0,,118.0,,,,,,45.0,27.0,15.0,75.0,1.0,,84.0,2.0,51.0,7.0,11.0
176053,,,,,,,,551.0,,260.0,,,,,,45.0,20.0,12.0,55.0,4.0,,50.0,,72.0,11.0,
176062,,,,,,,,4.0,,3.0,,,,,,1.0,,,,,,,,,,
176071,,,,,,,,783.0,,315.0,2.0,,,,,52.0,18.0,9.0,35.0,,,155.0,9.0,148.0,,4.0
176080,,,,,,,,4881.0,,1034.0,92.0,190.0,,,,143.0,511.0,649.0,233.0,160.0,,341.0,7.0,646.0,199.0,83.0
176169,,,,,,,,336.0,,134.0,,,,,,31.0,3.0,3.0,37.0,,,58.0,,51.0,,
176178,,,,,,,,604.0,,261.0,,,,,,23.0,11.0,14.0,29.0,,,126.0,7.0,38.0,24.0,3.0
176239,,,,,,,,435.0,,204.0,,,,,,30.0,4.0,,13.0,1.0,,61.0,8.0,59.0,12.0,
176318,,,,,,,,169.0,,45.0,,,,,,25.0,9.0,1.0,9.0,61.0,,,,0.0,1.0,
176336,,,,,,,,9.0,,9.0,,,,,,,,,,,,,,,,
176354,,,,,,,,206.0,,68.0,,,,,,14.0,1.0,5.0,17.0,2.0,,46.0,,20.0,7.0,1.0
176372,,,,,,,,2232.0,,684.0,52.0,,,,,131.0,468.0,140.0,89.0,36.0,,201.0,19.0,236.0,60.0,13.0
176390,,,,,,,,22.0,,5.0,,,,,,4.0,1.0,1.0,,,,9.0,,2.0,,
176406,,,,,,,,276.0,,67.0,,,,,,39.0,13.0,22.0,50.0,3.0,,34.0,,45.0,2.0,
176433,,,,,,,,4.0,,2.0,,,,,,,1.0,,,,,,,0.0,,
176451,,,,,,,,17.0,,5.0,0.0,,,,,5.0,2.0,,1.0,,,,,,,
176479,,,,,,,,586.0,,286.0,2.0,,,,,35.0,14.0,12.0,37.0,2.0,,39.0,,89.0,12.0,
176600,,,,,,,,29.0,,15.0,,,,,,5.0,1.0,1.0,,,,0.0,,2.0,,
176628,,,,,,,,236.0,,109.0,1.0,,,,,25.0,11.0,5.0,25.0,,,12.0,,8.0,,
176664,,,,,,,,42.0,,16.0,1.0,,,,,13.0,0.0,1.0,1.0,0.0,,4.0,,3.0,,
176716,,,,,,,,22.0,,9.0,,,,,,2.0,3.0,,,,,,2.0,4.0,,
176770,,,,,,,,104.0,,70.0,,,,,,4.0,8.0,2.0,7.0,,,,,3.0,,
176789,,,,,,,,80.0,,25.0,,,,,,6.0,3.0,3.0,8.0,,,8.0,,9.0,2.0,
176798,,,,,,,,55.0,,36.0,,,,,,5.0,,,,,,6.0,,5.0,,
176910,,,,,,,,61.0,,19.0,,,,,,11.0,3.0,1.0,5.0,,,3.0,3.0,8.0,,
176947,,,,,,,,244.0,,87.0,,,,,,17.0,10.0,12.0,43.0,1.0,,29.0,,25.0,6.0,
176965,,,,,,,,1158.0,,476.0,,,,,,139.0,120.0,38.0,49.0,13.0,,113.0,,132.0,28.0,8.0
176983,,,,,,,,41.0,,29.0,,,,,,2.0,,,,,,4.0,,3.0,,
177038,,,,,,,,113.0,,51.0,,,,,,25.0,5.0,2.0,11.0,1.0,,4.0,,7.0,3.0,
177065,,,,,,,,698.0,,212.0,,,,,,131.0,27.0,46.0,144.0,2.0,,37.0,,59.0,9.0,
177083,,,,,,,,14.0,,5.0,,,,,,1.0,,,,,,,,1.0,,
177092,,,,,,,,115.0,,37.0,,,,,,9.0,11.0,8.0,8.0,,,2.0,11.0,16.0,,
177117,,,,,,,,186.0,,45.0,,,,,,39.0,4.0,5.0,12.0,1.0,,53.0,,22.0,,1.0
177126,,,,,,,,82.0,,30.0,,,,,,6.0,3.0,5.0,,,,8.0,3.0,7.0,,
177135,,,,,,,,404.0,,216.0,,,,,,24.0,5.0,11.0,4.0,,,9.0,,50.0,5.0,
177144,,,,,,,,190.0,,59.0,,,,,,18.0,4.0,4.0,39.0,3.0,,41.0,1.0,16.0,,
177214,,,,,,,,306.0,,114.0,,,,,,21.0,15.0,15.0,36.0,4.0,,23.0,,31.0,12.0,
177250,,,,,,,,236.0,,108.0,,,,,,26.0,15.0,10.0,10.0,,,13.0,3.0,28.0,2.0,
177278,,,,,,,,24.0,,10.0,,,,,,4.0,1.0,1.0,1.0,,,4.0,,1.0,,
177302,,,,,,,,62.0,,11.0,,,,,,4.0,10.0,1.0,,,,,27.0,3.0,,
177339,,,,,,,,320.0,,112.0,,,,,,28.0,5.0,5.0,26.0,,,34.0,,36.0,19.0,
177418,,,,,,,,198.0,,87.0,,,,,,23.0,5.0,3.0,28.0,2.0,,15.0,,17.0,4.0,
177436,,,,,,,,40.0,,2.0,,,,,,3.0,,,,1.0,,2.0,,2.0,,
177472,,,,,,,,931.0,,415.0,,,,,,87.0,15.0,43.0,43.0,1.0,,96.0,15.0,58.0,2.0,3.0
177542,,,,,,,,129.0,,62.0,,,,,,21.0,2.0,2.0,16.0,2.0,,2.0,,17.0,,0.0
177551,,,,,,,,273.0,,91.0,,,,,,42.0,7.0,6.0,33.0,1.0,,25.0,,25.0,5.0,5.0
177588,,,,,,,,5.0,,2.0,,,,,,1.0,,,,,,1.0,,1.0,,
177603,,,,,,,,13.0,,8.0,,,,,,1.0,1.0,,,,,,1.0,2.0,,
177676,,,,,,,,316.0,,142.0,1.0,,,,,33.0,5.0,13.0,11.0,1.0,,21.0,1.0,59.0,7.0,1.0
177685,,,,,,,,12.0,,8.0,,,,,,1.0,,,,,,,1.0,2.0,,
177719,,,,,,,,127.0,,66.0,1.0,,,,,18.0,8.0,4.0,4.0,4.0,,,,5.0,,
177746,,,,,,,,183.0,,75.0,,,,,,18.0,5.0,6.0,29.0,,,20.0,,12.0,,
177816,,,,,,,,55.0,,19.0,,,,,,5.0,4.0,1.0,4.0,,,13.0,,4.0,,
177834,,,,,,,,1045.0,,431.0,43.0,,,,,85.0,58.0,47.0,18.0,14.0,,77.0,,190.0,20.0,2.0
177870,,,,,,,,18.0,,7.0,,,,,,,,1.0,,,,4.0,,3.0,1.0,
177931,,,,,,,,15.0,,10.0,,,,,,1.0,1.0,,1.0,,,,,2.0,,
177940,,,,,,,,405.0,,110.0,19.0,6.0,,,,41.0,22.0,26.0,35.0,4.0,,20.0,,53.0,11.0,1.0
177968,,,,,,,,856.0,,417.0,,,,,,63.0,46.0,23.0,118.0,,,58.0,,37.0,,
177977,,,,,,,,200.0,,107.0,,,,,,14.0,11.0,5.0,4.0,,,5.0,7.0,24.0,10.0,
177986,,,,,,,,246.0,,79.0,,3.0,,,,46.0,11.0,10.0,2.0,6.0,,11.0,,31.0,6.0,1.0
177995,,,,,,,,1486.0,,757.0,5.0,,,,,104.0,12.0,59.0,92.0,1.0,,41.0,,308.0,27.0,2.0
178004,,,,,,,,13.0,,8.0,,,,,,1.0,0.0,,,,,1.0,,1.0,,
178059,,,,,,,,800.0,,489.0,,,,,,105.0,32.0,48.0,57.0,9.0,,29.0,1.0,21.0,6.0,
178077,,,,,,,,9.0,,4.0,,,,,,3.0,1.0,,,,,,,1.0,,
178183,,,,,,,,21.0,,10.0,,,,,,1.0,0.0,,,,,,,6.0,,
178208,,,,,,,,198.0,,76.0,,,,,,16.0,8.0,4.0,17.0,,,21.0,3.0,39.0,7.0,
178217,,,,,,,,215.0,,95.0,,,,,,23.0,2.0,9.0,10.0,,,18.0,,34.0,,
178244,,,,,,,,326.0,,137.0,,,,,,30.0,13.0,8.0,60.0,6.0,,21.0,,34.0,8.0,3.0
178341,,,,,,,,562.0,,224.0,,,,,,30.0,9.0,17.0,52.0,7.0,,56.0,2.0,98.0,22.0,
178369,,,,,,,,220.0,,105.0,,,,,,12.0,2.0,5.0,37.0,2.0,,25.0,,18.0,,
178387,,,,,,,,458.0,,210.0,1.0,,,,,24.0,9.0,23.0,44.0,1.0,,37.0,,50.0,11.0,
178396,,,,,,,,8557.0,,2151.0,96.0,168.0,,,,518.0,569.0,1209.0,635.0,589.0,,571.0,30.0,1317.0,283.0,111.0
178402,,,,,,,,2533.0,,756.0,12.0,,,,,174.0,175.0,200.0,246.0,437.0,,120.0,17.0,251.0,38.0,16.0
178411,,,,,,,,1167.0,,358.0,12.0,,,,,85.0,72.0,134.0,120.0,13.0,,128.0,,167.0,46.0,2.0
178420,,,,,,,,1377.0,,479.0,11.0,,,,,129.0,127.0,119.0,211.0,19.0,,82.0,,132.0,35.0,2.0
178439,,,,,,,,508.0,,,,,,,,85.0,114.0,177.0,57.0,,,2.0,5.0,37.0,,3.0
178448,,,,,,,,328.0,,124.0,,,,,,30.0,13.0,11.0,17.0,,,31.0,1.0,47.0,6.0,0.0
178518,,,,,,,,41.0,,20.0,,,,,,1.0,2.0,2.0,2.0,,,3.0,,3.0,,
178527,,,,,,,,4.0,,3.0,,,,,,1.0,,,,,,,,,,
178615,,,,,,,,651.0,,288.0,,,,,,25.0,17.0,28.0,95.0,9.0,,50.0,,63.0,35.0,6.0
178624,,,,,,,,724.0,,253.0,,,,,,31.0,73.0,24.0,42.0,10.0,,96.0,7.0,73.0,32.0,19.0
178679,,,,,,,,116.0,,33.0,,,,,,18.0,2.0,2.0,7.0,0.0,,20.0,2.0,13.0,2.0,
178697,,,,,,,,348.0,,112.0,,,,,,25.0,8.0,10.0,16.0,2.0,,67.0,4.0,25.0,41.0,13.0
178721,,,,,,,,760.0,,383.0,,,,,,38.0,55.0,27.0,37.0,1.0,,36.0,,42.0,8.0,
178767,,,,,,,,15.0,,7.0,,,,,,3.0,1.0,,,,,,,1.0,,
178828,,,,,,,,18.0,,12.0,,,,,,1.0,,,,,,2.0,,2.0,,
178891,,,,,,,,212.0,,129.0,,,,,,5.0,20.0,9.0,,,,6.0,,12.0,,
178989,,,,,,,,51.0,,34.0,,,,,,2.0,3.0,1.0,1.0,,,,,2.0,,
179043,,,,,,,,390.0,,172.0,,,,,,29.0,25.0,18.0,34.0,4.0,,39.0,1.0,42.0,7.0,
179052,,,,,,,,31.0,,15.0,,,,,,2.0,2.0,,1.0,,,5.0,,4.0,,
179159,,,,,,,,4794.0,,1411.0,75.0,73.0,,,,517.0,259.0,196.0,124.0,896.0,,553.0,,625.0,1.0,38.0
179195,,,,,,,,4.0,,2.0,,,,,,,,,,,,,,2.0,,
179229,,,,,,,,5.0,,4.0,,,,,,,1.0,,,,,,,,,
179256,,,,,,,,28.0,,12.0,,,,,,5.0,1.0,0.0,,,,2.0,0.0,2.0,,
179265,,,,,,,,244.0,,72.0,17.0,,,,,41.0,7.0,18.0,25.0,7.0,,19.0,,22.0,4.0,
179308,,,,,,,,1370.0,,493.0,,,,,,122.0,157.0,63.0,23.0,1.0,,104.0,,221.0,41.0,4.0
179317,,,,,,,,30.0,,14.0,,,,,,1.0,2.0,,1.0,,,,2.0,5.0,,
179326,,,,,,,,389.0,,188.0,,,,,,47.0,16.0,8.0,37.0,1.0,,35.0,,41.0,2.0,
179344,,,,,,,,161.0,,55.0,,,,,,9.0,6.0,11.0,16.0,1.0,,21.0,1.0,19.0,0.0,
179511,,,,,,,,23.0,,6.0,,,,,,7.0,3.0,1.0,,,,1.0,3.0,2.0,,
179539,,,,,,,,312.0,,147.0,,,,,,7.0,,,0.0,,,17.0,,135.0,,
179548,,,,,,,,195.0,,58.0,,,,,,18.0,12.0,6.0,16.0,,,13.0,6.0,15.0,32.0,0.0
179557,,,,,,,,1092.0,,433.0,,,,,,62.0,121.0,33.0,118.0,6.0,,95.0,,103.0,50.0,24.0
179566,,,,,,,,2269.0,,850.0,3.0,,,,,99.0,160.0,130.0,202.0,44.0,,202.0,9.0,284.0,78.0,11.0
179645,,,,,,,,210.0,,95.0,,,,,,8.0,8.0,10.0,25.0,,,7.0,6.0,27.0,6.0,0.0
179715,,,,,,,,134.0,,50.0,,,,,,9.0,9.0,7.0,,,,13.0,4.0,28.0,,
179812,,,,,,,,363.0,,58.0,8.0,,,,,60.0,30.0,22.0,11.0,6.0,,48.0,1.0,42.0,10.0,
179867,,,,,,,,15821.0,,1871.0,1022.0,1430.0,,,,1132.0,1195.0,2300.0,430.0,2019.0,,1460.0,10.0,2439.0,245.0,65.0
179894,,,,,,,,1002.0,,430.0,,,,,,119.0,77.0,35.0,90.0,1.0,,13.0,,129.0,17.0,
179946,,,,,,,,163.0,,55.0,,,,,,31.0,3.0,7.0,19.0,,,1.0,,13.0,4.0,
179955,,,,,,,,220.0,,89.0,,,,,,26.0,17.0,7.0,37.0,1.0,,3.0,,21.0,9.0,
179964,,,,,,,,263.0,,121.0,,,,,,23.0,7.0,12.0,29.0,2.0,,14.0,13.0,27.0,9.0,
179991,,,,,,,,3.0,,1.0,,,,,,2.0,,,,,,,,,,
180054,,,,,,,,115.0,,46.0,,2.0,,,,5.0,9.0,4.0,,,,9.0,1.0,18.0,,
180063,,,,,,,,5.0,,2.0,,,,,,1.0,,,,,,1.0,,1.0,,
180090,,,,,,,,8.0,,6.0,,,,,,,,,,,,,,1.0,1.0,
180106,,,,,,,,232.0,,94.0,,,,,,35.0,19.0,10.0,24.0,3.0,,20.0,,9.0,2.0,2.0
180151,,,,,,,,59.0,,22.0,,,,,,19.0,2.0,1.0,4.0,,,5.0,,4.0,,
180160,,,,,,,,49.0,,14.0,1.0,1.0,,,,4.0,1.0,2.0,4.0,,,5.0,,9.0,,
180179,,,,,,,,442.0,,168.0,,,,,,71.0,31.0,16.0,51.0,2.0,,38.0,6.0,37.0,10.0,1.0
180197,,,,,,,,210.0,,103.0,,,,,,24.0,9.0,7.0,10.0,1.0,,14.0,1.0,22.0,4.0,
180203,,,,,,,,51.0,,14.0,3.0,3.0,,,,10.0,2.0,2.0,,,,4.0,1.0,6.0,,
180212,,,,,,,,79.0,,24.0,,,,,,3.0,4.0,2.0,,,,3.0,,9.0,8.0,
180249,,,,,,,,128.0,,59.0,,,,,,11.0,7.0,5.0,,,,6.0,2.0,13.0,,
180258,,,,,,,,173.0,,59.0,,,,,,28.0,5.0,6.0,25.0,5.0,,12.0,,22.0,,2.0
180276,,,,,,,,91.0,,46.0,,3.0,,,,13.0,6.0,3.0,2.0,,,3.0,2.0,7.0,3.0,
180328,,,,,,,,57.0,,13.0,,0.0,,,,5.0,2.0,4.0,5.0,,,6.0,1.0,8.0,1.0,1.0
180373,,,,,,,,96.0,,33.0,,0.0,,,,14.0,6.0,2.0,6.0,,,14.0,,17.0,,
180416,,,,,,,,412.0,,147.0,36.0,,,,,34.0,16.0,34.0,28.0,1.0,,50.0,7.0,28.0,14.0,
180461,,,,,,,,2790.0,,898.0,262.0,58.0,,,,213.0,259.0,209.0,163.0,46.0,,264.0,7.0,208.0,75.0,13.0
180489,,,,,,,,1915.0,,493.0,62.0,78.0,,,,301.0,138.0,227.0,131.0,72.0,,164.0,9.0,122.0,59.0,10.0
180522,,,,,,,,169.0,,62.0,2.0,2.0,,,,28.0,3.0,6.0,11.0,2.0,,15.0,4.0,16.0,3.0,1.0
180595,,,,,,,,212.0,,78.0,,,,,,22.0,11.0,6.0,34.0,1.0,,17.0,,15.0,4.0,10.0
180647,,,,,,,,189.0,,76.0,,,,,,5.0,9.0,10.0,9.0,1.0,,15.0,1.0,40.0,4.0,1.0
180692,,,,,,,,198.0,,80.0,,,,,,17.0,12.0,5.0,26.0,,,22.0,1.0,15.0,11.0,
180717,,,,,,,,18.0,,5.0,,,,,,1.0,2.0,,3.0,,,1.0,,0.0,,
180814,,,,,,,,931.0,,366.0,,,,,,10.0,87.0,74.0,219.0,4.0,,27.0,16.0,63.0,6.0,
180832,,,,,,,,149.0,,77.0,0.0,1.0,,,,32.0,21.0,8.0,,,,,,5.0,2.0,
180878,,,,,,,,86.0,,53.0,,,,,,13.0,4.0,1.0,4.0,1.0,,,,5.0,,
180902,,,,,,,,592.0,,230.0,,,,,,44.0,34.0,25.0,57.0,1.0,,38.0,,90.0,18.0,4.0
180948,,,,,,,,296.0,,102.0,,,,,,19.0,10.0,9.0,31.0,1.0,,24.0,,20.0,26.0,3.0
180957,,,,,,,,14.0,,4.0,,,,,,1.0,2.0,,,,,,2.0,1.0,,1.0
180984,,,,,,,,257.0,,116.0,,,,,,32.0,5.0,11.0,41.0,5.0,,6.0,,17.0,1.0,
181002,,,,,,,,2003.0,,746.0,17.0,,,,,190.0,299.0,98.0,84.0,105.0,,160.0,8.0,223.0,19.0,5.0
181020,,,,,,,,389.0,,160.0,3.0,,,,,47.0,14.0,13.0,58.0,3.0,,37.0,6.0,24.0,10.0,
181127,,,,,,,,177.0,,69.0,,,,,,24.0,3.0,4.0,35.0,0.0,,3.0,,17.0,,
181145,,,,,,,,3.0,,3.0,,,,,,,,,,,,,,,,
181190,,,,,,,,24.0,,16.0,,,,,,5.0,1.0,,,,,1.0,1.0,,,
181215,,,,,,,,800.0,,362.0,,,,,,92.0,30.0,12.0,52.0,6.0,,70.0,,88.0,22.0,9.0
181297,,,,,,,,143.0,,72.0,,,,,,24.0,9.0,2.0,1.0,5.0,,0.0,1.0,10.0,,
181303,,,,,,,,1154.0,,531.0,,,,,,83.0,42.0,55.0,81.0,1.0,,85.0,13.0,154.0,22.0,1.0
181312,,,,,,,,330.0,,144.0,2.0,6.0,,,,15.0,10.0,13.0,15.0,27.0,,,,21.0,22.0,
181330,,,,,,,,259.0,,90.0,,,,,,15.0,7.0,8.0,62.0,2.0,,2.0,,9.0,11.0,
181394,,,,,,,,1658.0,,720.0,12.0,7.0,,,,195.0,91.0,51.0,148.0,7.0,,142.0,3.0,195.0,18.0,19.0
181419,,,,,,,,56.0,,30.0,,1.0,,,,8.0,2.0,1.0,5.0,,,,,1.0,1.0,
181428,,,,,,,,4630.0,,641.0,255.0,590.0,,,,356.0,181.0,578.0,129.0,965.0,,229.0,1.0,552.0,65.0,34.0
181446,,,,,,,,329.0,,134.0,,,,,,39.0,8.0,9.0,51.0,2.0,,31.0,,28.0,12.0,
181464,,,,,,,,6097.0,,1415.0,295.0,201.0,,,,592.0,458.0,681.0,535.0,49.0,,616.0,28.0,642.0,214.0,65.0
181491,,,,,,,,428.0,,177.0,,,,,,28.0,19.0,32.0,23.0,,,30.0,,62.0,23.0,
181534,,,,,,,,190.0,,68.0,,,,,,28.0,,8.0,31.0,4.0,,13.0,,19.0,11.0,
181543,,,,,,,,14.0,,5.0,,,,,,2.0,0.0,,,,,1.0,,3.0,,
181604,,,,,,,,224.0,,111.0,,,,,,20.0,10.0,6.0,16.0,,,13.0,1.0,20.0,2.0,
181640,,,,,,,,836.0,,462.0,,,,,,54.0,28.0,24.0,21.0,,,66.0,4.0,64.0,23.0,4.0
181738,,,,,,,,191.0,,76.0,,,,,,19.0,15.0,6.0,19.0,1.0,,16.0,,16.0,5.0,
181747,,,,,,,,470.0,,,,,,,,106.0,41.0,207.0,39.0,,,,2.0,37.0,9.0,
181765,,,,,,,,50.0,,16.0,,,,,,4.0,3.0,,1.0,,,9.0,1.0,4.0,3.0,1.0
181783,,,,,,,,402.0,,155.0,,,,,,33.0,18.0,15.0,30.0,4.0,,39.0,,40.0,13.0,7.0
181817,,,,,,,,229.0,,91.0,,,,,,27.0,9.0,8.0,31.0,,,6.0,2.0,31.0,8.0,
181853,,,,,,,,106.0,,36.0,,,,,,8.0,6.0,2.0,22.0,,,5.0,8.0,5.0,2.0,
181880,,,,,,,,19.0,,10.0,,,,,,4.0,2.0,0.0,,,,,1.0,2.0,,
181941,,,,,,,,41.0,,24.0,,,,,,3.0,4.0,1.0,,,,1.0,4.0,3.0,,
182005,,,,,,,,1621.0,,873.0,2.0,,,,,93.0,84.0,35.0,134.0,5.0,,64.0,,219.0,45.0,6.0
182148,,,,,,,,43.0,,20.0,,,,,,6.0,1.0,,,,,1.0,,2.0,,
182281,,,,,,,,4460.0,,1495.0,112.0,,,,,241.0,504.0,278.0,357.0,358.0,,356.0,1.0,430.0,125.0,30.0
182290,,,,,,,,3687.0,,1104.0,222.0,27.0,,,,145.0,523.0,349.0,299.0,179.0,,154.0,1.0,446.0,96.0,28.0
182306,,,,,,,,284.0,,121.0,,,,,,16.0,20.0,15.0,10.0,,,18.0,,33.0,8.0,
182458,,,,,,,,130.0,,67.0,,,,,,16.0,9.0,2.0,9.0,,,1.0,,14.0,,
182500,,,,,,,,602.0,,272.0,2.0,,,,,35.0,61.0,24.0,26.0,1.0,,39.0,,74.0,14.0,
182519,,,,,,,,143.0,,,2.0,,,,,31.0,31.0,63.0,7.0,,,,,9.0,,
182564,,,,,,,,261.0,,111.0,,,,,,19.0,20.0,8.0,15.0,,,16.0,,20.0,6.0,1.0
182634,,,,,,,,246.0,,64.0,,,,,,39.0,9.0,9.0,28.0,6.0,,52.0,1.0,22.0,2.0,
182652,,,,,,,,5.0,,3.0,,,,,,1.0,0.0,,,,,,,1.0,,
182670,,,,,,,,3656.0,,776.0,40.0,,,,,433.0,171.0,661.0,292.0,31.0,,368.0,1.0,362.0,106.0,33.0
182704,,,,,,,,9.0,,5.0,,,,,,1.0,1.0,,,,,,1.0,1.0,,
182722,,,,,,,,12.0,,8.0,,,,,,1.0,1.0,,,,,,1.0,1.0,,
182795,,,,,,,,369.0,,181.0,,,,,,37.0,8.0,8.0,48.0,6.0,,27.0,,22.0,7.0,
182829,,,,,,,,65.0,,39.0,,,,,,4.0,2.0,,3.0,,,,,11.0,2.0,
182892,,,,,,,,10.0,,5.0,,,,,,1.0,1.0,,,,,0.0,,1.0,,
182917,,,,,,,,15.0,,8.0,,,,,,2.0,0.0,,,,,,1.0,1.0,,
182953,,,,,,,,13.0,,6.0,,,,,,4.0,,,,,,,,3.0,,
182980,,,,,,,,487.0,,236.0,,,,,,37.0,16.0,9.0,57.0,5.0,,12.0,,79.0,,
182999,,,,,,,,8.0,,2.0,,,,,,,1.0,,,,,,,3.0,,
183026,,,,,,,,5828.0,,2252.0,,,,,,792.0,464.0,112.0,60.0,5.0,,114.0,,1839.0,,3.0
183035,,,,,,,,16.0,,12.0,,,,,,2.0,,,,,,,,,,
183044,,,,,,,,2995.0,,820.0,105.0,,,,,423.0,149.0,350.0,208.0,34.0,,179.0,2.0,389.0,68.0,24.0
183062,,,,,,,,537.0,,228.0,1.0,,,,,59.0,28.0,31.0,37.0,4.0,,21.0,0.0,65.0,18.0,4.0
183071,,,,,,,,113.0,,64.0,,,,,,11.0,1.0,,10.0,,,6.0,,11.0,,
183080,,,,,,,,540.0,,242.0,1.0,,,,,48.0,22.0,9.0,50.0,5.0,,52.0,,66.0,14.0,6.0
183099,,,,,,,,317.0,,202.0,,,,,,6.0,7.0,6.0,,,,24.0,,11.0,,
183105,,,,,,,,84.0,,46.0,,,,,,4.0,3.0,1.0,,,,6.0,,3.0,,
183114,,,,,,,,121.0,,76.0,,,,,,3.0,4.0,2.0,,,,5.0,,4.0,,
183123,,,,,,,,78.0,,42.0,,,,,,3.0,3.0,1.0,,,,6.0,,5.0,,
183132,,,,,,,,178.0,,102.0,,,,,,6.0,6.0,5.0,,,,15.0,,5.0,,
183141,,,,,,,,157.0,,97.0,,,,,,5.0,5.0,4.0,,,,11.0,,7.0,,
183150,,,,,,,,141.0,,75.0,,,,,,6.0,5.0,4.0,,,,6.0,,5.0,,
183202,,,,,,,,8.0,,4.0,,,,,,2.0,,,,,,,1.0,1.0,,
183211,,,,,,,,255.0,,107.0,,,,,,11.0,13.0,,18.0,4.0,,37.0,,23.0,3.0,
183239,,,,,,,,562.0,,167.0,,,,,,59.0,27.0,15.0,43.0,10.0,,136.0,,37.0,20.0,7.0
183248,,,,,,,,26.0,,21.0,,,,,,,2.0,,,,,,,3.0,,
183257,,,,,,,,151.0,,65.0,,,,,,25.0,11.0,1.0,19.0,,,,,16.0,,
183275,,,,,,,,21.0,,7.0,,,,,,1.0,2.0,,,,,3.0,,7.0,,
183327,,,,,,,,68.0,,,,,,,,21.0,21.0,7.0,2.0,,,,,17.0,,
183488,,,,,,,,46.0,,20.0,,,,,,5.0,3.0,,,,,,4.0,7.0,4.0,
183600,,,,,,,,11.0,,7.0,,,,,,1.0,1.0,0.0,,0.0,,1.0,,0.0,,
183655,,,,,,,,315.0,,129.0,,,,,,31.0,32.0,22.0,19.0,,,34.0,,30.0,10.0,1.0
183725,,,,,,,,45.0,,26.0,,,,,,6.0,4.0,,6.0,,,1.0,,1.0,,
183743,,,,,,,,783.0,,393.0,,,,,,57.0,50.0,16.0,52.0,1.0,,91.0,,74.0,5.0,
183789,,,,,,,,372.0,,128.0,,,,,,40.0,18.0,2.0,28.0,,,17.0,1.0,37.0,,1.0
183804,,,,,,,,159.0,,51.0,,5.0,,,,18.0,14.0,3.0,0.0,,,4.0,,41.0,,0.0
183822,,,,,,,,261.0,,100.0,,,,,,37.0,4.0,15.0,3.0,4.0,,12.0,,69.0,7.0,
183859,,,,,,,,622.0,,307.0,3.0,24.0,,,,17.0,22.0,5.0,15.0,,,22.0,,47.0,15.0,3.0
183877,,,,,,,,508.0,,226.0,,,,,,61.0,23.0,4.0,29.0,3.0,,49.0,,68.0,9.0,7.0
183910,,,,,,,,292.0,,146.0,,,,,,38.0,18.0,8.0,34.0,4.0,,2.0,,27.0,,
183938,,,,,,,,542.0,,306.0,,,,,,16.0,14.0,26.0,20.0,4.0,,25.0,,63.0,8.0,
183974,,,,,,,,235.0,,107.0,1.0,,,,,26.0,8.0,1.0,38.0,3.0,,9.0,,17.0,11.0,
183983,,,,,,,,22.0,,10.0,,,,,,2.0,1.0,,1.0,,,,,6.0,,
184056,,,,,,,,55.0,,31.0,,,,,,13.0,,,,,,0.0,,6.0,,
184092,,,,,,,,41.0,,17.0,,,,,,8.0,,,,,,2.0,6.0,7.0,,
184180,,,,,,,,530.0,,254.0,,,,,,52.0,16.0,31.0,27.0,2.0,,43.0,,81.0,12.0,5.0
184205,,,,,,,,219.0,,86.0,,,,,,21.0,19.0,16.0,26.0,1.0,,0.0,,29.0,,
184278,,,,,,,,11.0,,5.0,,,,,,2.0,1.0,,,,,,2.0,1.0,,
184348,,,,,,,,374.0,,167.0,,,,,,59.0,15.0,14.0,46.0,2.0,,3.0,,37.0,4.0,
184427,,,,,,,,33.0,,17.0,,,,,,9.0,,,,,,,,5.0,,
184481,,,,,,,,494.0,,181.0,,,,,,70.0,19.0,12.0,4.0,,,60.0,,80.0,10.0,
184506,,,,,,,,8.0,,6.0,,,,,,1.0,,,,,,,,,,
184603,,,,,,,,656.0,,262.0,,,,,,170.0,24.0,29.0,46.0,4.0,,28.0,,81.0,2.0,
184612,,,,,,,,344.0,,144.0,,,,,,34.0,14.0,11.0,21.0,4.0,,20.0,,56.0,12.0,6.0
184694,,,,,,,,457.0,,232.0,,,,,,61.0,20.0,16.0,39.0,4.0,,31.0,,39.0,2.0,3.0
184746,,,,,,,,54.0,,31.0,,,,,,8.0,3.0,,,2.0,,,2.0,3.0,,
184773,,,,,,,,328.0,,145.0,,,,,,20.0,24.0,10.0,33.0,5.0,,14.0,,45.0,,
184782,,,,,,,,3177.0,,1137.0,,,,,,327.0,452.0,111.0,41.0,261.0,,312.0,1.0,417.0,80.0,4.0
184791,,,,,,,,422.0,,143.0,,,,,,43.0,25.0,23.0,40.0,1.0,,39.0,0.0,63.0,5.0,
184816,,,,,,,,7.0,,5.0,,,,,,1.0,,,,,,,,,,
184959,,,,,,,,63.0,,24.0,,,,,,7.0,3.0,5.0,,,,,5.0,11.0,2.0,
184968,,,,,,,,24.0,,17.0,,,,,,2.0,1.0,,,,,,,3.0,,
184995,,,,,,,,520.0,,198.0,,,,,,73.0,6.0,24.0,28.0,,,7.0,,113.0,7.0,
185129,,,,,,,,1006.0,,396.0,,,,,,88.0,46.0,32.0,6.0,1.0,,104.0,,94.0,21.0,
185174,,,,,,,,36.0,,20.0,,,,,,11.0,,0.0,,,,,,3.0,1.0,
185262,,,,,,,,1229.0,,652.0,,,,,,227.0,32.0,20.0,32.0,5.0,,33.0,,188.0,23.0,8.0
185396,,,,,,,,82.0,,37.0,,,,,,22.0,1.0,1.0,,,,,,17.0,,
185466,,,,,,,,23.0,,11.0,,,,,,4.0,2.0,,,,,0.0,,6.0,,
185509,,,,,,,,504.0,,202.0,,,,,,31.0,16.0,15.0,38.0,,,45.0,,70.0,7.0,3.0
185536,,,,,,,,738.0,,309.0,,19.0,,,,57.0,15.0,20.0,31.0,3.0,,72.0,,113.0,19.0,11.0
185572,,,,,,,,1129.0,,439.0,,,,,,72.0,53.0,54.0,132.0,14.0,,145.0,,166.0,,
185590,,,,,,,,2263.0,,976.0,,,,,,74.0,370.0,127.0,103.0,47.0,,197.0,,288.0,46.0,11.0
185679,,,,,,,,56.0,,38.0,,,,,,3.0,,,,,,,,13.0,2.0,
185721,,,,,,,,40.0,,22.0,,,,,,3.0,1.0,,,,,,2.0,4.0,2.0,
185758,,,,,,,,38.0,,16.0,,,,,,4.0,1.0,1.0,,,,4.0,,4.0,,
185767,,,,,,,,25.0,,13.0,,,,,,2.0,,,,,,,,6.0,3.0,
185828,,,,,,,,1551.0,,583.0,51.0,,,,,84.0,192.0,98.0,143.0,,,155.0,,167.0,31.0,2.0
185873,,,,,,,,627.0,,286.0,,,,,,29.0,48.0,30.0,46.0,1.0,,40.0,1.0,70.0,8.0,
185970,,,,,,,,13.0,,8.0,,,,,,1.0,1.0,,,,,,,1.0,0.0,
186016,,,,,,,,40.0,,20.0,,,,,,3.0,1.0,,,,,,4.0,9.0,2.0,
186034,,,,,,,,463.0,,170.0,,,,,,61.0,6.0,7.0,22.0,0.0,,44.0,,62.0,3.0,
186052,,,,,,,,64.0,,27.0,,,,,,9.0,1.0,2.0,,,,5.0,5.0,13.0,,
186122,,,,,,,,226.0,,56.0,8.0,,,,,46.0,14.0,7.0,8.0,,,23.0,,35.0,18.0,
186131,,,,,,,,6602.0,,1066.0,,,,,,765.0,329.0,1538.0,270.0,70.0,,760.0,,978.0,465.0,
186186,,,,,,,,39.0,,19.0,,,,,,2.0,4.0,,,,,12.0,,2.0,,
186201,,,,,,,,734.0,,298.0,,,,,,31.0,25.0,39.0,60.0,1.0,,78.0,,113.0,36.0,
186274,,,,,,,,22.0,,10.0,,,,,,1.0,,,,,,,,9.0,2.0,
186283,,,,,,,,813.0,,292.0,,,,,,88.0,64.0,34.0,92.0,2.0,,41.0,,89.0,23.0,1.0
186371,,,,,,,,1014.0,,419.0,16.0,,,,,18.0,156.0,48.0,32.0,12.0,,76.0,,107.0,14.0,
186380,,,,,,,,17467.0,,4145.0,864.0,52.0,,,,280.0,2556.0,1800.0,728.0,2631.0,,1438.0,5.0,1936.0,444.0,15.0
186399,,,,,,,,1732.0,,688.0,76.0,,,,,37.0,235.0,79.0,70.0,12.0,,174.0,,129.0,83.0,
186405,,,,,,,,4.0,,1.0,,,,,,1.0,,,,1.0,,,,,,
186423,,,,,,,,14.0,,7.0,,,,,,4.0,,,,,,,,1.0,,
186432,,,,,,,,367.0,,171.0,,,,,,35.0,28.0,12.0,29.0,4.0,,7.0,,44.0,,
186469,,,,,,,,99.0,,40.0,,,,,,20.0,5.0,3.0,14.0,,,4.0,,7.0,,
186584,,,,,,,,1457.0,,624.0,,,,,,123.0,98.0,75.0,146.0,15.0,,44.0,1.0,149.0,42.0,4.0
186593,,,,,,,,15.0,,8.0,,,,,,3.0,,,,,,,,1.0,,
186618,,,,,,,,205.0,,107.0,,,,,,21.0,8.0,12.0,12.0,2.0,,3.0,,20.0,4.0,
186645,,,,,,,,466.0,,221.0,,,,,,39.0,2.0,,,,,18.0,,96.0,6.0,
186867,,,,,,,,995.0,,344.0,64.0,,,,,223.0,82.0,19.0,7.0,8.0,,42.0,,135.0,5.0,6.0
186876,,,,,,,,1319.0,,460.0,,,,,,86.0,49.0,69.0,69.0,5.0,,165.0,1.0,231.0,86.0,3.0
186900,,,,,,,,8.0,,5.0,,,,,,1.0,0.0,,,,,1.0,,1.0,,
187000,,,,,,,,36.0,,21.0,,,,,,5.0,,,,,,,,10.0,,
187046,,,,,,,,292.0,,,,,,,,93.0,27.0,18.0,76.0,,,,,46.0,,
187134,,,,,,,,1315.0,,532.0,,,,,,101.0,60.0,44.0,106.0,24.0,,53.0,,102.0,166.0,
187198,,,,,,,,564.0,,258.0,,,,,,40.0,20.0,13.0,8.0,12.0,,55.0,,38.0,10.0,
187444,,,,,,,,1358.0,,587.0,,,,,,65.0,63.0,75.0,101.0,9.0,,186.0,,226.0,,
187505,,,,,,,,70.0,,38.0,,,,,,14.0,3.0,1.0,,,,1.0,10.0,2.0,,
187532,,,,,,,,1437.0,,510.0,,,,,,149.0,91.0,83.0,23.0,1.0,,138.0,7.0,128.0,25.0,10.0
187596,,,,,,,,271.0,,116.0,,1.0,,,,19.0,13.0,11.0,5.0,3.0,,37.0,4.0,20.0,8.0,4.0
187620,,,,,,,,436.0,,228.0,,,,,,17.0,15.0,35.0,17.0,1.0,,34.0,3.0,58.0,10.0,
187639,,,,,,,,182.0,,70.0,,,,,,21.0,7.0,14.0,7.0,,,12.0,,12.0,5.0,
187648,,,,,,,,502.0,,186.0,,,,,,42.0,24.0,39.0,44.0,,,51.0,1.0,62.0,4.0,1.0
187666,,,,,,,,203.0,,67.0,,,,,,11.0,9.0,7.0,7.0,,,25.0,1.0,25.0,6.0,
187745,,,,,,,,121.0,,45.0,,,,,,31.0,3.0,4.0,2.0,1.0,,3.0,2.0,10.0,2.0,1.0
187897,,,,,,,,487.0,,157.0,,,,,,49.0,23.0,21.0,35.0,3.0,,48.0,,57.0,34.0,
187903,,,,,,,,256.0,,82.0,,,,,,8.0,13.0,8.0,3.0,,,50.0,,8.0,6.0,
187912,,,,,,,,296.0,,78.0,1.0,,,,,15.0,4.0,14.0,6.0,2.0,,74.0,,44.0,9.0,
187958,,,,,,,,144.0,,65.0,,,,,,3.0,6.0,3.0,8.0,,,15.0,2.0,22.0,5.0,1.0
187967,,,,,,,,772.0,,147.0,6.0,,,,,33.0,54.0,183.0,15.0,,,90.0,,133.0,67.0,7.0
187976,,,,,,,,29.0,,10.0,,,,,,2.0,5.0,2.0,3.0,,,,1.0,5.0,,
187985,,,,,,,,6410.0,,2022.0,51.0,61.0,,,,152.0,787.0,541.0,395.0,386.0,,325.0,18.0,997.0,241.0,64.0
187994,,,,,,,,100.0,,50.0,,,,,,6.0,6.0,2.0,8.0,,,8.0,,15.0,2.0,
188003,,,,,,,,101.0,,42.0,,1.0,,,,8.0,7.0,4.0,3.0,,,5.0,,25.0,4.0,
188021,,,,,,,,46.0,,25.0,,,,,,2.0,3.0,3.0,1.0,,,3.0,,7.0,1.0,
188030,,,,,,,,2941.0,,710.0,44.0,129.0,,,,112.0,377.0,395.0,182.0,43.0,,190.0,4.0,487.0,180.0,41.0
188049,,,,,,,,118.0,,38.0,,,,,,3.0,13.0,5.0,3.0,,,15.0,1.0,21.0,5.0,
188058,,,,,,,,186.0,,71.0,,,,,,6.0,19.0,8.0,9.0,,,13.0,2.0,13.0,3.0,1.0
188100,,,,,,,,642.0,,247.0,,,,,,48.0,12.0,22.0,52.0,1.0,,80.0,9.0,106.0,12.0,2.0
188137,,,,,,,,381.0,,125.0,,,,,,79.0,17.0,14.0,21.0,,,31.0,1.0,25.0,9.0,
188182,,,,,,,,104.0,,37.0,,,,,,10.0,2.0,4.0,12.0,3.0,,3.0,1.0,9.0,3.0,
188207,,,,,,,,40.0,,14.0,,,,,,4.0,2.0,2.0,1.0,,,3.0,,5.0,,
188216,,,,,,,,82.0,,18.0,,,,,,11.0,3.0,5.0,7.0,,,14.0,,17.0,4.0,
188225,,,,,,,,89.0,,24.0,1.0,,,,,2.0,13.0,2.0,9.0,,,3.0,,16.0,5.0,1.0
188261,,,,,,,,67.0,,25.0,,,,,,3.0,4.0,4.0,1.0,,,5.0,1.0,3.0,6.0,
188289,,,,,,,,7.0,,4.0,,,,,,1.0,,,,,,,1.0,1.0,,
188304,,,,,,,,394.0,,143.0,,,,,,36.0,31.0,18.0,36.0,2.0,,36.0,,39.0,8.0,1.0
188340,,,,,,,,206.0,,79.0,,,,,,36.0,5.0,14.0,,,,2.0,,20.0,7.0,
188429,,,,,,,,1277.0,,563.0,,,,,,154.0,48.0,45.0,103.0,14.0,,88.0,1.0,156.0,30.0,4.0
188438,,,,,,,,292.0,,131.0,,,,,,31.0,33.0,10.0,12.0,,,27.0,,35.0,,
188517,,,,,,,,64.0,,25.0,,,,,,7.0,1.0,1.0,19.0,,,2.0,,7.0,,
188526,,,,,,,,277.0,,103.0,20.0,2.0,,,,37.0,16.0,8.0,18.0,15.0,,14.0,,24.0,,
188535,,,,,,,,123.0,,48.0,,,,,,17.0,8.0,3.0,12.0,,,,,19.0,,
188580,,,,,,,,2084.0,,645.0,,,,,,146.0,17.0,13.0,33.0,557.0,,127.0,,541.0,,
188641,,,,,,,,527.0,,162.0,,,,,,32.0,27.0,38.0,36.0,9.0,,61.0,17.0,74.0,28.0,3.0
188650,,,,,,,,19.0,,6.0,,,,,,5.0,6.0,,,,,,,1.0,,
188669,,,,,,,,42.0,,23.0,,,,,,8.0,4.0,,,,,,,3.0,,
188678,,,,,,,,49.0,,16.0,,,,,,9.0,2.0,,11.0,,,5.0,,4.0,,
188687,,,,,,,,28.0,,12.0,,,,,,8.0,1.0,,,,,,,6.0,,
188696,,,,,,,,46.0,,21.0,,,,,,10.0,,,1.0,,,7.0,1.0,5.0,,
188854,,,,,,,,472.0,,259.0,,,,,,51.0,13.0,8.0,38.0,6.0,,18.0,2.0,49.0,15.0,
188890,,,,,,,,134.0,,65.0,,,,,,8.0,3.0,3.0,,,,,10.0,23.0,5.0,0.0
188915,,,,,,,,9.0,,6.0,,,,,,2.0,,,,,,,,0.0,,
188942,,,,,,,,19.0,,13.0,,,,,,,1.0,,,,,1.0,,4.0,,
189015,,,,,,,,335.0,,27.0,,,,,,48.0,27.0,15.0,13.0,3.0,,18.0,,40.0,2.0,
189088,,,,,,,,824.0,,235.0,7.0,,,,,68.0,52.0,25.0,69.0,10.0,,55.0,,61.0,107.0,3.0
189097,,,,,,,,863.0,,277.0,3.0,,,,,95.0,37.0,29.0,56.0,5.0,,149.0,1.0,112.0,24.0,
189219,,,,,,,,10.0,,3.0,,,,,,2.0,2.0,,,,,,0.0,1.0,,
189228,,,,,,,,198.0,,79.0,,,,,,14.0,6.0,,11.0,,,15.0,,15.0,,
189255,,,,,,,,4.0,,3.0,,,,,,1.0,,,,,,,,,,
189273,,,,,,,,14.0,,7.0,,,,,,1.0,3.0,,,,,2.0,,,,
189282,,,,,,,,31.0,,21.0,,,,,,5.0,1.0,2.0,,,,,,,,
189404,,,,,,,,18.0,,9.0,,,,,,3.0,1.0,,,,,1.0,2.0,2.0,,
189413,,,,,,,,105.0,,37.0,,,,,,17.0,,2.0,,,,6.0,,39.0,,
189468,,,,,,,,16.0,,8.0,,,,,,1.0,1.0,,,,,1.0,1.0,3.0,,
189477,,,,,,,,9.0,,3.0,,,,,,1.0,2.0,,,,,1.0,1.0,0.0,,
189501,,,,,,,,207.0,,86.0,,,,,,16.0,11.0,7.0,20.0,,,,,27.0,13.0,
189547,,,,,,,,461.0,,213.0,,,,,,22.0,14.0,13.0,10.0,1.0,,38.0,,56.0,4.0,7.0
189565,,,,,,,,90.0,,38.0,,,,,,8.0,1.0,2.0,22.0,,,3.0,,10.0,,
189583,,,,,,,,144.0,,70.0,,,,,,17.0,3.0,2.0,34.0,,,2.0,,10.0,,
189592,,,,,,,,72.0,,29.0,,,,,,7.0,,1.0,21.0,,,1.0,,7.0,,
189705,,,,,,,,468.0,,196.0,,,,,,21.0,12.0,18.0,44.0,6.0,,48.0,2.0,45.0,13.0,
189714,,,,,,,,24.0,,15.0,,,,,,4.0,1.0,,,,,,,2.0,,
189811,,,,,,,,52.0,,31.0,,,,,,9.0,4.0,1.0,4.0,,,,,2.0,,
189839,,,,,,,,211.0,,78.0,,,,,,24.0,8.0,14.0,15.0,5.0,,17.0,,24.0,6.0,
189848,,,,,,,,213.0,,57.0,,,,,,21.0,5.0,9.0,19.0,3.0,,64.0,,14.0,6.0,
189857,,,,,,,,35.0,,20.0,,,,,,4.0,2.0,,,,,9.0,,1.0,,
189981,,,,,,,,5.0,,2.0,,,,,,,0.0,,,,,1.0,,,,
189990,,,,,,,,40.0,,18.0,,,,,,3.0,,1.0,,,,3.0,7.0,8.0,,
190008,,,,,,,,11.0,,8.0,,,,,,2.0,0.0,,,,,,,0.0,,
190035,,,,,,,,1061.0,,,,,,,,382.0,93.0,163.0,153.0,,,19.0,,189.0,,2.0
190044,,,,,,,,759.0,,280.0,22.0,,,,,66.0,63.0,34.0,96.0,6.0,,60.0,,93.0,28.0,5.0
190053,,,,,,,,94.0,,46.0,,,,,,7.0,5.0,3.0,,1.0,,5.0,,8.0,3.0,
190071,,,,,,,,23.0,,13.0,,,,,,2.0,,,,1.0,,,,2.0,,
190080,,,,,,,,19.0,,7.0,,,,,,6.0,1.0,,1.0,,,,,1.0,,
190099,,,,,,,,1006.0,,335.0,,,,,,70.0,65.0,46.0,115.0,15.0,,130.0,3.0,129.0,46.0,1.0
190114,,,,,,,,140.0,,64.0,,,,,,14.0,7.0,6.0,1.0,,,,,14.0,2.0,
190150,,,,,,,,19120.0,,4961.0,2440.0,,,,,3269.0,756.0,1169.0,273.0,1003.0,,1260.0,17.0,3263.0,225.0,67.0
190169,,,,,,,,137.0,,48.0,,,,,,20.0,5.0,9.0,7.0,0.0,,12.0,,11.0,7.0,
190239,,,,,,,,10.0,,7.0,,,,,,1.0,,,,,,,,,,
190248,,,,,,,,188.0,,90.0,,,,,,19.0,11.0,6.0,33.0,2.0,,6.0,,13.0,1.0,
190318,,,,,,,,29.0,,11.0,,,,,,6.0,1.0,,,,,1.0,2.0,7.0,,
190372,,,,,,,,289.0,,101.0,2.0,,,,,17.0,30.0,18.0,25.0,,,10.0,1.0,28.0,8.0,
190415,,,,,,,,10624.0,,1910.0,928.0,217.0,,,,923.0,1008.0,968.0,418.0,511.0,,1256.0,46.0,1468.0,511.0,51.0
190424,,,,,,,,7479.0,,2006.0,,,,,,587.0,488.0,901.0,70.0,705.0,,452.0,,1946.0,52.0,4.0
190442,,,,,,,,226.0,,102.0,0.0,,,,,40.0,3.0,5.0,16.0,,,25.0,,24.0,8.0,
190451,,,,,,,,29.0,,22.0,,,,,,2.0,,,,,,,,0.0,,
190503,,,,,,,,524.0,,153.0,,,,,,164.0,61.0,14.0,8.0,6.0,,50.0,,19.0,31.0,2.0
190512,,,,,,,,1585.0,,693.0,,1.0,,,,175.0,37.0,50.0,62.0,,,156.0,,256.0,25.0,8.0
190521,,,,,,,,1844.0,,804.0,,1.0,,,,122.0,35.0,102.0,151.0,1.0,,147.0,,287.0,39.0,27.0
190530,,,,,,,,1006.0,,368.0,,1.0,,,,84.0,28.0,70.0,77.0,,,98.0,,165.0,22.0,24.0
190549,,,,,,,,1590.0,,727.0,,,,,,118.0,51.0,78.0,60.0,,,128.0,,280.0,25.0,27.0
190558,,,,,,,,1199.0,,520.0,,,,,,105.0,32.0,82.0,61.0,1.0,,100.0,,175.0,27.0,23.0
190567,,,,,,,,1822.0,,792.0,3.0,,,,,170.0,73.0,127.0,47.0,1.0,,185.0,,209.0,41.0,48.0
190576,,,,,,,,1239.0,,359.0,22.0,2.0,,,,240.0,72.0,127.0,77.0,,,45.0,,148.0,,2.0
190585,,,,,,,,757.0,,248.0,,,,,,80.0,24.0,42.0,55.0,1.0,,60.0,,136.0,16.0,10.0
190594,,,,,,,,2070.0,,1020.0,,,,,,154.0,62.0,121.0,79.0,,,187.0,,267.0,41.0,30.0
190600,,,,,,,,1358.0,,628.0,2.0,,,,,171.0,48.0,56.0,76.0,,,104.0,,161.0,20.0,23.0
190619,,,,,,,,1130.0,,444.0,,,,,,112.0,25.0,75.0,64.0,2.0,,100.0,,163.0,21.0,30.0
190628,,,,,,,,1436.0,,533.0,,,,,,145.0,44.0,108.0,107.0,1.0,,98.0,,265.0,,1.0
190637,,,,,,,,1255.0,,574.0,,,,,,128.0,24.0,65.0,47.0,,,89.0,,197.0,22.0,30.0
190646,,,,,,,,627.0,,212.0,,,,,,74.0,27.0,37.0,50.0,,,71.0,,94.0,12.0,17.0
190655,,,,,,,,1326.0,,682.0,,,,,,82.0,19.0,96.0,51.0,,,103.0,,176.0,17.0,19.0
190664,,,,,,,,1600.0,,819.0,,,,,,122.0,41.0,84.0,55.0,1.0,,110.0,,233.0,26.0,39.0
190673,,,,,,,,1170.0,,490.0,,,,,,111.0,22.0,66.0,81.0,1.0,,95.0,,186.0,19.0,22.0
190682,,,,,,,,169.0,,62.0,,,,,,39.0,10.0,10.0,7.0,,,1.0,,27.0,,2.0
190691,,,,,,,,710.0,,311.0,,,,,,67.0,17.0,55.0,29.0,,,65.0,,85.0,15.0,17.0
190707,,,,,,,,3.0,,,,,,,,,,,,3.0,,,,,,
190716,,,,,,,,367.0,,192.0,1.0,0.0,,,,37.0,29.0,19.0,48.0,,,,,31.0,,
190725,,,,,,,,426.0,,192.0,,,,,,56.0,23.0,23.0,22.0,4.0,,39.0,,57.0,3.0,2.0
190752,,,,,,,,14.0,,6.0,,,,,,1.0,1.0,,,,,4.0,,1.0,,
190761,,,,,,,,269.0,,120.0,,,,,,39.0,12.0,8.0,19.0,4.0,,5.0,,36.0,,
190840,,,,,,,,432.0,,197.0,,,,,,12.0,47.0,17.0,9.0,2.0,,36.0,,48.0,5.0,3.0
190956,,,,,,,,21.0,,17.0,,,,,,1.0,,,,,,,,0.0,,
190974,,,,,,,,9.0,,4.0,,,,,,4.0,,,,,,,,1.0,,
190983,,,,,,,,214.0,,75.0,0.0,1.0,,,,16.0,6.0,9.0,30.0,6.0,,35.0,1.0,13.0,10.0,1.0
191083,,,,,,,,1039.0,,452.0,,,,,,23.0,,,,56.0,,55.0,,134.0,61.0,3.0
191126,,,,,,,,1095.0,,446.0,,,,,,50.0,75.0,70.0,112.0,4.0,,18.0,3.0,232.0,6.0,5.0
191199,,,,,,,,356.0,,148.0,,,,,,16.0,6.0,23.0,19.0,1.0,,22.0,,41.0,8.0,
191205,,,,,,,,134.0,,58.0,,,,,,5.0,4.0,5.0,8.0,,,16.0,6.0,,9.0,
191241,,,,,,,,2632.0,,1044.0,,,,,,596.0,23.0,82.0,146.0,15.0,,220.0,2.0,393.0,61.0,
191287,,,,,,,,97.0,,27.0,,,,,,18.0,3.0,2.0,3.0,,,6.0,,10.0,17.0,
191302,,,,,,,,129.0,,49.0,,,,,,14.0,,5.0,2.0,,,14.0,,18.0,,
191311,,,,,,,,19.0,,10.0,,,,,,2.0,,,,,,,,1.0,,
191320,,,,,,,,25.0,,10.0,,,,,,5.0,7.0,,,,,,,1.0,,
191339,,,,,,,,310.0,,119.0,,,,,,41.0,14.0,5.0,9.0,2.0,,25.0,,34.0,5.0,
191515,,,,,,,,717.0,,220.0,,,,,,82.0,46.0,36.0,85.0,12.0,,103.0,,49.0,31.0,1.0
191533,,,,,,,,311.0,,127.0,,,,,,25.0,7.0,13.0,45.0,5.0,,20.0,,28.0,,
191597,,,,,,,,55.0,,29.0,,,,,,8.0,3.0,1.0,,,,,,4.0,,
191612,,,,,,,,192.0,,66.0,2.0,,,,,25.0,1.0,7.0,9.0,1.0,,20.0,,52.0,2.0,
191621,,,,,,,,147.0,,58.0,,,,,,20.0,8.0,3.0,17.0,2.0,,13.0,,6.0,6.0,
191630,,,,,,,,510.0,,203.0,1.0,10.0,,,,70.0,21.0,38.0,84.0,1.0,,27.0,1.0,21.0,,3.0
191649,,,,,,,,1918.0,,716.0,,,,,,232.0,166.0,82.0,137.0,12.0,,193.0,,199.0,69.0,20.0
191676,,,,,,,,202.0,,82.0,,,,,,23.0,13.0,9.0,27.0,5.0,,9.0,,23.0,2.0,
191719,,,,,,,,664.0,,304.0,,,,,,38.0,29.0,26.0,35.0,2.0,,99.0,6.0,103.0,2.0,2.0
191728,,,,,,,,101.0,,54.0,,,,,,10.0,2.0,2.0,,,,,16.0,8.0,,
191931,,,,,,,,591.0,,202.0,,,,,,59.0,26.0,27.0,59.0,6.0,,80.0,,43.0,26.0,
191940,,,,,,,,51.0,,25.0,,,,,,2.0,4.0,1.0,2.0,,,,,5.0,,
191959,,,,,,,,10.0,,3.0,,,,,,3.0,,,,,,,,3.0,,
191968,,,,,,,,1222.0,,555.0,,,,,,89.0,56.0,64.0,112.0,10.0,,153.0,1.0,118.0,36.0,3.0
191986,,,,,,,,284.0,,144.0,1.0,6.0,,,,23.0,18.0,13.0,9.0,1.0,,14.0,,37.0,8.0,
192004,,,,,,,,15.0,,6.0,,,,,,4.0,2.0,,,,,,,1.0,2.0,
192022,,,,,,,,209.0,,97.0,,,,,,15.0,7.0,15.0,6.0,,,14.0,,33.0,,
192040,,,,,,,,177.0,,42.0,0.0,,,,,47.0,14.0,4.0,12.0,,,21.0,,21.0,,
192110,,,,,,,,533.0,,182.0,,,,,,117.0,14.0,16.0,18.0,4.0,,50.0,7.0,69.0,14.0,23.0
192165,,,,,,,,17.0,,11.0,0.0,0.0,,,,2.0,,,,,,3.0,,0.0,,
192192,,,,,,,,239.0,,104.0,,,,,,22.0,14.0,13.0,36.0,2.0,,5.0,,22.0,,2.0
192271,,,,,,,,195.0,,94.0,,,,,,38.0,4.0,5.0,1.0,,,4.0,,10.0,,
192323,,,,,,,,520.0,,222.0,,,,,,62.0,23.0,15.0,55.0,6.0,,22.0,,48.0,22.0,
192448,,,,,,,,1193.0,,636.0,,,,,,249.0,2.0,43.0,86.0,7.0,,27.0,,113.0,,
192484,,,,,,,,10.0,,6.0,,,,,,1.0,1.0,,,,,,1.0,1.0,,
192509,,,,,,,,76.0,,29.0,,,,,,8.0,1.0,2.0,,,,1.0,,4.0,,
192624,,,,,,,,14.0,,8.0,,,,,,1.0,2.0,,,,,1.0,,1.0,,
192688,,,,,,,,52.0,,22.0,,,,,,9.0,,,,,,1.0,,1.0,,
192703,,,,,,,,688.0,,316.0,,,,,,147.0,26.0,20.0,44.0,2.0,,39.0,,79.0,,
192712,,,,,,,,287.0,,166.0,,,,,,25.0,7.0,6.0,17.0,1.0,,16.0,1.0,19.0,,
192749,,,,,,,,379.0,,179.0,,,,,,81.0,3.0,2.0,27.0,4.0,,4.0,,47.0,11.0,1.0
192785,,,,,,,,110.0,,57.0,1.0,,,,,15.0,4.0,2.0,2.0,,,5.0,,8.0,,
192800,,,,,,,,7.0,,2.0,,,,,,,,,,,,,,5.0,,
192819,,,,,,,,946.0,,348.0,,,,,,116.0,29.0,45.0,105.0,11.0,,127.0,,113.0,21.0,1.0
192864,,,,,,,,358.0,,178.0,,,,,,36.0,19.0,22.0,39.0,0.0,,19.0,1.0,22.0,0.0,
192925,,,,,,,,289.0,,124.0,2.0,,,,,26.0,7.0,7.0,16.0,11.0,,10.0,16.0,13.0,,
192961,,,,,,,,15.0,,11.0,,,,,,,1.0,,,,,,,1.0,,
192970,,,,,,,,3.0,,3.0,,,,,,,,,,,,,,,,
193016,,,,,,,,943.0,,463.0,,,,,,168.0,86.0,25.0,16.0,,,7.0,,139.0,,
193052,,,,,,,,15.0,,9.0,,,,,,1.0,1.0,,,,,1.0,,3.0,,
193061,,,,,,,,5.0,,3.0,,,,,,1.0,1.0,,,,,,,0.0,,
193070,,,,,,,,11.0,,9.0,,,,,,,,,,,,,,2.0,,
193122,,,,,,,,8.0,,3.0,,,,,,2.0,1.0,,,,,,,2.0,,
193186,,,,,,,,3.0,,1.0,,,,,,0.0,0.0,,,,,,0.0,1.0,,
193201,,,,,,,,59.0,,26.0,,,,,,1.0,,2.0,,,,,10.0,3.0,,
193247,,,,,,,,30.0,,16.0,,,,,,3.0,1.0,,,,,4.0,,2.0,4.0,
193265,,,,,,,,10.0,,5.0,,,,,,2.0,,,,,,,,2.0,0.0,
193283,,,,,,,,480.0,,169.0,,,,,,52.0,15.0,12.0,44.0,3.0,,52.0,,60.0,1.0,1.0
193292,,,,,,,,773.0,,353.0,,,,,,84.0,49.0,18.0,35.0,4.0,,61.0,,109.0,14.0,1.0
193308,,,,,,,,663.0,,326.0,,,,,,38.0,15.0,10.0,161.0,,,58.0,,52.0,,
193326,,,,,,,,975.0,,366.0,,,,,,122.0,32.0,52.0,37.0,6.0,,101.0,,143.0,34.0,11.0
193353,,,,,,,,377.0,,140.0,,,,,,42.0,2.0,14.0,47.0,8.0,,62.0,,39.0,2.0,1.0
193380,,,,,,,,20.0,,14.0,,,,,,1.0,3.0,,,,,,,2.0,,
193399,,,,,,,,394.0,,151.0,1.0,,,,,37.0,16.0,8.0,40.0,,,85.0,6.0,31.0,9.0,
193405,,,,,,,,11561.0,,3773.0,,,,,,1191.0,515.0,1346.0,266.0,2013.0,,554.0,,1867.0,10.0,7.0
193478,,,,,,,,1188.0,,576.0,,,,,,50.0,36.0,94.0,5.0,3.0,,91.0,,191.0,32.0,5.0
193584,,,,,,,,542.0,,274.0,,,,,,48.0,26.0,24.0,60.0,8.0,,12.0,,61.0,,1.0
193609,,,,,,,,16.0,,8.0,,,,,,1.0,0.0,,,,,,,2.0,1.0,1.0
193654,,,,,,,,1897.0,,951.0,,,,,,432.0,75.0,53.0,21.0,5.0,,127.0,,93.0,73.0,1.0
193672,,,,,,,,4.0,,2.0,,,,,,1.0,1.0,,,,,0.0,,,,
193751,,,,,,,,192.0,,56.0,,,,,,34.0,5.0,12.0,13.0,,,15.0,,37.0,6.0,
193821,,,,,,,,184.0,,75.0,,,,,,28.0,14.0,1.0,10.0,,,4.0,,18.0,,
193830,,,,,,,,884.0,,345.0,194.0,,,,,55.0,87.0,21.0,2.0,20.0,,38.0,,108.0,,
193858,,,,,,,,29.0,,12.0,,,,,,4.0,1.0,,,,,,,1.0,2.0,
193894,,,,,,,,29.0,,11.0,,,,,,4.0,2.0,1.0,,,,,,3.0,,
193900,,,,,,,,20570.0,,7256.0,1082.0,13.0,,,,1780.0,1528.0,988.0,479.0,2908.0,,400.0,14.0,2809.0,175.0,13.0
193946,,,,,,,,376.0,,158.0,,,,,,33.0,10.0,6.0,11.0,,,49.0,,60.0,,
193973,,,,,,,,595.0,,239.0,,,,,,122.0,40.0,20.0,53.0,7.0,,17.0,,62.0,18.0,3.0
193991,,,,,,,,4.0,,3.0,,,,,,1.0,,,,,,,,,,
194028,,,,,,,,132.0,,71.0,,,,,,8.0,3.0,2.0,1.0,,,6.0,,25.0,5.0,
194073,,,,,,,,94.0,,31.0,,,,,,7.0,5.0,10.0,1.0,9.0,,1.0,,22.0,5.0,
194091,,,,,,,,1189.0,,515.0,,,,,,253.0,62.0,70.0,30.0,31.0,,57.0,,117.0,21.0,1.0
194116,,,,,,,,87.0,,34.0,,,,,,21.0,2.0,5.0,3.0,0.0,,3.0,,9.0,,
194161,,,,,,,,195.0,,95.0,,,,,,16.0,2.0,3.0,27.0,2.0,,3.0,,20.0,,
194189,,,,,,,,14.0,,6.0,,,,,,2.0,1.0,,,,,3.0,,1.0,,
194222,,,,,,,,770.0,,284.0,,,,,,71.0,32.0,15.0,99.0,,,76.0,,102.0,14.0,7.0
194240,,,,,,,,595.0,,206.0,,,,,,32.0,37.0,18.0,44.0,1.0,,49.0,,88.0,14.0,
194259,,,,,,,,5.0,,3.0,,,,,,,,,,,,,,1.0,,
194310,,,,,,,,2008.0,,753.0,,,,,,282.0,87.0,101.0,180.0,7.0,,61.0,,312.0,7.0,13.0
194392,,,,,,,,152.0,,55.0,3.0,8.0,,,,15.0,10.0,5.0,10.0,2.0,,9.0,1.0,9.0,,
194435,,,,,,,,10.0,,7.0,,,,,,1.0,,,,,,,1.0,1.0,,
194499,,,,,,,,99.0,,40.0,,,,,,3.0,,3.0,,,,,,48.0,4.0,
194569,,,,,,,,15.0,,7.0,,,,,,4.0,0.0,,,,,1.0,,2.0,,
194578,,,,,,,,1041.0,,462.0,,,,,,69.0,23.0,48.0,80.0,18.0,,140.0,,131.0,,
194657,,,,,,,,40.0,,15.0,,,,,,2.0,3.0,,,,,17.0,,4.0,,
194666,,,,,,,,32.0,,14.0,,,,,,6.0,,,,,,2.0,,2.0,,
194693,,,,,,,,11.0,,4.0,,,,,,1.0,2.0,,,,,2.0,,1.0,,
194718,,,,,,,,7.0,,5.0,,,,,,2.0,,,,,,,,,,
194736,,,,,,,,20.0,,8.0,,,,,,1.0,1.0,,,,,8.0,,2.0,,
194763,,,,,,,,73.0,,13.0,,,,,,4.0,9.0,1.0,10.0,,,16.0,,4.0,1.0,
194824,,,,,,,,1588.0,,433.0,135.0,,,,,158.0,143.0,102.0,85.0,24.0,,143.0,1.0,134.0,80.0,13.0
194958,,,,,,,,250.0,,88.0,,,,,,21.0,11.0,13.0,21.0,1.0,,21.0,11.0,46.0,8.0,0.0
195003,,,,,,,,3635.0,,1135.0,31.0,,,,,408.0,288.0,349.0,411.0,51.0,,270.0,9.0,493.0,69.0,14.0
195030,,,,,,,,9169.0,,2589.0,452.0,,,,,863.0,266.0,1719.0,146.0,207.0,,384.0,,1710.0,180.0,366.0
195049,,,,,,,,1415.0,,74.0,399.0,,,,,172.0,62.0,281.0,27.0,25.0,,163.0,,106.0,59.0,
195058,,,,,,,,527.0,,217.0,,,,,,48.0,19.0,2.0,13.0,,,57.0,3.0,64.0,11.0,
195067,,,,,,,,24.0,,15.0,,,,,,2.0,,,,,,,,1.0,2.0,
195128,,,,,,,,348.0,,121.0,,,,,,50.0,10.0,18.0,16.0,5.0,,33.0,,55.0,9.0,1.0
195155,,,,,,,,10.0,,5.0,,,,,,1.0,1.0,,,,,,,1.0,,
195164,,,,,,,,506.0,,176.0,,,,,,47.0,50.0,13.0,59.0,10.0,,73.0,1.0,41.0,14.0,3.0
195173,,,,,,,,382.0,,190.0,2.0,,,,,50.0,15.0,19.0,38.0,2.0,,5.0,,16.0,,
195191,,,,,,,,36.0,,22.0,,,,,,6.0,,1.0,,,,,,3.0,,
195216,,,,,,,,717.0,,195.0,,,,,,53.0,44.0,23.0,24.0,6.0,,150.0,6.0,78.0,15.0,8.0
195234,,,,,,,,536.0,,215.0,,,,,,47.0,27.0,15.0,46.0,15.0,,84.0,,36.0,16.0,4.0
195243,,,,,,,,219.0,,79.0,,,,,,56.0,5.0,4.0,31.0,0.0,,15.0,,21.0,4.0,
195289,,,,,,,,16.0,,10.0,,,,,,1.0,1.0,,,,,,,2.0,,
195304,,,,,,,,374.0,,139.0,,,,,,109.0,7.0,11.0,16.0,5.0,,40.0,,25.0,,
195322,,,,,,,,240.0,,79.0,,,,,,33.0,3.0,8.0,6.0,2.0,,21.0,,29.0,,
195438,,,,,,,,36.0,,24.0,,,,,,1.0,2.0,,,,,7.0,,2.0,,
195474,,,,,,,,675.0,,249.0,,,,,,59.0,23.0,29.0,83.0,4.0,,82.0,,62.0,23.0,12.0
195526,,,,,,,,934.0,,310.0,1.0,,,,,51.0,58.0,39.0,97.0,8.0,,164.0,,119.0,35.0,5.0
195544,,,,,,,,658.0,,298.0,,,,,,14.0,121.0,28.0,63.0,1.0,,27.0,,98.0,,
195580,,,,,,,,38.0,,11.0,,,,,,5.0,4.0,2.0,2.0,,,,3.0,4.0,4.0,
195702,,,,,,,,27.0,,16.0,,,,,,2.0,2.0,1.0,1.0,,,2.0,,2.0,,
195720,,,,,,,,640.0,,278.0,,,,,,46.0,20.0,26.0,65.0,7.0,,66.0,,68.0,13.0,7.0
195784,,,,,,,,63.0,,43.0,,,,,,9.0,2.0,1.0,4.0,,,0.0,,1.0,,
195809,,,,,,,,1873.0,,864.0,,,,,,36.0,190.0,68.0,144.0,31.0,,75.0,,251.0,,
195827,,,,,,,,540.0,,,,1.0,,,,142.0,143.0,92.0,28.0,,,18.0,,92.0,13.0,4.0
195988,,,,,,,,130.0,,50.0,,,,,,17.0,4.0,8.0,11.0,1.0,,10.0,,15.0,0.0,
196006,,,,,,,,577.0,,203.0,,,,,,36.0,60.0,12.0,29.0,29.0,,109.0,,51.0,28.0,
196015,,,,,,,,416.0,,145.0,,0.0,,,,41.0,22.0,24.0,32.0,6.0,,52.0,,48.0,17.0,
196024,,,,,,,,465.0,,170.0,,,,,,35.0,33.0,14.0,19.0,19.0,,57.0,2.0,53.0,27.0,5.0
196033,,,,,,,,421.0,,119.0,,,,,,35.0,14.0,24.0,23.0,25.0,,63.0,,44.0,55.0,1.0
196042,,,,,,,,1025.0,,445.0,,19.0,,,,61.0,118.0,10.0,31.0,82.0,,97.0,,97.0,37.0,1.0
196051,,,,,,,,470.0,,150.0,,7.0,,,,30.0,27.0,10.0,32.0,27.0,,68.0,,49.0,41.0,
196060,,,,,,,,2547.0,,793.0,2.0,6.0,,,,146.0,421.0,162.0,102.0,117.0,,315.0,,183.0,164.0,22.0
196079,,,,,,,,2451.0,,825.0,28.0,,,,,135.0,250.0,85.0,107.0,159.0,,320.0,2.0,297.0,165.0,3.0
196088,,,,,,,,4745.0,,1886.0,35.0,23.0,,,,367.0,490.0,242.0,186.0,290.0,,477.0,,358.0,177.0,41.0
196097,,,,,,,,4674.0,,2233.0,84.0,5.0,,,,108.0,497.0,394.0,232.0,69.0,,416.0,1.0,185.0,137.0,74.0
196103,,,,,,,,418.0,,145.0,0.0,,,,,35.0,50.0,19.0,7.0,27.0,,46.0,,46.0,32.0,0.0
196112,,,,,,,,404.0,,172.0,,,,,,51.0,18.0,10.0,26.0,20.0,,47.0,,32.0,16.0,1.0
196121,,,,,,,,1106.0,,420.0,1.0,18.0,,,,79.0,82.0,30.0,56.0,36.0,,130.0,,133.0,56.0,6.0
196130,,,,,,,,1305.0,,465.0,2.0,1.0,,,,54.0,97.0,124.0,84.0,15.0,,175.0,,165.0,49.0,3.0
196149,,,,,,,,1060.0,,402.0,,,,,,94.0,50.0,27.0,61.0,35.0,,163.0,,127.0,47.0,14.0
196158,,,,,,,,695.0,,290.0,1.0,,,,,48.0,45.0,14.0,19.0,46.0,,111.0,,73.0,25.0,7.0
196167,,,,,,,,772.0,,279.0,,,,,,71.0,37.0,29.0,36.0,24.0,,121.0,,97.0,48.0,2.0
196176,,,,,,,,1078.0,,442.0,,,,,,70.0,108.0,32.0,42.0,7.0,,134.0,,119.0,53.0,6.0
196185,,,,,,,,925.0,,338.0,6.0,,,,,78.0,68.0,60.0,36.0,24.0,,121.0,,95.0,51.0,9.0
196194,,,,,,,,1106.0,,408.0,7.0,9.0,,,,90.0,71.0,24.0,54.0,48.0,,179.0,,109.0,64.0,8.0
196200,,,,,,,,646.0,,262.0,,,,,,41.0,41.0,16.0,47.0,11.0,,92.0,,72.0,30.0,5.0
196219,,,,,,,,740.0,,265.0,2.0,,,,,50.0,41.0,36.0,62.0,18.0,,115.0,,80.0,40.0,2.0
196228,,,,,,,,294.0,,88.0,,,,,,31.0,27.0,1.0,2.0,55.0,,28.0,,52.0,8.0,
196237,,,,,,,,557.0,,237.0,1.0,,,,,58.0,35.0,10.0,26.0,34.0,,44.0,,61.0,24.0,4.0
196246,,,,,,,,788.0,,300.0,,,,,,53.0,55.0,28.0,44.0,28.0,,116.0,,94.0,49.0,3.0
196255,,,,,,,,1587.0,,555.0,6.0,3.0,,,,122.0,109.0,48.0,14.0,254.0,,206.0,,171.0,85.0,5.0
196264,,,,,,,,788.0,,335.0,2.0,,,,,34.0,74.0,29.0,4.0,57.0,,5.0,,204.0,5.0,4.0
196291,,,,,,,,299.0,,99.0,,,,,,34.0,20.0,6.0,23.0,9.0,,44.0,,30.0,23.0,1.0
196307,,,,,,,,1543.0,,685.0,,1.0,,,,71.0,150.0,24.0,22.0,323.0,,81.0,,86.0,76.0,7.0
196389,,,,,,,,107.0,,65.0,13.0,,,,,9.0,5.0,1.0,2.0,,,,9.0,,,
196413,,,,,,,,4981.0,,1302.0,91.0,,,,,541.0,519.0,358.0,543.0,40.0,,665.0,24.0,553.0,167.0,46.0
196431,,,,,,,,37.0,,23.0,,,,,,1.0,4.0,,,,,8.0,,,,
196440,,,,,,,,3.0,,1.0,,,,,,,1.0,,,,,1.0,,0.0,,
196468,,,,,,,,1062.0,,337.0,,,,,,144.0,98.0,34.0,,,,73.0,,75.0,,
196565,,,,,,,,261.0,,116.0,,,,,,45.0,7.0,13.0,10.0,,,31.0,,36.0,,
196583,,,,,,,,3.0,,3.0,,,,,,,0.0,,,,,,,,,
196592,,,,,,,,1721.0,,716.0,1.0,,,,,177.0,87.0,129.0,50.0,14.0,,91.0,1.0,344.0,2.0,1.0
196653,,,,,,,,154.0,,72.0,,,,,,25.0,12.0,4.0,2.0,,,,,16.0,,
196680,,,,,,,,636.0,,224.0,,,,,,36.0,30.0,39.0,24.0,,,,9.0,74.0,2.0,
196699,,,,,,,,239.0,,83.0,1.0,14.0,,,,17.0,5.0,,6.0,4.0,,33.0,,35.0,3.0,
196866,,,,,,,,808.0,,227.0,,,,,,76.0,28.0,39.0,77.0,19.0,,212.0,,86.0,26.0,
196884,,,,,,,,83.0,,27.0,,,,,,11.0,10.0,3.0,12.0,,,,,12.0,,
197018,,,,,,,,182.0,,125.0,6.0,4.0,,,,8.0,7.0,1.0,2.0,,,3.0,1.0,8.0,3.0,8.0
197027,,,,,,,,266.0,,122.0,,,,,,12.0,24.0,7.0,3.0,,,5.0,,29.0,18.0,3.0
197036,,,,,,,,1725.0,,282.0,,,,,,25.0,273.0,211.0,67.0,7.0,,191.0,13.0,166.0,129.0,281.0
197045,,,,,,,,531.0,,250.0,,,,,,40.0,26.0,31.0,57.0,4.0,,11.0,,60.0,6.0,
197133,,,,,,,,1044.0,,310.0,,,,,,52.0,141.0,62.0,12.0,8.0,,257.0,,123.0,7.0,
197142,,,,,,,,111.0,,50.0,,,,,,16.0,2.0,1.0,6.0,,,5.0,4.0,4.0,3.0,
197151,,,,,,,,989.0,,456.0,,,,,,146.0,17.0,55.0,96.0,,,96.0,2.0,80.0,,
197197,,,,,,,,522.0,,204.0,,7.0,,,,24.0,19.0,15.0,58.0,4.0,,57.0,,49.0,22.0,15.0
197221,,,,,,,,36.0,,11.0,,,,,,10.0,3.0,1.0,1.0,0.0,,4.0,,1.0,1.0,
197230,,,,,,,,155.0,,37.0,,,,,,23.0,5.0,9.0,22.0,,,25.0,,9.0,7.0,5.0
197285,,,,,,,,108.0,,33.0,,,,,,13.0,10.0,5.0,6.0,,,,,12.0,0.0,
197294,,,,,,,,747.0,,344.0,,,,,,61.0,16.0,74.0,40.0,3.0,,10.0,,101.0,16.0,
197337,,,,,,,,4.0,,2.0,,,,,,1.0,,,,,,,,0.0,,
197531,,,,,,,,84.0,,19.0,,,,,,20.0,4.0,1.0,6.0,0.0,,16.0,1.0,13.0,,
197601,,,,,,,,10.0,,4.0,,,,,,3.0,1.0,,,,,,1.0,,1.0,
197647,,,,,,,,20.0,,12.0,,,,,,1.0,3.0,,,,,2.0,,2.0,,
197674,,,,,,,,26.0,,16.0,,,,,,3.0,2.0,,,,,3.0,,1.0,,
197692,,,,,,,,13.0,,7.0,,,,,,1.0,,,,,,4.0,,1.0,,
197708,,,,,,,,1248.0,,485.0,,,,,,131.0,80.0,45.0,29.0,13.0,,96.0,6.0,111.0,35.0,5.0
197735,,,,,,,,91.0,,74.0,,,,,,1.0,2.0,,,,,7.0,,7.0,,
197744,,,,,,,,19.0,,9.0,,,,,,2.0,2.0,,,,,3.0,,3.0,,
197814,,,,,,,,294.0,,149.0,,0.0,,,,25.0,7.0,7.0,12.0,,,20.0,2.0,31.0,6.0,
197850,,,,,,,,265.0,,137.0,,,,,,35.0,7.0,9.0,13.0,,,1.0,,36.0,8.0,
197869,,,,,,,,2970.0,,1159.0,2.0,,,,,119.0,138.0,203.0,192.0,42.0,,340.0,35.0,406.0,143.0,16.0
197887,,,,,,,,620.0,,305.0,,,,,,78.0,14.0,29.0,32.0,,,24.0,4.0,66.0,12.0,2.0
197911,,,,,,,,224.0,,80.0,,,,,,34.0,8.0,6.0,39.0,6.0,,19.0,,18.0,5.0,
197966,,,,,,,,239.0,,121.0,,,,,,28.0,4.0,6.0,11.0,,,20.0,,24.0,5.0,
197984,,,,,,,,256.0,,94.0,,,,,,20.0,25.0,2.0,54.0,7.0,,6.0,2.0,22.0,,2.0
197993,,,,,,,,79.0,,30.0,,,,,,27.0,2.0,,,,,7.0,,11.0,,
198011,,,,,,,,129.0,,65.0,,,,,,19.0,5.0,4.0,6.0,,,2.0,2.0,18.0,3.0,
198039,,,,,,,,264.0,,127.0,,,,,,35.0,9.0,12.0,13.0,1.0,,11.0,,24.0,9.0,1.0
198066,,,,,,,,219.0,,70.0,,,,,,21.0,6.0,4.0,34.0,,,41.0,,36.0,,
198084,,,,,,,,272.0,,121.0,,,,,,24.0,8.0,9.0,14.0,,,23.0,,34.0,4.0,1.0
198109,,,,,,,,70.0,,43.0,1.0,,,,,4.0,2.0,,1.0,,,,,6.0,,
198118,,,,,,,,406.0,,171.0,,,,,,68.0,13.0,15.0,24.0,,,26.0,5.0,49.0,9.0,
198136,,,,,,,,1013.0,,355.0,,,,,,87.0,65.0,44.0,153.0,24.0,,73.0,3.0,106.0,18.0,6.0
198154,,,,,,,,908.0,,353.0,,,,,,45.0,20.0,22.0,37.0,,,68.0,10.0,87.0,19.0,43.0
198190,,,,,,,,28.0,,21.0,,,,,,1.0,1.0,,2.0,,,,1.0,,,
198206,,,,,,,,247.0,,98.0,,,,,,23.0,3.0,5.0,8.0,,,19.0,1.0,37.0,,
198215,,,,,,,,262.0,,88.0,,,,,,13.0,8.0,12.0,57.0,11.0,,24.0,,29.0,8.0,
198233,,,,,,,,528.0,,268.0,,,,,,57.0,6.0,41.0,30.0,,,21.0,3.0,63.0,11.0,0.0
198251,,,,,,,,572.0,,243.0,,,,,,75.0,8.0,12.0,52.0,1.0,,37.0,,66.0,13.0,0.0
198260,,,,,,,,1651.0,,708.0,0.0,,,,,155.0,52.0,79.0,119.0,1.0,,35.0,,207.0,1.0,
198303,,,,,,,,182.0,,48.0,,,,,,21.0,7.0,6.0,34.0,5.0,,9.0,,12.0,8.0,2.0
198321,,,,,,,,261.0,,148.0,,,,,,17.0,8.0,9.0,15.0,,,2.0,,24.0,8.0,
198330,,,,,,,,388.0,,208.0,,,,,,23.0,,12.0,19.0,,,28.0,4.0,60.0,6.0,2.0
198367,,,,,,,,324.0,,131.0,,,,,,62.0,17.0,8.0,17.0,1.0,,14.0,,36.0,17.0,
198376,,,,,,,,367.0,,152.0,2.0,,,,,38.0,12.0,7.0,7.0,1.0,,35.0,,72.0,1.0,
198385,,,,,,,,866.0,,229.0,,,,,,33.0,74.0,53.0,140.0,12.0,,154.0,12.0,78.0,33.0,
198419,,,,,,,,18344.0,,4151.0,1457.0,,,,,1818.0,1976.0,2701.0,723.0,1924.0,,887.0,48.0,1841.0,387.0,191.0
198455,,,,,,,,505.0,,255.0,,,,,,86.0,6.0,9.0,26.0,1.0,,36.0,2.0,65.0,4.0,
198464,,,,,,,,5542.0,,1452.0,29.0,288.0,,,,170.0,296.0,450.0,266.0,331.0,,685.0,2.0,1190.0,144.0,28.0
198491,,,,,,,,197.0,,101.0,,,,,,23.0,8.0,5.0,12.0,,,8.0,,17.0,,
198507,,,,,,,,362.0,,101.0,,,,,,57.0,27.0,17.0,23.0,1.0,,46.0,2.0,41.0,13.0,2.0
198516,,,,,,,,1443.0,,492.0,,,,,,132.0,91.0,71.0,147.0,10.0,,179.0,,130.0,44.0,23.0
198534,,,,,,,,946.0,,474.0,,,,,,81.0,13.0,30.0,40.0,,,78.0,5.0,145.0,16.0,6.0
198543,,,,,,,,793.0,,300.0,,,,,,57.0,35.0,39.0,41.0,3.0,,76.0,1.0,141.0,27.0,10.0
198552,,,,,,,,857.0,,474.0,,,,,,125.0,11.0,26.0,40.0,,,23.0,,99.0,15.0,
198561,,,,,,,,516.0,,204.0,,,,,,50.0,11.0,6.0,117.0,6.0,,39.0,,65.0,,
198570,,,,,,,,511.0,,220.0,,,,,,55.0,13.0,31.0,1.0,,,26.0,,68.0,29.0,5.0
198598,,,,,,,,163.0,,67.0,,,,,,12.0,9.0,1.0,28.0,6.0,,8.0,,15.0,,
198613,,,,,,,,260.0,,108.0,,,,,,30.0,19.0,9.0,30.0,2.0,,5.0,,12.0,13.0,
198622,,,,,,,,815.0,,418.0,,,,,,62.0,12.0,29.0,24.0,,,56.0,10.0,94.0,22.0,2.0
198640,,,,,,,,187.0,,84.0,,,,,,18.0,5.0,3.0,24.0,,,11.0,,25.0,6.0,
198668,,,,,,,,231.0,,114.0,,,,,,28.0,6.0,9.0,7.0,4.0,,28.0,,24.0,4.0,
198677,,,,,,,,13.0,,8.0,,,,,,1.0,2.0,,,,,,,,,
198695,,,,,,,,857.0,,333.0,,,,,,136.0,27.0,40.0,118.0,13.0,,83.0,4.0,58.0,4.0,22.0
198710,,,,,,,,252.0,,107.0,2.0,1.0,,,,31.0,6.0,6.0,15.0,,,18.0,3.0,23.0,4.0,1.0
198729,,,,,,,,221.0,,80.0,,,,,,25.0,12.0,6.0,22.0,,,10.0,2.0,32.0,3.0,1.0
198756,,,,,,,,303.0,,107.0,,0.0,,,,67.0,7.0,12.0,14.0,1.0,,20.0,,47.0,9.0,1.0
198774,,,,,,,,492.0,,265.0,,,,,,40.0,11.0,15.0,15.0,0.0,,36.0,,51.0,8.0,
198808,,,,,,,,175.0,,75.0,,,,,,20.0,10.0,,36.0,4.0,,7.0,,12.0,,0.0
198817,,,,,,,,335.0,,167.0,,27.0,,,,17.0,1.0,10.0,14.0,,,22.0,,69.0,,
198835,,,,,,,,370.0,,179.0,,,,,,29.0,23.0,,48.0,7.0,,11.0,,22.0,,
198844,,,,,,,,14.0,,7.0,,,,,,2.0,2.0,,,,,1.0,,2.0,,
198862,,,,,,,,220.0,,65.0,,,,,,15.0,24.0,6.0,19.0,1.0,,20.0,,43.0,,3.0
198871,,,,,,,,100.0,,33.0,,,,,,14.0,1.0,1.0,22.0,2.0,,6.0,,17.0,4.0,
198899,,,,,,,,280.0,,95.0,,,,,,18.0,11.0,5.0,53.0,8.0,,41.0,2.0,18.0,9.0,
198905,,,,,,,,129.0,,62.0,,,,,,20.0,3.0,3.0,6.0,,,5.0,1.0,14.0,3.0,1.0
198914,,,,,,,,155.0,,74.0,,,,,,30.0,5.0,4.0,10.0,,,,,22.0,3.0,
198923,,,,,,,,125.0,,70.0,1.0,,,,,1.0,6.0,4.0,2.0,,,5.0,1.0,2.0,2.0,
198950,,,,,,,,449.0,,155.0,,8.0,,,,43.0,15.0,32.0,24.0,4.0,,46.0,1.0,59.0,10.0,1.0
198969,,,,,,,,424.0,,172.0,,,,,,31.0,8.0,13.0,58.0,10.0,,67.0,3.0,41.0,12.0,3.0
198978,,,,,,,,148.0,,56.0,,,,,,20.0,8.0,,,,,5.0,33.0,8.0,,
198987,,,,,,,,287.0,,141.0,,,,,,40.0,14.0,11.0,8.0,,,20.0,2.0,40.0,4.0,
199005,,,,,,,,2.0,,1.0,,,,,,1.0,,,,,,,,,,
199023,,,,,,,,137.0,,78.0,,,,,,13.0,4.0,3.0,2.0,,,5.0,,23.0,3.0,
199032,,,,,,,,193.0,,91.0,,,,,,6.0,8.0,6.0,31.0,1.0,,0.0,3.0,6.0,0.0,
199069,,,,,,,,270.0,,101.0,,,,,,47.0,7.0,6.0,37.0,2.0,,13.0,,21.0,1.0,2.0
199078,,,,,,,,12.0,,5.0,,,,,,3.0,,,,,,,,4.0,,
199087,,,,,,,,333.0,,201.0,,,,,,25.0,4.0,8.0,10.0,,,19.0,1.0,32.0,6.0,1.0
199102,,,,,,,,1786.0,,572.0,20.0,,,,,105.0,148.0,149.0,84.0,23.0,,172.0,,338.0,66.0,4.0
199111,,,,,,,,693.0,,251.0,,,,,,45.0,40.0,51.0,49.0,3.0,,80.0,1.0,106.0,35.0,3.0
199120,,,,,,,,13679.0,,2087.0,1531.0,1192.0,,,,261.0,1262.0,2576.0,462.0,604.0,,785.0,,1807.0,468.0,26.0
199139,,,,,,,,3777.0,,1255.0,42.0,,,,,211.0,265.0,354.0,268.0,32.0,,388.0,2.0,581.0,216.0,9.0
199148,,,,,,,,2821.0,,982.0,0.0,1.0,,,,163.0,276.0,365.0,135.0,21.0,,251.0,2.0,267.0,107.0,13.0
199157,,,,,,,,1257.0,,436.0,2.0,,,,,90.0,83.0,97.0,101.0,25.0,,120.0,,200.0,32.0,4.0
199175,,,,,,,,453.0,,,,,,,,70.0,115.0,79.0,72.0,,,14.0,,72.0,11.0,
199184,,,,,,,,482.0,,164.0,,,,,,57.0,44.0,24.0,26.0,3.0,,59.0,,65.0,23.0,1.0
199193,,,,,,,,9267.0,,1945.0,382.0,292.0,,,,288.0,647.0,1598.0,458.0,198.0,,662.0,7.0,1247.0,477.0,53.0
199209,,,,,,,,275.0,,109.0,,,,,,26.0,10.0,8.0,36.0,1.0,,18.0,,7.0,,
199218,,,,,,,,2248.0,,835.0,5.0,,,,,118.0,172.0,205.0,167.0,26.0,,180.0,,345.0,74.0,15.0
199263,,,,,,,,74.0,,37.0,,,,,,10.0,1.0,3.0,3.0,,,3.0,,8.0,2.0,
199272,,,,,,,,163.0,,58.0,,,,,,12.0,6.0,3.0,22.0,6.0,,10.0,8.0,13.0,,
199281,,,,,,,,928.0,,357.0,,,,,,56.0,52.0,62.0,47.0,5.0,,102.0,,160.0,34.0,1.0
199306,,,,,,,,195.0,,101.0,,,,,,7.0,12.0,6.0,28.0,1.0,,1.0,1.0,16.0,,
199324,,,,,,,,193.0,,62.0,,,,,,49.0,3.0,5.0,8.0,,,18.0,,33.0,4.0,
199333,,,,,,,,725.0,,344.0,,,,,,54.0,10.0,17.0,58.0,,,20.0,,144.0,5.0,
199412,,,,,,,,408.0,,185.0,,,,,,62.0,12.0,10.0,52.0,6.0,,6.0,,38.0,2.0,1.0
199421,,,,,,,,340.0,,170.0,,,,,,35.0,3.0,12.0,12.0,6.0,,19.0,,45.0,8.0,0.0
199449,,,,,,,,254.0,,127.0,,,,,,35.0,5.0,4.0,7.0,,,19.0,,25.0,8.0,
199458,,,,,,,,39.0,,21.0,,,,,,3.0,1.0,1.0,1.0,,,3.0,,3.0,1.0,
199467,,,,,,,,92.0,,46.0,,,,,,15.0,0.0,4.0,2.0,,,7.0,,11.0,,
199476,,,,,,,,231.0,,136.0,,,,,,21.0,5.0,5.0,19.0,0.0,,5.0,,31.0,1.0,
199485,,,,,,,,217.0,,106.0,,,,,,28.0,4.0,6.0,4.0,,,18.0,1.0,24.0,,
199494,,,,,,,,563.0,,306.0,,,,,,57.0,11.0,21.0,29.0,,,31.0,,65.0,11.0,
199582,,,,,,,,230.0,,82.0,,,,,,29.0,3.0,8.0,20.0,3.0,,54.0,,15.0,1.0,
199607,,,,,,,,135.0,,53.0,,,,,,13.0,12.0,7.0,8.0,1.0,,6.0,,9.0,2.0,
199625,,,,,,,,195.0,,98.0,,,,,,18.0,6.0,5.0,3.0,,,15.0,4.0,24.0,,0.0
199634,,,,,,,,413.0,,227.0,,,,,,52.0,11.0,9.0,9.0,1.0,,31.0,0.0,37.0,8.0,2.0
199643,,,,,,,,246.0,,86.0,,,,,,30.0,14.0,1.0,22.0,5.0,,42.0,,14.0,,
199689,,,,,,,,19.0,,10.0,,,,,,2.0,1.0,,,,,,3.0,3.0,,
199698,,,,,,,,272.0,,60.0,,,,,,29.0,4.0,2.0,55.0,1.0,,51.0,,,,
199722,,,,,,,,251.0,,83.0,,,,,,33.0,9.0,8.0,19.0,,,14.0,,21.0,1.0,0.0
199731,,,,,,,,327.0,,178.0,,,,,,30.0,4.0,9.0,21.0,,,15.0,,26.0,5.0,
199740,,,,,,,,280.0,,136.0,,,,,,36.0,6.0,13.0,16.0,1.0,,17.0,,28.0,,
199759,,,,,,,,278.0,,79.0,3.0,,,,,49.0,10.0,8.0,12.0,,,7.0,,54.0,19.0,
199768,,,,,,,,306.0,,169.0,,,,,,38.0,3.0,12.0,9.0,,,22.0,2.0,40.0,1.0,1.0
199786,,,,,,,,377.0,,213.0,,,,,,25.0,4.0,8.0,12.0,,,20.0,,49.0,,
199795,,,,,,,,146.0,,77.0,,,,,,22.0,6.0,5.0,2.0,,,6.0,,15.0,,0.0
199838,,,,,,,,282.0,,137.0,,,,,,30.0,9.0,8.0,7.0,,,32.0,,22.0,6.0,
199847,,,,,,,,6848.0,,2032.0,237.0,,,,,453.0,859.0,420.0,195.0,1185.0,,317.0,10.0,890.0,55.0,28.0
199856,,,,,,,,1651.0,,694.0,,,,,,227.0,54.0,73.0,87.0,5.0,,25.0,6.0,235.0,17.0,3.0
199865,,,,,,,,191.0,,67.0,,,,,,51.0,5.0,7.0,23.0,2.0,,9.0,0.0,12.0,6.0,2.0
199883,,,,,,,,20.0,,13.0,,,,,,3.0,2.0,,,,,,,,,
199892,,,,,,,,420.0,,173.0,,,,,,40.0,13.0,9.0,21.0,2.0,,41.0,,51.0,,1.0
199908,,,,,,,,232.0,,120.0,,,,,,28.0,8.0,6.0,15.0,,,6.0,2.0,27.0,5.0,
199926,,,,,,,,390.0,,207.0,,1.0,,,,38.0,16.0,11.0,17.0,0.0,,36.0,4.0,43.0,6.0,1.0
199953,,,,,,,,182.0,,92.0,,,,,,26.0,7.0,5.0,2.0,,,20.0,,14.0,,
199962,,,,,,,,550.0,,248.0,,,,,,62.0,16.0,8.0,46.0,6.0,,62.0,3.0,34.0,10.0,2.0
199971,,,,,,,,6.0,,2.0,,,,,,1.0,1.0,,,,,,,1.0,,
199980,,,,,,,,11.0,,4.0,,,,,,1.0,2.0,,,,,,,3.0,,
199999,,,,,,,,842.0,,303.0,,,,,,79.0,68.0,51.0,39.0,6.0,,80.0,1.0,135.0,32.0,7.0
200004,,,,,,,,1655.0,,625.0,,,,,,101.0,94.0,134.0,111.0,19.0,,188.0,4.0,187.0,95.0,23.0
200013,,,,,,,,52.0,,30.0,,,,,,6.0,,,,,,,,2.0,,
200022,,,,,,,,376.0,,178.0,,,,,,28.0,21.0,15.0,25.0,,,38.0,2.0,41.0,14.0,
200059,,,,,,,,199.0,,84.0,,,,,,18.0,12.0,7.0,20.0,1.0,,15.0,,15.0,13.0,
200086,,,,,,,,61.0,,26.0,3.0,1.0,,,,6.0,3.0,2.0,3.0,,,7.0,,3.0,,
200110,,,,,,,,5.0,,3.0,,,,,,2.0,,,,,,,,,,
200156,,,,,,,,213.0,,93.0,,,,,,8.0,1.0,4.0,44.0,,,18.0,14.0,23.0,5.0,
200192,,,,,,,,111.0,,40.0,,,,,,16.0,5.0,3.0,2.0,,,13.0,1.0,16.0,,
200208,,,,,,,,61.0,,22.0,,,,,,12.0,3.0,2.0,2.0,,,5.0,,4.0,2.0,1.0
200217,,,,,,,,448.0,,201.0,,,,,,17.0,13.0,2.0,41.0,12.0,,46.0,9.0,40.0,2.0,
200226,,,,,,,,214.0,,50.0,,,,,,29.0,18.0,4.0,12.0,5.0,,23.0,,21.0,5.0,
200253,,,,,,,,407.0,,176.0,21.0,6.0,,,,32.0,12.0,13.0,23.0,7.0,,23.0,,25.0,11.0,
200280,,,,,,,,2528.0,,841.0,5.0,,,,,130.0,191.0,263.0,244.0,78.0,,203.0,,320.0,68.0,76.0
200305,,,,,,,,327.0,,156.0,,1.0,,,,17.0,8.0,8.0,14.0,0.0,,42.0,2.0,56.0,8.0,6.0
200314,,,,,,,,100.0,,39.0,,,,,,6.0,5.0,4.0,3.0,3.0,,13.0,2.0,4.0,3.0,2.0
200332,,,,,,,,2401.0,,581.0,187.0,148.0,,,,136.0,122.0,299.0,139.0,41.0,,262.0,6.0,242.0,108.0,26.0
200341,,,,,,,,86.0,,30.0,,,,,,13.0,6.0,1.0,8.0,,,8.0,,9.0,,
200466,,,,,,,,100.0,,32.0,,,,,,3.0,3.0,2.0,9.0,,,12.0,,4.0,9.0,14.0
200484,,,,,,,,61.0,,15.0,,,,,,9.0,5.0,1.0,7.0,0.0,,7.0,,12.0,3.0,
200527,,,,,,,,134.0,,52.0,0.0,,,,,23.0,5.0,4.0,11.0,,,15.0,,13.0,,
200554,,,,,,,,190.0,,39.0,,,,,,9.0,14.0,4.0,12.0,1.0,,45.0,,19.0,14.0,
200572,,,,,,,,206.0,,87.0,,,,,,27.0,6.0,10.0,19.0,3.0,,15.0,,18.0,12.0,1.0
200590,,,,,,,,28.0,,16.0,,,,,,3.0,1.0,1.0,,,,,,1.0,1.0,
200785,,,,,,,,28.0,,15.0,,,,,,2.0,,,,,,,,3.0,,
200800,,,,,,,,1890.0,,683.0,,,,,,91.0,132.0,111.0,189.0,30.0,,208.0,1.0,147.0,61.0,22.0
200846,,,,,,,,75.0,,32.0,,,,,,4.0,1.0,3.0,11.0,2.0,,1.0,1.0,5.0,5.0,
200873,,,,,,,,26.0,,7.0,,2.0,,,,2.0,2.0,1.0,,,,,1.0,2.0,2.0,
201034,,,,,,,,86.0,,69.0,,,,,,12.0,1.0,,,,,,0.0,4.0,,
201061,,,,,,,,59.0,,24.0,,1.0,,,,12.0,2.0,,7.0,0.0,,,,7.0,0.0,1.0
201098,,,,,,,,11.0,,5.0,,,,,,1.0,1.0,1.0,,,,,1.0,2.0,,
201104,,,,,,,,859.0,,288.0,,,,,,92.0,19.0,22.0,62.0,2.0,,102.0,2.0,85.0,16.0,1.0
201131,,,,,,,,15.0,,10.0,,,,,,3.0,,,,,,,,2.0,,
201140,,,,,,,,43.0,,13.0,,,,,,8.0,1.0,1.0,1.0,,,11.0,,5.0,1.0,
201159,,,,,,,,47.0,,,,,,,,4.0,,0.0,0.0,13.0,,10.0,,9.0,2.0,3.0
201177,,,,,,,,60.0,,25.0,,,,,,15.0,12.0,3.0,,,,,,2.0,,
201195,,,,,,,,692.0,,271.0,,,,,,50.0,24.0,20.0,53.0,6.0,,99.0,,67.0,25.0,3.0
201283,,,,,,,,93.0,,44.0,,,,,,18.0,1.0,4.0,,,,7.0,1.0,12.0,,
201371,,,,,,,,131.0,,62.0,,,,,,23.0,5.0,2.0,15.0,2.0,,6.0,6.0,5.0,,
201432,,,,,,,,114.0,,68.0,,,,,,14.0,2.0,3.0,7.0,,,5.0,,10.0,3.0,0.0
201441,,,,,,,,1966.0,,814.0,6.0,,,,,283.0,103.0,111.0,184.0,8.0,,186.0,5.0,215.0,28.0,3.0
201469,,,,,,,,126.0,,64.0,,,,,,13.0,2.0,2.0,27.0,,,1.0,1.0,8.0,,
201478,,,,,,,,33.0,,25.0,,,,,,1.0,,,3.0,,,,,,,
201496,,,,,,,,34.0,,19.0,,,,,,5.0,1.0,,2.0,,,3.0,,4.0,,
201539,,,,,,,,24.0,,15.0,,,,,,3.0,1.0,,,,,,,3.0,,
201548,,,,,,,,463.0,,217.0,,,,,,48.0,18.0,18.0,45.0,,,14.0,,46.0,18.0,
201645,,,,,,,,4322.0,,1291.0,519.0,,,,,205.0,447.0,532.0,204.0,135.0,,326.0,,350.0,69.0,8.0
201654,,,,,,,,604.0,,263.0,,,,,,39.0,38.0,23.0,71.0,9.0,,28.0,15.0,70.0,18.0,5.0
201672,,,,,,,,203.0,,101.0,,,,,,23.0,12.0,5.0,20.0,,,12.0,,24.0,,
201681,,,,,,,,12.0,,6.0,,,,,,2.0,1.0,,,,,,,2.0,,
201690,,,,,,,,407.0,,131.0,12.0,,,,,55.0,36.0,9.0,28.0,1.0,,32.0,,58.0,1.0,
201751,,,,,,,,39.0,,16.0,,,,,,8.0,,,,,,2.0,4.0,5.0,,
201803,,,,,,,,41.0,,19.0,,,,,,,,1.0,,13.0,,,,2.0,3.0,
201821,,,,,,,,89.0,,55.0,,,,,,14.0,2.0,2.0,6.0,,,,,4.0,,
201867,,,,,,,,11.0,,5.0,,,,,,1.0,1.0,,,,,,1.0,3.0,,
201885,,,,,,,,6983.0,,2550.0,163.0,58.0,,,,923.0,666.0,740.0,377.0,568.0,,412.0,9.0,226.0,151.0,50.0
201928,,,,,,,,549.0,,290.0,,,,,,47.0,14.0,9.0,15.0,,,53.0,,72.0,12.0,0.0
201946,,,,,,,,231.0,,145.0,,,,,,22.0,17.0,3.0,22.0,,,9.0,,3.0,5.0,
201955,,,,,,,,333.0,,229.0,,,,,,22.0,29.0,13.0,14.0,,,5.0,,3.0,5.0,
201964,,,,,,,,263.0,,148.0,,,,,,53.0,4.0,5.0,7.0,,,6.0,11.0,27.0,1.0,
201973,,,,,,,,325.0,,178.0,,,,,,34.0,8.0,8.0,11.0,,,14.0,4.0,34.0,,
202046,,,,,,,,156.0,,75.0,,,,,,25.0,5.0,8.0,5.0,,,4.0,,10.0,1.0,
202073,,,,,,,,159.0,,69.0,2.0,2.0,,,,27.0,17.0,4.0,3.0,,,11.0,,15.0,4.0,
202134,,,,,,,,1755.0,,761.0,,,,,,133.0,119.0,142.0,128.0,11.0,,121.0,2.0,220.0,23.0,10.0
202152,,,,,,,,16.0,,9.0,,,,,,1.0,2.0,1.0,,,,,,1.0,1.0,
202170,,,,,,,,198.0,,97.0,,,,,,31.0,11.0,9.0,6.0,,,11.0,2.0,4.0,10.0,
202222,,,,,,,,1484.0,,684.0,,,,,,189.0,135.0,87.0,71.0,9.0,,37.0,5.0,167.0,27.0,6.0
202356,,,,,,,,1950.0,,730.0,,,,,,164.0,175.0,28.0,12.0,12.0,,128.0,,285.0,,
202435,,,,,,,,16.0,,6.0,,,,,,2.0,1.0,1.0,,,,,4.0,0.0,,
202453,,,,,,,,5.0,,2.0,,,,,,1.0,,,,,,,,2.0,,
202480,,,,,,,,2824.0,,763.0,,,,,,382.0,174.0,686.0,167.0,19.0,,228.0,8.0,240.0,58.0,9.0
202514,,,,,,,,129.0,,44.0,,,,,,18.0,6.0,3.0,30.0,2.0,,2.0,,9.0,4.0,
202523,,,,,,,,771.0,,254.0,,,,,,128.0,41.0,37.0,58.0,17.0,,106.0,2.0,91.0,5.0,
202648,,,,,,,,185.0,,89.0,,,,,,31.0,7.0,8.0,0.0,,,20.0,,27.0,,
202657,,,,,,,,35.0,,19.0,,,,,,6.0,3.0,1.0,,,,,,5.0,,
202763,,,,,,,,600.0,,270.0,,,,,,68.0,13.0,21.0,58.0,17.0,,41.0,,66.0,24.0,2.0
202806,,,,,,,,711.0,,362.0,,,,,,49.0,57.0,41.0,107.0,3.0,,13.0,,55.0,5.0,
202888,,,,,,,,8.0,,5.0,,,,,,1.0,1.0,,,,,,,1.0,,
202903,,,,,,,,68.0,,29.0,,,,,,5.0,4.0,,4.0,,,10.0,3.0,9.0,,
202912,,,,,,,,52.0,,32.0,,,,,,6.0,1.0,2.0,1.0,,,1.0,,,,
202949,,,,,,,,56.0,,25.0,,,,,,11.0,1.0,,1.0,,,1.0,,5.0,,
202985,,,,,,,,9.0,,5.0,,,,,,2.0,,,,,,,,2.0,,
203030,,,,,,,,19.0,,9.0,,,,,,1.0,,,,9.0,,,,,,
203067,,,,,,,,241.0,,72.0,0.0,,,,,59.0,23.0,6.0,6.0,,,13.0,12.0,18.0,9.0,
203085,,,,,,,,237.0,,77.0,9.0,,,,,23.0,12.0,5.0,45.0,3.0,,28.0,1.0,21.0,8.0,
203128,,,,,,,,203.0,,76.0,,,,,,22.0,9.0,9.0,33.0,4.0,,8.0,2.0,21.0,,
203146,,,,,,,,48.0,,27.0,,,,,,4.0,2.0,,,,,,4.0,7.0,1.0,2.0
203155,,,,,,,,229.0,,99.0,,,,,,50.0,7.0,2.0,15.0,,,28.0,,13.0,8.0,2.0
203234,,,,,,,,6.0,,4.0,,,,,,1.0,,,,,,,,,,
203289,,,,,,,,14.0,,7.0,,,,,,2.0,1.0,,,,,,1.0,2.0,1.0,
203331,,,,,,,,695.0,,475.0,,20.0,,,,13.0,13.0,27.0,19.0,,,7.0,5.0,22.0,6.0,
203368,,,,,,,,540.0,,232.0,,,,,,46.0,42.0,24.0,85.0,2.0,,22.0,,44.0,10.0,3.0
203386,,,,,,,,226.0,,115.0,,,,,,52.0,11.0,4.0,10.0,,,,,30.0,,
203438,,,,,,,,28.0,,18.0,,,,,,2.0,1.0,0.0,,,,,4.0,3.0,,
203447,,,,,,,,109.0,,61.0,,,,,,9.0,10.0,3.0,3.0,1.0,,2.0,,11.0,,
203456,,,,,,,,45.0,,24.0,,,,,,4.0,2.0,3.0,1.0,1.0,,2.0,,5.0,1.0,
203465,,,,,,,,254.0,,145.0,,,,,,9.0,25.0,6.0,6.0,,,21.0,1.0,27.0,4.0,
203474,,,,,,,,97.0,,53.0,,,,,,5.0,8.0,2.0,2.0,1.0,,4.0,,11.0,3.0,
203483,,,,,,,,148.0,,73.0,,,,,,12.0,9.0,3.0,19.0,1.0,,12.0,,11.0,2.0,
203492,,,,,,,,88.0,,58.0,,,,,,6.0,3.0,2.0,1.0,0.0,,2.0,,5.0,2.0,
203517,,,,,,,,3205.0,,1166.0,,,,,,412.0,425.0,173.0,146.0,33.0,,338.0,2.0,258.0,106.0,18.0
203526,,,,,,,,99.0,,63.0,,,,,,8.0,4.0,,3.0,1.0,,4.0,,5.0,2.0,
203535,,,,,,,,616.0,,208.0,,,,,,86.0,93.0,2.0,17.0,5.0,,86.0,4.0,69.0,25.0,
203544,,,,,,,,118.0,,69.0,,,,,,20.0,0.0,9.0,7.0,,,3.0,,7.0,,
203580,,,,,,,,190.0,,64.0,,,,,,29.0,8.0,4.0,41.0,3.0,,5.0,,4.0,24.0,
203599,,,,,,,,471.0,,242.0,,,,,,45.0,15.0,30.0,16.0,,,35.0,,67.0,,
203614,,,,,,,,71.0,,55.0,,,,,,4.0,3.0,1.0,1.0,,,1.0,,6.0,,
203678,,,,,,,,209.0,,94.0,,,,,,39.0,6.0,8.0,22.0,,,19.0,,18.0,,
203720,,,,,,,,26.0,,15.0,,,,,,2.0,4.0,,,,,,3.0,1.0,,
203739,,,,,,,,15.0,,8.0,,,,,,1.0,4.0,,,,,,1.0,1.0,,
203748,,,,,,,,643.0,,244.0,,,,,,42.0,50.0,44.0,76.0,,,18.0,3.0,82.0,11.0,
203757,,,,,,,,196.0,,84.0,,,,,,33.0,3.0,,36.0,,,,,23.0,,1.0
203775,,,,,,,,232.0,,87.0,,,,,,22.0,13.0,10.0,36.0,,,17.0,,33.0,5.0,
203845,,,,,,,,367.0,,126.0,,,,,,35.0,20.0,15.0,56.0,4.0,,44.0,1.0,41.0,10.0,1.0
203881,,,,,,,,148.0,,83.0,,,,,,19.0,3.0,4.0,1.0,,,,2.0,9.0,2.0,0.0
203942,,,,,,,,16.0,,11.0,,,,,,1.0,,,,,,,,3.0,,
203960,,,,,,,,191.0,,118.0,,,,,,19.0,2.0,4.0,0.0,,,,,10.0,,
203997,,,,,,,,44.0,,16.0,,,,,,11.0,1.0,1.0,1.0,,,2.0,,1.0,5.0,
204006,,,,,,,,234.0,,125.0,,,,,,8.0,2.0,4.0,17.0,,,11.0,,30.0,3.0,
204015,,,,,,,,148.0,,53.0,,,,,,8.0,6.0,10.0,11.0,,,9.0,,17.0,2.0,
204024,,,,,,,,3026.0,,903.0,34.0,,,,,200.0,265.0,190.0,215.0,13.0,,618.0,8.0,328.0,101.0,8.0
204121,,,,,,,,6.0,,5.0,,,,,,1.0,,,,,,,,,,
204158,,,,,,,,60.0,,50.0,,,,,,6.0,2.0,,,,,,,2.0,,
204176,,,,,,,,104.0,,74.0,,,,,,12.0,2.0,1.0,1.0,,,4.0,,3.0,,
204185,,,,,,,,443.0,,176.0,,,,,,35.0,24.0,21.0,52.0,6.0,,49.0,2.0,34.0,20.0,
204194,,,,,,,,413.0,,171.0,,,,,,63.0,19.0,15.0,44.0,3.0,,35.0,0.0,38.0,8.0,3.0
204200,,,,,,,,384.0,,137.0,,,,,,35.0,23.0,14.0,52.0,4.0,,46.0,,29.0,8.0,1.0
204255,,,,,,,,125.0,,58.0,,0.0,,,,13.0,15.0,7.0,7.0,,,2.0,1.0,13.0,2.0,
204264,,,,,,,,306.0,,116.0,,5.0,,,,53.0,10.0,7.0,36.0,3.0,,31.0,,25.0,,
204334,,,,,,,,12.0,,8.0,,,,,,1.0,1.0,,,,,0.0,,1.0,,
204422,,,,,,,,187.0,,84.0,,,,,,27.0,1.0,7.0,20.0,,,10.0,4.0,17.0,1.0,
204431,,,,,,,,3.0,,3.0,,,,,,,,,,,,,,,,
204440,,,,,,,,153.0,,62.0,,,,,,18.0,7.0,7.0,3.0,1.0,,10.0,5.0,25.0,,
204459,,,,,,,,8.0,,5.0,,,,,,1.0,,,,,,,,2.0,,
204468,,,,,,,,232.0,,94.0,,,,,,22.0,21.0,,33.0,3.0,,13.0,1.0,8.0,,
204477,,,,,,,,409.0,,81.0,7.0,,,,,19.0,47.0,134.0,1.0,,,12.0,,20.0,10.0,
204486,,,,,,,,304.0,,120.0,,,,,,18.0,12.0,7.0,46.0,,,9.0,33.0,19.0,11.0,3.0
204501,,,,,,,,956.0,,310.0,,,,,,107.0,24.0,38.0,87.0,5.0,,151.0,1.0,114.0,34.0,2.0
204608,,,,,,,,113.0,,45.0,,3.0,,,,5.0,7.0,,,,,8.0,18.0,,4.0,
204617,,,,,,,,189.0,,81.0,,,,,,18.0,5.0,8.0,39.0,,,10.0,,15.0,,
204635,,,,,,,,522.0,,232.0,,,,,,38.0,62.0,23.0,72.0,8.0,,7.0,,63.0,,4.0
204662,,,,,,,,77.0,,33.0,,,,,,6.0,10.0,2.0,13.0,,,,,6.0,1.0,
204671,,,,,,,,100.0,,41.0,,,,,,12.0,7.0,1.0,7.0,,,16.0,,8.0,5.0,
204680,,,,,,,,101.0,,48.0,,,,,,7.0,8.0,1.0,7.0,,,11.0,,13.0,3.0,1.0
204699,,,,,,,,124.0,,56.0,,,,,,10.0,10.0,1.0,11.0,1.0,,17.0,,7.0,5.0,1.0
204705,,,,,,,,163.0,,87.0,,,,,,13.0,13.0,1.0,15.0,1.0,,10.0,,11.0,4.0,
204714,,,,,,,,10.0,,5.0,,,,,,,,,,,,,1.0,3.0,1.0,
204723,,,,,,,,9.0,,4.0,,,,,,1.0,1.0,,,,,,,2.0,,
204769,,,,,,,,11.0,,6.0,,,,,,1.0,1.0,,,,,,2.0,,,
204778,,,,,,,,10.0,,5.0,,,,,,2.0,1.0,,,,,,1.0,,,
204796,,,,,,,,32815.0,,5221.0,106.0,,,,,3918.0,2205.0,3806.0,1045.0,7750.0,,3273.0,51.0,3595.0,611.0,276.0
204802,,,,,,,,31.0,,21.0,,,,,,1.0,,,4.0,,,1.0,,3.0,1.0,
204820,,,,,,,,84.0,,58.0,,,,,,3.0,,,3.0,,,5.0,,8.0,3.0,
204839,,,,,,,,67.0,,47.0,,,,,,4.0,,,5.0,,,,,9.0,1.0,
204848,,,,,,,,68.0,,45.0,,,,,,4.0,,1.0,3.0,,,4.0,,6.0,4.0,
204857,,,,,,,,3423.0,,1094.0,,,,,,513.0,167.0,343.0,313.0,34.0,,318.0,,291.0,118.0,36.0
204866,,,,,,,,58.0,,41.0,,,,,,3.0,,,2.0,,,3.0,,5.0,2.0,
204884,,,,,,,,22.0,,12.0,,,,,,3.0,1.0,1.0,,,,,3.0,2.0,,
204893,,,,,,,,13.0,,8.0,,,,,,1.0,,,,,,,,2.0,,
204909,,,,,,,,371.0,,152.0,,,,,,32.0,17.0,12.0,72.0,1.0,,13.0,,32.0,10.0,1.0
204936,,,,,,,,451.0,,203.0,,,,,,48.0,21.0,20.0,53.0,2.0,,17.0,,51.0,16.0,
204945,,,,,,,,616.0,,268.0,,,,,,72.0,34.0,32.0,49.0,,,47.0,,70.0,12.0,
204963,,,,,,,,4.0,,3.0,,,,,,,,,,,,,,1.0,,
204981,,,,,,,,126.0,,15.0,,,,,,4.0,2.0,1.0,6.0,10.0,,6.0,,9.0,2.0,19.0
204990,,,,,,,,19.0,,5.0,,,,,,2.0,2.0,,,,,,,3.0,,
205027,,,,,,,,56.0,,23.0,,,,,,10.0,2.0,3.0,1.0,0.0,,4.0,,6.0,4.0,
205054,,,,,,,,44.0,,31.0,,,,,,2.0,2.0,1.0,,,,,,0.0,,
205090,,,,,,,,14.0,,9.0,,,,,,2.0,1.0,,,,,,,1.0,,
205124,,,,,,,,18.0,,5.0,,,,,,1.0,3.0,,,,,8.0,,,,
205142,,,,,,,,8.0,,5.0,,,,,,2.0,,,,,,,,,,
205179,,,,,,,,99.0,,69.0,,,,,,13.0,4.0,1.0,7.0,,,,,3.0,,
205203,,,,,,,,227.0,,107.0,,,,,,8.0,13.0,7.0,20.0,2.0,,9.0,11.0,35.0,12.0,
205391,,,,,,,,34.0,,17.0,,,,,,4.0,1.0,1.0,2.0,,,,,2.0,,
205443,,,,,,,,413.0,,204.0,,,,,,49.0,8.0,12.0,43.0,,,34.0,3.0,38.0,8.0,2.0
205470,,,,,,,,1215.0,,522.0,,,,,,59.0,44.0,105.0,112.0,,,39.0,4.0,125.0,29.0,
205559,,,,,,,,12.0,,3.0,,,,,,1.0,1.0,,,,,,4.0,,,
205841,,,,,,,,524.0,,285.0,,,,,,25.0,53.0,29.0,23.0,0.0,,44.0,,36.0,1.0,
205887,,,,,,,,71.0,,33.0,,,,,,16.0,3.0,1.0,,,,,3.0,13.0,,
205957,,,,,,,,399.0,,175.0,,,,,,36.0,14.0,11.0,40.0,1.0,,11.0,2.0,55.0,12.0,
205966,,,,,,,,135.0,,59.0,,,,,,23.0,6.0,4.0,9.0,,,0.0,,24.0,4.0,
206011,,,,,,,,189.0,,85.0,,,,,,28.0,6.0,6.0,6.0,,,13.0,1.0,5.0,6.0,
206039,,,,,,,,4.0,,3.0,,,,,,1.0,,,,,,,,,,
206048,,,,,,,,315.0,,131.0,,,,,,19.0,20.0,,73.0,8.0,,37.0,,10.0,,
206084,,,,,,,,3011.0,,800.0,80.0,230.0,,,,208.0,143.0,209.0,229.0,393.0,,216.0,0.0,259.0,80.0,7.0
206154,,,,,,,,12.0,,8.0,,,,,,2.0,0.0,,,,,0.0,,,,
206172,,,,,,,,5.0,,2.0,,,,,,1.0,1.0,0.0,,,,,,,,
206181,,,,,,,,24.0,,16.0,,,,,,2.0,1.0,1.0,,,,0.0,,4.0,,
206279,,,,,,,,170.0,,79.0,,,,,,26.0,13.0,4.0,18.0,,,3.0,,9.0,,
206288,,,,,,,,46.0,,14.0,,,,,,10.0,3.0,1.0,1.0,,,,,10.0,,
206321,,,,,,,,27.0,,15.0,,,,,,5.0,,,1.0,,,,,5.0,,
206349,,,,,,,,197.0,,89.0,,,,,,27.0,3.0,7.0,31.0,2.0,,2.0,,25.0,4.0,0.0
206394,,,,,,,,13.0,,6.0,,,,,,2.0,,,,,,,1.0,0.0,,
206437,,,,,,,,371.0,,152.0,,,,,,20.0,12.0,12.0,56.0,,,31.0,,44.0,8.0,2.0
206446,,,,,,,,150.0,,81.0,,8.0,,,,21.0,3.0,1.0,4.0,0.0,,3.0,,18.0,6.0,
206491,,,,,,,,99.0,,30.0,1.0,3.0,,,,9.0,5.0,4.0,5.0,1.0,,16.0,,5.0,12.0,1.0
206507,,,,,,,,204.0,,72.0,,,,,,25.0,18.0,3.0,49.0,2.0,,5.0,,17.0,8.0,
206516,,,,,,,,12.0,,6.0,,,,,,3.0,1.0,,,,,,,,,
206525,,,,,,,,320.0,,123.0,,,,,,29.0,16.0,11.0,52.0,4.0,,16.0,,39.0,13.0,
206589,,,,,,,,632.0,,193.0,,,,,,47.0,35.0,16.0,50.0,10.0,,147.0,3.0,64.0,15.0,9.0
206604,,,,,,,,1712.0,,694.0,13.0,5.0,,,,129.0,90.0,172.0,148.0,20.0,,92.0,3.0,199.0,55.0,22.0
206622,,,,,,,,1113.0,,533.0,,,,,,89.0,83.0,43.0,98.0,6.0,,54.0,,99.0,22.0,1.0
206695,,,,,,,,1156.0,,524.0,,,,,,74.0,73.0,62.0,126.0,7.0,,50.0,,133.0,27.0,9.0
206817,,,,,,,,58.0,,21.0,,4.0,,,,6.0,6.0,1.0,5.0,,,2.0,1.0,4.0,5.0,2.0
206835,,,,,,,,164.0,,49.0,,,,,,7.0,8.0,8.0,29.0,0.0,,14.0,,9.0,,
206862,,,,,,,,317.0,,114.0,,,,,,37.0,15.0,9.0,50.0,4.0,,9.0,13.0,35.0,11.0,1.0
206905,,,,,,,,51.0,,13.0,,,,,,5.0,2.0,2.0,,,,2.0,1.0,11.0,7.0,
206914,,,,,,,,423.0,,157.0,,,,,,39.0,9.0,27.0,37.0,1.0,,23.0,3.0,63.0,22.0,3.0
206923,,,,,,,,200.0,,59.0,,,,,,11.0,8.0,4.0,41.0,,,20.0,1.0,28.0,2.0,
206932,,,,,,,,38.0,,18.0,,,,,,3.0,5.0,,1.0,,,2.0,3.0,2.0,,
206941,,,,,,,,1558.0,,670.0,,,,,,123.0,85.0,38.0,90.0,4.0,,64.0,4.0,290.0,42.0,11.0
206996,,,,,,,,136.0,,61.0,,,,,,13.0,12.0,4.0,12.0,,,4.0,0.0,15.0,4.0,2.0
207041,,,,,,,,444.0,,159.0,,,,,,12.0,8.0,12.0,29.0,3.0,,58.0,2.0,94.0,23.0,1.0
207050,,,,,,,,193.0,,49.0,,,,,,23.0,6.0,9.0,16.0,,,24.0,2.0,37.0,7.0,
207069,,,,,,,,141.0,,49.0,,,,,,22.0,7.0,3.0,14.0,0.0,,9.0,0.0,15.0,7.0,1.0
207087,,,,,,,,5.0,,3.0,,,,,,1.0,,,,,,,,1.0,,
207102,,,,,,,,9.0,,7.0,,,,,,1.0,,,,,,,,1.0,,
207157,,,,,,,,37.0,,20.0,,,,,,2.0,5.0,1.0,,,,1.0,2.0,2.0,2.0,
207209,,,,,,,,317.0,,126.0,,,,,,38.0,13.0,22.0,33.0,4.0,,12.0,,44.0,15.0,
207236,,,,,,,,180.0,,77.0,,,,,,6.0,4.0,5.0,8.0,,,14.0,6.0,46.0,9.0,
207254,,,,,,,,215.0,,113.0,,,,,,14.0,3.0,1.0,1.0,,,25.0,17.0,9.0,15.0,2.0
207263,,,,,,,,862.0,,329.0,1.0,5.0,,,,79.0,23.0,29.0,67.0,21.0,,95.0,6.0,113.0,38.0,7.0
207272,,,,,,,,6.0,,2.0,,,,,,2.0,1.0,,,,,,,1.0,,
207281,,,,,,,,266.0,,108.0,1.0,,,,,20.0,6.0,15.0,10.0,,,43.0,,28.0,6.0,0.0
207290,,,,,,,,159.0,,58.0,,,,,,14.0,2.0,3.0,25.0,,,7.0,2.0,27.0,7.0,4.0
207306,,,,,,,,255.0,,102.0,,,,,,17.0,10.0,4.0,43.0,4.0,,29.0,1.0,28.0,9.0,
207315,,,,,,,,621.0,,178.0,,4.0,,,,50.0,60.0,56.0,8.0,125.0,,29.0,,90.0,4.0,
207324,,,,,,,,302.0,,117.0,,,,,,42.0,17.0,10.0,57.0,1.0,,18.0,,26.0,7.0,
207342,,,,,,,,5641.0,,1388.0,,,,,,464.0,482.0,451.0,141.0,823.0,,507.0,4.0,1150.0,124.0,42.0
207351,,,,,,,,130.0,,56.0,,,,,,15.0,6.0,3.0,21.0,3.0,,8.0,1.0,12.0,,
207388,,,,,,,,5091.0,,1310.0,58.0,70.0,,,,313.0,433.0,574.0,204.0,68.0,,318.0,16.0,1120.0,266.0,73.0
207397,,,,,,,,306.0,,129.0,,,,,,31.0,23.0,25.0,13.0,,,18.0,,57.0,,5.0
207403,,,,,,,,251.0,,117.0,,,,,,43.0,16.0,10.0,26.0,5.0,,5.0,9.0,9.0,5.0,
207449,,,,,,,,509.0,,211.0,,16.0,,,,58.0,18.0,12.0,11.0,,,24.0,2.0,50.0,12.0,2.0
207458,,,,,,,,555.0,,235.0,,,,,,47.0,26.0,22.0,57.0,2.0,,19.0,,87.0,21.0,5.0
207500,,,,,,,,5330.0,,1395.0,363.0,,,,,326.0,646.0,349.0,408.0,58.0,,499.0,,604.0,161.0,49.0
207564,,,,,,,,318.0,,104.0,,,,,,46.0,8.0,8.0,7.0,,,54.0,11.0,50.0,13.0,
207582,,,,,,,,650.0,,226.0,,,,,,85.0,27.0,24.0,103.0,9.0,,39.0,1.0,97.0,14.0,10.0
207661,,,,,,,,324.0,,129.0,,,,,,36.0,7.0,13.0,58.0,2.0,,16.0,,35.0,14.0,2.0
207670,,,,,,,,444.0,,180.0,,,,,,36.0,17.0,26.0,45.0,,,12.0,,84.0,29.0,
207704,,,,,,,,11.0,,7.0,,,,,,2.0,,,,,,,,2.0,,
207722,,,,,,,,154.0,,46.0,,,,,,14.0,6.0,4.0,30.0,,,17.0,,14.0,6.0,
207740,,,,,,,,142.0,,47.0,,,,,,17.0,1.0,4.0,32.0,,,11.0,,17.0,4.0,
207786,,,,,,,,3.0,,1.0,,,,,,1.0,,,,,,,,1.0,,
207847,,,,,,,,456.0,,158.0,,,,,,24.0,33.0,26.0,75.0,3.0,,38.0,,49.0,6.0,6.0
207856,,,,,,,,84.0,,36.0,,,,,,7.0,3.0,1.0,14.0,1.0,,5.0,,3.0,1.0,
207865,,,,,,,,547.0,,237.0,,,,,,32.0,22.0,19.0,29.0,11.0,,76.0,1.0,56.0,18.0,3.0
207935,,,,,,,,1151.0,,414.0,,,,,,70.0,21.0,61.0,186.0,24.0,,55.0,,150.0,34.0,7.0
207962,,,,,,,,46.0,,16.0,,,,,,8.0,,,,,,,11.0,4.0,7.0,
207971,,,,,,,,1065.0,,354.0,,,,,,64.0,68.0,74.0,158.0,12.0,,68.0,4.0,112.0,22.0,3.0
208035,,,,,,,,126.0,,39.0,,,,,,17.0,6.0,6.0,16.0,,,13.0,0.0,8.0,3.0,1.0
208044,,,,,,,,4.0,,1.0,,,,,,1.0,,,,,,,,2.0,,
208053,,,,,,,,55.0,,26.0,,,,,,8.0,4.0,,,,,6.0,,11.0,,
208275,,,,,,,,187.0,,73.0,,,,,,32.0,8.0,9.0,11.0,1.0,,10.0,,25.0,2.0,
208318,,,,,,,,389.0,,168.0,,,,,,48.0,17.0,28.0,17.0,,,28.0,4.0,48.0,8.0,
208390,,,,,,,,702.0,,281.0,,,,,,94.0,,43.0,10.0,,,44.0,,91.0,16.0,
208406,,,,,,,,490.0,,205.0,,,,,,36.0,3.0,29.0,17.0,1.0,,27.0,,84.0,10.0,4.0
208415,,,,,,,,128.0,,41.0,,,,,,23.0,5.0,3.0,,,,10.0,,7.0,1.0,
208433,,,,,,,,7.0,,3.0,,,,,,1.0,2.0,,,,,,,1.0,,
208479,,,,,,,,49.0,,17.0,,,,,,14.0,1.0,,,,,,5.0,10.0,,
208512,,,,,,,,81.0,,64.0,,,,,,2.0,2.0,1.0,,2.0,,,4.0,3.0,,
208637,,,,,,,,21.0,,6.0,,,,,,5.0,4.0,,,,,,2.0,3.0,,
208646,,,,,,,,363.0,,136.0,,,,,,28.0,35.0,20.0,40.0,5.0,,28.0,,49.0,12.0,
208725,,,,,,,,15.0,,0.0,,,,,,3.0,2.0,,3.0,,,3.0,,2.0,,
208822,,,,,,,,651.0,,350.0,,,,,,37.0,30.0,25.0,59.0,3.0,,22.0,,54.0,11.0,
208859,,,,,,,,7.0,,4.0,,,,,,1.0,,,,,,,1.0,1.0,,
209038,,,,,,,,627.0,,269.0,3.0,,,,,67.0,92.0,39.0,12.0,2.0,,26.0,2.0,53.0,15.0,
209056,,,,,,,,667.0,,275.0,1.0,,,,,84.0,34.0,23.0,52.0,6.0,,26.0,,70.0,9.0,
209065,,,,,,,,419.0,,171.0,,,,,,42.0,17.0,29.0,36.0,1.0,,43.0,,37.0,15.0,
209074,,,,,,,,530.0,,216.0,,,,,,50.0,17.0,25.0,26.0,,,25.0,4.0,59.0,12.0,2.0
209083,,,,,,,,12.0,,7.0,,,,,,1.0,,,,,,,2.0,1.0,,
209153,,,,,,,,7.0,,4.0,,,,,,1.0,,,,,,,1.0,1.0,,
209205,,,,,,,,9.0,,4.0,,,,,,1.0,,,,,,,2.0,1.0,,
209241,,,,,,,,31.0,,17.0,,,,,,4.0,,,1.0,0.0,,,,1.0,,
209250,,,,,,,,464.0,,214.0,,,,,,43.0,14.0,25.0,1.0,2.0,,31.0,1.0,89.0,6.0,2.0
209287,,,,,,,,155.0,,44.0,,,,,,24.0,5.0,5.0,11.0,,,15.0,,47.0,1.0,
209296,,,,,,,,141.0,,43.0,4.0,,,,,30.0,3.0,,3.0,16.0,,7.0,,29.0,,
209409,,,,,,,,126.0,,42.0,,,,,,26.0,2.0,3.0,32.0,2.0,,3.0,,11.0,,1.0
209490,,,,,,,,8549.0,,2079.0,387.0,,,,,868.0,463.0,2007.0,91.0,1316.0,,299.0,4.0,897.0,46.0,31.0
209506,,,,,,,,482.0,,212.0,,3.0,,,,37.0,65.0,19.0,30.0,4.0,,28.0,,36.0,21.0,
209542,,,,,,,,5514.0,,1475.0,616.0,118.0,,,,265.0,418.0,390.0,382.0,118.0,,265.0,49.0,511.0,166.0,79.0
209551,,,,,,,,4312.0,,1085.0,306.0,134.0,,,,175.0,577.0,324.0,264.0,69.0,,393.0,16.0,458.0,171.0,9.0
209603,,,,,,,,125.0,,51.0,,,,,,5.0,8.0,8.0,2.0,,,12.0,,4.0,,
209612,,,,,,,,756.0,,335.0,6.0,3.0,,,,51.0,10.0,26.0,74.0,14.0,,40.0,,147.0,14.0,
209667,,,,,,,,8.0,,5.0,,,,,,1.0,,,,,,,1.0,1.0,,
209676,,,,,,,,10.0,,5.0,,,,,,1.0,,,,,,,2.0,2.0,,
209694,,,,,,,,7.0,,5.0,,,,,,1.0,,,,,,,,2.0,,
209700,,,,,,,,17.0,,9.0,,,,,,3.0,,0.0,,,,,,5.0,,
209719,,,,,,,,8.0,,4.0,,,,,,1.0,2.0,,,,,,,,,
209746,,,,,,,,1927.0,,713.0,,,,,,164.0,81.0,165.0,241.0,,,140.0,10.0,247.0,23.0,9.0
209807,,,,,,,,2583.0,,984.0,77.0,41.0,,,,144.0,446.0,182.0,219.0,15.0,,46.0,3.0,213.0,79.0,
209825,,,,,,,,845.0,,364.0,,,,,,64.0,66.0,41.0,90.0,9.0,,75.0,,91.0,20.0,1.0
209922,,,,,,,,530.0,,173.0,,,,,,48.0,46.0,54.0,27.0,6.0,,76.0,,45.0,11.0,1.0
209940,,,,,,,,367.0,,157.0,,,,,,37.0,17.0,25.0,10.0,,,20.0,,91.0,2.0,
210146,,,,,,,,551.0,,184.0,,,,,,9.0,212.0,26.0,3.0,3.0,,38.0,,49.0,18.0,
210155,,,,,,,,244.0,,102.0,,18.0,,,,31.0,3.0,11.0,4.0,,,25.0,1.0,43.0,,
210234,,,,,,,,175.0,,67.0,1.0,4.0,,,,8.0,5.0,11.0,11.0,1.0,,9.0,2.0,13.0,,1.0
210270,,,,,,,,225.0,,95.0,1.0,,,,,31.0,5.0,11.0,,,,11.0,,53.0,,
210304,,,,,,,,72.0,,24.0,,,,,,11.0,3.0,1.0,6.0,1.0,,9.0,,6.0,,
210331,,,,,,,,183.0,,74.0,,,,,,21.0,5.0,4.0,30.0,3.0,,14.0,1.0,14.0,,
210340,,,,,,,,5.0,,2.0,,,,,,3.0,,,,,,,,,,
210368,,,,,,,,104.0,,36.0,,,,,,25.0,3.0,4.0,,3.0,,5.0,,25.0,,
210401,,,,,,,,527.0,,195.0,,,,,,128.0,2.0,40.0,48.0,7.0,,33.0,,48.0,,3.0
210429,,,,,,,,739.0,,296.0,2.0,,,,,33.0,155.0,26.0,25.0,5.0,,68.0,2.0,63.0,20.0,2.0
210438,,,,,,,,198.0,,52.0,,,,,,54.0,8.0,9.0,2.0,5.0,,14.0,,5.0,1.0,
210474,,,,,,,,5.0,,4.0,,,,,,1.0,,,,,,,,,,
210492,,,,,,,,106.0,,38.0,,,,,,20.0,2.0,5.0,15.0,1.0,,10.0,,5.0,3.0,
210508,,,,,,,,22.0,,8.0,,,,,,6.0,2.0,,,,,,,1.0,,1.0
210571,,,,,,,,369.0,,129.0,,,,,,39.0,26.0,15.0,44.0,3.0,,49.0,,32.0,11.0,1.0
210599,,,,,,,,71.0,,37.0,,,,,,12.0,6.0,,10.0,0.0,,2.0,,2.0,1.0,
210605,,,,,,,,1062.0,,516.0,,,,,,134.0,27.0,38.0,65.0,,,55.0,,165.0,26.0,
210669,,,,,,,,435.0,,170.0,,,,,,82.0,15.0,2.0,55.0,1.0,,15.0,,52.0,12.0,
210711,,,,,,,,13.0,,8.0,,,,,,,1.0,,,,,1.0,,2.0,,
210739,,,,,,,,496.0,,211.0,,,,,,55.0,26.0,12.0,47.0,7.0,,41.0,,50.0,15.0,
210748,,,,,,,,7.0,,5.0,,,,,,1.0,1.0,,,,,,,1.0,,
210775,,,,,,,,328.0,,155.0,,,,,,31.0,24.0,6.0,36.0,0.0,,23.0,,18.0,8.0,4.0
210784,,,,,,,,18.0,,11.0,,,,,,,1.0,,,,,1.0,,3.0,,
210809,,,,,,,,217.0,,32.0,1.0,,,,,20.0,9.0,35.0,11.0,,,11.0,13.0,8.0,2.0,2.0
211006,,,,,,,,35.0,,13.0,,,,,,5.0,,,,,,,2.0,3.0,1.0,
211024,,,,,,,,117.0,,50.0,,,,,,10.0,5.0,1.0,6.0,1.0,,,,21.0,5.0,
211079,,,,,,,,153.0,,71.0,,,,,,27.0,3.0,8.0,7.0,,,10.0,,19.0,,3.0
211088,,,,,,,,670.0,,286.0,1.0,,,,,66.0,50.0,25.0,83.0,5.0,,39.0,,65.0,8.0,
211130,,,,,,,,34.0,,16.0,,,,,,3.0,3.0,1.0,,,,0.0,,1.0,,
211158,,,,,,,,952.0,,382.0,,,,,,37.0,144.0,34.0,46.0,10.0,,120.0,,116.0,49.0,
211273,,,,,,,,650.0,,188.0,1.0,,,,,157.0,6.0,30.0,25.0,9.0,,119.0,,85.0,,1.0
211291,,,,,,,,1295.0,,404.0,,,,,,111.0,120.0,95.0,127.0,9.0,,174.0,,136.0,44.0,33.0
211307,,,,,,,,646.0,,274.0,,,,,,80.0,26.0,26.0,24.0,1.0,,58.0,2.0,106.0,12.0,
211316,,,,,,,,6.0,,3.0,,,,,,2.0,,,,,,,,1.0,,
211334,,,,,,,,7.0,,2.0,,,,,,1.0,2.0,,,,,1.0,,1.0,,
211343,,,,,,,,322.0,,152.0,,,,,,49.0,39.0,6.0,6.0,,,19.0,,46.0,,
211352,,,,,,,,315.0,,129.0,,,,,,44.0,18.0,9.0,42.0,,,5.0,,17.0,9.0,1.0
211361,,,,,,,,667.0,,287.0,,1.0,,,,37.0,116.0,22.0,27.0,9.0,,50.0,,80.0,26.0,
211431,,,,,,,,346.0,,165.0,,,,,,54.0,13.0,13.0,15.0,3.0,,33.0,,27.0,5.0,1.0
211440,,,,,,,,5329.0,,1407.0,130.0,,,,,573.0,756.0,1229.0,335.0,46.0,,124.0,6.0,502.0,104.0,20.0
211468,,,,,,,,260.0,,112.0,,,,,,37.0,1.0,7.0,22.0,,,19.0,,45.0,5.0,
211477,,,,,,,,135.0,,48.0,,,,,,25.0,6.0,5.0,18.0,,,6.0,,5.0,3.0,
211556,,,,,,,,460.0,,199.0,,,,,,47.0,10.0,22.0,23.0,2.0,,49.0,,37.0,14.0,
211583,,,,,,,,227.0,,107.0,,,,,,43.0,9.0,7.0,16.0,2.0,,1.0,,20.0,,
211608,,,,,,,,113.0,,38.0,,,,,,14.0,32.0,,3.0,1.0,,10.0,,12.0,,
211635,,,,,,,,25.0,,18.0,,,,,,2.0,3.0,,,,,1.0,,1.0,,
211644,,,,,,,,590.0,,207.0,,,,,,28.0,100.0,7.0,30.0,31.0,,48.0,,79.0,35.0,
211802,,,,,,,,32.0,,22.0,,,,,,2.0,,,,,,,,3.0,,
211893,,,,,,,,91.0,,42.0,,,,,,4.0,11.0,4.0,4.0,,,1.0,,6.0,1.0,
211927,,,,,,,,626.0,,255.0,,,,,,52.0,17.0,38.0,46.0,,,55.0,,78.0,7.0,
211981,,,,,,,,361.0,,138.0,,,,,,21.0,21.0,17.0,31.0,4.0,,29.0,,16.0,25.0,
212009,,,,,,,,791.0,,230.0,,,,,,94.0,37.0,51.0,55.0,7.0,,114.0,,112.0,28.0,8.0
212045,,,,,,,,40.0,,15.0,,,,,,2.0,2.0,2.0,2.0,,,1.0,,,4.0,
212054,,,,,,,,4228.0,,1547.0,71.0,,,,,356.0,771.0,312.0,245.0,28.0,,292.0,,356.0,67.0,29.0
212106,,,,,,,,1682.0,,635.0,,,,,,91.0,255.0,91.0,90.0,12.0,,179.0,1.0,226.0,24.0,
212115,,,,,,,,587.0,,240.0,,,,,,34.0,104.0,17.0,28.0,3.0,,62.0,,73.0,18.0,
212133,,,,,,,,414.0,,194.0,,,,,,53.0,14.0,9.0,53.0,1.0,,16.0,,42.0,8.0,
212160,,,,,,,,541.0,,244.0,,,,,,35.0,75.0,8.0,29.0,4.0,,54.0,,57.0,21.0,
212197,,,,,,,,443.0,,136.0,,,,,,41.0,23.0,16.0,49.0,1.0,,79.0,1.0,55.0,12.0,5.0
212230,,,,,,,,4.0,,3.0,,,,,,1.0,,,,,,,,,,
212267,,,,,,,,5.0,,3.0,,,,,,1.0,,,,,,,,1.0,,
212276,,,,,,,,5.0,,3.0,,,,,,1.0,,,,,,,,1.0,,
212294,,,,,,,,5.0,,3.0,,,,,,1.0,,,,,,,,1.0,,
212300,,,,,,,,5.0,,3.0,,,,,,1.0,,,,,,,,1.0,,
212328,,,,,,,,5.0,,3.0,,,,,,1.0,,,,,,,,,,
212337,,,,,,,,4.0,,2.0,,,,,,1.0,,,,,,,,,,
212355,,,,,,,,9.0,,6.0,,,,,,2.0,,,,,,,,,,
212382,,,,,,,,7.0,,4.0,,,,,,2.0,,,,,,,,,,
212391,,,,,,,,7.0,,5.0,,,,,,1.0,,,,,,,,,,
212434,,,,,,,,44.0,,32.0,,,,,,2.0,1.0,,,,,,,3.0,,
212443,,,,,,,,20.0,,13.0,,,,,,2.0,,0.0,,,,,,3.0,1.0,
212577,,,,,,,,793.0,,263.0,,,,,,55.0,115.0,34.0,46.0,,,75.0,,102.0,16.0,6.0
212601,,,,,,,,704.0,,295.0,,,,,,77.0,36.0,26.0,80.0,13.0,,56.0,,78.0,15.0,3.0
212656,,,,,,,,252.0,,101.0,,,,,,35.0,10.0,10.0,19.0,6.0,,18.0,,20.0,14.0,
212674,,,,,,,,785.0,,250.0,,,,,,72.0,36.0,34.0,58.0,11.0,,150.0,,97.0,20.0,5.0
212753,,,,,,,,5.0,,2.0,,,,,,2.0,,,,,,,,,,
212771,,,,,,,,36.0,,11.0,1.0,0.0,,,,6.0,3.0,2.0,1.0,,,,,7.0,2.0,
212832,,,,,,,,389.0,,195.0,,,,,,38.0,7.0,19.0,9.0,4.0,,39.0,,29.0,6.0,2.0
212869,,,,,,,,265.0,,107.0,,,,,,55.0,2.0,2.0,8.0,,,29.0,,17.0,,
212878,,,,,,,,1283.0,,774.0,,,,,,57.0,64.0,62.0,29.0,,,83.0,13.0,149.0,,
212911,,,,,,,,603.0,,172.0,6.0,,,,,34.0,78.0,24.0,46.0,4.0,,110.0,,51.0,29.0,3.0
212975,,,,,,,,34.0,,26.0,,,,,,4.0,,,,,,,,3.0,,
212984,,,,,,,,337.0,,169.0,,,,,,26.0,21.0,14.0,17.0,3.0,,7.0,,28.0,4.0,1.0
212993,,,,,,,,14.0,,5.0,,,,,,1.0,1.0,,,,,,5.0,,,
213011,,,,,,,,294.0,,120.0,,,,,,32.0,9.0,6.0,37.0,4.0,,21.0,,28.0,15.0,
213020,,,,,,,,1252.0,,546.0,16.0,,,,,65.0,177.0,15.0,68.0,17.0,,97.0,,183.0,48.0,
213163,,,,,,,,15.0,,12.0,,,,,,1.0,1.0,,,,,,,1.0,,
213181,,,,,,,,55.0,,33.0,,,,,,5.0,,2.0,,,,,,4.0,1.0,
213215,,,,,,,,11.0,,6.0,,,,,,3.0,,,,,,0.0,,2.0,,
213233,,,,,,,,82.0,,35.0,2.0,,,,,7.0,3.0,2.0,,,,,,8.0,7.0,
213251,,,,,,,,350.0,,115.0,,,,,,36.0,10.0,18.0,62.0,5.0,,45.0,,29.0,10.0,2.0
213303,,,,,,,,208.0,,95.0,,,,,,19.0,5.0,5.0,31.0,,,20.0,,20.0,,1.0
213321,,,,,,,,483.0,,182.0,,,,,,47.0,12.0,20.0,43.0,5.0,,35.0,,44.0,46.0,10.0
213330,,,,,,,,4.0,,2.0,,,,,,1.0,,,,,,,,1.0,,
213349,,,,,,,,842.0,,372.0,,,,,,39.0,140.0,17.0,41.0,8.0,,91.0,,96.0,25.0,
213358,,,,,,,,266.0,,101.0,,,,,,32.0,22.0,,43.0,,,19.0,,24.0,4.0,
213367,,,,,,,,651.0,,270.0,,,,,,96.0,17.0,27.0,48.0,5.0,,56.0,,37.0,12.0,3.0
213376,,,,,,,,276.0,,86.0,,,,,,57.0,13.0,6.0,46.0,,,17.0,1.0,21.0,11.0,1.0
213385,,,,,,,,828.0,,265.0,,,,,,73.0,68.0,48.0,105.0,12.0,,87.0,3.0,91.0,26.0,12.0
213400,,,,,,,,336.0,,160.0,,,,,,40.0,12.0,8.0,30.0,1.0,,3.0,7.0,23.0,14.0,
213446,,,,,,,,35.0,,19.0,,,,,,4.0,0.0,,1.0,,,,,4.0,1.0,
213455,,,,,,,,11.0,,6.0,,,,,,4.0,,,,,,0.0,,0.0,,
213473,,,,,,,,21.0,,8.0,,,,,,2.0,,,,,,,3.0,3.0,,
213491,,,,,,,,3.0,,2.0,,,,,,1.0,,,,,,,,,,
213507,,,,,,,,383.0,,165.0,,,,,,28.0,19.0,17.0,31.0,5.0,,36.0,,45.0,7.0,
213525,,,,,,,,381.0,,178.0,,,,,,72.0,9.0,20.0,13.0,,,21.0,,41.0,4.0,
213534,,,,,,,,50.0,,36.0,,,,,,4.0,2.0,,,,,,3.0,1.0,,
213543,,,,,,,,1793.0,,580.0,,,,,,191.0,235.0,193.0,128.0,26.0,,33.0,,215.0,63.0,20.0
213570,,,,,,,,45.0,,22.0,,,,,,14.0,,1.0,,,,1.0,,5.0,,
213589,,,,,,,,27.0,,10.0,,,,,,9.0,,,,,,,,4.0,,
213598,,,,,,,,370.0,,135.0,,,,,,34.0,22.0,15.0,38.0,2.0,,36.0,2.0,61.0,2.0,
213613,,,,,,,,474.0,,190.0,,,,,,26.0,65.0,17.0,31.0,,,52.0,,56.0,29.0,
213622,,,,,,,,11.0,,9.0,,,,,,1.0,,,,,,,,1.0,,
213631,,,,,,,,55.0,,18.0,1.0,,,,,10.0,4.0,2.0,,,,6.0,,5.0,1.0,
213659,,,,,,,,378.0,,188.0,,,,,,27.0,2.0,14.0,19.0,,,39.0,,58.0,10.0,2.0
213668,,,,,,,,299.0,,94.0,0.0,,,,,38.0,12.0,10.0,38.0,1.0,,48.0,,32.0,10.0,1.0
213774,,,,,,,,103.0,,42.0,,,,,,8.0,2.0,3.0,4.0,1.0,,11.0,,15.0,,
213783,,,,,,,,299.0,,115.0,,,,,,18.0,40.0,12.0,23.0,,,36.0,,32.0,15.0,
213826,,,,,,,,502.0,,212.0,0.0,,,,,29.0,24.0,20.0,44.0,1.0,,58.0,,75.0,15.0,
213914,,,,,,,,26.0,,14.0,,,,,,5.0,,,,,,,4.0,3.0,,
213932,,,,,,,,27.0,,18.0,,,,,,1.0,1.0,,,,,,2.0,2.0,1.0,
213987,,,,,,,,398.0,,155.0,,,,,,68.0,14.0,17.0,79.0,10.0,,6.0,1.0,31.0,1.0,5.0
213996,,,,,,,,680.0,,244.0,,,,,,52.0,30.0,32.0,66.0,9.0,,107.0,,82.0,19.0,2.0
214023,,,,,,,,5.0,,3.0,,,,,,1.0,,,,,,,1.0,,,
214041,,,,,,,,846.0,,317.0,,,,,,41.0,139.0,24.0,47.0,7.0,,128.0,,95.0,32.0,
214069,,,,,,,,434.0,,192.0,,,,,,39.0,16.0,17.0,44.0,1.0,,42.0,,31.0,6.0,2.0
214111,,,,,,,,668.0,,297.0,,10.0,,,,102.0,20.0,19.0,35.0,,,46.0,1.0,87.0,12.0,
214148,,,,,,,,110.0,,56.0,,,,,,8.0,4.0,2.0,6.0,1.0,,,,18.0,,
214157,,,,,,,,509.0,,234.0,,,,,,32.0,20.0,21.0,70.0,1.0,,47.0,,58.0,9.0,5.0
214166,,,,,,,,219.0,,93.0,,,,,,26.0,12.0,6.0,23.0,2.0,,28.0,,18.0,,
214175,,,,,,,,640.0,,229.0,4.0,41.0,,,,54.0,27.0,19.0,66.0,,,79.0,1.0,82.0,19.0,4.0
214272,,,,,,,,294.0,,136.0,,,,,,48.0,7.0,6.0,31.0,0.0,,2.0,1.0,33.0,,
214290,,,,,,,,60.0,,34.0,,,,,,7.0,3.0,1.0,,,,7.0,3.0,1.0,,
214379,,,,,,,,881.0,,366.0,,,,,,142.0,5.0,25.0,6.0,,,78.0,2.0,106.0,11.0,3.0
214476,,,,,,,,21.0,,8.0,,,,,,,1.0,1.0,,,,,,8.0,,
214528,,,,,,,,50.0,,14.0,,,,,,10.0,2.0,3.0,,,,1.0,,5.0,,
214564,,,,,,,,305.0,,111.0,7.0,,,,,20.0,25.0,15.0,7.0,5.0,,31.0,,57.0,4.0,
214582,,,,,,,,60.0,,27.0,,,,,,6.0,2.0,2.0,,,,3.0,,19.0,,
214661,,,,,,,,131.0,,,,,,,,48.0,69.0,7.0,1.0,,,,,5.0,2.0,
214883,,,,,,,,152.0,,74.0,,,,,,17.0,14.0,9.0,1.0,,,7.0,,3.0,,
214892,,,,,,,,50.0,,30.0,,,,,,3.0,3.0,1.0,1.0,,,2.0,3.0,2.0,,0.0
214944,,,,,,,,66.0,,26.0,,,,,,9.0,1.0,2.0,,,,7.0,5.0,13.0,,
214971,,,,,,,,96.0,,29.0,,,,,,9.0,5.0,2.0,11.0,1.0,,,6.0,8.0,4.0,1.0
215008,,,,,,,,11.0,,5.0,,,,,,2.0,1.0,,,,,,,1.0,1.0,
215044,,,,,,,,13.0,,6.0,,,,,,1.0,1.0,,,,,,1.0,1.0,,
215053,,,,,,,,64.0,,32.0,,,,,,9.0,2.0,3.0,1.0,,,3.0,,3.0,,
215062,,,,,,,,18325.0,,2344.0,1563.0,2542.0,,,,2375.0,1588.0,2621.0,351.0,1676.0,,1026.0,7.0,1511.0,281.0,31.0
215105,,,,,,,,355.0,,179.0,,,,,,38.0,13.0,18.0,29.0,1.0,,,2.0,35.0,1.0,
215114,,,,,,,,180.0,,72.0,,,,,,20.0,10.0,6.0,14.0,1.0,,20.0,9.0,23.0,,
215123,,,,,,,,470.0,,211.0,28.0,,,,,88.0,9.0,23.0,,,,13.0,,87.0,1.0,
215132,,,,,,,,477.0,,185.0,16.0,,,,,32.0,28.0,36.0,19.0,0.0,,8.0,1.0,47.0,13.0,
215239,,,,,,,,930.0,,409.0,,,,,,85.0,103.0,22.0,13.0,,,56.0,,140.0,16.0,
215266,,,,,,,,188.0,,77.0,,1.0,,,,15.0,3.0,9.0,11.0,3.0,,,1.0,58.0,9.0,
215275,,,,,,,,174.0,,85.0,,,,,,13.0,2.0,5.0,10.0,1.0,,1.0,4.0,35.0,18.0,
215284,,,,,,,,276.0,,135.0,,,,,,12.0,5.0,8.0,8.0,3.0,,41.0,1.0,47.0,15.0,1.0
215293,,,,,,,,12602.0,,4491.0,744.0,68.0,,,,1134.0,296.0,2388.0,355.0,418.0,,623.0,120.0,1482.0,162.0,20.0
215309,,,,,,,,25.0,,11.0,,,,,,2.0,,2.0,1.0,,,,,5.0,4.0,
215336,,,,,,,,5.0,,3.0,,,,,,,,,,,,,,2.0,,
215381,,,,,,,,100.0,,48.0,,,,,,11.0,8.0,,,,,4.0,2.0,6.0,,
215390,,,,,,,,15.0,,8.0,,,,,,3.0,,,,,,,,4.0,,
215415,,,,,,,,234.0,,88.0,,9.0,,,,41.0,5.0,4.0,3.0,,,11.0,23.0,37.0,,
215424,,,,,,,,76.0,,14.0,,,,,,23.0,0.0,2.0,2.0,,,8.0,,20.0,,
215442,,,,,,,,549.0,,252.0,,,,,,49.0,36.0,13.0,66.0,1.0,,13.0,,34.0,11.0,9.0
215479,,,,,,,,11.0,,6.0,,,,,,1.0,1.0,,,,,,,1.0,,
215530,,,,,,,,8.0,,3.0,,,,,,,,,,,,,,5.0,,
215585,,,,,,,,277.0,,115.0,,,,,,30.0,7.0,12.0,5.0,,,3.0,2.0,66.0,7.0,1.0
215594,,,,,,,,53.0,,34.0,,,,,,10.0,,1.0,,,,,,4.0,,
215619,,,,,,,,39.0,,6.0,,,,,,6.0,4.0,2.0,12.0,,,,,6.0,,
215637,,,,,,,,51.0,,17.0,,,,,,10.0,1.0,1.0,,,,7.0,6.0,4.0,1.0,
215655,,,,,,,,591.0,,252.0,,,,,,92.0,15.0,8.0,72.0,,,49.0,,39.0,16.0,
215682,,,,,,,,63.0,,30.0,,,,,,6.0,1.0,,,,,,3.0,3.0,4.0,
215691,,,,,,,,173.0,,52.0,,,,,,36.0,7.0,3.0,24.0,,,23.0,,20.0,,
215743,,,,,,,,476.0,,152.0,,,,,,37.0,29.0,8.0,75.0,3.0,,75.0,1.0,50.0,21.0,4.0
215770,,,,,,,,933.0,,370.0,,,,,,67.0,60.0,51.0,105.0,15.0,,85.0,,54.0,35.0,3.0
215798,,,,,,,,360.0,,126.0,,,,,,38.0,14.0,8.0,72.0,3.0,,45.0,,30.0,,
215813,,,,,,,,19.0,,6.0,,,,,,4.0,1.0,,5.0,,,,,2.0,,
215886,,,,,,,,23.0,,7.0,,,,,,2.0,1.0,,,,,2.0,,1.0,5.0,3.0
215929,,,,,,,,948.0,,320.0,,1.0,,,,60.0,59.0,49.0,79.0,5.0,,107.0,2.0,124.0,80.0,4.0
215947,,,,,,,,341.0,,138.0,,,,,,28.0,16.0,11.0,61.0,1.0,,23.0,,32.0,8.0,4.0
215974,,,,,,,,47.0,,36.0,,,,,,5.0,3.0,,,,,,,1.0,,
215983,,,,,,,,7.0,,4.0,,,,,,1.0,1.0,,,,,,,1.0,,
215992,,,,,,,,28.0,,20.0,,,,,,,1.0,,,,,,,1.0,2.0,
216010,,,,,,,,720.0,,304.0,,,,,,40.0,116.0,20.0,37.0,4.0,,69.0,,81.0,37.0,
216038,,,,,,,,884.0,,381.0,,,,,,43.0,134.0,21.0,39.0,21.0,,68.0,,113.0,49.0,
216047,,,,,,,,61.0,,25.0,,,,,,6.0,3.0,,,0.0,,1.0,,18.0,1.0,
216074,,,,,,,,27.0,,15.0,,,,,,2.0,3.0,,,,,,,4.0,,
216083,,,,,,,,74.0,,38.0,,,,,,5.0,1.0,4.0,,,,5.0,1.0,12.0,,
216162,,,,,,,,29.0,,22.0,,,,,,2.0,1.0,1.0,,,,,,3.0,,
216223,,,,,,,,10.0,,6.0,,,,,,,,,,,,,,3.0,,
216278,,,,,,,,463.0,,170.0,,,,,,50.0,26.0,14.0,50.0,4.0,,53.0,,68.0,20.0,
216287,,,,,,,,904.0,,233.0,,,,,,107.0,38.0,61.0,53.0,8.0,,155.0,5.0,95.0,33.0,9.0
216296,,,,,,,,154.0,,80.0,,,,,,11.0,1.0,4.0,1.0,3.0,,19.0,,27.0,,
216311,,,,,,,,10.0,,8.0,,,,,,,,,,,,,,2.0,,
216339,,,,,,,,7421.0,,2767.0,,,,,,1113.0,184.0,721.0,359.0,762.0,,,7.0,934.0,196.0,109.0
216348,,,,,,,,15.0,,11.0,,,,,,,1.0,,,,,,,,1.0,
216357,,,,,,,,200.0,,67.0,0.0,,,,,21.0,3.0,9.0,30.0,1.0,,31.0,,15.0,4.0,
216366,,,,,,,,4984.0,,499.0,192.0,841.0,,,,791.0,150.0,868.0,159.0,111.0,,324.0,11.0,798.0,141.0,30.0
216436,,,,,,,,25.0,,14.0,,,,,,2.0,,,,,,,,1.0,2.0,
216445,,,,,,,,24.0,,14.0,,,,,,2.0,,,,,,,,1.0,1.0,
216454,,,,,,,,20.0,,12.0,,,,,,2.0,,,,,,1.0,,1.0,,
216463,,,,,,,,51.0,,25.0,,,,,,4.0,4.0,2.0,3.0,,,2.0,,2.0,2.0,
216524,,,,,,,,387.0,,140.0,,,,,,67.0,8.0,14.0,67.0,,,13.0,,42.0,14.0,
216542,,,,,,,,95.0,,41.0,1.0,,,,,29.0,,1.0,,1.0,,6.0,,7.0,8.0,
216551,,,,,,,,15.0,,9.0,,,,,,2.0,,,0.0,,,,,,,
216579,,,,,,,,8.0,,1.0,,,,,,2.0,1.0,,,,,,,1.0,,
216597,,,,,,,,2611.0,,853.0,12.0,,,,,462.0,108.0,169.0,159.0,27.0,,411.0,14.0,273.0,57.0,24.0
216630,,,,,,,,13.0,,10.0,,,,,,1.0,1.0,,,,,,,1.0,,
216667,,,,,,,,349.0,,125.0,,,,,,19.0,15.0,13.0,46.0,7.0,,78.0,,24.0,,
216694,,,,,,,,298.0,,127.0,,,,,,29.0,4.0,13.0,28.0,4.0,,30.0,2.0,30.0,12.0,
216746,,,,,,,,11.0,,6.0,,,,,,3.0,,,,,,,,1.0,,
216764,,,,,,,,1646.0,,775.0,,,,,,77.0,296.0,35.0,63.0,11.0,,136.0,,169.0,57.0,
216773,,,,,,,,19.0,,12.0,,,,,,2.0,2.0,,,,,,,3.0,,
216782,,,,,,,,32.0,,16.0,,,,,,1.0,2.0,1.0,,,,3.0,4.0,0.0,,
216807,,,,,,,,247.0,,90.0,,,,,,29.0,11.0,11.0,28.0,8.0,,30.0,,29.0,6.0,
216816,,,,,,,,105.0,,20.0,1.0,,,,,15.0,3.0,5.0,14.0,,,5.0,0.0,16.0,1.0,
216825,,,,,,,,334.0,,154.0,,,,,,55.0,4.0,14.0,20.0,2.0,,17.0,,55.0,2.0,
216852,,,,,,,,970.0,,410.0,,,,,,126.0,25.0,42.0,86.0,5.0,,57.0,,120.0,18.0,3.0
216931,,,,,,,,686.0,,257.0,,,,,,41.0,38.0,34.0,50.0,4.0,,57.0,,47.0,21.0,1.0
216940,,,,,,,,80.0,,24.0,2.0,,,,,17.0,10.0,,3.0,1.0,,15.0,,6.0,2.0,
217013,,,,,,,,172.0,,81.0,,,,,,26.0,12.0,8.0,14.0,1.0,,2.0,,13.0,1.0,
217040,,,,,,,,11.0,,5.0,,,,,,1.0,1.0,,,,,4.0,,1.0,,
217059,,,,,,,,592.0,,245.0,,,,,,53.0,33.0,31.0,43.0,4.0,,68.0,11.0,60.0,12.0,7.0
217077,,,,,,,,91.0,,56.0,,,,,,4.0,3.0,1.0,2.0,,,2.0,,3.0,2.0,
217156,,,,,,,,4405.0,,921.0,455.0,,,,,564.0,359.0,496.0,154.0,79.0,,483.0,8.0,504.0,93.0,4.0
217165,,,,,,,,706.0,,214.0,3.0,,,,,53.0,53.0,27.0,78.0,6.0,,96.0,3.0,73.0,14.0,6.0
217235,,,,,,,,1001.0,,331.0,,,,,,160.0,138.0,63.0,76.0,9.0,,66.0,2.0,62.0,33.0,23.0
217305,,,,,,,,356.0,,180.0,,,,,,19.0,11.0,13.0,23.0,,,2.0,,47.0,,
217323,,,,,,,,47.0,,27.0,,,,,,6.0,2.0,,,,,,6.0,4.0,0.0,
217402,,,,,,,,942.0,,362.0,,,,,,115.0,97.0,39.0,84.0,14.0,,50.0,,97.0,13.0,9.0
217420,,,,,,,,904.0,,417.0,,,,,,54.0,24.0,37.0,54.0,4.0,,124.0,,85.0,15.0,
217475,,,,,,,,863.0,,421.0,,,,,,60.0,149.0,24.0,4.0,1.0,,53.0,,131.0,19.0,
217484,,,,,,,,2760.0,,889.0,18.0,,,,,64.0,166.0,378.0,102.0,56.0,,382.0,3.0,303.0,85.0,22.0
217493,,,,,,,,941.0,,299.0,,,,,,135.0,66.0,32.0,33.0,4.0,,169.0,9.0,111.0,50.0,
217518,,,,,,,,891.0,,294.0,,,,,,130.0,27.0,32.0,31.0,7.0,,192.0,,86.0,26.0,8.0
217536,,,,,,,,446.0,,167.0,,,,,,54.0,16.0,16.0,49.0,5.0,,28.0,,49.0,21.0,2.0
217581,,,,,,,,9.0,,6.0,,,,,,1.0,,,,,,,,1.0,,
217606,,,,,,,,83.0,,28.0,,,,,,5.0,,,1.0,,,29.0,,13.0,2.0,
217615,,,,,,,,179.0,,91.0,,,,,,18.0,8.0,8.0,14.0,,,3.0,,25.0,2.0,
217624,,,,,,,,126.0,,49.0,,,,,,16.0,6.0,3.0,11.0,,,11.0,4.0,9.0,10.0,1.0
217633,,,,,,,,583.0,,294.0,,,,,,44.0,21.0,13.0,82.0,9.0,,19.0,,56.0,12.0,16.0
217688,,,,,,,,465.0,,258.0,,,,,,26.0,10.0,6.0,31.0,12.0,,6.0,25.0,34.0,9.0,
217712,,,,,,,,172.0,,79.0,,,,,,19.0,12.0,6.0,20.0,,,4.0,,19.0,5.0,
217721,,,,,,,,279.0,,99.0,,,,,,16.0,7.0,5.0,23.0,1.0,,31.0,,31.0,15.0,2.0
217749,,,,,,,,662.0,,199.0,1.0,,,,,42.0,28.0,32.0,116.0,2.0,,69.0,8.0,89.0,20.0,8.0
217776,,,,,,,,218.0,,73.0,,,,,,40.0,14.0,6.0,29.0,4.0,,10.0,,17.0,3.0,
217794,,,,,,,,13.0,,4.0,,,,,,2.0,1.0,,,,,1.0,,2.0,,
217819,,,,,,,,1587.0,,610.0,,,,,,192.0,112.0,103.0,84.0,6.0,,101.0,1.0,271.0,58.0,1.0
217828,,,,,,,,4.0,,2.0,,,,,,1.0,,,,,,,,,,
217837,,,,,,,,110.0,,44.0,,,,,,15.0,6.0,4.0,20.0,,,7.0,,9.0,2.0,
217864,,,,,,,,675.0,,242.0,,,,,,90.0,25.0,26.0,57.0,8.0,,33.0,,73.0,45.0,17.0
217873,,,,,,,,353.0,,146.0,1.0,,,,,49.0,17.0,13.0,35.0,2.0,,19.0,1.0,47.0,,2.0
217882,,,,,,,,5343.0,,1393.0,226.0,189.0,,,,215.0,488.0,655.0,398.0,66.0,,315.0,10.0,572.0,350.0,28.0
217891,,,,,,,,53.0,,16.0,,,,,,8.0,1.0,,3.0,,,4.0,,2.0,,
217907,,,,,,,,188.0,,85.0,,,,,,30.0,5.0,4.0,33.0,,,5.0,3.0,12.0,,
217925,,,,,,,,301.0,,97.0,,,,,,32.0,6.0,12.0,41.0,,,36.0,,42.0,8.0,1.0
217934,,,,,,,,177.0,,84.0,,5.0,,,,16.0,4.0,5.0,20.0,,,5.0,,19.0,,
217961,,,,,,,,218.0,,85.0,1.0,,,,,13.0,10.0,7.0,34.0,,,28.0,,40.0,,
217989,,,,,,,,75.0,,32.0,,,,,,9.0,6.0,2.0,11.0,1.0,,4.0,1.0,7.0,,
217998,,,,,,,,138.0,,50.0,,,,,,21.0,6.0,2.0,29.0,1.0,,2.0,,9.0,,
218025,,,,,,,,242.0,,107.0,,,,,,30.0,22.0,16.0,9.0,,,3.0,,35.0,14.0,2.0
218043,,,,,,,,2.0,,,,,,,,,1.0,0.0,,,,,,,,
218061,,,,,,,,542.0,,242.0,,,,,,51.0,16.0,17.0,47.0,1.0,,59.0,,61.0,20.0,5.0
218070,,,,,,,,907.0,,277.0,3.0,,,,,104.0,74.0,33.0,118.0,8.0,,116.0,,95.0,27.0,
218113,,,,,,,,881.0,,495.0,,,,,,64.0,58.0,30.0,60.0,3.0,,51.0,0.0,76.0,6.0,2.0
218140,,,,,,,,406.0,,216.0,,,,,,35.0,23.0,19.0,28.0,,,25.0,,37.0,11.0,2.0
218159,,,,,,,,17.0,,12.0,,,,,,1.0,,,,,,,1.0,2.0,,
218195,,,,,,,,9.0,,4.0,,,,,,1.0,,,,,,,3.0,,,
218229,,,,,,,,540.0,,204.0,,,,,,38.0,50.0,18.0,26.0,2.0,,25.0,1.0,35.0,59.0,7.0
218238,,,,,,,,283.0,,94.0,1.0,14.0,,,,23.0,15.0,4.0,70.0,2.0,,14.0,5.0,14.0,,
218335,,,,,,,,3041.0,,297.0,1057.0,,,,,819.0,132.0,114.0,11.0,121.0,,138.0,,199.0,123.0,31.0
218353,,,,,,,,718.0,,324.0,,,,,,81.0,49.0,44.0,73.0,3.0,,18.0,,88.0,10.0,3.0
218399,,,,,,,,113.0,,27.0,,,,,,22.0,1.0,2.0,5.0,1.0,,17.0,,25.0,,1.0
218414,,,,,,,,209.0,,87.0,,,,,,36.0,5.0,1.0,47.0,3.0,,,,13.0,,
218441,,,,,,,,447.0,,170.0,,,,,,44.0,,9.0,68.0,,,52.0,,53.0,,
218487,,,,,,,,197.0,,89.0,,,,,,15.0,7.0,10.0,3.0,,,17.0,,25.0,6.0,
218520,,,,,,,,332.0,,162.0,,,,,,17.0,21.0,17.0,37.0,,,7.0,,57.0,11.0,
218539,,,,,,,,309.0,,110.0,,,,,,26.0,10.0,11.0,76.0,11.0,,9.0,,35.0,8.0,
218645,,,,,,,,406.0,,189.0,,,,,,44.0,5.0,13.0,55.0,6.0,,17.0,,53.0,11.0,
218654,,,,,,,,277.0,,116.0,,,,,,42.0,5.0,11.0,32.0,,,24.0,,29.0,8.0,
218663,,,,,,,,6337.0,,1903.0,243.0,59.0,,,,1029.0,131.0,372.0,576.0,151.0,,371.0,,1044.0,271.0,18.0
218672,,,,,,,,124.0,,64.0,,,,,,9.0,2.0,2.0,13.0,0.0,,13.0,,17.0,1.0,
218681,,,,,,,,74.0,,32.0,,,,,,8.0,2.0,2.0,15.0,,,4.0,,8.0,1.0,
218690,,,,,,,,101.0,,51.0,,,,,,13.0,0.0,2.0,11.0,1.0,,6.0,,13.0,,
218706,,,,,,,,64.0,,32.0,,,,,,7.0,1.0,1.0,8.0,0.0,,5.0,,6.0,2.0,
218724,,,,,,,,1346.0,,528.0,,,,,,104.0,62.0,59.0,145.0,21.0,,181.0,1.0,117.0,47.0,16.0
218733,,,,,,,,512.0,,147.0,31.0,22.0,,,,55.0,18.0,20.0,87.0,7.0,,33.0,,67.0,,
218742,,,,,,,,643.0,,296.0,,,,,,46.0,15.0,22.0,76.0,5.0,,56.0,,81.0,21.0,
218751,,,,,,,,102.0,,39.0,1.0,,,,,7.0,3.0,4.0,2.0,,,6.0,8.0,25.0,,
218821,,,,,,,,179.0,,44.0,,,,,,25.0,12.0,5.0,28.0,,,35.0,,5.0,11.0,
218830,,,,,,,,398.0,,169.0,,,,,,36.0,22.0,24.0,38.0,2.0,,26.0,,49.0,14.0,1.0
218858,,,,,,,,266.0,,118.0,,,,,,19.0,15.0,17.0,27.0,1.0,,28.0,,29.0,5.0,3.0
218867,,,,,,,,5.0,,3.0,,,,,,1.0,,,,,,,,1.0,,
218885,,,,,,,,461.0,,214.0,,,,,,35.0,30.0,31.0,54.0,5.0,,14.0,,48.0,5.0,1.0
218894,,,,,,,,775.0,,328.0,,,,,,79.0,57.0,45.0,68.0,8.0,,35.0,,118.0,26.0,3.0
218919,,,,,,,,143.0,,38.0,1.0,1.0,,,,6.0,7.0,6.0,7.0,1.0,,31.0,,13.0,2.0,2.0
218955,,,,,,,,76.0,,32.0,,,,,,10.0,6.0,2.0,8.0,,,1.0,,8.0,5.0,
218964,,,,,,,,880.0,,358.0,,1.0,,,,65.0,49.0,42.0,119.0,8.0,,85.0,1.0,98.0,23.0,11.0
218973,,,,,,,,438.0,,150.0,,,,,,30.0,58.0,22.0,48.0,3.0,,57.0,,23.0,16.0,2.0
218991,,,,,,,,347.0,,149.0,,,,,,16.0,23.0,9.0,4.0,,,32.0,,26.0,10.0,1.0
219000,,,,,,,,385.0,,146.0,1.0,2.0,,,,55.0,7.0,16.0,48.0,3.0,,45.0,,38.0,7.0,1.0
219037,,,,,,,,13.0,,7.0,,,,,,1.0,1.0,,,,,,,3.0,,
219046,,,,,,,,372.0,,151.0,,,,,,63.0,24.0,16.0,36.0,1.0,,35.0,,29.0,10.0,1.0
219082,,,,,,,,329.0,,113.0,0.0,,,,,44.0,18.0,31.0,50.0,1.0,,25.0,1.0,31.0,7.0,1.0
219091,,,,,,,,162.0,,57.0,,,,,,20.0,9.0,6.0,31.0,,,15.0,,11.0,,1.0
219125,,,,,,,,15.0,,8.0,,,,,,2.0,1.0,,,,,,2.0,2.0,,
219143,,,,,,,,210.0,,125.0,,,,,,12.0,5.0,9.0,2.0,,,19.0,10.0,18.0,,
219170,,,,,,,,2.0,,2.0,,,,,,,,,,,,,,0.0,,
219189,,,,,,,,112.0,,69.0,,,,,,11.0,2.0,3.0,1.0,,,11.0,1.0,2.0,,
219198,,,,,,,,148.0,,64.0,,,,,,15.0,6.0,5.0,20.0,2.0,,12.0,,10.0,,
219204,,,,,,,,179.0,,84.0,,,,,,27.0,3.0,5.0,5.0,,,,,6.0,,
219240,,,,,,,,11.0,,5.0,,,,,,1.0,1.0,,1.0,,,,1.0,1.0,,
219259,,,,,,,,343.0,,103.0,,,,,,52.0,13.0,19.0,46.0,,,37.0,1.0,34.0,7.0,3.0
219277,,,,,,,,174.0,,73.0,,,,,,25.0,10.0,4.0,2.0,,,14.0,1.0,15.0,,
219295,,,,,,,,112.0,,42.0,,,,,,16.0,6.0,3.0,23.0,2.0,,5.0,,4.0,,
219338,,,,,,,,1.0,,1.0,,,,,,,,,,,,,,,,
219347,,,,,,,,399.0,,163.0,,,,,,63.0,23.0,47.0,17.0,1.0,,32.0,1.0,35.0,10.0,
219356,,,,,,,,1732.0,,545.0,77.0,107.0,,,,193.0,109.0,93.0,148.0,14.0,,149.0,2.0,167.0,55.0,18.0
219374,,,,,,,,126.0,,25.0,,,,,,10.0,18.0,7.0,11.0,,,11.0,,21.0,9.0,2.0
219383,,,,,,,,251.0,,131.0,,,,,,20.0,11.0,7.0,45.0,2.0,,9.0,,19.0,,
219392,,,,,,,,7.0,,5.0,,,,,,2.0,,,,,,,,,,
219408,,,,,,,,53.0,,11.0,,,,,,4.0,9.0,7.0,6.0,,,8.0,,3.0,,
219426,,,,,,,,245.0,,156.0,0.0,0.0,,,,23.0,4.0,10.0,10.0,,,27.0,1.0,11.0,,
219453,,,,,,,,15.0,,10.0,,,,,,2.0,1.0,,,,,,,1.0,,
219471,,,,,,,,1377.0,,501.0,5.0,,,,,189.0,99.0,92.0,111.0,5.0,,117.0,,181.0,21.0,2.0
219480,,,,,,,,117.0,,64.0,,3.0,,,,10.0,6.0,3.0,,,,1.0,,7.0,3.0,
219505,,,,,,,,34.0,,7.0,1.0,,,,,9.0,3.0,1.0,,,,,,2.0,3.0,
219587,,,,,,,,7.0,,4.0,,,,,,2.0,,,,,,,,1.0,,
219596,,,,,,,,20.0,,10.0,,,,,,4.0,1.0,,1.0,,,1.0,,1.0,,
219602,,,,,,,,1145.0,,491.0,,,,,,40.0,12.0,22.0,271.0,14.0,,55.0,1.0,145.0,33.0,
219639,,,,,,,,141.0,,67.0,,,,,,24.0,1.0,5.0,,,,15.0,,13.0,,
219709,,,,,,,,1145.0,,534.0,,,,,,90.0,77.0,28.0,94.0,9.0,,124.0,2.0,103.0,26.0,2.0
219718,,,,,,,,483.0,,206.0,,,,,,37.0,21.0,8.0,82.0,6.0,,45.0,,51.0,4.0,
219790,,,,,,,,224.0,,76.0,,,,,,6.0,11.0,8.0,25.0,,,9.0,28.0,14.0,15.0,
219806,,,,,,,,372.0,,154.0,,,,,,12.0,27.0,14.0,62.0,10.0,,15.0,,49.0,19.0,
219824,,,,,,,,721.0,,328.0,,,,,,30.0,16.0,24.0,61.0,14.0,,70.0,,101.0,11.0,2.0
219833,,,,,,,,342.0,,154.0,,,,,,26.0,14.0,19.0,25.0,1.0,,21.0,,26.0,6.0,
219842,,,,,,,,47.0,,21.0,,,,,,13.0,,,0.0,,,1.0,,9.0,1.0,
219851,,,,,,,,18.0,,9.0,,,,,,2.0,3.0,,1.0,,,,,2.0,,
219879,,,,,,,,245.0,,118.0,,,,,,9.0,3.0,6.0,,7.0,,3.0,,50.0,1.0,
219888,,,,,,,,320.0,,191.0,,,,,,30.0,4.0,5.0,13.0,,,26.0,,36.0,,
219903,,,,,,,,120.0,,53.0,,,,,,29.0,2.0,,,,,1.0,9.0,22.0,,
219921,,,,,,,,20.0,,11.0,,,,,,2.0,1.0,,,,,,,5.0,1.0,
219949,,,,,,,,257.0,,116.0,,,,,,16.0,14.0,6.0,44.0,,,26.0,,5.0,,
219976,,,,,,,,925.0,,319.0,3.0,,,,,66.0,54.0,31.0,122.0,4.0,,114.0,,94.0,17.0,3.0
219994,,,,,,,,66.0,,41.0,,,,,,6.0,2.0,,,,,3.0,,13.0,,
220002,,,,,,,,12.0,,4.0,,,,,,1.0,1.0,,,,,,4.0,,,
220057,,,,,,,,222.0,,79.0,,,,,,14.0,4.0,6.0,20.0,,,21.0,,47.0,3.0,
220075,,,,,,,,2353.0,,861.0,40.0,33.0,,,,436.0,111.0,51.0,131.0,52.0,,155.0,,390.0,57.0,15.0
220118,,,,,,,,33.0,,14.0,,,,,,2.0,1.0,2.0,,,,2.0,1.0,5.0,,
220127,,,,,,,,43.0,,27.0,,,,,,5.0,,,,,,2.0,,9.0,,
220163,,,,,,,,6.0,,2.0,,,,,,1.0,2.0,,,,,,,,1.0,
220181,,,,,,,,187.0,,64.0,8.0,,,,,8.0,21.0,5.0,14.0,,,13.0,3.0,25.0,,2.0
220206,,,,,,,,64.0,,28.0,,,,,,8.0,4.0,1.0,2.0,,,2.0,,8.0,1.0,
220215,,,,,,,,324.0,,122.0,,,,,,28.0,12.0,6.0,43.0,1.0,,66.0,1.0,26.0,7.0,1.0
220251,,,,,,,,24.0,,13.0,,,,,,2.0,4.0,,,,,,,4.0,1.0,
220279,,,,,,,,35.0,,24.0,,,,,,2.0,,,,,,,,4.0,1.0,
220321,,,,,,,,31.0,,18.0,,,,,,2.0,,,,,,6.0,,3.0,,
220394,,,,,,,,25.0,,17.0,,,,,,2.0,,,,,,0.0,,4.0,1.0,
220400,,,,,,,,280.0,,141.0,,,,,,16.0,3.0,3.0,52.0,5.0,,17.0,,36.0,7.0,
220464,,,,,,,,11.0,,6.0,,,,,,,1.0,,,,,,,3.0,,
220473,,,,,,,,200.0,,63.0,,,,,,32.0,7.0,7.0,21.0,1.0,,14.0,1.0,27.0,11.0,
220491,,,,,,,,24.0,,10.0,,,,,,6.0,1.0,,,,,3.0,3.0,1.0,,
220516,,,,,,,,257.0,,99.0,,,,,,30.0,9.0,5.0,36.0,5.0,,17.0,,31.0,5.0,
220552,,,,,,,,725.0,,420.0,,,,,,82.0,10.0,12.0,,,,10.0,,152.0,,
220598,,,,,,,,175.0,,60.0,,,,,,16.0,11.0,3.0,26.0,2.0,,34.0,,16.0,,
220604,,,,,,,,133.0,,56.0,3.0,,,,,8.0,16.0,4.0,11.0,,,4.0,,9.0,,0.0
220613,,,,,,,,713.0,,309.0,,,,,,80.0,8.0,25.0,52.0,8.0,,82.0,2.0,116.0,11.0,3.0
220631,,,,,,,,988.0,,405.0,,,,,,161.0,12.0,21.0,72.0,19.0,,94.0,,155.0,23.0,2.0
220640,,,,,,,,41.0,,27.0,,,,,,1.0,,,,,,,,7.0,2.0,
220701,,,,,,,,110.0,,42.0,,,,,,9.0,7.0,3.0,23.0,2.0,,1.0,5.0,9.0,,
220710,,,,,,,,283.0,,88.0,,,,,,30.0,14.0,5.0,46.0,4.0,,37.0,,31.0,9.0,
220756,,,,,,,,18.0,,8.0,,,,,,3.0,,0.0,,,,1.0,,5.0,,
220765,,,,,,,,21.0,,14.0,,,,,,1.0,2.0,,,,,,,3.0,,
220792,,,,,,,,829.0,,205.0,1.0,2.0,,,,93.0,51.0,57.0,48.0,182.0,,46.0,,106.0,,
220853,,,,,,,,71.0,,41.0,,,,,,9.0,3.0,,,,,4.0,,13.0,,
220862,,,,,,,,2792.0,,1040.0,104.0,,,,,145.0,222.0,178.0,123.0,15.0,,233.0,,224.0,84.0,8.0
220871,,,,,,,,27.0,,10.0,,,,,,2.0,2.0,1.0,,,,3.0,,3.0,,
220978,,,,,,,,2333.0,,1053.0,11.0,0.0,,,,133.0,56.0,104.0,133.0,27.0,,157.0,2.0,510.0,68.0,23.0
220996,,,,,,,,29.0,,10.0,,,,,,,2.0,4.0,1.0,,,,,3.0,1.0,
221050,,,,,,,,69.0,,49.0,,,,,,2.0,5.0,,0.0,0.0,,1.0,,12.0,,
221096,,,,,,,,362.0,,192.0,,,,,,30.0,10.0,19.0,12.0,,,17.0,,38.0,8.0,
221102,,,,,,,,59.0,,37.0,,,,,,8.0,2.0,2.0,1.0,,,6.0,,1.0,,
221148,,,,,,,,141.0,,56.0,,,,,,45.0,,1.0,,,,10.0,,20.0,,1.0
221184,,,,,,,,452.0,,223.0,,,,,,25.0,1.0,4.0,49.0,20.0,,23.0,,90.0,9.0,
221236,,,,,,,,31.0,,22.0,,,,,,3.0,1.0,,,,,1.0,,4.0,,
221281,,,,,,,,28.0,,17.0,,,,,,3.0,1.0,,,,,2.0,,5.0,,
221333,,,,,,,,37.0,,21.0,,,,,,1.0,4.0,,,,,2.0,,9.0,,
221351,,,,,,,,508.0,,195.0,,,,,,61.0,27.0,23.0,52.0,4.0,,76.0,,34.0,16.0,3.0
221388,,,,,,,,24.0,,13.0,,,,,,3.0,1.0,,,,,0.0,,2.0,,
221397,,,,,,,,376.0,,185.0,,,,,,5.0,3.0,6.0,,12.0,,20.0,,68.0,9.0,
221430,,,,,,,,32.0,,20.0,,,,,,5.0,2.0,,,,,1.0,,1.0,,
221485,,,,,,,,679.0,,263.0,,,,,,21.0,108.0,13.0,10.0,19.0,,78.0,,144.0,7.0,
221494,,,,,,,,48.0,,28.0,,,,,,2.0,7.0,1.0,,,,3.0,,1.0,,
221519,,,,,,,,712.0,,180.0,,,,,,65.0,12.0,28.0,41.0,9.0,,170.0,2.0,130.0,37.0,4.0
221582,,,,,,,,30.0,,17.0,,,,,,4.0,,,,,,2.0,,7.0,,
221591,,,,,,,,31.0,,21.0,,,,,,2.0,1.0,,,,,1.0,,4.0,,
221607,,,,,,,,22.0,,14.0,,,,,,2.0,2.0,,,,,,,1.0,,
221616,,,,,,,,52.0,,30.0,,,,,,10.0,,,,,,1.0,,10.0,0.0,
221625,,,,,,,,102.0,,40.0,,,,,,1.0,1.0,,,,,,,22.0,4.0,
221634,,,,,,,,20.0,,14.0,,,,,,2.0,,,,,,,,3.0,1.0,
221643,,,,,,,,665.0,,348.0,,0.0,,,,8.0,2.0,7.0,82.0,51.0,,14.0,,130.0,9.0,2.0
221661,,,,,,,,453.0,,139.0,1.0,,,,,78.0,8.0,18.0,73.0,4.0,,34.0,10.0,50.0,21.0,6.0
221670,,,,,,,,174.0,,53.0,,,,,,21.0,5.0,7.0,4.0,10.0,,19.0,,42.0,4.0,3.0
221731,,,,,,,,153.0,,71.0,,,,,,8.0,3.0,6.0,25.0,,,,,9.0,,
221740,,,,,,,,1589.0,,581.0,5.0,,,,,215.0,114.0,83.0,125.0,17.0,,155.0,2.0,180.0,36.0,9.0
221759,,,,,,,,7513.0,,1744.0,93.0,64.0,,,,708.0,500.0,859.0,351.0,86.0,,1140.0,1.0,946.0,361.0,85.0
221768,,,,,,,,847.0,,343.0,3.0,6.0,,,,79.0,46.0,37.0,57.0,8.0,,93.0,,114.0,30.0,10.0
221829,,,,,,,,29.0,,20.0,,,,,,3.0,,,,,,1.0,,5.0,,
221838,,,,,,,,1207.0,,405.0,27.0,2.0,,,,123.0,88.0,20.0,212.0,17.0,,95.0,4.0,158.0,33.0,3.0
221847,,,,,,,,1267.0,,484.0,10.0,9.0,,,,62.0,80.0,83.0,136.0,14.0,,53.0,1.0,178.0,54.0,1.0
221892,,,,,,,,360.0,,144.0,,,,,,45.0,20.0,14.0,30.0,2.0,,11.0,,85.0,1.0,
221908,,,,,,,,415.0,,190.0,,,,,,12.0,19.0,19.0,58.0,,,30.0,,66.0,11.0,2.0
221953,,,,,,,,253.0,,72.0,,,,,,29.0,9.0,7.0,59.0,7.0,,17.0,,20.0,10.0,
221971,,,,,,,,517.0,,270.0,,,,,,41.0,9.0,17.0,29.0,3.0,,35.0,12.0,68.0,,
221999,,,,,,,,5457.0,,1341.0,380.0,,,,,146.0,712.0,595.0,369.0,31.0,,715.0,38.0,560.0,160.0,47.0
222053,,,,,,,,582.0,,276.0,,,,,,7.0,1.0,11.0,95.0,18.0,,37.0,1.0,108.0,10.0,
222062,,,,,,,,476.0,,225.0,,,,,,19.0,42.0,8.0,29.0,12.0,,40.0,,71.0,11.0,1.0
222105,,,,,,,,38.0,,22.0,,,,,,3.0,2.0,,,,,4.0,,,,
222178,,,,,,,,888.0,,318.0,,5.0,,,,81.0,46.0,33.0,97.0,6.0,,48.0,,207.0,16.0,
222497,,,,,,,,600.0,,4.0,,,,,,63.0,161.0,94.0,15.0,1.0,,25.0,,90.0,3.0,4.0
222567,,,,,,,,449.0,,234.0,3.0,,,,,33.0,7.0,9.0,9.0,,,33.0,3.0,37.0,8.0,1.0
222576,,,,,,,,726.0,,239.0,,,,,,73.0,23.0,26.0,43.0,1.0,,89.0,2.0,136.0,29.0,18.0
222628,,,,,,,,57.0,,27.0,,,,,,14.0,,,,,,1.0,,9.0,,
222822,,,,,,,,325.0,,174.0,,,,,,20.0,14.0,9.0,14.0,1.0,,19.0,1.0,36.0,9.0,
222831,,,,,,,,860.0,,339.0,,,,,,48.0,55.0,55.0,85.0,,,35.0,14.0,116.0,41.0,7.0
222877,,,,,,,,30.0,,9.0,,,,,,3.0,0.0,,6.0,,,4.0,,5.0,,
222886,,,,,,,,36.0,,15.0,,,,,,6.0,1.0,,,2.0,,,2.0,2.0,,
222938,,,,,,,,37.0,,16.0,,,,,,3.0,6.0,,,,,,8.0,,1.0,
222983,,,,,,,,293.0,,106.0,,,,,,29.0,17.0,10.0,57.0,2.0,,17.0,,39.0,10.0,
222992,,,,,,,,2729.0,,958.0,,,,,,212.0,104.0,142.0,67.0,4.0,,208.0,,412.0,65.0,
223001,,,,,,,,65.0,,22.0,,0.0,,,,4.0,8.0,3.0,1.0,,,2.0,,16.0,4.0,
223056,,,,,,,,11.0,,5.0,,,,,,2.0,3.0,,,,,,,1.0,,
223083,,,,,,,,64.0,,38.0,,,,,,12.0,1.0,1.0,,1.0,,,,4.0,,
223117,,,,,,,,18.0,,9.0,,,,,,1.0,2.0,,,,,,,2.0,1.0,
223223,,,,,,,,8114.0,,3523.0,1428.0,,,,,265.0,445.0,480.0,143.0,582.0,,252.0,8.0,873.0,46.0,38.0
223232,,,,,,,,3088.0,,1230.0,8.0,,,,,634.0,235.0,237.0,126.0,50.0,,94.0,6.0,256.0,4.0,8.0
223320,,,,,,,,232.0,,96.0,,,,,,29.0,0.0,7.0,33.0,,,22.0,,33.0,5.0,0.0
223427,,,,,,,,961.0,,504.0,,,,,,72.0,12.0,32.0,1.0,,,87.0,,84.0,,4.0
223463,,,,,,,,55.0,,24.0,2.0,,,,,14.0,3.0,,,,,,5.0,5.0,,
223472,,,,,,,,21.0,,11.0,,,,,,3.0,,,,,,1.0,3.0,3.0,,
223506,,,,,,,,405.0,,157.0,2.0,5.0,,,,35.0,7.0,16.0,25.0,,,38.0,2.0,72.0,10.0,
223816,,,,,,,,956.0,,423.0,,,,,,125.0,22.0,39.0,48.0,,,64.0,7.0,161.0,19.0,4.0
223852,,,,,,,,11.0,,5.0,,,,,,1.0,2.0,,0.0,,,,2.0,1.0,,
223898,,,,,,,,202.0,,102.0,,5.0,,,,11.0,3.0,5.0,7.0,,,20.0,4.0,20.0,10.0,
223922,,,,,,,,108.0,,57.0,,,,,,10.0,3.0,,9.0,,,6.0,,12.0,4.0,1.0
224004,,,,,,,,256.0,,110.0,,,,,,16.0,24.0,5.0,56.0,,,5.0,,29.0,3.0,
224013,,,,,,,,4.0,,2.0,,,,,,2.0,,,,,,,,,,
224110,,,,,,,,626.0,,264.0,,1.0,,,,59.0,20.0,10.0,11.0,,,16.0,,209.0,11.0,1.0
224147,,,,,,,,1338.0,,475.0,11.0,,,,,177.0,99.0,152.0,125.0,15.0,,22.0,2.0,187.0,7.0,4.0
224156,,,,,,,,32.0,,12.0,,,,,,4.0,2.0,,,,,,3.0,10.0,0.0,
224226,,,,,,,,413.0,,121.0,,,,,,16.0,9.0,33.0,39.0,2.0,,29.0,25.0,61.0,11.0,6.0
224244,,,,,,,,38.0,,12.0,,,,,,4.0,3.0,,8.0,,,1.0,,2.0,,
224271,,,,,,,,23.0,,15.0,,,,,,2.0,1.0,,,,,,,5.0,,
224305,,,,,,,,241.0,,68.0,,,,,,59.0,6.0,12.0,13.0,,,19.0,,46.0,9.0,
224323,,,,,,,,414.0,,168.0,,,,,,58.0,12.0,12.0,23.0,1.0,,24.0,,63.0,12.0,
224350,,,,,,,,964.0,,449.0,,,,,,105.0,25.0,44.0,33.0,,,35.0,1.0,149.0,12.0,3.0
224527,,,,,,,,255.0,,91.0,,,,,,24.0,5.0,4.0,42.0,5.0,,21.0,,28.0,8.0,1.0
224545,,,,,,,,278.0,,119.0,,,,,,40.0,13.0,11.0,28.0,2.0,,8.0,,38.0,,
224554,,,,,,,,1022.0,,478.0,1.0,,,,,128.0,47.0,17.0,112.0,8.0,,34.0,3.0,155.0,1.0,6.0
224615,,,,,,,,4164.0,,1369.0,,,,,,817.0,154.0,225.0,345.0,7.0,,150.0,15.0,629.0,107.0,
224642,,,,,,,,1529.0,,596.0,,,,,,105.0,143.0,77.0,0.0,,,84.0,,495.0,6.0,
224660,,,,,,,,59.0,,33.0,,,,,,7.0,4.0,2.0,,,,,6.0,5.0,1.0,
224679,,,,,,,,149.0,,70.0,,,,,,17.0,13.0,3.0,,,,0.0,28.0,14.0,2.0,
224712,,,,,,,,50.0,,20.0,,,,,,9.0,4.0,1.0,,,,2.0,,6.0,1.0,
224758,,,,,,,,4.0,,3.0,,,,,,,1.0,,,,,,,,,
224776,,,,,,,,34.0,,14.0,,,,,,3.0,4.0,,,,,,9.0,1.0,,
224828,,,,,,,,17.0,,8.0,,,,,,2.0,2.0,,,,,2.0,,,,
224891,,,,,,,,169.0,,53.0,,9.0,,,,22.0,1.0,2.0,1.0,,,11.0,,26.0,,
224961,,,,,,,,196.0,,84.0,,,,,,22.0,12.0,9.0,5.0,,,12.0,,24.0,2.0,
225070,,,,,,,,362.0,,129.0,3.0,7.0,,,,24.0,3.0,8.0,12.0,,,38.0,,33.0,6.0,
225201,,,,,,,,139.0,,62.0,,,,,,27.0,5.0,7.0,3.0,,,,10.0,12.0,3.0,
225247,,,,,,,,320.0,,130.0,,,,,,32.0,17.0,8.0,46.0,9.0,,16.0,,39.0,10.0,
225308,,,,,,,,423.0,,193.0,,,,,,40.0,8.0,20.0,19.0,,,9.0,3.0,90.0,11.0,3.0
225371,,,,,,,,251.0,,130.0,,,,,,28.0,4.0,7.0,3.0,,,12.0,,32.0,,0.0
225399,,,,,,,,442.0,,178.0,,,,,,38.0,18.0,5.0,43.0,2.0,,21.0,6.0,72.0,4.0,3.0
225414,,,,,,,,808.0,,280.0,1.0,,,,,106.0,92.0,57.0,33.0,3.0,,64.0,,130.0,25.0,1.0
225423,,,,,,,,3373.0,,1464.0,,,,,,218.0,177.0,97.0,282.0,3.0,,157.0,40.0,396.0,42.0,3.0
225432,,,,,,,,1117.0,,470.0,,,,,,41.0,264.0,109.0,30.0,,,46.0,,98.0,29.0,
225502,,,,,,,,433.0,,155.0,,,,,,31.0,12.0,26.0,18.0,3.0,,19.0,,152.0,,2.0
225511,,,,,,,,5254.0,,1618.0,85.0,2.0,,,,941.0,856.0,593.0,133.0,56.0,,339.0,3.0,337.0,171.0,4.0
225520,,,,,,,,349.0,,142.0,,,,,,42.0,2.0,6.0,28.0,2.0,,32.0,1.0,63.0,7.0,1.0
225548,,,,,,,,214.0,,73.0,,,,,,28.0,8.0,9.0,30.0,3.0,,25.0,,27.0,5.0,
225575,,,,,,,,142.0,,59.0,,,,,,25.0,16.0,5.0,21.0,,,,,10.0,2.0,
225627,,,,,,,,1295.0,,473.0,,,,,,171.0,59.0,38.0,182.0,122.0,,42.0,10.0,107.0,37.0,13.0
225876,,,,,,,,55.0,,18.0,,,,,,7.0,3.0,1.0,9.0,,,7.0,,3.0,3.0,
225885,,,,,,,,152.0,,57.0,,,,,,6.0,10.0,4.0,7.0,2.0,,13.0,,7.0,2.0,
225991,,,,,,,,21.0,,11.0,,,,,,2.0,1.0,,,,,,4.0,3.0,,
226019,,,,,,,,402.0,,214.0,,,,,,44.0,16.0,9.0,19.0,,,11.0,,46.0,1.0,
226091,,,,,,,,1311.0,,478.0,3.0,,,,,134.0,83.0,58.0,69.0,9.0,,156.0,,107.0,31.0,1.0
226107,,,,,,,,142.0,,56.0,,,,,,23.0,4.0,11.0,5.0,,,12.0,,21.0,,2.0
226116,,,,,,,,170.0,,75.0,,,,,,36.0,8.0,10.0,5.0,,,4.0,,27.0,3.0,
226125,,,,,,,,11.0,,6.0,,,,,,2.0,,,,,,0.0,1.0,1.0,0.0,
226134,,,,,,,,664.0,,216.0,,,,,,62.0,15.0,28.0,57.0,,,51.0,,111.0,16.0,0.0
226152,,,,,,,,709.0,,288.0,,4.0,,,,107.0,41.0,27.0,82.0,5.0,,23.0,1.0,94.0,1.0,1.0
226204,,,,,,,,499.0,,213.0,,,,,,36.0,11.0,20.0,39.0,,,46.0,,63.0,16.0,
226231,,,,,,,,375.0,,164.0,,,,,,46.0,11.0,12.0,18.0,3.0,,36.0,,62.0,12.0,1.0
226277,,,,,,,,111.0,,55.0,,,,,,34.0,1.0,1.0,,,,2.0,,15.0,,
226383,,,,,,,,321.0,,115.0,,,,,,34.0,1.0,21.0,44.0,4.0,,36.0,3.0,49.0,6.0,
226408,,,,,,,,392.0,,151.0,,,,,,28.0,30.0,15.0,32.0,,,13.0,,54.0,6.0,1.0
226471,,,,,,,,546.0,,212.0,,,,,,58.0,57.0,16.0,42.0,7.0,,68.0,9.0,54.0,,
226578,,,,,,,,623.0,,259.0,,,,,,38.0,13.0,26.0,52.0,2.0,,67.0,,81.0,,
226587,,,,,,,,233.0,,93.0,,,,,,24.0,16.0,8.0,40.0,2.0,,7.0,,24.0,7.0,
226675,,,,,,,,53.0,,36.0,,,,,,9.0,,2.0,,,,,,,,
226806,,,,,,,,492.0,,191.0,,,,,,44.0,18.0,15.0,54.0,,,44.0,,74.0,,1.0
226833,,,,,,,,685.0,,271.0,,,,,,53.0,9.0,22.0,31.0,2.0,,70.0,,148.0,31.0,3.0
226860,,,,,,,,5.0,,2.0,,,,,,1.0,,,,,,,,2.0,,
226879,,,,,,,,23.0,,11.0,,,,,,6.0,,,,,,,1.0,1.0,,
226903,,,,,,,,411.0,,140.0,,,,,,67.0,44.0,8.0,34.0,,,1.0,103.0,13.0,,
227058,,,,,,,,10.0,,6.0,,,,,,1.0,1.0,,,,,,1.0,,,
227146,,,,,,,,451.0,,184.0,,,,,,39.0,5.0,13.0,8.0,,,44.0,,110.0,,
227182,,,,,,,,4291.0,,1803.0,,,,,,315.0,608.0,245.0,6.0,,,229.0,,719.0,42.0,
227216,,,,,,,,3756.0,,1278.0,73.0,4.0,,,,483.0,232.0,155.0,222.0,37.0,,373.0,,461.0,153.0,9.0
227225,,,,,,,,260.0,,104.0,,3.0,,,,24.0,9.0,6.0,46.0,,,11.0,,21.0,,
227289,,,,,,,,80.0,,25.0,0.0,,,,,7.0,4.0,3.0,1.0,,,16.0,,12.0,,
227298,,,,,,,,23.0,,8.0,,,,,,7.0,,1.0,,,,,,1.0,,
227304,,,,,,,,464.0,,186.0,1.0,2.0,,,,52.0,26.0,19.0,32.0,,,19.0,4.0,17.0,25.0,4.0
227313,,,,,,,,17.0,,8.0,,,,,,1.0,,,,,,,5.0,2.0,,
227322,,,,,,,,19.0,,9.0,,,,,,3.0,,,,,,,6.0,1.0,,
227331,,,,,,,,455.0,,161.0,,,,,,34.0,42.0,7.0,58.0,7.0,,33.0,11.0,79.0,12.0,
227368,,,,,,,,4008.0,,1421.0,58.0,,,,,311.0,329.0,204.0,415.0,419.0,,309.0,,345.0,91.0,9.0
227377,,,,,,,,381.0,,158.0,,,,,,32.0,17.0,4.0,31.0,,,21.0,,92.0,17.0,
227386,,,,,,,,196.0,,108.0,,2.0,,,,6.0,19.0,5.0,,,,11.0,,30.0,,
227401,,,,,,,,238.0,,107.0,,4.0,,,,7.0,5.0,3.0,,,,22.0,,48.0,,
227429,,,,,,,,75.0,,22.0,,,,,,21.0,6.0,,8.0,2.0,,,1.0,5.0,8.0,1.0
227526,,,,,,,,1223.0,,453.0,31.0,50.0,,,,145.0,78.0,72.0,103.0,10.0,,54.0,,178.0,7.0,6.0
227687,,,,,,,,162.0,,68.0,,,,,,10.0,1.0,4.0,19.0,2.0,,16.0,,16.0,,0.0
227748,,,,,,,,42.0,,20.0,,,,,,7.0,,,,,,,,15.0,,
227757,,,,,,,,3396.0,,748.0,11.0,,,,,293.0,444.0,670.0,238.0,13.0,,293.0,,259.0,89.0,59.0
227845,,,,,,,,585.0,,219.0,,,,,,141.0,22.0,37.0,43.0,2.0,,37.0,5.0,56.0,20.0,
227854,,,,,,,,646.0,,312.0,,,,,,18.0,22.0,20.0,10.0,1.0,,64.0,,57.0,7.0,
227863,,,,,,,,466.0,,198.0,,,,,,60.0,17.0,3.0,65.0,,,28.0,1.0,56.0,19.0,
227881,,,,,,,,2305.0,,875.0,,20.0,,,,166.0,251.0,131.0,90.0,26.0,,164.0,1.0,450.0,39.0,
227924,,,,,,,,861.0,,404.0,,,,,,15.0,33.0,30.0,18.0,,,41.0,1.0,99.0,16.0,
227979,,,,,,,,1653.0,,776.0,,,,,,134.0,90.0,83.0,94.0,1.0,,51.0,,284.0,51.0,
228042,,,,,,,,204.0,,75.0,,,,,,24.0,10.0,9.0,27.0,2.0,,21.0,1.0,19.0,3.0,
228088,,,,,,,,7.0,,2.0,,,,,,1.0,2.0,,,,,,1.0,1.0,,
228149,,,,,,,,631.0,,247.0,,,,,,143.0,9.0,13.0,31.0,3.0,,72.0,,93.0,1.0,4.0
228158,,,,,,,,646.0,,339.0,,,,,,29.0,4.0,14.0,38.0,11.0,,70.0,1.0,66.0,13.0,1.0
228185,,,,,,,,6.0,,2.0,,,,,,,,1.0,,,,,,2.0,1.0,
228194,,,,,,,,191.0,,78.0,,10.0,,,,29.0,10.0,7.0,24.0,,,1.0,,26.0,,
228200,,,,,,,,27.0,,16.0,,,,,,3.0,1.0,,,,,1.0,3.0,2.0,,
228219,,,,,,,,24.0,,12.0,,,,,,3.0,1.0,,,,,1.0,3.0,2.0,,
228246,,,,,,,,2544.0,,893.0,78.0,,,,,741.0,113.0,143.0,158.0,18.0,,68.0,,190.0,44.0,
228282,,,,,,,,15.0,,5.0,,,,,,2.0,1.0,,,,,,2.0,3.0,1.0,
228316,,,,,,,,381.0,,139.0,,,,,,58.0,3.0,19.0,22.0,1.0,,43.0,,61.0,13.0,1.0
228325,,,,,,,,225.0,,87.0,,,,,,26.0,9.0,8.0,36.0,2.0,,13.0,,20.0,,
228343,,,,,,,,410.0,,121.0,,,,,,48.0,15.0,17.0,54.0,5.0,,48.0,,44.0,15.0,10.0
228431,,,,,,,,1502.0,,607.0,,,,,,123.0,87.0,71.0,134.0,10.0,,161.0,,162.0,59.0,6.0
228459,,,,,,,,3619.0,,1428.0,80.0,16.0,,,,262.0,236.0,222.0,421.0,42.0,,225.0,7.0,427.0,132.0,28.0
228468,,,,,,,,143.0,,66.0,,,,,,15.0,12.0,4.0,2.0,,,16.0,3.0,16.0,6.0,
228486,,,,,,,,35.0,,13.0,,,,,,1.0,4.0,,1.0,,,,1.0,2.0,2.0,2.0
228501,,,,,,,,383.0,,128.0,,,,,,38.0,12.0,16.0,7.0,1.0,,31.0,,131.0,13.0,
228529,,,,,,,,1109.0,,519.0,3.0,,,,,146.0,60.0,77.0,113.0,7.0,,24.0,,115.0,3.0,
228547,,,,,,,,2861.0,,1170.0,,,,,,238.0,101.0,108.0,181.0,9.0,,162.0,,457.0,68.0,21.0
228608,,,,,,,,335.0,,160.0,,,,,,32.0,4.0,,5.0,,,3.0,,70.0,3.0,
228635,,,,,,,,7891.0,,1991.0,3.0,446.0,,,,814.0,611.0,1461.0,51.0,501.0,,435.0,1.0,1207.0,290.0,29.0
228644,,,,,,,,5622.0,,839.0,628.0,,,,,551.0,349.0,697.0,146.0,495.0,,509.0,6.0,1010.0,89.0,88.0
228653,,,,,,,,2148.0,,592.0,91.0,113.0,,,,397.0,114.0,212.0,15.0,288.0,,2.0,,266.0,38.0,
228699,,,,,,,,256.0,,124.0,,,,,,24.0,5.0,10.0,13.0,,,28.0,,27.0,,
228705,,,,,,,,898.0,,370.0,39.0,,,,,128.0,53.0,37.0,88.0,6.0,,21.0,,119.0,11.0,2.0
228723,,,,,,,,10731.0,,3493.0,366.0,7.0,,,,1395.0,713.0,1310.0,792.0,337.0,,394.0,6.0,1393.0,205.0,119.0
228732,,,,,,,,278.0,,,,,,,,104.0,62.0,33.0,35.0,,,,,31.0,6.0,4.0
228769,,,,,,,,3485.0,,1313.0,154.0,,,,,572.0,335.0,192.0,101.0,36.0,,214.0,5.0,216.0,105.0,4.0
228778,,,,,,,,14843.0,,2974.0,,,,,,1919.0,1557.0,2796.0,878.0,254.0,,1232.0,63.0,1839.0,509.0,257.0
228787,,,,,,,,3535.0,,1002.0,134.0,,,,,464.0,244.0,444.0,197.0,26.0,,201.0,,601.0,77.0,7.0
228796,,,,,,,,2615.0,,883.0,53.0,4.0,,,,399.0,300.0,191.0,204.0,65.0,,114.0,,224.0,84.0,18.0
228802,,,,,,,,1095.0,,405.0,4.0,,,,,116.0,28.0,41.0,21.0,3.0,,33.0,,322.0,23.0,
228866,,,,,,,,70.0,,23.0,,,,,,12.0,3.0,1.0,,,,,,14.0,2.0,
228875,,,,,,,,2416.0,,831.0,20.0,,,,,225.0,183.0,101.0,274.0,22.0,,302.0,1.0,291.0,67.0,2.0
228884,,,,,,,,71.0,,35.0,,,,,,13.0,4.0,2.0,3.0,,,3.0,,8.0,,
228909,,,,,,,,1230.0,,255.0,44.0,,,,,171.0,116.0,147.0,29.0,42.0,,124.0,2.0,194.0,31.0,
228981,,,,,,,,278.0,,104.0,,,,,,61.0,35.0,6.0,,1.0,,34.0,,23.0,,
229018,,,,,,,,721.0,,215.0,5.0,,,,,82.0,44.0,25.0,68.0,18.0,,36.0,6.0,133.0,9.0,1.0
229027,,,,,,,,3318.0,,1058.0,105.0,28.0,,,,442.0,419.0,252.0,348.0,32.0,,92.0,8.0,304.0,101.0,13.0
229063,,,,,,,,1205.0,,458.0,,,,,,150.0,21.0,6.0,68.0,5.0,,164.0,,268.0,9.0,5.0
229090,,,,,,,,437.0,,,,,,,,76.0,136.0,75.0,39.0,6.0,,13.0,,86.0,3.0,2.0
229115,,,,,,,,5076.0,,1674.0,208.0,58.0,,,,524.0,60.0,212.0,122.0,7.0,,478.0,5.0,1286.0,157.0,155.0
229160,,,,,,,,405.0,,186.0,,,,,,43.0,15.0,5.0,55.0,5.0,,8.0,2.0,54.0,11.0,
229179,,,,,,,,1439.0,,564.0,,,,,,127.0,53.0,87.0,84.0,13.0,,147.0,,213.0,33.0,22.0
229267,,,,,,,,843.0,,292.0,3.0,,,,,72.0,74.0,41.0,98.0,12.0,,54.0,,107.0,24.0,5.0
229300,,,,,,,,9965.0,,1947.0,,,,,,904.0,491.0,1153.0,311.0,2797.0,,585.0,0.0,1621.0,84.0,26.0
229337,,,,,,,,4551.0,,763.0,14.0,,,,,371.0,16.0,248.0,66.0,1382.0,,267.0,1.0,1326.0,56.0,33.0
229355,,,,,,,,890.0,,447.0,,,,,,47.0,18.0,58.0,118.0,,,59.0,,111.0,6.0,
229407,,,,,,,,57.0,,,,,,,,20.0,19.0,,8.0,,,3.0,,7.0,,
229416,,,,,,,,89.0,,48.0,,,,,,8.0,26.0,1.0,,,,,,2.0,4.0,
229425,,,,,,,,34.0,,5.0,,,,,,3.0,4.0,,2.0,,,2.0,1.0,2.0,1.0,
229504,,,,,,,,245.0,,107.0,,,,,,18.0,9.0,3.0,19.0,,,23.0,,45.0,5.0,
229522,,,,,,,,6.0,,3.0,,,,,,1.0,1.0,,,,,,,1.0,,
229540,,,,,,,,416.0,,141.0,,33.0,,,,40.0,7.0,13.0,26.0,,,34.0,,95.0,13.0,
229656,,,,,,,,27.0,,11.0,,,,,,7.0,2.0,,,,,,2.0,2.0,,
229780,,,,,,,,483.0,,207.0,,,,,,78.0,2.0,3.0,27.0,1.0,,9.0,5.0,142.0,2.0,
229799,,,,,,,,384.0,,202.0,,,,,,56.0,17.0,16.0,11.0,0.0,,23.0,,47.0,1.0,
229814,,,,,,,,860.0,,376.0,,,,,,131.0,40.0,33.0,103.0,9.0,,24.0,3.0,93.0,5.0,0.0
229832,,,,,,,,175.0,,57.0,,3.0,,,,9.0,5.0,5.0,29.0,1.0,,6.0,5.0,29.0,8.0,1.0
229841,,,,,,,,435.0,,221.0,,,,,,31.0,37.0,15.0,11.0,,,32.0,,45.0,7.0,2.0
229887,,,,,,,,122.0,,32.0,,,,,,29.0,7.0,2.0,8.0,1.0,,6.0,,6.0,20.0,
230010,,,,,,,,207.0,,145.0,,,,,,4.0,9.0,6.0,,,,12.0,2.0,20.0,,
230038,,,,,,,,4551.0,,1462.0,53.0,2.0,,,,213.0,627.0,568.0,471.0,54.0,,271.0,15.0,488.0,150.0,40.0
230047,,,,,,,,445.0,,163.0,,,,,,47.0,25.0,29.0,24.0,6.0,,51.0,6.0,51.0,27.0,3.0
230056,,,,,,,,23.0,,13.0,,,,,,1.0,,,,,,,,1.0,,
230065,,,,,,,,28.0,,14.0,,,,,,1.0,3.0,,1.0,,,3.0,4.0,2.0,,
230144,,,,,,,,19.0,,5.0,,,,,,2.0,3.0,,,,,,,5.0,,
230162,,,,,,,,282.0,,154.0,,,,,,22.0,8.0,8.0,13.0,,,14.0,10.0,24.0,8.0,
230171,,,,,,,,863.0,,366.0,,,,,,65.0,54.0,37.0,120.0,2.0,,65.0,4.0,68.0,15.0,2.0
230199,,,,,,,,3.0,,3.0,,,,,,,,,,,,,,,0.0,
230205,,,,,,,,3.0,,3.0,,,,,,,,,,,,,,,,
230214,,,,,,,,23.0,,14.0,,,,,,2.0,,,,,,,3.0,4.0,,
230366,,,,,,,,32.0,,14.0,,,,,,3.0,,,,,,,,4.0,,
230418,,,,,,,,158.0,,92.0,,,,,,31.0,7.0,7.0,4.0,,,,2.0,3.0,,
230490,,,,,,,,238.0,,114.0,,,,,,32.0,6.0,9.0,6.0,,,13.0,2.0,13.0,1.0,
230597,,,,,,,,441.0,,197.0,,,,,,35.0,12.0,18.0,18.0,,,49.0,,39.0,8.0,
230603,,,,,,,,984.0,,375.0,,,,,,76.0,38.0,22.0,68.0,4.0,,30.0,,36.0,49.0,28.0
230621,,,,,,,,33.0,,14.0,,,,,,5.0,2.0,0.0,,2.0,,,2.0,1.0,,
230676,,,,,,,,105.0,,62.0,,,,,,13.0,3.0,2.0,,,,9.0,,8.0,,
230728,,,,,,,,3589.0,,1060.0,25.0,66.0,,,,340.0,237.0,346.0,405.0,27.0,,187.0,3.0,576.0,143.0,28.0
230737,,,,,,,,2723.0,,994.0,,84.0,,,,384.0,94.0,189.0,115.0,10.0,,150.0,9.0,212.0,71.0,28.0
230746,,,,,,,,2011.0,,746.0,,,,,,139.0,89.0,118.0,242.0,8.0,,146.0,2.0,324.0,68.0,5.0
230764,,,,,,,,13348.0,,2377.0,1006.0,947.0,,,,1316.0,1067.0,1214.0,565.0,1261.0,,859.0,84.0,1752.0,280.0,92.0
230782,,,,,,,,1782.0,,733.0,,,,,,208.0,69.0,110.0,42.0,11.0,,134.0,5.0,320.0,26.0,4.0
230807,,,,,,,,464.0,,246.0,,,,,,59.0,19.0,11.0,32.0,6.0,,17.0,7.0,25.0,9.0,9.0
230816,,,,,,,,286.0,,82.0,,,,,,40.0,11.0,7.0,27.0,,,47.0,,38.0,12.0,1.0
230834,,,,,,,,287.0,,121.0,,,,,,37.0,4.0,4.0,24.0,1.0,,38.0,,38.0,,
230852,,,,,,,,467.0,,202.0,,,,,,87.0,44.0,30.0,38.0,3.0,,6.0,,26.0,9.0,
230861,,,,,,,,282.0,,126.0,,,,,,36.0,10.0,4.0,1.0,1.0,,,,51.0,,
230889,,,,,,,,60.0,,18.0,,6.0,,,,19.0,4.0,,,,,,5.0,2.0,,
230913,,,,,,,,309.0,,129.0,,,,,,46.0,4.0,4.0,14.0,,,37.0,,50.0,,
230959,,,,,,,,1132.0,,330.0,,0.0,,,,108.0,91.0,59.0,52.0,17.0,,207.0,1.0,150.0,42.0,17.0
230977,,,,,,,,3.0,,1.0,,,,,,1.0,0.0,,,,,0.0,,,,
230995,,,,,,,,673.0,,243.0,1.0,,,,,71.0,40.0,32.0,63.0,4.0,,65.0,2.0,97.0,11.0,4.0
231004,,,,,,,,17.0,,9.0,,,,,,3.0,1.0,,,,,,,3.0,1.0,
231059,,,,,,,,343.0,,137.0,,2.0,,,,44.0,15.0,13.0,33.0,4.0,,47.0,1.0,29.0,8.0,
231068,,,,,,,,73.0,,8.0,,,,,,12.0,6.0,3.0,3.0,1.0,,1.0,2.0,12.0,,
231095,,,,,,,,51.0,,21.0,,,,,,9.0,2.0,,1.0,1.0,,4.0,,4.0,4.0,
231147,,,,,,,,144.0,,62.0,2.0,1.0,,,,6.0,6.0,7.0,7.0,,,,1.0,15.0,3.0,
231156,,,,,,,,27.0,,,,,,,,11.0,3.0,5.0,1.0,,,,,7.0,,
231165,,,,,,,,264.0,,118.0,,,,,,56.0,2.0,1.0,2.0,2.0,,20.0,,41.0,0.0,
231174,,,,,,,,3434.0,,1020.0,152.0,11.0,,,,92.0,295.0,435.0,156.0,35.0,,258.0,7.0,466.0,122.0,14.0
231280,,,,,,,,12.0,,8.0,,,,,,,1.0,,,,,,1.0,2.0,,
231411,,,,,,,,41.0,,23.0,,,,,,3.0,1.0,1.0,1.0,,,1.0,,1.0,,
231420,,,,,,,,214.0,,65.0,,,,,,26.0,13.0,18.0,32.0,4.0,,11.0,2.0,21.0,6.0,
231536,,,,,,,,224.0,,101.0,,,,,,48.0,10.0,14.0,5.0,,,1.0,,21.0,4.0,
231554,,,,,,,,172.0,,68.0,,,,,,8.0,7.0,4.0,31.0,,,3.0,,4.0,,
231581,,,,,,,,325.0,,122.0,,,,,,34.0,5.0,16.0,52.0,5.0,,16.0,,34.0,14.0,0.0
231624,,,,,,,,2526.0,,749.0,40.0,,,,,96.0,273.0,332.0,173.0,41.0,,235.0,2.0,281.0,85.0,14.0
231651,,,,,,,,605.0,,150.0,,,,,,30.0,39.0,28.0,116.0,,,18.0,,35.0,9.0,
231688,,,,,,,,8.0,,3.0,,,,,,1.0,2.0,,,1.0,,,,1.0,,
231697,,,,,,,,214.0,,101.0,,,,,,34.0,10.0,7.0,4.0,,,9.0,,26.0,8.0,
231712,,,,,,,,1005.0,,346.0,3.0,,,,,79.0,76.0,40.0,52.0,3.0,,216.0,2.0,101.0,44.0,4.0
231721,,,,,,,,7.0,,1.0,,,,,,1.0,1.0,,,,,,1.0,2.0,,
231785,,,,,,,,209.0,,78.0,,,,,,17.0,3.0,4.0,59.0,,,4.0,2.0,20.0,,
231873,,,,,,,,88.0,,36.0,,,,,,29.0,4.0,3.0,1.0,,,1.0,,10.0,2.0,
231882,,,,,,,,152.0,,72.0,,,,,,30.0,3.0,5.0,1.0,3.0,,0.0,1.0,23.0,3.0,
231970,,,,,,,,1172.0,,219.0,50.0,57.0,,,,137.0,77.0,51.0,32.0,100.0,,79.0,7.0,271.0,12.0,9.0
232016,,,,,,,,23.0,,8.0,,,,,,5.0,,,,,,,,9.0,,
232025,,,,,,,,290.0,,124.0,,,,,,30.0,10.0,4.0,46.0,8.0,,16.0,1.0,25.0,6.0,0.0
232043,,,,,,,,319.0,,122.0,1.0,,,,,24.0,24.0,13.0,36.0,3.0,,25.0,11.0,49.0,8.0,1.0
232052,,,,,,,,62.0,,22.0,,,,,,19.0,3.0,2.0,1.0,,,2.0,,5.0,2.0,
232089,,,,,,,,260.0,,71.0,,,,,,42.0,16.0,10.0,45.0,5.0,,27.0,,12.0,9.0,5.0
232186,,,,,,,,4784.0,,1830.0,219.0,,,,,295.0,539.0,366.0,337.0,53.0,,175.0,7.0,414.0,180.0,12.0
232195,,,,,,,,356.0,,168.0,,,,,,67.0,10.0,13.0,6.0,1.0,,15.0,,34.0,8.0,
232256,,,,,,,,335.0,,104.0,,,,,,69.0,2.0,11.0,29.0,1.0,,60.0,,32.0,18.0,
232265,,,,,,,,734.0,,230.0,,,,,,83.0,37.0,15.0,36.0,18.0,,41.0,,79.0,117.0,7.0
232308,,,,,,,,275.0,,98.0,,,,,,35.0,9.0,11.0,10.0,1.0,,31.0,9.0,31.0,17.0,
232414,,,,,,,,490.0,,199.0,,,,,,89.0,12.0,16.0,5.0,,,35.0,,65.0,13.0,1.0
232423,,,,,,,,3321.0,,1146.0,,,,,,364.0,129.0,254.0,249.0,47.0,,389.0,3.0,431.0,147.0,53.0
232450,,,,,,,,389.0,,207.0,,,,,,62.0,9.0,9.0,6.0,,,18.0,0.0,36.0,10.0,
232557,,,,,,,,5602.0,,1750.0,,,,,,225.0,293.0,559.0,746.0,14.0,,534.0,7.0,192.0,11.0,83.0
232566,,,,,,,,776.0,,282.0,,,,,,110.0,43.0,45.0,64.0,5.0,,41.0,2.0,83.0,34.0,13.0
232575,,,,,,,,334.0,,145.0,,,,,,68.0,26.0,17.0,6.0,,,9.0,,33.0,14.0,1.0
232609,,,,,,,,579.0,,220.0,,,,,,36.0,41.0,18.0,79.0,5.0,,90.0,2.0,53.0,6.0,2.0
232618,,,,,,,,43.0,,34.0,,,,,,3.0,3.0,1.0,,,,,,1.0,,
232672,,,,,,,,393.0,,194.0,,,,,,39.0,13.0,11.0,39.0,1.0,,50.0,,22.0,6.0,
232681,,,,,,,,750.0,,280.0,,,,,,81.0,48.0,43.0,67.0,7.0,,64.0,1.0,65.0,38.0,7.0
232706,,,,,,,,429.0,,208.0,,,,,,41.0,35.0,19.0,36.0,2.0,,19.0,,26.0,6.0,
232724,,,,,,,,5.0,,3.0,,,,,,2.0,,,,,,,,,,
232788,,,,,,,,177.0,,74.0,,,,,,35.0,2.0,5.0,2.0,,,14.0,2.0,24.0,5.0,1.0
232797,,,,,,,,46.0,,12.0,,,,,,2.0,,,,,,,20.0,9.0,2.0,
232867,,,,,,,,172.0,,81.0,,,,,,36.0,2.0,12.0,6.0,,,,,23.0,5.0,
232885,,,,,,,,85.0,,47.0,,,,,,10.0,2.0,4.0,5.0,0.0,,,,3.0,0.0,
232919,,,,,,,,63.0,,30.0,,,,,,10.0,,,,,,,,23.0,,
232937,,,,,,,,1108.0,,282.0,,,,,,219.0,56.0,28.0,40.0,,,134.0,2.0,163.0,39.0,12.0
232946,,,,,,,,2099.0,,990.0,,,,,,383.0,93.0,43.0,34.0,,,48.0,,275.0,50.0,1.0
232982,,,,,,,,2687.0,,1037.0,20.0,,,,,156.0,203.0,227.0,245.0,26.0,,218.0,,322.0,61.0,13.0
233019,,,,,,,,201.0,,76.0,,,,,,54.0,1.0,7.0,4.0,,,5.0,,21.0,4.0,1.0
233037,,,,,,,,93.0,,40.0,,,,,,30.0,1.0,3.0,1.0,,,,,13.0,2.0,
233082,,,,,,,,23.0,,10.0,,,,,,9.0,,,,,,,,2.0,,
233116,,,,,,,,280.0,,144.0,,,,,,53.0,3.0,9.0,11.0,,,5.0,,29.0,6.0,
233277,,,,,,,,1450.0,,590.0,,,,,,176.0,73.0,65.0,104.0,14.0,,110.0,9.0,173.0,56.0,13.0
233286,,,,,,,,19.0,,11.0,,,,,,3.0,0.0,,,,,,1.0,1.0,0.0,
233295,,,,,,,,411.0,,137.0,,,,,,43.0,24.0,16.0,50.0,9.0,,54.0,,28.0,9.0,
233301,,,,,,,,231.0,,67.0,,,,,,28.0,15.0,11.0,33.0,2.0,,30.0,,25.0,8.0,1.0
233310,,,,,,,,173.0,,72.0,,,,,,41.0,5.0,4.0,4.0,,,6.0,,19.0,6.0,
233329,,,,,,,,34.0,,17.0,,,,,,6.0,4.0,,4.0,,,,,2.0,,
233338,,,,,,,,135.0,,47.0,,,,,,11.0,2.0,5.0,6.0,,,19.0,,19.0,7.0,
233356,,,,,,,,82.0,,33.0,,,,,,18.0,3.0,7.0,7.0,,,2.0,,6.0,,
233374,,,,,,,,1690.0,,494.0,5.0,,,,,156.0,130.0,70.0,115.0,16.0,,299.0,8.0,199.0,63.0,5.0
233408,,,,,,,,61.0,,36.0,,,,,,13.0,4.0,2.0,,,,,,4.0,,
233426,,,,,,,,419.0,,173.0,,,,,,35.0,19.0,12.0,34.0,3.0,,60.0,1.0,55.0,13.0,1.0
233480,,,,,,,,7.0,,3.0,,,,,,3.0,,,,,,,,1.0,,
233541,,,,,,,,735.0,,319.0,,,,,,73.0,28.0,31.0,74.0,10.0,,41.0,,85.0,15.0,3.0
233602,,,,,,,,29.0,,9.0,,,,,,2.0,1.0,,,,,10.0,2.0,3.0,,
233611,,,,,,,,213.0,,69.0,1.0,,,,,5.0,21.0,7.0,56.0,4.0,,14.0,11.0,18.0,,
233639,,,,,,,,184.0,,81.0,,,,,,39.0,3.0,6.0,5.0,,,13.0,,15.0,6.0,
233648,,,,,,,,197.0,,77.0,,,,,,45.0,20.0,6.0,2.0,,,7.0,,31.0,4.0,
233666,,,,,,,,14.0,,3.0,,,,,,3.0,1.0,,,,,1.0,1.0,2.0,,
233718,,,,,,,,155.0,,39.0,,,,,,17.0,3.0,6.0,16.0,,,27.0,,29.0,8.0,
233754,,,,,,,,362.0,,186.0,,,,,,53.0,8.0,13.0,6.0,0.0,,8.0,,38.0,14.0,
233772,,,,,,,,1052.0,,476.0,,,,,,178.0,32.0,42.0,28.0,,,63.0,,117.0,38.0,6.0
233842,,,,,,,,88.0,,26.0,,,,,,21.0,2.0,1.0,2.0,,,8.0,,13.0,2.0,
233897,,,,,,,,337.0,,116.0,1.0,,,,,50.0,17.0,11.0,46.0,4.0,,33.0,2.0,36.0,15.0,
233903,,,,,,,,134.0,,65.0,,,,,,25.0,3.0,4.0,2.0,,,8.0,,13.0,4.0,
233921,,,,,,,,8253.0,,2186.0,651.0,167.0,,,,206.0,1635.0,708.0,210.0,119.0,,543.0,,1251.0,392.0,67.0
233949,,,,,,,,320.0,,139.0,,,,,,68.0,25.0,20.0,5.0,0.0,,8.0,,26.0,10.0,1.0
234030,,,,,,,,6544.0,,2448.0,256.0,42.0,,,,413.0,786.0,503.0,549.0,323.0,,193.0,,418.0,204.0,
234076,,,,,,,,9874.0,,2527.0,338.0,,,,,1284.0,867.0,1541.0,432.0,163.0,,636.0,22.0,986.0,676.0,124.0
234085,,,,,,,,601.0,,157.0,,,,,,67.0,30.0,36.0,54.0,14.0,,61.0,8.0,75.0,42.0,40.0
234119,,,,,,,,30.0,,17.0,,,,,,8.0,,,,,,,,5.0,,
234137,,,,,,,,48.0,,10.0,,,,,,2.0,3.0,2.0,6.0,1.0,,3.0,,4.0,1.0,1.0
234155,,,,,,,,788.0,,322.0,12.0,31.0,,,,85.0,60.0,33.0,29.0,5.0,,,,134.0,10.0,3.0
234164,,,,,,,,272.0,,103.0,,,,,,42.0,12.0,5.0,18.0,1.0,,29.0,1.0,30.0,7.0,1.0
234173,,,,,,,,246.0,,104.0,,,,,,22.0,4.0,9.0,32.0,,,16.0,0.0,19.0,,
234207,,,,,,,,956.0,,281.0,,,,,,61.0,62.0,58.0,125.0,9.0,,180.0,8.0,101.0,46.0,
234377,,,,,,,,117.0,,53.0,,,,,,33.0,2.0,2.0,1.0,,,4.0,,15.0,3.0,
234669,,,,,,,,832.0,,336.0,,,,,,163.0,12.0,26.0,4.0,,,52.0,3.0,166.0,47.0,1.0
234696,,,,,,,,219.0,,82.0,,,,,,8.0,6.0,8.0,2.0,1.0,,16.0,,74.0,5.0,
234711,,,,,,,,219.0,,71.0,,,,,,31.0,7.0,8.0,7.0,,,22.0,1.0,29.0,8.0,1.0
234827,,,,,,,,1575.0,,578.0,4.0,3.0,,,,123.0,137.0,95.0,161.0,18.0,,143.0,2.0,215.0,61.0,
234845,,,,,,,,250.0,,78.0,,,,,,49.0,10.0,7.0,23.0,,,23.0,1.0,46.0,4.0,0.0
234915,,,,,,,,267.0,,140.0,2.0,,,,,5.0,12.0,12.0,,,,2.0,,32.0,,
234924,,,,,,,,28.0,,13.0,,,,,,2.0,,,,,,,3.0,9.0,1.0,
234933,,,,,,,,753.0,,350.0,,,,,,54.0,36.0,38.0,30.0,0.0,,46.0,6.0,123.0,15.0,0.0
234951,,,,,,,,270.0,,120.0,,,,,,17.0,32.0,9.0,4.0,2.0,,8.0,2.0,19.0,26.0,1.0
234979,,,,,,,,450.0,,187.0,,,,,,52.0,7.0,12.0,4.0,,,14.0,2.0,137.0,29.0,2.0
235024,,,,,,,,143.0,,64.0,,,,,,19.0,7.0,5.0,8.0,,,6.0,1.0,12.0,3.0,1.0
235088,,,,,,,,41.0,,18.0,,,,,,9.0,1.0,,1.0,,,1.0,3.0,1.0,,
235097,,,,,,,,1266.0,,489.0,,,,,,138.0,52.0,59.0,91.0,6.0,,131.0,3.0,133.0,57.0,15.0
235103,,,,,,,,623.0,,184.0,,,,,,61.0,14.0,25.0,61.0,1.0,,3.0,,206.0,43.0,1.0
235149,,,,,,,,557.0,,249.0,,,,,,78.0,17.0,17.0,16.0,,,34.0,0.0,58.0,14.0,
235158,,,,,,,,22.0,,11.0,,,,,,3.0,2.0,,,,,1.0,2.0,2.0,,
235167,,,,,,,,572.0,,135.0,,,,,,66.0,53.0,51.0,60.0,4.0,,65.0,,73.0,19.0,3.0
235237,,,,,,,,586.0,,227.0,,,,,,54.0,59.0,19.0,9.0,,,43.0,,146.0,10.0,1.0
235307,,,,,,,,15.0,,7.0,,,,,,1.0,1.0,,,,,,,2.0,1.0,
235316,,,,,,,,1393.0,,544.0,,,,,,257.0,79.0,41.0,86.0,2.0,,121.0,,206.0,41.0,6.0
235334,,,,,,,,175.0,,72.0,,,,,,24.0,4.0,7.0,1.0,,,2.0,,46.0,11.0,
235343,,,,,,,,597.0,,235.0,,,,,,163.0,16.0,19.0,8.0,,,30.0,3.0,96.0,7.0,2.0
235352,,,,,,,,16.0,,5.0,,,,,,1.0,2.0,,,,,,2.0,4.0,,
235422,,,,,,,,239.0,,129.0,,,,,,15.0,,7.0,1.0,,,23.0,,57.0,,
235431,,,,,,,,544.0,,217.0,,,,,,133.0,11.0,22.0,49.0,,,33.0,1.0,50.0,2.0,2.0
235501,,,,,,,,40.0,,19.0,,,,,,5.0,2.0,,,,,,7.0,6.0,,
235547,,,,,,,,233.0,,76.0,5.0,,,,,33.0,16.0,9.0,1.0,15.0,,28.0,0.0,32.0,2.0,
235583,,,,,,,,23.0,,8.0,,,,,,4.0,1.0,,,,,2.0,4.0,3.0,,1.0
235671,,,,,,,,231.0,,76.0,,,,,,38.0,4.0,,,,,48.0,,63.0,,
235699,,,,,,,,286.0,,143.0,,,,,,40.0,13.0,6.0,24.0,2.0,,16.0,,25.0,5.0,
235750,,,,,,,,350.0,,108.0,,,,,,47.0,20.0,6.0,3.0,1.0,,7.0,,49.0,18.0,
236018,,,,,,,,10.0,,7.0,,,,,,1.0,,,,,,,,2.0,,
236072,,,,,,,,364.0,,156.0,,,,,,49.0,7.0,11.0,1.0,1.0,,33.0,2.0,66.0,2.0,4.0
236133,,,,,,,,275.0,,111.0,,,,,,26.0,16.0,12.0,14.0,3.0,,,21.0,56.0,0.0,
236188,,,,,,,,526.0,,252.0,,,,,,44.0,19.0,18.0,10.0,7.0,,33.0,,82.0,26.0,
236212,,,,,,,,130.0,,54.0,,,,,,18.0,2.0,5.0,3.0,,,13.0,5.0,28.0,,
236230,,,,,,,,638.0,,232.0,,,,,,94.0,15.0,23.0,56.0,5.0,,78.0,5.0,99.0,10.0,8.0
236258,,,,,,,,211.0,,78.0,,,,,,40.0,6.0,10.0,2.0,11.0,,3.0,1.0,40.0,13.0,
236328,,,,,,,,646.0,,243.0,,,,,,45.0,25.0,44.0,59.0,6.0,,73.0,3.0,79.0,17.0,
236382,,,,,,,,259.0,,110.0,,,,,,44.0,19.0,9.0,10.0,1.0,,28.0,,27.0,,
236452,,,,,,,,301.0,,128.0,,,,,,15.0,17.0,14.0,23.0,6.0,,29.0,,21.0,3.0,
236504,,,,,,,,327.0,,125.0,,,,,,57.0,6.0,11.0,1.0,1.0,,32.0,3.0,59.0,4.0,1.0
236513,,,,,,,,675.0,,257.0,,,,,,130.0,33.0,36.0,2.0,3.0,,49.0,1.0,124.0,1.0,6.0
236577,,,,,,,,664.0,,287.0,,,,,,46.0,14.0,29.0,,2.0,,40.0,,232.0,,
236595,,,,,,,,1384.0,,578.0,,,,,,108.0,149.0,71.0,182.0,13.0,,77.0,,110.0,22.0,
236610,,,,,,,,427.0,,195.0,,,,,,58.0,12.0,16.0,3.0,1.0,,20.0,1.0,79.0,19.0,2.0
236638,,,,,,,,417.0,,125.0,,,,,,65.0,13.0,15.0,1.0,1.0,,30.0,3.0,40.0,7.0,
236656,,,,,,,,368.0,,139.0,,,,,,97.0,12.0,16.0,2.0,,,3.0,,55.0,29.0,
236692,,,,,,,,728.0,,365.0,,0.0,,,,38.0,12.0,9.0,23.0,2.0,,96.0,,55.0,49.0,
236708,,,,,,,,389.0,,184.0,,,,,,19.0,3.0,1.0,17.0,,,46.0,1.0,31.0,37.0,
236744,,,,,,,,8.0,,4.0,,,,,,1.0,1.0,,,,,,,1.0,,
236753,,,,,,,,595.0,,265.0,2.0,0.0,,,,70.0,12.0,22.0,44.0,3.0,,39.0,4.0,102.0,14.0,2.0
236887,,,,,,,,336.0,,143.0,,,,,,38.0,14.0,11.0,19.0,,,18.0,3.0,54.0,8.0,
236896,,,,,,,,271.0,,115.0,,,,,,36.0,10.0,14.0,3.0,1.0,,12.0,,37.0,9.0,
236939,,,,,,,,6140.0,,1499.0,299.0,85.0,,,,371.0,729.0,786.0,581.0,184.0,,467.0,4.0,525.0,222.0,64.0
236948,,,,,,,,19051.0,,5102.0,3251.0,,,,,837.0,2941.0,1258.0,499.0,1607.0,,850.0,2.0,1104.0,339.0,130.0
236975,,,,,,,,249.0,,121.0,,,,,,23.0,8.0,12.0,24.0,,,13.0,,32.0,6.0,
237011,,,,,,,,1886.0,,759.0,,,,,,68.0,184.0,169.0,60.0,27.0,,42.0,,409.0,76.0,14.0
237039,,,,,,,,350.0,,142.0,,,,,,57.0,7.0,9.0,,,,36.0,6.0,64.0,9.0,
237057,,,,,,,,466.0,,184.0,5.0,,,,,57.0,18.0,25.0,26.0,3.0,,51.0,1.0,49.0,15.0,1.0
237066,,,,,,,,530.0,,222.0,,,,,,68.0,24.0,26.0,65.0,9.0,,41.0,1.0,49.0,9.0,4.0
237109,,,,,,,,403.0,,182.0,,,,,,36.0,12.0,3.0,2.0,,,7.0,3.0,106.0,29.0,
237118,,,,,,,,200.0,,61.0,,,,,,20.0,5.0,4.0,31.0,8.0,,30.0,,33.0,,
237127,,,,,,,,4.0,,2.0,,,,,,1.0,,,,,,,,1.0,,
237136,,,,,,,,47.0,,19.0,,,,,,15.0,,,1.0,,,2.0,,5.0,2.0,
237145,,,,,,,,4.0,,3.0,,,,,,,,,,,,,,1.0,,
237172,,,,,,,,11.0,,3.0,,,,,,,,,,,,4.0,,1.0,,
237181,,,,,,,,164.0,,52.0,,,,,,11.0,7.0,4.0,23.0,2.0,,20.0,3.0,5.0,12.0,1.0
237215,,,,,,,,162.0,,76.0,,,,,,29.0,7.0,6.0,11.0,1.0,,8.0,,19.0,3.0,
237242,,,,,,,,26.0,,14.0,,,,,,,,,1.0,3.0,,,,,6.0,0.0
237303,,,,,,,,8.0,,4.0,,,,,,1.0,0.0,,,,,,,1.0,1.0,
237312,,,,,,,,371.0,,150.0,,,,,,34.0,4.0,12.0,40.0,,,54.0,2.0,28.0,,
237321,,,,,,,,9.0,,4.0,,,,,,2.0,2.0,,,,,,,1.0,,
237330,,,,,,,,238.0,,99.0,,,,,,27.0,4.0,9.0,23.0,6.0,,16.0,,37.0,11.0,1.0
237358,,,,,,,,176.0,,57.0,0.0,,,,,8.0,6.0,4.0,27.0,4.0,,21.0,,12.0,,2.0
237367,,,,,,,,455.0,,209.0,,,,,,75.0,9.0,23.0,39.0,1.0,,20.0,,54.0,15.0,
237385,,,,,,,,227.0,,72.0,,,,,,18.0,12.0,7.0,35.0,4.0,,20.0,,22.0,9.0,6.0
237437,,,,,,,,33.0,,17.0,,,,,,2.0,1.0,1.0,,,,1.0,1.0,8.0,,
237473,,,,,,,,16.0,,12.0,,,,,,1.0,,,,,,,,1.0,,
237491,,,,,,,,22.0,,17.0,,,,,,1.0,,,,,,2.0,,1.0,,
237525,,,,,,,,1802.0,,896.0,10.0,1.0,,,,106.0,101.0,102.0,165.0,1.0,,116.0,,137.0,69.0,
237543,,,,,,,,16.0,,6.0,,,,,,2.0,1.0,,,,,3.0,,1.0,,
237552,,,,,,,,16.0,,5.0,,,,,,2.0,2.0,,,,,3.0,1.0,1.0,2.0,
237561,,,,,,,,24.0,,8.0,,,,,,4.0,1.0,,,,,3.0,,3.0,,
237570,,,,,,,,12.0,,8.0,,,,,,1.0,1.0,1.0,0.0,,,1.0,,,,
237598,,,,,,,,7.0,,2.0,,,,,,2.0,1.0,,,,,,,1.0,,
237640,,,,,,,,80.0,,29.0,,,,,,5.0,2.0,1.0,15.0,,,6.0,3.0,4.0,1.0,
237686,,,,,,,,208.0,,102.0,,,,,,23.0,3.0,7.0,9.0,,,13.0,,37.0,6.0,1.0
237701,,,,,,,,166.0,,58.0,,,,,,23.0,2.0,4.0,17.0,2.0,,25.0,,17.0,10.0,1.0
237729,,,,,,,,13.0,,11.0,,,,,,1.0,,,,,,,,1.0,,
237783,,,,,,,,127.0,,42.0,,,,,,9.0,6.0,1.0,19.0,,,5.0,15.0,5.0,8.0,
237792,,,,,,,,434.0,,176.0,,1.0,,,,53.0,19.0,14.0,35.0,5.0,,37.0,,56.0,13.0,
237817,,,,,,,,160.0,,69.0,,,,,,24.0,6.0,7.0,15.0,,,3.0,,25.0,7.0,
237844,,,,,,,,60.0,,20.0,,,,,,1.0,1.0,3.0,,16.0,,9.0,,4.0,7.0,
237880,,,,,,,,294.0,,63.0,5.0,,,,,49.0,15.0,36.0,27.0,5.0,,28.0,,45.0,9.0,
237899,,,,,,,,303.0,,119.0,,,,,,50.0,9.0,8.0,32.0,3.0,,8.0,,54.0,12.0,1.0
237905,,,,,,,,12.0,,10.0,,,,,,1.0,,,,,,,,1.0,,
237932,,,,,,,,343.0,,185.0,,,,,,36.0,6.0,6.0,36.0,6.0,,13.0,,31.0,11.0,
237950,,,,,,,,231.0,,100.0,,,,,,26.0,4.0,4.0,28.0,2.0,,24.0,,28.0,12.0,
237969,,,,,,,,241.0,,81.0,,,,,,29.0,4.0,7.0,39.0,5.0,,33.0,1.0,15.0,12.0,2.0
237987,,,,,,,,20.0,,10.0,,,,,,3.0,2.0,1.0,,,,,2.0,2.0,,
237996,,,,,,,,50.0,,22.0,,,,,,6.0,5.0,4.0,,,,,10.0,2.0,,
238005,,,,,,,,14.0,,5.0,,,,,,2.0,1.0,,,,,,,3.0,,
238014,,,,,,,,148.0,,70.0,,,,,,17.0,5.0,8.0,5.0,,,7.0,,24.0,5.0,
238032,,,,,,,,5826.0,,1494.0,79.0,1062.0,,,,698.0,258.0,438.0,425.0,62.0,,412.0,3.0,507.0,243.0,39.0
238078,,,,,,,,118.0,,47.0,,2.0,,,,9.0,12.0,3.0,15.0,4.0,,11.0,,5.0,,1.0
238096,,,,,,,,4.0,,3.0,,,,,,,,,,,,,,1.0,,
238175,,,,,,,,23.0,,10.0,,,,,,2.0,1.0,,1.0,,,5.0,,5.0,,
238193,,,,,,,,334.0,,144.0,,,,,,74.0,5.0,16.0,26.0,1.0,,8.0,,22.0,2.0,1.0
238263,,,,,,,,1358.0,,658.0,,,,,,104.0,59.0,64.0,86.0,,,84.0,,155.0,,
238324,,,,,,,,65.0,,22.0,1.0,,,,,20.0,1.0,2.0,1.0,,,2.0,,7.0,,
238333,,,,,,,,303.0,,93.0,,,,,,47.0,29.0,11.0,20.0,3.0,,42.0,,38.0,11.0,
238397,,,,,,,,309.0,,154.0,,,,,,35.0,20.0,11.0,10.0,,,7.0,,36.0,6.0,4.0
238430,,,,,,,,241.0,,117.0,,,,,,40.0,11.0,6.0,14.0,1.0,,11.0,,24.0,,
238458,,,,,,,,523.0,,230.0,,,,,,60.0,27.0,19.0,64.0,6.0,,35.0,,45.0,10.0,3.0
238476,,,,,,,,403.0,,196.0,,,,,,45.0,23.0,15.0,57.0,1.0,,24.0,,29.0,3.0,
238616,,,,,,,,725.0,,352.0,1.0,,,,,113.0,5.0,20.0,59.0,19.0,,41.0,22.0,88.0,1.0,
238661,,,,,,,,356.0,,141.0,,,,,,35.0,21.0,18.0,50.0,3.0,,32.0,,18.0,,
238722,,,,,,,,951.0,,478.0,,,,,,126.0,26.0,67.0,9.0,,,22.0,,131.0,7.0,
238759,,,,,,,,653.0,,279.0,,,,,,64.0,25.0,44.0,57.0,2.0,,35.0,,87.0,7.0,8.0
238810,,,,,,,,6.0,,4.0,,,,,,1.0,0.0,,,,,,,0.0,,
238980,,,,,,,,272.0,,99.0,,,,,,43.0,4.0,8.0,28.0,,,43.0,,10.0,,
239008,,,,,,,,274.0,,115.0,,,,,,59.0,8.0,16.0,9.0,2.0,,6.0,,44.0,,
239017,,,,,,,,487.0,,178.0,,,,,,49.0,27.0,27.0,42.0,2.0,,48.0,,53.0,13.0,1.0
239071,,,,,,,,144.0,,49.0,1.0,,,,,23.0,1.0,5.0,3.0,2.0,,15.0,1.0,22.0,5.0,1.0
239080,,,,,,,,235.0,,100.0,,,,,,35.0,7.0,4.0,40.0,,,26.0,,22.0,,
239105,,,,,,,,2410.0,,880.0,34.0,12.0,,,,85.0,218.0,161.0,278.0,31.0,,295.0,3.0,284.0,50.0,7.0
239169,,,,,,,,5471.0,,1836.0,,,,,,553.0,714.0,510.0,11.0,744.0,,248.0,,823.0,20.0,
239220,,,,,,,,246.0,,114.0,,,,,,40.0,11.0,13.0,19.0,,,11.0,,24.0,,
239248,,,,,,,,1473.0,,658.0,,,,,,157.0,38.0,39.0,58.0,,,153.0,10.0,129.0,12.0,10.0
239309,,,,,,,,176.0,,87.0,,,,,,23.0,11.0,4.0,13.0,,,9.0,,6.0,2.0,
239318,,,,,,,,451.0,,190.0,,,,,,39.0,16.0,35.0,31.0,2.0,,45.0,,32.0,15.0,1.0
239372,,,,,,,,430.0,,173.0,,,,,,73.0,13.0,7.0,5.0,,,20.0,2.0,108.0,5.0,1.0
239390,,,,,,,,218.0,,100.0,,,,,,34.0,10.0,12.0,16.0,,,6.0,,17.0,5.0,
239424,,,,,,,,31.0,,11.0,,,,,,2.0,2.0,1.0,,,,6.0,1.0,2.0,,
239442,,,,,,,,175.0,,64.0,,,,,,27.0,4.0,9.0,10.0,,,4.0,,17.0,3.0,
239460,,,,,,,,409.0,,184.0,,,,,,49.0,37.0,9.0,16.0,,,15.0,1.0,42.0,7.0,
239488,,,,,,,,797.0,,349.0,2.0,,,,,70.0,56.0,45.0,39.0,4.0,,6.0,10.0,156.0,17.0,1.0
239512,,,,,,,,131.0,,50.0,4.0,,,,,20.0,9.0,4.0,17.0,4.0,,,,6.0,,
239628,,,,,,,,147.0,,59.0,,,,,,23.0,8.0,4.0,32.0,,,6.0,,8.0,,
239637,,,,,,,,41.0,,13.0,,,,,,7.0,3.0,1.0,,,,5.0,,6.0,,
239716,,,,,,,,553.0,,138.0,,,,,,78.0,45.0,18.0,53.0,3.0,,114.0,,75.0,12.0,
239877,,,,,,,,7.0,,3.0,,,,,,1.0,2.0,,,,,,,0.0,,
239910,,,,,,,,222.0,,92.0,4.0,1.0,,,,15.0,12.0,12.0,,,,44.0,11.0,6.0,18.0,
240107,,,,,,,,365.0,,158.0,,,,,,32.0,16.0,10.0,54.0,0.0,,23.0,,30.0,6.0,
240116,,,,,,,,552.0,,301.0,,6.0,,,,42.0,19.0,28.0,38.0,0.0,,18.0,1.0,72.0,12.0,
240125,,,,,,,,641.0,,358.0,,,,,,62.0,20.0,14.0,35.0,1.0,,18.0,2.0,84.0,18.0,
240170,,,,,,,,617.0,,269.0,,,,,,62.0,1.0,17.0,4.0,,,36.0,1.0,222.0,1.0,
240189,,,,,,,,1142.0,,508.0,1.0,,,,,75.0,50.0,54.0,150.0,9.0,,108.0,,121.0,35.0,9.0
240198,,,,,,,,510.0,,311.0,,,,,,49.0,4.0,6.0,25.0,2.0,,21.0,3.0,56.0,,
240213,,,,,,,,11.0,,5.0,,,,,,3.0,,,,,,,,3.0,,
240268,,,,,,,,1152.0,,482.0,2.0,,,,,67.0,61.0,89.0,168.0,9.0,,93.0,,113.0,25.0,11.0
240277,,,,,,,,712.0,,282.0,1.0,,,,,60.0,29.0,49.0,112.0,,,56.0,,65.0,19.0,6.0
240329,,,,,,,,1170.0,,510.0,,,,,,80.0,55.0,58.0,118.0,14.0,,140.0,4.0,117.0,31.0,7.0
240338,,,,,,,,178.0,,81.0,,,,,,30.0,9.0,4.0,23.0,0.0,,3.0,,7.0,,
240365,,,,,,,,1210.0,,460.0,,,,,,106.0,57.0,60.0,212.0,6.0,,103.0,1.0,125.0,29.0,6.0
240374,,,,,,,,472.0,,194.0,,,,,,43.0,28.0,25.0,60.0,4.0,,25.0,,55.0,14.0,7.0
240392,,,,,,,,448.0,,163.0,,,,,,27.0,14.0,19.0,,,,1.0,11.0,4.0,,
240417,,,,,,,,937.0,,357.0,,,,,,71.0,55.0,66.0,96.0,11.0,,97.0,,107.0,30.0,15.0
240426,,,,,,,,344.0,,123.0,2.0,,,,,39.0,28.0,26.0,50.0,,,6.0,,38.0,11.0,7.0
240435,,,,,,,,503.0,,,,,,,,105.0,121.0,175.0,65.0,,,,,34.0,,
240444,,,,,,,,16994.0,,4088.0,1212.0,92.0,,,,817.0,1871.0,3402.0,1685.0,590.0,,1202.0,1.0,1122.0,459.0,118.0
240453,,,,,,,,3030.0,,1196.0,76.0,,,,,196.0,280.0,270.0,373.0,16.0,,214.0,1.0,249.0,61.0,27.0
240462,,,,,,,,910.0,,319.0,1.0,,,,,85.0,62.0,67.0,100.0,7.0,,102.0,,110.0,19.0,10.0
240471,,,,,,,,621.0,,255.0,,,,,,54.0,38.0,46.0,73.0,0.0,,44.0,,61.0,21.0,7.0
240480,,,,,,,,1013.0,,355.0,3.0,,,,,80.0,56.0,71.0,135.0,10.0,,123.0,,90.0,41.0,11.0
240505,,,,,,,,436.0,,190.0,,,,,,36.0,12.0,14.0,31.0,3.0,,52.0,,51.0,13.0,
240514,,,,,,,,230.0,,69.0,,,,,,28.0,3.0,11.0,25.0,1.0,,32.0,,26.0,5.0,
240596,,,,,,,,143.0,,56.0,,4.0,,,,19.0,5.0,4.0,4.0,,,23.0,2.0,12.0,4.0,0.0
240620,,,,,,,,452.0,,167.0,,,,,,46.0,16.0,14.0,24.0,1.0,,42.0,,49.0,10.0,2.0
240657,,,,,,,,185.0,,75.0,,,,,,16.0,5.0,7.0,14.0,0.0,,19.0,,26.0,10.0,1.0
240666,,,,,,,,323.0,,143.0,,,,,,27.0,17.0,13.0,7.0,2.0,,41.0,,21.0,1.0,1.0
240693,,,,,,,,316.0,,153.0,,,,,,28.0,3.0,20.0,12.0,1.0,,28.0,3.0,37.0,6.0,3.0
240709,,,,,,,,12.0,,7.0,,,,,,2.0,2.0,,,,,,,,,
240718,,,,,,,,108.0,,31.0,,,,,,22.0,4.0,1.0,,,,4.0,24.0,4.0,3.0,
240727,,,,,,,,2887.0,,721.0,186.0,101.0,,,,118.0,291.0,217.0,255.0,106.0,,231.0,13.0,237.0,111.0,75.0
240736,,,,,,,,282.0,,80.0,12.0,7.0,,,,23.0,19.0,18.0,16.0,,,25.0,3.0,22.0,16.0,
240745,,,,,,,,250.0,,70.0,,,,,,34.0,23.0,10.0,1.0,1.0,,,1.0,38.0,9.0,2.0
240754,,,,,,,,592.0,,177.0,26.0,14.0,,,,36.0,35.0,49.0,58.0,3.0,,22.0,2.0,86.0,37.0,1.0
240790,,,,,,,,154.0,,42.0,,5.0,,,,18.0,,7.0,12.0,,,,,60.0,1.0,
240879,,,,,,,,27.0,,5.0,,,,,,2.0,6.0,1.0,,,,2.0,3.0,3.0,2.0,
240985,,,,,,,,12.0,,4.0,,,,,,2.0,2.0,,,,,,,1.0,1.0,
241100,,,,,,,,74.0,,17.0,,,,,,18.0,1.0,5.0,1.0,,,5.0,,20.0,,3.0
241128,,,,,,,,49.0,,21.0,,,,,,3.0,,1.0,1.0,,,9.0,,11.0,,2.0
241146,,,,,,,,56.0,,19.0,,,,,,10.0,3.0,1.0,,0.0,,,6.0,13.0,3.0,
241182,,,,,,,,41.0,,13.0,,,,,,3.0,2.0,2.0,1.0,,,4.0,4.0,3.0,,1.0
241191,,,,,,,,132.0,,50.0,,,,,,28.0,2.0,2.0,,1.0,,13.0,,29.0,5.0,
241216,,,,,,,,116.0,,68.0,,,,,,3.0,,3.0,2.0,,,2.0,,14.0,,
241225,,,,,,,,136.0,,52.0,,,,,,19.0,5.0,6.0,8.0,1.0,,,5.0,15.0,6.0,1.0
241304,,,,,,,,109.0,,53.0,,,,,,27.0,1.0,3.0,9.0,,,2.0,3.0,4.0,2.0,
241331,,,,,,,,251.0,,116.0,,,,,,55.0,7.0,9.0,,,,6.0,3.0,35.0,,
241377,,,,,,,,109.0,,48.0,,,,,,17.0,6.0,4.0,8.0,1.0,,,1.0,17.0,2.0,
241386,,,,,,,,15.0,,10.0,,,,,,,,1.0,1.0,,,,,3.0,,
241395,,,,,,,,81.0,,33.0,,,,,,17.0,,5.0,1.0,0.0,,4.0,,17.0,1.0,1.0
241410,,,,,,,,713.0,,261.0,,,,,,108.0,14.0,31.0,25.0,4.0,,48.0,6.0,180.0,17.0,4.0
241517,,,,,,,,60.0,,15.0,,,,,,16.0,13.0,,2.0,,,6.0,2.0,4.0,,1.0
241614,,,,,,,,53.0,,30.0,,,,,,8.0,3.0,,,,,,,4.0,2.0,
241720,,,,,,,,141.0,,57.0,,,,,,12.0,6.0,7.0,3.0,,,8.0,,25.0,7.0,
241739,,,,,,,,627.0,,327.0,,,,,,45.0,61.0,11.0,3.0,1.0,,21.0,1.0,126.0,,
241766,,,,,,,,119.0,,48.0,,,,,,16.0,9.0,3.0,3.0,,,10.0,,18.0,,
241793,,,,,,,,37.0,,9.0,,,,,,3.0,1.0,,,,,,,2.0,8.0,
241836,,,,,,,,106.0,,33.0,,,,,,16.0,6.0,3.0,1.0,,,13.0,5.0,11.0,8.0,
241906,,,,,,,,40.0,,21.0,,,,,,1.0,1.0,,,,,3.0,,12.0,2.0,
241951,,,,,,,,72.0,,32.0,1.0,1.0,,,,11.0,2.0,2.0,3.0,,,5.0,,9.0,1.0,
242042,,,,,,,,63.0,,45.0,,,,,,1.0,,,2.0,,,,,9.0,3.0,
242060,,,,,,,,265.0,,,,,,,,100.0,44.0,34.0,4.0,,,4.0,,58.0,2.0,4.0
242112,,,,,,,,100.0,,44.0,,,,,,21.0,3.0,3.0,1.0,,,4.0,5.0,10.0,5.0,1.0
242121,,,,,,,,30.0,,10.0,,,,,,5.0,1.0,,,,,,,1.0,2.0,
242130,,,,,,,,32.0,,15.0,,,,,,1.0,,1.0,1.0,,,,4.0,5.0,1.0,
242149,,,,,,,,32.0,,15.0,,,,,,1.0,,1.0,1.0,,,,4.0,5.0,1.0,1.0
242413,,,,,,,,12.0,,4.0,,,,,,3.0,2.0,,,,,,1.0,,1.0,
242556,,,,,,,,49.0,,32.0,,,,,,1.0,2.0,1.0,3.0,1.0,,1.0,,7.0,,
242565,,,,,,,,46.0,,32.0,,,,,,9.0,,,,,,,,,4.0,
242583,,,,,,,,54.0,,32.0,,,,,,1.0,,1.0,1.0,,,4.0,,10.0,,
242617,,,,,,,,364.0,,141.0,,9.0,,,,39.0,6.0,21.0,3.0,0.0,,48.0,,76.0,1.0,
242626,,,,,,,,261.0,,118.0,,3.0,,,,35.0,2.0,15.0,1.0,,,14.0,1.0,47.0,,
242635,,,,,,,,280.0,,112.0,,16.0,,,,32.0,5.0,19.0,3.0,,,10.0,1.0,49.0,,
242644,,,,,,,,125.0,,51.0,,4.0,,,,18.0,1.0,15.0,2.0,,,11.0,,19.0,,
242653,,,,,,,,609.0,,280.0,1.0,9.0,,,,57.0,10.0,14.0,8.0,1.0,,26.0,3.0,92.0,4.0,
242662,,,,,,,,313.0,,119.0,,7.0,,,,36.0,5.0,25.0,6.0,,,25.0,1.0,54.0,1.0,1.0
242671,,,,,,,,244.0,,,1.0,16.0,,,,72.0,37.0,15.0,6.0,,,13.0,2.0,76.0,4.0,1.0
242680,,,,,,,,148.0,,62.0,,4.0,,,,21.0,1.0,10.0,2.0,,,11.0,,32.0,,
242699,,,,,,,,139.0,,65.0,,4.0,,,,20.0,2.0,6.0,4.0,,,8.0,,25.0,2.0,
242705,,,,,,,,247.0,,129.0,1.0,,,,,27.0,2.0,17.0,4.0,,,10.0,1.0,44.0,5.0,
242723,,,,,,,,117.0,,40.0,,5.0,,,,18.0,2.0,1.0,4.0,,,13.0,,18.0,3.0,
242750,,,,,,,,14.0,,6.0,,,,,,1.0,1.0,,,,,,2.0,3.0,1.0,
242820,,,,,,,,51.0,,19.0,,,,,,8.0,2.0,3.0,,,,2.0,2.0,12.0,,
242945,,,,,,,,31.0,,8.0,,,,,,5.0,1.0,1.0,1.0,,,1.0,2.0,6.0,2.0,
242954,,,,,,,,5.0,,2.0,,,,,,1.0,,,,,,,,1.0,0.0,
242972,,,,,,,,1900.0,,697.0,,,,,,353.0,55.0,39.0,115.0,24.0,,38.0,246.0,290.0,,2.0
243081,,,,,,,,581.0,,221.0,95.0,1.0,,,,19.0,24.0,22.0,13.0,11.0,,19.0,,110.0,13.0,2.0
243106,,,,,,,,304.0,,103.0,,,,,,36.0,14.0,24.0,3.0,3.0,,4.0,,71.0,32.0,3.0
243115,,,,,,,,398.0,,153.0,2.0,6.0,,,,44.0,13.0,18.0,3.0,7.0,,29.0,,66.0,33.0,8.0
243133,,,,,,,,411.0,,188.0,,,,,,27.0,16.0,23.0,2.0,3.0,,35.0,,80.0,23.0,2.0
243142,,,,,,,,321.0,,104.0,3.0,,,,,49.0,6.0,16.0,4.0,4.0,,23.0,,78.0,17.0,3.0
243151,,,,,,,,437.0,,127.0,5.0,,,,,42.0,13.0,22.0,24.0,3.0,,42.0,,68.0,58.0,8.0
243160,,,,,,,,343.0,,10.0,5.0,,,,,92.0,40.0,30.0,6.0,3.0,,26.0,,98.0,30.0,3.0
243179,,,,,,,,468.0,,172.0,4.0,,,,,49.0,12.0,26.0,11.0,9.0,,50.0,,88.0,33.0,7.0
243188,,,,,,,,174.0,,45.0,,,,,,21.0,7.0,12.0,3.0,2.0,,21.0,,37.0,16.0,4.0
243197,,,,,,,,2164.0,,495.0,70.0,138.0,,,,165.0,73.0,114.0,45.0,25.0,,176.0,1.0,478.0,286.0,53.0
243203,,,,,,,,1991.0,,757.0,67.0,,,,,138.0,66.0,60.0,15.0,126.0,,122.0,,501.0,79.0,7.0
243212,,,,,,,,317.0,,99.0,,,,,,39.0,12.0,17.0,3.0,2.0,,19.0,,79.0,32.0,4.0
243221,,,,,,,,2209.0,,824.0,28.0,64.0,,,,195.0,49.0,67.0,7.0,22.0,,222.0,,455.0,140.0,36.0
243346,,,,,,,,547.0,,288.0,,,,,,40.0,62.0,11.0,,1.0,,11.0,,108.0,,
243443,,,,,,,,392.0,,170.0,,,,,,67.0,16.0,12.0,18.0,,,1.0,5.0,40.0,17.0,5.0
243498,,,,,,,,24.0,,11.0,,,,,,1.0,3.0,0.0,,,,,,2.0,3.0,
243568,,,,,,,,284.0,,50.0,22.0,23.0,,,,26.0,20.0,35.0,13.0,7.0,,4.0,,53.0,12.0,2.0
243577,,,,,,,,357.0,,148.0,,,,,,21.0,8.0,29.0,10.0,,,7.0,,86.0,9.0,2.0
243586,,,,,,,,95.0,,47.0,,,,,,11.0,,4.0,2.0,0.0,,4.0,3.0,16.0,3.0,
243601,,,,,,,,730.0,,402.0,,,,,,33.0,66.0,11.0,1.0,1.0,,18.0,,125.0,,
243638,,,,,,,,457.0,,106.0,4.0,23.0,,,,38.0,23.0,17.0,8.0,5.0,,88.0,,50.0,22.0,5.0
243647,,,,,,,,147.0,,34.0,8.0,,,,,19.0,5.0,6.0,8.0,,,25.0,1.0,13.0,6.0,2.0
243665,,,,,,,,512.0,,142.0,35.0,32.0,,,,67.0,89.0,16.0,14.0,3.0,,52.0,4.0,18.0,15.0,1.0
243744,,,,,,,,15738.0,,3891.0,838.0,,,,,1220.0,3595.0,2765.0,574.0,35.0,,692.0,,1336.0,369.0,
243780,,,,,,,,10386.0,,2161.0,519.0,285.0,,,,931.0,1101.0,1155.0,524.0,182.0,,1033.0,36.0,1523.0,282.0,117.0
243799,,,,,,,,11.0,,4.0,,,,,,3.0,,,0.0,0.0,,0.0,,2.0,,
243823,,,,,,,,264.0,,102.0,0.0,,,,,57.0,11.0,19.0,5.0,2.0,,15.0,1.0,25.0,,
243832,,,,,,,,189.0,,36.0,,,,,,49.0,5.0,18.0,4.0,,,5.0,6.0,41.0,9.0,
243841,,,,,,,,69.0,,23.0,,,,,,13.0,2.0,3.0,2.0,,,,7.0,14.0,1.0,
244233,,,,,,,,48.0,,24.0,,,,,,9.0,2.0,1.0,4.0,,,,,4.0,,
244279,,,,,,,,18.0,,10.0,,,,,,2.0,1.0,,,,,0.0,2.0,2.0,,
244437,,,,,,,,716.0,,531.0,1.0,1.0,,,,22.0,18.0,16.0,2.0,3.0,,48.0,,55.0,10.0,
244446,,,,,,,,326.0,,153.0,2.0,5.0,,,,30.0,13.0,7.0,1.0,,,21.0,2.0,17.0,,
244613,,,,,,,,32.0,,11.0,,,,,,5.0,,,,,,,2.0,3.0,,
245281,,,,,,,,6.0,,3.0,,,,,,1.0,1.0,,,,,,,1.0,,
245625,,,,,,,,68.0,,33.0,1.0,2.0,,,,7.0,4.0,1.0,2.0,,,2.0,,7.0,,
245652,,,,,,,,147.0,,40.0,,,,,,30.0,3.0,6.0,5.0,1.0,,19.0,6.0,34.0,,1.0
245777,,,,,,,,6.0,,4.0,,,,,,,,,,,,1.0,,1.0,,
245838,,,,,,,,107.0,,67.0,,,,,,5.0,,,2.0,,,2.0,,25.0,,
245847,,,,,,,,36.0,,23.0,,,,,,1.0,,,2.0,,,,,8.0,,
245865,,,,,,,,115.0,,81.0,,,,,,16.0,1.0,,,,,3.0,,11.0,0.0,
245883,,,,,,,,107.0,,80.0,,,,,,3.0,1.0,,,,,2.0,,19.0,,
245953,,,,,,,,261.0,,141.0,,,,,,34.0,8.0,7.0,12.0,1.0,,4.0,,12.0,2.0,
245962,,,,,,,,25.0,,11.0,,,,,,4.0,1.0,,,,,1.0,3.0,2.0,,
245980,,,,,,,,4.0,,2.0,,,,,,,0.0,,,,,,,0.0,,
245999,,,,,,,,351.0,,33.0,,,,,,35.0,24.0,11.0,21.0,1.0,,27.0,,78.0,20.0,3.0
246017,,,,,,,,181.0,,63.0,,,,,,16.0,3.0,3.0,1.0,,,21.0,,32.0,9.0,18.0
246035,,,,,,,,18.0,,3.0,,,,,,8.0,,,,,,,,,,
246071,,,,,,,,10.0,,7.0,,,,,,1.0,1.0,,,,,,,1.0,,
246345,,,,,,,,14.0,,7.0,,,,,,4.0,0.0,,,,,,,,,
246354,,,,,,,,418.0,,181.0,,,,,,13.0,24.0,10.0,9.0,,,15.0,,40.0,3.0,
246406,,,,,,,,4.0,,2.0,,,,,,,,,,,,,,1.0,,
246415,,,,,,,,12.0,,3.0,,,,,,1.0,3.0,,,,,2.0,1.0,2.0,,
246789,,,,,,,,19.0,,4.0,,,,,,3.0,1.0,1.0,1.0,,,2.0,,0.0,1.0,0.0
246813,,,,,,,,326.0,,183.0,,,,,,12.0,8.0,22.0,2.0,,,23.0,,29.0,,
246895,,,,,,,,68.0,,30.0,,,,,,10.0,11.0,1.0,,,,2.0,,9.0,,
246974,,,,,,,,19.0,,7.0,,,,,,6.0,,,,,,,,1.0,,
247010,,,,,,,,5.0,,3.0,,,,,,0.0,0.0,,,,,,,1.0,,
247047,,,,,,,,8.0,,4.0,,,,,,1.0,1.0,,,,,,1.0,,,
247065,,,,,,,,36.0,,13.0,,,,,,3.0,5.0,1.0,,,,3.0,5.0,4.0,,
247083,,,,,,,,21.0,,,,,,,,13.0,2.0,,,,,,,4.0,,
247153,,,,,,,,46.0,,19.0,,,,,,5.0,,,,,,,,5.0,,
247162,,,,,,,,15.0,,7.0,,,,,,4.0,1.0,,,,,1.0,,2.0,,
247409,,,,,,,,8.0,,5.0,,,,,,1.0,,,,,,,,,,
247603,,,,,,,,220.0,,105.0,1.0,1.0,,,,21.0,6.0,3.0,15.0,,,9.0,2.0,23.0,2.0,
247649,,,,,,,,196.0,,59.0,2.0,,,,,29.0,8.0,9.0,18.0,2.0,,23.0,3.0,11.0,2.0,1.0
247737,,,,,,,,83.0,,,,,,,,22.0,6.0,2.0,,,,,,3.0,,
247773,,,,,,,,10.0,,6.0,,,,,,1.0,1.0,,,,,1.0,,1.0,,
247825,,,,,,,,12.0,,4.0,,,,,,1.0,1.0,,,,,,,5.0,,
247834,,,,,,,,1882.0,,854.0,,,,,,118.0,60.0,76.0,57.0,3.0,,116.0,1.0,217.0,42.0,1.0
247940,,,,,,,,241.0,,110.0,,,,,,28.0,9.0,3.0,18.0,,,17.0,,26.0,,
248192,,,,,,,,2.0,,1.0,,,,,,,1.0,,,,,,,,,
248527,,,,,,,,7.0,,3.0,,,,,,2.0,,,,,,1.0,,1.0,,
248606,,,,,,,,236.0,,,,,,,,,,8.0,,16.0,,,,81.0,37.0,
248624,,,,,,,,4.0,,4.0,,,,,,,,,,,,,,,,
248633,,,,,,,,7.0,,5.0,,,,,,1.0,,,,,,,,1.0,,
248660,,,,,,,,19.0,,8.0,,,,,,6.0,2.0,,,,,,3.0,1.0,,
248703,,,,,,,,11.0,,7.0,,,,,,1.0,,,,,,,2.0,1.0,,
248925,,,,,,,,74.0,,46.0,,,,,,7.0,1.0,1.0,,,,6.0,,12.0,1.0,
248934,,,,,,,,1330.0,,630.0,1.0,,,,,104.0,34.0,39.0,19.0,,,,6.0,74.0,,
249061,,,,,,,,4.0,,3.0,,,,,,,,,,,,,,,,
249238,,,,,,,,31.0,,17.0,,,,,,2.0,,,,,,,2.0,9.0,1.0,
249566,,,,,,,,32.0,,16.0,,,,,,5.0,,,,,,2.0,2.0,7.0,,
249609,,,,,,,,16.0,,11.0,,,,,,3.0,0.0,,2.0,,,,,,,
250027,,,,,,,,54.0,,31.0,,,,,,5.0,4.0,,,,,,,3.0,2.0,
250285,,,,,,,,47.0,,25.0,,,,,,6.0,,,,,,,,16.0,,
250744,,,,,,,,69.0,,31.0,,,,,,6.0,,,,,,,,5.0,,
250902,,,,,,,,8.0,,4.0,,,,,,1.0,1.0,,,,,,,2.0,,
250993,,,,,,,,63.0,,24.0,,,,,,4.0,,,,,,12.0,,10.0,,
251260,,,,,,,,292.0,,146.0,,,,,,11.0,8.0,5.0,6.0,,,33.0,,66.0,,0.0
251312,,,,,,,,101.0,,50.0,,,,,,12.0,1.0,2.0,,,,,,4.0,,
260336,,,,,,,,9.0,,3.0,,,,,,1.0,,,,,,,,2.0,1.0,
260363,,,,,,,,4.0,,2.0,,,,,,1.0,,,,,,,,1.0,,
260372,,,,,,,,62.0,,19.0,,3.0,,,,13.0,3.0,1.0,,,,3.0,,1.0,,
260664,,,,,,,,27.0,,20.0,,,,,,4.0,,,1.0,,,,,2.0,,
260691,,,,,,,,101.0,,68.0,,,,,,3.0,,,,,,,,19.0,,
260789,,,,,,,,90.0,,42.0,,,,,,15.0,,,,,,,,9.0,,
260813,,,,,,,,43.0,,21.0,,,,,,5.0,4.0,1.0,,4.0,,,4.0,2.0,,
260929,,,,,,,,36.0,,15.0,,,,,,1.0,,,,,,,5.0,14.0,1.0,
260965,,,,,,,,7.0,,4.0,,,,,,1.0,,,,,,,,2.0,,
260992,,,,,,,,68.0,,30.0,,,,,,15.0,6.0,2.0,1.0,,,,8.0,3.0,,
261436,,,,,,,,162.0,,53.0,,,,,,16.0,31.0,2.0,,,,,30.0,4.0,7.0,
261676,,,,,,,,9.0,,6.0,,,,,,2.0,,,,,,,,,,
261685,,,,,,,,9.0,,7.0,,,,,,1.0,,,,,,,,,,
261719,,,,,,,,22.0,,9.0,,,,,,2.0,,,,,,,,4.0,,
261773,,,,,,,,23.0,,15.0,,,,,,2.0,,,1.0,,,,,3.0,1.0,
261861,,,,,,,,12.0,,5.0,,,,,,2.0,1.0,,,,,,2.0,1.0,1.0,
262031,,,,,,,,445.0,,195.0,,,,,,34.0,8.0,13.0,31.0,,,39.0,2.0,53.0,10.0,
262086,,,,,,,,846.0,,369.0,,,,,,104.0,58.0,31.0,141.0,,,,8.0,32.0,,
262129,,,,,,,,334.0,,114.0,,,,,,18.0,19.0,32.0,34.0,,,36.0,,52.0,16.0,
262341,,,,,,,,76.0,,27.0,,,,,,5.0,4.0,,4.0,,,,,14.0,2.0,
262369,,,,,,,,10.0,,5.0,,,,,,1.0,1.0,,,,,,,2.0,,
262402,,,,,,,,12.0,,5.0,,,,,,1.0,,,,,,1.0,,5.0,0.0,
262457,,,,,,,,43.0,,21.0,,,,,,9.0,,,,,,1.0,,2.0,,
262466,,,,,,,,14.0,,9.0,,,,,,1.0,1.0,,,,,,,,,
362700,,,,,,,,23.0,,9.0,,,,,,3.0,3.0,,,,,,5.0,1.0,,
362782,,,,,,,,23.0,,10.0,,,,,,5.0,2.0,,,,,,0.0,4.0,,
363013,,,,,,,,3.0,,1.0,,,,,,1.0,,,,,,,,,,
363077,,,,,,,,12.0,,8.0,,,,,,,,,,,,,,3.0,,
363147,,,,,,,,15.0,,9.0,,,,,,3.0,,,,,,,,,,
363165,,,,,,,,318.0,,57.0,,,,,,24.0,18.0,8.0,26.0,,,19.0,,47.0,6.0,22.0
363439,,,,,,,,13.0,,4.0,,,,,,1.0,,,,,,,5.0,,,
363633,,,,,,,,129.0,,38.0,,,,,,15.0,9.0,5.0,12.0,2.0,,15.0,1.0,21.0,1.0,1.0
363679,,,,,,,,25.0,,14.0,,,,,,4.0,1.0,,,,,1.0,1.0,2.0,,
363712,,,,,,,,5.0,,5.0,,,,,,,,,,,,,,,,
363721,,,,,,,,58.0,,30.0,,,,,,4.0,2.0,3.0,3.0,,,,,9.0,,
363882,,,,,,,,5.0,,3.0,,,,,,1.0,,,,,,,,,,
363907,,,,,,,,39.0,,30.0,,,,,,1.0,,2.0,1.0,,,,,4.0,,
363916,,,,,,,,14.0,,8.0,,,,,,1.0,,,1.0,,,,1.0,3.0,,
363934,,,,,,,,106.0,,46.0,,,,,,6.0,8.0,2.0,5.0,,,2.0,1.0,3.0,,
364016,,,,,,,,472.0,,258.0,2.0,,,,,36.0,47.0,11.0,8.0,2.0,,21.0,,60.0,2.0,1.0
364025,,,,,,,,621.0,,314.0,1.0,,,,,49.0,72.0,19.0,7.0,,,49.0,,62.0,4.0,2.0
364548,,,,,,,,203.0,,100.0,,,,,,16.0,4.0,7.0,,,,25.0,,28.0,,
364575,,,,,,,,28.0,,20.0,,,,,,2.0,1.0,,,,,,,2.0,3.0,
364627,,,,,,,,93.0,,39.0,,,,,,9.0,10.0,2.0,3.0,,,4.0,,11.0,10.0,
364636,,,,,,,,12.0,,9.0,,,,,,,,,,,,,,,,
364751,,,,,,,,14.0,,6.0,,,,,,3.0,3.0,,,,,1.0,1.0,,,
364760,,,,,,,,7.0,,4.0,,,,,,1.0,1.0,,,,,,,1.0,,
364946,,,,,,,,117.0,,43.0,,,,,,6.0,6.0,3.0,,,,16.0,1.0,13.0,11.0,15.0
364964,,,,,,,,8.0,,5.0,,,,,,,1.0,,1.0,,,,,1.0,,
365091,,,,,,,,18.0,,6.0,,,,,,3.0,1.0,,,,,1.0,1.0,,,
365125,,,,,,,,17.0,,10.0,,,,,,3.0,,,,,,,,1.0,,
365198,,,,,,,,86.0,,28.0,,,,,,9.0,2.0,4.0,1.0,0.0,,7.0,4.0,14.0,4.0,7.0
365204,,,,,,,,372.0,,175.0,,,,,,68.0,17.0,5.0,,,,,36.0,25.0,10.0,
365213,,,,,,,,97.0,,36.0,,,,,,9.0,1.0,2.0,7.0,,,9.0,,13.0,,
365240,,,,,,,,15.0,,12.0,,,,,,1.0,,,,,,,,1.0,,
365374,,,,,,,,274.0,,51.0,,,,,,19.0,7.0,7.0,4.0,,,27.0,,31.0,10.0,3.0
365383,,,,,,,,14.0,,8.0,,,,,,3.0,,,,,,,,3.0,,
365480,,,,,,,,136.0,,9.0,,,,,,10.0,13.0,4.0,8.0,,,28.0,,18.0,,8.0
365505,,,,,,,,44.0,,28.0,,,,,,2.0,1.0,,,1.0,,3.0,,5.0,,
365693,,,,,,,,22.0,,12.0,,,,,,3.0,2.0,,,,,,1.0,4.0,,
365763,,,,,,,,2.0,,2.0,,,,,,,,,,,,,,,,
365824,,,,,,,,11.0,,7.0,,,,,,1.0,,,,,,,,,,
365833,,,,,,,,13.0,,7.0,,,,,,3.0,,,,,,,,,,
366003,,,,,,,,49.0,,20.0,,,,,,5.0,6.0,2.0,,,,1.0,7.0,1.0,,
366155,,,,,,,,2.0,,1.0,,,,,,,,,,,,,,1.0,,
366191,,,,,,,,61.0,,26.0,,,,,,8.0,23.0,1.0,,,,,,2.0,1.0,
366252,,,,,,,,952.0,,321.0,,,,,,85.0,51.0,39.0,59.0,15.0,,196.0,7.0,110.0,31.0,8.0
366261,,,,,,,,11.0,,5.0,,,,,,2.0,1.0,,,1.0,,,,1.0,,
366270,,,,,,,,34.0,,20.0,,,,,,3.0,1.0,,,,,,4.0,5.0,1.0,
366289,,,,,,,,5.0,,1.0,,,,,,1.0,,,,,,,1.0,,,
366340,,,,,,,,68.0,,12.0,,2.0,,,,8.0,,1.0,1.0,,,7.0,1.0,30.0,1.0,
366368,,,,,,,,57.0,,29.0,,,,,,10.0,2.0,,1.0,,,6.0,,3.0,,
366395,,,,,,,,1375.0,,567.0,,,,,,120.0,15.0,21.0,42.0,5.0,,139.0,,160.0,50.0,13.0
366401,,,,,,,,324.0,,204.0,,,,,,18.0,12.0,9.0,12.0,,,,,61.0,,
366438,,,,,,,,5.0,,3.0,,,,,,1.0,,,,,,,,1.0,,
366465,,,,,,,,195.0,,91.0,,,,,,16.0,18.0,6.0,15.0,,,19.0,,23.0,,
366535,,,,,,,,37.0,,17.0,,,,,,9.0,2.0,,,,,1.0,5.0,2.0,,
366553,,,,,,,,125.0,,72.0,,,,,,8.0,1.0,,,,,4.0,,5.0,,
366571,,,,,,,,7.0,,2.0,,,,,,1.0,,,,,,3.0,,0.0,,
366605,,,,,,,,14.0,,6.0,,,,,,2.0,1.0,,,,,,,2.0,,
366623,,,,,,,,42.0,,19.0,,,,,,6.0,,2.0,,,,,,2.0,6.0,
366632,,,,,,,,2.0,,1.0,,,,,,1.0,,,,,,,,,,
366711,,,,,,,,1348.0,,533.0,,,,,,57.0,182.0,105.0,156.0,12.0,,67.0,,130.0,37.0,11.0
367051,,,,,,,,6.0,,4.0,,,,,,1.0,1.0,,,,,,,,,
367088,,,,,,,,6.0,,3.0,,,,,,1.0,,,,,,,,0.0,,
367103,,,,,,,,9.0,,4.0,,,,,,1.0,,,,,,,3.0,1.0,,
367112,,,,,,,,23.0,,10.0,,,,,,4.0,1.0,,,,,,3.0,1.0,,
367158,,,,,,,,5.0,,3.0,,,,,,2.0,,,,,,,,,,
367334,,,,,,,,34.0,,15.0,,,,,,4.0,3.0,,,,,2.0,3.0,2.0,2.0,
367361,,,,,,,,15.0,,1.0,,,,,,3.0,,,,,,,4.0,7.0,,
367431,,,,,,,,4.0,,2.0,,,,,,1.0,,,,,,,,1.0,,
367459,,,,,,,,518.0,,257.0,,,,,,52.0,31.0,28.0,19.0,,,22.0,2.0,48.0,10.0,1.0
367875,,,,,,,,43.0,,25.0,,,,,,4.0,1.0,,,,,4.0,,5.0,,
367884,,,,,,,,122.0,,58.0,,,,,,20.0,1.0,6.0,1.0,,,,,9.0,2.0,
367954,,,,,,,,661.0,,366.0,,,,,,98.0,23.0,20.0,16.0,,,4.0,,37.0,,
367972,,,,,,,,13.0,,8.0,,,,,,2.0,1.0,,,,,,,2.0,,
367981,,,,,,,,6.0,,3.0,,,,,,2.0,,,,,,,,1.0,,
368036,,,,,,,,8.0,,5.0,,,,,,1.0,1.0,,,,,,,0.0,,
368230,,,,,,,,10.0,,6.0,,,,,,1.0,,,,,,,,,,
368364,,,,,,,,47.0,,22.0,,,,,,5.0,2.0,1.0,2.0,,,3.0,,4.0,,2.0
368407,,,,,,,,5.0,,2.0,,,,,,,1.0,,,,,,,2.0,,
368443,,,,,,,,48.0,,25.0,,,,,,1.0,1.0,,,,,,15.0,,,
368452,,,,,,,,34.0,,15.0,,,,,,3.0,1.0,,,,,,9.0,4.0,,1.0
368540,,,,,,,,2.0,,1.0,,,,,,1.0,,,,,,,,,,
368629,,,,,,,,62.0,,39.0,,,,,,3.0,,,,,,,,14.0,,
368647,,,,,,,,8.0,,3.0,,,,,,2.0,,,,,,2.0,,1.0,,
368771,,,,,,,,20.0,,6.0,,,,,,4.0,,,,,,,,11.0,,
368832,,,,,,,,4.0,,2.0,,,,,,1.0,,,,,,,,0.0,,
368911,,,,,,,,181.0,,94.0,,,,,,23.0,9.0,3.0,1.0,,,25.0,,7.0,,
369002,,,,,,,,40.0,,23.0,,1.0,,,,2.0,2.0,,2.0,,,,,3.0,1.0,
369109,,,,,,,,11.0,,7.0,,,,,,2.0,,,,,,,,2.0,,
369400,,,,,,,,115.0,,50.0,,,,,,14.0,46.0,1.0,,,,,,,4.0,
369419,,,,,,,,72.0,,44.0,,,,,,3.0,1.0,,,,,9.0,,11.0,,
369446,,,,,,,,4.0,,3.0,,,,,,1.0,,,,,,,,,,
369455,,,,,,,,14.0,,9.0,,,,,,3.0,1.0,,,,,,,1.0,,
369516,,,,,,,,35.0,,17.0,,,,,,3.0,,,,,,,,,,
369659,,,,,,,,76.0,,21.0,0.0,,,,,16.0,1.0,1.0,1.0,,,1.0,,7.0,,
369668,,,,,,,,30.0,,20.0,,,,,,5.0,3.0,,,,,,,2.0,,
369686,,,,,,,,17.0,,7.0,,,,,,4.0,1.0,,,,,1.0,1.0,2.0,,
369695,,,,,,,,3.0,,2.0,,,,,,1.0,,,,,,,,,,
369783,,,,,,,,39.0,,16.0,,,,,,11.0,,,,,,,,2.0,,
369950,,,,,,,,19.0,,8.0,,,,,,6.0,,,,,,1.0,,1.0,2.0,
371034,,,,,,,,2.0,,1.0,,,,,,,,,,,,,,1.0,,
371052,,,,,,,,31.0,,15.0,,,,,,5.0,3.0,,4.0,0.0,,0.0,,2.0,,
371690,,,,,,,,53.0,,28.0,,,,,,2.0,1.0,,,,,,,20.0,1.0,
371830,,,,,,,,8.0,,4.0,,,,,,,2.0,1.0,,,,,1.0,,,
371928,,,,,,,,18.0,,7.0,,,,,,3.0,4.0,,,,,,1.0,,,
371964,,,,,,,,28.0,,12.0,,,,,,4.0,1.0,,,,,,,1.0,,
372028,,,,,,,,7.0,,2.0,,,,,,1.0,1.0,,,,,,1.0,1.0,,
372073,,,,,,,,27.0,,10.0,,,,,,3.0,3.0,,,,,,,1.0,,
372082,,,,,,,,29.0,,16.0,,,,,,2.0,,,,,,,,3.0,1.0,
372240,,,,,,,,3.0,,1.0,,,,,,,,,,,,1.0,,1.0,,
372329,,,,,,,,76.0,,41.0,,,,,,3.0,3.0,,,,,2.0,4.0,16.0,,
372356,,,,,,,,18.0,,10.0,,,,,,2.0,,,,,,,3.0,2.0,,
372462,,,,,,,,17.0,,10.0,,,,,,,2.0,1.0,,,,,,2.0,,
372718,,,,,,,,19.0,,10.0,,,,,,3.0,2.0,,,,,,3.0,,,
372921,,,,,,,,48.0,,25.0,,,,,,7.0,4.0,,9.0,1.0,,,,1.0,,
373085,,,,,,,,9.0,,6.0,,,,,,2.0,,,,,,,,,,
373216,,,,,,,,13.0,,7.0,,,,,,2.0,0.0,,,,,,,1.0,,
373456,,,,,,,,3.0,,2.0,,,,,,,1.0,,,,,,,,,
373526,,,,,,,,35.0,,22.0,,,,,,5.0,,,4.0,,,,,4.0,,
373678,,,,,,,,13.0,,8.0,,,,,,2.0,1.0,,,,,,1.0,1.0,0.0,
373696,,,,,,,,15.0,,8.0,,,,,,3.0,1.0,,,,,,,3.0,,
373711,,,,,,,,8.0,,5.0,,,,,,1.0,0.0,,,,,,,1.0,,
373784,,,,,,,,50.0,,25.0,,,,,,8.0,4.0,,9.0,,,0.0,,1.0,1.0,
374024,,,,,,,,40.0,,26.0,,,,,,1.0,5.0,2.0,,,,,,5.0,,
374316,,,,,,,,7.0,,4.0,,,,,,1.0,,,,,,,,2.0,,
374343,,,,,,,,9.0,,4.0,,,,,,1.0,1.0,,,,,1.0,2.0,,,
374574,,,,,,,,57.0,,31.0,,,,,,13.0,,1.0,,,,1.0,,8.0,,1.0
374592,,,,,,,,5.0,,5.0,,,,,,,,,,,,,,,,
375106,,,,,,,,20.0,,10.0,,,,,,1.0,,,,,,2.0,2.0,3.0,2.0,
375230,,,,,,,,11.0,,8.0,,,,,,1.0,0.0,,,,,1.0,,0.0,,
375373,,,,,,,,27.0,,13.0,,,,,,8.0,,,,,,,,6.0,,
375407,,,,,,,,17.0,,10.0,,,,,,2.0,,,,,,,,3.0,,
375416,,,,,,,,39.0,,19.0,,,,,,6.0,3.0,,3.0,,,,3.0,5.0,,
375540,,,,,,,,3.0,,2.0,,,,,,,,,,,,,,1.0,,
375568,,,,,,,,11.0,,5.0,,,,,,,,1.0,,,,,,0.0,,
375656,,,,,,,,30.0,,13.0,,,,,,3.0,1.0,1.0,1.0,,,2.0,,4.0,,
375683,,,,,,,,106.0,,34.0,,,,,,14.0,5.0,2.0,2.0,6.0,,13.0,1.0,12.0,3.0,2.0
375726,,,,,,,,260.0,,105.0,,,,,,21.0,,4.0,26.0,,,,14.0,43.0,27.0,
375939,,,,,,,,8.0,,6.0,,,,,,1.0,,,,,,,,,,
375966,,,,,,,,11.0,,8.0,,,,,,1.0,0.0,,,,,,,2.0,,
375984,,,,,,,,14.0,,7.0,,,,,,2.0,,,,,,,,1.0,1.0,
376224,,,,,,,,50.0,,9.0,,,,,,15.0,13.0,,2.0,,,4.0,2.0,3.0,,
376242,,,,,,,,24.0,,6.0,,,,,,5.0,1.0,,,,,,,1.0,1.0,1.0
376288,,,,,,,,12.0,,2.0,,,,,,1.0,2.0,,,,,1.0,2.0,1.0,1.0,0.0
376321,,,,,,,,147.0,,46.0,,,,,,27.0,3.0,3.0,5.0,,,,20.0,21.0,1.0,2.0
376330,,,,,,,,30.0,,12.0,,,,,,6.0,1.0,,,,,1.0,,1.0,3.0,
376385,,,,,,,,73.0,,33.0,,,,,,8.0,1.0,1.0,3.0,0.0,,6.0,2.0,8.0,,
376446,,,,,,,,10.0,,4.0,,,,,,2.0,1.0,,,,,1.0,,1.0,,
376631,,,,,,,,6.0,,2.0,,,,,,1.0,1.0,0.0,,,,,,1.0,,
376677,,,,,,,,11.0,,5.0,,,,,,1.0,1.0,,,,,,1.0,2.0,,
376695,,,,,,,,235.0,,68.0,6.0,10.0,,,,27.0,10.0,9.0,2.0,4.0,,31.0,1.0,15.0,24.0,3.0
377111,,,,,,,,44.0,,23.0,,,,,,11.0,2.0,,,,,,3.0,4.0,,
377193,,,,,,,,11.0,,4.0,,,,,,1.0,2.0,,,,,,1.0,3.0,,
377218,,,,,,,,18.0,,8.0,,,,,,3.0,1.0,,,,,,1.0,5.0,,
377272,,,,,,,,14.0,,3.0,,,,,,2.0,3.0,,,,,,3.0,1.0,2.0,
377281,,,,,,,,25.0,,9.0,,,,,,6.0,3.0,,,,,,3.0,2.0,1.0,
377315,,,,,,,,8.0,,4.0,,,,,,1.0,1.0,,,,,,,2.0,,
377342,,,,,,,,41.0,,14.0,,,,,,8.0,1.0,,,,,,7.0,1.0,,
377449,,,,,,,,28.0,,12.0,,,,,,6.0,,,,,,,,10.0,,
377458,,,,,,,,43.0,,21.0,,,,,,8.0,,,,,,,,13.0,,
377485,,,,,,,,6.0,,4.0,,,,,,1.0,,,,,,,,1.0,,
377546,,,,,,,,16.0,,4.0,,,,,,3.0,,,,,,1.0,3.0,5.0,,
377555,,,,,,,,618.0,,247.0,18.0,,,,,25.0,63.0,28.0,11.0,,,43.0,,49.0,14.0,1.0
377564,,,,,,,,623.0,,298.0,10.0,,,,,29.0,46.0,30.0,12.0,,,29.0,0.0,53.0,15.0,1.0
377643,,,,,,,,7.0,,4.0,,,,,,2.0,,,,,,,,1.0,,
377652,,,,,,,,11.0,,1.0,,,,,,1.0,3.0,,,,,,2.0,1.0,0.0,
377661,,,,,,,,31.0,,3.0,,,,,,2.0,3.0,3.0,,,,,6.0,3.0,0.0,
377722,,,,,,,,52.0,,23.0,,,,,,9.0,1.0,,1.0,,,,2.0,8.0,1.0,
377759,,,,,,,,12.0,,5.0,,,,,,2.0,1.0,,,,,,2.0,,,
378105,,,,,,,,31.0,,12.0,,,,,,10.0,1.0,1.0,,,,,,2.0,0.0,
378576,,,,,,,,93.0,,36.0,,,,,,7.0,4.0,5.0,,,,2.0,,38.0,,
378886,,,,,,,,14.0,,5.0,,,,,,3.0,1.0,,,,,0.0,1.0,3.0,,
378956,,,,,,,,111.0,,41.0,,,,,,31.0,6.0,2.0,,,,,6.0,25.0,,
379621,,,,,,,,6.0,,4.0,,,,,,1.0,0.0,,,,,,,1.0,,
379746,,,,,,,,14.0,,5.0,,,,,,3.0,,,,,,,,3.0,,
379782,,,,,,,,19.0,,7.0,,,,,,6.0,1.0,,,,,,,3.0,,
380067,,,,,,,,13.0,,5.0,,,,,,2.0,,,,,,,,3.0,2.0,
380359,,,,,,,,88.0,,32.0,,,,,,22.0,5.0,4.0,5.0,,,2.0,,8.0,4.0,1.0
380368,,,,,,,,87.0,,36.0,,,,,,7.0,3.0,2.0,3.0,,,2.0,3.0,6.0,3.0,
380377,,,,,,,,166.0,,45.0,4.0,,,,,43.0,5.0,4.0,3.0,,,11.0,,19.0,,
380438,,,,,,,,51.0,,23.0,,,,,,13.0,,,,,,,,2.0,,
381255,,,,,,,,8.0,,3.0,,,,,,2.0,,,,,,1.0,1.0,,,
381282,,,,,,,,10.0,,4.0,,,,,,3.0,,,,,,,1.0,1.0,,
381325,,,,,,,,10.0,,4.0,,,,,,1.0,,,,,,,2.0,,,
381352,,,,,,,,23.0,,12.0,,,,,,3.0,1.0,0.0,,,,,1.0,4.0,,
381370,,,,,,,,17.0,,10.0,,,,,,1.0,1.0,,,,,,2.0,1.0,,
381404,,,,,,,,21.0,,8.0,,,,,,3.0,,,,,,,7.0,3.0,,
381459,,,,,,,,37.0,,13.0,,,,,,10.0,1.0,,1.0,,,,,4.0,1.0,
381486,,,,,,,,5.0,,3.0,,,,,,2.0,,,,,,,,,,
381732,,,,,,,,14.0,,7.0,,,,,,2.0,1.0,0.0,,,,,0.0,,,
382258,,,,,,,,24.0,,16.0,,,,,,2.0,0.0,1.0,,,,,,2.0,,
382416,,,,,,,,14.0,,8.0,,,,,,1.0,0.0,,,3.0,,,,2.0,,
382461,,,,,,,,5.0,,3.0,,,,,,1.0,,,,,,,,1.0,,
382780,,,,,,,,18.0,,8.0,,,,,,2.0,3.0,,,,,,,4.0,,
382957,,,,,,,,38.0,,20.0,,,,,,7.0,3.0,,4.0,,,,,2.0,,
383020,,,,,,,,11.0,,4.0,,,,,,2.0,2.0,,,,,,,1.0,,
383084,,,,,,,,65.0,,23.0,,,,,,8.0,1.0,1.0,,1.0,,,,22.0,6.0,
383163,,,,,,,,15.0,,7.0,,,,,,2.0,2.0,,,,,,1.0,2.0,1.0,
383190,,,,,,,,230.0,,108.0,,,,,,12.0,8.0,7.0,26.0,,,21.0,,26.0,2.0,
383279,,,,,,,,17.0,,8.0,,,,,,,,,,,,,,7.0,2.0,
383297,,,,,,,,16.0,,8.0,,,,,,2.0,1.0,,,,,,1.0,2.0,2.0,
383312,,,,,,,,17.0,,11.0,,,,,,2.0,1.0,,0.0,,,,,2.0,,
383330,,,,,,,,25.0,,22.0,,,,,,1.0,,,,,,,,1.0,,
383367,,,,,,,,92.0,,44.0,,,,,,8.0,,4.0,2.0,,,10.0,,10.0,,
383464,,,,,,,,11.0,,7.0,,,,,,1.0,1.0,,,,,,,1.0,,
383525,,,,,,,,21.0,,13.0,,,,,,3.0,1.0,2.0,,,,,,2.0,,
383765,,,,,,,,10.0,,7.0,,,,,,1.0,,,,,,,,,,
383996,,,,,,,,66.0,,15.0,,,,,,2.0,8.0,2.0,3.0,,,2.0,,7.0,,
384236,,,,,,,,55.0,,26.0,,,,,,8.0,1.0,,,,,,,20.0,,
384245,,,,,,,,40.0,,18.0,,,,,,5.0,1.0,,,,,,,16.0,,
384254,,,,,,,,160.0,,37.0,,,,,,32.0,4.0,7.0,15.0,,,8.0,1.0,9.0,,5.0
384306,,,,,,,,22.0,,8.0,,,,,,7.0,,,,,,7.0,,,,
384333,,,,,,,,479.0,,249.0,3.0,,,,,38.0,70.0,13.0,1.0,,,19.0,,47.0,3.0,2.0
384342,,,,,,,,354.0,,138.0,,,,,,82.0,15.0,14.0,18.0,,,16.0,,31.0,8.0,
384412,,,,,,,,36.0,,1.0,,,,,,9.0,,,,,,,10.0,15.0,,
384421,,,,,,,,12.0,,5.0,,,,,,1.0,2.0,,,,,3.0,,1.0,,
385132,,,,,,,,19.0,,10.0,,,,,,2.0,4.0,,,,,,,3.0,,
385415,,,,,,,,1831.0,,54.0,737.0,,,,,148.0,70.0,393.0,22.0,25.0,,112.0,1.0,185.0,67.0,8.0
385503,,,,,,,,26.0,,13.0,,,,,,5.0,1.0,,3.0,1.0,,,,2.0,,
385549,,,,,,,,2.0,,,,,,,,2.0,,,,,,,,,,
385619,,,,,,,,278.0,,124.0,,,,,,53.0,17.0,,,,,,,79.0,,
386153,,,,,,,,40.0,,19.0,,,,,,7.0,5.0,,,,,2.0,,6.0,,
386472,,,,,,,,46.0,,23.0,,,,,,2.0,,1.0,,,,1.0,0.0,4.0,,
387925,,,,,,,,13.0,,4.0,,,,,,1.0,2.0,,,,,,2.0,1.0,,
388520,,,,,,,,71.0,,23.0,,,,,,14.0,1.0,1.0,13.0,,,,,10.0,,1.0
388663,,,,,,,,12.0,,7.0,,,,,,2.0,1.0,,,,,,,1.0,,
389860,,,,,,,,50.0,,40.0,,,,,,3.0,1.0,,,,,,,3.0,,
390905,,,,,,,,46.0,,22.0,,,,,,6.0,3.0,5.0,1.0,,,2.0,,2.0,,
391005,,,,,,,,13.0,,5.0,,,,,,3.0,1.0,,,,,,,2.0,1.0,
391759,,,,,,,,3.0,,1.0,,,,,,1.0,,,,,,,,,,
392257,,,,,,,,167.0,,79.0,,,,,,14.0,,,,,,,,7.0,,
392354,,,,,,,,11.0,,9.0,,,,,,,,,,,,,,2.0,,
392415,,,,,,,,23.0,,11.0,,,,,,6.0,2.0,,4.0,,,,,,,
393524,,,,,,,,15.0,,4.0,,,,,,2.0,1.0,,,,,4.0,,2.0,,
393649,,,,,,,,59.0,,21.0,,,,,,6.0,1.0,,,,,,,31.0,,
393861,,,,,,,,32.0,,21.0,,,,,,1.0,1.0,,,,,1.0,1.0,2.0,,
395362,,,,,,,,133.0,,57.0,,,,,,13.0,3.0,6.0,6.0,0.0,,7.0,,13.0,2.0,
395690,,,,,,,,20.0,,3.0,,,,,,1.0,0.0,,,,,2.0,6.0,2.0,,
397942,,,,,,,,49.0,,14.0,,,,,,6.0,1.0,,,,,,,28.0,,
399212,,,,,,,,395.0,,235.0,,,,,,12.0,12.0,8.0,33.0,,,28.0,,52.0,,
399869,,,,,,,,38.0,,19.0,,,,,,5.0,3.0,1.0,,,,2.0,,4.0,,
399911,,,,,,,,227.0,,63.0,,,,,,46.0,11.0,16.0,20.0,2.0,,23.0,1.0,30.0,,3.0
400080,,,,,,,,100.0,,35.0,,,,,,16.0,7.0,3.0,,,,,11.0,20.0,1.0,
400187,,,,,,,,30.0,,13.0,,,,,,5.0,2.0,1.0,,,,1.0,1.0,6.0,1.0,
400558,,,,,,,,8.0,,2.0,,,,,,2.0,,,,,,,,4.0,,
401223,,,,,,,,16.0,,6.0,,,,,,2.0,1.0,1.0,,,,,,,,
401250,,,,,,,,26.0,,11.0,,,,,,1.0,,,,2.0,,,1.0,5.0,,
401481,,,,,,,,9.0,,3.0,,,,,,2.0,1.0,,,,,1.0,1.0,1.0,,
401764,,,,,,,,19.0,,9.0,,,,,,1.0,3.0,,,,,,1.0,1.0,,
402563,,,,,,,,26.0,,15.0,,,,,,3.0,1.0,,,,,,3.0,3.0,,
402800,,,,,,,,22.0,,9.0,,,,,,2.0,,,,,,2.0,2.0,7.0,,
403469,,,,,,,,66.0,,24.0,,,,,,4.0,2.0,1.0,12.0,,,4.0,1.0,10.0,1.0,
403478,,,,,,,,63.0,,24.0,,,,,,1.0,2.0,1.0,14.0,,,7.0,2.0,8.0,1.0,
403487,,,,,,,,83.0,,35.0,,,,,,4.0,5.0,1.0,13.0,,,9.0,1.0,10.0,1.0,
404037,,,,,,,,8.0,,2.0,,,,,,1.0,1.0,0.0,,,,,,2.0,,
404055,,,,,,,,34.0,,9.0,,,,,,3.0,,,,,,,,4.0,,
404222,,,,,,,,64.0,,21.0,,8.0,,,,13.0,1.0,1.0,,,,7.0,,7.0,1.0,2.0
404338,,,,,,,,19.0,,6.0,,,,,,3.0,2.0,1.0,,,,,1.0,1.0,,
404426,,,,,,,,195.0,,74.0,,,,,,19.0,9.0,15.0,14.0,,,6.0,,28.0,4.0,
404480,,,,,,,,242.0,,,59.0,,,,,12.0,52.0,88.0,3.0,,,3.0,,6.0,16.0,2.0
404684,,,,,,,,54.0,,22.0,,,,,,5.0,3.0,,0.0,,,4.0,4.0,1.0,3.0,3.0
404718,,,,,,,,15.0,,8.0,,,,,,5.0,1.0,,,,,,,0.0,,
404806,,,,,,,,32.0,,15.0,,,,,,3.0,1.0,,6.0,,,,,1.0,1.0,1.0
404912,,,,,,,,83.0,,58.0,,,,,,3.0,,,,,,,,13.0,,
404994,,,,,,,,533.0,,247.0,0.0,,,,,44.0,66.0,14.0,38.0,,,26.0,6.0,20.0,32.0,5.0
405012,,,,,,,,8.0,,4.0,,,,,,1.0,1.0,,,,,,1.0,,,
405058,,,,,,,,16.0,,6.0,,,,,,2.0,,,,,,6.0,,2.0,,
405854,,,,,,,,13.0,,9.0,,,,,,1.0,1.0,,,,,0.0,,1.0,,
405872,,,,,,,,357.0,,117.0,,22.0,,,,27.0,15.0,20.0,11.0,,,29.0,,64.0,7.0,
406024,,,,,,,,154.0,,90.0,,,,,,9.0,,2.0,,,,6.0,,25.0,,
406033,,,,,,,,167.0,,120.0,,,,,,7.0,,2.0,,,,3.0,,9.0,,
406149,,,,,,,,19.0,,12.0,,,,,,3.0,1.0,,,,,,,3.0,,
406325,,,,,,,,16.0,,6.0,,,,,,3.0,0.0,,,,,,,3.0,,
406361,,,,,,,,5.0,,2.0,,,,,,1.0,,,,,,,,1.0,,
406413,,,,,,,,7.0,,2.0,,,,,,3.0,1.0,,,,,,,1.0,,
406422,,,,,,,,13.0,,9.0,,,,,,1.0,1.0,1.0,,,,,,1.0,,
406486,,,,,,,,16.0,,10.0,,,,,,1.0,,,,,,,1.0,4.0,,
406547,,,,,,,,23.0,,9.0,,,,,,5.0,,1.0,4.0,,,,,3.0,,
407090,,,,,,,,29.0,,14.0,,,,,,3.0,4.0,,,,,,,7.0,1.0,
407142,,,,,,,,11.0,,6.0,,,,,,1.0,2.0,,,,,,,1.0,0.0,
407151,,,,,,,,6.0,,3.0,,,,,,1.0,1.0,,,,,,,1.0,,
407179,,,,,,,,9.0,,7.0,,,,,,1.0,,,,,,,,,,
407355,,,,,,,,22.0,,9.0,,,,,,4.0,2.0,,,,,,5.0,2.0,,
407391,,,,,,,,8.0,,7.0,,,,,,,,,,,,,,1.0,,
407407,,,,,,,,8.0,,6.0,,,,,,,,,,,,,,2.0,,
407425,,,,,,,,7.0,,5.0,,,,,,,,,,,,,,2.0,,
407434,,,,,,,,16.0,,4.0,,,,,,3.0,1.0,,,,,,3.0,1.0,0.0,
407461,,,,,,,,34.0,,25.0,,,,,,3.0,1.0,,,,,0.0,,4.0,,
407470,,,,,,,,10.0,,7.0,,,,,,1.0,,,,,,,,1.0,,
407489,,,,,,,,20.0,,14.0,,,,,,4.0,1.0,,,,,0.0,,1.0,,
407513,,,,,,,,24.0,,11.0,,,,,,1.0,2.0,,1.0,0.0,,,,3.0,,
407522,,,,,,,,7.0,,3.0,,,,,,1.0,0.0,,,,,,,2.0,,
407568,,,,,,,,17.0,,4.0,,,,,,1.0,2.0,,,,,,,4.0,5.0,
407577,,,,,,,,61.0,,30.0,,,,,,11.0,4.0,,,,,10.0,,4.0,,
407595,,,,,,,,19.0,,11.0,,,,,,4.0,,,,,,,,4.0,,
407610,,,,,,,,7.0,,5.0,,,,,,1.0,0.0,,,,,,0.0,0.0,,
407629,,,,,,,,540.0,,206.0,,,,,,37.0,9.0,15.0,11.0,8.0,,68.0,,94.0,12.0,
407683,,,,,,,,21.0,,7.0,,,,,,2.0,1.0,,,,,1.0,1.0,3.0,1.0,
407708,,,,,,,,19.0,,10.0,,,,,,2.0,1.0,,,,,,2.0,3.0,,1.0
407735,,,,,,,,5.0,,3.0,,,,,,1.0,,,,,,,,,,
407832,,,,,,,,198.0,,125.0,,,,,,14.0,3.0,4.0,1.0,1.0,,11.0,,12.0,,
408066,,,,,,,,20.0,,13.0,,,,,,2.0,1.0,,,,,,2.0,2.0,,
408163,,,,,,,,17.0,,9.0,,,,,,1.0,3.0,,,,,,,3.0,,
408729,,,,,,,,21.0,,11.0,,,,,,3.0,1.0,,,,,,,1.0,1.0,
408844,,,,,,,,314.0,,121.0,,,,,,22.0,,,20.0,,,,,129.0,11.0,
408862,,,,,,,,27.0,,16.0,,,,,,4.0,4.0,1.0,,,,,,2.0,,
409032,,,,,,,,28.0,,11.0,,,,,,,2.0,,,,,,,12.0,3.0,
409120,,,,,,,,20.0,,13.0,,,,,,2.0,1.0,,,,,,,4.0,,
409193,,,,,,,,47.0,,17.0,,,,,,3.0,1.0,1.0,1.0,,,1.0,10.0,7.0,3.0,1.0
409254,,,,,,,,222.0,,48.0,15.0,3.0,,,,20.0,4.0,6.0,71.0,19.0,,,,30.0,,
409315,,,,,,,,1796.0,,704.0,,,,,,161.0,108.0,110.0,58.0,3.0,,149.0,,244.0,50.0,15.0
409379,,,,,,,,204.0,,,,,,,,35.0,1.0,17.0,10.0,2.0,,,,44.0,,
409537,,,,,,,,6.0,,4.0,,,,,,1.0,,,,,,,,1.0,,
409591,,,,,,,,13.0,,6.0,,,,,,2.0,,,,0.0,,,,3.0,,
409616,,,,,,,,78.0,,34.0,,,,,,19.0,1.0,,3.0,,,,,13.0,,
409698,,,,,,,,834.0,,290.0,,,,,,32.0,138.0,81.0,110.0,3.0,,20.0,,102.0,21.0,7.0
410797,,,,,,,,20.0,,8.0,,,,,,2.0,,,,,,,3.0,1.0,,
410964,,,,,,,,4.0,,1.0,,,,,,1.0,0.0,,,,,,,1.0,,
411684,,,,,,,,17.0,,7.0,,,,,,5.0,1.0,,,,,,,4.0,,
411754,,,,,,,,5.0,,4.0,,,,,,1.0,,,,,,,,,,
412173,,,,,,,,37.0,,19.0,,,,,,5.0,1.0,,0.0,,,,,10.0,,
412535,,,,,,,,7.0,,5.0,,,,,,0.0,0.0,,,,,,,1.0,,
412544,,,,,,,,14.0,,7.0,,,,,,1.0,1.0,,,,,,,2.0,,
412599,,,,,,,,56.0,,27.0,,,,,,12.0,3.0,,,,,3.0,4.0,5.0,,
413176,,,,,,,,12.0,,3.0,,,,,,2.0,2.0,,,,,2.0,,2.0,,
413413,,,,,,,,1105.0,,562.0,,,,,,92.0,124.0,3.0,304.0,,,,,11.0,,
413617,,,,,,,,92.0,,28.0,,,,,,17.0,4.0,6.0,10.0,,,2.0,,11.0,4.0,
413626,,,,,,,,49.0,,16.0,1.0,1.0,,,,6.0,3.0,3.0,5.0,,,5.0,,2.0,1.0,
413680,,,,,,,,56.0,,23.0,,,,,,6.0,2.0,2.0,,,,1.0,13.0,2.0,,
413778,,,,,,,,33.0,,19.0,,,,,,5.0,,,,,,,,3.0,,
413820,,,,,,,,4.0,,2.0,,,,,,1.0,,,,,,,,,,
413893,,,,,,,,50.0,,15.0,,,,,,12.0,1.0,,,,,,,22.0,,
413945,,,,,,,,11.0,,5.0,,,,,,1.0,1.0,,,,,,1.0,2.0,1.0,
413972,,,,,,,,6.0,,4.0,,,,,,1.0,,,,,,,,1.0,,
414063,,,,,,,,10.0,,6.0,,,,,,1.0,1.0,,,,,1.0,1.0,,,
414124,,,,,,,,39.0,,20.0,,,,,,5.0,3.0,,3.0,,,,3.0,3.0,1.0,
414461,,,,,,,,192.0,,62.0,,,,,,10.0,30.0,4.0,,2.0,,,,4.0,22.0,
414489,,,,,,,,12.0,,6.0,,,,,,3.0,2.0,,,,,,,1.0,,
414540,,,,,,,,42.0,,15.0,,,,,,8.0,2.0,,3.0,,,4.0,3.0,7.0,,
414595,,,,,,,,61.0,,28.0,,,,,,1.0,,1.0,,,,6.0,,24.0,,
414823,,,,,,,,124.0,,58.0,,,,,,26.0,6.0,1.0,10.0,,,5.0,,6.0,8.0,
414869,,,,,,,,23.0,,15.0,,,,,,1.0,,,,,,,,1.0,,
414911,,,,,,,,131.0,,49.0,,2.0,,,,25.0,7.0,6.0,9.0,,,11.0,,19.0,1.0,
414939,,,,,,,,23.0,,9.0,,,,,,1.0,2.0,,,,,,4.0,4.0,,
414966,,,,,,,,43.0,,12.0,,0.0,,,,3.0,5.0,2.0,2.0,,,,2.0,5.0,1.0,
415039,,,,,,,,5.0,,3.0,,,,,,1.0,,,,,,,,,,
415057,,,,,,,,15.0,,1.0,,,,,,1.0,1.0,,,,,,,1.0,,
415987,,,,,,,,28.0,,7.0,,,,,,6.0,4.0,,,,,,,2.0,,
416458,,,,,,,,46.0,,13.0,,,,,,2.0,5.0,1.0,,,,3.0,4.0,7.0,4.0,
416801,,,,,,,,48.0,,22.0,,,,,,1.0,4.0,,,,,16.0,,5.0,,
417008,,,,,,,,19.0,,10.0,,,,,,3.0,,,,,,,1.0,3.0,1.0,
417062,,,,,,,,6.0,,4.0,,,,,,1.0,,,,,,,,1.0,,
417105,,,,,,,,45.0,,16.0,,,,,,4.0,,,,,,10.0,,14.0,,
417123,,,,,,,,21.0,,9.0,,,,,,1.0,2.0,,,,,1.0,,6.0,,
417248,,,,,,,,4.0,,,,,,,,4.0,,,,,,0.0,,,,
417275,,,,,,,,8.0,,4.0,,,,,,4.0,,,,,,,,0.0,,
417327,,,,,,,,24.0,,6.0,,,,,,7.0,1.0,1.0,4.0,,,,,3.0,,
417442,,,,,,,,23.0,,15.0,,,,,,2.0,3.0,,,,,,,2.0,,
417503,,,,,,,,33.0,,19.0,,,,,,3.0,1.0,2.0,1.0,,,2.0,3.0,2.0,,
417600,,,,,,,,3.0,,3.0,,,,,,,0.0,,,,,,,,,
417628,,,,,,,,21.0,,14.0,,,,,,1.0,,,,,,,,2.0,2.0,
417637,,,,,,,,19.0,,9.0,,,,,,5.0,,0.0,,,,0.0,,2.0,,
417646,,,,,,,,4.0,,3.0,,,,,,0.0,,,0.0,,,,,1.0,,
417655,,,,,,,,6.0,,4.0,,,,,,1.0,,,,,,,,1.0,,
417682,,,,,,,,9.0,,3.0,,,,,,3.0,1.0,,1.0,,,,,1.0,,
417716,,,,,,,,21.0,,12.0,,,,,,3.0,2.0,,1.0,,,,,2.0,,
417725,,,,,,,,6.0,,3.0,,,,,,,,,,,,,,3.0,,
417734,,,,,,,,36.0,,20.0,,,,,,8.0,,,1.0,,,,,4.0,,
417752,,,,,,,,11.0,,4.0,,,,,,2.0,,,,,,,,1.0,,
417831,,,,,,,,7.0,,4.0,,,,,,,,,,,,,,2.0,,
417840,,,,,,,,41.0,,21.0,,,,,,5.0,2.0,,,,,1.0,2.0,4.0,,
417868,,,,,,,,106.0,,9.0,,,,,,6.0,10.0,,,,,13.0,,6.0,,
417886,,,,,,,,6.0,,4.0,,,,,,2.0,0.0,,,,,,,,,
417910,,,,,,,,18.0,,6.0,,,,,,1.0,3.0,0.0,,,,2.0,,3.0,,
417983,,,,,,,,9.0,,6.0,,,,,,1.0,,,,1.0,,,,1.0,,
417992,,,,,,,,5.0,,3.0,,,,,,,,,,,,,,1.0,,
418001,,,,,,,,8.0,,4.0,,,,,,1.0,1.0,,,,,,,1.0,,
418010,,,,,,,,9.0,,7.0,,,,,,1.0,,,,,,,,1.0,,
418029,,,,,,,,5.0,,3.0,,,,,,1.0,,,,,,,,,,
418038,,,,,,,,18.0,,6.0,,,,,,2.0,2.0,0.0,3.0,0.0,,1.0,,2.0,,
418056,,,,,,,,6.0,,3.0,,,,,,2.0,,,,,,,,1.0,,
418065,,,,,,,,19.0,,10.0,,,,,,3.0,,,,,,,,5.0,,
418083,,,,,,,,3.0,,2.0,,,,,,,,,,,,,,1.0,,
418126,,,,,,,,31.0,,21.0,,,,,,1.0,1.0,,,,,,1.0,1.0,,
418171,,,,,,,,6.0,,2.0,,,,,,4.0,,,,,,,,,,
418199,,,,,,,,4.0,,2.0,,,,,,0.0,,,,,,,,1.0,,
418205,,,,,,,,60.0,,48.0,,,,,,6.0,2.0,,,,,,,2.0,,
418223,,,,,,,,16.0,,9.0,,,,,,2.0,1.0,1.0,,,,,,2.0,,
418250,,,,,,,,27.0,,15.0,,,,,,1.0,2.0,3.0,0.0,1.0,,,0.0,3.0,1.0,
418269,,,,,,,,15.0,,7.0,,,,,,1.0,,,,,,,2.0,2.0,,
418278,,,,,,,,24.0,,12.0,,,,,,4.0,,,,,,,,1.0,,
418296,,,,,,,,172.0,,54.0,,,,,,17.0,1.0,4.0,1.0,,,14.0,,22.0,,18.0
418302,,,,,,,,118.0,,39.0,,,,,,6.0,7.0,3.0,5.0,1.0,,19.0,,21.0,,
418320,,,,,,,,110.0,,47.0,,,,,,7.0,9.0,2.0,,,,15.0,,8.0,2.0,1.0
418348,,,,,,,,70.0,,21.0,,,,,,6.0,1.0,3.0,,,,19.0,,8.0,6.0,2.0
418357,,,,,,,,40.0,,11.0,,,,,,4.0,1.0,2.0,,,,,,5.0,7.0,
418409,,,,,,,,22.0,,12.0,,,,,,3.0,,,,,,,,7.0,,
418427,,,,,,,,11.0,,8.0,,,,,,1.0,,,,,,,,2.0,,
418445,,,,,,,,4.0,,2.0,,,,,,1.0,0.0,,,,,,,0.0,,
418454,,,,,,,,48.0,,26.0,,,,,,5.0,1.0,,,,,1.0,,4.0,6.0,
418481,,,,,,,,2.0,,1.0,,,,,,1.0,,,,,,,,,,
418515,,,,,,,,11.0,,6.0,,,,,,2.0,1.0,,,,,,,2.0,,
418524,,,,,,,,8.0,,5.0,,,,,,1.0,,,,,,,,2.0,,
418533,,,,,,,,170.0,,96.0,,,,,,18.0,3.0,3.0,6.0,,,22.0,,23.0,,
418542,,,,,,,,60.0,,32.0,,,,,,5.0,3.0,1.0,2.0,1.0,,3.0,,5.0,1.0,1.0
418560,,,,,,,,48.0,,31.0,,,,,,3.0,1.0,1.0,1.0,,,3.0,,6.0,1.0,
418588,,,,,,,,4.0,,2.0,,,,,,1.0,,,,,,,,1.0,,
418612,,,,,,,,4.0,,2.0,,,,,,1.0,,,,,,,,1.0,,
418658,,,,,,,,36.0,,23.0,,,,,,5.0,2.0,,4.0,,,0.0,,,1.0,
418764,,,,,,,,6.0,,2.0,,,,,,1.0,1.0,,,,,,,1.0,,
418773,,,,,,,,35.0,,14.0,,,,,,8.0,2.0,,,,,0.0,5.0,0.0,3.0,
418782,,,,,,,,26.0,,9.0,,,,,,2.0,,,,,,,,8.0,2.0,
418889,,,,,,,,11.0,,3.0,,,,,,4.0,,,,,,2.0,,1.0,,
418913,,,,,,,,6.0,,1.0,,,,,,,2.0,,,,,1.0,,2.0,,
418968,,,,,,,,13.0,,8.0,,,,,,2.0,1.0,,,,,,1.0,,,
419031,,,,,,,,5.0,,2.0,,,,,,1.0,0.0,,,,,1.0,,0.0,,
419095,,,,,,,,9.0,,8.0,,,,,,,,,,,,,,1.0,,
419183,,,,,,,,9.0,,6.0,,,,,,2.0,1.0,,,,,,,,,
419217,,,,,,,,13.0,,8.0,,,,,,1.0,,,,,,,,3.0,,
419226,,,,,,,,131.0,,84.0,,,,,,11.0,6.0,1.0,1.0,2.0,,6.0,,12.0,,
419235,,,,,,,,18.0,,7.0,,,,,,4.0,4.0,1.0,,,,1.0,,1.0,,
419244,,,,,,,,22.0,,7.0,,,,,,2.0,1.0,1.0,,,,,,,,
419253,,,,,,,,18.0,,9.0,,,,,,2.0,,,,,,,2.0,1.0,,
419280,,,,,,,,2.0,,2.0,,,,,,,,,,,,,,,,
419332,,,,,,,,52.0,,27.0,,,,,,3.0,1.0,1.0,1.0,,,7.0,,5.0,,
419341,,,,,,,,5.0,,3.0,,,,,,2.0,,,,,,,,,,
419420,,,,,,,,37.0,,4.0,,,,,,2.0,2.0,,,,,3.0,,2.0,,
419484,,,,,,,,3.0,,1.0,,,,,,1.0,,,,,,,,1.0,,
419633,,,,,,,,7.0,,4.0,,,,,,1.0,1.0,,,,,,,1.0,,
419703,,,,,,,,54.0,,19.0,,,,,,5.0,,,,,,,,22.0,3.0,
419712,,,,,,,,16.0,,6.0,,,,,,2.0,,,,,,,,6.0,,
419721,,,,,,,,31.0,,14.0,,,,,,2.0,,,,,,,,9.0,2.0,
420024,,,,,,,,25.0,,8.0,,,,,,7.0,,,,,,,,10.0,,
420130,,,,,,,,28.0,,16.0,,,,,,5.0,1.0,,,,,,2.0,2.0,,
420246,,,,,,,,130.0,,33.0,1.0,,,,,27.0,2.0,4.0,1.0,22.0,,7.0,,23.0,,
420255,,,,,,,,8.0,,4.0,,,,,,1.0,1.0,,,,,,,1.0,0.0,
420325,,,,,,,,8.0,,5.0,,,,,,1.0,0.0,,,,,1.0,,0.0,,
420343,,,,,,,,49.0,,29.0,,,,,,11.0,,1.0,,,,,,5.0,,
420370,,,,,,,,49.0,,12.0,,,,,,6.0,2.0,1.0,,,,,13.0,3.0,,
420398,,,,,,,,581.0,,309.0,,,,,,11.0,23.0,27.0,12.0,,,15.0,,34.0,9.0,
420431,,,,,,,,188.0,,86.0,,,,,,12.0,16.0,6.0,1.0,,,23.0,,33.0,,
420440,,,,,,,,74.0,,45.0,,,,,,10.0,4.0,1.0,1.0,,,2.0,,1.0,1.0,
420468,,,,,,,,32.0,,23.0,,,,,,2.0,0.0,,,,,,,3.0,,
420538,,,,,,,,131.0,,57.0,,,,,,17.0,3.0,4.0,,,,12.0,,17.0,3.0,
420556,,,,,,,,97.0,,43.0,,,,,,19.0,1.0,3.0,6.0,,,5.0,1.0,9.0,,
420705,,,,,,,,6.0,,0.0,,,,,,3.0,1.0,,,,,,,1.0,,
420723,,,,,,,,58.0,,22.0,,,,,,13.0,5.0,1.0,0.0,,,2.0,,5.0,,
420802,,,,,,,,34.0,,,2.0,,,,,6.0,5.0,2.0,8.0,,,,,8.0,,
420981,,,,,,,,39.0,,13.0,,,,,,7.0,2.0,2.0,,,,1.0,,6.0,,
421513,,,,,,,,9.0,,5.0,,,,,,3.0,,,,,,,,,,
421610,,,,,,,,7.0,,3.0,,,,,,2.0,,,,,,,1.0,1.0,0.0,
421665,,,,,,,,2.0,,1.0,,,,,,1.0,,,,,,,,,,
421708,,,,,,,,33.0,,14.0,,,,,,4.0,1.0,,1.0,,,,,3.0,,
421717,,,,,,,,6.0,,4.0,,,,,,1.0,,,,,,,,1.0,,
421771,,,,,,,,8.0,,3.0,,,,,,1.0,1.0,,,,,1.0,1.0,1.0,,
421832,,,,,,,,40.0,,22.0,,,,,,3.0,5.0,2.0,,,,1.0,2.0,1.0,1.0,
421841,,,,,,,,51.0,,20.0,,,,,,10.0,3.0,1.0,,,,3.0,6.0,8.0,,
421878,,,,,,,,46.0,,25.0,,,,,,7.0,4.0,2.0,1.0,,,,,3.0,2.0,
421896,,,,,,,,20.0,,4.0,,,,,,4.0,,,,,,2.0,,9.0,,1.0
422020,,,,,,,,15.0,,9.0,,,,,,3.0,,,,,,,,0.0,,
422695,,,,,,,,54.0,,27.0,,1.0,,,,7.0,1.0,0.0,,,,,,5.0,1.0,
422835,,,,,,,,19.0,,8.0,,,,,,4.0,2.0,,,,,,2.0,1.0,,
423120,,,,,,,,22.0,,8.0,,,,,,5.0,1.0,,,,,,,6.0,1.0,
423397,,,,,,,,21.0,,9.0,,,,,,1.0,1.0,,,,,0.0,4.0,4.0,1.0,
423412,,,,,,,,4.0,,2.0,,,,,,1.0,0.0,,,,,,,0.0,,
423643,,,,,,,,941.0,,312.0,29.0,2.0,,,,130.0,32.0,29.0,9.0,77.0,,119.0,,180.0,1.0,
423652,,,,,,,,66.0,,29.0,,,,,,12.0,3.0,2.0,6.0,,,5.0,,6.0,,
425250,,,,,,,,14.0,,8.0,,,,,,1.0,1.0,,,,,1.0,1.0,1.0,,
425986,,,,,,,,25.0,,12.0,,,,,,1.0,,1.0,,,,,4.0,,,
426314,,,,,,,,602.0,,269.0,,,,,,88.0,77.0,5.0,,,,1.0,,42.0,,
427308,,,,,,,,16.0,,8.0,,,,,,3.0,,1.0,,,,0.0,,2.0,1.0,
427335,,,,,,,,3.0,,2.0,,,,,,0.0,,,,,,,,1.0,,
427894,,,,,,,,11.0,,5.0,,,,,,1.0,,,,,,,1.0,1.0,,
427973,,,,,,,,31.0,,12.0,,,,,,4.0,,,,,,,,15.0,,
427982,,,,,,,,29.0,,12.0,,,,,,7.0,,,,,,,,10.0,,
427991,,,,,,,,98.0,,60.0,,,,,,6.0,,1.0,,,,6.0,,25.0,,
428000,,,,,,,,5.0,,,,,,,,,,,,,,2.0,1.0,2.0,,
428019,,,,,,,,31.0,,12.0,,,,,,4.0,2.0,1.0,1.0,,,,,3.0,5.0,
428055,,,,,,,,30.0,,12.0,,,,,,2.0,1.0,,,,,2.0,1.0,3.0,,
428125,,,,,,,,6.0,,2.0,,,,,,2.0,,,,,,1.0,,1.0,,
428143,,,,,,,,11.0,,4.0,,,,,,1.0,1.0,,,,,1.0,1.0,1.0,,
428170,,,,,,,,138.0,,72.0,,,,,,19.0,10.0,,,,,,,37.0,,
428259,,,,,,,,14.0,,11.0,,,,,,1.0,,,,,,,1.0,1.0,,
428392,,,,,,,,171.0,,60.0,,,,,,20.0,6.0,9.0,2.0,,,13.0,1.0,16.0,3.0,
428426,,,,,,,,141.0,,,2.0,,,,,42.0,25.0,21.0,12.0,,,16.0,,20.0,,3.0
428453,,,,,,,,319.0,,,,,,,,55.0,50.0,135.0,40.0,,,,,24.0,,
429012,,,,,,,,312.0,,167.0,,,,,,25.0,8.0,1.0,,,,29.0,6.0,13.0,49.0,8.0
429085,,,,,,,,23.0,,11.0,,1.0,,,,2.0,1.0,,,1.0,,,,6.0,,
429094,,,,,,,,39.0,,14.0,,,,,,4.0,2.0,,1.0,,,2.0,4.0,6.0,,
429128,,,,,,,,35.0,,22.0,,,,,,4.0,1.0,,,,,,,1.0,,
430227,,,,,,,,6.0,,4.0,,,,,,1.0,,,,,,,,,,
430306,,,,,,,,8.0,,,,,,,,1.0,,,,,,,,3.0,,
430403,,,,,,,,31.0,,19.0,,,,,,4.0,1.0,,,,,,2.0,3.0,,
430485,,,,,,,,6.0,,2.0,,,,,,3.0,1.0,,,,,,,,,
430564,,,,,,,,5.0,,2.0,,,,,,1.0,0.0,,,,,,,1.0,,
430582,,,,,,,,37.0,,10.0,,,,,,6.0,2.0,,,,,,2.0,9.0,,
430670,,,,,,,,145.0,,61.0,,,,,,11.0,13.0,2.0,,1.0,,6.0,,14.0,24.0,
430704,,,,,,,,22.0,,10.0,,,,,,,1.0,0.0,,,,,1.0,7.0,1.0,
430795,,,,,,,,17.0,,11.0,,,,,,1.0,2.0,1.0,,,,,,1.0,,
430883,,,,,,,,4.0,,3.0,,,,,,,0.0,,,,,,,1.0,,
430908,,,,,,,,17.0,,9.0,,,,,,2.0,2.0,1.0,,,,,,2.0,,
430935,,,,,,,,58.0,,29.0,,,,,,10.0,,,,,,,,8.0,,
430971,,,,,,,,9.0,,5.0,,,,,,1.0,0.0,,,,,,,2.0,,
431017,,,,,,,,48.0,,23.0,,,,,,7.0,3.0,1.0,,,,1.0,2.0,9.0,,
431071,,,,,,,,11.0,,4.0,,,,,,1.0,2.0,1.0,,,,,1.0,2.0,,
431099,,,,,,,,3.0,,3.0,,,,,,,,,,,,,,,,
431105,,,,,,,,10.0,,6.0,,,,,,,,,,,,,,4.0,,
431123,,,,,,,,33.0,,13.0,,,,,,4.0,,,,,,5.0,,11.0,,1.0
431141,,,,,,,,189.0,,93.0,,,,,,21.0,13.0,9.0,,,,4.0,12.0,13.0,,
431169,,,,,,,,17.0,,9.0,,,,,,2.0,,,,,,,,3.0,3.0,
431187,,,,,,,,21.0,,10.0,,,,,,1.0,1.0,,,1.0,,,,4.0,3.0,
431196,,,,,,,,14.0,,8.0,,,,,,1.0,2.0,,,,,,,2.0,,
431266,,,,,,,,7.0,,7.0,,,,,,,,,,,,,,0.0,,
431275,,,,,,,,8.0,,6.0,,,,,,,,,,,,,,1.0,,
431284,,,,,,,,4.0,,2.0,,,,,,,1.0,,,,,,,1.0,,
431558,,,,,,,,41.0,,19.0,,,,,,2.0,3.0,2.0,,,,4.0,,3.0,,
431600,,,,,,,,17.0,,14.0,,,,,,1.0,1.0,,,,,,,1.0,,
431716,,,,,,,,252.0,,20.0,,,,,,15.0,2.0,6.0,17.0,6.0,,19.0,,39.0,3.0,2.0
431929,,,,,,,,27.0,,11.0,,,,,,2.0,,,2.0,,,,,2.0,1.0,
431983,,,,,,,,15.0,,5.0,,,,,,1.0,,,,,,8.0,,1.0,,
432117,,,,,,,,19.0,,12.0,,,,,,1.0,,,,,,,1.0,2.0,,
432144,,,,,,,,107.0,,,,,,,,36.0,18.0,15.0,1.0,,,,,37.0,,
432269,,,,,,,,9.0,,6.0,,,,,,1.0,,,,,,,,,,
432348,,,,,,,,58.0,,20.0,,,,,,1.0,1.0,,,,,8.0,,13.0,,
432384,,,,,,,,62.0,,27.0,,,,,,11.0,,,,,,,,7.0,,
432524,,,,,,,,27.0,,12.0,,,,,,2.0,3.0,,,,,,,9.0,,
433004,,,,,,,,89.0,,47.0,3.0,,,,,8.0,5.0,3.0,2.0,,,,7.0,6.0,1.0,
433013,,,,,,,,73.0,,33.0,,,,,,4.0,,,,,,3.0,12.0,20.0,1.0,
433040,,,,,,,,8.0,,6.0,,,,,,1.0,1.0,,,,,,,,,
433068,,,,,,,,122.0,,27.0,,,,,,15.0,,14.0,3.0,9.0,,15.0,,15.0,10.0,
433101,,,,,,,,58.0,,28.0,,,,,,16.0,1.0,1.0,,,,,,9.0,,
433138,,,,,,,,45.0,,28.0,,,,,,4.0,,,,,,,,6.0,,
433174,,,,,,,,62.0,,33.0,,,,,,12.0,2.0,1.0,2.0,,,,,5.0,,
433387,,,,,,,,6390.0,,3432.0,,,,,,583.0,350.0,394.0,807.0,,,,,72.0,,
433420,,,,,,,,94.0,,33.0,,,,,,5.0,9.0,1.0,1.0,,,28.0,5.0,6.0,6.0,
433536,,,,,,,,16.0,,7.0,,,,,,1.0,,1.0,,,,,,1.0,,
433660,,,,,,,,1549.0,,600.0,,,,,,155.0,135.0,105.0,148.0,14.0,,40.0,2.0,187.0,35.0,
434016,,,,,,,,56.0,,9.0,1.0,,,,,19.0,2.0,1.0,2.0,,,10.0,,5.0,,
434061,,,,,,,,416.0,,199.0,,,,,,54.0,99.0,1.0,1.0,,,4.0,,33.0,19.0,
434140,,,,,,,,68.0,,39.0,,,,,,3.0,,,,,,,,19.0,,
434159,,,,,,,,29.0,,14.0,,,,,,10.0,,0.0,,,,,,4.0,,
434274,,,,,,,,23.0,,7.0,,,,,,6.0,2.0,,,,,6.0,,2.0,,
434283,,,,,,,,22.0,,6.0,,,,,,2.0,1.0,,,,,10.0,,1.0,,
434292,,,,,,,,5.0,,1.0,,,,,,1.0,0.0,,,,,1.0,,0.0,1.0,
434308,,,,,,,,24.0,,14.0,,,,,,1.0,2.0,,,,,,3.0,1.0,,
434344,,,,,,,,33.0,,17.0,,,,,,3.0,2.0,,,,,,,11.0,,
434362,,,,,,,,5.0,,2.0,,,,,,1.0,,,,,,,,2.0,,
434432,,,,,,,,4.0,,2.0,1.0,,,,,1.0,,,,,,1.0,,,,
434441,,,,,,,,25.0,,6.0,1.0,2.0,,,,12.0,,,,,,,,4.0,,
434469,,,,,,,,45.0,,8.0,,,,,,2.0,10.0,3.0,,3.0,,,,16.0,2.0,
434496,,,,,,,,8.0,,5.0,,,,,,1.0,1.0,,,,,,1.0,,,
434539,,,,,,,,15.0,,7.0,,,,,,5.0,,,,,,,,3.0,,
434584,,,,,,,,86.0,,18.0,,,,,,14.0,5.0,2.0,5.0,,,,,14.0,5.0,
434672,,,,,,,,1703.0,,581.0,,90.0,,,,66.0,84.0,62.0,118.0,1.0,,162.0,,264.0,46.0,11.0
434715,,,,,,,,24.0,,10.0,,,,,,1.0,3.0,,,,,,,8.0,,
434751,,,,,,,,41.0,,7.0,,,,,,5.0,1.0,2.0,4.0,,,5.0,,8.0,,
434821,,,,,,,,66.0,,32.0,,,,,,6.0,8.0,,,,,,,5.0,,
434830,,,,,,,,19.0,,8.0,,,,,,5.0,1.0,,,,,,2.0,3.0,0.0,
434900,,,,,,,,43.0,,24.0,,,,,,3.0,1.0,2.0,,,,,4.0,3.0,,
434937,,,,,,,,7.0,,7.0,,,,,,,,,,,,,,1.0,,
435000,,,,,,,,1088.0,,433.0,6.0,,,,,220.0,98.0,83.0,9.0,77.0,,48.0,,76.0,5.0,2.0
436003,,,,,,,,10.0,,5.0,,,,,,1.0,3.0,,,,,,,1.0,,
436030,,,,,,,,20.0,,10.0,,,,,,6.0,,,,,,,1.0,2.0,1.0,
436100,,,,,,,,12.0,,3.0,,,,,,2.0,1.0,,,,,6.0,,,,
436261,,,,,,,,12.0,,7.0,,,,,,2.0,,,,,,,,2.0,,
436304,,,,,,,,143.0,,78.0,,2.0,,,,11.0,40.0,,,,,3.0,,3.0,2.0,
436429,,,,,,,,486.0,,182.0,,,,,,38.0,11.0,27.0,12.0,,,4.0,,103.0,10.0,
436553,,,,,,,,29.0,,9.0,,,,,,4.0,2.0,1.0,,,,1.0,2.0,7.0,2.0,
436599,,,,,,,,9.0,,6.0,,,,,,2.0,,,,,,,,1.0,,
436614,,,,,,,,24.0,,10.0,,,,,,3.0,1.0,,,,,,,5.0,,
436632,,,,,,,,15.0,,6.0,,,,,,1.0,2.0,,,,,,3.0,2.0,,
436641,,,,,,,,9.0,,4.0,,,,,,,2.0,,3.0,,,,,0.0,,
436650,,,,,,,,21.0,,7.0,,,,,,2.0,,,,,,1.0,4.0,4.0,,
436775,,,,,,,,20.0,,10.0,,,,,,3.0,3.0,,,,,,,4.0,,
437097,,,,,,,,34.0,,24.0,,,,,,4.0,1.0,1.0,,,,1.0,,3.0,,
437103,,,,,,,,415.0,,209.0,,,,,,62.0,68.0,8.0,6.0,,,37.0,,13.0,6.0,2.0
437237,,,,,,,,22.0,,9.0,,,,,,5.0,2.0,,,,,1.0,,2.0,,
437556,,,,,,,,67.0,,27.0,,,,,,7.0,5.0,2.0,3.0,,,,,0.0,3.0,
437608,,,,,,,,17.0,,6.0,,,,,,2.0,1.0,1.0,1.0,,,1.0,,2.0,1.0,
437635,,,,,,,,50.0,,28.0,,,,,,7.0,,,,,,,,3.0,,
437705,,,,,,,,5.0,,4.0,,,,,,0.0,0.0,,,,,,,,,
437723,,,,,,,,22.0,,8.0,,,,,,3.0,,,1.0,,,11.0,,,,
437732,,,,,,,,28.0,,13.0,,,,,,3.0,,,,,,,,2.0,,
437750,,,,,,,,17.0,,4.0,,,,,,8.0,3.0,,,,,,,3.0,,
437769,,,,,,,,24.0,,8.0,,,,,,4.0,4.0,,,,,2.0,2.0,3.0,,
437778,,,,,,,,22.0,,9.0,,,,,,2.0,,,,,,,3.0,6.0,1.0,
437857,,,,,,,,18.0,,11.0,,,,,,1.0,4.0,,,,,,,2.0,,
437936,,,,,,,,56.0,,31.0,,,,,,10.0,,,,,,,,1.0,,
438151,,,,,,,,38.0,,19.0,,,,,,4.0,5.0,1.0,,,,,,1.0,,
438179,,,,,,,,27.0,,5.0,,,,,,8.0,,,,,,,,1.0,,
438221,,,,,,,,17.0,,6.0,,,,,,4.0,1.0,,,,,0.0,2.0,1.0,,
438258,,,,,,,,30.0,,11.0,,,,,,8.0,,,,,,,,1.0,,
438285,,,,,,,,19.0,,10.0,,,,,,1.0,2.0,,,,,,2.0,1.0,,
438337,,,,,,,,15.0,,9.0,,,,,,2.0,,,,,,,1.0,2.0,1.0,
438498,,,,,,,,208.0,,112.0,,,,,,13.0,5.0,7.0,,,,,,12.0,,
438504,,,,,,,,64.0,,30.0,,,,,,8.0,23.0,1.0,,,,,,,2.0,
438586,,,,,,,,88.0,,14.0,,,,,,7.0,10.0,1.0,,,,3.0,40.0,,,
438665,,,,,,,,128.0,,0.0,,,,,,17.0,29.0,22.0,2.0,,,3.0,,43.0,,
438674,,,,,,,,5.0,,4.0,,,,,,,,,,,,,,1.0,,
438708,,,,,,,,56.0,,32.0,,,,,,9.0,1.0,1.0,2.0,,,,,8.0,1.0,
438735,,,,,,,,24.0,,12.0,,,,,,3.0,,,,,,,,10.0,,
438869,,,,,,,,3.0,,2.0,,,,,,,,,,,,,,,,
438984,,,,,,,,10.0,,3.0,,,,,,2.0,0.0,,0.0,,,1.0,,1.0,0.0,
439020,,,,,,,,8.0,,4.0,,,,,,2.0,2.0,,,,,,,,,
439118,,,,,,,,24.0,,7.0,,,,,,8.0,,,,,,,,,,
439154,,,,,,,,233.0,,,,,,,,70.0,18.0,56.0,17.0,,,,,70.0,1.0,0.0
439190,,,,,,,,178.0,,80.0,,,,,,27.0,7.0,11.0,20.0,,,,,27.0,,
439288,,,,,,,,103.0,,56.0,,,,,,16.0,4.0,2.0,8.0,1.0,,9.0,1.0,3.0,,
439367,,,,,,,,80.0,,31.0,,,,,,18.0,,,,,,,,9.0,,
439394,,,,,,,,15.0,,6.0,,,,,,6.0,,,,,,,,2.0,,
439446,,,,,,,,16.0,,6.0,,,,,,1.0,3.0,,,,,,1.0,4.0,,
439455,,,,,,,,31.0,,17.0,,,,,,5.0,1.0,2.0,,,,,,1.0,,
439473,,,,,,,,23.0,,5.0,,,,,,4.0,1.0,,,,,1.0,2.0,4.0,4.0,
439491,,,,,,,,31.0,,17.0,,,,,,4.0,1.0,,,,,1.0,,2.0,,
439507,,,,,,,,23.0,,5.0,,,,,,4.0,2.0,,,,,,6.0,2.0,,
439570,,,,,,,,58.0,,23.0,,,,,,7.0,8.0,1.0,2.0,,,,6.0,4.0,4.0,
439622,,,,,,,,26.0,,15.0,,,,,,2.0,2.0,,,2.0,,,,4.0,,
439668,,,,,,,,22.0,,11.0,,,,,,1.0,,,,,,,4.0,2.0,,
439686,,,,,,,,12.0,,3.0,,,,,,3.0,3.0,,,,,,,3.0,,
439701,,,,,,,,89.0,,27.0,,,,,,21.0,5.0,6.0,3.0,,,2.0,1.0,11.0,,
439738,,,,,,,,31.0,,19.0,,,,,,4.0,3.0,,4.0,,,,,1.0,,
439747,,,,,,,,5.0,,3.0,,,,,,1.0,,,,,,1.0,,,,
439774,,,,,,,,18.0,,4.0,,,,,,3.0,1.0,,,,,5.0,,3.0,,
439783,,,,,,,,24.0,,14.0,,,,,,3.0,2.0,,,1.0,,,,1.0,,
439792,,,,,,,,33.0,,16.0,,,,,,9.0,3.0,,4.0,,,,,1.0,,
439817,,,,,,,,15.0,,6.0,,,,,,3.0,2.0,,1.0,,,,,3.0,,
439844,,,,,,,,7.0,,5.0,,,,,,1.0,0.0,,,,,,,0.0,,
439862,,,,,,,,11.0,,2.0,,,,,,1.0,1.0,,,,,,,3.0,0.0,
439871,,,,,,,,5.0,,3.0,,,,,,,0.0,,,,,,,2.0,,
439899,,,,,,,,17.0,,3.0,,,,,,4.0,1.0,,2.0,1.0,,2.0,1.0,2.0,0.0,
439914,,,,,,,,12.0,,8.0,,,,,,2.0,1.0,,,0.0,,,,0.0,,
439932,,,,,,,,6.0,,3.0,,,,,,1.0,1.0,,,,,,,1.0,,
439969,,,,,,,,24.0,,11.0,,,,,,3.0,2.0,,,,,,2.0,5.0,1.0,
440004,,,,,,,,6.0,,4.0,,,,,,,,,,,,,,1.0,,
440031,,,,,,,,150.0,,64.0,13.0,,,,,23.0,1.0,6.0,,,,,,20.0,4.0,
440059,,,,,,,,97.0,,48.0,,,,,,9.0,,,,,,,,40.0,,
440101,,,,,,,,7.0,,5.0,,,,,,1.0,,,,,,,,0.0,,
440138,,,,,,,,108.0,,1.0,,,,,,42.0,9.0,22.0,4.0,,,,,26.0,,
440217,,,,,,,,11.0,,2.0,,,,,,3.0,1.0,,,,,,,1.0,4.0,
440226,,,,,,,,8.0,,3.0,,,,,,3.0,1.0,,,,,,,,,
440262,,,,,,,,63.0,,16.0,,,,,,12.0,6.0,1.0,2.0,,,2.0,7.0,10.0,2.0,
440271,,,,,,,,10.0,,5.0,,,,,,2.0,1.0,,,,,,2.0,,,
440402,,,,,,,,196.0,,94.0,,,,,,26.0,3.0,6.0,12.0,,,17.0,,29.0,3.0,
440651,,,,,,,,73.0,,24.0,,,,,,13.0,,1.0,3.0,,,,,17.0,5.0,
440730,,,,,,,,30.0,,19.0,,,,,,3.0,2.0,,,,,,,6.0,,
440749,,,,,,,,4.0,,2.0,,,,,,1.0,,,,,,,,,,
440776,,,,,,,,8.0,,0.0,,,,,,1.0,,,,,,,2.0,4.0,,
440794,,,,,,,,103.0,,43.0,,,,,,11.0,10.0,1.0,4.0,,,,,7.0,,
440819,,,,,,,,1.0,,,,,,,,1.0,,,,,,,,,,
440855,,,,,,,,11.0,,7.0,,,,,,1.0,,,,,,,2.0,1.0,,
440916,,,,,,,,112.0,,43.0,,,,,,22.0,22.0,4.0,,,,,,16.0,2.0,
440989,,,,,,,,41.0,,12.0,,,,,,9.0,2.0,1.0,,,,2.0,,7.0,,
441025,,,,,,,,25.0,,14.0,,,,,,4.0,,,,,,,3.0,1.0,,
441052,,,,,,,,87.0,,33.0,,,,,,23.0,5.0,1.0,3.0,,,,,16.0,1.0,
441070,,,,,,,,23.0,,11.0,1.0,,,,,2.0,1.0,1.0,1.0,,,,,,,
441104,,,,,,,,86.0,,22.0,0.0,10.0,,,,2.0,7.0,2.0,17.0,,,,,5.0,1.0,
441131,,,,,,,,69.0,,23.0,,,,,,15.0,5.0,1.0,5.0,,,,,5.0,,
441168,,,,,,,,7.0,,3.0,,,,,,1.0,,,,,,,1.0,1.0,,
441210,,,,,,,,37.0,,11.0,,,,,,7.0,,,,7.0,,3.0,,,1.0,
441229,,,,,,,,160.0,,76.0,,,,,,7.0,4.0,,,,,,,36.0,,
441238,,,,,,,,6.0,,,,,,,,4.0,1.0,,,,,,,1.0,,
441256,,,,,,,,6.0,,4.0,,,,,,1.0,1.0,,,,,,,,,
441371,,,,,,,,2082.0,,311.0,,,,,,190.0,27.0,71.0,5.0,,,4.0,152.0,670.0,,
441380,,,,,,,,15.0,,5.0,,,,,,3.0,2.0,,,,,,,5.0,,
441414,,,,,,,,82.0,,42.0,,,,,,4.0,2.0,2.0,5.0,,,7.0,,19.0,,
441423,,,,,,,,24.0,,8.0,,,,,,6.0,1.0,,,,,,4.0,5.0,,
441487,,,,,,,,8.0,,2.0,,,,,,2.0,,,,,,,0.0,1.0,,
441496,,,,,,,,27.0,,14.0,,,,,,4.0,,,,,,,,9.0,,
441502,,,,,,,,33.0,,19.0,,,,,,5.0,1.0,,,,,1.0,,0.0,,
441548,,,,,,,,11.0,,5.0,,,,,,2.0,,,,,,,0.0,,,
441575,,,,,,,,50.0,,17.0,,,,,,7.0,4.0,1.0,1.0,,,2.0,14.0,4.0,,
441593,,,,,,,,10.0,,2.0,,,,,,3.0,2.0,1.0,,,,,,2.0,,
441609,,,,,,,,23.0,,12.0,,,,,,,3.0,,,,,7.0,,1.0,,
441618,,,,,,,,5.0,,3.0,,,,,,,,,,,,,,2.0,,
441636,,,,,,,,54.0,,30.0,,,,,,4.0,5.0,,,,,,4.0,6.0,,
441645,,,,,,,,22.0,,10.0,,,,,,2.0,2.0,0.0,,,,1.0,3.0,1.0,0.0,1.0
441663,,,,,,,,37.0,,22.0,,,,,,4.0,,1.0,,,,,3.0,4.0,,
441672,,,,,,,,42.0,,23.0,,,,,,3.0,3.0,,,,,8.0,,3.0,,
441690,,,,,,,,33.0,,17.0,,,,,,4.0,3.0,,1.0,,,,,3.0,1.0,
441706,,,,,,,,13.0,,3.0,,,,,,2.0,0.0,,,,,,3.0,2.0,1.0,
441742,,,,,,,,61.0,,23.0,,,,,,15.0,1.0,,,,,,7.0,11.0,,
441760,,,,,,,,205.0,,116.0,,,,,,17.0,13.0,7.0,3.0,1.0,,,,13.0,3.0,
441788,,,,,,,,63.0,,29.0,,,,,,5.0,,,,,,,,29.0,,
441830,,,,,,,,42.0,,12.0,,,,,,5.0,2.0,,1.0,13.0,,4.0,2.0,1.0,,
441858,,,,,,,,37.0,,23.0,,,,,,10.0,1.0,1.0,,,,,,1.0,,
441876,,,,,,,,22.0,,10.0,,,,,,5.0,2.0,,,,,,2.0,3.0,,
441900,,,,,,,,398.0,,210.0,,,,,,60.0,18.0,17.0,54.0,2.0,,,,35.0,,
441937,,,,,,,,803.0,,290.0,,,,,,38.0,135.0,53.0,81.0,1.0,,67.0,,68.0,32.0,8.0
441982,,,,,,,,130.0,,51.0,,,,,,15.0,19.0,11.0,6.0,,,,,13.0,,
442064,,,,,,,,36.0,,21.0,,,,,,3.0,1.0,,1.0,,,,,6.0,1.0,
442073,,,,,,,,59.0,,33.0,,,,,,15.0,,,,,,0.0,,7.0,,
442134,,,,,,,,45.0,,28.0,,,,,,1.0,,,,,,,,11.0,,
442213,,,,,,,,13.0,,9.0,,,,,,1.0,0.0,,,,,,,,,
442240,,,,,,,,41.0,,26.0,,,,,,2.0,,,,,,,4.0,8.0,1.0,
442295,,,,,,,,75.0,,32.0,,,,,,9.0,5.0,3.0,2.0,,,,2.0,8.0,2.0,
442329,,,,,,,,64.0,,24.0,,,,,,8.0,,,,,,,17.0,7.0,8.0,
442356,,,,,,,,157.0,,76.0,,,,,,36.0,7.0,11.0,,1.0,,3.0,,8.0,,
442383,,,,,,,,16.0,,9.0,,,,,,2.0,2.0,,,,,,2.0,1.0,,
442392,,,,,,,,16.0,,10.0,,,,,,3.0,,,,,,,,0.0,,
442426,,,,,,,,45.0,,27.0,,,,,,6.0,2.0,1.0,,,,1.0,4.0,4.0,,
442435,,,,,,,,7.0,,1.0,,,,,,2.0,,,,,,,1.0,3.0,,
442444,,,,,,,,74.0,,46.0,,,,,,9.0,,,,,,1.0,,2.0,,
442523,,,,,,,,30.0,,6.0,,,,,,7.0,2.0,,,3.0,,2.0,,2.0,,1.0
442569,,,,,,,,356.0,,103.0,,,,,,65.0,38.0,13.0,3.0,,,,,7.0,,
442602,,,,,,,,30.0,,11.0,,,,,,9.0,,,,,,,,2.0,,
442611,,,,,,,,67.0,,33.0,,,,,,7.0,22.0,1.0,,,,,,2.0,2.0,
442657,,,,,,,,17.0,,10.0,,,,,,1.0,,,,,,,2.0,3.0,0.0,
442781,,,,,,,,111.0,,25.0,,,,,,20.0,4.0,5.0,11.0,,,13.0,,18.0,,3.0
442806,,,,,,,,1642.0,,1407.0,10.0,,,,,16.0,24.0,13.0,13.0,,,13.0,,45.0,,2.0
442842,,,,,,,,31.0,,13.0,,,,,,1.0,1.0,1.0,,,,1.0,,12.0,,
442879,,,,,,,,108.0,,29.0,,,,,,6.0,6.0,1.0,,,,3.0,3.0,2.0,2.0,
442888,,,,,,,,11.0,,3.0,,,,,,1.0,,,,,,,3.0,,,
442930,,,,,,,,67.0,,26.0,,,,,,7.0,2.0,1.0,7.0,1.0,,8.0,,14.0,1.0,
442949,,,,,,,,4.0,,,,,,,,1.0,1.0,,,,,,,,,
442967,,,,,,,,7.0,,4.0,,,,,,1.0,,,,,,,,2.0,,
442976,,,,,,,,9.0,,5.0,,,,,,3.0,,,,,,,,,,
442985,,,,,,,,13.0,,6.0,,,,,,,3.0,,,,,,2.0,,,
443021,,,,,,,,12.0,,8.0,,,,,,2.0,,,,,,2.0,,,,
443030,,,,,,,,6.0,,2.0,,,,,,2.0,0.0,,,,,,,1.0,,
443049,,,,,,,,28.0,,13.0,,,,,,2.0,8.0,,0.0,,,,,3.0,0.0,
443058,,,,,,,,12.0,,6.0,,,,,,2.0,1.0,,,,,,,0.0,,
443076,,,,,,,,30.0,,7.0,,,,,,2.0,4.0,,,,,7.0,,8.0,,
443100,,,,,,,,25.0,,4.0,,,,,,2.0,2.0,1.0,1.0,1.0,,3.0,,3.0,3.0,
443128,,,,,,,,35.0,,15.0,1.0,,,,,6.0,4.0,0.0,2.0,,,,,2.0,,
443137,,,,,,,,35.0,,15.0,,,,,,2.0,,,,,,,2.0,13.0,2.0,
443146,,,,,,,,11.0,,4.0,,,,,,2.0,1.0,,,,,,,4.0,,
443207,,,,,,,,29.0,,13.0,,,,,,5.0,1.0,2.0,1.0,,,,,,,
443216,,,,,,,,27.0,,5.0,,,,,,5.0,3.0,,,,,0.0,5.0,2.0,,
443225,,,,,,,,18.0,,2.0,,,,,,5.0,4.0,,,,,,4.0,1.0,,
443234,,,,,,,,18.0,,8.0,,,,,,1.0,1.0,,,,,,3.0,2.0,,
443252,,,,,,,,77.0,,34.0,,,,,,4.0,4.0,,,,,6.0,8.0,14.0,5.0,
443261,,,,,,,,48.0,,17.0,,,,,,9.0,3.0,,,,,,,19.0,,
443289,,,,,,,,24.0,,13.0,,,,,,2.0,1.0,,,,,,1.0,2.0,,
443298,,,,,,,,11.0,,1.0,,,,,,2.0,2.0,,,,,,,4.0,,
443322,,,,,,,,26.0,,14.0,,,,,,2.0,2.0,,,,,1.0,2.0,5.0,,
443331,,,,,,,,188.0,,107.0,,,,,,18.0,8.0,1.0,11.0,,,,,27.0,,
443340,,,,,,,,19.0,,12.0,,,,,,2.0,,,,,,,,4.0,,
443368,,,,,,,,49.0,,,,,,,,5.0,7.0,9.0,18.0,,,2.0,,8.0,,
443377,,,,,,,,17.0,,10.0,,,,,,1.0,,,,,,1.0,,1.0,,
443410,,,,,,,,208.0,,89.0,,,,,,44.0,9.0,16.0,14.0,,,12.0,1.0,20.0,,
443492,,,,,,,,139.0,,83.0,,,,,,12.0,4.0,6.0,10.0,,,0.0,,17.0,1.0,
443562,,,,,,,,63.0,,43.0,,,,,,2.0,1.0,1.0,,,,2.0,4.0,2.0,,
443571,,,,,,,,28.0,,7.0,,,,,,2.0,,,,,,,7.0,1.0,,
443599,,,,,,,,55.0,,21.0,,,,,,6.0,6.0,2.0,1.0,,,,6.0,3.0,,5.0
443632,,,,,,,,12.0,,6.0,,,,,,1.0,,,,,,,2.0,1.0,,
443641,,,,,,,,11.0,,5.0,,,,,,1.0,,,,,,,2.0,3.0,1.0,
443650,,,,,,,,32.0,,13.0,,,,,,4.0,1.0,,,,,,4.0,2.0,,
443669,,,,,,,,23.0,,11.0,,,,,,1.0,,,,,,,3.0,7.0,1.0,
443696,,,,,,,,5.0,,1.0,,,,,,1.0,,,,,,,1.0,2.0,,
443702,,,,,,,,14.0,,9.0,,,,,,2.0,,,1.0,,,,,2.0,,
443711,,,,,,,,388.0,,,,,,,,76.0,93.0,138.0,10.0,,,1.0,,53.0,17.0,
443748,,,,,,,,49.0,,23.0,,,,,,10.0,,,,,,,,15.0,,
443951,,,,,,,,10.0,,2.0,,,,,,2.0,0.0,0.0,0.0,,,0.0,0.0,1.0,1.0,0.0
443979,,,,,,,,19.0,,13.0,,,,,,,1.0,,,,,,2.0,3.0,,
444051,,,,,,,,10.0,,6.0,,,,,,1.0,,,,,,,2.0,,,
444088,,,,,,,,51.0,,28.0,,,,,,6.0,,,,,,,,4.0,,
444103,,,,,,,,17.0,,7.0,,,,,,1.0,1.0,,,,,,,,0.0,
444130,,,,,,,,353.0,,226.0,3.0,,,,,15.0,8.0,,2.0,,,,2.0,7.0,,
444194,,,,,,,,18.0,,6.0,,,,,,4.0,1.0,,,,,,2.0,4.0,1.0,
444219,,,,,,,,308.0,,188.0,,,,,,13.0,8.0,6.0,18.0,,,20.0,,42.0,,
444228,,,,,,,,3.0,,1.0,,,,,,1.0,,,,,,,,0.0,,
444255,,,,,,,,12.0,,6.0,,,,,,1.0,,,,,,,,2.0,,
444264,,,,,,,,25.0,,5.0,,,,,,7.0,3.0,,,,,1.0,4.0,3.0,1.0,
444282,,,,,,,,5.0,,3.0,,,,,,1.0,,,,,,,,,,
444291,,,,,,,,6.0,,4.0,,,,,,1.0,,,,,,,,,,
444307,,,,,,,,6.0,,4.0,,,,,,1.0,,,,,,,,,,
444316,,,,,,,,9.0,,6.0,,,,,,2.0,,,,,,,,1.0,,
444325,,,,,,,,14.0,,6.0,,,,,,2.0,,,,,,,,5.0,,
444334,,,,,,,,13.0,,5.0,,,,,,4.0,0.0,,,,,,,2.0,,
444343,,,,,,,,42.0,,10.0,,,,,,10.0,5.0,,,,,4.0,,4.0,,
444361,,,,,,,,16.0,,4.0,,,,,,4.0,,,,,,,,7.0,,
444370,,,,,,,,13.0,,4.0,,,,,,3.0,2.0,1.0,,,,,,1.0,,
444398,,,,,,,,31.0,,13.0,,,,,,1.0,4.0,0.0,1.0,,,,,1.0,1.0,
444404,,,,,,,,21.0,,3.0,,,,,,3.0,1.0,,,,,,1.0,3.0,,
444413,,,,,,,,9.0,,6.0,,,,,,,2.0,,,,,1.0,,,,
444440,,,,,,,,11.0,,2.0,,,,,,2.0,1.0,,,,,,,2.0,,
444468,,,,,,,,2.0,,1.0,,,,,,,,,,,,,,0.0,,
444486,,,,,,,,27.0,,16.0,,,,,,3.0,2.0,,,,,,4.0,2.0,,
444510,,,,,,,,9.0,,3.0,,,,,,2.0,2.0,,,,,,,2.0,,
444529,,,,,,,,26.0,,8.0,,,,,,11.0,,,,,,,,4.0,,
444556,,,,,,,,41.0,,18.0,,,,,,5.0,1.0,,,,,,12.0,1.0,,
444565,,,,,,,,76.0,,24.0,,,,,,11.0,3.0,,,,,16.0,11.0,10.0,,
444583,,,,,,,,50.0,,11.0,,,,,,16.0,3.0,1.0,4.0,,,8.0,,1.0,1.0,
444635,,,,,,,,11.0,,3.0,,,,,,2.0,1.0,,,,,,,1.0,,
444662,,,,,,,,8.0,,5.0,,,,,,1.0,1.0,,,,,,1.0,,,
444671,,,,,,,,24.0,,10.0,,,,,,3.0,2.0,,,,,1.0,,2.0,,
444699,,,,,,,,9.0,,6.0,,,,,,3.0,,,,,,,,,,
444714,,,,,,,,16.0,,7.0,,,,,,2.0,2.0,,,,,,2.0,0.0,,
444732,,,,,,,,16.0,,6.0,,,,,,2.0,3.0,,,,,1.0,1.0,0.0,0.0,
444778,,,,,,,,23.0,,14.0,,,,,,1.0,1.0,,,,,,,4.0,,
444787,,,,,,,,237.0,,97.0,,,,,,45.0,16.0,,1.0,6.0,,,,8.0,,
444796,,,,,,,,16.0,,3.0,,,,,,3.0,1.0,0.0,1.0,0.0,,1.0,2.0,1.0,0.0,0.0
444811,,,,,,,,27.0,,8.0,,,,,,4.0,8.0,1.0,,,,1.0,,,,
444857,,,,,,,,15.0,,8.0,,,,,,1.0,1.0,,,,,,,1.0,,
444866,,,,,,,,34.0,,12.0,,,,,,6.0,4.0,,,,,,,12.0,,
444893,,,,,,,,9.0,,2.0,,,,,,3.0,0.0,,1.0,,,,,1.0,,
444936,,,,,,,,9.0,,3.0,,,,,,1.0,,,,,,,,5.0,,
444945,,,,,,,,33.0,,14.0,,,,,,5.0,,,,,,2.0,,3.0,,
444954,,,,,,,,131.0,,72.0,,,,,,12.0,8.0,7.0,,,,4.0,,12.0,1.0,
445027,,,,,,,,1133.0,,349.0,,,,,,58.0,91.0,10.0,2.0,,,29.0,449.0,24.0,,
445054,,,,,,,,38.0,,11.0,17.0,,,,,5.0,1.0,1.0,,,,,,2.0,,
445133,,,,,,,,36.0,,14.0,,,,,,2.0,,1.0,,,,2.0,9.0,,,
445188,,,,,,,,1708.0,,462.0,104.0,2.0,,,,154.0,227.0,115.0,40.0,28.0,,186.0,,158.0,29.0,17.0
445203,,,,,,,,30.0,,13.0,,,,,,8.0,1.0,,,,,,4.0,3.0,,
445212,,,,,,,,25.0,,15.0,,,,,,2.0,,,,,,,3.0,3.0,2.0,
445230,,,,,,,,75.0,,46.0,,,,,,3.0,,,,,,,,16.0,,
445249,,,,,,,,51.0,,13.0,,,,,,13.0,2.0,,,,,,4.0,18.0,,
445258,,,,,,,,11.0,,5.0,,,,,,2.0,,,,,,1.0,,1.0,,
445267,,,,,,,,101.0,,59.0,,,,,,6.0,6.0,,12.0,,,,,8.0,,
445364,,,,,,,,33.0,,15.0,,,,,,1.0,4.0,,,,,,6.0,3.0,,
445461,,,,,,,,44.0,,17.0,,,,,,9.0,,,,,,,,17.0,,
445498,,,,,,,,11.0,,6.0,,,,,,1.0,1.0,,,,,,,3.0,,
445540,,,,,,,,7.0,,4.0,,,,,,1.0,1.0,,,,,,,1.0,,
445638,,,,,,,,14.0,,3.0,,,,,,4.0,2.0,,,,,,,2.0,,
445647,,,,,,,,15.0,,8.0,,,,,,2.0,,,,,,,,1.0,,
445656,,,,,,,,13.0,,7.0,,,,,,2.0,,,,,,,,1.0,,
445692,,,,,,,,55.0,,17.0,,,,,,7.0,5.0,4.0,,,,,,5.0,,
445708,,,,,,,,196.0,,89.0,,,,,,31.0,20.0,3.0,20.0,1.0,,13.0,1.0,7.0,4.0,
445735,,,,,,,,401.0,,161.0,6.0,,,,,41.0,25.0,24.0,3.0,5.0,,42.0,,54.0,12.0,
445744,,,,,,,,39.0,,20.0,,,,,,7.0,3.0,,5.0,,,,,2.0,,
445762,,,,,,,,28.0,,13.0,,,,,,4.0,,,,,,,,12.0,,
445780,,,,,,,,7.0,,3.0,,,,,,2.0,,,,,,1.0,,1.0,,
445799,,,,,,,,62.0,,30.0,,,,,,8.0,20.0,1.0,,,,,,1.0,2.0,
445841,,,,,,,,13.0,,8.0,,,,,,1.0,,,,,,,1.0,1.0,,
445850,,,,,,,,11.0,,5.0,,,,,,1.0,,,,,,,1.0,3.0,,
445869,,,,,,,,58.0,,24.0,,,,,,12.0,5.0,3.0,5.0,,,,,4.0,,
445911,,,,,,,,61.0,,40.0,,,,,,12.0,,,,,,,,7.0,,
445948,,,,,,,,155.0,,45.0,,,,,,8.0,4.0,3.0,5.0,,,12.0,26.0,20.0,8.0,
445957,,,,,,,,15.0,,7.0,,,,,,3.0,1.0,,,,,,1.0,1.0,,
446002,,,,,,,,14.0,,10.0,,,,,,4.0,,,,,,,,,,
446039,,,,,,,,22.0,,12.0,,0.0,,,,2.0,1.0,,,,,,,3.0,,
446048,,,,,,,,195.0,,73.0,,,,,,31.0,11.0,7.0,24.0,5.0,,11.0,0.0,8.0,8.0,0.0
446084,,,,,,,,13.0,,6.0,,,,,,2.0,1.0,1.0,1.0,,,,2.0,,,
446093,,,,,,,,11.0,,3.0,,,,,,2.0,1.0,,,,,,0.0,1.0,,
446109,,,,,,,,34.0,,24.0,,,,,,1.0,8.0,,,,,,,,,
446118,,,,,,,,91.0,,42.0,,,,,,11.0,8.0,,10.0,,,2.0,9.0,3.0,,
446127,,,,,,,,27.0,,13.0,,,,,,1.0,2.0,1.0,,,,,3.0,2.0,,
446136,,,,,,,,41.0,,10.0,,,,,,13.0,2.0,1.0,,,,,5.0,4.0,,
446163,,,,,,,,18.0,,1.0,,,,,,3.0,7.0,,,,,,,,,
446206,,,,,,,,5.0,,1.0,,,,,,0.0,3.0,,,,,,,,,
446224,,,,,,,,16.0,,9.0,,,,,,1.0,1.0,,,,,,1.0,2.0,,
446233,,,,,,,,46.0,,17.0,,,,,,9.0,2.0,,7.0,,,3.0,,6.0,1.0,
446242,,,,,,,,13.0,,7.0,,,,,,2.0,,,,,,,,1.0,,
446251,,,,,,,,13.0,,4.0,,,,,,1.0,,,,3.0,,2.0,1.0,1.0,,
446260,,,,,,,,64.0,,29.0,,,,,,7.0,4.0,1.0,,,,7.0,5.0,10.0,,
446288,,,,,,,,7.0,,2.0,,,,,,,,,,,,,2.0,3.0,,
446303,,,,,,,,14.0,,5.0,,,,,,4.0,1.0,0.0,,,,,2.0,1.0,0.0,
446349,,,,,,,,6.0,,3.0,,,,,,1.0,,,,,,,,1.0,,
446385,,,,,,,,87.0,,40.0,,,,,,3.0,3.0,2.0,,,,2.0,7.0,1.0,,4.0
446394,,,,,,,,55.0,,13.0,,1.0,,,,10.0,1.0,,,10.0,,11.0,0.0,,,3.0
446455,,,,,,,,10.0,,5.0,,,,,,1.0,,,,,,,1.0,,,
446516,,,,,,,,9.0,,3.0,,,,,,2.0,1.0,,,,,,,2.0,1.0,
446525,,,,,,,,23.0,,10.0,,,,,,1.0,,3.0,,,,,,3.0,,
446552,,,,,,,,163.0,,62.0,,,,,,25.0,4.0,1.0,,,,1.0,,7.0,,
446561,,,,,,,,227.0,,98.0,,,,,,37.0,4.0,,10.0,,,3.0,,19.0,,6.0
446589,,,,,,,,27.0,,12.0,,,,,,2.0,,,,,,,,12.0,,
446598,,,,,,,,9.0,,5.0,,,,,,2.0,1.0,,,,,,,,,
446604,,,,,,,,218.0,,170.0,,,,,,6.0,8.0,4.0,,,,27.0,,3.0,,
446613,,,,,,,,3.0,,3.0,,,,,,1.0,,,,,,,,,,
446640,,,,,,,,338.0,,202.0,9.0,1.0,,,,10.0,9.0,12.0,4.0,,,9.0,11.0,18.0,1.0,
446774,,,,,,,,214.0,,128.0,,,,,,11.0,10.0,6.0,8.0,,,22.0,2.0,21.0,,
446978,,,,,,,,40.0,,,,0.0,,,,10.0,8.0,1.0,15.0,,,,,6.0,,
447014,,,,,,,,39.0,,18.0,,,,,,3.0,2.0,,,,,1.0,,3.0,,
447023,,,,,,,,63.0,,38.0,,,,,,2.0,,,,,,3.0,,16.0,,
447050,,,,,,,,163.0,,78.0,,,,,,19.0,,,,,,,,3.0,,
447148,,,,,,,,10.0,,6.0,,,,,,2.0,,,,,,,,1.0,,
447166,,,,,,,,6.0,,3.0,,,,,,1.0,,,,,,,,1.0,,
447175,,,,,,,,6.0,,3.0,,,,,,1.0,,,,,,,,1.0,,
447263,,,,,,,,151.0,,81.0,,,,,,16.0,17.0,,,,,,7.0,10.0,,
447351,,,,,,,,27.0,,13.0,,,,,,6.0,,,,,,1.0,,,,
447379,,,,,,,,22.0,,12.0,,,,,,3.0,1.0,,,,,1.0,2.0,1.0,,
447421,,,,,,,,13.0,,4.0,,,,,,2.0,,,,,,,,1.0,,
447449,,,,,,,,10.0,,3.0,,,,,,2.0,1.0,,,,,2.0,1.0,1.0,,
447458,,,,,,,,25.0,,14.0,,,,,,1.0,,2.0,,,,,,5.0,,
447467,,,,,,,,20.0,,7.0,,,,,,3.0,,,,,,1.0,,3.0,,
447582,,,,,,,,115.0,,54.0,,,,,,7.0,6.0,5.0,1.0,,,8.0,,15.0,,
447591,,,,,,,,49.0,,26.0,,,,,,5.0,,,,,,,,3.0,,
447607,,,,,,,,63.0,,28.0,,,,,,6.0,1.0,,,,,,,28.0,,
447616,,,,,,,,49.0,,18.0,,,,,,8.0,1.0,,,,,,,22.0,,
447689,,,,,,,,907.0,,495.0,,,,,,132.0,23.0,27.0,34.0,1.0,,33.0,,68.0,14.0,
447698,,,,,,,,23.0,,10.0,,,,,,5.0,1.0,,,1.0,,,,2.0,,
447704,,,,,,,,14.0,,8.0,,,,,,1.0,2.0,,,,,,,3.0,,
447713,,,,,,,,12.0,,6.0,,,,,,1.0,1.0,,,,,,,2.0,,
447722,,,,,,,,8.0,,3.0,,,,,,1.0,1.0,,,,,,1.0,,,
447731,,,,,,,,29.0,,13.0,,,,,,3.0,1.0,,,,,,1.0,2.0,0.0,
447759,,,,,,,,24.0,,7.0,,,,,,4.0,2.0,,,,,6.0,2.0,3.0,1.0,
447768,,,,,,,,89.0,,31.0,,,,,,27.0,4.0,1.0,4.0,,,,,17.0,,
447777,,,,,,,,60.0,,22.0,,,,,,10.0,7.0,1.0,,,,,8.0,6.0,,
447795,,,,,,,,6.0,,2.0,,,,,,2.0,1.0,,,,,,,0.0,,
447801,,,,,,,,21.0,,9.0,,,,,,4.0,1.0,1.0,,,,,,1.0,,
447810,,,,,,,,31.0,,13.0,,,,,,4.0,1.0,1.0,,,,,,3.0,,
447847,,,,,,,,105.0,,63.0,1.0,,,,,7.0,2.0,1.0,1.0,,,5.0,,6.0,14.0,
447865,,,,,,,,6.0,,2.0,,,,,,1.0,1.0,,,,,,,2.0,,
447874,,,,,,,,38.0,,15.0,,,,,,5.0,1.0,,,,,1.0,3.0,1.0,2.0,
447883,,,,,,,,51.0,,14.0,,,,,,5.0,6.0,,,,,,3.0,3.0,1.0,
447892,,,,,,,,13.0,,5.0,,,,,,2.0,2.0,,,,,1.0,,3.0,,
447908,,,,,,,,11.0,,4.0,,,,,,2.0,,,,,,3.0,,,,
447917,,,,,,,,6.0,,2.0,,,,,,3.0,0.0,,,,,,,0.0,,
447935,,,,,,,,41.0,,19.0,,,,,,3.0,7.0,1.0,,,,,4.0,2.0,,
447953,,,,,,,,44.0,,25.0,,1.0,,,,4.0,3.0,,1.0,,,,,1.0,0.0,
447962,,,,,,,,20.0,,8.0,,,,,,6.0,2.0,,,,,,1.0,2.0,,
447971,,,,,,,,16.0,,11.0,,,,,,1.0,1.0,,,,,1.0,,1.0,,
447980,,,,,,,,7.0,,5.0,,,,,,1.0,0.0,,,,,,,0.0,,
447999,,,,,,,,22.0,,12.0,,,,,,2.0,2.0,,,,,2.0,2.0,2.0,,
448017,,,,,,,,36.0,,19.0,,,,,,4.0,2.0,,,3.0,,1.0,,7.0,,
448026,,,,,,,,19.0,,8.0,,,,,,2.0,3.0,,,,,,3.0,3.0,,
448044,,,,,,,,5.0,,0.0,,,,,,1.0,1.0,,,,,,,,,
448071,,,,,,,,32.0,,21.0,,,,,,1.0,1.0,,,,,,3.0,4.0,,
448123,,,,,,,,22.0,,7.0,,,,,,4.0,3.0,,,,,0.0,2.0,5.0,1.0,
448196,,,,,,,,15.0,,5.0,,,,,,4.0,1.0,,,,,,1.0,4.0,,
448220,,,,,,,,14.0,,6.0,,,,,,1.0,,,,,,,2.0,3.0,1.0,
448239,,,,,,,,16.0,,10.0,,,,,,2.0,1.0,,,,,,,3.0,,
448248,,,,,,,,235.0,,123.0,,,,,,28.0,9.0,6.0,7.0,,,4.0,6.0,26.0,10.0,1.0
448257,,,,,,,,14.0,,4.0,,,,,,1.0,1.0,,2.0,,,,,3.0,,
448275,,,,,,,,4.0,,2.0,,,,,,1.0,,,,,,,,1.0,0.0,
448336,,,,,,,,20.0,,,,,,,,9.0,5.0,,4.0,,,,,2.0,,
448354,,,,,,,,22.0,,11.0,,,,,,1.0,2.0,1.0,,,,1.0,3.0,1.0,,
448372,,,,,,,,19.0,,11.0,,,,,,4.0,,,,,,,,,,
448381,,,,,,,,62.0,,,,,,,,32.0,,9.0,,,,,,3.0,,
448424,,,,,,,,7.0,,4.0,,,,,,1.0,1.0,,,,,,,1.0,,
448433,,,,,,,,69.0,,35.0,,,,,,7.0,21.0,1.0,,,,,,2.0,3.0,
448594,,,,,,,,157.0,,73.0,,,,,,18.0,,1.0,1.0,,,16.0,,12.0,,
448600,,,,,,,,28.0,,16.0,,,,,,5.0,,,,,,,2.0,3.0,1.0,
448619,,,,,,,,73.0,,26.0,,,,,,20.0,9.0,1.0,,,,5.0,,4.0,,
448637,,,,,,,,50.0,,,2.0,,,,,14.0,17.0,8.0,,,,1.0,,7.0,,
448646,,,,,,,,18.0,,7.0,,,,,,3.0,,,,,,1.0,,2.0,,
448673,,,,,,,,220.0,,80.0,,,,,,43.0,30.0,,,,,,,8.0,,
448691,,,,,,,,35.0,,6.0,,,,,,11.0,1.0,1.0,,,,,,13.0,,
448707,,,,,,,,12.0,,3.0,,,,,,2.0,2.0,,,,,,,1.0,1.0,
448770,,,,,,,,30.0,,13.0,,,,,,2.0,,,,,,,3.0,3.0,1.0,
448798,,,,,,,,9.0,,6.0,,,,,,1.0,,,,,,,,,,
448859,,,,,,,,23.0,,14.0,,,,,,2.0,,,,,,1.0,,1.0,,
448895,,,,,,,,36.0,,19.0,,,,,,2.0,,,,,,,4.0,10.0,2.0,
449074,,,,,,,,63.0,,33.0,,,,,,3.0,,,,,,,,16.0,,
449083,,,,,,,,18.0,,7.0,,,,,,2.0,2.0,1.0,,,,2.0,,,,
449092,,,,,,,,19.0,,10.0,,,,,,,3.0,1.0,,,,1.0,2.0,1.0,,
449135,,,,,,,,25.0,,12.0,,,,,,2.0,1.0,,1.0,,,,3.0,2.0,,
449250,,,,,,,,48.0,,29.0,,,,,,4.0,,,,,,,,2.0,,
449311,,,,,,,,11.0,,5.0,,,,,,1.0,2.0,,,,,1.0,1.0,1.0,,
449320,,,,,,,,46.0,,23.0,,,,,,11.0,,1.0,,,,,,9.0,,
449339,,,,,,,,1442.0,,825.0,,,,,,167.0,135.0,10.0,133.0,,,,,79.0,,
449348,,,,,,,,19.0,,10.0,,1.0,,,,1.0,1.0,,,,,,,1.0,1.0,
449357,,,,,,,,18.0,,9.0,,,,,,3.0,1.0,,,,,1.0,,3.0,,
449366,,,,,,,,41.0,,11.0,,,,,,7.0,,1.0,,,,,5.0,5.0,1.0,3.0
449384,,,,,,,,76.0,,32.0,,,,,,11.0,2.0,6.0,4.0,,,1.0,4.0,11.0,,
449393,,,,,,,,4.0,,4.0,,,,,,0.0,0.0,,,,,,,,,
449445,,,,,,,,16.0,,7.0,,,,,,,,,,,,1.0,1.0,3.0,,
449454,,,,,,,,15.0,,4.0,,,,,,2.0,2.0,,,4.0,,1.0,,,2.0,
449463,,,,,,,,43.0,,18.0,,,,,,5.0,2.0,,,,,2.0,2.0,5.0,,
449472,,,,,,,,10.0,,6.0,,,,,,1.0,1.0,,,,,,,2.0,,
449481,,,,,,,,4.0,,1.0,,,,,,2.0,,,,,,,,1.0,,
449490,,,,,,,,12.0,,5.0,,,,,,4.0,2.0,,,,,,,,,
449506,,,,,,,,17.0,,4.0,,,,,,4.0,3.0,1.0,,,,,,3.0,1.0,
449524,,,,,,,,26.0,,12.0,,,,,,6.0,1.0,,,,,,,6.0,,
449533,,,,,,,,8.0,,4.0,,,,,,2.0,1.0,,,,,,,1.0,,
449597,,,,,,,,7.0,,3.0,,,,,,2.0,,,,,,,,,,
449603,,,,,,,,22.0,,9.0,,,,,,4.0,1.0,,,,,,2.0,4.0,,
449612,,,,,,,,16.0,,6.0,,,,,,3.0,3.0,,,,,2.0,,,,
449658,,,,,,,,10.0,,6.0,,,,,,1.0,0.0,,,,,1.0,1.0,,,
449676,,,,,,,,24.0,,10.0,,,,,,2.0,1.0,1.0,,,,1.0,4.0,5.0,,
449685,,,,,,,,29.0,,9.0,,,,,,4.0,2.0,1.0,4.0,,,0.0,4.0,3.0,,
449700,,,,,,,,28.0,,9.0,,,,,,5.0,,,,,,,,,,
449719,,,,,,,,16.0,,9.0,,,,,,1.0,3.0,,,,,,1.0,2.0,0.0,
449728,,,,,,,,17.0,,5.0,,,,,,3.0,2.0,1.0,,,,,2.0,2.0,,
449764,,,,,,,,42.0,,21.0,,,,,,4.0,4.0,,,,,,7.0,2.0,1.0,
449773,,,,,,,,22.0,,9.0,,,,,,2.0,2.0,0.0,0.0,,,,3.0,3.0,,
449782,,,,,,,,6.0,,1.0,,,,,,3.0,,,,,,,,1.0,,
449807,,,,,,,,11.0,,6.0,,,,,,1.0,2.0,,,,,,,1.0,,
449816,,,,,,,,67.0,,31.0,,,,,,12.0,,3.0,,,,5.0,1.0,10.0,,
449834,,,,,,,,8.0,,6.0,,,,,,,0.0,0.0,,,,,,2.0,,
449861,,,,,,,,20.0,,12.0,,,,,,3.0,1.0,,,,,,2.0,1.0,,
449870,,,,,,,,66.0,,30.0,,,,,,13.0,3.0,3.0,,,,5.0,,1.0,,
449889,,,,,,,,298.0,,143.0,,,,,,58.0,6.0,,,,,,,3.0,,
449898,,,,,,,,97.0,,49.0,,,,,,14.0,1.0,1.0,,,,,,8.0,,
449904,,,,,,,,18.0,,8.0,,,,,,2.0,,,,,,,2.0,5.0,1.0,
449922,,,,,,,,49.0,,22.0,1.0,,,,,5.0,1.0,3.0,,,,5.0,,5.0,,
449931,,,,,,,,55.0,,26.0,,,,,,5.0,4.0,,8.0,,,,,7.0,,
449959,,,,,,,,28.0,,15.0,,,,,,2.0,,,,,,,5.0,4.0,2.0,
449968,,,,,,,,22.0,,11.0,,,,,,2.0,,,,,,,2.0,6.0,,
449977,,,,,,,,26.0,,11.0,,,,,,4.0,,,,,,,5.0,6.0,0.0,
449986,,,,,,,,23.0,,14.0,,,,,,1.0,,,,,,,2.0,5.0,1.0,
449995,,,,,,,,18.0,,11.0,,,,,,1.0,,,,,,,2.0,2.0,2.0,
450021,,,,,,,,26.0,,15.0,,,,,,3.0,2.0,,,,,0.0,,,,
450058,,,,,,,,69.0,,34.0,,,,,,9.0,9.0,1.0,11.0,,,,,3.0,,
450067,,,,,,,,47.0,,27.0,,,,,,7.0,3.0,0.0,7.0,,,,,1.0,,
450119,,,,,,,,24.0,,11.0,,,,,,4.0,,1.0,,,,3.0,,0.0,,
450128,,,,,,,,35.0,,21.0,,,,,,3.0,2.0,,,,,,3.0,,,
450304,,,,,,,,38.0,,16.0,,,,,,5.0,4.0,1.0,,,,1.0,,5.0,0.0,
450395,,,,,,,,24.0,,12.0,,,,,,1.0,2.0,0.0,,,,1.0,3.0,2.0,0.0,1.0
450401,,,,,,,,44.0,,20.0,,,,,,7.0,3.0,,,,,3.0,3.0,3.0,2.0,
450571,,,,,,,,61.0,,30.0,,,,,,10.0,,,,,,,,2.0,,
450599,,,,,,,,4.0,,2.0,,,,,,1.0,,,,,,,,,,
450605,,,,,,,,6.0,,3.0,,,,,,1.0,,,,,,,,1.0,,
450614,,,,,,,,6.0,,4.0,,,,,,1.0,,,,,,,,,,
450632,,,,,,,,16.0,,8.0,,,,,,1.0,1.0,,,,,2.0,1.0,2.0,,
450641,,,,,,,,19.0,,10.0,,,,,,2.0,1.0,,,,,1.0,2.0,1.0,,
450650,,,,,,,,52.0,,21.0,,,,,,3.0,3.0,,,,,,4.0,20.0,,
450696,,,,,,,,24.0,,8.0,,,,,,8.0,,,,,,,,1.0,,
450702,,,,,,,,16.0,,8.0,,,,,,3.0,,,,,,,,,,
450711,,,,,,,,13.0,,3.0,,,,,,2.0,,,,,,,,3.0,,
450720,,,,,,,,39.0,,19.0,,,,,,9.0,,0.0,,,,2.0,,5.0,,
450933,,,,,,,,880.0,,368.0,,,,,,85.0,18.0,35.0,72.0,,,5.0,25.0,109.0,,
450951,,,,,,,,36.0,,16.0,,,,,,1.0,2.0,,,,,9.0,3.0,1.0,4.0,
450960,,,,,,,,21.0,,10.0,,,,,,2.0,2.0,1.0,,,,,1.0,5.0,,
450988,,,,,,,,14.0,,8.0,,,,,,1.0,3.0,,,,,,,2.0,,
451042,,,,,,,,8.0,,4.0,,,,,,2.0,,,,,,,,1.0,,
451051,,,,,,,,8.0,,3.0,,,,,,1.0,1.0,,,,,,,3.0,,
451079,,,,,,,,11.0,,,,1.0,,,,6.0,2.0,,,,,,,1.0,,
451097,,,,,,,,11.0,,5.0,,,,,,2.0,2.0,,,,,,,1.0,1.0,
451103,,,,,,,,153.0,,82.0,,,,,,24.0,4.0,5.0,,,,1.0,,7.0,,
451121,,,,,,,,12.0,,7.0,,,,,,,,,,,,,2.0,2.0,1.0,
451149,,,,,,,,73.0,,38.0,,,,,,7.0,4.0,,,,,2.0,12.0,2.0,,
451158,,,,,,,,74.0,,33.0,,,,,,10.0,4.0,,,,,4.0,13.0,2.0,,
451167,,,,,,,,23.0,,11.0,,,,,,2.0,1.0,,,,,1.0,2.0,1.0,,
451194,,,,,,,,10.0,,4.0,,,,,,1.0,,,,,,,,3.0,,
451228,,,,,,,,23.0,,11.0,,,,,,3.0,,,,,,,4.0,4.0,,
451237,,,,,,,,16.0,,10.0,,,,,,5.0,1.0,,,,,,,,,
451255,,,,,,,,7.0,,3.0,,,,,,2.0,0.0,,,,,,,1.0,,
451264,,,,,,,,13.0,,4.0,,,,,,4.0,,1.0,,,,,,1.0,,
451282,,,,,,,,11.0,,5.0,,,,,,1.0,1.0,,,,,,,2.0,,
451291,,,,,,,,4.0,,2.0,,,,,,1.0,0.0,,0.0,,,,,0.0,,
451307,,,,,,,,10.0,,2.0,,,,,,,3.0,,,,,1.0,1.0,1.0,,
451316,,,,,,,,10.0,,6.0,,,,,,1.0,1.0,,,,,,,1.0,,
451334,,,,,,,,28.0,,14.0,,,,,,4.0,4.0,,,,,,2.0,3.0,,
451343,,,,,,,,9.0,,4.0,,,,,,1.0,1.0,,,,,,,1.0,,
451352,,,,,,,,41.0,,21.0,,,,,,5.0,2.0,,,,,,,13.0,,
451370,,,,,,,,9.0,,7.0,,,,,,1.0,0.0,,,,,0.0,,,,
451398,,,,,,,,20.0,,11.0,,,,,,1.0,2.0,,,,,5.0,,1.0,,
451404,,,,,,,,37.0,,31.0,,,,,,1.0,2.0,,,,,1.0,,2.0,,
451413,,,,,,,,111.0,,72.0,,,,,,4.0,12.0,3.0,,,,,,1.0,5.0,
451459,,,,,,,,13.0,,4.0,,,,,,1.0,1.0,,,,,,,3.0,,
451468,,,,,,,,32.0,,18.0,,,,,,1.0,3.0,,,,,,,5.0,,
451477,,,,,,,,157.0,,85.0,,,,,,17.0,,,,,,,45.0,9.0,,
451495,,,,,,,,29.0,,9.0,,,,,,3.0,1.0,,,,,,8.0,8.0,,
451501,,,,,,,,38.0,,11.0,,,,,,6.0,1.0,,,,,3.0,,1.0,,1.0
451510,,,,,,,,77.0,,33.0,,,,,,19.0,3.0,3.0,,,,3.0,,7.0,,
451529,,,,,,,,8.0,,4.0,,,,,,1.0,2.0,,,,,,,1.0,,
451547,,,,,,,,4.0,,2.0,,,,,,,1.0,,,,,,,1.0,,
451556,,,,,,,,223.0,,87.0,,,,,,28.0,15.0,6.0,,,,,12.0,45.0,27.0,
451565,,,,,,,,25.0,,13.0,,,,,,2.0,,,,,,,3.0,7.0,,
451574,,,,,,,,15.0,,8.0,,,,,,1.0,1.0,,,,,,5.0,,,
451583,,,,,,,,102.0,,51.0,,,,,,8.0,7.0,6.0,2.0,,,10.0,1.0,6.0,2.0,
451626,,,,,,,,11.0,,6.0,,,,,,1.0,2.0,,,,,,,2.0,,
451714,,,,,,,,31.0,,18.0,,,,,,,3.0,,,,,,3.0,7.0,,
451741,,,,,,,,47.0,,9.0,,,,,,17.0,12.0,,2.0,,,3.0,1.0,2.0,,
451750,,,,,,,,186.0,,82.0,,,,,,15.0,3.0,2.0,58.0,,,4.0,1.0,10.0,,
451820,,,,,,,,21.0,,8.0,,,,,,4.0,2.0,,,,,,4.0,1.0,,
451857,,,,,,,,28.0,,14.0,,,,,,6.0,1.0,,,,,,3.0,3.0,,
451866,,,,,,,,30.0,,12.0,,,,,,8.0,2.0,,,,,,5.0,3.0,,
451918,,,,,,,,14.0,,7.0,,,,,,1.0,1.0,,,,,,,3.0,,
451927,,,,,,,,61.0,,18.0,,0.0,,,,9.0,3.0,4.0,4.0,,,1.0,5.0,8.0,3.0,
452009,,,,,,,,5.0,,4.0,,,,,,1.0,,,,,,,,,,
452072,,,,,,,,8.0,,5.0,,,,,,2.0,,,,,,,,,,
452081,,,,,,,,23.0,,13.0,,,,,,3.0,,,,,,,,,,
452106,,,,,,,,30.0,,8.0,,,,,,1.0,1.0,8.0,,,,,,5.0,4.0,
452124,,,,,,,,40.0,,23.0,,,,,,7.0,4.0,,3.0,,,,,3.0,,
452373,,,,,,,,26.0,,12.0,,,,,,1.0,3.0,1.0,,,,,2.0,2.0,,
452771,,,,,,,,1.0,,1.0,,,,,,0.0,,,,,,,,0.0,,
452780,,,,,,,,2.0,,1.0,,,,,,0.0,,,,,,,,0.0,,
452887,,,,,,,,12.0,,5.0,,,,,,3.0,1.0,,,,,0.0,,2.0,,
452948,,,,,,,,61.0,,39.0,,,,,,7.0,,1.0,,,,2.0,,4.0,,
453297,,,,,,,,9.0,,3.0,,,,,,3.0,,,,,,2.0,,1.0,,
453756,,,,,,,,16.0,,9.0,,,,,,2.0,,,,,,,2.0,1.0,,
453792,,,,,,,,13.0,,7.0,,,,,,2.0,2.0,,,,,,,2.0,,
454184,,,,,,,,71.0,,28.0,,,,,,15.0,3.0,3.0,5.0,,,2.0,,14.0,,
454218,,,,,,,,2469.0,,1128.0,,,,,,93.0,227.0,25.0,1.0,,,,,99.0,,
454306,,,,,,,,5.0,,3.0,,,,,,1.0,,,,,,,1.0,,,
454458,,,,,,,,7.0,,5.0,,,,,,1.0,,,,,,,,,,
454537,,,,,,,,10.0,,4.0,,,,,,1.0,1.0,,,,,,2.0,2.0,,
454546,,,,,,,,7.0,,4.0,,,,,,1.0,,,,,,,1.0,1.0,,
454555,,,,,,,,22.0,,13.0,,,,,,1.0,,,,,,,1.0,7.0,,
454607,,,,,,,,33.0,,17.0,,,,,,,4.0,,0.0,,,1.0,3.0,,,
454616,,,,,,,,29.0,,14.0,,,,,,1.0,,5.0,,,,,,0.0,,
454652,,,,,,,,16.0,,7.0,,,,,,2.0,1.0,,,,,,2.0,2.0,2.0,
454689,,,,,,,,33.0,,19.0,,,,,,5.0,,1.0,,,,,,5.0,,
454698,,,,,,,,30.0,,13.0,,,,,,5.0,2.0,1.0,,,,,1.0,1.0,,
454722,,,,,,,,3.0,,1.0,,,,,,1.0,,,,,,,,1.0,,
454759,,,,,,,,7.0,,4.0,,,,,,3.0,,,,,,,,,,
454768,,,,,,,,20.0,,9.0,,,,,,2.0,,,,,,,3.0,6.0,,
454777,,,,,,,,13.0,,7.0,,,,,,1.0,,,,,,,1.0,4.0,,
454786,,,,,,,,100.0,,40.0,,,,,,10.0,4.0,3.0,2.0,,,,,6.0,,
454795,,,,,,,,16.0,,5.0,,,,,,4.0,0.0,,,,,,,,,
454801,,,,,,,,13.0,,10.0,,,,,,1.0,1.0,,,,,,,1.0,,
454810,,,,,,,,311.0,,91.0,,,,,,10.0,53.0,,,,,,86.0,15.0,,
454829,,,,,,,,319.0,,148.0,,,,,,23.0,,,,,,,,10.0,,
454838,,,,,,,,4.0,,1.0,,,,,,1.0,,,,,,,,1.0,,
454847,,,,,,,,5.0,,3.0,,,,,,1.0,,,,,,,,1.0,,
454856,,,,,,,,101.0,,68.0,,,,,,10.0,8.0,1.0,2.0,,,1.0,,7.0,,
454865,,,,,,,,69.0,,41.0,,,,,,5.0,6.0,,,,,,,14.0,,
454874,,,,,,,,7.0,,4.0,,,,,,1.0,1.0,,,,,,,1.0,,
454917,,,,,,,,37.0,,17.0,,,,,,13.0,2.0,,,,,,,5.0,,
454926,,,,,,,,27.0,,14.0,,,,,,1.0,,,,,,,3.0,8.0,,
454935,,,,,,,,6.0,,4.0,,,,,,1.0,,,,,,,,,,
454944,,,,,,,,22.0,,13.0,,,,,,2.0,2.0,,,,,,4.0,1.0,,
454953,,,,,,,,3.0,,2.0,,,,,,,,,,,,,,,,
454962,,,,,,,,6.0,,3.0,,,,,,,1.0,,,,,,,0.0,,
454971,,,,,,,,16.0,,11.0,,,,,,1.0,,,,,,,,1.0,,
454980,,,,,,,,12.0,,7.0,,,,,,1.0,,,,,,,,1.0,,
454999,,,,,,,,10.0,,6.0,,,,,,1.0,,,,,,,,1.0,,
455008,,,,,,,,14.0,,8.0,,,,,,1.0,,,,,,,,1.0,,
455026,,,,,,,,23.0,,13.0,,,,,,5.0,2.0,1.0,,,,,2.0,,,
455062,,,,,,,,5.0,,2.0,,,,,,2.0,,,,,,,,1.0,,
455071,,,,,,,,10.0,,3.0,,,,,,2.0,1.0,,,,,,1.0,,,0.0
455080,,,,,,,,13.0,,7.0,,,,,,1.0,1.0,,,,,,2.0,2.0,,
455099,,,,,,,,17.0,,6.0,,,,,,4.0,,,,,,1.0,,5.0,,
455105,,,,,,,,10.0,,4.0,,,,,,2.0,2.0,,,,,,,,,
455114,,,,,,,,798.0,,287.0,,,,,,77.0,37.0,26.0,56.0,,,16.0,,65.0,8.0,
455141,,,,,,,,22.0,,12.0,,,,,,2.0,,,,,,,,3.0,,
455178,,,,,,,,28.0,,11.0,,,,,,2.0,2.0,,,,,,,7.0,2.0,
455187,,,,,,,,15.0,,10.0,,,,,,1.0,1.0,,,,,,,,,
455196,,,,,,,,259.0,,137.0,,,,,,22.0,5.0,4.0,,,,0.0,19.0,9.0,,
455202,,,,,,,,36.0,,11.0,,,,,,3.0,1.0,,,,,,,16.0,,
455211,,,,,,,,30.0,,17.0,,,,,,3.0,,,,,,,,,,
455220,,,,,,,,17.0,,4.0,,,,,,4.0,1.0,,,,,1.0,2.0,3.0,,
455239,,,,,,,,11.0,,2.0,,,,,,3.0,1.0,,,,,,,1.0,,
455257,,,,,,,,27.0,,17.0,,,,,,2.0,1.0,,,,,,,6.0,,
455275,,,,,,,,25.0,,12.0,,,,,,2.0,,,,,,,,6.0,,
455284,,,,,,,,17.0,,8.0,,,,,,2.0,,,,,,,2.0,4.0,0.0,
455327,,,,,,,,8.0,,2.0,,,,,,2.0,1.0,,,1.0,,,,1.0,,
455336,,,,,,,,28.0,,8.0,,,,,,2.0,5.0,,,,,,1.0,10.0,,
455354,,,,,,,,36.0,,20.0,,,,,,3.0,1.0,,,,,1.0,4.0,4.0,,
455381,,,,,,,,20.0,,7.0,,,,,,2.0,1.0,,,1.0,,,1.0,7.0,,
455406,,,,,,,,187.0,,36.0,4.0,,,,,26.0,16.0,9.0,4.0,,,,,37.0,5.0,
455433,,,,,,,,27.0,,19.0,,,,,,2.0,1.0,,,,,,,,1.0,
455460,,,,,,,,12.0,,5.0,,,,,,4.0,1.0,,1.0,,,,,1.0,,
455479,,,,,,,,51.0,,31.0,,,,,,8.0,3.0,,5.0,,,,,2.0,,
455488,,,,,,,,25.0,,12.0,,,,,,5.0,3.0,,4.0,,,,,1.0,,
455512,,,,,,,,126.0,,89.0,,,,,,18.0,,,,,,7.0,,9.0,,
455558,,,,,,,,10.0,,6.0,,,,,,1.0,,,,,,,,0.0,,
455628,,,,,,,,42.0,,21.0,,,,,,6.0,5.0,,7.0,1.0,,,,1.0,,
455664,,,,,,,,52.0,,29.0,,,,,,3.0,2.0,,,,,,,2.0,1.0,
455707,,,,,,,,5.0,,3.0,,,,,,,,,,,,,,2.0,,
455725,,,,,,,,60.0,,32.0,,,,,,8.0,4.0,,,,,,6.0,4.0,,
455734,,,,,,,,21.0,,8.0,,,,,,4.0,2.0,,,,,2.0,2.0,1.0,,
455761,,,,,,,,26.0,,15.0,,,,,,,,,,,,1.0,1.0,,1.0,
455770,,,,,,,,31.0,,7.0,,,,,,,1.0,,8.0,,,1.0,1.0,10.0,,
455798,,,,,,,,12.0,,7.0,,,,,,1.0,2.0,,,,,,1.0,1.0,0.0,
455804,,,,,,,,70.0,,40.0,,,,,,4.0,2.0,,,,,,,8.0,,
455813,,,,,,,,16.0,,9.0,2.0,,,,,2.0,,,,,,,,3.0,,
455831,,,,,,,,14.0,,5.0,,,,,,2.0,,,,,,,3.0,4.0,,
455859,,,,,,,,27.0,,14.0,,,,,,4.0,2.0,,1.0,,,,,5.0,,
455868,,,,,,,,25.0,,13.0,,,,,,4.0,2.0,,,,,,4.0,1.0,,
455877,,,,,,,,22.0,,9.0,,,,,,3.0,3.0,,,,,,4.0,,1.0,
455886,,,,,,,,15.0,,9.0,,,,,,1.0,,,,,,,,2.0,,
455895,,,,,,,,19.0,,10.0,,,,,,1.0,,,,,,,,1.0,,
455901,,,,,,,,18.0,,8.0,,,,,,3.0,1.0,,,,,,3.0,3.0,,
455910,,,,,,,,13.0,,7.0,,,,,,2.0,1.0,,,,,,1.0,1.0,,
455929,,,,,,,,9.0,,4.0,,,,,,1.0,1.0,,,,,,,1.0,,
455956,,,,,,,,20.0,,5.0,,,,,,2.0,,,,,,4.0,,8.0,,
455965,,,,,,,,15.0,,8.0,,,,,,2.0,1.0,,,,,,,3.0,,
455974,,,,,,,,33.0,,20.0,,,,,,4.0,,,,,,,,9.0,,
455983,,,,,,,,48.0,,13.0,,,,,,6.0,2.0,1.0,1.0,,,2.0,0.0,5.0,,
455992,,,,,,,,124.0,,44.0,,,,,,24.0,4.0,2.0,3.0,,,8.0,2.0,16.0,17.0,
456001,,,,,,,,12.0,,6.0,,,,,,2.0,,,,,,,2.0,2.0,,
456029,,,,,,,,19.0,,8.0,,,,,,2.0,2.0,,,,,,4.0,3.0,,
456038,,,,,,,,31.0,,17.0,,,,,,2.0,,,,,,,,7.0,,
456065,,,,,,,,16.0,,6.0,,,,,,2.0,1.0,,,,,,4.0,2.0,,
456074,,,,,,,,18.0,,10.0,,,,,,3.0,1.0,,,,,,1.0,2.0,1.0,
456135,,,,,,,,6.0,,4.0,,,,,,1.0,,,,,,,,,,
456153,,,,,,,,15.0,,5.0,,,,,,1.0,1.0,,,,,,1.0,6.0,,
456205,,,,,,,,29.0,,15.0,,,,,,3.0,1.0,,,,,,2.0,0.0,,
456214,,,,,,,,35.0,,18.0,,,,,,4.0,1.0,1.0,,,,,,2.0,,
456287,,,,,,,,11.0,,7.0,,,,,,1.0,,,,,,,2.0,,,
456454,,,,,,,,50.0,,28.0,,,,,,8.0,4.0,,3.0,1.0,,,,4.0,,
456481,,,,,,,,14.0,,8.0,,,,,,1.0,,,,,,,,1.0,,
456490,,,,,,,,36.0,,16.0,1.0,,,,,2.0,,1.0,,,,,,2.0,1.0,
456506,,,,,,,,5.0,,5.0,,,,,,,,,,,,,,,,
456515,,,,,,,,3.0,,2.0,,,,,,1.0,,,,,,,,,,
456542,,,,,,,,172.0,,43.0,3.0,,,,,36.0,7.0,7.0,,,,14.0,,28.0,,
456551,,,,,,,,7.0,,5.0,,,,,,2.0,,,,,,,,,,
456579,,,,,,,,33.0,,18.0,,,,,,3.0,1.0,,,,,,1.0,1.0,,
456588,,,,,,,,3.0,,2.0,,,,,,1.0,,,,,,,,,,
456597,,,,,,,,8.0,,5.0,,,,,,1.0,,,,,,,1.0,1.0,,
456825,,,,,,,,9.0,,5.0,,,,,,1.0,1.0,,,,,,1.0,1.0,,
456852,,,,,,,,27.0,,11.0,,,,,,7.0,,,,,,1.0,,,,
456922,,,,,,,,21.0,,12.0,,,,,,4.0,1.0,,,,,1.0,2.0,1.0,,
456931,,,,,,,,31.0,,19.0,,,,,,3.0,1.0,,,,,,5.0,2.0,,
456959,,,,,,,,91.0,,40.0,,,,,,7.0,16.0,6.0,17.0,,,,,3.0,,
456968,,,,,,,,77.0,,42.0,,,,,,9.0,4.0,,,,,2.0,6.0,7.0,,
456977,,,,,,,,16.0,,5.0,,,,,,1.0,,,,,,,3.0,6.0,,
457031,,,,,,,,8.0,,5.0,,,,,,,1.0,,,,,,1.0,1.0,,
457077,,,,,,,,32.0,,17.0,,,,,,2.0,,,,,,,5.0,8.0,,
457086,,,,,,,,16.0,,6.0,,,,,,,,,,,,,,10.0,,
457101,,,,,,,,25.0,,6.0,,,,,,10.0,,,,,,,,1.0,,
457110,,,,,,,,34.0,,21.0,,,,,,7.0,,,,,,,,2.0,,
457174,,,,,,,,22.0,,8.0,,,,,,7.0,1.0,,,,,,3.0,3.0,,
457192,,,,,,,,14.0,,3.0,,,,,,4.0,2.0,,,,,3.0,,2.0,,
457208,,,,,,,,9.0,,2.0,,,,,,1.0,,,,,,,2.0,,,
457226,,,,,,,,10.0,,6.0,0.0,,,,,2.0,0.0,,,,,,,1.0,,
457253,,,,,,,,6.0,,4.0,,,,,,1.0,,,,,,,,1.0,,
457271,,,,,,,,9.0,,1.0,,,,,,7.0,1.0,,,,,,,1.0,,
457299,,,,,,,,30.0,,11.0,,,,,,6.0,,1.0,,,,,,11.0,,
457314,,,,,,,,21.0,,8.0,,,,,,6.0,1.0,,,,,,2.0,2.0,,
457323,,,,,,,,39.0,,15.0,,,,,,7.0,1.0,,,,,3.0,2.0,5.0,,
457332,,,,,,,,9.0,,6.0,,,,,,2.0,,,,,,,,1.0,,
457341,,,,,,,,21.0,,12.0,,,,,,6.0,,,,,,,,0.0,,
457350,,,,,,,,13.0,,9.0,,,,,,4.0,0.0,,,,,,,0.0,,
457378,,,,,,,,25.0,,14.0,,,,,,2.0,,,2.0,,,2.0,,3.0,,
457387,,,,,,,,69.0,,30.0,,,,,,5.0,,,,,,1.0,,28.0,,
457396,,,,,,,,13.0,,8.0,,,,,,2.0,1.0,,,,,1.0,,1.0,,
457402,,,,,,,,14.0,,4.0,,,,,,2.0,1.0,,,,,1.0,,,,
457411,,,,,,,,32.0,,12.0,,,,,,5.0,,,,,,,,14.0,,
457420,,,,,,,,27.0,,14.0,,,,,,2.0,2.0,,,,,,2.0,5.0,,
457439,,,,,,,,10.0,,5.0,,,,,,1.0,1.0,,,,,,1.0,1.0,,
457448,,,,,,,,11.0,,5.0,,,,,,2.0,2.0,,,,,,,0.0,1.0,
457466,,,,,,,,8.0,,2.0,,,,,,,2.0,,,,,0.0,,1.0,2.0,
457475,,,,,,,,17.0,,9.0,,,,,,1.0,1.0,,,,,,1.0,4.0,,
457484,,,,,,,,24.0,,13.0,,,,,,3.0,2.0,,0.0,,,1.0,,3.0,,
457493,,,,,,,,6.0,,3.0,,,,,,1.0,,,,,,,1.0,1.0,,
457527,,,,,,,,25.0,,13.0,,,,,,4.0,1.0,,,,,,,,,
457536,,,,,,,,63.0,,25.0,,,,,,10.0,2.0,0.0,1.0,,,,,1.0,,
457545,,,,,,,,15.0,,5.0,,,,,,2.0,,,,,,,4.0,3.0,1.0,
457554,,,,,,,,5.0,,3.0,,,,,,1.0,1.0,,,,,0.0,,,,
457563,,,,,,,,27.0,,16.0,,,,,,1.0,,,,,,,,5.0,,
457572,,,,,,,,15.0,,9.0,,,,,,,4.0,,,,,,0.0,2.0,,
457581,,,,,,,,29.0,,14.0,,,,,,3.0,,,2.0,,,,4.0,2.0,,
457606,,,,,,,,7.0,,3.0,,,,,,2.0,,,,,,,,2.0,,
457615,,,,,,,,11.0,,6.0,,,,,,1.0,1.0,0.0,0.0,,,0.0,,1.0,0.0,
457624,,,,,,,,7.0,,5.0,,,,,,1.0,,,,,,,,1.0,,
457633,,,,,,,,16.0,,8.0,,,,,,2.0,3.0,,,,,,1.0,2.0,,
457642,,,,,,,,4.0,,2.0,,,,,,1.0,,,,,,,,1.0,,
457651,,,,,,,,10.0,,5.0,,0.0,,,,2.0,1.0,1.0,,,,,,,,
457679,,,,,,,,2.0,,1.0,,,,,,,,,,,,,,0.0,,
457688,,,,,,,,26.0,,12.0,1.0,,,,,3.0,2.0,,,,,,3.0,2.0,,
457697,,,,,,,,17.0,,12.0,,,,,,3.0,,,,,,,,,,
457721,,,,,,,,3.0,,2.0,,,,,,1.0,,,,,,,,,,
457749,,,,,,,,10.0,,6.0,,,,,,2.0,,,,,,1.0,,1.0,,
457767,,,,,,,,25.0,,9.0,,,,,,7.0,0.0,,,,,1.0,3.0,4.0,,
457776,,,,,,,,9.0,,4.0,,,,,,1.0,2.0,,,,,,1.0,,,
457785,,,,,,,,21.0,,12.0,,,,,,2.0,2.0,1.0,,,,,,2.0,,
457794,,,,,,,,27.0,,7.0,,,,,,4.0,2.0,1.0,1.0,,,7.0,,3.0,,
457800,,,,,,,,12.0,,6.0,,,,,,,,,,,,,,3.0,3.0,
457819,,,,,,,,99.0,,17.0,,,,,,29.0,5.0,2.0,5.0,,,22.0,,,,
457837,,,,,,,,19.0,,10.0,,,,,,3.0,1.0,,,,,2.0,1.0,2.0,0.0,
457846,,,,,,,,10.0,,4.0,,,,,,1.0,2.0,,,,,,1.0,2.0,,
457855,,,,,,,,3.0,,2.0,,,,,,1.0,,,,,,,,,,
457873,,,,,,,,31.0,,21.0,,,,,,5.0,,,,,,,,4.0,,
457916,,,,,,,,9.0,,6.0,,,,,,1.0,,,,,,,1.0,1.0,,
457925,,,,,,,,8.0,,6.0,,,,,,,0.0,,,,,,,,,
457943,,,,,,,,52.0,,29.0,,,,,,3.0,1.0,2.0,,1.0,,7.0,,4.0,,
457952,,,,,,,,19.0,,11.0,,,,,,1.0,2.0,,0.0,,,0.0,2.0,1.0,,
457989,,,,,,,,6.0,,3.0,,,,,,1.0,1.0,,,,,,,1.0,,
457998,,,,,,,,8.0,,2.0,,,,,,1.0,1.0,,,,,,,1.0,,
458007,,,,,,,,6.0,,2.0,,,,,,2.0,2.0,,,,,,,0.0,,
458034,,,,,,,,13.0,,7.0,,,,,,3.0,2.0,,,,,,,1.0,,
458043,,,,,,,,11.0,,6.0,,,,,,2.0,1.0,,,,,,1.0,1.0,,
458052,,,,,,,,4.0,,2.0,,,,,,1.0,,,,,,,,1.0,,
458061,,,,,,,,13.0,,3.0,,,,,,2.0,1.0,1.0,,,,2.0,1.0,1.0,,
458070,,,,,,,,28.0,,12.0,,,,,,6.0,1.0,,,,,,,,,
458098,,,,,,,,15.0,,8.0,,,,,,2.0,1.0,1.0,1.0,,,,1.0,,,
458104,,,,,,,,14.0,,3.0,,,,,,3.0,3.0,,,,,1.0,,1.0,,
458113,,,,,,,,7.0,,4.0,,,,,,2.0,,,,,,,,,,
458122,,,,,,,,4.0,,2.0,,,,,,,,,,,,,,2.0,,
458131,,,,,,,,13.0,,7.0,,,,,,1.0,3.0,,,,,,1.0,1.0,,
458140,,,,,,,,10.0,,5.0,,,,,,1.0,1.0,,,,,1.0,,2.0,,
458168,,,,,,,,15.0,,8.0,,,,,,2.0,2.0,,1.0,,,1.0,1.0,,,
458210,,,,,,,,241.0,,134.0,,,,,,21.0,9.0,2.0,13.0,,,,,33.0,2.0,
458229,,,,,,,,198.0,,118.0,,,,,,20.0,7.0,1.0,12.0,,,,,26.0,1.0,
458265,,,,,,,,50.0,,22.0,,,,,,4.0,2.0,1.0,,,,6.0,,12.0,2.0,
458274,,,,,,,,29.0,,15.0,,,,,,2.0,,,,,,,6.0,5.0,1.0,
458380,,,,,,,,3.0,,2.0,,,,,,,,,,,,,,1.0,,
458405,,,,,,,,24.0,,12.0,,,,,,4.0,1.0,,,,,,3.0,1.0,,
458423,,,,,,,,5.0,,2.0,,,,,,1.0,,,,,,,,1.0,,
458441,,,,,,,,26.0,,14.0,,,,,,3.0,1.0,,,,,,3.0,1.0,,
458496,,,,,,,,20.0,,10.0,,,,,,2.0,2.0,,,,,,3.0,1.0,,
458681,,,,,,,,25.0,,12.0,,,,,,5.0,3.0,,2.0,,,,,2.0,,
458803,,,,,,,,13.0,,8.0,,,,,,2.0,,,,,,,,2.0,,
458812,,,,,,,,6.0,,4.0,,,,,,1.0,,,,,,,,,,
458821,,,,,,,,5.0,,3.0,,,,,,1.0,,,,,,,,,,
458830,,,,,,,,10.0,,6.0,,,,,,2.0,,,,,,,,,,
458858,,,,,,,,9.0,,4.0,,,,,,2.0,,,,,,,,1.0,,
458867,,,,,,,,11.0,,7.0,,,,,,2.0,,,,,,,,1.0,,
458982,,,,,,,,21.0,,12.0,,,,,,1.0,1.0,,,,,,4.0,1.0,,
459000,,,,,,,,5.0,,3.0,,,,,,1.0,,,,,,,,,,
459019,,,,,,,,5.0,,3.0,,,,,,1.0,,,,,,,,,,
459046,,,,,,,,5.0,,3.0,,,,,,1.0,,,,,,,,,,
459055,,,,,,,,7.0,,3.0,,,,,,1.0,,,,,,,,,,
459064,,,,,,,,6.0,,4.0,,,,,,1.0,,,,,,,,,,
459116,,,,,,,,12.0,,6.0,,,,,,1.0,,,,,,,1.0,4.0,,
459125,,,,,,,,2.0,,1.0,,,,,,,1.0,,,,,,,,,
459170,,,,,,,,21.0,,8.0,,,,,,2.0,1.0,,,,,,4.0,3.0,2.0,
459189,,,,,,,,5.0,,3.0,,,,,,2.0,,,,,,,,,,
459198,,,,,,,,22.0,,12.0,,,,,,1.0,,,,,,,6.0,3.0,,
459204,,,,,,,,133.0,,73.0,,,,,,11.0,1.0,1.0,,,,,,10.0,,
459213,,,,,,,,331.0,,133.0,,,,,,75.0,5.0,7.0,,,,2.0,,59.0,,
459231,,,,,,,,22.0,,10.0,,,,,,5.0,1.0,,,,,,3.0,2.0,,
459259,,,,,,,,65.0,,32.0,,,,,,10.0,1.0,,,,,,,5.0,,
459268,,,,,,,,61.0,,30.0,,,,,,12.0,1.0,1.0,,,,,,4.0,,
459277,,,,,,,,28.0,,16.0,,,,,,3.0,2.0,,,,,1.0,5.0,1.0,,
459286,,,,,,,,15.0,,8.0,,,,,,1.0,,,,,,,2.0,5.0,,
459295,,,,,,,,8.0,,4.0,,,,,,1.0,2.0,,,,,,,0.0,,
459301,,,,,,,,14.0,,6.0,,,,,,2.0,1.0,,,,,,2.0,2.0,,
459310,,,,,,,,14.0,,4.0,,,,,,8.0,1.0,1.0,,,,,,,,
459329,,,,,,,,46.0,,18.0,,,,,,3.0,2.0,,,1.0,,8.0,,1.0,,
459347,,,,,,,,10.0,,5.0,,,,,,1.0,,,,,,,,2.0,,
459374,,,,,,,,10.0,,4.0,,,,,,3.0,1.0,,,,,,,1.0,,
459392,,,,,,,,15.0,,8.0,,,,,,2.0,3.0,,,,,,2.0,1.0,,
459408,,,,,,,,8.0,,5.0,,,,,,1.0,,,,,,,,2.0,,
459417,,,,,,,,18.0,,6.0,,,,,,8.0,,,1.0,,,,,2.0,,
459426,,,,,,,,15.0,,7.0,,,,,,3.0,,,,,,,2.0,2.0,,
459462,,,,,,,,14.0,,7.0,,,,,,,,2.0,,,,,,1.0,,
459499,,,,,,,,5.0,,4.0,,,,,,1.0,,,,,,,,1.0,,
459514,,,,,,,,13.0,,6.0,,,,,,2.0,1.0,,,,,,1.0,1.0,,
459523,,,,,,,,9.0,,2.0,,,,,,2.0,1.0,,,,,1.0,,1.0,,
459532,,,,,,,,10.0,,3.0,,,,,,3.0,0.0,,1.0,,,1.0,1.0,1.0,,
459541,,,,,,,,7.0,,3.0,,,,,,,2.0,,,,,,,1.0,,
459550,,,,,,,,17.0,,8.0,,,,,,2.0,0.0,,,,,,1.0,5.0,,
459578,,,,,,,,10.0,,4.0,,,,,,1.0,,,,,,,1.0,4.0,,
459727,,,,,,,,83.0,,51.0,,,,,,6.0,4.0,2.0,,,,,,5.0,,
459736,,,,,,,,313.0,,154.0,,,,,,31.0,13.0,26.0,5.0,6.0,,13.0,,54.0,,
459745,,,,,,,,45.0,,31.0,,,,,,2.0,1.0,,,,,,,,,
459824,,,,,,,,268.0,,95.0,,,,,,49.0,5.0,13.0,6.0,12.0,,16.0,,56.0,5.0,1.0
459842,,,,,,,,40.0,,22.0,,,,,,2.0,,1.0,,,,,0.0,2.0,,
459851,,,,,,,,29.0,,19.0,,,,,,1.0,,1.0,,,,,0.0,1.0,,
459949,,,,,,,,613.0,,266.0,1.0,,,,,101.0,35.0,32.0,62.0,1.0,,14.0,,75.0,,
459958,,,,,,,,29.0,,17.0,,,,,,5.0,3.0,,4.0,,,,,,,
460011,,,,,,,,16.0,,12.0,,,,,,1.0,,,,,,,2.0,,,
460020,,,,,,,,37.0,,17.0,,,,,,7.0,3.0,,7.0,,,1.0,,1.0,,
460093,,,,,,,,10.0,,5.0,,,,,,4.0,,,,,,,,,,
460109,,,,,,,,9.0,,6.0,,,,,,2.0,,,,,,,,,,
460118,,,,,,,,9.0,,6.0,,,,,,1.0,,,,,,,,,,
460127,,,,,,,,7.0,,4.0,,,,,,1.0,,,,,,,,,,
460136,,,,,,,,95.0,,52.0,,,,,,3.0,,,,,,,,29.0,,
460145,,,,,,,,21.0,,11.0,,,,,,2.0,,,,,,,3.0,2.0,,
460172,,,,,,,,49.0,,28.0,,,,,,4.0,2.0,,,,,1.0,7.0,2.0,1.0,
460181,,,,,,,,60.0,,21.0,,,,,,16.0,1.0,,,,,,8.0,11.0,,
460190,,,,,,,,33.0,,7.0,,,,,,11.0,1.0,,,,,,7.0,6.0,,
460206,,,,,,,,47.0,,18.0,,,,,,15.0,1.0,,,,,,6.0,6.0,,
460349,,,,,,,,181.0,,95.0,,,,,,7.0,14.0,2.0,,,,,15.0,2.0,,
460376,,,,,,,,42.0,,16.0,5.0,,,,,10.0,2.0,1.0,2.0,,,1.0,,4.0,,
460385,,,,,,,,16.0,,6.0,,,,,,1.0,2.0,,,,,,,1.0,,
460394,,,,,,,,363.0,,216.0,,,,,,24.0,11.0,3.0,13.0,1.0,,21.0,,67.0,,
460455,,,,,,,,10.0,,3.0,,,,,,1.0,2.0,,,,,0.0,1.0,1.0,,
460464,,,,,,,,323.0,,174.0,,,,,,27.0,8.0,3.0,12.0,,,23.0,,66.0,,
460482,,,,,,,,30.0,,14.0,,,,,,4.0,,,,,,,,3.0,,
460516,,,,,,,,16.0,,9.0,,,,,,2.0,,,,,,,1.0,4.0,,
460525,,,,,,,,15.0,,9.0,,,,,,1.0,,,,,,,2.0,3.0,,
460534,,,,,,,,27.0,,14.0,,,,,,2.0,,,,,,,2.0,8.0,1.0,
460543,,,,,,,,75.0,,41.0,,,,,,9.0,22.0,1.0,,,,,,1.0,1.0,
460677,,,,,,,,32.0,,15.0,,,,,,1.0,,1.0,1.0,,,,4.0,5.0,1.0,1.0
460701,,,,,,,,12.0,,7.0,,,,,,1.0,1.0,,,,,0.0,1.0,2.0,,
460738,,,,,,,,141.0,,54.0,,,,,,7.0,21.0,11.0,4.0,,,,12.0,2.0,,
460756,,,,,,,,52.0,,16.0,,,,,,9.0,10.0,2.0,,,,1.0,3.0,1.0,,
460765,,,,,,,,6.0,,4.0,,,,,,1.0,,,,,,,,1.0,,
460783,,,,,,,,38.0,,8.0,,,,,,18.0,4.0,,,,,,3.0,5.0,,
460808,,,,,,,,8.0,,2.0,,,,,,2.0,1.0,,,,,,1.0,1.0,,
460817,,,,,,,,24.0,,11.0,,,,,,3.0,1.0,,,,,1.0,4.0,1.0,,
460826,,,,,,,,33.0,,15.0,,,,,,4.0,1.0,,,,,1.0,3.0,2.0,,
460835,,,,,,,,24.0,,10.0,,,,,,3.0,2.0,,,,,2.0,3.0,2.0,,
460862,,,,,,,,32.0,,12.0,,,,,,5.0,3.0,1.0,1.0,,,,6.0,3.0,,
460899,,,,,,,,26.0,,11.0,,,,,,4.0,3.0,0.0,,3.0,,,,,,
460914,,,,,,,,43.0,,19.0,,,,,,7.0,3.0,,,,,1.0,5.0,2.0,,
460932,,,,,,,,5.0,,3.0,,,,,,,1.0,,,,,,,1.0,,
460969,,,,,,,,14.0,,5.0,,,,,,,,,,,,,,9.0,,
460978,,,,,,,,18.0,,9.0,,,,,,2.0,,,,,,,4.0,2.0,,
460987,,,,,,,,16.0,,12.0,,,,,,2.0,1.0,,,,,,,,,
460996,,,,,,,,12.0,,7.0,,,,,,2.0,,,,,,,,3.0,,
461014,,,,,,,,80.0,,29.0,,,,,,1.0,,,,,,1.0,10.0,4.0,,
461023,,,,,,,,32.0,,13.0,,,,,,4.0,2.0,2.0,1.0,,,,,,,
461032,,,,,,,,19.0,,10.0,,,,,,1.0,1.0,,,,,,,2.0,,
461087,,,,,,,,194.0,,72.0,,,,,,21.0,3.0,5.0,6.0,,,39.0,,42.0,,6.0
461111,,,,,,,,9.0,,5.0,,,,,,3.0,1.0,,,,,,,0.0,,
461120,,,,,,,,13.0,,6.0,,,,,,3.0,0.0,1.0,,,,,,1.0,,
461139,,,,,,,,8.0,,3.0,,0.0,,,,2.0,0.0,0.0,,,,0.0,,1.0,,
461148,,,,,,,,552.0,,268.0,1.0,1.0,,,,93.0,18.0,6.0,11.0,3.0,,19.0,28.0,21.0,,3.0
461157,,,,,,,,28.0,,23.0,,,,,,1.0,,,,,,,,2.0,,
461175,,,,,,,,14.0,,9.0,,,,,,1.0,1.0,,,,,,,3.0,,
461193,,,,,,,,30.0,,15.0,,,,,,3.0,2.0,,,,,,3.0,5.0,2.0,
461218,,,,,,,,48.0,,10.0,,,,,,3.0,3.0,1.0,,3.0,,,11.0,4.0,1.0,
461245,,,,,,,,30.0,,9.0,,,,,,2.0,1.0,1.0,2.0,,,,,7.0,,
461254,,,,,,,,10.0,,4.0,,,,,,3.0,0.0,,,,,,,2.0,,
461263,,,,,,,,10.0,,3.0,,,,,,,1.0,,,,,,,6.0,,
461272,,,,,,,,11.0,,5.0,,,,,,3.0,1.0,,1.0,,,0.0,,1.0,,
461281,,,,,,,,12.0,,7.0,,,,,,4.0,,0.0,,,,,,,,
461290,,,,,,,,8.0,,5.0,,,,,,2.0,1.0,,,,,,,,,
461306,,,,,,,,33.0,,16.0,,,,,,3.0,2.0,,0.0,0.0,,5.0,,4.0,,
461315,,,,,,,,27.0,,8.0,,1.0,,,,2.0,2.0,,,,,,,9.0,1.0,
461324,,,,,,,,19.0,,11.0,,,,,,1.0,2.0,1.0,,,,,,3.0,,
461333,,,,,,,,10.0,,4.0,,,,,,4.0,1.0,,,,,,,,,
461342,,,,,,,,14.0,,7.0,,,,,,,1.0,,,,,,1.0,2.0,,
461379,,,,,,,,6.0,,3.0,,,,,,1.0,0.0,,,,,,,2.0,,
461388,,,,,,,,8.0,,3.0,,,,,,2.0,1.0,,,,,,,0.0,,
461412,,,,,,,,8.0,,4.0,,,,,,2.0,,,,,,,,0.0,,
461421,,,,,,,,28.0,,13.0,,,,,,3.0,3.0,,,,,,4.0,2.0,3.0,
461430,,,,,,,,62.0,,21.0,,,,,,15.0,4.0,1.0,1.0,,,1.0,,4.0,1.0,
461485,,,,,,,,18.0,,7.0,0.0,,,,,1.0,,,,,,,1.0,3.0,,
461494,,,,,,,,25.0,,11.0,,,,,,5.0,,,0.0,,,2.0,,6.0,1.0,
461500,,,,,,,,8.0,,4.0,,,,,,1.0,1.0,,,,,,,0.0,,
461528,,,,,,,,26.0,,10.0,,,,,,7.0,0.0,,0.0,,,0.0,,1.0,,
461537,,,,,,,,6.0,,3.0,,,,,,1.0,1.0,,,,,,,,,
461555,,,,,,,,15.0,,10.0,,,,,,,,,,,,,,,,
461573,,,,,,,,14.0,,5.0,,,,,,2.0,,,,,,,1.0,6.0,,
461582,,,,,,,,24.0,,8.0,,,,,,1.0,1.0,1.0,2.0,,,6.0,2.0,1.0,,
461591,,,,,,,,14.0,,7.0,,,,,,1.0,,,,,,,3.0,3.0,,
461607,,,,,,,,9.0,,5.0,,,,,,1.0,,,,,,,,3.0,,
461625,,,,,,,,9.0,,3.0,,,,,,1.0,,,,,,0.0,,3.0,,
461643,,,,,,,,15.0,,7.0,,,,,,2.0,2.0,,1.0,0.0,,,,1.0,1.0,
461652,,,,,,,,9.0,,5.0,,,,,,1.0,1.0,,1.0,,,,,1.0,,
461689,,,,,,,,33.0,,21.0,,,,,,2.0,,,,,,,,8.0,,
461704,,,,,,,,18.0,,11.0,,,,,,1.0,1.0,,,,,1.0,1.0,2.0,,
461713,,,,,,,,7.0,,1.0,,,,,,2.0,1.0,,,,,,,1.0,,
461722,,,,,,,,8.0,,5.0,,,,,,1.0,2.0,,,,,,,,,
461740,,,,,,,,6.0,,2.0,,,,,,2.0,1.0,,,,,,,1.0,,
461759,,,,,,,,48.0,,16.0,6.0,,,,,3.0,3.0,,3.0,,,0.0,,3.0,2.0,
461768,,,,,,,,14.0,,6.0,,,,,,2.0,2.0,,,,,,2.0,2.0,,
461786,,,,,,,,4.0,,3.0,,,,,,1.0,,,,,,,,,,
461795,,,,,,,,69.0,,26.0,,,,,,10.0,4.0,3.0,14.0,1.0,,,,1.0,,
461810,,,,,,,,5.0,,4.0,,,,,,,0.0,0.0,,,,,,0.0,,
461829,,,,,,,,33.0,,19.0,,,,,,3.0,,,,,,,4.0,3.0,,
461838,,,,,,,,9.0,,4.0,,,,,,1.0,1.0,,,,,,,2.0,,
461847,,,,,,,,7.0,,6.0,,,,,,,0.0,,,,,1.0,,,,
461856,,,,,,,,20.0,,7.0,,,,,,7.0,1.0,,,,,,,,,
461865,,,,,,,,23.0,,9.0,,,,,,5.0,3.0,1.0,,,,1.0,,2.0,1.0,
461874,,,,,,,,9.0,,5.0,,,,,,2.0,,,,,,,,1.0,1.0,
461883,,,,,,,,22.0,,8.0,,,,,,8.0,1.0,,,,,,,1.0,,
461892,,,,,,,,21.0,,8.0,,,,,,3.0,3.0,,,,,,,,,
461908,,,,,,,,9.0,,4.0,,,,,,,1.0,,,,,,,3.0,,
461917,,,,,,,,17.0,,9.0,,,,,,1.0,,,,,,,3.0,4.0,,
461926,,,,,,,,17.0,,9.0,,,,,,1.0,,,,,,1.0,,3.0,1.0,
461944,,,,,,,,21.0,,5.0,,,,,,2.0,2.0,,,,,5.0,,5.0,,
461953,,,,,,,,14.0,,9.0,,,,,,2.0,1.0,,,,,,,2.0,,
461962,,,,,,,,46.0,,24.0,,,,,,5.0,4.0,1.0,,,,,3.0,6.0,,
461999,,,,,,,,6.0,,5.0,,,,,,1.0,,,,,,,,1.0,,
462008,,,,,,,,25.0,,13.0,,,,,,2.0,,,,,,,4.0,5.0,1.0,
462017,,,,,,,,12.0,,7.0,,,,,,1.0,1.0,,0.0,,,,1.0,2.0,,
462035,,,,,,,,23.0,,14.0,,,,,,2.0,1.0,,,,,,2.0,4.0,,
462044,,,,,,,,5.0,,2.0,,,,,,2.0,,,,,,,,1.0,,
462053,,,,,,,,12.0,,5.0,,,,,,1.0,2.0,1.0,,,,,2.0,,,
462062,,,,,,,,8.0,,5.0,,,,,,1.0,2.0,,,,,,,0.0,,
462071,,,,,,,,9.0,,3.0,,,,,,1.0,,,,,,,2.0,2.0,0.0,
462336,,,,,,,,4.0,,0.0,,,,,,1.0,1.0,,,,,,,1.0,,
462345,,,,,,,,8.0,,3.0,,,,,,2.0,2.0,,,,,,,1.0,,
462354,,,,,,,,49.0,,14.0,,,,,,14.0,0.0,,5.0,,,10.0,,3.0,,
464226,,,,,,,,102.0,,20.0,,,,,,10.0,10.0,2.0,40.0,,,5.0,6.0,2.0,,
465812,,,,,,,,727.0,,350.0,,,,,,8.0,86.0,29.0,4.0,8.0,,,4.0,5.0,,
467094,,,,,,,,15.0,,8.0,,,,,,1.0,,,,,,,2.0,4.0,,
467368,,,,,,,,11.0,,6.0,,,,,,2.0,,,,,,,,1.0,,
467863,,,,,,,,18.0,,9.0,,,,,,1.0,,,,,,,2.0,5.0,,
467872,,,,,,,,20.0,,12.0,,,,,,1.0,,,,,,,4.0,4.0,,
467906,,,,,,,,16.0,,9.0,,,,,,1.0,,,,,,,2.0,3.0,,
468246,,,,,,,,17.0,,10.0,,,,,,1.0,,,,,,,3.0,2.0,,
468255,,,,,,,,20.0,,6.0,,,,,,7.0,1.0,,,,,1.0,2.0,2.0,,
468291,,,,,,,,7.0,,2.0,,,,,,2.0,,,,,,0.0,,,,
468769,,,,,,,,13.0,,7.0,,,,,,1.0,,,,,,,,1.0,,
468848,,,,,,,,43.0,,19.0,,,,,,7.0,1.0,,,,,,,16.0,,
468893,,,,,,,,16.0,,8.0,,,,,,1.0,1.0,,,,,,2.0,3.0,1.0,
468909,,,,,,,,41.0,,13.0,,,,,,7.0,1.0,,,,,,,19.0,,
468963,,,,,,,,49.0,,28.0,,,,,,1.0,3.0,,,,,1.0,10.0,5.0,,
469416,,,,,,,,41.0,,27.0,,,,,,2.0,1.0,1.0,,,,,3.0,2.0,,
469610,,,,,,,,17.0,,2.0,,,,,,5.0,5.0,,,,,,,1.0,,
469629,,,,,,,,19.0,,11.0,,,,,,1.0,1.0,,,,,,2.0,1.0,3.0,
469638,,,,,,,,31.0,,17.0,,,,,,2.0,,,,,,1.0,,10.0,,
469911,,,,,,,,20.0,,8.0,,,,,,3.0,,,,,,1.0,,2.0,,
469920,,,,,,,,7.0,,4.0,,,,,,2.0,,,,,,,,0.0,,
469957,,,,,,,,23.0,,15.0,,,,,,2.0,,,,,,,,1.0,,
470038,,,,,,,,51.0,,18.0,,,,,,8.0,1.0,,,,,,,24.0,,
470047,,,,,,,,3.0,,1.0,,,,,,1.0,,,,,,,,,,
470296,,,,,,,,3.0,,1.0,,,,,,,1.0,,,,,,,1.0,,
470393,,,,,,,,13.0,,8.0,,,,,,1.0,,,,,,,,1.0,,
474863,,,,,,,,161.0,,49.0,,,,,,13.0,24.0,19.0,3.0,,,,,3.0,,
474890,,,,,,,,31.0,,7.0,,,,,,3.0,5.0,1.0,,2.0,,,1.0,2.0,,
474906,,,,,,,,11.0,,3.0,,,,,,2.0,,1.0,,,,,1.0,0.0,,
474915,,,,,,,,28.0,,15.0,,,,,,3.0,,,,,,,4.0,4.0,0.0,
474924,,,,,,,,17.0,,9.0,,,,,,2.0,,,,,,,3.0,2.0,0.0,
475015,,,,,,,,26.0,,9.0,,,,,,3.0,4.0,,1.0,,,,5.0,2.0,,
475024,,,,,,,,23.0,,12.0,,,,,,5.0,2.0,,4.0,,,,,,,
475033,,,,,,,,322.0,,161.0,6.0,,,,,16.0,14.0,20.0,1.0,,,,,70.0,,
475060,,,,,,,,18.0,,7.0,,,,,,3.0,1.0,,,,,,3.0,2.0,,
475121,,,,,,,,560.0,,249.0,,,,,,66.0,1.0,1.0,,,,,,4.0,,
475176,,,,,,,,50.0,,28.0,,,,,,10.0,,,,,,1.0,,0.0,,
475200,,,,,,,,19.0,,6.0,,,,,,3.0,1.0,,5.0,,,,,4.0,,
475228,,,,,,,,14.0,,10.0,,,,,,1.0,,,1.0,,,,,,,
475273,,,,,,,,58.0,,36.0,,,,,,3.0,2.0,,,,,,,8.0,,
475282,,,,,,,,14.0,,7.0,,,,,,3.0,2.0,,,,,,,2.0,,
475325,,,,,,,,24.0,,10.0,,,,,,2.0,,,,,,,3.0,7.0,2.0,
475398,,,,,,,,29.0,,14.0,,,,,,1.0,1.0,2.0,,,,,,2.0,,
475404,,,,,,,,13.0,,5.0,,,,,,3.0,1.0,,,,,0.0,1.0,2.0,,
475413,,,,,,,,4.0,,2.0,,,,,,,,,,,,,,1.0,,
475422,,,,,,,,18.0,,12.0,,,,,,1.0,,,,,,,,5.0,,
475431,,,,,,,,10.0,,4.0,,,,,,3.0,1.0,,,,,,1.0,1.0,,
475459,,,,,,,,50.0,,34.0,,,,,,1.0,1.0,,,,,,,13.0,,
475468,,,,,,,,23.0,,9.0,,,,,,1.0,1.0,,,9.0,,,1.0,1.0,,
475477,,,,,,,,28.0,,16.0,,,,,,4.0,,,5.0,,,,,3.0,,
475486,,,,,,,,28.0,,14.0,,,,,,3.0,,,,,,,2.0,8.0,1.0,
475495,,,,,,,,169.0,,67.0,3.0,,,,,2.0,14.0,17.0,4.0,,,5.0,,19.0,,
475547,,,,,,,,17.0,,7.0,,,,,,3.0,,,,,,,4.0,3.0,1.0,
475556,,,,,,,,13.0,,7.0,,,,,,2.0,,,,,,,1.0,2.0,,
475565,,,,,,,,181.0,,55.0,,,,,,42.0,12.0,8.0,13.0,,,12.0,,25.0,,
475574,,,,,,,,6.0,,2.0,,,,,,2.0,1.0,,,,,,,0.0,,
475608,,,,,,,,69.0,,18.0,,,,,,6.0,3.0,3.0,2.0,,,5.0,,12.0,4.0,
475635,,,,,,,,8.0,,5.0,,,,,,2.0,0.0,,,,,,,,,
475653,,,,,,,,4.0,,3.0,,,,,,,,,,,,,,1.0,,
475662,,,,,,,,16.0,,5.0,,,,,,5.0,1.0,,,,,,1.0,1.0,,
475705,,,,,,,,4.0,,1.0,,,,,,1.0,,,,,,,,,,
475714,,,,,,,,28.0,,6.0,,,,,,6.0,6.0,,,,,,,10.0,,
475723,,,,,,,,51.0,,22.0,,,,,,7.0,4.0,1.0,,,,4.0,3.0,1.0,,
475750,,,,,,,,4.0,,2.0,,,,,,,,,,,,,,1.0,,
475839,,,,,,,,30.0,,7.0,,,,,,,5.0,,0.0,,,,8.0,2.0,,
476063,,,,,,,,12.0,,10.0,,,,,,1.0,,,,,,,,1.0,,
476179,,,,,,,,6.0,,4.0,,,,,,1.0,,,,,,,,,,
476230,,,,,,,,7.0,,3.0,,,,,,2.0,,,,,,,,,,
476294,,,,,,,,14.0,,7.0,,,,,,1.0,,,,,,,2.0,4.0,,
476355,,,,,,,,2.0,,,,,,,,1.0,,,,,,,1.0,,,
476489,,,,,,,,11.0,,3.0,,,,,,1.0,1.0,,,,,,,2.0,,
476498,,,,,,,,9.0,,4.0,,,,,,1.0,2.0,,,,,,,2.0,,
476513,,,,,,,,11.0,,4.0,,,,,,1.0,1.0,,,,,1.0,,1.0,1.0,
476540,,,,,,,,10.0,,5.0,,,,,,2.0,,,,,,,1.0,,,
476559,,,,,,,,10.0,,7.0,,,,,,1.0,,,,,,,,,,
476568,,,,,,,,8.0,,4.0,,,,,,2.0,,,,,,,,1.0,,
476595,,,,,,,,13.0,,5.0,,,,,,3.0,1.0,,,,,,,4.0,,
476601,,,,,,,,13.0,,5.0,,,,,,3.0,2.0,,,,,1.0,,1.0,1.0,
476610,,,,,,,,4.0,,2.0,,,,,,,1.0,,,,,,,1.0,,
476629,,,,,,,,20.0,,10.0,,,,,,2.0,2.0,,,,,,5.0,1.0,,
476674,,,,,,,,11.0,,3.0,,,,,,2.0,2.0,,,,,1.0,1.0,2.0,,
476683,,,,,,,,22.0,,8.0,,,,,,7.0,1.0,,,,,,3.0,3.0,,
476692,,,,,,,,5.0,,4.0,,,,,,1.0,,,,,,,,,,
476708,,,,,,,,10.0,,5.0,,,,,,,,,,,,,,3.0,,
476717,,,,,,,,51.0,,36.0,0.0,,,,,4.0,2.0,,,,,1.0,,5.0,,
476726,,,,,,,,55.0,,24.0,,,,,,9.0,5.0,1.0,1.0,1.0,,3.0,4.0,6.0,,
476735,,,,,,,,15.0,,5.0,,,,,,5.0,,,,,,,,5.0,,
476753,,,,,,,,16.0,,9.0,,,,,,1.0,,,,,,,2.0,3.0,,
476780,,,,,,,,10.0,,4.0,,,,,,1.0,2.0,,,,,,,1.0,,
476799,,,,,,,,37.0,,17.0,,,,,,5.0,,,,,,,,8.0,,
476805,,,,,,,,6.0,,3.0,,,,,,2.0,,,,,,,,1.0,,
476814,,,,,,,,50.0,,26.0,,,,,,8.0,,,2.0,,,1.0,7.0,2.0,,
476841,,,,,,,,20.0,,11.0,,,,,,3.0,,,,,,,2.0,4.0,,
476850,,,,,,,,6.0,,3.0,,,,,,1.0,1.0,,,,,,,1.0,,
476869,,,,,,,,19.0,,10.0,,,,,,,1.0,,,,,3.0,,5.0,,
476878,,,,,,,,8.0,,6.0,,,,,,1.0,,,,,,,,1.0,,
476887,,,,,,,,26.0,,14.0,,,,,,1.0,2.0,,,,,,1.0,2.0,,
476896,,,,,,,,5.0,,2.0,,,,,,1.0,1.0,,,,,,,1.0,,
476902,,,,,,,,9.0,,7.0,,,,,,,1.0,,,,,,0.0,1.0,,
476939,,,,,,,,61.0,,26.0,,,,,,10.0,0.0,1.0,2.0,,,,,5.0,,
476948,,,,,,,,23.0,,9.0,,,,,,1.0,,1.0,,,,,,9.0,,
476957,,,,,,,,3.0,,1.0,,,,,,,1.0,,,,,,,1.0,,
476966,,,,,,,,9.0,,5.0,,,,,,1.0,,1.0,,,,,,,,
476975,,,,,,,,378.0,,213.0,,,,,,19.0,6.0,4.0,,,,,,,,
476984,,,,,,,,19.0,,11.0,,,,,,2.0,,,,,,,3.0,3.0,0.0,
476993,,,,,,,,61.0,,25.0,,,,,,9.0,1.0,,2.0,4.0,,1.0,13.0,1.0,,
477002,,,,,,,,7.0,,4.0,,,,,,,,,,,,,,,,
477039,,,,,,,,114.0,,48.0,,,,,,19.0,9.0,,9.0,,,,,21.0,,
478582,,,,,,,,10.0,,7.0,,,,,,2.0,,,,,,,,,,
478591,,,,,,,,12.0,,5.0,,,,,,1.0,,,,,,,2.0,1.0,,
478616,,,,,,,,9.0,,6.0,,,,,,1.0,,,,,,,,1.0,,
478634,,,,,,,,28.0,,12.0,,,,,,2.0,4.0,2.0,,,,,1.0,1.0,,
478661,,,,,,,,9.0,,6.0,,,,,,2.0,,,,,,,,1.0,,
478917,,,,,,,,5.0,,4.0,,,,,,,,,,,,,1.0,,,
478953,,,,,,,,18.0,,11.0,,,,,,1.0,,,,,,,,1.0,0.0,
479062,,,,,,,,7.0,,5.0,,,,,,1.0,,,,,,,,,,
479248,,,,,,,,8.0,,5.0,,,,,,,,,,,,,,,,
479424,,,,,,,,47.0,,20.0,,,,,,5.0,,1.0,,,,0.0,,2.0,,
479965,,,,,,,,26.0,,16.0,,,,,,2.0,,,,,,8.0,,,,
479974,,,,,,,,10.0,,5.0,,,,,,1.0,1.0,,,,,,,3.0,,
479983,,,,,,,,8.0,,4.0,,,,,,1.0,1.0,,,,,,,,,
479992,,,,,,,,20.0,,5.0,,,,,,2.0,1.0,5.0,,,,,1.0,2.0,,
480000,,,,,,,,7.0,,3.0,,,,,,1.0,2.0,,,,,,,,,
480019,,,,,,,,66.0,,37.0,,,,,,10.0,2.0,,,,,,5.0,11.0,,
480028,,,,,,,,12.0,,5.0,,,,,,3.0,1.0,,1.0,,,1.0,1.0,,,
480037,,,,,,,,223.0,,117.0,,,,,,30.0,,,,,,,53.0,20.0,,
480073,,,,,,,,51.0,,22.0,,,,,,11.0,,1.0,,,,,,3.0,,
480091,,,,,,,,385.0,,183.0,,,,,,11.0,7.0,5.0,133.0,,,1.0,5.0,29.0,,
480125,,,,,,,,20.0,,10.0,,,,,,1.0,,,,,,,7.0,1.0,,
480161,,,,,,,,5.0,,2.0,,,,,,1.0,1.0,,,,,,,,,
480189,,,,,,,,49.0,,33.0,,,,,,5.0,1.0,3.0,3.0,,,1.0,,2.0,,
480198,,,,,,,,9.0,,,,,,,,2.0,,,,,,,,7.0,,
480204,,,,,,,,62.0,,28.0,,,,,,12.0,,,,,,,,6.0,,
480310,,,,,,,,6.0,,3.0,,,,,,1.0,,,,,,,,1.0,,
480347,,,,,,,,10.0,,5.0,,,,,,1.0,2.0,,,,,,,2.0,,
480471,,,,,,,,40.0,,15.0,,,,,,5.0,,,,,,,,20.0,,
480499,,,,,,,,13.0,,5.0,,,,,,3.0,0.0,0.0,,,,,,2.0,,
480523,,,,,,,,6.0,,3.0,,,,,,1.0,,,,,,,,,,
480532,,,,,,,,5.0,,2.0,,,,,,2.0,,,,,,,,,,
480550,,,,,,,,6.0,,3.0,,,,,,2.0,,,,,,,,,,
480569,,,,,,,,76.0,,55.0,,,,,,2.0,1.0,3.0,3.0,,,,,6.0,,
480657,,,,,,,,43.0,,25.0,,,,,,5.0,,,,,,,,2.0,,
480693,,,,,,,,11.0,,5.0,,,,,,,1.0,1.0,,,,,,1.0,,
480727,,,,,,,,13.0,,5.0,,,,,,1.0,1.0,,,,,,,1.0,5.0,
480736,,,,,,,,9.0,,4.0,,,,,,2.0,1.0,,,,,,,2.0,,
480781,,,,,,,,21.0,,7.0,,,,,,2.0,4.0,1.0,2.0,,,,,2.0,,
480790,,,,,,,,389.0,,94.0,1.0,,,,,33.0,10.0,11.0,2.0,133.0,,25.0,,39.0,6.0,
480824,,,,,,,,31.0,,13.0,,,,,,5.0,,,,,,,,2.0,,
480833,,,,,,,,55.0,,31.0,,,,,,6.0,,,,,,,,4.0,,
480842,,,,,,,,8.0,,4.0,,,,,,2.0,1.0,,,,,,,,,
480851,,,,,,,,18.0,,9.0,,,,,,1.0,,,,,,,2.0,4.0,,
480879,,,,,,,,8.0,,3.0,,,,,,1.0,1.0,,,,,,3.0,,,
480888,,,,,,,,43.0,,17.0,,,,,,6.0,1.0,,1.0,,,,,,,
480903,,,,,,,,39.0,,23.0,,,,,,6.0,,,,,,,7.0,3.0,,
480912,,,,,,,,7.0,,4.0,,,,,,1.0,1.0,0.0,,,,,,,,
480921,,,,,,,,11.0,,6.0,,,,,,,,,,,,,,,,
480930,,,,,,,,14.0,,9.0,,,,,,1.0,,,,,,,2.0,2.0,,
480967,,,,,,,,57.0,,14.0,1.0,,,,,6.0,5.0,2.0,,,,13.0,2.0,7.0,,
480976,,,,,,,,5.0,,1.0,,,,,,,0.0,,3.0,,,0.0,,,,
480985,,,,,,,,27.0,,12.0,,,,,,2.0,1.0,1.0,,,,,,4.0,,
480994,,,,,,,,7.0,,3.0,,,,,,1.0,1.0,,,,,,,2.0,,
481003,,,,,,,,20.0,,8.0,,,,,,2.0,1.0,,2.0,,,,,3.0,,
481021,,,,,,,,158.0,,64.0,,,,,,9.0,6.0,2.0,2.0,2.0,,17.0,,8.0,3.0,6.0
481030,,,,,,,,25.0,,7.0,5.0,,,,,2.0,2.0,1.0,1.0,,,1.0,,1.0,,
481049,,,,,,,,8.0,,3.0,,,,,,1.0,0.0,,,,,,,0.0,,
481058,,,,,,,,22.0,,13.0,,,,,,1.0,2.0,3.0,,,,,1.0,1.0,,
481085,,,,,,,,23.0,,8.0,,,,,,3.0,,,,,,,,10.0,,
481094,,,,,,,,27.0,,11.0,,,,,,3.0,1.0,,,,,,,4.0,,
481100,,,,,,,,6.0,,4.0,,,,,,,,,,,,,,,,
481128,,,,,,,,38.0,,14.0,,,,,,1.0,1.0,1.0,,,,4.0,,2.0,1.0,
481137,,,,,,,,84.0,,19.0,,,,,,12.0,7.0,1.0,10.0,3.0,,24.0,,5.0,2.0,
481146,,,,,,,,11.0,,7.0,,,,,,1.0,1.0,,,,,,,1.0,,
481155,,,,,,,,34.0,,13.0,,,,,,4.0,3.0,,,,,1.0,,1.0,,
481182,,,,,,,,6.0,,2.0,,,,,,1.0,1.0,0.0,,,,0.0,,1.0,,
481191,,,,,,,,23.0,,11.0,,,,,,3.0,,,,,,3.0,,6.0,,
481207,,,,,,,,27.0,,9.0,,,,,,1.0,2.0,,,,,,,11.0,,
481225,,,,,,,,19.0,,6.0,,4.0,,,,4.0,2.0,,,,,,,1.0,0.0,
481243,,,,,,,,20.0,,8.0,,,,,,5.0,1.0,,,,,,1.0,4.0,,
481252,,,,,,,,15.0,,7.0,,,,,,1.0,1.0,,,,,1.0,,,,0.0
481289,,,,,,,,27.0,,16.0,,,,,,1.0,1.0,1.0,,0.0,,1.0,,2.0,,
481298,,,,,,,,4.0,,2.0,,,,,,,1.0,,,,,,,1.0,,
481313,,,,,,,,8.0,,3.0,,,,,,2.0,1.0,,,,,,1.0,0.0,0.0,
481322,,,,,,,,9.0,,4.0,,,,,,3.0,,,,,,0.0,,1.0,,
481331,,,,,,,,5.0,,2.0,,,,,,2.0,,,,,,1.0,,,,
481340,,,,,,,,10.0,,6.0,,,,,,,,,,,,,,,,
481368,,,,,,,,12.0,,7.0,,,,,,2.0,,,,1.0,,1.0,,,,
481386,,,,,,,,32.0,,10.0,,,,,,6.0,3.0,,,4.0,,,,,,
481401,,,,,,,,37.0,,14.0,,,,,,6.0,5.0,3.0,1.0,,,,,0.0,,
481410,,,,,,,,6.0,,5.0,,,,,,1.0,0.0,,,,,0.0,,,,
481429,,,,,,,,15.0,,6.0,,,,,,2.0,1.0,,,1.0,,,1.0,1.0,,
481438,,,,,,,,17.0,,9.0,,,,,,2.0,1.0,,,,,4.0,,1.0,,
481447,,,,,,,,4.0,,2.0,,,,,,,1.0,,,,,,,0.0,,
481456,,,,,,,,4.0,,3.0,,,,,,,1.0,,,,,,,0.0,,
481465,,,,,,,,11.0,,5.0,,,,,,,2.0,,,,,,,1.0,1.0,
481474,,,,,,,,19.0,,10.0,,,,,,2.0,1.0,,,,,3.0,1.0,,,
481483,,,,,,,,24.0,,6.0,,,,,,6.0,4.0,,1.0,,,1.0,2.0,2.0,,
481508,,,,,,,,6.0,,3.0,,,,,,1.0,1.0,,,,,,1.0,,,
481517,,,,,,,,14.0,,8.0,,,,,,1.0,1.0,,,,,1.0,1.0,1.0,,
481526,,,,,,,,15.0,,7.0,,,,,,3.0,,,,,,,,5.0,,
481535,,,,,,,,677.0,,39.0,342.0,148.0,,,,,77.0,23.0,10.0,,,,,19.0,,16.0
481571,,,,,,,,4.0,,2.0,,,,,,1.0,1.0,,,,,,,,,
481678,,,,,,,,6.0,,4.0,,,,,,1.0,,,,,,,,,,
481720,,,,,,,,4.0,,1.0,,,,,,1.0,,,,,,,,1.0,,
481739,,,,,,,,6.0,,4.0,,,,,,1.0,,,,,,,,,,
481748,,,,,,,,9.0,,5.0,,,,,,1.0,,,,,,,,1.0,,
481775,,,,,,,,14.0,,7.0,,,,,,3.0,,,,,,0.0,,,,
481845,,,,,,,,6.0,,4.0,,,,,,1.0,,,,,,,,,,
481863,,,,,,,,7.0,,4.0,,,,,,2.0,,,,,,,,,,
481890,,,,,,,,8.0,,5.0,,,,,,2.0,,,,,,,,,,
481906,,,,,,,,10.0,,6.0,,,,,,3.0,,,,,,,,,,
481960,,,,,,,,14.0,,5.0,,,,,,1.0,,,,,,,3.0,2.0,,
482060,,,,,,,,32.0,,17.0,,,,,,2.0,,,,,,,3.0,9.0,,
482097,,,,,,,,48.0,,23.0,,,,,,2.0,4.0,,,,,9.0,,9.0,,
482149,,,,,,,,5289.0,,1081.0,203.0,4.0,,,,430.0,196.0,498.0,117.0,1459.0,,446.0,2.0,665.0,71.0,
482158,,,,,,,,736.0,,312.0,,,,,,110.0,8.0,21.0,14.0,1.0,,45.0,,104.0,53.0,
482167,,,,,,,,9.0,,5.0,,,,,,1.0,1.0,,,,,,,1.0,,
482176,,,,,,,,17.0,,10.0,,,,,,,,,,,,,2.0,4.0,1.0,
482185,,,,,,,,16.0,,6.0,,,,,,2.0,1.0,1.0,,,,,3.0,2.0,,
482194,,,,,,,,12.0,,8.0,,,,,,3.0,,,,,,,,1.0,,
482200,,,,,,,,12.0,,4.0,,,,,,1.0,3.0,,,,,,,4.0,,
482228,,,,,,,,24.0,,14.0,,,,,,2.0,1.0,,1.0,,,,1.0,,,
482246,,,,,,,,5.0,,2.0,,,,,,1.0,0.0,,,,,,,2.0,,
482255,,,,,,,,40.0,,16.0,,,,,,8.0,,,,,,,,16.0,,
482291,,,,,,,,48.0,,15.0,,,,,,10.0,1.0,,,,,,,22.0,,
482325,,,,,,,,4.0,,2.0,,,,,,1.0,,,,,,,,,,
482413,,,,,,,,66.0,,30.0,,,,,,10.0,,,,,,,,1.0,,
482422,,,,,,,,45.0,,17.0,,,,,,8.0,1.0,,,,,,,,,
482431,,,,,,,,190.0,,88.0,,,,,,22.0,1.0,2.0,,,,,,,,
482440,,,,,,,,15.0,,5.0,,,,,,1.0,,,,,,,,,,
482459,,,,,,,,55.0,,20.0,,,,,,9.0,2.0,,,,,,,,,
482468,,,,,,,,83.0,,29.0,,,,,,13.0,1.0,,1.0,,,,,1.0,,
482477,,,,,,,,522.0,,439.0,,,,,,20.0,1.0,,,,,,,1.0,,
482486,,,,,,,,6.0,,3.0,,,,,,1.0,,,,,,,,,,
482538,,,,,,,,16.0,,7.0,,,,,,3.0,,,,,,,,,,
482547,,,,,,,,11.0,,4.0,,,,,,1.0,,,,,,,,,,
482556,,,,,,,,48.0,,17.0,,,,,,5.0,,,,,,,,,,
482565,,,,,,,,21.0,,9.0,,,,,,1.0,,,,,,,,,,
482574,,,,,,,,57.0,,20.0,,,,,,7.0,,,,,,,,,,
482608,,,,,,,,36.0,,5.0,,,,,,9.0,,,,,,,,,,
482617,,,,,,,,13.0,,3.0,,,,,,2.0,1.0,,,,,,,,,
482635,,,,,,,,68.0,,32.0,,,,,,7.0,2.0,,,,,,,1.0,,
482653,,,,,,,,35.0,,12.0,,,,,,8.0,,,,,,,,,,
482680,,,,,,,,1879.0,,810.0,,,,,,225.0,42.0,103.0,47.0,7.0,,171.0,1.0,219.0,56.0,
482699,,,,,,,,204.0,,74.0,,,,,,29.0,3.0,5.0,3.0,,,30.0,1.0,36.0,6.0,
482705,,,,,,,,591.0,,473.0,,,,,,5.0,17.0,5.0,35.0,,,,,13.0,,
482936,,,,,,,,246.0,,77.0,1.0,,,,,62.0,18.0,30.0,8.0,,,13.0,2.0,20.0,1.0,
482963,,,,,,,,18.0,,8.0,,,,,,4.0,,,,,,,4.0,2.0,,
482972,,,,,,,,1.0,,0.0,,,,,,,1.0,,,,,,,,,
482981,,,,,,,,11.0,,4.0,,,,,,3.0,2.0,,,,,,1.0,1.0,,
482990,,,,,,,,21.0,,9.0,,,,,,3.0,,,1.0,,,,,2.0,,
483009,,,,,,,,12.0,,5.0,,,,,,1.0,1.0,,,,,,1.0,1.0,,
483018,,,,,,,,83.0,,16.0,,,,,,10.0,11.0,3.0,2.0,1.0,,23.0,,5.0,,
483036,,,,,,,,270.0,,117.0,2.0,,,,,40.0,15.0,21.0,15.0,,,5.0,,46.0,,
483045,,,,,,,,656.0,,315.0,,,,,,26.0,38.0,16.0,18.0,,,69.0,,106.0,,
483054,,,,,,,,8.0,,4.0,,,,,,1.0,1.0,,,,,,,,,
483106,,,,,,,,17.0,,9.0,,,,,,1.0,1.0,,,,,,2.0,4.0,,
483124,,,,,,,,1602.0,,1173.0,9.0,,,,,99.0,24.0,81.0,95.0,,,,1.0,17.0,,
483212,,,,,,,,246.0,,122.0,,,,,,31.0,64.0,1.0,,,,5.0,,11.0,2.0,
483221,,,,,,,,11.0,,7.0,,,,,,,,,,,,,,4.0,,
483230,,,,,,,,29.0,,14.0,,,,,,3.0,3.0,,1.0,,,2.0,4.0,2.0,,
483258,,,,,,,,7.0,,5.0,,,,,,,2.0,,,,,,,,,
483276,,,,,,,,7.0,,5.0,,,,,,,1.0,,0.0,,,,,,,
483328,,,,,,,,20.0,,11.0,,,,,,1.0,,,,,,,4.0,4.0,,
483337,,,,,,,,13.0,,7.0,,,,,,1.0,,,,,,,3.0,2.0,,
483346,,,,,,,,9.0,,3.0,,,,,,2.0,2.0,,,,,,,1.0,,
483355,,,,,,,,22.0,,10.0,,,,,,3.0,2.0,,,,,1.0,3.0,2.0,,
483364,,,,,,,,17.0,,9.0,,,,,,2.0,,,,,,,2.0,4.0,,
483373,,,,,,,,21.0,,6.0,,,,,,10.0,,,,,,0.0,,2.0,,
483382,,,,,,,,28.0,,10.0,,,,,,9.0,,,,,,1.0,2.0,6.0,,
483425,,,,,,,,6.0,,4.0,,,,,,1.0,,,,,,,,,,
483443,,,,,,,,36.0,,16.0,,,,,,4.0,1.0,,,,,3.0,,6.0,,
483470,,,,,,,,22.0,,6.0,,,,,,6.0,,,,,,6.0,,,,
483504,,,,,,,,34.0,,15.0,,,,,,2.0,,,,,,,,2.0,,
483513,,,,,,,,12.0,,6.0,,,,,,1.0,1.0,,,,,3.0,,1.0,,
483559,,,,,,,,11.0,,4.0,,,,,,5.0,1.0,,,,,,,1.0,,
483577,,,,,,,,4.0,,4.0,,,,,,,1.0,,,,,,,,,
483595,,,,,,,,84.0,,14.0,,,,,,17.0,1.0,6.0,,,,,,44.0,,
483647,,,,,,,,21.0,,3.0,,,,,,2.0,5.0,0.0,,,,,3.0,2.0,,
483708,,,,,,,,14.0,,7.0,,,,,,3.0,,,,,,,3.0,1.0,,
483726,,,,,,,,3.0,,1.0,,,,,,1.0,1.0,,,,,,,,,
483735,,,,,,,,6.0,,3.0,,,,,,,,,,,,,,1.0,,
483744,,,,,,,,7.0,,3.0,,,,,,1.0,1.0,,,,,0.0,,0.0,,
483753,,,,,,,,4.0,,2.0,,,,,,,,,,,,,,,,
483780,,,,,,,,25.0,,12.0,,,,,,5.0,1.0,1.0,1.0,,,,,2.0,,
483799,,,,,,,,10.0,,5.0,,,,,,,1.0,0.0,,,,,,0.0,,
483814,,,,,,,,22.0,,12.0,,,,,,10.0,,,,,,,,1.0,,
483823,,,,,,,,121.0,,54.0,,,,,,12.0,7.0,5.0,5.0,,,6.0,13.0,2.0,11.0,
483841,,,,,,,,10.0,,3.0,,,,,,1.0,2.0,,,,,,,,,
483850,,,,,,,,10.0,,1.0,,,,,,2.0,3.0,,,,,,1.0,3.0,,
483869,,,,,,,,11.0,,5.0,,,,,,1.0,0.0,,,,,,,3.0,,
483878,,,,,,,,22.0,,5.0,,,,,,1.0,3.0,,1.0,,,,2.0,1.0,,
483887,,,,,,,,7.0,,4.0,,,,,,2.0,,,,,,,,1.0,,
483896,,,,,,,,9.0,,6.0,,,,,,1.0,,,,,,,,1.0,,
483911,,,,,,,,4.0,,2.0,,,,,,1.0,,,,,,,,,,
483920,,,,,,,,21.0,,12.0,,,,,,2.0,1.0,,,,,1.0,,5.0,,
483939,,,,,,,,8.0,,2.0,,,,,,,,,,,,,1.0,2.0,,
483948,,,,,,,,5.0,,2.0,,,,,,,1.0,,,,,,,,,
483957,,,,,,,,4.0,,3.0,,,,,,,1.0,,,,,,,,,
483975,,,,,,,,97.0,,31.0,3.0,,,,,14.0,3.0,3.0,6.0,,,1.0,1.0,16.0,,
484002,,,,,,,,112.0,,52.0,,,,,,16.0,4.0,1.0,,,,,,8.0,6.0,
484011,,,,,,,,21.0,,10.0,,,,,,2.0,,,,,,,4.0,3.0,2.0,
484020,,,,,,,,4.0,,1.0,,,,,,1.0,1.0,,0.0,,,,,0.0,,
484039,,,,,,,,12.0,,5.0,,,,,,1.0,1.0,0.0,,,,,1.0,4.0,,
484048,,,,,,,,8.0,,3.0,,,,,,,2.0,,,,,,,2.0,,
484057,,,,,,,,8.0,,5.0,,,,,,0.0,0.0,,,,,,,,,
484066,,,,,,,,72.0,,35.0,,,,,,11.0,1.0,,,,,3.0,,1.0,,
484075,,,,,,,,4.0,,2.0,,,,,,,1.0,,,,,,,,,
484084,,,,,,,,10.0,,6.0,,,,,,3.0,1.0,,1.0,,,,,,,
484093,,,,,,,,12.0,,5.0,,,,,,3.0,,,,,,,2.0,2.0,,
484109,,,,,,,,11.0,,10.0,,,,,,,,,,,,,,1.0,,
484127,,,,,,,,13.0,,8.0,,,,,,3.0,,,,,,,,2.0,,
484136,,,,,,,,4.0,,2.0,,,,,,,1.0,,,,,,,1.0,,
484163,,,,,,,,16.0,,7.0,,,,,,5.0,,,,,,,,5.0,,
484172,,,,,,,,5.0,,1.0,,,,,,1.0,1.0,,,,,,,1.0,,
484190,,,,,,,,5.0,,1.0,,,,,,,1.0,,,,,,,2.0,,
484206,,,,,,,,14.0,,6.0,,,,,,1.0,3.0,,,,,,4.0,,,
484233,,,,,,,,41.0,,22.0,,,,,,5.0,0.0,2.0,,,,,,9.0,3.0,
484321,,,,,,,,10.0,,5.0,,,,,,2.0,1.0,,,,,,,2.0,,
484330,,,,,,,,7.0,,4.0,,,,,,2.0,,,,,,,,,,
484349,,,,,,,,9.0,,5.0,,,,,,1.0,,,,,,,,,,
484358,,,,,,,,8.0,,6.0,,,,,,1.0,,,,,,,,,,
484367,,,,,,,,21.0,,9.0,,,,,,1.0,2.0,,,,,,5.0,2.0,,
484376,,,,,,,,28.0,,13.0,,,,,,1.0,3.0,,,,,,5.0,1.0,,
484394,,,,,,,,24.0,,14.0,,,,,,2.0,,,,,,,,8.0,,
484473,,,,,,,,130.0,,54.0,1.0,,,,,15.0,2.0,2.0,6.0,,,,,12.0,,
484604,,,,,,,,21.0,,8.0,,,,,,2.0,,,,,,,5.0,3.0,,
484613,,,,,,,,4652.0,,1481.0,,,,,,536.0,445.0,415.0,494.0,,,,512.0,731.0,,
484826,,,,,,,,10.0,,6.0,,,,,,1.0,1.0,,,,,,1.0,,,
484835,,,,,,,,39.0,,7.0,,,,,,15.0,10.0,,1.0,,,2.0,1.0,2.0,,
484862,,,,,,,,38.0,,19.0,1.0,,,,,5.0,3.0,,,,,0.0,2.0,4.0,0.0,
484871,,,,,,,,11.0,,7.0,,,,,,4.0,,,,,,,,,,
484899,,,,,,,,25.0,,12.0,,,,,,1.0,2.0,,,,,,7.0,,,
484905,,,,,,,,431.0,,181.0,4.0,20.0,,,,52.0,27.0,7.0,13.0,3.0,,23.0,,76.0,,
484923,,,,,,,,4.0,,1.0,,,,,,1.0,1.0,,,,,,,0.0,,
484932,,,,,,,,179.0,,101.0,,,,,,26.0,3.0,6.0,2.0,,,10.0,,24.0,,
484950,,,,,,,,14.0,,9.0,,,,,,1.0,,,,,,,2.0,1.0,,
484996,,,,,,,,12.0,,7.0,,,,,,2.0,,,,,,,,2.0,0.0,
485014,,,,,,,,5.0,,3.0,,,,,,1.0,,,,,,,,,,
485032,,,,,,,,11.0,,5.0,,,,,,1.0,,,,,,,2.0,2.0,0.0,
485111,,,,,,,,730.0,,268.0,,,,,,72.0,25.0,12.0,22.0,4.0,,86.0,,146.0,,
485139,,,,,,,,21.0,,5.0,,,,,,1.0,,1.0,,,,,,12.0,,
485166,,,,,,,,12.0,,5.0,,,,,,2.0,1.0,,,,,,,4.0,,
485236,,,,,,,,11.0,,4.0,,,,,,1.0,1.0,,,,,2.0,1.0,2.0,,
485263,,,,,,,,67.0,,32.0,,,,,,3.0,7.0,4.0,,1.0,,,1.0,4.0,,
485272,,,,,,,,125.0,,65.0,,,,,,16.0,9.0,0.0,7.0,,,,,21.0,,
485306,,,,,,,,2.0,,1.0,,,,,,,1.0,,,,,,,,,
485342,,,,,,,,24.0,,14.0,,,,,,2.0,,1.0,,,,3.0,,3.0,,
485360,,,,,,,,11.0,,5.0,,,,,,1.0,1.0,,,,,,,4.0,,
485379,,,,,,,,28.0,,14.0,,,,,,1.0,3.0,,,,,1.0,2.0,3.0,,
485388,,,,,,,,32.0,,17.0,,,,,,1.0,3.0,,,,,2.0,3.0,3.0,,
485397,,,,,,,,9.0,,5.0,,,,,,2.0,,,,,,,,,,
485403,,,,,,,,50.0,,10.0,16.0,11.0,,,,4.0,1.0,,,,,,,4.0,,
485412,,,,,,,,6.0,,5.0,,,,,,0.0,0.0,,,,,,,,,
485458,,,,,,,,245.0,,111.0,,1.0,,,,18.0,4.0,6.0,3.0,,,26.0,,29.0,,
485467,,,,,,,,55.0,,,,,,,,24.0,2.0,12.0,,,,,,8.0,,
485476,,,,,,,,15.0,,8.0,,,,,,1.0,2.0,,,,,1.0,,3.0,,
485485,,,,,,,,19.0,,12.0,,,,,,4.0,1.0,0.0,,,,,,1.0,,1.0
485494,,,,,,,,7.0,,2.0,,,,,,1.0,2.0,,,,,,,2.0,,
485500,,,,,,,,11.0,,3.0,,,,,,3.0,2.0,1.0,,,,,1.0,,,
485519,,,,,,,,24.0,,6.0,,,,,,8.0,2.0,,,,,,2.0,,,
485537,,,,,,,,1399.0,,75.0,35.0,,,,,112.0,41.0,7.0,2.0,774.0,,36.0,,301.0,14.0,
485546,,,,,,,,36.0,,15.0,,,,,,3.0,6.0,1.0,,,,,4.0,,,
485564,,,,,,,,21.0,,10.0,,,,,,3.0,1.0,,,,,,1.0,3.0,,
485573,,,,,,,,7.0,,3.0,,,,,,1.0,1.0,,,,,,,1.0,,
485582,,,,,,,,10.0,,6.0,,,,,,,2.0,,,,,,,2.0,,
485591,,,,,,,,4.0,,2.0,,,,,,2.0,,,,,,,,,,
485607,,,,,,,,5.0,,2.0,,,,,,,,,,,,,,3.0,,
485698,,,,,,,,22.0,,12.0,,,,,,3.0,1.0,,,,,,,2.0,,
485704,,,,,,,,2.0,,1.0,,,,,,,,,,,,,,,,
485768,,,,,,,,46.0,,9.0,,,,,,7.0,3.0,4.0,,,,1.0,,12.0,,
485801,,,,,,,,12.0,,2.0,,,,,,4.0,3.0,,,,,,,2.0,,
485810,,,,,,,,6.0,,2.0,,,,,,1.0,1.0,,,,,,,1.0,,
485856,,,,,,,,4.0,,,,,,,,1.0,0.0,,1.0,,,,,1.0,,
485874,,,,,,,,10.0,,6.0,,,,,,1.0,1.0,,,,,,1.0,1.0,,
485908,,,,,,,,33.0,,19.0,,,,,,9.0,,,,,,,,1.0,,
485926,,,,,,,,12.0,,7.0,,,,,,1.0,1.0,,,,,,1.0,2.0,,
485953,,,,,,,,8.0,,4.0,,,,,,1.0,2.0,,0.0,,,,,,,
485962,,,,,,,,6.0,,3.0,,,,,,1.0,1.0,,,,,,,1.0,,
485999,,,,,,,,18.0,,12.0,,,,,,,2.0,,,,,3.0,,1.0,,
486017,,,,,,,,8.0,,6.0,,,,,,,,,,,,,,2.0,,
486026,,,,,,,,9.0,,6.0,,,,,,2.0,1.0,,,,,0.0,,0.0,,
486053,,,,,,,,28.0,,13.0,,,,,,5.0,3.0,0.0,5.0,,,0.0,,1.0,,
486105,,,,,,,,1.0,,1.0,,,,,,,,,,,,,,,,
486123,,,,,,,,13.0,,6.0,,,,,,1.0,2.0,1.0,,,,,3.0,,,
486141,,,,,,,,5.0,,1.0,,,,,,1.0,1.0,,,,,,,1.0,,
486150,,,,,,,,19.0,,6.0,,,,,,2.0,1.0,1.0,,,,2.0,,3.0,,
486169,,,,,,,,7.0,,4.0,,,,,,2.0,1.0,,,,,,,,,
486196,,,,,,,,19.0,,11.0,,,,,,1.0,2.0,,,,,5.0,,0.0,,
486202,,,,,,,,6.0,,3.0,,,,,,1.0,,,,,,1.0,,1.0,,
486239,,,,,,,,52.0,,22.0,,,,,,3.0,3.0,1.0,,,,,4.0,5.0,3.0,
486248,,,,,,,,9.0,,7.0,,,,,,1.0,,,,,,,,1.0,,
486257,,,,,,,,27.0,,9.0,3.0,,,,,6.0,2.0,,,,,1.0,,5.0,,
486284,,,,,,,,79.0,,16.0,0.0,,,,,33.0,2.0,2.0,5.0,,,5.0,1.0,10.0,1.0,
486309,,,,,,,,4.0,,2.0,,,,,,0.0,1.0,,,,,,,,,
486345,,,,,,,,9.0,,5.0,,,,,,,1.0,,,,,,,1.0,,
486354,,,,,,,,16.0,,9.0,,,,,,0.0,3.0,,,,,,,1.0,,
486372,,,,,,,,15.0,,8.0,,,,,,,,,,,,,,,,
486381,,,,,,,,15.0,,4.0,,,,,,5.0,2.0,,,,,,,1.0,,
486390,,,,,,,,4.0,,2.0,,,,,,2.0,,,,,,,,,,
486406,,,,,,,,3.0,,2.0,,,,,,,,,,,,,,1.0,,
486415,,,,,,,,41.0,,21.0,,,,,,6.0,4.0,1.0,,,,,,5.0,1.0,
486424,,,,,,,,14.0,,8.0,,,,,,2.0,,1.0,,,,,,,,
486433,,,,,,,,27.0,,8.0,,,,,,12.0,2.0,,,,,,,2.0,,
486442,,,,,,,,12.0,,7.0,,,,,,,2.0,,,,,,,3.0,,
486460,,,,,,,,9.0,,3.0,,,,,,4.0,0.0,,,,,1.0,,1.0,,
486488,,,,,,,,25.0,,11.0,,2.0,,,,2.0,0.0,0.0,1.0,,,,,4.0,,
486497,,,,,,,,7.0,,3.0,,,,,,1.0,2.0,,,,,,,1.0,,
486503,,,,,,,,7.0,,4.0,,,,,,1.0,1.0,,,,,,,1.0,,
486512,,,,,,,,18.0,,5.0,,,,,,3.0,1.0,,,,,1.0,,7.0,1.0,
486530,,,,,,,,23.0,,15.0,,,,,,5.0,1.0,,,,,,,2.0,,
486558,,,,,,,,41.0,,19.0,,,,,,4.0,,,,,,,,17.0,,
486567,,,,,,,,16.0,,5.0,,,,,,1.0,,,,,,,3.0,6.0,1.0,
486576,,,,,,,,24.0,,6.0,,,,,,3.0,2.0,,,,,,,2.0,1.0,
486594,,,,,,,,14.0,,5.0,,,,,,2.0,1.0,,,,,0.0,,1.0,,
486619,,,,,,,,5.0,,3.0,,,,,,,2.0,,,,,,,,,
486691,,,,,,,,7.0,,5.0,,,,,,1.0,,,,,,,,,,
486707,,,,,,,,12.0,,10.0,,,,,,1.0,,,,,,,,,,
486716,,,,,,,,8.0,,5.0,,,,,,1.0,,,,,,,,,,
486734,,,,,,,,8.0,,6.0,,,,,,1.0,,,,,,,,1.0,,
486752,,,,,,,,7.0,,4.0,,,,,,1.0,,,,,,,,,,
486770,,,,,,,,16.0,,8.0,,,,,,1.0,1.0,,,,,,2.0,1.0,,
486798,,,,,,,,88.0,,35.0,,,,,,9.0,,,,,,,20.0,14.0,9.0,
486813,,,,,,,,55.0,,31.0,,,,,,2.0,,,,,,,,16.0,,
486822,,,,,,,,62.0,,40.0,,,,,,3.0,,,,,,,,11.0,,
486840,,,,,,,,3617.0,,1499.0,,,,,,533.0,156.0,244.0,120.0,8.0,,243.0,5.0,390.0,72.0,
486859,,,,,,,,4.0,,3.0,,,,,,1.0,,,,,,,,,,
486868,,,,,,,,3.0,,2.0,,,,,,,1.0,,,,,,,,,
486877,,,,,,,,4.0,,1.0,,,,,,2.0,,,,,,,,1.0,,
486886,,,,,,,,4.0,,1.0,,,,,,2.0,,,,,,,,1.0,,
486901,,,,,,,,248.0,,117.0,,,,,,23.0,9.0,5.0,44.0,3.0,,15.0,1.0,21.0,5.0,
486965,,,,,,,,39.0,,19.0,,,,,,3.0,1.0,,4.0,,,,11.0,,,
486983,,,,,,,,2.0,,2.0,,,,,,,,,,,,,,,,
487010,,,,,,,,4704.0,,1495.0,83.0,,,,,217.0,120.0,342.0,26.0,1459.0,,305.0,,521.0,83.0,21.0
487047,,,,,,,,18.0,,7.0,,,,,,3.0,,,,,,1.0,,2.0,,
487065,,,,,,,,6.0,,3.0,,,,,,1.0,1.0,,,,,,,1.0,,
487083,,,,,,,,10.0,,7.0,,,,,,1.0,1.0,,,,,,,1.0,,
487092,,,,,,,,231.0,,99.0,,,,,,18.0,6.0,17.0,17.0,4.0,,1.0,,23.0,5.0,1.0
487153,,,,,,,,7.0,,4.0,,,,,,1.0,,,,,,,,1.0,,
487162,,,,,,,,381.0,,186.0,,5.0,,,,13.0,21.0,8.0,14.0,,,44.0,,60.0,,
487232,,,,,,,,7.0,,4.0,,,,,,2.0,,,,,,,,1.0,,
487296,,,,,,,,69.0,,36.0,,,,,,10.0,2.0,1.0,11.0,,,,,7.0,,
487302,,,,,,,,41.0,,18.0,,,,,,6.0,4.0,,7.0,,,1.0,,3.0,,
487311,,,,,,,,52.0,,24.0,,,,,,8.0,5.0,,,,,,8.0,1.0,1.0,
487320,,,,,,,,1479.0,,558.0,,,,,,154.0,121.0,70.0,66.0,,,101.0,5.0,205.0,61.0,5.0
487348,,,,,,,,10.0,,3.0,,,,,,3.0,1.0,,,,,,1.0,1.0,,
487375,,,,,,,,48.0,,26.0,,,,,,6.0,,1.0,3.0,,,,,5.0,,
487384,,,,,,,,31.0,,7.0,,,,,,6.0,1.0,,,,,,,16.0,,
487393,,,,,,,,51.0,,18.0,,,,,,8.0,1.0,,,,,,,23.0,,
487409,,,,,,,,33.0,,12.0,,,,,,3.0,1.0,,,,,,,17.0,,
487418,,,,,,,,49.0,,15.0,,,,,,9.0,,,,,,,,25.0,,
487427,,,,,,,,48.0,,21.0,,,,,,7.0,1.0,,,,,,,19.0,,
487436,,,,,,,,38.0,,12.0,,,,,,6.0,1.0,,,,,,,19.0,,
487445,,,,,,,,35.0,,11.0,,,,,,5.0,,,,,,,,19.0,,
487454,,,,,,,,30.0,,6.0,,,,,,6.0,1.0,,,,,,,17.0,,
487472,,,,,,,,65.0,,25.0,,,,,,8.0,1.0,,,,,,,31.0,,
487481,,,,,,,,53.0,,17.0,,,,,,7.0,1.0,,,,,,,28.0,,
487490,,,,,,,,62.0,,21.0,,,,,,10.0,1.0,,,,,,,30.0,,
487506,,,,,,,,35.0,,8.0,,,,,,3.0,4.0,,,,,,3.0,15.0,1.0,
487524,,,,,,,,518.0,,237.0,2.0,,,,,57.0,18.0,19.0,30.0,8.0,,90.0,,32.0,,
487533,,,,,,,,12.0,,8.0,,,,,,1.0,,,,,,,,1.0,,
487588,,,,,,,,30.0,,13.0,,,,,,4.0,1.0,,,,,,3.0,7.0,,
487597,,,,,,,,56.0,,25.0,,,,,,6.0,22.0,1.0,,,,,,1.0,1.0,
487603,,,,,,,,49.0,,36.0,,,,,,4.0,,,,,,,1.0,8.0,0.0,
487621,,,,,,,,5.0,,2.0,,,,,,2.0,,,,,,,,1.0,,
487649,,,,,,,,40.0,,16.0,2.0,,,,,15.0,0.0,,1.0,,,,3.0,2.0,,
487658,,,,,,,,12.0,,5.0,,,,,,2.0,1.0,,,,,,2.0,2.0,,
487676,,,,,,,,15.0,,8.0,,,,,,2.0,1.0,,,,,,3.0,2.0,,
487746,,,,,,,,12.0,,8.0,,,,,,1.0,1.0,,,,,1.0,,1.0,,
487773,,,,,,,,8.0,,4.0,,,,,,2.0,,,,,,,,1.0,,
487791,,,,,,,,57.0,,23.0,,,,,,11.0,3.0,,,,,1.0,,,1.0,2.0
487807,,,,,,,,9.0,,4.0,,,,,,1.0,1.0,,,,,,,3.0,,
487816,,,,,,,,6.0,,1.0,,,,,,1.0,1.0,,,,,,1.0,1.0,,
487852,,,,,,,,2.0,,0.0,,,,,,1.0,,,,,,,,0.0,,
487861,,,,,,,,23.0,,9.0,,,,,,2.0,2.0,2.0,,,,,,6.0,,
487889,,,,,,,,18.0,,5.0,,,,,,4.0,,,,5.0,,,,4.0,,
487898,,,,,,,,4.0,,2.0,,,,,,1.0,0.0,,0.0,,,,,,,
487904,,,,,,,,7.0,,4.0,,,,,,1.0,1.0,,,,,,,1.0,,
487913,,,,,,,,2.0,,1.0,,,,,,,1.0,,,,,,,,,
487922,,,,,,,,3.0,,2.0,,,,,,,,,,,,,,1.0,,
487959,,,,,,,,15.0,,3.0,,,,,,1.0,2.0,,,,,3.0,1.0,3.0,,
487968,,,,,,,,35.0,,20.0,,,,,,,2.0,,1.0,1.0,,,,5.0,,
487977,,,,,,,,100.0,,22.0,,,,,,17.0,4.0,,,,,,1.0,1.0,,
487995,,,,,,,,25.0,,9.0,,,,,,1.0,1.0,0.0,,3.0,,,,2.0,,
488004,,,,,,,,10.0,,6.0,,,,,,1.0,1.0,,,,,1.0,,1.0,,
488013,,,,,,,,4.0,,1.0,,,,,,1.0,,,,,,,,1.0,,
488022,,,,,,,,6.0,,2.0,,,,,,,1.0,,,,,,,2.0,,
488031,,,,,,,,30.0,,14.0,,,,,,6.0,,1.0,,,,,,,,
488040,,,,,,,,14.0,,2.0,,,,,,1.0,2.0,,1.0,,,,,3.0,3.0,1.0
488059,,,,,,,,5.0,,3.0,,,,,,1.0,0.0,,,,,,0.0,,,
488068,,,,,,,,14.0,,8.0,,,,,,6.0,,,,,,,,0.0,,
488077,,,,,,,,113.0,,49.0,,,,,,20.0,3.0,,,,,,16.0,3.0,,
488101,,,,,,,,17.0,,14.0,,,,,,,,,,,,1.0,,1.0,,
488110,,,,,,,,4.0,,3.0,,,,,,1.0,0.0,,,,,,,,,
488129,,,,,,,,3.0,,1.0,,,,,,,0.0,,,,,,,1.0,,
488138,,,,,,,,7.0,,2.0,,,,,,2.0,,,,,,,,2.0,,
488147,,,,,,,,12.0,,4.0,,,,,,3.0,,,,,,,1.0,2.0,,
488174,,,,,,,,5.0,,2.0,,,,,,1.0,1.0,,,,,,,0.0,,
488183,,,,,,,,4.0,,2.0,,,,,,,,,,,,,,1.0,,
488192,,,,,,,,6.0,,3.0,,,,,,1.0,1.0,,,,,,,1.0,,
488217,,,,,,,,13.0,,7.0,,,,,,2.0,1.0,,,,,,,3.0,,
488226,,,,,,,,4.0,,2.0,,,,,,1.0,0.0,,,,,,,,,
488235,,,,,,,,3.0,,2.0,,,,,,1.0,,,,,,,,,,
488253,,,,,,,,13.0,,3.0,,,,,,5.0,0.0,,,,,,,0.0,,
488262,,,,,,,,11.0,,4.0,,,,,,2.0,1.0,,,,,,,3.0,,
488271,,,,,,,,14.0,,7.0,,,,,,2.0,1.0,,,,,,,2.0,,
488280,,,,,,,,3.0,,2.0,,,,,,,1.0,,,,,,,,,
488299,,,,,,,,6.0,,2.0,,,,,,1.0,1.0,,,,,,,1.0,,
488305,,,,,,,,29.0,,8.0,,,,,,7.0,,,,,,3.0,,10.0,1.0,
488314,,,,,,,,5.0,,4.0,,,,,,0.0,0.0,,,,,,,,,
488332,,,,,,,,14.0,,6.0,,,,,,2.0,,,,,,,,6.0,,
488350,,,,,,,,5.0,,3.0,,,,,,1.0,1.0,,,,,,,0.0,,
488369,,,,,,,,7.0,,5.0,,,,,,1.0,1.0,,,,,,,,,
488378,,,,,,,,3.0,,1.0,,,,,,,,,,,,,,,,
488387,,,,,,,,51.0,,21.0,,,,,,10.0,3.0,,3.0,,,,,4.0,,
488396,,,,,,,,8.0,,4.0,,,,,,1.0,1.0,,,,,,,2.0,,
488411,,,,,,,,10.0,,6.0,,,,,,2.0,0.0,,,,,,,2.0,,
488420,,,,,,,,19.0,,5.0,,,,,,4.0,1.0,2.0,,,,,,7.0,,
488439,,,,,,,,18.0,,6.0,,,,,,3.0,1.0,,,,,,1.0,3.0,,
488448,,,,,,,,20.0,,10.0,,,,,,3.0,1.0,,,,,,,3.0,,
488527,,,,,,,,147.0,,41.0,1.0,,,,,29.0,12.0,11.0,5.0,,,17.0,,12.0,3.0,
488554,,,,,,,,111.0,,27.0,1.0,,,,,29.0,6.0,5.0,,,,,,18.0,,
488572,,,,,,,,98.0,,43.0,,,,,,15.0,4.0,4.0,3.0,,,,,15.0,,
488590,,,,,,,,2.0,,1.0,,,,,,,,,,,,,,1.0,,
488651,,,,,,,,15.0,,8.0,,,,,,2.0,4.0,,,,,1.0,,,,
488730,,,,,,,,250.0,,107.0,,,,,,9.0,13.0,11.0,4.0,,,18.0,,17.0,3.0,
488749,,,,,,,,25.0,,12.0,,,,,,2.0,1.0,,,,,1.0,1.0,4.0,1.0,
488776,,,,,,,,32.0,,19.0,,,,,,4.0,,,,1.0,,,,2.0,,
488785,,,,,,,,40.0,,16.0,0.0,,,,,3.0,1.0,,16.0,1.0,,,,,,
488800,,,,,,,,70.0,,54.0,,,,,,1.0,1.0,,,,,,,14.0,,
488828,,,,,,,,5.0,,2.0,,,,,,1.0,1.0,,,,,,,1.0,,
488837,,,,,,,,30.0,,12.0,,,,,,5.0,2.0,,,,,,1.0,,,
488846,,,,,,,,24.0,,,0.0,,,,,9.0,,,,,,,,7.0,,
488891,,,,,,,,64.0,,27.0,,,,,,5.0,,1.0,,,,,,14.0,10.0,
488907,,,,,,,,20.0,,5.0,,,,,,6.0,1.0,1.0,,0.0,,,,5.0,1.0,
488916,,,,,,,,4.0,,2.0,,,,,,1.0,,,,,,,,1.0,,
488925,,,,,,,,14.0,,6.0,,,,,,3.0,1.0,,,,,,,1.0,,
488934,,,,,,,,690.0,,252.0,,,,,,57.0,26.0,29.0,21.0,,,59.0,,92.0,26.0,17.0
488952,,,,,,,,8.0,,4.0,,,,,,3.0,,,,,,,,,,
488961,,,,,,,,6.0,,4.0,,,,,,1.0,,,,,,,,,,
488970,,,,,,,,5.0,,2.0,,,,,,1.0,,,,,,,,,,
488989,,,,,,,,17.0,,7.0,,,,,,1.0,,,,,,,3.0,5.0,,
488998,,,,,,,,17.0,,9.0,,,,,,1.0,,,,,,,3.0,2.0,2.0,
489122,,,,,,,,10.0,,4.0,,,,,,1.0,3.0,,,,,,,1.0,,
489131,,,,,,,,14.0,,4.0,,,,,,2.0,2.0,,1.0,,,,,1.0,,
489140,,,,,,,,12.0,,6.0,,,,,,1.0,3.0,,,,,,,2.0,,
489159,,,,,,,,16.0,,9.0,,,,,,1.0,,,,,,,2.0,3.0,,
489201,,,,,,,,247.0,,161.0,,,,,,18.0,15.0,,10.0,,,10.0,,26.0,,
489238,,,,,,,,18.0,,8.0,,,,,,2.0,1.0,,1.0,,,1.0,2.0,2.0,,
489247,,,,,,,,10.0,,3.0,,,,,,5.0,,,,,,,,2.0,,
489256,,,,,,,,28.0,,10.0,,,,,,5.0,1.0,1.0,,,,1.0,,9.0,,
489283,,,,,,,,41.0,,22.0,,,,,,5.0,,,,,,,,3.0,,
489335,,,,,,,,13.0,,7.0,0.0,,,,,1.0,2.0,,,,,,,,,
489371,,,,,,,,37.0,,19.0,,,,,,2.0,1.0,,,,,1.0,10.0,,,
489760,,,,,,,,6.0,,5.0,,,,,,1.0,,,,,,,,,,
489779,,,,,,,,1101.0,,797.0,,,,,,92.0,12.0,,,,,,,3.0,,
489812,,,,,,,,7.0,,5.0,,,,,,,,,,,,,,2.0,,
489830,,,,,,,,5.0,,4.0,,,,,,1.0,,,,,,,,,,
489858,,,,,,,,88.0,,47.0,,,,,,16.0,1.0,1.0,3.0,,,,,14.0,1.0,
489937,,,,,,,,112.0,,45.0,,,,,,13.0,3.0,5.0,20.0,1.0,,7.0,1.0,4.0,,
490018,,,,,,,,2.0,,1.0,,,,,,,1.0,,,,,,,,,
490045,,,,,,,,20.0,,9.0,,,,,,4.0,,0.0,1.0,,,0.0,,5.0,,
490054,,,,,,,,118.0,,68.0,,,,,,9.0,3.0,1.0,,,,,11.0,15.0,1.0,
490063,,,,,,,,23.0,,10.0,1.0,,,,,4.0,,1.0,,,,,,7.0,,
490072,,,,,,,,32.0,,17.0,,,,,,2.0,1.0,,,,,0.0,3.0,3.0,3.0,
490081,,,,,,,,14.0,,8.0,,,,,,1.0,1.0,,1.0,,,,,2.0,,
490090,,,,,,,,22.0,,10.0,,,,,,,,,1.0,3.0,,2.0,,,4.0,0.0
490106,,,,,,,,27.0,,12.0,,,,,,1.0,2.0,,,1.0,,,1.0,4.0,,
490115,,,,,,,,6.0,,1.0,,,,,,1.0,0.0,,,,,,,0.0,,
490124,,,,,,,,8.0,,6.0,,,,,,1.0,,,,,,,,1.0,,
490133,,,,,,,,298.0,,112.0,3.0,,,,,23.0,13.0,8.0,50.0,,,,,3.0,,
490142,,,,,,,,2.0,,1.0,,,,,,,,,,,,,,1.0,,
490151,,,,,,,,15.0,,5.0,,,,,,2.0,1.0,,,,,,,2.0,,
490160,,,,,,,,16.0,,5.0,,,,,,2.0,3.0,,,2.0,,,,,,
490197,,,,,,,,9.0,,3.0,0.0,,,,,1.0,1.0,,,,,,,,,
490203,,,,,,,,24.0,,13.0,,,,,,2.0,2.0,,2.0,,,,,0.0,,
490212,,,,,,,,8.0,,2.0,,,,,,2.0,1.0,0.0,,,,,,2.0,,
490221,,,,,,,,5.0,,3.0,,,,,,1.0,1.0,,,,,,,,,
490230,,,,,,,,17.0,,13.0,,,,,,1.0,1.0,0.0,,,,0.0,,,,
490249,,,,,,,,9.0,,3.0,,,,,,1.0,,,,,,,2.0,2.0,,
490258,,,,,,,,7.0,,3.0,,,,,,3.0,,,,,,,,1.0,,
490267,,,,,,,,2.0,,1.0,,,,,,1.0,,,,,,,,,,
490276,,,,,,,,23.0,,15.0,,,,,,,,,,,,2.0,,3.0,,
490285,,,,,,,,33.0,,7.0,,,,,,7.0,4.0,,,,,,,,,
490294,,,,,,,,10.0,,6.0,,,,,,1.0,1.0,,,,,,,2.0,,
490300,,,,,,,,6.0,,4.0,,,,,,2.0,,,,,,,,,,
490319,,,,,,,,6.0,,5.0,,,,,,,1.0,,,,,,,,,
490328,,,,,,,,15.0,,7.0,4.0,,,,,,2.0,,,,,1.0,,1.0,,
490337,,,,,,,,7.0,,4.0,,,,,,1.0,0.0,1.0,,,,,,1.0,,
490346,,,,,,,,12.0,,6.0,,,,,,,1.0,0.0,,,,,,1.0,,
490373,,,,,,,,695.0,,130.0,22.0,,,,,48.0,28.0,41.0,9.0,275.0,,25.0,,94.0,5.0,
490382,,,,,,,,13.0,,5.0,,,,,,2.0,2.0,,,,,,,4.0,,
490391,,,,,,,,3.0,,1.0,,,,,,,,,,,,0.0,,,,
490407,,,,,,,,13.0,,7.0,,,,,,4.0,1.0,,,,,,,1.0,,
490416,,,,,,,,4.0,,2.0,,,,,,0.0,1.0,,,,,,,0.0,1.0,
490425,,,,,,,,21.0,,11.0,,,,,,5.0,1.0,,1.0,,,,,2.0,,
490434,,,,,,,,6.0,,4.0,,,,,,,2.0,,,,,,,,,
490443,,,,,,,,11.0,,5.0,,,,,,1.0,1.0,,,,,,,1.0,,
490452,,,,,,,,6.0,,3.0,,,,,,,1.0,,,,,,,2.0,,0.0
490461,,,,,,,,8.0,,3.0,,,,,,2.0,,,,,,0.0,,1.0,,
490470,,,,,,,,2.0,,1.0,,,,,,1.0,,,,,,,,,,
490489,,,,,,,,3.0,,2.0,,,,,,,0.0,,,,,,,,,
490498,,,,,,,,8.0,,2.0,,,,,,2.0,1.0,,,,,,1.0,2.0,,
490504,,,,,,,,5.0,,3.0,,,,,,1.0,0.0,,,,,1.0,,,,
490513,,,,,,,,16.0,,13.0,,,,,,1.0,1.0,,,,,1.0,,,,
490522,,,,,,,,2.0,,1.0,,,,,,,,,,,,,,1.0,,
490531,,,,,,,,7.0,,2.0,,,,,,1.0,1.0,,,,,,,2.0,,
490540,,,,,,,,6.0,,2.0,,,,,,2.0,1.0,,,,,,,1.0,,
490559,,,,,,,,46.0,,27.0,,,,,,7.0,,,,,,,,2.0,,
490568,,,,,,,,10.0,,5.0,,,,,,2.0,,,,,,,1.0,,,
490674,,,,,,,,3.0,,1.0,,,,,,,1.0,,,,,,,1.0,,
490692,,,,,,,,5.0,,2.0,,,,,,1.0,1.0,,,,,,,,,
490717,,,,,,,,22.0,,13.0,,,,,,1.0,1.0,,,,,,3.0,4.0,,
490735,,,,,,,,13.0,,6.0,,,,,,2.0,1.0,,,,,,2.0,,,
490744,,,,,,,,10.0,,4.0,,,,,,3.0,1.0,,,,,,,2.0,,
490753,,,,,,,,15.0,,2.0,,,,,,6.0,2.0,,,,,1.0,1.0,2.0,,
490805,,,,,,,,953.0,,313.0,1.0,39.0,,,,98.0,85.0,49.0,73.0,2.0,,74.0,,182.0,16.0,1.0
490814,,,,,,,,12.0,,9.0,,,,,,2.0,,,,,,,,,,
490832,,,,,,,,25.0,,17.0,,,,,,5.0,,,,,,,,1.0,,
490841,,,,,,,,12.0,,9.0,,,,,,2.0,,,,,,,,,,
490869,,,,,,,,21.0,,11.0,,,,,,3.0,,,,,,,3.0,4.0,,
490878,,,,,,,,59.0,,24.0,,,,,,10.0,,,,,,,,7.0,,
490896,,,,,,,,11.0,,4.0,,,,,,2.0,1.0,,,,,,2.0,2.0,,
490948,,,,,,,,3.0,,2.0,,,,,,,1.0,,,,,,,0.0,,
490975,,,,,,,,26.0,,11.0,,,,,,7.0,2.0,,3.0,,,,,1.0,,
491057,,,,,,,,19.0,,9.0,,,,,,1.0,2.0,,,,,5.0,,1.0,,
491066,,,,,,,,5.0,,4.0,,,,,,,1.0,,,,,,,,,
491075,,,,,,,,8.0,,3.0,,,,,,1.0,,1.0,,,,,1.0,,,
491084,,,,,,,,17.0,,7.0,,,,,,3.0,,,,,,1.0,,1.0,,
491136,,,,,,,,7.0,,4.0,,,,,,1.0,,,,,,,,1.0,,
491145,,,,,,,,8.0,,5.0,,,,,,1.0,,,,,,,,1.0,,
491181,,,,,,,,31.0,,17.0,,,,,,1.0,,1.0,,,,2.0,,6.0,,
491190,,,,,,,,7.0,,4.0,,,,,,1.0,,,,,,,,,,
491215,,,,,,,,12.0,,6.0,,,,,,3.0,0.0,,,,,0.0,,0.0,,
491224,,,,,,,,6.0,,3.0,,,,,,1.0,,,,,,,,1.0,,
491233,,,,,,,,2.0,,2.0,,,,,,,0.0,,,,,,,0.0,,
491242,,,,,,,,6.0,,2.0,,,,,,1.0,1.0,,,,,,1.0,1.0,,
491251,,,,,,,,13.0,,4.0,,,,,,1.0,1.0,,,,,,,1.0,,
491260,,,,,,,,5.0,,3.0,,,,,,1.0,1.0,,,,,,,,,
491394,,,,,,,,15.0,,7.0,,,,,,3.0,,,,,,,2.0,2.0,,
491446,,,,,,,,10.0,,6.0,,,,,,1.0,2.0,,,,,1.0,,0.0,,
491464,,,,,,,,56.0,,33.0,,,,,,4.0,1.0,,,,,,,13.0,5.0,
491473,,,,,,,,59.0,,37.0,,,,,,2.0,1.0,,1.0,,,2.0,,5.0,,
491482,,,,,,,,7.0,,4.0,,,,,,1.0,0.0,,,,,,1.0,,,
491507,,,,,,,,2.0,,1.0,,,,,,,,,,,,,,0.0,,
491525,,,,,,,,30.0,,8.0,,,,,,,2.0,1.0,1.0,,,4.0,0.0,12.0,,
491534,,,,,,,,4.0,,2.0,,,,,,1.0,,,,,,,,1.0,,
491543,,,,,,,,12.0,,6.0,,,,,,2.0,1.0,0.0,,,,1.0,,2.0,,
491552,,,,,,,,11.0,,4.0,,,,,,1.0,2.0,,,,,2.0,,1.0,,
491570,,,,,,,,7.0,,1.0,,,,,,1.0,1.0,,,,,,,3.0,,
491589,,,,,,,,6.0,,2.0,,,,,,1.0,1.0,,,,,,,2.0,,
491598,,,,,,,,1.0,,1.0,,,,,,,0.0,,,,,,,,,
491613,,,,,,,,7.0,,4.0,,,,,,,1.0,,,,,,,1.0,,
491622,,,,,,,,7.0,,6.0,,,,,,,1.0,,,,,,,0.0,,
491631,,,,,,,,21.0,,13.0,,,,,,4.0,3.0,,,,,,,2.0,,
491640,,,,,,,,11.0,,7.0,,,,,,2.0,2.0,,,,,,,,,
491659,,,,,,,,18.0,,4.0,,,,,,3.0,2.0,,2.0,,,,1.0,1.0,,
491668,,,,,,,,36.0,,4.0,,,,,,1.0,2.0,,,10.0,,,4.0,2.0,2.0,1.0
491677,,,,,,,,8.0,,4.0,,,,,,2.0,1.0,,,,,,,1.0,,
491686,,,,,,,,10.0,,5.0,,,,,,1.0,1.0,,,,,,,3.0,,
491695,,,,,,,,8.0,,4.0,,,,,,2.0,1.0,,,,,,,,,
491701,,,,,,,,5.0,,3.0,,,,,,1.0,,,,,,,,,,
491710,,,,,,,,6.0,,4.0,,,,,,,2.0,,,,,0.0,,,,
491729,,,,,,,,6.0,,3.0,,,,,,,2.0,,,,,,,1.0,,
491738,,,,,,,,7.0,,2.0,,,,,,2.0,,,,,,,,1.0,,
491747,,,,,,,,18.0,,3.0,,,,,,2.0,4.0,,,,,,,5.0,,
491756,,,,,,,,16.0,,9.0,,,,,,2.0,1.0,,,,,,2.0,1.0,,
491765,,,,,,,,7.0,,5.0,,,,,,,2.0,,,,,0.0,,,,
491774,,,,,,,,12.0,,6.0,,,,,,2.0,1.0,,,,,1.0,1.0,1.0,,
491783,,,,,,,,7.0,,3.0,,,,,,1.0,1.0,0.0,1.0,,,,,,,
491792,,,,,,,,14.0,,9.0,,,,,,2.0,2.0,,,,,,1.0,,,
491808,,,,,,,,32.0,,16.0,1.0,,,,,3.0,,2.0,,,,,,10.0,,
491817,,,,,,,,15.0,,8.0,,,,,,,4.0,,,,,0.0,,3.0,,
491826,,,,,,,,8.0,,5.0,,,,,,1.0,2.0,,,,,,,,,
491835,,,,,,,,12.0,,7.0,,,,,,,3.0,,,,,,,2.0,,
491844,,,,,,,,36.0,,9.0,,,,,,11.0,3.0,1.0,,,,4.0,,0.0,,
491853,,,,,,,,6.0,,3.0,,,,,,1.0,1.0,,,,,,,1.0,,
491871,,,,,,,,3.0,,1.0,,,,,,,1.0,,,,,,,1.0,,
491880,,,,,,,,9.0,,5.0,,,,,,1.0,1.0,,,,,,1.0,1.0,,
491899,,,,,,,,13.0,,4.0,,,,,,1.0,4.0,,,,,,,1.0,,
491905,,,,,,,,18.0,,9.0,,,,,,2.0,2.0,,,,,,,2.0,,
491914,,,,,,,,13.0,,8.0,,,,,,0.0,1.0,,,,,3.0,,1.0,,
491923,,,,,,,,20.0,,7.0,,,,,,2.0,2.0,,,,,1.0,3.0,1.0,,
491932,,,,,,,,4.0,,2.0,,,,,,1.0,,,,,,,,,,
491941,,,,,,,,23.0,,12.0,,,,,,2.0,,,,,,,4.0,,,
491950,,,,,,,,32.0,,9.0,,,,,,13.0,2.0,,3.0,,,,,3.0,,
491969,,,,,,,,5.0,,2.0,,,,,,1.0,1.0,,,,,,,0.0,,
491978,,,,,,,,11.0,,3.0,,,,,,1.0,1.0,,,,,,,3.0,,
491996,,,,,,,,9.0,,3.0,,,,,,2.0,2.0,,,,,,,1.0,,
492005,,,,,,,,7.0,,4.0,,,,,,1.0,2.0,,,,,,,,,
492032,,,,,,,,13.0,,12.0,,,,,,,,,,,,,,,,
492069,,,,,,,,21.0,,5.0,,,,,,3.0,2.0,0.0,4.0,,,2.0,0.0,3.0,0.0,
492078,,,,,,,,9.0,,4.0,,,,,,2.0,,,,,,,,3.0,,
492096,,,,,,,,3.0,,1.0,,,,,,1.0,1.0,,,,,,,,,
492139,,,,,,,,20.0,,5.0,,,,,,5.0,2.0,,1.0,,,,,2.0,,
492157,,,,,,,,29.0,,5.0,,,,,,4.0,8.0,,,,,5.0,,7.0,,
492209,,,,,,,,8.0,,2.0,,,,,,4.0,,,,,,,,1.0,,
492263,,,,,,,,450.0,,,,,,,,95.0,190.0,46.0,23.0,,,3.0,,87.0,,4.0
492281,,,,,,,,17.0,,4.0,,,,,,3.0,3.0,,,,,4.0,,3.0,,
492360,,,,,,,,9.0,,5.0,,,,,,1.0,2.0,,,,,,,1.0,,
492379,,,,,,,,4.0,,1.0,,,,,,1.0,0.0,,,,,,,1.0,,
492397,,,,,,,,7.0,,3.0,,,,,,1.0,1.0,,,,,,,2.0,,
492421,,,,,,,,5.0,,2.0,,,,,,1.0,1.0,,,,,,,0.0,,
492449,,,,,,,,57.0,,38.0,,,,,,2.0,,,,,,,,11.0,,
492476,,,,,,,,16.0,,1.0,,,,,,2.0,,,1.0,,,,2.0,4.0,2.0,
492591,,,,,,,,6.0,,3.0,,,,,,1.0,1.0,,,,,,,1.0,,
492607,,,,,,,,14.0,,0.0,,,,,,3.0,,,,,,,,1.0,,
492643,,,,,,,,11.0,,8.0,,,,,,3.0,,,,,,,,,,
492652,,,,,,,,10.0,,6.0,,,,,,1.0,1.0,,,,,,,1.0,,
492661,,,,,,,,20.0,,12.0,,,,,,4.0,3.0,,,,,,,,,
492689,,,,,,,,1698.0,,302.0,9.0,,,,,144.0,0.0,74.0,39.0,334.0,,187.0,1.0,572.0,26.0,8.0
492722,,,,,,,,29.0,,14.0,,,,,,5.0,,,,,,,,2.0,,
492731,,,,,,,,12.0,,8.0,,,,,,1.0,1.0,,,,,,,2.0,,
492801,,,,,,,,86.0,,47.0,,,,,,4.0,,1.0,,,,0.0,,11.0,,
492935,,,,,,,,11.0,,8.0,,,,,,1.0,1.0,,,,,,,1.0,,
492953,,,,,,,,5.0,,2.0,,,,,,1.0,,,,,,,1.0,1.0,,
493071,,,,,,,,31.0,,8.0,,,,,,1.0,4.0,,,,,1.0,6.0,11.0,1.0,
493080,,,,,,,,46.0,,12.0,,,,,,8.0,2.0,,,,,12.0,,,,
493132,,,,,,,,46.0,,20.0,,,,,,9.0,14.0,1.0,,,,,,1.0,1.0,
493150,,,,,,,,18.0,,13.0,,,,,,1.0,,,,,,,,4.0,,
493372,,,,,,,,1.0,,1.0,,,,,,,,,,,,,,,,
493451,,,,,,,,10.0,,6.0,,,,,,1.0,,,,,,,1.0,2.0,,
493479,,,,,,,,8.0,,3.0,,,,,,1.0,1.0,,,2.0,,,,,,
493488,,,,,,,,6.0,,2.0,,,,,,1.0,,,0.0,,,,,2.0,,
493497,,,,,,,,4.0,,2.0,,,,,,,2.0,,,,,,,,,
493503,,,,,,,,4.0,,1.0,,,,,,,,,,,,,,,,
493512,,,,,,,,8.0,,2.0,,,,,,,,,,,,,,,,
493521,,,,,,,,3.0,,2.0,,,,,,1.0,,,,,,,,,,
493530,,,,,,,,6.0,,1.0,,,,,,1.0,,,,,,,,4.0,,
493549,,,,,,,,28.0,,10.0,,,,,,4.0,1.0,,,,,3.0,3.0,4.0,2.0,1.0
493558,,,,,,,,3.0,,1.0,,,,,,1.0,1.0,,,,,,,,,
493567,,,,,,,,3.0,,1.0,,,,,,1.0,0.0,,,,,,,0.0,,
493576,,,,,,,,3.0,,1.0,,,,,,,1.0,,,,,,,,,
493585,,,,,,,,9.0,,3.0,,,,,,1.0,1.0,,,3.0,,,,,,
493594,,,,,,,,3.0,,2.0,,,,,,1.0,1.0,,,,,,,,,
493600,,,,,,,,29.0,,21.0,,,,,,,,,,,,4.0,,3.0,,
493619,,,,,,,,10.0,,5.0,,,,,,4.0,1.0,,,,,,,0.0,,
493628,,,,,,,,17.0,,8.0,,,,,,2.0,1.0,,1.0,,,,,3.0,,
493637,,,,,,,,4.0,,3.0,,,,,,,1.0,,,,,,,,,
493646,,,,,,,,31.0,,17.0,,,,,,2.0,3.0,,,,,4.0,,5.0,,
493655,,,,,,,,3.0,,1.0,,,,,,,,,,,,,,2.0,,
493664,,,,,,,,7.0,,5.0,,,,,,1.0,0.0,,,,,0.0,,,,
493673,,,,,,,,8.0,,3.0,,,,,,2.0,,,,,,,,2.0,,
493682,,,,,,,,12.0,,6.0,,,,,,1.0,1.0,,,,,,,2.0,,
493691,,,,,,,,5.0,,2.0,,,,,,1.0,1.0,,,,,,,1.0,,
493707,,,,,,,,7.0,,3.0,,,,,,1.0,1.0,,,,,1.0,,,,
493716,,,,,,,,9.0,,8.0,,,,,,1.0,0.0,,,,,,,,,
493725,,,,,,,,26.0,,10.0,,,,,,,,,,,,,,,,
493734,,,,,,,,28.0,,9.0,,,,,,2.0,0.0,1.0,4.0,,,2.0,,4.0,,
493743,,,,,,,,9.0,,4.0,,,,,,2.0,1.0,,,,,,,1.0,,
493752,,,,,,,,16.0,,5.0,,,,,,3.0,1.0,,,,,,,4.0,,
493761,,,,,,,,9.0,,5.0,,,,,,2.0,1.0,,,,,,0.0,1.0,,
493770,,,,,,,,4.0,,4.0,,,,,,,,,,,,,,,,
493789,,,,,,,,14.0,,7.0,,,,,,2.0,1.0,,,,,,,1.0,,
493798,,,,,,,,16.0,,9.0,,,,,,2.0,3.0,,,,,1.0,,0.0,,
493804,,,,,,,,7.0,,3.0,,,,,,1.0,1.0,,,,,,,,,
493813,,,,,,,,18.0,,10.0,,,,,,4.0,2.0,,,,,,,2.0,,
493822,,,,,,,,36.0,,14.0,,,,,,9.0,1.0,1.0,2.0,,,,,3.0,,
493831,,,,,,,,7.0,,3.0,,,,,,,3.0,,,,,,,1.0,,
493868,,,,,,,,5.0,,3.0,,,,,,1.0,1.0,,,,,,,,,
493895,,,,,,,,64.0,,43.0,1.0,,,,,5.0,1.0,,,,,,,,,
493947,,,,,,,,87.0,,32.0,,,,,,10.0,2.0,5.0,5.0,,,6.0,,16.0,,
493992,,,,,,,,407.0,,140.0,,,,,,66.0,44.0,8.0,31.0,,,1.0,103.0,13.0,,
494001,,,,,,,,20.0,,7.0,,,,,,4.0,4.0,,,,,,1.0,2.0,,
494010,,,,,,,,19.0,,12.0,,,,,,2.0,,,,,,,,1.0,,
494029,,,,,,,,1.0,,1.0,,,,,,,,,,,,,,0.0,,
494162,,,,,,,,25.0,,7.0,,,,,,6.0,,1.0,,,,,,2.0,,
494171,,,,,,,,63.0,,34.0,,,,,,8.0,1.0,1.0,3.0,,,,,4.0,,
494232,,,,,,,,10.0,,4.0,,,,,,2.0,1.0,,,,,,,3.0,,
494250,,,,,,,,34.0,,15.0,,,,,,1.0,3.0,,,1.0,,,8.0,3.0,,
494269,,,,,,,,1.0,,,,,,,,1.0,,,,,,,,,,
494278,,,,,,,,16.0,,2.0,,,,,,2.0,,,1.0,,,,,4.0,3.0,
494287,,,,,,,,20.0,,6.0,,,,,,2.0,,,1.0,,,,2.0,3.0,3.0,
494357,,,,,,,,45.0,,16.0,,,,,,8.0,,,,,,,,21.0,,
494436,,,,,,,,30.0,,17.0,,,,,,5.0,2.0,,3.0,,,1.0,,1.0,,
494463,,,,,,,,25.0,,6.0,,,,,,4.0,3.0,,,,,7.0,,6.0,,
494472,,,,,,,,3.0,,2.0,,,,,,1.0,,,,,,,,,,
494524,,,,,,,,9.0,,8.0,,,,,,1.0,,,,,,,,,,
494551,,,,,,,,11.0,,3.0,,,,,,6.0,1.0,,,,,,,1.0,,
494588,,,,,,,,22.0,,11.0,,,,,,1.0,,,,,,,,6.0,,
494621,,,,,,,,7.0,,4.0,,,,,,,1.0,,,,,,,1.0,,
494630,,,,,,,,14.0,,4.0,,1.0,,,,,1.0,,,,,,,2.0,1.0,
494649,,,,,,,,7.0,,3.0,,,,,,2.0,1.0,,,,,,0.0,1.0,,
494658,,,,,,,,7.0,,2.0,,,,,,2.0,1.0,,,,,,,,,
494685,,,,,,,,25.0,,14.0,,,,,,4.0,,,,,,1.0,,6.0,,
494694,,,,,,,,7.0,,4.0,,,,,,,2.0,,,,,,,,,
494700,,,,,,,,7.0,,4.0,,,,,,1.0,1.0,,,,,,,1.0,,
494719,,,,,,,,10.0,,2.0,,,,,,1.0,3.0,,,,,,,4.0,,
494728,,,,,,,,5.0,,2.0,,,,,,1.0,1.0,,,,,,,1.0,,
494737,,,,,,,,21.0,,19.0,,,,,,,,,,,,1.0,,1.0,,
494746,,,,,,,,24.0,,15.0,,,,,,1.0,2.0,,,,,1.0,2.0,1.0,,
494755,,,,,,,,9.0,,5.0,,,,,,1.0,1.0,,,,,,1.0,1.0,,
494764,,,,,,,,28.0,,12.0,,,,,,4.0,,,,,,,,12.0,,
494834,,,,,,,,1.0,,,,,,,,,,,,,,,,1.0,,
494843,,,,,,,,46.0,,26.0,,,,,,7.0,5.0,,5.0,2.0,,,,1.0,,
494852,,,,,,,,58.0,,31.0,,,,,,9.0,,2.0,,,,,3.0,9.0,2.0,
494898,,,,,,,,10.0,,7.0,,,,,,1.0,,,,,,,1.0,1.0,,
494904,,,,,,,,8.0,,5.0,,,,,,1.0,1.0,,,,,,1.0,,,
494940,,,,,,,,8.0,,5.0,,0.0,,,,1.0,1.0,,,,,,,,,
494959,,,,,,,,36.0,,9.0,,,,,,6.0,3.0,2.0,1.0,,,,,4.0,,
494977,,,,,,,,15.0,,4.0,,,,,,3.0,2.0,1.0,1.0,,,1.0,0.0,0.0,,
494986,,,,,,,,8.0,,5.0,,,,,,1.0,1.0,,,,,,0.0,0.0,,
494995,,,,,,,,3.0,,2.0,,,,,,1.0,,,,,,,,,,
495013,,,,,,,,68.0,,6.0,,,,,,20.0,10.0,5.0,5.0,,,3.0,,19.0,,
495031,,,,,,,,8.0,,6.0,,,,,,1.0,1.0,,,,,,,,,
495040,,,,,,,,10.0,,6.0,,,,,,2.0,,,,,,,,1.0,,
495059,,,,,,,,14.0,,10.0,,,,,,3.0,,,,,,,,1.0,,
495077,,,,,,,,3.0,,0.0,,,,,,,,,,,,0.0,,1.0,,
495101,,,,,,,,7.0,,2.0,,,,,,2.0,0.0,,,,,,,3.0,,
495110,,,,,,,,6.0,,2.0,,,,,,2.0,,,,,,1.0,,1.0,,
495129,,,,,,,,11.0,,3.0,,,,,,4.0,,,,,,,1.0,3.0,,
495138,,,,,,,,3.0,,1.0,,,,,,1.0,,,,,,,,,,
495147,,,,,,,,15.0,,5.0,,,,,,1.0,3.0,,,,,,,3.0,,
495156,,,,,,,,1.0,,,,,,,,1.0,,,,,,,,,,
495165,,,,,,,,14.0,,5.0,,,,,,2.0,,,,,,,,1.0,,
495174,,,,,,,,4.0,,3.0,,,,,,0.0,,,,,,,,,,
495183,,,,,,,,15.0,,6.0,,,,,,4.0,,,,,,3.0,2.0,,,
495192,,,,,,,,53.0,,22.0,,,,,,10.0,4.0,2.0,,,,,,2.0,,
495208,,,,,,,,1.0,,1.0,,,,,,,,,,,,,,,,
495217,,,,,,,,4.0,,3.0,,,,,,,,,,,,,,1.0,,
495226,,,,,,,,3.0,,2.0,,,,,,1.0,,,,,,,,,,
495235,,,,,,,,5.0,,2.0,,,,,,,2.0,,,,,,,,,
495244,,,,,,,,3.0,,2.0,,,,,,,,,,,,,,,,
495253,,,,,,,,3.0,,2.0,,,,,,,,,,,,,,,,
495262,,,,,,,,3.0,,2.0,,,,,,,,,,,,,,,,
495271,,,,,,,,10.0,,2.0,,,,,,4.0,,,,,,,,1.0,,
495280,,,,,,,,13.0,,2.0,,,,,,7.0,0.0,,,,,,,0.0,,
495299,,,,,,,,6.0,,2.0,,,,,,1.0,1.0,,,,,,,1.0,,
495305,,,,,,,,5.0,,3.0,,,,,,2.0,,,,,,,,0.0,,
495314,,,,,,,,395.0,,226.0,,,,,,60.0,8.0,16.0,11.0,,,,,19.0,,
495341,,,,,,,,4.0,,1.0,,,,,,2.0,,,,,,,,1.0,,
495350,,,,,,,,3.0,,2.0,,,,,,1.0,,,,,,,,0.0,,
495369,,,,,,,,15.0,,6.0,,,,,,1.0,,,,,,,4.0,3.0,1.0,
495378,,,,,,,,8.0,,5.0,,,,,,,1.0,,,,,,,2.0,,
495387,,,,,,,,5.0,,2.0,,,,,,,,,0.0,,,,,0.0,,
495396,,,,,,,,14.0,,5.0,,,,,,2.0,,,,,,,,1.0,,
495411,,,,,,,,14.0,,8.0,,,,,,1.0,,,,,,,3.0,1.0,1.0,
495420,,,,,,,,13.0,,3.0,,,,,,5.0,,1.0,,,,,,1.0,,
495439,,,,,,,,13.0,,3.0,,,,,,5.0,,,1.0,,,,,1.0,,
495448,,,,,,,,20.0,,5.0,,,,,,6.0,,1.0,2.0,,,,,2.0,,
495457,,,,,,,,9.0,,2.0,,,,,,4.0,,1.0,,,,,,,,
495518,,,,,,,,4.0,,2.0,,,,,,1.0,,,,,,,,1.0,,
495730,,,,,,,,8.0,,4.0,,,,,,1.0,,,,,,,,1.0,,
495767,,,,,,,,21716.0,,6434.0,1053.0,7.0,,,,2029.0,2044.0,2470.0,1394.0,326.0,,1982.0,43.0,2029.0,687.0,228.0
495776,,,,,,,,6.0,,3.0,,,,,,1.0,1.0,,,,,,1.0,0.0,,
495794,,,,,,,,22.0,,9.0,,,,,,5.0,3.0,,,,,,3.0,,,
495837,,,,,,,,25.0,,7.0,,,,,,4.0,,,,,,,,3.0,,
495916,,,,,,,,5.0,,2.0,,,,,,1.0,,,,,,,,1.0,,
495925,,,,,,,,6.0,,2.0,,,,,,2.0,,,,,,0.0,,,,
495934,,,,,,,,6.0,,2.0,,,,,,1.0,,,,,,1.0,,,,
495943,,,,,,,,4.0,,1.0,,,,,,2.0,,,,,,,,,,
495952,,,,,,,,12.0,,6.0,,,,,,4.0,,,,,,,,,,
495961,,,,,,,,9.0,,3.0,,,,,,4.0,,,,,,0.0,,,,
495970,,,,,,,,9.0,,4.0,,,,,,1.0,1.0,,,,,0.0,2.0,1.0,0.0,
495998,,,,,,,,6.0,,2.0,,,,,,1.0,,,,,,1.0,,,,
496043,,,,,,,,103.0,,47.0,,,,,,27.0,4.0,5.0,,1.0,,,,17.0,,
496052,,,,,,,,6.0,,2.0,,,,,,3.0,1.0,,,,,,,,,
496061,,,,,,,,13.0,,9.0,,,,,,1.0,,,,,,,1.0,,,
496186,,,,,,,,11.0,,8.0,,,,,,1.0,1.0,,,,,,,,,
496265,,,,,,,,7.0,,4.0,,,,,,1.0,,,,,,,,1.0,,
496283,,,,,,,,11.0,,2.0,,,,,,3.0,,,,,,,,6.0,,
496326,,,,,,,,18.0,,3.0,,,,,,3.0,,,,,,,,3.0,,
496371,,,,,,,,2.0,,1.0,,,,,,,,,,,,,,1.0,,
496423,,,,,,,,3.0,,1.0,,,,,,1.0,,,,,,,,1.0,,
