UNITID,SALTOTL,SALPROF,SALASSC,SALASST,SALINST,SALLECT,SALNRNK,SFTETOTL,SFTEPSTC,SFTEINST,SFTERSRC,SFTEPBSV,SFTELCAI,SFTELCA,SFTEOTIS,SFTEMNGM,SFTEBFO,SFTECES,SFTECLAM,SFTEHLTH,SFTEOTHR,SFTESRVC,SFTESALE,SFTEOFAS,SFTENRCM,SFTEPTMM
100654,,,,,,,,794.0,,247.0,,,,,,74.0,35.0,36.0,124.0,1.0,,54.0,3.0,173.0,9.0,13.0
100663,,,,,,,,8182.0,,2271.0,,,,,,328.0,1032.0,1360.0,311.0,418.0,,682.0,,1266.0,303.0,85.0
100690,,,,,,,,68.0,,37.0,,,,,,6.0,3.0,4.0,,,,,,0.0,2.0,
100706,,,,,,,,1398.0,,358.0,,,,,,104.0,73.0,469.0,59.0,3.0,,87.0,,190.0,28.0,1.0
100724,,,,,,,,970.0,,322.0,2.0,,,,,78.0,38.0,29.0,93.0,4.0,,146.0,8.0,122.0,39.0,9.0
100733,,,,,,,,82.0,,,,,,,,15.0,15.0,5.0,19.0,,,1.0,,26.0,,
100751,,,,,,,,5665.0,,1474.0,,,,,,516.0,414.0,434.0,491.0,206.0,,719.0,27.0,849.0,209.0,118.0
100760,,,,,,,,165.0,,82.0,,,,,,15.0,1.0,1.0,,,,11.0,,50.0,,
100812,,,,,,,,266.0,,121.0,,,,,,25.0,9.0,8.0,9.0,,,17.0,,42.0,9.0,2.0
100830,,,,,,,,678.0,,251.0,,,,,,119.0,41.0,48.0,25.0,5.0,,43.0,3.0,112.0,,2.0
100858,,,,,,,,5246.0,,1267.0,23.0,232.0,,,,385.0,292.0,729.0,512.0,136.0,,357.0,15.0,857.0,205.0,61.0
100937,,,,,,,,323.0,,102.0,,,,,,41.0,9.0,10.0,53.0,4.0,,18.0,2.0,46.0,10.0,1.0
101028,,,,,,,,138.0,,70.0,,,,,,15.0,3.0,2.0,2.0,,,9.0,1.0,25.0,2.0,1.0
101073,,,,,,,,89.0,,25.0,,,,,,5.0,8.0,,,,,11.0,13.0,6.0,,
101116,,,,,,,,76.0,,33.0,,,,,,17.0,,,,,,,,22.0,2.0,
101143,,,,,,,,169.0,,85.0,,,,,,1.0,6.0,3.0,2.0,,,19.0,2.0,29.0,,1.0
101161,,,,,,,,212.0,,121.0,,,,,,,,,,,,,,,,
101189,,,,,,,,359.0,,173.0,,,,,,30.0,7.0,1.0,54.0,0.0,,10.0,,43.0,,1.0
101240,,,,,,,,496.0,,210.0,,,,,,37.0,11.0,22.0,22.0,1.0,,38.0,,85.0,16.0,
101277,,,,,,,,10.0,,6.0,,,,,,1.0,2.0,,,,,,,1.0,,
101286,,,,,,,,342.0,,164.0,,,,,,24.0,6.0,12.0,5.0,1.0,,11.0,,47.0,7.0,7.0
101295,,,,,,,,393.0,,216.0,,,,,,32.0,8.0,4.0,8.0,,,17.0,,70.0,15.0,
101301,,,,,,,,188.0,,78.0,,,,,,19.0,5.0,6.0,13.0,,,15.0,,32.0,,2.0
101365,,,,,,,,32.0,,14.0,,,,,,2.0,,1.0,,,,1.0,,4.0,,
101435,,,,,,,,207.0,,60.0,,,,,,24.0,15.0,3.0,47.0,1.0,,29.0,,18.0,,
101453,,,,,,,,33.0,,6.0,,,,,,9.0,6.0,1.0,,,,1.0,,8.0,1.0,
101462,,,,,,,,118.0,,53.0,,,,,,7.0,7.0,4.0,,,,4.0,,15.0,,
101471,,,,,,,,116.0,,38.0,,,,,,9.0,8.0,2.0,1.0,,,1.0,,16.0,0.0,1.0
101480,,,,,,,,957.0,,369.0,,,,,,93.0,13.0,40.0,96.0,2.0,,131.0,3.0,131.0,37.0,7.0
101499,,,,,,,,100.0,,47.0,,,,,,11.0,3.0,2.0,,,,8.0,,13.0,,
101505,,,,,,,,475.0,,244.0,,,,,,9.0,16.0,5.0,12.0,,,39.0,1.0,91.0,5.0,
101514,,,,,,,,521.0,,271.0,,,,,,25.0,2.0,23.0,19.0,,,27.0,,115.0,12.0,
101541,,,,,,,,99.0,,35.0,,2.0,,,,8.0,1.0,3.0,1.0,3.0,,15.0,1.0,9.0,3.0,
101569,,,,,,,,279.0,,121.0,,0.0,,,,28.0,6.0,6.0,13.0,0.0,,18.0,6.0,58.0,4.0,1.0
101587,,,,,,,,536.0,,163.0,4.0,4.0,,,,44.0,38.0,14.0,70.0,,,62.0,,92.0,26.0,4.0
101602,,,,,,,,144.0,,73.0,,,,,,11.0,11.0,4.0,10.0,,,6.0,,26.0,1.0,0.0
101648,,,,,,,,106.0,,21.0,,,,,,10.0,5.0,1.0,8.0,1.0,,21.0,2.0,13.0,4.0,3.0
101675,,,,,,,,308.0,,103.0,,,,,,21.0,9.0,5.0,28.0,2.0,,58.0,,71.0,,
101693,,,,,,,,243.0,,111.0,,,,,,27.0,11.0,6.0,34.0,1.0,,9.0,,40.0,,
101709,,,,,,,,478.0,,169.0,,,,,,42.0,17.0,,82.0,7.0,,50.0,,67.0,28.0,
101736,,,,,,,,284.0,,102.0,,,,,,28.0,5.0,6.0,14.0,,,19.0,,50.0,,2.0
101879,,,,,,,,689.0,,281.0,,,,,,51.0,29.0,21.0,38.0,6.0,,79.0,,89.0,24.0,6.0
101897,,,,,,,,191.0,,89.0,,,,,,7.0,2.0,3.0,9.0,,,11.0,7.0,30.0,4.0,
101912,,,,,,,,362.0,,108.0,4.0,1.0,,,,70.0,27.0,20.0,14.0,4.0,,29.0,1.0,56.0,17.0,3.0
101949,,,,,,,,145.0,,54.0,,,,,,12.0,1.0,1.0,4.0,,,6.0,,24.0,,
101958,,,,,,,,12.0,,12.0,,,,,,,,,,,,,,,,
101994,,,,,,,,64.0,,27.0,,,,,,5.0,3.0,2.0,1.0,,,5.0,,6.0,,
102030,,,,,,,,298.0,,110.0,,,,,,18.0,,3.0,8.0,,,29.0,,87.0,,
102049,,,,,,,,1009.0,,366.0,,,,,,109.0,49.0,40.0,117.0,12.0,,28.0,5.0,220.0,19.0,4.0
102058,,,,,,,,72.0,,54.0,,,,,,,2.0,0.0,1.0,6.0,,1.0,,,1.0,
102067,,,,,,,,372.0,,134.0,,,,,,59.0,4.0,14.0,3.0,,,5.0,,116.0,21.0,
102076,,,,,,,,151.0,,72.0,,,,,,18.0,2.0,3.0,7.0,,,14.0,,31.0,1.0,
102094,,,,,,,,2857.0,,879.0,,,,,,178.0,150.0,146.0,97.0,267.0,,262.0,10.0,568.0,106.0,13.0
102234,,,,,,,,285.0,,93.0,,1.0,,,,36.0,7.0,10.0,45.0,0.0,,38.0,,35.0,10.0,2.0
102261,,,,,,,,29.0,,10.0,,,,,,4.0,1.0,,,,,,,2.0,2.0,
102270,,,,,,,,170.0,,54.0,,,,,,15.0,8.0,3.0,24.0,1.0,,43.0,,13.0,,
102298,,,,,,,,140.0,,42.0,,,,,,34.0,2.0,4.0,17.0,1.0,,12.0,2.0,14.0,10.0,1.0
102313,,,,,,,,151.0,,72.0,,,,,,15.0,7.0,4.0,1.0,,,7.0,,22.0,,
102368,,,,,,,,2109.0,,844.0,,,,,,182.0,70.0,73.0,208.0,7.0,,55.0,57.0,360.0,3.0,5.0
102377,,,,,,,,679.0,,267.0,23.0,4.0,,,,29.0,52.0,18.0,55.0,3.0,,37.0,,81.0,13.0,1.0
102395,,,,,,,,50.0,,15.0,,,,,,7.0,4.0,4.0,4.0,,,,2.0,10.0,2.0,1.0
102429,,,,,,,,422.0,,186.0,,,,,,31.0,15.0,7.0,46.0,,,46.0,,49.0,,
102553,,,,,,,,2067.0,,1017.0,78.0,90.0,,,,126.0,21.0,75.0,84.0,4.0,,30.0,12.0,377.0,75.0,4.0
102580,,,,,,,,9.0,,4.0,,,,,,,2.0,,,,,,,,1.0,
102614,,,,,,,,2380.0,,703.0,588.0,170.0,,,,189.0,70.0,68.0,73.0,10.0,,43.0,2.0,271.0,108.0,27.0
102632,,,,,,,,397.0,,180.0,6.0,5.0,,,,39.0,12.0,19.0,15.0,1.0,,30.0,2.0,67.0,13.0,
102669,,,,,,,,123.0,,50.0,1.0,2.0,,,,14.0,7.0,8.0,14.0,,,2.0,2.0,23.0,,
102711,,,,,,,,80.0,,40.0,,,,,,2.0,1.0,3.0,,,,16.0,,13.0,5.0,
102845,,,,,,,,326.0,,115.0,,,,,,43.0,37.0,5.0,24.0,,,5.0,36.0,37.0,,
103501,,,,,,,,55.0,,22.0,,,,,,6.0,2.0,3.0,,,,,,18.0,,1.0
103529,,,,,,,,244.0,,,,11.0,,,,65.0,42.0,52.0,4.0,,,1.0,1.0,55.0,,
103644,,,,,,,,74.0,,48.0,,,,,,8.0,2.0,1.0,,,,,,14.0,,
103723,,,,,,,,15.0,,7.0,,,,,,1.0,2.0,0.0,,,,,,,,1.0
103732,,,,,,,,4.0,,2.0,,,,,,1.0,,,,,,,,1.0,,
103741,,,,,,,,10.0,,7.0,,,,,,1.0,,,,,,,,1.0,,
103778,,,,,,,,190.0,,35.0,,,,,,16.0,78.0,12.0,14.0,,,,,27.0,,
103787,,,,,,,,25.0,,10.0,,,,,,3.0,,1.0,,,,6.0,,3.0,1.0,
103811,,,,,,,,85.0,,35.0,,,,,,11.0,5.0,,,,,,29.0,5.0,,
103893,,,,,,,,45.0,,16.0,,,,,,7.0,1.0,,,,,1.0,,4.0,,
103909,,,,,,,,55.0,,17.0,,,,,,16.0,1.0,1.0,,,,1.0,,4.0,,
103927,,,,,,,,31.0,,7.0,,,,,,11.0,1.0,,,,,,,1.0,,
103945,,,,,,,,23.0,,7.0,,,,,,2.0,,,,,,,,1.0,,
103954,,,,,,,,5.0,,3.0,,,,,,1.0,,,,,,,,1.0,,
103963,,,,,,,,70.0,,29.0,,,,,,6.0,6.0,,,,,6.0,6.0,10.0,,
104090,,,,,,,,84.0,,32.0,,,,,,5.0,6.0,1.0,,,,8.0,10.0,16.0,,
104151,,,,,,,,7321.0,,2009.0,120.0,0.0,,,,997.0,832.0,1180.0,577.0,54.0,,197.0,19.0,809.0,173.0,60.0
104160,,,,,,,,628.0,,219.0,3.0,8.0,,,,55.0,17.0,25.0,35.0,2.0,,67.0,,132.0,15.0,7.0
104179,,,,,,,,10993.0,,2045.0,903.0,,,,,200.0,1393.0,1500.0,438.0,852.0,,813.0,45.0,1319.0,331.0,125.0
104188,,,,,,,,18.0,,15.0,,,,,,,,,,,,,,2.0,,
104346,,,,,,,,540.0,,202.0,,,,,,47.0,9.0,57.0,23.0,15.0,,54.0,,76.0,,
104364,,,,,,,,54.0,,22.0,,,,,,13.0,1.0,,,,,,,14.0,,
104391,,,,,,,,14.0,,7.0,,,,,,4.0,,,,,,,,2.0,,
104425,,,,,,,,456.0,,166.0,,,,,,61.0,15.0,19.0,37.0,3.0,,26.0,,68.0,20.0,
104434,,,,,,,,4.0,,3.0,,,,,,1.0,,,,,,,,,,
104443,,,,,,,,10.0,,7.0,,,,,,1.0,,,,,,,,2.0,,
104504,,,,,,,,13.0,,6.0,,,,,,2.0,2.0,,,,,,1.0,1.0,0.0,
104568,,,,,,,,34.0,,16.0,,,,,,2.0,1.0,,,,,6.0,2.0,3.0,0.0,2.0
104577,,,,,,,,411.0,,177.0,,,,,,15.0,14.0,10.0,18.0,3.0,,50.0,,79.0,,
104586,,,,,,,,327.0,,106.0,,,,,,35.0,36.0,2.0,,,,13.0,,20.0,,56.0
104665,,,,,,,,9.0,,6.0,,,,,,,,,,,,,,,,
104708,,,,,,,,981.0,,522.0,,,,,,38.0,14.0,42.0,42.0,2.0,,44.0,,234.0,15.0,1.0
104717,,,,,,,,4509.0,,1468.0,,,,,,420.0,243.0,166.0,1256.0,21.0,,235.0,13.0,177.0,6.0,3.0
104911,,,,,,,,35.0,,9.0,,,,,,7.0,9.0,,2.0,,,2.0,6.0,1.0,,
105136,,,,,,,,447.0,,,,,,,,103.0,95.0,72.0,18.0,,,4.0,,122.0,12.0,
105145,,,,,,,,430.0,,216.0,,,,,,21.0,7.0,10.0,37.0,3.0,,11.0,,90.0,6.0,
105154,,,,,,,,1074.0,,594.0,,,,,,33.0,13.0,39.0,70.0,6.0,,35.0,,226.0,20.0,
105163,,,,,,,,38.0,,16.0,,,,,,6.0,1.0,1.0,,,,,,12.0,,
105172,,,,,,,,44.0,,15.0,,,,,,9.0,2.0,1.0,,,,,,15.0,,
105206,,,,,,,,375.0,,168.0,,,,,,29.0,9.0,19.0,17.0,,,24.0,,83.0,,1.0
105215,,,,,,,,139.0,,75.0,,,,,,14.0,42.0,,,,,,,3.0,5.0,
105297,,,,,,,,259.0,,71.0,,,,,,16.0,10.0,9.0,,,,59.0,,42.0,,
105330,,,,,,,,3199.0,,1239.0,12.0,,,,,105.0,456.0,336.0,209.0,30.0,,189.0,,251.0,93.0,30.0
105349,,,,,,,,304.0,,127.0,,,,,,29.0,20.0,17.0,13.0,,,2.0,,19.0,11.0,1.0
105367,,,,,,,,69.0,,38.0,,,,,,3.0,21.0,1.0,,,,,,3.0,,
105428,,,,,,,,664.0,,342.0,,,,,,22.0,11.0,21.0,61.0,4.0,,26.0,,135.0,11.0,1.0
105482,,,,,,,,13.0,,4.0,,,,,,1.0,1.0,,,0.0,,,1.0,2.0,,
105525,,,,,,,,1657.0,,642.0,,23.0,,,,78.0,104.0,123.0,44.0,2.0,,138.0,,100.0,,21.0
105534,,,,,,,,145.0,,99.0,,,,,,3.0,,,,,,,,43.0,,
105543,,,,,,,,71.0,,46.0,,,,,,3.0,,,,,,,,22.0,,
105589,,,,,,,,150.0,,74.0,,,,,,16.0,7.0,6.0,3.0,,,9.0,,10.0,1.0,
105659,,,,,,,,44.0,,22.0,,,,,,6.0,,,,,,,6.0,,1.0,
105668,,,,,,,,814.0,,271.0,,,,,,59.0,18.0,40.0,72.0,4.0,,8.0,,235.0,10.0,3.0
105677,,,,,,,,11.0,,9.0,,,,,,,,,,,,,,2.0,,
105701,,,,,,,,5.0,,3.0,,,,,,,2.0,,,,,,,,,
105747,,,,,,,,526.0,,282.0,,,,,,20.0,8.0,24.0,32.0,2.0,,25.0,,108.0,9.0,
105792,,,,,,,,287.0,,127.0,,,,,,16.0,8.0,12.0,22.0,1.0,,14.0,,66.0,4.0,1.0
105899,,,,,,,,121.0,,43.0,,,,,,16.0,5.0,2.0,29.0,2.0,,6.0,,9.0,1.0,
105987,,,,,,,,38.0,,19.0,,,,,,4.0,3.0,,,,,,7.0,4.0,,
106041,,,,,,,,150.0,,66.0,,,,,,15.0,60.0,1.0,,,,,,4.0,4.0,
106102,,,,,,,,182.0,,82.0,,,,,,28.0,4.0,15.0,27.0,,,,8.0,14.0,,
106111,,,,,,,,10.0,,7.0,,,,,,1.0,,,,,,,,1.0,,
106148,,,,,,,,444.0,,140.0,,,,,,54.0,17.0,21.0,30.0,4.0,,38.0,,67.0,17.0,
106245,,,,,,,,1524.0,,541.0,,,,,,72.0,100.0,170.0,119.0,3.0,,132.0,,157.0,34.0,14.0
106263,,,,,,,,3409.0,,231.0,243.0,12.0,,,,501.0,159.0,214.0,132.0,465.0,,263.0,,383.0,8.0,1.0
106281,,,,,,,,8.0,,3.0,,,,,,2.0,,,,,,,,3.0,,
106306,,,,,,,,135.0,,36.0,,,,,,15.0,,1.0,17.0,,,29.0,,9.0,,2.0
106315,,,,,,,,7.0,,4.0,,,,,,1.0,1.0,,,,,,,,,
106324,,,,,,,,5.0,,3.0,,,,,,1.0,,,,,,,,1.0,,
106342,,,,,,,,142.0,,48.0,1.0,,,,,23.0,5.0,,25.0,2.0,,,1.0,18.0,,
106351,,,,,,,,17.0,,10.0,,,,,,3.0,1.0,,,,,,,3.0,,
106360,,,,,,,,4.0,,3.0,,,,,,,,,,,,,,1.0,,
106397,,,,,,,,4903.0,,1187.0,16.0,67.0,,,,505.0,250.0,676.0,221.0,38.0,,307.0,17.0,828.0,268.0,58.0
106412,,,,,,,,613.0,,170.0,15.0,33.0,,,,44.0,36.0,29.0,47.0,2.0,,70.0,1.0,99.0,25.0,4.0
106449,,,,,,,,370.0,,165.0,,,,,,29.0,24.0,10.0,16.0,,,19.0,1.0,54.0,16.0,1.0
106458,,,,,,,,1632.0,,568.0,18.0,,,,,190.0,239.0,77.0,73.0,8.0,,105.0,,169.0,115.0,4.0
106467,,,,,,,,994.0,,436.0,3.0,2.0,,,,62.0,24.0,24.0,57.0,7.0,,13.0,1.0,229.0,121.0,
106485,,,,,,,,417.0,,176.0,,,,,,33.0,21.0,13.0,30.0,1.0,,34.0,,66.0,26.0,4.0
106494,,,,,,,,10.0,,3.0,,,,,,5.0,,,,,,,,2.0,,
106546,,,,,,,,93.0,,61.0,,,,,,8.0,,2.0,1.0,,,4.0,1.0,14.0,0.0,
106625,,,,,,,,194.0,,93.0,,,,,,6.0,7.0,9.0,13.0,,,24.0,2.0,29.0,,
106704,,,,,,,,1472.0,,600.0,,,,,,135.0,40.0,54.0,73.0,10.0,,150.0,,187.0,89.0,16.0
106713,,,,,,,,116.0,,46.0,,,,,,13.0,7.0,3.0,9.0,,,13.0,,10.0,,
106795,,,,,,,,154.0,,53.0,,2.0,,,,17.0,7.0,4.0,6.0,,,,,48.0,14.0,
106810,,,,,,,,34.0,,17.0,,,,,,4.0,,,,,,5.0,,3.0,3.0,
106829,,,,,,,,65.0,,33.0,,,,,,4.0,1.0,2.0,,,,8.0,,7.0,,4.0
106883,,,,,,,,148.0,,50.0,,,,,,15.0,8.0,3.0,9.0,,,15.0,,20.0,,
106892,,,,,,,,13.0,,7.0,,,,,,2.0,1.0,,,,,,1.0,2.0,,
106908,,,,,,,,42.0,,21.0,,,,,,11.0,4.0,,,,,,2.0,4.0,,
106980,,,,,,,,257.0,,130.0,,,,,,21.0,21.0,15.0,15.0,,,20.0,2.0,25.0,,
106999,,,,,,,,139.0,,57.0,1.0,,,,,25.0,7.0,4.0,3.0,,,13.0,1.0,15.0,1.0,
107044,,,,,,,,930.0,,343.0,,,,,,69.0,59.0,27.0,46.0,8.0,,49.0,1.0,166.0,39.0,11.0
107071,,,,,,,,498.0,,194.0,,,,,,48.0,12.0,8.0,41.0,3.0,,64.0,,83.0,25.0,1.0
107080,,,,,,,,466.0,,147.0,,,,,,40.0,18.0,13.0,54.0,9.0,,112.0,,43.0,7.0,2.0
107099,,,,,,,,8.0,,5.0,,,,,,,2.0,,,,,,,1.0,,
107123,,,,,,,,9.0,,7.0,,,,,,,,,,,,,,2.0,,
107141,,,,,,,,418.0,,128.0,,,,,,50.0,18.0,19.0,54.0,2.0,,46.0,,54.0,11.0,4.0
107211,,,,,,,,4.0,,2.0,,,,,,1.0,1.0,,,,,,,,,
107220,,,,,,,,31.0,,16.0,,,,,,8.0,,,,,,,,6.0,,
107293,,,,,,,,16.0,,7.0,,,,,,4.0,,,,,,,,5.0,,
107318,,,,,,,,192.0,,70.0,,,,,,20.0,6.0,8.0,27.0,,,12.0,,34.0,2.0,
107327,,,,,,,,207.0,,62.0,,,,,,17.0,3.0,10.0,33.0,,,27.0,,42.0,,
107363,,,,,,,,4.0,,2.0,,,,,,,,,,,,,,2.0,,
107442,,,,,,,,9.0,,5.0,,,,,,2.0,,,,,,,,2.0,,
107460,,,,,,,,229.0,,91.0,,,,,,36.0,4.0,4.0,19.0,,,15.0,,34.0,6.0,
107488,,,,,,,,60.0,,30.0,,,,,,8.0,3.0,3.0,,,,,,5.0,5.0,
107512,,,,,,,,295.0,,110.0,1.0,,,,,29.0,9.0,8.0,32.0,2.0,,28.0,,31.0,22.0,
107521,,,,,,,,133.0,,54.0,,,,,,19.0,8.0,8.0,,,,7.0,2.0,25.0,,
107549,,,,,,,,142.0,,59.0,,,,,,9.0,9.0,3.0,1.0,1.0,,5.0,1.0,23.0,12.0,
107558,,,,,,,,169.0,,48.0,,,,,,23.0,6.0,3.0,24.0,,,23.0,,19.0,6.0,
107585,,,,,,,,186.0,,69.0,,,,,,24.0,7.0,6.0,2.0,,,24.0,3.0,23.0,5.0,
107600,,,,,,,,136.0,,54.0,,,,,,19.0,4.0,1.0,3.0,1.0,,21.0,,27.0,,
107619,,,,,,,,254.0,,79.0,1.0,,,,,20.0,14.0,9.0,3.0,,,36.0,,51.0,,
107637,,,,,,,,172.0,,76.0,,,,,,21.0,5.0,7.0,13.0,,,8.0,2.0,28.0,7.0,
107655,,,,,,,,3.0,,2.0,,,,,,,,,,,,,,,,
107664,,,,,,,,568.0,,274.0,2.0,5.0,,,,38.0,9.0,13.0,24.0,,,61.0,,102.0,8.0,
107725,,,,,,,,137.0,,61.0,,,,,,14.0,,2.0,,,,18.0,,18.0,,
107743,,,,,,,,94.0,,40.0,,,,,,3.0,5.0,4.0,2.0,,,8.0,,7.0,,
107789,,,,,,,,11.0,,4.0,,,,,,4.0,,,,,,,,2.0,1.0,
107831,,,,,,,,8.0,,4.0,,,,,,1.0,1.0,,,,,,,1.0,0.0,
107840,,,,,,,,41.0,,7.0,,,,,,1.0,1.0,,,,,7.0,,18.0,,
107877,,,,,,,,105.0,,35.0,,,,,,15.0,5.0,1.0,1.0,2.0,,10.0,3.0,12.0,5.0,2.0
107974,,,,,,,,183.0,,76.0,,1.0,,,,16.0,13.0,6.0,20.0,,,14.0,3.0,18.0,6.0,
107983,,,,,,,,384.0,,188.0,,,,,,35.0,17.0,9.0,13.0,2.0,,22.0,,57.0,11.0,
107992,,,,,,,,131.0,,41.0,,,,,,22.0,3.0,4.0,4.0,,,13.0,,21.0,9.0,1.0
108056,,,,,,,,46.0,,,,,,,,7.0,16.0,,10.0,,,3.0,,6.0,,
108065,,,,,,,,5.0,,2.0,,,,,,1.0,,,,,,,,1.0,,
108092,,,,,,,,615.0,,295.0,,,,,,23.0,46.0,26.0,39.0,,,19.0,,68.0,12.0,
108232,,,,,,,,1584.0,,668.0,,,,,,129.0,350.0,34.0,168.0,,,48.0,9.0,147.0,3.0,20.0
108250,,,,,,,,61.0,,30.0,,,,,,8.0,,1.0,,,,,,20.0,,
108269,,,,,,,,24.0,,12.0,,,,,,4.0,1.0,,,,,,,6.0,1.0,
108348,,,,,,,,5.0,,2.0,,,,,,2.0,,,,,,,1.0,,,
108649,,,,,,,,20.0,,9.0,,,,,,2.0,1.0,,,,,,3.0,4.0,,
108667,,,,,,,,169.0,,111.0,,,,,,9.0,9.0,1.0,3.0,,,6.0,,22.0,,
108807,,,,,,,,550.0,,299.0,,,,,,28.0,32.0,11.0,27.0,1.0,,47.0,,70.0,1.0,
108852,,,,,,,,47.0,,21.0,,,,,,11.0,,,,,,,,7.0,1.0,5.0
108861,,,,,,,,16.0,,7.0,,,,,,3.0,2.0,,,,,2.0,,1.0,,
108870,,,,,,,,151.0,,25.0,,,,,,37.0,12.0,5.0,27.0,,,11.0,,22.0,2.0,0.0
108977,,,,,,,,8.0,,3.0,,,,,,2.0,1.0,,,,,,,2.0,,
109040,,,,,,,,124.0,,55.0,,,,,,18.0,20.0,,,,,,,27.0,1.0,
109086,,,,,,,,173.0,,17.0,,6.0,,,,18.0,4.0,2.0,65.0,,,14.0,11.0,24.0,8.0,
109208,,,,,,,,905.0,,589.0,,,,,,26.0,24.0,22.0,30.0,1.0,,31.0,,124.0,,
109350,,,,,,,,542.0,,317.0,,,,,,30.0,3.0,19.0,1.0,,,31.0,,95.0,15.0,
109651,,,,,,,,474.0,,212.0,,,,,,105.0,16.0,22.0,21.0,,,11.0,,49.0,1.0,23.0
109721,,,,,,,,17.0,,5.0,,,,,,2.0,2.0,,,,,,,9.0,,
109730,,,,,,,,17.0,,4.0,,,,,,2.0,2.0,1.0,,,,,2.0,2.0,,
109785,,,,,,,,1667.0,,716.0,,,,,,357.0,48.0,44.0,14.0,10.0,,64.0,,352.0,55.0,5.0
109819,,,,,,,,576.0,,343.0,,,,,,34.0,16.0,,19.0,1.0,,44.0,,93.0,,
109907,,,,,,,,141.0,,67.0,,,,,,17.0,3.0,10.0,7.0,,,9.0,1.0,23.0,1.0,
109934,,,,,,,,19.0,,11.0,,,,,,1.0,,,,,,1.0,,3.0,,
110060,,,,,,,,21.0,,8.0,,,,,,1.0,2.0,,4.0,,,,,,1.0,
110097,,,,,,,,1092.0,,327.0,,,,,,130.0,34.0,45.0,72.0,11.0,,94.0,,268.0,44.0,5.0
110185,,,,,,,,73.0,,46.0,,,,,,3.0,4.0,3.0,,,,,5.0,2.0,2.0,
110194,,,,,,,,19.0,,11.0,,,,,,6.0,,,,,,,,2.0,,
110219,,,,,,,,150.0,,48.0,1.0,,,,,21.0,6.0,5.0,,,,,,1.0,,
110246,,,,,,,,675.0,,364.0,,,,,,47.0,17.0,34.0,11.0,1.0,,56.0,,142.0,,
110307,,,,,,,,69.0,,27.0,,3.0,,,,8.0,3.0,,,,,,,20.0,,
110316,,,,,,,,196.0,,95.0,,,,,,24.0,8.0,5.0,5.0,,,1.0,,5.0,3.0,0.0
110334,,,,,,,,566.0,,322.0,,,,,,36.0,25.0,18.0,9.0,,,38.0,,109.0,,
110361,,,,,,,,802.0,,377.0,,,,,,47.0,48.0,26.0,97.0,4.0,,43.0,,92.0,15.0,
110370,,,,,,,,519.0,,257.0,,,,,,61.0,9.0,39.0,4.0,,,21.0,,98.0,8.0,
110398,,,,,,,,342.0,,92.0,,,,,,51.0,15.0,10.0,20.0,5.0,,12.0,,52.0,,4.0
110404,,,,,,,,3071.0,,337.0,604.0,,,,,304.0,292.0,657.0,83.0,9.0,,260.0,,334.0,141.0,11.0
110413,,,,,,,,620.0,,262.0,,,,,,43.0,31.0,24.0,66.0,2.0,,46.0,,78.0,14.0,
110422,,,,,,,,2219.0,,899.0,0.0,,,,,97.0,220.0,158.0,202.0,28.0,,192.0,,238.0,105.0,24.0
110468,,,,,,,,413.0,,174.0,1.0,13.0,,,,19.0,38.0,8.0,3.0,1.0,,8.0,,66.0,1.0,
110486,,,,,,,,799.0,,312.0,,,,,,41.0,58.0,45.0,128.0,11.0,,40.0,,109.0,22.0,2.0
110495,,,,,,,,845.0,,370.0,0.0,,,,,33.0,87.0,54.0,69.0,11.0,,38.0,,121.0,27.0,8.0
110501,,,,,,,,538.0,,,,,,,,74.0,211.0,165.0,35.0,,,1.0,,49.0,3.0,1.0
110510,,,,,,,,1528.0,,589.0,1.0,,,,,72.0,141.0,109.0,139.0,12.0,,89.0,,274.0,38.0,20.0
110529,,,,,,,,1787.0,,762.0,,,,,,61.0,202.0,109.0,146.0,22.0,,125.0,,218.0,72.0,12.0
110538,,,,,,,,1546.0,,652.0,,,,,,48.0,128.0,92.0,143.0,22.0,,109.0,,222.0,68.0,10.0
110547,,,,,,,,996.0,,458.0,,,,,,57.0,64.0,47.0,86.0,10.0,,68.0,,134.0,26.0,8.0
110556,,,,,,,,1799.0,,880.0,3.0,,,,,82.0,142.0,85.0,177.0,18.0,,103.0,,180.0,56.0,16.0
110565,,,,,,,,2768.0,,1311.0,,,,,,74.0,318.0,172.0,211.0,32.0,,139.0,,345.0,59.0,29.0
110574,,,,,,,,1350.0,,494.0,,,,,,56.0,168.0,92.0,138.0,14.0,,71.0,,217.0,41.0,15.0
110583,,,,,,,,2879.0,,1342.0,,,,,,98.0,268.0,162.0,265.0,25.0,,141.0,,378.0,84.0,17.0
110592,,,,,,,,1728.0,,816.0,,,,,,56.0,153.0,87.0,135.0,12.0,,107.0,,241.0,55.0,11.0
110608,,,,,,,,2825.0,,1265.0,,,,,,57.0,302.0,196.0,270.0,25.0,,132.0,,363.0,104.0,25.0
110617,,,,,,,,2188.0,,953.0,,,,,,45.0,226.0,134.0,230.0,18.0,,124.0,,303.0,54.0,21.0
110635,,,,,,,,10982.0,,1923.0,1432.0,14.0,,,,1195.0,1254.0,1306.0,1019.0,138.0,,768.0,14.0,1219.0,214.0,88.0
110644,,,,,,,,11137.0,,2282.0,1468.0,35.0,,,,475.0,1455.0,1652.0,800.0,767.0,,535.0,,1198.0,325.0,107.0
110653,,,,,,,,6742.0,,1803.0,675.0,48.0,,,,514.0,1205.0,635.0,405.0,212.0,,408.0,,560.0,127.0,92.0
110662,,,,,,,,18029.0,,3528.0,1141.0,37.0,,,,1251.0,3461.0,1838.0,1269.0,1122.0,,1599.0,,1925.0,459.0,191.0
110671,,,,,,,,3488.0,,833.0,247.0,37.0,,,,241.0,403.0,339.0,363.0,59.0,,365.0,,326.0,134.0,82.0
110680,,,,,,,,11684.0,,2228.0,1408.0,27.0,,,,523.0,1485.0,2002.0,1003.0,705.0,,666.0,,1147.0,247.0,146.0
110699,,,,,,,,9761.0,,2218.0,1457.0,,,,,737.0,1977.0,1265.0,261.0,624.0,,347.0,,672.0,69.0,126.0
110705,,,,,,,,4288.0,,969.0,467.0,3.0,,,,256.0,495.0,490.0,431.0,50.0,,420.0,,445.0,130.0,77.0
110714,,,,,,,,3123.0,,657.0,251.0,1.0,,,,187.0,485.0,420.0,301.0,38.0,,340.0,,278.0,88.0,48.0
110778,,,,,,,,81.0,,56.0,,,,,,7.0,4.0,,,,,,,3.0,,
110875,,,,,,,,8.0,,4.0,,,,,,1.0,,,,,,,,2.0,,
110918,,,,,,,,11.0,,4.0,,,,,,1.0,0.0,,,,,0.0,,0.0,,
111009,,,,,,,,28.0,,15.0,,,,,,3.0,3.0,,,,,,4.0,,,
111054,,,,,,,,23.0,,14.0,,,,,,3.0,1.0,,,,,1.0,,4.0,,
111081,,,,,,,,431.0,,193.0,,,,,,72.0,10.0,12.0,35.0,1.0,,35.0,,44.0,15.0,2.0
111188,,,,,,,,247.0,,73.0,,,,,,39.0,28.0,8.0,22.0,1.0,,40.0,,20.0,8.0,3.0
111391,,,,,,,,165.0,,62.0,,,,,,19.0,14.0,5.0,18.0,,,1.0,,33.0,2.0,
111434,,,,,,,,217.0,,134.0,,,,,,9.0,3.0,,10.0,,,2.0,,49.0,,
111461,,,,,,,,681.0,,358.0,,,,,,56.0,39.0,34.0,24.0,4.0,,45.0,,85.0,16.0,6.0
111513,,,,,,,,18.0,,9.0,,,,,,1.0,1.0,,,,,,1.0,5.0,,
111638,,,,,,,,55.0,,21.0,,,,,,10.0,3.0,2.0,,,,2.0,,16.0,,
111708,,,,,,,,17.0,,6.0,,,,,,2.0,2.0,,,,,1.0,,2.0,,
111717,,,,,,,,26.0,,11.0,,,,,,3.0,2.0,,,,,3.0,,1.0,,
111726,,,,,,,,25.0,,13.0,,,,,,2.0,,,,,,3.0,,1.0,,
111744,,,,,,,,12.0,,7.0,,,,,,1.0,1.0,,,,,,,1.0,,
111762,,,,,,,,11.0,,5.0,,,,,,1.0,1.0,,,,,0.0,,1.0,,
111799,,,,,,,,7.0,,3.0,,,,,,1.0,1.0,,,,,,,,,
111887,,,,,,,,773.0,,434.0,,,,,,46.0,10.0,16.0,1.0,2.0,,32.0,,203.0,,
111896,,,,,,,,174.0,,91.0,,,,,,19.0,1.0,,5.0,,,10.0,,42.0,,
111920,,,,,,,,423.0,,286.0,,,,,,20.0,13.0,4.0,21.0,,,1.0,,69.0,,
111939,,,,,,,,733.0,,443.0,,,,,,33.0,31.0,21.0,12.0,1.0,,34.0,,151.0,,
111948,,,,,,,,1295.0,,583.0,5.0,,,,,114.0,49.0,80.0,93.0,8.0,,28.0,,166.0,38.0,
111966,,,,,,,,324.0,,104.0,44.0,9.0,,,,37.0,29.0,8.0,15.0,3.0,,21.0,,40.0,,0.0
112075,,,,,,,,458.0,,185.0,3.0,,,,,78.0,12.0,17.0,37.0,6.0,,17.0,,36.0,,
112084,,,,,,,,111.0,,48.0,1.0,,,,,14.0,1.0,1.0,15.0,1.0,,,1.0,7.0,1.0,
112127,,,,,,,,21.0,,6.0,,,,,,2.0,4.0,,,,,1.0,,4.0,,
112172,,,,,,,,533.0,,273.0,2.0,,,,,26.0,20.0,14.0,18.0,,,69.0,,74.0,,
112181,,,,,,,,7.0,,7.0,,,,,,,,,,,,,,,,
112190,,,,,,,,1634.0,,948.0,,,,,,44.0,83.0,23.0,9.0,5.0,,117.0,,345.0,,
112251,,,,,,,,341.0,,127.0,7.0,,,,,31.0,69.0,11.0,,,,25.0,,48.0,4.0,
112260,,,,,,,,462.0,,173.0,,,,,,38.0,46.0,28.0,30.0,4.0,,46.0,,67.0,4.0,1.0
112288,,,,,,,,36.0,,20.0,,,,,,5.0,,,,,,,3.0,8.0,,
112367,,,,,,,,46.0,,20.0,,,,,,8.0,2.0,2.0,,,,,,10.0,,
112376,,,,,,,,106.0,,,,,,,,26.0,29.0,24.0,1.0,,,4.0,,22.0,,
112385,,,,,,,,286.0,,125.0,,,,,,26.0,18.0,7.0,9.0,,,9.0,,88.0,,
112394,,,,,,,,54.0,,16.0,,,,,,12.0,2.0,2.0,,,,,10.0,4.0,3.0,
112446,,,,,,,,99.0,,40.0,,,,,,14.0,1.0,5.0,,,,2.0,,5.0,3.0,
112455,,,,,,,,5.0,,3.0,,,,,,1.0,1.0,,,,,,,,,
112525,,,,,,,,988.0,,294.0,31.0,,,,,161.0,36.0,113.0,5.0,15.0,,56.0,,254.0,,
112561,,,,,,,,165.0,,81.0,,,,,,20.0,7.0,3.0,2.0,,,12.0,,33.0,,
112570,,,,,,,,50.0,,17.0,,,,,,3.0,4.0,6.0,,,,5.0,6.0,3.0,,
112686,,,,,,,,285.0,,159.0,,,,,,16.0,24.0,3.0,15.0,,,21.0,,36.0,,
112817,,,,,,,,82.0,,,,,,,,24.0,23.0,14.0,,,,1.0,,18.0,,
112826,,,,,,,,265.0,,169.0,,,,,,18.0,8.0,3.0,6.0,,,11.0,,45.0,,
113096,,,,,,,,441.0,,270.0,,,,,,18.0,13.0,14.0,13.0,,,20.0,,58.0,,
113111,,,,,,,,252.0,,144.0,1.0,,,,,22.0,6.0,11.0,8.0,,,18.0,,19.0,3.0,
113193,,,,,,,,512.0,,259.0,,,,,,26.0,22.0,21.0,17.0,,,37.0,,121.0,,
113218,,,,,,,,321.0,,192.0,,,,,,13.0,6.0,,5.0,3.0,,22.0,,48.0,,
113236,,,,,,,,572.0,,352.0,2.0,,,,,30.0,10.0,6.0,11.0,1.0,,65.0,,66.0,,
113333,,,,,,,,704.0,,438.0,,,,,,27.0,23.0,,23.0,2.0,,30.0,,130.0,,
113397,,,,,,,,90.0,,47.0,,,,,,9.0,,,,,,,,,,
113449,,,,,,,,18.0,,11.0,,,,,,3.0,2.0,,,,,0.0,,2.0,,
113537,,,,,,,,13.0,,8.0,,,,,,1.0,0.0,,,,,,,1.0,,
113573,,,,,,,,410.0,,204.0,,,,,,27.0,14.0,10.0,9.0,,,32.0,,99.0,,
113582,,,,,,,,29.0,,15.0,,,,,,2.0,,,,,,,,4.0,,
113634,,,,,,,,655.0,,447.0,,,,,,34.0,10.0,8.0,14.0,,,17.0,,110.0,,
113698,,,,,,,,382.0,,180.0,2.0,,,,,62.0,7.0,12.0,21.0,5.0,,9.0,,40.0,8.0,
113704,,,,,,,,24.0,,15.0,,,,,,3.0,1.0,,,,,,,5.0,,
113856,,,,,,,,836.0,,494.0,,,,,,21.0,8.0,13.0,15.0,,,98.0,,160.0,,
113908,,,,,,,,42.0,,23.0,,,,,,3.0,,,,,,,,,,
113980,,,,,,,,990.0,,528.0,,,,,,56.0,57.0,25.0,31.0,,,87.0,,178.0,,
114044,,,,,,,,32.0,,19.0,,,,,,4.0,2.0,,,,,,,2.0,,
114071,,,,,,,,25.0,,12.0,,,,,,2.0,,,,,,,,,,
114080,,,,,,,,18.0,,9.0,,,,,,2.0,,,,,,,,,,
114114,,,,,,,,41.0,,16.0,,,,,,6.0,2.0,,,,,,,12.0,,
114123,,,,,,,,52.0,,24.0,,,,,,8.0,,1.0,,,,1.0,4.0,14.0,,
114266,,,,,,,,329.0,,204.0,,,,,,16.0,8.0,6.0,8.0,,,28.0,,38.0,,
114354,,,,,,,,529.0,,140.0,,,,,,62.0,30.0,64.0,42.0,1.0,,,14.0,144.0,9.0,3.0
114390,,,,,,,,89.0,,29.0,,,,,,8.0,3.0,4.0,9.0,1.0,,,2.0,23.0,1.0,1.0
114415,,,,,,,,53.0,,10.0,,,,,,4.0,6.0,2.0,4.0,0.0,,,2.0,18.0,1.0,1.0
114433,,,,,,,,130.0,,51.0,,,,,,8.0,8.0,3.0,12.0,,,8.0,,23.0,11.0,
114460,,,,,,,,49.0,,20.0,,,,,,7.0,,,,,,5.0,7.0,9.0,,
114549,,,,,,,,170.0,,90.0,,,,,,20.0,9.0,4.0,,,,2.0,,17.0,,
114585,,,,,,,,88.0,,32.0,,,,,,5.0,2.0,1.0,1.0,9.0,,,,26.0,,
114628,,,,,,,,3.0,,2.0,,,,,,1.0,,,,,,,,,,
114637,,,,,,,,5.0,,5.0,,,,,,,,,,,,,,,,
114716,,,,,,,,448.0,,313.0,,,,,,28.0,10.0,1.0,18.0,,,2.0,,54.0,,
114734,,,,,,,,8.0,,1.0,,,,,,,2.0,,,,,,,,,
114761,,,,,,,,7.0,,4.0,,,,,,1.0,0.0,,,,,,,1.0,0.0,
114789,,,,,,,,999.0,,560.0,,,,,,55.0,67.0,12.0,43.0,,,70.0,,180.0,,
114813,,,,,,,,443.0,,197.0,,,,,,34.0,18.0,13.0,67.0,3.0,,19.0,,48.0,9.0,
114831,,,,,,,,191.0,,,,,,,,28.0,38.0,48.0,,,,55.0,,17.0,,
114840,,,,,,,,350.0,,88.0,,,,,,109.0,43.0,21.0,2.0,,,7.0,,51.0,,
114859,,,,,,,,787.0,,512.0,1.0,,,,,28.0,14.0,11.0,27.0,3.0,,63.0,,91.0,,
114938,,,,,,,,271.0,,150.0,,,,,,14.0,13.0,7.0,20.0,,,14.0,,32.0,,
114947,,,,,,,,123.0,,24.0,,,,,,27.0,,,27.0,,,,,19.0,,1.0
115001,,,,,,,,756.0,,428.0,,,,,,55.0,24.0,14.0,12.0,2.0,,44.0,,124.0,1.0,
115010,,,,,,,,31.0,,21.0,,,,,,,,,,,,,,10.0,,
115083,,,,,,,,389.0,,150.0,,,,,,72.0,10.0,22.0,11.0,,,13.0,3.0,75.0,,
115126,,,,,,,,445.0,,240.0,,,,,,32.0,16.0,17.0,6.0,1.0,,38.0,,84.0,,
115214,,,,,,,,48.0,,7.0,,,,,,12.0,3.0,5.0,,,,2.0,,10.0,,
115287,,,,,,,,90.0,,,,,,,,11.0,29.0,17.0,,,,6.0,,26.0,,
115296,,,,,,,,593.0,,396.0,,,,,,22.0,11.0,,16.0,2.0,,33.0,,69.0,,
115357,,,,,,,,3.0,,2.0,,,,,,,,,,,,,,1.0,,
115393,,,,,,,,353.0,,189.0,,,,,,35.0,17.0,12.0,2.0,,,25.0,,58.0,6.0,
115409,,,,,,,,299.0,,102.0,,,,,,37.0,19.0,23.0,3.0,1.0,,55.0,,33.0,,
115454,,,,,,,,85.0,,31.0,,,,,,13.0,2.0,1.0,,,,,,37.0,,
115472,,,,,,,,121.0,,47.0,,,,,,15.0,2.0,1.0,,,,4.0,,52.0,,
115490,,,,,,,,98.0,,31.0,,,,,,,2.0,1.0,,,,,,48.0,,
115515,,,,,,,,83.0,,39.0,,,,,,14.0,2.0,,,,,,,27.0,,
115533,,,,,,,,102.0,,46.0,,,,,,16.0,,1.0,,,,,,38.0,,
115658,,,,,,,,13.0,,6.0,,,,,,1.0,,,,,,2.0,,4.0,,
115728,,,,,,,,252.0,,100.0,1.0,,,,,34.0,4.0,5.0,14.0,1.0,,8.0,11.0,25.0,,
115746,,,,,,,,200.0,,84.0,,,,,,21.0,,5.0,1.0,,,12.0,3.0,35.0,3.0,5.0
115755,,,,,,,,988.0,,358.0,,,,,,65.0,74.0,66.0,113.0,12.0,,64.0,,142.0,42.0,11.0
115773,,,,,,,,107.0,,53.0,1.0,2.0,,,,9.0,5.0,3.0,1.0,,,9.0,,23.0,,
115861,,,,,,,,358.0,,209.0,,,,,,23.0,8.0,10.0,2.0,,,27.0,,59.0,,
115931,,,,,,,,43.0,,20.0,,,,,,3.0,4.0,,,,,,9.0,4.0,1.0,
116226,,,,,,,,18.0,,11.0,,,,,,1.0,1.0,,,,,,,1.0,,
116350,,,,,,,,32.0,,16.0,,,,,,4.0,4.0,,1.0,,,,,7.0,,
116439,,,,,,,,482.0,,284.0,,,,,,26.0,11.0,9.0,7.0,,,36.0,,91.0,,
116466,,,,,,,,65.0,,26.0,,,,,,7.0,3.0,1.0,,,,,,26.0,,
116475,,,,,,,,49.0,,16.0,,,,,,8.0,3.0,1.0,,,,,,19.0,,
116484,,,,,,,,64.0,,25.0,,,,,,7.0,3.0,1.0,,,,,,26.0,,
116563,,,,,,,,19.0,,10.0,,,,,,1.0,,,,,,0.0,,3.0,,
116712,,,,,,,,302.0,,168.0,,12.0,,,,26.0,8.0,4.0,2.0,,,4.0,,57.0,2.0,
116846,,,,,,,,169.0,,30.0,,,,,,22.0,20.0,3.0,,,,25.0,,36.0,29.0,
117052,,,,,,,,578.0,,366.0,,,,,,27.0,18.0,,9.0,,,33.0,,110.0,,
117104,,,,,,,,62.0,,26.0,,,,,,17.0,2.0,,,,,3.0,,11.0,2.0,
117113,,,,,,,,136.0,,64.0,,,,,,17.0,1.0,,,,,1.0,,52.0,,
117140,,,,,,,,841.0,,383.0,,,,,,253.0,,,,,,47.0,,112.0,,
117168,,,,,,,,54.0,,15.0,,,,,,6.0,4.0,4.0,2.0,,,3.0,,15.0,1.0,
117195,,,,,,,,149.0,,81.0,,,,,,8.0,3.0,7.0,5.0,,,6.0,,14.0,,
117238,,,,,,,,8.0,,5.0,,,,,,1.0,,,,,,,,1.0,,
117247,,,,,,,,335.0,,231.0,,,,,,14.0,13.0,,7.0,,,16.0,,37.0,,
117274,,,,,,,,132.0,,56.0,,,,,,20.0,4.0,5.0,10.0,,,8.0,,17.0,,
117520,,,,,,,,122.0,,40.0,1.0,1.0,,,,20.0,5.0,2.0,1.0,,,5.0,3.0,22.0,,
117557,,,,,,,,28.0,,14.0,,,,,,2.0,2.0,2.0,,,,,,8.0,,
117575,,,,,,,,26.0,,13.0,,,,,,6.0,,,,,,0.0,,5.0,,
117627,,,,,,,,361.0,,103.0,,1.0,,,,16.0,30.0,15.0,16.0,1.0,,47.0,2.0,109.0,10.0,
117636,,,,,,,,1505.0,,428.0,52.0,11.0,,,,154.0,62.0,62.0,44.0,195.0,,77.0,,318.0,82.0,6.0
117645,,,,,,,,1047.0,,561.0,,,,,,50.0,31.0,16.0,39.0,3.0,,87.0,,213.0,,
117672,,,,,,,,158.0,,63.0,1.0,7.0,,,,25.0,6.0,8.0,,,,14.0,0.0,15.0,,
117681,,,,,,,,272.0,,2.0,,,,,,27.0,65.0,60.0,7.0,,,,,90.0,,
117690,,,,,,,,352.0,,206.0,,,,,,14.0,5.0,6.0,8.0,,,44.0,,58.0,,
117706,,,,,,,,627.0,,373.0,,,,,,16.0,7.0,8.0,16.0,,,78.0,,122.0,,
117715,,,,,,,,293.0,,176.0,,,,,,9.0,6.0,3.0,5.0,,,37.0,,46.0,,
117724,,,,,,,,510.0,,283.0,,,,,,14.0,6.0,9.0,15.0,,,68.0,,101.0,,
117733,,,,,,,,548.0,,328.0,,,,,,16.0,39.0,10.0,4.0,,,31.0,,99.0,,
117751,,,,,,,,262.0,,100.0,,,,,,8.0,13.0,12.0,31.0,3.0,,35.0,7.0,40.0,6.0,
117788,,,,,,,,618.0,,357.0,,,,,,15.0,11.0,8.0,14.0,,,72.0,,131.0,,
117803,,,,,,,,52.0,,34.0,1.0,,,,,6.0,,1.0,,,,,,1.0,,
117867,,,,,,,,317.0,,171.0,,,,,,8.0,6.0,,5.0,,,42.0,,64.0,,
117894,,,,,,,,343.0,,216.0,,,,,,23.0,8.0,5.0,14.0,,,14.0,,58.0,,
117900,,,,,,,,251.0,,,,,,,,25.0,55.0,39.0,3.0,,,72.0,,50.0,,
117928,,,,,,,,105.0,,52.0,,,,,,13.0,1.0,,,,,0.0,,39.0,,
117946,,,,,,,,1986.0,,741.0,,,,,,173.0,278.0,115.0,114.0,13.0,,128.0,,267.0,34.0,26.0
117955,,,,,,,,28.0,,19.0,,,,,,2.0,1.0,,,,,1.0,1.0,3.0,,
118116,,,,,,,,5.0,,3.0,,,,,,,1.0,,,,,,,1.0,,
118125,,,,,,,,3.0,,2.0,,,,,,,,,,,,,,0.0,,
118134,,,,,,,,9.0,,4.0,,,,,,,,,,,,1.0,,4.0,,
118143,,,,,,,,5.0,,3.0,,,,,,,,,,,,0.0,,2.0,,
118161,,,,,,,,11.0,,3.0,,,,,,2.0,1.0,,,,,,,5.0,,
118189,,,,,,,,16.0,,8.0,,,,,,4.0,,,,,,,,4.0,,
118198,,,,,,,,82.0,,40.0,,,,,,15.0,4.0,1.0,,1.0,,3.0,,4.0,,
118259,,,,,,,,43.0,,17.0,,,,,,7.0,1.0,0.0,11.0,,,1.0,,,,
118277,,,,,,,,111.0,,58.0,,,,,,11.0,2.0,0.0,18.0,,,0.0,,3.0,,
118286,,,,,,,,67.0,,27.0,,,,,,8.0,2.0,1.0,13.0,,,,,2.0,,
118347,,,,,,,,379.0,,191.0,,,,,,25.0,32.0,10.0,13.0,,,33.0,,65.0,,
118356,,,,,,,,165.0,,86.0,,,,,,14.0,,,,,,,,,,
118541,,,,,,,,185.0,,65.0,,,,,,25.0,6.0,9.0,24.0,1.0,,16.0,,12.0,,9.0
118684,,,,,,,,230.0,,136.0,,,,,,16.0,1.0,8.0,,,,18.0,,47.0,,
118693,,,,,,,,116.0,,50.0,,,,,,12.0,3.0,7.0,14.0,,,5.0,,3.0,,
118718,,,,,,,,544.0,,280.0,,,,,,44.0,23.0,11.0,22.0,1.0,,45.0,,105.0,,
118772,,,,,,,,193.0,,129.0,,,,,,7.0,13.0,2.0,5.0,,,6.0,,21.0,,
118888,,,,,,,,388.0,,147.0,,,,,,40.0,36.0,35.0,39.0,,,29.0,,41.0,,1.0
118912,,,,,,,,633.0,,360.0,,,,,,29.0,18.0,23.0,18.0,2.0,,47.0,,96.0,,
118921,,,,,,,,44.0,,23.0,,,,,,4.0,,,,,,,,,,
118930,,,,,,,,320.0,,208.0,,,,,,13.0,4.0,2.0,10.0,,,,,63.0,,
118958,,,,,,,,5.0,,4.0,,,,,,,,,,,,0.0,,1.0,,
118967,,,,,,,,54.0,,16.0,,,,,,6.0,3.0,,12.0,,,,,2.0,,
118976,,,,,,,,569.0,,328.0,,,,,,36.0,31.0,11.0,11.0,3.0,,9.0,,133.0,,
118994,,,,,,,,9.0,,5.0,,,,,,2.0,,,,,,,,2.0,,
119058,,,,,,,,205.0,,76.0,,,,,,32.0,1.0,2.0,,,,5.0,,82.0,,
119067,,,,,,,,366.0,,202.0,,,,,,10.0,26.0,9.0,4.0,1.0,,31.0,,65.0,,
119137,,,,,,,,406.0,,265.0,,,,,,9.0,12.0,5.0,10.0,1.0,,32.0,,50.0,,
119164,,,,,,,,1190.0,,631.0,,,,,,72.0,18.0,36.0,15.0,5.0,,110.0,,293.0,,
119173,,,,,,,,571.0,,241.0,,,,,,107.0,34.0,22.0,3.0,10.0,,41.0,,47.0,6.0,8.0
119216,,,,,,,,613.0,,308.0,1.0,,,,,29.0,11.0,19.0,6.0,2.0,,51.0,7.0,113.0,4.0,3.0
119234,,,,,,,,22.0,,10.0,,,,,,3.0,,,,,,,,1.0,,
119270,,,,,,,,336.0,,160.0,,,,,,40.0,19.0,5.0,25.0,,,24.0,23.0,18.0,,
119331,,,,,,,,356.0,,184.0,,,,,,28.0,15.0,9.0,9.0,,,23.0,,71.0,,
119359,,,,,,,,48.0,,14.0,,,,,,11.0,2.0,,,,,,,19.0,,
119456,,,,,,,,38.0,,14.0,,,,,,8.0,,1.0,,,,,,15.0,,
119465,,,,,,,,36.0,,9.0,,,,,,8.0,4.0,,,,,,,15.0,,
119508,,,,,,,,55.0,,20.0,,,,,,9.0,2.0,,,,,,,23.0,,
119544,,,,,,,,34.0,,30.0,,,,,,2.0,,,,,,,,2.0,,
119553,,,,,,,,98.0,,46.0,,,,,,12.0,3.0,,,,,,15.0,4.0,,
119605,,,,,,,,1367.0,,572.0,,,,,,142.0,31.0,71.0,34.0,,,4.0,,160.0,3.0,
119678,,,,,,,,970.0,,355.0,204.0,,,,,40.0,71.0,31.0,11.0,1.0,,4.0,,186.0,5.0,2.0
119775,,,,,,,,101.0,,56.0,,,,,,23.0,3.0,,,,,,9.0,1.0,1.0,
119845,,,,,,,,13.0,,8.0,,,,,,1.0,,,,,,,,4.0,,
119951,,,,,,,,25.0,,14.0,,,,,,2.0,,,,,,,,6.0,2.0,
120023,,,,,,,,93.0,,,,,,,,22.0,8.0,16.0,,,,11.0,,36.0,,
120069,,,,,,,,21.0,,14.0,,,,,,,,,,,,,1.0,6.0,,
120078,,,,,,,,27.0,,18.0,,,,,,,,,,,,,,10.0,,
120087,,,,,,,,20.0,,13.0,,,,,,,,,,,,,,7.0,,
120184,,,,,,,,263.0,,118.0,,,,,,18.0,17.0,5.0,27.0,1.0,,21.0,14.0,17.0,5.0,
120254,,,,,,,,672.0,,197.0,,,,,,63.0,31.0,35.0,55.0,6.0,,128.0,5.0,85.0,19.0,1.0
120272,,,,,,,,9.0,,4.0,,,,,,2.0,,,,,,,,3.0,,
120290,,,,,,,,442.0,,243.0,,,,,,37.0,19.0,14.0,32.0,,,26.0,,67.0,,
120342,,,,,,,,731.0,,410.0,,,,,,38.0,18.0,22.0,4.0,5.0,,79.0,,132.0,,
120403,,,,,,,,398.0,,172.0,,,,,,64.0,12.0,11.0,20.0,1.0,,11.0,27.0,41.0,,
120421,,,,,,,,233.0,,132.0,,,,,,9.0,8.0,3.0,11.0,0.0,,17.0,,39.0,,
120537,,,,,,,,146.0,,37.0,,,,,,25.0,3.0,7.0,16.0,,,3.0,,8.0,4.0,
120661,,,,,,,,81.0,,37.0,,,,,,14.0,7.0,,,,,,8.0,12.0,,
120698,,,,,,,,125.0,,58.0,,,,,,19.0,14.0,3.0,3.0,0.0,,,,13.0,1.0,
120740,,,,,,,,22.0,,10.0,,,,,,4.0,0.0,,1.0,,,2.0,,2.0,,
120768,,,,,,,,128.0,,52.0,,,,,,21.0,4.0,2.0,9.0,,,1.0,,5.0,,
120795,,,,,,,,50.0,,15.0,,,,,,14.0,,,2.0,,,6.0,,9.0,2.0,
120838,,,,,,,,29.0,,13.0,,,,,,4.0,,1.0,,,,,,,1.0,
120865,,,,,,,,268.0,,96.0,,,,,,46.0,31.0,16.0,3.0,1.0,,13.0,1.0,25.0,15.0,2.0
120883,,,,,,,,1679.0,,531.0,2.0,,,,,145.0,94.0,85.0,57.0,14.0,,240.0,,462.0,4.0,23.0
120953,,,,,,,,104.0,,41.0,1.0,,,,,15.0,2.0,6.0,,,,,,16.0,5.0,
120971,,,,,,,,1007.0,,568.0,,,,,,48.0,16.0,18.0,24.0,1.0,,75.0,,224.0,,
121017,,,,,,,,7.0,,5.0,,,,,,1.0,,,,,,,,1.0,,
121044,,,,,,,,1040.0,,656.0,,,,,,57.0,17.0,16.0,23.0,1.0,,70.0,,175.0,,
121150,,,,,,,,1604.0,,494.0,,,,,,234.0,152.0,94.0,85.0,8.0,,94.0,22.0,190.0,37.0,18.0
121178,,,,,,,,134.0,,1.0,,,,,,29.0,35.0,11.0,2.0,,,29.0,,26.0,,
121257,,,,,,,,269.0,,88.0,,,,,,24.0,16.0,10.0,23.0,,,40.0,,29.0,8.0,
121275,,,,,,,,44.0,,15.0,,,,,,3.0,4.0,2.0,1.0,,,1.0,3.0,10.0,,
121309,,,,,,,,616.0,,200.0,,,,,,67.0,20.0,26.0,51.0,6.0,,63.0,1.0,95.0,19.0,8.0
121345,,,,,,,,722.0,,234.0,,,,,,49.0,30.0,26.0,44.0,3.0,,173.0,1.0,99.0,11.0,
121363,,,,,,,,162.0,,92.0,,,,,,12.0,,3.0,2.0,1.0,,9.0,,36.0,,
121381,,,,,,,,45.0,,18.0,,,,,,10.0,,1.0,,,,,7.0,1.0,,
121433,,,,,,,,6.0,,2.0,,,,,,1.0,1.0,,,,,0.0,,2.0,,
121619,,,,,,,,751.0,,444.0,,,,,,23.0,23.0,14.0,40.0,,,51.0,,127.0,,
121628,,,,,,,,8.0,,,,,,,,5.0,,,,,,,,2.0,,
121637,,,,,,,,7.0,,3.0,,,,,,1.0,2.0,,,,,,,0.0,1.0,
121691,,,,,,,,770.0,,302.0,,,,,,97.0,29.0,39.0,66.0,7.0,,39.0,,122.0,22.0,5.0
121707,,,,,,,,288.0,,138.0,,,,,,24.0,11.0,10.0,20.0,1.0,,24.0,,38.0,3.0,
121859,,,,,,,,12.0,,7.0,,,,,,,,,,,,,2.0,3.0,,
121868,,,,,,,,9.0,,4.0,,,,,,,1.0,,,,,,2.0,2.0,,
121886,,,,,,,,565.0,,300.0,,,,,,32.0,8.0,13.0,11.0,2.0,,33.0,,137.0,,
121901,,,,,,,,614.0,,361.0,,,,,,28.0,15.0,,25.0,1.0,,48.0,,116.0,,
121983,,,,,,,,70.0,,43.0,,,,,,10.0,,,,,,,,14.0,,
121992,,,,,,,,15.0,,7.0,,,,,,3.0,,,,,,0.0,,2.0,,
122117,,,,,,,,31.0,,13.0,,,,,,1.0,1.0,,,,,,,6.0,3.0,
122126,,,,,,,,37.0,,19.0,,,,,,3.0,4.0,1.0,,,,1.0,1.0,5.0,,
122180,,,,,,,,734.0,,467.0,,,,,,25.0,24.0,16.0,29.0,2.0,,34.0,,98.0,,
122205,,,,,,,,757.0,,446.0,,,,,,43.0,18.0,,12.0,1.0,,64.0,,162.0,,
122296,,,,,,,,314.0,,174.0,5.0,,,,,28.0,12.0,15.0,3.0,3.0,,3.0,,42.0,,
122320,,,,,,,,535.0,,0.0,,,,,,36.0,95.0,53.0,9.0,,,204.0,,129.0,,
122339,,,,,,,,478.0,,322.0,,,,,,21.0,8.0,,10.0,1.0,,,,111.0,,
122366,,,,,,,,19.0,,6.0,,,,,,4.0,1.0,,,,,,6.0,2.0,,
122375,,,,,,,,626.0,,439.0,,,,,,16.0,12.0,,7.0,,,1.0,,138.0,,
122384,,,,,,,,313.0,,203.0,,,,,,12.0,11.0,,8.0,2.0,,1.0,,68.0,,
122409,,,,,,,,2662.0,,1088.0,,,,,,105.0,205.0,194.0,294.0,52.0,,164.0,,358.0,89.0,22.0
122436,,,,,,,,1847.0,,562.0,12.0,21.0,,,,104.0,128.0,91.0,152.0,18.0,,236.0,3.0,270.0,42.0,20.0
122454,,,,,,,,114.0,,23.0,,,,,,7.0,6.0,8.0,6.0,2.0,,7.0,13.0,,,
122506,,,,,,,,89.0,,35.0,,1.0,,,,14.0,10.0,2.0,6.0,,,1.0,,9.0,,2.0
122597,,,,,,,,2526.0,,1080.0,8.0,,,,,63.0,502.0,172.0,201.0,24.0,,131.0,,121.0,98.0,40.0
122603,,,,,,,,40.0,,11.0,,,,,,2.0,10.0,2.0,,,,,,6.0,3.0,
122612,,,,,,,,1736.0,,732.0,,,,,,278.0,105.0,82.0,78.0,12.0,,60.0,,303.0,34.0,
122649,,,,,,,,41.0,,15.0,0.0,,,,,7.0,3.0,2.0,2.0,,,2.0,1.0,6.0,,
122658,,,,,,,,657.0,,310.0,,,,,,48.0,42.0,15.0,70.0,1.0,,20.0,,127.0,,
122685,,,,,,,,520.0,,258.0,,,,,,37.0,,5.0,,,,3.0,,80.0,,
122728,,,,,,,,195.0,,77.0,,,,,,21.0,8.0,7.0,22.0,2.0,,12.0,,25.0,,
122737,,,,,,,,80.0,,,,,,,,15.0,25.0,11.0,7.0,,,5.0,,15.0,,
122746,,,,,,,,332.0,,209.0,,,,,,17.0,10.0,4.0,7.0,,,26.0,,38.0,,
122755,,,,,,,,2324.0,,1051.0,,,,,,68.0,303.0,155.0,222.0,27.0,,135.0,,183.0,76.0,29.0
122782,,,,,,,,215.0,,,,,,,,14.0,32.0,33.0,5.0,,,92.0,,37.0,,
122791,,,,,,,,329.0,,207.0,,,,,,13.0,6.0,,10.0,,,3.0,,78.0,,
122834,,,,,,,,72.0,,46.0,,,,,,2.0,7.0,,,,,,8.0,3.0,,
122843,,,,,,,,248.0,,97.0,,,,,,30.0,,1.0,,,,1.0,58.0,9.0,,
122852,,,,,,,,29.0,,18.0,,,,,,1.0,2.0,,,,,,3.0,2.0,,
122889,,,,,,,,838.0,,491.0,,,,,,48.0,20.0,26.0,15.0,3.0,,49.0,,160.0,,
122931,,,,,,,,1564.0,,637.0,,,,,,292.0,69.0,120.0,93.0,12.0,,72.0,,198.0,27.0,7.0
122977,,,,,,,,1173.0,,668.0,,,,,,93.0,33.0,15.0,31.0,3.0,,97.0,,189.0,,
123013,,,,,,,,1095.0,,606.0,,,,,,79.0,53.0,30.0,40.0,8.0,,61.0,,132.0,4.0,
123095,,,,,,,,112.0,,81.0,0.0,,,,,8.0,4.0,1.0,1.0,,,,4.0,2.0,,
123165,,,,,,,,301.0,,94.0,2.0,,,,,32.0,13.0,6.0,15.0,,,76.0,,36.0,,
123208,,,,,,,,87.0,,44.0,,,,,,9.0,3.0,1.0,,,,3.0,,27.0,,
123217,,,,,,,,446.0,,244.0,,,,,,39.0,24.0,12.0,14.0,1.0,,34.0,,66.0,,
123280,,,,,,,,17.0,,7.0,1.0,3.0,,,,1.0,1.0,,,,,1.0,,2.0,,
123299,,,,,,,,385.0,,203.0,,,,,,35.0,8.0,7.0,16.0,,,49.0,,56.0,1.0,
123341,,,,,,,,686.0,,421.0,,,,,,40.0,18.0,23.0,7.0,,,38.0,,134.0,,
123350,,,,,,,,20.0,,5.0,,,,,,2.0,2.0,2.0,,,,,,1.0,,
123396,,,,,,,,14.0,,8.0,,,,,,2.0,1.0,,,,,,1.0,2.0,,
123448,,,,,,,,39.0,,20.0,,,,,,5.0,0.0,,3.0,,,3.0,,3.0,,
123457,,,,,,,,228.0,,116.0,,,,,,39.0,7.0,4.0,21.0,,,,,33.0,4.0,
123484,,,,,,,,166.0,,87.0,,,,,,10.0,6.0,8.0,6.0,,,13.0,,32.0,,
123493,,,,,,,,42.0,,17.0,,,,,,3.0,,,,,,2.0,,14.0,,
123509,,,,,,,,328.0,,217.0,,,,,,13.0,5.0,1.0,16.0,,,1.0,,59.0,,
123527,,,,,,,,490.0,,283.0,1.0,,,,,32.0,11.0,11.0,29.0,,,35.0,,36.0,5.0,
123554,,,,,,,,704.0,,288.0,,,,,,74.0,93.0,27.0,68.0,7.0,,26.0,,82.0,21.0,3.0
123563,,,,,,,,400.0,,229.0,,,,,,28.0,4.0,6.0,9.0,,,26.0,,85.0,,
123572,,,,,,,,1029.0,,336.0,5.0,,,,,64.0,154.0,65.0,120.0,13.0,,89.0,,74.0,49.0,22.0
123581,,,,,,,,28.0,,12.0,,,,,,3.0,4.0,,,,,2.0,2.0,4.0,,
123633,,,,,,,,90.0,,41.0,3.0,,,,,7.0,,3.0,1.0,5.0,,,,17.0,1.0,
123642,,,,,,,,24.0,,11.0,,,,,,4.0,1.0,1.0,,,,1.0,,5.0,0.0,
123651,,,,,,,,292.0,,106.0,,,,,,33.0,59.0,9.0,41.0,2.0,,14.0,,23.0,,
123679,,,,,,,,78.0,,39.0,,,,,,14.0,6.0,,,,,,5.0,12.0,,
123800,,,,,,,,864.0,,439.0,,,,,,65.0,32.0,35.0,11.0,6.0,,48.0,,153.0,25.0,2.0
123855,,,,,,,,56.0,,26.0,,,,,,4.0,5.0,,,,,10.0,,0.0,7.0,
123916,,,,,,,,17.0,,9.0,,,,,,3.0,1.0,1.0,,,,0.0,,2.0,,
123943,,,,,,,,157.0,,50.0,,,,,,33.0,4.0,5.0,5.0,11.0,,7.0,1.0,37.0,,
123952,,,,,,,,89.0,,42.0,,,,,,23.0,3.0,3.0,3.0,,,,1.0,11.0,1.0,
123961,,,,,,,,13567.0,,2664.0,280.0,1390.0,,,,1672.0,1327.0,1340.0,585.0,427.0,,1237.0,151.0,1988.0,207.0,127.0
123970,,,,,,,,178.0,,73.0,,,,,,18.0,4.0,7.0,2.0,,,,,63.0,,
124113,,,,,,,,223.0,,67.0,1.0,,,,,31.0,1.0,12.0,,,,16.0,,23.0,1.0,0.0
124283,,,,,,,,85.0,,20.0,,,,,,10.0,5.0,7.0,,,,7.0,4.0,18.0,7.0,
124292,,,,,,,,82.0,,32.0,,,,,,12.0,4.0,2.0,12.0,0.0,,7.0,,11.0,,
124344,,,,,,,,35.0,,19.0,,,,,,3.0,,,,,,,,,,
124487,,,,,,,,32.0,,15.0,,,,,,3.0,2.0,2.0,1.0,,,,,2.0,0.0,
124557,,,,,,,,2551.0,,270.0,46.0,,,,,374.0,612.0,428.0,206.0,13.0,,8.0,9.0,341.0,42.0,3.0
124681,,,,,,,,309.0,,74.0,,,,,,43.0,10.0,,,,,5.0,,31.0,,
124706,,,,,,,,76.0,,32.0,,,,,,13.0,5.0,,,,,,6.0,17.0,,
124779,,,,,,,,4.0,,2.0,,,,,,,1.0,,,,,,,1.0,0.0,
124937,,,,,,,,74.0,,35.0,,,,,,14.0,5.0,,,,,,5.0,12.0,,
125019,,,,,,,,80.0,,,,,,,,6.0,47.0,11.0,3.0,,,1.0,,11.0,,
125028,,,,,,,,392.0,,250.0,,,,,,10.0,11.0,5.0,13.0,3.0,,31.0,,51.0,,
125037,,,,,,,,11.0,,5.0,,,,,,,,1.0,,,,,1.0,2.0,0.0,
125082,,,,,,,,13.0,,5.0,,,,,,3.0,,,,,,1.0,,4.0,,
125091,,,,,,,,479.0,,255.0,3.0,,,,,28.0,20.0,11.0,5.0,,,36.0,,86.0,5.0,
125170,,,,,,,,165.0,,112.0,,,,,,9.0,9.0,1.0,7.0,,,6.0,,17.0,,
125222,,,,,,,,130.0,,,,,,,,11.0,26.0,18.0,,,,50.0,,25.0,,
125231,,,,,,,,1724.0,,1148.0,,,,,,268.0,151.0,3.0,38.0,,,,74.0,29.0,,
125310,,,,,,,,5.0,,3.0,,,,,,1.0,,,,,,0.0,,1.0,,
125462,,,,,,,,167.0,,49.0,,,,,,17.0,5.0,,15.0,1.0,,21.0,,23.0,,
125471,,,,,,,,374.0,,212.0,,,,,,9.0,20.0,4.0,8.0,,,49.0,,64.0,,
125499,,,,,,,,328.0,,235.0,,,,,,9.0,4.0,3.0,4.0,,,7.0,,57.0,,
125532,,,,,,,,104.0,,55.0,,,,,,18.0,,,,,,2.0,,7.0,,
125718,,,,,,,,27.0,,11.0,,,,,,3.0,4.0,1.0,,,,0.0,,3.0,,
125727,,,,,,,,352.0,,124.0,,,,,,30.0,31.0,16.0,28.0,1.0,,42.0,,27.0,11.0,4.0
125763,,,,,,,,472.0,,186.0,,,,,,48.0,21.0,13.0,32.0,3.0,,19.0,,41.0,5.0,
125897,,,,,,,,301.0,,171.0,,,,,,27.0,12.0,11.0,4.0,1.0,,,,31.0,10.0,
126012,,,,,,,,63.0,,44.0,0.0,,,,,4.0,,,,,,0.0,,4.0,,
126030,,,,,,,,65.0,,36.0,,,,,,12.0,1.0,,1.0,,,,,11.0,1.0,
126049,,,,,,,,115.0,,46.0,,,,,,19.0,7.0,2.0,6.0,,,,,21.0,2.0,
126076,,,,,,,,18.0,,7.0,,,,,,1.0,1.0,,,,,,,2.0,6.0,
126100,,,,,,,,168.0,,1.0,,,,,,32.0,18.0,18.0,,,,62.0,,36.0,,
126119,,,,,,,,257.0,,149.0,,,,,,10.0,2.0,4.0,7.0,,,18.0,,57.0,,
126164,,,,,,,,12.0,,6.0,,,,,,1.0,1.0,,,,,,2.0,2.0,,
126182,,,,,,,,441.0,,155.0,,,,,,34.0,27.0,21.0,45.0,3.0,,48.0,,56.0,1.0,1.0
126207,,,,,,,,449.0,,168.0,,,,,,32.0,12.0,21.0,10.0,,,15.0,,42.0,10.0,1.0
126289,,,,,,,,433.0,,235.0,,,,,,35.0,31.0,11.0,12.0,0.0,,34.0,2.0,36.0,6.0,
126359,,,,,,,,35.0,,11.0,,,,,,3.0,1.0,1.0,,,,3.0,3.0,3.0,3.0,
126401,,,,,,,,62.0,,40.0,,,,,,8.0,1.0,,,,,,,11.0,,
126562,,,,,,,,9178.0,,3464.0,595.0,138.0,,,,627.0,379.0,1398.0,107.0,1287.0,,191.0,1.0,550.0,122.0,31.0
126580,,,,,,,,1242.0,,547.0,25.0,5.0,,,,21.0,55.0,33.0,46.0,12.0,,88.0,5.0,104.0,86.0,11.0
126605,,,,,,,,72.0,,37.0,,,,,,10.0,,,,,,2.0,8.0,3.0,,
126614,,,,,,,,6800.0,,1642.0,787.0,6.0,,,,629.0,240.0,1102.0,201.0,77.0,,608.0,17.0,895.0,214.0,58.0
126669,,,,,,,,494.0,,226.0,,,,,,49.0,32.0,20.0,90.0,2.0,,11.0,,39.0,4.0,
126678,,,,,,,,712.0,,197.0,1.0,,,,,96.0,27.0,23.0,54.0,6.0,,53.0,1.0,120.0,28.0,2.0
126687,,,,,,,,68.0,,28.0,,,,,,17.0,5.0,,,,,,5.0,10.0,,
126702,,,,,,,,128.0,,57.0,,,,,,15.0,2.0,,,,,,,53.0,,
126711,,,,,,,,666.0,,279.0,,,,,,80.0,7.0,34.0,26.0,1.0,,29.0,1.0,119.0,22.0,1.0
126748,,,,,,,,128.0,,63.0,,,,,,11.0,13.0,5.0,12.0,,,4.0,,7.0,7.0,
126775,,,,,,,,969.0,,327.0,96.0,,,,,79.0,79.0,48.0,35.0,2.0,,92.0,,93.0,44.0,3.0
126784,,,,,,,,21.0,,12.0,,,,,,3.0,,,,,,,,2.0,,
126818,,,,,,,,6832.0,,1685.0,1285.0,268.0,,,,113.0,381.0,159.0,156.0,186.0,,571.0,5.0,493.0,297.0,66.0
126827,,,,,,,,119.0,,68.0,,,,,,4.0,14.0,4.0,,,,,11.0,8.0,,
126854,,,,,,,,7.0,,4.0,,,,,,1.0,,,,,,,,1.0,,
126863,,,,,,,,340.0,,168.0,,,,,,24.0,16.0,6.0,4.0,,,15.0,,49.0,4.0,
126872,,,,,,,,64.0,,23.0,,,,,,1.0,,,,,,,,6.0,,
126915,,,,,,,,28.0,,13.0,,,,,,3.0,1.0,1.0,,,,2.0,,5.0,,
126942,,,,,,,,430.0,,198.0,,,,,,38.0,21.0,14.0,99.0,,,14.0,,36.0,1.0,
126951,,,,,,,,107.0,,56.0,,,,,,27.0,,1.0,,,,1.0,,15.0,,
126979,,,,,,,,109.0,,46.0,,,,,,23.0,4.0,5.0,,,,,,13.0,3.0,
127024,,,,,,,,43.0,,14.0,,,,,,11.0,,,,,,,9.0,1.0,,
127060,,,,,,,,2366.0,,895.0,7.0,,,,,245.0,191.0,174.0,124.0,11.0,,202.0,3.0,261.0,56.0,3.0
127158,,,,,,,,104.0,,56.0,,,,,,6.0,8.0,3.0,3.0,,,,,,,
127185,,,,,,,,509.0,,185.0,,,,,,42.0,30.0,31.0,53.0,1.0,,55.0,,32.0,17.0,1.0
127200,,,,,,,,932.0,,501.0,,,,,,38.0,34.0,40.0,49.0,,,32.0,10.0,122.0,14.0,3.0
127219,,,,,,,,6.0,,3.0,,,,,,1.0,0.0,,,,,,1.0,1.0,,
127228,,,,,,,,17.0,,9.0,,,,,,,,,,,,1.0,,6.0,,
127273,,,,,,,,60.0,,18.0,,,,,,6.0,3.0,2.0,,,,,,25.0,2.0,
127316,,,,,,,,24.0,,12.0,,,,,,3.0,0.0,,,,,,,4.0,,
127389,,,,,,,,80.0,,29.0,,,,,,6.0,6.0,2.0,7.0,,,8.0,1.0,5.0,4.0,
127556,,,,,,,,703.0,,356.0,,,,,,66.0,15.0,21.0,76.0,6.0,,59.0,3.0,66.0,14.0,4.0
127565,,,,,,,,1504.0,,854.0,,,,,,22.0,146.0,99.0,74.0,15.0,,2.0,,211.0,1.0,
127617,,,,,,,,114.0,,58.0,,,,,,17.0,9.0,3.0,1.0,,,4.0,,9.0,3.0,
127653,,,,,,,,269.0,,89.0,,,,,,41.0,24.0,7.0,14.0,,,9.0,,20.0,5.0,
127680,,,,,,,,19.0,,7.0,,,,,,2.0,,,8.0,,,,,1.0,,
127699,,,,,,,,26.0,,13.0,,,,,,,,,9.0,,,,,2.0,,
127714,,,,,,,,64.0,,22.0,,,,,,13.0,1.0,6.0,,,,4.0,4.0,11.0,,
127732,,,,,,,,165.0,,64.0,,,,,,8.0,24.0,4.0,15.0,,,17.0,,14.0,4.0,
127741,,,,,,,,1472.0,,583.0,,,,,,140.0,117.0,61.0,69.0,12.0,,183.0,,158.0,39.0,26.0
127778,,,,,,,,264.0,,54.0,,,,,,10.0,7.0,5.0,13.0,,,33.0,,11.0,4.0,7.0
127787,,,,,,,,37.0,,16.0,,,,,,9.0,,,,,,,,12.0,,
127820,,,,,,,,719.0,,350.0,,,,,,47.0,25.0,19.0,42.0,,,51.0,8.0,125.0,13.0,7.0
127839,,,,,,,,44.0,,20.0,,,,,,2.0,3.0,1.0,,,,1.0,7.0,2.0,,
127884,,,,,,,,421.0,,191.0,,,,,,30.0,32.0,13.0,22.0,2.0,,24.0,1.0,39.0,12.0,3.0
127909,,,,,,,,499.0,,216.0,,,,,,35.0,33.0,14.0,2.0,1.0,,48.0,,57.0,12.0,2.0
127918,,,,,,,,1026.0,,467.0,,,,,,74.0,3.0,39.0,31.0,2.0,,13.0,21.0,327.0,29.0,
127945,,,,,,,,191.0,,78.0,,,,,,14.0,15.0,3.0,2.0,,,17.0,2.0,3.0,,2.0
127954,,,,,,,,2.0,,,,,,,,1.0,1.0,,,,,,,,,
128106,,,,,,,,546.0,,239.0,,,,,,12.0,15.0,29.0,45.0,3.0,,36.0,2.0,104.0,18.0,2.0
128151,,,,,,,,103.0,,69.0,,,,,,5.0,4.0,,0.0,1.0,,1.0,,11.0,4.0,
128179,,,,,,,,76.0,,48.0,,,,,,2.0,13.0,1.0,,,,4.0,5.0,2.0,,
128188,,,,,,,,87.0,,53.0,,,,,,5.0,12.0,2.0,,,,,6.0,6.0,1.0,
128258,,,,,,,,203.0,,87.0,,,,,,15.0,7.0,5.0,12.0,,,19.0,3.0,20.0,5.0,1.0
128300,,,,,,,,376.0,,,,,,,,87.0,138.0,92.0,30.0,,,,,30.0,,
128328,,,,,,,,297.0,,167.0,7.0,,,,,9.0,7.0,12.0,1.0,28.0,,8.0,,24.0,,
128337,,,,,,,,8.0,,6.0,,,,,,1.0,,,,,,,,1.0,,
128391,,,,,,,,295.0,,130.0,,,,,,27.0,11.0,13.0,35.0,2.0,,31.0,1.0,10.0,11.0,
128425,,,,,,,,11.0,,4.0,,,,,,1.0,3.0,,,,,,,1.0,3.0,
128498,,,,,,,,268.0,,121.0,,,,,,17.0,19.0,12.0,15.0,,,28.0,,28.0,6.0,
128540,,,,,,,,16.0,,8.0,,,,,,3.0,,,,,,,2.0,3.0,,
128577,,,,,,,,147.0,,68.0,,,,,,15.0,5.0,3.0,5.0,1.0,,7.0,,13.0,1.0,
128586,,,,,,,,9.0,,6.0,,,,,,1.0,1.0,,,,,,,1.0,1.0,
128674,,,,,,,,35.0,,25.0,,,,,,4.0,,,,,,,,1.0,0.0,
128683,,,,,,,,131.0,,71.0,,,,,,21.0,,,1.0,,,16.0,,9.0,,2.0
128726,,,,,,,,22.0,,16.0,,,,,,1.0,,,1.0,,,1.0,1.0,2.0,,
128744,,,,,,,,549.0,,236.0,,,,,,127.0,99.0,14.0,3.0,15.0,,,,38.0,,
128771,,,,,,,,1182.0,,618.0,,,,,,46.0,49.0,43.0,51.0,7.0,,73.0,,151.0,20.0,11.0
128780,,,,,,,,156.0,,63.0,,,,,,15.0,8.0,6.0,25.0,,,,,6.0,,
128896,,,,,,,,37.0,,18.0,,,,,,,,,,,,,,3.0,,
128902,,,,,,,,759.0,,230.0,,,,,,75.0,31.0,34.0,56.0,7.0,,169.0,,86.0,31.0,6.0
128957,,,,,,,,17.0,,11.0,,,,,,1.0,,,,,,,,,,
129002,,,,,,,,37.0,,23.0,,,,,,3.0,,,,,,,,2.0,,
129020,,,,,,,,8823.0,,1967.0,319.0,76.0,,,,338.0,318.0,737.0,275.0,1305.0,,589.0,13.0,2187.0,537.0,28.0
129154,,,,,,,,376.0,,164.0,,,,,,19.0,38.0,10.0,20.0,,,28.0,,29.0,,1.0
129181,,,,,,,,103.0,,45.0,,,,,,29.0,,1.0,,,,8.0,,10.0,,3.0
129215,,,,,,,,726.0,,290.0,,,,,,28.0,30.0,36.0,47.0,4.0,,45.0,,67.0,91.0,3.0
129242,,,,,,,,843.0,,335.0,,,,,,84.0,23.0,47.0,61.0,9.0,,61.0,,106.0,5.0,7.0
129349,,,,,,,,18.0,,9.0,,,,,,2.0,,,,,,,2.0,4.0,,
129367,,,,,,,,263.0,,160.0,,,,,,19.0,13.0,6.0,3.0,,,14.0,,15.0,,
129428,,,,,,,,23.0,,9.0,,,,,,6.0,,1.0,2.0,,,,,2.0,0.0,
129482,,,,,,,,31.0,,12.0,,,,,,5.0,,,,,,,8.0,5.0,1.0,
129491,,,,,,,,38.0,,16.0,,,,,,7.0,1.0,,,,,1.0,,11.0,,
129525,,,,,,,,1199.0,,477.0,,,,,,119.0,21.0,5.0,53.0,,,115.0,,215.0,21.0,
129534,,,,,,,,49.0,,31.0,,,,,,2.0,3.0,1.0,,,,4.0,,6.0,0.0,
129543,,,,,,,,299.0,,167.0,,,,,,20.0,15.0,9.0,7.0,,,17.0,1.0,32.0,2.0,1.0
129695,,,,,,,,431.0,,249.0,,,,,,27.0,11.0,15.0,7.0,,,40.0,,33.0,4.0,
129729,,,,,,,,412.0,,223.0,,,,,,29.0,14.0,6.0,4.0,,,33.0,,46.0,6.0,4.0
129756,,,,,,,,181.0,,105.0,,,,,,18.0,6.0,6.0,5.0,,,2.0,,19.0,1.0,
129774,,,,,,,,141.0,,37.0,,,,,,34.0,3.0,3.0,12.0,1.0,,14.0,,13.0,,
129808,,,,,,,,256.0,,149.0,,,,,,12.0,12.0,8.0,10.0,,,12.0,,19.0,4.0,
129923,,,,,,,,108.0,,66.0,,,,,,22.0,,2.0,,,,1.0,,14.0,,
129932,,,,,,,,47.0,,24.0,,,,,,6.0,,,,,,,8.0,,,
129941,,,,,,,,878.0,,389.0,,,,,,58.0,41.0,40.0,52.0,6.0,,69.0,,125.0,15.0,1.0
129969,,,,,,,,30.0,,22.0,,,,,,1.0,,,,,,,1.0,1.0,,
130004,,,,,,,,363.0,,213.0,,,,,,18.0,8.0,10.0,10.0,,,11.0,,31.0,2.0,1.0
130040,,,,,,,,127.0,,58.0,,,,,,18.0,3.0,5.0,3.0,,,10.0,,12.0,,
130110,,,,,,,,30.0,,17.0,,,,,,,4.0,,,,,4.0,,5.0,,
130129,,,,,,,,40.0,,25.0,,,,,,4.0,,,,,,,,,,
130174,,,,,,,,328.0,,171.0,,,,,,25.0,17.0,1.0,1.0,,,,,17.0,,
130183,,,,,,,,660.0,,205.0,,,,,,46.0,16.0,15.0,37.0,1.0,,,,10.0,6.0,4.0
130217,,,,,,,,138.0,,63.0,,,,,,18.0,5.0,4.0,10.0,,,9.0,,10.0,,
130226,,,,,,,,1414.0,,567.0,,,,,,238.0,127.0,45.0,50.0,17.0,,186.0,,137.0,31.0,
130253,,,,,,,,1024.0,,418.0,,,,,,151.0,30.0,42.0,112.0,17.0,,68.0,0.0,102.0,,
130314,,,,,,,,565.0,,202.0,1.0,,,,,36.0,27.0,14.0,38.0,17.0,,37.0,,37.0,3.0,
130396,,,,,,,,415.0,,261.0,,,,,,27.0,7.0,10.0,18.0,,,33.0,,32.0,1.0,1.0
130448,,,,,,,,78.0,,49.0,,,,,,14.0,2.0,0.0,1.0,,,,,5.0,,
130493,,,,,,,,1216.0,,628.0,,,,,,47.0,68.0,30.0,52.0,9.0,,114.0,,156.0,30.0,9.0
130509,,,,,,,,57.0,,30.0,,,,,,8.0,,,,,,,,4.0,,
130581,,,,,,,,44.0,,32.0,,,,,,5.0,1.0,,,,,1.0,,3.0,,
130590,,,,,,,,622.0,,226.0,,,,,,79.0,35.0,34.0,62.0,7.0,,40.0,,65.0,,
130606,,,,,,,,272.0,,154.0,,,,,,20.0,10.0,10.0,7.0,1.0,,11.0,,32.0,,
130624,,,,,,,,551.0,,142.0,3.0,,,,,15.0,49.0,24.0,74.0,43.0,,34.0,2.0,17.0,62.0,
130697,,,,,,,,930.0,,367.0,,,,,,69.0,68.0,78.0,45.0,8.0,,46.0,3.0,116.0,37.0,8.0
130776,,,,,,,,742.0,,334.0,,,,,,41.0,38.0,39.0,34.0,5.0,,92.0,,77.0,36.0,
130785,,,,,,,,37.0,,,,,,,,10.0,,,,27.0,,,,,,
130794,,,,,,,,13753.0,,2901.0,1904.0,163.0,,,,1720.0,385.0,1398.0,227.0,319.0,,1398.0,,2424.0,314.0,44.0
130837,,,,,,,,14.0,,11.0,,,,,,1.0,,,,,,,,2.0,,
130873,,,,,,,,48.0,,20.0,,,,,,8.0,3.0,,,,,2.0,,8.0,,
130882,,,,,,,,80.0,,2.0,,,,,,24.0,16.0,15.0,1.0,,,,,12.0,,
130891,,,,,,,,372.0,,201.0,,,,,,19.0,18.0,9.0,14.0,,,23.0,,28.0,9.0,
130907,,,,,,,,285.0,,151.0,,,,,,18.0,18.0,6.0,15.0,,,22.0,,23.0,4.0,
130916,,,,,,,,563.0,,295.0,,,,,,28.0,37.0,17.0,23.0,,,37.0,,59.0,8.0,
130934,,,,,,,,891.0,,276.0,39.0,21.0,,,,34.0,43.0,7.0,66.0,4.0,,136.0,,130.0,1.0,
130943,,,,,,,,4114.0,,1128.0,,,,,,548.0,333.0,513.0,310.0,50.0,,322.0,,516.0,180.0,61.0
130989,,,,,,,,104.0,,39.0,,,,,,13.0,6.0,3.0,20.0,,,15.0,,5.0,,
131061,,,,,,,,14.0,,8.0,,,,,,2.0,,,,,,0.0,,1.0,,
131098,,,,,,,,186.0,,98.0,,,,,,12.0,13.0,2.0,,1.0,,13.0,10.0,15.0,,
131113,,,,,,,,937.0,,525.0,,,,,,84.0,51.0,26.0,9.0,1.0,,38.0,,162.0,,
131159,,,,,,,,2770.0,,988.0,7.0,,,,,483.0,256.0,196.0,247.0,12.0,,99.0,,280.0,64.0,48.0
131283,,,,,,,,1540.0,,539.0,116.0,,,,,110.0,49.0,42.0,118.0,4.0,,161.0,,210.0,36.0,7.0
131399,,,,,,,,812.0,,365.0,6.0,30.0,,,,54.0,46.0,43.0,28.0,2.0,,30.0,,99.0,28.0,6.0
131405,,,,,,,,33.0,,23.0,,,,,,2.0,2.0,,,,,0.0,,2.0,,
131450,,,,,,,,746.0,,187.0,9.0,,,,,79.0,42.0,43.0,112.0,14.0,,94.0,2.0,75.0,29.0,19.0
131469,,,,,,,,5800.0,,1665.0,86.0,,,,,338.0,682.0,725.0,368.0,480.0,,295.0,4.0,683.0,93.0,43.0
131496,,,,,,,,5254.0,,1518.0,331.0,,,,,1067.0,387.0,297.0,274.0,253.0,,248.0,,586.0,120.0,70.0
131520,,,,,,,,3163.0,,1094.0,145.0,144.0,,,,295.0,72.0,116.0,161.0,203.0,,257.0,,516.0,14.0,
131742,,,,,,,,95.0,,38.0,,,,,,19.0,12.0,,,,,,22.0,3.0,,
131803,,,,,,,,46.0,,26.0,,,,,,4.0,,1.0,,,,,8.0,5.0,,
131830,,,,,,,,10.0,,7.0,,,,,,1.0,1.0,,,,,,,,,
131876,,,,,,,,292.0,,148.0,,,,,,42.0,12.0,5.0,13.0,1.0,,12.0,,10.0,1.0,
131973,,,,,,,,74.0,,23.0,2.0,,,,,8.0,1.0,2.0,3.0,,,1.0,,10.0,,
132268,,,,,,,,71.0,,26.0,,,,,,9.0,13.0,,,,,,,20.0,,
132338,,,,,,,,136.0,,57.0,,,,,,16.0,1.0,,,,,6.0,,55.0,,
132374,,,,,,,,313.0,,205.0,,,,,,5.0,2.0,4.0,,,,16.0,,45.0,1.0,
132408,,,,,,,,98.0,,40.0,,,,,,10.0,,2.0,,,,9.0,1.0,31.0,1.0,
132471,,,,,,,,1290.0,,517.0,,,,,,214.0,24.0,47.0,66.0,17.0,,26.0,13.0,255.0,12.0,0.0
132523,,,,,,,,3.0,,2.0,,,,,,,,,,,,,,1.0,,
132602,,,,,,,,624.0,,219.0,,,,,,108.0,28.0,12.0,49.0,,,74.0,,110.0,,4.0
132657,,,,,,,,481.0,,102.0,,,,,,137.0,12.0,17.0,79.0,4.0,,64.0,1.0,40.0,6.0,9.0
132666,,,,,,,,7.0,,4.0,,,,,,2.0,0.0,,,,,,,0.0,,
132675,,,,,,,,24.0,,18.0,,,,,,1.0,,0.0,,,,4.0,,,,
132693,,,,,,,,996.0,,364.0,,,,,,17.0,38.0,47.0,103.0,10.0,,69.0,5.0,146.0,44.0,8.0
132709,,,,,,,,2021.0,,853.0,,,,,,140.0,78.0,129.0,269.0,1.0,,76.0,7.0,332.0,64.0,2.0
132806,,,,,,,,1.0,,0.0,,,,,,0.0,,,,,,,,,,
132842,,,,,,,,126.0,,48.0,,,,,,12.0,,8.0,,,,32.0,,21.0,,
132851,,,,,,,,551.0,,169.0,,,,,,75.0,18.0,25.0,46.0,,,38.0,3.0,96.0,22.0,
132879,,,,,,,,45.0,,17.0,,,,,,2.0,6.0,2.0,5.0,,,2.0,,4.0,,
132903,,,,,,,,5012.0,,1452.0,286.0,,,,,684.0,247.0,449.0,322.0,63.0,,399.0,6.0,810.0,171.0,10.0
132976,,,,,,,,69.0,,35.0,,,,,,2.0,,,,,,1.0,,8.0,8.0,
133021,,,,,,,,223.0,,70.0,,,,,,25.0,2.0,4.0,15.0,2.0,,33.0,,60.0,,1.0
133085,,,,,,,,73.0,,33.0,,,,,,5.0,3.0,1.0,3.0,,,7.0,1.0,7.0,1.0,
133155,,,,,,,,74.0,,45.0,,,,,,5.0,2.0,2.0,,,,6.0,1.0,3.0,1.0,
133386,,,,,,,,1171.0,,460.0,,,,,,59.0,42.0,59.0,45.0,,,250.0,,81.0,112.0,11.0
133465,,,,,,,,94.0,,45.0,,,,,,26.0,1.0,,,,,1.0,,19.0,,
133492,,,,,,,,405.0,,154.0,,,,,,46.0,43.0,12.0,28.0,2.0,,21.0,,85.0,9.0,0.0
133508,,,,,,,,848.0,,322.0,,,,,,45.0,47.0,37.0,37.0,29.0,,31.0,,172.0,4.0,
133526,,,,,,,,196.0,,60.0,,,,,,26.0,4.0,4.0,14.0,1.0,,22.0,,17.0,,
133553,,,,,,,,1237.0,,299.0,,,,,,176.0,221.0,1.0,2.0,,,90.0,,138.0,,183.0
133650,,,,,,,,1815.0,,618.0,29.0,54.0,,,,321.0,107.0,82.0,49.0,6.0,,205.0,2.0,250.0,7.0,6.0
133669,,,,,,,,2892.0,,940.0,50.0,,,,,502.0,413.0,137.0,90.0,15.0,,157.0,,311.0,,3.0
133702,,,,,,,,1798.0,,661.0,,,,,,90.0,59.0,81.0,102.0,,,79.0,,423.0,135.0,4.0
133711,,,,,,,,364.0,,149.0,,,,,,24.0,37.0,11.0,32.0,7.0,,29.0,1.0,27.0,28.0,2.0
133809,,,,,,,,95.0,,38.0,,,,,,10.0,8.0,3.0,,,,,,15.0,,
133845,,,,,,,,61.0,,27.0,,,,,,15.0,4.0,,,,,,5.0,7.0,,
133854,,,,,,,,52.0,,20.0,,,,,,14.0,5.0,,,,,1.0,4.0,5.0,,
133863,,,,,,,,45.0,,16.0,,,,,,12.0,4.0,,,,,,5.0,6.0,,
133872,,,,,,,,289.0,,137.0,,,,,,42.0,11.0,14.0,9.0,,,17.0,1.0,47.0,,
133881,,,,,,,,1172.0,,366.0,39.0,,,,,64.0,57.0,76.0,86.0,,,144.0,16.0,237.0,53.0,7.0
133942,,,,,,,,6.0,,3.0,,,,,,2.0,1.0,,,,,,,0.0,,
133951,,,,,,,,5157.0,,1472.0,135.0,,,,,852.0,263.0,488.0,283.0,31.0,,368.0,,836.0,166.0,4.0
133960,,,,,,,,119.0,,52.0,,,,,,11.0,8.0,3.0,5.0,,,,,34.0,4.0,
133979,,,,,,,,203.0,,86.0,,,,,,30.0,9.0,5.0,,3.0,,19.0,,23.0,,5.0
133997,,,,,,,,447.0,,106.0,,,,,,81.0,12.0,,,,,,,48.0,,
134024,,,,,,,,16.0,,,,,,,,4.0,,,0.0,,,2.0,2.0,1.0,,
134079,,,,,,,,502.0,,161.0,,,,,,44.0,30.0,18.0,48.0,2.0,,81.0,,45.0,15.0,
134097,,,,,,,,6395.0,,1560.0,458.0,1.0,,,,339.0,674.0,622.0,490.0,122.0,,636.0,,655.0,237.0,10.0
134112,,,,,,,,323.0,,136.0,,,,,,83.0,20.0,7.0,1.0,,,10.0,42.0,18.0,,
134121,,,,,,,,24.0,,11.0,,,,,,8.0,1.0,,1.0,,,,,3.0,,
134130,,,,,,,,13496.0,,2629.0,508.0,1391.0,,,,868.0,893.0,1975.0,354.0,577.0,,882.0,7.0,2014.0,608.0,53.0
134149,,,,,,,,79.0,,41.0,,,,,,8.0,2.0,1.0,,,,,,25.0,,
134228,,,,,,,,5.0,,,,,,,,1.0,1.0,,,,,,2.0,1.0,,
134237,,,,,,,,2277.0,,887.0,,,,,,192.0,62.0,66.0,179.0,1.0,,98.0,,768.0,5.0,14.0
134291,,,,,,,,57.0,,26.0,,,,,,4.0,1.0,1.0,,,,6.0,,9.0,,
134307,,,,,,,,60.0,,30.0,,,,,,4.0,1.0,1.0,,,,9.0,,9.0,1.0,
134343,,,,,,,,469.0,,169.0,,,,,,25.0,50.0,24.0,11.0,,,49.0,,123.0,,
134422,,,,,,,,10.0,,6.0,,,,,,,1.0,,,,,,,2.0,,
134495,,,,,,,,1566.0,,697.0,,,,,,62.0,79.0,42.0,107.0,7.0,,78.0,18.0,310.0,41.0,
134510,,,,,,,,34.0,,10.0,,,,,,8.0,2.0,0.0,,,,5.0,1.0,6.0,,
134529,,,,,,,,20.0,,8.0,,,,,,,,,,,,1.0,,2.0,,
134574,,,,,,,,14.0,,3.0,,,,,,2.0,2.0,,,,,,2.0,2.0,,
134608,,,,,,,,1033.0,,425.0,,,,,,34.0,22.0,52.0,64.0,,,79.0,3.0,236.0,47.0,9.0
134680,,,,,,,,66.0,,29.0,,,,,,2.0,2.0,2.0,,,,,27.0,,,
134714,,,,,,,,24.0,,14.0,,,,,,3.0,,,,,,0.0,3.0,,,
134811,,,,,,,,266.0,,126.0,,,,,,33.0,2.0,,,,,,,102.0,,
134909,,,,,,,,59.0,,18.0,,,,,,8.0,2.0,1.0,,,,,,28.0,,
134945,,,,,,,,520.0,,194.0,1.0,,,,,67.0,43.0,23.0,66.0,11.0,,30.0,,57.0,3.0,1.0
135063,,,,,,,,49.0,,18.0,,,,,,8.0,1.0,2.0,,,,8.0,,11.0,,
135081,,,,,,,,2691.0,,1232.0,,,,,,205.0,294.0,23.0,,,,18.0,,884.0,,
135124,,,,,,,,53.0,,39.0,,,,,,,,,,,,,,4.0,,
135142,,,,,,,,19.0,,9.0,,,,,,2.0,,,,,,,1.0,5.0,2.0,
135160,,,,,,,,252.0,,106.0,,,,,,12.0,40.0,,,,,5.0,1.0,80.0,5.0,
135179,,,,,,,,77.0,,24.0,,,,,,3.0,4.0,3.0,,,,9.0,,15.0,,
135188,,,,,,,,360.0,,144.0,,,,,,25.0,48.0,20.0,22.0,1.0,,14.0,,51.0,3.0,3.0
135267,,,,,,,,75.0,,39.0,,,,,,3.0,2.0,2.0,,,,15.0,,9.0,,
135276,,,,,,,,78.0,,51.0,,,,,,4.0,3.0,1.0,,,,,,5.0,4.0,
135294,,,,,,,,133.0,,52.0,,,,,,7.0,1.0,1.0,,,,29.0,,36.0,,
135337,,,,,,,,19.0,,10.0,,,,,,2.0,,,,,,,,7.0,,
135364,,,,,,,,56.0,,21.0,,,,,,9.0,,3.0,1.0,,,,,13.0,1.0,
135391,,,,,,,,574.0,,239.0,,,,,,34.0,57.0,23.0,16.0,,,17.0,,116.0,18.0,
135407,,,,,,,,212.0,,117.0,,,,,,18.0,2.0,1.0,1.0,,,,,39.0,17.0,1.0
135416,,,,,,,,11.0,,6.0,,,,,,1.0,1.0,,,,,,,1.0,1.0,
135522,,,,,,,,145.0,,123.0,,,,,,4.0,,,,,,,,18.0,,
135559,,,,,,,,9.0,,4.0,,,,,,,1.0,,,,,,,,2.0,
135610,,,,,,,,37.0,,18.0,,,,,,2.0,4.0,,2.0,,,,,,,
135647,,,,,,,,109.0,,5.0,,,,,,7.0,4.0,2.0,6.0,17.0,,29.0,3.0,15.0,20.0,
135717,,,,,,,,4334.0,,1378.0,,,,,,102.0,84.0,187.0,104.0,5.0,,439.0,,1591.0,25.0,1.0
135726,,,,,,,,10378.0,,1634.0,204.0,825.0,,,,868.0,634.0,1774.0,340.0,1071.0,,841.0,9.0,1731.0,204.0,22.0
135735,,,,,,,,181.0,,105.0,,,,,,6.0,,3.0,,,,8.0,,49.0,,
135771,,,,,,,,46.0,,8.0,,,,,,11.0,,,,,,1.0,,25.0,,
135939,,,,,,,,25.0,,13.0,,,,,,5.0,1.0,,,,,,2.0,3.0,,
135957,,,,,,,,34.0,,6.0,,,,,,4.0,,1.0,,,,,,23.0,,
136048,,,,,,,,5.0,,1.0,,,,,,1.0,,,,,,,,2.0,,
136066,,,,,,,,68.0,,30.0,,,,,,18.0,,1.0,,,,4.0,,11.0,,
136109,,,,,,,,24.0,,13.0,,,,,,3.0,,,,,,,5.0,3.0,,
136145,,,,,,,,125.0,,42.0,,0.0,,,,10.0,2.0,9.0,17.0,,,3.0,,27.0,7.0,
136172,,,,,,,,1877.0,,589.0,10.0,1.0,,,,317.0,69.0,90.0,79.0,9.0,,186.0,2.0,275.0,73.0,10.0
136206,,,,,,,,98.0,,42.0,,,,,,11.0,6.0,2.0,27.0,3.0,,,,5.0,,
136215,,,,,,,,4115.0,,1111.0,91.0,,,,,382.0,687.0,291.0,67.0,61.0,,272.0,3.0,749.0,32.0,
136233,,,,,,,,436.0,,156.0,,,,,,13.0,11.0,21.0,29.0,,,40.0,,105.0,16.0,
136288,,,,,,,,71.0,,23.0,,,,,,11.0,2.0,,,,,,,34.0,,
136303,,,,,,,,127.0,,75.0,,,,,,4.0,,,,,,7.0,,27.0,,
136330,,,,,,,,489.0,,208.0,,,,,,50.0,4.0,19.0,28.0,4.0,,22.0,,78.0,,
136358,,,,,,,,1572.0,,592.0,,,,,,35.0,23.0,61.0,164.0,5.0,,78.0,2.0,272.0,45.0,5.0
136400,,,,,,,,602.0,,252.0,,,,,,23.0,18.0,47.0,66.0,,,2.0,19.0,115.0,31.0,2.0
136473,,,,,,,,751.0,,320.0,,,,,,40.0,32.0,63.0,85.0,,,23.0,,144.0,22.0,2.0
136491,,,,,,,,101.0,,62.0,,,,,,3.0,8.0,,,,,,,16.0,10.0,
136516,,,,,,,,634.0,,230.0,,,,,,30.0,36.0,21.0,22.0,,,1.0,,116.0,16.0,1.0
136659,,,,,,,,39.0,,16.0,,,,,,1.0,,1.0,6.0,,,,,4.0,,1.0
136701,,,,,,,,42.0,,12.0,,,,,,10.0,1.0,1.0,,,,10.0,,5.0,3.0,
136765,,,,,,,,63.0,,43.0,,,,,,5.0,1.0,1.0,,1.0,,,,7.0,,
136774,,,,,,,,314.0,,109.0,,,,,,48.0,18.0,21.0,14.0,,,18.0,0.0,40.0,9.0,
136783,,,,,,,,7.0,,2.0,,,,,,2.0,2.0,,,,,,,1.0,,
136826,,,,,,,,93.0,,36.0,,,,,,4.0,4.0,1.0,,,,,,13.0,26.0,
136950,,,,,,,,716.0,,219.0,,,,,,62.0,56.0,36.0,86.0,8.0,,75.0,,104.0,28.0,6.0
137023,,,,,,,,119.0,,41.0,,,,,,8.0,,3.0,7.0,,,16.0,,31.0,1.0,
137032,,,,,,,,1372.0,,541.0,,,,,,141.0,83.0,43.0,133.0,7.0,,69.0,138.0,166.0,1.0,
137078,,,,,,,,2076.0,,868.0,,,,,,118.0,52.0,120.0,85.0,4.0,,149.0,6.0,444.0,68.0,23.0
137087,,,,,,,,188.0,,88.0,,,,,,2.0,3.0,,1.0,6.0,,30.0,,31.0,9.0,1.0
137096,,,,,,,,915.0,,399.0,,,,,,66.0,46.0,39.0,40.0,7.0,,80.0,,188.0,17.0,
137120,,,,,,,,241.0,,157.0,,,,,,10.0,,,,,,,,59.0,,
137148,,,,,,,,48.0,,25.0,,,,,,5.0,,,,,,,,17.0,1.0,
137209,,,,,,,,948.0,,383.0,,,,,,27.0,61.0,52.0,48.0,,,79.0,1.0,108.0,6.0,4.0
137245,,,,,,,,223.0,,155.0,,,,,,5.0,2.0,3.0,,,,17.0,,21.0,1.0,1.0
137272,,,,,,,,46.0,,12.0,,,,,,1.0,1.0,,,,,19.0,,,6.0,
137281,,,,,,,,480.0,,231.0,,,,,,42.0,10.0,16.0,19.0,,,29.0,1.0,105.0,2.0,0.0
137315,,,,,,,,347.0,,95.0,,,,,,18.0,21.0,12.0,24.0,,,36.0,,80.0,13.0,
137351,,,,,,,,6762.0,,1807.0,,,,,,314.0,734.0,560.0,578.0,859.0,,399.0,7.0,908.0,187.0,71.0
137476,,,,,,,,414.0,,119.0,,,,,,36.0,36.0,17.0,44.0,3.0,,39.0,,57.0,,
137537,,,,,,,,15.0,,8.0,,,,,,2.0,1.0,,,,,,2.0,2.0,,
137546,,,,,,,,883.0,,317.0,,,,,,91.0,57.0,33.0,90.0,12.0,,123.0,4.0,81.0,9.0,5.0
137564,,,,,,,,456.0,,157.0,,,,,,43.0,10.0,11.0,49.0,5.0,,52.0,,109.0,12.0,
137591,,,,,,,,43.0,,23.0,,,,,,6.0,1.0,,,,,2.0,,11.0,,
137713,,,,,,,,31.0,,16.0,,,,,,1.0,1.0,,,,,2.0,,6.0,,
137759,,,,,,,,965.0,,322.0,,1.0,,,,22.0,112.0,37.0,51.0,6.0,,110.0,2.0,246.0,6.0,
137777,,,,,,,,19.0,,10.0,,,,,,3.0,2.0,,,,,,,3.0,,
137801,,,,,,,,83.0,,25.0,,,,,,11.0,2.0,1.0,,,,,,43.0,,
137810,,,,,,,,46.0,,14.0,,,,,,10.0,1.0,,,,,,,21.0,,
137847,,,,,,,,750.0,,406.0,,,,,,61.0,56.0,3.0,63.0,5.0,,34.0,,79.0,,
137856,,,,,,,,25.0,,9.0,,,,,,2.0,1.0,1.0,,,,3.0,,5.0,,
137865,,,,,,,,45.0,,23.0,,,,,,5.0,1.0,,,,,3.0,,5.0,,
137953,,,,,,,,45.0,,18.0,,,,,,7.0,1.0,,7.0,,,,2.0,7.0,,
137962,,,,,,,,38.0,,14.0,,,,,,3.0,2.0,1.0,3.0,,,,,8.0,1.0,
138132,,,,,,,,10.0,,,,,,,,1.0,,,,,,,,2.0,,
138187,,,,,,,,2186.0,,811.0,,,,,,77.0,260.0,85.0,105.0,,,190.0,22.0,297.0,30.0,
138275,,,,,,,,199.0,,71.0,,,,,,24.0,2.0,2.0,20.0,5.0,,22.0,,20.0,,
138284,,,,,,,,59.0,,35.0,,,,,,2.0,2.0,,,,,,,8.0,,
138293,,,,,,,,122.0,,21.0,,,,,,8.0,7.0,,24.0,13.0,,29.0,,19.0,,
138309,,,,,,,,563.0,,344.0,,,,,,40.0,4.0,,,,,,1.0,14.0,,
138354,,,,,,,,1379.0,,412.0,12.0,,,,,252.0,238.0,81.0,39.0,14.0,,78.0,,197.0,38.0,8.0
138372,,,,,,,,118.0,,69.0,,,,,,4.0,1.0,1.0,,,,5.0,,22.0,,
138479,,,,,,,,209.0,,148.0,,,,,,4.0,2.0,3.0,,,,10.0,,24.0,2.0,1.0
138488,,,,,,,,129.0,,57.0,,,,,,5.0,,,,,,6.0,,23.0,,
138497,,,,,,,,85.0,,44.0,,,,,,3.0,3.0,2.0,,,,,,22.0,6.0,
138558,,,,,,,,314.0,,128.0,,,,,,35.0,6.0,15.0,11.0,2.0,,15.0,3.0,66.0,13.0,
138600,,,,,,,,325.0,,88.0,,,,,,34.0,26.0,14.0,26.0,4.0,,54.0,,30.0,6.0,
138655,,,,,,,,51.0,,12.0,,,,,,3.0,8.0,,,,,,6.0,8.0,7.0,
138664,,,,,,,,8.0,,1.0,,,,,,2.0,1.0,,,,,,2.0,1.0,,
138682,,,,,,,,269.0,,142.0,,,,,,13.0,5.0,7.0,5.0,,,18.0,2.0,49.0,7.0,1.0
138691,,,,,,,,395.0,,198.0,,1.0,,,,27.0,6.0,17.0,25.0,12.0,,22.0,,65.0,5.0,
138716,,,,,,,,612.0,,206.0,,,,,,68.0,17.0,26.0,16.0,4.0,,92.0,,110.0,14.0,
138761,,,,,,,,71.0,,18.0,,,,,,6.0,5.0,1.0,23.0,2.0,,2.0,,12.0,,
138789,,,,,,,,709.0,,325.0,,,,,,91.0,10.0,31.0,22.0,2.0,,46.0,,122.0,19.0,
138813,,,,,,,,240.0,,113.0,,,,,,21.0,1.0,,,,,,,103.0,,
138822,,,,,,,,48.0,,28.0,,,,,,5.0,3.0,,,,,,,5.0,0.0,
138840,,,,,,,,396.0,,172.0,,,,,,11.0,31.0,12.0,8.0,,,22.0,,74.0,,
138868,,,,,,,,163.0,,80.0,,1.0,,,,30.0,2.0,5.0,14.0,2.0,,,,5.0,,
138901,,,,,,,,257.0,,98.0,,,,,,34.0,6.0,12.0,5.0,3.0,,22.0,,54.0,4.0,
138929,,,,,,,,88.0,,32.0,3.0,,,,,9.0,2.0,3.0,,,,3.0,,12.0,,
138938,,,,,,,,31.0,,16.0,,,,,,3.0,2.0,,,,,,3.0,7.0,,
138947,,,,,,,,571.0,,208.0,19.0,,,,,24.0,39.0,37.0,44.0,3.0,,38.0,,146.0,,
138956,,,,,,,,347.0,,183.0,,,,,,37.0,13.0,3.0,,,,39.0,,53.0,6.0,
139010,,,,,,,,215.0,,78.0,,,,,,30.0,5.0,10.0,4.0,2.0,,28.0,,33.0,6.0,
139074,,,,,,,,53.0,,31.0,,,,,,7.0,,,7.0,,,,,2.0,,
139092,,,,,,,,10.0,,5.0,,,,,,1.0,1.0,1.0,,,,,,2.0,,
139144,,,,,,,,535.0,,176.0,,,,,,70.0,18.0,15.0,50.0,,,74.0,,87.0,21.0,13.0
139153,,,,,,,,73.0,,30.0,,,,,,14.0,4.0,,,,,4.0,,11.0,,
139199,,,,,,,,387.0,,183.0,,,,,,36.0,2.0,6.0,6.0,1.0,,6.0,,65.0,9.0,3.0
139205,,,,,,,,91.0,,36.0,,,,,,11.0,1.0,1.0,12.0,,,5.0,,11.0,1.0,
139214,,,,,,,,23.0,,10.0,,,,,,3.0,,1.0,,,,,,4.0,,
139250,,,,,,,,297.0,,118.0,,,,,,25.0,5.0,10.0,12.0,,,42.0,,45.0,7.0,
139278,,,,,,,,545.0,,272.0,,,,,,26.0,33.0,14.0,31.0,,,43.0,,77.0,,3.0
139287,,,,,,,,21.0,,7.0,,,,,,2.0,3.0,,2.0,,,0.0,,,0.0,
139311,,,,,,,,716.0,,272.0,,,,,,94.0,24.0,29.0,29.0,5.0,,66.0,1.0,102.0,9.0,
139348,,,,,,,,81.0,,22.0,,,,,,8.0,8.0,5.0,1.0,,,2.0,3.0,14.0,,
139357,,,,,,,,275.0,,119.0,,,,,,18.0,29.0,6.0,,,,24.0,,37.0,,
139366,,,,,,,,941.0,,370.0,,,,,,128.0,15.0,43.0,30.0,4.0,,100.0,,146.0,24.0,
139384,,,,,,,,384.0,,187.0,,,,,,16.0,33.0,11.0,15.0,,,26.0,,86.0,,
139393,,,,,,,,222.0,,76.0,,,,,,25.0,10.0,4.0,30.0,3.0,,23.0,2.0,20.0,12.0,
139463,,,,,,,,368.0,,180.0,,,,,,39.0,9.0,13.0,12.0,1.0,,38.0,,47.0,5.0,
139506,,,,,,,,18.0,,12.0,,,,,,2.0,,,,,,1.0,,,,
139579,,,,,,,,152.0,,70.0,,,,,,34.0,1.0,,,,,,,35.0,5.0,
139621,,,,,,,,225.0,,86.0,,,,,,42.0,5.0,3.0,7.0,,,32.0,,32.0,7.0,
139630,,,,,,,,129.0,,59.0,,,,,,4.0,10.0,2.0,26.0,2.0,,5.0,,17.0,,
139658,,,,,,,,10677.0,,2182.0,979.0,929.0,,,,716.0,484.0,1206.0,376.0,915.0,,695.0,10.0,911.0,207.0,11.0
139700,,,,,,,,390.0,,165.0,,1.0,,,,52.0,10.0,19.0,11.0,,,38.0,,56.0,3.0,
139719,,,,,,,,518.0,,89.0,4.0,,,,,81.0,15.0,44.0,13.0,1.0,,88.0,,70.0,10.0,
139746,,,,,,,,9.0,,5.0,,,,,,1.0,1.0,,,,,,,1.0,,
139755,,,,,,,,6957.0,,1139.0,,,,,,955.0,435.0,2324.0,185.0,29.0,,549.0,,744.0,205.0,
139764,,,,,,,,310.0,,122.0,,,,,,51.0,6.0,11.0,12.0,2.0,,17.0,1.0,42.0,15.0,
139861,,,,,,,,918.0,,345.0,,,,,,113.0,36.0,38.0,32.0,6.0,,102.0,3.0,126.0,50.0,
139931,,,,,,,,2653.0,,820.0,24.0,11.0,,,,299.0,92.0,151.0,94.0,27.0,,460.0,,428.0,120.0,
139940,,,,,,,,4216.0,,1379.0,60.0,22.0,,,,416.0,219.0,192.0,101.0,6.0,,436.0,6.0,686.0,206.0,
139959,,,,,,,,9712.0,,2010.0,147.0,555.0,,,,828.0,658.0,1452.0,507.0,119.0,,1376.0,20.0,1085.0,405.0,
139968,,,,,,,,328.0,,150.0,,,,,,30.0,7.0,5.0,5.0,3.0,,45.0,1.0,50.0,11.0,
139986,,,,,,,,383.0,,162.0,,,,,,37.0,21.0,12.0,10.0,,,35.0,,61.0,,
139995,,,,,,,,9.0,,7.0,,,,,,1.0,,,,,,,,1.0,,
140003,,,,,,,,26.0,,14.0,,,,,,1.0,2.0,,,,,,2.0,4.0,,
140012,,,,,,,,498.0,,219.0,,,,,,18.0,46.0,12.0,11.0,,,30.0,,108.0,,
140146,,,,,,,,55.0,,21.0,0.0,,,,,20.0,2.0,1.0,,,,,,8.0,,
140164,,,,,,,,2516.0,,956.0,15.0,7.0,,,,442.0,133.0,159.0,80.0,10.0,,89.0,31.0,421.0,59.0,
140234,,,,,,,,190.0,,81.0,,,,,,15.0,13.0,5.0,26.0,4.0,,,,25.0,,
140243,,,,,,,,319.0,,169.0,,,,,,15.0,19.0,8.0,9.0,,,21.0,,54.0,,
140252,,,,,,,,408.0,,146.0,2.0,,,,,65.0,7.0,8.0,8.0,4.0,,42.0,8.0,96.0,,3.0
140331,,,,,,,,580.0,,258.0,,0.0,,,,22.0,31.0,19.0,57.0,,,58.0,,95.0,,
140340,,,,,,,,45.0,,26.0,,,,,,2.0,,1.0,,,,1.0,,2.0,,
140447,,,,,,,,1618.0,,536.0,42.0,46.0,,,,157.0,48.0,209.0,133.0,28.0,,80.0,,246.0,,
140553,,,,,,,,500.0,,172.0,,,,,,57.0,29.0,14.0,24.0,5.0,,46.0,,76.0,17.0,7.0
140562,,,,,,,,1015.0,,219.0,69.0,51.0,,,,124.0,41.0,71.0,9.0,24.0,,46.0,,174.0,,
140599,,,,,,,,202.0,,110.0,1.0,2.0,,,,20.0,3.0,3.0,1.0,,,14.0,6.0,25.0,,
140678,,,,,,,,227.0,,106.0,,2.0,,,,8.0,23.0,6.0,5.0,,,23.0,2.0,27.0,7.0,
140696,,,,,,,,185.0,,71.0,,,,,,14.0,13.0,6.0,37.0,,,9.0,,27.0,,
140720,,,,,,,,197.0,,57.0,1.0,,,,,19.0,10.0,6.0,33.0,1.0,,27.0,,30.0,4.0,
140818,,,,,,,,312.0,,173.0,,,,,,12.0,6.0,5.0,22.0,,,16.0,12.0,27.0,21.0,
140827,,,,,,,,17.0,,12.0,,,,,,1.0,1.0,0.0,,,,0.0,,2.0,,
140872,,,,,,,,287.0,,129.0,1.0,,,,,17.0,3.0,6.0,28.0,0.0,,26.0,9.0,53.0,6.0,
140942,,,,,,,,356.0,,183.0,,,,,,16.0,19.0,10.0,4.0,,,25.0,,79.0,,
140951,,,,,,,,1425.0,,535.0,,,,,,149.0,47.0,48.0,78.0,,,68.0,23.0,401.0,8.0,44.0
140960,,,,,,,,678.0,,224.0,1.0,,,,,62.0,26.0,29.0,32.0,7.0,,105.0,,99.0,24.0,
140988,,,,,,,,268.0,,120.0,,,,,,30.0,21.0,6.0,41.0,1.0,,12.0,,32.0,,2.0
141006,,,,,,,,181.0,,84.0,,,,,,13.0,17.0,3.0,5.0,,,22.0,,33.0,,
141015,,,,,,,,51.0,,35.0,,,,,,5.0,1.0,,1.0,,,2.0,2.0,5.0,,
141060,,,,,,,,565.0,,201.0,,,,,,56.0,42.0,25.0,11.0,8.0,,65.0,,115.0,13.0,5.0
141097,,,,,,,,589.0,,254.0,,,,,,74.0,13.0,31.0,6.0,1.0,,73.0,,83.0,25.0,
141158,,,,,,,,141.0,,67.0,,3.0,,,,9.0,11.0,2.0,3.0,,,9.0,,28.0,,
141167,,,,,,,,154.0,,70.0,,,,,,5.0,14.0,3.0,21.0,2.0,,1.0,,14.0,,2.0
141185,,,,,,,,134.0,,54.0,,,,,,18.0,2.0,4.0,15.0,1.0,,10.0,,16.0,7.0,
141237,,,,,,,,140.0,,65.0,,,,,,11.0,2.0,2.0,5.0,,,12.0,3.0,34.0,,
141255,,,,,,,,333.0,,169.0,,,,,,22.0,13.0,7.0,5.0,,,29.0,,67.0,,
141264,,,,,,,,1339.0,,537.0,,1.0,,,,170.0,37.0,57.0,30.0,19.0,,165.0,,187.0,59.0,
141325,,,,,,,,162.0,,57.0,,1.0,,,,15.0,11.0,5.0,13.0,,,10.0,3.0,12.0,8.0,
141334,,,,,,,,1366.0,,472.0,1.0,,,,,164.0,48.0,49.0,75.0,14.0,,164.0,,229.0,54.0,
141361,,,,,,,,229.0,,94.0,,,,,,44.0,14.0,8.0,25.0,4.0,,8.0,,15.0,,
141468,,,,,,,,119.0,,46.0,,,,,,18.0,4.0,1.0,,,,,,49.0,,
141486,,,,,,,,342.0,,129.0,,,,,,39.0,8.0,20.0,28.0,3.0,,30.0,1.0,51.0,,
141565,,,,,,,,604.0,,253.0,,,,,,27.0,31.0,18.0,73.0,6.0,,51.0,3.0,66.0,9.0,
141574,,,,,,,,4406.0,,1455.0,260.0,42.0,,,,155.0,404.0,333.0,374.0,43.0,,324.0,23.0,275.0,95.0,12.0
141608,,,,,,,,10.0,,4.0,,,,,,1.0,1.0,,,,,,1.0,1.0,0.0,0.0
141644,,,,,,,,576.0,,257.0,3.0,,,,,110.0,20.0,34.0,44.0,2.0,,4.0,,43.0,3.0,2.0
141680,,,,,,,,336.0,,157.0,,,,,,13.0,8.0,15.0,27.0,1.0,,27.0,3.0,32.0,3.0,1.0
141796,,,,,,,,473.0,,262.0,,,,,,13.0,15.0,10.0,44.0,,,34.0,,46.0,5.0,1.0
141802,,,,,,,,164.0,,73.0,,,,,,10.0,3.0,4.0,18.0,,,12.0,1.0,20.0,4.0,
141811,,,,,,,,407.0,,199.0,,,,,,14.0,12.0,7.0,48.0,,,29.0,2.0,44.0,4.0,6.0
141839,,,,,,,,280.0,,141.0,,,,,,12.0,12.0,5.0,38.0,,,13.0,,28.0,3.0,5.0
141848,,,,,,,,11.0,,6.0,,,,,,2.0,2.0,,,,,,0.0,1.0,,
141936,,,,,,,,12.0,,10.0,,,,,,1.0,,,,,,,,,,
141945,,,,,,,,10.0,,7.0,,,,,,3.0,,,,,,,,,,
141963,,,,,,,,536.0,,,,,,,,74.0,189.0,149.0,31.0,1.0,,4.0,1.0,57.0,,
141981,,,,,,,,190.0,,84.0,,,,,,10.0,14.0,7.0,31.0,1.0,,11.0,,7.0,1.0,5.0
141990,,,,,,,,163.0,,65.0,,,,,,8.0,6.0,7.0,23.0,,,17.0,2.0,15.0,2.0,2.0
142054,,,,,,,,54.0,,27.0,,,,,,12.0,1.0,1.0,,,,2.0,,2.0,,
142090,,,,,,,,28.0,,10.0,,,,,,5.0,3.0,,,,,1.0,,3.0,,
142115,,,,,,,,2339.0,,853.0,7.0,,,,,86.0,260.0,236.0,174.0,27.0,,142.0,2.0,255.0,58.0,11.0
142179,,,,,,,,148.0,,68.0,1.0,3.0,,,,16.0,6.0,6.0,4.0,,,8.0,,21.0,,
142276,,,,,,,,1769.0,,645.0,9.0,,,,,208.0,118.0,129.0,85.0,70.0,,144.0,,246.0,59.0,8.0
142285,,,,,,,,2308.0,,606.0,46.0,107.0,,,,105.0,253.0,336.0,140.0,14.0,,126.0,35.0,227.0,117.0,24.0
142294,,,,,,,,256.0,,100.0,,0.0,,,,24.0,9.0,10.0,40.0,4.0,,30.0,1.0,25.0,4.0,
142328,,,,,,,,442.0,,195.0,,,,,,14.0,18.0,19.0,28.0,2.0,,32.0,,74.0,12.0,1.0
142337,,,,,,,,34.0,,20.0,,,,,,4.0,,1.0,,,,,,8.0,,
142407,,,,,,,,13.0,,5.0,,,,,,3.0,2.0,,,,,,,2.0,,
142416,,,,,,,,5.0,,4.0,,,,,,,1.0,,,,,,,,,
142443,,,,,,,,702.0,,255.0,,,,,,30.0,35.0,31.0,71.0,5.0,,50.0,5.0,70.0,16.0,1.0
142461,,,,,,,,331.0,,141.0,,,,,,33.0,13.0,20.0,30.0,1.0,,12.0,,71.0,,
142489,,,,,,,,4.0,,3.0,,,,,,1.0,,,,,,,,,,
142522,,,,,,,,1615.0,,891.0,,,,,,68.0,93.0,71.0,71.0,9.0,,104.0,7.0,174.0,49.0,15.0
142559,,,,,,,,540.0,,214.0,,,,,,45.0,9.0,13.0,30.0,,,56.0,1.0,36.0,18.0,
142832,,,,,,,,165.0,,64.0,1.0,2.0,,,,9.0,18.0,18.0,6.0,1.0,,2.0,,11.0,,
142869,,,,,,,,5.0,,4.0,,,,,,,,,,,,,,1.0,,
142878,,,,,,,,6.0,,4.0,,,,,,2.0,,,,,,,,,,
142887,,,,,,,,69.0,,27.0,,,,,,8.0,,,,,,,11.0,22.0,,
143048,,,,,,,,735.0,,349.0,,,,,,64.0,75.0,37.0,46.0,4.0,,14.0,2.0,86.0,1.0,
143084,,,,,,,,611.0,,219.0,,,,,,94.0,3.0,22.0,64.0,4.0,,101.0,,68.0,19.0,3.0
143118,,,,,,,,548.0,,255.0,,,,,,40.0,27.0,22.0,47.0,5.0,,25.0,2.0,49.0,,1.0
143181,,,,,,,,4.0,,2.0,,,,,,1.0,,,,,,,,,,
143215,,,,,,,,751.0,,328.0,,,,,,20.0,60.0,43.0,145.0,25.0,,80.0,,37.0,,
143233,,,,,,,,28.0,,7.0,,,,,,8.0,,2.0,3.0,,,0.0,,7.0,0.0,
143279,,,,,,,,429.0,,186.0,,,,,,12.0,31.0,28.0,73.0,0.0,,50.0,4.0,35.0,,
143288,,,,,,,,113.0,,47.0,,,,,,23.0,4.0,4.0,8.0,1.0,,1.0,6.0,9.0,5.0,2.0
143297,,,,,,,,50.0,,27.0,,,,,,4.0,,3.0,1.0,,,,,5.0,,
143303,,,,,,,,4.0,,4.0,,,,,,,,,,,,,,,,
143358,,,,,,,,1070.0,,419.0,,18.0,,,,59.0,31.0,35.0,69.0,,,124.0,,179.0,30.0,
143376,,,,,,,,39.0,,18.0,,,,,,5.0,1.0,,,,,,3.0,10.0,1.0,
143464,,,,,,,,10.0,,8.0,,,,,,2.0,,,,,,,0.0,,,
143473,,,,,,,,5.0,,3.0,,,,,,1.0,,,,,,0.0,1.0,,,
143482,,,,,,,,6.0,,4.0,,,,,,1.0,,,,,,0.0,,1.0,,
143491,,,,,,,,6.0,,4.0,,,,,,1.0,,,,,,0.0,1.0,,,
143516,,,,,,,,5.0,,2.0,,,,,,1.0,,,,,,0.0,1.0,,,
143543,,,,,,,,8.0,,4.0,,,,,,1.0,,,,,,,,1.0,,
143552,,,,,,,,11.0,,6.0,,,,,,1.0,1.0,,,,,1.0,,2.0,,
143613,,,,,,,,236.0,,92.0,,,,,,19.0,11.0,11.0,37.0,,,29.0,,21.0,,0.0
143659,,,,,,,,81.0,,34.0,,,,,,23.0,4.0,2.0,7.0,,,,,,6.0,
143695,,,,,,,,2.0,,2.0,,,,,,,,,,,,,,,,
143853,,,,,,,,558.0,,218.0,27.0,,,,,45.0,10.0,22.0,20.0,16.0,,72.0,,118.0,,
143978,,,,,,,,230.0,,111.0,,,,,,46.0,2.0,4.0,1.0,,,,3.0,16.0,,
144005,,,,,,,,921.0,,296.0,,,,,,64.0,53.0,44.0,66.0,40.0,,67.0,9.0,147.0,56.0,23.0
144014,,,,,,,,33.0,,11.0,,,,,,4.0,2.0,2.0,,,,2.0,3.0,5.0,,
144050,,,,,,,,10071.0,,2171.0,1311.0,,,,,1251.0,738.0,1057.0,587.0,352.0,,268.0,21.0,1105.0,213.0,74.0
144157,,,,,,,,425.0,,133.0,,,,,,10.0,28.0,7.0,56.0,1.0,,84.0,5.0,40.0,,
144166,,,,,,,,362.0,,139.0,,,,,,17.0,22.0,10.0,24.0,6.0,,54.0,,30.0,,
144175,,,,,,,,304.0,,97.0,,,,,,15.0,18.0,12.0,20.0,1.0,,48.0,,42.0,,
144184,,,,,,,,481.0,,181.0,,,,,,17.0,23.0,15.0,24.0,4.0,,59.0,,42.0,,
144193,,,,,,,,362.0,,130.0,,,,,,18.0,23.0,8.0,21.0,3.0,,66.0,,33.0,,
144209,,,,,,,,443.0,,212.0,,,,,,12.0,29.0,9.0,23.0,1.0,,44.0,,41.0,,
144218,,,,,,,,458.0,,209.0,,,,,,19.0,28.0,14.0,19.0,3.0,,54.0,,42.0,,
144281,,,,,,,,1444.0,,682.0,,,,,,203.0,46.0,52.0,134.0,,,45.0,2.0,118.0,4.0,1.0
144351,,,,,,,,550.0,,316.0,4.0,,,,,37.0,15.0,12.0,29.0,,,27.0,,83.0,,
144467,,,,,,,,63.0,,22.0,,,,,,3.0,6.0,,,,,,22.0,3.0,,
144485,,,,,,,,56.0,,22.0,,,,,,6.0,6.0,,,,,3.0,5.0,2.0,,
144500,,,,,,,,390.0,,15.0,,,,,,35.0,90.0,107.0,62.0,1.0,,34.0,,24.0,,
144564,,,,,,,,240.0,,93.0,,,,,,11.0,31.0,9.0,43.0,2.0,,21.0,8.0,17.0,,
144573,,,,,,,,6.0,,2.0,,,,,,1.0,1.0,,,,,,,2.0,,
144740,,,,,,,,2964.0,,1238.0,,,,,,213.0,305.0,202.0,264.0,,,127.0,9.0,370.0,1.0,4.0
144777,,,,,,,,358.0,,,,,,,,160.0,108.0,12.0,1.0,,,,,17.0,,
144795,,,,,,,,15.0,,10.0,,,,,,1.0,1.0,,,,,,,2.0,,
144865,,,,,,,,1365.0,,688.0,,,,,,31.0,53.0,56.0,105.0,3.0,,103.0,57.0,160.0,,
144883,,,,,,,,62.0,,29.0,,,,,,8.0,1.0,3.0,,,,5.0,,3.0,,
144892,,,,,,,,1607.0,,574.0,,,,,,157.0,73.0,94.0,74.0,16.0,,214.0,,249.0,105.0,8.0
144944,,,,,,,,702.0,,289.0,,,,,,112.0,11.0,35.0,49.0,1.0,,65.0,4.0,97.0,12.0,0.0
144962,,,,,,,,547.0,,236.0,,,,,,39.0,20.0,13.0,40.0,5.0,,55.0,,112.0,15.0,4.0
144971,,,,,,,,135.0,,51.0,,,,,,17.0,8.0,5.0,24.0,1.0,,11.0,1.0,10.0,3.0,
145099,,,,,,,,19.0,,8.0,,,,,,6.0,,1.0,,,,,2.0,3.0,,
145239,,,,,,,,47.0,,25.0,,,,,,4.0,1.0,,,,,,,2.0,,
145275,,,,,,,,73.0,,26.0,,,,,,7.0,5.0,3.0,2.0,,,6.0,,9.0,,
145309,,,,,,,,8.0,,4.0,,,,,,,2.0,,,,,,,1.0,,
145336,,,,,,,,836.0,,326.0,,,,,,116.0,119.0,24.0,42.0,1.0,,29.0,3.0,108.0,3.0,17.0
145354,,,,,,,,16.0,,9.0,,,,,,1.0,,,,,,,,4.0,,
145372,,,,,,,,247.0,,103.0,,,,,,32.0,8.0,7.0,34.0,,,16.0,,24.0,8.0,
145406,,,,,,,,24.0,,14.0,,,,,,2.0,2.0,,,,,,,6.0,,
145424,,,,,,,,8.0,,3.0,,,,,,3.0,,,,,,,,1.0,,
145433,,,,,,,,7.0,,3.0,,,,,,3.0,,,,,,,,1.0,,
145460,,,,,,,,67.0,,35.0,,,,,,2.0,6.0,2.0,,,,,5.0,3.0,1.0,
145497,,,,,,,,59.0,,26.0,,,,,,7.0,2.0,0.0,1.0,,,13.0,,4.0,,
145521,,,,,,,,190.0,,75.0,,2.0,,,,22.0,2.0,6.0,18.0,,,17.0,3.0,30.0,3.0,0.0
145558,,,,,,,,556.0,,175.0,24.0,0.0,,,,76.0,13.0,84.0,16.0,13.0,,18.0,,102.0,7.0,8.0
145600,,,,,,,,10790.0,,2227.0,306.0,,,,,1100.0,766.0,1014.0,220.0,2459.0,,572.0,,1509.0,249.0,204.0
145619,,,,,,,,744.0,,350.0,,,,,,83.0,61.0,12.0,85.0,1.0,,24.0,,91.0,,
145628,,,,,,,,230.0,,72.0,1.0,3.0,,,,16.0,11.0,6.0,29.0,8.0,,52.0,,22.0,4.0,
145637,,,,,,,,10802.0,,2331.0,286.0,,,,,1246.0,755.0,1434.0,423.0,213.0,,1139.0,,1361.0,570.0,229.0
145646,,,,,,,,480.0,,175.0,,,,,,32.0,12.0,13.0,47.0,2.0,,70.0,1.0,55.0,19.0,2.0
145682,,,,,,,,738.0,,313.0,,,,,,24.0,45.0,50.0,71.0,4.0,,96.0,30.0,60.0,,
145691,,,,,,,,241.0,,87.0,,,,,,37.0,4.0,5.0,36.0,3.0,,27.0,,35.0,2.0,
145707,,,,,,,,112.0,,59.0,,,,,,4.0,2.0,1.0,20.0,,,9.0,3.0,10.0,1.0,
145725,,,,,,,,1334.0,,418.0,,,,,,242.0,111.0,84.0,2.0,10.0,,66.0,,188.0,,
145770,,,,,,,,91.0,,51.0,,,,,,14.0,,,,,,,,22.0,,
145813,,,,,,,,3251.0,,1011.0,,,,,,357.0,70.0,214.0,139.0,41.0,,418.0,,363.0,105.0,38.0
145831,,,,,,,,251.0,,124.0,,,,,,12.0,16.0,10.0,32.0,,,15.0,1.0,26.0,,
145886,,,,,,,,33.0,,25.0,,,,,,3.0,2.0,,,,,,,,,
146010,,,,,,,,26.0,,15.0,,,,,,2.0,1.0,2.0,,,,,,1.0,,
146205,,,,,,,,445.0,,157.0,,,,,,32.0,11.0,12.0,95.0,1.0,,45.0,,85.0,,
146241,,,,,,,,269.0,,130.0,,,,,,8.0,17.0,9.0,44.0,,,24.0,,23.0,,
146278,,,,,,,,230.0,,105.0,,,,,,17.0,16.0,12.0,27.0,,,19.0,1.0,31.0,,
146296,,,,,,,,888.0,,392.0,,,,,,28.0,34.0,43.0,144.0,1.0,,104.0,24.0,101.0,,
146339,,,,,,,,211.0,,103.0,,,,,,13.0,7.0,7.0,10.0,1.0,,6.0,5.0,47.0,,
146348,,,,,,,,338.0,,141.0,,,,,,33.0,14.0,14.0,45.0,,,25.0,2.0,42.0,,
146366,,,,,,,,294.0,,123.0,,,,,,29.0,21.0,12.0,23.0,,,25.0,19.0,15.0,,0.0
146393,,,,,,,,229.0,,112.0,,,,,,38.0,17.0,3.0,,,,13.0,20.0,13.0,,
146418,,,,,,,,309.0,,127.0,,,,,,11.0,14.0,16.0,45.0,,,36.0,6.0,37.0,,
146427,,,,,,,,376.0,,120.0,,,,,,32.0,17.0,19.0,40.0,,,79.0,,31.0,,
146454,,,,,,,,6.0,,4.0,,,,,,,,,,,,,,2.0,,
146472,,,,,,,,973.0,,437.0,,,,,,56.0,44.0,42.0,100.0,0.0,,104.0,34.0,89.0,,
146481,,,,,,,,323.0,,129.0,,,,,,35.0,24.0,10.0,32.0,3.0,,27.0,,35.0,8.0,2.0
146490,,,,,,,,91.0,,40.0,,,,,,16.0,12.0,3.0,,,,,8.0,13.0,,
146506,,,,,,,,327.0,,135.0,,,,,,30.0,16.0,17.0,39.0,1.0,,36.0,3.0,26.0,,0.0
146533,,,,,,,,38.0,,25.0,,,,,,2.0,1.0,,,,,,,3.0,,
146603,,,,,,,,454.0,,185.0,,,,,,19.0,22.0,44.0,81.0,5.0,,34.0,2.0,56.0,,
146612,,,,,,,,760.0,,355.0,,,,,,102.0,20.0,22.0,68.0,4.0,,36.0,,88.0,35.0,19.0
146667,,,,,,,,128.0,,55.0,,,,,,8.0,8.0,5.0,2.0,,,15.0,7.0,11.0,,
146676,,,,,,,,214.0,,61.0,,,,,,28.0,7.0,4.0,9.0,1.0,,51.0,,25.0,9.0,
146685,,,,,,,,486.0,,203.0,,,,,,53.0,27.0,21.0,15.0,,,40.0,,72.0,8.0,
146700,,,,,,,,65.0,,34.0,,,,,,18.0,,1.0,,,,2.0,,9.0,,
146719,,,,,,,,2833.0,,1103.0,97.0,,,,,403.0,123.0,233.0,155.0,80.0,,250.0,,282.0,37.0,
146728,,,,,,,,54.0,,17.0,,,,,,9.0,,3.0,3.0,,,1.0,3.0,6.0,3.0,
146755,,,,,,,,27.0,,16.0,,,,,,3.0,2.0,1.0,,,,,,3.0,,
146791,,,,,,,,9.0,,4.0,,,,,,1.0,1.0,,,,,1.0,,,,
146807,,,,,,,,6.0,,5.0,,,,,,,,,,,,,,1.0,,
146816,,,,,,,,21.0,,12.0,,,,,,4.0,,,,,,,,2.0,,
146825,,,,,,,,116.0,,40.0,,,,,,14.0,5.0,4.0,29.0,1.0,,1.0,0.0,13.0,,
146977,,,,,,,,45.0,,20.0,,,,,,9.0,,1.0,,,,2.0,,13.0,,
147004,,,,,,,,414.0,,167.0,,,,,,95.0,3.0,18.0,5.0,1.0,,13.0,2.0,56.0,3.0,
147013,,,,,,,,357.0,,160.0,,,,,,25.0,13.0,8.0,83.0,6.0,,25.0,,35.0,,2.0
147031,,,,,,,,21.0,,6.0,,,,,,5.0,6.0,,,,,,,1.0,,
147129,,,,,,,,81.0,,47.0,,,,,,13.0,,2.0,2.0,,,2.0,1.0,8.0,,
147165,,,,,,,,70.0,,36.0,,,,,,12.0,1.0,5.0,1.0,,,1.0,,4.0,,
147244,,,,,,,,360.0,,175.0,,,,,,33.0,11.0,8.0,52.0,,,16.0,,48.0,3.0,
147341,,,,,,,,270.0,,102.0,,,,,,21.0,15.0,4.0,39.0,2.0,,24.0,,30.0,10.0,
147369,,,,,,,,629.0,,170.0,,,,,,96.0,86.0,43.0,10.0,1.0,,45.0,6.0,98.0,12.0,1.0
147378,,,,,,,,802.0,,373.0,,,,,,29.0,17.0,35.0,38.0,1.0,,57.0,3.0,143.0,16.0,4.0
147396,,,,,,,,24.0,,10.0,,,,,,1.0,1.0,,,,,1.0,3.0,7.0,,
147411,,,,,,,,265.0,,101.0,,,,,,27.0,2.0,15.0,9.0,,,24.0,2.0,53.0,1.0,
147439,,,,,,,,9.0,,4.0,,,,,,4.0,0.0,,,,,,,1.0,,
147536,,,,,,,,570.0,,248.0,,,,,,63.0,34.0,12.0,93.0,,,16.0,,40.0,,
147590,,,,,,,,183.0,,79.0,3.0,0.0,,,,28.0,2.0,2.0,4.0,,,23.0,5.0,29.0,,
147642,,,,,,,,5.0,,3.0,,,,,,1.0,,,,,,,,1.0,,
147660,,,,,,,,469.0,,184.0,,,,,,78.0,13.0,16.0,61.0,4.0,,22.0,1.0,49.0,24.0,
147679,,,,,,,,396.0,,191.0,,,,,,20.0,8.0,18.0,38.0,2.0,,20.0,,18.0,19.0,
147697,,,,,,,,33.0,,9.0,,,,,,7.0,2.0,2.0,,,,1.0,,7.0,1.0,
147703,,,,,,,,3294.0,,960.0,12.0,19.0,,,,284.0,224.0,265.0,224.0,33.0,,487.0,,449.0,9.0,65.0
147749,,,,,,,,180.0,,57.0,,,,,,57.0,7.0,5.0,0.0,,,,17.0,35.0,,
147767,,,,,,,,9027.0,,2232.0,931.0,,,,,254.0,1318.0,1657.0,394.0,167.0,,141.0,18.0,1429.0,264.0,
147776,,,,,,,,1269.0,,431.0,,,,,,159.0,66.0,57.0,68.0,3.0,,94.0,1.0,173.0,5.0,26.0
147800,,,,,,,,681.0,,311.0,,,,,,11.0,27.0,39.0,60.0,2.0,,72.0,12.0,104.0,,
147819,,,,,,,,7.0,,5.0,,,,,,1.0,1.0,,,,,,,,,
147828,,,,,,,,672.0,,244.0,1.0,,,,,56.0,16.0,44.0,42.0,5.0,,56.0,51.0,108.0,20.0,1.0
147916,,,,,,,,594.0,,279.0,,,,,,35.0,19.0,28.0,59.0,1.0,,58.0,18.0,66.0,,
147970,,,,,,,,14.0,,8.0,,,,,,1.0,,,,,,,2.0,2.0,,
148007,,,,,,,,396.0,,169.0,,,,,,30.0,16.0,13.0,32.0,,,25.0,2.0,61.0,10.0,
148016,,,,,,,,323.0,,64.0,,,,,,39.0,19.0,17.0,40.0,4.0,,59.0,2.0,28.0,25.0,7.0
148098,,,,,,,,6.0,,3.0,,,,,,1.0,1.0,,,,,,,,,
148131,,,,,,,,190.0,,78.0,,,,,,30.0,1.0,4.0,31.0,2.0,,6.0,7.0,26.0,,
148140,,,,,,,,16.0,,9.0,,,,,,1.0,2.0,,,,,,,,,
148177,,,,,,,,183.0,,99.0,,,,,,17.0,1.0,,,,,,,64.0,,
148256,,,,,,,,293.0,,121.0,,,,,,13.0,13.0,15.0,34.0,1.0,,34.0,18.0,26.0,,
148292,,,,,,,,242.0,,109.0,,,,,,30.0,19.0,8.0,26.0,,,7.0,2.0,30.0,,
148335,,,,,,,,363.0,,129.0,,,,,,53.0,17.0,15.0,43.0,,,16.0,8.0,10.0,,
148380,,,,,,,,567.0,,258.0,,,,,,60.0,20.0,26.0,48.0,0.0,,41.0,,85.0,,
148399,,,,,,,,51.0,,29.0,,,,,,2.0,4.0,1.0,,,,,4.0,9.0,2.0,
148405,,,,,,,,237.0,,111.0,,,,,,38.0,12.0,7.0,29.0,2.0,,8.0,,29.0,,
148487,,,,,,,,848.0,,406.0,,,,,,88.0,44.0,27.0,98.0,1.0,,31.0,,94.0,14.0,
148496,,,,,,,,479.0,,241.0,,,,,,62.0,11.0,14.0,11.0,1.0,,26.0,,76.0,9.0,
148511,,,,,,,,7545.0,,985.0,,,,,,793.0,,,,1290.0,,824.0,,3653.0,,
148575,,,,,,,,66.0,,42.0,,,,,,4.0,10.0,,,2.0,,,,4.0,,
148584,,,,,,,,416.0,,184.0,,,,,,35.0,15.0,13.0,32.0,3.0,,47.0,,38.0,,3.0
148593,,,,,,,,25.0,,15.0,,,,,,2.0,,,,,,,,4.0,,
148627,,,,,,,,594.0,,248.0,,,,,,31.0,9.0,15.0,41.0,4.0,,65.0,,145.0,10.0,4.0
148654,,,,,,,,765.0,,250.0,1.0,,,,,94.0,61.0,33.0,56.0,3.0,,78.0,,112.0,25.0,9.0
148672,,,,,,,,176.0,,75.0,,,,,,14.0,13.0,7.0,19.0,0.0,,19.0,1.0,12.0,,
148724,,,,,,,,10.0,,4.0,,,,,,2.0,1.0,,,,,,,1.0,,
148821,,,,,,,,153.0,,73.0,,,,,,10.0,6.0,6.0,22.0,1.0,,3.0,1.0,20.0,,
148849,,,,,,,,22.0,,10.0,,,,,,4.0,2.0,,,,,,1.0,2.0,,
148876,,,,,,,,188.0,,84.0,,,,,,17.0,7.0,10.0,,,,3.0,12.0,25.0,,
148885,,,,,,,,115.0,,26.0,,,,,,11.0,6.0,1.0,,,,27.0,,32.0,,
148937,,,,,,,,148.0,,64.0,,,,,,7.0,11.0,5.0,12.0,,,11.0,18.0,14.0,1.0,
148955,,,,,,,,28.0,,6.0,,,,,,7.0,5.0,,1.0,,,2.0,,2.0,,
148982,,,,,,,,54.0,,22.0,,,,,,6.0,5.0,2.0,2.0,,,1.0,5.0,5.0,3.0,
148991,,,,,,,,142.0,,56.0,,,,,,19.0,3.0,10.0,21.0,,,5.0,0.0,20.0,,
149028,,,,,,,,45.0,,27.0,,,,,,5.0,1.0,,1.0,,,,,7.0,,
149204,,,,,,,,9.0,,4.0,,,,,,,,,,,,,,5.0,,
149222,,,,,,,,4930.0,,1289.0,95.0,13.0,,,,158.0,383.0,265.0,375.0,451.0,,436.0,2.0,994.0,168.0,42.0
149231,,,,,,,,2251.0,,718.0,,,,,,109.0,110.0,130.0,94.0,19.0,,293.0,15.0,357.0,56.0,25.0
149240,,,,,,,,42.0,,,,,,,,13.0,15.0,,1.0,,,1.0,,12.0,,
149310,,,,,,,,25.0,,10.0,0.0,,,,,5.0,2.0,0.0,,,,4.0,,2.0,,
149329,,,,,,,,23.0,,6.0,,,,,,3.0,3.0,,,,,,,2.0,9.0,
149365,,,,,,,,431.0,,157.0,,,,,,36.0,20.0,17.0,20.0,,,48.0,,90.0,,2.0
149499,,,,,,,,3.0,,2.0,,,,,,1.0,,,,,,,,,,
149505,,,,,,,,241.0,,104.0,,,,,,48.0,9.0,9.0,9.0,0.0,,20.0,,36.0,2.0,
149514,,,,,,,,360.0,,142.0,,,,,,41.0,16.0,10.0,46.0,0.0,,26.0,2.0,32.0,5.0,
149532,,,,,,,,687.0,,279.0,,,,,,35.0,43.0,27.0,72.0,1.0,,76.0,5.0,76.0,,2.0
149550,,,,,,,,15.0,,10.0,,,,,,2.0,,,,,,,,3.0,,
149587,,,,,,,,1153.0,,1.0,1.0,,,,,335.0,358.0,212.0,20.0,1.0,,1.0,,198.0,,
149639,,,,,,,,34.0,,12.0,,1.0,,,,3.0,6.0,2.0,5.0,,,,,3.0,,
149727,,,,,,,,652.0,,254.0,,,,,,77.0,,3.0,10.0,,,47.0,1.0,218.0,,
149763,,,,,,,,72.0,,27.0,,,,,,10.0,,5.0,,,,,,3.0,,
149772,,,,,,,,1892.0,,657.0,,,,,,58.0,112.0,139.0,136.0,27.0,,229.0,4.0,262.0,60.0,7.0
149781,,,,,,,,761.0,,239.0,,,,,,46.0,84.0,45.0,76.0,6.0,,67.0,3.0,115.0,32.0,3.0
149842,,,,,,,,1031.0,,402.0,,,,,,51.0,48.0,75.0,164.0,3.0,,116.0,12.0,98.0,,
150048,,,,,,,,67.0,,22.0,,,,,,14.0,,1.0,11.0,,,4.0,,10.0,,
150066,,,,,,,,339.0,,127.0,,,,,,40.0,29.0,16.0,23.0,3.0,,13.0,1.0,54.0,15.0,
150075,,,,,,,,2.0,,1.0,,,,,,,1.0,,,,,,,,,
150136,,,,,,,,3135.0,,1060.0,1.0,1.0,,,,100.0,185.0,206.0,159.0,13.0,,540.0,1.0,485.0,148.0,44.0
150145,,,,,,,,282.0,,115.0,,,,,,29.0,15.0,8.0,42.0,2.0,,18.0,1.0,39.0,6.0,
150163,,,,,,,,1085.0,,407.0,,,,,,190.0,32.0,55.0,92.0,14.0,,113.0,3.0,125.0,30.0,2.0
150172,,,,,,,,139.0,,57.0,,,,,,13.0,6.0,5.0,20.0,,,,5.0,14.0,4.0,
150215,,,,,,,,72.0,,20.0,,,,,,14.0,5.0,,2.0,,,4.0,0.0,13.0,,
150251,,,,,,,,18.0,,6.0,,,,,,3.0,,1.0,,,,,,1.0,,
150288,,,,,,,,102.0,,22.0,,,,,,5.0,9.0,4.0,1.0,,,23.0,4.0,26.0,,
150303,,,,,,,,13.0,,8.0,,,,,,1.0,,,,,,,1.0,2.0,,
150400,,,,,,,,696.0,,231.0,1.0,,,,,55.0,96.0,45.0,72.0,9.0,,84.0,,56.0,18.0,3.0
150428,,,,,,,,3.0,,3.0,,,,,,,,,,,,,,,,
150437,,,,,,,,4.0,,4.0,,,,,,,,,,,,,,0.0,,
150455,,,,,,,,374.0,,123.0,,2.0,,,,23.0,17.0,18.0,38.0,3.0,,10.0,3.0,55.0,12.0,1.0
150534,,,,,,,,508.0,,212.0,,,,,,48.0,21.0,18.0,38.0,6.0,,19.0,,81.0,15.0,1.0
150604,,,,,,,,272.0,,90.0,,,,,,29.0,16.0,14.0,23.0,4.0,,30.0,11.0,30.0,10.0,
150668,,,,,,,,228.0,,78.0,,,,,,42.0,3.0,14.0,23.0,,,26.0,8.0,21.0,4.0,
150677,,,,,,,,194.0,,66.0,,1.0,,,,32.0,8.0,7.0,10.0,,,,,44.0,,
150695,,,,,,,,9.0,,7.0,,,,,,1.0,,,,,,,,1.0,,
150710,,,,,,,,12.0,,7.0,,,,,,3.0,1.0,,,,,,,1.0,,
150756,,,,,,,,278.0,,99.0,,,,,,20.0,11.0,5.0,34.0,7.0,,49.0,,46.0,,
150765,,,,,,,,7.0,,4.0,,,,,,1.0,,,,,,,,2.0,,
150774,,,,,,,,96.0,,35.0,,,,,,13.0,8.0,3.0,12.0,,,10.0,,5.0,,
150853,,,,,,,,22.0,,17.0,,,,,,2.0,,,,,,,,3.0,,
150941,,,,,,,,186.0,,93.0,,,,,,23.0,15.0,7.0,,,,10.0,6.0,30.0,,
150987,,,,,,,,5231.0,,2658.0,,,,,,320.0,334.0,178.0,421.0,,,283.0,,902.0,,
151102,,,,,,,,1165.0,,450.0,1.0,19.0,,,,59.0,137.0,76.0,52.0,12.0,,136.0,,178.0,30.0,6.0
151111,,,,,,,,7458.0,,2551.0,542.0,,,,,601.0,309.0,670.0,311.0,591.0,,425.0,4.0,1208.0,176.0,18.0
151166,,,,,,,,543.0,,174.0,,,,,,126.0,87.0,12.0,,,,8.0,5.0,33.0,,
151263,,,,,,,,793.0,,344.0,,,,,,50.0,79.0,27.0,95.0,8.0,,70.0,14.0,83.0,,
151290,,,,,,,,367.0,,149.0,,,,,,54.0,21.0,9.0,29.0,,,,,24.0,6.0,
151306,,,,,,,,1159.0,,418.0,,,,,,121.0,42.0,64.0,56.0,10.0,,98.0,1.0,178.0,35.0,8.0
151324,,,,,,,,1660.0,,537.0,,,,,,102.0,63.0,103.0,128.0,15.0,,227.0,1.0,263.0,58.0,9.0
151333,,,,,,,,287.0,,142.0,,,,,,42.0,,12.0,19.0,,,21.0,,35.0,8.0,3.0
151342,,,,,,,,624.0,,334.0,2.0,,,,,69.0,6.0,27.0,28.0,1.0,,48.0,,81.0,15.0,
151351,,,,,,,,8523.0,,2151.0,512.0,,,,,873.0,353.0,998.0,692.0,64.0,,839.0,60.0,1444.0,311.0,101.0
151360,,,,,,,,468.0,,231.0,1.0,,,,,49.0,5.0,24.0,30.0,4.0,,42.0,,67.0,6.0,1.0
151379,,,,,,,,543.0,,299.0,1.0,,,,,48.0,3.0,18.0,33.0,,,39.0,,85.0,8.0,2.0
151388,,,,,,,,331.0,,162.0,,,,,,47.0,1.0,10.0,37.0,,,19.0,,48.0,6.0,
151458,,,,,,,,39.0,,15.0,,,,,,5.0,,,,,,4.0,11.0,3.0,,
151467,,,,,,,,37.0,,15.0,,,,,,4.0,,,,,,,13.0,4.0,,
151485,,,,,,,,346.0,,17.0,,,,,,106.0,91.0,45.0,3.0,,,,,82.0,,
151494,,,,,,,,66.0,,32.0,,,,,,7.0,1.0,1.0,,,,,,23.0,,
151500,,,,,,,,35.0,,20.0,,,,,,4.0,,1.0,,,,,,10.0,,
151519,,,,,,,,321.0,,140.0,,,,,,34.0,8.0,12.0,,,,,,126.0,,
151537,,,,,,,,7.0,,2.0,,,,,,2.0,0.0,,,,,1.0,,1.0,,
151564,,,,,,,,2.0,,1.0,,,,,,1.0,,,,,,,,,,
151607,,,,,,,,9.0,,4.0,,,,,,2.0,,,,,,,1.0,2.0,,
151616,,,,,,,,46.0,,15.0,,,,,,10.0,,,,,,,,19.0,,
151625,,,,,,,,12.0,,8.0,,,,,,4.0,,,,,,,,,,
151652,,,,,,,,16.0,,12.0,,,,,,2.0,,,,,,,,1.0,,
151661,,,,,,,,108.0,,42.0,,,,,,38.0,,1.0,,,,1.0,,18.0,,
151777,,,,,,,,313.0,,113.0,,,,,,49.0,12.0,9.0,31.0,1.0,,36.0,13.0,37.0,6.0,
151786,,,,,,,,421.0,,182.0,0.0,,,,,39.0,12.0,20.0,57.0,1.0,,13.0,,50.0,,
151801,,,,,,,,1453.0,,650.0,,,,,,315.0,27.0,58.0,25.0,8.0,,74.0,,238.0,28.0,2.0
151810,,,,,,,,54.0,,16.0,,,,,,12.0,2.0,2.0,,,,8.0,,8.0,,
151829,,,,,,,,9.0,,5.0,,,,,,1.0,2.0,,,,,1.0,,,,
151865,,,,,,,,36.0,,10.0,,,,,,8.0,6.0,1.0,1.0,,,,2.0,5.0,1.0,
151874,,,,,,,,1.0,,1.0,,,,,,,,,,,,,,0.0,,
151944,,,,,,,,37.0,,15.0,,,,,,10.0,,,,,,,,11.0,,
151962,,,,,,,,9.0,,7.0,,,,,,1.0,,,,,,,,1.0,,
152044,,,,,,,,4.0,,4.0,,,,,,,,,,,,,,,,
152080,,,,,,,,5482.0,,1182.0,320.0,,,,,555.0,664.0,506.0,205.0,31.0,,1036.0,20.0,682.0,9.0,22.0
152099,,,,,,,,244.0,,147.0,1.0,4.0,,,,5.0,6.0,4.0,4.0,1.0,,9.0,2.0,25.0,6.0,
152150,,,,,,,,9.0,,5.0,,,,,,2.0,,,,,,,,2.0,,
152248,,,,,,,,786.0,,309.0,2.0,12.0,,,,28.0,124.0,48.0,20.0,8.0,,86.0,,124.0,14.0,1.0
152266,,,,,,,,375.0,,170.0,,7.0,,,,8.0,56.0,24.0,4.0,,,51.0,,50.0,1.0,
152275,,,,,,,,11.0,,6.0,,,,,,1.0,1.0,,,,,1.0,,2.0,,
152309,,,,,,,,11.0,,7.0,,,,,,1.0,,,,,,,,2.0,0.0,
152318,,,,,,,,504.0,,182.0,,,,,,62.0,15.0,46.0,30.0,4.0,,68.0,,50.0,19.0,3.0
152327,,,,,,,,6.0,,4.0,,,,,,,,,,,,,0.0,1.0,,
152336,,,,,,,,386.0,,177.0,,,,,,35.0,16.0,18.0,40.0,,,15.0,,37.0,9.0,1.0
152363,,,,,,,,197.0,,69.0,,,,,,16.0,8.0,5.0,20.0,,,24.0,2.0,18.0,13.0,2.0
152381,,,,,,,,173.0,,87.0,2.0,,,,,24.0,4.0,5.0,7.0,,,8.0,,18.0,4.0,
152390,,,,,,,,436.0,,164.0,,,,,,37.0,20.0,15.0,33.0,7.0,,65.0,,56.0,10.0,
152415,,,,,,,,32.0,,7.0,,,,,,5.0,1.0,,6.0,,,,,1.0,,
152451,,,,,,,,131.0,,12.0,,,,,,25.0,,2.0,,3.0,,50.0,,36.0,,
152497,,,,,,,,37.0,,28.0,,,,,,1.0,2.0,1.0,,,,,,3.0,,
152530,,,,,,,,463.0,,155.0,,,,,,36.0,19.0,27.0,50.0,6.0,,49.0,2.0,88.0,13.0,5.0
152567,,,,,,,,348.0,,129.0,,,,,,37.0,6.0,12.0,,,,98.0,14.0,,49.0,
152600,,,,,,,,988.0,,339.0,,,,,,170.0,17.0,32.0,70.0,8.0,,176.0,1.0,116.0,26.0,3.0
152628,,,,,,,,6.0,,4.0,,,,,,1.0,,,,,,,,1.0,,
152637,,,,,,,,1218.0,,626.0,,,,,,88.0,8.0,23.0,33.0,1.0,,75.0,,304.0,38.0,3.0
152673,,,,,,,,256.0,,97.0,,,,,,25.0,19.0,15.0,46.0,4.0,,1.0,,36.0,,
152798,,,,,,,,75.0,,49.0,,,,,,4.0,2.0,,,,,3.0,,7.0,,
152822,,,,,,,,134.0,,38.0,,,,,,22.0,8.0,5.0,20.0,,,14.0,3.0,6.0,,
152992,,,,,,,,178.0,,74.0,,,,,,6.0,9.0,7.0,30.0,,,3.0,10.0,19.0,,1.0
153001,,,,,,,,463.0,,201.0,1.0,,,,,39.0,9.0,12.0,36.0,1.0,,26.0,11.0,97.0,12.0,
153074,,,,,,,,38.0,,19.0,,,,,,2.0,2.0,,,,,1.0,,8.0,,
153083,,,,,,,,26.0,,16.0,,,,,,1.0,,,,,,0.0,,6.0,,
153092,,,,,,,,4.0,,3.0,,,,,,1.0,,,,,,,,,,
153108,,,,,,,,381.0,,113.0,,,,,,30.0,18.0,8.0,55.0,4.0,,89.0,0.0,34.0,9.0,3.0
153126,,,,,,,,289.0,,111.0,,,,,,27.0,12.0,12.0,38.0,4.0,,40.0,1.0,28.0,6.0,
153144,,,,,,,,318.0,,126.0,,,,,,34.0,9.0,5.0,51.0,7.0,,22.0,,43.0,9.0,
153162,,,,,,,,251.0,,93.0,,,,,,25.0,18.0,11.0,46.0,2.0,,7.0,,22.0,7.0,
153171,,,,,,,,4.0,,4.0,,,,,,,,,,,,,,,,
153214,,,,,,,,1105.0,,634.0,,,,,,68.0,2.0,6.0,13.0,,,4.0,,147.0,61.0,5.0
153241,,,,,,,,59.0,,25.0,,,,,,4.0,2.0,2.0,,,,9.0,,11.0,2.0,
153250,,,,,,,,209.0,,79.0,,,,,,25.0,5.0,9.0,30.0,,,13.0,1.0,27.0,5.0,2.0
153269,,,,,,,,993.0,,330.0,1.0,,,,,59.0,42.0,62.0,86.0,3.0,,90.0,3.0,201.0,28.0,5.0
153278,,,,,,,,407.0,,129.0,2.0,,,,,29.0,5.0,6.0,46.0,,,52.0,20.0,50.0,13.0,
153296,,,,,,,,78.0,,33.0,,,,,,4.0,2.0,,2.0,,,11.0,,5.0,6.0,
153302,,,,,,,,66.0,,25.0,,,,,,14.0,1.0,1.0,9.0,0.0,,6.0,,4.0,2.0,
153311,,,,,,,,594.0,,313.0,,,,,,27.0,7.0,18.0,13.0,,,21.0,,84.0,,
153320,,,,,,,,68.0,,24.0,,,,,,13.0,2.0,1.0,3.0,1.0,,7.0,3.0,11.0,,0.0
153339,,,,,,,,5.0,,4.0,,,,,,0.0,1.0,,,,,,,0.0,,
153366,,,,,,,,335.0,,99.0,,,,,,29.0,11.0,15.0,50.0,6.0,,29.0,,49.0,10.0,
153375,,,,,,,,305.0,,137.0,,,,,,23.0,14.0,6.0,51.0,,,,,33.0,7.0,
153384,,,,,,,,667.0,,199.0,5.0,,,,,59.0,29.0,40.0,64.0,4.0,,122.0,4.0,85.0,28.0,4.0
153409,,,,,,,,16.0,,,,,,,,6.0,,,7.0,,,,,1.0,,
153418,,,,,,,,46.0,,13.0,,,,,,8.0,1.0,,13.0,,,,,2.0,,
153427,,,,,,,,22.0,,9.0,,,,,,3.0,1.0,,1.0,,,1.0,2.0,5.0,,
153445,,,,,,,,494.0,,237.0,,,,,,45.0,47.0,14.0,6.0,,,1.0,,56.0,1.0,1.0
153463,,,,,,,,5.0,,3.0,,,,,,1.0,,,,,,,,1.0,,
153472,,,,,,,,440.0,,187.0,,,,,,19.0,26.0,10.0,33.0,2.0,,43.0,3.0,66.0,5.0,3.0
153524,,,,,,,,457.0,,197.0,,,,,,38.0,20.0,12.0,38.0,,,45.0,,72.0,9.0,15.0
153533,,,,,,,,286.0,,104.0,,6.0,,,,33.0,13.0,8.0,13.0,,,33.0,2.0,47.0,,
153542,,,,,,,,2.0,,1.0,,,,,,1.0,,,,,,,,,,
153588,,,,,,,,3.0,,2.0,,,,,,1.0,,,,,,,,,,
153597,,,,,,,,16.0,,12.0,,,,,,,,,,,,,,4.0,,
153603,,,,,,,,5366.0,,1587.0,596.0,172.0,,,,145.0,173.0,476.0,144.0,141.0,,146.0,25.0,504.0,171.0,39.0
153621,,,,,,,,105.0,,41.0,,,,,,5.0,14.0,3.0,25.0,,,,7.0,9.0,,
153630,,,,,,,,592.0,,259.0,,,,,,54.0,14.0,27.0,80.0,4.0,,52.0,7.0,76.0,,3.0
153658,,,,,,,,9245.0,,2360.0,253.0,,,,,244.0,1156.0,1528.0,383.0,704.0,,829.0,3.0,838.0,216.0,139.0
153737,,,,,,,,1164.0,,503.0,,,,,,99.0,40.0,45.0,57.0,2.0,,130.0,9.0,151.0,23.0,3.0
153746,,,,,,,,9.0,,3.0,,,,,,1.0,1.0,,,,,,3.0,,1.0,
153764,,,,,,,,8.0,,4.0,,,,,,1.0,,,,,,,2.0,,1.0,
153773,,,,,,,,15.0,,10.0,,,,,,1.0,,,,,,,2.0,2.0,,
153782,,,,,,,,9.0,,5.0,,,,,,1.0,,,,,,,3.0,,0.0,
153825,,,,,,,,354.0,,121.0,,,,,,41.0,16.0,14.0,50.0,5.0,,42.0,1.0,35.0,13.0,1.0
153834,,,,,,,,477.0,,202.0,,,,,,44.0,11.0,20.0,40.0,3.0,,57.0,,64.0,14.0,
153861,,,,,,,,362.0,,92.0,12.0,7.0,,,,27.0,19.0,14.0,20.0,,,35.0,15.0,30.0,1.0,2.0
153922,,,,,,,,165.0,,44.0,,,,,,19.0,4.0,10.0,15.0,,,13.0,1.0,21.0,5.0,
153977,,,,,,,,115.0,,66.0,,,,,,17.0,2.0,3.0,,,,2.0,,7.0,,
154004,,,,,,,,315.0,,134.0,,,,,,37.0,7.0,8.0,48.0,1.0,,29.0,,38.0,,
154013,,,,,,,,244.0,,106.0,,,,,,35.0,7.0,6.0,32.0,,,18.0,,18.0,7.0,
154022,,,,,,,,3373.0,,1334.0,,,,,,76.0,85.0,,988.0,3.0,,,,19.0,13.0,
154059,,,,,,,,293.0,,95.0,,,,,,25.0,17.0,13.0,34.0,1.0,,22.0,2.0,42.0,1.0,2.0
154095,,,,,,,,1886.0,,650.0,,,,,,247.0,81.0,109.0,94.0,22.0,,191.0,3.0,233.0,61.0,57.0
154101,,,,,,,,239.0,,101.0,,,,,,47.0,5.0,7.0,25.0,2.0,,19.0,,14.0,5.0,1.0
154110,,,,,,,,538.0,,302.0,,,,,,49.0,30.0,15.0,3.0,,,41.0,,55.0,,
154129,,,,,,,,153.0,,67.0,,,,,,19.0,2.0,3.0,2.0,,,17.0,3.0,19.0,3.0,
154156,,,,,,,,299.0,,83.0,,,,,,120.0,1.0,3.0,,28.0,,4.0,,54.0,5.0,
154165,,,,,,,,5.0,,5.0,,,,,,,,,,,,,,,,
154174,,,,,,,,498.0,,144.0,5.0,54.0,,,,90.0,43.0,17.0,7.0,7.0,,3.0,3.0,110.0,4.0,1.0
154208,,,,,,,,17.0,,9.0,,,,,,2.0,2.0,,,,,,1.0,2.0,,
154235,,,,,,,,546.0,,271.0,,,,,,49.0,20.0,20.0,48.0,3.0,,18.0,,80.0,12.0,
154262,,,,,,,,46.0,,35.0,,,,,,2.0,,,,,,0.0,,2.0,,
154332,,,,,,,,9.0,,5.0,,,,,,1.0,,,,,,,2.0,,1.0,
154341,,,,,,,,5.0,,3.0,,,,,,1.0,,,,,,,1.0,,0.0,
154350,,,,,,,,306.0,,121.0,0.0,,,,,21.0,6.0,12.0,55.0,3.0,,9.0,11.0,65.0,,
154378,,,,,,,,282.0,,111.0,,,,,,26.0,8.0,6.0,30.0,,,17.0,5.0,37.0,,
154396,,,,,,,,171.0,,62.0,,,,,,6.0,8.0,5.0,8.0,,,12.0,,21.0,5.0,1.0
154448,,,,,,,,19.0,,13.0,,,,,,1.0,,,,,,0.0,,3.0,,
154457,,,,,,,,5.0,,5.0,,,,,,,,,,,,,,,,
154466,,,,,,,,10.0,,5.0,,,,,,1.0,1.0,,,,,,,2.0,,
154493,,,,,,,,553.0,,248.0,,,,,,100.0,,,,,,31.0,,170.0,,
154518,,,,,,,,166.0,,48.0,,,,,,12.0,3.0,,23.0,1.0,,9.0,1.0,18.0,5.0,2.0
154527,,,,,,,,387.0,,128.0,,,,,,31.0,23.0,12.0,64.0,3.0,,46.0,,41.0,35.0,
154536,,,,,,,,47.0,,17.0,,,,,,4.0,5.0,1.0,2.0,,,3.0,1.0,10.0,2.0,
154545,,,,,,,,4.0,,3.0,,,,,,1.0,,,,,,,,,,
154572,,,,,,,,514.0,,275.0,,,,,,59.0,11.0,14.0,7.0,,,20.0,,34.0,0.0,
154590,,,,,,,,220.0,,89.0,,,,,,9.0,6.0,7.0,29.0,0.0,,16.0,,38.0,7.0,
154642,,,,,,,,162.0,,80.0,,,,,,17.0,4.0,1.0,12.0,1.0,,13.0,,17.0,2.0,1.0
154688,,,,,,,,409.0,,223.0,,,,,,36.0,3.0,11.0,31.0,,,19.0,,49.0,8.0,
154697,,,,,,,,365.0,,124.0,,,,,,53.0,8.0,11.0,42.0,3.0,,31.0,1.0,70.0,7.0,1.0
154712,,,,,,,,303.0,,124.0,,,,,,26.0,9.0,5.0,37.0,0.0,,30.0,1.0,19.0,,
154721,,,,,,,,169.0,,62.0,,2.0,,,,15.0,3.0,3.0,29.0,2.0,,11.0,5.0,31.0,3.0,
154749,,,,,,,,142.0,,50.0,,,,,,21.0,2.0,2.0,23.0,,,6.0,,11.0,,9.0
154767,,,,,,,,48.0,,17.0,,,,,,12.0,,,,,,,,17.0,,
154776,,,,,,,,52.0,,22.0,,,,,,10.0,,,4.0,,,,,13.0,1.0,
154794,,,,,,,,18.0,,5.0,,,,,,7.0,1.0,,,,,,2.0,1.0,,
154800,,,,,,,,590.0,,292.0,,,,,,38.0,19.0,18.0,27.0,4.0,,52.0,7.0,76.0,13.0,1.0
154837,,,,,,,,27.0,,10.0,,,,,,4.0,2.0,,1.0,,,,,5.0,1.0,
154855,,,,,,,,114.0,,47.0,,,,,,5.0,7.0,2.0,13.0,,,1.0,,12.0,4.0,
154907,,,,,,,,261.0,,131.0,,,,,,35.0,8.0,5.0,14.0,1.0,,4.0,4.0,27.0,16.0,2.0
154925,,,,,,,,151.0,,49.0,,,,,,8.0,2.0,3.0,34.0,0.0,,17.0,,31.0,5.0,
154934,,,,,,,,130.0,,69.0,,,,,,7.0,4.0,3.0,10.0,1.0,,6.0,,11.0,,2.0
154952,,,,,,,,254.0,,103.0,,,,,,8.0,8.0,6.0,4.0,3.0,,32.0,3.0,51.0,,3.0
154970,,,,,,,,11.0,,6.0,,,,,,2.0,,,,,,,,,,
154998,,,,,,,,287.0,,106.0,,,,,,24.0,,8.0,36.0,,,38.0,,37.0,,
155007,,,,,,,,70.0,,34.0,,,,,,11.0,2.0,1.0,4.0,,,4.0,,3.0,,
155025,,,,,,,,710.0,,259.0,,,,,,107.0,24.0,59.0,6.0,4.0,,92.0,,122.0,,11.0
155052,,,,,,,,94.0,,38.0,,3.0,,,,9.0,,3.0,,,,4.0,,8.0,1.0,
155061,,,,,,,,845.0,,326.0,,,,,,55.0,33.0,39.0,49.0,9.0,,111.0,,123.0,12.0,15.0
155070,,,,,,,,41.0,,18.0,,,,,,4.0,1.0,0.0,1.0,,,5.0,,3.0,,
155089,,,,,,,,287.0,,126.0,,,,,,28.0,9.0,12.0,21.0,3.0,,21.0,12.0,48.0,,
155098,,,,,,,,187.0,,77.0,,,,,,24.0,16.0,3.0,19.0,,,10.0,5.0,21.0,4.0,1.0
155104,,,,,,,,239.0,,89.0,1.0,4.0,,,,20.0,6.0,6.0,27.0,3.0,,32.0,,22.0,,
155140,,,,,,,,144.0,,40.0,2.0,,,,,12.0,8.0,2.0,2.0,1.0,,43.0,,15.0,13.0,
155159,,,,,,,,12.0,,5.0,,,,,,,2.0,,,,,,2.0,2.0,,
155177,,,,,,,,115.0,,40.0,,,,,,10.0,2.0,5.0,8.0,,,15.0,13.0,13.0,8.0,
155186,,,,,,,,265.0,,140.0,,,,,,33.0,2.0,3.0,29.0,3.0,,11.0,,24.0,10.0,
155195,,,,,,,,478.0,,169.0,2.0,,,,,52.0,1.0,15.0,41.0,,,40.0,6.0,59.0,14.0,
155201,,,,,,,,130.0,,53.0,,,,,,8.0,2.0,6.0,17.0,2.0,,8.0,3.0,12.0,,
155210,,,,,,,,1410.0,,518.0,,8.0,,,,130.0,23.0,79.0,51.0,,,137.0,,359.0,26.0,7.0
155283,,,,,,,,66.0,,31.0,,,,,,14.0,5.0,,,,,,5.0,9.0,,
155292,,,,,,,,584.0,,252.0,,,,,,49.0,1.0,20.0,30.0,4.0,,68.0,,100.0,18.0,1.0
155308,,,,,,,,16.0,,4.0,,,,,,3.0,0.0,,1.0,,,2.0,1.0,3.0,,
155317,,,,,,,,7915.0,,2288.0,918.0,210.0,,,,398.0,297.0,586.0,316.0,584.0,,402.0,,1188.0,262.0,20.0
155335,,,,,,,,243.0,,133.0,,,,,,22.0,9.0,5.0,26.0,,,15.0,1.0,22.0,2.0,
155353,,,,,,,,7.0,,2.0,,,,,,2.0,1.0,,,,,,,1.0,,
155399,,,,,,,,4698.0,,1151.0,229.0,103.0,,,,345.0,541.0,659.0,76.0,155.0,,335.0,,513.0,311.0,52.0
155414,,,,,,,,131.0,,45.0,,,,,,15.0,6.0,2.0,17.0,,,16.0,,27.0,1.0,
155423,,,,,,,,114.0,,65.0,,,,,,15.0,,,,,,14.0,,11.0,,
155441,,,,,,,,6.0,,5.0,,,,,,1.0,,,,,,,,,,
155450,,,,,,,,159.0,,66.0,,,,,,15.0,6.0,5.0,20.0,1.0,,11.0,1.0,26.0,1.0,
155487,,,,,,,,77.0,,44.0,,,,,,7.0,5.0,1.0,,,,,,7.0,1.0,
155496,,,,,,,,55.0,,16.0,,,,,,13.0,5.0,1.0,2.0,,,8.0,4.0,4.0,,
155511,,,,,,,,138.0,,48.0,,,,,,11.0,16.0,4.0,33.0,0.0,,9.0,,8.0,5.0,
155520,,,,,,,,340.0,,162.0,,,,,,33.0,12.0,7.0,32.0,2.0,,14.0,17.0,49.0,7.0,
155566,,,,,,,,231.0,,111.0,,,,,,16.0,4.0,3.0,1.0,7.0,,,2.0,57.0,12.0,
155593,,,,,,,,102.0,,62.0,,,,,,7.0,6.0,2.0,,,,5.0,4.0,5.0,6.0,
155618,,,,,,,,96.0,,48.0,,,,,,7.0,3.0,1.0,8.0,,,15.0,3.0,8.0,,
155627,,,,,,,,158.0,,32.0,,,,,,25.0,44.0,5.0,2.0,,,13.0,8.0,9.0,9.0,
155636,,,,,,,,127.0,,95.0,,,,,,5.0,16.0,,,,,,,5.0,,
155681,,,,,,,,885.0,,342.0,,,,,,114.0,82.0,36.0,36.0,10.0,,62.0,,99.0,81.0,
155715,,,,,,,,128.0,,37.0,,,,,,13.0,9.0,5.0,19.0,2.0,,13.0,,23.0,1.0,
155812,,,,,,,,241.0,,122.0,0.0,,,,,25.0,4.0,6.0,23.0,2.0,,15.0,7.0,19.0,7.0,
155830,,,,,,,,54.0,,30.0,,,,,,6.0,0.0,,,,,4.0,,1.0,,
155858,,,,,,,,231.0,,88.0,,1.0,,,,29.0,,7.0,22.0,1.0,,22.0,,35.0,4.0,1.0
155867,,,,,,,,5.0,,3.0,,,,,,1.0,,,,,,,,1.0,,
155900,,,,,,,,251.0,,108.0,1.0,,,,,36.0,10.0,11.0,49.0,3.0,,5.0,2.0,18.0,,
155937,,,,,,,,128.0,,47.0,,,,,,16.0,,1.0,23.0,1.0,,10.0,,8.0,,
155973,,,,,,,,148.0,,59.0,,,,,,22.0,2.0,2.0,21.0,,,4.0,7.0,18.0,4.0,
156082,,,,,,,,836.0,,360.0,,,,,,124.0,19.0,34.0,44.0,4.0,,59.0,7.0,123.0,23.0,1.0
156107,,,,,,,,271.0,,148.0,1.0,,,,,15.0,26.0,12.0,3.0,,,11.0,,10.0,,
156125,,,,,,,,2127.0,,572.0,,,,,,260.0,150.0,320.0,139.0,21.0,,204.0,,289.0,55.0,6.0
156134,,,,,,,,108.0,,40.0,,,,,,17.0,2.0,2.0,4.0,,,,14.0,18.0,2.0,
156189,,,,,,,,109.0,,31.0,,,,,,21.0,,2.0,,,,7.0,,37.0,6.0,
156213,,,,,,,,359.0,,123.0,,,,,,50.0,5.0,15.0,28.0,3.0,,31.0,1.0,61.0,11.0,
156222,,,,,,,,214.0,,53.0,,,,,,47.0,1.0,4.0,5.0,,,31.0,,62.0,,
156231,,,,,,,,277.0,,138.0,,,,,,14.0,8.0,5.0,22.0,,,27.0,,47.0,,
156277,,,,,,,,10.0,,4.0,,,,,,,,,,,,1.0,,3.0,,
156286,,,,,,,,545.0,,242.0,,,,,,110.0,20.0,17.0,36.0,,,29.0,,64.0,15.0,
156295,,,,,,,,590.0,,145.0,3.0,,,,,116.0,57.0,15.0,68.0,4.0,,40.0,,68.0,31.0,4.0
156310,,,,,,,,51.0,,35.0,,,,,,4.0,,,,,,,,12.0,,
156338,,,,,,,,282.0,,152.0,,,,,,26.0,2.0,6.0,13.0,,,25.0,,40.0,,
156356,,,,,,,,166.0,,69.0,,,,,,7.0,12.0,4.0,17.0,,,17.0,11.0,18.0,,
156365,,,,,,,,428.0,,184.0,,,,,,23.0,18.0,5.0,40.0,7.0,,39.0,,59.0,6.0,1.0
156392,,,,,,,,699.0,,404.0,,,,,,44.0,14.0,16.0,47.0,1.0,,42.0,,98.0,,1.0
156408,,,,,,,,412.0,,132.0,,,,,,41.0,9.0,13.0,63.0,3.0,,67.0,,44.0,15.0,4.0
156417,,,,,,,,29.0,,7.0,,,,,,4.0,2.0,1.0,,,,,,4.0,3.0,
156426,,,,,,,,24.0,,12.0,,,,,,1.0,4.0,,,,,0.0,1.0,4.0,,
156444,,,,,,,,4.0,,4.0,,,,,,,,,,,,,,,,
156471,,,,,,,,193.0,,73.0,,,,,,43.0,2.0,8.0,,,,6.0,,58.0,,
156541,,,,,,,,429.0,,201.0,,,,,,32.0,14.0,10.0,43.0,,,33.0,1.0,88.0,1.0,
156620,,,,,,,,2362.0,,852.0,,,,,,202.0,201.0,118.0,125.0,17.0,,223.0,,316.0,66.0,37.0
156648,,,,,,,,374.0,,195.0,,,,,,20.0,2.0,11.0,25.0,,,31.0,,63.0,,
156727,,,,,,,,153.0,,76.0,,,,,,13.0,14.0,8.0,1.0,,,16.0,,4.0,,
156745,,,,,,,,306.0,,109.0,,,,,,33.0,15.0,10.0,43.0,5.0,,40.0,,22.0,10.0,3.0
156754,,,,,,,,8.0,,4.0,,,,,,2.0,,,,,,,,2.0,,
156790,,,,,,,,279.0,,118.0,,,,,,17.0,5.0,8.0,30.0,,,33.0,,40.0,,
156842,,,,,,,,18.0,,8.0,,,,,,3.0,2.0,,,,,,4.0,,,
156851,,,,,,,,156.0,,78.0,,,,,,12.0,4.0,6.0,11.0,,,12.0,,24.0,,
156860,,,,,,,,203.0,,97.0,,,,,,19.0,4.0,4.0,18.0,,,12.0,,24.0,,
156903,,,,,,,,17.0,,11.0,,,,,,1.0,,,,,,0.0,,1.0,,
156921,,,,,,,,801.0,,428.0,,,,,,37.0,41.0,19.0,45.0,,,59.0,,127.0,,1.0
156949,,,,,,,,2.0,,2.0,,,,,,,,,,,,,,,,
156967,,,,,,,,15.0,,7.0,,,,,,4.0,,,,,,3.0,,1.0,,
157021,,,,,,,,203.0,,100.0,,,,,,10.0,,,,,,,36.0,52.0,1.0,
157030,,,,,,,,26.0,,8.0,,,,,,2.0,1.0,1.0,,,,5.0,,5.0,,
157058,,,,,,,,522.0,,128.0,22.0,,,,,44.0,18.0,46.0,84.0,1.0,,69.0,,60.0,28.0,1.0
157076,,,,,,,,133.0,,56.0,,,,,,16.0,3.0,3.0,33.0,0.0,,1.0,,13.0,,
157085,,,,,,,,10109.0,,1793.0,83.0,519.0,,,,343.0,495.0,1695.0,483.0,563.0,,1098.0,,2221.0,529.0,56.0
157100,,,,,,,,112.0,,43.0,,0.0,,,,8.0,4.0,2.0,12.0,,,6.0,1.0,10.0,6.0,
157207,,,,,,,,24.0,,10.0,,,,,,6.0,1.0,1.0,,,,,,3.0,,
157216,,,,,,,,433.0,,149.0,,,,,,36.0,3.0,8.0,44.0,4.0,,59.0,6.0,36.0,20.0,15.0
157270,,,,,,,,72.0,,41.0,,,,,,7.0,,,,,,3.0,9.0,11.0,,
157289,,,,,,,,6308.0,,1954.0,,,,,,703.0,351.0,740.0,231.0,878.0,,417.0,,787.0,152.0,25.0
157298,,,,,,,,68.0,,14.0,,,,,,12.0,1.0,3.0,3.0,,,6.0,,23.0,,
157304,,,,,,,,262.0,,120.0,,,,,,21.0,5.0,3.0,22.0,,,15.0,,48.0,,
157331,,,,,,,,325.0,,147.0,,,,,,21.0,32.0,6.0,25.0,,,18.0,,55.0,,
157377,,,,,,,,133.0,,58.0,,,,,,16.0,8.0,6.0,7.0,1.0,,,,12.0,3.0,
157386,,,,,,,,1205.0,,392.0,,,,,,76.0,61.0,52.0,131.0,11.0,,124.0,4.0,163.0,61.0,15.0
157401,,,,,,,,1459.0,,501.0,2.0,,,,,70.0,74.0,70.0,108.0,35.0,,179.0,21.0,209.0,63.0,23.0
157438,,,,,,,,357.0,,184.0,,,,,,34.0,17.0,7.0,43.0,,,19.0,,33.0,,
157447,,,,,,,,1737.0,,735.0,,,,,,81.0,104.0,131.0,153.0,10.0,,138.0,4.0,220.0,60.0,33.0
157456,,,,,,,,3.0,,3.0,,,,,,,,,,,,,,,,
157465,,,,,,,,26.0,,13.0,,,,,,2.0,,,,,,1.0,,1.0,,
157483,,,,,,,,420.0,,203.0,,,,,,31.0,6.0,8.0,29.0,,,38.0,1.0,75.0,,
157508,,,,,,,,4.0,,2.0,,,,,,,,,,,,,,1.0,,
157535,,,,,,,,278.0,,94.0,,,,,,36.0,12.0,17.0,39.0,4.0,,13.0,1.0,29.0,7.0,1.0
157553,,,,,,,,304.0,,139.0,,,,,,22.0,6.0,7.0,23.0,,,29.0,,52.0,,
157599,,,,,,,,86.0,,31.0,,,,,,17.0,1.0,,,,,,,35.0,1.0,
157614,,,,,,,,9.0,,6.0,,,,,,1.0,,,,,,,,1.0,,
157632,,,,,,,,148.0,,67.0,,,,,,9.0,3.0,3.0,27.0,,,16.0,5.0,14.0,,
157650,,,,,,,,13.0,,8.0,,,,,,2.0,,,,,,,,1.0,1.0,
157669,,,,,,,,9.0,,6.0,,,,,,1.0,,,,,,,,1.0,,
157678,,,,,,,,10.0,,6.0,,,,,,2.0,,,,,,,,1.0,,
157696,,,,,,,,36.0,,18.0,,,,,,7.0,,,,,,,,10.0,,
157711,,,,,,,,432.0,,224.0,,,,,,21.0,10.0,9.0,32.0,,,37.0,,64.0,,1.0
157739,,,,,,,,290.0,,111.0,,,,,,28.0,9.0,6.0,23.0,,,26.0,,48.0,,
157748,,,,,,,,412.0,,85.0,3.0,14.0,,,,15.0,31.0,13.0,34.0,3.0,,42.0,8.0,52.0,,1.0
157757,,,,,,,,268.0,,130.0,,,,,,32.0,12.0,9.0,33.0,3.0,,7.0,,28.0,,
157766,,,,,,,,97.0,,54.0,,,,,,9.0,2.0,1.0,,,,1.0,15.0,12.0,1.0,0.0
157793,,,,,,,,486.0,,200.0,,,,,,59.0,,4.0,,,,30.0,,184.0,,
157809,,,,,,,,174.0,,93.0,,,,,,21.0,12.0,2.0,23.0,,,6.0,,12.0,,
157818,,,,,,,,291.0,,95.0,,,,,,34.0,11.0,10.0,38.0,2.0,,28.0,,45.0,11.0,
157827,,,,,,,,4.0,,3.0,,,,,,,,,,,,,,,,
157854,,,,,,,,281.0,,,,,,,,76.0,69.0,42.0,45.0,,,,,29.0,,
157863,,,,,,,,179.0,,65.0,,,,,,22.0,5.0,7.0,36.0,,,8.0,2.0,32.0,,
157951,,,,,,,,2577.0,,914.0,2.0,,,,,111.0,44.0,158.0,302.0,16.0,,288.0,12.0,437.0,99.0,35.0
158088,,,,,,,,146.0,,99.0,,,,,,14.0,19.0,1.0,,,,,,10.0,1.0,
158158,,,,,,,,7.0,,3.0,,,,,,1.0,1.0,,,,,,1.0,1.0,,
158246,,,,,,,,27.0,,14.0,,,,,,2.0,2.0,,,,,,4.0,5.0,,
158325,,,,,,,,13.0,,8.0,,,,,,,1.0,,,,,,,2.0,,
158334,,,,,,,,4.0,,3.0,,,,,,1.0,,,,,,,,0.0,,
158343,,,,,,,,8.0,,3.0,,,,,,2.0,1.0,,,,,,1.0,,,
158431,,,,,,,,463.0,,200.0,,,,,,49.0,78.0,7.0,1.0,,,28.0,,55.0,2.0,6.0
158440,,,,,,,,11.0,,2.0,,,,,,3.0,1.0,,,,,1.0,,1.0,,
158477,,,,,,,,186.0,,75.0,,,,,,40.0,1.0,4.0,31.0,,,,,18.0,,
158538,,,,,,,,5.0,,2.0,,,,,,,,,,,,,,3.0,,
158617,,,,,,,,45.0,,17.0,,,,,,3.0,,,,,,,,25.0,,
158644,,,,,,,,7.0,,4.0,,,,,,2.0,,,,,,0.0,,1.0,,
158662,,,,,,,,1000.0,,549.0,,,,,,66.0,167.0,7.0,6.0,,,58.0,,82.0,23.0,
158723,,,,,,,,27.0,,11.0,,,,,,2.0,1.0,2.0,,,,1.0,2.0,7.0,,
158778,,,,,,,,5.0,,4.0,,,,,,1.0,,,,,,,,,,
158787,,,,,,,,9.0,,7.0,,,,,,2.0,,,,,,,,,,
158802,,,,,,,,290.0,,85.0,,,,,,35.0,10.0,7.0,34.0,1.0,,48.0,,52.0,2.0,4.0
158884,,,,,,,,122.0,,60.0,,,,,,9.0,11.0,3.0,2.0,,,8.0,,21.0,3.0,
159009,,,,,,,,568.0,,200.0,,,,,,46.0,45.0,14.0,52.0,3.0,,49.0,,90.0,20.0,4.0
159027,,,,,,,,13.0,,5.0,,,,,,1.0,,,,,,1.0,2.0,4.0,,
159197,,,,,,,,83.0,,43.0,,,,,,13.0,3.0,3.0,,,,,6.0,2.0,1.0,1.0
159319,,,,,,,,3.0,,3.0,,,,,,,,,,,,,,,,
159328,,,,,,,,9.0,,6.0,,,,,,,,,,,,,,3.0,,
159373,,,,,,,,1991.0,,758.0,48.0,,,,,256.0,198.0,210.0,17.0,92.0,,178.0,,141.0,68.0,2.0
159382,,,,,,,,226.0,,101.0,,,,,,24.0,9.0,7.0,16.0,,,17.0,,30.0,6.0,
159391,,,,,,,,6353.0,,1340.0,302.0,276.0,,,,256.0,545.0,1001.0,209.0,202.0,,645.0,6.0,937.0,351.0,9.0
159407,,,,,,,,173.0,,81.0,,,,,,14.0,7.0,5.0,4.0,,,16.0,,33.0,7.0,
159416,,,,,,,,317.0,,143.0,1.0,5.0,,,,53.0,12.0,8.0,12.0,,,29.0,,29.0,7.0,
159513,,,,,,,,23.0,,11.0,,,,,,2.0,1.0,,,,,1.0,4.0,3.0,,
159522,,,,,,,,20.0,,10.0,,,,,,2.0,1.0,,,,,1.0,4.0,2.0,,
159531,,,,,,,,6.0,,3.0,,,,,,2.0,1.0,,,,,,,,,
159568,,,,,,,,190.0,,84.0,,,,,,15.0,4.0,3.0,14.0,1.0,,5.0,,60.0,,
159601,,,,,,,,4.0,,2.0,,,,,,,,,,,,,,2.0,,
159638,,,,,,,,28.0,,,,,,,,8.0,12.0,1.0,1.0,,,,,6.0,,
159647,,,,,,,,979.0,,399.0,6.0,1.0,,,,43.0,17.0,40.0,126.0,13.0,,93.0,,161.0,60.0,
159656,,,,,,,,841.0,,317.0,,17.0,,,,109.0,37.0,38.0,72.0,,,38.0,,132.0,27.0,12.0
159717,,,,,,,,698.0,,321.0,1.0,,,,,50.0,37.0,31.0,59.0,3.0,,45.0,,97.0,20.0,3.0
159939,,,,,,,,1020.0,,320.0,7.0,,,,,202.0,159.0,58.0,23.0,3.0,,68.0,,63.0,41.0,
159948,,,,,,,,305.0,,111.0,,,,,,14.0,5.0,8.0,,,,41.0,,99.0,,
159966,,,,,,,,656.0,,272.0,,,,,,51.0,29.0,15.0,53.0,4.0,,62.0,,84.0,36.0,2.0
159993,,,,,,,,846.0,,328.0,11.0,40.0,,,,34.0,30.0,27.0,79.0,30.0,,62.0,,125.0,37.0,18.0
160010,,,,,,,,158.0,,93.0,,,,,,11.0,20.0,,1.0,,,6.0,,18.0,5.0,
160029,,,,,,,,32.0,,25.0,,,,,,,1.0,,,,,,,4.0,,
160038,,,,,,,,767.0,,310.0,1.0,14.0,,,,61.0,19.0,29.0,50.0,11.0,,36.0,,132.0,24.0,6.0
160065,,,,,,,,126.0,,68.0,,,,,,10.0,4.0,7.0,,0.0,,9.0,,14.0,,
160074,,,,,,,,199.0,,105.0,,3.0,,,,13.0,7.0,8.0,8.0,0.0,,,1.0,26.0,,
160117,,,,,,,,6.0,,3.0,,,,,,,,,,,,0.0,,2.0,,
160126,,,,,,,,3.0,,3.0,,,,,,,,,,,,,,,,
160135,,,,,,,,2.0,,2.0,,,,,,,,,,,,,,,,
160199,,,,,,,,8.0,,6.0,,,,,,,1.0,,,,,,,1.0,,
160320,,,,,,,,258.0,,140.0,,,,,,16.0,10.0,,,,,11.0,52.0,29.0,,
160409,,,,,,,,50.0,,20.0,,,,,,4.0,3.0,2.0,3.0,,,4.0,,8.0,4.0,
160445,,,,,,,,13.0,,5.0,,,,,,3.0,2.0,,,,,,1.0,2.0,,
160472,,,,,,,,7.0,,2.0,,,,,,1.0,1.0,,,,,,,1.0,2.0,
160481,,,,,,,,121.0,,71.0,,,,,,14.0,17.0,2.0,,,,1.0,,7.0,5.0,
160524,,,,,,,,42.0,,22.0,,,,,,8.0,2.0,1.0,,,,2.0,3.0,4.0,,
160533,,,,,,,,52.0,,3.0,,,,,,16.0,14.0,7.0,,,,,,12.0,,
160579,,,,,,,,175.0,,102.0,,,,,,17.0,28.0,5.0,,,,2.0,,11.0,5.0,
160597,,,,,,,,10.0,,5.0,,,,,,2.0,1.0,,,,,,,2.0,,
160612,,,,,,,,1277.0,,517.0,,,,,,148.0,72.0,26.0,80.0,6.0,,132.0,,154.0,71.0,12.0
160621,,,,,,,,1163.0,,357.0,59.0,51.0,,,,49.0,34.0,46.0,100.0,19.0,,128.0,,201.0,51.0,11.0
160630,,,,,,,,292.0,,130.0,,,,,,24.0,8.0,18.0,15.0,1.0,,25.0,,37.0,2.0,4.0
160649,,,,,,,,246.0,,98.0,,,,,,43.0,12.0,8.0,3.0,,,19.0,,18.0,5.0,
160658,,,,,,,,1818.0,,651.0,,,,,,187.0,35.0,247.0,96.0,39.0,,128.0,8.0,232.0,78.0,25.0
160667,,,,,,,,173.0,,101.0,,,,,,22.0,9.0,,9.0,,,2.0,,14.0,3.0,
160755,,,,,,,,4507.0,,1018.0,512.0,,,,,733.0,257.0,354.0,49.0,318.0,,109.0,3.0,686.0,294.0,29.0
160904,,,,,,,,661.0,,227.0,,,,,,68.0,44.0,43.0,57.0,8.0,,76.0,,90.0,5.0,15.0
160913,,,,,,,,125.0,,68.0,,,,,,10.0,16.0,,,,,1.0,,20.0,5.0,
160940,,,,,,,,81.0,,24.0,,,,,,10.0,5.0,1.0,22.0,,,,,3.0,,
160959,,,,,,,,86.0,,26.0,,,,,,5.0,6.0,5.0,7.0,,,13.0,,17.0,2.0,0.0
160977,,,,,,,,703.0,,178.0,,,,,,72.0,40.0,31.0,49.0,9.0,,146.0,6.0,92.0,27.0,8.0
160995,,,,,,,,37.0,,15.0,,,,,,6.0,1.0,,,,,5.0,,8.0,,
161004,,,,,,,,894.0,,217.0,0.0,,,,,126.0,51.0,62.0,61.0,6.0,,195.0,4.0,107.0,25.0,13.0
161022,,,,,,,,27.0,,19.0,,,,,,3.0,2.0,,,,,,,1.0,,
161077,,,,,,,,190.0,,114.0,,,,,,17.0,8.0,5.0,3.0,,,15.0,,10.0,1.0,
161086,,,,,,,,666.0,,188.0,,,,,,84.0,22.0,41.0,59.0,10.0,,85.0,4.0,84.0,26.0,6.0
161138,,,,,,,,199.0,,124.0,1.0,,,,,21.0,4.0,4.0,,,,8.0,,18.0,4.0,
161165,,,,,,,,471.0,,209.0,0.0,,,,,77.0,14.0,14.0,30.0,4.0,,87.0,,33.0,,
161192,,,,,,,,127.0,,72.0,,,,,,11.0,7.0,1.0,4.0,,,7.0,,11.0,1.0,
161208,,,,,,,,18.0,,10.0,,,,,,5.0,1.0,,,,,,,1.0,,
161217,,,,,,,,358.0,,145.0,,,,,,11.0,12.0,5.0,51.0,7.0,,28.0,2.0,55.0,1.0,
161226,,,,,,,,334.0,,135.0,,,,,,6.0,10.0,4.0,37.0,6.0,,49.0,1.0,39.0,12.0,
161235,,,,,,,,129.0,,49.0,,,,,,2.0,5.0,3.0,11.0,2.0,,15.0,1.0,20.0,4.0,
161244,,,,,,,,96.0,,45.0,,,,,,3.0,2.0,1.0,10.0,1.0,,13.0,,10.0,1.0,
161253,,,,,,,,2288.0,,582.0,19.0,48.0,,,,31.0,132.0,253.0,284.0,22.0,,344.0,12.0,289.0,117.0,11.0
161280,,,,,,,,280.0,,,,,,,,11.0,52.0,147.0,16.0,,,2.0,,50.0,,
161299,,,,,,,,245.0,,77.0,4.0,,,,,11.0,12.0,12.0,28.0,3.0,,41.0,,13.0,,16.0
161341,,,,,,,,167.0,,61.0,,,,,,4.0,6.0,1.0,38.0,2.0,,16.0,,22.0,5.0,
161457,,,,,,,,937.0,,351.0,10.0,,,,,61.0,43.0,38.0,48.0,9.0,,103.0,,121.0,24.0,
161484,,,,,,,,108.0,,60.0,,,,,,10.0,6.0,3.0,3.0,,,7.0,,7.0,4.0,
161493,,,,,,,,30.0,,19.0,,,,,,4.0,,,,,,,,3.0,,
161509,,,,,,,,97.0,,44.0,,,,,,4.0,5.0,2.0,3.0,1.0,,,,10.0,6.0,
161518,,,,,,,,403.0,,140.0,,,,,,49.0,4.0,10.0,19.0,6.0,,82.0,,49.0,7.0,
161527,,,,,,,,27.0,,18.0,,,,,,1.0,,,,,,,,,,
161545,,,,,,,,390.0,,225.0,,,,,,21.0,14.0,12.0,9.0,1.0,,29.0,,34.0,10.0,
161554,,,,,,,,1202.0,,407.0,10.0,,,,,22.0,75.0,133.0,120.0,26.0,,107.0,3.0,174.0,29.0,
161563,,,,,,,,149.0,,44.0,,,,,,25.0,3.0,3.0,12.0,2.0,,23.0,,13.0,1.0,
161572,,,,,,,,160.0,,48.0,,,,,,18.0,10.0,6.0,5.0,2.0,,27.0,2.0,28.0,7.0,1.0
161581,,,,,,,,71.0,,33.0,,,,,,9.0,4.0,1.0,4.0,,,5.0,,4.0,4.0,
161615,,,,,,,,5.0,,3.0,,,,,,,2.0,,,,,,,,,
161651,,,,,,,,5.0,,3.0,,,,,,1.0,,,,,,,,,,
161688,,,,,,,,394.0,,151.0,,13.0,,,,34.0,8.0,9.0,5.0,9.0,,11.0,4.0,83.0,26.0,7.0
161767,,,,,,,,1242.0,,503.0,,98.0,,,,63.0,56.0,121.0,84.0,9.0,,66.0,32.0,159.0,15.0,4.0
161776,,,,,,,,21.0,,6.0,,,,,,4.0,1.0,,5.0,,,,,,,
161800,,,,,,,,17.0,,10.0,,,,,,3.0,1.0,,,,,,,2.0,1.0,
161855,,,,,,,,11.0,,7.0,,,,,,,,,,,,,,4.0,,
161864,,,,,,,,568.0,,166.0,,36.0,,,,54.0,53.0,19.0,69.0,1.0,,29.0,,67.0,34.0,3.0
161873,,,,,,,,790.0,,281.0,1.0,1.0,,,,148.0,72.0,62.0,37.0,,,3.0,63.0,78.0,11.0,3.0
162007,,,,,,,,683.0,,294.0,,,,,,81.0,97.0,26.0,36.0,3.0,,29.0,1.0,90.0,12.0,4.0
162061,,,,,,,,90.0,,36.0,,,,,,15.0,,9.0,,,,6.0,,9.0,,
162104,,,,,,,,286.0,,113.0,,15.0,,,,11.0,12.0,11.0,21.0,4.0,,4.0,,61.0,,
162122,,,,,,,,755.0,,294.0,,1.0,,,,49.0,44.0,31.0,39.0,5.0,,11.0,1.0,122.0,40.0,
162168,,,,,,,,311.0,,78.0,,4.0,,,,33.0,19.0,15.0,15.0,,,23.0,,47.0,4.0,0.0
162210,,,,,,,,195.0,,93.0,,,,,,24.0,9.0,5.0,21.0,,,6.0,,16.0,6.0,1.0
162283,,,,,,,,545.0,,185.0,,,,,,88.0,61.0,22.0,30.0,3.0,,36.0,0.0,95.0,8.0,5.0
162335,,,,,,,,7.0,,3.0,,,,,,1.0,0.0,,,,,,,1.0,,
162371,,,,,,,,66.0,,45.0,,,,,,6.0,1.0,,,,,,8.0,5.0,,
162557,,,,,,,,615.0,,255.0,,28.0,,,,59.0,11.0,30.0,50.0,3.0,,20.0,,119.0,38.0,
162584,,,,,,,,816.0,,298.0,,,,,,79.0,67.0,35.0,41.0,6.0,,87.0,2.0,129.0,32.0,12.0
162609,,,,,,,,171.0,,38.0,1.0,,,,,17.0,1.0,3.0,5.0,2.0,,5.0,1.0,49.0,26.0,2.0
162654,,,,,,,,476.0,,160.0,,,,,,63.0,22.0,21.0,38.0,5.0,,65.0,,54.0,19.0,5.0
162681,,,,,,,,53.0,,5.0,,,,,,5.0,2.0,1.0,18.0,,,2.0,,2.0,,
162690,,,,,,,,386.0,,135.0,,17.0,,,,39.0,11.0,13.0,28.0,0.0,,34.0,4.0,52.0,8.0,2.0
162706,,,,,,,,571.0,,186.0,,52.0,,,,31.0,33.0,34.0,30.0,,,30.0,6.0,59.0,14.0,
162760,,,,,,,,303.0,,147.0,,,,,,29.0,14.0,16.0,27.0,1.0,,13.0,,40.0,,1.0
162779,,,,,,,,896.0,,402.0,,44.0,,,,39.0,45.0,42.0,38.0,10.0,,1.0,5.0,93.0,67.0,9.0
162830,,,,,,,,9.0,,4.0,,,,,,2.0,0.0,,,,,,,1.0,,
162928,,,,,,,,16322.0,,3689.0,626.0,74.0,,,,143.0,1557.0,2151.0,420.0,2866.0,,703.0,,3133.0,131.0,
162982,,,,,,,,30.0,,12.0,,,,,,3.0,1.0,,,,,,3.0,3.0,4.0,
163028,,,,,,,,67.0,,31.0,,,,,,15.0,,1.0,,,,1.0,,12.0,,2.0
163046,,,,,,,,1151.0,,429.0,,,,,,183.0,24.0,76.0,76.0,7.0,,125.0,2.0,153.0,20.0,24.0
163107,,,,,,,,3.0,,2.0,,,,,,,,,,,,,,1.0,,
163204,,,,,,,,2051.0,,982.0,,,,,,351.0,224.0,108.0,250.0,,,5.0,,96.0,,
163259,,,,,,,,5971.0,,2045.0,522.0,,,,,576.0,663.0,951.0,149.0,181.0,,355.0,7.0,332.0,85.0,13.0
163268,,,,,,,,2020.0,,612.0,138.0,,,,,328.0,290.0,172.0,112.0,21.0,,39.0,5.0,197.0,44.0,14.0
163286,,,,,,,,9139.0,,2018.0,1601.0,,,,,287.0,1627.0,749.0,459.0,55.0,,709.0,1.0,429.0,416.0,94.0
163295,,,,,,,,610.0,,297.0,,,,,,99.0,9.0,14.0,17.0,,,52.0,3.0,73.0,12.0,2.0
163338,,,,,,,,803.0,,266.0,6.0,1.0,,,,110.0,76.0,54.0,29.0,4.0,,85.0,,103.0,43.0,6.0
163347,,,,,,,,62.0,,33.0,,,,,,7.0,5.0,,,,,,6.0,3.0,2.0,
163408,,,,,,,,8.0,,4.0,,,,,,2.0,1.0,,,,,,,,1.0,
163426,,,,,,,,2291.0,,827.0,,62.0,,,,209.0,103.0,298.0,,2.0,,237.0,18.0,297.0,65.0,3.0
163453,,,,,,,,1553.0,,476.0,27.0,3.0,,,,325.0,57.0,47.0,28.0,14.0,,98.0,17.0,284.0,140.0,16.0
163462,,,,,,,,410.0,,149.0,,,,,,69.0,20.0,10.0,49.0,4.0,,15.0,,74.0,3.0,2.0
163532,,,,,,,,63.0,,12.0,1.0,3.0,,,,4.0,2.0,1.0,6.0,,,23.0,,7.0,,
163541,,,,,,,,31.0,,16.0,,,,,,3.0,1.0,,,,,,4.0,4.0,,
163578,,,,,,,,385.0,,176.0,,,,,,38.0,11.0,22.0,19.0,1.0,,12.0,21.0,47.0,25.0,0.0
163657,,,,,,,,1471.0,,483.0,,279.0,,,,61.0,,,,14.0,,17.0,,199.0,115.0,
163736,,,,,,,,37.0,,13.0,,,,,,4.0,1.0,,10.0,,,1.0,,1.0,,
163754,,,,,,,,7.0,,5.0,,,,,,1.0,,,,,,,,1.0,,
163815,,,,,,,,10.0,,6.0,,,,,,,,,,,,,,4.0,,
163851,,,,,,,,1266.0,,497.0,,1.0,,,,102.0,90.0,60.0,57.0,7.0,,128.0,10.0,246.0,44.0,5.0
163912,,,,,,,,449.0,,163.0,,,,,,37.0,32.0,22.0,56.0,6.0,,56.0,0.0,39.0,14.0,
163921,,,,,,,,226.0,,130.0,,3.0,,,,31.0,6.0,0.0,,0.0,,6.0,,44.0,,2.0
163976,,,,,,,,174.0,,61.0,,,,,,20.0,6.0,9.0,4.0,2.0,,28.0,,4.0,7.0,2.0
164058,,,,,,,,25.0,,9.0,,,,,,3.0,1.0,,5.0,,,,,1.0,,
164076,,,,,,,,2606.0,,1152.0,,,,,,281.0,300.0,152.0,110.0,21.0,,71.0,14.0,299.0,94.0,48.0
164085,,,,,,,,131.0,,65.0,,,,,,20.0,5.0,3.0,2.0,2.0,,3.0,,5.0,,
164100,,,,,,,,9.0,,,,,,,,2.0,,,,,,,,,,
164146,,,,,,,,96.0,,,,,,,,41.0,28.0,8.0,6.0,,,2.0,,6.0,2.0,
164155,,,,,,,,889.0,,371.0,11.0,,,,,58.0,64.0,85.0,25.0,7.0,,61.0,3.0,66.0,,84.0
164173,,,,,,,,624.0,,243.0,,,,,,62.0,28.0,23.0,44.0,26.0,,27.0,3.0,58.0,18.0,11.0
164216,,,,,,,,475.0,,116.0,,,,,,36.0,25.0,38.0,35.0,5.0,,101.0,5.0,43.0,16.0,7.0
164270,,,,,,,,571.0,,289.0,,,,,,61.0,24.0,10.0,57.0,2.0,,20.0,1.0,63.0,21.0,2.0
164313,,,,,,,,291.0,,106.0,,29.0,,,,8.0,13.0,11.0,7.0,1.0,,35.0,,51.0,2.0,
164368,,,,,,,,369.0,,251.0,2.0,3.0,,,,5.0,18.0,12.0,18.0,,,,,10.0,,
164438,,,,,,,,71.0,,28.0,,,,,,13.0,4.0,,,,,,14.0,1.0,,
164447,,,,,,,,415.0,,186.0,,,,,,42.0,30.0,13.0,46.0,8.0,,3.0,,33.0,,4.0
164465,,,,,,,,866.0,,230.0,,,,,,97.0,40.0,68.0,75.0,6.0,,147.0,,125.0,33.0,6.0
164474,,,,,,,,53.0,,24.0,,,,,,5.0,6.0,2.0,0.0,,,4.0,,2.0,,
164492,,,,,,,,179.0,,90.0,,,,,,31.0,0.0,3.0,14.0,4.0,,2.0,,28.0,,
164535,,,,,,,,7.0,,5.0,,,,,,1.0,,,,,,,,1.0,,
164562,,,,,,,,448.0,,189.0,,,,,,70.0,9.0,25.0,50.0,7.0,,29.0,1.0,54.0,,
164580,,,,,,,,815.0,,211.0,,,,,,137.0,132.0,50.0,44.0,8.0,,76.0,,115.0,24.0,4.0
164599,,,,,,,,10.0,,4.0,,,,,,5.0,,,,,,1.0,,,,
164614,,,,,,,,17.0,,8.0,,,,,,3.0,1.0,,,,,1.0,,1.0,1.0,
164632,,,,,,,,338.0,,126.0,,,,,,43.0,15.0,16.0,19.0,1.0,,24.0,1.0,32.0,,3.0
164641,,,,,,,,141.0,,59.0,,,,,,14.0,24.0,5.0,21.0,,,8.0,,4.0,,
164678,,,,,,,,21.0,,5.0,,,,,,3.0,2.0,,,,,1.0,1.0,2.0,,
164720,,,,,,,,309.0,,90.0,,,,,,30.0,8.0,2.0,21.0,6.0,,72.0,,19.0,,5.0
164739,,,,,,,,929.0,,339.0,,,,,,132.0,35.0,79.0,110.0,4.0,,86.0,,102.0,13.0,
164748,,,,,,,,972.0,,371.0,,,,,,151.0,77.0,86.0,92.0,,,25.0,,89.0,7.0,
164775,,,,,,,,235.0,,96.0,,,,,,30.0,3.0,7.0,6.0,,,13.0,,41.0,6.0,
164845,,,,,,,,19.0,,11.0,,,,,,2.0,,,,,,,,2.0,1.0,
164872,,,,,,,,184.0,,105.0,,,,,,16.0,4.0,5.0,4.0,,,5.0,,15.0,,
164915,,,,,,,,25.0,,15.0,0.0,,,,,1.0,1.0,,,,,,,3.0,1.0,
164924,,,,,,,,3561.0,,977.0,235.0,,,,,590.0,188.0,217.0,191.0,28.0,,492.0,34.0,424.0,83.0,15.0
164933,,,,,,,,207.0,,120.0,,,,,,20.0,7.0,4.0,11.0,,,12.0,,13.0,,
164988,,,,,,,,8832.0,,2867.0,757.0,,,,,779.0,1391.0,837.0,325.0,81.0,,907.0,,695.0,,35.0
165015,,,,,,,,1615.0,,418.0,192.0,,,,,38.0,124.0,185.0,84.0,3.0,,113.0,,173.0,35.0,9.0
165024,,,,,,,,1219.0,,491.0,,,,,,32.0,201.0,54.0,29.0,11.0,,162.0,,162.0,44.0,5.0
165033,,,,,,,,735.0,,339.0,,,,,,78.0,22.0,28.0,14.0,2.0,,29.0,,95.0,11.0,
165060,,,,,,,,26.0,,18.0,,,,,,2.0,3.0,,1.0,,,,,2.0,,
165112,,,,,,,,650.0,,342.0,,,,,,65.0,5.0,28.0,33.0,,,20.0,3.0,94.0,8.0,5.0
165167,,,,,,,,303.0,,174.0,,,,,,31.0,12.0,17.0,31.0,,,,,32.0,2.0,
165194,,,,,,,,318.0,,150.0,,,,,,26.0,4.0,13.0,16.0,,,16.0,,49.0,2.0,
165255,,,,,,,,22.0,,10.0,,,,,,6.0,,,,,,,1.0,5.0,,
165264,,,,,,,,86.0,,38.0,,,,,,12.0,8.0,3.0,,,,5.0,,4.0,,
165334,,,,,,,,680.0,,251.0,15.0,,,,,78.0,86.0,32.0,27.0,,,61.0,,77.0,19.0,7.0
165495,,,,,,,,7.0,,4.0,,,,,,3.0,,,,,,,,,,
165529,,,,,,,,509.0,,183.0,,7.0,,,,25.0,20.0,18.0,44.0,6.0,,40.0,,53.0,11.0,1.0
165556,,,,,,,,27.0,,14.0,,,,,,8.0,,,,,,,,3.0,,
165574,,,,,,,,236.0,,61.0,,,,,,43.0,62.0,9.0,13.0,3.0,,15.0,,14.0,9.0,
165608,,,,,,,,8.0,,5.0,,,,,,1.0,,,,,,,,1.0,,
165635,,,,,,,,39.0,,14.0,,,,,,7.0,1.0,1.0,1.0,,,,6.0,3.0,,
165644,,,,,,,,225.0,,92.0,,,,,,19.0,7.0,10.0,24.0,1.0,,19.0,,27.0,,1.0
165662,,,,,,,,734.0,,283.0,,,,,,104.0,52.0,44.0,70.0,20.0,,44.0,,50.0,11.0,5.0
165671,,,,,,,,350.0,,139.0,,,,,,45.0,86.0,14.0,5.0,,,25.0,,22.0,6.0,
165699,,,,,,,,560.0,,183.0,,,,,,74.0,26.0,15.0,55.0,5.0,,67.0,,49.0,19.0,
165705,,,,,,,,32.0,,8.0,,,,,,11.0,2.0,4.0,1.0,,,,,5.0,,
165750,,,,,,,,12.0,,6.0,,,,,,2.0,,,,,,1.0,,3.0,,
165802,,,,,,,,177.0,,81.0,1.0,8.0,,,,24.0,6.0,3.0,7.0,1.0,,3.0,,1.0,,
165820,,,,,,,,602.0,,250.0,,,,,,56.0,11.0,20.0,25.0,3.0,,72.0,,86.0,17.0,12.0
165866,,,,,,,,561.0,,244.0,,,,,,68.0,10.0,18.0,7.0,6.0,,58.0,,66.0,17.0,14.0
165884,,,,,,,,88.0,,44.0,,,,,,9.0,3.0,,1.0,,,4.0,,2.0,,
165936,,,,,,,,468.0,,130.0,,,,,,41.0,28.0,16.0,41.0,6.0,,76.0,1.0,47.0,8.0,1.0
165945,,,,,,,,185.0,,37.0,1.0,,,,,37.0,6.0,13.0,2.0,,,10.0,,59.0,6.0,
165981,,,,,,,,236.0,,95.0,,,,,,26.0,8.0,14.0,6.0,1.0,,1.0,,32.0,18.0,5.0
166009,,,,,,,,18.0,,4.0,,,,,,8.0,,,,,,,,,,
166018,,,,,,,,417.0,,147.0,,,,,,34.0,17.0,21.0,27.0,,,32.0,,61.0,16.0,
166027,,,,,,,,16543.0,,2258.0,2068.0,,,,,1937.0,1058.0,2442.0,557.0,216.0,,878.0,,3145.0,401.0,28.0
166045,,,,,,,,76.0,,25.0,,,,,,26.0,4.0,3.0,,,,4.0,,8.0,,
166054,,,,,,,,71.0,,18.0,,,,,,20.0,3.0,2.0,11.0,,,9.0,1.0,5.0,,
166063,,,,,,,,5.0,,4.0,,,,,,,,,,,,,,1.0,,
166124,,,,,,,,1067.0,,301.0,,,,,,73.0,58.0,51.0,104.0,12.0,,232.0,2.0,146.0,29.0,6.0
166133,,,,,,,,613.0,,255.0,,,,,,60.0,4.0,21.0,12.0,2.0,,36.0,,108.0,4.0,10.0
166294,,,,,,,,5.0,,4.0,,,,,,,1.0,,,,,,,,,
166319,,,,,,,,5.0,,4.0,,,,,,1.0,,,,,,,,,,
166328,,,,,,,,7.0,,5.0,,,,,,1.0,1.0,,,,,,,,,
166391,,,,,,,,353.0,,137.0,,,,,,43.0,24.0,13.0,28.0,3.0,,30.0,,18.0,16.0,1.0
166407,,,,,,,,55.0,,42.0,,,,,,3.0,0.0,1.0,,,,,,3.0,,
166452,,,,,,,,525.0,,165.0,,,,,,113.0,46.0,33.0,21.0,3.0,,,,108.0,,
166489,,,,,,,,67.0,,36.0,,,,,,9.0,8.0,,,,,3.0,,4.0,,
166498,,,,,,,,8.0,,5.0,,,,,,2.0,,,,,,,,1.0,,
166513,,,,,,,,1724.0,,714.0,36.0,,,,,322.0,81.0,125.0,90.0,5.0,,148.0,,158.0,19.0,3.0
166586,,,,,,,,8.0,,2.0,,,,,,,3.0,,,,,,,1.0,,
166595,,,,,,,,9.0,,3.0,,,,,,,3.0,,,,,,,1.0,,
166601,,,,,,,,26.0,,12.0,,,,,,4.0,1.0,1.0,,,,,1.0,2.0,1.0,
166629,,,,,,,,5315.0,,1402.0,230.0,23.0,,,,183.0,370.0,498.0,244.0,85.0,,785.0,8.0,742.0,260.0,102.0
166638,,,,,,,,2203.0,,840.0,,,,,,173.0,41.0,165.0,65.0,25.0,,34.0,,403.0,6.0,15.0
166647,,,,,,,,353.0,,168.0,,,,,,44.0,4.0,13.0,,,,6.0,,45.0,10.0,
166656,,,,,,,,549.0,,262.0,,,,,,77.0,37.0,17.0,6.0,4.0,,20.0,,53.0,,
166665,,,,,,,,389.0,,,,,,,,103.0,58.0,168.0,22.0,,,,,30.0,,
166674,,,,,,,,430.0,,187.0,,,,,,57.0,8.0,10.0,,,,50.0,,75.0,,20.0
166683,,,,,,,,11992.0,,1391.0,4399.0,,,,,866.0,761.0,1010.0,451.0,232.0,,568.0,22.0,1812.0,376.0,28.0
166692,,,,,,,,298.0,,97.0,,,,,,79.0,7.0,8.0,4.0,5.0,,12.0,,32.0,40.0,1.0
166708,,,,,,,,4679.0,,1365.0,444.0,,,,,238.0,941.0,202.0,38.0,797.0,,173.0,,365.0,54.0,44.0
166717,,,,,,,,122.0,,64.0,3.0,,,,,19.0,7.0,4.0,10.0,,,4.0,3.0,7.0,,
166805,,,,,,,,5.0,,3.0,,,,,,,,,,,,,,2.0,,
166823,,,,,,,,678.0,,293.0,,,,,,73.0,20.0,31.0,36.0,2.0,,72.0,,94.0,12.0,1.0
166850,,,,,,,,584.0,,228.0,,,,,,30.0,38.0,19.0,40.0,9.0,,66.0,,64.0,,
166869,,,,,,,,193.0,,97.0,11.0,,,,,15.0,16.0,11.0,,,,,,31.0,,
166887,,,,,,,,746.0,,283.0,,,,,,131.0,29.0,27.0,,,,47.0,,122.0,,
166911,,,,,,,,79.0,,37.0,,,,,,7.0,2.0,3.0,1.0,0.0,,5.0,,5.0,,
166939,,,,,,,,890.0,,246.0,,,,,,80.0,53.0,62.0,27.0,5.0,,198.0,2.0,91.0,46.0,6.0
166948,,,,,,,,216.0,,82.0,,,,,,32.0,8.0,5.0,31.0,9.0,,7.0,1.0,16.0,,0.0
166957,,,,,,,,567.0,,200.0,,,,,,75.0,16.0,16.0,53.0,3.0,,58.0,,82.0,8.0,1.0
166975,,,,,,,,17.0,,8.0,,,,,,1.0,,,,,,,1.0,1.0,,
166984,,,,,,,,148.0,,74.0,,,,,,20.0,6.0,5.0,14.0,,,4.0,2.0,8.0,3.0,
167020,,,,,,,,1.0,,1.0,,,,,,,,,,,,,,,,
167039,,,,,,,,3.0,,2.0,,,,,,,,,,,,0.0,,1.0,,
167057,,,,,,,,368.0,,200.0,,,,,,43.0,9.0,,7.0,5.0,,8.0,,66.0,,
167093,,,,,,,,138.0,,54.0,1.0,,,,,11.0,6.0,5.0,,21.0,,6.0,,21.0,,1.0
167181,,,,,,,,60.0,,14.0,2.0,6.0,,,,7.0,,1.0,1.0,3.0,,,1.0,12.0,,
167215,,,,,,,,129.0,,51.0,10.0,,,,,30.0,5.0,9.0,,,,6.0,,3.0,,
167224,,,,,,,,26.0,,8.0,,,,,,4.0,,,,,,,,5.0,,
167251,,,,,,,,123.0,,56.0,,,,,,18.0,4.0,5.0,14.0,1.0,,,,3.0,,
167260,,,,,,,,205.0,,64.0,,,,,,31.0,21.0,6.0,21.0,3.0,,11.0,,24.0,7.0,
167288,,,,,,,,330.0,,116.0,,,,,,36.0,15.0,11.0,13.0,6.0,,40.0,,40.0,13.0,
167297,,,,,,,,29.0,,13.0,,,,,,7.0,2.0,,,,,2.0,,4.0,,
167312,,,,,,,,628.0,,282.0,,,,,,47.0,15.0,12.0,35.0,1.0,,45.0,,121.0,6.0,3.0
167321,,,,,,,,84.0,,48.0,,,,,,8.0,1.0,,,,,,,26.0,,
167358,,,,,,,,3693.0,,1324.0,27.0,,,,,214.0,393.0,450.0,325.0,47.0,,167.0,,254.0,94.0,12.0
167376,,,,,,,,560.0,,284.0,,,,,,61.0,17.0,36.0,2.0,1.0,,7.0,1.0,61.0,8.0,
167394,,,,,,,,220.0,,99.0,,,,,,21.0,11.0,9.0,26.0,3.0,,11.0,,24.0,,
167455,,,,,,,,126.0,,31.0,,,,,,14.0,12.0,,10.0,1.0,,25.0,,7.0,8.0,2.0
167464,,,,,,,,30.0,,14.0,,,,,,3.0,0.0,,0.0,,,6.0,2.0,3.0,,
167525,,,,,,,,245.0,,148.0,,,,,,22.0,9.0,5.0,13.0,,,8.0,,9.0,,
167534,,,,,,,,693.0,,277.0,,,,,,82.0,24.0,31.0,55.0,1.0,,55.0,3.0,80.0,4.0,2.0
167598,,,,,,,,350.0,,149.0,,,,,,27.0,11.0,13.0,18.0,5.0,,33.0,,43.0,7.0,1.0
167631,,,,,,,,283.0,,113.0,,,,,,30.0,3.0,10.0,1.0,,,22.0,,44.0,,
167677,,,,,,,,38.0,,26.0,,,,,,,0.0,,,0.0,,2.0,,9.0,,
167729,,,,,,,,1077.0,,485.0,,,,,,48.0,88.0,47.0,45.0,7.0,,112.0,,81.0,22.0,8.0
167738,,,,,,,,31.0,,20.0,,,,,,2.0,,0.0,,,,,,0.0,0.0,
167783,,,,,,,,739.0,,361.0,,,,,,156.0,27.0,27.0,12.0,4.0,,36.0,,99.0,,
167792,,,,,,,,182.0,,52.0,,,,,,12.0,6.0,8.0,14.0,7.0,,39.0,,22.0,7.0,3.0
167835,,,,,,,,1112.0,,339.0,,,,,,71.0,114.0,76.0,44.0,7.0,,140.0,1.0,146.0,24.0,24.0
167871,,,,,,,,21.0,,13.0,,,,,,2.0,,,,,,,,4.0,,
167899,,,,,,,,642.0,,239.0,,,,,,38.0,37.0,21.0,21.0,5.0,,117.0,,90.0,14.0,
167905,,,,,,,,573.0,,252.0,,,,,,73.0,11.0,26.0,49.0,10.0,,55.0,,74.0,7.0,9.0
167987,,,,,,,,1227.0,,449.0,,,,,,172.0,53.0,100.0,49.0,9.0,,74.0,,186.0,35.0,65.0
167996,,,,,,,,583.0,,191.0,,,,,,85.0,18.0,34.0,69.0,7.0,,82.0,,63.0,16.0,
168005,,,,,,,,1172.0,,467.0,,,,,,85.0,174.0,51.0,95.0,7.0,,73.0,,154.0,19.0,
168032,,,,,,,,4.0,,2.0,,,,,,,,,,,,,,2.0,,
168148,,,,,,,,4001.0,,958.0,120.0,,,,,343.0,383.0,633.0,170.0,205.0,,380.0,1.0,621.0,80.0,11.0
168218,,,,,,,,1149.0,,352.0,6.0,,,,,18.0,,3.0,,,,243.0,,510.0,8.0,9.0
168227,,,,,,,,537.0,,221.0,,,,,,62.0,34.0,46.0,37.0,3.0,,29.0,,33.0,24.0,
168254,,,,,,,,733.0,,272.0,,,,,,88.0,15.0,36.0,37.0,9.0,,137.0,,94.0,15.0,4.0
168263,,,,,,,,764.0,,327.0,,,,,,50.0,26.0,31.0,37.0,8.0,,98.0,,101.0,28.0,
168281,,,,,,,,491.0,,156.0,,,,,,92.0,16.0,27.0,40.0,4.0,,61.0,,65.0,13.0,5.0
168290,,,,,,,,285.0,,105.0,,,,,,28.0,19.0,7.0,34.0,2.0,,12.0,,22.0,2.0,
168342,,,,,,,,1064.0,,320.0,,,,,,130.0,51.0,66.0,71.0,5.0,,182.0,,127.0,39.0,11.0
168421,,,,,,,,1067.0,,386.0,33.0,,,,,159.0,98.0,85.0,45.0,5.0,,103.0,7.0,130.0,2.0,
168430,,,,,,,,651.0,,308.0,,,,,,103.0,22.0,24.0,9.0,,,62.0,,93.0,13.0,3.0
168528,,,,,,,,338.0,,121.0,0.0,,,,,26.0,13.0,9.0,64.0,2.0,,47.0,6.0,39.0,,1.0
168546,,,,,,,,385.0,,114.0,,,,,,48.0,20.0,18.0,55.0,5.0,,33.0,,55.0,14.0,3.0
168555,,,,,,,,3.0,,2.0,,,,,,1.0,,,,,,,,,,
168573,,,,,,,,28.0,,10.0,,,,,,6.0,,,,,,,2.0,4.0,2.0,
168591,,,,,,,,335.0,,113.0,,,,,,35.0,8.0,8.0,32.0,4.0,,48.0,,80.0,,
168607,,,,,,,,152.0,,83.0,,1.0,,,,23.0,5.0,6.0,3.0,,,6.0,,15.0,5.0,1.0
168740,,,,,,,,796.0,,261.0,,,,,,65.0,29.0,39.0,16.0,,,89.0,6.0,187.0,34.0,9.0
168786,,,,,,,,323.0,,138.0,,,,,,13.0,20.0,15.0,30.0,,,35.0,,22.0,,
168838,,,,,,,,170.0,,64.0,,,,,,28.0,1.0,,,,,33.0,,11.0,,
168847,,,,,,,,246.0,,108.0,,,,,,33.0,2.0,,,,,51.0,,18.0,,
168883,,,,,,,,157.0,,70.0,,,,,,14.0,2.0,7.0,,,,8.0,,26.0,3.0,
168892,,,,,,,,8.0,,6.0,,,,,,1.0,,,,,,,,1.0,,
169071,,,,,,,,3.0,,2.0,,,,,,,,,,,,,,,,
169080,,,,,,,,758.0,,309.0,,,,,,38.0,62.0,48.0,88.0,11.0,,60.0,4.0,95.0,20.0,1.0
169099,,,,,,,,49.0,,18.0,,,,,,5.0,5.0,3.0,,,,,,9.0,1.0,
169187,,,,,,,,23.0,,14.0,,,,,,1.0,2.0,,,,,,3.0,3.0,,
169220,,,,,,,,27.0,,15.0,,,,,,5.0,,,,,,,,1.0,,
169248,,,,,,,,2577.0,,986.0,7.0,,,,,465.0,97.0,118.0,177.0,32.0,,133.0,3.0,374.0,68.0,25.0
169275,,,,,,,,558.0,,234.0,,,,,,54.0,20.0,19.0,22.0,1.0,,53.0,,65.0,5.0,
169284,,,,,,,,30.0,,19.0,,,,,,4.0,,,,,,,,4.0,,
169327,,,,,,,,96.0,,37.0,1.0,,,,,11.0,8.0,1.0,10.0,,,7.0,5.0,4.0,4.0,
169363,,,,,,,,143.0,,62.0,,,,,,31.0,,3.0,9.0,2.0,,15.0,6.0,14.0,,
169424,,,,,,,,33.0,,10.0,,,,,,7.0,3.0,1.0,,,,,1.0,4.0,,2.0
169442,,,,,,,,353.0,,149.0,,,,,,40.0,9.0,18.0,14.0,,,25.0,,32.0,15.0,
169479,,,,,,,,683.0,,275.0,,,,,,47.0,242.0,38.0,15.0,3.0,,26.0,,19.0,,3.0
169503,,,,,,,,16.0,,12.0,,,,,,1.0,,,,,,,,3.0,,
169521,,,,,,,,650.0,,319.0,,,,,,70.0,10.0,,37.0,1.0,,47.0,,125.0,2.0,4.0
169576,,,,,,,,10.0,,5.0,,,,,,2.0,1.0,,,,,0.0,1.0,1.0,,
169628,,,,,,,,130.0,,61.0,2.0,,,,,9.0,1.0,4.0,4.0,,,,,28.0,,
169655,,,,,,,,122.0,,44.0,,,,,,15.0,2.0,1.0,,,,4.0,15.0,21.0,7.0,
169716,,,,,,,,972.0,,451.0,,,,,,73.0,38.0,35.0,49.0,29.0,,57.0,1.0,115.0,17.0,11.0
169734,,,,,,,,27.0,,12.0,,,,,,3.0,,,,,,,,0.0,,
169761,,,,,,,,16.0,,6.0,,,,,,1.0,,,,,,,,0.0,,
169798,,,,,,,,2070.0,,947.0,,,,,,272.0,46.0,88.0,94.0,19.0,,186.0,1.0,240.0,45.0,13.0
169910,,,,,,,,1746.0,,747.0,,,,,,225.0,73.0,71.0,58.0,13.0,,210.0,1.0,250.0,51.0,11.0
169947,,,,,,,,6.0,,3.0,,,,,,,,,,,,,,3.0,,
169974,,,,,,,,84.0,,28.0,,,,,,6.0,4.0,4.0,0.0,,,11.0,,16.0,,
169983,,,,,,,,329.0,,120.0,1.0,,,,,56.0,11.0,10.0,3.0,1.0,,35.0,,34.0,11.0,0.0
169992,,,,,,,,99.0,,51.0,,,,,,13.0,2.0,2.0,3.0,,,10.0,1.0,14.0,1.0,
170000,,,,,,,,93.0,,47.0,,,,,,14.0,5.0,1.0,3.0,,,,,1.0,1.0,
170037,,,,,,,,280.0,,67.0,,,,,,46.0,11.0,10.0,29.0,1.0,,29.0,,42.0,3.0,
170046,,,,,,,,27.0,,2.0,,,,,,5.0,1.0,,,,,,,19.0,,
170055,,,,,,,,860.0,,467.0,,,,,,78.0,29.0,38.0,31.0,1.0,,84.0,,109.0,17.0,5.0
170082,,,,,,,,2610.0,,1287.0,,,,,,188.0,103.0,148.0,217.0,13.0,,167.0,10.0,354.0,50.0,11.0
170091,,,,,,,,35.0,,17.0,,,,,,5.0,,1.0,2.0,,,2.0,2.0,6.0,,
170240,,,,,,,,641.0,,370.0,,,,,,25.0,10.0,10.0,24.0,1.0,,62.0,,116.0,1.0,1.0
170301,,,,,,,,693.0,,283.0,3.0,,,,,76.0,18.0,27.0,69.0,2.0,,63.0,2.0,95.0,14.0,8.0
170417,,,,,,,,42.0,,15.0,,,,,,7.0,2.0,1.0,,,,,,16.0,,
170444,,,,,,,,333.0,,188.0,,,,,,32.0,13.0,12.0,5.0,,,30.0,,22.0,7.0,
170514,,,,,,,,6.0,,2.0,,,,,,1.0,1.0,,,,,,,1.0,,
170532,,,,,,,,362.0,,114.0,,,,,,53.0,29.0,17.0,35.0,4.0,,35.0,,51.0,12.0,2.0
170541,,,,,,,,582.0,,242.0,,,,,,41.0,22.0,35.0,21.0,2.0,,58.0,,89.0,11.0,2.0
170550,,,,,,,,359.0,,188.0,,,,,,53.0,7.0,10.0,18.0,,,2.0,1.0,54.0,6.0,
170587,,,,,,,,128.0,,50.0,,,,,,10.0,10.0,8.0,5.0,,,13.0,,19.0,,1.0
170611,,,,,,,,18.0,,13.0,,,,,,2.0,,,,,,,,,,
170620,,,,,,,,288.0,,133.0,,,,,,41.0,10.0,11.0,19.0,,,10.0,,41.0,6.0,
170639,,,,,,,,365.0,,133.0,,,,,,28.0,27.0,18.0,26.0,4.0,,51.0,1.0,44.0,20.0,
170657,,,,,,,,1120.0,,697.0,,,,,,159.0,17.0,16.0,21.0,,,28.0,,124.0,,5.0
170675,,,,,,,,440.0,,210.0,,,,,,62.0,14.0,23.0,39.0,,,18.0,,60.0,1.0,
170736,,,,,,,,4.0,,3.0,,,,,,,1.0,,,,,,,,,
170790,,,,,,,,1137.0,,464.0,,,,,,66.0,48.0,102.0,63.0,,,65.0,,155.0,36.0,
170806,,,,,,,,436.0,,196.0,1.0,,,,,60.0,7.0,,9.0,17.0,,31.0,,41.0,0.0,
170842,,,,,,,,214.0,,110.0,,,,,,22.0,6.0,1.0,25.0,1.0,,12.0,2.0,16.0,2.0,1.0
170967,,,,,,,,155.0,,80.0,,,,,,22.0,3.0,4.0,19.0,1.0,,7.0,1.0,15.0,,
170976,,,,,,,,20149.0,,6547.0,,,,,,1492.0,2188.0,3601.0,523.0,443.0,,1399.0,,2115.0,690.0,189.0
171012,,,,,,,,10.0,,3.0,,,,,,2.0,1.0,1.0,,,,,,2.0,0.0,
171100,,,,,,,,11317.0,,2904.0,448.0,471.0,,,,857.0,1188.0,1337.0,339.0,334.0,,976.0,2.0,1171.0,358.0,139.0
171128,,,,,,,,1411.0,,424.0,141.0,,,,,59.0,152.0,133.0,66.0,3.0,,146.0,,166.0,40.0,17.0
171137,,,,,,,,850.0,,408.0,,,,,,86.0,84.0,37.0,5.0,3.0,,36.0,,87.0,15.0,5.0
171146,,,,,,,,905.0,,402.0,,,,,,77.0,81.0,52.0,15.0,10.0,,52.0,,108.0,14.0,8.0
171155,,,,,,,,239.0,,99.0,,,,,,43.0,9.0,10.0,13.0,,,15.0,3.0,26.0,2.0,1.0
171225,,,,,,,,230.0,,103.0,,,,,,28.0,3.0,10.0,10.0,,,22.0,,35.0,3.0,
171234,,,,,,,,138.0,,58.0,,,,,,20.0,1.0,8.0,2.0,,,15.0,,23.0,,
171261,,,,,,,,23.0,,5.0,,,,,,2.0,1.0,,,,,9.0,,3.0,,
171298,,,,,,,,184.0,,70.0,,,,,,40.0,2.0,,,,,25.0,,15.0,,
171304,,,,,,,,283.0,,163.0,,,,,,20.0,5.0,4.0,10.0,,,20.0,,52.0,,
171313,,,,,,,,34.0,,13.0,,,,,,7.0,2.0,,,,,,,6.0,,
171322,,,,,,,,57.0,,21.0,,,,,,9.0,2.0,,,,,,,25.0,,
171395,,,,,,,,122.0,,41.0,,,,,,27.0,6.0,5.0,,2.0,,18.0,,15.0,,
171456,,,,,,,,981.0,,368.0,,,,,,76.0,51.0,41.0,63.0,10.0,,134.0,3.0,139.0,29.0,7.0
171465,,,,,,,,8.0,,4.0,,,,,,1.0,,,,,,,1.0,2.0,,
171483,,,,,,,,448.0,,172.0,,,,,,26.0,27.0,24.0,19.0,1.0,,50.0,2.0,66.0,5.0,1.0
171492,,,,,,,,445.0,,186.0,,,,,,48.0,40.0,21.0,71.0,4.0,,22.0,1.0,37.0,11.0,
171535,,,,,,,,1115.0,,547.0,,,,,,82.0,46.0,25.0,48.0,,,90.0,,215.0,7.0,23.0
171571,,,,,,,,1814.0,,790.0,7.0,,,,,68.0,138.0,104.0,118.0,11.0,,111.0,,232.0,43.0,
171599,,,,,,,,174.0,,58.0,1.0,,,,,20.0,12.0,2.0,31.0,3.0,,17.0,,17.0,8.0,
171775,,,,,,,,6.0,,3.0,,,,,,1.0,,,,,,,,1.0,,
171881,,,,,,,,55.0,,22.0,,,,,,5.0,3.0,1.0,4.0,,,2.0,,12.0,1.0,
171988,,,,,,,,16.0,,9.0,,,,,,3.0,,,,,,,,0.0,,
171997,,,,,,,,18.0,,9.0,,,,,,3.0,,,,,,,,1.0,,
172015,,,,,,,,19.0,,8.0,,,,,,3.0,,,,,,,,1.0,,
172033,,,,,,,,68.0,,31.0,,,,,,18.0,4.0,1.0,1.0,,,,,11.0,,
172051,,,,,,,,974.0,,467.0,,,,,,95.0,29.0,34.0,61.0,10.0,,72.0,1.0,116.0,24.0,
172200,,,,,,,,581.0,,245.0,,,,,,48.0,17.0,30.0,10.0,,,73.0,,71.0,,
172264,,,,,,,,343.0,,149.0,,,,,,64.0,10.0,6.0,27.0,3.0,,21.0,,29.0,6.0,
172291,,,,,,,,258.0,,134.0,,,,,,23.0,10.0,1.0,22.0,0.0,,21.0,,36.0,1.0,
172307,,,,,,,,204.0,,94.0,,,,,,23.0,7.0,13.0,6.0,,,7.0,,16.0,8.0,
172325,,,,,,,,85.0,,21.0,,,,,,17.0,4.0,2.0,5.0,,,1.0,,6.0,,
172334,,,,,,,,460.0,,239.0,,,,,,50.0,90.0,19.0,,1.0,,8.0,,46.0,7.0,
172422,,,,,,,,70.0,,25.0,,,,,,5.0,2.0,1.0,6.0,,,26.0,,5.0,,
172440,,,,,,,,154.0,,50.0,,3.0,,,,20.0,5.0,2.0,16.0,,,18.0,,6.0,8.0,
172477,,,,,,,,330.0,,98.0,,,,,,44.0,7.0,14.0,11.0,,,1.0,4.0,52.0,13.0,
172495,,,,,,,,23.0,,14.0,,,,,,7.0,1.0,,,,,,,1.0,,
172608,,,,,,,,180.0,,78.0,,,,,,29.0,14.0,,5.0,,,7.0,,18.0,,
172617,,,,,,,,869.0,,348.0,,,,,,103.0,26.0,38.0,30.0,,,68.0,,136.0,28.0,
172635,,,,,,,,733.0,,322.0,,,,,,34.0,34.0,10.0,7.0,,,67.0,,117.0,,1.0
172644,,,,,,,,5589.0,,2052.0,805.0,,,,,465.0,510.0,250.0,92.0,160.0,,308.0,,494.0,55.0,96.0
172671,,,,,,,,113.0,,54.0,,,,,,17.0,1.0,4.0,,,,15.0,1.0,13.0,3.0,
172680,,,,,,,,7.0,,4.0,,,,,,2.0,0.0,,,,,,,1.0,,
172699,,,,,,,,2832.0,,1057.0,,,,,,89.0,191.0,189.0,281.0,32.0,,353.0,2.0,379.0,150.0,36.0
172705,,,,,,,,51.0,,17.0,,1.0,,,,4.0,4.0,,,,,5.0,2.0,8.0,,
172802,,,,,,,,4.0,,3.0,,,,,,1.0,,,,,,,,0.0,,
172866,,,,,,,,24.0,,11.0,,,,,,4.0,,1.0,,,,,4.0,3.0,,
172918,,,,,,,,168.0,,92.0,,,,,,7.0,5.0,7.0,1.0,,,8.0,5.0,15.0,4.0,
172927,,,,,,,,35.0,,12.0,,,,,,7.0,,,,,,,,2.0,14.0,
172954,,,,,,,,117.0,,67.0,,,,,,5.0,3.0,4.0,0.0,,,4.0,4.0,14.0,2.0,
172963,,,,,,,,368.0,,169.0,,,,,,15.0,16.0,12.0,5.0,1.0,,21.0,6.0,48.0,8.0,
173045,,,,,,,,574.0,,235.0,1.0,,,,,71.0,106.0,14.0,39.0,,,39.0,5.0,48.0,9.0,
173063,,,,,,,,213.0,,101.0,,,,,,10.0,7.0,9.0,2.0,1.0,,14.0,10.0,21.0,6.0,
173115,,,,,,,,73.0,,38.0,,,,,,2.0,8.0,2.0,,,,3.0,,10.0,1.0,
173124,,,,,,,,445.0,,180.0,,,,,,18.0,21.0,21.0,35.0,2.0,,37.0,,52.0,24.0,1.0
173142,,,,,,,,133.0,,51.0,,,,,,11.0,9.0,7.0,23.0,1.0,,11.0,,9.0,4.0,
173160,,,,,,,,681.0,,301.0,,,,,,48.0,21.0,39.0,83.0,4.0,,34.0,2.0,77.0,15.0,3.0
173179,,,,,,,,41.0,,22.0,,,,,,3.0,,,3.0,,,2.0,,5.0,,
173203,,,,,,,,232.0,,114.0,,,,,,13.0,7.0,9.0,5.0,1.0,,11.0,4.0,27.0,4.0,1.0
173258,,,,,,,,639.0,,243.0,,,,,,76.0,25.0,32.0,25.0,2.0,,72.0,4.0,75.0,21.0,2.0
173300,,,,,,,,619.0,,203.0,,,,,,55.0,46.0,25.0,63.0,0.0,,92.0,,78.0,20.0,9.0
173328,,,,,,,,347.0,,175.0,,,,,,27.0,3.0,12.0,54.0,,,1.0,1.0,33.0,7.0,
173416,,,,,,,,205.0,,103.0,,,,,,9.0,10.0,7.0,4.0,1.0,,7.0,8.0,14.0,9.0,
173452,,,,,,,,138.0,,76.0,,,,,,6.0,1.0,3.0,7.0,1.0,,11.0,,17.0,3.0,3.0
173461,,,,,,,,272.0,,147.0,,,,,,11.0,13.0,11.0,1.0,0.0,,14.0,4.0,29.0,4.0,
173470,,,,,,,,3.0,,3.0,,,,,,0.0,0.0,,,,,,,,,
173489,,,,,,,,28.0,,13.0,,,,,,3.0,2.0,1.0,,,,,2.0,2.0,,
173559,,,,,,,,386.0,,195.0,,,,,,18.0,12.0,18.0,7.0,1.0,,17.0,2.0,55.0,7.0,
173629,,,,,,,,62.0,,48.0,,,,,,5.0,,,,,,,,3.0,,
173638,,,,,,,,183.0,,102.0,,,,,,10.0,3.0,5.0,2.0,,,11.0,7.0,19.0,5.0,
173647,,,,,,,,644.0,,242.0,,,,,,7.0,47.0,22.0,103.0,7.0,,132.0,,73.0,,
173665,,,,,,,,604.0,,249.0,,,,,,101.0,59.0,21.0,32.0,3.0,,19.0,1.0,27.0,5.0,10.0
173683,,,,,,,,12.0,,5.0,,,,,,3.0,,,,,,,,3.0,,
173708,,,,,,,,348.0,,162.0,,,,,,14.0,15.0,15.0,0.0,2.0,,23.0,9.0,41.0,7.0,
173726,,,,,,,,3.0,,2.0,,,,,,0.0,0.0,,,,,,,0.0,,
173735,,,,,,,,102.0,,56.0,,,,,,3.0,2.0,2.0,1.0,,,6.0,4.0,11.0,3.0,
173744,,,,,,,,63.0,,25.0,,,,,,14.0,8.0,,,,,,3.0,11.0,1.0,
173799,,,,,,,,268.0,,139.0,,,,,,11.0,7.0,14.0,2.0,0.0,,14.0,4.0,29.0,4.0,
173805,,,,,,,,81.0,,41.0,,,,,,3.0,2.0,3.0,2.0,,,7.0,1.0,6.0,2.0,
173887,,,,,,,,97.0,,45.0,,,,,,11.0,1.0,,,,,,,39.0,,
173896,,,,,,,,116.0,,25.0,,,,,,17.0,16.0,,,,,13.0,,25.0,,
173902,,,,,,,,616.0,,210.0,3.0,,,,,65.0,46.0,29.0,39.0,5.0,,50.0,,67.0,20.0,
173911,,,,,,,,254.0,,137.0,,,,,,10.0,10.0,10.0,1.0,1.0,,13.0,9.0,29.0,5.0,
173920,,,,,,,,1300.0,,558.0,,,,,,35.0,40.0,86.0,83.0,8.0,,91.0,4.0,148.0,48.0,2.0
173939,,,,,,,,200.0,,6.0,,,,,,39.0,23.0,11.0,6.0,,,,,115.0,,
173957,,,,,,,,159.0,,145.0,,,,,,,,,,,,,,12.0,,
173966,,,,,,,,92.0,,79.0,,,,,,,,,,,,,,9.0,,
173984,,,,,,,,155.0,,84.0,,,,,,29.0,1.0,,,,,,,38.0,,
173993,,,,,,,,80.0,,44.0,,,,,,2.0,2.0,3.0,1.0,,,4.0,,9.0,2.0,
174020,,,,,,,,616.0,,278.0,,,,,,21.0,35.0,25.0,9.0,1.0,,,1.0,78.0,6.0,
174066,,,,,,,,16044.0,,3805.0,1448.0,167.0,,,,734.0,2377.0,2078.0,1141.0,324.0,,1059.0,29.0,1839.0,523.0,81.0
174075,,,,,,,,239.0,,76.0,,,,,,20.0,13.0,16.0,41.0,3.0,,27.0,0.0,25.0,10.0,2.0
174118,,,,,,,,28.0,,8.0,,,,,,1.0,,,,,,,14.0,4.0,,
174127,,,,,,,,169.0,,59.0,,,,,,27.0,8.0,3.0,9.0,5.0,,19.0,,26.0,4.0,
174136,,,,,,,,476.0,,229.0,,,,,,16.0,16.0,21.0,5.0,1.0,,40.0,8.0,52.0,10.0,
174154,,,,,,,,37.0,,25.0,,,,,,2.0,,0.0,,,,0.0,,3.0,,
174190,,,,,,,,19.0,,10.0,,,,,,3.0,,,,,,,,6.0,,
174206,,,,,,,,26.0,,10.0,,,,,,4.0,1.0,0.0,,,,0.0,,6.0,,
174233,,,,,,,,1465.0,,535.0,45.0,4.0,,,,58.0,146.0,123.0,140.0,10.0,,131.0,11.0,177.0,43.0,5.0
174251,,,,,,,,377.0,,136.0,,,,,,28.0,38.0,9.0,31.0,2.0,,50.0,,53.0,20.0,1.0
174279,,,,,,,,105.0,,51.0,,,,,,14.0,,,,,,,,5.0,,
174321,,,,,,,,9.0,,5.0,,,,,,,2.0,,,,,,,2.0,,
174358,,,,,,,,598.0,,275.0,,,,,,17.0,21.0,28.0,43.0,3.0,,49.0,1.0,68.0,20.0,
174376,,,,,,,,338.0,,161.0,,,,,,14.0,16.0,14.0,1.0,1.0,,24.0,4.0,30.0,7.0,
174385,,,,,,,,20.0,,7.0,,,,,,2.0,,,8.0,,,,,2.0,,
174394,,,,,,,,35.0,,18.0,,,,,,3.0,1.0,3.0,,,,,2.0,1.0,,
174428,,,,,,,,448.0,,224.0,,,,,,15.0,16.0,25.0,1.0,,,31.0,3.0,56.0,7.0,
174437,,,,,,,,188.0,,73.0,,,,,,22.0,2.0,7.0,22.0,,,12.0,2.0,31.0,7.0,
174473,,,,,,,,231.0,,124.0,,,,,,10.0,7.0,11.0,7.0,0.0,,11.0,4.0,20.0,7.0,
174491,,,,,,,,422.0,,132.0,,,,,,36.0,50.0,,36.0,4.0,,29.0,,55.0,9.0,1.0
174507,,,,,,,,192.0,,62.0,5.0,1.0,,,,31.0,20.0,9.0,,1.0,,12.0,,38.0,,
174525,,,,,,,,29.0,,9.0,,,,,,6.0,2.0,0.0,,,,,1.0,1.0,2.0,
174534,,,,,,,,7.0,,6.0,,,,,,1.0,,,,,,,,,,
174570,,,,,,,,102.0,,36.0,,,,,,8.0,3.0,8.0,9.0,,,1.0,2.0,16.0,2.0,
174604,,,,,,,,27.0,,13.0,,,,,,,0.0,0.0,1.0,,,2.0,,2.0,1.0,
174738,,,,,,,,352.0,,174.0,,,,,,10.0,17.0,19.0,9.0,1.0,,29.0,3.0,40.0,7.0,
174747,,,,,,,,475.0,,161.0,,,,,,44.0,26.0,20.0,36.0,7.0,,76.0,2.0,49.0,11.0,12.0
174756,,,,,,,,261.0,,142.0,,,,,,10.0,6.0,7.0,4.0,1.0,,11.0,5.0,33.0,6.0,
174765,,,,,,,,5.0,,4.0,,,,,,1.0,,,,,,,,,,
174783,,,,,,,,1272.0,,532.0,,,,,,31.0,61.0,71.0,65.0,8.0,,91.0,3.0,152.0,45.0,2.0
174792,,,,,,,,479.0,,156.0,,,,,,45.0,28.0,20.0,43.0,3.0,,71.0,,66.0,,6.0
174817,,,,,,,,629.0,,241.0,,,,,,76.0,30.0,39.0,61.0,2.0,,45.0,,75.0,17.0,
174844,,,,,,,,673.0,,255.0,,,,,,46.0,48.0,27.0,68.0,2.0,,98.0,,48.0,19.0,4.0
174862,,,,,,,,125.0,,56.0,,,,,,19.0,3.0,4.0,7.0,,,,6.0,12.0,,
174899,,,,,,,,568.0,,271.0,,,,,,35.0,48.0,21.0,70.0,6.0,,31.0,1.0,51.0,10.0,1.0
174914,,,,,,,,1542.0,,583.0,,,,,,208.0,120.0,104.0,33.0,6.0,,193.0,15.0,158.0,14.0,18.0
174978,,,,,,,,12.0,,7.0,,,,,,2.0,,,,,,,,2.0,,
175005,,,,,,,,765.0,,353.0,,,,,,110.0,34.0,28.0,65.0,2.0,,57.0,1.0,80.0,13.0,
175014,,,,,,,,436.0,,129.0,,,,,,72.0,23.0,,,,,,,26.0,,
175041,,,,,,,,306.0,,152.0,,,,,,12.0,11.0,14.0,2.0,0.0,,22.0,4.0,33.0,7.0,
175078,,,,,,,,310.0,,138.0,,,,,,12.0,16.0,9.0,29.0,,,28.0,1.0,24.0,11.0,
175120,,,,,,,,51.0,,16.0,,,,,,13.0,3.0,,,,,4.0,,4.0,,
175139,,,,,,,,44.0,,14.0,,,,,,9.0,1.0,1.0,5.0,,,2.0,,6.0,,
175157,,,,,,,,53.0,,24.0,,,,,,1.0,2.0,1.0,2.0,,,5.0,,3.0,2.0,
175227,,,,,,,,174.0,,99.0,,,,,,29.0,10.0,4.0,13.0,,,,2.0,7.0,1.0,1.0
175236,,,,,,,,266.0,,138.0,,,,,,11.0,7.0,10.0,2.0,1.0,,15.0,10.0,33.0,5.0,0.0
175263,,,,,,,,148.0,,85.0,,,,,,8.0,10.0,6.0,1.0,,,5.0,4.0,11.0,4.0,
175272,,,,,,,,798.0,,382.0,,,,,,21.0,42.0,50.0,53.0,4.0,,51.0,2.0,73.0,21.0,
175281,,,,,,,,205.0,,94.0,,,,,,27.0,14.0,4.0,21.0,,,6.0,,19.0,5.0,
175315,,,,,,,,521.0,,241.0,,,,,,19.0,22.0,23.0,8.0,2.0,,28.0,4.0,60.0,13.0,
175342,,,,,,,,701.0,,181.0,6.0,1.0,,,,52.0,7.0,50.0,79.0,1.0,,103.0,3.0,150.0,27.0,5.0
175421,,,,,,,,423.0,,136.0,,,,,,47.0,12.0,8.0,35.0,,,53.0,4.0,35.0,,
175430,,,,,,,,90.0,,38.0,,,,,,9.0,6.0,4.0,6.0,,,,,22.0,1.0,
175494,,,,,,,,7.0,,5.0,,,,,,1.0,,,,,,,,,,
175519,,,,,,,,209.0,,72.0,,,,,,23.0,2.0,1.0,21.0,1.0,,27.0,2.0,34.0,3.0,3.0
175528,,,,,,,,59.0,,30.0,,,,,,2.0,,,,,,0.0,,2.0,,
175573,,,,,,,,346.0,,130.0,,,,,,26.0,10.0,6.0,16.0,2.0,,84.0,0.0,38.0,,1.0
175591,,,,,,,,4.0,,2.0,,,,,,1.0,,,,,,,,1.0,,
175607,,,,,,,,3.0,,2.0,,,,,,1.0,,,,,,,,0.0,,
175616,,,,,,,,530.0,,193.0,,,,,,39.0,10.0,1.0,34.0,5.0,,82.0,2.0,109.0,20.0,12.0
175643,,,,,,,,237.0,,107.0,,,,,,13.0,2.0,4.0,15.0,,,35.0,,27.0,,1.0
175652,,,,,,,,384.0,,143.0,,,,,,14.0,7.0,10.0,27.0,2.0,,43.0,,58.0,18.0,
175698,,,,,,,,6.0,,3.0,,,,,,,,,,,,,,3.0,,
175722,,,,,,,,4.0,,3.0,,,,,,,,,,,,,,1.0,,
175786,,,,,,,,1230.0,,511.0,,,,,,152.0,10.0,20.0,49.0,,,163.0,,234.0,43.0,2.0
175810,,,,,,,,492.0,,250.0,,,,,,24.0,4.0,10.0,22.0,,,97.0,,53.0,,
175829,,,,,,,,489.0,,234.0,,2.0,,,,12.0,7.0,11.0,60.0,,,68.0,9.0,60.0,9.0,4.0
175856,,,,,,,,1317.0,,446.0,,,,,,127.0,30.0,65.0,42.0,5.0,,93.0,,430.0,33.0,19.0
175883,,,,,,,,435.0,,199.0,,,,,,17.0,2.0,12.0,43.0,3.0,,71.0,3.0,42.0,,
175935,,,,,,,,333.0,,153.0,,,,,,27.0,10.0,8.0,28.0,,,38.0,8.0,45.0,9.0,
175980,,,,,,,,281.0,,94.0,,,,,,20.0,,2.0,28.0,0.0,,32.0,8.0,79.0,11.0,
175999,,,,,,,,90.0,,,,,,,,40.0,10.0,15.0,,,,3.0,,18.0,4.0,
176008,,,,,,,,311.0,,138.0,,,,,,13.0,7.0,8.0,5.0,,,46.0,4.0,74.0,,
176017,,,,,,,,11313.0,,1810.0,,,,,,529.0,924.0,721.0,343.0,3740.0,,1359.0,6.0,1271.0,368.0,47.0
176035,,,,,,,,343.0,,163.0,,,,,,28.0,13.0,12.0,29.0,3.0,,18.0,1.0,63.0,0.0,3.0
176044,,,,,,,,485.0,,127.0,,,,,,44.0,23.0,15.0,60.0,1.0,,78.0,1.0,82.0,10.0,20.0
176053,,,,,,,,630.0,,291.0,,,,,,56.0,18.0,15.0,49.0,2.0,,49.0,,97.0,17.0,1.0
176062,,,,,,,,5.0,,3.0,,,,,,,,,,,,,,2.0,,
176071,,,,,,,,848.0,,367.0,2.0,3.0,,,,47.0,24.0,12.0,31.0,,,155.0,9.0,158.0,,2.0
176080,,,,,,,,4571.0,,989.0,91.0,136.0,,,,130.0,414.0,585.0,187.0,125.0,,327.0,2.0,689.0,193.0,49.0
176169,,,,,,,,274.0,,139.0,,,,,,19.0,3.0,4.0,17.0,,,44.0,,37.0,,2.0
176178,,,,,,,,651.0,,280.0,,,,,,24.0,5.0,14.0,54.0,,,142.0,6.0,49.0,31.0,4.0
176239,,,,,,,,560.0,,373.0,,,,,,7.0,,,,,,69.0,,102.0,,
176318,,,,,,,,179.0,,47.0,,,,,,17.0,13.0,6.0,9.0,1.0,,27.0,,28.0,5.0,2.0
176336,,,,,,,,11.0,,5.0,,,,,,1.0,1.0,1.0,,,,,,1.0,,
176354,,,,,,,,199.0,,81.0,,,,,,14.0,1.0,4.0,15.0,2.0,,32.0,,22.0,7.0,1.0
176372,,,,,,,,2453.0,,789.0,13.0,,,,,126.0,506.0,146.0,104.0,33.0,,214.0,,375.0,85.0,11.0
176390,,,,,,,,16.0,,9.0,,,,,,2.0,1.0,,,,,,1.0,2.0,,
176406,,,,,,,,279.0,,82.0,,,,,,28.0,13.0,8.0,2.0,,,34.0,,109.0,,
176451,,,,,,,,15.0,,5.0,,,,,,4.0,2.0,,0.0,,,,0.0,1.0,,
176479,,,,,,,,419.0,,211.0,,,,,,22.0,7.0,9.0,24.0,1.0,,26.0,,65.0,12.0,
176600,,,,,,,,25.0,,10.0,,,,,,6.0,,1.0,,,,,,5.0,,
176619,,,,,,,,44.0,,12.0,,,,,,7.0,1.0,,,,,,,20.0,,
176628,,,,,,,,280.0,,122.0,,,,,,40.0,10.0,9.0,22.0,0.0,,11.0,,25.0,,
176637,,,,,,,,55.0,,28.0,,,,,,7.0,1.0,1.0,,,,,,16.0,,
176664,,,,,,,,64.0,,19.0,,,,,,20.0,2.0,1.0,2.0,,,6.0,2.0,9.0,,
176716,,,,,,,,12.0,,6.0,,,,,,2.0,1.0,,,,,,1.0,2.0,,
176770,,,,,,,,116.0,,74.0,,5.0,,,,5.0,2.0,4.0,,,,,1.0,4.0,,
176789,,,,,,,,71.0,,27.0,,,,,,19.0,3.0,2.0,1.0,,,2.0,4.0,8.0,2.0,
176798,,,,,,,,53.0,,33.0,,,,,,5.0,,,,,,5.0,,6.0,,
176910,,,,,,,,39.0,,12.0,,,,,,6.0,1.0,1.0,3.0,,,2.0,2.0,11.0,,
176947,,,,,,,,216.0,,81.0,,,,,,12.0,12.0,6.0,31.0,2.0,,26.0,2.0,27.0,6.0,
176965,,,,,,,,1388.0,,549.0,,,,,,150.0,111.0,55.0,47.0,18.0,,138.0,,183.0,52.0,20.0
176983,,,,,,,,41.0,,21.0,,,,,,5.0,,,,,,4.0,,2.0,,
176992,,,,,,,,2.0,,1.0,,,,,,,,,,,,,,1.0,,
177038,,,,,,,,95.0,,43.0,0.0,,,,,17.0,1.0,,1.0,1.0,,3.0,6.0,20.0,,
177056,,,,,,,,22.0,,10.0,,,,,,1.0,2.0,,0.0,,,,,3.0,,
177065,,,,,,,,978.0,,318.0,,,,,,150.0,63.0,57.0,132.0,3.0,,52.0,,149.0,9.0,1.0
177083,,,,,,,,15.0,,5.0,,,,,,2.0,,,,,,,,1.0,,
177092,,,,,,,,122.0,,43.0,,1.0,,,,12.0,8.0,6.0,8.0,,,3.0,13.0,16.0,,
177117,,,,,,,,150.0,,40.0,1.0,,,,,44.0,,,,,,41.0,,19.0,,
177126,,,,,,,,81.0,,20.0,,,,,,4.0,9.0,,,,,12.0,,22.0,,
177135,,,,,,,,451.0,,250.0,,,,,,28.0,1.0,7.0,1.0,,,13.0,,71.0,6.0,
177144,,,,,,,,176.0,,58.0,,,,,,17.0,,4.0,33.0,1.0,,34.0,2.0,20.0,,
177214,,,,,,,,534.0,,266.0,,,,,,24.0,13.0,22.0,83.0,3.0,,49.0,,52.0,16.0,
177250,,,,,,,,279.0,,123.0,,,,,,26.0,18.0,12.0,7.0,,,16.0,4.0,41.0,3.0,
177278,,,,,,,,32.0,,11.0,,,,,,7.0,1.0,,1.0,,,2.0,,5.0,3.0,
177287,,,,,,,,20.0,,10.0,,,,,,2.0,2.0,,,,,1.0,,2.0,,
177302,,,,,,,,87.0,,23.0,,,,,,5.0,13.0,1.0,,,,,23.0,5.0,,
177339,,,,,,,,364.0,,126.0,,,,,,37.0,6.0,13.0,22.0,7.0,,45.0,,41.0,15.0,
177418,,,,,,,,310.0,,119.0,,,,,,53.0,4.0,10.0,19.0,3.0,,24.0,,41.0,2.0,
177427,,,,,,,,67.0,,32.0,,,,,,6.0,4.0,1.0,3.0,0.0,,,,9.0,1.0,
177436,,,,,,,,51.0,,22.0,,,,,,,,1.0,1.0,2.0,,11.0,,4.0,2.0,
177472,,,,,,,,1162.0,,464.0,,,,,,60.0,28.0,45.0,16.0,1.0,,128.0,18.0,43.0,,2.0
177542,,,,,,,,162.0,,77.0,,,,,,11.0,3.0,2.0,22.0,3.0,,4.0,,34.0,,
177551,,,,,,,,226.0,,81.0,,,,,,29.0,6.0,14.0,19.0,,,10.0,,26.0,10.0,2.0
177579,,,,,,,,61.0,,24.0,,,,,,6.0,,,,,,,,4.0,,
177588,,,,,,,,5.0,,3.0,,,,,,,,,,,,,,1.0,,
177603,,,,,,,,12.0,,6.0,,,,,,3.0,,,,,,,,3.0,,
177676,,,,,,,,374.0,,171.0,,,,,,32.0,3.0,17.0,10.0,2.0,,24.0,2.0,77.0,11.0,
177685,,,,,,,,6.0,,3.0,,,,,,1.0,1.0,,,,,,,1.0,,
177719,,,,,,,,104.0,,52.0,3.0,,,,,10.0,3.0,2.0,4.0,2.0,,,,7.0,,
177746,,,,,,,,188.0,,73.0,,,,,,15.0,8.0,5.0,21.0,,,20.0,9.0,26.0,6.0,
177816,,,,,,,,49.0,,25.0,,,,,,4.0,5.0,1.0,,,,2.0,,6.0,3.0,
177834,,,,,,,,944.0,,358.0,,,,,,93.0,29.0,35.0,19.0,14.0,,81.0,,288.0,9.0,10.0
177870,,,,,,,,23.0,,15.0,,,,,,,,,,,,,,3.0,,
177931,,,,,,,,14.0,,10.0,,,,,,1.0,1.0,,,,,,,2.0,,
177940,,,,,,,,477.0,,142.0,26.0,8.0,,,,29.0,23.0,36.0,57.0,3.0,,46.0,,58.0,24.0,2.0
177968,,,,,,,,1211.0,,779.0,,,,,,45.0,34.0,21.0,117.0,,,73.0,1.0,10.0,,
177977,,,,,,,,176.0,,92.0,,,,,,22.0,2.0,3.0,3.0,,,13.0,,23.0,,
177986,,,,,,,,203.0,,68.0,7.0,,,,,32.0,17.0,9.0,4.0,2.0,,15.0,,37.0,7.0,
177995,,,,,,,,1207.0,,595.0,,,,,,57.0,2.0,23.0,106.0,6.0,,80.0,,225.0,19.0,9.0
178004,,,,,,,,28.0,,16.0,,,,,,2.0,,,,,,1.0,,8.0,,
178059,,,,,,,,505.0,,259.0,,,,,,72.0,30.0,21.0,23.0,6.0,,39.0,2.0,46.0,,
178077,,,,,,,,13.0,,7.0,,,,,,3.0,1.0,,,,,,,2.0,,
178110,,,,,,,,13.0,,7.0,,,,,,,,,,,,,,6.0,,
178129,,,,,,,,187.0,,11.0,,,,,,26.0,9.0,34.0,18.0,,,4.0,,54.0,8.0,1.0
178183,,,,,,,,24.0,,11.0,,,,,,2.0,2.0,,,,,,3.0,2.0,,
178208,,,,,,,,93.0,,21.0,,,,,,16.0,3.0,3.0,3.0,,,15.0,,22.0,1.0,
178217,,,,,,,,314.0,,151.0,,,,,,27.0,11.0,10.0,26.0,,,31.0,,39.0,,
178226,,,,,,,,37.0,,16.0,,,,,,7.0,,,,,,,6.0,2.0,,
178244,,,,,,,,376.0,,143.0,,,,,,30.0,16.0,10.0,33.0,5.0,,30.0,,59.0,6.0,3.0
178262,,,,,,,,6.0,,3.0,,,,,,1.0,1.0,,,,,,,,,
178305,,,,,,,,64.0,,35.0,,,,,,3.0,3.0,1.0,,,,,8.0,2.0,,
178314,,,,,,,,3.0,,2.0,,,,,,1.0,,,,,,,,,,
178341,,,,,,,,596.0,,251.0,,,,,,54.0,6.0,31.0,33.0,3.0,,54.0,0.0,105.0,25.0,
178350,,,,,,,,14.0,,7.0,,,,,,2.0,,,,,,,1.0,4.0,,
178369,,,,,,,,221.0,,114.0,,,,,,8.0,7.0,5.0,19.0,1.0,,25.0,,16.0,,
178387,,,,,,,,595.0,,269.0,,,,,,27.0,16.0,13.0,39.0,2.0,,57.0,,84.0,16.0,
178396,,,,,,,,9471.0,,2161.0,351.0,131.0,,,,879.0,331.0,1065.0,695.0,455.0,,670.0,29.0,1789.0,417.0,115.0
178402,,,,,,,,2860.0,,873.0,22.0,3.0,,,,274.0,99.0,209.0,249.0,412.0,,186.0,2.0,367.0,64.0,9.0
178411,,,,,,,,1321.0,,399.0,20.0,,,,,159.0,38.0,114.0,130.0,12.0,,109.0,1.0,249.0,69.0,2.0
178420,,,,,,,,1717.0,,603.0,15.0,23.0,,,,233.0,83.0,95.0,189.0,14.0,,120.0,5.0,232.0,54.0,6.0
178439,,,,,,,,458.0,,,,,,,,96.0,81.0,169.0,24.0,,,1.0,6.0,59.0,1.0,
178448,,,,,,,,351.0,,155.0,,1.0,,,,34.0,3.0,10.0,8.0,,,30.0,,47.0,6.0,1.0
178466,,,,,,,,52.0,,31.0,,,,,,3.0,,1.0,2.0,,,3.0,,6.0,5.0,
178484,,,,,,,,21.0,,11.0,,,,,,4.0,2.0,1.0,,,,,1.0,,,
178518,,,,,,,,42.0,,15.0,1.0,,,,,2.0,2.0,2.0,1.0,,,1.0,,3.0,4.0,
178527,,,,,,,,5.0,,2.0,,,,,,2.0,,,,,,,,1.0,,
178615,,,,,,,,758.0,,337.0,,,,,,29.0,15.0,30.0,108.0,12.0,,52.0,1.0,83.0,46.0,8.0
178624,,,,,,,,707.0,,251.0,,,,,,26.0,97.0,28.0,33.0,9.0,,85.0,4.0,81.0,44.0,9.0
178679,,,,,,,,115.0,,35.0,1.0,,,,,9.0,8.0,7.0,6.0,0.0,,23.0,2.0,19.0,,
178697,,,,,,,,300.0,,95.0,,,,,,31.0,4.0,5.0,6.0,3.0,,37.0,1.0,33.0,48.0,13.0
178721,,,,,,,,850.0,,400.0,,,,,,64.0,45.0,28.0,23.0,3.0,,31.0,,132.0,9.0,
178767,,,,,,,,17.0,,9.0,,,,,,2.0,,,,,,,2.0,1.0,,
178828,,,,,,,,24.0,,16.0,,,,,,3.0,,,,,,2.0,,2.0,,
178891,,,,,,,,192.0,,110.0,,,,,,4.0,24.0,6.0,,,,6.0,,13.0,,
178989,,,,,,,,46.0,,34.0,,,,,,2.0,2.0,1.0,,,,,,4.0,,
179043,,,,,,,,377.0,,166.0,,,,,,33.0,15.0,16.0,38.0,2.0,,37.0,4.0,36.0,12.0,
179052,,,,,,,,51.0,,30.0,,,,,,4.0,1.0,,1.0,,,6.0,,5.0,,
179070,,,,,,,,29.0,,10.0,,,,,,7.0,,,,,,,,11.0,,
179159,,,,,,,,4408.0,,1605.0,,,,,,560.0,241.0,303.0,139.0,254.0,,435.0,1.0,779.0,1.0,37.0
179195,,,,,,,,5.0,,2.0,,,,,,,,,,,,,,3.0,,
179201,,,,,,,,9.0,,3.0,,,,,,2.0,,,,,,,,2.0,,
179229,,,,,,,,5.0,,4.0,,,,,,,1.0,,,,,,,,,
179238,,,,,,,,29.0,,12.0,,,,,,,,,,12.0,,,,5.0,,
179256,,,,,,,,43.0,,17.0,,,,,,5.0,3.0,1.0,,,,5.0,1.0,2.0,3.0,
179265,,,,,,,,240.0,,97.0,,,,,,51.0,7.0,17.0,15.0,,,9.0,,37.0,4.0,
179308,,,,,,,,1921.0,,783.0,,,,,,103.0,161.0,65.0,37.0,2.0,,141.0,,332.0,40.0,6.0
179317,,,,,,,,38.0,,20.0,,,,,,5.0,6.0,,,,,,,0.0,,
179326,,,,,,,,390.0,,175.0,,,,,,41.0,20.0,10.0,32.0,,,38.0,,50.0,3.0,
179344,,,,,,,,179.0,,64.0,,,,,,9.0,5.0,12.0,18.0,1.0,,15.0,4.0,26.0,,
179399,,,,,,,,3.0,,3.0,,,,,,,,,,,,,,,,
179450,,,,,,,,36.0,,24.0,,,,,,,,,,,,,,,,
179511,,,,,,,,37.0,,10.0,,,,,,7.0,,1.0,,,,2.0,,3.0,,
179539,,,,,,,,338.0,,182.0,,,,,,6.0,,1.0,0.0,,,21.0,,127.0,,
179548,,,,,,,,221.0,,72.0,,,,,,16.0,18.0,8.0,16.0,1.0,,31.0,9.0,12.0,15.0,
179557,,,,,,,,1150.0,,397.0,,,,,,55.0,122.0,31.0,112.0,6.0,,113.0,,149.0,72.0,33.0
179566,,,,,,,,2342.0,,860.0,5.0,,,,,90.0,145.0,141.0,182.0,43.0,,220.0,12.0,345.0,90.0,9.0
179645,,,,,,,,278.0,,126.0,,,,,,28.0,8.0,14.0,16.0,,,14.0,6.0,28.0,3.0,
179715,,,,,,,,143.0,,63.0,,,,,,11.0,10.0,7.0,,,,13.0,3.0,28.0,,
179742,,,,,,,,31.0,,1.0,,,,,,2.0,,,,27.0,,,,1.0,,
179812,,,,,,,,225.0,,52.0,4.0,,,,,21.0,13.0,13.0,6.0,6.0,,42.0,,38.0,6.0,1.0
179867,,,,,,,,12734.0,,1753.0,860.0,989.0,,,,818.0,933.0,1733.0,344.0,1510.0,,1198.0,11.0,2120.0,249.0,63.0
179894,,,,,,,,1430.0,,696.0,,,,,,165.0,45.0,46.0,88.0,2.0,,26.0,,204.0,18.0,
179919,,,,,,,,65.0,,19.0,,,,,,11.0,1.0,2.0,5.0,2.0,,9.0,1.0,12.0,,
179946,,,,,,,,209.0,,68.0,,,,,,28.0,7.0,5.0,1.0,,,3.0,,25.0,17.0,
179955,,,,,,,,258.0,,100.0,,,,,,46.0,15.0,7.0,38.0,1.0,,8.0,,30.0,9.0,
179964,,,,,,,,274.0,,135.0,,,,,,15.0,12.0,11.0,3.0,,,2.0,,14.0,24.0,
179991,,,,,,,,3.0,,2.0,,,,,,,,,,,,,,1.0,,
180054,,,,,,,,164.0,,98.0,1.0,2.0,,,,11.0,5.0,3.0,,,,9.0,1.0,14.0,2.0,
180063,,,,,,,,5.0,,4.0,,,,,,,,,,,,,,1.0,,
180090,,,,,,,,6.0,,5.0,,,,,,,,,,,,,,,0.0,
180106,,,,,,,,275.0,,110.0,,,,,,42.0,22.0,9.0,27.0,4.0,,25.0,,12.0,4.0,2.0
180151,,,,,,,,46.0,,16.0,,,,,,4.0,4.0,2.0,2.0,,,5.0,1.0,1.0,,
180160,,,,,,,,57.0,,12.0,,1.0,,,,4.0,1.0,2.0,6.0,,,11.0,,10.0,,
180179,,,,,,,,558.0,,224.0,,,,,,80.0,29.0,17.0,60.0,3.0,,45.0,8.0,61.0,12.0,3.0
180197,,,,,,,,257.0,,102.0,,,,,,20.0,13.0,9.0,14.0,2.0,,19.0,,31.0,2.0,
180203,,,,,,,,61.0,,17.0,,4.0,,,,12.0,2.0,1.0,,,,4.0,1.0,8.0,1.0,
180212,,,,,,,,74.0,,28.0,,,,,,5.0,1.0,,,,,1.0,,30.0,7.0,
180249,,,,,,,,161.0,,68.0,,,,,,33.0,11.0,9.0,6.0,,,3.0,1.0,16.0,8.0,
180258,,,,,,,,172.0,,60.0,,,,,,15.0,15.0,6.0,28.0,3.0,,14.0,,18.0,1.0,2.0
180276,,,,,,,,136.0,,79.0,,,,,,20.0,7.0,3.0,2.0,,,3.0,2.0,15.0,3.0,
180328,,,,,,,,89.0,,21.0,6.0,,,,,3.0,7.0,7.0,23.0,,,,,10.0,5.0,
180373,,,,,,,,84.0,,31.0,,1.0,,,,16.0,0.0,2.0,5.0,,,13.0,0.0,13.0,,
180391,,,,,,,,6.0,,3.0,,,,,,1.0,,,,,,,,2.0,,
180416,,,,,,,,458.0,,175.0,45.0,,,,,60.0,10.0,26.0,19.0,1.0,,49.0,2.0,44.0,9.0,4.0
180461,,,,,,,,2578.0,,699.0,37.0,18.0,,,,356.0,196.0,364.0,95.0,32.0,,254.0,13.0,206.0,88.0,31.0
180489,,,,,,,,2102.0,,653.0,49.0,59.0,,,,360.0,87.0,207.0,108.0,62.0,,176.0,11.0,204.0,67.0,22.0
180522,,,,,,,,209.0,,71.0,2.0,,,,,28.0,9.0,11.0,19.0,6.0,,19.0,,17.0,5.0,
180595,,,,,,,,199.0,,80.0,0.0,,,,,20.0,4.0,7.0,27.0,1.0,,17.0,,23.0,3.0,5.0
180647,,,,,,,,179.0,,76.0,,,,,,8.0,10.0,7.0,13.0,2.0,,1.0,,10.0,12.0,
180692,,,,,,,,208.0,,75.0,,,,,,36.0,8.0,8.0,15.0,1.0,,31.0,5.0,18.0,4.0,4.0
180771,,,,,,,,4.0,,2.0,,,,,,1.0,,,,,,,1.0,,0.0,
180814,,,,,,,,746.0,,206.0,,,,,,125.0,93.0,21.0,19.0,3.0,,27.0,34.0,24.0,15.0,
180832,,,,,,,,132.0,,58.0,,,,,,28.0,13.0,5.0,3.0,,,,,4.0,5.0,
180878,,,,,,,,73.0,,44.0,,,,,,13.0,2.0,1.0,4.0,,,,,6.0,,
180902,,,,,,,,598.0,,246.0,,,,,,40.0,24.0,16.0,42.0,1.0,,37.0,2.0,98.0,16.0,3.0
180948,,,,,,,,302.0,,105.0,,,,,,23.0,14.0,12.0,21.0,1.0,,27.0,,20.0,24.0,5.0
180957,,,,,,,,18.0,,10.0,,,,,,4.0,,,,,,0.0,,4.0,,
180984,,,,,,,,251.0,,111.0,,,,,,26.0,9.0,6.0,36.0,3.0,,0.0,,29.0,,
181002,,,,,,,,1921.0,,701.0,26.0,,,,,177.0,236.0,86.0,79.0,64.0,,169.0,7.0,275.0,26.0,12.0
181020,,,,,,,,274.0,,95.0,2.0,,,,,32.0,7.0,10.0,33.0,3.0,,40.0,1.0,30.0,8.0,1.0
181093,,,,,,,,93.0,,36.0,,,,,,8.0,1.0,3.0,8.0,0.0,,7.0,,11.0,3.0,
181127,,,,,,,,257.0,,93.0,,,,,,27.0,5.0,6.0,33.0,,,,,27.0,38.0,
181136,,,,,,,,3.0,,3.0,,,,,,,,,,,,,,,,
181145,,,,,,,,3.0,,3.0,,,,,,,,,,,,,,,,
181190,,,,,,,,42.0,,23.0,,,,,,12.0,1.0,,,,,,3.0,2.0,1.0,
181215,,,,,,,,823.0,,367.0,,,,,,93.0,27.0,29.0,48.0,5.0,,69.0,,111.0,25.0,9.0
181242,,,,,,,,51.0,,17.0,,,,,,8.0,3.0,1.0,12.0,,,,,1.0,,
181297,,,,,,,,123.0,,59.0,,,,,,20.0,6.0,5.0,1.0,0.0,,1.0,,13.0,,
181303,,,,,,,,1118.0,,601.0,,,,,,64.0,37.0,43.0,48.0,1.0,,81.0,3.0,150.0,28.0,
181312,,,,,,,,334.0,,156.0,3.0,,,,,4.0,6.0,14.0,30.0,5.0,,6.0,1.0,26.0,28.0,4.0
181330,,,,,,,,229.0,,81.0,,,,,,25.0,11.0,6.0,55.0,2.0,,2.0,22.0,15.0,9.0,
181376,,,,,,,,31.0,,14.0,,,,,,4.0,2.0,,1.0,,,2.0,3.0,3.0,1.0,
181394,,,,,,,,1654.0,,701.0,13.0,6.0,,,,215.0,56.0,77.0,118.0,10.0,,151.0,8.0,211.0,24.0,6.0
181400,,,,,,,,61.0,,20.0,,,,,,8.0,2.0,,12.0,,,0.0,,4.0,,
181419,,,,,,,,32.0,,12.0,,,,,,5.0,3.0,1.0,,,,1.0,,5.0,,
181428,,,,,,,,3856.0,,454.0,194.0,404.0,,,,332.0,184.0,499.0,98.0,909.0,,166.0,4.0,492.0,66.0,23.0
181446,,,,,,,,337.0,,148.0,,,,,,20.0,40.0,10.0,26.0,5.0,,29.0,,26.0,6.0,4.0
181464,,,,,,,,5799.0,,1297.0,328.0,187.0,,,,583.0,310.0,711.0,367.0,63.0,,603.0,28.0,710.0,226.0,81.0
181491,,,,,,,,403.0,,173.0,,,,,,30.0,9.0,22.0,16.0,,,37.0,3.0,69.0,11.0,
181534,,,,,,,,207.0,,74.0,,,,,,22.0,3.0,6.0,26.0,4.0,,18.0,,29.0,13.0,1.0
181543,,,,,,,,12.0,,4.0,,1.0,,,,3.0,0.0,,1.0,,,1.0,,1.0,,
181604,,,,,,,,150.0,,55.0,,,,,,25.0,4.0,5.0,17.0,,,12.0,1.0,24.0,4.0,
181640,,,,,,,,767.0,,442.0,,,,,,32.0,24.0,17.0,18.0,0.0,,57.0,4.0,65.0,21.0,4.0
181738,,,,,,,,186.0,,78.0,,,,,,14.0,12.0,7.0,15.0,0.0,,17.0,,16.0,7.0,
181747,,,,,,,,205.0,,,,,,,,50.0,7.0,102.0,12.0,,,,,22.0,,
181756,,,,,,,,19.0,,7.0,,,,,,1.0,1.0,,,,,1.0,,1.0,,
181765,,,,,,,,55.0,,18.0,,,,,,5.0,3.0,1.0,,,,13.0,5.0,3.0,5.0,
181783,,,,,,,,412.0,,158.0,,,,,,34.0,17.0,11.0,32.0,4.0,,49.0,,52.0,14.0,6.0
181792,,,,,,,,2.0,,2.0,,,,,,,,,,,,,,,,
181817,,,,,,,,277.0,,104.0,,,,,,24.0,9.0,6.0,34.0,0.0,,14.0,2.0,31.0,10.0,1.0
181853,,,,,,,,99.0,,34.0,,,,,,5.0,6.0,1.0,16.0,,,10.0,9.0,6.0,4.0,
181880,,,,,,,,17.0,,10.0,,,,,,1.0,3.0,,,,,,1.0,2.0,,
181941,,,,,,,,75.0,,37.0,,,,,,3.0,11.0,1.0,,,,1.0,7.0,13.0,,
182005,,,,,,,,1505.0,,764.0,,20.0,,,,86.0,48.0,43.0,60.0,13.0,,90.0,,275.0,37.0,1.0
182111,,,,,,,,90.0,,38.0,,,,,,11.0,1.0,,,,,,,40.0,,
182148,,,,,,,,60.0,,20.0,,,,,,9.0,1.0,1.0,,,,,,28.0,,
182209,,,,,,,,24.0,,11.0,,,,,,2.0,,,,,,,,,,
182281,,,,,,,,3306.0,,1115.0,,,,,,105.0,221.0,305.0,249.0,36.0,,313.0,4.0,556.0,128.0,3.0
182290,,,,,,,,2920.0,,937.0,126.0,30.0,,,,114.0,305.0,275.0,191.0,48.0,,170.0,10.0,544.0,138.0,7.0
182306,,,,,,,,279.0,,103.0,,,,,,13.0,10.0,11.0,8.0,1.0,,18.0,,42.0,8.0,
182397,,,,,,,,11.0,,6.0,,,,,,1.0,,,,,,,,,,
182458,,,,,,,,140.0,,75.0,,,,,,10.0,14.0,6.0,9.0,0.0,,,,14.0,,2.0
182500,,,,,,,,585.0,,289.0,,,,,,55.0,11.0,15.0,7.0,,,40.0,,126.0,14.0,
182519,,,,,,,,195.0,,,,,,,,31.0,55.0,78.0,7.0,,,,,24.0,,
182564,,,,,,,,293.0,,119.0,,,,,,21.0,27.0,10.0,17.0,,,28.0,,27.0,5.0,
182634,,,,,,,,310.0,,89.0,,,,,,34.0,19.0,12.0,28.0,6.0,,73.0,,32.0,,
182652,,,,,,,,8.0,,5.0,,,,,,1.0,2.0,,,,,0.0,,,,
182661,,,,,,,,146.0,,61.0,,,,,,22.0,2.0,1.0,17.0,,,5.0,,33.0,2.0,
182670,,,,,,,,4186.0,,862.0,65.0,,,,,337.0,175.0,753.0,357.0,91.0,,430.0,4.0,581.0,111.0,20.0
182704,,,,,,,,8.0,,6.0,,,,,,1.0,,,,,,,,,,
182722,,,,,,,,8.0,,6.0,,,,,,1.0,,,,,,,,,,
182795,,,,,,,,364.0,,173.0,,,,,,36.0,13.0,5.0,37.0,6.0,,26.0,,35.0,7.0,
182829,,,,,,,,79.0,,28.0,9.0,,,,,11.0,4.0,3.0,3.0,,,,,12.0,2.0,
182865,,,,,,,,156.0,,67.0,,,,,,16.0,5.0,8.0,23.0,,,5.0,,,,
182892,,,,,,,,6.0,,2.0,,,,,,4.0,,,,,,0.0,,,,
182917,,,,,,,,16.0,,7.0,,,,,,5.0,1.0,,,,,,,2.0,,
182953,,,,,,,,26.0,,14.0,,,,,,3.0,3.0,,0.0,,,,,4.0,1.0,
182980,,,,,,,,218.0,,93.0,,,,,,26.0,9.0,3.0,27.0,5.0,,6.0,,31.0,,
182999,,,,,,,,5.0,,2.0,,,,,,1.0,1.0,,,,,,,1.0,,
183026,,,,,,,,2627.0,,898.0,,,,,,124.0,152.0,79.0,517.0,8.0,,67.0,,414.0,21.0,2.0
183035,,,,,,,,7.0,,5.0,,,,,,,,,,,,,,2.0,,
183044,,,,,,,,2841.0,,750.0,91.0,,,,,395.0,160.0,329.0,150.0,24.0,,182.0,1.0,429.0,69.0,39.0
183062,,,,,,,,676.0,,289.0,,,,,,82.0,25.0,41.0,36.0,5.0,,13.0,3.0,105.0,25.0,4.0
183071,,,,,,,,110.0,,53.0,1.0,,,,,11.0,4.0,5.0,10.0,,,5.0,,15.0,,
183080,,,,,,,,692.0,,266.0,6.0,,,,,90.0,41.0,36.0,43.0,1.0,,58.0,1.0,99.0,20.0,8.0
183099,,,,,,,,415.0,,217.0,,,,,,11.0,8.0,10.0,,1.0,,30.0,,47.0,,
183105,,,,,,,,115.0,,70.0,,,,,,4.0,4.0,1.0,,,,7.0,,11.0,,
183114,,,,,,,,134.0,,68.0,,,,,,5.0,4.0,1.0,,,,7.0,,21.0,,
183123,,,,,,,,134.0,,82.0,,,,,,3.0,4.0,2.0,,,,9.0,,16.0,,
183132,,,,,,,,255.0,,152.0,,,,,,5.0,7.0,8.0,,,,13.0,,20.0,,
183141,,,,,,,,215.0,,124.0,,,,,,4.0,8.0,3.0,,,,2.0,,17.0,10.0,
183150,,,,,,,,204.0,,114.0,,,,,,4.0,7.0,0.0,,,,6.0,,35.0,,
183202,,,,,,,,9.0,,5.0,,,,,,,1.0,,,,,,1.0,2.0,,
183211,,,,,,,,295.0,,110.0,,,,,,36.0,12.0,10.0,6.0,1.0,,38.0,,23.0,,
183239,,,,,,,,587.0,,166.0,,,,,,86.0,7.0,21.0,34.0,8.0,,146.0,2.0,56.0,25.0,5.0
183248,,,,,,,,16.0,,11.0,,,,,,,,,,,,,,2.0,,
183257,,,,,,,,160.0,,68.0,,,,,,23.0,10.0,9.0,8.0,,,1.0,,28.0,,
183275,,,,,,,,16.0,,6.0,,,,,,6.0,1.0,,0.0,,,2.0,,,,
183327,,,,,,,,67.0,,,,,,,,26.0,17.0,8.0,3.0,,,,,13.0,,
183488,,,,,,,,54.0,,27.0,,,,,,6.0,,,,,,0.0,1.0,18.0,1.0,
183600,,,,,,,,8.0,,4.0,,,,,,1.0,1.0,,,,,,,0.0,,
183655,,,,,,,,448.0,,194.0,4.0,,,,,31.0,27.0,19.0,11.0,2.0,,55.0,,58.0,8.0,4.0
183725,,,,,,,,61.0,,46.0,,,,,,5.0,5.0,,,,,1.0,,4.0,,
183743,,,,,,,,1021.0,,589.0,,,,,,62.0,28.0,33.0,28.0,2.0,,102.0,,110.0,9.0,3.0
183789,,,,,,,,543.0,,224.0,,,,,,43.0,29.0,,12.0,,,15.0,3.0,46.0,,
183804,,,,,,,,125.0,,34.0,1.0,2.0,,,,24.0,9.0,5.0,2.0,,,5.0,8.0,22.0,1.0,1.0
183822,,,,,,,,336.0,,117.0,,,,,,44.0,,16.0,7.0,5.0,,23.0,,108.0,8.0,
183859,,,,,,,,841.0,,513.0,,,,,,17.0,20.0,3.0,21.0,,,25.0,6.0,88.0,14.0,11.0
183877,,,,,,,,605.0,,261.0,,,,,,57.0,28.0,8.0,33.0,,,75.0,,71.0,11.0,10.0
183910,,,,,,,,295.0,,141.0,,,,,,40.0,11.0,6.0,27.0,5.0,,1.0,,35.0,,
183938,,,,,,,,607.0,,314.0,,,,,,28.0,12.0,35.0,26.0,3.0,,33.0,,81.0,17.0,
183974,,,,,,,,326.0,,123.0,,,,,,38.0,19.0,16.0,41.0,4.0,,18.0,,31.0,5.0,1.0
183983,,,,,,,,14.0,,4.0,,,,,,2.0,1.0,,,,,1.0,,5.0,,
184047,,,,,,,,14.0,,6.0,,,,,,3.0,,,,,,,,2.0,,
184056,,,,,,,,49.0,,22.0,,,,,,16.0,,,,,,1.0,,5.0,,
184092,,,,,,,,38.0,,15.0,,,,,,5.0,,,,,,,7.0,10.0,2.0,
184144,,,,,,,,11.0,,8.0,,,,,,1.0,,,,,,,,1.0,,
184153,,,,,,,,6.0,,2.0,,,,,,3.0,,,,,,,,,,
184180,,,,,,,,590.0,,288.0,,,,,,50.0,10.0,33.0,21.0,3.0,,48.0,,107.0,12.0,6.0
184205,,,,,,,,266.0,,121.0,,,,,,13.0,17.0,6.0,32.0,1.0,,25.0,,32.0,,
184278,,,,,,,,12.0,,7.0,,,,,,1.0,1.0,,,,,,2.0,1.0,,
184320,,,,,,,,70.0,,30.0,,,,,,9.0,,2.0,,,,1.0,6.0,14.0,1.0,
184348,,,,,,,,481.0,,181.0,,,,,,60.0,36.0,24.0,57.0,5.0,,24.0,,48.0,6.0,3.0
184357,,,,,,,,9.0,,7.0,,,,,,1.0,,,,,,,,1.0,,
184427,,,,,,,,24.0,,12.0,,,,,,8.0,,,,,,,,3.0,,
184481,,,,,,,,769.0,,352.0,,,,,,97.0,27.0,17.0,9.0,,,53.0,,107.0,36.0,
184506,,,,,,,,10.0,,6.0,,,,,,1.0,,,,,,,,2.0,,
184603,,,,,,,,845.0,,341.0,,,,,,184.0,28.0,24.0,50.0,7.0,,37.0,,152.0,5.0,3.0
184612,,,,,,,,291.0,,119.0,,,,,,25.0,11.0,10.0,30.0,5.0,,6.0,,53.0,8.0,8.0
184694,,,,,,,,440.0,,217.0,,,,,,41.0,23.0,11.0,35.0,5.0,,26.0,,65.0,3.0,6.0
184746,,,,,,,,37.0,,19.0,,,,,,4.0,2.0,1.0,,,,3.0,2.0,2.0,,
184773,,,,,,,,385.0,,143.0,,,,,,54.0,13.0,7.0,38.0,2.0,,49.0,6.0,52.0,3.0,
184782,,,,,,,,2683.0,,882.0,30.0,,,,,208.0,206.0,142.0,52.0,257.0,,314.0,1.0,461.0,93.0,7.0
184791,,,,,,,,426.0,,165.0,,,,,,42.0,23.0,14.0,36.0,4.0,,42.0,3.0,55.0,6.0,
184816,,,,,,,,11.0,,7.0,,,,,,1.0,,,,,,,,2.0,,
184870,,,,,,,,25.0,,13.0,,,,,,5.0,,,,,,,,2.0,,
184959,,,,,,,,106.0,,46.0,,,,,,15.0,,5.0,,,,,1.0,32.0,4.0,
184968,,,,,,,,21.0,,16.0,,,,,,,,,,,,,,4.0,,
184995,,,,,,,,676.0,,276.0,,,,,,56.0,4.0,52.0,31.0,,,14.0,,126.0,8.0,
185129,,,,,,,,1160.0,,432.0,,39.0,,,,75.0,30.0,41.0,9.0,7.0,,114.0,,132.0,31.0,
185174,,,,,,,,28.0,,19.0,,,,,,2.0,,,,,,,,6.0,1.0,
185262,,,,,,,,1362.0,,691.0,,,,,,146.0,28.0,27.0,56.0,5.0,,90.0,,261.0,39.0,7.0
185332,,,,,,,,21.0,,14.0,,,,,,5.0,,,,,,,,,,
185396,,,,,,,,79.0,,36.0,,,,,,24.0,1.0,1.0,,,,,,15.0,,
185466,,,,,,,,22.0,,12.0,,,,,,5.0,,,,,,,,5.0,,
185509,,,,,,,,624.0,,257.0,,,,,,39.0,14.0,22.0,39.0,1.0,,49.0,,89.0,7.0,
185536,,,,,,,,857.0,,356.0,3.0,,,,,8.0,39.0,59.0,30.0,15.0,,119.0,7.0,128.0,20.0,5.0
185572,,,,,,,,1071.0,,391.0,,,,,,78.0,40.0,49.0,121.0,15.0,,146.0,,172.0,,
185590,,,,,,,,2279.0,,987.0,,,,,,68.0,363.0,46.0,103.0,5.0,,209.0,,358.0,71.0,34.0
185624,,,,,,,,16.0,,11.0,,,,,,,,,,,,,,4.0,,
185651,,,,,,,,12.0,,11.0,,,,,,1.0,,,,,,,,,,
185679,,,,,,,,40.0,,24.0,,,,,,3.0,,,,,,2.0,,9.0,,
185721,,,,,,,,40.0,,21.0,,,,,,3.0,,,,,,,6.0,10.0,,
185730,,,,,,,,7.0,,3.0,,,,,,1.0,,,,,,,,1.0,1.0,
185758,,,,,,,,38.0,,16.0,,,,,,3.0,2.0,1.0,,,,4.0,,5.0,,
185767,,,,,,,,13.0,,6.0,,,,,,1.0,,,,,,,1.0,3.0,1.0,
185828,,,,,,,,1448.0,,500.0,37.0,,,,,87.0,88.0,134.0,127.0,15.0,,118.0,,208.0,40.0,3.0
185873,,,,,,,,537.0,,250.0,,,,,,94.0,16.0,20.0,18.0,,,29.0,,92.0,9.0,
185916,,,,,,,,24.0,,7.0,,,,,,7.0,,,,,,0.0,,9.0,,
185970,,,,,,,,17.0,,8.0,,,,,,2.0,2.0,,,,,,,4.0,1.0,
186016,,,,,,,,39.0,,15.0,,,,,,3.0,1.0,,,,,,9.0,5.0,1.0,
186034,,,,,,,,623.0,,242.0,,,,,,58.0,7.0,17.0,31.0,1.0,,47.0,,85.0,4.0,
186052,,,,,,,,74.0,,37.0,,,,,,3.0,,1.0,,,,7.0,8.0,16.0,,
186122,,,,,,,,214.0,,47.0,,,,,,44.0,1.0,6.0,11.0,,,22.0,,46.0,17.0,4.0
186131,,,,,,,,5541.0,,953.0,,,,,,582.0,252.0,1139.0,184.0,55.0,,708.0,,861.0,432.0,
186186,,,,,,,,31.0,,16.0,,,,,,1.0,2.0,,,,,,,2.0,10.0,
186201,,,,,,,,764.0,,288.0,,,,,,36.0,,28.0,17.0,,,73.0,,177.0,34.0,
186274,,,,,,,,19.0,,9.0,,,,,,0.0,2.0,,,,,,1.0,5.0,1.0,
186283,,,,,,,,903.0,,347.0,,,,,,87.0,58.0,27.0,90.0,2.0,,50.0,,107.0,31.0,
186335,,,,,,,,8.0,,4.0,,,,,,1.0,1.0,,,,,,,1.0,,
186371,,,,,,,,931.0,,399.0,7.0,,,,,14.0,90.0,27.0,25.0,11.0,,139.0,,93.0,29.0,
186380,,,,,,,,16578.0,,3914.0,730.0,55.0,,,,334.0,1882.0,1687.0,689.0,2413.0,,1802.0,6.0,1987.0,525.0,24.0
186399,,,,,,,,1541.0,,679.0,44.0,,,,,32.0,187.0,51.0,59.0,10.0,,150.0,,157.0,45.0,
186405,,,,,,,,3.0,,1.0,,,,,,1.0,,,,1.0,,,,,,
186423,,,,,,,,13.0,,8.0,,,,,,1.0,,,,,,,,2.0,,
186432,,,,,,,,420.0,,184.0,,,,,,61.0,15.0,3.0,63.0,4.0,,6.0,,64.0,,
186469,,,,,,,,101.0,,44.0,,,,,,21.0,2.0,5.0,8.0,,,4.0,,13.0,,
186584,,,,,,,,1465.0,,642.0,,,,,,107.0,92.0,75.0,128.0,14.0,,43.0,,174.0,42.0,3.0
186593,,,,,,,,14.0,,8.0,,,,,,2.0,2.0,,,,,,1.0,1.0,,
186618,,,,,,,,235.0,,87.0,,,,,,20.0,13.0,17.0,19.0,6.0,,,,36.0,6.0,0.0
186645,,,,,,,,525.0,,234.0,,,,,,39.0,4.0,,1.0,,,,,152.0,14.0,
186867,,,,,,,,821.0,,297.0,2.0,3.0,,,,169.0,59.0,28.0,57.0,6.0,,56.0,,126.0,3.0,11.0
186876,,,,,,,,1181.0,,401.0,,,,,,68.0,53.0,46.0,52.0,4.0,,147.0,2.0,242.0,73.0,8.0
186900,,,,,,,,6.0,,4.0,,,,,,0.0,,,,,,,,1.0,1.0,
187000,,,,,,,,17.0,,10.0,,,,,,3.0,1.0,,,,,,1.0,1.0,1.0,
187046,,,,,,,,321.0,,,,,,,,104.0,44.0,19.0,53.0,,,,,54.0,,
187134,,,,,,,,1298.0,,511.0,,,,,,93.0,52.0,44.0,125.0,15.0,,57.0,,101.0,179.0,
187161,,,,,,,,45.0,,23.0,,,,,,3.0,3.0,1.0,,,,,7.0,1.0,,
187198,,,,,,,,660.0,,282.0,,,,,,36.0,39.0,48.0,19.0,,,57.0,,68.0,10.0,
187444,,,,,,,,1488.0,,682.0,,,,,,47.0,80.0,74.0,99.0,10.0,,207.0,,245.0,,
187505,,,,,,,,106.0,,46.0,,,,,,21.0,5.0,1.0,1.0,,,1.0,14.0,17.0,,
187532,,,,,,,,1518.0,,611.0,,,,,,84.0,88.0,84.0,15.0,3.0,,165.0,1.0,204.0,14.0,14.0
187596,,,,,,,,165.0,,67.0,,,,,,6.0,9.0,9.0,5.0,2.0,,8.0,2.0,13.0,12.0,4.0
187602,,,,,,,,5.0,,3.0,,,,,,2.0,,,,,,,,,,
187620,,,,,,,,479.0,,242.0,,,,,,23.0,10.0,38.0,18.0,1.0,,38.0,4.0,72.0,10.0,
187639,,,,,,,,217.0,,94.0,,,,,,27.0,8.0,10.0,8.0,,,14.0,,21.0,3.0,
187648,,,,,,,,543.0,,198.0,,,,,,48.0,55.0,41.0,41.0,,,70.0,,62.0,1.0,1.0
187666,,,,,,,,303.0,,130.0,,,,,,32.0,14.0,14.0,15.0,1.0,,23.0,,53.0,6.0,
187745,,,,,,,,114.0,,35.0,,,,,,22.0,3.0,5.0,5.0,,,10.0,4.0,11.0,5.0,0.0
187897,,,,,,,,535.0,,189.0,1.0,,,,,38.0,22.0,11.0,46.0,3.0,,63.0,,70.0,17.0,2.0
187903,,,,,,,,284.0,,98.0,,,,,,8.0,10.0,8.0,3.0,,,44.0,,53.0,47.0,
187912,,,,,,,,294.0,,84.0,1.0,,,,,18.0,3.0,15.0,4.0,2.0,,73.0,,37.0,16.0,
187958,,,,,,,,194.0,,78.0,,5.0,,,,11.0,10.0,4.0,,,,19.0,1.0,42.0,5.0,
187967,,,,,,,,713.0,,140.0,3.0,,,,,99.0,37.0,137.0,17.0,1.0,,70.0,,113.0,65.0,7.0
187976,,,,,,,,78.0,,25.0,,28.0,,,,4.0,5.0,1.0,,,,,0.0,10.0,,1.0
187985,,,,,,,,7326.0,,1933.0,298.0,251.0,,,,577.0,735.0,610.0,271.0,380.0,,319.0,27.0,1260.0,211.0,57.0
187994,,,,,,,,150.0,,72.0,,,,,,8.0,5.0,9.0,8.0,,,11.0,,27.0,4.0,
188003,,,,,,,,114.0,,51.0,,3.0,,,,8.0,5.0,6.0,3.0,1.0,,4.0,,22.0,4.0,
188021,,,,,,,,68.0,,32.0,,,,,,4.0,6.0,3.0,2.0,,,5.0,,10.0,1.0,
188030,,,,,,,,3322.0,,780.0,39.0,129.0,,,,128.0,360.0,480.0,188.0,48.0,,211.0,7.0,603.0,208.0,67.0
188049,,,,,,,,176.0,,59.0,,23.0,,,,13.0,8.0,7.0,1.0,,,14.0,1.0,28.0,3.0,
188058,,,,,,,,242.0,,83.0,,2.0,,,,26.0,15.0,9.0,11.0,,,23.0,3.0,20.0,6.0,1.0
188100,,,,,,,,642.0,,233.0,4.0,23.0,,,,74.0,27.0,18.0,10.0,1.0,,14.0,8.0,76.0,52.0,
188137,,,,,,,,471.0,,196.0,,5.0,,,,69.0,26.0,17.0,12.0,1.0,,36.0,5.0,42.0,16.0,
188146,,,,,,,,138.0,,64.0,,,,,,30.0,1.0,1.0,2.0,,,10.0,14.0,12.0,,
188182,,,,,,,,97.0,,36.0,,,,,,12.0,,4.0,24.0,,,9.0,,10.0,,
188207,,,,,,,,34.0,,12.0,,,,,,4.0,5.0,1.0,4.0,,,2.0,,4.0,,
188216,,,,,,,,103.0,,28.0,,,,,,16.0,3.0,4.0,3.0,,,9.0,,14.0,5.0,
188225,,,,,,,,125.0,,50.0,0.0,13.0,,,,7.0,12.0,2.0,3.0,,,,,14.0,4.0,3.0
188261,,,,,,,,86.0,,30.0,1.0,3.0,,,,9.0,6.0,3.0,,1.0,,,,6.0,8.0,
188289,,,,,,,,7.0,,3.0,,,,,,1.0,,,,,,,,3.0,,
188304,,,,,,,,390.0,,152.0,,,,,,42.0,14.0,18.0,12.0,2.0,,25.0,5.0,49.0,37.0,
188340,,,,,,,,222.0,,91.0,,,,,,42.0,7.0,13.0,1.0,,,,,20.0,6.0,
188429,,,,,,,,1375.0,,548.0,,,,,,146.0,53.0,46.0,125.0,12.0,,105.0,1.0,216.0,35.0,5.0
188438,,,,,,,,298.0,,152.0,,,,,,27.0,14.0,10.0,11.0,,,22.0,,45.0,3.0,
188465,,,,,,,,89.0,,24.0,3.0,2.0,,,,9.0,8.0,3.0,9.0,3.0,,6.0,6.0,4.0,,
188517,,,,,,,,77.0,,37.0,,,,,,9.0,1.0,1.0,13.0,,,3.0,,11.0,,
188526,,,,,,,,278.0,,111.0,18.0,3.0,,,,43.0,12.0,14.0,11.0,1.0,,13.0,,28.0,,
188535,,,,,,,,113.0,,39.0,,,,,,14.0,7.0,3.0,21.0,,,,,10.0,1.0,
188580,,,,,,,,1658.0,,500.0,,,,,,145.0,35.0,14.0,18.0,361.0,,121.0,,452.0,,
188641,,,,,,,,535.0,,162.0,,,,,,38.0,28.0,38.0,40.0,8.0,,62.0,18.0,83.0,25.0,3.0
188650,,,,,,,,43.0,,16.0,,,,,,10.0,,,,,,,8.0,1.0,,
188669,,,,,,,,37.0,,23.0,,,,,,8.0,2.0,,,,,,,1.0,,1.0
188678,,,,,,,,49.0,,16.0,,,,,,9.0,2.0,,11.0,,,5.0,,4.0,,
188687,,,,,,,,22.0,,9.0,,,,,,7.0,1.0,,,,,,,4.0,,
188696,,,,,,,,27.0,,6.0,,,,,,4.0,,,,,,1.0,,15.0,,
188854,,,,,,,,253.0,,84.0,,,,,,10.0,9.0,9.0,24.0,1.0,,25.0,26.0,42.0,,
188890,,,,,,,,127.0,,54.0,,,,,,18.0,3.0,1.0,0.0,,,,14.0,26.0,3.0,1.0
188915,,,,,,,,14.0,,11.0,,,,,,1.0,1.0,,,,,,,1.0,,
188942,,,,,,,,18.0,,15.0,,,,,,0.0,2.0,,,,,,,2.0,,
188988,,,,,,,,23.0,,12.0,,,,,,3.0,,,,,,2.0,,1.0,,
189015,,,,,,,,272.0,,42.0,5.0,,,,,32.0,20.0,6.0,13.0,2.0,,16.0,6.0,36.0,2.0,
189088,,,,,,,,780.0,,233.0,11.0,,,,,43.0,44.0,30.0,56.0,8.0,,62.0,,70.0,96.0,9.0
189097,,,,,,,,753.0,,255.0,2.0,,,,,57.0,44.0,29.0,35.0,4.0,,145.0,,104.0,24.0,
189219,,,,,,,,12.0,,6.0,,,,,,2.0,,,,,,,,,,
189228,,,,,,,,393.0,,193.0,,,,,,14.0,14.0,,7.0,,,14.0,2.0,27.0,,
189264,,,,,,,,8.0,,6.0,,,,,,,,,,,,,,2.0,,
189273,,,,,,,,9.0,,5.0,,,,,,4.0,,,,,,,,,,
189282,,,,,,,,31.0,,19.0,,,,,,5.0,2.0,0.0,,,,,,2.0,,
189404,,,,,,,,14.0,,9.0,,,,,,,,,,,,,,5.0,,
189413,,,,,,,,168.0,,75.0,,,,,,17.0,,2.0,,,,12.0,,59.0,,
189422,,,,,,,,90.0,,39.0,,,,,,10.0,9.0,6.0,1.0,,,,,6.0,,
189459,,,,,,,,192.0,,101.0,,,,,,7.0,12.0,5.0,13.0,,,,24.0,7.0,,
189468,,,,,,,,14.0,,9.0,,,,,,2.0,,,,,,,,3.0,,
189477,,,,,,,,14.0,,6.0,,,,,,2.0,,,,,,1.0,,5.0,,
189501,,,,,,,,240.0,,70.0,,,,,,21.0,15.0,17.0,17.0,,,15.0,,37.0,18.0,
189547,,,,,,,,529.0,,253.0,,,,,,29.0,11.0,12.0,15.0,,,42.0,,74.0,1.0,11.0
189556,,,,,,,,56.0,,28.0,,,,,,4.0,1.0,1.0,12.0,,,1.0,1.0,6.0,,
189565,,,,,,,,53.0,,23.0,,,,,,5.0,1.0,2.0,11.0,,,2.0,,7.0,,
189574,,,,,,,,76.0,,32.0,,,,,,7.0,1.0,1.0,17.0,,,5.0,,10.0,,
189583,,,,,,,,74.0,,34.0,,,,,,8.0,1.0,1.0,15.0,,,,1.0,7.0,,
189592,,,,,,,,42.0,,16.0,,,,,,5.0,1.0,1.0,10.0,,,,,6.0,,
189653,,,,,,,,3.0,,2.0,,,,,,,,,,,,,,1.0,,
189705,,,,,,,,671.0,,261.0,,,,,,112.0,8.0,22.0,35.0,6.0,,63.0,,126.0,17.0,12.0
189714,,,,,,,,34.0,,15.0,,,,,,6.0,1.0,,,,,,4.0,3.0,,
189811,,,,,,,,54.0,,37.0,,,,,,4.0,2.0,,,,,,,3.0,,
189839,,,,,,,,259.0,,107.0,,5.0,,,,12.0,6.0,15.0,7.0,5.0,,2.0,,33.0,24.0,
189848,,,,,,,,239.0,,58.0,1.0,,,,,24.0,10.0,12.0,24.0,2.0,,65.0,,22.0,7.0,
189857,,,,,,,,32.0,,20.0,,,,,,4.0,3.0,,,,,,,0.0,5.0,
189954,,,,,,,,5.0,,3.0,,,,,,1.0,,,,,,,,1.0,,
189981,,,,,,,,34.0,,14.0,,,,,,1.0,4.0,,,,,7.0,,4.0,,
189990,,,,,,,,34.0,,,,,,,,2.0,,,,,,4.0,,13.0,,
190008,,,,,,,,14.0,,9.0,,,,,,,0.0,,,,,,,,,0.0
190035,,,,,,,,1118.0,,,,,,,,385.0,92.0,184.0,146.0,1.0,,24.0,,227.0,1.0,3.0
190044,,,,,,,,730.0,,243.0,22.0,,,,,72.0,42.0,37.0,89.0,5.0,,72.0,,114.0,26.0,3.0
190053,,,,,,,,152.0,,72.0,,,,,,15.0,8.0,6.0,,1.0,,7.0,,16.0,4.0,
190071,,,,,,,,25.0,,12.0,,,,,,2.0,,1.0,,1.0,,,,2.0,,
190080,,,,,,,,35.0,,10.0,,,,,,6.0,2.0,1.0,1.0,,,5.0,,6.0,,
190099,,,,,,,,951.0,,320.0,,,,,,76.0,65.0,49.0,99.0,12.0,,109.0,,130.0,47.0,4.0
190114,,,,,,,,193.0,,102.0,,,,,,16.0,7.0,6.0,1.0,,,,,12.0,4.0,
190150,,,,,,,,16228.0,,4357.0,1967.0,,,,,2401.0,719.0,1036.0,204.0,917.0,,1083.0,12.0,2807.0,203.0,69.0
190169,,,,,,,,187.0,,70.0,,,,,,33.0,,7.0,8.0,0.0,,19.0,,31.0,3.0,
190239,,,,,,,,9.0,,6.0,,,,,,2.0,,,,,,,,0.0,,
190248,,,,,,,,183.0,,69.0,1.0,,,,,29.0,4.0,5.0,33.0,3.0,,5.0,,12.0,7.0,
190293,,,,,,,,10.0,,5.0,,,,,,2.0,,,,,,,1.0,2.0,,
190309,,,,,,,,5.0,,3.0,,,,,,1.0,,,,,,,,1.0,,
190318,,,,,,,,35.0,,12.0,,,,,,8.0,3.0,,,,,,1.0,8.0,3.0,
190372,,,,,,,,296.0,,106.0,,,,,,53.0,4.0,19.0,23.0,,,8.0,,56.0,8.0,
190415,,,,,,,,9973.0,,1854.0,815.0,206.0,,,,813.0,814.0,960.0,308.0,465.0,,1196.0,33.0,1544.0,492.0,63.0
190424,,,,,,,,5455.0,,1501.0,,,,,,254.0,472.0,536.0,46.0,354.0,,358.0,1.0,1606.0,53.0,4.0
190442,,,,,,,,344.0,,140.0,,,,,,35.0,6.0,7.0,14.0,2.0,,26.0,,82.0,13.0,
190451,,,,,,,,33.0,,25.0,,,,,,2.0,,,,,,,,3.0,,
190503,,,,,,,,748.0,,169.0,,,,,,53.0,80.0,29.0,38.0,6.0,,118.0,14.0,138.0,37.0,7.0
190512,,,,,,,,1581.0,,740.0,,3.0,,,,147.0,30.0,45.0,45.0,,,171.0,,249.0,26.0,9.0
190521,,,,,,,,1773.0,,852.0,,,,,,87.0,26.0,115.0,73.0,1.0,,162.0,,292.0,42.0,31.0
190530,,,,,,,,1110.0,,443.0,,,,,,83.0,26.0,77.0,36.0,1.0,,125.0,,205.0,29.0,31.0
190549,,,,,,,,1787.0,,798.0,1.0,,,,,117.0,42.0,80.0,67.0,1.0,,143.0,,400.0,31.0,27.0
190558,,,,,,,,1379.0,,624.0,,,,,,95.0,26.0,97.0,38.0,4.0,,109.0,,255.0,26.0,26.0
190567,,,,,,,,1974.0,,937.0,,1.0,,,,158.0,53.0,121.0,48.0,4.0,,213.0,,262.0,30.0,37.0
190576,,,,,,,,883.0,,289.0,1.0,8.0,,,,155.0,46.0,52.0,57.0,,,31.0,,125.0,,4.0
190585,,,,,,,,788.0,,275.0,,1.0,,,,75.0,14.0,47.0,44.0,1.0,,77.0,,168.0,16.0,12.0
190594,,,,,,,,2407.0,,1210.0,,2.0,,,,145.0,57.0,138.0,58.0,2.0,,225.0,,384.0,49.0,31.0
190600,,,,,,,,1429.0,,669.0,2.0,1.0,,,,136.0,45.0,69.0,66.0,1.0,,103.0,,236.0,21.0,25.0
190619,,,,,,,,1450.0,,564.0,,,,,,103.0,27.0,101.0,51.0,5.0,,127.0,,273.0,26.0,34.0
190628,,,,,,,,1506.0,,643.0,,,,,,126.0,29.0,125.0,61.0,1.0,,109.0,,313.0,,4.0
190637,,,,,,,,1208.0,,524.0,,,,,,104.0,23.0,70.0,41.0,2.0,,103.0,,214.0,24.0,33.0
190646,,,,,,,,718.0,,273.0,,1.0,,,,82.0,34.0,47.0,33.0,,,77.0,,97.0,15.0,21.0
190655,,,,,,,,1382.0,,749.0,,,,,,77.0,22.0,83.0,47.0,1.0,,100.0,,229.0,13.0,17.0
190664,,,,,,,,1792.0,,904.0,,,,,,136.0,37.0,83.0,41.0,4.0,,120.0,,314.0,32.0,41.0
190673,,,,,,,,1317.0,,568.0,,,,,,90.0,25.0,91.0,56.0,1.0,,93.0,,279.0,21.0,25.0
190682,,,,,,,,159.0,,43.0,,,,,,37.0,10.0,9.0,8.0,,,2.0,,38.0,,2.0
190691,,,,,,,,794.0,,298.0,,,,,,55.0,20.0,59.0,33.0,1.0,,72.0,,170.0,13.0,19.0
190707,,,,,,,,5.0,,2.0,,,,,,,,,,2.0,,,,,,
190716,,,,,,,,470.0,,230.0,,,,,,58.0,9.0,21.0,8.0,9.0,,,,72.0,9.0,
190725,,,,,,,,438.0,,185.0,,,,,,48.0,30.0,17.0,25.0,6.0,,46.0,,67.0,1.0,6.0
190752,,,,,,,,16.0,,5.0,,,,,,1.0,3.0,,,,,,,2.0,5.0,
190761,,,,,,,,284.0,,128.0,,,,,,32.0,11.0,8.0,21.0,6.0,,10.0,,34.0,9.0,
190770,,,,,,,,308.0,,156.0,,,,,,58.0,5.0,11.0,22.0,,,13.0,,43.0,,
190840,,,,,,,,535.0,,285.0,,,,,,16.0,16.0,18.0,8.0,2.0,,46.0,,59.0,11.0,3.0
190956,,,,,,,,18.0,,15.0,,,,,,1.0,0.0,,,,,,,1.0,,
190974,,,,,,,,65.0,,33.0,,,,,,12.0,,,,,,,7.0,4.0,,
190983,,,,,,,,326.0,,107.0,,2.0,,,,28.0,9.0,10.0,26.0,3.0,,62.0,2.0,36.0,13.0,2.0
191083,,,,,,,,1073.0,,493.0,,,,,,110.0,10.0,42.0,25.0,5.0,,49.0,5.0,168.0,81.0,11.0
191126,,,,,,,,1081.0,,478.0,,,,,,53.0,43.0,112.0,13.0,,,17.0,,257.0,14.0,
191199,,,,,,,,417.0,,204.0,,,,,,15.0,4.0,15.0,20.0,1.0,,27.0,,50.0,10.0,
191205,,,,,,,,118.0,,43.0,,,,,,1.0,10.0,5.0,12.0,,,19.0,6.0,,10.0,
191241,,,,,,,,2606.0,,1024.0,,,,,,550.0,26.0,61.0,106.0,18.0,,213.0,,505.0,60.0,
191287,,,,,,,,224.0,,42.0,,,,,,20.0,4.0,5.0,22.0,,,37.0,8.0,17.0,46.0,
191302,,,,,,,,227.0,,81.0,,,,,,21.0,,4.0,5.0,,,16.0,,34.0,,
191311,,,,,,,,17.0,,8.0,,,,,,2.0,,,2.0,,,,,5.0,,
191320,,,,,,,,36.0,,9.0,,,,,,4.0,3.0,1.0,4.0,,,,,2.0,,
191339,,,,,,,,423.0,,176.0,,,,,,41.0,10.0,5.0,10.0,2.0,,32.0,,57.0,8.0,
191409,,,,,,,,11.0,,4.0,,,,,,3.0,,,,,,,,3.0,1.0,
191515,,,,,,,,685.0,,211.0,,,,,,67.0,32.0,37.0,77.0,8.0,,98.0,2.0,62.0,31.0,1.0
191533,,,,,,,,346.0,,140.0,,,,,,35.0,10.0,10.0,44.0,6.0,,18.0,,48.0,,0.0
191597,,,,,,,,43.0,,25.0,,,,,,5.0,2.0,1.0,,0.0,,,,3.0,,
191612,,,,,,,,247.0,,96.0,2.0,2.0,,,,32.0,3.0,10.0,8.0,2.0,,27.0,,38.0,5.0,
191621,,,,,,,,179.0,,74.0,,,,,,8.0,14.0,6.0,15.0,,,10.0,5.0,8.0,11.0,
191630,,,,,,,,620.0,,209.0,1.0,7.0,,,,49.0,33.0,42.0,62.0,19.0,,25.0,5.0,69.0,9.0,6.0
191649,,,,,,,,2041.0,,717.0,,,,,,258.0,139.0,86.0,145.0,13.0,,202.0,,275.0,74.0,20.0
191676,,,,,,,,226.0,,89.0,,,,,,24.0,19.0,10.0,28.0,3.0,,9.0,,29.0,0.0,
191719,,,,,,,,758.0,,354.0,,,,,,35.0,33.0,38.0,51.0,2.0,,98.0,3.0,117.0,2.0,
191728,,,,,,,,86.0,,46.0,,,,,,6.0,1.0,2.0,,,,,11.0,3.0,,
191764,,,,,,,,14.0,,6.0,,,,,,3.0,1.0,,,,,,,,2.0,
191834,,,,,,,,61.0,,27.0,,,,,,1.0,2.0,1.0,,3.0,,12.0,5.0,3.0,3.0,
191931,,,,,,,,656.0,,231.0,,,,,,60.0,21.0,33.0,64.0,5.0,,93.0,,67.0,22.0,
191940,,,,,,,,6.0,,4.0,,,,,,1.0,,,,,,,,0.0,,
191959,,,,,,,,11.0,,4.0,,,,,,3.0,,,,,,,0.0,3.0,,
191968,,,,,,,,1427.0,,579.0,,,,,,83.0,71.0,77.0,145.0,9.0,,187.0,7.0,183.0,45.0,6.0
191986,,,,,,,,346.0,,169.0,,,,,,33.0,7.0,27.0,5.0,3.0,,34.0,,55.0,,
192004,,,,,,,,24.0,,11.0,,,,,,6.0,1.0,,,,,,,3.0,3.0,
192022,,,,,,,,290.0,,137.0,,,,,,17.0,9.0,19.0,14.0,1.0,,18.0,,44.0,,
192040,,,,,,,,256.0,,50.0,1.0,0.0,,,,59.0,19.0,7.0,13.0,,,39.0,,36.0,,
192110,,,,,,,,487.0,,194.0,,,,,,86.0,9.0,11.0,15.0,3.0,,46.0,10.0,56.0,13.0,24.0
192156,,,,,,,,28.0,,13.0,,,,,,3.0,3.0,,,,,,3.0,1.0,,
192165,,,,,,,,17.0,,11.0,1.0,0.0,,,,1.0,,,,,,3.0,,1.0,,
192192,,,,,,,,357.0,,164.0,,,,,,89.0,22.0,10.0,24.0,2.0,,,,34.0,,1.0
192271,,,,,,,,202.0,,84.0,,,,,,41.0,6.0,7.0,17.0,,,7.0,,15.0,,
192323,,,,,,,,505.0,,212.0,,,,,,56.0,29.0,9.0,44.0,5.0,,22.0,,53.0,29.0,
192439,,,,,,,,1038.0,,447.0,,,,,,177.0,5.0,19.0,71.0,7.0,,102.0,,157.0,25.0,2.0
192448,,,,,,,,997.0,,395.0,,,,,,159.0,3.0,23.0,61.0,7.0,,103.0,1.0,161.0,29.0,7.0
192457,,,,,,,,130.0,,,,,,,,64.0,2.0,21.0,5.0,,,,,37.0,,1.0
192484,,,,,,,,11.0,,7.0,,,,,,,,,,,,,,4.0,,
192509,,,,,,,,85.0,,39.0,,,,,,10.0,3.0,2.0,,,,,4.0,4.0,8.0,
192624,,,,,,,,14.0,,9.0,,,,,,3.0,,,,,,,,1.0,1.0,
192688,,,,,,,,63.0,,27.0,,,,,,10.0,5.0,,,,,4.0,3.0,4.0,,
192703,,,,,,,,715.0,,297.0,,,,,,134.0,22.0,26.0,39.0,3.0,,45.0,,74.0,54.0,
192712,,,,,,,,293.0,,173.0,,,,,,25.0,10.0,5.0,7.0,0.0,,17.0,1.0,24.0,,
192749,,,,,,,,399.0,,174.0,,,,,,78.0,3.0,1.0,25.0,5.0,,4.0,,65.0,11.0,1.0
192785,,,,,,,,100.0,,57.0,,,,,,7.0,1.0,1.0,2.0,1.0,,,1.0,8.0,5.0,
192800,,,,,,,,16.0,,13.0,,,,,,,,,,,,,,2.0,,
192819,,,,,,,,947.0,,346.0,,,,,,127.0,24.0,51.0,91.0,13.0,,137.0,,124.0,23.0,1.0
192828,,,,,,,,8.0,,4.0,,,,,,2.0,,,,,,,,2.0,,
192864,,,,,,,,347.0,,161.0,,,,,,37.0,18.0,19.0,10.0,,,17.0,0.0,38.0,0.0,
192925,,,,,,,,328.0,,165.0,,,,,,28.0,8.0,10.0,9.0,14.0,,13.0,16.0,25.0,,
192961,,,,,,,,15.0,,11.0,,,,,,2.0,1.0,,,,,,,1.0,,
192970,,,,,,,,3.0,,2.0,,,,,,,0.0,,,,,,,,,
193016,,,,,,,,759.0,,399.0,,,,,,49.0,29.0,8.0,52.0,2.0,,2.0,,50.0,,1.0
193052,,,,,,,,19.0,,12.0,,,,,,2.0,1.0,,,,,,,3.0,,
193061,,,,,,,,6.0,,4.0,,,,,,0.0,1.0,,,,,,,1.0,0.0,
193070,,,,,,,,13.0,,11.0,,,,,,,,,,,,,,2.0,,
193122,,,,,,,,18.0,,9.0,,,,,,2.0,2.0,,,,,2.0,,2.0,,
193186,,,,,,,,10.0,,3.0,,,,,,2.0,1.0,,,,,,1.0,2.0,,1.0
193201,,,,,,,,60.0,,21.0,,,,,,9.0,,3.0,,,,3.0,,3.0,,
193247,,,,,,,,40.0,,23.0,,,,,,2.0,,,,,,3.0,,4.0,9.0,
193265,,,,,,,,9.0,,5.0,,,,,,2.0,,,,,,,,2.0,,
193283,,,,,,,,590.0,,231.0,,,,,,56.0,13.0,10.0,39.0,4.0,,60.0,,70.0,3.0,6.0
193292,,,,,,,,724.0,,361.0,,,,,,83.0,17.0,20.0,24.0,11.0,,61.0,,112.0,12.0,1.0
193308,,,,,,,,786.0,,383.0,,,,,,75.0,23.0,11.0,118.0,0.0,,99.0,,72.0,,
193326,,,,,,,,1218.0,,504.0,,,,,,109.0,67.0,49.0,51.0,6.0,,125.0,,178.0,36.0,10.0
193353,,,,,,,,401.0,,141.0,,,,,,41.0,2.0,21.0,41.0,9.0,,59.0,,53.0,2.0,1.0
193399,,,,,,,,264.0,,114.0,1.0,,,,,12.0,27.0,10.0,14.0,1.0,,19.0,,31.0,,
193405,,,,,,,,8057.0,,2276.0,,,,,,751.0,287.0,142.0,6.0,3129.0,,57.0,,1392.0,4.0,1.0
193478,,,,,,,,1604.0,,862.0,,,,,,50.0,40.0,114.0,11.0,3.0,,93.0,,235.0,33.0,6.0
193584,,,,,,,,523.0,,271.0,,,,,,57.0,20.0,26.0,38.0,5.0,,15.0,8.0,73.0,,1.0
193609,,,,,,,,19.0,,10.0,,,,,,1.0,0.0,,,,,,,1.0,3.0,1.0
193645,,,,,,,,466.0,,211.0,,,,,,97.0,1.0,9.0,10.0,0.0,,43.0,,79.0,1.0,1.0
193654,,,,,,,,1927.0,,989.0,,,,,,343.0,100.0,60.0,73.0,5.0,,122.0,,147.0,73.0,2.0
193672,,,,,,,,12.0,,6.0,,,,,,2.0,1.0,0.0,,,,,,2.0,0.0,
193751,,,,,,,,244.0,,80.0,1.0,,,,,34.0,7.0,13.0,14.0,,,16.0,,56.0,7.0,
193760,,,,,,,,40.0,,17.0,,,,,,5.0,,,,,,1.0,8.0,9.0,,
193821,,,,,,,,215.0,,88.0,,,,,,27.0,8.0,2.0,9.0,,,4.0,,22.0,,
193830,,,,,,,,1074.0,,347.0,277.0,40.0,,,,66.0,161.0,4.0,,90.0,,,,85.0,,
193858,,,,,,,,30.0,,12.0,,,,,,6.0,1.0,,,,,,,7.0,1.0,
193894,,,,,,,,38.0,,16.0,,,,,,,5.0,,,,,,,16.0,,
193900,,,,,,,,17339.0,,6496.0,0.0,19.0,,,,1544.0,1293.0,1451.0,755.0,1842.0,,382.0,23.0,2277.0,216.0,20.0
193946,,,,,,,,445.0,,211.0,,,,,,30.0,8.0,5.0,9.0,,,37.0,,77.0,,
193973,,,,,,,,588.0,,241.0,,,,,,122.0,28.0,17.0,48.0,6.0,,19.0,,75.0,19.0,2.0
193991,,,,,,,,4.0,,2.0,,,,,,1.0,,,,,,,,1.0,,
194028,,,,,,,,113.0,,61.0,,,,,,3.0,13.0,4.0,2.0,,,16.0,,,,
194073,,,,,,,,99.0,,36.0,,,,,,21.0,6.0,6.0,,,,,,19.0,7.0,
194091,,,,,,,,1227.0,,499.0,,,,,,238.0,72.0,56.0,35.0,28.0,,95.0,1.0,125.0,26.0,2.0
194116,,,,,,,,90.0,,38.0,,,,,,18.0,3.0,5.0,3.0,0.0,,,,13.0,4.0,
194161,,,,,,,,349.0,,159.0,,,,,,30.0,2.0,8.0,43.0,2.0,,11.0,,51.0,,0.0
194189,,,,,,,,27.0,,14.0,,,,,,,3.0,,,,,,,3.0,7.0,
194222,,,,,,,,832.0,,333.0,,,,,,53.0,37.0,23.0,72.0,,,64.0,,114.0,19.0,
194240,,,,,,,,730.0,,274.0,,,,,,25.0,10.0,29.0,56.0,2.0,,75.0,,133.0,14.0,1.0
194259,,,,,,,,5.0,,4.0,,,,,,,,,,,,,,1.0,,
194310,,,,,,,,2095.0,,744.0,,,,,,341.0,184.0,103.0,107.0,7.0,,46.0,,425.0,14.0,28.0
194392,,,,,,,,155.0,,58.0,4.0,2.0,,,,20.0,5.0,4.0,5.0,1.0,,11.0,2.0,15.0,,
194435,,,,,,,,10.0,,6.0,,,,,,1.0,,,,,,,2.0,1.0,,
194499,,,,,,,,75.0,,21.0,,,,,,5.0,,3.0,,,,,,39.0,3.0,
194569,,,,,,,,47.0,,17.0,,,,,,11.0,1.0,,,0.0,,5.0,1.0,8.0,3.0,
194578,,,,,,,,1015.0,,457.0,,,,,,164.0,39.0,35.0,71.0,7.0,,121.0,1.0,104.0,,
194611,,,,,,,,6.0,,,,,,,,2.0,2.0,1.0,,,,,,1.0,,
194657,,,,,,,,17.0,,14.0,,,,,,0.0,1.0,,,,,,,1.0,0.0,
194666,,,,,,,,22.0,,7.0,,,,,,7.0,,,,,,2.0,,1.0,,
194675,,,,,,,,9.0,,4.0,,,,,,3.0,,,,,,,,2.0,,
194693,,,,,,,,11.0,,4.0,,,,,,4.0,,,,,,,,1.0,1.0,
194736,,,,,,,,19.0,,8.0,,,,,,1.0,1.0,,,,,,,2.0,7.0,
194763,,,,,,,,59.0,,13.0,,,,,,4.0,10.0,,2.0,,,13.0,,4.0,1.0,
194824,,,,,,,,1760.0,,436.0,156.0,,,,,184.0,172.0,124.0,89.0,22.0,,166.0,3.0,180.0,85.0,22.0
194879,,,,,,,,17.0,,10.0,,,,,,2.0,1.0,0.0,,,,1.0,,2.0,,
194958,,,,,,,,277.0,,93.0,,,,,,49.0,28.0,11.0,13.0,1.0,,33.0,6.0,27.0,2.0,0.0
194967,,,,,,,,41.0,,11.0,,,,,,12.0,,1.0,,,,,,16.0,,
195003,,,,,,,,3380.0,,1164.0,20.0,,,,,343.0,266.0,277.0,359.0,22.0,,275.0,8.0,477.0,65.0,20.0
195030,,,,,,,,8668.0,,2134.0,284.0,,,,,1807.0,327.0,1070.0,439.0,320.0,,402.0,,1354.0,191.0,286.0
195049,,,,,,,,1435.0,,80.0,428.0,,,,,160.0,55.0,272.0,26.0,25.0,,168.0,,119.0,61.0,
195058,,,,,,,,581.0,,241.0,,,,,,50.0,14.0,17.0,24.0,,,50.0,3.0,98.0,12.0,2.0
195067,,,,,,,,49.0,,27.0,,,,,,7.0,,,,,,,,8.0,2.0,
195128,,,,,,,,433.0,,156.0,,,,,,61.0,16.0,18.0,16.0,4.0,,34.0,,73.0,14.0,1.0
195155,,,,,,,,12.0,,3.0,,,,,,5.0,0.0,,,,,,,3.0,,
195164,,,,,,,,477.0,,171.0,,,,,,64.0,22.0,12.0,48.0,9.0,,65.0,,52.0,12.0,
195173,,,,,,,,338.0,,176.0,1.0,,,,,62.0,6.0,18.0,28.0,,,4.0,,22.0,,
195191,,,,,,,,44.0,,24.0,,,,,,8.0,1.0,2.0,,,,,,6.0,,
195216,,,,,,,,768.0,,213.0,,,,,,48.0,30.0,28.0,32.0,6.0,,147.0,8.0,91.0,19.0,15.0
195234,,,,,,,,676.0,,256.0,,,,,,46.0,38.0,17.0,55.0,14.0,,111.0,,72.0,23.0,4.0
195243,,,,,,,,211.0,,90.0,,,,,,51.0,5.0,3.0,20.0,1.0,,8.0,,23.0,4.0,
195289,,,,,,,,19.0,,13.0,,,,,,2.0,1.0,,,,,,,2.0,,
195304,,,,,,,,446.0,,173.0,,,,,,105.0,7.0,12.0,17.0,5.0,,42.0,,48.0,,
195322,,,,,,,,357.0,,154.0,2.0,,,,,44.0,7.0,12.0,27.0,,,21.0,,44.0,,
195438,,,,,,,,45.0,,14.0,,3.0,,,,5.0,2.0,1.0,,3.0,,,,7.0,4.0,
195474,,,,,,,,729.0,,262.0,,,,,,51.0,27.0,26.0,76.0,1.0,,99.0,2.0,91.0,28.0,10.0
195526,,,,,,,,922.0,,288.0,,,,,,65.0,42.0,37.0,87.0,11.0,,171.0,1.0,127.0,36.0,5.0
195544,,,,,,,,687.0,,315.0,,,,,,7.0,137.0,27.0,61.0,2.0,,36.0,,91.0,,
195580,,,,,,,,32.0,,8.0,,,,,,4.0,5.0,1.0,1.0,,,1.0,,6.0,2.0,
195623,,,,,,,,28.0,,17.0,,,,,,3.0,,4.0,,,,,,3.0,,
195702,,,,,,,,29.0,,16.0,,,,,,3.0,2.0,,1.0,0.0,,2.0,,3.0,,
195720,,,,,,,,667.0,,303.0,,,,,,38.0,14.0,26.0,66.0,5.0,,72.0,,75.0,13.0,8.0
195784,,,,,,,,66.0,,47.0,,,,,,6.0,1.0,1.0,,,,,,2.0,,
195793,,,,,,,,3.0,,3.0,,,,,,,,,,,,,,,,
195809,,,,,,,,2142.0,,893.0,,,,,,48.0,264.0,83.0,206.0,20.0,,98.0,,320.0,,1.0
195827,,,,,,,,489.0,,,,2.0,,,,119.0,99.0,100.0,23.0,2.0,,15.0,,99.0,14.0,6.0
195845,,,,,,,,37.0,,18.0,,,,,,3.0,2.0,1.0,,,,,,1.0,1.0,
195933,,,,,,,,31.0,,20.0,,,,,,5.0,,,,,,,,1.0,,
195988,,,,,,,,163.0,,67.0,,,,,,18.0,3.0,7.0,10.0,0.0,,10.0,,25.0,,
196006,,,,,,,,549.0,,188.0,,,,,,36.0,26.0,21.0,33.0,27.0,,105.0,,66.0,34.0,
196015,,,,,,,,436.0,,158.0,,0.0,,,,35.0,39.0,10.0,19.0,43.0,,57.0,,45.0,19.0,3.0
196024,,,,,,,,437.0,,175.0,,,,,,22.0,14.0,12.0,24.0,27.0,,57.0,4.0,50.0,31.0,2.0
196033,,,,,,,,432.0,,127.0,3.0,,,,,39.0,13.0,14.0,16.0,59.0,,66.0,,47.0,37.0,2.0
196042,,,,,,,,862.0,,359.0,,22.0,,,,69.0,43.0,9.0,25.0,90.0,,91.0,,99.0,38.0,2.0
196051,,,,,,,,497.0,,169.0,,8.0,,,,35.0,18.0,9.0,34.0,35.0,,70.0,,59.0,38.0,3.0
196060,,,,,,,,2522.0,,758.0,3.0,8.0,,,,165.0,364.0,175.0,122.0,78.0,,314.0,,263.0,173.0,22.0
196079,,,,,,,,2233.0,,723.0,14.0,,,,,129.0,69.0,127.0,144.0,46.0,,312.0,2.0,354.0,170.0,4.0
196088,,,,,,,,4729.0,,1803.0,51.0,37.0,,,,356.0,363.0,270.0,181.0,263.0,,477.0,,538.0,187.0,49.0
196097,,,,,,,,4324.0,,1776.0,275.0,18.0,,,,305.0,182.0,280.0,159.0,84.0,,386.0,,442.0,169.0,57.0
196103,,,,,,,,379.0,,129.0,9.0,,,,,37.0,20.0,18.0,8.0,30.0,,39.0,,54.0,27.0,0.0
196112,,,,,,,,387.0,,164.0,2.0,,,,,36.0,30.0,11.0,26.0,14.0,,39.0,,34.0,22.0,1.0
196121,,,,,,,,1095.0,,418.0,,22.0,,,,71.0,36.0,35.0,77.0,52.0,,120.0,,161.0,57.0,7.0
196130,,,,,,,,1427.0,,537.0,1.0,,,,,91.0,48.0,101.0,97.0,41.0,,162.0,,193.0,66.0,7.0
196149,,,,,,,,1047.0,,393.0,0.0,,,,,101.0,27.0,28.0,59.0,32.0,,149.0,,154.0,52.0,18.0
196158,,,,,,,,780.0,,324.0,0.0,2.0,,,,67.0,30.0,16.0,17.0,65.0,,111.0,,93.0,29.0,8.0
196167,,,,,,,,800.0,,284.0,,,,,,70.0,33.0,24.0,30.0,26.0,,125.0,,119.0,50.0,3.0
196176,,,,,,,,1128.0,,457.0,2.0,1.0,,,,89.0,84.0,37.0,40.0,9.0,,146.0,,143.0,59.0,5.0
196185,,,,,,,,946.0,,333.0,5.0,0.0,,,,73.0,52.0,53.0,48.0,25.0,,140.0,,121.0,47.0,11.0
196194,,,,,,,,1160.0,,417.0,6.0,10.0,,,,84.0,44.0,25.0,50.0,53.0,,193.0,1.0,152.0,76.0,15.0
196200,,,,,,,,747.0,,281.0,,,,,,72.0,30.0,18.0,41.0,11.0,,95.0,,100.0,46.0,8.0
196219,,,,,,,,778.0,,268.0,4.0,,,,,50.0,46.0,35.0,54.0,34.0,,121.0,,89.0,46.0,1.0
196228,,,,,,,,289.0,,75.0,3.0,,,,,30.0,18.0,1.0,,63.0,,27.0,,60.0,8.0,
196237,,,,,,,,522.0,,211.0,2.0,,,,,53.0,18.0,9.0,33.0,37.0,,51.0,,55.0,26.0,5.0
196246,,,,,,,,900.0,,351.0,0.0,1.0,,,,67.0,43.0,26.0,57.0,35.0,,128.0,,110.0,58.0,6.0
196255,,,,,,,,1293.0,,388.0,7.0,,,,,89.0,65.0,34.0,14.0,232.0,,149.0,,218.0,82.0,8.0
196264,,,,,,,,1007.0,,495.0,2.0,,,,,51.0,50.0,28.0,4.0,49.0,,5.0,,278.0,9.0,6.0
196291,,,,,,,,297.0,,107.0,,,,,,35.0,19.0,6.0,25.0,8.0,,34.0,,26.0,28.0,1.0
196307,,,,,,,,1238.0,,463.0,1.0,,,,,66.0,70.0,21.0,19.0,300.0,,68.0,,142.0,67.0,6.0
196389,,,,,,,,110.0,,35.0,45.0,,,,,2.0,7.0,3.0,,,,,9.0,4.0,,
196413,,,,,,,,4701.0,,1241.0,80.0,,,,,444.0,479.0,340.0,339.0,33.0,,638.0,33.0,677.0,211.0,51.0
196431,,,,,,,,32.0,,17.0,,,,,,5.0,3.0,,,,,,,1.0,6.0,
196440,,,,,,,,4.0,,2.0,,,,,,0.0,,,,,,,,0.0,1.0,
196468,,,,,,,,1081.0,,353.0,,,,,,41.0,479.0,26.0,,,,96.0,,86.0,,
196477,,,,,,,,258.0,,110.0,,,,,,14.0,9.0,11.0,1.0,,,10.0,32.0,58.0,,
196565,,,,,,,,339.0,,155.0,,,,,,53.0,6.0,16.0,12.0,,,40.0,,52.0,,
196583,,,,,,,,14.0,,9.0,,,,,,1.0,,,,,,,,1.0,3.0,
196592,,,,,,,,1719.0,,756.0,,,,,,174.0,67.0,117.0,47.0,8.0,,93.0,2.0,396.0,20.0,
196653,,,,,,,,168.0,,86.0,,,,,,31.0,12.0,4.0,5.0,1.0,,1.0,2.0,13.0,1.0,
196680,,,,,,,,845.0,,327.0,13.0,,,,,48.0,29.0,37.0,18.0,,,,11.0,96.0,1.0,
196699,,,,,,,,257.0,,106.0,1.0,18.0,,,,11.0,6.0,1.0,7.0,4.0,,31.0,,36.0,,
196857,,,,,,,,74.0,,27.0,,,,,,4.0,7.0,1.0,,,,,15.0,3.0,,
196866,,,,,,,,807.0,,223.0,,,,,,69.0,30.0,39.0,85.0,15.0,,192.0,,104.0,32.0,
196884,,,,,,,,65.0,,24.0,,,,,,4.0,4.0,3.0,1.0,,,,,14.0,,
197018,,,,,,,,182.0,,117.0,5.0,4.0,,,,6.0,12.0,2.0,1.0,,,6.0,3.0,7.0,7.0,8.0
197027,,,,,,,,247.0,,107.0,1.0,1.0,,,,7.0,3.0,12.0,2.0,,,8.0,,43.0,20.0,8.0
197036,,,,,,,,1657.0,,196.0,,,,,,193.0,37.0,199.0,59.0,7.0,,327.0,,226.0,202.0,95.0
197045,,,,,,,,524.0,,230.0,,,,,,34.0,71.0,22.0,42.0,1.0,,6.0,10.0,59.0,2.0,
197081,,,,,,,,58.0,,25.0,,,,,,10.0,3.0,2.0,3.0,,,2.0,3.0,7.0,,
197133,,,,,,,,975.0,,303.0,,,,,,100.0,39.0,63.0,29.0,7.0,,229.0,,119.0,5.0,
197142,,,,,,,,107.0,,45.0,,,,,,24.0,,4.0,1.0,1.0,,8.0,,20.0,1.0,
197151,,,,,,,,966.0,,462.0,,,,,,139.0,13.0,47.0,31.0,1.0,,109.0,4.0,127.0,,1.0
197197,,,,,,,,454.0,,157.0,1.0,11.0,,,,35.0,9.0,14.0,46.0,4.0,,47.0,,45.0,13.0,12.0
197221,,,,,,,,37.0,,11.0,,,,,,11.0,2.0,0.0,,,,7.0,,1.0,1.0,
197230,,,,,,,,156.0,,47.0,,,,,,20.0,6.0,7.0,21.0,,,24.0,,9.0,5.0,4.0
197285,,,,,,,,164.0,,52.0,,,,,,19.0,6.0,7.0,16.0,,,0.0,17.0,41.0,,
197294,,,,,,,,891.0,,507.0,,3.0,,,,34.0,12.0,76.0,38.0,2.0,,13.0,,95.0,19.0,
197337,,,,,,,,6.0,,3.0,,,,,,1.0,,,,,,0.0,,1.0,,
197522,,,,,,,,36.0,,9.0,,,,,,6.0,1.0,,,,,,13.0,3.0,,
197531,,,,,,,,100.0,,3.0,,,,,,13.0,5.0,,,3.0,,22.0,0.0,33.0,,
197601,,,,,,,,17.0,,5.0,,,,,,3.0,1.0,,,1.0,,,,2.0,1.0,
197610,,,,,,,,12.0,,7.0,,,,,,2.0,2.0,,,,,,,1.0,,
197647,,,,,,,,25.0,,16.0,,,,,,1.0,3.0,,,,,,,3.0,2.0,
197674,,,,,,,,36.0,,21.0,,,,,,3.0,,,,,,,,12.0,,
197692,,,,,,,,11.0,,5.0,,,,,,,,,,,,5.0,,1.0,,
197708,,,,,,,,3245.0,,1077.0,,,,,,303.0,138.0,420.0,156.0,101.0,,171.0,8.0,456.0,193.0,20.0
197735,,,,,,,,58.0,,42.0,,,,,,6.0,1.0,,,,,,,4.0,5.0,
197744,,,,,,,,18.0,,8.0,,,,,,2.0,2.0,,,,,,,3.0,2.0,
197814,,,,,,,,285.0,,153.0,,,,,,26.0,5.0,11.0,11.0,,,23.0,2.0,29.0,2.0,0.0
197832,,,,,,,,106.0,,44.0,,,,,,12.0,1.0,,,,,,,47.0,,
197850,,,,,,,,295.0,,158.0,,,,,,40.0,10.0,11.0,7.0,,,,,40.0,6.0,
197869,,,,,,,,2649.0,,1037.0,,,,,,80.0,89.0,154.0,174.0,49.0,,354.0,35.0,366.0,139.0,18.0
197887,,,,,,,,672.0,,304.0,,,,,,79.0,10.0,17.0,21.0,,,36.0,5.0,93.0,11.0,1.0
197911,,,,,,,,202.0,,83.0,,1.0,,,,20.0,14.0,5.0,37.0,4.0,,4.0,2.0,23.0,,
197966,,,,,,,,226.0,,103.0,,,,,,25.0,4.0,6.0,15.0,,,18.0,,22.0,3.0,1.0
197984,,,,,,,,204.0,,92.0,,,,,,20.0,10.0,,37.0,5.0,,3.0,2.0,20.0,,2.0
197993,,,,,,,,168.0,,62.0,,,,,,30.0,2.0,6.0,,,,16.0,,41.0,,
198011,,,,,,,,142.0,,74.0,,1.0,,,,21.0,5.0,3.0,5.0,,,5.0,1.0,20.0,2.0,
198039,,,,,,,,273.0,,130.0,,,,,,36.0,9.0,9.0,10.0,4.0,,8.0,0.0,28.0,7.0,1.0
198066,,,,,,,,183.0,,64.0,,,,,,18.0,5.0,5.0,30.0,,,22.0,,34.0,,
198075,,,,,,,,14.0,,7.0,,,,,,1.0,2.0,,,,,,1.0,2.0,,
198084,,,,,,,,297.0,,112.0,,,,,,16.0,11.0,7.0,15.0,,,60.0,0.0,33.0,8.0,
198109,,,,,,,,68.0,,44.0,,,,,,4.0,2.0,,2.0,,,,,6.0,,
198118,,,,,,,,426.0,,169.0,,,,,,70.0,9.0,14.0,29.0,,,24.0,6.0,64.0,11.0,
198136,,,,,,,,870.0,,331.0,2.0,,,,,37.0,9.0,20.0,94.0,18.0,,111.0,2.0,141.0,48.0,
198154,,,,,,,,832.0,,454.0,,,,,,26.0,22.0,26.0,24.0,,,70.0,13.0,104.0,17.0,1.0
198190,,,,,,,,21.0,,17.0,,,,,,1.0,1.0,,1.0,,,,,,,
198206,,,,,,,,158.0,,65.0,,,,,,22.0,1.0,6.0,4.0,,,20.0,1.0,36.0,,
198215,,,,,,,,273.0,,98.0,,,,,,14.0,16.0,12.0,47.0,7.0,,35.0,,20.0,,
198233,,,,,,,,472.0,,229.0,,,,,,45.0,8.0,39.0,25.0,,,12.0,0.0,71.0,7.0,1.0
198242,,,,,,,,52.0,,33.0,,,,,,2.0,3.0,1.0,,,,,5.0,3.0,1.0,
198251,,,,,,,,586.0,,194.0,,,,,,61.0,7.0,11.0,53.0,1.0,,47.0,,80.0,11.0,
198260,,,,,,,,1659.0,,662.0,,,,,,165.0,64.0,81.0,106.0,0.0,,18.0,1.0,259.0,2.0,
198303,,,,,,,,217.0,,74.0,,,,,,34.0,,5.0,40.0,0.0,,22.0,,35.0,,
198321,,,,,,,,313.0,,197.0,,,,,,20.0,5.0,10.0,12.0,0.0,,3.0,,30.0,6.0,
198330,,,,,,,,449.0,,265.0,,,,,,26.0,0.0,15.0,16.0,,,28.0,3.0,65.0,5.0,2.0
198367,,,,,,,,328.0,,147.0,,,,,,46.0,16.0,8.0,24.0,,,11.0,,37.0,10.0,
198376,,,,,,,,373.0,,168.0,2.0,,,,,51.0,14.0,8.0,29.0,,,25.0,,57.0,11.0,
198385,,,,,,,,803.0,,181.0,,,,,,39.0,59.0,43.0,117.0,11.0,,154.0,7.0,96.0,33.0,
198419,,,,,,,,16398.0,,3659.0,1347.0,,,,,1425.0,1636.0,2567.0,603.0,1203.0,,968.0,52.0,2222.0,276.0,243.0
198455,,,,,,,,482.0,,205.0,,,,,,102.0,5.0,10.0,23.0,2.0,,32.0,6.0,68.0,5.0,
198464,,,,,,,,5522.0,,1574.0,2.0,223.0,,,,191.0,259.0,335.0,258.0,319.0,,581.0,2.0,1282.0,288.0,33.0
198491,,,,,,,,258.0,,86.0,,,,,,24.0,15.0,7.0,12.0,23.0,,20.0,,33.0,,
198507,,,,,,,,443.0,,125.0,,,,,,48.0,23.0,24.0,15.0,2.0,,51.0,2.0,70.0,19.0,2.0
198516,,,,,,,,1260.0,,454.0,,,,,,135.0,69.0,43.0,103.0,10.0,,146.0,,142.0,39.0,21.0
198525,,,,,,,,7.0,,4.0,,,,,,,,,,,,,,3.0,,
198534,,,,,,,,998.0,,452.0,,,,,,70.0,12.0,29.0,24.0,,,111.0,7.0,171.0,14.0,7.0
198543,,,,,,,,817.0,,268.0,,,,,,56.0,31.0,43.0,31.0,7.0,,86.0,2.0,160.0,33.0,18.0
198552,,,,,,,,896.0,,519.0,,,,,,127.0,9.0,30.0,16.0,,,27.0,,156.0,8.0,
198561,,,,,,,,569.0,,214.0,,,,,,53.0,9.0,9.0,108.0,8.0,,63.0,,86.0,,
198570,,,,,,,,549.0,,277.0,,,,,,44.0,18.0,29.0,2.0,,,24.0,1.0,66.0,23.0,
198598,,,,,,,,167.0,,62.0,,,,,,8.0,8.0,4.0,31.0,5.0,,18.0,,16.0,,
198613,,,,,,,,382.0,,130.0,,,,,,31.0,22.0,12.0,39.0,7.0,,40.0,,46.0,5.0,
198622,,,,,,,,760.0,,340.0,,1.0,,,,58.0,10.0,29.0,32.0,,,64.0,13.0,111.0,17.0,2.0
198640,,,,,,,,217.0,,108.0,,,,,,19.0,7.0,5.0,10.0,,,13.0,4.0,25.0,,
198668,,,,,,,,334.0,,196.0,,,,,,43.0,5.0,11.0,4.0,,,26.0,,34.0,5.0,
198677,,,,,,,,16.0,,10.0,1.0,,,,,1.0,0.0,0.0,,,,,,,,
198695,,,,,,,,749.0,,295.0,,,,,,69.0,46.0,38.0,113.0,6.0,,88.0,,49.0,4.0,21.0
198710,,,,,,,,290.0,,136.0,2.0,1.0,,,,31.0,12.0,5.0,17.0,,,21.0,2.0,24.0,3.0,1.0
198729,,,,,,,,172.0,,56.0,,,,,,21.0,8.0,6.0,12.0,,,8.0,0.0,23.0,3.0,
198747,,,,,,,,27.0,,13.0,,,,,,1.0,3.0,,3.0,,,,,1.0,1.0,
198756,,,,,,,,314.0,,125.0,,3.0,,,,47.0,8.0,13.0,27.0,5.0,,25.0,4.0,45.0,,
198774,,,,,,,,453.0,,187.0,,,,,,36.0,12.0,15.0,14.0,1.0,,41.0,1.0,46.0,8.0,
198808,,,,,,,,176.0,,61.0,,,,,,10.0,6.0,2.0,3.0,1.0,,11.0,,64.0,14.0,1.0
198817,,,,,,,,327.0,,185.0,,24.0,,,,17.0,2.0,8.0,7.0,,,20.0,,55.0,,
198835,,,,,,,,301.0,,147.0,,,,,,21.0,18.0,,55.0,1.0,,9.0,,20.0,,
198844,,,,,,,,15.0,,8.0,,,,,,3.0,1.0,,,,,,,2.0,,
198862,,,,,,,,213.0,,75.0,,,,,,22.0,16.0,5.0,17.0,1.0,,21.0,,32.0,,1.0
198871,,,,,,,,131.0,,34.0,,,,,,14.0,6.0,4.0,19.0,3.0,,17.0,,25.0,6.0,
198899,,,,,,,,305.0,,114.0,,,,,,40.0,6.0,6.0,45.0,7.0,,39.0,3.0,33.0,,4.0
198905,,,,,,,,128.0,,82.0,1.0,,,,,15.0,2.0,,1.0,2.0,,,,15.0,,2.0
198914,,,,,,,,164.0,,83.0,,,,,,29.0,4.0,3.0,10.0,,,,,24.0,4.0,
198923,,,,,,,,149.0,,78.0,3.0,1.0,,,,4.0,8.0,4.0,,3.0,,5.0,,12.0,5.0,
198941,,,,,,,,17.0,,13.0,,,,,,1.0,,,,,,,,1.0,,
198950,,,,,,,,442.0,,156.0,,7.0,,,,40.0,18.0,34.0,23.0,2.0,,44.0,,62.0,10.0,1.0
198969,,,,,,,,481.0,,179.0,,,,,,36.0,17.0,14.0,61.0,6.0,,77.0,4.0,49.0,15.0,3.0
198978,,,,,,,,220.0,,85.0,,,,,,20.0,18.0,,,7.0,,,72.0,17.0,,
198987,,,,,,,,345.0,,180.0,,,,,,39.0,6.0,9.0,19.0,,,23.0,5.0,49.0,1.0,0.0
199005,,,,,,,,3.0,,3.0,,,,,,,,,,,,,,,,
199014,,,,,,,,4.0,,2.0,,,,,,,,,,,,,,2.0,,
199023,,,,,,,,155.0,,65.0,,,,,,13.0,6.0,3.0,1.0,,,6.0,,18.0,3.0,
199032,,,,,,,,129.0,,34.0,,,,,,6.0,12.0,5.0,20.0,0.0,,9.0,11.0,11.0,0.0,
199069,,,,,,,,339.0,,129.0,,,,,,50.0,6.0,9.0,33.0,,,17.0,,30.0,,1.0
199078,,,,,,,,20.0,,9.0,,,,,,4.0,,,,,,,,3.0,,
199087,,,,,,,,307.0,,189.0,,,,,,26.0,8.0,7.0,5.0,,,23.0,1.0,31.0,,
199102,,,,,,,,1634.0,,522.0,25.0,,,,,107.0,89.0,106.0,76.0,20.0,,129.0,1.0,374.0,77.0,11.0
199111,,,,,,,,689.0,,239.0,,,,,,43.0,42.0,28.0,40.0,9.0,,79.0,2.0,120.0,50.0,3.0
199120,,,,,,,,12466.0,,2193.0,1168.0,919.0,,,,276.0,913.0,2210.0,392.0,481.0,,790.0,,1902.0,676.0,90.0
199139,,,,,,,,3334.0,,1159.0,,,,,,183.0,169.0,258.0,186.0,32.0,,382.0,1.0,553.0,227.0,10.0
199148,,,,,,,,2438.0,,820.0,1.0,,,,,117.0,209.0,297.0,88.0,28.0,,270.0,2.0,274.0,88.0,17.0
199157,,,,,,,,1282.0,,434.0,,,,,,114.0,84.0,89.0,86.0,14.0,,114.0,1.0,212.0,48.0,7.0
199175,,,,,,,,414.0,,,,,,,,62.0,63.0,80.0,66.0,1.0,,6.0,,101.0,12.0,
199184,,,,,,,,430.0,,151.0,,,,,,43.0,21.0,13.0,22.0,3.0,,65.0,1.0,66.0,23.0,2.0
199193,,,,,,,,8545.0,,1795.0,376.0,294.0,,,,307.0,474.0,1329.0,408.0,103.0,,830.0,8.0,1319.0,412.0,49.0
199209,,,,,,,,272.0,,126.0,,,,,,84.0,,8.0,25.0,1.0,,,,21.0,,
199218,,,,,,,,1911.0,,726.0,5.0,,,,,87.0,93.0,107.0,111.0,26.0,,170.0,3.0,339.0,128.0,15.0
199263,,,,,,,,94.0,,48.0,,2.0,,,,7.0,6.0,4.0,,,,6.0,,8.0,,
199272,,,,,,,,143.0,,61.0,,,,,,8.0,3.0,5.0,11.0,3.0,,13.0,9.0,12.0,,
199281,,,,,,,,856.0,,342.0,,,,,,67.0,31.0,42.0,24.0,7.0,,81.0,,151.0,53.0,4.0
199306,,,,,,,,233.0,,99.0,,,,,,34.0,16.0,10.0,28.0,,,2.0,,20.0,,
199315,,,,,,,,51.0,,22.0,,,,,,8.0,1.0,1.0,3.0,,,2.0,,5.0,1.0,
199324,,,,,,,,227.0,,111.0,,,,,,31.0,6.0,8.0,11.0,,,16.0,,34.0,3.0,
199333,,,,,,,,650.0,,309.0,,,,,,40.0,9.0,17.0,43.0,1.0,,17.0,,148.0,3.0,
199412,,,,,,,,409.0,,168.0,,11.0,,,,52.0,47.0,10.0,47.0,7.0,,10.0,,48.0,1.0,2.0
199421,,,,,,,,287.0,,141.0,,,,,,33.0,4.0,10.0,9.0,,,17.0,,35.0,5.0,
199449,,,,,,,,243.0,,115.0,,,,,,31.0,3.0,4.0,5.0,,,13.0,,23.0,6.0,
199458,,,,,,,,33.0,,8.0,,,,,,1.0,2.0,2.0,,,,3.0,,4.0,,
199467,,,,,,,,119.0,,64.0,,,,,,18.0,3.0,3.0,,,,9.0,,4.0,,
199476,,,,,,,,272.0,,163.0,,,,,,24.0,5.0,6.0,18.0,,,7.0,,39.0,,
199485,,,,,,,,222.0,,122.0,,,,,,25.0,5.0,7.0,4.0,,,15.0,1.0,30.0,1.0,
199494,,,,,,,,596.0,,343.0,,,,,,43.0,7.0,28.0,26.0,,,21.0,,90.0,6.0,
199582,,,,,,,,257.0,,96.0,,,,,,38.0,9.0,5.0,17.0,5.0,,50.0,1.0,21.0,11.0,1.0
199607,,,,,,,,195.0,,86.0,,,,,,26.0,3.0,8.0,7.0,2.0,,20.0,,18.0,6.0,
199625,,,,,,,,174.0,,92.0,,,,,,16.0,12.0,3.0,4.0,,,11.0,3.0,23.0,,
199634,,,,,,,,439.0,,254.0,,,,,,34.0,7.0,7.0,11.0,,,33.0,,42.0,9.0,2.0
199643,,,,,,,,318.0,,116.0,,,,,,48.0,12.0,4.0,29.0,1.0,,32.0,,42.0,,5.0
199670,,,,,,,,8.0,,3.0,,,,,,1.0,,,,,,1.0,,2.0,,
199689,,,,,,,,24.0,,9.0,,,,,,4.0,,,,,,,5.0,6.0,,
199698,,,,,,,,172.0,,39.0,,,,,,7.0,4.0,2.0,2.0,,,84.0,,24.0,6.0,
199713,,,,,,,,9.0,,6.0,,,,,,1.0,,,,,,,,1.0,,
199722,,,,,,,,293.0,,91.0,,,,,,27.0,8.0,7.0,16.0,,,14.0,,25.0,1.0,1.0
199731,,,,,,,,289.0,,144.0,,,,,,28.0,3.0,9.0,16.0,,,15.0,,28.0,6.0,
199740,,,,,,,,263.0,,145.0,,,,,,21.0,4.0,16.0,15.0,2.0,,15.0,4.0,37.0,,
199759,,,,,,,,263.0,,86.0,1.0,,,,,36.0,9.0,7.0,6.0,,,21.0,,51.0,18.0,
199768,,,,,,,,364.0,,202.0,,,,,,43.0,3.0,9.0,6.0,,,26.0,2.0,54.0,1.0,1.0
199786,,,,,,,,382.0,,228.0,,,,,,26.0,3.0,5.0,9.0,,,20.0,,44.0,,
199795,,,,,,,,130.0,,65.0,2.0,1.0,,,,4.0,4.0,7.0,2.0,3.0,,6.0,,4.0,,
199838,,,,,,,,390.0,,169.0,,,,,,41.0,3.0,7.0,18.0,,,33.0,,52.0,2.0,1.0
199847,,,,,,,,6358.0,,1837.0,18.0,5.0,,,,317.0,768.0,785.0,219.0,678.0,,463.0,7.0,1040.0,85.0,24.0
199856,,,,,,,,1601.0,,673.0,,,,,,160.0,55.0,42.0,52.0,,,26.0,,254.0,13.0,3.0
199865,,,,,,,,232.0,,82.0,,,,,,52.0,3.0,5.0,22.0,2.0,,14.0,,22.0,17.0,
199883,,,,,,,,18.0,,14.0,,,,,,1.0,,,,,,,,2.0,,
199892,,,,,,,,450.0,,263.0,,,,,,33.0,10.0,8.0,14.0,,,42.0,,50.0,,1.0
199908,,,,,,,,295.0,,164.0,,,,,,26.0,2.0,7.0,22.0,,,20.0,2.0,36.0,0.0,
199926,,,,,,,,352.0,,179.0,,,,,,7.0,7.0,6.0,,,,,,76.0,55.0,
199953,,,,,,,,222.0,,113.0,,,,,,18.0,11.0,6.0,7.0,,,24.0,,17.0,,
199962,,,,,,,,468.0,,202.0,,,,,,32.0,14.0,16.0,52.0,7.0,,36.0,,48.0,7.0,1.0
199971,,,,,,,,10.0,,6.0,,,,,,,1.0,,,,,,,1.0,1.0,
199980,,,,,,,,6.0,,3.0,,,,,,1.0,,,,,,,,1.0,,
199999,,,,,,,,921.0,,344.0,,,,,,93.0,59.0,49.0,46.0,8.0,,96.0,1.0,151.0,23.0,3.0
200004,,,,,,,,1497.0,,525.0,,1.0,,,,92.0,75.0,49.0,104.0,17.0,,185.0,2.0,207.0,130.0,21.0
200013,,,,,,,,62.0,,23.0,,,,,,8.0,1.0,,,,,,1.0,2.0,,
200022,,,,,,,,418.0,,206.0,,,,,,31.0,16.0,17.0,34.0,,,36.0,3.0,49.0,14.0,
200059,,,,,,,,241.0,,112.0,7.0,,,,,23.0,1.0,4.0,26.0,1.0,,28.0,3.0,24.0,,6.0
200086,,,,,,,,62.0,,19.0,,,,,,7.0,6.0,2.0,1.0,,,,,,,
200110,,,,,,,,8.0,,4.0,,,,,,4.0,,,,,,,,,,
200129,,,,,,,,5.0,,3.0,,,,,,1.0,,,,,,,,1.0,,
200156,,,,,,,,179.0,,73.0,,,,,,10.0,1.0,3.0,29.0,0.0,,16.0,19.0,19.0,3.0,0.0
200165,,,,,,,,9.0,,4.0,,,,,,5.0,,,,,,,,,,
200192,,,,,,,,125.0,,40.0,,,,,,16.0,5.0,3.0,1.0,,,14.0,4.0,24.0,,
200208,,,,,,,,130.0,,24.0,,,,,,19.0,4.0,4.0,1.0,,,10.0,,17.0,2.0,4.0
200217,,,,,,,,408.0,,198.0,,,,,,45.0,15.0,4.0,44.0,3.0,,43.0,1.0,45.0,3.0,3.0
200226,,,,,,,,200.0,,48.0,,,,,,44.0,5.0,,12.0,4.0,,34.0,,24.0,,
200253,,,,,,,,469.0,,222.0,,,,,,30.0,9.0,8.0,33.0,4.0,,47.0,7.0,69.0,9.0,3.0
200262,,,,,,,,1.0,,1.0,,,,,,,,,,,,,,,,
200280,,,,,,,,2664.0,,783.0,,,,,,156.0,88.0,277.0,238.0,73.0,,247.0,,474.0,72.0,165.0
200305,,,,,,,,391.0,,179.0,,,,,,29.0,8.0,6.0,15.0,1.0,,56.0,3.0,62.0,10.0,9.0
200314,,,,,,,,125.0,,61.0,,,,,,8.0,1.0,3.0,8.0,0.0,,17.0,2.0,12.0,2.0,1.0
200332,,,,,,,,2527.0,,600.0,112.0,163.0,,,,140.0,116.0,363.0,136.0,37.0,,270.0,13.0,298.0,115.0,30.0
200341,,,,,,,,108.0,,31.0,,,,,,11.0,6.0,3.0,4.0,,,16.0,1.0,20.0,,
200387,,,,,,,,7.0,,2.0,,,,,,1.0,1.0,,,,,,1.0,2.0,0.0,
200466,,,,,,,,118.0,,33.0,,,,,,2.0,4.0,3.0,12.0,,,18.0,,8.0,9.0,11.0
200484,,,,,,,,58.0,,15.0,,,,,,5.0,1.0,2.0,4.0,,,9.0,,19.0,1.0,
200527,,,,,,,,126.0,,42.0,0.0,,,,,22.0,5.0,6.0,10.0,,,10.0,,22.0,,
200554,,,,,,,,501.0,,243.0,,,,,,,35.0,11.0,19.0,2.0,,,,,,20.0
200572,,,,,,,,223.0,,88.0,,,,,,27.0,4.0,10.0,30.0,1.0,,16.0,,28.0,7.0,7.0
200590,,,,,,,,29.0,,16.0,,,,,,3.0,1.0,,,,,,,4.0,1.0,
200624,,,,,,,,10.0,,6.0,,,,,,1.0,1.0,,,,,,,1.0,,
200633,,,,,,,,26.0,,18.0,,,,,,3.0,1.0,,,,,,3.0,0.0,,
200785,,,,,,,,41.0,,27.0,,,,,,2.0,,1.0,,,,1.0,,3.0,,
200800,,,,,,,,2733.0,,1064.0,,,,,,121.0,175.0,200.0,204.0,31.0,,316.0,11.0,268.0,87.0,31.0
200828,,,,,,,,8.0,,7.0,,,,,,0.0,,,,,,,,1.0,,
200846,,,,,,,,123.0,,65.0,,,,,,2.0,2.0,7.0,9.0,,,2.0,,10.0,8.0,
200873,,,,,,,,18.0,,5.0,,,,,,4.0,1.0,1.0,,,,,,1.0,1.0,
201016,,,,,,,,31.0,,14.0,,,,,,4.0,,1.0,,,,5.0,,1.0,0.0,
201034,,,,,,,,74.0,,59.0,,,,,,8.0,1.0,,,,,,0.0,6.0,,
201061,,,,,,,,41.0,,20.0,,,,,,5.0,3.0,,1.0,,,2.0,,7.0,,
201098,,,,,,,,19.0,,10.0,,,,,,1.0,3.0,0.0,0.0,,,,,3.0,,
201104,,,,,,,,804.0,,337.0,,,,,,149.0,12.0,20.0,49.0,5.0,,92.0,1.0,81.0,18.0,1.0
201131,,,,,,,,26.0,,18.0,,,,,,2.0,,,1.0,,,,,3.0,,
201140,,,,,,,,41.0,,10.0,,,,,,11.0,0.0,,2.0,,,8.0,,4.0,2.0,
201159,,,,,,,,98.0,,62.0,,,,,,2.0,,,2.0,13.0,,16.0,,4.0,,
201177,,,,,,,,46.0,,15.0,,,,,,12.0,11.0,2.0,,,,,,2.0,,
201195,,,,,,,,684.0,,256.0,,,,,,61.0,90.0,37.0,29.0,4.0,,80.0,,90.0,25.0,2.0
201283,,,,,,,,150.0,,73.0,,0.0,,,,22.0,4.0,5.0,6.0,,,6.0,1.0,13.0,4.0,
201371,,,,,,,,164.0,,70.0,,,,,,25.0,11.0,5.0,13.0,2.0,,5.0,11.0,15.0,3.0,
201399,,,,,,,,30.0,,18.0,,,,,,6.0,1.0,,,,,1.0,2.0,1.0,,
201432,,,,,,,,141.0,,81.0,,,,,,13.0,3.0,2.0,4.0,,,8.0,1.0,27.0,,0.0
201441,,,,,,,,2090.0,,812.0,11.0,,,,,272.0,47.0,125.0,150.0,17.0,,212.0,10.0,360.0,22.0,17.0
201469,,,,,,,,73.0,,40.0,,,,,,5.0,1.0,1.0,14.0,,,1.0,,6.0,,
201478,,,,,,,,59.0,,30.0,,,,,,,,,4.0,12.0,,6.0,,1.0,,7.0
201496,,,,,,,,22.0,,8.0,,,,,,6.0,,,,,,,,5.0,,
201539,,,,,,,,28.0,,2.0,,,,,,2.0,1.0,,,1.0,,,,3.0,,
201548,,,,,,,,513.0,,246.0,,,,,,45.0,20.0,19.0,49.0,,,15.0,,59.0,19.0,
201609,,,,,,,,3.0,,2.0,,,,,,,,,,,,,,1.0,,
201618,,,,,,,,4.0,,3.0,,,,,,1.0,,,,,,,,,,
201627,,,,,,,,4.0,,3.0,,,,,,,,,,,,,,1.0,,
201645,,,,,,,,4378.0,,1429.0,,,,,,176.0,338.0,1250.0,112.0,48.0,,286.0,,407.0,62.0,3.0
201654,,,,,,,,629.0,,268.0,,,,,,45.0,30.0,27.0,47.0,8.0,,58.0,15.0,76.0,19.0,
201672,,,,,,,,252.0,,131.0,,,,,,27.0,8.0,11.0,6.0,,,10.0,,21.0,,
201681,,,,,,,,12.0,,6.0,,,,,,2.0,1.0,,,,,,,2.0,,
201690,,,,,,,,355.0,,124.0,,,,,,45.0,16.0,10.0,27.0,16.0,,41.0,1.0,45.0,6.0,1.0
201751,,,,,,,,34.0,,3.0,,,,,,10.0,1.0,1.0,1.0,,,2.0,5.0,6.0,,
201803,,,,,,,,63.0,,34.0,,,,,,,,1.0,,13.0,,,,,2.0,
201821,,,,,,,,75.0,,42.0,,,,,,12.0,1.0,3.0,1.0,,,,,6.0,,
201858,,,,,,,,116.0,,46.0,,1.0,,,,14.0,9.0,4.0,10.0,,,5.0,2.0,11.0,3.0,
201867,,,,,,,,10.0,,4.0,,,,,,1.0,1.0,,,,,,,3.0,,
201885,,,,,,,,5806.0,,2048.0,310.0,36.0,,,,1041.0,307.0,744.0,233.0,112.0,,373.0,8.0,302.0,148.0,59.0
201928,,,,,,,,846.0,,401.0,,,,,,124.0,24.0,41.0,10.0,,,71.0,,48.0,,6.0
201946,,,,,,,,242.0,,145.0,,8.0,,,,28.0,4.0,8.0,19.0,,,12.0,,6.0,4.0,
201955,,,,,,,,324.0,,211.0,,,,,,29.0,4.0,23.0,18.0,1.0,,16.0,,4.0,5.0,
201964,,,,,,,,422.0,,240.0,,,,,,26.0,16.0,11.0,,,,4.0,60.0,56.0,7.0,
201973,,,,,,,,351.0,,190.0,,,,,,39.0,7.0,10.0,14.0,1.0,,16.0,7.0,24.0,,
201982,,,,,,,,12.0,,8.0,,,,,,1.0,,,,,,,,3.0,,
202046,,,,,,,,150.0,,66.0,,,,,,26.0,4.0,9.0,6.0,,,3.0,,10.0,1.0,
202055,,,,,,,,20.0,,10.0,,,,,,4.0,2.0,,,,,,2.0,1.0,,
202073,,,,,,,,134.0,,64.0,,,,,,12.0,6.0,1.0,7.0,,,5.0,1.0,9.0,7.0,
202134,,,,,,,,1804.0,,728.0,,,,,,260.0,87.0,140.0,74.0,13.0,,117.0,5.0,239.0,23.0,10.0
202152,,,,,,,,15.0,,8.0,,,,,,2.0,1.0,1.0,,1.0,,,,1.0,1.0,
202161,,,,,,,,63.0,,26.0,,,,,,6.0,3.0,,,,,0.0,17.0,5.0,,
202170,,,,,,,,241.0,,120.0,,,,,,24.0,4.0,11.0,1.0,,,20.0,12.0,24.0,7.0,
202222,,,,,,,,1490.0,,683.0,,,,,,161.0,112.0,78.0,71.0,17.0,,37.0,10.0,211.0,38.0,5.0
202356,,,,,,,,2185.0,,718.0,,,,,,218.0,181.0,59.0,74.0,,,124.0,,575.0,,
202435,,,,,,,,27.0,,11.0,,,,,,5.0,2.0,0.0,,,,1.0,3.0,5.0,,
202453,,,,,,,,5.0,,3.0,,,,,,1.0,,,,,,,,1.0,,
202480,,,,,,,,2453.0,,671.0,,,,,,447.0,58.0,469.0,124.0,8.0,,214.0,12.0,316.0,60.0,10.0
202514,,,,,,,,172.0,,59.0,,,,,,19.0,20.0,2.0,30.0,4.0,,1.0,,21.0,8.0,
202523,,,,,,,,674.0,,258.0,,,,,,110.0,5.0,29.0,35.0,9.0,,73.0,,120.0,21.0,
202639,,,,,,,,6.0,,4.0,,,,,,,,,,,,,,1.0,,
202648,,,,,,,,202.0,,104.0,,3.0,,,,31.0,3.0,14.0,1.0,,,14.0,,28.0,,
202657,,,,,,,,35.0,,22.0,,,,,,4.0,2.0,1.0,1.0,,,,,5.0,,
202684,,,,,,,,64.0,,31.0,,,,,,8.0,1.0,1.0,15.0,,,1.0,,5.0,,
202736,,,,,,,,5.0,,4.0,,,,,,1.0,,,,,,,,,,
202763,,,,,,,,620.0,,234.0,,,,,,77.0,19.0,26.0,56.0,18.0,,65.0,2.0,76.0,12.0,2.0
202806,,,,,,,,596.0,,306.0,,,,,,67.0,30.0,43.0,9.0,,,34.0,,23.0,4.0,
202888,,,,,,,,6.0,,3.0,,,,,,1.0,1.0,,,,,,,0.0,,
202903,,,,,,,,56.0,,24.0,,,,,,4.0,2.0,1.0,5.0,,,3.0,2.0,5.0,5.0,
202912,,,,,,,,67.0,,32.0,,,,,,13.0,,2.0,,,,,,10.0,,
202949,,,,,,,,42.0,,20.0,,,,,,8.0,,,1.0,,,1.0,,7.0,,
202985,,,,,,,,7.0,,5.0,,,,,,1.0,,,,,,,,1.0,,
203030,,,,,,,,13.0,,12.0,,,,,,,,1.0,,,,,,,,
203067,,,,,,,,215.0,,68.0,1.0,1.0,,,,46.0,11.0,6.0,13.0,,,12.0,0.0,32.0,,
203085,,,,,,,,253.0,,83.0,7.0,,,,,37.0,4.0,8.0,34.0,0.0,,29.0,2.0,33.0,8.0,
203128,,,,,,,,256.0,,104.0,,,,,,27.0,13.0,14.0,35.0,4.0,,5.0,2.0,30.0,1.0,1.0
203146,,,,,,,,42.0,,26.0,,,,,,3.0,1.0,,,,,,2.0,6.0,1.0,2.0
203155,,,,,,,,381.0,,187.0,,,,,,41.0,12.0,11.0,12.0,,,56.0,,28.0,12.0,
203225,,,,,,,,18.0,,7.0,,,,,,4.0,2.0,,,,,,2.0,1.0,,
203234,,,,,,,,14.0,,4.0,,,,,,3.0,,,,,,,,1.0,,
203289,,,,,,,,16.0,,8.0,,,,,,3.0,,,,,,,2.0,2.0,1.0,
203313,,,,,,,,37.0,,14.0,,,,,,6.0,1.0,1.0,,,,,,13.0,,
203331,,,,,,,,213.0,,118.0,,5.0,,,,22.0,7.0,6.0,,,,7.0,,24.0,,
203368,,,,,,,,646.0,,260.0,,,,,,101.0,4.0,25.0,111.0,,,19.0,,90.0,21.0,3.0
203386,,,,,,,,184.0,,113.0,,,,,,35.0,5.0,2.0,10.0,,,,,9.0,,
203438,,,,,,,,19.0,,12.0,,,,,,3.0,,,,,,,4.0,0.0,,
203447,,,,,,,,124.0,,70.0,,,,,,12.0,8.0,2.0,,1.0,,2.0,1.0,13.0,3.0,
203456,,,,,,,,68.0,,39.0,,,,,,4.0,4.0,2.0,,1.0,,3.0,,11.0,1.0,
203465,,,,,,,,311.0,,161.0,,,,,,14.0,21.0,7.0,10.0,1.0,,35.0,2.0,37.0,5.0,
203474,,,,,,,,127.0,,75.0,,,,,,4.0,9.0,3.0,2.0,1.0,,6.0,,17.0,3.0,
203483,,,,,,,,162.0,,78.0,,,,,,10.0,11.0,1.0,19.0,1.0,,15.0,0.0,21.0,1.0,
203492,,,,,,,,111.0,,72.0,,,,,,8.0,1.0,2.0,2.0,0.0,,4.0,0.0,10.0,4.0,
203517,,,,,,,,3561.0,,1216.0,,,,,,395.0,471.0,229.0,146.0,33.0,,340.0,9.0,428.0,128.0,23.0
203526,,,,,,,,124.0,,76.0,,,,,,7.0,8.0,2.0,,,,4.0,,12.0,4.0,
203535,,,,,,,,515.0,,178.0,,,,,,55.0,73.0,,21.0,9.0,,70.0,9.0,62.0,20.0,
203544,,,,,,,,111.0,,69.0,,,,,,1.0,1.0,4.0,2.0,,,10.0,,8.0,,
203580,,,,,,,,169.0,,68.0,,,,,,24.0,10.0,3.0,29.0,3.0,,6.0,,7.0,10.0,1.0
203599,,,,,,,,572.0,,295.0,,,,,,49.0,27.0,32.0,20.0,,,58.0,0.0,63.0,,
203614,,,,,,,,131.0,,61.0,,,,,,,,2.0,1.0,60.0,,,,6.0,,
203678,,,,,,,,269.0,,147.0,,,,,,33.0,3.0,9.0,3.0,,,5.0,,30.0,,
203720,,,,,,,,34.0,,16.0,,,,,,2.0,,3.0,,,,,3.0,3.0,,
203739,,,,,,,,29.0,,17.0,,,,,,2.0,,,,,,,3.0,2.0,,
203748,,,,,,,,724.0,,314.0,,,,,,29.0,51.0,28.0,47.0,,,43.0,4.0,120.0,,4.0
203757,,,,,,,,257.0,,118.0,,,,,,29.0,10.0,9.0,41.0,,,4.0,,29.0,,4.0
203775,,,,,,,,325.0,,129.0,,,,,,22.0,16.0,15.0,49.0,,,20.0,,51.0,5.0,
203845,,,,,,,,323.0,,126.0,,,,,,33.0,11.0,12.0,38.0,3.0,,36.0,,39.0,10.0,1.0
203881,,,,,,,,158.0,,82.0,,,,,,38.0,3.0,6.0,,,,,2.0,25.0,,
203942,,,,,,,,25.0,,16.0,,,,,,1.0,,,,,,,,3.0,,
203960,,,,,,,,173.0,,113.0,,,,,,19.0,,2.0,,,,,,15.0,,
203997,,,,,,,,57.0,,24.0,,,,,,11.0,3.0,2.0,1.0,,,8.0,,3.0,,
204006,,,,,,,,253.0,,150.0,,,,,,10.0,2.0,7.0,18.0,,,14.0,,30.0,5.0,
204015,,,,,,,,196.0,,95.0,,,,,,7.0,7.0,9.0,20.0,,,13.0,,26.0,4.0,
204024,,,,,,,,3206.0,,979.0,43.0,,,,,163.0,211.0,216.0,219.0,23.0,,668.0,31.0,386.0,143.0,11.0
204060,,,,,,,,27.0,,17.0,,,,,,1.0,1.0,,,1.0,,,5.0,1.0,,
204121,,,,,,,,8.0,,5.0,,,,,,1.0,2.0,,,,,,,,,
204158,,,,,,,,87.0,,76.0,,,,,,4.0,2.0,,,,,,,3.0,,
204176,,,,,,,,93.0,,61.0,,,,,,11.0,3.0,4.0,1.0,1.0,,2.0,,10.0,,
204185,,,,,,,,425.0,,164.0,,,,,,34.0,19.0,22.0,38.0,1.0,,81.0,,43.0,,
204194,,,,,,,,362.0,,141.0,,,,,,36.0,16.0,14.0,29.0,2.0,,35.0,0.0,44.0,9.0,3.0
204200,,,,,,,,376.0,,157.0,,,,,,29.0,14.0,13.0,34.0,5.0,,39.0,,33.0,10.0,
204255,,,,,,,,188.0,,99.0,,,,,,18.0,18.0,10.0,,,,7.0,,11.0,,
204264,,,,,,,,300.0,,124.0,,,,,,87.0,5.0,5.0,7.0,2.0,,31.0,,21.0,,
204307,,,,,,,,52.0,,29.0,,,,,,10.0,2.0,,,,,1.0,5.0,3.0,,
204316,,,,,,,,46.0,,17.0,,,,,,11.0,,,,,,,,16.0,1.0,
204334,,,,,,,,10.0,,7.0,,,,,,1.0,,,,,,,,,,
204422,,,,,,,,205.0,,96.0,,,,,,29.0,5.0,8.0,15.0,,,13.0,1.0,19.0,,
204431,,,,,,,,4.0,,3.0,,,,,,,1.0,,,,,,,,,
204440,,,,,,,,191.0,,105.0,,,,,,19.0,11.0,6.0,11.0,,,10.0,3.0,22.0,0.0,
204459,,,,,,,,14.0,,9.0,,,,,,1.0,1.0,,,,,,,3.0,,
204468,,,,,,,,289.0,,113.0,,,,,,38.0,13.0,4.0,37.0,3.0,,17.0,1.0,18.0,,
204477,,,,,,,,382.0,,68.0,10.0,,,,,8.0,40.0,95.0,0.0,1.0,,14.0,,52.0,19.0,
204486,,,,,,,,378.0,,147.0,,,,,,29.0,15.0,11.0,38.0,,,26.0,51.0,26.0,1.0,4.0
204501,,,,,,,,1123.0,,348.0,,,,,,122.0,36.0,46.0,113.0,6.0,,186.0,1.0,153.0,40.0,2.0
204592,,,,,,,,6.0,,3.0,,,,,,1.0,,,,,,,,2.0,,
204608,,,,,,,,156.0,,51.0,,,,,,15.0,11.0,,2.0,,,3.0,30.0,19.0,19.0,
204617,,,,,,,,300.0,,131.0,,,,,,32.0,13.0,12.0,54.0,2.0,,15.0,,19.0,,
204626,,,,,,,,32.0,,13.0,,,,,,6.0,,,7.0,,,,,0.0,,
204635,,,,,,,,562.0,,242.0,,,,,,44.0,40.0,32.0,75.0,14.0,,9.0,,94.0,,4.0
204662,,,,,,,,92.0,,38.0,,,,,,12.0,5.0,1.0,9.0,,,2.0,1.0,9.0,9.0,
204671,,,,,,,,114.0,,51.0,,,,,,15.0,9.0,2.0,12.0,,,10.0,,7.0,6.0,
204680,,,,,,,,130.0,,57.0,,,,,,13.0,11.0,2.0,8.0,,,14.0,1.0,14.0,4.0,2.0
204699,,,,,,,,137.0,,58.0,,,,,,18.0,9.0,,11.0,,,17.0,1.0,13.0,5.0,
204705,,,,,,,,175.0,,84.0,,,,,,17.0,12.0,4.0,13.0,1.0,,20.0,2.0,7.0,5.0,
204714,,,,,,,,13.0,,7.0,,,,,,,1.0,,,,,1.0,2.0,,,
204723,,,,,,,,8.0,,5.0,,,,,,1.0,,,,,,,,2.0,,
204769,,,,,,,,7.0,,4.0,,,,,,1.0,1.0,,,,,,,,,
204778,,,,,,,,9.0,,6.0,,,,,,1.0,1.0,,,,,,,,,
204796,,,,,,,,26822.0,,4090.0,102.0,,,,,4014.0,1487.0,3400.0,721.0,6101.0,,2439.0,96.0,2715.0,606.0,201.0
204802,,,,,,,,51.0,,30.0,,,,,,2.0,,2.0,3.0,,,4.0,,6.0,1.0,
204820,,,,,,,,124.0,,75.0,,,,,,5.0,,3.0,8.0,1.0,,9.0,,19.0,3.0,
204839,,,,,,,,119.0,,67.0,,,,,,6.0,3.0,3.0,9.0,1.0,,2.0,,25.0,1.0,
204848,,,,,,,,122.0,,74.0,,,,,,5.0,1.0,5.0,7.0,,,7.0,,16.0,3.0,
204857,,,,,,,,3643.0,,1142.0,,,,,,204.0,174.0,402.0,219.0,58.0,,475.0,9.0,727.0,110.0,45.0
204866,,,,,,,,123.0,,61.0,,,,,,5.0,1.0,4.0,3.0,,,14.0,,26.0,6.0,
204884,,,,,,,,22.0,,12.0,,,,,,4.0,1.0,,,,,,3.0,2.0,,
204893,,,,,,,,13.0,,9.0,,,,,,1.0,,,,,,,,2.0,,
204909,,,,,,,,444.0,,167.0,,,,,,19.0,25.0,11.0,74.0,10.0,,27.0,,58.0,16.0,1.0
204936,,,,,,,,516.0,,240.0,,,,,,59.0,30.0,19.0,43.0,3.0,,39.0,,34.0,1.0,
204945,,,,,,,,860.0,,436.0,,,,,,82.0,37.0,35.0,53.0,,,44.0,,105.0,15.0,
204963,,,,,,,,9.0,,6.0,,,,,,,,,,,,1.0,,2.0,,
204981,,,,,,,,77.0,,8.0,,,,,,6.0,1.0,1.0,1.0,,,1.0,,6.0,,
204990,,,,,,,,14.0,,4.0,,,,,,2.0,2.0,,0.0,,,,,1.0,1.0,
205027,,,,,,,,70.0,,29.0,,,,,,6.0,2.0,3.0,1.0,1.0,,5.0,,10.0,6.0,
205054,,,,,,,,43.0,,27.0,,,,,,5.0,,1.0,,,,,2.0,6.0,1.0,
205090,,,,,,,,15.0,,9.0,,,,,,2.0,1.0,,,,,,,2.0,,
205124,,,,,,,,25.0,,7.0,,,,,,3.0,1.0,,,,,11.0,,3.0,,
205142,,,,,,,,9.0,,6.0,,,,,,2.0,,,,,,,,1.0,1.0,
205179,,,,,,,,180.0,,81.0,,,,,,18.0,16.0,,,,,2.0,26.0,34.0,2.0,
205203,,,,,,,,229.0,,114.0,,,,,,7.0,12.0,8.0,3.0,1.0,,8.0,7.0,52.0,12.0,
205391,,,,,,,,24.0,,11.0,,,,,,3.0,,0.0,,,,,5.0,0.0,,
205443,,,,,,,,444.0,,203.0,,,,,,55.0,9.0,13.0,32.0,1.0,,39.0,,63.0,10.0,3.0
205470,,,,,,,,1382.0,,660.0,,,,,,60.0,30.0,114.0,131.0,1.0,,56.0,10.0,173.0,23.0,
205513,,,,,,,,14.0,,6.0,,,,,,1.0,1.0,,,,,,2.0,2.0,0.0,
205522,,,,,,,,12.0,,6.0,,,,,,2.0,,,,,,,,1.0,,
205531,,,,,,,,13.0,,7.0,,,,,,1.0,,,,,,,,,,
205559,,,,,,,,10.0,,5.0,,,,,,1.0,,,,,,,,1.0,,
205568,,,,,,,,12.0,,8.0,,,,,,,,,,,,,,1.0,,
205610,,,,,,,,77.0,,30.0,,,,,,12.0,1.0,,,,,,,31.0,1.0,
205647,,,,,,,,52.0,,19.0,,,,,,13.0,,,,,,,,18.0,,
205841,,,,,,,,579.0,,327.0,,,,,,30.0,54.0,28.0,25.0,2.0,,44.0,,40.0,1.0,
205887,,,,,,,,77.0,,37.0,,,,,,13.0,9.0,3.0,,,,,4.0,10.0,1.0,
205957,,,,,,,,340.0,,150.0,,,,,,41.0,13.0,11.0,22.0,1.0,,11.0,2.0,50.0,13.0,
205966,,,,,,,,230.0,,88.0,,,,,,23.0,5.0,7.0,8.0,2.0,,3.0,,36.0,7.0,
206002,,,,,,,,12.0,,3.0,,,,,,2.0,1.0,,,1.0,,,,1.0,1.0,
206011,,,,,,,,209.0,,114.0,,,,,,20.0,11.0,3.0,3.0,,,13.0,,22.0,,
206039,,,,,,,,5.0,,5.0,,,,,,,,,,,,,,,,
206048,,,,,,,,362.0,,152.0,,,,,,42.0,10.0,14.0,45.0,2.0,,34.0,,15.0,9.0,
206084,,,,,,,,3187.0,,850.0,145.0,162.0,,,,168.0,169.0,202.0,209.0,359.0,,255.0,2.0,286.0,96.0,12.0
206093,,,,,,,,8.0,,2.0,,,,,,3.0,,,1.0,,,,,,,
206154,,,,,,,,14.0,,6.0,,,,,,1.0,1.0,,,,,,,1.0,,
206172,,,,,,,,11.0,,6.0,,,,,,1.0,1.0,,,,,,1.0,1.0,,
206181,,,,,,,,23.0,,15.0,,,,,,3.0,,1.0,,,,,,1.0,,
206215,,,,,,,,35.0,,10.0,,,,,,7.0,3.0,1.0,,,,2.0,,8.0,,
206224,,,,,,,,37.0,,18.0,,,,,,4.0,2.0,,2.0,,,2.0,4.0,4.0,,
206279,,,,,,,,238.0,,114.0,,,,,,39.0,10.0,9.0,1.0,,,3.0,18.0,21.0,,
206288,,,,,,,,81.0,,19.0,,,,,,13.0,12.0,6.0,2.0,,,3.0,,18.0,,
206321,,,,,,,,30.0,,16.0,,,,,,5.0,,,,,,,,5.0,,
206330,,,,,,,,104.0,,42.0,1.0,,,,,11.0,3.0,,17.0,3.0,,2.0,,5.0,,
206349,,,,,,,,237.0,,112.0,,,,,,37.0,4.0,8.0,26.0,3.0,,3.0,3.0,29.0,6.0,
206358,,,,,,,,5.0,,3.0,,,,,,,,,,,,,,2.0,,
206394,,,,,,,,21.0,,12.0,,,,,,1.0,2.0,,,,,,2.0,1.0,0.0,
206437,,,,,,,,371.0,,132.0,,,,,,27.0,13.0,13.0,52.0,,,29.0,,50.0,6.0,2.0
206446,,,,,,,,183.0,,96.0,,,,,,25.0,2.0,7.0,0.0,,,10.0,2.0,29.0,7.0,
206482,,,,,,,,15.0,,10.0,,,,,,,,,,,,,,5.0,,
206491,,,,,,,,110.0,,36.0,,4.0,,,,12.0,9.0,2.0,3.0,,,7.0,,9.0,,2.0
206507,,,,,,,,210.0,,84.0,,,,,,11.0,11.0,10.0,16.0,2.0,,9.0,13.0,25.0,9.0,
206516,,,,,,,,28.0,,5.0,,,,,,4.0,0.0,,,,,4.0,,10.0,,
206525,,,,,,,,384.0,,146.0,,,,,,49.0,9.0,8.0,54.0,4.0,,22.0,,63.0,14.0,0.0
206589,,,,,,,,646.0,,186.0,,,,,,52.0,46.0,15.0,52.0,21.0,,140.0,3.0,44.0,32.0,6.0
206604,,,,,,,,2552.0,,944.0,,,,,,145.0,121.0,319.0,149.0,0.0,,135.0,2.0,497.0,145.0,25.0
206622,,,,,,,,1053.0,,464.0,,,,,,89.0,64.0,44.0,107.0,11.0,,64.0,,126.0,23.0,1.0
206631,,,,,,,,51.0,,27.0,,,,,,7.0,2.0,1.0,,,,,,12.0,,
206695,,,,,,,,1346.0,,614.0,,,,,,144.0,50.0,59.0,158.0,2.0,,72.0,2.0,178.0,28.0,9.0
206783,,,,,,,,6.0,,2.0,,,,,,1.0,2.0,,,,,,,1.0,,
206817,,,,,,,,157.0,,53.0,,3.0,,,,16.0,7.0,1.0,27.0,,,15.0,6.0,13.0,1.0,2.0
206835,,,,,,,,152.0,,60.0,,,,,,11.0,10.0,9.0,19.0,0.0,,8.0,7.0,26.0,,
206862,,,,,,,,476.0,,191.0,,,,,,41.0,19.0,12.0,49.0,4.0,,56.0,15.0,57.0,10.0,2.0
206880,,,,,,,,6.0,,4.0,,,,,,1.0,,,,,,,,1.0,,
206905,,,,,,,,48.0,,13.0,,,,,,6.0,1.0,1.0,,,,1.0,1.0,10.0,7.0,
206914,,,,,,,,566.0,,220.0,,,,,,46.0,10.0,28.0,38.0,1.0,,64.0,4.0,78.0,29.0,4.0
206923,,,,,,,,230.0,,75.0,,2.0,,,,14.0,7.0,6.0,44.0,,,19.0,2.0,30.0,2.0,
206932,,,,,,,,16.0,,6.0,,,,,,4.0,2.0,,1.0,,,1.0,1.0,,,
206941,,,,,,,,1519.0,,644.0,,,,,,157.0,94.0,48.0,80.0,6.0,,57.0,4.0,246.0,42.0,12.0
206969,,,,,,,,3.0,,1.0,,,,,,,,,,,,,,2.0,,
206996,,,,,,,,215.0,,115.0,,,,,,22.0,14.0,7.0,21.0,0.0,,7.0,0.0,17.0,2.0,1.0
207041,,,,,,,,482.0,,206.0,,,,,,11.0,10.0,12.0,10.0,4.0,,54.0,14.0,93.0,22.0,1.0
207050,,,,,,,,214.0,,63.0,,,,,,33.0,,,,,,35.0,,78.0,4.0,1.0
207069,,,,,,,,182.0,,58.0,,,,,,35.0,6.0,3.0,19.0,,,17.0,1.0,25.0,10.0,3.0
207087,,,,,,,,7.0,,4.0,,,,,,1.0,,,,,,,,1.0,,
207102,,,,,,,,8.0,,6.0,,,,,,1.0,1.0,,,,,,,,,
207157,,,,,,,,46.0,,29.0,,,,,,3.0,2.0,1.0,,,,,3.0,3.0,1.0,
207166,,,,,,,,3.0,,1.0,,,,,,1.0,1.0,,,,,,,,,
207209,,,,,,,,344.0,,139.0,10.0,35.0,,,,40.0,3.0,9.0,17.0,1.0,,14.0,,69.0,3.0,
207236,,,,,,,,234.0,,94.0,,,,,,38.0,8.0,4.0,14.0,,,10.0,2.0,32.0,1.0,
207254,,,,,,,,144.0,,60.0,,,,,,13.0,4.0,4.0,,,,,29.0,11.0,11.0,3.0
207263,,,,,,,,1037.0,,386.0,8.0,63.0,,,,26.0,94.0,44.0,24.0,3.0,,122.0,,135.0,42.0,
207272,,,,,,,,5.0,,3.0,,,,,,,,,,,,,,2.0,,
207281,,,,,,,,332.0,,138.0,1.0,,,,,23.0,6.0,15.0,14.0,,,40.0,,45.0,8.0,
207290,,,,,,,,229.0,,88.0,,,,,,26.0,4.0,6.0,11.0,0.0,,20.0,2.0,43.0,13.0,1.0
207306,,,,,,,,295.0,,116.0,,,,,,14.0,61.0,,,,,,,58.0,46.0,
207315,,,,,,,,493.0,,55.0,6.0,65.0,,,,36.0,68.0,80.0,1.0,81.0,,0.0,,83.0,,9.0
207324,,,,,,,,378.0,,131.0,,,,,,47.0,9.0,13.0,54.0,4.0,,26.0,1.0,44.0,12.0,1.0
207342,,,,,,,,5095.0,,1330.0,,,,,,550.0,257.0,439.0,92.0,598.0,,565.0,2.0,1068.0,104.0,49.0
207351,,,,,,,,134.0,,56.0,,,,,,9.0,7.0,6.0,18.0,1.0,,1.0,1.0,5.0,6.0,1.0
207388,,,,,,,,5244.0,,1192.0,126.0,122.0,,,,115.0,379.0,631.0,448.0,92.0,,564.0,29.0,1030.0,332.0,150.0
207397,,,,,,,,437.0,,172.0,,,,,,18.0,38.0,135.0,,,,2.0,0.0,43.0,,21.0
207403,,,,,,,,364.0,,143.0,,,,,,24.0,15.0,15.0,43.0,4.0,,30.0,10.0,52.0,17.0,2.0
207449,,,,,,,,625.0,,267.0,,65.0,,,,59.0,10.0,20.0,10.0,1.0,,13.0,3.0,73.0,12.0,1.0
207458,,,,,,,,568.0,,253.0,,,,,,41.0,39.0,17.0,56.0,5.0,,15.0,1.0,71.0,18.0,9.0
207500,,,,,,,,5517.0,,1244.0,337.0,,,,,343.0,667.0,462.0,424.0,42.0,,565.0,,786.0,210.0,84.0
207537,,,,,,,,7.0,,4.0,,,,,,1.0,1.0,,,,,,,0.0,,
207564,,,,,,,,384.0,,141.0,,,,,,55.0,2.0,8.0,5.0,0.0,,54.0,9.0,59.0,21.0,
207582,,,,,,,,617.0,,197.0,,,,,,72.0,37.0,37.0,86.0,8.0,,38.0,2.0,101.0,19.0,6.0
207607,,,,,,,,83.0,,28.0,,,,,,2.0,1.0,,2.0,,,10.0,,13.0,4.0,
207625,,,,,,,,28.0,,11.0,,,,,,7.0,2.0,,,,,3.0,2.0,2.0,,
207661,,,,,,,,378.0,,157.0,,,,,,42.0,9.0,14.0,55.0,3.0,,22.0,,45.0,15.0,4.0
207670,,,,,,,,513.0,,204.0,,,,,,26.0,21.0,28.0,48.0,,,16.0,,115.0,41.0,
207689,,,,,,,,159.0,,47.0,,12.0,,,,4.0,11.0,6.0,5.0,3.0,,13.0,7.0,9.0,8.0,
207704,,,,,,,,10.0,,6.0,,,,,,,2.0,,,,,,,2.0,,
207722,,,,,,,,151.0,,56.0,,,,,,14.0,6.0,4.0,26.0,1.0,,15.0,,13.0,5.0,
207740,,,,,,,,144.0,,55.0,,,,,,21.0,1.0,2.0,26.0,,,9.0,,19.0,3.0,
207786,,,,,,,,1.0,,1.0,,,,,,,,,,,,,,,,
207847,,,,,,,,458.0,,162.0,,,,,,26.0,28.0,20.0,61.0,3.0,,46.0,,54.0,9.0,5.0
207856,,,,,,,,93.0,,48.0,,,,,,15.0,1.0,,3.0,1.0,,4.0,,12.0,,
207865,,,,,,,,541.0,,241.0,,,,,,29.0,24.0,14.0,24.0,6.0,,78.0,,55.0,19.0,2.0
207935,,,,,,,,1472.0,,527.0,,,,,,86.0,39.0,70.0,183.0,45.0,,71.0,5.0,254.0,46.0,9.0
207962,,,,,,,,88.0,,26.0,,,,,,9.0,,1.0,,,,,26.0,0.0,6.0,
207971,,,,,,,,1281.0,,377.0,,,,,,98.0,77.0,102.0,146.0,14.0,,95.0,5.0,187.0,31.0,9.0
208017,,,,,,,,4.0,,4.0,,,,,,,,,,,,,,,,
208026,,,,,,,,30.0,,12.0,,,,,,1.0,,,5.0,,,4.0,,3.0,,2.0
208035,,,,,,,,159.0,,56.0,,,,,,17.0,9.0,7.0,4.0,,,22.0,1.0,16.0,3.0,2.0
208044,,,,,,,,4.0,,2.0,,,,,,2.0,,,,,,,,,,
208053,,,,,,,,54.0,,27.0,,,,,,8.0,,,,,,7.0,,10.0,,
208080,,,,,,,,6.0,,3.0,,,,,,2.0,,,,,,,,1.0,,
208123,,,,,,,,12.0,,5.0,,,,,,2.0,,,,,,0.0,,5.0,,
208187,,,,,,,,23.0,,11.0,,,,,,1.0,,,,,,,5.0,6.0,,
208239,,,,,,,,114.0,,63.0,,,,,,13.0,1.0,,1.0,,,,,35.0,,
208248,,,,,,,,12.0,,5.0,,,,,,,,,,,,,,5.0,,
208275,,,,,,,,220.0,,105.0,,,,,,42.0,5.0,6.0,4.0,,,9.0,,41.0,3.0,
208318,,,,,,,,429.0,,193.0,,,,,,43.0,19.0,30.0,12.0,0.0,,36.0,1.0,63.0,7.0,2.0
208390,,,,,,,,811.0,,366.0,,,,,,87.0,,46.0,11.0,,,44.0,,120.0,14.0,
208406,,,,,,,,486.0,,219.0,,,,,,38.0,5.0,17.0,7.0,1.0,,28.0,4.0,86.0,9.0,5.0
208415,,,,,,,,121.0,,53.0,,,,,,17.0,,3.0,,,,7.0,,27.0,,
208433,,,,,,,,8.0,,5.0,,,,,,2.0,1.0,,,,,,,,,
208479,,,,,,,,64.0,,20.0,,,,,,13.0,6.0,,,,,,6.0,17.0,,
208488,,,,,,,,581.0,,271.0,,,,,,43.0,25.0,23.0,48.0,3.0,,16.0,,28.0,1.0,
208512,,,,,,,,44.0,,18.0,,,,,,4.0,8.0,2.0,,,,0.0,3.0,5.0,,
208637,,,,,,,,28.0,,8.0,,,,,,4.0,5.0,,,1.0,,2.0,,5.0,,
208646,,,,,,,,315.0,,103.0,,7.0,,,,10.0,87.0,12.0,2.0,2.0,,23.0,2.0,36.0,23.0,2.0
208655,,,,,,,,18.0,,9.0,,,,,,2.0,,,,,,,,7.0,,
208725,,,,,,,,55.0,,18.0,,,,,,6.0,4.0,3.0,11.0,,,6.0,2.0,4.0,,
208822,,,,,,,,549.0,,267.0,,,,,,38.0,16.0,21.0,50.0,1.0,,38.0,,63.0,15.0,
208859,,,,,,,,6.0,,4.0,,,,,,,,,,,,,,3.0,,
208965,,,,,,,,61.0,,31.0,,,,,,7.0,2.0,2.0,,,,,,17.0,,
209038,,,,,,,,747.0,,344.0,1.0,,,,,68.0,71.0,44.0,19.0,3.0,,34.0,4.0,90.0,13.0,4.0
209056,,,,,,,,671.0,,274.0,1.0,,,,,83.0,37.0,25.0,34.0,6.0,,32.0,,99.0,14.0,
209065,,,,,,,,467.0,,184.0,,,,,,49.0,20.0,27.0,57.0,8.0,,47.0,,38.0,1.0,
209074,,,,,,,,555.0,,234.0,,,,,,41.0,22.0,23.0,28.0,2.0,,27.0,4.0,83.0,9.0,2.0
209083,,,,,,,,8.0,,5.0,,,,,,,,,,,,,,3.0,,
209108,,,,,,,,180.0,,101.0,,,,,,16.0,9.0,7.0,3.0,,,3.0,1.0,18.0,2.0,
209153,,,,,,,,7.0,,5.0,,,,,,,,,,,,,,2.0,,
209205,,,,,,,,10.0,,7.0,,,,,,,,,,,,,,3.0,,
209241,,,,,,,,36.0,,24.0,,,,,,6.0,,0.0,1.0,,,,,5.0,,
209250,,,,,,,,618.0,,285.0,,,,,,40.0,14.0,27.0,6.0,2.0,,40.0,3.0,135.0,10.0,2.0
209287,,,,,,,,141.0,,43.0,,,,,,21.0,6.0,6.0,2.0,,,12.0,,45.0,2.0,
209296,,,,,,,,239.0,,76.0,7.0,,,,,41.0,6.0,3.0,10.0,33.0,,15.0,3.0,20.0,1.0,
209348,,,,,,,,4.0,,2.0,,,,,,1.0,1.0,,,,,,,0.0,,
209409,,,,,,,,113.0,,41.0,,,,,,15.0,4.0,5.0,14.0,1.0,,7.0,,11.0,,0.0
209445,,,,,,,,26.0,,,,,,,,5.0,12.0,,2.0,,,,,6.0,,
209490,,,,,,,,6649.0,,1544.0,392.0,,,,,620.0,265.0,1438.0,50.0,1141.0,,244.0,4.0,834.0,58.0,29.0
209506,,,,,,,,377.0,,156.0,,9.0,,,,25.0,62.0,14.0,9.0,2.0,,26.0,,52.0,18.0,1.0
209533,,,,,,,,56.0,,22.0,0.0,,,,,3.0,2.0,1.0,3.0,0.0,,,1.0,4.0,4.0,
209542,,,,,,,,5137.0,,1423.0,658.0,134.0,,,,297.0,376.0,386.0,342.0,113.0,,202.0,33.0,523.0,152.0,40.0
209551,,,,,,,,4371.0,,1222.0,226.0,136.0,,,,224.0,419.0,312.0,184.0,70.0,,422.0,19.0,541.0,193.0,17.0
209603,,,,,,,,145.0,,67.0,,3.0,,,,10.0,10.0,6.0,6.0,,,8.0,,6.0,,
209612,,,,,,,,738.0,,322.0,4.0,1.0,,,,58.0,11.0,18.0,78.0,9.0,,42.0,,142.0,14.0,
209667,,,,,,,,7.0,,4.0,,,,,,,,,,,,,,2.0,,
209676,,,,,,,,11.0,,9.0,,,,,,,,,,,,,,3.0,,
209694,,,,,,,,5.0,,4.0,,,,,,,,,,,,,,2.0,,
209700,,,,,,,,20.0,,9.0,,,,,,3.0,,,,,,,,7.0,,
209719,,,,,,,,3.0,,2.0,,,,,,0.0,0.0,,,,,,,0.0,,
209746,,,,,,,,2069.0,,910.0,,,,,,130.0,62.0,136.0,224.0,,,147.0,13.0,298.0,20.0,12.0
209807,,,,,,,,2641.0,,1075.0,170.0,,,,,93.0,541.0,145.0,180.0,25.0,,53.0,3.0,204.0,77.0,
209825,,,,,,,,756.0,,292.0,,,,,,41.0,84.0,27.0,90.0,4.0,,108.0,,101.0,,
209922,,,,,,,,483.0,,157.0,,,,,,43.0,42.0,46.0,22.0,7.0,,69.0,,44.0,12.0,
209940,,,,,,,,421.0,,201.0,,,,,,38.0,16.0,32.0,15.0,,,18.0,2.0,89.0,3.0,
209986,,,,,,,,5.0,,4.0,,,,,,,,,,,,,,1.0,,
210076,,,,,,,,175.0,,87.0,,,,,,8.0,36.0,4.0,3.0,,,,22.0,13.0,,
210100,,,,,,,,10.0,,5.0,,,,,,,2.0,,,,,,,2.0,,
210146,,,,,,,,553.0,,220.0,,10.0,,,,19.0,151.0,26.0,3.0,2.0,,36.0,1.0,57.0,19.0,
210155,,,,,,,,250.0,,104.0,,23.0,,,,33.0,2.0,11.0,1.0,,,25.0,1.0,42.0,,
210234,,,,,,,,256.0,,107.0,1.0,,,,,16.0,3.0,8.0,,1.0,,21.0,,19.0,3.0,2.0
210270,,,,,,,,293.0,,107.0,0.0,,,,,45.0,7.0,13.0,,,,42.0,,70.0,,
210304,,,,,,,,119.0,,43.0,,,,,,22.0,4.0,4.0,3.0,0.0,,,,9.0,1.0,
210331,,,,,,,,199.0,,85.0,,,,,,23.0,6.0,9.0,26.0,,,,,47.0,,
210340,,,,,,,,6.0,,2.0,,,,,,3.0,,,,,,,,1.0,,
210359,,,,,,,,29.0,,10.0,,,,,,6.0,1.0,,,,,,,11.0,,
210368,,,,,,,,104.0,,36.0,,,,,,21.0,2.0,4.0,,1.0,,7.0,,29.0,,
210401,,,,,,,,676.0,,240.0,,,,,,107.0,13.0,22.0,55.0,5.0,,72.0,0.0,96.0,15.0,7.0
210429,,,,,,,,719.0,,287.0,39.0,16.0,,,,33.0,56.0,26.0,34.0,7.0,,66.0,,69.0,20.0,2.0
210438,,,,,,,,137.0,,52.0,3.0,,,,,28.0,5.0,6.0,2.0,5.0,,,,22.0,2.0,
210456,,,,,,,,28.0,,20.0,,,,,,5.0,,,,,,,,2.0,,
210474,,,,,,,,6.0,,5.0,,,,,,1.0,,,,,,,,,,
210483,,,,,,,,42.0,,25.0,,,,,,5.0,,,,,,,,4.0,0.0,
210492,,,,,,,,95.0,,36.0,,,,,,18.0,3.0,5.0,8.0,1.0,,1.0,0.0,4.0,,
210508,,,,,,,,28.0,,13.0,,,,,,8.0,2.0,,,,,,,3.0,,
210571,,,,,,,,423.0,,145.0,,,,,,40.0,12.0,13.0,35.0,1.0,,76.0,,78.0,5.0,4.0
210599,,,,,,,,35.0,,13.0,,,,,,7.0,2.0,,,,,,6.0,2.0,3.0,
210605,,,,,,,,1156.0,,593.0,,,,,,117.0,31.0,34.0,60.0,,,64.0,,194.0,24.0,
210669,,,,,,,,492.0,,200.0,,,,,,54.0,25.0,25.0,53.0,6.0,,24.0,,67.0,17.0,1.0
210711,,,,,,,,10.0,,6.0,,,,,,1.0,1.0,,,,,,1.0,1.0,,
210739,,,,,,,,472.0,,195.0,,,,,,37.0,22.0,5.0,44.0,10.0,,51.0,,55.0,14.0,1.0
210748,,,,,,,,8.0,,4.0,,,,,,2.0,,,,,,,,2.0,,
210775,,,,,,,,398.0,,179.0,,,,,,65.0,14.0,7.0,18.0,5.0,,32.0,,62.0,7.0,5.0
210784,,,,,,,,23.0,,13.0,,,,,,2.0,2.0,,,,,1.0,3.0,2.0,,
210809,,,,,,,,207.0,,25.0,2.0,,,,,11.0,12.0,19.0,14.0,,,8.0,40.0,15.0,1.0,2.0
210890,,,,,,,,25.0,,8.0,,,,,,2.0,,1.0,,,,1.0,2.0,1.0,,
210906,,,,,,,,64.0,,32.0,,,,,,9.0,,,,,,,,23.0,,
210942,,,,,,,,191.0,,95.0,,,,,,15.0,3.0,4.0,1.0,,,,,72.0,,
210951,,,,,,,,23.0,,11.0,,,,,,1.0,3.0,,,,,,2.0,1.0,,
210960,,,,,,,,143.0,,67.0,,,,,,20.0,1.0,,1.0,,,,,53.0,,
211006,,,,,,,,38.0,,15.0,,,,,,5.0,2.0,,,,,,9.0,4.0,1.0,
211024,,,,,,,,138.0,,59.0,,,,,,16.0,8.0,5.0,5.0,2.0,,7.0,,35.0,,
211079,,,,,,,,200.0,,85.0,,,,,,25.0,3.0,7.0,2.0,,,0.0,1.0,56.0,14.0,
211088,,,,,,,,592.0,,280.0,3.0,1.0,,,,97.0,43.0,16.0,30.0,2.0,,31.0,,72.0,,
211130,,,,,,,,39.0,,18.0,,,,,,10.0,3.0,2.0,,,,1.0,,2.0,,
211149,,,,,,,,51.0,,17.0,,,,,,11.0,,,,,,5.0,1.0,6.0,,
211158,,,,,,,,1052.0,,449.0,,,,,,38.0,141.0,35.0,40.0,11.0,,129.0,,145.0,50.0,
211200,,,,,,,,30.0,,13.0,,,,,,8.0,,,,,,,,8.0,,
211273,,,,,,,,617.0,,189.0,4.0,,,,,148.0,5.0,31.0,16.0,9.0,,104.0,,83.0,,0.0
211291,,,,,,,,1285.0,,406.0,,,,,,74.0,122.0,96.0,105.0,11.0,,176.0,,166.0,51.0,21.0
211307,,,,,,,,725.0,,340.0,,,,,,79.0,20.0,25.0,19.0,2.0,,67.0,2.0,121.0,12.0,
211316,,,,,,,,8.0,,4.0,,,,,,3.0,,,,,,,0.0,1.0,,
211334,,,,,,,,8.0,,3.0,,,,,,4.0,,,,,,,,,,1.0
211343,,,,,,,,344.0,,160.0,,,,,,45.0,47.0,7.0,5.0,,,24.0,,51.0,,
211352,,,,,,,,327.0,,124.0,,,,,,36.0,12.0,,29.0,2.0,,32.0,,23.0,13.0,
211361,,,,,,,,795.0,,314.0,,2.0,,,,42.0,133.0,26.0,32.0,12.0,,78.0,,106.0,37.0,
211398,,,,,,,,24.0,,9.0,,,,,,4.0,4.0,1.0,,,,,1.0,4.0,,
211431,,,,,,,,394.0,,152.0,,,,,,49.0,14.0,17.0,15.0,3.0,,34.0,,31.0,6.0,1.0
211440,,,,,,,,4799.0,,1216.0,197.0,,,,,797.0,392.0,1109.0,186.0,26.0,,118.0,10.0,559.0,83.0,17.0
211468,,,,,,,,279.0,,109.0,,,,,,32.0,4.0,6.0,16.0,1.0,,36.0,,58.0,7.0,
211477,,,,,,,,161.0,,69.0,1.0,,,,,26.0,19.0,4.0,4.0,,,8.0,,27.0,,
211556,,,,,,,,402.0,,180.0,,,,,,44.0,34.0,10.0,23.0,,,39.0,,22.0,13.0,
211583,,,,,,,,265.0,,139.0,,,,,,39.0,6.0,6.0,10.0,5.0,,1.0,,31.0,,2.0
211608,,,,,,,,227.0,,61.0,,,,,,22.0,45.0,4.0,16.0,2.0,,26.0,,33.0,11.0,
211617,,,,,,,,42.0,,15.0,,,,,,5.0,1.0,,11.0,,,,,,,
211635,,,,,,,,24.0,,17.0,,,,,,2.0,2.0,,,,,1.0,,1.0,,
211644,,,,,,,,626.0,,241.0,1.0,1.0,,,,28.0,90.0,9.0,26.0,18.0,,50.0,,100.0,38.0,
211802,,,,,,,,34.0,,23.0,,,,,,2.0,,,,,,,,4.0,,
211820,,,,,,,,17.0,,7.0,,,,,,3.0,2.0,,,,,1.0,2.0,2.0,,
211893,,,,,,,,95.0,,38.0,,,,,,5.0,17.0,1.0,6.0,,,1.0,,8.0,2.0,
211909,,,,,,,,12.0,,12.0,,,,,,,,,,,,,,,,
211927,,,,,,,,773.0,,377.0,,,,,,53.0,14.0,32.0,48.0,,,66.0,,96.0,9.0,
211981,,,,,,,,385.0,,131.0,,,,,,23.0,29.0,14.0,21.0,3.0,,42.0,,34.0,34.0,1.0
212009,,,,,,,,854.0,,246.0,,,,,,97.0,33.0,47.0,54.0,5.0,,158.0,,120.0,28.0,13.0
212018,,,,,,,,64.0,,22.0,,4.0,,,,11.0,3.0,2.0,2.0,,,4.0,,12.0,3.0,
212045,,,,,,,,57.0,,20.0,,,,,,12.0,3.0,1.0,,,,4.0,,2.0,6.0,
212054,,,,,,,,5136.0,,1908.0,75.0,,,,,621.0,503.0,304.0,109.0,322.0,,296.0,,436.0,31.0,32.0
212072,,,,,,,,27.0,,13.0,,,,,,2.0,3.0,,,,,3.0,,3.0,,
212090,,,,,,,,41.0,,11.0,,,,,,8.0,,,,,,,,21.0,,
212106,,,,,,,,1839.0,,668.0,,,,,,97.0,289.0,92.0,49.0,7.0,,243.0,,287.0,4.0,3.0
212115,,,,,,,,690.0,,279.0,,,,,,33.0,114.0,11.0,26.0,12.0,,96.0,,81.0,27.0,
212133,,,,,,,,568.0,,276.0,,,,,,52.0,24.0,13.0,38.0,4.0,,22.0,,63.0,9.0,
212160,,,,,,,,706.0,,310.0,,,,,,32.0,79.0,11.0,33.0,10.0,,94.0,,82.0,31.0,6.0
212197,,,,,,,,494.0,,156.0,,,,,,37.0,31.0,16.0,39.0,2.0,,99.0,2.0,60.0,21.0,2.0
212212,,,,,,,,4.0,,2.0,,,,,,1.0,,,,,,,,1.0,,
212230,,,,,,,,4.0,,2.0,,,,,,1.0,,,,,,,,,,
212267,,,,,,,,8.0,,5.0,,,,,,1.0,,,,,,,,2.0,,
212276,,,,,,,,6.0,,4.0,,,,,,1.0,,,,,,,,1.0,,
212285,,,,,,,,4.0,,2.0,,,,,,1.0,,,,,,,,1.0,,
212294,,,,,,,,5.0,,2.0,,,,,,1.0,,,,,,,,1.0,,
212300,,,,,,,,6.0,,3.0,,,,,,1.0,,,,,,,,1.0,,
212328,,,,,,,,10.0,,6.0,,,,,,1.0,,,,,,,,1.0,,
212337,,,,,,,,11.0,,7.0,,,,,,2.0,,,,,,,,1.0,,
212355,,,,,,,,10.0,,6.0,,,,,,2.0,,,,,,,,1.0,,
212373,,,,,,,,6.0,,4.0,,,,,,1.0,,,,,,,,1.0,,
212382,,,,,,,,8.0,,5.0,,,,,,1.0,,,,,,,,1.0,,
212391,,,,,,,,9.0,,6.0,,,,,,1.0,,,,,,,,1.0,,
212434,,,,,,,,39.0,,24.0,,,,,,2.0,2.0,,,,,,,10.0,,
212443,,,,,,,,24.0,,13.0,,,,,,4.0,,0.0,,,,2.0,,4.0,,
212452,,,,,,,,16.0,,7.0,,,,,,2.0,1.0,1.0,,,,,,,,
212568,,,,,,,,25.0,,,,,,,,1.0,1.0,1.0,,17.0,,,,3.0,,
212577,,,,,,,,753.0,,244.0,,,,,,63.0,92.0,35.0,59.0,7.0,,53.0,,110.0,19.0,6.0
212601,,,,,,,,697.0,,262.0,,,,,,82.0,20.0,26.0,73.0,11.0,,59.0,,107.0,16.0,2.0
212656,,,,,,,,305.0,,118.0,,,,,,38.0,12.0,12.0,23.0,2.0,,22.0,,32.0,15.0,
212674,,,,,,,,810.0,,254.0,,,,,,83.0,38.0,36.0,63.0,11.0,,152.0,,103.0,21.0,5.0
212683,,,,,,,,7.0,,5.0,,,,,,1.0,,,,,,,,1.0,,
212708,,,,,,,,10.0,,5.0,,,,,,2.0,,,,,,,,2.0,,
212753,,,,,,,,12.0,,6.0,,,,,,2.0,,,,,,,,1.0,,
212771,,,,,,,,31.0,,9.0,,,,,,7.0,,2.0,,,,,,8.0,2.0,
212832,,,,,,,,374.0,,155.0,,,,,,39.0,11.0,15.0,30.0,6.0,,42.0,,37.0,8.0,2.0
212869,,,,,,,,258.0,,127.0,,,,,,28.0,9.0,3.0,12.0,1.0,,8.0,,29.0,14.0,
212878,,,,,,,,1446.0,,844.0,,,,,,67.0,33.0,42.0,38.0,,,115.0,17.0,185.0,,
212911,,,,,,,,594.0,,154.0,,,,,,56.0,51.0,39.0,55.0,6.0,,107.0,2.0,52.0,33.0,
212975,,,,,,,,35.0,,26.0,,,,,,4.0,,,,,,,,4.0,,
212984,,,,,,,,358.0,,168.0,,,,,,27.0,15.0,10.0,22.0,2.0,,32.0,,23.0,,0.0
212993,,,,,,,,15.0,,8.0,,,,,,1.0,2.0,,,,,,2.0,1.0,,
213002,,,,,,,,40.0,,18.0,,,,,,6.0,1.0,,6.0,,,,,1.0,,
213011,,,,,,,,424.0,,169.0,,,,,,19.0,5.0,7.0,31.0,1.0,,56.0,6.0,64.0,,
213020,,,,,,,,1508.0,,706.0,18.0,,,,,72.0,195.0,16.0,46.0,27.0,,130.0,,210.0,64.0,
213163,,,,,,,,14.0,,,,,,,,1.0,0.0,,,,,,,2.0,,
213181,,,,,,,,54.0,,27.0,,,,,,5.0,2.0,2.0,1.0,,,,,4.0,1.0,
213215,,,,,,,,19.0,,11.0,,,,,,3.0,,,,,,,,,0.0,
213233,,,,,,,,71.0,,25.0,,,,,,7.0,6.0,3.0,,,,,,5.0,7.0,
213251,,,,,,,,398.0,,128.0,,,,,,45.0,14.0,18.0,50.0,5.0,,60.0,,34.0,5.0,8.0
213303,,,,,,,,289.0,,126.0,,,,,,31.0,15.0,9.0,29.0,3.0,,22.0,,25.0,,
213321,,,,,,,,432.0,,167.0,,,,,,43.0,6.0,18.0,31.0,8.0,,23.0,,45.0,55.0,8.0
213330,,,,,,,,7.0,,3.0,,,,,,4.0,,,,,,,,,,
213349,,,,,,,,952.0,,417.0,,,,,,42.0,143.0,18.0,44.0,8.0,,117.0,,117.0,31.0,
213358,,,,,,,,271.0,,103.0,,,,,,26.0,6.0,9.0,38.0,,,24.0,,41.0,,
213367,,,,,,,,927.0,,347.0,,,,,,162.0,6.0,27.0,42.0,7.0,,118.0,,96.0,19.0,5.0
213376,,,,,,,,233.0,,68.0,,,,,,35.0,15.0,10.0,19.0,2.0,,13.0,,59.0,12.0,
213385,,,,,,,,811.0,,254.0,,,,,,75.0,40.0,51.0,81.0,12.0,,107.0,2.0,114.0,28.0,12.0
213400,,,,,,,,252.0,,122.0,,,,,,16.0,20.0,10.0,15.0,1.0,,13.0,,51.0,,
213446,,,,,,,,27.0,,11.0,,,,,,4.0,1.0,,2.0,,,,,4.0,3.0,
213455,,,,,,,,8.0,,4.0,,,,,,1.0,1.0,,,,,,1.0,1.0,,
213473,,,,,,,,32.0,,15.0,,,,,,3.0,,1.0,,,,,3.0,3.0,,
213491,,,,,,,,5.0,,3.0,,,,,,1.0,,,,,,,,1.0,,
213507,,,,,,,,384.0,,151.0,,,,,,40.0,10.0,17.0,29.0,4.0,,43.0,,55.0,10.0,
213525,,,,,,,,433.0,,223.0,,,,,,66.0,9.0,19.0,12.0,,,25.0,,52.0,4.0,
213534,,,,,,,,103.0,,65.0,,,,,,6.0,5.0,,,,,4.0,10.0,11.0,,
213543,,,,,,,,1753.0,,543.0,1.0,,,,,187.0,231.0,166.0,101.0,19.0,,42.0,,294.0,60.0,16.0
213552,,,,,,,,9.0,,4.0,,,,,,1.0,1.0,,,,,,,1.0,,
213570,,,,,,,,50.0,,26.0,,,,,,14.0,,1.0,,,,1.0,,5.0,,
213589,,,,,,,,27.0,,11.0,,,,,,10.0,,,,,,,,4.0,,0.0
213598,,,,,,,,353.0,,123.0,1.0,,,,,41.0,19.0,11.0,23.0,1.0,,26.0,,61.0,3.0,2.0
213613,,,,,,,,523.0,,218.0,,,,,,22.0,60.0,18.0,39.0,1.0,,62.0,,62.0,31.0,
213622,,,,,,,,20.0,,15.0,,,,,,,1.0,,,,,,,2.0,,
213631,,,,,,,,49.0,,12.0,,,,,,7.0,8.0,2.0,,,,,,4.0,5.0,
213640,,,,,,,,45.0,,14.0,,,,,,,3.0,,,,,,,26.0,,
213659,,,,,,,,468.0,,235.0,,,,,,37.0,4.0,15.0,22.0,,,53.0,,73.0,12.0,2.0
213668,,,,,,,,306.0,,93.0,,,,,,39.0,9.0,11.0,36.0,3.0,,54.0,1.0,31.0,10.0,2.0
213774,,,,,,,,129.0,,63.0,,,,,,6.0,3.0,2.0,3.0,,,18.0,,17.0,,
213783,,,,,,,,391.0,,145.0,,,,,,21.0,65.0,16.0,33.0,,,39.0,,41.0,23.0,
213826,,,,,,,,665.0,,247.0,,,,,,56.0,30.0,24.0,47.0,6.0,,96.0,,101.0,22.0,
213914,,,,,,,,24.0,,11.0,,,,,,5.0,,,,,,,4.0,3.0,,
213932,,,,,,,,22.0,,14.0,,,,,,1.0,1.0,,,,,,1.0,2.0,1.0,
213987,,,,,,,,503.0,,204.0,,,,,,28.0,20.0,26.0,58.0,7.0,,12.0,1.0,48.0,1.0,3.0
213996,,,,,,,,675.0,,228.0,,,,,,51.0,32.0,33.0,58.0,5.0,,115.0,,86.0,22.0,3.0
214023,,,,,,,,11.0,,5.0,,,,,,2.0,0.0,0.0,,,,0.0,,0.0,,
214041,,,,,,,,894.0,,342.0,,,,,,41.0,124.0,25.0,38.0,7.0,,155.0,,104.0,40.0,
214069,,,,,,,,450.0,,185.0,,,,,,39.0,14.0,16.0,42.0,1.0,,46.0,3.0,31.0,9.0,3.0
214111,,,,,,,,770.0,,374.0,,27.0,,,,85.0,13.0,20.0,38.0,,,46.0,2.0,102.0,15.0,
214148,,,,,,,,117.0,,61.0,,,,,,8.0,6.0,2.0,7.0,1.0,,3.0,,24.0,,
214157,,,,,,,,386.0,,177.0,,,,,,46.0,8.0,13.0,23.0,1.0,,46.0,,52.0,9.0,2.0
214166,,,,,,,,253.0,,118.0,,,,,,24.0,16.0,8.0,21.0,1.0,,32.0,,19.0,,
214175,,,,,,,,587.0,,219.0,4.0,44.0,,,,61.0,10.0,24.0,36.0,,,78.0,,67.0,16.0,4.0
214254,,,,,,,,38.0,,13.0,,,,,,5.0,1.0,,11.0,,,1.0,,1.0,,
214272,,,,,,,,357.0,,165.0,,,,,,50.0,17.0,10.0,66.0,0.0,,5.0,,40.0,,
214290,,,,,,,,74.0,,39.0,,,,,,10.0,5.0,1.0,,,,6.0,4.0,4.0,,
214379,,,,,,,,907.0,,394.0,,,,,,73.0,26.0,23.0,39.0,,,81.0,,169.0,,
214476,,,,,,,,15.0,,6.0,,,,,,1.0,1.0,,,,,,,7.0,,
214528,,,,,,,,60.0,,20.0,,,,,,14.0,2.0,2.0,,,,3.0,,5.0,,
214546,,,,,,,,10.0,,,,,,,,2.0,2.0,,,,,0.0,,1.0,,
214564,,,,,,,,262.0,,81.0,6.0,,,,,17.0,29.0,12.0,,5.0,,20.0,,62.0,3.0,
214582,,,,,,,,97.0,,37.0,,,,,,5.0,1.0,5.0,,,,8.0,,37.0,,
214591,,,,,,,,598.0,,271.0,1.0,10.0,,,,43.0,14.0,19.0,45.0,4.0,,91.0,,70.0,16.0,4.0
214607,,,,,,,,82.0,,35.0,,4.0,,,,5.0,2.0,4.0,6.0,,,3.0,2.0,14.0,4.0,
214616,,,,,,,,1717.0,,1098.0,,,,,,106.0,83.0,196.0,7.0,39.0,,25.0,,135.0,3.0,
214625,,,,,,,,102.0,,48.0,,0.0,,,,9.0,2.0,3.0,8.0,1.0,,7.0,,14.0,3.0,1.0
214634,,,,,,,,76.0,,36.0,,,,,,5.0,2.0,1.0,8.0,,,9.0,,9.0,4.0,
214643,,,,,,,,95.0,,38.0,,1.0,,,,10.0,4.0,2.0,7.0,1.0,,9.0,,16.0,1.0,
214652,,,,,,,,122.0,,65.0,,,,,,10.0,3.0,2.0,9.0,1.0,,11.0,,14.0,3.0,
214661,,,,,,,,149.0,,,,,,,,54.0,68.0,9.0,1.0,,,,,14.0,3.0,
214670,,,,,,,,132.0,,60.0,,3.0,,,,9.0,5.0,6.0,12.0,1.0,,10.0,,20.0,2.0,
214689,,,,,,,,491.0,,229.0,1.0,,,,,26.0,7.0,27.0,35.0,3.0,,76.0,,70.0,9.0,1.0
214698,,,,,,,,129.0,,43.0,,1.0,,,,12.0,3.0,5.0,11.0,1.0,,23.0,,18.0,3.0,
214704,,,,,,,,335.0,,159.0,,1.0,,,,25.0,10.0,13.0,20.0,0.0,,54.0,,40.0,5.0,
214713,,,,,,,,572.0,,276.0,,0.0,,,,41.0,11.0,29.0,34.0,,,61.0,,83.0,19.0,1.0
214731,,,,,,,,166.0,,96.0,,,,,,14.0,2.0,1.0,12.0,,,18.0,,19.0,2.0,
214740,,,,,,,,101.0,,48.0,,,,,,7.0,4.0,6.0,10.0,1.0,,10.0,,8.0,2.0,
214759,,,,,,,,113.0,,59.0,,0.0,,,,8.0,3.0,3.0,7.0,1.0,,12.0,,16.0,2.0,
214768,,,,,,,,154.0,,60.0,,2.0,,,,15.0,2.0,4.0,11.0,1.0,,31.0,,18.0,8.0,
214777,,,,,,,,13333.0,,2984.0,686.0,78.0,,,,1318.0,797.0,1844.0,812.0,153.0,,1265.0,21.0,2060.0,614.0,203.0
214786,,,,,,,,128.0,,50.0,,1.0,,,,9.0,2.0,2.0,8.0,1.0,,26.0,,23.0,2.0,
214795,,,,,,,,161.0,,72.0,,,,,,12.0,3.0,3.0,11.0,1.0,,32.0,,18.0,5.0,
214801,,,,,,,,345.0,,177.0,,1.0,,,,27.0,8.0,7.0,26.0,3.0,,32.0,,42.0,13.0,
214810,,,,,,,,128.0,,52.0,,1.0,,,,15.0,3.0,4.0,10.0,1.0,,17.0,,17.0,3.0,1.0
214829,,,,,,,,134.0,,69.0,,1.0,,,,14.0,4.0,3.0,8.0,,,12.0,,16.0,5.0,
214838,,,,,,,,2.0,,,,,,,,2.0,,,,,,,,,,
214883,,,,,,,,179.0,,89.0,,,,,,16.0,20.0,9.0,3.0,,,9.0,,5.0,,
214892,,,,,,,,38.0,,25.0,,,,,,,1.0,,1.0,,,,3.0,5.0,3.0,
214944,,,,,,,,72.0,,30.0,,,,,,7.0,1.0,1.0,,,,11.0,7.0,13.0,,
214962,,,,,,,,6.0,,3.0,,,,,,1.0,1.0,,,,,,,1.0,,
214971,,,,,,,,107.0,,26.0,,0.0,,,,14.0,13.0,2.0,5.0,,,,12.0,4.0,4.0,
215008,,,,,,,,12.0,,6.0,,,,,,3.0,1.0,,,,,,,1.0,1.0,
215026,,,,,,,,4.0,,2.0,,,,,,,,,,,,,,2.0,,
215044,,,,,,,,16.0,,5.0,,,,,,4.0,2.0,,,,,,2.0,1.0,,
215053,,,,,,,,61.0,,36.0,,,,,,12.0,2.0,2.0,,,,1.0,,6.0,,
215062,,,,,,,,15956.0,,2097.0,1308.0,1898.0,,,,1770.0,1430.0,2296.0,277.0,1334.0,,1132.0,6.0,1611.0,291.0,34.0
215099,,,,,,,,547.0,,259.0,,,,,,87.0,10.0,15.0,20.0,1.0,,29.0,2.0,78.0,20.0,8.0
215105,,,,,,,,521.0,,239.0,,,,,,36.0,23.0,22.0,47.0,1.0,,28.0,,60.0,13.0,1.0
215114,,,,,,,,165.0,,59.0,,,,,,23.0,12.0,5.0,10.0,1.0,,16.0,8.0,20.0,5.0,
215123,,,,,,,,405.0,,148.0,13.0,,,,,87.0,9.0,18.0,,,,24.0,,99.0,,
215132,,,,,,,,607.0,,246.0,10.0,,,,,99.0,21.0,27.0,6.0,6.0,,61.0,,96.0,23.0,
215239,,,,,,,,1065.0,,607.0,,,,,,83.0,87.0,29.0,18.0,,,39.0,,164.0,37.0,
215266,,,,,,,,207.0,,79.0,,,,,,15.0,5.0,9.0,12.0,1.0,,5.0,2.0,67.0,11.0,
215275,,,,,,,,186.0,,85.0,,,,,,14.0,3.0,5.0,5.0,1.0,,8.0,4.0,41.0,20.0,
215284,,,,,,,,324.0,,141.0,,,,,,19.0,8.0,10.0,8.0,1.0,,50.0,4.0,68.0,14.0,1.0
215293,,,,,,,,11461.0,,4284.0,777.0,,,,,970.0,289.0,1850.0,262.0,340.0,,579.0,88.0,1497.0,211.0,19.0
215309,,,,,,,,70.0,,33.0,,,,,,3.0,1.0,2.0,1.0,1.0,,6.0,,19.0,5.0,
215336,,,,,,,,6.0,,3.0,,,,,,,,,,,,,,3.0,,
215381,,,,,,,,79.0,,36.0,,,,,,9.0,8.0,,,,,4.0,3.0,2.0,,
215390,,,,,,,,17.0,,11.0,,,,,,2.0,,,,,,,,4.0,,
215415,,,,,,,,262.0,,96.0,,,,,,33.0,3.0,7.0,5.0,,,11.0,25.0,70.0,,
215424,,,,,,,,71.0,,17.0,,,,,,15.0,,2.0,1.0,,,9.0,,19.0,,
215433,,,,,,,,47.0,,20.0,,1.0,,,,2.0,4.0,,,,,1.0,2.0,9.0,1.0,
215442,,,,,,,,636.0,,285.0,,,,,,42.0,40.0,21.0,83.0,,,14.0,,50.0,16.0,15.0
215479,,,,,,,,15.0,,11.0,,,,,,1.0,,,,,,,,1.0,,
215530,,,,,,,,8.0,,4.0,,,,,,,,,,,,,,3.0,,
215585,,,,,,,,282.0,,138.0,,,,,,37.0,10.0,8.0,27.0,,,10.0,,48.0,,
215594,,,,,,,,60.0,,37.0,,,,,,10.0,,1.0,,,,,,7.0,,
215619,,,,,,,,42.0,,11.0,,1.0,,,,7.0,3.0,2.0,8.0,,,1.0,,6.0,,
215628,,,,,,,,16.0,,6.0,,,,,,4.0,,0.0,0.0,,,,,1.0,,
215637,,,,,,,,68.0,,20.0,,1.0,,,,8.0,2.0,,,,,17.0,11.0,4.0,1.0,
215646,,,,,,,,26.0,,7.0,,,,,,5.0,1.0,,7.0,,,1.0,,,,
215655,,,,,,,,738.0,,303.0,,,,,,130.0,10.0,13.0,56.0,6.0,,69.0,,64.0,15.0,
215682,,,,,,,,67.0,,29.0,,,,,,3.0,2.0,1.0,,,,,5.0,2.0,,
215691,,,,,,,,188.0,,56.0,,,,,,39.0,3.0,3.0,8.0,0.0,,24.0,,26.0,,
215743,,,,,,,,549.0,,167.0,,,,,,51.0,18.0,12.0,70.0,10.0,,101.0,2.0,61.0,26.0,6.0
215770,,,,,,,,1178.0,,427.0,,,,,,56.0,82.0,69.0,94.0,14.0,,114.0,,110.0,37.0,16.0
215798,,,,,,,,379.0,,125.0,,,,,,40.0,19.0,10.0,71.0,6.0,,47.0,,46.0,,
215813,,,,,,,,14.0,,5.0,,,,,,4.0,0.0,,1.0,,,,,2.0,,
215886,,,,,,,,43.0,,28.0,,,,,,3.0,1.0,1.0,2.0,2.0,,,,6.0,,
215929,,,,,,,,1002.0,,337.0,,1.0,,,,63.0,55.0,60.0,67.0,5.0,,110.0,2.0,153.0,86.0,5.0
215947,,,,,,,,349.0,,134.0,,,,,,30.0,28.0,10.0,50.0,4.0,,23.0,2.0,34.0,12.0,
215974,,,,,,,,46.0,,34.0,,,,,,4.0,3.0,,,,,,,4.0,,
215983,,,,,,,,6.0,,4.0,,,,,,1.0,,,,,,,,1.0,,
215992,,,,,,,,28.0,,19.0,,,,,,1.0,2.0,,,,,,2.0,3.0,1.0,
216010,,,,,,,,827.0,,353.0,,,,,,43.0,109.0,22.0,34.0,12.0,,81.0,,102.0,46.0,
216038,,,,,,,,831.0,,349.0,,,,,,38.0,102.0,20.0,37.0,18.0,,79.0,,121.0,51.0,
216047,,,,,,,,58.0,,17.0,,,,,,5.0,2.0,,,0.0,,10.0,,12.0,,
216074,,,,,,,,12.0,,8.0,,,,,,2.0,,,,,,,,2.0,,
216083,,,,,,,,107.0,,50.0,,,,,,10.0,1.0,5.0,,,,6.0,2.0,30.0,,
216162,,,,,,,,24.0,,17.0,,,,,,2.0,1.0,1.0,,,,,,3.0,,
216223,,,,,,,,8.0,,4.0,,,,,,1.0,1.0,,,,,1.0,,1.0,,
216278,,,,,,,,456.0,,167.0,,,,,,45.0,16.0,15.0,61.0,4.0,,60.0,,61.0,16.0,2.0
216287,,,,,,,,824.0,,209.0,,,,,,98.0,32.0,50.0,38.0,6.0,,154.0,3.0,91.0,32.0,10.0
216296,,,,,,,,118.0,,66.0,,,,,,14.0,1.0,3.0,2.0,1.0,,13.0,,14.0,,
216311,,,,,,,,9.0,,6.0,,,,,,,,,,,,,,2.0,,
216339,,,,,,,,6939.0,,2614.0,,,,,,917.0,173.0,602.0,312.0,784.0,,,13.0,1005.0,195.0,104.0
216357,,,,,,,,231.0,,75.0,,,,,,31.0,1.0,5.0,33.0,1.0,,27.0,1.0,17.0,12.0,
216366,,,,,,,,2393.0,,313.0,,,,,,343.0,82.0,536.0,49.0,123.0,,235.0,,559.0,114.0,9.0
216418,,,,,,,,68.0,,40.0,,,,,,1.0,,0.0,,,,3.0,6.0,17.0,,
216427,,,,,,,,13.0,,6.0,,,,,,1.0,,,,,,,,,1.0,
216436,,,,,,,,33.0,,19.0,,,,,,3.0,,,,,,,,1.0,,
216445,,,,,,,,28.0,,16.0,,,,,,2.0,,,,,,,,1.0,3.0,
216454,,,,,,,,23.0,,13.0,,,,,,2.0,,,,,,1.0,,1.0,3.0,
216463,,,,,,,,39.0,,17.0,,,,,,1.0,6.0,1.0,,,,2.0,4.0,2.0,,
216524,,,,,,,,367.0,,139.0,,,,,,79.0,8.0,12.0,39.0,,,13.0,,45.0,16.0,
216542,,,,,,,,112.0,,48.0,,,,,,36.0,2.0,3.0,,0.0,,,,20.0,,
216551,,,,,,,,82.0,,21.0,,,,,,4.0,9.0,2.0,1.0,7.0,,21.0,8.0,1.0,5.0,
216579,,,,,,,,12.0,,5.0,,,,,,2.0,1.0,,,,,,,2.0,,
216597,,,,,,,,2343.0,,789.0,31.0,,,,,327.0,95.0,158.0,112.0,22.0,,390.0,20.0,277.0,53.0,20.0
216630,,,,,,,,15.0,,10.0,,,,,,1.0,,,,,,,,2.0,,
216649,,,,,,,,2.0,,1.0,,,,,,1.0,,,,,,,,,,
216667,,,,,,,,304.0,,125.0,,,,,,28.0,17.0,11.0,54.0,2.0,,18.0,,29.0,,
216694,,,,,,,,339.0,,141.0,,,,,,39.0,7.0,11.0,22.0,6.0,,28.0,9.0,45.0,12.0,
216746,,,,,,,,12.0,,6.0,,,,,,3.0,,,,,,,,2.0,,
216764,,,,,,,,1548.0,,742.0,,,,,,61.0,231.0,40.0,61.0,12.0,,146.0,,168.0,54.0,
216773,,,,,,,,17.0,,11.0,,,,,,1.0,1.0,,1.0,,,,,3.0,,
216782,,,,,,,,23.0,,11.0,,,,,,4.0,1.0,,,,,1.0,2.0,2.0,,
216807,,,,,,,,317.0,,126.0,,,,,,35.0,5.0,16.0,24.0,5.0,,39.0,,58.0,9.0,
216816,,,,,,,,84.0,,19.0,1.0,,,,,21.0,5.0,4.0,3.0,,,4.0,2.0,13.0,1.0,
216825,,,,,,,,434.0,,193.0,,,,,,70.0,4.0,13.0,12.0,,,33.0,,84.0,2.0,
216852,,,,,,,,867.0,,325.0,,,,,,88.0,22.0,38.0,75.0,7.0,,67.0,,133.0,24.0,2.0
216931,,,,,,,,617.0,,219.0,,,,,,42.0,28.0,32.0,49.0,3.0,,50.0,,67.0,21.0,2.0
217013,,,,,,,,183.0,,63.0,,,,,,20.0,3.0,3.0,9.0,0.0,,24.0,1.0,22.0,12.0,1.0
217040,,,,,,,,13.0,,6.0,,,,,,2.0,1.0,,,,,,,1.0,4.0,
217059,,,,,,,,604.0,,280.0,,,,,,51.0,31.0,25.0,30.0,5.0,,79.0,7.0,60.0,12.0,5.0
217077,,,,,,,,223.0,,131.0,,,,,,20.0,11.0,6.0,,,,,,21.0,,
217086,,,,,,,,21.0,,10.0,,,,,,7.0,,,,,,1.0,,,,
217095,,,,,,,,11.0,,9.0,,,,,,1.0,,,,,,,,1.0,,
217156,,,,,,,,4023.0,,832.0,380.0,,,,,477.0,236.0,433.0,146.0,67.0,,480.0,12.0,584.0,96.0,5.0
217165,,,,,,,,677.0,,202.0,,,,,,55.0,50.0,32.0,69.0,8.0,,85.0,4.0,86.0,17.0,7.0
217235,,,,,,,,1386.0,,393.0,,,,,,197.0,198.0,80.0,124.0,10.0,,135.0,5.0,114.0,42.0,41.0
217305,,,,,,,,401.0,,200.0,,,,,,29.0,8.0,7.0,5.0,,,5.0,,71.0,,
217323,,,,,,,,40.0,,23.0,,,,,,,,,,,,,,17.0,,
217350,,,,,,,,3.0,,2.0,,,,,,,,,,,,,,1.0,,
217402,,,,,,,,872.0,,351.0,,,,,,103.0,68.0,32.0,73.0,11.0,,54.0,,110.0,12.0,7.0
217420,,,,,,,,942.0,,459.0,,,,,,51.0,23.0,37.0,36.0,4.0,,144.0,,110.0,13.0,
217475,,,,,,,,931.0,,505.0,,,,,,54.0,81.0,63.0,36.0,1.0,,45.0,2.0,116.0,23.0,6.0
217484,,,,,,,,2571.0,,844.0,19.0,,,,,61.0,114.0,338.0,87.0,47.0,,368.0,7.0,345.0,86.0,21.0
217493,,,,,,,,820.0,,258.0,,,,,,104.0,51.0,26.0,37.0,3.0,,137.0,10.0,113.0,50.0,3.0
217518,,,,,,,,931.0,,301.0,,,,,,115.0,29.0,35.0,28.0,10.0,,202.0,,102.0,27.0,8.0
217536,,,,,,,,459.0,,172.0,,,,,,49.0,18.0,26.0,34.0,4.0,,30.0,,47.0,16.0,6.0
217572,,,,,,,,16.0,,15.0,,,,,,,1.0,,,,,,,1.0,,
217581,,,,,,,,12.0,,8.0,,,,,,2.0,,,,,,,,1.0,,
217606,,,,,,,,62.0,,17.0,,,,,,8.0,2.0,3.0,4.0,,,8.0,2.0,11.0,,
217615,,,,,,,,204.0,,110.0,,,,,,20.0,7.0,14.0,12.0,,,1.0,,26.0,3.0,
217624,,,,,,,,102.0,,45.0,,,,,,18.0,1.0,1.0,11.0,1.0,,11.0,1.0,11.0,,
217633,,,,,,,,384.0,,188.0,,,,,,43.0,15.0,8.0,42.0,4.0,,16.0,,38.0,13.0,6.0
217688,,,,,,,,442.0,,199.0,1.0,,,,,27.0,10.0,16.0,53.0,7.0,,7.0,17.0,34.0,13.0,
217712,,,,,,,,201.0,,84.0,,,,,,23.0,8.0,6.0,19.0,,,6.0,,38.0,6.0,
217721,,,,,,,,451.0,,140.0,,,,,,74.0,5.0,12.0,62.0,1.0,,28.0,,62.0,,
217749,,,,,,,,1025.0,,212.0,1.0,,,,,53.0,32.0,56.0,167.0,4.0,,59.0,6.0,239.0,27.0,61.0
217776,,,,,,,,239.0,,78.0,,,,,,32.0,14.0,9.0,16.0,3.0,,17.0,11.0,34.0,4.0,
217794,,,,,,,,8.0,,6.0,,,,,,1.0,,,,,,,,,,
217819,,,,,,,,1760.0,,664.0,,,,,,175.0,98.0,126.0,96.0,7.0,,149.0,,309.0,71.0,2.0
217828,,,,,,,,4.0,,2.0,,,,,,1.0,,,,,,,,1.0,,
217837,,,,,,,,123.0,,55.0,,,,,,10.0,8.0,3.0,21.0,,,7.0,,15.0,2.0,
217864,,,,,,,,689.0,,220.0,,,,,,96.0,14.0,35.0,47.0,9.0,,33.0,,100.0,54.0,16.0
217873,,,,,,,,359.0,,137.0,2.0,,,,,35.0,8.0,16.0,39.0,3.0,,28.0,1.0,61.0,,2.0
217882,,,,,,,,4141.0,,1160.0,55.0,5.0,,,,208.0,369.0,588.0,221.0,66.0,,273.0,2.0,602.0,318.0,11.0
217891,,,,,,,,51.0,,18.0,,,,,,6.0,1.0,,2.0,,,,,5.0,,
217907,,,,,,,,178.0,,80.0,,,,,,18.0,7.0,3.0,24.0,,,5.0,1.0,17.0,,
217925,,,,,,,,199.0,,63.0,,,,,,31.0,4.0,9.0,16.0,,,15.0,,37.0,8.0,0.0
217934,,,,,,,,234.0,,94.0,,,,,,27.0,5.0,8.0,34.0,2.0,,11.0,1.0,33.0,,0.0
217961,,,,,,,,202.0,,83.0,1.0,,,,,11.0,7.0,5.0,23.0,,,23.0,,45.0,,
217989,,,,,,,,129.0,,44.0,,,,,,9.0,10.0,3.0,15.0,1.0,,21.0,,22.0,,
217998,,,,,,,,140.0,,63.0,,1.0,,,,17.0,3.0,2.0,18.0,1.0,,3.0,1.0,13.0,,
218025,,,,,,,,331.0,,169.0,,,,,,38.0,15.0,17.0,16.0,,,2.0,,53.0,13.0,4.0
218043,,,,,,,,19.0,,12.0,,,,,,,1.0,,,,,1.0,1.0,0.0,0.0,
218061,,,,,,,,548.0,,231.0,,,,,,38.0,25.0,21.0,35.0,1.0,,69.0,,50.0,21.0,4.0
218070,,,,,,,,817.0,,254.0,2.0,,,,,65.0,67.0,31.0,92.0,12.0,,111.0,,112.0,32.0,
218113,,,,,,,,964.0,,480.0,,,,,,70.0,49.0,26.0,74.0,10.0,,64.0,,105.0,25.0,2.0
218140,,,,,,,,428.0,,222.0,,,,,,25.0,9.0,23.0,34.0,1.0,,28.0,,65.0,9.0,2.0
218159,,,,,,,,10.0,,6.0,,,,,,1.0,,,,,,,,1.0,,
218195,,,,,,,,11.0,,7.0,,,,,,1.0,,,,,,,,3.0,,
218229,,,,,,,,448.0,,182.0,,,,,,30.0,41.0,17.0,9.0,3.0,,16.0,1.0,33.0,60.0,8.0
218238,,,,,,,,297.0,,109.0,,,,,,13.0,15.0,11.0,65.0,5.0,,,,,,
218265,,,,,,,,33.0,,9.0,,,,,,1.0,5.0,1.0,5.0,,,0.0,,1.0,,
218335,,,,,,,,2924.0,,310.0,987.0,,,,,629.0,145.0,131.0,17.0,111.0,,154.0,,307.0,101.0,31.0
218353,,,,,,,,861.0,,368.0,,,,,,68.0,74.0,54.0,84.0,7.0,,17.0,,135.0,15.0,3.0
218399,,,,,,,,196.0,,52.0,,,,,,23.0,2.0,8.0,6.0,1.0,,51.0,,36.0,2.0,1.0
218414,,,,,,,,200.0,,77.0,,,,,,41.0,10.0,,44.0,,,,,11.0,,
218441,,,,,,,,396.0,,171.0,,,,,,44.0,,6.0,39.0,1.0,,64.0,,26.0,,
218487,,,,,,,,230.0,,109.0,,,,,,15.0,8.0,9.0,26.0,,,17.0,,32.0,6.0,
218520,,,,,,,,380.0,,190.0,,,,,,15.0,25.0,16.0,40.0,,,6.0,,70.0,11.0,
218539,,,,,,,,299.0,,111.0,,1.0,,,,21.0,8.0,12.0,66.0,5.0,,8.0,,43.0,12.0,
218645,,,,,,,,401.0,,172.0,,,,,,46.0,13.0,7.0,45.0,4.0,,26.0,,52.0,6.0,
218654,,,,,,,,231.0,,82.0,,,,,,29.0,7.0,9.0,37.0,,,21.0,,27.0,4.0,4.0
218663,,,,,,,,6385.0,,1766.0,178.0,30.0,,,,909.0,175.0,318.0,633.0,191.0,,404.0,4.0,1221.0,201.0,97.0
218672,,,,,,,,123.0,,56.0,,,,,,10.0,2.0,2.0,14.0,1.0,,15.0,,15.0,2.0,1.0
218681,,,,,,,,93.0,,34.0,,,,,,7.0,2.0,2.0,14.0,,,13.0,,15.0,2.0,0.0
218690,,,,,,,,88.0,,36.0,,,,,,12.0,1.0,2.0,8.0,1.0,,9.0,,15.0,1.0,
218706,,,,,,,,52.0,,20.0,,,,,,3.0,0.0,1.0,8.0,,,3.0,,10.0,1.0,
218724,,,,,,,,1312.0,,488.0,,,,,,127.0,40.0,58.0,134.0,29.0,,153.0,1.0,149.0,47.0,26.0
218733,,,,,,,,654.0,,195.0,18.0,24.0,,,,41.0,46.0,36.0,108.0,13.0,,43.0,,86.0,,
218742,,,,,,,,650.0,,263.0,,,,,,61.0,12.0,16.0,82.0,9.0,,65.0,,89.0,14.0,3.0
218751,,,,,,,,69.0,,27.0,2.0,,,,,4.0,2.0,2.0,2.0,,,5.0,2.0,22.0,,
218821,,,,,,,,116.0,,36.0,,,,,,23.0,2.0,3.0,19.0,1.0,,8.0,,11.0,2.0,
218830,,,,,,,,423.0,,197.0,,,,,,34.0,20.0,20.0,33.0,3.0,,20.0,,60.0,11.0,2.0
218858,,,,,,,,279.0,,142.0,,,,,,14.0,11.0,41.0,2.0,4.0,,17.0,,38.0,6.0,1.0
218867,,,,,,,,4.0,,1.0,,,,,,1.0,0.0,,,,,,,1.0,1.0,
218885,,,,,,,,456.0,,233.0,,,,,,29.0,24.0,21.0,39.0,2.0,,7.0,,77.0,4.0,5.0
218894,,,,,,,,989.0,,495.0,,,,,,72.0,40.0,52.0,75.0,6.0,,42.0,,172.0,19.0,3.0
218919,,,,,,,,177.0,,46.0,6.0,1.0,,,,19.0,8.0,5.0,7.0,1.0,,43.0,,8.0,6.0,2.0
218955,,,,,,,,79.0,,28.0,,,,,,10.0,5.0,2.0,12.0,,,2.0,,11.0,5.0,
218964,,,,,,,,1017.0,,366.0,1.0,,,,,67.0,41.0,41.0,190.0,12.0,,107.0,,126.0,28.0,17.0
218973,,,,,,,,405.0,,138.0,,,,,,59.0,19.0,14.0,50.0,2.0,,55.0,,42.0,17.0,
218991,,,,,,,,377.0,,190.0,,,,,,9.0,19.0,20.0,4.0,,,22.0,,38.0,12.0,1.0
219000,,,,,,,,395.0,,147.0,,8.0,,,,55.0,12.0,12.0,40.0,1.0,,45.0,1.0,44.0,12.0,1.0
219037,,,,,,,,16.0,,8.0,,,,,,3.0,1.0,,,,,,,4.0,,
219046,,,,,,,,400.0,,151.0,2.0,,,,,59.0,32.0,22.0,28.0,0.0,,40.0,2.0,44.0,8.0,1.0
219055,,,,,,,,27.0,,14.0,,,,,,5.0,2.0,1.0,,,,,,1.0,0.0,
219082,,,,,,,,275.0,,109.0,,,,,,56.0,12.0,18.0,10.0,1.0,,20.0,1.0,37.0,5.0,1.0
219091,,,,,,,,169.0,,76.0,0.0,,,,,19.0,9.0,3.0,25.0,,,16.0,,8.0,,2.0
219125,,,,,,,,11.0,,6.0,,,,,,2.0,1.0,,,,,,2.0,,,
219143,,,,,,,,191.0,,111.0,,,,,,10.0,2.0,10.0,2.0,,,23.0,4.0,24.0,,
219170,,,,,,,,2.0,,2.0,,,,,,,,,,,,,,0.0,,
219189,,,,,,,,138.0,,79.0,,,,,,11.0,5.0,7.0,3.0,1.0,,11.0,1.0,2.0,,
219198,,,,,,,,156.0,,71.0,,,,,,17.0,5.0,3.0,21.0,1.0,,15.0,,13.0,,
219204,,,,,,,,403.0,,112.0,,,,,,71.0,16.0,25.0,149.0,2.0,,0.0,,27.0,,
219213,,,,,,,,41.0,,18.0,,,,,,4.0,,,15.0,,,,,4.0,,
219240,,,,,,,,32.0,,7.0,,,,,,2.0,1.0,,1.0,17.0,,,,1.0,,
219259,,,,,,,,355.0,,111.0,,,,,,45.0,23.0,17.0,49.0,,,37.0,0.0,39.0,12.0,4.0
219277,,,,,,,,188.0,,68.0,1.0,,,,,27.0,5.0,3.0,4.0,,,10.0,,23.0,,
219295,,,,,,,,145.0,,58.0,1.0,,,,,16.0,12.0,3.0,19.0,3.0,,11.0,,8.0,,
219338,,,,,,,,1.0,,1.0,,,,,,,,,,,,,,,,
219347,,,,,,,,396.0,,157.0,,,,,,57.0,24.0,45.0,18.0,1.0,,32.0,,45.0,9.0,
219356,,,,,,,,1873.0,,598.0,88.0,115.0,,,,164.0,89.0,114.0,143.0,45.0,,141.0,3.0,237.0,68.0,18.0
219374,,,,,,,,148.0,,42.0,1.0,,,,,4.0,20.0,6.0,26.0,,,,2.0,5.0,13.0,3.0
219383,,,,,,,,205.0,,94.0,,,,,,25.0,11.0,5.0,33.0,1.0,,13.0,,19.0,,
219392,,,,,,,,14.0,,7.0,,,,,,2.0,,,,5.0,,,,,,
219408,,,,,,,,54.0,,15.0,,,,,,7.0,7.0,6.0,2.0,,,5.0,2.0,4.0,,
219426,,,,,,,,234.0,,150.0,,,,,,14.0,8.0,7.0,10.0,,,25.0,1.0,18.0,,
219453,,,,,,,,14.0,,10.0,,,,,,1.0,,,,,,,,2.0,,
219471,,,,,,,,1373.0,,500.0,,,,,,77.0,76.0,93.0,83.0,3.0,,101.0,,349.0,30.0,3.0
219480,,,,,,,,116.0,,65.0,,,,,,8.0,3.0,2.0,2.0,,,4.0,,7.0,,
219505,,,,,,,,25.0,,8.0,,,,,,3.0,2.0,,,0.0,,2.0,,6.0,1.0,
219578,,,,,,,,104.0,,45.0,,,,,,19.0,5.0,1.0,7.0,,,0.0,,12.0,1.0,
219587,,,,,,,,8.0,,4.0,,,,,,3.0,,,,,,,,1.0,,
219596,,,,,,,,25.0,,12.0,,,,,,4.0,2.0,,1.0,,,1.0,,3.0,,
219602,,,,,,,,985.0,,444.0,,,,,,34.0,6.0,17.0,190.0,20.0,,56.0,1.0,157.0,34.0,4.0
219639,,,,,,,,137.0,,65.0,,,,,,23.0,4.0,4.0,,,,16.0,,22.0,,
219709,,,,,,,,1067.0,,504.0,,,,,,96.0,47.0,28.0,86.0,4.0,,106.0,3.0,111.0,24.0,2.0
219718,,,,,,,,709.0,,289.0,,,,,,29.0,7.0,13.0,61.0,9.0,,72.0,56.0,47.0,,
219790,,,,,,,,247.0,,82.0,,,,,,4.0,4.0,9.0,25.0,,,10.0,12.0,13.0,24.0,
219806,,,,,,,,362.0,,155.0,,,,,,12.0,27.0,11.0,49.0,5.0,,11.0,,57.0,25.0,
219824,,,,,,,,782.0,,356.0,,,,,,26.0,18.0,42.0,68.0,20.0,,72.0,,90.0,12.0,3.0
219833,,,,,,,,276.0,,130.0,,,,,,15.0,8.0,13.0,20.0,1.0,,16.0,2.0,44.0,10.0,1.0
219842,,,,,,,,41.0,,15.0,,,,,,5.0,1.0,1.0,2.0,,,0.0,,5.0,4.0,
219879,,,,,,,,245.0,,113.0,,,,,,8.0,2.0,5.0,,10.0,,10.0,,47.0,2.0,
219888,,,,,,,,309.0,,161.0,,,,,,26.0,7.0,8.0,18.0,,,20.0,,48.0,3.0,
219903,,,,,,,,108.0,,41.0,,,,,,25.0,7.0,,,,,2.0,9.0,22.0,,
219921,,,,,,,,19.0,,11.0,,,,,,2.0,,,,,,,,6.0,,
219949,,,,,,,,193.0,,90.0,,1.0,,,,7.0,8.0,4.0,26.0,4.0,,3.0,1.0,15.0,,
219976,,,,,,,,844.0,,296.0,4.0,,,,,64.0,36.0,31.0,79.0,2.0,,123.0,1.0,110.0,14.0,1.0
219994,,,,,,,,49.0,,28.0,,,,,,7.0,1.0,,,,,3.0,,10.0,,
220002,,,,,,,,25.0,,15.0,,,,,,2.0,,,,,,,,1.0,,
220057,,,,,,,,250.0,,93.0,,,,,,15.0,1.0,10.0,58.0,,,21.0,,49.0,2.0,
220075,,,,,,,,2357.0,,835.0,38.0,50.0,,,,272.0,223.0,57.0,146.0,28.0,,171.0,,426.0,69.0,22.0
220118,,,,,,,,35.0,,17.0,,,,,,,,,,,,2.0,5.0,8.0,,
220127,,,,,,,,36.0,,22.0,,,,,,5.0,,,,,,2.0,,5.0,,
220136,,,,,,,,23.0,,8.0,,,,,,1.0,2.0,,,,,2.0,2.0,1.0,1.0,
220163,,,,,,,,9.0,,4.0,,,,,,1.0,2.0,,,,,,,2.0,,
220181,,,,,,,,188.0,,59.0,7.0,,,,,34.0,9.0,7.0,18.0,,,15.0,1.0,31.0,3.0,
220206,,,,,,,,54.0,,27.0,,,,,,13.0,2.0,1.0,1.0,,,0.0,,4.0,1.0,
220215,,,,,,,,301.0,,104.0,,,,,,36.0,14.0,6.0,35.0,,,39.0,2.0,37.0,8.0,1.0
220251,,,,,,,,22.0,,13.0,,,,,,2.0,2.0,,,,,,,4.0,1.0,
220279,,,,,,,,33.0,,22.0,,,,,,2.0,,,,,,,,4.0,1.0,
220312,,,,,,,,75.0,,22.0,,,,,,8.0,4.0,,17.0,,,12.0,,7.0,,
220321,,,,,,,,26.0,,17.0,,,,,,1.0,,,,,,1.0,,7.0,,
220394,,,,,,,,22.0,,13.0,,,,,,3.0,,,,,,1.0,,4.0,,
220400,,,,,,,,295.0,,129.0,,,,,,17.0,2.0,4.0,54.0,4.0,,19.0,,47.0,6.0,
220464,,,,,,,,10.0,,5.0,,,,,,,2.0,,,,,,,2.0,,
220473,,,,,,,,170.0,,60.0,,,,,,23.0,3.0,7.0,8.0,1.0,,9.0,,30.0,12.0,0.0
220491,,,,,,,,12.0,,4.0,,,,,,3.0,2.0,,,,,,3.0,,,
220516,,,,,,,,351.0,,156.0,,,,,,36.0,3.0,15.0,34.0,,,29.0,16.0,55.0,,
220552,,,,,,,,183.0,,103.0,,,,,,18.0,3.0,3.0,,,,4.0,,42.0,,
220570,,,,,,,,6.0,,3.0,,,,,,2.0,1.0,,,,,,,,,
220598,,,,,,,,257.0,,81.0,,,,,,19.0,2.0,4.0,17.0,3.0,,96.0,2.0,22.0,2.0,
220604,,,,,,,,165.0,,69.0,,,,,,7.0,19.0,4.0,12.0,,,5.0,,17.0,3.0,0.0
220613,,,,,,,,623.0,,264.0,,,,,,82.0,10.0,24.0,27.0,6.0,,75.0,,95.0,11.0,3.0
220631,,,,,,,,704.0,,263.0,,,,,,125.0,13.0,14.0,25.0,10.0,,71.0,,131.0,24.0,2.0
220640,,,,,,,,27.0,,17.0,,,,,,1.0,,,,,,,,4.0,2.0,
220701,,,,,,,,156.0,,78.0,,,,,,7.0,10.0,3.0,,,,22.0,,31.0,,
220710,,,,,,,,300.0,,101.0,,,,,,30.0,15.0,6.0,41.0,4.0,,39.0,2.0,27.0,14.0,
220756,,,,,,,,21.0,,10.0,,,,,,3.0,1.0,,,,,2.0,,3.0,,
220765,,,,,,,,38.0,,20.0,,,,,,3.0,1.0,1.0,,,,,4.0,5.0,,
220792,,,,,,,,873.0,,203.0,,,,,,109.0,55.0,57.0,50.0,153.0,,98.0,,135.0,2.0,
220808,,,,,,,,112.0,,62.0,,,,,,7.0,3.0,3.0,1.0,,,18.0,,3.0,,
220853,,,,,,,,69.0,,41.0,,,,,,3.0,4.0,,,6.0,,2.0,,12.0,,
220862,,,,,,,,2741.0,,1045.0,37.0,,,,,73.0,217.0,211.0,128.0,14.0,,251.0,1.0,278.0,88.0,7.0
220871,,,,,,,,38.0,,16.0,,,,,,,2.0,2.0,,,,5.0,,4.0,,
220978,,,,,,,,2301.0,,1001.0,28.0,1.0,,,,174.0,83.0,84.0,115.0,32.0,,156.0,2.0,461.0,72.0,25.0
220996,,,,,,,,29.0,,15.0,,,,,,,2.0,2.0,1.0,,,,,7.0,0.0,
221014,,,,,,,,197.0,,75.0,,,,,,42.0,7.0,4.0,24.0,,,13.0,,23.0,4.0,
221050,,,,,,,,54.0,,35.0,,,,,,2.0,5.0,,1.0,,,1.0,,10.0,,
221096,,,,,,,,267.0,,142.0,,,,,,6.0,2.0,5.0,37.0,15.0,,12.0,,40.0,5.0,
221102,,,,,,,,41.0,,29.0,,,,,,3.0,3.0,,,,,1.0,,1.0,,
221148,,,,,,,,171.0,,64.0,,,,,,51.0,,1.0,,,,10.0,,28.0,,1.0
221157,,,,,,,,8.0,,3.0,,,,,,2.0,2.0,,,,,,,1.0,,
221184,,,,,,,,497.0,,280.0,,,,,,26.0,2.0,8.0,53.0,23.0,,18.0,,78.0,9.0,
221236,,,,,,,,26.0,,16.0,,,,,,3.0,2.0,,,,,1.0,,4.0,,
221254,,,,,,,,37.0,,22.0,,0.0,,,,4.0,1.0,2.0,,,,3.0,,1.0,1.0,
221281,,,,,,,,34.0,,20.0,,,,,,2.0,1.0,,,,,3.0,,8.0,,
221290,,,,,,,,10.0,,4.0,,,,,,2.0,2.0,,,,,,,2.0,,
221333,,,,,,,,30.0,,19.0,,,,,,1.0,4.0,,,,,2.0,,5.0,,
221351,,,,,,,,506.0,,193.0,,,,,,56.0,26.0,15.0,53.0,4.0,,81.0,,39.0,15.0,3.0
221388,,,,,,,,17.0,,9.0,,,,,,2.0,1.0,,,,,,,2.0,1.0,
221397,,,,,,,,441.0,,221.0,,,,,,10.0,4.0,24.0,2.0,,,21.0,,64.0,10.0,
221430,,,,,,,,22.0,,12.0,,,,,,3.0,,,,,,,,6.0,1.0,
221485,,,,,,,,678.0,,315.0,,,,,,35.0,85.0,18.0,3.0,25.0,,64.0,,107.0,12.0,2.0
221494,,,,,,,,34.0,,22.0,,,,,,1.0,2.0,1.0,,,,2.0,,4.0,,
221519,,,,,,,,620.0,,164.0,,,,,,75.0,33.0,15.0,40.0,4.0,,124.0,1.0,90.0,31.0,7.0
221582,,,,,,,,25.0,,15.0,,,,,,3.0,,,,,,2.0,,5.0,,
221591,,,,,,,,32.0,,19.0,,,,,,1.0,1.0,,1.0,1.0,,4.0,,5.0,,
221607,,,,,,,,18.0,,10.0,,,,,,2.0,,,,,,0.0,,3.0,,
221616,,,,,,,,45.0,,24.0,,,,,,8.0,,,,,,,,11.0,1.0,
221625,,,,,,,,72.0,,36.0,,,,,,3.0,1.0,2.0,,5.0,,8.0,,9.0,5.0,
221634,,,,,,,,22.0,,13.0,,,,,,1.0,2.0,,,,,1.0,,5.0,,
221643,,,,,,,,672.0,,333.0,,5.0,,,,14.0,3.0,8.0,82.0,60.0,,13.0,,141.0,11.0,2.0
221661,,,,,,,,492.0,,143.0,1.0,,,,,87.0,8.0,17.0,74.0,4.0,,37.0,16.0,63.0,23.0,5.0
221670,,,,,,,,183.0,,53.0,,,,,,25.0,,5.0,3.0,6.0,,19.0,,62.0,3.0,4.0
221731,,,,,,,,170.0,,65.0,,,,,,,7.0,5.0,,,,,,81.0,,
221740,,,,,,,,1441.0,,560.0,9.0,,,,,152.0,65.0,73.0,97.0,10.0,,150.0,2.0,223.0,41.0,10.0
221759,,,,,,,,11220.0,,2360.0,204.0,65.0,,,,854.0,656.0,1259.0,325.0,1130.0,,1652.0,1.0,1553.0,483.0,123.0
221768,,,,,,,,852.0,,340.0,,,,,,72.0,50.0,40.0,39.0,5.0,,98.0,,132.0,29.0,11.0
221795,,,,,,,,26.0,,16.0,,,,,,2.0,3.0,1.0,,,,,3.0,,,
221829,,,,,,,,24.0,,18.0,,,,,,,2.0,,,,,2.0,,,,
221838,,,,,,,,1268.0,,391.0,29.0,2.0,,,,114.0,20.0,14.0,278.0,22.0,,107.0,4.0,215.0,48.0,3.0
221847,,,,,,,,1227.0,,503.0,10.0,9.0,,,,33.0,13.0,43.0,241.0,39.0,,53.0,1.0,202.0,45.0,2.0
221856,,,,,,,,100.0,,42.0,,,,,,11.0,4.0,3.0,8.0,,,4.0,3.0,5.0,,
221892,,,,,,,,330.0,,116.0,,,,,,41.0,19.0,17.0,27.0,,,14.0,1.0,66.0,20.0,
221908,,,,,,,,447.0,,192.0,,,,,,9.0,20.0,24.0,51.0,1.0,,36.0,,93.0,12.0,2.0
221953,,,,,,,,371.0,,122.0,,,,,,31.0,24.0,7.0,75.0,6.0,,25.0,1.0,31.0,9.0,
221971,,,,,,,,582.0,,317.0,,,,,,52.0,15.0,20.0,24.0,3.0,,44.0,9.0,46.0,,
221980,,,,,,,,8.0,,4.0,,,,,,1.0,,,,,,,,2.0,,
221999,,,,,,,,23211.0,,3503.0,498.0,,,,,1522.0,1099.0,2174.0,577.0,7543.0,,2547.0,79.0,3001.0,212.0,197.0
222026,,,,,,,,3.0,,3.0,,,,,,,,,,,,,,,,
222053,,,,,,,,532.0,,232.0,,,,,,6.0,4.0,12.0,88.0,9.0,,30.0,1.0,131.0,11.0,
222062,,,,,,,,483.0,,221.0,,,,,,17.0,55.0,5.0,35.0,14.0,,37.0,,75.0,14.0,2.0
222099,,,,,,,,26.0,,12.0,,,,,,3.0,2.0,1.0,,,,1.0,,6.0,,
222105,,,,,,,,18.0,,11.0,,,,,,2.0,,,,,,1.0,,3.0,,
222178,,,,,,,,779.0,,264.0,,7.0,,,,92.0,49.0,32.0,90.0,3.0,,44.0,4.0,140.0,15.0,
222497,,,,,,,,446.0,,,,,,,,40.0,123.0,66.0,26.0,1.0,,13.0,,68.0,4.0,
222567,,,,,,,,324.0,,173.0,2.0,,,,,11.0,2.0,3.0,,1.0,,33.0,,93.0,,
222576,,,,,,,,725.0,,288.0,,,,,,83.0,6.0,28.0,27.0,,,104.0,,172.0,,10.0
222628,,,,,,,,58.0,,29.0,,,,,,15.0,,,,,,1.0,,8.0,,
222822,,,,,,,,383.0,,215.0,1.0,7.0,,,,4.0,8.0,12.0,16.0,0.0,,26.0,4.0,33.0,21.0,
222831,,,,,,,,761.0,,293.0,,,,,,53.0,43.0,43.0,71.0,4.0,,26.0,10.0,111.0,40.0,5.0
222877,,,,,,,,41.0,,15.0,,,,,,8.0,,,3.0,,,5.0,,4.0,,
222886,,,,,,,,21.0,,12.0,,,,,,2.0,,,,,,,2.0,3.0,0.0,
222938,,,,,,,,191.0,,90.0,,,,,,22.0,1.0,,,,,1.0,,75.0,,
222983,,,,,,,,277.0,,97.0,,,,,,26.0,13.0,13.0,19.0,,,15.0,,68.0,15.0,
222992,,,,,,,,2373.0,,950.0,,,,,,152.0,75.0,151.0,85.0,2.0,,119.0,14.0,395.0,56.0,
223001,,,,,,,,56.0,,14.0,,,,,,6.0,9.0,3.0,2.0,,,,,10.0,5.0,
223056,,,,,,,,7.0,,5.0,,,,,,,,,,,,,,2.0,,
223083,,,,,,,,74.0,,46.0,,,,,,12.0,3.0,1.0,,1.0,,,,3.0,,
223117,,,,,,,,16.0,,9.0,,,,,,,2.0,,,,,,,2.0,,
223223,,,,,,,,6433.0,,2531.0,1167.0,,,,,540.0,100.0,381.0,,707.0,,108.0,,900.0,,
223232,,,,,,,,2639.0,,1045.0,9.0,,,,,479.0,171.0,221.0,96.0,44.0,,87.0,7.0,281.0,3.0,8.0
223320,,,,,,,,249.0,,91.0,,,,,,30.0,8.0,9.0,33.0,,,26.0,,30.0,4.0,
223427,,,,,,,,889.0,,493.0,,,,,,74.0,17.0,20.0,20.0,2.0,,66.0,,117.0,1.0,2.0
223463,,,,,,,,88.0,,38.0,,,,,,19.0,4.0,2.0,,,,,8.0,16.0,,
223472,,,,,,,,22.0,,11.0,,,,,,4.0,,,,,,,3.0,3.0,,
223506,,,,,,,,371.0,,140.0,1.0,1.0,,,,31.0,5.0,11.0,16.0,,,32.0,,74.0,8.0,
223524,,,,,,,,606.0,,282.0,,,,,,59.0,8.0,18.0,40.0,2.0,,16.0,3.0,96.0,21.0,
223773,,,,,,,,357.0,,132.0,,,,,,47.0,7.0,8.0,30.0,1.0,,19.0,2.0,61.0,11.0,
223816,,,,,,,,1416.0,,638.0,,,,,,145.0,24.0,48.0,65.0,,,67.0,13.0,238.0,33.0,6.0
223852,,,,,,,,8.0,,7.0,,,,,,,,,,,,,,1.0,,
223898,,,,,,,,232.0,,124.0,,,,,,19.0,6.0,5.0,8.0,,,13.0,8.0,30.0,14.0,
223922,,,,,,,,95.0,,49.0,,,,,,10.0,9.0,1.0,,,,6.0,,12.0,5.0,
224004,,,,,,,,310.0,,148.0,,,,,,21.0,19.0,15.0,45.0,,,4.0,,37.0,9.0,
224013,,,,,,,,5.0,,4.0,,,,,,1.0,,,,,,,,,,
224110,,,,,,,,474.0,,234.0,,,,,,34.0,3.0,5.0,8.0,,,,,159.0,12.0,
224147,,,,,,,,1179.0,,465.0,53.0,,,,,97.0,115.0,68.0,88.0,13.0,,26.0,,158.0,12.0,1.0
224156,,,,,,,,41.0,,15.0,,,,,,5.0,2.0,1.0,,,,3.0,6.0,1.0,,
224183,,,,,,,,5.0,,2.0,,,,,,1.0,1.0,,,,,,,,,
224226,,,,,,,,442.0,,126.0,,,,,,20.0,13.0,33.0,33.0,1.0,,24.0,18.0,87.0,12.0,2.0
224244,,,,,,,,48.0,,20.0,,,,,,5.0,3.0,,1.0,,,1.0,4.0,2.0,,
224253,,,,,,,,486.0,,8.0,,,,,,125.0,52.0,90.0,26.0,,,,,136.0,5.0,
224271,,,,,,,,9.0,,6.0,,,,,,1.0,,,,,,1.0,,1.0,,
224305,,,,,,,,251.0,,62.0,,,,,,46.0,10.0,17.0,,,,20.0,,73.0,11.0,
224323,,,,,,,,425.0,,168.0,,,,,,65.0,24.0,9.0,12.0,11.0,,38.0,,86.0,,
224350,,,,,,,,805.0,,395.0,,,,,,60.0,22.0,33.0,30.0,,,31.0,1.0,135.0,11.0,3.0
224439,,,,,,,,237.0,,111.0,,,,,,15.0,12.0,4.0,,12.0,,31.0,24.0,23.0,,
224527,,,,,,,,261.0,,80.0,,,,,,22.0,8.0,4.0,34.0,3.0,,36.0,,33.0,16.0,
224545,,,,,,,,233.0,,96.0,,,,,,27.0,16.0,8.0,12.0,1.0,,9.0,,44.0,,
224554,,,,,,,,815.0,,303.0,2.0,,,,,104.0,86.0,7.0,18.0,13.0,,39.0,6.0,165.0,1.0,
224572,,,,,,,,597.0,,266.0,,,,,,71.0,7.0,12.0,47.0,1.0,,35.0,3.0,80.0,15.0,
224615,,,,,,,,619.0,,260.0,,,,,,80.0,16.0,10.0,38.0,1.0,,22.0,5.0,107.0,10.0,
224642,,,,,,,,1729.0,,677.0,,,,,,118.0,93.0,79.0,,,,82.0,,584.0,4.0,
224660,,,,,,,,68.0,,37.0,,,,,,9.0,,,,,,1.0,8.0,11.0,1.0,
224679,,,,,,,,120.0,,43.0,,,,,,12.0,13.0,4.0,,,,1.0,15.0,30.0,1.0,
224712,,,,,,,,41.0,,12.0,,,,,,10.0,2.0,1.0,,,,5.0,,8.0,,
224758,,,,,,,,5.0,,4.0,,,,,,,1.0,,,,,,,,,
224776,,,,,,,,125.0,,56.0,,,,,,14.0,1.0,,,,,2.0,,50.0,,
224828,,,,,,,,21.0,,6.0,,,,,,5.0,3.0,,,,,1.0,,6.0,,
224891,,,,,,,,122.0,,50.0,,11.0,,,,13.0,2.0,1.0,3.0,1.0,,,,10.0,18.0,
224961,,,,,,,,181.0,,71.0,,,,,,18.0,10.0,7.0,5.0,,,14.0,,30.0,3.0,
225070,,,,,,,,332.0,,165.0,,,,,,26.0,1.0,6.0,16.0,,,32.0,2.0,54.0,3.0,
225201,,,,,,,,129.0,,51.0,,,,,,11.0,8.0,8.0,,,,2.0,14.0,17.0,2.0,
225247,,,,,,,,345.0,,163.0,,,,,,17.0,37.0,10.0,23.0,4.0,,17.0,,51.0,9.0,
225308,,,,,,,,400.0,,201.0,,,,,,44.0,22.0,15.0,3.0,,,12.0,,69.0,,2.0
225371,,,,,,,,282.0,,140.0,,,,,,25.0,7.0,12.0,4.0,,,11.0,,47.0,,1.0
225399,,,,,,,,416.0,,164.0,,,,,,50.0,17.0,3.0,46.0,8.0,,24.0,2.0,49.0,11.0,2.0
225414,,,,,,,,891.0,,347.0,,,,,,94.0,97.0,62.0,33.0,4.0,,55.0,,146.0,20.0,7.0
225423,,,,,,,,3096.0,,1321.0,,,,,,196.0,156.0,101.0,210.0,2.0,,137.0,36.0,395.0,24.0,2.0
225432,,,,,,,,944.0,,425.0,,,,,,43.0,186.0,93.0,30.0,,,33.0,,81.0,22.0,
225502,,,,,,,,436.0,,161.0,,,,,,25.0,4.0,26.0,16.0,1.0,,25.0,,162.0,,3.0
225511,,,,,,,,5159.0,,1405.0,95.0,,,,,779.0,870.0,616.0,143.0,52.0,,399.0,15.0,423.0,198.0,5.0
225520,,,,,,,,331.0,,138.0,,,,,,46.0,1.0,6.0,12.0,0.0,,35.0,,69.0,6.0,2.0
225548,,,,,,,,254.0,,102.0,,,,,,25.0,4.0,8.0,32.0,4.0,,29.0,,32.0,6.0,
225575,,,,,,,,148.0,,62.0,,,,,,20.0,9.0,1.0,12.0,,,2.0,,17.0,,
225627,,,,,,,,1052.0,,454.0,2.0,,,,,136.0,67.0,36.0,112.0,14.0,,43.0,,107.0,36.0,11.0
225779,,,,,,,,8.0,,2.0,,,,,,1.0,1.0,,0.0,,,,1.0,2.0,1.0,
225788,,,,,,,,10.0,,2.0,,,,,,3.0,,1.0,,,,,1.0,1.0,1.0,
225849,,,,,,,,59.0,,22.0,,,,,,8.0,2.0,1.0,,,,,,24.0,,
225858,,,,,,,,52.0,,14.0,,,,,,7.0,2.0,1.0,,,,,,26.0,,
225876,,,,,,,,63.0,,21.0,,2.0,,,,5.0,3.0,2.0,2.0,,,11.0,1.0,4.0,4.0,
225885,,,,,,,,147.0,,30.0,,,,,,8.0,8.0,5.0,16.0,2.0,,25.0,,8.0,16.0,1.0
225991,,,,,,,,23.0,,13.0,,,,,,3.0,2.0,,,,,,3.0,1.0,,
226019,,,,,,,,442.0,,219.0,,19.0,,,,44.0,26.0,6.0,15.0,,,22.0,,52.0,7.0,
226091,,,,,,,,1249.0,,464.0,3.0,,,,,119.0,76.0,50.0,56.0,9.0,,113.0,,136.0,39.0,1.0
226107,,,,,,,,164.0,,65.0,,,,,,25.0,6.0,10.0,4.0,,,16.0,,25.0,,1.0
226116,,,,,,,,224.0,,87.0,,,,,,38.0,12.0,11.0,8.0,,,22.0,,35.0,6.0,
226125,,,,,,,,13.0,,8.0,,,,,,3.0,,,,,,,,1.0,1.0,
226134,,,,,,,,720.0,,234.0,,,,,,74.0,15.0,29.0,52.0,3.0,,71.0,,138.0,20.0,
226152,,,,,,,,685.0,,235.0,,7.0,,,,145.0,41.0,28.0,54.0,6.0,,21.0,,117.0,,3.0
226204,,,,,,,,487.0,,216.0,,,,,,47.0,4.0,15.0,18.0,,,49.0,,66.0,15.0,
226231,,,,,,,,416.0,,141.0,,,,,,55.0,14.0,22.0,37.0,1.0,,44.0,,68.0,11.0,1.0
226277,,,,,,,,95.0,,48.0,,,,,,24.0,,1.0,,,,1.0,,14.0,,
226374,,,,,,,,4.0,,3.0,,,,,,,,,,,,,,1.0,,
226383,,,,,,,,345.0,,124.0,,,,,,40.0,2.0,17.0,50.0,4.0,,36.0,5.0,57.0,6.0,
226408,,,,,,,,367.0,,161.0,,,,,,25.0,17.0,19.0,25.0,,,15.0,,51.0,1.0,1.0
226471,,,,,,,,493.0,,195.0,,,,,,49.0,50.0,20.0,36.0,6.0,,59.0,6.0,53.0,,
226578,,,,,,,,651.0,,305.0,,,,,,39.0,12.0,25.0,39.0,1.0,,64.0,,103.0,,
226587,,,,,,,,233.0,,78.0,,,,,,36.0,3.0,6.0,32.0,3.0,,26.0,1.0,33.0,3.0,
226675,,,,,,,,55.0,,39.0,,,,,,7.0,,1.0,,,,,,,,
226772,,,,,,,,5.0,,4.0,,,,,,1.0,,,,,,,,,,
226806,,,,,,,,478.0,,164.0,,15.0,,,,38.0,8.0,21.0,40.0,1.0,,39.0,3.0,98.0,7.0,0.0
226833,,,,,,,,652.0,,254.0,,,,,,46.0,11.0,18.0,29.0,2.0,,70.0,,150.0,29.0,1.0
226860,,,,,,,,4.0,,2.0,,,,,,1.0,,,,,,,,1.0,,
226879,,,,,,,,27.0,,11.0,,,,,,8.0,,,,,,,,5.0,,
226903,,,,,,,,76.0,,12.0,,,,,,16.0,14.0,3.0,21.0,,,,,8.0,,
226930,,,,,,,,420.0,,161.0,,,,,,55.0,11.0,12.0,40.0,1.0,,19.0,0.0,67.0,9.0,
227003,,,,,,,,32.0,,11.0,,,,,,5.0,2.0,,,,,,,14.0,,
227058,,,,,,,,7.0,,4.0,,,,,,1.0,1.0,,,,,,1.0,,,
227146,,,,,,,,538.0,,263.0,,,,,,50.0,6.0,10.0,5.0,1.0,,50.0,,118.0,,
227155,,,,,,,,3.0,,2.0,,,,,,1.0,,,,,,,,,0.0,
227182,,,,,,,,4848.0,,1946.0,,,,,,276.0,489.0,81.0,,,,241.0,,1381.0,53.0,
227191,,,,,,,,563.0,,231.0,,,,,,48.0,10.0,19.0,54.0,2.0,,32.0,4.0,86.0,11.0,
227216,,,,,,,,3558.0,,1229.0,71.0,,,,,361.0,175.0,123.0,144.0,50.0,,444.0,,515.0,135.0,13.0
227225,,,,,,,,247.0,,106.0,,4.0,,,,21.0,11.0,4.0,35.0,,,13.0,,32.0,,
227243,,,,,,,,49.0,,35.0,,,,,,2.0,2.0,1.0,3.0,,,1.0,,5.0,,
227289,,,,,,,,75.0,,22.0,,,,,,14.0,2.0,1.0,1.0,,,17.0,,11.0,,
227298,,,,,,,,25.0,,9.0,,,,,,6.0,,1.0,,,,,4.0,5.0,,
227304,,,,,,,,430.0,,189.0,,,,,,49.0,15.0,16.0,17.0,,,23.0,5.0,37.0,9.0,6.0
227313,,,,,,,,19.0,,8.0,,,,,,2.0,,,,,,,2.0,,,
227322,,,,,,,,19.0,,7.0,,,,,,3.0,,,,,,,1.0,,,
227331,,,,,,,,483.0,,169.0,,,,,,35.0,45.0,16.0,64.0,,,34.0,12.0,80.0,18.0,
227368,,,,,,,,1906.0,,698.0,6.0,,,,,154.0,170.0,145.0,181.0,22.0,,159.0,,209.0,66.0,3.0
227377,,,,,,,,1247.0,,477.0,4.0,26.0,,,,121.0,38.0,75.0,51.0,2.0,,27.0,,379.0,32.0,
227386,,,,,,,,179.0,,95.0,,,,,,4.0,18.0,4.0,,,,9.0,,33.0,,2.0
227401,,,,,,,,300.0,,144.0,,8.0,,,,9.0,5.0,3.0,,,,,,76.0,,1.0
227429,,,,,,,,52.0,,18.0,,,,,,23.0,2.0,2.0,,1.0,,,,3.0,2.0,
227526,,,,,,,,1097.0,,403.0,31.0,54.0,,,,89.0,50.0,24.0,59.0,10.0,,41.0,2.0,150.0,11.0,13.0
227687,,,,,,,,114.0,,57.0,,,,,,13.0,3.0,2.0,11.0,,,8.0,,7.0,,
227748,,,,,,,,39.0,,18.0,,,,,,5.0,,,,,,,,16.0,,
227757,,,,,,,,2924.0,,702.0,16.0,,,,,251.0,319.0,509.0,246.0,15.0,,280.0,,321.0,95.0,54.0
227766,,,,,,,,887.0,,391.0,,,,,,108.0,11.0,32.0,65.0,3.0,,29.0,,131.0,17.0,
227836,,,,,,,,36.0,,12.0,,,,,,4.0,1.0,,7.0,,,1.0,,,,
227845,,,,,,,,792.0,,291.0,,,,,,139.0,43.0,44.0,60.0,3.0,,71.0,6.0,93.0,28.0,
227854,,,,,,,,773.0,,472.0,,,,,,14.0,16.0,20.0,9.0,2.0,,42.0,,57.0,11.0,
227863,,,,,,,,488.0,,221.0,,,,,,45.0,30.0,22.0,38.0,,,36.0,3.0,64.0,16.0,
227881,,,,,,,,1947.0,,769.0,,22.0,,,,139.0,155.0,124.0,98.0,26.0,,166.0,9.0,309.0,44.0,
227924,,,,,,,,1124.0,,693.0,,,,,,13.0,12.0,28.0,28.0,,,61.0,,99.0,18.0,
227979,,,,,,,,1778.0,,797.0,,,,,,110.0,75.0,77.0,62.0,4.0,,71.0,,443.0,47.0,2.0
228042,,,,,,,,255.0,,73.0,,,,,,32.0,16.0,10.0,25.0,3.0,,30.0,1.0,33.0,8.0,1.0
228088,,,,,,,,5.0,,2.0,,,,,,,1.0,,,,,,,1.0,,
228149,,,,,,,,680.0,,255.0,,,,,,127.0,10.0,13.0,34.0,3.0,,87.0,,126.0,4.0,3.0
228158,,,,,,,,617.0,,335.0,3.0,,,,,3.0,8.0,13.0,8.0,1.0,,16.0,,115.0,72.0,2.0
228185,,,,,,,,4.0,,2.0,,,,,,,,,,,,,,0.0,0.0,
228194,,,,,,,,168.0,,74.0,,,,,,21.0,13.0,8.0,10.0,,,8.0,,24.0,,
228200,,,,,,,,37.0,,19.0,,,,,,4.0,3.0,,,,,1.0,4.0,5.0,,
228219,,,,,,,,42.0,,18.0,,,,,,5.0,4.0,,,,,2.0,6.0,6.0,,
228246,,,,,,,,2451.0,,866.0,68.0,,,,,651.0,101.0,150.0,137.0,15.0,,70.0,,291.0,22.0,
228282,,,,,,,,25.0,,9.0,,,,,,5.0,5.0,,,,,,2.0,2.0,2.0,
228316,,,,,,,,398.0,,154.0,,,,,,28.0,2.0,16.0,20.0,2.0,,42.0,,70.0,10.0,1.0
228325,,,,,,,,238.0,,87.0,,,,,,27.0,12.0,10.0,24.0,3.0,,15.0,,34.0,,
228343,,,,,,,,429.0,,129.0,,,,,,40.0,12.0,17.0,54.0,8.0,,62.0,1.0,54.0,17.0,5.0
228431,,,,,,,,1540.0,,587.0,,,,,,119.0,79.0,84.0,132.0,12.0,,179.0,,207.0,60.0,8.0
228459,,,,,,,,3456.0,,1344.0,71.0,13.0,,,,273.0,191.0,210.0,350.0,45.0,,259.0,14.0,459.0,128.0,36.0
228468,,,,,,,,125.0,,60.0,,,,,,25.0,2.0,3.0,2.0,,,9.0,,15.0,5.0,
228486,,,,,,,,59.0,,19.0,,,,,,8.0,,,,,,19.0,,8.0,3.0,
228501,,,,,,,,436.0,,139.0,,,,,,44.0,19.0,33.0,9.0,1.0,,39.0,,125.0,16.0,
228529,,,,,,,,984.0,,491.0,,,,,,58.0,45.0,79.0,42.0,10.0,,21.0,1.0,96.0,5.0,
228547,,,,,,,,2822.0,,1166.0,,,,,,228.0,70.0,97.0,151.0,11.0,,172.0,,467.0,70.0,11.0
228608,,,,,,,,344.0,,178.0,,,,,,35.0,6.0,,5.0,,,4.0,,67.0,3.0,
228635,,,,,,,,5921.0,,1692.0,24.0,146.0,,,,484.0,562.0,1092.0,50.0,262.0,,330.0,2.0,1039.0,198.0,23.0
228644,,,,,,,,4885.0,,902.0,436.0,,,,,365.0,317.0,631.0,126.0,402.0,,460.0,5.0,997.0,95.0,101.0
228653,,,,,,,,3610.0,,492.0,62.0,198.0,,,,325.0,377.0,233.0,55.0,959.0,,178.0,,591.0,96.0,15.0
228671,,,,,,,,47.0,,,,,,,,23.0,14.0,2.0,2.0,,,,,6.0,,
228680,,,,,,,,640.0,,251.0,,,,,,53.0,16.0,32.0,22.0,1.0,,67.0,3.0,101.0,44.0,8.0
228699,,,,,,,,263.0,,122.0,,,,,,24.0,7.0,9.0,12.0,,,27.0,,34.0,,0.0
228705,,,,,,,,1549.0,,660.0,,,,,,190.0,60.0,89.0,169.0,11.0,,48.0,7.0,230.0,16.0,3.0
228723,,,,,,,,9159.0,,3088.0,329.0,2.0,,,,1045.0,541.0,936.0,639.0,286.0,,415.0,5.0,1221.0,163.0,90.0
228732,,,,,,,,476.0,,,,,,,,120.0,76.0,54.0,29.0,,,,,189.0,5.0,3.0
228769,,,,,,,,3763.0,,999.0,65.0,87.0,,,,440.0,183.0,304.0,214.0,46.0,,246.0,6.0,948.0,98.0,33.0
228778,,,,,,,,12999.0,,2839.0,,,,,,1190.0,1205.0,2550.0,647.0,134.0,,1040.0,71.0,1956.0,466.0,395.0
228787,,,,,,,,3003.0,,886.0,123.0,,,,,291.0,165.0,422.0,82.0,51.0,,103.0,2.0,745.0,62.0,2.0
228796,,,,,,,,2442.0,,809.0,24.0,,,,,325.0,227.0,195.0,186.0,25.0,,177.0,,290.0,86.0,24.0
228802,,,,,,,,1040.0,,374.0,,,,,,87.0,18.0,52.0,40.0,8.0,,22.0,,361.0,25.0,
228866,,,,,,,,85.0,,28.0,,,,,,14.0,,3.0,,,,,,22.0,3.0,
228875,,,,,,,,2118.0,,700.0,,,,,,233.0,149.0,104.0,196.0,22.0,,293.0,3.0,279.0,76.0,
228884,,,,,,,,124.0,,38.0,,,,,,16.0,10.0,3.0,13.0,2.0,,29.0,,7.0,,1.0
228909,,,,,,,,1547.0,,441.0,26.0,,,,,141.0,103.0,130.0,33.0,65.0,,182.0,,325.0,35.0,
228981,,,,,,,,254.0,,95.0,,,,,,56.0,22.0,6.0,,,,34.0,,30.0,,
229018,,,,,,,,365.0,,152.0,,,,,,38.0,38.0,12.0,20.0,1.0,,42.0,,48.0,1.0,
229027,,,,,,,,3655.0,,1223.0,49.0,34.0,,,,395.0,314.0,269.0,334.0,30.0,,258.0,4.0,464.0,118.0,54.0
229036,,,,,,,,26.0,,9.0,,,,,,3.0,2.0,,6.0,,,,,,,
229063,,,,,,,,1244.0,,479.0,,,,,,84.0,79.0,24.0,57.0,7.0,,157.0,,201.0,31.0,4.0
229090,,,,,,,,636.0,,,,,,,,100.0,170.0,89.0,48.0,6.0,,12.0,1.0,135.0,75.0,1.0
229115,,,,,,,,4551.0,,1487.0,150.0,58.0,,,,335.0,51.0,188.0,124.0,9.0,,464.0,,1313.0,154.0,156.0
229151,,,,,,,,5.0,,2.0,,,,,,1.0,2.0,,,,,,,,,
229160,,,,,,,,403.0,,167.0,,,,,,43.0,14.0,22.0,49.0,,,4.0,,68.0,14.0,
229179,,,,,,,,1369.0,,559.0,,,,,,101.0,45.0,81.0,30.0,9.0,,186.0,,249.0,7.0,
229267,,,,,,,,769.0,,257.0,5.0,,,,,57.0,46.0,45.0,103.0,10.0,,57.0,,106.0,34.0,3.0
229300,,,,,,,,6146.0,,1626.0,,,,,,772.0,255.0,882.0,201.0,1055.0,,419.0,,835.0,62.0,36.0
229319,,,,,,,,550.0,,177.0,,,,,,55.0,19.0,26.0,44.0,2.0,,46.0,2.0,90.0,15.0,6.0
229328,,,,,,,,209.0,,73.0,,,,,,41.0,9.0,5.0,22.0,,,18.0,,16.0,7.0,
229337,,,,,,,,5633.0,,1007.0,26.0,,,,,407.0,17.0,307.0,60.0,1479.0,,384.0,5.0,1780.0,89.0,70.0
229355,,,,,,,,841.0,,418.0,,,,,,55.0,19.0,37.0,86.0,1.0,,60.0,,120.0,4.0,
229407,,,,,,,,56.0,,,,,,,,21.0,17.0,,6.0,,,3.0,,9.0,,
229416,,,,,,,,134.0,,63.0,,,,,,16.0,49.0,1.0,,,,,,3.0,2.0,
229425,,,,,,,,15.0,,8.0,,,,,,4.0,1.0,,,,,,1.0,1.0,,
229504,,,,,,,,260.0,,114.0,,,,,,18.0,16.0,2.0,17.0,,,29.0,,51.0,4.0,
229522,,,,,,,,9.0,,6.0,,,,,,,1.0,,,,,,,1.0,,
229540,,,,,,,,399.0,,186.0,,,,,,37.0,8.0,15.0,22.0,,,21.0,,78.0,21.0,
229656,,,,,,,,17.0,,11.0,,,,,,2.0,,,,,,,,4.0,,
229780,,,,,,,,649.0,,267.0,1.0,,,,,94.0,44.0,14.0,79.0,,,12.0,10.0,114.0,3.0,
229799,,,,,,,,406.0,,197.0,,,,,,43.0,22.0,17.0,7.0,,,23.0,,59.0,1.0,0.0
229814,,,,,,,,772.0,,316.0,,,,,,141.0,25.0,30.0,64.0,13.0,,19.0,5.0,117.0,9.0,2.0
229832,,,,,,,,177.0,,74.0,,,,,,28.0,1.0,2.0,0.0,,,16.0,2.0,35.0,,7.0
229841,,,,,,,,426.0,,210.0,,,,,,35.0,34.0,15.0,12.0,,,35.0,,48.0,6.0,2.0
229887,,,,,,,,267.0,,79.0,1.0,1.0,,,,45.0,14.0,5.0,,1.0,,31.0,,19.0,,2.0
229957,,,,,,,,11.0,,3.0,,,,,,5.0,1.0,,,,,,1.0,1.0,,
230010,,,,,,,,152.0,,105.0,,,,,,7.0,4.0,4.0,,,,13.0,2.0,11.0,,
230038,,,,,,,,4372.0,,1412.0,52.0,,,,,222.0,557.0,436.0,470.0,33.0,,291.0,10.0,573.0,159.0,35.0
230047,,,,,,,,422.0,,166.0,,,,,,39.0,19.0,27.0,12.0,4.0,,46.0,3.0,49.0,17.0,4.0
230056,,,,,,,,30.0,,16.0,,,,,,4.0,,,,,,,,1.0,,
230065,,,,,,,,22.0,,10.0,,,,,,2.0,0.0,,0.0,,,,,9.0,,
230135,,,,,,,,4.0,,2.0,,,,,,1.0,1.0,,,,,,,,,
230144,,,,,,,,5.0,,3.0,,,,,,1.0,1.0,,,,,,,,,
230162,,,,,,,,247.0,,138.0,,,,,,25.0,6.0,4.0,2.0,,,15.0,1.0,45.0,4.0,
230171,,,,,,,,731.0,,330.0,,,,,,68.0,15.0,21.0,128.0,,,54.0,11.0,65.0,19.0,
230199,,,,,,,,4.0,,4.0,,,,,,,,,,,,,,,,
230205,,,,,,,,2.0,,2.0,,,,,,,,,,,,,,,,
230214,,,,,,,,30.0,,16.0,,,,,,4.0,,,,,,,3.0,5.0,1.0,
230366,,,,,,,,29.0,,16.0,,,,,,3.0,2.0,,,,,,6.0,1.0,,
230384,,,,,,,,39.0,,15.0,,,,,,7.0,1.0,1.0,,,,,,13.0,,
230418,,,,,,,,67.0,,17.0,,,,,,10.0,19.0,8.0,2.0,,,1.0,2.0,3.0,,
230472,,,,,,,,28.0,,3.0,,,,,,4.0,,1.0,,,,,,19.0,,
230490,,,,,,,,166.0,,87.0,,,,,,24.0,4.0,6.0,4.0,,,20.0,,20.0,,
230597,,,,,,,,351.0,,150.0,,,,,,16.0,6.0,15.0,15.0,,,45.0,1.0,51.0,2.0,
230603,,,,,,,,736.0,,313.0,,,,,,57.0,53.0,23.0,66.0,5.0,,29.0,,54.0,28.0,0.0
230621,,,,,,,,42.0,,21.0,,,,,,2.0,,,,,,,,2.0,,
230630,,,,,,,,30.0,,13.0,,,,,,2.0,,,,,,,,2.0,,
230676,,,,,,,,73.0,,42.0,,,,,,6.0,5.0,2.0,,,,2.0,,2.0,6.0,
230728,,,,,,,,3060.0,,892.0,34.0,65.0,,,,286.0,185.0,320.0,249.0,37.0,,168.0,6.0,533.0,145.0,21.0
230737,,,,,,,,2328.0,,916.0,,12.0,,,,370.0,54.0,160.0,126.0,7.0,,137.0,10.0,247.0,54.0,22.0
230746,,,,,,,,1858.0,,728.0,,,,,,130.0,60.0,111.0,205.0,4.0,,137.0,30.0,314.0,63.0,3.0
230764,,,,,,,,10417.0,,1662.0,1174.0,751.0,,,,299.0,1842.0,839.0,561.0,822.0,,583.0,48.0,1376.0,279.0,38.0
230782,,,,,,,,1574.0,,666.0,,,,,,121.0,44.0,85.0,71.0,6.0,,111.0,12.0,295.0,43.0,11.0
230807,,,,,,,,487.0,,235.0,,,,,,44.0,30.0,22.0,21.0,5.0,,23.0,17.0,55.0,9.0,10.0
230816,,,,,,,,286.0,,79.0,,,,,,35.0,8.0,7.0,21.0,1.0,,50.0,,42.0,14.0,1.0
230825,,,,,,,,51.0,,32.0,,,,,,3.0,2.0,1.0,2.0,,,,,1.0,2.0,
230834,,,,,,,,351.0,,146.0,,,,,,48.0,3.0,6.0,20.0,4.0,,43.0,4.0,36.0,15.0,
230852,,,,,,,,453.0,,194.0,,,,,,65.0,36.0,26.0,44.0,1.0,,13.0,3.0,44.0,10.0,
230861,,,,,,,,370.0,,205.0,,,,,,78.0,3.0,6.0,5.0,,,1.0,,45.0,,
230889,,,,,,,,96.0,,41.0,,,,,,20.0,3.0,3.0,5.0,,,5.0,,4.0,,
230898,,,,,,,,128.0,,54.0,,,,,,12.0,3.0,6.0,10.0,1.0,,7.0,,18.0,1.0,0.0
230913,,,,,,,,200.0,,87.0,,,,,,24.0,2.0,6.0,9.0,2.0,,18.0,1.0,23.0,11.0,0.0
230931,,,,,,,,214.0,,86.0,,,,,,29.0,5.0,7.0,8.0,2.0,,27.0,,26.0,5.0,
230940,,,,,,,,128.0,,46.0,,,,,,32.0,1.0,3.0,10.0,2.0,,7.0,,18.0,1.0,3.0
230959,,,,,,,,1118.0,,320.0,,1.0,,,,97.0,89.0,57.0,39.0,7.0,,209.0,2.0,168.0,54.0,20.0
230977,,,,,,,,106.0,,29.0,,,,,,16.0,15.0,2.0,,,,34.0,,,,
230995,,,,,,,,598.0,,219.0,,,,,,34.0,17.0,34.0,49.0,3.0,,77.0,3.0,80.0,11.0,5.0
231004,,,,,,,,12.0,,8.0,,,,,,2.0,2.0,,,,,,,,,
231059,,,,,,,,428.0,,147.0,,,,,,43.0,23.0,18.0,33.0,3.0,,62.0,2.0,47.0,16.0,5.0
231068,,,,,,,,173.0,,29.0,,,,,,28.0,22.0,23.0,1.0,,,,,22.0,,
231077,,,,,,,,51.0,,22.0,,,,,,3.0,2.0,1.0,2.0,,,2.0,,3.0,2.0,
231086,,,,,,,,111.0,,29.0,,,,,,14.0,5.0,3.0,15.0,,,7.0,1.0,5.0,9.0,3.0
231095,,,,,,,,47.0,,16.0,,,,,,4.0,1.0,1.0,2.0,1.0,,8.0,,3.0,,
231147,,,,,,,,129.0,,48.0,,,,,,25.0,15.0,6.0,3.0,,,3.0,,22.0,1.0,
231156,,,,,,,,27.0,,,,,,,,9.0,4.0,11.0,2.0,,,,,1.0,,
231165,,,,,,,,293.0,,114.0,,,,,,71.0,7.0,11.0,23.0,,,21.0,,19.0,7.0,
231174,,,,,,,,3564.0,,1194.0,178.0,24.0,,,,98.0,233.0,401.0,118.0,37.0,,263.0,9.0,553.0,121.0,15.0
231280,,,,,,,,8.0,,5.0,,,,,,2.0,,,,,,,,1.0,,
231411,,,,,,,,87.0,,34.0,,,,,,6.0,,2.0,,,,6.0,,4.0,,
231420,,,,,,,,227.0,,67.0,,,,,,22.0,13.0,13.0,30.0,2.0,,2.0,,49.0,,
231536,,,,,,,,287.0,,135.0,,,,,,39.0,9.0,21.0,10.0,,,1.0,,29.0,6.0,
231554,,,,,,,,138.0,,57.0,,,,,,6.0,8.0,5.0,22.0,,,2.0,,3.0,,
231581,,,,,,,,356.0,,121.0,,,,,,30.0,14.0,18.0,41.0,8.0,,47.0,,31.0,14.0,2.0
231624,,,,,,,,2403.0,,717.0,36.0,,,,,297.0,127.0,322.0,123.0,27.0,,225.0,3.0,293.0,96.0,19.0
231651,,,,,,,,549.0,,162.0,,,,,,50.0,51.0,21.0,73.0,,,18.0,,57.0,7.0,
231688,,,,,,,,9.0,,4.0,,,,,,,,,,4.0,,,,1.0,,
231697,,,,,,,,261.0,,133.0,,,,,,31.0,14.0,7.0,5.0,1.0,,9.0,,39.0,10.0,
231712,,,,,,,,1006.0,,329.0,,,,,,91.0,45.0,41.0,73.0,5.0,,198.0,3.0,127.0,48.0,9.0
231721,,,,,,,,9.0,,3.0,,,,,,,1.0,,,,,,,1.0,,
231785,,,,,,,,84.0,,33.0,,,,,,10.0,1.0,2.0,18.0,,,5.0,1.0,9.0,,
231828,,,,,,,,81.0,,36.0,,,,,,6.0,3.0,3.0,14.0,,,2.0,1.0,10.0,,
231837,,,,,,,,179.0,,107.0,,,,,,9.0,5.0,1.0,5.0,,,3.0,3.0,33.0,,
231873,,,,,,,,104.0,,42.0,,,,,,26.0,2.0,6.0,1.0,,,1.0,0.0,11.0,3.0,
231882,,,,,,,,226.0,,113.0,,,,,,42.0,6.0,6.0,1.0,1.0,,2.0,1.0,37.0,5.0,
231970,,,,,,,,1298.0,,251.0,116.0,55.0,,,,63.0,79.0,42.0,42.0,110.0,,180.0,,238.0,12.0,4.0
232016,,,,,,,,44.0,,20.0,,,,,,10.0,,,,,,,,14.0,,
232025,,,,,,,,296.0,,95.0,,,,,,33.0,3.0,7.0,44.0,4.0,,42.0,1.0,32.0,14.0,3.0
232043,,,,,,,,394.0,,152.0,,,,,,36.0,33.0,19.0,16.0,3.0,,25.0,14.0,72.0,9.0,
232052,,,,,,,,85.0,,28.0,,,,,,15.0,6.0,,1.0,,,2.0,2.0,10.0,6.0,
232089,,,,,,,,349.0,,91.0,,,,,,36.0,14.0,9.0,34.0,4.0,,85.0,,24.0,9.0,4.0
232186,,,,,,,,4294.0,,1628.0,180.0,,,,,286.0,492.0,363.0,207.0,39.0,,192.0,8.0,421.0,210.0,13.0
232195,,,,,,,,335.0,,152.0,,,,,,59.0,12.0,17.0,11.0,1.0,,16.0,,35.0,9.0,
232256,,,,,,,,352.0,,109.0,,,,,,50.0,2.0,13.0,29.0,1.0,,64.0,,51.0,22.0,
232265,,,,,,,,766.0,,344.0,,,,,,,,,,,,59.0,,206.0,153.0,4.0
232308,,,,,,,,285.0,,99.0,,,,,,42.0,13.0,9.0,6.0,1.0,,38.0,5.0,37.0,16.0,
232414,,,,,,,,735.0,,320.0,,,,,,106.0,24.0,28.0,8.0,,,49.0,,98.0,19.0,2.0
232423,,,,,,,,3136.0,,1124.0,,,,,,312.0,131.0,218.0,239.0,31.0,,340.0,5.0,419.0,136.0,66.0
232450,,,,,,,,441.0,,223.0,,,,,,61.0,16.0,14.0,4.0,,,33.0,2.0,41.0,14.0,
232502,,,,,,,,47.0,,25.0,,,,,,5.0,1.0,1.0,,,,,,15.0,,
232557,,,,,,,,5519.0,,2097.0,,,,,,152.0,352.0,327.0,518.0,16.0,,520.0,6.0,140.0,14.0,111.0
232566,,,,,,,,775.0,,265.0,,,,,,95.0,51.0,41.0,73.0,3.0,,31.0,2.0,113.0,57.0,10.0
232575,,,,,,,,380.0,,206.0,,,,,,65.0,11.0,14.0,2.0,,,7.0,,37.0,16.0,1.0
232609,,,,,,,,548.0,,190.0,,,,,,32.0,26.0,16.0,41.0,3.0,,110.0,3.0,57.0,,4.0
232618,,,,,,,,25.0,,19.0,,,,,,3.0,2.0,,,,,,,,,
232672,,,,,,,,363.0,,154.0,,,,,,30.0,30.0,11.0,27.0,1.0,,54.0,,27.0,9.0,
232681,,,,,,,,806.0,,296.0,,,,,,70.0,64.0,60.0,44.0,4.0,,69.0,1.0,98.0,39.0,8.0
232706,,,,,,,,546.0,,243.0,,,,,,57.0,16.0,21.0,42.0,7.0,,38.0,,59.0,,11.0
232724,,,,,,,,3.0,,3.0,,,,,,,,,,,,,,,,
232788,,,,,,,,176.0,,70.0,,,,,,32.0,6.0,6.0,1.0,,,12.0,1.0,26.0,5.0,1.0
232797,,,,,,,,266.0,,113.0,,,,,,17.0,,,,,,,45.0,84.0,1.0,
232867,,,,,,,,201.0,,96.0,,,,,,33.0,3.0,12.0,9.0,,,,,32.0,5.0,
232885,,,,,,,,62.0,,36.0,,,,,,5.0,2.0,2.0,2.0,0.0,,0.0,2.0,8.0,,
232919,,,,,,,,43.0,,24.0,,,,,,4.0,,,,,,,,15.0,,
232937,,,,,,,,1019.0,,294.0,3.0,,,,,123.0,63.0,42.0,24.0,,,124.0,3.0,178.0,46.0,7.0
232946,,,,,,,,2710.0,,1369.0,,,,,,460.0,86.0,35.0,43.0,,,51.0,5.0,335.0,56.0,4.0
232982,,,,,,,,2670.0,,1024.0,25.0,,,,,130.0,228.0,206.0,209.0,22.0,,233.0,1.0,382.0,73.0,6.0
233019,,,,,,,,251.0,,90.0,,,,,,65.0,21.0,7.0,5.0,,,5.0,,25.0,7.0,1.0
233037,,,,,,,,130.0,,51.0,,,,,,29.0,2.0,6.0,6.0,,,7.0,,18.0,6.0,
233082,,,,,,,,33.0,,16.0,,,,,,7.0,1.0,1.0,,,,,,2.0,,
233091,,,,,,,,40.0,,22.0,,,,,,3.0,2.0,,1.0,1.0,,,6.0,5.0,,
233116,,,,,,,,274.0,,148.0,,,,,,46.0,2.0,8.0,7.0,,,7.0,,28.0,4.0,
233277,,,,,,,,1376.0,,519.0,,,,,,72.0,116.0,76.0,88.0,9.0,,141.0,1.0,179.0,54.0,12.0
233286,,,,,,,,14.0,,7.0,,,,,,2.0,1.0,,,,,,2.0,1.0,,
233295,,,,,,,,362.0,,118.0,1.0,,,,,33.0,25.0,14.0,39.0,4.0,,55.0,,26.0,11.0,
233301,,,,,,,,254.0,,68.0,,,,,,32.0,13.0,14.0,36.0,3.0,,33.0,,26.0,9.0,4.0
233310,,,,,,,,172.0,,69.0,,,,,,37.0,7.0,6.0,1.0,,,7.0,,24.0,7.0,
233329,,,,,,,,33.0,,17.0,,,,,,7.0,,,,,,,4.0,2.0,,
233338,,,,,,,,120.0,,45.0,,,,,,4.0,6.0,9.0,,,,21.0,3.0,19.0,,
233356,,,,,,,,49.0,,26.0,1.0,1.0,,,,3.0,2.0,,1.0,,,,,7.0,,
233374,,,,,,,,1647.0,,468.0,1.0,,,,,166.0,97.0,71.0,94.0,13.0,,315.0,4.0,220.0,64.0,7.0
233408,,,,,,,,54.0,,30.0,,,,,,7.0,,2.0,,,,1.0,,3.0,,
233426,,,,,,,,459.0,,184.0,,,,,,39.0,20.0,14.0,31.0,3.0,,77.0,3.0,55.0,15.0,
233480,,,,,,,,7.0,,5.0,,,,,,1.0,,,,,,,,1.0,,
233541,,,,,,,,720.0,,312.0,,,,,,64.0,19.0,32.0,62.0,5.0,,57.0,,97.0,12.0,1.0
233611,,,,,,,,136.0,,39.0,,,,,,10.0,13.0,5.0,23.0,5.0,,6.0,9.0,9.0,,
233639,,,,,,,,306.0,,140.0,,,,,,48.0,6.0,11.0,7.0,,,15.0,,45.0,6.0,
233648,,,,,,,,225.0,,68.0,,,,,,44.0,30.0,9.0,3.0,1.0,,12.0,,43.0,7.0,
233657,,,,,,,,7.0,,5.0,,,,,,1.0,,,,,,,,1.0,,
233666,,,,,,,,7.0,,3.0,,,,,,2.0,,,,,,,,2.0,,
233684,,,,,,,,737.0,,127.0,2.0,,,,,221.0,25.0,27.0,5.0,,,,50.0,154.0,,
233718,,,,,,,,300.0,,86.0,,,,,,34.0,13.0,14.0,25.0,1.0,,50.0,1.0,45.0,11.0,
233754,,,,,,,,567.0,,252.0,,,,,,68.0,22.0,19.0,21.0,2.0,,29.0,,80.0,22.0,1.0
233772,,,,,,,,1628.0,,750.0,,,,,,256.0,48.0,66.0,43.0,0.0,,91.0,,194.0,53.0,8.0
233842,,,,,,,,93.0,,27.0,,,,,,6.0,12.0,3.0,,,,7.0,,10.0,,
233897,,,,,,,,346.0,,136.0,1.0,,,,,49.0,15.0,10.0,34.0,,,32.0,1.0,44.0,18.0,
233903,,,,,,,,171.0,,79.0,,,,,,32.0,4.0,4.0,3.0,,,11.0,,20.0,5.0,
233921,,,,,,,,7521.0,,1840.0,805.0,268.0,,,,138.0,712.0,803.0,290.0,125.0,,611.0,,1305.0,378.0,66.0
233949,,,,,,,,386.0,,181.0,,,,,,71.0,22.0,25.0,8.0,0.0,,10.0,,36.0,12.0,2.0
234030,,,,,,,,6224.0,,2483.0,240.0,,,,,664.0,354.0,641.0,364.0,164.0,,193.0,9.0,725.0,151.0,28.0
234076,,,,,,,,8397.0,,2098.0,325.0,7.0,,,,830.0,492.0,1324.0,367.0,114.0,,617.0,54.0,1191.0,604.0,123.0
234085,,,,,,,,581.0,,142.0,,,,,,50.0,26.0,35.0,52.0,12.0,,59.0,8.0,82.0,41.0,43.0
234119,,,,,,,,5.0,,3.0,,,,,,2.0,,,,,,,,,,
234137,,,,,,,,51.0,,10.0,,,,,,6.0,7.0,2.0,2.0,,,,,,,
234155,,,,,,,,939.0,,354.0,21.0,1.0,,,,135.0,60.0,41.0,41.0,6.0,,34.0,,171.0,22.0,7.0
234164,,,,,,,,318.0,,119.0,,,,,,38.0,20.0,6.0,19.0,1.0,,41.0,3.0,30.0,5.0,
234173,,,,,,,,328.0,,105.0,,,,,,33.0,2.0,10.0,50.0,0.0,,56.0,3.0,43.0,9.0,
234191,,,,,,,,17.0,,8.0,,,,,,3.0,2.0,,,,,,,3.0,1.0,
234207,,,,,,,,892.0,,291.0,,,,,,73.0,52.0,50.0,94.0,8.0,,137.0,8.0,120.0,39.0,
234216,,,,,,,,14.0,,4.0,,,,,,2.0,1.0,1.0,,,,,,1.0,1.0,1.0
234225,,,,,,,,8.0,,6.0,,,,,,1.0,,,,,,,,1.0,,
234359,,,,,,,,22.0,,17.0,,,,,,3.0,,,,,,,,1.0,,
234377,,,,,,,,171.0,,74.0,,,,,,39.0,5.0,5.0,2.0,1.0,,5.0,,26.0,3.0,2.0
234401,,,,,,,,10.0,,6.0,,,,,,2.0,1.0,,,,,,,1.0,,
234492,,,,,,,,125.0,,57.0,,,,,,15.0,,,1.0,,,,,50.0,,
234650,,,,,,,,10.0,,6.0,,,,,,,,,,,,,,4.0,,
234669,,,,,,,,842.0,,366.0,,,,,,177.0,,26.0,5.0,,,18.0,1.0,163.0,41.0,1.0
234696,,,,,,,,229.0,,89.0,,,,,,7.0,9.0,6.0,3.0,2.0,,20.0,,76.0,4.0,
234711,,,,,,,,209.0,,65.0,,,,,,26.0,9.0,8.0,5.0,,,22.0,2.0,29.0,8.0,1.0
234739,,,,,,,,24.0,,9.0,,,,,,6.0,1.0,,,,,,,7.0,1.0,
234784,,,,,,,,31.0,,7.0,,,,,,8.0,2.0,,,,,,,14.0,,
234827,,,,,,,,1400.0,,519.0,1.0,,,,,90.0,84.0,103.0,94.0,17.0,,142.0,2.0,213.0,49.0,
234845,,,,,,,,237.0,,84.0,,,,,,43.0,9.0,7.0,21.0,,,15.0,2.0,38.0,5.0,0.0
234915,,,,,,,,393.0,,212.0,,,,,,66.0,17.0,10.0,3.0,,,,,43.0,2.0,
234924,,,,,,,,16.0,,9.0,,,,,,1.0,,,,,,,,4.0,,
234933,,,,,,,,726.0,,335.0,,,,,,58.0,23.0,33.0,14.0,3.0,,12.0,4.0,160.0,45.0,
234951,,,,,,,,281.0,,110.0,,,,,,11.0,32.0,10.0,5.0,2.0,,11.0,3.0,30.0,33.0,2.0
234979,,,,,,,,395.0,,178.0,,,,,,40.0,10.0,12.0,5.0,,,13.0,2.0,99.0,28.0,
235024,,,,,,,,212.0,,104.0,,,,,,37.0,3.0,8.0,16.0,,,14.0,,20.0,4.0,
235088,,,,,,,,38.0,,17.0,,,,,,1.0,6.0,,,,,,3.0,3.0,2.0,
235097,,,,,,,,1424.0,,562.0,,,,,,142.0,50.0,77.0,90.0,7.0,,142.0,7.0,166.0,68.0,16.0
235103,,,,,,,,670.0,,243.0,,,,,,63.0,12.0,28.0,55.0,0.0,,4.0,,200.0,40.0,1.0
235149,,,,,,,,531.0,,222.0,,,,,,64.0,18.0,20.0,17.0,,,28.0,5.0,76.0,11.0,
235158,,,,,,,,15.0,,7.0,,,,,,2.0,1.0,,,,,1.0,,2.0,,
235167,,,,,,,,663.0,,181.0,,,,,,66.0,48.0,62.0,64.0,6.0,,62.0,1.0,87.0,23.0,4.0
235237,,,,,,,,308.0,,86.0,,,,,,35.0,31.0,19.0,7.0,,,25.0,,84.0,8.0,1.0
235307,,,,,,,,15.0,,6.0,,,,,,1.0,,,,,,,,7.0,1.0,
235316,,,,,,,,1325.0,,522.0,,,,,,229.0,79.0,35.0,78.0,5.0,,109.0,,204.0,40.0,8.0
235334,,,,,,,,180.0,,85.0,,,,,,26.0,8.0,7.0,,,,4.0,,30.0,11.0,
235343,,,,,,,,558.0,,250.0,,,,,,120.0,19.0,17.0,6.0,,,34.0,4.0,86.0,,
235352,,,,,,,,10.0,,5.0,,,,,,1.0,2.0,,,,,,,2.0,,
235422,,,,,,,,249.0,,111.0,,,,,,23.0,1.0,14.0,,,,24.0,,74.0,,
235431,,,,,,,,543.0,,219.0,,,,,,93.0,11.0,31.0,63.0,,,43.0,1.0,72.0,5.0,
235495,,,,,,,,15.0,,11.0,,,,,,,2.0,,,,,,1.0,0.0,0.0,
235501,,,,,,,,67.0,,27.0,,,,,,12.0,,,,,,26.0,,2.0,,
235510,,,,,,,,44.0,,19.0,,,,,,6.0,1.0,1.0,,,,,,16.0,,
235529,,,,,,,,34.0,,16.0,,,,,,6.0,1.0,1.0,,,,,,10.0,,
235547,,,,,,,,297.0,,94.0,,,,,,53.0,18.0,14.0,3.0,12.0,,37.0,2.0,52.0,2.0,2.0
235583,,,,,,,,34.0,,15.0,,,,,,3.0,,,,,,1.0,,1.0,,
235671,,,,,,,,309.0,,150.0,,,,,,36.0,3.0,1.0,,0.0,,48.0,,60.0,,
235699,,,,,,,,300.0,,137.0,,,,,,33.0,16.0,5.0,22.0,1.0,,25.0,,39.0,6.0,
235750,,,,,,,,321.0,,109.0,,,,,,39.0,13.0,9.0,2.0,1.0,,5.0,,54.0,18.0,
235769,,,,,,,,42.0,,15.0,,,,,,5.0,6.0,1.0,5.0,,,5.0,,2.0,,
235954,,,,,,,,2.0,,2.0,,,,,,1.0,,,,,,,,,,
236018,,,,,,,,6.0,,5.0,,,,,,1.0,,,,,,,,,,
236027,,,,,,,,22.0,,12.0,,,,,,7.0,,,,,,,,2.0,,
236072,,,,,,,,382.0,,171.0,,,,,,53.0,4.0,10.0,,,,36.0,1.0,68.0,2.0,2.0
236133,,,,,,,,260.0,,115.0,,,,,,20.0,12.0,9.0,19.0,1.0,,,21.0,52.0,1.0,1.0
236188,,,,,,,,530.0,,236.0,,,,,,33.0,18.0,21.0,13.0,1.0,,25.0,13.0,108.0,23.0,
236212,,,,,,,,89.0,,36.0,,,,,,19.0,,3.0,,,,5.0,3.0,18.0,,
236230,,,,,,,,767.0,,275.0,,,,,,125.0,13.0,31.0,81.0,5.0,,81.0,7.0,120.0,10.0,8.0
236258,,,,,,,,198.0,,77.0,,,,,,39.0,4.0,10.0,1.0,2.0,,9.0,2.0,47.0,1.0,
236328,,,,,,,,688.0,,258.0,1.0,,,,,55.0,31.0,49.0,53.0,8.0,,83.0,2.0,77.0,16.0,1.0
236382,,,,,,,,302.0,,134.0,,,,,,40.0,16.0,10.0,8.0,3.0,,51.0,,28.0,,
236452,,,,,,,,289.0,,127.0,,,,,,33.0,14.0,6.0,31.0,2.0,,24.0,,25.0,,
236504,,,,,,,,387.0,,157.0,,,,,,63.0,4.0,11.0,1.0,1.0,,33.0,2.0,85.0,4.0,3.0
236513,,,,,,,,672.0,,280.0,,,,,,101.0,36.0,31.0,4.0,6.0,,48.0,1.0,129.0,3.0,6.0
236531,,,,,,,,18.0,,7.0,,,,,,4.0,1.0,,,,,,,6.0,,
236577,,,,,,,,665.0,,265.0,,,,,,53.0,19.0,35.0,,2.0,,38.0,,237.0,,
236595,,,,,,,,1275.0,,580.0,,,,,,77.0,122.0,31.0,159.0,7.0,,71.0,1.0,111.0,31.0,
236610,,,,,,,,430.0,,202.0,,,,,,46.0,13.0,17.0,3.0,1.0,,18.0,4.0,67.0,26.0,3.0
236638,,,,,,,,417.0,,156.0,,,,,,43.0,8.0,15.0,3.0,1.0,,26.0,4.0,78.0,8.0,
236656,,,,,,,,338.0,,138.0,,,,,,68.0,13.0,13.0,2.0,,,6.0,,54.0,26.0,
236692,,,,,,,,884.0,,271.0,,,,,,67.0,53.0,28.0,55.0,5.0,,107.0,4.0,126.0,63.0,
236708,,,,,,,,391.0,,173.0,,,,,,21.0,8.0,15.0,18.0,,,32.0,3.0,62.0,28.0,
236744,,,,,,,,11.0,,4.0,,,,,,1.0,1.0,,,,,,,2.0,2.0,
236753,,,,,,,,518.0,,266.0,,,,,,53.0,10.0,20.0,25.0,1.0,,14.0,3.0,76.0,27.0,1.0
236887,,,,,,,,393.0,,175.0,,,,,,22.0,9.0,15.0,16.0,,,19.0,3.0,83.0,8.0,
236896,,,,,,,,221.0,,102.0,,,,,,6.0,14.0,11.0,5.0,2.0,,12.0,,56.0,9.0,
236939,,,,,,,,5942.0,,1474.0,302.0,6.0,,,,389.0,702.0,782.0,499.0,166.0,,414.0,8.0,527.0,255.0,55.0
236948,,,,,,,,17341.0,,4056.0,2667.0,,,,,720.0,2436.0,1164.0,410.0,2196.0,,857.0,5.0,1356.0,329.0,85.0
236975,,,,,,,,263.0,,130.0,,,,,,22.0,7.0,12.0,23.0,,,1.0,2.0,36.0,20.0,
236993,,,,,,,,25.0,,8.0,,,,,,6.0,,1.0,,,,,,9.0,,
237011,,,,,,,,1789.0,,679.0,,,,,,79.0,177.0,150.0,84.0,33.0,,121.0,3.0,281.0,82.0,19.0
237039,,,,,,,,290.0,,134.0,,,,,,28.0,5.0,8.0,2.0,,,33.0,3.0,56.0,8.0,
237057,,,,,,,,497.0,,192.0,8.0,,,,,57.0,12.0,37.0,16.0,3.0,,54.0,,64.0,14.0,
237066,,,,,,,,516.0,,219.0,,,,,,47.0,28.0,23.0,36.0,4.0,,62.0,2.0,44.0,7.0,4.0
237109,,,,,,,,394.0,,169.0,,14.0,,,,11.0,28.0,17.0,10.0,,,28.0,4.0,65.0,6.0,
237118,,,,,,,,209.0,,72.0,,,,,,13.0,9.0,4.0,1.0,,,25.0,,78.0,,
237127,,,,,,,,2.0,,2.0,,,,,,,,,,,,,,0.0,,
237136,,,,,,,,55.0,,16.0,,,,,,6.0,2.0,2.0,,0.0,,,,19.0,4.0,
237145,,,,,,,,4.0,,3.0,,,,,,,,,,,,,,1.0,,
237172,,,,,,,,54.0,,20.0,,,,,,,,2.0,,20.0,,,,3.0,1.0,1.0
237181,,,,,,,,185.0,,60.0,,,,,,9.0,8.0,5.0,25.0,3.0,,30.0,0.0,18.0,16.0,2.0
237215,,,,,,,,209.0,,93.0,,,,,,31.0,5.0,6.0,13.0,1.0,,13.0,,32.0,8.0,
237242,,,,,,,,50.0,,13.0,,,,,,,,,,,,5.0,,4.0,,
237303,,,,,,,,12.0,,7.0,,,,,,1.0,0.0,,,,,,1.0,2.0,1.0,
237312,,,,,,,,379.0,,124.0,,,,,,38.0,5.0,15.0,40.0,,,70.0,4.0,35.0,,
237321,,,,,,,,13.0,,9.0,,,,,,2.0,,,,,,,,2.0,,
237330,,,,,,,,297.0,,144.0,,,,,,21.0,9.0,10.0,25.0,,,13.0,,57.0,14.0,
237358,,,,,,,,232.0,,63.0,,,,,,15.0,6.0,6.0,26.0,3.0,,44.0,9.0,28.0,12.0,
237367,,,,,,,,486.0,,204.0,,,,,,70.0,18.0,23.0,40.0,3.0,,37.0,,62.0,11.0,
237385,,,,,,,,220.0,,81.0,,,,,,36.0,11.0,7.0,24.0,2.0,,23.0,,19.0,10.0,2.0
237437,,,,,,,,41.0,,20.0,,,,,,2.0,2.0,1.0,,,,3.0,1.0,4.0,,
237473,,,,,,,,18.0,,13.0,,,,,,1.0,,,,,,3.0,,,,
237491,,,,,,,,22.0,,15.0,,,,,,2.0,,,,,,2.0,,2.0,,
237525,,,,,,,,1795.0,,868.0,,1.0,,,,194.0,40.0,71.0,106.0,,,130.0,,215.0,63.0,3.0
237543,,,,,,,,24.0,,14.0,,,,,,1.0,,,,,,3.0,,2.0,,
237552,,,,,,,,37.0,,12.0,,,,,,2.0,3.0,1.0,,,,16.0,2.0,1.0,,
237561,,,,,,,,36.0,,21.0,,,,,,4.0,2.0,,,,,3.0,,4.0,,
237570,,,,,,,,20.0,,11.0,,,,,,1.0,,,1.0,,,2.0,,5.0,,
237598,,,,,,,,35.0,,10.0,,,,,,3.0,2.0,1.0,1.0,1.0,,8.0,1.0,1.0,,
237604,,,,,,,,25.0,,16.0,,,,,,3.0,1.0,1.0,,,,,,4.0,,
237613,,,,,,,,14.0,,6.0,,,,,,4.0,,,,,,1.0,,3.0,,
237640,,,,,,,,112.0,,43.0,,,,,,8.0,3.0,2.0,13.0,,,4.0,6.0,7.0,,
237686,,,,,,,,269.0,,142.0,,,,,,29.0,3.0,4.0,7.0,,,23.0,1.0,38.0,8.0,1.0
237701,,,,,,,,176.0,,59.0,,,,,,16.0,1.0,4.0,11.0,2.0,,45.0,,18.0,12.0,1.0
237729,,,,,,,,11.0,,9.0,,,,,,1.0,,,,,,,,,,
237783,,,,,,,,125.0,,29.0,,,,,,11.0,6.0,3.0,21.0,2.0,,21.0,17.0,8.0,,
237792,,,,,,,,503.0,,196.0,,1.0,,,,56.0,22.0,15.0,27.0,5.0,,79.0,1.0,59.0,15.0,
237817,,,,,,,,210.0,,107.0,,,,,,21.0,10.0,8.0,11.0,,,3.0,,35.0,6.0,
237844,,,,,,,,34.0,,17.0,,,,,,,,1.0,,5.0,,8.0,,2.0,,1.0
237880,,,,,,,,267.0,,66.0,,,,,,32.0,13.0,23.0,19.0,1.0,,28.0,,68.0,9.0,
237899,,,,,,,,350.0,,140.0,,,,,,45.0,11.0,4.0,25.0,3.0,,43.0,,56.0,16.0,
237905,,,,,,,,8.0,,7.0,,,,,,1.0,,,,,,,,,,
237932,,,,,,,,332.0,,168.0,,,,,,36.0,5.0,2.0,45.0,3.0,,13.0,,39.0,9.0,
237950,,,,,,,,233.0,,85.0,,,,,,27.0,3.0,8.0,22.0,2.0,,41.0,,30.0,7.0,1.0
237969,,,,,,,,318.0,,110.0,,,,,,31.0,9.0,9.0,45.0,5.0,,40.0,2.0,27.0,15.0,2.0
237978,,,,,,,,23.0,,7.0,,,,,,4.0,3.0,,,,,,3.0,5.0,,
237987,,,,,,,,24.0,,9.0,,,,,,5.0,1.0,,,,,,7.0,1.0,,
237996,,,,,,,,35.0,,15.0,,,,,,5.0,2.0,0.0,,,,,7.0,4.0,,
238005,,,,,,,,8.0,,5.0,,,,,,,1.0,,,,,,,1.0,,
238014,,,,,,,,166.0,,79.0,,,,,,16.0,6.0,7.0,7.0,,,13.0,,22.0,4.0,
238032,,,,,,,,5916.0,,2053.0,60.0,164.0,,,,651.0,220.0,475.0,374.0,78.0,,641.0,6.0,730.0,321.0,42.0
238078,,,,,,,,290.0,,114.0,0.0,4.0,,,,20.0,24.0,10.0,20.0,4.0,,37.0,,24.0,,3.0
238096,,,,,,,,6.0,,5.0,,,,,,,,,,,,,1.0,,,
238166,,,,,,,,13.0,,6.0,,,,,,1.0,,,1.0,,,,,5.0,,
238175,,,,,,,,23.0,,11.0,,,,,,,1.0,,1.0,,,2.0,,7.0,,
238193,,,,,,,,403.0,,162.0,,,,,,61.0,16.0,21.0,34.0,2.0,,14.0,1.0,44.0,4.0,5.0
238263,,,,,,,,1408.0,,883.0,,,,,,80.0,25.0,46.0,22.0,,,71.0,,232.0,,
238324,,,,,,,,52.0,,18.0,,,,,,8.0,1.0,3.0,4.0,,,2.0,,6.0,1.0,
238333,,,,,,,,367.0,,123.0,,,,,,50.0,33.0,14.0,23.0,2.0,,43.0,,56.0,13.0,
238397,,,,,,,,370.0,,204.0,,,,,,39.0,20.0,12.0,7.0,,,,,51.0,7.0,1.0
238430,,,,,,,,430.0,,212.0,,,,,,62.0,10.0,13.0,12.0,4.0,,13.0,,93.0,,1.0
238458,,,,,,,,474.0,,211.0,,,,,,46.0,19.0,18.0,35.0,3.0,,50.0,,46.0,6.0,
238476,,,,,,,,437.0,,212.0,1.0,,,,,46.0,10.0,12.0,67.0,3.0,,31.0,5.0,25.0,8.0,2.0
238573,,,,,,,,31.0,,20.0,,,,,,3.0,1.0,,,,,,,2.0,,
238616,,,,,,,,757.0,,416.0,,,,,,84.0,23.0,12.0,36.0,5.0,,33.0,33.0,94.0,8.0,
238661,,,,,,,,442.0,,209.0,,,,,,35.0,21.0,19.0,47.0,3.0,,40.0,,32.0,,
238722,,,,,,,,962.0,,524.0,,,,,,93.0,24.0,73.0,13.0,,,30.0,,137.0,,6.0
238759,,,,,,,,591.0,,240.0,,,,,,47.0,24.0,45.0,61.0,2.0,,38.0,,89.0,8.0,2.0
238786,,,,,,,,12.0,,4.0,,,,,,1.0,1.0,,,,,,,5.0,1.0,
238810,,,,,,,,7.0,,5.0,,,,,,0.0,0.0,,,,,,,1.0,,
238892,,,,,,,,51.0,,22.0,,,,,,6.0,2.0,1.0,,,,,,18.0,,
238980,,,,,,,,366.0,,152.0,1.0,,,,,38.0,12.0,11.0,32.0,3.0,,46.0,26.0,21.0,7.0,2.0
239008,,,,,,,,301.0,,128.0,,,,,,47.0,10.0,15.0,12.0,2.0,,11.0,,59.0,,
239017,,,,,,,,459.0,,171.0,,,,,,39.0,27.0,23.0,39.0,1.0,,55.0,,53.0,13.0,1.0
239071,,,,,,,,142.0,,51.0,1.0,,,,,24.0,,5.0,7.0,1.0,,9.0,,18.0,6.0,0.0
239080,,,,,,,,310.0,,155.0,,,,,,25.0,19.0,7.0,31.0,2.0,,5.0,,35.0,,
239105,,,,,,,,2288.0,,812.0,30.0,17.0,,,,87.0,192.0,138.0,229.0,27.0,,302.0,3.0,301.0,55.0,10.0
239169,,,,,,,,4491.0,,1477.0,,,,,,359.0,515.0,499.0,6.0,523.0,,219.0,,858.0,20.0,
239220,,,,,,,,317.0,,167.0,,,,,,35.0,8.0,9.0,14.0,,,13.0,,44.0,,
239248,,,,,,,,1620.0,,778.0,,,,,,131.0,33.0,49.0,82.0,1.0,,156.0,27.0,190.0,9.0,10.0
239309,,,,,,,,137.0,,62.0,,,,,,23.0,5.0,4.0,2.0,,,8.0,,7.0,1.0,
239318,,,,,,,,421.0,,174.0,,,,,,42.0,24.0,34.0,28.0,2.0,,46.0,1.0,27.0,10.0,1.0
239372,,,,,,,,432.0,,191.0,,,,,,46.0,12.0,16.0,13.0,,,21.0,2.0,98.0,6.0,1.0
239390,,,,,,,,239.0,,102.0,,,,,,35.0,17.0,6.0,13.0,,,19.0,,27.0,2.0,
239424,,,,,,,,28.0,,10.0,,,,,,,1.0,,,,,,,9.0,4.0,
239442,,,,,,,,256.0,,86.0,,,,,,21.0,5.0,10.0,11.0,,,16.0,,30.0,3.0,1.0
239460,,,,,,,,381.0,,137.0,,,,,,32.0,43.0,12.0,20.0,,,17.0,3.0,54.0,5.0,
239488,,,,,,,,819.0,,363.0,,,,,,75.0,41.0,31.0,41.0,4.0,,6.0,13.0,179.0,15.0,2.0
239503,,,,,,,,43.0,,7.0,,,,,,6.0,5.0,1.0,3.0,,,6.0,,4.0,,
239512,,,,,,,,142.0,,49.0,,,,,,22.0,13.0,9.0,27.0,2.0,,2.0,,17.0,,
239628,,,,,,,,182.0,,74.0,,,,,,21.0,9.0,6.0,30.0,,,7.0,,18.0,2.0,
239637,,,,,,,,45.0,,13.0,,,,,,5.0,1.0,1.0,,,,5.0,2.0,6.0,,
239716,,,,,,,,570.0,,149.0,,,,,,63.0,46.0,18.0,50.0,6.0,,117.0,,65.0,14.0,4.0
239743,,,,,,,,98.0,,49.0,,,,,,6.0,5.0,3.0,6.0,,,1.0,7.0,6.0,,
239877,,,,,,,,7.0,,5.0,,,,,,1.0,1.0,,,,,,,0.0,,
239910,,,,,,,,191.0,,98.0,1.0,2.0,,,,22.0,6.0,11.0,,0.0,,29.0,5.0,14.0,,
239929,,,,,,,,86.0,,41.0,,,,,,6.0,2.0,2.0,24.0,,,,1.0,6.0,,
240055,,,,,,,,842.0,,433.0,,,,,,84.0,36.0,30.0,88.0,,,49.0,,63.0,22.0,
240107,,,,,,,,362.0,,179.0,,,,,,32.0,11.0,7.0,31.0,,,20.0,,41.0,6.0,
240116,,,,,,,,533.0,,293.0,,11.0,,,,43.0,14.0,25.0,28.0,5.0,,21.0,,72.0,9.0,
240125,,,,,,,,711.0,,419.0,,,,,,71.0,11.0,18.0,31.0,,,16.0,,96.0,14.0,
240170,,,,,,,,722.0,,403.0,1.0,,,,,65.0,3.0,8.0,3.0,,,16.0,2.0,201.0,1.0,
240189,,,,,,,,1175.0,,530.0,,,,,,69.0,56.0,55.0,131.0,7.0,,123.0,,129.0,38.0,8.0
240198,,,,,,,,594.0,,296.0,,,,,,63.0,8.0,19.0,27.0,4.0,,31.0,6.0,104.0,,
240213,,,,,,,,18.0,,12.0,,,,,,3.0,,0.0,,,,,,3.0,,
240240,,,,,,,,17.0,,6.0,,,,,,6.0,2.0,,,,,,1.0,1.0,,
240268,,,,,,,,1148.0,,503.0,3.0,,,,,75.0,52.0,81.0,112.0,7.0,,115.0,,126.0,32.0,11.0
240277,,,,,,,,617.0,,221.0,1.0,,,,,47.0,33.0,42.0,97.0,2.0,,60.0,1.0,68.0,11.0,7.0
240329,,,,,,,,1136.0,,523.0,,,,,,73.0,58.0,60.0,95.0,13.0,,127.0,,108.0,26.0,8.0
240338,,,,,,,,157.0,,68.0,,,,,,29.0,8.0,5.0,18.0,0.0,,3.0,9.0,10.0,,0.0
240365,,,,,,,,1270.0,,494.0,1.0,,,,,73.0,68.0,74.0,190.0,13.0,,110.0,2.0,159.0,34.0,11.0
240374,,,,,,,,462.0,,181.0,,,,,,42.0,33.0,23.0,51.0,3.0,,39.0,,58.0,12.0,6.0
240392,,,,,,,,402.0,,148.0,,,,,,19.0,22.0,17.0,,,,0.0,5.0,7.0,,
240417,,,,,,,,1037.0,,398.0,1.0,,,,,79.0,58.0,67.0,94.0,11.0,,120.0,,124.0,28.0,15.0
240426,,,,,,,,385.0,,139.0,2.0,,,,,35.0,19.0,30.0,48.0,2.0,,29.0,,48.0,10.0,7.0
240435,,,,,,,,260.0,,0.0,,,,,,73.0,86.0,70.0,10.0,,,,,21.0,,
240444,,,,,,,,14492.0,,3687.0,1153.0,,,,,626.0,1090.0,3016.0,1025.0,539.0,,1199.0,9.0,1179.0,427.0,176.0
240453,,,,,,,,3312.0,,1310.0,118.0,,,,,207.0,279.0,290.0,378.0,24.0,,223.0,3.0,318.0,63.0,28.0
240462,,,,,,,,928.0,,373.0,2.0,,,,,73.0,55.0,68.0,75.0,5.0,,105.0,,107.0,20.0,9.0
240471,,,,,,,,637.0,,271.0,,,,,,48.0,38.0,42.0,66.0,1.0,,49.0,,69.0,18.0,9.0
240480,,,,,,,,1104.0,,436.0,5.0,,,,,69.0,64.0,74.0,112.0,19.0,,118.0,,119.0,32.0,13.0
240505,,,,,,,,445.0,,212.0,,,,,,40.0,7.0,11.0,12.0,1.0,,63.0,,69.0,12.0,1.0
240514,,,,,,,,339.0,,148.0,1.0,7.0,,,,12.0,10.0,11.0,12.0,2.0,,40.0,,35.0,7.0,0.0
240596,,,,,,,,151.0,,59.0,,,,,,16.0,5.0,7.0,4.0,,,32.0,2.0,20.0,3.0,1.0
240620,,,,,,,,550.0,,185.0,,19.0,,,,25.0,19.0,20.0,46.0,,,60.0,,42.0,18.0,2.0
240657,,,,,,,,222.0,,100.0,,,,,,14.0,6.0,8.0,12.0,1.0,,22.0,0.0,31.0,11.0,1.0
240666,,,,,,,,356.0,,149.0,,,,,,30.0,17.0,16.0,24.0,2.0,,40.0,,27.0,1.0,0.0
240693,,,,,,,,340.0,,157.0,,,,,,29.0,1.0,6.0,18.0,,,35.0,4.0,64.0,5.0,3.0
240709,,,,,,,,19.0,,11.0,,,,,,2.0,2.0,,,,,,,2.0,,
240718,,,,,,,,129.0,,50.0,,,,,,14.0,18.0,4.0,,,,19.0,,21.0,,
240727,,,,,,,,2876.0,,761.0,179.0,86.0,,,,114.0,197.0,198.0,214.0,125.0,,236.0,17.0,316.0,129.0,72.0
240736,,,,,,,,299.0,,67.0,6.0,5.0,,,,18.0,27.0,33.0,9.0,,,25.0,,26.0,33.0,
240745,,,,,,,,249.0,,59.0,,8.0,,,,35.0,24.0,9.0,,2.0,,,2.0,48.0,8.0,2.0
240754,,,,,,,,662.0,,183.0,23.0,15.0,,,,32.0,27.0,61.0,52.0,5.0,,25.0,2.0,128.0,40.0,
240790,,,,,,,,160.0,,40.0,1.0,5.0,,,,22.0,,3.0,10.0,,,,1.0,59.0,1.0,
240879,,,,,,,,16.0,,1.0,,,,,,2.0,2.0,,,,,1.0,3.0,6.0,,
240985,,,,,,,,49.0,,11.0,,,,,,7.0,3.0,,1.0,,,,6.0,3.0,4.0,
241100,,,,,,,,86.0,,31.0,,,,,,19.0,5.0,5.0,1.0,,,,,21.0,,1.0
241128,,,,,,,,57.0,,32.0,,,,,,5.0,,2.0,1.0,,,,,16.0,,
241146,,,,,,,,100.0,,45.0,,,,,,8.0,4.0,,,,,4.0,17.0,19.0,2.0,1.0
241182,,,,,,,,58.0,,14.0,,,,,,3.0,1.0,,1.0,1.0,,16.0,8.0,1.0,3.0,
241191,,,,,,,,162.0,,70.0,,,,,,31.0,5.0,3.0,,1.0,,13.0,,30.0,6.0,
241216,,,,,,,,81.0,,31.0,,,,,,,,13.0,,,,2.0,,16.0,,
241225,,,,,,,,219.0,,82.0,,,,,,27.0,11.0,9.0,8.0,1.0,,12.0,5.0,34.0,1.0,2.0
241304,,,,,,,,134.0,,61.0,,,,,,26.0,1.0,3.0,9.0,,,,,9.0,2.0,
241331,,,,,,,,140.0,,46.0,,,,,,38.0,6.0,7.0,,,,,,28.0,10.0,1.0
241377,,,,,,,,253.0,,86.0,2.0,1.0,,,,39.0,12.0,19.0,13.0,2.0,,1.0,1.0,48.0,11.0,1.0
241386,,,,,,,,65.0,,38.0,,,,,,4.0,,1.0,3.0,1.0,,,1.0,6.0,4.0,
241395,,,,,,,,82.0,,35.0,,,,,,13.0,,6.0,1.0,,,4.0,1.0,16.0,1.0,1.0
241410,,,,,,,,855.0,,309.0,,10.0,,,,103.0,19.0,38.0,29.0,7.0,,67.0,5.0,196.0,28.0,5.0
241517,,,,,,,,100.0,,23.0,,,,,,24.0,19.0,,4.0,3.0,,4.0,4.0,14.0,1.0,2.0
241614,,,,,,,,40.0,,18.0,,,,,,4.0,3.0,,3.0,,,1.0,,4.0,1.0,
241720,,,,,,,,175.0,,60.0,,,,,,12.0,,7.0,4.0,,,21.0,,40.0,5.0,
241739,,,,,,,,869.0,,356.0,,,,,,124.0,1.0,22.0,2.0,2.0,,7.0,,297.0,9.0,1.0
241766,,,,,,,,143.0,,63.0,,,,,,15.0,6.0,,4.0,,,,,27.0,11.0,
241793,,,,,,,,30.0,,13.0,,,,,,4.0,1.0,0.0,0.0,,,,,4.0,4.0,
241836,,,,,,,,89.0,,18.0,,,,,,17.0,4.0,4.0,1.0,,,,6.0,16.0,5.0,
241906,,,,,,,,44.0,,23.0,,,,,,2.0,2.0,,,,,3.0,,12.0,2.0,
241951,,,,,,,,78.0,,34.0,1.0,,,,,9.0,3.0,1.0,2.0,,,6.0,,17.0,1.0,
242042,,,,,,,,62.0,,52.0,,,,,,1.0,,,,,,,,3.0,2.0,
242060,,,,,,,,450.0,,0.0,3.0,,,,,148.0,45.0,47.0,22.0,1.0,,1.0,,177.0,4.0,1.0
242112,,,,,,,,133.0,,45.0,,,,,,27.0,3.0,5.0,3.0,0.0,,12.0,5.0,29.0,,1.0
242121,,,,,,,,45.0,,18.0,,,,,,4.0,3.0,1.0,,,,1.0,,5.0,2.0,
242130,,,,,,,,45.0,,22.0,,,,,,1.0,,1.0,1.0,,,,3.0,10.0,2.0,
242149,,,,,,,,47.0,,22.0,,,,,,2.0,,1.0,1.0,,,,3.0,11.0,2.0,
242316,,,,,,,,16.0,,4.0,,,,,,1.0,2.0,,1.0,,,,,7.0,,
242413,,,,,,,,32.0,,9.0,,,,,,3.0,2.0,0.0,0.0,,,5.0,5.0,3.0,,
242422,,,,,,,,1059.0,,420.0,,,,,,147.0,28.0,17.0,120.0,,,14.0,101.0,128.0,63.0,1.0
242556,,,,,,,,81.0,,56.0,,,,,,11.0,1.0,,,,,4.0,,2.0,6.0,
242565,,,,,,,,71.0,,47.0,,,,,,1.0,,,,,,,,10.0,6.0,
242583,,,,,,,,74.0,,54.0,,,,,,0.0,,,,,,,,8.0,6.0,
242617,,,,,,,,464.0,,187.0,,5.0,,,,45.0,6.0,29.0,4.0,,,67.0,1.0,91.0,1.0,
242626,,,,,,,,311.0,,149.0,,3.0,,,,33.0,2.0,17.0,1.0,,,23.0,,54.0,,
242635,,,,,,,,301.0,,155.0,,5.0,,,,30.0,3.0,27.0,4.0,,,17.0,2.0,53.0,1.0,
242644,,,,,,,,151.0,,70.0,1.0,2.0,,,,19.0,,14.0,1.0,,,18.0,,24.0,,
242653,,,,,,,,670.0,,326.0,2.0,8.0,,,,64.0,8.0,15.0,7.0,1.0,,30.0,2.0,120.0,5.0,
242662,,,,,,,,356.0,,155.0,,5.0,,,,39.0,5.0,29.0,6.0,,,26.0,1.0,59.0,1.0,
242671,,,,,,,,241.0,,,,6.0,,,,68.0,39.0,17.0,7.0,,,12.0,2.0,82.0,5.0,1.0
242680,,,,,,,,165.0,,70.0,,5.0,,,,25.0,2.0,6.0,2.0,,,14.0,,34.0,2.0,
242699,,,,,,,,171.0,,90.0,,1.0,,,,17.0,2.0,9.0,2.0,,,16.0,,27.0,2.0,
242705,,,,,,,,319.0,,160.0,2.0,,,,,39.0,2.0,20.0,4.0,,,15.0,2.0,57.0,6.0,3.0
242723,,,,,,,,129.0,,44.0,,8.0,,,,18.0,2.0,1.0,2.0,,,17.0,,21.0,3.0,
242750,,,,,,,,15.0,,6.0,,,,,,1.0,0.0,,0.0,,,,1.0,1.0,1.0,
242820,,,,,,,,86.0,,19.0,,,,,,11.0,3.0,3.0,,,,8.0,10.0,26.0,,
242884,,,,,,,,321.0,,119.0,,,,,,15.0,10.0,4.0,4.0,,,51.0,,29.0,2.0,
242945,,,,,,,,30.0,,9.0,,,,,,6.0,,1.0,,,,3.0,1.0,7.0,,
242954,,,,,,,,6.0,,3.0,,,,,,1.0,,,,,,1.0,,1.0,,
242972,,,,,,,,403.0,,123.0,,,,,,60.0,11.0,6.0,37.0,1.0,,,50.0,75.0,12.0,
242981,,,,,,,,99.0,,41.0,,,,,,16.0,,2.0,5.0,1.0,,,8.0,18.0,5.0,
243072,,,,,,,,210.0,,110.0,,,,,,16.0,3.0,1.0,16.0,1.0,,,1.0,57.0,,
243081,,,,,,,,421.0,,155.0,118.0,,,,,11.0,10.0,7.0,1.0,12.0,,12.0,,48.0,7.0,
243106,,,,,,,,333.0,,125.0,,,,,,17.0,15.0,29.0,5.0,,,10.0,,81.0,34.0,3.0
243115,,,,,,,,486.0,,194.0,3.0,,,,,40.0,14.0,26.0,12.0,5.0,,22.0,,97.0,41.0,8.0
243133,,,,,,,,538.0,,221.0,,,,,,47.0,12.0,26.0,14.0,2.0,,58.0,,123.0,24.0,4.0
243142,,,,,,,,389.0,,137.0,3.0,,,,,33.0,17.0,30.0,8.0,3.0,,30.0,1.0,84.0,18.0,4.0
243151,,,,,,,,458.0,,110.0,5.0,,,,,55.0,22.0,33.0,6.0,6.0,,97.0,,40.0,21.0,9.0
243160,,,,,,,,558.0,,,21.0,,,,,102.0,58.0,73.0,9.0,7.0,,29.0,,190.0,53.0,9.0
243179,,,,,,,,579.0,,208.0,8.0,,,,,28.0,19.0,47.0,33.0,6.0,,62.0,,103.0,29.0,11.0
243188,,,,,,,,246.0,,72.0,,,,,,16.0,12.0,18.0,5.0,1.0,,24.0,,51.0,33.0,3.0
243197,,,,,,,,2599.0,,652.0,105.0,145.0,,,,110.0,81.0,125.0,40.0,18.0,,132.0,1.0,527.0,509.0,57.0
243203,,,,,,,,2196.0,,763.0,76.0,,,,,107.0,75.0,101.0,35.0,133.0,,127.0,,585.0,124.0,21.0
243212,,,,,,,,385.0,,130.0,,,,,,24.0,14.0,27.0,6.0,3.0,,23.0,,94.0,40.0,5.0
243221,,,,,,,,2758.0,,1104.0,29.0,10.0,,,,143.0,42.0,92.0,55.0,19.0,,162.0,1.0,527.0,311.0,54.0
243346,,,,,,,,818.0,,319.0,,,,,,123.0,,20.0,1.0,10.0,,1.0,,296.0,,
243407,,,,,,,,6.0,,2.0,,,,,,2.0,0.0,,,,,,,1.0,,
243443,,,,,,,,517.0,,192.0,3.0,,,,,43.0,10.0,22.0,27.0,3.0,,2.0,7.0,145.0,32.0,6.0
243498,,,,,,,,22.0,,8.0,,,,,,2.0,1.0,0.0,,,,,,4.0,3.0,
243568,,,,,,,,253.0,,44.0,11.0,7.0,,,,14.0,20.0,37.0,11.0,5.0,,7.0,,69.0,12.0,2.0
243577,,,,,,,,414.0,,179.0,,,,,,22.0,9.0,37.0,9.0,,,14.0,,93.0,12.0,2.0
243586,,,,,,,,100.0,,53.0,,,,,,10.0,,5.0,2.0,1.0,,3.0,3.0,15.0,4.0,
243601,,,,,,,,867.0,,348.0,,,,,,131.0,,16.0,2.0,2.0,,,,290.0,,
243638,,,,,,,,432.0,,135.0,9.0,4.0,,,,29.0,16.0,11.0,1.0,,,58.0,8.0,63.0,19.0,9.0
243647,,,,,,,,181.0,,44.0,7.0,2.0,,,,25.0,6.0,2.0,1.0,,,28.0,1.0,12.0,10.0,
243665,,,,,,,,595.0,,148.0,10.0,97.0,,,,57.0,95.0,8.0,1.0,3.0,,69.0,6.0,72.0,12.0,1.0
243744,,,,,,,,12879.0,,3201.0,1345.0,,,,,866.0,2027.0,1639.0,643.0,161.0,,563.0,,1810.0,305.0,
243780,,,,,,,,9801.0,,2011.0,389.0,147.0,,,,212.0,1266.0,1367.0,374.0,256.0,,1661.0,4.0,1267.0,440.0,79.0
243799,,,,,,,,12.0,,5.0,,,,,,3.0,,,1.0,0.0,,0.0,,2.0,,
243823,,,,,,,,202.0,,60.0,1.0,,,,,52.0,8.0,10.0,2.0,5.0,,,4.0,45.0,,
243832,,,,,,,,140.0,,30.0,,,,,,34.0,3.0,8.0,3.0,,,6.0,10.0,27.0,7.0,
243841,,,,,,,,87.0,,27.0,,,,,,15.0,2.0,5.0,2.0,,,,5.0,25.0,1.0,
244011,,,,,,,,54.0,,23.0,,,,,,7.0,2.0,1.0,,,,,,20.0,,
244154,,,,,,,,26.0,,11.0,,,,,,4.0,,1.0,,,,,,9.0,,
244190,,,,,,,,175.0,,55.0,,,,,,13.0,3.0,3.0,19.0,,,18.0,,38.0,5.0,
244233,,,,,,,,78.0,,37.0,,,,,,13.0,5.0,1.0,13.0,,,,,6.0,,
244279,,,,,,,,15.0,,7.0,,,,,,1.0,,,,,,,,4.0,0.0,
244437,,,,,,,,1554.0,,609.0,,,,,,186.0,17.0,100.0,29.0,26.0,,144.0,,219.0,37.0,
244446,,,,,,,,488.0,,251.0,,,,,,35.0,12.0,15.0,7.0,,,12.0,,39.0,22.0,
244491,,,,,,,,13.0,,5.0,,,,,,1.0,1.0,,,,,1.0,,3.0,,
244561,,,,,,,,25.0,,9.0,,,,,,8.0,,,,,,2.0,4.0,0.0,,
244613,,,,,,,,28.0,,10.0,,,,,,7.0,1.0,,,,,1.0,,1.0,,
245069,,,,,,,,11.0,,7.0,,,,,,,,,,,,,,1.0,,
245281,,,,,,,,8.0,,3.0,,,,,,2.0,1.0,,,,,,,,,
245290,,,,,,,,11.0,,5.0,,,,,,3.0,,,,,,,,3.0,,
245342,,,,,,,,70.0,,25.0,,,,,,4.0,8.0,,,,,2.0,4.0,1.0,,
245421,,,,,,,,10.0,,5.0,,,,,,,,,,,,,,4.0,,
245430,,,,,,,,16.0,,10.0,,,,,,1.0,,1.0,,,,,,,,
245625,,,,,,,,108.0,,60.0,1.0,3.0,,,,5.0,3.0,1.0,1.0,,,3.0,,12.0,,
245652,,,,,,,,153.0,,49.0,0.0,,,,,29.0,2.0,7.0,7.0,0.0,,26.0,5.0,24.0,,
245731,,,,,,,,6.0,,3.0,,,,,,1.0,,,,,,,,1.0,1.0,
245777,,,,,,,,5.0,,4.0,,,,,,0.0,,,,,,,,,1.0,
245838,,,,,,,,129.0,,81.0,,,,,,11.0,1.0,,,,,16.0,,19.0,,
245847,,,,,,,,59.0,,33.0,,,,,,9.0,,,,,,0.0,,15.0,,
245865,,,,,,,,113.0,,69.0,,,,,,13.0,1.0,1.0,1.0,,,4.0,,22.0,,
245883,,,,,,,,105.0,,63.0,,,,,,16.0,2.0,,,,,2.0,,20.0,,
245892,,,,,,,,46.0,,25.0,,,,,,12.0,,,,,,,,8.0,,
245953,,,,,,,,277.0,,158.0,,,,,,40.0,7.0,5.0,11.0,1.0,,4.0,,34.0,,
245962,,,,,,,,73.0,,51.0,,,,,,7.0,2.0,,,,,3.0,3.0,5.0,,
245980,,,,,,,,5.0,,4.0,,,,,,,,,,,,,,1.0,,
245999,,,,,,,,354.0,,35.0,,,,,,34.0,23.0,13.0,14.0,1.0,,30.0,,103.0,9.0,3.0
246008,,,,,,,,26.0,,12.0,,,,,,2.0,2.0,,,4.0,,1.0,3.0,2.0,,
246017,,,,,,,,176.0,,63.0,,,,,,18.0,3.0,3.0,2.0,,,17.0,,19.0,9.0,17.0
246035,,,,,,,,21.0,,9.0,,,,,,7.0,,,,,,,,0.0,,
246071,,,,,,,,11.0,,8.0,,,,,,1.0,1.0,,,,,,,1.0,,
246202,,,,,,,,34.0,,10.0,,,,,,5.0,1.0,0.0,6.0,,,,,,,
246266,,,,,,,,46.0,,20.0,,,,,,6.0,2.0,,10.0,,,1.0,,1.0,,
246345,,,,,,,,20.0,,10.0,,,,,,4.0,,,,,,,,0.0,,
246354,,,,,,,,490.0,,257.0,,,,,,10.0,12.0,14.0,9.0,,,32.0,,38.0,11.0,
246406,,,,,,,,5.0,,2.0,,,,,,,,,,,,,,,1.0,
246415,,,,,,,,7.0,,3.0,,,,,,2.0,,,,,,0.0,1.0,1.0,,
246594,,,,,,,,6.0,,4.0,,,,,,,,,,,,,,1.0,,
246789,,,,,,,,24.0,,7.0,,,,,,4.0,1.0,0.0,2.0,,,1.0,,1.0,3.0,0.0
246813,,,,,,,,384.0,,204.0,,5.0,,,,19.0,21.0,24.0,,,,22.0,,29.0,,0.0
246895,,,,,,,,77.0,,35.0,,,,,,3.0,1.0,2.0,3.0,,,4.0,,23.0,,
246974,,,,,,,,39.0,,13.0,,,,,,10.0,,,,,,2.0,,3.0,,
247010,,,,,,,,10.0,,5.0,,,,,,1.0,0.0,,,,,,,1.0,,
247047,,,,,,,,11.0,,5.0,,,,,,2.0,1.0,,,,,,1.0,2.0,,
247065,,,,,,,,69.0,,50.0,,,,,,1.0,2.0,1.0,,,,2.0,7.0,3.0,,
247083,,,,,,,,17.0,,,,,,,,11.0,2.0,,,,,,,4.0,,
247153,,,,,,,,20.0,,7.0,,,,,,2.0,,,,,,,,0.0,,
247162,,,,,,,,25.0,,10.0,,,,,,6.0,1.0,,,,,2.0,,5.0,,
247409,,,,,,,,19.0,,11.0,,,,,,3.0,,,,,,,,1.0,,
247603,,,,,,,,224.0,,100.0,,,,,,16.0,4.0,5.0,11.0,5.0,,,,58.0,11.0,
247649,,,,,,,,207.0,,78.0,3.0,,,,,33.0,9.0,14.0,2.0,1.0,,24.0,2.0,14.0,6.0,1.0
247700,,,,,,,,36.0,,15.0,,,,,,3.0,,,15.0,,,,,2.0,,
247737,,,,,,,,40.0,,,,,,,,18.0,4.0,2.0,,,,,,6.0,,
247773,,,,,,,,9.0,,5.0,,,,,,1.0,1.0,,,,,,,0.0,2.0,
247825,,,,,,,,12.0,,4.0,,,,,,1.0,1.0,,,,,,2.0,3.0,,
247834,,,,,,,,1473.0,,738.0,,,,,,76.0,31.0,59.0,56.0,,,50.0,9.0,183.0,29.0,2.0
247940,,,,,,,,310.0,,146.0,,,,,,26.0,9.0,5.0,22.0,,,19.0,,56.0,,
248165,,,,,,,,2.0,,1.0,,,,,,,0.0,,,,,,,0.0,,
248192,,,,,,,,2.0,,2.0,,,,,,,,,,,,,,,,
248305,,,,,,,,9.0,,6.0,,,,,,1.0,,,,,,,,2.0,,
248314,,,,,,,,4.0,,2.0,,,,,,,,,,,,,,,,
248527,,,,,,,,7.0,,3.0,,,,,,,,,,,,,,4.0,,
248606,,,,,,,,247.0,,14.0,,,,,,18.0,4.0,7.0,4.0,6.0,,22.0,,104.0,9.0,10.0
248624,,,,,,,,6.0,,4.0,,,,,,1.0,,,,,,,,1.0,,
248633,,,,,,,,6.0,,4.0,,,,,,1.0,,,,,,,,1.0,,
248660,,,,,,,,17.0,,8.0,,,,,,6.0,1.0,,,,,,2.0,,,
248703,,,,,,,,14.0,,7.0,,,,,,2.0,,,,,,,3.0,,,
248846,,,,,,,,34.0,,9.0,,,,,,6.0,2.0,,5.0,0.0,,,0.0,7.0,1.0,1.0
248882,,,,,,,,27.0,,12.0,,,,,,2.0,,,8.0,,,,,4.0,,
248925,,,,,,,,73.0,,45.0,,,,,,10.0,1.0,,,1.0,,2.0,,11.0,3.0,
248934,,,,,,,,1007.0,,496.0,2.0,,,,,103.0,9.0,38.0,6.0,,,11.0,1.0,63.0,,
249140,,,,,,,,25.0,,13.0,,,,,,4.0,,,,,,,,1.0,1.0,
249238,,,,,,,,38.0,,17.0,,,,,,10.0,3.0,,,,,,7.0,1.0,,
249566,,,,,,,,33.0,,19.0,,,,,,3.0,1.0,,,1.0,,,3.0,2.0,,
249609,,,,,,,,24.0,,14.0,,,,,,3.0,,0.0,,,,,,1.0,,
250027,,,,,,,,41.0,,24.0,,,,,,4.0,4.0,,,,,,3.0,5.0,1.0,
250072,,,,,,,,10.0,,3.0,,,,,,1.0,1.0,,,,,,2.0,,,
250285,,,,,,,,51.0,,24.0,,,,,,6.0,,,,,,,,21.0,,
250498,,,,,,,,6.0,,4.0,,,,,,,,,,,,,,,,
250601,,,,,,,,56.0,,27.0,,,,,,12.0,,,,,,1.0,,3.0,,
250744,,,,,,,,45.0,,19.0,,,,,,1.0,,,,,,,,1.0,,
250902,,,,,,,,5.0,,3.0,,,,,,2.0,,,,,,,,,,
250993,,,,,,,,59.0,,25.0,,,,,,3.0,,,,,,10.0,,8.0,,
251075,,,,,,,,18.0,,4.0,,,,,,5.0,1.0,,4.0,,,0.0,,,,
251251,,,,,,,,36.0,,17.0,,,,,,4.0,,1.0,,,,,,12.0,,
251260,,,,,,,,292.0,,151.0,,,,,,6.0,9.0,5.0,2.0,,,30.0,,83.0,,0.0
251312,,,,,,,,129.0,,60.0,,,,,,27.0,1.0,,,,,,,35.0,3.0,
260293,,,,,,,,88.0,,49.0,,,,,,11.0,1.0,,,,,,,25.0,1.0,
260336,,,,,,,,9.0,,3.0,,,,,,1.0,,,,,,,,2.0,1.0,
260354,,,,,,,,17.0,,8.0,,,,,,2.0,1.0,1.0,,,,1.0,3.0,1.0,,
260363,,,,,,,,4.0,,2.0,,,,,,1.0,,,,,,,,1.0,,
260372,,,,,,,,64.0,,27.0,,,,,,12.0,3.0,2.0,,,,,,1.0,5.0,
260381,,,,,,,,1019.0,,,,341.0,,,,70.0,121.0,122.0,167.0,,,16.0,,96.0,2.0,1.0
260664,,,,,,,,37.0,,19.0,,,,,,3.0,4.0,,,,,,8.0,,,
260691,,,,,,,,79.0,,48.0,,,,,,3.0,,,,,,,,28.0,,
260789,,,,,,,,57.0,,29.0,,,,,,4.0,,,,,,,7.0,11.0,,
260813,,,,,,,,42.0,,21.0,,,,,,5.0,4.0,2.0,,4.0,,,3.0,1.0,,
260901,,,,,,,,1966.0,,1049.0,,,,,,94.0,29.0,47.0,152.0,,,1.0,,12.0,,
260910,,,,,,,,35.0,,11.0,,,,,,5.0,1.0,1.0,11.0,,,,,1.0,,
260929,,,,,,,,15.0,,9.0,,,,,,1.0,,,,,,,1.0,4.0,,
260947,,,,,,,,6.0,,3.0,,,,,,,0.0,,,,,,,1.0,,
260956,,,,,,,,12.0,,4.0,,,,,,2.0,1.0,3.0,,,,,,1.0,,
260965,,,,,,,,8.0,,4.0,,,,,,,,,,,,,,4.0,,
260974,,,,,,,,34.0,,15.0,,,,,,4.0,,1.0,,,,,,13.0,,
261375,,,,,,,,446.0,,93.0,,,,,,36.0,33.0,19.0,3.0,,,17.0,,64.0,30.0,11.0
261384,,,,,,,,71.0,,14.0,,,,,,2.0,1.0,,2.0,,,8.0,,10.0,5.0,
261393,,,,,,,,73.0,,21.0,,,,,,2.0,1.0,,2.0,,,8.0,,9.0,1.0,1.0
261436,,,,,,,,185.0,,54.0,,,,,,28.0,26.0,2.0,,,,3.0,26.0,21.0,5.0,
261472,,,,,,,,59.0,,24.0,,,,,,8.0,2.0,1.0,1.0,,,,,21.0,,
261676,,,,,,,,15.0,,8.0,,,,,,1.0,,,,,,,,1.0,,
261685,,,,,,,,16.0,,8.0,,,,,,3.0,,,,,,,,1.0,,
261719,,,,,,,,15.0,,5.0,,,,,,1.0,,,,,,,,1.0,,
261773,,,,,,,,22.0,,9.0,,,,,,,,3.0,,4.0,,,,2.0,,
261861,,,,,,,,12.0,,5.0,,,,,,3.0,1.0,,,,,,2.0,,0.0,
261931,,,,,,,,30.0,,14.0,,,,,,4.0,,1.0,,,,,,3.0,,
262022,,,,,,,,20.0,,12.0,,,,,,,,,1.0,,,,,4.0,,
262031,,,,,,,,573.0,,197.0,,,,,,32.0,10.0,25.0,37.0,,,67.0,7.0,79.0,13.0,
262086,,,,,,,,737.0,,296.0,,,,,,158.0,39.0,25.0,7.0,,,,,19.0,,
262129,,,,,,,,279.0,,84.0,,,,,,47.0,5.0,23.0,6.0,,,35.0,,52.0,15.0,
262165,,,,,,,,14.0,,9.0,,,,,,,1.0,0.0,,,,0.0,,1.0,,
262235,,,,,,,,6.0,,3.0,,,,,,1.0,,,,,,,,2.0,,
262299,,,,,,,,7.0,,4.0,,,,,,1.0,,,,,,,,1.0,,
262332,,,,,,,,86.0,,34.0,,,,,,6.0,9.0,,,,,,25.0,3.0,,
262341,,,,,,,,77.0,,29.0,,,,,,6.0,5.0,1.0,3.0,,,,,14.0,2.0,
262369,,,,,,,,9.0,,5.0,,,,,,1.0,1.0,,,,,,,1.0,,
262402,,,,,,,,13.0,,7.0,,,,,,1.0,,,,,,,,5.0,,
262466,,,,,,,,17.0,,10.0,,,,,,1.0,1.0,1.0,1.0,,,,,1.0,,
262509,,,,,,,,35.0,,25.0,,,,,,,,,,,,,,3.0,,
262660,,,,,,,,6.0,,4.0,,,,,,1.0,,,,,,,,1.0,,
362700,,,,,,,,28.0,,15.0,,,,,,2.0,3.0,,,,,,4.0,2.0,,
362782,,,,,,,,18.0,,11.0,,,,,,3.0,3.0,,,,,,,1.0,,
363013,,,,,,,,12.0,,4.0,,,,,,3.0,,,,,,,,1.0,,
363077,,,,,,,,12.0,,10.0,,,,,,,,,,,,,,2.0,0.0,
363147,,,,,,,,8.0,,4.0,,,,,,2.0,,,,,,,,2.0,,
363165,,,,,,,,310.0,,69.0,,,,,,28.0,25.0,11.0,26.0,,,26.0,,47.0,7.0,22.0
363387,,,,,,,,97.0,,38.0,,,,,,16.0,2.0,1.0,,,,1.0,,39.0,,
363439,,,,,,,,34.0,,18.0,,,,,,3.0,,,,,,1.0,,1.0,,
363590,,,,,,,,36.0,,13.0,,,,,,6.0,2.0,1.0,,,,,,13.0,,
363633,,,,,,,,127.0,,30.0,,,,,,7.0,7.0,8.0,3.0,3.0,,9.0,2.0,21.0,17.0,2.0
363679,,,,,,,,14.0,,9.0,,,,,,,,,,,,,,6.0,,
363712,,,,,,,,4.0,,4.0,,,,,,,,,,,,,,,,
363721,,,,,,,,57.0,,35.0,,,,,,6.0,1.0,2.0,,,,,,6.0,,
363882,,,,,,,,5.0,,3.0,,,,,,1.0,,,,,,,,1.0,1.0,
363907,,,,,,,,99.0,,62.0,,,,,,4.0,,3.0,6.0,1.0,,,1.0,9.0,5.0,
363916,,,,,,,,68.0,,36.0,,,,,,3.0,,2.0,3.0,1.0,,,1.0,7.0,5.0,
363934,,,,,,,,123.0,,59.0,,,,,,16.0,5.0,7.0,3.0,,,2.0,,2.0,,
364016,,,,,,,,457.0,,248.0,,,,,,20.0,7.0,21.0,21.0,1.0,,14.0,,103.0,7.0,
364025,,,,,,,,567.0,,298.0,,,,,,23.0,12.0,18.0,26.0,1.0,,36.0,,106.0,10.0,
364122,,,,,,,,1.0,,1.0,,,,,,,,,,,,,,,,
364168,,,,,,,,57.0,,31.0,,,,,,2.0,2.0,3.0,,,,,9.0,3.0,2.0,
364326,,,,,,,,5.0,,1.0,,,,,,2.0,,,,,,,,,,
364335,,,,,,,,45.0,,19.0,,,,,,3.0,3.0,,,,,,8.0,2.0,,
364548,,,,,,,,217.0,,112.0,,,,,,16.0,5.0,7.0,,,,25.0,,24.0,,
364575,,,,,,,,28.0,,20.0,,,,,,2.0,1.0,,,,,,,2.0,3.0,
364584,,,,,,,,10.0,,6.0,,,,,,0.0,2.0,,,,,,,1.0,0.0,
364627,,,,,,,,96.0,,39.0,,,,,,14.0,4.0,2.0,3.0,3.0,,7.0,,10.0,9.0,
364636,,,,,,,,13.0,,10.0,,,,,,1.0,,,,,,,,1.0,,
364751,,,,,,,,11.0,,6.0,,,,,,1.0,1.0,,,,,,1.0,2.0,,
364760,,,,,,,,6.0,,3.0,,,,,,1.0,1.0,,,,,,,1.0,,
364812,,,,,,,,4.0,,2.0,,,,,,1.0,,,,,,0.0,1.0,,,
364946,,,,,,,,120.0,,33.0,,,,,,11.0,6.0,3.0,,,,19.0,1.0,16.0,14.0,11.0
364955,,,,,,,,42.0,,15.0,,,,,,4.0,1.0,,10.0,1.0,,1.0,,1.0,,
364964,,,,,,,,11.0,,7.0,,,,,,1.0,1.0,,0.0,,,,,1.0,,
364973,,,,,,,,46.0,,21.0,,,,,,3.0,6.0,,,,,,11.0,2.0,,
365055,,,,,,,,103.0,,53.0,,,,,,11.0,1.0,,,,,,,37.0,,
365073,,,,,,,,9.0,,6.0,,,,,,1.0,1.0,,,,,,,1.0,,
365091,,,,,,,,23.0,,9.0,,,,,,5.0,1.0,,,,,1.0,2.0,3.0,,
365125,,,,,,,,16.0,,8.0,,,,,,2.0,,,,,,,,5.0,,
365198,,,,,,,,86.0,,30.0,,,,,,12.0,2.0,3.0,1.0,0.0,,12.0,,17.0,,
365204,,,,,,,,276.0,,169.0,,,,,,37.0,15.0,5.0,,,,,,24.0,,
365213,,,,,,,,107.0,,32.0,,,,,,10.0,1.0,2.0,7.0,,,13.0,,14.0,,
365240,,,,,,,,15.0,,14.0,,,,,,,,,,,,,,1.0,,
365374,,,,,,,,238.0,,33.0,,,,,,22.0,5.0,8.0,4.0,,,29.0,,32.0,6.0,1.0
365383,,,,,,,,20.0,,13.0,,,,,,2.0,0.0,,,,,,,2.0,,2.0
365426,,,,,,,,151.0,,138.0,,,,,,,,,,,,,,11.0,,
365480,,,,,,,,130.0,,9.0,,,,,,13.0,10.0,5.0,7.0,,,27.0,,18.0,,7.0
365505,,,,,,,,49.0,,34.0,,,,,,2.0,1.0,,,1.0,,,,3.0,3.0,
365569,,,,,,,,2.0,,1.0,,,,,,0.0,,,,,,,,1.0,,
365693,,,,,,,,19.0,,13.0,,,,,,3.0,,,,,,,1.0,2.0,,
365763,,,,,,,,4.0,,4.0,,,,,,,,,,,,,,,,
365824,,,,,,,,15.0,,6.0,,,,,,3.0,,,,,,,,1.0,,
365833,,,,,,,,20.0,,10.0,,,,,,3.0,,,,,,,,1.0,,
366003,,,,,,,,17.0,,10.0,,,,,,2.0,2.0,,,,,,,1.0,,
366155,,,,,,,,5.0,,2.0,,,,,,,,,,,,,,3.0,,
366191,,,,,,,,100.0,,41.0,,,,,,13.0,39.0,1.0,,,,,,2.0,4.0,
366252,,,,,,,,1078.0,,351.0,,,,,,73.0,54.0,57.0,51.0,14.0,,218.0,16.0,137.0,41.0,11.0
366261,,,,,,,,11.0,,6.0,,,,,,,,,,,,,,2.0,,
366270,,,,,,,,43.0,,24.0,,,,,,7.0,1.0,,,,,1.0,3.0,3.0,,
366289,,,,,,,,24.0,,8.0,,,,,,5.0,,,,,,,4.0,1.0,,
366340,,,,,,,,63.0,,13.0,1.0,,,,,4.0,7.0,1.0,4.0,,,,,2.0,5.0,1.0
366368,,,,,,,,35.0,,13.0,,,,,,5.0,3.0,1.0,1.0,,,5.0,,,,
366395,,,,,,,,1617.0,,754.0,,,,,,123.0,13.0,19.0,39.0,9.0,,164.0,,176.0,48.0,12.0
366401,,,,,,,,295.0,,200.0,,,,,,14.0,8.0,8.0,9.0,,,,,52.0,,
366438,,,,,,,,7.0,,6.0,,,,,,,,,,,,,,1.0,,
366465,,,,,,,,186.0,,87.0,,,,,,18.0,18.0,5.0,13.0,,,15.0,,27.0,,
366535,,,,,,,,53.0,,25.0,,,,,,10.0,2.0,1.0,,,,2.0,6.0,7.0,,
366544,,,,,,,,30.0,,10.0,,,,,,5.0,1.0,1.0,,,,,,10.0,1.0,
366553,,,,,,,,153.0,,64.0,,,,,,24.0,6.0,2.0,,,,9.0,,7.0,,
366571,,,,,,,,3.0,,2.0,,,,,,1.0,,,,,,,,0.0,,
366580,,,,,,,,47.0,,21.0,,,,,,7.0,2.0,1.0,,,,,,15.0,,
366605,,,,,,,,19.0,,8.0,,,,,,6.0,,,,0.0,,,,5.0,,
366623,,,,,,,,40.0,,19.0,,,,,,4.0,1.0,2.0,,,,,,2.0,4.0,
366632,,,,,,,,6.0,,4.0,,,,,,1.0,0.0,,,,,,,1.0,,
366650,,,,,,,,35.0,,14.0,,,,,,3.0,2.0,1.0,,,,,,14.0,,
366678,,,,,,,,47.0,,19.0,,,,,,7.0,2.0,1.0,,,,,,16.0,,
366696,,,,,,,,62.0,,21.0,,,,,,7.0,3.0,1.0,,,,,,28.0,,
366711,,,,,,,,1060.0,,422.0,,,,,,57.0,136.0,80.0,107.0,10.0,,19.0,,144.0,28.0,12.0
366748,,,,,,,,54.0,,25.0,,,,,,11.0,,,,,,0.0,,16.0,,
366793,,,,,,,,49146.0,,30081.0,,,,,,2.0,5545.0,3574.0,1.0,,,,,,,
366960,,,,,,,,40.0,,16.0,,,,,,5.0,,,7.0,,,1.0,,3.0,,
367024,,,,,,,,64.0,,19.0,,,,,,8.0,2.0,1.0,18.0,,,1.0,,1.0,,
367051,,,,,,,,9.0,,6.0,,,,,,1.0,1.0,,,,,,,,,
367088,,,,,,,,6.0,,4.0,,,,,,1.0,1.0,,,,,,,,,
367097,,,,,,,,10.0,,5.0,,,,,,1.0,1.0,,,,,,2.0,1.0,,
367103,,,,,,,,5.0,,1.0,,,,,,1.0,0.0,,,,,,2.0,,,
367112,,,,,,,,40.0,,21.0,,,,,,4.0,1.0,,,1.0,,0.0,6.0,6.0,,
367130,,,,,,,,8.0,,5.0,,,,,,1.0,,,,,,,,1.0,,
367158,,,,,,,,11.0,,3.0,,,,,,3.0,,,,,,,,1.0,,
367194,,,,,,,,116.0,,62.0,,,,,,10.0,5.0,7.0,9.0,,,5.0,7.0,2.0,1.0,
367334,,,,,,,,40.0,,13.0,,,,,,3.0,5.0,,,,,4.0,6.0,5.0,,
367361,,,,,,,,14.0,,2.0,,,,,,3.0,4.0,,,,,,2.0,3.0,,
367398,,,,,,,,22.0,,11.0,,,,,,5.0,1.0,,,,,,2.0,1.0,,
367431,,,,,,,,4.0,,3.0,,,,,,1.0,,,,,,,,,,
367459,,,,,,,,522.0,,252.0,,,,,,41.0,36.0,28.0,22.0,,,32.0,1.0,58.0,12.0,2.0
367662,,,,,,,,2.0,,2.0,,,,,,,,,,,,,,0.0,,
367839,,,,,,,,92.0,,17.0,,,,,,16.0,4.0,2.0,5.0,,,10.0,8.0,9.0,7.0,4.0
367875,,,,,,,,70.0,,44.0,,,,,,4.0,,,,,,7.0,,11.0,,
367884,,,,,,,,221.0,,97.0,,,,,,22.0,2.0,13.0,,,,,23.0,49.0,4.0,
367909,,,,,,,,35.0,,10.0,,,,,,8.0,1.0,,,,,,,15.0,,
367936,,,,,,,,130.0,,78.0,,,,,,14.0,,,,,,,,37.0,,
367954,,,,,,,,246.0,,120.0,,,,,,31.0,13.0,9.0,,,,,,62.0,6.0,
367972,,,,,,,,12.0,,7.0,,,,,,2.0,,,,,,,,3.0,,
367981,,,,,,,,8.0,,4.0,,,,,,3.0,,,,,,,,1.0,,
368036,,,,,,,,8.0,,4.0,,,,,,1.0,,0.0,,,,0.0,,2.0,,
368230,,,,,,,,11.0,,7.0,,,,,,2.0,,,,,,,,1.0,,
368364,,,,,,,,47.0,,20.0,,,,,,2.0,3.0,1.0,2.0,,,,1.0,5.0,3.0,2.0
368407,,,,,,,,9.0,,6.0,,,,,,1.0,,,,,,,,2.0,,
368443,,,,,,,,47.0,,24.0,,,,,,2.0,,,,,,1.0,,3.0,,
368452,,,,,,,,25.0,,9.0,,,,,,3.0,1.0,,1.0,,,,,1.0,,
368540,,,,,,,,3.0,,2.0,,,,,,1.0,,,,,,,,,,
368601,,,,,,,,65.0,,27.0,,,,,,9.0,3.0,1.0,,,,,,24.0,,
368629,,,,,,,,55.0,,35.0,,,,,,3.0,,,,,,,,16.0,,
368647,,,,,,,,8.0,,3.0,,,,,,2.0,,,,,,2.0,,1.0,,
368771,,,,,,,,20.0,,7.0,,,,,,6.0,,,,,,,,7.0,,
368780,,,,,,,,32.0,,8.0,3.0,,,,,,,,,,,1.0,5.0,15.0,,
368805,,,,,,,,34.0,,11.0,,,,,,8.0,1.0,1.0,,,,1.0,,10.0,,
368832,,,,,,,,9.0,,4.0,,,,,,3.0,,,,,,1.0,,1.0,,
368911,,,,,,,,176.0,,85.0,,1.0,,,,27.0,6.0,5.0,1.0,,,22.0,,7.0,,
369002,,,,,,,,50.0,,31.0,,,,,,2.0,,2.0,2.0,,,1.0,,5.0,,
369084,,,,,,,,56.0,,27.0,,,,,,6.0,2.0,1.0,,,,,,18.0,,
369109,,,,,,,,12.0,,6.0,,,,,,1.0,,,,,,1.0,,3.0,,
369400,,,,,,,,220.0,,102.0,,,,,,21.0,86.0,2.0,,,,,,2.0,7.0,
369419,,,,,,,,116.0,,87.0,,,,,,3.0,,,,,,12.0,,14.0,,
369446,,,,,,,,7.0,,3.0,,,,,,1.0,1.0,,,,,0.0,,1.0,,
369455,,,,,,,,8.0,,6.0,,,,,,,2.0,,,,,,,,,
369516,,,,,,,,32.0,,4.0,,,,,,10.0,5.0,,,,,,6.0,1.0,,
369659,,,,,,,,77.0,,28.0,0.0,,,,,20.0,,2.0,1.0,1.0,,,1.0,7.0,,
369668,,,,,,,,35.0,,21.0,,,,,,5.0,3.0,1.0,1.0,,,,,4.0,,
369686,,,,,,,,14.0,,8.0,,,,,,3.0,,,,,,,1.0,2.0,,
369695,,,,,,,,5.0,,4.0,,,,,,1.0,,,,,,,,,,
369783,,,,,,,,57.0,,16.0,,,,,,13.0,2.0,,,,,4.0,,5.0,,
369792,,,,,,,,2.0,,2.0,,,,,,,,,,,,,,,,
369862,,,,,,,,24.0,,11.0,,,,,,3.0,2.0,,,,,,5.0,1.0,,
369905,,,,,,,,66.0,,36.0,,,,,,5.0,,1.0,11.0,,,1.0,1.0,7.0,,
369950,,,,,,,,22.0,,12.0,,,,,,4.0,,,,,,0.0,1.0,2.0,2.0,
371034,,,,,,,,1.0,,1.0,,,,,,,,,,,,,,,,
371052,,,,,,,,32.0,,16.0,,,,,,5.0,1.0,,,,,,6.0,3.0,1.0,
371140,,,,,,,,3.0,,3.0,,,,,,,,,,,,,,,,
371265,,,,,,,,53.0,,18.0,,,,,,11.0,2.0,,,,,,,22.0,,
371690,,,,,,,,33.0,,21.0,,,,,,,1.0,1.0,,,,,,9.0,1.0,
371760,,,,,,,,99.0,,39.0,,,,,,14.0,1.0,1.0,,,,1.0,,43.0,,
371779,,,,,,,,80.0,,29.0,,,,,,12.0,1.0,1.0,,,,,,37.0,,
371830,,,,,,,,6.0,,3.0,,,,,,1.0,,,,,,,1.0,1.0,,
371928,,,,,,,,19.0,,7.0,,,,,,5.0,3.0,,,,,,1.0,1.0,,
371964,,,,,,,,22.0,,6.0,,,,,,5.0,2.0,1.0,,,,,,7.0,,
371982,,,,,,,,47.0,,16.0,,,,,,8.0,1.0,,,,,,,21.0,,
372000,,,,,,,,6.0,,4.0,,,,,,1.0,,,,,,0.0,1.0,,,
372028,,,,,,,,8.0,,3.0,,,,,,,,,,,,,,5.0,,
372037,,,,,,,,57.0,,20.0,,,,,,10.0,2.0,1.0,,,,,,24.0,,
372073,,,,,,,,59.0,,11.0,,,,,,12.0,8.0,1.0,3.0,,,,10.0,3.0,,
372082,,,,,,,,45.0,,17.0,,,,,,3.0,1.0,2.0,4.0,1.0,,1.0,,6.0,1.0,
372240,,,,,,,,4.0,,2.0,,,,,,,,,,,,,,2.0,,
372329,,,,,,,,103.0,,58.0,,,,,,,,,,,,4.0,9.0,16.0,,
372356,,,,,,,,12.0,,5.0,,,,,,1.0,,,,,,,2.0,3.0,,
372462,,,,,,,,13.0,,10.0,,,,,,2.0,,,,,,,,0.0,0.0,
372578,,,,,,,,58.0,,21.0,,,,,,7.0,2.0,1.0,,,,,,25.0,,
372718,,,,,,,,15.0,,6.0,,,,,,4.0,2.0,,,,,,,3.0,,
372772,,,,,,,,23.0,,15.0,,,,,,,,,,,,,,2.0,,
372921,,,,,,,,59.0,,36.0,,,,,,1.0,6.0,,,,,,9.0,,,
372958,,,,,,,,60.0,,26.0,,,,,,11.0,3.0,1.0,,,,,7.0,12.0,,
373058,,,,,,,,25.0,,8.0,,,,,,2.0,1.0,,,,,,2.0,1.0,,
373085,,,,,,,,31.0,,11.0,,,,,,8.0,1.0,,,,,,,10.0,,
373216,,,,,,,,10.0,,7.0,,,,,,1.0,,,,,,,,1.0,,
373456,,,,,,,,4.0,,3.0,,,,,,,0.0,,,,,,,1.0,,
373526,,,,,,,,46.0,,26.0,,,,,,3.0,4.0,,,,,,10.0,,,
373605,,,,,,,,6.0,,2.0,,,,,,1.0,1.0,,,,,,1.0,1.0,,
373678,,,,,,,,14.0,,7.0,,,,,,3.0,1.0,,,,,,,3.0,,
373696,,,,,,,,22.0,,14.0,,,,,,3.0,,,,,,0.0,,5.0,,
373711,,,,,,,,7.0,,5.0,,,,,,1.0,,,,,,,,1.0,,
373784,,,,,,,,70.0,,29.0,,,,,,13.0,,,,,,,14.0,11.0,1.0,
373890,,,,,,,,31.0,,22.0,,,,,,6.0,,0.0,,,,,,2.0,,
374024,,,,,,,,41.0,,28.0,,,,,,3.0,1.0,1.0,,,,1.0,,1.0,,
374316,,,,,,,,9.0,,5.0,,,,,,,,,,,,,,4.0,,
374343,,,,,,,,6.0,,3.0,,,,,,1.0,1.0,,,,,,,1.0,,
374440,,,,,,,,2.0,,2.0,,,,,,,,,,,,,,,,
374574,,,,,,,,54.0,,24.0,,,,,,16.0,,1.0,,,,1.0,,6.0,,1.0
374592,,,,,,,,5.0,,5.0,,,,,,,,,,,,,,,,
374875,,,,,,,,75.0,,40.0,,,,,,7.0,1.0,1.0,14.0,,,,,2.0,,
374927,,,,,,,,8.0,,6.0,,,,,,,,,,,,,,2.0,,
374972,,,,,,,,49.0,,21.0,,,,,,6.0,1.0,1.0,11.0,,,,,4.0,,
374990,,,,,,,,7.0,,4.0,,,,,,1.0,,,,,,,1.0,1.0,,
375106,,,,,,,,16.0,,8.0,,,,,,1.0,,,,,,1.0,2.0,3.0,1.0,
375230,,,,,,,,9.0,,6.0,,,,,,1.0,0.0,,,,,1.0,,0.0,,
375300,,,,,,,,28.0,,16.0,,,,,,4.0,2.0,,,,,,2.0,2.0,,
375319,,,,,,,,17.0,,8.0,,,,,,3.0,1.0,,,,,,1.0,3.0,,
375373,,,,,,,,38.0,,22.0,,,,,,6.0,1.0,2.0,1.0,,,1.0,,5.0,,
375407,,,,,,,,17.0,,11.0,,,,,,2.0,,,,,,,,3.0,,
375416,,,,,,,,72.0,,36.0,,,,,,10.0,4.0,1.0,,,,7.0,3.0,10.0,,
375489,,,,,,,,50.0,,19.0,,,,,,11.0,1.0,,,,,,,15.0,1.0,
375540,,,,,,,,8.0,,5.0,,,,,,1.0,1.0,,,,,,,1.0,,
375568,,,,,,,,10.0,,6.0,,,,,,1.0,1.0,,,,,,,1.0,,
375647,,,,,,,,17.0,,10.0,,,,,,3.0,,,,,,1.0,,3.0,,
375656,,,,,,,,24.0,,8.0,,,,,,,2.0,,,2.0,,,,2.0,2.0,
375683,,,,,,,,109.0,,42.0,,,,,,11.0,4.0,3.0,,7.0,,8.0,2.0,10.0,4.0,
375692,,,,,,,,21.0,,8.0,,,,,,1.0,,,,1.0,,,,3.0,3.0,
375708,,,,,,,,24.0,,12.0,,,,,,,,2.0,1.0,4.0,,1.0,,1.0,2.0,
375717,,,,,,,,26.0,,12.0,,,,,,3.0,,,,3.0,,,,4.0,2.0,
375726,,,,,,,,43.0,,17.0,,,,,,7.0,,,,2.0,,1.0,,10.0,2.0,
375735,,,,,,,,23.0,,13.0,,,,,,1.0,1.0,1.0,1.0,,,2.0,,2.0,1.0,
375744,,,,,,,,41.0,,19.0,,,,,,3.0,,1.0,,,,2.0,,8.0,5.0,
375753,,,,,,,,4.0,,2.0,,,,,,,,,,,,,,1.0,1.0,
375762,,,,,,,,15.0,,6.0,,,,,,1.0,1.0,,,,,2.0,,3.0,,
375841,,,,,,,,36.0,,15.0,,,,,,2.0,4.0,1.0,,,,,9.0,1.0,,
375939,,,,,,,,47.0,,30.0,,,,,,3.0,2.0,,,,,,,3.0,,
375966,,,,,,,,13.0,,8.0,,,,,,1.0,,,,,,,,2.0,,
375984,,,,,,,,24.0,,11.0,,,,,,5.0,,,,,,,,6.0,1.0,
376224,,,,,,,,89.0,,17.0,,,,,,24.0,16.0,1.0,2.0,2.0,,7.0,3.0,14.0,,
376242,,,,,,,,67.0,,27.0,,,,,,13.0,2.0,,,,,,,,4.0,2.0
376288,,,,,,,,13.0,,3.0,,,,,,3.0,2.0,0.0,,,,1.0,1.0,0.0,1.0,
376321,,,,,,,,98.0,,13.0,,,,,,23.0,1.0,3.0,2.0,,,,11.0,33.0,1.0,1.0
376330,,,,,,,,29.0,,16.0,,,,,,7.0,,,,,,,,5.0,,
376385,,,,,,,,96.0,,42.0,,,,,,11.0,1.0,1.0,3.0,1.0,,9.0,1.0,23.0,,
376446,,,,,,,,8.0,,5.0,,,,,,,,,,,,,,,,
376631,,,,,,,,4.0,,2.0,,,,,,2.0,,,,,,,,0.0,,
376668,,,,,,,,3.0,,1.0,,,,,,1.0,,,,,,,,,,
376677,,,,,,,,21.0,,15.0,,,,,,,,,,,,,4.0,2.0,,
376695,,,,,,,,186.0,,53.0,,,,,,31.0,7.0,11.0,11.0,8.0,,25.0,2.0,5.0,13.0,5.0
376950,,,,,,,,4.0,,1.0,,,,,,1.0,,,,,,,1.0,1.0,,
376987,,,,,,,,18.0,,11.0,,,,,,4.0,3.0,,,,,,,,,
377069,,,,,,,,47.0,,20.0,,,,,,6.0,1.0,1.0,,,,,,17.0,,
377111,,,,,,,,50.0,,25.0,,,,,,9.0,1.0,1.0,,,,3.0,3.0,7.0,,
377193,,,,,,,,4.0,,1.0,,,,,,1.0,,,,,,,1.0,1.0,,
377218,,,,,,,,26.0,,11.0,,,,,,2.0,1.0,,,,,,2.0,2.0,,
377272,,,,,,,,15.0,,4.0,,,,,,2.0,3.0,,,,,,3.0,1.0,2.0,
377281,,,,,,,,22.0,,6.0,,,,,,4.0,3.0,,,,,,3.0,3.0,3.0,
377315,,,,,,,,8.0,,4.0,,,,,,2.0,1.0,,,,,,,1.0,,
377342,,,,,,,,22.0,,5.0,,,,,,4.0,2.0,,,,,,,9.0,,
377449,,,,,,,,38.0,,16.0,,,,,,8.0,,,,,,,,13.0,,
377458,,,,,,,,31.0,,12.0,,,,,,7.0,,,,,,,,12.0,,
377485,,,,,,,,6.0,,4.0,,,,,,1.0,,,,,,,,1.0,,
377546,,,,,,,,17.0,,6.0,,,,,,2.0,1.0,1.0,,,,1.0,5.0,1.0,0.0,
377555,,,,,,,,528.0,,228.0,16.0,,,,,33.0,37.0,24.0,8.0,,,37.0,,53.0,12.0,
377564,,,,,,,,495.0,,242.0,13.0,,,,,32.0,33.0,17.0,7.0,2.0,,13.0,,51.0,13.0,1.0
377652,,,,,,,,20.0,,4.0,,,,,,2.0,,,,,,,3.0,2.0,0.0,
377661,,,,,,,,15.0,,5.0,,,,,,1.0,,,,,,,3.0,3.0,0.0,
377670,,,,,,,,11.0,,3.0,,,,,,1.0,,,,,,,2.0,2.0,,
377722,,,,,,,,60.0,,28.0,,,,,,10.0,5.0,,,,,1.0,,8.0,,
377759,,,,,,,,7.0,,3.0,,,,,,1.0,1.0,,,,,,1.0,0.0,,
378105,,,,,,,,19.0,,6.0,,,,,,5.0,1.0,,,,,,1.0,4.0,,
378406,,,,,,,,41.0,,14.0,,,,,,6.0,,1.0,,,,,,18.0,,
378576,,,,,,,,80.0,,30.0,,,,,,13.0,2.0,2.0,2.0,,,3.0,,26.0,,
378886,,,,,,,,11.0,,6.0,,,,,,2.0,1.0,,,,,,1.0,1.0,,
378956,,,,,,,,116.0,,36.0,,,,,,29.0,3.0,3.0,3.0,,,,11.0,12.0,4.0,
379029,,,,,,,,23.0,,12.0,,,,,,1.0,2.0,0.0,,,,,2.0,1.0,,
379135,,,,,,,,6.0,,2.0,,,,,,2.0,,,,,,,,2.0,,
379621,,,,,,,,7.0,,5.0,,,,,,1.0,,,,,,,,2.0,,
379746,,,,,,,,4.0,,1.0,,,,,,2.0,,,,,,,,1.0,,
379782,,,,,,,,20.0,,8.0,,,,,,5.0,1.0,,1.0,,,,1.0,3.0,,
380067,,,,,,,,11.0,,5.0,,,,,,2.0,,,,,,2.0,,2.0,,
380094,,,,,,,,34.0,,19.0,,,,,,5.0,2.0,1.0,,,,,2.0,3.0,,
380359,,,,,,,,61.0,,14.0,,,,,,20.0,3.0,4.0,4.0,,,0.0,,8.0,1.0,2.0
380368,,,,,,,,100.0,,45.0,,,,,,5.0,4.0,2.0,1.0,,,2.0,1.0,9.0,3.0,
380377,,,,,,,,172.0,,42.0,1.0,,,,,39.0,2.0,4.0,,,,13.0,,35.0,,
380401,,,,,,,,9.0,,4.0,,,,,,1.0,,,,,,,,,,
380438,,,,,,,,57.0,,36.0,,,,,,4.0,2.0,,,1.0,,,6.0,6.0,2.0,
380456,,,,,,,,16.0,,8.0,,,,,,1.0,,,,,,,4.0,2.0,0.0,
380465,,,,,,,,130.0,,99.0,,,,,,14.0,1.0,2.0,4.0,,,,1.0,10.0,,
380474,,,,,,,,35.0,,12.0,,,,,,8.0,2.0,,,,,,2.0,1.0,2.0,
381255,,,,,,,,12.0,,4.0,,,,,,1.0,,,,,,1.0,,,,
381282,,,,,,,,10.0,,5.0,,,,,,1.0,,,,,,1.0,,1.0,,
381325,,,,,,,,14.0,,7.0,,,,,,1.0,1.0,,,,,1.0,,1.0,,
381352,,,,,,,,30.0,,11.0,,,,,,2.0,1.0,0.0,,,,,1.0,4.0,,
381361,,,,,,,,17.0,,14.0,,,,,,1.0,,,,,,,,2.0,,
381370,,,,,,,,20.0,,13.0,,,,,,1.0,1.0,,,,,,2.0,1.0,,
381404,,,,,,,,17.0,,8.0,,,,,,2.0,,,,,,,2.0,,,
381459,,,,,,,,25.0,,7.0,,,,,,5.0,2.0,,,,,,,2.0,,
381486,,,,,,,,6.0,,4.0,,,,,,1.0,1.0,,,,,,,,,
381617,,,,,,,,62.0,,28.0,,,,,,12.0,1.0,0.0,,,,8.0,,5.0,,
381635,,,,,,,,9.0,,6.0,,,,,,1.0,,,,,,,,1.0,,
381644,,,,,,,,16.0,,7.0,,,,,,1.0,3.0,,,,,,2.0,1.0,,
381732,,,,,,,,24.0,,7.0,,,,,,3.0,2.0,,,2.0,,,2.0,5.0,,
381787,,,,,,,,31.0,,13.0,,,,,,8.0,,1.0,,,,,3.0,1.0,,
381866,,,,,,,,8.0,,3.0,,,,,,1.0,1.0,,,,,,,1.0,,
381909,,,,,,,,60.0,,19.0,,,,,,8.0,2.0,1.0,,,,,,28.0,,
381945,,,,,,,,17.0,,6.0,,,,,,2.0,1.0,,,,,0.0,2.0,5.0,,
382063,,,,,,,,74.0,,47.0,,,,,,6.0,,,4.0,,,,10.0,6.0,,
382258,,,,,,,,19.0,,13.0,,,,,,1.0,1.0,1.0,,,,,,2.0,,
382267,,,,,,,,8.0,,5.0,,,,,,1.0,2.0,,,,,,,,,
382276,,,,,,,,45.0,,18.0,,,,,,11.0,1.0,1.0,,,,,3.0,11.0,,
382416,,,,,,,,11.0,,8.0,,,,,,1.0,0.0,,,,,,,2.0,,
382461,,,,,,,,4.0,,3.0,,,,,,,,,,,,,,1.0,,
382504,,,,,,,,49.0,,13.0,,,,,,4.0,,,,,,,24.0,6.0,1.0,
382771,,,,,,,,55.0,,28.0,,,,,,3.0,2.0,,,1.0,,,7.0,11.0,,
382780,,,,,,,,23.0,,11.0,,,,,,3.0,,1.0,,,,,2.0,2.0,,
382896,,,,,,,,32.0,,10.0,,,,,,6.0,1.0,,10.0,,,,,,,
382902,,,,,,,,11.0,,8.0,,,,,,2.0,,,,,,,,1.0,,
382957,,,,,,,,49.0,,30.0,,,,,,6.0,2.0,,,,,,7.0,3.0,,
383020,,,,,,,,10.0,,4.0,,,,,,2.0,,,,,,,,1.0,,
383084,,,,,,,,105.0,,43.0,,,,,,11.0,5.0,,,3.0,,,,10.0,13.0,1.0
383163,,,,,,,,24.0,,13.0,,,,,,2.0,3.0,,,,,2.0,,,,
383172,,,,,,,,7.0,,2.0,,,,,,1.0,2.0,,,,,,,2.0,,
383190,,,,,,,,266.0,,129.0,,,,,,13.0,8.0,8.0,30.0,,,14.0,,36.0,2.0,
383251,,,,,,,,7.0,,6.0,,,,,,1.0,,,,,,,,,,
383279,,,,,,,,20.0,,8.0,,,,,,2.0,,,,,,,1.0,7.0,2.0,
383297,,,,,,,,22.0,,17.0,,,,,,,,,,,,,,5.0,,
383312,,,,,,,,17.0,,10.0,,,,,,1.0,1.0,,0.0,,,,,3.0,,
383330,,,,,,,,26.0,,21.0,,,,,,1.0,,,0.0,,,,,3.0,,
383367,,,,,,,,84.0,,41.0,,,,,,6.0,,3.0,4.0,0.0,,11.0,,11.0,,
383400,,,,,,,,13.0,,9.0,,,,,,1.0,1.0,,,,,,,2.0,,
383464,,,,,,,,14.0,,9.0,,,,,,,,,,,,,,5.0,,
383507,,,,,,,,5.0,,3.0,,,,,,1.0,,,,,,,,1.0,,
383525,,,,,,,,14.0,,9.0,,,,,,1.0,1.0,,,1.0,,,,2.0,,
383765,,,,,,,,10.0,,6.0,,,,,,1.0,,,,,,,,1.0,,
383792,,,,,,,,8.0,,5.0,,,,,,2.0,,,,,,,,1.0,,
383899,,,,,,,,60.0,,31.0,,,,,,7.0,6.0,,,,,,8.0,,0.0,
383950,,,,,,,,35.0,,17.0,,,,,,8.0,,1.0,,,,0.0,2.0,5.0,,
383996,,,,,,,,69.0,,29.0,,,,,,3.0,10.0,2.0,2.0,,,3.0,,9.0,,
384254,,,,,,,,75.0,,25.0,,,,,,2.0,,3.0,,1.0,,8.0,,5.0,4.0,3.0
384306,,,,,,,,19.0,,7.0,,3.0,,,,4.0,,,,,,,,,,
384333,,,,,,,,444.0,,245.0,,,,,,22.0,7.0,13.0,22.0,,,19.0,,99.0,4.0,1.0
384342,,,,,,,,373.0,,162.0,,,,,,68.0,15.0,14.0,17.0,0.0,,14.0,,42.0,7.0,
384412,,,,,,,,21.0,,4.0,,,,,,3.0,2.0,1.0,1.0,,,,,,,
384421,,,,,,,,12.0,,5.0,,,,,,1.0,2.0,,,,,,,1.0,3.0,
385008,,,,,,,,44.0,,18.0,,,,,,3.0,3.0,1.0,,,,,7.0,3.0,,
385132,,,,,,,,13.0,,7.0,,,,,,2.0,2.0,,,,,,,2.0,,
385503,,,,,,,,49.0,,23.0,,,,,,4.0,5.0,1.0,,,,1.0,4.0,5.0,0.0,
385549,,,,,,,,15.0,,9.0,,,,,,1.0,,,,,,,1.0,4.0,,
385619,,,,,,,,283.0,,137.0,,,,,,39.0,15.0,,,,,,,88.0,,
386153,,,,,,,,23.0,,13.0,,,,,,4.0,2.0,,,,,,,4.0,,
386472,,,,,,,,49.0,,28.0,,,,,,3.0,,2.0,,,,,,5.0,,
387660,,,,,,,,4.0,,1.0,,,,,,2.0,,,,,,,,1.0,,
387819,,,,,,,,3.0,,3.0,,,,,,,,,,,,,,,,
387925,,,,,,,,17.0,,4.0,,,,,,2.0,2.0,,,,,,3.0,1.0,,
388043,,,,,,,,105.0,,36.0,,,,,,4.0,,,,,,,28.0,36.0,,
388520,,,,,,,,88.0,,22.0,,,,,,19.0,3.0,5.0,12.0,,,2.0,,17.0,,
388663,,,,,,,,13.0,,9.0,,,,,,1.0,1.0,,,,,1.0,,1.0,,
389727,,,,,,,,52.0,,26.0,,,,,,7.0,4.0,1.0,,,,1.0,7.0,5.0,,
389860,,,,,,,,55.0,,42.0,,,,,,6.0,,,,,,,,4.0,,
390701,,,,,,,,293.0,,242.0,,,,,,12.0,5.0,1.0,,,,,,32.0,,
390905,,,,,,,,51.0,,22.0,,,,,,2.0,2.0,3.0,1.0,7.0,,4.0,,3.0,1.0,
391005,,,,,,,,18.0,,9.0,,,,,,3.0,2.0,,,,,,,3.0,1.0,
391333,,,,,,,,8.0,,3.0,,,,,,0.0,,,,,,,,2.0,,
391546,,,,,,,,9.0,,4.0,,,,,,1.0,1.0,,,,,,,2.0,,
391564,,,,,,,,14.0,,11.0,,,,,,1.0,,,,,,,,1.0,,
391759,,,,,,,,2.0,,2.0,,,,,,,,,,,,,,,,
392257,,,,,,,,102.0,,52.0,,,,,,3.0,,,,,,,,1.0,,
392354,,,,,,,,10.0,,9.0,,,,,,1.0,,,,,,,,0.0,,
392415,,,,,,,,31.0,,11.0,,,,,,5.0,1.0,,,,,,5.0,8.0,,
392798,,,,,,,,5.0,,5.0,,,,,,,,,,,,,,,,
392840,,,,,,,,61.0,,29.0,,,,,,10.0,2.0,3.0,1.0,,,5.0,,4.0,,
393180,,,,,,,,35.0,,12.0,,,,,,3.0,2.0,1.0,2.0,,,,,9.0,1.0,1.0
393524,,,,,,,,10.0,,5.0,,,,,,1.0,1.0,,,,,1.0,,2.0,,
393649,,,,,,,,123.0,,34.0,,,,,,3.0,14.0,,,,,2.0,,,,
393861,,,,,,,,7.0,,3.0,,,,,,1.0,,,,,,,1.0,2.0,,
393977,,,,,,,,8.0,,4.0,,,,,,2.0,,,,,,,,2.0,,
395195,,,,,,,,96.0,,6.0,,,,,,9.0,1.0,5.0,8.0,,,0.0,,18.0,1.0,
395362,,,,,,,,141.0,,79.0,1.0,,,,,9.0,2.0,6.0,1.0,,,8.0,,33.0,,
395690,,,,,,,,32.0,,17.0,,,,,,2.0,2.0,,,,,1.0,,10.0,,
397270,,,,,,,,30.0,,15.0,,,,,,4.0,2.0,,5.0,,,,1.0,2.0,,
397942,,,,,,,,96.0,,29.0,,,,,,11.0,2.0,,,,,1.0,,8.0,,
398130,,,,,,,,60.0,,20.0,,,,,,7.0,3.0,1.0,1.0,,,1.0,6.0,4.0,,
398574,,,,,,,,95.0,,36.0,,,,,,13.0,4.0,1.0,,,,2.0,,38.0,,
399212,,,,,,,,374.0,,214.0,,,,,,14.0,12.0,8.0,26.0,,,24.0,,59.0,,
399869,,,,,,,,38.0,,14.0,,,,,,5.0,3.0,2.0,,,,1.0,,3.0,,1.0
399911,,,,,,,,186.0,,57.0,,,,,,31.0,6.0,11.0,20.0,1.0,,11.0,1.0,30.0,1.0,3.0
400080,,,,,,,,111.0,,49.0,,,,,,19.0,1.0,2.0,,,,,,36.0,4.0,
400187,,,,,,,,32.0,,13.0,,,,,,6.0,0.0,,,,,,2.0,5.0,,
401223,,,,,,,,16.0,,5.0,,,,,,3.0,2.0,1.0,,,,,,1.0,,
401250,,,,,,,,50.0,,25.0,,,,,,6.0,1.0,,,1.0,,,,10.0,,
401339,,,,,,,,17.0,,5.0,,,,,,2.0,,,,,,1.0,,9.0,,
401481,,,,,,,,5.0,,3.0,,,,,,1.0,,,,,,0.0,,1.0,,
401764,,,,,,,,12.0,,8.0,,,,,,,,,,,,0.0,,,,
402563,,,,,,,,29.0,,16.0,,,,,,5.0,,,,,,1.0,3.0,4.0,,
402615,,,,,,,,25.0,,17.0,,,,,,1.0,4.0,1.0,,,,,,1.0,,
402776,,,,,,,,21.0,,16.0,,,,,,,,,,,,,,4.0,,
402800,,,,,,,,24.0,,9.0,,,,,,3.0,3.0,,,,,2.0,,7.0,,
402828,,,,,,,,66.0,,27.0,,,,,,7.0,,1.0,5.0,,,3.0,,13.0,2.0,
403399,,,,,,,,3.0,,,,,,,,2.0,1.0,,,,,,,,,
403414,,,,,,,,4.0,,4.0,,,,,,,,,,,,,,,,
403469,,,,,,,,72.0,,33.0,,,,,,4.0,3.0,1.0,15.0,,,3.0,,9.0,,
403478,,,,,,,,72.0,,33.0,,,,,,2.0,2.0,1.0,15.0,,,6.0,3.0,7.0,1.0,
403487,,,,,,,,100.0,,49.0,,,,,,4.0,8.0,1.0,14.0,,,9.0,2.0,10.0,1.0,
404037,,,,,,,,3.0,,2.0,,,,,,,1.0,,,,,,,,,
404055,,,,,,,,33.0,,14.0,,,,,,3.0,,1.0,,,,,7.0,4.0,,
404073,,,,,,,,156.0,,74.0,,,,,,28.0,,,,,,8.0,,18.0,,
404082,,,,,,,,200.0,,95.0,,,,,,37.0,3.0,,,,,15.0,,18.0,,
404222,,,,,,,,74.0,,27.0,,12.0,,,,13.0,,1.0,,,,7.0,,8.0,,2.0
404338,,,,,,,,15.0,,2.0,,,,,,2.0,,1.0,,,,,3.0,1.0,,
404365,,,,,,,,30.0,,11.0,,,,,,2.0,3.0,,,,,0.0,3.0,1.0,,
404374,,,,,,,,28.0,,11.0,,,,,,2.0,0.0,,,,,,2.0,1.0,,
404383,,,,,,,,46.0,,23.0,,,,,,2.0,3.0,,,,,,3.0,1.0,,
404426,,,,,,,,207.0,,85.0,,,,,,19.0,16.0,16.0,5.0,,,9.0,,34.0,,
404480,,,,,,,,241.0,,,56.0,,,,,16.0,41.0,97.0,4.0,1.0,,6.0,,4.0,9.0,2.0
404499,,,,,,,,64.0,,31.0,,,,,,3.0,3.0,1.0,,,,,10.0,2.0,,
404505,,,,,,,,40.0,,18.0,,,,,,3.0,3.0,,,,,,6.0,3.0,,
404514,,,,,,,,48.0,,23.0,,,,,,3.0,2.0,1.0,,,,,8.0,1.0,,
404648,,,,,,,,99.0,,52.0,,,,,,21.0,,,,,,8.0,,5.0,,
404684,,,,,,,,72.0,,33.0,,,,,,5.0,1.0,,1.0,,,7.0,9.0,2.0,4.0,
404718,,,,,,,,5.0,,2.0,,,,,,1.0,,,,,,,,2.0,,
404806,,,,,,,,41.0,,17.0,,,,,,5.0,1.0,1.0,7.0,,,,,2.0,2.0,
404912,,,,,,,,61.0,,37.0,,,,,,3.0,,,,,,,,21.0,,
404994,,,,,,,,475.0,,137.0,,,,,,49.0,139.0,8.0,57.0,,,27.0,3.0,26.0,9.0,5.0
405012,,,,,,,,8.0,,5.0,,,,,,1.0,1.0,,,,,,,,,
405021,,,,,,,,7.0,,4.0,,,,,,1.0,1.0,,,,,,,,,
405058,,,,,,,,17.0,,6.0,,,,,,,3.0,,,,,,,2.0,6.0,
405076,,,,,,,,31.0,,10.0,,,,,,1.0,4.0,,15.0,,,,,1.0,,
405748,,,,,,,,15.0,,7.0,,,,,,3.0,,,,,,2.0,,2.0,,
405854,,,,,,,,14.0,,9.0,,,,,,1.0,1.0,,,,,2.0,,1.0,,
405872,,,,,,,,406.0,,140.0,,39.0,,,,21.0,9.0,16.0,19.0,2.0,,29.0,,87.0,,
405997,,,,,,,,128.0,,99.0,,,,,,12.0,1.0,,6.0,,,,,10.0,,
406024,,,,,,,,89.0,,55.0,,,,,,11.0,,1.0,,,,1.0,,18.0,,
406033,,,,,,,,108.0,,65.0,,,,,,9.0,,2.0,,,,1.0,,29.0,,
406149,,,,,,,,20.0,,11.0,,,,,,2.0,1.0,,,,,,,4.0,,
406194,,,,,,,,25.0,,11.0,,,,,,5.0,,,,,,,3.0,1.0,,
406200,,,,,,,,295.0,,79.0,3.0,,,,,37.0,19.0,13.0,,,,32.0,18.0,50.0,,11.0
406219,,,,,,,,8.0,,7.0,,,,,,1.0,,,,,,,,,,
406325,,,,,,,,26.0,,15.0,,,,,,6.0,,,,,,,,4.0,,
406361,,,,,,,,7.0,,3.0,,,,,,,,,,,,,,2.0,,
406413,,,,,,,,13.0,,5.0,,,,,,5.0,1.0,,,,,,,1.0,,
406422,,,,,,,,14.0,,10.0,,,,,,1.0,,,,,,,,2.0,,
406486,,,,,,,,17.0,,12.0,,,,,,1.0,,,,,,,,4.0,,
406495,,,,,,,,20.0,,7.0,,,,,,2.0,1.0,,,,,,,,,
406547,,,,,,,,46.0,,18.0,,,,,,10.0,3.0,1.0,8.0,,,,,4.0,,
407009,,,,,,,,587.0,,232.0,2.0,1.0,,,,62.0,47.0,47.0,52.0,1.0,,26.0,2.0,58.0,14.0,4.0
407054,,,,,,,,18.0,,11.0,,,,,,,,,,,,,,1.0,,
407063,,,,,,,,67.0,,33.0,,,,,,7.0,2.0,1.0,,,,,,22.0,,
407090,,,,,,,,30.0,,14.0,,,,,,2.0,3.0,,,,,,,7.0,1.0,
407142,,,,,,,,9.0,,5.0,,,,,,1.0,2.0,,,,,,,1.0,,
407151,,,,,,,,6.0,,4.0,,,,,,,,,,,,,,2.0,,
407179,,,,,,,,11.0,,6.0,,,,,,2.0,,,,,,,,2.0,,
407285,,,,,,,,17.0,,8.0,,,,,,3.0,,,,,,,,1.0,,
407319,,,,,,,,47.0,,24.0,,,,,,7.0,1.0,1.0,,,,,,13.0,,
407328,,,,,,,,18.0,,11.0,,,,,,1.0,,,,,,,,2.0,,
407355,,,,,,,,35.0,,13.0,,,,,,4.0,2.0,,,,,,5.0,11.0,,
407391,,,,,,,,14.0,,11.0,,,,,,,,,,,,,,3.0,0.0,
407407,,,,,,,,14.0,,10.0,,,,,,,,,,,,,,3.0,1.0,
407425,,,,,,,,13.0,,11.0,,,,,,,,,,,,,,2.0,0.0,
407434,,,,,,,,18.0,,10.0,,,,,,2.0,1.0,,,,,,,2.0,1.0,
407452,,,,,,,,31.0,,28.0,,,,,,1.0,,,,,,,,2.0,,
407461,,,,,,,,39.0,,30.0,,,,,,2.0,2.0,,0.0,,,,,3.0,,
407470,,,,,,,,13.0,,8.0,,,,,,2.0,,,,,,,,2.0,,
407489,,,,,,,,22.0,,13.0,,,,,,4.0,,,,,,,,2.0,,
407513,,,,,,,,35.0,,18.0,,,,,,6.0,,,,,,0.0,,4.0,,
407522,,,,,,,,5.0,,2.0,,,,,,,1.0,,,,,,,2.0,0.0,
407568,,,,,,,,13.0,,5.0,,,,,,3.0,1.0,,,,,,,3.0,0.0,
407577,,,,,,,,46.0,,22.0,,,,,,12.0,3.0,,,,,4.0,,3.0,,
407595,,,,,,,,21.0,,11.0,,,,,,5.0,1.0,,,,,,,4.0,,
407629,,,,,,,,491.0,,166.0,,,,,,47.0,5.0,15.0,17.0,1.0,,62.0,,79.0,9.0,
407683,,,,,,,,15.0,,8.0,,,,,,4.0,,,,,,1.0,1.0,1.0,,
407708,,,,,,,,38.0,,19.0,,,,,,3.0,,,,,,1.0,,1.0,,
407735,,,,,,,,7.0,,5.0,,,,,,1.0,,,,,,,,1.0,,
407832,,,,,,,,42.0,,24.0,,,,,,1.0,,,,,,1.0,,6.0,,
408039,,,,,,,,49.0,,20.0,,,,,,13.0,,,,,,,,14.0,0.0,
408066,,,,,,,,14.0,,7.0,,,,,,3.0,,,,,,,1.0,3.0,,
408163,,,,,,,,14.0,,9.0,,,,,,1.0,1.0,,,,,,,3.0,,
408312,,,,,,,,13.0,,8.0,,,,,,1.0,1.0,,,,,,1.0,1.0,,
408385,,,,,,,,38.0,,14.0,,,,,,2.0,5.0,,15.0,,,,,2.0,,
408394,,,,,,,,116.0,,50.0,,,,,,19.0,11.0,4.0,5.0,,,4.0,1.0,12.0,3.0,
408729,,,,,,,,17.0,,10.0,,,,,,2.0,1.0,,,,,,1.0,2.0,,
408844,,,,,,,,233.0,,91.0,,,,,,12.0,,,1.0,,,,,117.0,7.0,
408862,,,,,,,,32.0,,20.0,,,,,,6.0,2.0,1.0,,,,,,3.0,,
409032,,,,,,,,21.0,,12.0,,,,,,,2.0,,,,,,,4.0,3.0,
409069,,,,,,,,59.0,,27.0,,,,,,7.0,2.0,1.0,,,,,,21.0,,
409120,,,,,,,,20.0,,15.0,,,,,,2.0,1.0,,,,,,,2.0,,
409193,,,,,,,,35.0,,14.0,,,,,,2.0,1.0,1.0,1.0,,,11.0,,1.0,1.0,
409254,,,,,,,,141.0,,26.0,10.0,,,,,26.0,3.0,6.0,35.0,11.0,,,,19.0,,
409315,,,,,,,,1642.0,,698.0,,,,,,104.0,89.0,101.0,52.0,4.0,,105.0,,233.0,28.0,13.0
409379,,,,,,,,136.0,,,,,,,,28.0,3.0,12.0,6.0,,,,,34.0,,
409537,,,,,,,,10.0,,6.0,,,,,,2.0,,,,,,,,1.0,,
409591,,,,,,,,18.0,,9.0,,,,,,2.0,,,,,,1.0,,3.0,,
409616,,,,,,,,77.0,,33.0,,,,,,19.0,,,1.0,,,,,16.0,,
409670,,,,,,,,4.0,,3.0,,,,,,1.0,,,,,,,,,,
409698,,,,,,,,749.0,,268.0,,,,,,53.0,107.0,62.0,84.0,4.0,,13.0,,102.0,22.0,8.0
409874,,,,,,,,66.0,,24.0,,,,,,13.0,2.0,,,,,,,27.0,,
410070,,,,,,,,48.0,,34.0,,,,,,,,,,,,,,4.0,,
410256,,,,,,,,11.0,,7.0,,,,,,,,,,,,,,1.0,,
410283,,,,,,,,64.0,,14.0,,,,,,15.0,1.0,,,,,,,32.0,,
410496,,,,,,,,57.0,,29.0,,,,,,4.0,,1.0,14.0,,,0.0,1.0,4.0,,
410502,,,,,,,,140.0,,65.0,,,,,,17.0,0.0,,,,,,,56.0,,
410520,,,,,,,,30.0,,9.0,,,,,,6.0,,1.0,,,,,2.0,11.0,,
410788,,,,,,,,85.0,,16.0,,,,,,13.0,,1.0,,,,42.0,1.0,7.0,,
410797,,,,,,,,21.0,,5.0,,,,,,5.0,2.0,,1.0,,,,,4.0,,
410964,,,,,,,,5.0,,2.0,,,,,,1.0,1.0,,,,,,,0.0,,
411684,,,,,,,,19.0,,9.0,,,,,,5.0,,,,,,,,4.0,,
411754,,,,,,,,5.0,,4.0,,,,,,1.0,,,,,,,,,,
412003,,,,,,,,7.0,,3.0,,,,,,3.0,,,,,,,,0.0,,
412173,,,,,,,,55.0,,38.0,,,,,,7.0,1.0,,,,,,,8.0,,
412535,,,,,,,,6.0,,4.0,,,,,,0.0,0.0,,,,,,,1.0,,
412544,,,,,,,,10.0,,5.0,,,,,,2.0,1.0,,,,,,,2.0,,
412599,,,,,,,,68.0,,36.0,,,,,,10.0,3.0,1.0,,,,4.0,5.0,8.0,,
412650,,,,,,,,12.0,,8.0,,,,,,1.0,,,,,,,1.0,1.0,,
413176,,,,,,,,10.0,,5.0,,,,,,,1.0,,,,,,,3.0,,
413343,,,,,,,,4.0,,2.0,,,,,,1.0,,,,,,,,1.0,,
413413,,,,,,,,1983.0,,668.0,,,,,,169.0,598.0,148.0,274.0,,,,22.0,99.0,,
413617,,,,,,,,153.0,,39.0,,,,,,26.0,7.0,10.0,12.0,,,4.0,,30.0,3.0,
413626,,,,,,,,66.0,,19.0,,,,,,8.0,3.0,4.0,,,,,,27.0,4.0,
413644,,,,,,,,15.0,,7.0,,,,,,5.0,,,,,,,,3.0,,
413680,,,,,,,,40.0,,17.0,,,,,,6.0,,0.0,,,,2.0,5.0,6.0,,
413778,,,,,,,,24.0,,13.0,,,,,,3.0,,,,,,,,1.0,1.0,
413802,,,,,,,,41.0,,20.0,,,,,,,2.0,1.0,,,,1.0,,1.0,,1.0
413820,,,,,,,,6.0,,2.0,,,,,,2.0,1.0,,,,,,,1.0,,
413839,,,,,,,,40.0,,19.0,,,,,,4.0,,1.0,,,,,,15.0,,
413848,,,,,,,,35.0,,12.0,,,,,,7.0,2.0,1.0,,,,,,11.0,,
413857,,,,,,,,52.0,,23.0,,,,,,7.0,1.0,1.0,,,,,,19.0,,
413866,,,,,,,,27.0,,10.0,,,,,,2.0,,1.0,,,,,,13.0,,
413884,,,,,,,,54.0,,19.0,,,,,,7.0,2.0,1.0,,,,,,23.0,,
413945,,,,,,,,13.0,,7.0,,,,,,2.0,2.0,,,,,,,2.0,0.0,
413972,,,,,,,,8.0,,8.0,,,,,,,,,,,,,,,,
414054,,,,,,,,7.0,,4.0,,,,,,1.0,,,,,,,,1.0,,
414063,,,,,,,,17.0,,10.0,,,,,,,,,,,,,,,,
414124,,,,,,,,36.0,,19.0,,,,,,3.0,3.0,,1.0,,,2.0,2.0,3.0,2.0,
414160,,,,,,,,110.0,,54.0,,,,,,25.0,,,,,,7.0,,7.0,,
414452,,,,,,,,4.0,,3.0,,,,,,,,,,,,,,1.0,,
414461,,,,,,,,216.0,,94.0,,,,,,14.0,25.0,4.0,,2.0,,,,3.0,21.0,
414489,,,,,,,,7.0,,4.0,,,,,,,,,,,,,,3.0,,
414531,,,,,,,,28.0,,10.0,,,,,,6.0,,1.0,,,,,,10.0,,
414540,,,,,,,,52.0,,19.0,,,,,,5.0,,1.0,,,,4.0,6.0,17.0,,
414559,,,,,,,,6.0,,4.0,,,,,,,2.0,,,,,,,0.0,0.0,
414568,,,,,,,,67.0,,31.0,,,,,,6.0,2.0,1.0,,,,,,25.0,,
414586,,,,,,,,51.0,,20.0,,,,,,8.0,1.0,1.0,,,,,,20.0,,
414595,,,,,,,,79.0,,43.0,,,,,,,,,,,,,6.0,25.0,,
414708,,,,,,,,244.0,,165.0,,,,,,22.0,1.0,,,,,,,17.0,,
414823,,,,,,,,199.0,,74.0,,,,,,30.0,25.0,2.0,29.0,2.0,,9.0,,13.0,6.0,
414841,,,,,,,,28.0,,14.0,,,,,,4.0,1.0,1.0,,,,,,7.0,,
414869,,,,,,,,13.0,,9.0,,,,,,1.0,,,,,,,1.0,1.0,,
414911,,,,,,,,171.0,,81.0,,2.0,,,,28.0,3.0,7.0,7.0,,,11.0,,28.0,1.0,
414939,,,,,,,,25.0,,19.0,,,,,,,,,,,,,,7.0,,
414966,,,,,,,,35.0,,9.0,,,,,,8.0,3.0,,,,,2.0,,4.0,,
415039,,,,,,,,8.0,,5.0,,,,,,1.0,,,,,,,,1.0,,
415057,,,,,,,,27.0,,15.0,,,,,,4.0,2.0,,,,,,,3.0,,
415729,,,,,,,,4.0,,2.0,,,,,,1.0,,1.0,,,,,,0.0,,
415774,,,,,,,,90.0,,35.0,,,,,,9.0,4.0,1.0,,,,,,16.0,5.0,
415987,,,,,,,,28.0,,15.0,,,,,,4.0,2.0,,,,,,4.0,1.0,,
416458,,,,,,,,42.0,,14.0,,,,,,5.0,6.0,2.0,,,,2.0,3.0,2.0,4.0,
416670,,,,,,,,12.0,,8.0,,,,,,1.0,2.0,,,,,,,1.0,,
416801,,,,,,,,17666.0,,1185.0,684.0,9.0,,,,1358.0,1329.0,2192.0,328.0,4418.0,,3536.0,69.0,2133.0,322.0,93.0
416971,,,,,,,,4.0,,3.0,,,,,,,,,,,,,,1.0,,
416980,,,,,,,,5.0,,4.0,,,,,,,,,,,,,,1.0,,
417008,,,,,,,,19.0,,6.0,,,,,,5.0,1.0,,,,,,,7.0,,
417062,,,,,,,,7.0,,4.0,,,,,,,,,,,,,,3.0,,
417105,,,,,,,,56.0,,24.0,,,,,,3.0,,1.0,,,,17.0,,10.0,,
417123,,,,,,,,22.0,,9.0,,,,,,2.0,2.0,,,1.0,,2.0,,2.0,1.0,
417132,,,,,,,,29.0,,14.0,,,,,,2.0,,,,,,,,,,
417178,,,,,,,,10.0,,7.0,,,,,,2.0,,,,,,,,0.0,,
417187,,,,,,,,4.0,,4.0,,,,,,,,,,,,,,0.0,,
417248,,,,,,,,7.0,,3.0,,,,,,2.0,1.0,,,,,,,,1.0,
417257,,,,,,,,5.0,,5.0,,,,,,,,,,,,,,0.0,,
417275,,,,,,,,1.0,,1.0,,,,,,,,,,,,,,,,
417318,,,,,,,,13.0,,4.0,,,,,,1.0,,1.0,,,,1.0,,1.0,,
417327,,,,,,,,47.0,,18.0,,,,,,10.0,4.0,1.0,8.0,,,,,4.0,,
417345,,,,,,,,2.0,,1.0,,,,,,1.0,,,,,,,,,,
417381,,,,,,,,10.0,,5.0,,,,,,2.0,,,,,,,,1.0,,
417406,,,,,,,,11.0,,3.0,,,,,,2.0,2.0,,,,,,1.0,3.0,,
417442,,,,,,,,13.0,,8.0,,,,,,2.0,1.0,,,,,1.0,,1.0,1.0,
417503,,,,,,,,37.0,,18.0,,,,,,5.0,,,,,,,4.0,10.0,,
417549,,,,,,,,30.0,,11.0,,,,,,2.0,2.0,,,,,7.0,2.0,4.0,,
417600,,,,,,,,4.0,,3.0,,,,,,,,,,,,,,,,
417628,,,,,,,,19.0,,10.0,,,,,,1.0,,,,,,,,2.0,2.0,
417637,,,,,,,,28.0,,19.0,,,,,,5.0,,0.0,,,,,,3.0,,
417646,,,,,,,,18.0,,12.0,,,,,,,,,,,,,,6.0,,
417655,,,,,,,,7.0,,5.0,,,,,,1.0,,,,,,,,1.0,,
417673,,,,,,,,24.0,,1.0,,,,,,1.0,2.0,2.0,1.0,4.0,,4.0,,3.0,2.0,
417682,,,,,,,,11.0,,2.0,,,,,,3.0,1.0,,,,,2.0,,3.0,,
417716,,,,,,,,20.0,,11.0,,,,,,2.0,1.0,,,,,,1.0,4.0,,
417725,,,,,,,,11.0,,8.0,,,,,,,,,,,,,,3.0,,
417734,,,,,,,,31.0,,21.0,,,,,,5.0,1.0,,,,,,,2.0,,
417752,,,,,,,,13.0,,4.0,,,,,,2.0,,,,,,,,2.0,,
417789,,,,,,,,7.0,,4.0,,,,,,,2.0,,,,,,,1.0,,
417804,,,,,,,,14.0,,9.0,,,,,,1.0,1.0,,,,,,,3.0,,
417831,,,,,,,,6.0,,3.0,,,,,,,,,,,,,,2.0,,
417840,,,,,,,,23.0,,7.0,,,,,,8.0,1.0,1.0,,,,,1.0,4.0,,
417868,,,,,,,,80.0,,35.0,,,,,,4.0,8.0,,4.0,2.0,,13.0,,4.0,,
417886,,,,,,,,8.0,,6.0,,,,,,1.0,0.0,,,,,,,0.0,,
417901,,,,,,,,1.0,,,,,,,,,,,,1.0,,,,,,
417910,,,,,,,,27.0,,19.0,,,,,,,4.0,,,,,,,2.0,,
417947,,,,,,,,13.0,,6.0,,,,,,,,,,6.0,,,,,,
417983,,,,,,,,5.0,,3.0,,,,,,,,,,,,,,1.0,,
417992,,,,,,,,4.0,,2.0,,,,,,,,,,,,,,1.0,,
418001,,,,,,,,13.0,,7.0,,,,,,2.0,1.0,,,,,,,1.0,,
418010,,,,,,,,8.0,,6.0,,,,,,1.0,,,,,,,,1.0,,
418029,,,,,,,,4.0,,3.0,,,,,,,,,,,,,,1.0,,
418038,,,,,,,,20.0,,8.0,,,,,,2.0,2.0,1.0,2.0,1.0,,1.0,,2.0,,
418056,,,,,,,,10.0,,6.0,,,,,,2.0,1.0,,,,,,,1.0,,
418065,,,,,,,,24.0,,14.0,,,,,,2.0,,,,,,,,7.0,,
418083,,,,,,,,4.0,,3.0,,,,,,,1.0,,,,,,,,,
418126,,,,,,,,71.0,,37.0,,5.0,,,,2.0,2.0,1.0,,,,,4.0,4.0,,
418171,,,,,,,,6.0,,2.0,,,,,,2.0,,,,,,,,2.0,,
418199,,,,,,,,17.0,,10.0,,,,,,1.0,,,,,,,,2.0,,
418205,,,,,,,,61.0,,46.0,,,,,,8.0,,,,,,,,4.0,,
418223,,,,,,,,8.0,,7.0,,,,,,,,,,,,,,1.0,,
418250,,,,,,,,39.0,,26.0,,,,,,1.0,2.0,4.0,,1.0,,0.0,0.0,4.0,1.0,
418269,,,,,,,,10.0,,5.0,,,,,,1.0,1.0,,,,,,1.0,1.0,,
418278,,,,,,,,24.0,,19.0,,,,,,2.0,0.0,,,,,,0.0,2.0,,
418296,,,,,,,,93.0,,27.0,,,,,,7.0,2.0,,24.0,,,0.0,,12.0,2.0,11.0
418302,,,,,,,,112.0,,14.0,,,,,,7.0,9.0,3.0,4.0,0.0,,19.0,,21.0,0.0,
418320,,,,,,,,106.0,,50.0,,,,,,5.0,1.0,,,,,16.0,,10.0,,1.0
418339,,,,,,,,45.0,,18.0,,,,,,2.0,,1.0,2.0,,,10.0,,10.0,,2.0
418348,,,,,,,,71.0,,17.0,,,,,,4.0,1.0,3.0,,,,25.0,,7.0,7.0,
418357,,,,,,,,40.0,,12.0,,,,,,4.0,1.0,2.0,1.0,,,8.0,,8.0,,
418384,,,,,,,,5.0,,1.0,,,,,,1.0,1.0,,,,,,,1.0,,
418409,,,,,,,,49.0,,37.0,,,,,,7.0,,,,,,,,5.0,,
418427,,,,,,,,11.0,,8.0,,,,,,1.0,,,,,,,,2.0,,
418445,,,,,,,,3.0,,1.0,,,,,,1.0,,,,,,,,0.0,,
418454,,,,,,,,40.0,,19.0,,,,,,1.0,,,,,,,,9.0,7.0,
418481,,,,,,,,6.0,,4.0,,,,,,1.0,,,,,,,,1.0,,
418506,,,,,,,,8.0,,7.0,,,,,,,,,,,,,,1.0,,
418515,,,,,,,,13.0,,8.0,,,,,,2.0,1.0,,,,,,,2.0,,
418524,,,,,,,,8.0,,5.0,,,,,,1.0,,,,,,,,1.0,,
418533,,,,,,,,210.0,,133.0,,,,,,18.0,,,,,,27.0,,18.0,,
418542,,,,,,,,16.0,,7.0,,,,,,2.0,,,,,,,,2.0,3.0,
418560,,,,,,,,49.0,,32.0,,,,,,4.0,1.0,0.0,1.0,,,2.0,,7.0,,1.0
418588,,,,,,,,5.0,,3.0,,,,,,1.0,,,,,,,,1.0,,
418603,,,,,,,,6.0,,3.0,,,,,,1.0,,,,,,,,2.0,,
418612,,,,,,,,4.0,,2.0,,,,,,1.0,,,,,,,,1.0,,
418658,,,,,,,,41.0,,19.0,,,,,,9.0,,,,,,1.0,6.0,4.0,1.0,
418755,,,,,,,,8.0,,3.0,,,,,,1.0,,,,,,0.0,,3.0,,
418764,,,,,,,,17.0,,4.0,,,,,,1.0,1.0,,,,,1.0,1.0,5.0,2.0,
418773,,,,,,,,53.0,,53.0,,,,,,,,,,,,,,,,
418782,,,,,,,,22.0,,11.0,,,,,,2.0,,,,,,,,8.0,,
418870,,,,,,,,25.0,,14.0,,,,,,1.0,3.0,,,,,1.0,3.0,3.0,,
418889,,,,,,,,16.0,,4.0,,,,,,7.0,,1.0,,,,2.0,,2.0,,
418913,,,,,,,,3.0,,1.0,,,,,,,,,,,,,,1.0,1.0,
418968,,,,,,,,6.0,,4.0,,,,,,1.0,,,,,,,1.0,,,
419031,,,,,,,,5.0,,3.0,,,,,,1.0,0.0,,,,,,,0.0,,
419095,,,,,,,,9.0,,8.0,,,,,,,,,,,,,,1.0,,
419147,,,,,,,,3.0,,1.0,,,,,,,1.0,,,,,,,,,
419156,,,,,,,,9.0,,4.0,,,,,,2.0,1.0,,,,,,1.0,1.0,0.0,
419183,,,,,,,,11.0,,5.0,,,,,,1.0,2.0,,,,,,,1.0,,
419217,,,,,,,,31.0,,10.0,,,,,,2.0,,,,3.0,,12.0,,2.0,1.0,
419226,,,,,,,,85.0,,37.0,,,,,,7.0,4.0,1.0,,4.0,,3.0,,14.0,,
419235,,,,,,,,20.0,,10.0,,,,,,3.0,4.0,,,,,,,2.0,,
419244,,,,,,,,20.0,,4.0,,,,,,1.0,2.0,1.0,,,,,,12.0,,
419253,,,,,,,,22.0,,8.0,,,,,,3.0,1.0,0.0,5.0,,,,,3.0,,
419271,,,,,,,,2.0,,1.0,,,,,,,,,,,,,,1.0,,
419280,,,,,,,,2.0,,2.0,,,,,,,,,,,,,,,,
419314,,,,,,,,2.0,,1.0,,,,,,1.0,,,,,,,,,,
419332,,,,,,,,62.0,,27.0,,,,,,3.0,1.0,,,,,,,5.0,8.0,
419341,,,,,,,,12.0,,5.0,,,,,,2.0,1.0,,,,,1.0,,1.0,,
419411,,,,,,,,17.0,,7.0,,,,,,3.0,2.0,,,,,,1.0,2.0,,
419420,,,,,,,,37.0,,3.0,,,,,,2.0,2.0,,,,,3.0,,2.0,,
419457,,,,,,,,85.0,,50.0,,,,,,12.0,,,0.0,,,,,18.0,,
419484,,,,,,,,4.0,,2.0,,,,,,1.0,,,,,,,,1.0,,
419633,,,,,,,,8.0,,4.0,,,,,,2.0,1.0,,,,,,,1.0,,
419660,,,,,,,,29.0,,12.0,,,,,,6.0,,,,,,0.0,,11.0,,
419703,,,,,,,,70.0,,26.0,,,,,,5.0,,,,,,,,23.0,7.0,
419712,,,,,,,,24.0,,13.0,,,,,,1.0,,,,,,,,1.0,,
419721,,,,,,,,32.0,,10.0,,,,,,,,,,,,,,16.0,3.0,
420006,,,,,,,,44.0,,18.0,,,,,,8.0,1.0,,,,,,,17.0,,
420024,,,,,,,,30.0,,9.0,,,,,,8.0,,,,,,,,14.0,,
420042,,,,,,,,97.0,,79.0,,,,,,10.0,,,,,,,,8.0,,
420103,,,,,,,,19.0,,5.0,,,,,,5.0,1.0,,,,,,2.0,2.0,,
420130,,,,,,,,25.0,,16.0,,,,,,1.0,1.0,,,,,,2.0,2.0,,
420194,,,,,,,,18.0,,11.0,,,,,,4.0,3.0,,,,,,,,,
420200,,,,,,,,8.0,,4.0,,,,,,,,,,,,,,4.0,,
420246,,,,,,,,123.0,,39.0,,,,,,18.0,5.0,3.0,2.0,18.0,,5.0,,25.0,,
420255,,,,,,,,11.0,,5.0,,,,,,2.0,,,,,,1.0,,1.0,1.0,
420307,,,,,,,,275.0,,135.0,,,,,,33.0,9.0,2.0,,,,1.0,58.0,20.0,,
420316,,,,,,,,77.0,,44.0,,,,,,8.0,3.0,1.0,,,,1.0,11.0,8.0,,
420325,,,,,,,,4.0,,3.0,,,,,,,1.0,,,,,,,,,
420343,,,,,,,,49.0,,24.0,,,,,,15.0,,,,,,,,6.0,,
420370,,,,,,,,59.0,,13.0,,,,,,12.0,3.0,1.0,,,,,,30.0,,
420398,,,,,,,,660.0,,405.0,,,,,,8.0,9.0,25.0,10.0,,,17.0,,41.0,10.0,
420404,,,,,,,,37.0,,14.0,,,,,,6.0,1.0,1.0,,,,,,14.0,,
420431,,,,,,,,228.0,,97.0,,,,,,12.0,17.0,7.0,3.0,,,23.0,,46.0,,
420440,,,,,,,,120.0,,65.0,,,,,,14.0,6.0,2.0,4.0,,,4.0,,9.0,,
420459,,,,,,,,47.0,,18.0,,,,,,3.0,,1.0,2.0,,,10.0,,10.0,,2.0
420468,,,,,,,,29.0,,20.0,,,,,,3.0,0.0,,1.0,,,,,4.0,,
420495,,,,,,,,37.0,,14.0,,,,,,4.0,2.0,1.0,,,,,7.0,2.0,,
420501,,,,,,,,11.0,,3.0,,,,,,1.0,1.0,1.0,,,,,,1.0,,
420538,,,,,,,,131.0,,58.0,,,,,,16.0,1.0,4.0,2.0,,,10.0,,29.0,2.0,3.0
420556,,,,,,,,133.0,,59.0,,,,,,22.0,3.0,4.0,,,,9.0,,20.0,1.0,
420574,,,,,,,,423.0,,192.0,2.0,,,,,48.0,28.0,33.0,24.0,1.0,,8.0,1.0,35.0,23.0,6.0
420608,,,,,,,,8.0,,4.0,,,,,,,,,,,,1.0,1.0,3.0,,
420705,,,,,,,,9.0,,2.0,,,,,,3.0,1.0,0.0,,,,,,0.0,,
420723,,,,,,,,49.0,,20.0,1.0,,,,,6.0,4.0,2.0,1.0,,,2.0,1.0,3.0,1.0,
420802,,,,,,,,23.0,,,1.0,,,,,4.0,6.0,1.0,2.0,,,,,6.0,,
420866,,,,,,,,46.0,,28.0,,,,,,6.0,,,,,,,,8.0,,
420981,,,,,,,,39.0,,18.0,,,,,,7.0,1.0,2.0,,,,1.0,,7.0,,
421513,,,,,,,,21.0,,6.0,,,,,,5.0,,,,,,,,10.0,,
421540,,,,,,,,26.0,,11.0,,,,,,3.0,,,4.0,,,,,4.0,,2.0
421559,,,,,,,,18.0,,7.0,,,,,,1.0,,,1.0,,,2.0,2.0,,1.0,2.0
421586,,,,,,,,7.0,,2.0,,,,,,2.0,2.0,,,,,,,1.0,0.0,
421610,,,,,,,,5.0,,3.0,,,,,,2.0,,,,,,,,,,
421665,,,,,,,,3.0,,1.0,,,,,,,,,,,,,,,,
421708,,,,,,,,56.0,,17.0,,,,,,12.0,4.0,2.0,,,,1.0,7.0,4.0,,
421717,,,,,,,,6.0,,4.0,,,,,,1.0,0.0,,,,,,,1.0,,
421771,,,,,,,,6.0,,3.0,,,,,,,1.0,,,,,,1.0,1.0,,
421832,,,,,,,,91.0,,40.0,,,,,,4.0,8.0,,,,,2.0,7.0,25.0,,
421841,,,,,,,,45.0,,11.0,,,,,,11.0,3.0,2.0,4.0,,,2.0,,3.0,,
421878,,,,,,,,44.0,,15.0,10.0,,,,,7.0,1.0,1.0,,,,,2.0,4.0,1.0,
421896,,,,,,,,32.0,,10.0,,,,,,5.0,,,,,,,0.0,12.0,1.0,1.0
422190,,,,,,,,6.0,,2.0,,,,,,2.0,,,,,,,,2.0,,
422695,,,,,,,,23.0,,12.0,,0.0,,,,2.0,1.0,0.0,,,,2.0,2.0,2.0,,
422835,,,,,,,,29.0,,11.0,,,,,,6.0,1.0,,,,,,3.0,8.0,,
423120,,,,,,,,37.0,,10.0,,,,,,7.0,1.0,,,,,,2.0,15.0,1.0,
423397,,,,,,,,11.0,,1.0,,,,,,,1.0,1.0,2.0,,,,,2.0,1.0,
423643,,,,,,,,584.0,,268.0,19.0,,,,,20.0,7.0,15.0,16.0,20.0,,78.0,,137.0,,
423652,,,,,,,,47.0,,25.0,,,,,,9.0,,,,,,,,5.0,,
423980,,,,,,,,109.0,,48.0,,,,,,5.0,9.0,1.0,,,,7.0,25.0,3.0,,
425250,,,,,,,,13.0,,6.0,,,,,,2.0,1.0,,,,,,1.0,3.0,,
425889,,,,,,,,30.0,,9.0,,,,,,11.0,1.0,,,,,,,5.0,,
425986,,,,,,,,22.0,,10.0,,,,,,2.0,,1.0,,,,,,,,
426314,,,,,,,,637.0,,172.0,,,,,,86.0,232.0,,,,,1.0,,40.0,,
427025,,,,,,,,234.0,,75.0,,,,,,27.0,7.0,10.0,,,,,5.0,12.0,3.0,
427308,,,,,,,,16.0,,8.0,,,,,,3.0,,1.0,,,,0.0,,2.0,1.0,
427335,,,,,,,,2.0,,2.0,,,,,,,,,,,,,,,,
427663,,,,,,,,46.0,,14.0,,,,,,7.0,1.0,1.0,,,,,,21.0,,
427894,,,,,,,,9.0,,4.0,,,,,,1.0,4.0,,,,,,,,,
427919,,,,,,,,12.0,,4.0,,,,,,1.0,,,,,,,,1.0,,
427973,,,,,,,,39.0,,15.0,,,,,,3.0,,,,,,,,21.0,,
427982,,,,,,,,39.0,,17.0,,,,,,8.0,,,,,,,,14.0,,
427991,,,,,,,,107.0,,75.0,,,,,,3.0,,1.0,,,,5.0,,22.0,,
428000,,,,,,,,21.0,,,,,,,,3.0,3.0,2.0,1.0,,,,,8.0,3.0,
428019,,,,,,,,30.0,,12.0,,,,,,5.0,,1.0,,,,,,5.0,6.0,
428055,,,,,,,,31.0,,12.0,,,,,,2.0,1.0,,,,,2.0,,12.0,,
428073,,,,,,,,3.0,,2.0,,,,,,,1.0,,,,,,,,,
428125,,,,,,,,8.0,,3.0,,,,,,2.0,1.0,,,,,,,1.0,1.0,
428143,,,,,,,,22.0,,12.0,,,,,,3.0,1.0,,,,,1.0,1.0,3.0,,
428170,,,,,,,,306.0,,159.0,,,,,,35.0,15.0,,,,,0.0,,97.0,,
428259,,,,,,,,35.0,,25.0,,,,,,3.0,2.0,,,,,,2.0,1.0,,
428268,,,,,,,,51.0,,28.0,,,,,,6.0,,,,,,,,14.0,,
428286,,,,,,,,91.0,,44.0,,,,,,12.0,1.0,,,,,,,33.0,,
428295,,,,,,,,10.0,,6.0,,,,,,1.0,,,,,,,1.0,2.0,,
428329,,,,,,,,15.0,,7.0,,,,,,1.0,,1.0,,,,,2.0,4.0,,
428392,,,,,,,,132.0,,54.0,,,,,,13.0,1.0,5.0,1.0,,,3.0,,14.0,8.0,
428426,,,,,,,,105.0,,,,,,,,26.0,19.0,17.0,17.0,,,16.0,,8.0,,1.0
428444,,,,,,,,111.0,,51.0,,,,,,10.0,1.0,,,,,,,48.0,,
429012,,,,,,,,213.0,,109.0,,,,,,8.0,21.0,3.0,2.0,,,8.0,10.0,18.0,24.0,5.0
429085,,,,,,,,22.0,,11.0,,,,,,3.0,1.0,,,,,,,5.0,,
429094,,,,,,,,43.0,,20.0,,,,,,,5.0,1.0,1.0,,,5.0,4.0,,1.0,
429100,,,,,,,,12.0,,4.0,,,,,,5.0,1.0,,,,,,,1.0,,
429128,,,,,,,,32.0,,19.0,,,,,,1.0,3.0,,,,,,,,,
429599,,,,,,,,41.0,,15.0,,,,,,7.0,1.0,1.0,,,,,,15.0,,
430087,,,,,,,,65.0,,26.0,,,,,,3.0,10.0,2.0,,,,,12.0,5.0,,
430096,,,,,,,,29.0,,18.0,,,,,,5.0,,,,,,,,1.0,2.0,
430148,,,,,,,,60.0,,28.0,,,,,,10.0,,,,,,2.0,,20.0,,
430157,,,,,,,,15.0,,8.0,,,,,,3.0,1.0,,,,,,1.0,2.0,,
430166,,,,,,,,14.0,,6.0,,,,,,4.0,1.0,,,,,,1.0,2.0,,
430175,,,,,,,,39.0,,11.0,,,,,,4.0,9.0,,,,,,,15.0,,
430184,,,,,,,,107.0,,56.0,,,,,,11.0,,,,,,,15.0,16.0,,
430218,,,,,,,,10.0,,7.0,,,,,,1.0,,,,,,,,1.0,,
430227,,,,,,,,9.0,,6.0,,,,,,1.0,,,,,,,,1.0,,
430245,,,,,,,,49.0,,20.0,,,,,,1.0,5.0,,21.0,,,1.0,,1.0,,
430254,,,,,,,,9.0,,3.0,,,,,,2.0,1.0,,,,,,1.0,,,
430263,,,,,,,,50.0,,18.0,,,,,,7.0,1.0,1.0,,,,,,21.0,,
430306,,,,,,,,5.0,,,,,,,,2.0,1.0,,,,,,,,,
430342,,,,,,,,12.0,,6.0,,,,,,1.0,1.0,,,,,1.0,,1.0,,
430351,,,,,,,,27.0,,13.0,,,,,,2.0,,1.0,,,,,,10.0,,
430360,,,,,,,,20.0,,7.0,,,,,,4.0,,1.0,,,,,,7.0,,
430379,,,,,,,,48.0,,15.0,,,,,,7.0,2.0,1.0,,,,,,21.0,,
430388,,,,,,,,47.0,,23.0,,,,,,8.0,2.0,1.0,,,,,,11.0,,
430403,,,,,,,,9.0,,5.0,,,,,,2.0,,,,,,,1.0,1.0,,
430421,,,,,,,,25.0,,6.0,,,,,,6.0,,,,,,,,13.0,,
430485,,,,,,,,15.0,,5.0,,,,,,3.0,2.0,,1.0,,,0.0,3.0,,,
430564,,,,,,,,5.0,,2.0,,,,,,1.0,0.0,,,,,,,1.0,,
430582,,,,,,,,31.0,,10.0,,,,,,5.0,2.0,,,,,,,8.0,,
430591,,,,,,,,44.0,,26.0,1.0,,,,,7.0,1.0,0.0,0.0,,,,0.0,6.0,0.0,
430670,,,,,,,,140.0,,55.0,,,,,,25.0,2.0,,,2.0,,4.0,,11.0,24.0,
430704,,,,,,,,22.0,,11.0,,,,,,1.0,,,,0.0,,,1.0,6.0,1.0,
430795,,,,,,,,54.0,,29.0,,0.0,,,,2.0,1.0,,1.0,0.0,,6.0,,2.0,,
430810,,,,,,,,107.0,,60.0,,,,,,,4.0,3.0,4.0,,,9.0,1.0,9.0,4.0,
430883,,,,,,,,4.0,,3.0,,,,,,,,,,,,,,1.0,,
430908,,,,,,,,6.0,,4.0,,,,,,1.0,,,,,,,,1.0,,
430935,,,,,,,,50.0,,24.0,,,,,,10.0,,,,,,,,7.0,,
430971,,,,,,,,10.0,,8.0,,,,,,1.0,0.0,,,,,,,1.0,,
430980,,,,,,,,18.0,,3.0,,,,,,7.0,,,,,,,,8.0,,
431017,,,,,,,,71.0,,28.0,,,,,,11.0,4.0,1.0,1.0,,,,1.0,16.0,,
431026,,,,,,,,121.0,,37.0,,,,,,12.0,12.0,10.0,3.0,,,1.0,,1.0,6.0,
431071,,,,,,,,15.0,,2.0,,,,,,1.0,1.0,1.0,,,,0.0,,7.0,,
431099,,,,,,,,9.0,,7.0,,,,,,,,,,,,,,,0.0,
431105,,,,,,,,14.0,,9.0,,,,,,,,,,,,,,5.0,,
431123,,,,,,,,52.0,,23.0,,,,,,5.0,,,,,,5.0,,14.0,5.0,
431141,,,,,,,,202.0,,97.0,,,,,,22.0,12.0,5.0,,,,3.0,17.0,11.0,,
431169,,,,,,,,23.0,,14.0,,,,,,2.0,0.0,,,,,,,4.0,3.0,
431187,,,,,,,,18.0,,11.0,,,,,,1.0,2.0,,,1.0,,0.0,,0.0,2.0,
431196,,,,,,,,15.0,,8.0,,,,,,2.0,1.0,,,,,,,2.0,,
431202,,,,,,,,9.0,,3.0,,,,,,2.0,2.0,,,,,,,2.0,,
431266,,,,,,,,8.0,,7.0,,,,,,1.0,,,,,,,,0.0,,
431275,,,,,,,,8.0,,6.0,,,,,,,,,,,,,,1.0,,
431284,,,,,,,,5.0,,2.0,,,,,,,1.0,,,,,,,1.0,,
431309,,,,,,,,21.0,,11.0,,,,,,,1.0,1.0,,,,2.0,1.0,2.0,2.0,
431558,,,,,,,,38.0,,18.0,,,,,,2.0,,,,1.0,,,,11.0,4.0,
431594,,,,,,,,397.0,,1.0,,,,,,51.0,,,,38.0,,290.0,,17.0,,
431600,,,,,,,,17.0,,13.0,,,,,,1.0,1.0,,,,,,,2.0,,
431637,,,,,,,,84.0,,34.0,,,,,,10.0,9.0,,,,,,11.0,4.0,2.0,
431691,,,,,,,,28.0,,16.0,,,,,,2.0,,,,,,2.0,,4.0,,
431707,,,,,,,,7.0,,5.0,,,,,,2.0,,,,,,,,0.0,,
431716,,,,,,,,227.0,,148.0,,,,,,15.0,1.0,6.0,2.0,6.0,,44.0,,0.0,,
431770,,,,,,,,12.0,,5.0,,,,,,2.0,1.0,,,,,,,2.0,,
431877,,,,,,,,2.0,,1.0,,,,,,,,,,,,,,1.0,,
431886,,,,,,,,70.0,,21.0,,,,,,7.0,3.0,,8.0,,,1.0,,2.0,,
431929,,,,,,,,43.0,,18.0,,,,,,6.0,1.0,,2.0,,,,3.0,10.0,2.0,
431956,,,,,,,,9.0,,2.0,,,,,,3.0,1.0,,,,,,1.0,1.0,,
431965,,,,,,,,9.0,,5.0,,,,,,,,,,,,,,4.0,,
431983,,,,,,,,19.0,,5.0,,,,,,2.0,2.0,,,,,,,2.0,8.0,
432074,,,,,,,,27.0,,11.0,,,,,,2.0,,1.0,1.0,,,7.0,,4.0,,1.0
432117,,,,,,,,15.0,,10.0,,,,,,1.0,,,,,,,,1.0,,
432144,,,,,,,,100.0,,,,,,,,27.0,17.0,15.0,,,,2.0,,38.0,,
432223,,,,,,,,43.0,,31.0,,,,,,4.0,,,2.0,,,,,6.0,,
432241,,,,,,,,62.0,,49.0,,,,,,4.0,,,2.0,,,,1.0,6.0,,
432269,,,,,,,,12.0,,5.0,,,,,,1.0,,,,,,1.0,,1.0,,
432302,,,,,,,,19.0,,8.0,,,,,,3.0,,,4.0,,,,,1.0,,
432348,,,,,,,,45.0,,13.0,,,,,,2.0,,,,,,3.0,,14.0,,
432384,,,,,,,,52.0,,27.0,,,,,,5.0,,,,,,,7.0,6.0,1.0,
432524,,,,,,,,34.0,,13.0,,,,,,2.0,3.0,1.0,3.0,,,,3.0,2.0,1.0,
432533,,,,,,,,123.0,,56.0,,,,,,14.0,,,,,,2.0,,49.0,,
433004,,,,,,,,56.0,,31.0,1.0,,,,,7.0,1.0,2.0,1.0,,,3.0,2.0,0.0,,
433013,,,,,,,,69.0,,35.0,,,,,,4.0,,,,,,2.0,6.0,20.0,1.0,
433040,,,,,,,,7.0,,6.0,,,,,,1.0,,,,,,,,,,
433068,,,,,,,,40.0,,20.0,,,,,,,,,,6.0,,3.0,,2.0,9.0,
433101,,,,,,,,55.0,,28.0,,,,,,13.0,,1.0,,,,,,8.0,,
433138,,,,,,,,60.0,,42.0,,,,,,3.0,,,,,,,,6.0,,
433165,,,,,,,,1.0,,1.0,,,,,,,,,,,,,,,,
433174,,,,,,,,65.0,,35.0,,,,,,12.0,2.0,2.0,1.0,,,,,9.0,,
433217,,,,,,,,1.0,,1.0,,,,,,,,,,,,,,,,
433387,,,,,,,,2495.0,,1483.0,,,,,,83.0,85.0,126.0,61.0,,,,,54.0,,
433420,,,,,,,,53.0,,27.0,,,,,,5.0,4.0,,,,,,8.0,6.0,,
433466,,,,,,,,55.0,,13.0,,,,,,8.0,,,,,,,14.0,6.0,,
433536,,,,,,,,33.0,,19.0,,,,,,2.0,,1.0,,,,,,3.0,,
433563,,,,,,,,47.0,,24.0,,,,,,1.0,1.0,,,1.0,,3.0,,2.0,2.0,1.0
433660,,,,,,,,1337.0,,535.0,,,,,,77.0,98.0,70.0,208.0,12.0,,51.0,,138.0,32.0,
433970,,,,,,,,13.0,,9.0,,,,,,3.0,,,,,,,,0.0,1.0,
434016,,,,,,,,42.0,,9.0,,,,,,4.0,2.0,2.0,1.0,,,,,3.0,4.0,
434052,,,,,,,,64.0,,26.0,,,,,,7.0,2.0,1.0,,,,,,26.0,,
434061,,,,,,,,311.0,,170.0,,,,,,32.0,54.0,1.0,,,,2.0,,29.0,10.0,
434140,,,,,,,,56.0,,30.0,,,,,,3.0,,,,,,,,23.0,,
434159,,,,,,,,26.0,,15.0,,,,,,8.0,,,,,,,,1.0,,
434274,,,,,,,,8.0,,5.0,,,,,,1.0,2.0,,,,,,,,,
434283,,,,,,,,7.0,,4.0,,,,,,,,,,,,,,3.0,,
434308,,,,,,,,38.0,,15.0,,,,,,7.0,3.0,,,,,,5.0,4.0,,
434317,,,,,,,,92.0,,24.0,,,,,,22.0,9.0,2.0,5.0,,,3.0,12.0,12.0,,
434344,,,,,,,,25.0,,12.0,,,,,,4.0,1.0,,,,,,,4.0,,
434362,,,,,,,,5.0,,2.0,,,,,,1.0,,,,,,,,2.0,,
434380,,,,,,,,12.0,,6.0,,,,,,,,,,,,,,3.0,,
434414,,,,,,,,34.0,,3.0,,,,,,9.0,,2.0,0.0,,,,,18.0,,
434432,,,,,,,,6.0,,3.0,,,,,,1.0,0.0,,,,,,,0.0,,
434441,,,,,,,,33.0,,13.0,1.0,,,,,15.0,,,,,,,,4.0,,
434469,,,,,,,,31.0,,11.0,,,,,,5.0,,,,,,,,13.0,2.0,
434496,,,,,,,,6.0,,3.0,,,,,,,2.0,,,,,,,1.0,,
434502,,,,,,,,10.0,,6.0,,,,,,1.0,1.0,,,,,,1.0,1.0,,
434520,,,,,,,,32.0,,21.0,,,,,,3.0,,,,,,,,2.0,,
434539,,,,,,,,43.0,,19.0,,,,,,9.0,2.0,1.0,8.0,,,,,3.0,,
434548,,,,,,,,32.0,,16.0,,,,,,4.0,,1.0,,,,,,10.0,,
434557,,,,,,,,37.0,,11.0,,,,,,6.0,1.0,1.0,,,,,,17.0,,
434566,,,,,,,,28.0,,11.0,,,,,,4.0,1.0,1.0,,,,,,10.0,,
434575,,,,,,,,26.0,,10.0,,,,,,5.0,,1.0,,,,,,9.0,,
434584,,,,,,,,103.0,,22.0,,1.0,,,,18.0,6.0,2.0,2.0,,,10.0,,18.0,,3.0
434672,,,,,,,,1832.0,,746.0,,194.0,,,,68.0,86.0,68.0,73.0,3.0,,128.0,4.0,269.0,40.0,11.0
434690,,,,,,,,25.0,,10.0,,,,,,5.0,1.0,,,,,,6.0,3.0,,
434715,,,,,,,,146.0,,48.0,,,,,,15.0,5.0,8.0,,,,9.0,,11.0,4.0,
434751,,,,,,,,29.0,,6.0,4.0,,,,,3.0,4.0,1.0,,,,,,2.0,4.0,
434812,,,,,,,,32.0,,14.0,,,,,,3.0,,,,,,,,15.0,,
434821,,,,,,,,73.0,,42.0,,,,,,2.0,9.0,,,,,,8.0,6.0,1.0,
434830,,,,,,,,14.0,,6.0,,,,,,2.0,1.0,,1.0,,,0.0,1.0,2.0,,
434900,,,,,,,,68.0,,38.0,,,,,,6.0,1.0,1.0,,,,4.0,3.0,8.0,,
434937,,,,,,,,8.0,,4.0,,,,,,2.0,1.0,0.0,0.0,,,1.0,,0.0,,
434973,,,,,,,,71.0,,42.0,,,,,,3.0,,1.0,12.0,,,,1.0,12.0,,
435000,,,,,,,,1350.0,,474.0,1.0,,,,,204.0,124.0,112.0,20.0,158.0,,75.0,,152.0,8.0,4.0
436003,,,,,,,,14.0,,6.0,,,,,,1.0,,,,,,4.0,,0.0,,
436012,,,,,,,,40.0,,20.0,,,,,,3.0,2.0,,,,,,6.0,5.0,,
436021,,,,,,,,5.0,,2.0,,,,,,1.0,,,,,,,,2.0,,
436030,,,,,,,,12.0,,5.0,,,,,,2.0,1.0,,,,,,2.0,,,
436067,,,,,,,,6.0,,4.0,,,,,,,,,,,,,,2.0,,
436094,,,,,,,,51.0,,25.0,,,,,,10.0,,,,,,,,14.0,,
436100,,,,,,,,5.0,,4.0,,,,,,,1.0,,,,,,,,,
436182,,,,,,,,23.0,,10.0,,,,,,2.0,2.0,,,,,,,1.0,,
436191,,,,,,,,36.0,,14.0,,,,,,2.0,3.0,,,,,1.0,2.0,1.0,,
436261,,,,,,,,19.0,,9.0,,,,,,5.0,,,,,,,,4.0,,
436270,,,,,,,,18.0,,5.0,,,,,,5.0,1.0,,1.0,,,,1.0,2.0,1.0,
436304,,,,,,,,86.0,,48.0,,3.0,,,,13.0,11.0,,1.0,,,2.0,,5.0,1.0,
436429,,,,,,,,284.0,,92.0,,,,,,24.0,8.0,13.0,1.0,,,,47.0,25.0,9.0,
436438,,,,,,,,66.0,,37.0,,,,,,8.0,,,,,,,,20.0,,
436465,,,,,,,,31.0,,15.0,,,,,,2.0,1.0,1.0,1.0,,,2.0,1.0,2.0,2.0,
436483,,,,,,,,35.0,,16.0,,,,,,2.0,,,13.0,1.0,,,,3.0,,
436553,,,,,,,,16.0,,4.0,,,,,,2.0,1.0,,,,,,4.0,3.0,2.0,
436599,,,,,,,,11.0,,7.0,,,,,,1.0,,0.0,,,,0.0,,3.0,,
436614,,,,,,,,20.0,,9.0,,,,,,3.0,1.0,,0.0,,,1.0,,4.0,,
436632,,,,,,,,12.0,,5.0,,,,,,2.0,1.0,,,,,,1.0,1.0,,
436641,,,,,,,,11.0,,3.0,,,,,,1.0,,,,,,,2.0,5.0,,
436650,,,,,,,,22.0,,8.0,,,,,,3.0,,,,,,2.0,3.0,4.0,,
436702,,,,,,,,102.0,,41.0,,,,,,10.0,6.0,2.0,,,,2.0,8.0,20.0,1.0,
436775,,,,,,,,30.0,,13.0,,,,,,4.0,8.0,,1.0,,,,,4.0,,
437042,,,,,,,,45.0,,16.0,,,,,,7.0,1.0,1.0,,,,,,19.0,,
437051,,,,,,,,51.0,,20.0,,,,,,7.0,1.0,1.0,,,,,,20.0,,
437060,,,,,,,,27.0,,14.0,,,,,,1.0,1.0,,,,,,,1.0,,
437097,,,,,,,,59.0,,44.0,,,,,,4.0,1.0,1.0,,,,6.0,,3.0,,
437103,,,,,,,,573.0,,286.0,,,,,,58.0,96.0,7.0,5.0,,,30.0,,28.0,8.0,2.0
437219,,,,,,,,42.0,,15.0,,,,,,7.0,2.0,1.0,,,,,,16.0,,
437237,,,,,,,,24.0,,8.0,,,,,,7.0,3.0,,,,,1.0,1.0,4.0,,
437529,,,,,,,,19.0,,9.0,,,,,,3.0,0.0,,,,,1.0,1.0,4.0,,
437556,,,,,,,,80.0,,29.0,,,,,,17.0,6.0,2.0,5.0,,,,1.0,16.0,2.0,
437608,,,,,,,,14.0,,6.0,,,,,,3.0,,,,,,,,3.0,,
437635,,,,,,,,29.0,,13.0,,,,,,2.0,,,,,,,,1.0,,
437653,,,,,,,,23.0,,11.0,,,,,,3.0,2.0,,,,,,,8.0,,
437662,,,,,,,,230.0,,9.0,,,,,,71.0,9.0,,,,,5.0,,31.0,,
437705,,,,,,,,3.0,,1.0,,,,,,,,,,,,,1.0,,,
437732,,,,,,,,39.0,,20.0,,,,,,6.0,1.0,,,,,,,5.0,,
437750,,,,,,,,37.0,,29.0,,,,,,5.0,,,,,,,1.0,1.0,,
437769,,,,,,,,28.0,,13.0,,,,,,2.0,4.0,,,,,,2.0,7.0,,
437778,,,,,,,,29.0,,14.0,,,,,,2.0,,,,,,,4.0,8.0,,
437848,,,,,,,,56.0,,24.0,,,,,,13.0,,1.0,,,,1.0,7.0,1.0,,
437857,,,,,,,,17.0,,13.0,,,,,,,2.0,,,,,,,2.0,,
437884,,,,,,,,7.0,,3.0,,,,,,1.0,,,,,,,1.0,1.0,,
437936,,,,,,,,67.0,,31.0,,,,,,13.0,,,,,,3.0,,3.0,,
438151,,,,,,,,75.0,,43.0,,,,,,2.0,,,,,,,,3.0,,
438179,,,,,,,,52.0,,21.0,,,,,,8.0,3.0,1.0,,,,,6.0,9.0,,
438197,,,,,,,,32.0,,8.0,,,,,,7.0,3.0,,,,,,,14.0,,
438212,,,,,,,,276.0,,151.0,,,,,,29.0,15.0,,1.0,12.0,,1.0,35.0,28.0,,
438258,,,,,,,,55.0,,22.0,,,,,,16.0,,,,,,3.0,,2.0,,
438267,,,,,,,,36.0,,23.0,,,,,,5.0,,,,,,,,,,
438285,,,,,,,,32.0,,8.0,,,,,,7.0,2.0,,,,,,4.0,1.0,,
438294,,,,,,,,10.0,,4.0,,,,,,1.0,2.0,,,,,,,1.0,,
438337,,,,,,,,23.0,,14.0,,,,,,2.0,,,,,,2.0,2.0,3.0,,
438498,,,,,,,,470.0,,235.0,,20.0,,,,52.0,16.0,6.0,,,,,,57.0,,
438504,,,,,,,,138.0,,65.0,,,,,,12.0,52.0,1.0,,,,,,4.0,3.0,
438586,,,,,,,,68.0,,22.0,,,,,,3.0,7.0,3.0,,,,,13.0,6.0,,2.0
438601,,,,,,,,10.0,,4.0,,,,,,1.0,2.0,,,,,,,,,1.0
438647,,,,,,,,55.0,,20.0,,,,,,9.0,2.0,,,,,,,0.0,23.0,
438656,,,,,,,,38.0,,12.0,,,,,,8.0,1.0,,,,,,,17.0,,
438665,,,,,,,,146.0,,,,,,,,16.0,30.0,25.0,10.0,,,2.0,,49.0,,
438674,,,,,,,,5.0,,4.0,,,,,,,,,,,,,,1.0,,
438708,,,,,,,,61.0,,33.0,,,,,,8.0,2.0,2.0,3.0,,,1.0,,8.0,1.0,
438735,,,,,,,,24.0,,11.0,,,,,,3.0,,,,,,,,10.0,,
438805,,,,,,,,32.0,,19.0,,,,,,6.0,,,,,,,,2.0,,
438869,,,,,,,,26.0,,10.0,,,,,,6.0,1.0,1.0,,,,2.0,2.0,4.0,,
438902,,,,,,,,46.0,,14.0,,,,,,8.0,1.0,1.0,,,,,,22.0,,
438984,,,,,,,,14.0,,5.0,,,,,,2.0,1.0,0.0,,,,0.0,,3.0,1.0,
439020,,,,,,,,8.0,,4.0,,,,,,2.0,,,,,,,,,,
439057,,,,,,,,30.0,,16.0,,,,,,6.0,,,,,,,,8.0,,
439118,,,,,,,,38.0,,13.0,,,,,,10.0,1.0,,,,,1.0,,2.0,,
439127,,,,,,,,17.0,,6.0,,,,,,5.0,,,3.0,,,,,1.0,,
439136,,,,,,,,40.0,,18.0,,,,,,7.0,,1.0,,,,,,14.0,,
439145,,,,,,,,134.0,,55.0,,,,,,7.0,7.0,1.0,3.0,,,20.0,,32.0,4.0,
439154,,,,,,,,267.0,,,,,,,,76.0,15.0,58.0,14.0,,,,,98.0,6.0,
439190,,,,,,,,150.0,,75.0,,,,,,24.0,6.0,9.0,10.0,,,,,20.0,,
439288,,,,,,,,173.0,,74.0,,,,,,31.0,18.0,1.0,23.0,3.0,,11.0,1.0,5.0,1.0,
439297,,,,,,,,67.0,,51.0,,,,,,11.0,,,,,,,1.0,4.0,,
439303,,,,,,,,10.0,,6.0,,,,,,1.0,,,,,,0.0,,,,
439312,,,,,,,,7.0,,5.0,,,,,,1.0,,,,,,,,0.0,,
439367,,,,,,,,43.0,,21.0,,,,,,7.0,4.0,1.0,,,,1.0,,8.0,,
439394,,,,,,,,19.0,,8.0,,,,,,4.0,1.0,,,,,,,5.0,,
439400,,,,,,,,2.0,,0.0,,,,,,,1.0,,,,,,,0.0,,
439437,,,,,,,,39.0,,16.0,,,,,,10.0,,1.0,,,,4.0,,4.0,,
439446,,,,,,,,20.0,,8.0,,,,,,4.0,2.0,,,,,,1.0,3.0,1.0,
439455,,,,,,,,53.0,,32.0,,,,,,3.0,1.0,2.0,,,,2.0,,4.0,,
439473,,,,,,,,23.0,,,,,,,,4.0,,,,,,4.0,,8.0,,
439482,,,,,,,,24.0,,14.0,,,,,,2.0,2.0,,,,,,,0.0,,
439491,,,,,,,,27.0,,16.0,,,,,,1.0,,,,,,,3.0,2.0,,
439507,,,,,,,,50.0,,18.0,,,,,,9.0,2.0,1.0,,,,3.0,7.0,7.0,,
439525,,,,,,,,10.0,,,,,,,,5.0,,,,,,,,5.0,,
439570,,,,,,,,87.0,,28.0,,,,,,17.0,8.0,2.0,5.0,2.0,,1.0,6.0,7.0,5.0,
439589,,,,,,,,29.0,,16.0,,,,,,3.0,,,,,,,,,,
439613,,,,,,,,28.0,,13.0,,,,,,5.0,3.0,,,,,,,4.0,,
439622,,,,,,,,29.0,,14.0,,,,,,3.0,3.0,1.0,1.0,1.0,,,,3.0,,
439631,,,,,,,,8.0,,6.0,,,,,,2.0,,,,,,,,,,
439668,,,,,,,,14.0,,7.0,,,,,,2.0,,,,,,,3.0,,,
439686,,,,,,,,21.0,,7.0,,,,,,1.0,,,,,,,4.0,2.0,,
439701,,,,,,,,100.0,,28.0,,,,,,25.0,10.0,1.0,3.0,,,1.0,,14.0,,
439738,,,,,,,,35.0,,19.0,,,,,,6.0,,,,,,,,10.0,,
439747,,,,,,,,9.0,,5.0,,,,,,,,,,,,,,4.0,,
439774,,,,,,,,8.0,,3.0,,,,,,2.0,,,,,,,,3.0,,
439783,,,,,,,,24.0,,14.0,0.0,,,,,2.0,1.0,,,1.0,,,1.0,1.0,,
439792,,,,,,,,28.0,,14.0,,,,,,4.0,3.0,,,,,,3.0,1.0,,
439817,,,,,,,,12.0,,5.0,,,,,,1.0,,,,,,,,5.0,,
439826,,,,,,,,8.0,,4.0,,,,,,2.0,1.0,,,,,,,2.0,,
439844,,,,,,,,6.0,,3.0,,,,,,1.0,,,,,,,1.0,1.0,,
439862,,,,,,,,12.0,,2.0,,,,,,2.0,2.0,0.0,,,,,,1.0,,
439871,,,,,,,,10.0,,5.0,,,,,,,,,,,,,,5.0,,
439899,,,,,,,,13.0,,1.0,,,,,,4.0,1.0,,2.0,,,1.0,1.0,1.0,,
439905,,,,,,,,16.0,,5.0,,,,,,6.0,,,1.0,,,,,3.0,,
439914,,,,,,,,14.0,,9.0,,,,,,2.0,,,,,,,,1.0,,
439932,,,,,,,,8.0,,5.0,,,,,,,,,,,,,,3.0,,
439969,,,,,,,,21.0,,7.0,,,,,,2.0,2.0,,,,,,1.0,7.0,,
439978,,,,,,,,26.0,,11.0,,,,,,4.0,2.0,,,,,2.0,,5.0,,
439996,,,,,,,,10.0,,5.0,,,,,,5.0,,,,,,,,,,
440004,,,,,,,,7.0,,5.0,,,,,,,,,1.0,,,,,1.0,,
440031,,,,,,,,108.0,,42.0,8.0,1.0,,,,9.0,2.0,2.0,,,,,,19.0,2.0,
440059,,,,,,,,79.0,,40.0,,,,,,7.0,,,,,,,,32.0,,
440077,,,,,,,,7.0,,3.0,,,,,,2.0,1.0,,,,,,,1.0,,
440086,,,,,,,,18.0,,8.0,,,,,,4.0,,,,,,,2.0,2.0,,
440101,,,,,,,,10.0,,6.0,,,,,,2.0,,,,,,,,1.0,,
440138,,,,,,,,77.0,,9.0,,,,,,20.0,2.0,27.0,2.0,,,0.0,,15.0,,
440147,,,,,,,,37.0,,13.0,,,,,,9.0,,1.0,,,,,8.0,1.0,,
440165,,,,,,,,16.0,,12.0,,,,,,2.0,,,,,,,,1.0,,
440174,,,,,,,,13.0,,8.0,,,,,,1.0,,,,,,,1.0,1.0,,
440217,,,,,,,,27.0,,13.0,,,,,,5.0,1.0,,,,,,,2.0,2.0,
440226,,,,,,,,10.0,,5.0,,,,,,2.0,,,,,,,,3.0,,
440262,,,,,,,,40.0,,15.0,,,,,,6.0,,,,,,,6.0,10.0,2.0,
440271,,,,,,,,38.0,,18.0,,,,,,7.0,2.0,1.0,,,,2.0,2.0,6.0,,
440299,,,,,,,,48.0,,16.0,,,,,,8.0,1.0,1.0,,,,,,21.0,,
440323,,,,,,,,19.0,,3.0,,,,,,3.0,1.0,,7.0,,,1.0,,1.0,,
440332,,,,,,,,23.0,,7.0,,,,,,4.0,1.0,0.0,4.0,,,,,0.0,,
440341,,,,,,,,128.0,,62.0,,,,,,11.0,1.0,,,,,1.0,,53.0,,
440369,,,,,,,,46.0,,6.0,,,,,,8.0,1.0,0.0,,,,,,21.0,,
440402,,,,,,,,182.0,,88.0,,,,,,26.0,5.0,4.0,3.0,,,17.0,,28.0,4.0,1.0
440420,,,,,,,,25.0,,20.0,,,,,,2.0,,,,,,,,3.0,,
440457,,,,,,,,39.0,,36.0,,,,,,2.0,,,,,,,,1.0,,
440466,,,,,,,,29.0,,25.0,,,,,,4.0,,,,,,,,,,
440484,,,,,,,,69.0,,34.0,,,,,,14.0,,1.0,,,,,9.0,1.0,,
440642,,,,,,,,41.0,,17.0,,,,,,7.0,2.0,1.0,,,,,,13.0,,
440651,,,,,,,,107.0,,40.0,,,,,,16.0,,1.0,3.0,,,,,26.0,7.0,
440721,,,,,,,,25.0,,9.0,,,,,,3.0,,,,,,,,7.0,,
440730,,,,,,,,41.0,,29.0,,,,,,3.0,4.0,,,,,,,5.0,,
440749,,,,,,,,6.0,,2.0,,,,,,2.0,,,2.0,,,,,,,
440758,,,,,,,,17.0,,3.0,,,,,,2.0,,,9.0,,,,,3.0,,
440767,,,,,,,,36.0,,11.0,,,,,,4.0,,,17.0,,,,,3.0,,
440776,,,,,,,,9.0,,1.0,,,,,,2.0,2.0,,,,,,2.0,2.0,,
440794,,,,,,,,75.0,,34.0,,,,,,12.0,5.0,1.0,1.0,,,2.0,5.0,13.0,,
440800,,,,,,,,2.0,,,,,,,,,,,,,,,,1.0,,
440819,,,,,,,,3.0,,,,,,,,1.0,,,,,,,,1.0,,
440855,,,,,,,,16.0,,8.0,,,,,,2.0,,,,,,,1.0,5.0,,
440873,,,,,,,,36.0,,16.0,,,,,,2.0,5.0,,,,,,2.0,1.0,,
440882,,,,,,,,20.0,,7.0,,,,,,2.0,,,,,,,1.0,1.0,,
440891,,,,,,,,22.0,,10.0,,,,,,2.0,1.0,,,,,0.0,2.0,1.0,,
440907,,,,,,,,31.0,,12.0,,,,,,7.0,1.0,,,,,,5.0,6.0,,
440916,,,,,,,,120.0,,56.0,,,,,,16.0,15.0,2.0,,,,,,22.0,4.0,
440925,,,,,,,,30.0,,19.0,,,,,,2.0,2.0,1.0,,,,,,1.0,,
440952,,,,,,,,27.0,,12.0,,,,,,7.0,,1.0,,,,,,5.0,,
440989,,,,,,,,50.0,,24.0,,,,,,7.0,1.0,1.0,,,,,4.0,7.0,,
441016,,,,,,,,42.0,,14.0,,,,,,8.0,1.0,,,,,,,19.0,,
441025,,,,,,,,58.0,,34.0,,,,,,5.0,3.0,,,0.0,,,9.0,6.0,,
441052,,,,,,,,121.0,,57.0,,,,,,24.0,14.0,,1.0,,,,,21.0,1.0,
441070,,,,,,,,23.0,,10.0,,2.0,,,,4.0,,1.0,,,,,,,,
441089,,,,,,,,107.0,,50.0,,,,,,11.0,10.0,1.0,,,,8.0,,24.0,,
441104,,,,,,,,73.0,,33.0,1.0,10.0,,,,3.0,9.0,1.0,2.0,,,,,5.0,,
441131,,,,,,,,52.0,,19.0,,,,,,7.0,2.0,1.0,3.0,,,,,3.0,,
441168,,,,,,,,10.0,,5.0,,,,,,1.0,,,,,,,,2.0,,
441195,,,,,,,,3.0,,1.0,,,,,,1.0,,,,,,,,1.0,,
441201,,,,,,,,13.0,,6.0,,,,,,2.0,1.0,,,,,,1.0,2.0,,
441210,,,,,,,,16.0,,8.0,,,,,,1.0,,,,1.0,,,,1.0,,
441229,,,,,,,,184.0,,105.0,,,,,,11.0,,,,,,,,37.0,,
441238,,,,,,,,2.0,,,,,,,,1.0,,,,,,,,,,
441256,,,,,,,,12.0,,7.0,,,,,,2.0,1.0,,,,,,,2.0,,
441274,,,,,,,,25.0,,12.0,,,,,,1.0,,,,,,,5.0,6.0,1.0,
441308,,,,,,,,348.0,,181.0,,,,,,18.0,13.0,,90.0,,,,,2.0,,
441317,,,,,,,,7.0,,7.0,,,,,,,,,,,,,,0.0,,
441335,,,,,,,,7.0,,5.0,,,,,,2.0,,,,,,,,0.0,,
441353,,,,,,,,3.0,,1.0,,,,,,2.0,,,,,,,,,,
441362,,,,,,,,20.0,,11.0,,,,,,6.0,,,,,,,,2.0,,
441371,,,,,,,,21.0,,9.0,,,,,,4.0,2.0,,,,,,4.0,2.0,,
441380,,,,,,,,17.0,,5.0,,,,,,3.0,2.0,,,,,,,6.0,,
441405,,,,,,,,13.0,,8.0,,,,,,4.0,,,,,,,,1.0,,
441414,,,,,,,,76.0,,5.0,,,,,,4.0,,3.0,,,,7.0,,26.0,1.0,
441423,,,,,,,,22.0,,9.0,,,,,,,2.0,,,,,,3.0,8.0,,
441441,,,,,,,,45.0,,19.0,,2.0,,,,5.0,3.0,1.0,,,,,5.0,1.0,4.0,
441478,,,,,,,,30.0,,16.0,,,,,,4.0,,,,,,,5.0,2.0,,
441487,,,,,,,,23.0,,12.0,,,,,,3.0,1.0,,,,,0.0,1.0,2.0,,
441496,,,,,,,,25.0,,11.0,,,,,,4.0,,,,,,,,10.0,,
441502,,,,,,,,31.0,,18.0,,,,,,1.0,2.0,,,,,,3.0,1.0,1.0,
441511,,,,,,,,23.0,,15.0,,,,,,2.0,2.0,1.0,,,,,,2.0,,
441548,,,,,,,,13.0,,5.0,,,,,,2.0,1.0,,,,,,2.0,1.0,,
441575,,,,,,,,101.0,,43.0,,,,,,7.0,5.0,7.0,,,,5.0,22.0,6.0,,
441593,,,,,,,,5.0,,2.0,,,,,,1.0,0.0,,,,,,,0.0,,
441609,,,,,,,,12.0,,10.0,,,,,,,,,,,,,,,2.0,
441618,,,,,,,,5.0,,3.0,,,,,,,,,,,,,,2.0,,
441627,,,,,,,,4.0,,2.0,,,,,,,,,,2.0,,,,,,
441636,,,,,,,,40.0,,19.0,,,,,,5.0,2.0,,,,,,4.0,3.0,,
441645,,,,,,,,27.0,,13.0,,,,,,4.0,2.0,0.0,,,,0.0,3.0,2.0,1.0,
441663,,,,,,,,42.0,,24.0,,,,,,5.0,,1.0,,,,,3.0,3.0,,
441672,,,,,,,,39.0,,23.0,,,,,,1.0,1.0,,,,,2.0,,9.0,,
441690,,,,,,,,43.0,,25.0,,,,,,4.0,3.0,,1.0,,,,1.0,1.0,1.0,
441706,,,,,,,,18.0,,5.0,,,,,,2.0,2.0,1.0,,,,0.0,,2.0,,
441742,,,,,,,,76.0,,35.0,,,,,,14.0,5.0,,,,,,6.0,14.0,,
441751,,,,,,,,5.0,,3.0,,,,,,1.0,,,,,,,,0.0,,
441760,,,,,,,,199.0,,109.0,,,,,,13.0,15.0,5.0,2.0,,,11.0,,19.0,3.0,
441779,,,,,,,,6.0,,0.0,,,,,,1.0,1.0,,,,,,,2.0,,
441788,,,,,,,,50.0,,23.0,,,,,,5.0,,,,,,,,22.0,,
441830,,,,,,,,47.0,,7.0,,,,,,7.0,2.0,,,,,21.0,,10.0,,
441858,,,,,,,,27.0,,17.0,,,,,,2.0,2.0,1.0,,,,,,4.0,,
441876,,,,,,,,28.0,,10.0,,,,,,8.0,2.0,,,,,,4.0,4.0,,
441900,,,,,,,,226.0,,111.0,,,,,,33.0,17.0,14.0,3.0,,,,,14.0,3.0,
441919,,,,,,,,65.0,,31.0,,,,,,8.0,4.0,,,,,2.0,12.0,6.0,,
441928,,,,,,,,74.0,,35.0,,,,,,11.0,5.0,1.0,,,,1.0,14.0,6.0,,
441937,,,,,,,,714.0,,242.0,,,,,,51.0,102.0,43.0,64.0,3.0,,52.0,,77.0,44.0,9.0
441955,,,,,,,,63.0,,22.0,,,,,,7.0,2.0,1.0,,,,,,29.0,,
441964,,,,,,,,37.0,,14.0,,,,,,7.0,1.0,1.0,,,,,,13.0,,
441973,,,,,,,,122.0,,57.0,,,,,,15.0,1.0,,1.0,,,2.0,,45.0,,
441982,,,,,,,,119.0,,43.0,1.0,,,,,22.0,14.0,11.0,5.0,,,0.0,,16.0,,
442037,,,,,,,,30.0,,14.0,,,,,,11.0,,,,,,,,4.0,,
442046,,,,,,,,43.0,,16.0,,,,,,14.0,,1.0,,,,,,5.0,,
442064,,,,,,,,33.0,,20.0,,,,,,4.0,,,1.0,,,1.0,,7.0,,
442073,,,,,,,,55.0,,30.0,,,,,,14.0,,1.0,,,,,,4.0,,
442134,,,,,,,,33.0,,15.0,,,,,,2.0,,,,,,,,15.0,,
442161,,,,,,,,84.0,,66.0,,,,,,8.0,1.0,,,,,,2.0,7.0,,
442204,,,,,,,,4.0,,1.0,,,,,,1.0,,,,,,,,2.0,,
442213,,,,,,,,10.0,,7.0,,,,,,2.0,1.0,0.0,,,,,,,,
442222,,,,,,,,41.0,,18.0,,,,,,9.0,,,,,,,,14.0,,
442231,,,,,,,,60.0,,29.0,,,,,,2.0,7.0,,,,,,13.0,4.0,,
442240,,,,,,,,37.0,,17.0,,,,,,4.0,,,,,,,8.0,6.0,1.0,
442295,,,,,,,,62.0,,25.0,,1.0,,,,8.0,5.0,4.0,1.0,,,,1.0,6.0,1.0,
442329,,,,,,,,68.0,,19.0,,,,,,10.0,,,,,,,19.0,1.0,8.0,
442338,,,,,,,,57.0,,29.0,,,,,,7.0,1.0,1.0,,,,,,17.0,,
442347,,,,,,,,37.0,,15.0,,,,,,6.0,1.0,1.0,,,,,,13.0,,
442356,,,,,,,,139.0,,65.0,,,,,,24.0,15.0,9.0,,,,3.0,,11.0,,
442383,,,,,,,,19.0,,10.0,,,,,,3.0,1.0,,,,,,4.0,1.0,,
442392,,,,,,,,13.0,,8.0,,,,,,3.0,,1.0,,,,,,,,
442408,,,,,,,,20.0,,10.0,,,,,,2.0,1.0,,,,,,2.0,1.0,,
442426,,,,,,,,33.0,,15.0,,,,,,8.0,,,,,,,,3.0,,
442435,,,,,,,,8.0,,1.0,,,,,,2.0,1.0,,,,,,2.0,1.0,,
442523,,,,,,,,21.0,,4.0,0.0,,,,,4.0,2.0,1.0,1.0,,,4.0,2.0,0.0,,
442569,,,,,,,,401.0,,44.0,,,,,,71.0,45.0,30.0,5.0,,,,,21.0,,
442578,,,,,,,,19.0,,10.0,,,,,,4.0,,,,,,,,1.0,,
442602,,,,,,,,47.0,,20.0,,,,,,11.0,1.0,,,,,,,4.0,,
442611,,,,,,,,114.0,,48.0,,,,,,16.0,43.0,1.0,,,,,,3.0,3.0,
442620,,,,,,,,23.0,,9.0,,,,,,5.0,1.0,,,,,,,8.0,,
442657,,,,,,,,26.0,,12.0,,,,,,3.0,,,,,,1.0,4.0,6.0,,
442718,,,,,,,,34.0,,17.0,,,,,,3.0,,,10.0,,,,,3.0,,
442727,,,,,,,,69.0,,27.0,,,,,,13.0,,,,,,,,29.0,,
442736,,,,,,,,21.0,,8.0,,,,,,6.0,1.0,,,,,,,6.0,,
442745,,,,,,,,41.0,,21.0,,,,,,12.0,1.0,,,,,,4.0,1.0,,
442781,,,,,,,,83.0,,25.0,2.0,1.0,,,,15.0,5.0,2.0,4.0,,,7.0,,13.0,,
442790,,,,,,,,64.0,,23.0,,,,,,6.0,2.0,1.0,,,,,,30.0,,
442806,,,,,,,,832.0,,701.0,10.0,,,,,10.0,19.0,11.0,,,,,,5.0,,
442815,,,,,,,,20.0,,13.0,,,,,,1.0,,,,,,,,0.0,,
442842,,,,,,,,29.0,,14.0,,,,,,3.0,,1.0,,,,,2.0,2.0,0.0,
442879,,,,,,,,143.0,,30.0,,,,,,15.0,6.0,2.0,,,,5.0,,4.0,6.0,
442888,,,,,,,,16.0,,6.0,,,,,,5.0,,,,,,,2.0,1.0,,
442897,,,,,,,,14.0,,11.0,,,,,,,1.0,,,,,,1.0,0.0,,
442930,,,,,,,,100.0,,34.0,,,,,,13.0,4.0,1.0,12.0,,,19.0,,6.0,,
442949,,,,,,,,20.0,,7.0,,,,,,1.0,1.0,0.0,,,,,,7.0,,
442958,,,,,,,,4.0,,4.0,,,,,,,,,,,,,,,,
442967,,,,,,,,9.0,,4.0,,,,,,1.0,,,,,,,,4.0,,
442976,,,,,,,,13.0,,6.0,,,,,,3.0,,,,,,,,,,
442985,,,,,,,,18.0,,4.0,,,,,,6.0,0.0,,,,,,,1.0,,
443021,,,,,,,,32.0,,7.0,,,,,,10.0,,2.0,,,,10.0,1.0,,,
443030,,,,,,,,6.0,,3.0,,,,,,2.0,,,,,,,,1.0,,
443049,,,,,,,,40.0,,13.0,,,,,,3.0,2.0,,,,,,,10.0,,
443058,,,,,,,,11.0,,4.0,,,,,,1.0,1.0,,,,,,,1.0,,
443076,,,,,,,,32.0,,10.0,,,,,,1.0,2.0,,,,,9.0,,8.0,,
443100,,,,,,,,34.0,,9.0,,,,,,2.0,4.0,1.0,4.0,,,2.0,,4.0,2.0,
443137,,,,,,,,39.0,,14.0,,,,,,9.0,,,,,,3.0,1.0,11.0,1.0,
443146,,,,,,,,14.0,,6.0,,,,,,2.0,,,,,,,,6.0,,
443173,,,,,,,,4.0,,3.0,,,,,,1.0,,,,,,,,,,
443207,,,,,,,,59.0,,22.0,,,,,,11.0,5.0,1.0,,,,3.0,4.0,13.0,,
443216,,,,,,,,24.0,,9.0,,,,,,2.0,2.0,,,,,,5.0,,,
443225,,,,,,,,9.0,,4.0,,,,,,1.0,,,,,,,1.0,1.0,,
443234,,,,,,,,20.0,,7.0,,,,,,2.0,,,,,,,6.0,5.0,,
443252,,,,,,,,71.0,,26.0,,,,,,9.0,3.0,,1.0,,,1.0,,24.0,5.0,
443261,,,,,,,,36.0,,16.0,,,,,,6.0,1.0,,,,,,,14.0,,
443270,,,,,,,,54.0,,28.0,,,,,,7.0,1.0,,,,,,,18.0,,
443289,,,,,,,,14.0,,7.0,,,,,,3.0,1.0,,,,,,1.0,1.0,,
443298,,,,,,,,15.0,,6.0,,,,,,,,,,,,,,9.0,,
443322,,,,,,,,33.0,,15.0,,,,,,4.0,2.0,1.0,,,,,,1.0,1.0,
443331,,,,,,,,156.0,,78.0,,,,,,24.0,8.0,,3.0,,,,,33.0,3.0,
443340,,,,,,,,15.0,,7.0,,,,,,1.0,2.0,,,,,,,3.0,,
443359,,,,,,,,10.0,,7.0,,,,,,1.0,1.0,,,,,,,1.0,,
443368,,,,,,,,53.0,,,,,,,,6.0,6.0,10.0,21.0,,,0.0,,9.0,,
443377,,,,,,,,20.0,,12.0,,,,,,2.0,,,,,,,,1.0,1.0,
443410,,,,,,,,197.0,,66.0,,,,,,20.0,6.0,23.0,23.0,,,20.0,1.0,5.0,,1.0
443438,,,,,,,,14.0,,10.0,,,,,,,2.0,,,,,,,,,
443483,,,,,,,,12.0,,6.0,,,,,,,,,,,,,,1.0,,
443492,,,,,,,,149.0,,105.0,,,,,,19.0,,2.0,5.0,,,1.0,,17.0,,
443526,,,,,,,,51.0,,18.0,,,,,,6.0,1.0,1.0,,,,,,23.0,,
443535,,,,,,,,42.0,,20.0,,,,,,8.0,1.0,1.0,,,,,,10.0,,
443544,,,,,,,,42.0,,34.0,,,,,,3.0,,,,,,,2.0,3.0,,
443562,,,,,,,,288.0,,219.0,,,,,,14.0,6.0,2.0,,,,0.0,4.0,2.0,1.0,
443571,,,,,,,,13.0,,4.0,,,,,,3.0,,,,,,,1.0,2.0,,
443599,,,,,,,,27.0,,,,,,,,4.0,2.0,,,,,,6.0,3.0,,4.0
443623,,,,,,,,67.0,,34.0,,,,,,4.0,7.0,,,,,,15.0,2.0,,
443632,,,,,,,,20.0,,7.0,,,,,,3.0,1.0,1.0,1.0,,,,,1.0,,
443641,,,,,,,,25.0,,13.0,,,,,,3.0,,,,,,,4.0,5.0,,
443650,,,,,,,,62.0,,36.0,,,,,,5.0,1.0,,,3.0,,,7.0,10.0,,
443669,,,,,,,,35.0,,17.0,,,,,,4.0,,,,,,,4.0,9.0,,
443678,,,,,,,,8.0,,5.0,,,,,,1.0,,,,,,,,1.0,,
443687,,,,,,,,49.0,,18.0,,,,,,11.0,,1.0,,,,,10.0,3.0,,
443696,,,,,,,,7.0,,0.0,,,,,,2.0,2.0,,,,,,2.0,1.0,,
443702,,,,,,,,5.0,,4.0,,,,,,,,,,,,,,1.0,,
443711,,,,,,,,408.0,,5.0,,,,,,74.0,50.0,143.0,10.0,,,2.0,,97.0,23.0,
443748,,,,,,,,43.0,,12.0,,,,,,7.0,1.0,1.0,,,,,,21.0,,
443766,,,,,,,,77.0,,43.0,,,,,,6.0,,,,,,,12.0,13.0,,
443784,,,,,,,,96.0,,49.0,,,,,,12.0,,0.0,,,,,12.0,13.0,,
443827,,,,,,,,26.0,,9.0,,,,,,4.0,1.0,,7.0,,,1.0,,,,
443836,,,,,,,,37.0,,15.0,,,,,,6.0,1.0,,9.0,,,,,1.0,,
443845,,,,,,,,34.0,,12.0,,,,,,7.0,2.0,1.0,,,,1.0,2.0,2.0,,
443854,,,,,,,,3.0,,2.0,,,,,,1.0,,,,,,,,,,
443942,,,,,,,,16.0,,7.0,,,,,,2.0,1.0,,,,,1.0,,3.0,,
443951,,,,,,,,10.0,,4.0,,,,,,2.0,1.0,,,,,1.0,0.0,1.0,,
443979,,,,,,,,8.0,,6.0,,,,,,,1.0,,,,,,0.0,1.0,,
444024,,,,,,,,63.0,,25.0,,,,,,9.0,2.0,1.0,,,,,,25.0,,
444042,,,,,,,,112.0,,46.0,,,,,,16.0,,3.0,6.0,2.0,,,10.0,19.0,6.0,
444051,,,,,,,,9.0,,5.0,,,,,,1.0,,,,,,,,3.0,0.0,
444079,,,,,,,,2.0,,1.0,,,,,,1.0,,,,,,,,,,
444088,,,,,,,,31.0,,8.0,,,,,,,5.0,1.0,,1.0,,1.0,4.0,8.0,,
444103,,,,,,,,11.0,,5.0,,,,,,2.0,,,,,,0.0,,0.0,,
444130,,,,,,,,682.0,,232.0,3.0,,,,,48.0,48.0,50.0,14.0,,,,6.0,264.0,,
444158,,,,,,,,972.0,,352.0,,,,,,52.0,117.0,,1.0,,,,329.0,47.0,,
444167,,,,,,,,138.0,,62.0,,,,,,29.0,,,,,,8.0,,13.0,,
444194,,,,,,,,26.0,,13.0,,,,,,1.0,1.0,,,,,,4.0,3.0,1.0,
444200,,,,,,,,21.0,,12.0,,,,,,4.0,,,,,,,,1.0,,
444219,,,,,,,,288.0,,172.0,,,,,,12.0,10.0,8.0,12.0,,,19.0,,44.0,,
444228,,,,,,,,5.0,,4.0,,,,,,,1.0,,,,,,,0.0,,
444237,,,,,,,,35.0,,10.0,,,,,,6.0,1.0,,,,,,,18.0,,
444255,,,,,,,,29.0,,18.0,,,,,,1.0,,,,,,,,1.0,,
444264,,,,,,,,15.0,,4.0,,,,,,4.0,,1.0,,,,,3.0,2.0,0.0,
444282,,,,,,,,9.0,,6.0,,,,,,1.0,,,,,,,,1.0,,
444291,,,,,,,,11.0,,7.0,,,,,,2.0,,,,,,,,1.0,,
444307,,,,,,,,8.0,,5.0,,,,,,1.0,,,,,,,,1.0,,
444316,,,,,,,,13.0,,9.0,,,,,,,,,,,,,,4.0,,
444325,,,,,,,,17.0,,7.0,,,,,,2.0,1.0,1.0,,,,,,2.0,,
444334,,,,,,,,9.0,,3.0,,,,,,3.0,1.0,,,,,,,,,
444343,,,,,,,,20.0,,9.0,,,,,,3.0,1.0,,,,,,2.0,4.0,1.0,
444352,,,,,,,,4.0,,1.0,,,,,,1.0,0.0,,,,,,0.0,0.0,0.0,
444361,,,,,,,,12.0,,6.0,,,,,,3.0,,,,,,,,1.0,,
444370,,,,,,,,19.0,,5.0,,,,,,4.0,3.0,1.0,,,,,2.0,2.0,,
444398,,,,,,,,43.0,,16.0,,,,,,2.0,5.0,2.0,2.0,,,2.0,,4.0,,
444404,,,,,,,,12.0,,4.0,,,,,,2.0,1.0,1.0,,,,,,2.0,,
444413,,,,,,,,7.0,,6.0,,,,,,1.0,,,,,,,,,,
444422,,,,,,,,14.0,,10.0,,,,,,1.0,2.0,,,,,,,1.0,,
444440,,,,,,,,14.0,,10.0,,,,,,,4.0,,,,,,,,,
444468,,,,,,,,3.0,,3.0,,,,,,,,,,,,,,,,
444486,,,,,,,,33.0,,20.0,,,,,,1.0,4.0,,,,,1.0,2.0,3.0,,
444510,,,,,,,,9.0,,3.0,,,,,,2.0,1.0,,,,,,,2.0,,
444529,,,,,,,,10.0,,4.0,,,,,,1.0,,,,,,,,,,
444547,,,,,,,,3.0,,0.0,,,,,,,,0.0,,,,,,,,
444556,,,,,,,,36.0,,13.0,,,,,,7.0,,,,,,,11.0,1.0,,
444565,,,,,,,,56.0,,17.0,,,,,,7.0,5.0,2.0,,,,14.0,,,1.0,
444574,,,,,,,,158.0,,42.0,,,,,,46.0,19.0,2.0,7.0,1.0,,10.0,,16.0,2.0,
444583,,,,,,,,81.0,,14.0,,,,,,8.0,4.0,1.0,2.0,,,3.0,,8.0,14.0,
444592,,,,,,,,25.0,,11.0,,,,,,5.0,1.0,,,,,,,8.0,,
444608,,,,,,,,9.0,,3.0,,,,,,2.0,,,,,,,1.0,2.0,0.0,
444635,,,,,,,,6.0,,2.0,,,,,,3.0,0.0,,,,,,,0.0,,
444644,,,,,,,,11.0,,7.0,,,,,,1.0,,,,,,,,3.0,,
444653,,,,,,,,6.0,,4.0,,,,,,1.0,1.0,,,,,,,,,
444662,,,,,,,,7.0,,3.0,,,,,,1.0,,,,,,,1.0,2.0,,
444671,,,,,,,,28.0,,12.0,,,,,,2.0,1.0,,,,,,,4.0,,
444680,,,,,,,,19.0,,4.0,,,,,,4.0,2.0,,,,,,,3.0,,2.0
444699,,,,,,,,6.0,,2.0,,,,,,1.0,1.0,,,0.0,,,,1.0,,
444705,,,,,,,,8.0,,5.0,,,,,,,,,,,,,,3.0,,
444714,,,,,,,,20.0,,10.0,,,,,,3.0,2.0,,,,,,4.0,1.0,,
444723,,,,,,,,233.0,,35.0,,,,,,26.0,16.0,20.0,4.0,,,,4.0,10.0,,
444732,,,,,,,,23.0,,10.0,,,,,,2.0,2.0,,,,,0.0,6.0,1.0,,
444769,,,,,,,,30.0,,11.0,,,,,,4.0,3.0,1.0,0.0,,,,,3.0,1.0,
444778,,,,,,,,25.0,,13.0,0.0,,,,,4.0,1.0,,,,,0.0,,5.0,,
444787,,,,,,,,62.0,,39.0,,,,,,4.0,2.0,1.0,1.0,,,,,10.0,,
444796,,,,,,,,26.0,,7.0,,,,,,5.0,2.0,2.0,,,,2.0,2.0,1.0,1.0,1.0
444811,,,,,,,,20.0,,8.0,,,,,,6.0,,,,,,,2.0,3.0,,
444857,,,,,,,,10.0,,5.0,,,,,,2.0,,,,,,,,3.0,,
444866,,,,,,,,29.0,,10.0,,,,,,6.0,1.0,,,,,,,12.0,,
444893,,,,,,,,25.0,,8.0,,,,,,3.0,2.0,,,,,,3.0,4.0,,
444909,,,,,,,,6.0,,4.0,,,,,,1.0,1.0,,,,,,,,,
444927,,,,,,,,44.0,,19.0,,,,,,7.0,,,,,,,,17.0,,
444936,,,,,,,,14.0,,6.0,,,,,,1.0,2.0,,,,,,1.0,3.0,,
444945,,,,,,,,24.0,,12.0,,,,,,1.0,,,,,,,,9.0,,
444954,,,,,,,,152.0,,94.0,,,,,,11.0,9.0,6.0,,,,5.0,,10.0,5.0,
444972,,,,,,,,28.0,,9.0,,,,,,6.0,,,,,,,,13.0,,
444990,,,,,,,,38.0,,27.0,,,,,,1.0,8.0,,,,,,,2.0,,
445027,,,,,,,,742.0,,196.0,,,,,,37.0,142.0,,3.0,,,,253.0,45.0,,
445072,,,,,,,,57.0,,25.0,,,,,,13.0,,1.0,,,,,8.0,2.0,,
445081,,,,,,,,26.0,,12.0,,,,,,4.0,,1.0,,,,,,8.0,,
445090,,,,,,,,70.0,,41.0,,,,,,9.0,4.0,,,,,1.0,8.0,6.0,,
445115,,,,,,,,38.0,,16.0,,,,,,3.0,3.0,,,,,,10.0,2.0,,
445124,,,,,,,,23.0,,13.0,,,,,,2.0,3.0,1.0,,,,,,1.0,,
445133,,,,,,,,50.0,,20.0,,,,,,5.0,3.0,2.0,,,,,10.0,3.0,,
445188,,,,,,,,1239.0,,317.0,56.0,,,,,169.0,149.0,103.0,102.0,9.0,,109.0,1.0,131.0,29.0,19.0
445197,,,,,,,,18.0,,9.0,,,,,,3.0,3.0,,,,,,,3.0,,
445203,,,,,,,,48.0,,28.0,,,,,,5.0,1.0,1.0,,,,,4.0,8.0,,
445212,,,,,,,,27.0,,12.0,,,,,,4.0,,,,,,,7.0,3.0,0.0,
445221,,,,,,,,6.0,,5.0,,,,,,1.0,,,,,,,,,,
445230,,,,,,,,55.0,,31.0,,,,,,3.0,,,,,,,,20.0,,
445249,,,,,,,,45.0,,16.0,,,,,,7.0,2.0,1.0,,,,,3.0,16.0,,
445258,,,,,,,,38.0,,22.0,,,,,,6.0,1.0,,,,,2.0,2.0,3.0,,
445267,,,,,,,,124.0,,81.0,,,,,,6.0,4.0,,11.0,,,,,11.0,,
445276,,,,,,,,53.0,,19.0,,,,,,11.0,,1.0,,,,,11.0,2.0,,
445300,,,,,,,,47.0,,39.0,,,,,,4.0,,,,,,,2.0,2.0,,
445319,,,,,,,,27.0,,23.0,,,,,,1.0,,,,,,,,3.0,,
445328,,,,,,,,19.0,,8.0,,,,,,2.0,,,6.0,,,,,,,
445346,,,,,,,,21.0,,6.0,,,,,,4.0,1.0,,5.0,,,,,0.0,,
445364,,,,,,,,21.0,,12.0,,,,,,,,,,,,,,9.0,,
445373,,,,,,,,30.0,,21.0,,,,,,4.0,1.0,1.0,,,,,,3.0,,
445382,,,,,,,,25.0,,17.0,,,,,,3.0,1.0,,,,,,,4.0,,
445391,,,,,,,,33.0,,29.0,,,,,,3.0,,,,,,,,1.0,,
445434,,,,,,,,52.0,,16.0,,,,,,10.0,1.0,,,,,,,23.0,,
445461,,,,,,,,60.0,,18.0,,,,,,8.0,3.0,,,,,,,31.0,,
445470,,,,,,,,33.0,,5.0,,,,,,12.0,1.0,1.0,,,,,,14.0,,
445498,,,,,,,,7.0,,4.0,,,,,,2.0,,,,,,,,0.0,1.0,
445504,,,,,,,,6.0,,3.0,,,,,,1.0,,,,,,,,1.0,,
445540,,,,,,,,7.0,,3.0,,,,,,3.0,,,,,,,,1.0,,
445559,,,,,,,,30.0,,13.0,,,,,,3.0,2.0,,,,,,1.0,1.0,,
445577,,,,,,,,20.0,,10.0,,,,,,4.0,,,,,,,,1.0,,
445638,,,,,,,,11.0,,4.0,,,,,,4.0,0.0,,,,,,,1.0,,
445647,,,,,,,,14.0,,9.0,,,,,,1.0,2.0,,,,,,,,,
445656,,,,,,,,12.0,,7.0,,,,,,1.0,,,,,,,,,,
445665,,,,,,,,13.0,,6.0,,,,,,2.0,,,,,,,1.0,4.0,,
445683,,,,,,,,3.0,,3.0,,,,,,,,,,,,,,,,
445692,,,,,,,,48.0,,17.0,,,,,,5.0,5.0,3.0,,,,,7.0,2.0,,
445708,,,,,,,,228.0,,100.0,,,,,,36.0,23.0,2.0,24.0,1.0,,13.0,1.0,14.0,6.0,
445726,,,,,,,,21.0,,11.0,,,,,,1.0,1.0,,,,,,1.0,1.0,,
445735,,,,,,,,314.0,,124.0,5.0,,,,,42.0,11.0,10.0,8.0,17.0,,32.0,1.0,45.0,5.0,
445744,,,,,,,,43.0,,25.0,,,,,,4.0,2.0,,,,,,5.0,5.0,,
445753,,,,,,,,6.0,,4.0,,,,,,,,,,,,,,2.0,,
445762,,,,,,,,27.0,,11.0,,,,,,3.0,,,,,,,,13.0,,
445771,,,,,,,,1.0,,1.0,,,,,,,,,,,,,,,,
445780,,,,,,,,7.0,,5.0,,,,,,2.0,,,,,,,,,,
445799,,,,,,,,114.0,,50.0,,,,,,14.0,42.0,1.0,,,,,,3.0,3.0,
445814,,,,,,,,39.0,,25.0,,,,,,,,,,,,,,5.0,,
445841,,,,,,,,13.0,,9.0,,,,,,1.0,,,,,,,,1.0,,
445850,,,,,,,,13.0,,8.0,,,,,,1.0,,,,,,,,1.0,,
445869,,,,,,,,25.0,,12.0,,,,,,7.0,0.0,,,,,,,,,
445920,,,,,,,,26.0,,15.0,,,,,,4.0,,,,,,,,1.0,,
445948,,,,,,,,23.0,,7.0,,,,,,3.0,3.0,,,,,,2.0,,2.0,
445957,,,,,,,,15.0,,5.0,,,,,,4.0,,,,,,,0.0,3.0,,
445984,,,,,,,,12.0,,3.0,,,,,,1.0,1.0,,,,,,,6.0,0.0,
445993,,,,,,,,22.0,,15.0,,,,,,3.0,,,,,,,,,,
446002,,,,,,,,16.0,,11.0,,,,,,2.0,,,,,,3.0,,,,
446039,,,,,,,,13.0,,7.0,,0.0,,,,2.0,1.0,1.0,,,,,,1.0,,
446048,,,,,,,,200.0,,75.0,,,,,,26.0,13.0,7.0,21.0,3.0,,10.0,,26.0,10.0,0.0
446057,,,,,,,,13.0,,9.0,,,,,,2.0,1.0,,,,,,,0.0,,
446075,,,,,,,,5.0,,2.0,,,,,,1.0,1.0,,,,,,,1.0,,
446084,,,,,,,,16.0,,8.0,,,,,,2.0,2.0,,,,,,2.0,2.0,,
446093,,,,,,,,19.0,,6.0,,,,,,2.0,3.0,,,,,,2.0,5.0,,
446109,,,,,,,,25.0,,8.0,,,,,,3.0,,,,,,2.0,1.0,2.0,,
446118,,,,,,,,88.0,,36.0,,,,,,14.0,2.0,,,,,,7.0,28.0,,
446127,,,,,,,,25.0,,11.0,,,,,,1.0,2.0,1.0,,,,1.0,2.0,2.0,,
446136,,,,,,,,33.0,,14.0,,,,,,4.0,1.0,,,,,,9.0,4.0,,
446145,,,,,,,,7.0,,2.0,,,,,,2.0,1.0,,,,,2.0,,,,
446163,,,,,,,,9.0,,2.0,,,,,,,1.0,,,,,,,1.0,,
446190,,,,,,,,3.0,,2.0,,,,,,,,,,,,,,1.0,,
446206,,,,,,,,4.0,,1.0,,,,,,1.0,1.0,,,,,,,1.0,,
446215,,,,,,,,5.0,,3.0,,,,,,1.0,,,,,,,,,,
446224,,,,,,,,15.0,,8.0,,,,,,1.0,1.0,,,,,,1.0,1.0,,
446233,,,,,,,,75.0,,28.0,,,,,,8.0,7.0,,,,,11.0,,13.0,,
446242,,,,,,,,24.0,,15.0,,,,,,2.0,,,,,,,,1.0,,
446251,,,,,,,,5.0,,3.0,,,,,,1.0,,,,,,,,0.0,,
446260,,,,,,,,12.0,,8.0,,,,,,,,,,,,,,,,
446288,,,,,,,,10.0,,5.0,,,,,,1.0,,,,,,,3.0,1.0,,
446303,,,,,,,,22.0,,9.0,,,,,,3.0,2.0,0.0,,,,,2.0,1.0,1.0,
446349,,,,,,,,4.0,,3.0,,,,,,,,,,,,,,1.0,,
446385,,,,,,,,37.0,,23.0,,,,,,3.0,3.0,,,,,,3.0,3.0,,
446394,,,,,,,,20.0,,12.0,,,,,,3.0,1.0,,,,,,,2.0,,
446400,,,,,,,,20.0,,10.0,,,,,,2.0,2.0,,,,,,,6.0,,
446446,,,,,,,,23.0,,9.0,,,,,,5.0,,,,,,,,9.0,,
446455,,,,,,,,14.0,,8.0,,,,,,1.0,,,,,,,2.0,3.0,,
446464,,,,,,,,6.0,,3.0,,,,,,0.0,,,,,,,1.0,1.0,,
446516,,,,,,,,10.0,,4.0,,,,,,2.0,1.0,,,,,,1.0,2.0,,
446525,,,,,,,,17.0,,5.0,,,,,,2.0,1.0,,,,,,,6.0,,
446534,,,,,,,,10.0,,7.0,,,,,,1.0,1.0,,,,,,,,,
446543,,,,,,,,3.0,,1.0,,,,,,1.0,,,,,,,,1.0,,
446552,,,,,,,,141.0,,57.0,,,,,,18.0,3.0,1.0,,,,3.0,,6.0,,
446561,,,,,,,,130.0,,48.0,,,,,,27.0,5.0,4.0,4.0,,,2.0,,5.0,,0.0
446570,,,,,,,,4.0,,3.0,,,,,,,0.0,,,,,1.0,,1.0,,
446589,,,,,,,,13.0,,3.0,,,,,,3.0,1.0,,,,,,1.0,1.0,1.0,
446598,,,,,,,,11.0,,8.0,,,,,,1.0,1.0,,,,,,,1.0,,
446604,,,,,,,,198.0,,141.0,,,,,,9.0,5.0,3.0,,,,32.0,,6.0,,
446613,,,,,,,,3.0,,2.0,,,,,,,0.0,,,,,,,1.0,,
446640,,,,,,,,78.0,,36.0,7.0,,,,,5.0,6.0,5.0,,,,2.0,6.0,4.0,,
446668,,,,,,,,72.0,,34.0,,,,,,8.0,,,,,,1.0,,28.0,,
446677,,,,,,,,21.0,,10.0,,,,,,1.0,,,,,,,,1.0,,
446729,,,,,,,,16.0,,13.0,,,,,,2.0,,,,,,,,1.0,,
446774,,,,,,,,173.0,,102.0,,,,,,21.0,10.0,3.0,1.0,,,13.0,2.0,19.0,2.0,
446792,,,,,,,,33.0,,19.0,,,,,,1.0,4.0,2.0,,,,,1.0,,,
446808,,,,,,,,37.0,,18.0,,,,,,3.0,3.0,1.0,,,,,6.0,1.0,,
446817,,,,,,,,10.0,,5.0,,,,,,2.0,1.0,1.0,,,,,,,,
446835,,,,,,,,51.0,,23.0,,,,,,2.0,5.0,,,,,,12.0,3.0,,
446844,,,,,,,,36.0,,15.0,,,,,,2.0,5.0,,,,,,8.0,2.0,,
446880,,,,,,,,34.0,,19.0,,,,,,5.0,1.0,,,,,,5.0,4.0,,
446899,,,,,,,,34.0,,18.0,,,,,,4.0,,1.0,,,,,,10.0,,
446905,,,,,,,,44.0,,18.0,,,,,,6.0,,1.0,,,,,,17.0,,
446914,,,,,,,,54.0,,21.0,,,,,,8.0,2.0,1.0,,,,,,20.0,,
446923,,,,,,,,53.0,,25.0,,,,,,7.0,1.0,1.0,,,,,,17.0,,
446932,,,,,,,,69.0,,39.0,,,,,,11.0,3.0,1.0,,,,2.0,,10.0,2.0,
446978,,,,,,,,23.0,,,,,,,,2.0,8.0,,7.0,,,,,5.0,,
446996,,,,,,,,5.0,,4.0,,,,,,,1.0,,,,,,,0.0,,
447014,,,,,,,,36.0,,13.0,,,,,,4.0,3.0,,,,,,,4.0,,
447023,,,,,,,,55.0,,21.0,,,,,,7.0,4.0,,,,,2.0,,12.0,,
447050,,,,,,,,74.0,,31.0,,,,,,13.0,2.0,2.0,,,,0.0,9.0,5.0,,0.0
447069,,,,,,,,40.0,,13.0,,,,,,11.0,,1.0,,,,,8.0,,,
447102,,,,,,,,28.0,,9.0,,,,,,6.0,,,7.0,,,1.0,,1.0,,
447120,,,,,,,,23.0,,9.0,,,,,,4.0,1.0,,5.0,,,,,,,
447148,,,,,,,,12.0,,8.0,,,,,,2.0,,,,,,,,1.0,,
447166,,,,,,,,7.0,,5.0,,,,,,1.0,,,,,,,,1.0,,
447175,,,,,,,,9.0,,6.0,,,,,,1.0,,,,,,,,1.0,,
447209,,,,,,,,41.0,,15.0,,,,,,7.0,1.0,1.0,,,,,,17.0,,
447218,,,,,,,,28.0,,5.0,,,,,,6.0,9.0,,,,,,,8.0,,
447227,,,,,,,,34.0,,18.0,,,,,,3.0,9.0,,,,,,,4.0,,
447236,,,,,,,,35.0,,16.0,,,,,,5.0,1.0,,,,,,,12.0,,
447245,,,,,,,,28.0,,19.0,,,,,,3.0,1.0,,,,,,,5.0,,
447254,,,,,,,,4.0,,2.0,,,,,,1.0,1.0,,,,,,,,,
447263,,,,,,,,63.0,,32.0,,,,,,12.0,4.0,,,,,,4.0,10.0,,
447272,,,,,,,,42.0,,21.0,,,,,,6.0,,,,,,,,15.0,,
447290,,,,,,,,82.0,,42.0,,,,,,13.0,2.0,,,,,,,23.0,1.0,
447315,,,,,,,,6.0,,5.0,,,,,,1.0,,,,,,,,,,
447324,,,,,,,,5.0,,4.0,,,,,,1.0,,,,,,,,,,
447333,,,,,,,,5.0,,4.0,,,,,,1.0,,,,,,,,,,
447342,,,,,,,,6.0,,5.0,,,,,,1.0,,,,,,,,,,
447360,,,,,,,,27.0,,13.0,,,,,,6.0,2.0,,,,,0.0,2.0,2.0,,
447379,,,,,,,,27.0,,12.0,,,,,,5.0,1.0,,,,,4.0,2.0,3.0,,
447403,,,,,,,,82.0,,34.0,,,,,,12.0,29.0,1.0,,,,,,3.0,3.0,
447421,,,,,,,,29.0,,17.0,,,,,,4.0,1.0,,,,,,5.0,1.0,,
447430,,,,,,,,15.0,,8.0,,,,,,3.0,2.0,,,,,,,2.0,,
447449,,,,,,,,4.0,,2.0,,,,,,,,,,,,,,2.0,,
447458,,,,,,,,70.0,,36.0,,,,,,2.0,1.0,5.0,,,,2.0,8.0,2.0,,
447467,,,,,,,,21.0,,10.0,,,,,,1.0,,,,,,,,8.0,,
447476,,,,,,,,16.0,,13.0,,,,,,1.0,,,,,,,,,,
447494,,,,,,,,16.0,,11.0,,,,,,3.0,,,,,,,,0.0,,
447519,,,,,,,,18.0,,12.0,,,,,,2.0,,,,,,,,1.0,,
447528,,,,,,,,10.0,,2.0,,,,,,1.0,2.0,,,,,,,3.0,,
447582,,,,,,,,184.0,,97.0,,,,,,21.0,13.0,9.0,,,,10.0,,11.0,,
447591,,,,,,,,22.0,,7.0,,,,,,2.0,,,,,,,,1.0,,
447625,,,,,,,,14.0,,9.0,,,,,,2.0,,,,,,,,1.0,,
447634,,,,,,,,24.0,,10.0,,,,,,4.0,,,6.0,,,1.0,,0.0,,
447670,,,,,,,,26.0,,15.0,,,,,,4.0,,,,,,,,1.0,,
447689,,,,,,,,815.0,,457.0,,,,,,112.0,20.0,36.0,25.0,2.0,,25.0,,80.0,5.0,
447698,,,,,,,,24.0,,9.0,1.0,,,,,3.0,1.0,,1.0,,,,1.0,3.0,,
447704,,,,,,,,12.0,,5.0,,,,,,3.0,1.0,,,,,,,3.0,,
447713,,,,,,,,9.0,,6.0,,,,,,,,,,,,,,1.0,1.0,
447722,,,,,,,,7.0,,2.0,,,,,,2.0,1.0,,,,,,,1.0,,
447731,,,,,,,,16.0,,8.0,,,,,,2.0,1.0,,,,,,,1.0,1.0,
447759,,,,,,,,25.0,,7.0,,,,,,4.0,3.0,,,,,,,6.0,1.0,
447768,,,,,,,,114.0,,53.0,,,,,,21.0,17.0,,1.0,,,,,19.0,1.0,
447777,,,,,,,,67.0,,27.0,,,,,,6.0,6.0,1.0,,,,,9.0,10.0,,
447795,,,,,,,,4.0,,1.0,,,,,,2.0,,,,,,,,0.0,,
447801,,,,,,,,46.0,,28.0,,,,,,2.0,2.0,,1.0,,,2.0,,11.0,,
447810,,,,,,,,53.0,,20.0,,,,,,10.0,5.0,1.0,1.0,,,,,16.0,,
447847,,,,,,,,113.0,,60.0,1.0,,,,,7.0,2.0,1.0,,,,2.0,,18.0,16.0,
447856,,,,,,,,2.0,,1.0,,,,,,1.0,,,,,,,,0.0,0.0,
447865,,,,,,,,5.0,,3.0,,,,,,,1.0,,,,,,,1.0,,
447874,,,,,,,,40.0,,17.0,,,,,,4.0,3.0,,,,,,4.0,4.0,6.0,
447883,,,,,,,,17.0,,8.0,,,,,,,3.0,,,,,,,6.0,,
447892,,,,,,,,12.0,,4.0,,,,,,2.0,2.0,,,,,1.0,,2.0,,
447908,,,,,,,,10.0,,2.0,,,,,,2.0,,,,,,4.0,,,,
447917,,,,,,,,10.0,,3.0,,,,,,3.0,0.0,,,,,,,3.0,,
447935,,,,,,,,58.0,,25.0,,,,,,7.0,8.0,1.0,,,,,5.0,2.0,,
447953,,,,,,,,31.0,,16.0,,,,,,6.0,3.0,,1.0,,,1.0,,2.0,,
447962,,,,,,,,23.0,,12.0,,,,,,2.0,2.0,,,,,,1.0,3.0,1.0,
447971,,,,,,,,16.0,,11.0,,,,,,1.0,1.0,,,,,,,3.0,,
447980,,,,,,,,6.0,,4.0,,,,,,1.0,1.0,,,,,,,0.0,,
447999,,,,,,,,18.0,,10.0,,,,,,2.0,2.0,,,,,,2.0,2.0,,
448008,,,,,,,,3.0,,2.0,,,,,,,,,,,,,,1.0,,
448017,,,,,,,,17.0,,12.0,,,,,,1.0,,,,,,,,4.0,,
448026,,,,,,,,13.0,,7.0,,,,,,3.0,,,,,,,,1.0,,
448035,,,,,,,,4.0,,2.0,,,,,,,,,,,,,,2.0,,
448044,,,,,,,,3.0,,1.0,,,,,,1.0,1.0,,,,,,,,,
448071,,,,,,,,25.0,,10.0,,,,,,5.0,5.0,,,,,1.0,2.0,3.0,,
448105,,,,,,,,6.0,,2.0,,,,,,1.0,1.0,0.0,,,,,0.0,0.0,0.0,
448114,,,,,,,,15.0,,9.0,,,,,,3.0,3.0,,,,,,,,,
448123,,,,,,,,30.0,,11.0,,,,,,4.0,1.0,,,,,,,13.0,1.0,
448141,,,,,,,,5.0,,2.0,,,,,,1.0,1.0,,,,,,,,,
448150,,,,,,,,11.0,,7.0,,,,,,1.0,1.0,,,,,,1.0,1.0,,
448196,,,,,,,,11.0,,4.0,,,,,,2.0,1.0,,,,,,1.0,1.0,,
448202,,,,,,,,3.0,,1.0,,,,,,1.0,,,,,,,,1.0,,
448211,,,,,,,,2.0,,1.0,,,,,,,1.0,,,,,,,,,
448220,,,,,,,,12.0,,6.0,,,,,,1.0,,,,,,,3.0,2.0,,
448239,,,,,,,,16.0,,10.0,,,,,,3.0,1.0,,,,,,,1.0,,
448248,,,,,,,,180.0,,77.0,,,,,,9.0,5.0,8.0,1.0,50.0,,11.0,,5.0,11.0,1.0
448257,,,,,,,,6.0,,3.0,,,,,,,,,,,,,,3.0,,
448275,,,,,,,,5.0,,2.0,,,,,,1.0,1.0,,,,,0.0,,1.0,,
448284,,,,,,,,73.0,,47.0,,,,,,7.0,,2.0,6.0,,,,1.0,4.0,1.0,
448309,,,,,,,,66.0,,37.0,,,,,,5.0,7.0,1.0,,,,,,10.0,,
448336,,,,,,,,21.0,,,,,,,,9.0,7.0,,4.0,,,,,1.0,,
448345,,,,,,,,86.0,,39.0,,,,,,12.0,,,,,,,,33.0,,
448354,,,,,,,,33.0,,11.0,5.0,,,,,4.0,1.0,1.0,,,,,2.0,5.0,1.0,
448381,,,,,,,,79.0,,,,,,,,22.0,,12.0,,,,3.0,,33.0,,
448415,,,,,,,,74.0,,42.0,,,,,,11.0,9.0,,,,,,9.0,2.0,,
448424,,,,,,,,9.0,,6.0,,,,,,1.0,,,,,,,,2.0,,
448433,,,,,,,,130.0,,58.0,,,,,,15.0,50.0,1.0,,,,,,2.0,4.0,
448442,,,,,,,,39.0,,15.0,,,,,,7.0,1.0,1.0,,,,,,14.0,,
448451,,,,,,,,41.0,,17.0,,,,,,7.0,1.0,1.0,,,,,,14.0,,
448460,,,,,,,,24.0,,10.0,,,,,,5.0,,1.0,,,,,,7.0,,
448479,,,,,,,,42.0,,18.0,,,,,,7.0,2.0,1.0,,,,,,13.0,,
448488,,,,,,,,48.0,,25.0,,,,,,6.0,,1.0,,,,,,14.0,,
448497,,,,,,,,29.0,,13.0,,,,,,5.0,,1.0,,,,,,9.0,,
448503,,,,,,,,50.0,,22.0,,,,,,7.0,1.0,1.0,,,,,,17.0,,
448512,,,,,,,,54.0,,31.0,,,,,,6.0,1.0,1.0,,,,,,13.0,,
448567,,,,,,,,38.0,,33.0,,,,,,3.0,,,,,,,,2.0,,
448576,,,,,,,,139.0,,66.0,,,,,,14.0,1.0,,,,,1.0,,57.0,,
448585,,,,,,,,34.0,,18.0,,,,,,3.0,,,10.0,1.0,,,,2.0,,
448594,,,,,,,,163.0,,70.0,,,,,,16.0,,1.0,12.0,,,15.0,,8.0,,
448600,,,,,,,,28.0,,15.0,,,,,,2.0,2.0,,,,,0.0,3.0,2.0,,
448619,,,,,,,,71.0,,27.0,,,,,,19.0,,,,,,,,11.0,3.0,
448628,,,,,,,,33.0,,12.0,,,,,,6.0,,1.0,,,,,7.0,,,
448637,,,,,,,,52.0,,,1.0,,,,,24.0,15.0,6.0,,,,0.0,,6.0,,
448646,,,,,,,,18.0,,8.0,,,,,,1.0,,,,,,,,7.0,,
448664,,,,,,,,40.0,,23.0,,,,,,3.0,2.0,,,,,,7.0,5.0,,
448673,,,,,,,,186.0,,43.0,,,,,,39.0,29.0,,,,,,1.0,12.0,,
448691,,,,,,,,25.0,,6.0,,,,,,10.0,0.0,,,,,,,8.0,,
448707,,,,,,,,23.0,,8.0,,,,,,1.0,,,1.0,,,,3.0,2.0,1.0,
448716,,,,,,,,24.0,,7.0,,,,,,3.0,,,1.0,,,,,3.0,3.0,
448734,,,,,,,,47.0,,25.0,,,,,,11.0,,,,,,,,10.0,,
448752,,,,,,,,41.0,,17.0,,,,,,1.0,,,,,,,,2.0,,
448761,,,,,,,,20.0,,7.0,,,,,,2.0,,,,,,,,1.0,,
448770,,,,,,,,31.0,,12.0,,,,,,4.0,2.0,,,,,,9.0,2.0,1.0,
448798,,,,,,,,9.0,,5.0,,,,,,2.0,,,,,,,,1.0,,
448804,,,,,,,,28.0,,13.0,,,,,,11.0,3.0,,,,,,,1.0,,
448822,,,,,,,,8.0,,3.0,,,,,,2.0,,,,,,,,2.0,,
448840,,,,,,,,440.0,,175.0,,,,,,27.0,27.0,11.0,33.0,2.0,,44.0,,58.0,20.0,2.0
448859,,,,,,,,20.0,,11.0,,,,,,2.0,,,,,,,,1.0,1.0,
448886,,,,,,,,964.0,,396.0,3.0,1.0,,,,110.0,90.0,65.0,103.0,11.0,,30.0,,115.0,,3.0
448895,,,,,,,,36.0,,20.0,,,,,,3.0,,,,,,,4.0,9.0,,
448974,,,,,,,,17.0,,11.0,,,,,,3.0,,,,,,,,1.0,,
448983,,,,,,,,20.0,,10.0,,,,,,5.0,,,,,,,,2.0,,
449010,,,,,,,,99.0,,45.0,,,,,,9.0,,,,,,,,43.0,,
449038,,,,,,,,170.0,,93.0,,,,,,20.0,,,,,,,17.0,20.0,,
449074,,,,,,,,44.0,,21.0,,,,,,3.0,,,,,,,,20.0,,
449083,,,,,,,,32.0,,12.0,,,,,,3.0,,2.0,,,,2.0,,1.0,,
449092,,,,,,,,31.0,,12.0,,,,,,3.0,,1.0,,,,2.0,,2.0,,
449117,,,,,,,,46.0,,23.0,,,,,,5.0,3.0,,,2.0,,,6.0,7.0,,
449126,,,,,,,,20.0,,12.0,,,,,,1.0,1.0,,,1.0,,,3.0,2.0,,
449135,,,,,,,,39.0,,18.0,,,,,,5.0,1.0,1.0,,,,2.0,3.0,3.0,2.0,
449144,,,,,,,,39.0,,18.0,,,,,,5.0,1.0,1.0,,,,2.0,3.0,3.0,2.0,
449153,,,,,,,,21.0,,11.0,,,,,,,1.0,1.0,,,,2.0,1.0,2.0,2.0,
449162,,,,,,,,5.0,,4.0,,,,,,1.0,,,,,,,,,,
449171,,,,,,,,7.0,,6.0,,,,,,1.0,,,,,,,,,,
449180,,,,,,,,6.0,,5.0,,,,,,1.0,,,,,,,,,,
449199,,,,,,,,6.0,,5.0,,,,,,1.0,,,,,,,,,,
449205,,,,,,,,5.0,,4.0,,,,,,1.0,,,,,,,,,,
449214,,,,,,,,5.0,,4.0,,,,,,1.0,,,,,,,,,,
449223,,,,,,,,5.0,,4.0,,,,,,1.0,,,,,,,,,,
449232,,,,,,,,5.0,,4.0,,,,,,1.0,,,,,,,,,,
449241,,,,,,,,6.0,,5.0,,,,,,1.0,,,,,,,,,,
449250,,,,,,,,28.0,,12.0,,,,,,2.0,,,,,,,,1.0,,
449269,,,,,,,,50.0,,18.0,,,,,,6.0,2.0,1.0,,,,,,23.0,,
449302,,,,,,,,6.0,,4.0,,,,,,1.0,,,,,,,,,,
449311,,,,,,,,11.0,,6.0,,,,,,,,,,,,,,5.0,,
449320,,,,,,,,54.0,,28.0,,,,,,14.0,,1.0,,,,,,8.0,,
449339,,,,,,,,2012.0,,1040.0,,,,,,274.0,300.0,103.0,13.0,,,18.0,,203.0,,
449348,,,,,,,,14.0,,8.0,1.0,,,,,,1.0,,,,,,,3.0,,
449357,,,,,,,,15.0,,7.0,,,,,,2.0,1.0,,,,,2.0,,3.0,,
449366,,,,,,,,79.0,,23.0,,,,,,9.0,5.0,1.0,3.0,,,5.0,14.0,3.0,1.0,1.0
449384,,,,,,,,64.0,,27.0,,,,,,11.0,4.0,2.0,,,,,,11.0,,
449393,,,,,,,,5.0,,4.0,,,,,,,1.0,,,,,,,,,
449436,,,,,,,,58.0,,7.0,,,,,,19.0,,,,,,,,19.0,,
449445,,,,,,,,15.0,,8.0,,,,,,1.0,1.0,,,,,,,5.0,,
449454,,,,,,,,9.0,,4.0,,,,,,,2.0,,,,,,,1.0,,
449463,,,,,,,,16.0,,13.0,,,,,,,,,,,,,,1.0,,
449472,,,,,,,,8.0,,,,,,,,3.0,,,,,,,,,,
449490,,,,,,,,19.0,,6.0,,,,,,2.0,,,,,,0.0,,10.0,,
449506,,,,,,,,78.0,,28.0,,,,,,9.0,8.0,,10.0,1.0,,8.0,,6.0,5.0,
449524,,,,,,,,30.0,,13.0,,,,,,2.0,4.0,1.0,,,,,,4.0,,
449533,,,,,,,,11.0,,3.0,,,,,,1.0,,,,,,,2.0,4.0,,
449597,,,,,,,,4.0,,2.0,,,,,,1.0,,,,,,,0.0,0.0,,
449603,,,,,,,,18.0,,7.0,,,,,,3.0,6.0,,,,,,,2.0,,
449612,,,,,,,,26.0,,10.0,,,,,,3.0,4.0,,,,,,,,3.0,
449658,,,,,,,,11.0,,6.0,,,,,,1.0,0.0,,,,,2.0,1.0,,,
449667,,,,,,,,23.0,,7.0,,,,,,2.0,2.0,,2.0,,,1.0,3.0,2.0,,
449676,,,,,,,,22.0,,10.0,,,,,,1.0,2.0,,,,,0.0,3.0,6.0,,
449685,,,,,,,,21.0,,6.0,,,,,,4.0,1.0,0.0,,,,3.0,3.0,2.0,,
449700,,,,,,,,25.0,,8.0,,,,,,4.0,2.0,,,,,,4.0,3.0,,
449719,,,,,,,,23.0,,13.0,,,,,,3.0,2.0,,1.0,,,,1.0,2.0,0.0,
449728,,,,,,,,12.0,,5.0,,,,,,1.0,1.0,,,,,,,3.0,,
449746,,,,,,,,29.0,,7.0,,,,,,2.0,,,,,,,,13.0,2.0,3.0
449764,,,,,,,,26.0,,11.0,,,,,,4.0,1.0,,,,,1.0,0.0,1.0,,
449773,,,,,,,,27.0,,6.0,,,,,,4.0,3.0,1.0,0.0,,,,6.0,3.0,,
449782,,,,,,,,4.0,,2.0,,,,,,,2.0,,,,,,,,,
449791,,,,,,,,20.0,,7.0,,,,,,1.0,1.0,,,,,,4.0,2.0,,
449807,,,,,,,,17.0,,8.0,,,,,,4.0,,,,,,1.0,,3.0,1.0,
449816,,,,,,,,38.0,,22.0,,,,,,8.0,,,,,,,,6.0,,
449852,,,,,,,,7.0,,3.0,,,,,,,0.0,,,,,,,3.0,0.0,
449861,,,,,,,,31.0,,17.0,,,,,,2.0,2.0,,,,,,3.0,4.0,,
449870,,,,,,,,58.0,,17.0,1.0,,,,,9.0,,2.0,,,,4.0,,11.0,,
449898,,,,,,,,116.0,,72.0,,,,,,20.0,,,,,,,,24.0,,
449904,,,,,,,,22.0,,9.0,,,,,,3.0,,,,,,,2.0,7.0,,
449922,,,,,,,,56.0,,29.0,1.0,,,,,5.0,1.0,2.0,,,,4.0,,6.0,,
449931,,,,,,,,65.0,,48.0,,,,,,3.0,2.0,,7.0,,,,,4.0,,
449959,,,,,,,,25.0,,18.0,,,,,,1.0,,,,,,,3.0,3.0,,
449968,,,,,,,,28.0,,11.0,,,,,,7.0,,,,,,,3.0,6.0,1.0,
449977,,,,,,,,21.0,,9.0,,,,,,3.0,,,,,,,2.0,5.0,1.0,
449986,,,,,,,,29.0,,16.0,,,,,,3.0,,,,,,,5.0,5.0,0.0,
449995,,,,,,,,28.0,,12.0,,,,,,2.0,,,,,,,7.0,5.0,2.0,
450003,,,,,,,,23.0,,11.0,,,,,,3.0,2.0,,,0.0,,,3.0,3.0,,
450021,,,,,,,,24.0,,12.0,,,,,,1.0,2.0,0.0,1.0,1.0,,2.0,,1.0,1.0,1.0
450049,,,,,,,,48.0,,20.0,,,,,,9.0,,,,,,,,18.0,,
450058,,,,,,,,55.0,,25.0,,,,,,10.0,,0.0,,,,0.0,8.0,11.0,,
450067,,,,,,,,48.0,,28.0,,,,,,3.0,4.0,,,,,1.0,5.0,5.0,,
450076,,,,,,,,38.0,,14.0,,,,,,10.0,,,,,,,,1.0,,
450085,,,,,,,,65.0,,28.0,,,,,,9.0,,,,,,,,26.0,,
450094,,,,,,,,91.0,,38.0,,,,,,11.0,1.0,,,,,,,39.0,,
450119,,,,,,,,31.0,,13.0,,,,,,7.0,2.0,,2.0,,,,3.0,2.0,,
450128,,,,,,,,28.0,,18.0,,,,,,3.0,2.0,,,,,,3.0,1.0,,
450146,,,,,,,,9.0,,4.0,,,,,,1.0,1.0,,,,,,1.0,1.0,,
450173,,,,,,,,1433.0,,321.0,,,,,,136.0,598.0,17.0,1.0,,,3.0,319.0,37.0,,
450182,,,,,,,,15.0,,5.0,,,,,,1.0,,,,,,,,9.0,,
450191,,,,,,,,64.0,,36.0,,,,,,9.0,4.0,,,,,1.0,8.0,4.0,,
450207,,,,,,,,7.0,,7.0,,,,,,,,,,,,,,,,
450216,,,,,,,,61.0,,25.0,,,,,,7.0,3.0,1.0,,,,,,23.0,,
450225,,,,,,,,39.0,,13.0,,,,,,7.0,1.0,1.0,,,,,,16.0,,
450234,,,,,,,,31.0,,17.0,,,,,,5.0,,1.0,,,,,,7.0,,
450243,,,,,,,,56.0,,18.0,,,,,,8.0,,1.0,,,,,,27.0,,
450252,,,,,,,,65.0,,32.0,,,,,,7.0,2.0,1.0,,,,,,21.0,,
450261,,,,,,,,24.0,,9.0,,,,,,4.0,,1.0,,,,,,10.0,,
450270,,,,,,,,29.0,,15.0,,,,,,3.0,,1.0,,,,,,9.0,,
450289,,,,,,,,59.0,,28.0,,,,,,7.0,4.0,1.0,,,,1.0,10.0,7.0,,
450298,,,,,,,,15.0,,5.0,,,,,,3.0,,,,,,,2.0,2.0,,
450304,,,,,,,,43.0,,17.0,,,,,,5.0,3.0,1.0,3.0,,,1.0,,8.0,0.0,
450377,,,,,,,,30.0,,15.0,,,,,,4.0,,,,,,,5.0,4.0,,
450395,,,,,,,,33.0,,12.0,,,,,,8.0,1.0,0.0,,,,1.0,7.0,4.0,,0.0
450401,,,,,,,,60.0,,30.0,,,,,,2.0,2.0,2.0,6.0,,,1.0,3.0,6.0,5.0,
450429,,,,,,,,18.0,,9.0,,,,,,3.0,,,,,,,,1.0,,
450447,,,,,,,,10.0,,5.0,,,,,,1.0,1.0,1.0,,,,,,,,
450456,,,,,,,,27.0,,24.0,,,,,,3.0,,,,,,,,,,
450465,,,,,,,,39.0,,20.0,,,,,,3.0,4.0,1.0,,,,,5.0,1.0,,
450483,,,,,,,,23.0,,18.0,,,,,,2.0,,,,,,,,3.0,,
450526,,,,,,,,51.0,,22.0,,,,,,9.0,,,,,,,,18.0,,
450535,,,,,,,,38.0,,19.0,,,,,,6.0,,,,,,,,13.0,,
450544,,,,,,,,37.0,,17.0,,,,,,7.0,,,,,,,,12.0,,
450571,,,,,,,,96.0,,31.0,,,,,,12.0,1.0,,,,,,1.0,7.0,,
450580,,,,,,,,6.0,,3.0,,,,,,1.0,,,,,,,,1.0,,
450599,,,,,,,,8.0,,5.0,,,,,,1.0,,,,,,,,1.0,,
450605,,,,,,,,9.0,,6.0,,,,,,1.0,,,,,,,,1.0,,
450614,,,,,,,,9.0,,5.0,,,,,,1.0,,,,,,,,1.0,,
450623,,,,,,,,11.0,,7.0,,,,,,2.0,,,,,,,,1.0,,
450632,,,,,,,,36.0,,11.0,,,,,,3.0,1.0,,,,,17.0,,4.0,,
450641,,,,,,,,11.0,,9.0,,,,,,1.0,,,,,,,,,,
450650,,,,,,,,29.0,,16.0,,,,,,,4.0,,,,,1.0,5.0,2.0,,
450669,,,,,,,,12.0,,5.0,,,,,,3.0,,,,,,,3.0,1.0,,
450678,,,,,,,,23.0,,12.0,,,,,,4.0,,,,,,,1.0,2.0,0.0,
450696,,,,,,,,31.0,,10.0,,,,,,11.0,,,,,,1.0,,1.0,,
450702,,,,,,,,35.0,,12.0,,,,,,12.0,,,,,,1.0,,1.0,,
450720,,,,,,,,21.0,,9.0,,,,,,7.0,,,,,,,,3.0,,
450739,,,,,,,,15.0,,9.0,,,,,,2.0,,0.0,,,,,,3.0,,
450757,,,,,,,,9.0,,7.0,,,,,,1.0,,,,,,,,,,
450766,,,,,,,,20.0,,14.0,,,,,,5.0,,,,,,,,1.0,,
450784,,,,,,,,7.0,,6.0,,,,,,1.0,,,,,,,,,,
450793,,,,,,,,7.0,,6.0,,,,,,1.0,,,,,,,,,,
450809,,,,,,,,5.0,,4.0,,,,,,1.0,,,,,,,,,,
450818,,,,,,,,4.0,,4.0,,,,,,,,,,,,,,,,
450827,,,,,,,,6.0,,5.0,,,,,,1.0,,,,,,,,,,
450836,,,,,,,,6.0,,5.0,,,,,,1.0,,,,,,,,,,
450845,,,,,,,,5.0,,4.0,,,,,,1.0,,,,,,,,,,
450854,,,,,,,,6.0,,5.0,,,,,,1.0,,,,,,,,,,
450863,,,,,,,,5.0,,4.0,,,,,,1.0,,,,,,,,,,
450872,,,,,,,,6.0,,5.0,,,,,,1.0,,,,,,,,,,
450881,,,,,,,,5.0,,4.0,,,,,,1.0,,,,,,,,,,
450933,,,,,,,,685.0,,273.0,,,,,,53.0,21.0,,,,,9.0,23.0,112.0,,3.0
450942,,,,,,,,108.0,,64.0,,,,,,14.0,3.0,3.0,5.0,,,1.0,,9.0,,
450951,,,,,,,,22.0,,10.0,,,,,,3.0,,,,,,2.0,2.0,5.0,,
450960,,,,,,,,12.0,,3.0,,,,,,3.0,,,,,,,1.0,4.0,,
450979,,,,,,,,362.0,,159.0,,,,,,44.0,8.0,19.0,25.0,,,1.0,53.0,49.0,,
450988,,,,,,,,11.0,,6.0,,,,,,1.0,1.0,,,,,,,2.0,,
451006,,,,,,,,16.0,,5.0,,,,,,2.0,3.0,,,,,,1.0,1.0,,
451015,,,,,,,,16.0,,6.0,,,,,,5.0,1.0,,,,,,,2.0,,
451033,,,,,,,,1.0,,1.0,,,,,,,,,,,,,,,,
451042,,,,,,,,9.0,,4.0,,,,,,,1.0,,,,,,0.0,1.0,,
451051,,,,,,,,6.0,,3.0,,,,,,2.0,,,,,,,,1.0,,
451060,,,,,,,,46.0,,18.0,,,,,,11.0,,4.0,,,,,,6.0,,
451079,,,,,,,,9.0,,,,,,,,,,,,,,,,,,
451097,,,,,,,,16.0,,7.0,,,,,,,,,,1.0,,1.0,,,1.0,
451103,,,,,,,,85.0,,32.0,,,,,,11.0,3.0,4.0,,,,5.0,4.0,2.0,3.0,
451121,,,,,,,,20.0,,11.0,,,,,,1.0,,,,,,,,8.0,,
451130,,,,,,,,24.0,,12.0,,,,,,3.0,3.0,2.0,,,,,,3.0,0.0,
451149,,,,,,,,64.0,,34.0,,,,,,4.0,2.0,,,,,,13.0,5.0,4.0,
451158,,,,,,,,76.0,,36.0,,,,,,5.0,3.0,,,,,,20.0,6.0,3.0,
451167,,,,,,,,17.0,,10.0,,,,,,2.0,1.0,,,,,,1.0,1.0,1.0,
451194,,,,,,,,6.0,,4.0,,,,,,,,,,,,,,1.0,,
451219,,,,,,,,2.0,,1.0,,,,,,,,,,,,,,1.0,,
451228,,,,,,,,9.0,,6.0,,,,,,,,,,,,,,3.0,,
451237,,,,,,,,12.0,,11.0,,,,,,1.0,,,,,,,,,,
451255,,,,,,,,6.0,,2.0,,,,,,2.0,0.0,,,,,,,1.0,,
451264,,,,,,,,13.0,,4.0,,,,,,4.0,,0.0,,,,,,1.0,,
451282,,,,,,,,9.0,,5.0,,,,,,1.0,1.0,,,,,,0.0,1.0,,
451291,,,,,,,,3.0,,,,,,,,1.0,,,,2.0,,,,,,
451307,,,,,,,,7.0,,2.0,,,,,,1.0,,,,,,,,2.0,1.0,
451316,,,,,,,,5.0,,3.0,,,,,,,1.0,,,,,,,1.0,,
451334,,,,,,,,14.0,,7.0,,,,,,2.0,1.0,,,,,,2.0,1.0,,
451343,,,,,,,,10.0,,5.0,,,,,,1.0,2.0,,,,,,,2.0,,
451352,,,,,,,,47.0,,23.0,,,,,,6.0,2.0,,,,,,,16.0,,
451361,,,,,,,,5.0,,3.0,,,,,,2.0,,,,,,,,,,
451370,,,,,,,,7.0,,5.0,,,,,,,,,,,,,,0.0,1.0,
451398,,,,,,,,18.0,,9.0,,,,,,1.0,3.0,,,,,,,0.0,4.0,
451404,,,,,,,,33.0,,28.0,,,,,,1.0,1.0,,,,,1.0,,2.0,,
451413,,,,,,,,60.0,,26.0,,,,,,14.0,4.0,,,,,,,10.0,4.0,
451459,,,,,,,,24.0,,11.0,,,,,,3.0,1.0,,,,,,,4.0,1.0,
451468,,,,,,,,30.0,,11.0,,,,,,2.0,4.0,1.0,,,,1.0,5.0,5.0,,
451477,,,,,,,,14.0,,6.0,,,,,,1.0,1.0,1.0,,,,,,2.0,,
451495,,,,,,,,4.0,,1.0,,,,,,1.0,0.0,,,,,,1.0,,,
451501,,,,,,,,32.0,,14.0,,,,,,4.0,,,,,,1.0,,,,
451510,,,,,,,,93.0,,41.0,,,,,,12.0,2.0,4.0,,,,4.0,,11.0,,
451529,,,,,,,,4.0,,4.0,,,,,,,,,,,,,,,,
451538,,,,,,,,20.0,,12.0,,,,,,,4.0,,,,,,,4.0,,
451547,,,,,,,,4.0,,2.0,,,,,,,2.0,,,,,,,,,
451556,,,,,,,,163.0,,76.0,,,,,,,,4.0,2.0,,,,13.0,24.0,8.0,2.0
451565,,,,,,,,27.0,,12.0,,,,,,5.0,,,,,,,3.0,7.0,,
451574,,,,,,,,18.0,,10.0,,,,,,1.0,,,,,,,5.0,2.0,,
451583,,,,,,,,40.0,,22.0,,,,,,7.0,1.0,,,,,1.0,2.0,7.0,,
451617,,,,,,,,4.0,,2.0,,,,,,1.0,1.0,,,,,,,,,
451626,,,,,,,,13.0,,7.0,,,,,,2.0,1.0,,,,,,,2.0,,
451635,,,,,,,,5.0,,2.0,,,,,,1.0,0.0,,,,,0.0,,1.0,,
451644,,,,,,,,2.0,,2.0,,,,,,,,,,,,,,,,
451653,,,,,,,,7.0,,3.0,,,,,,1.0,,,,,,1.0,,2.0,,
451662,,,,,,,,740.0,,335.0,,,,,,73.0,2.0,,,,,,,324.0,,
451671,,,,,,,,203.0,,91.0,,,,,,20.0,14.0,7.0,18.0,,,1.0,,38.0,1.0,
451699,,,,,,,,81.0,,28.0,,,,,,15.0,,,,,,,,34.0,3.0,
451705,,,,,,,,14.0,,5.0,,,,,,1.0,,,,,,,,2.0,,
451714,,,,,,,,32.0,,18.0,,,,,,1.0,2.0,,,,,1.0,3.0,,,
451741,,,,,,,,72.0,,17.0,,,,,,18.0,13.0,1.0,2.0,1.0,,1.0,3.0,13.0,1.0,
451750,,,,,,,,93.0,,47.0,,,,,,9.0,1.0,2.0,17.0,,,2.0,1.0,9.0,,
451769,,,,,,,,31.0,,14.0,,,,,,6.0,,,,,,,,2.0,,
451796,,,,,,,,103.0,,44.0,,,,,,11.0,1.0,,,,,,,45.0,,
451820,,,,,,,,110.0,,50.0,,,,,,12.0,1.0,,,,,,,45.0,,
451848,,,,,,,,54.0,,28.0,,,,,,6.0,,,,,,,,19.0,,
451857,,,,,,,,35.0,,19.0,,,,,,6.0,1.0,,,,,,3.0,6.0,,
451866,,,,,,,,41.0,,26.0,,,,,,6.0,2.0,,,,,0.0,3.0,4.0,,
451875,,,,,,,,14.0,,4.0,,,,,,3.0,,,6.0,,,,,1.0,,
451884,,,,,,,,19.0,,8.0,,,,,,2.0,,,7.0,,,,,1.0,,
451909,,,,,,,,35.0,,15.0,,,,,,2.0,2.0,,,,,,6.0,2.0,,
451918,,,,,,,,12.0,,6.0,,,,,,1.0,,,,,,,,4.0,,
451936,,,,,,,,40.0,,19.0,,,,,,5.0,,1.0,,,,,,13.0,,
451945,,,,,,,,57.0,,29.0,,,,,,7.0,2.0,1.0,,,,,,17.0,,
451954,,,,,,,,22.0,,8.0,,,,,,4.0,,1.0,,,,,,8.0,,
451963,,,,,,,,38.0,,13.0,,,,,,7.0,1.0,1.0,,,,,,14.0,,
451972,,,,,,,,31.0,,16.0,,,,,,5.0,,1.0,,,,,,8.0,,
451981,,,,,,,,21.0,,10.0,,,,,,3.0,,1.0,,,,,,7.0,,
451990,,,,,,,,51.0,,25.0,,,,,,7.0,1.0,1.0,,,,,,15.0,,
452009,,,,,,,,4.0,,3.0,,,,,,1.0,,,,,,,,,,
452018,,,,,,,,60.0,,29.0,,,,,,8.0,,,,,,,,22.0,,
452027,,,,,,,,67.0,,29.0,,,,,,8.0,,,,,,,,31.0,,
452036,,,,,,,,27.0,,10.0,,,,,,2.0,4.0,,,,,,5.0,3.0,,
452045,,,,,,,,31.0,,11.0,,,,,,2.0,5.0,,,,,,7.0,2.0,,
452054,,,,,,,,34.0,,14.0,,,,,,3.0,4.0,,,,,,6.0,2.0,,
452063,,,,,,,,53.0,,24.0,,,,,,4.0,5.0,,,,,,13.0,2.0,,
452072,,,,,,,,18.0,,9.0,,,,,,3.0,,,,,,,,1.0,,
452081,,,,,,,,40.0,,19.0,,,,,,5.0,,,,,,,,1.0,,
452090,,,,,,,,24.0,,12.0,,,,,,5.0,,,,,,,,6.0,,
452106,,,,,,,,18.0,,8.0,,,,,,1.0,,,,,,,,2.0,2.0,
452115,,,,,,,,84.0,,47.0,,,,,,10.0,5.0,1.0,,,,1.0,12.0,7.0,,
452124,,,,,,,,36.0,,20.0,,,,,,6.0,1.0,,,,,,5.0,1.0,,
452373,,,,,,,,60.0,,35.0,,,,,,1.0,4.0,1.0,,,,,9.0,8.0,,
452540,,,,,,,,4.0,,1.0,,,,,,1.0,1.0,,,,,,,1.0,,
452771,,,,,,,,1.0,,1.0,,,,,,0.0,,,,,,,,0.0,,
452780,,,,,,,,1.0,,1.0,,,,,,0.0,,,,,,,,0.0,,
452887,,,,,,,,8.0,,5.0,,,,,,2.0,,,,,,,,1.0,,
452948,,,,,,,,49.0,,28.0,,,,,,7.0,,1.0,,,,1.0,,9.0,,
453075,,,,,,,,7.0,,5.0,,,,,,1.0,,,,,,,,1.0,,
453109,,,,,,,,14.0,,7.0,,,,,,1.0,1.0,,,,,,3.0,1.0,,
453163,,,,,,,,133.0,,65.0,,,,,,15.0,,1.0,,,,,22.0,17.0,,
453215,,,,,,,,49.0,,22.0,,,,,,5.0,,,,,,,7.0,9.0,,
453297,,,,,,,,13.0,,3.0,,,,,,4.0,,,,,,3.0,0.0,1.0,,
453455,,,,,,,,27.0,,17.0,,,,,,1.0,,,,,,,3.0,6.0,,
453464,,,,,,,,27.0,,18.0,,,,,,1.0,,,,,,,3.0,5.0,,
453473,,,,,,,,33.0,,16.0,,,,,,3.0,,,,,,,5.0,8.0,,
453482,,,,,,,,15.0,,9.0,,,,,,1.0,,,,,,,2.0,3.0,,
453552,,,,,,,,14.0,,8.0,,,,,,2.0,,,,,,,,1.0,,
453570,,,,,,,,4.0,,2.0,,,,,,1.0,,,,,,,,,,
453747,,,,,,,,21.0,,9.0,,,,,,2.0,,1.0,,,,,2.0,3.0,,
453756,,,,,,,,14.0,,7.0,,,,,,2.0,1.0,1.0,,,,,,1.0,,
453817,,,,,,,,36.0,,15.0,,,,,,2.0,1.0,,,,,,2.0,5.0,8.0,
454078,,,,,,,,9.0,,7.0,,,,,,1.0,,,,,,,,,,
454175,,,,,,,,43.0,,17.0,,,,,,7.0,3.0,,2.0,1.0,,4.0,,5.0,1.0,
454184,,,,,,,,82.0,,33.0,,,,,,26.0,2.0,2.0,2.0,,,3.0,,12.0,,
454218,,,,,,,,237.0,,,,,,,,102.0,72.0,6.0,2.0,,,,,16.0,,
454227,,,,,,,,345.0,,239.0,,,,,,20.0,1.0,1.0,,,,,,14.0,,
454236,,,,,,,,92.0,,42.0,,,,,,13.0,1.0,2.0,,,,1.0,,9.0,,
454245,,,,,,,,92.0,,36.0,,,,,,12.0,2.0,1.0,,,,,,8.0,,
454306,,,,,,,,19.0,,8.0,,,,,,4.0,1.0,,,,,,3.0,2.0,,
454315,,,,,,,,6.0,,5.0,,,,,,1.0,,,,,,,,,,
454324,,,,,,,,6.0,,5.0,,,,,,1.0,,,,,,,,,,
454333,,,,,,,,6.0,,5.0,,,,,,1.0,,,,,,,,,,
454342,,,,,,,,6.0,,5.0,,,,,,1.0,,,,,,,,,,
454351,,,,,,,,6.0,,5.0,,,,,,1.0,,,,,,,,,,
454360,,,,,,,,7.0,,6.0,,,,,,1.0,,,,,,,,,,
454379,,,,,,,,6.0,,5.0,,,,,,1.0,,,,,,,,,,
454388,,,,,,,,6.0,,5.0,,,,,,1.0,,,,,,,,,,
454397,,,,,,,,6.0,,5.0,,,,,,1.0,,,,,,,,,,
454458,,,,,,,,15.0,,2.0,,,,,,7.0,2.0,,,,,,1.0,1.0,,
454467,,,,,,,,6.0,,5.0,,,,,,1.0,,,,,,,,,,
454476,,,,,,,,4.0,,4.0,,,,,,,,,,,,,,,,
454485,,,,,,,,5.0,,4.0,,,,,,1.0,,,,,,,,,,
454494,,,,,,,,7.0,,6.0,,,,,,1.0,,,,,,,,,,
454500,,,,,,,,6.0,,5.0,,,,,,1.0,,,,,,,,,,
454519,,,,,,,,6.0,,5.0,,,,,,1.0,,,,,,,,,,
454528,,,,,,,,6.0,,5.0,,,,,,1.0,,,,,,,,,,
454537,,,,,,,,12.0,,6.0,,,,,,1.0,1.0,,,,,,2.0,2.0,,
454546,,,,,,,,10.0,,6.0,,,,,,1.0,,,,,,,1.0,2.0,,
454555,,,,,,,,19.0,,10.0,,,,,,2.0,,,,,,,1.0,5.0,,
454573,,,,,,,,23.0,,12.0,,,,,,3.0,,,,,,,1.0,6.0,,
454591,,,,,,,,19.0,,10.0,,,,,,4.0,,,,,,,,1.0,,
454607,,,,,,,,28.0,,16.0,,,,,,2.0,3.0,,,,,,3.0,3.0,,
454616,,,,,,,,40.0,,18.0,,,,,,5.0,,,,,,,,4.0,,
454625,,,,,,,,63.0,,35.0,,,,,,6.0,4.0,,,,,,11.0,6.0,,
454652,,,,,,,,20.0,,9.0,,,,,,2.0,2.0,,,,,1.0,4.0,2.0,,
454689,,,,,,,,55.0,,27.0,,,,,,11.0,,1.0,,,,,,16.0,,
454698,,,,,,,,57.0,,17.0,,,,,,8.0,8.0,2.0,,,,,,6.0,,
454704,,,,,,,,4.0,,3.0,,,,,,1.0,0.0,,,,,,,,,
454722,,,,,,,,4.0,,2.0,,,,,,1.0,,,,,,,,2.0,,
454740,,,,,,,,22.0,,15.0,,,,,,2.0,1.0,,,,,,1.0,,,
454759,,,,,,,,3.0,,,,,,,,3.0,,,,,,,,,,
454768,,,,,,,,23.0,,12.0,,,,,,3.0,,,,,,,4.0,4.0,,
454777,,,,,,,,29.0,,13.0,,,,,,9.0,,,,,,,3.0,3.0,1.0,
454786,,,,,,,,87.0,,37.0,,,,,,7.0,10.0,3.0,2.0,,,,11.0,6.0,,
454795,,,,,,,,11.0,,3.0,,,,,,4.0,,,,,,,,,,
454801,,,,,,,,9.0,,3.0,,,,,,3.0,,,,,,,,3.0,,
454810,,,,,,,,40.0,,17.0,,,,,,1.0,4.0,,,,,2.0,10.0,2.0,,1.0
454829,,,,,,,,62.0,,15.0,,,,,,7.0,3.0,5.0,,,,,,,,
454838,,,,,,,,4.0,,2.0,,,,,,,1.0,,,,,,,1.0,,
454847,,,,,,,,5.0,,3.0,,,,,,1.0,,,,,,,,1.0,,
454856,,,,,,,,78.0,,48.0,,,,,,8.0,,1.0,,2.0,,,,5.0,1.0,
454865,,,,,,,,30.0,,17.0,,,,,,3.0,2.0,,,,,,2.0,2.0,,
454874,,,,,,,,9.0,,4.0,,,,,,1.0,1.0,,,,,,1.0,1.0,,
454883,,,,,,,,49.0,,15.0,,,,,,11.0,,1.0,,,,,,22.0,,
454892,,,,,,,,4.0,,1.0,,,,,,1.0,1.0,,,,,,,,,
454908,,,,,,,,12.0,,3.0,,,,,,2.0,1.0,,,,,,,1.0,1.0,
454917,,,,,,,,15.0,,6.0,,,,,,4.0,1.0,,,,,,,2.0,,
454926,,,,,,,,27.0,,17.0,,,,,,3.0,1.0,,,,,1.0,1.0,4.0,,
454935,,,,,,,,14.0,,5.0,,,,,,2.0,1.0,,,,,2.0,,2.0,,
454944,,,,,,,,16.0,,9.0,,,,,,,2.0,,,,,,4.0,,,
454953,,,,,,,,1.0,,1.0,,,,,,,,,,,,,,,,
454962,,,,,,,,4.0,,2.0,,,,,,,,,,,,,,,,
454971,,,,,,,,16.0,,10.0,,,,,,2.0,,,,,,,1.0,2.0,,
454980,,,,,,,,12.0,,7.0,,,,,,2.0,,,,,,,1.0,1.0,,
454999,,,,,,,,13.0,,8.0,,,,,,2.0,,,,,,,1.0,2.0,,
455008,,,,,,,,13.0,,9.0,,,,,,1.0,,,,,,,1.0,1.0,,
455017,,,,,,,,7.0,,3.0,,,,,,1.0,,,,,,,,3.0,,
455026,,,,,,,,15.0,,8.0,,,,,,5.0,1.0,,,,,,,1.0,,
455035,,,,,,,,14.0,,8.0,,,,,,1.0,,,,,,,,1.0,,
455053,,,,,,,,4.0,,1.0,,,,,,,1.0,,,,,,,2.0,,
455062,,,,,,,,5.0,,2.0,,,,,,0.0,,,,,,,,2.0,,
455071,,,,,,,,7.0,,3.0,,,,,,1.0,0.0,,,,,,,3.0,,
455080,,,,,,,,13.0,,6.0,,,,,,2.0,2.0,,,,,,1.0,2.0,0.0,
455099,,,,,,,,21.0,,7.0,,,,,,1.0,3.0,,,,,0.0,,5.0,,
455105,,,,,,,,13.0,,7.0,,,,,,4.0,,,,,,,,2.0,,
455114,,,,,,,,646.0,,272.0,,,,,,72.0,31.0,12.0,29.0,0.0,,18.0,,68.0,5.0,1.0
455141,,,,,,,,30.0,,15.0,,,,,,1.0,,,,,,,,7.0,,
455169,,,,,,,,129.0,,69.0,,,,,,23.0,,3.0,6.0,,,,,20.0,,
455178,,,,,,,,24.0,,10.0,,,,,,4.0,1.0,,,,,2.0,0.0,5.0,,
455187,,,,,,,,9.0,,4.0,,,,,,1.0,1.0,,,,,,,1.0,1.0,
455196,,,,,,,,186.0,,110.0,,,,,,10.0,8.0,2.0,,,,,12.0,6.0,,
455202,,,,,,,,30.0,,8.0,,,,,,5.0,2.0,1.0,,,,,,10.0,,
455211,,,,,,,,27.0,,16.0,,,,,,2.0,1.0,,,,,,5.0,4.0,,
455220,,,,,,,,11.0,,6.0,,,,,,,,,,,,,1.0,4.0,,
455239,,,,,,,,12.0,,8.0,,,,,,2.0,1.0,,,,,,,1.0,,
455257,,,,,,,,20.0,,14.0,,,,,,3.0,1.0,,,,,,,2.0,1.0,
455275,,,,,,,,35.0,,15.0,,,,,,1.0,,,,,,,,12.0,,
455284,,,,,,,,23.0,,15.0,,,,,,4.0,2.0,,,,,,,2.0,,
455293,,,,,,,,2.0,,1.0,,,,,,,,,,,,,,1.0,,
455327,,,,,,,,5.0,,1.0,,,,,,3.0,,,,,,,,1.0,,
455336,,,,,,,,23.0,,6.0,,,,,,2.0,3.0,,1.0,,,7.0,1.0,3.0,,
455345,,,,,,,,12.0,,5.0,,,,,,2.0,1.0,,,,,,1.0,,,
455354,,,,,,,,48.0,,24.0,,,,,,4.0,3.0,,,,,,9.0,,2.0,
455381,,,,,,,,12.0,,4.0,,,,,,2.0,2.0,,,,,,,1.0,,
455390,,,,,,,,30.0,,9.0,,,,,,7.0,2.0,,,,,0.0,4.0,4.0,,
455406,,,,,,,,106.0,,24.0,2.0,,,,,15.0,7.0,6.0,,,,5.0,,9.0,,
455424,,,,,,,,58.0,,22.0,,,,,,5.0,,,,,,,6.0,4.0,,
455433,,,,,,,,17.0,,9.0,,,,,,3.0,,,,,,,,2.0,,
455460,,,,,,,,15.0,,7.0,,,,,,4.0,2.0,,,,,,2.0,0.0,,
455479,,,,,,,,59.0,,26.0,,,,,,14.0,3.0,,,,,,8.0,4.0,,
455488,,,,,,,,25.0,,12.0,,,,,,5.0,1.0,,,,,,,1.0,,
455512,,,,,,,,103.0,,66.0,,,,,,6.0,,,4.0,,,7.0,,16.0,,
455549,,,,,,,,13.0,,4.0,,,,,,1.0,,,,,,,,0.0,,
455558,,,,,,,,14.0,,6.0,,,,,,2.0,,,,,,,,,,
455567,,,,,,,,23.0,,7.0,,,,,,1.0,2.0,,,,,,3.0,1.0,,
455585,,,,,,,,23.0,,12.0,,,,,,3.0,,,,,,,,1.0,,
455600,,,,,,,,37.0,,14.0,,,,,,8.0,1.0,,,,,,,11.0,,
455619,,,,,,,,58.0,,27.0,,,,,,11.0,,,,,,,,17.0,,
455628,,,,,,,,41.0,,21.0,,,,,,5.0,4.0,,,,,,,11.0,,
455655,,,,,,,,59.0,,30.0,,,,,,4.0,2.0,,1.0,1.0,,2.0,7.0,11.0,,
455664,,,,,,,,79.0,,27.0,,,,,,25.0,3.0,,1.0,,,,1.0,7.0,,
455673,,,,,,,,4.0,,3.0,,,,,,1.0,0.0,,,,,,,,,
455682,,,,,,,,11.0,,6.0,,,,,,2.0,,,,,,,,,,
455707,,,,,,,,5.0,,4.0,,,,,,,,,,,,,,,,
455716,,,,,,,,80.0,,44.0,,,,,,10.0,3.0,,,,,1.0,15.0,6.0,,
455725,,,,,,,,37.0,,17.0,,,,,,8.0,3.0,,,,,,3.0,6.0,,
455734,,,,,,,,17.0,,11.0,,,,,,2.0,1.0,,,,,,1.0,2.0,,
455752,,,,,,,,13.0,,4.0,,,,,,2.0,0.0,0.0,,,,,2.0,1.0,,
455761,,,,,,,,37.0,,19.0,,,,,,2.0,1.0,,2.0,,,3.0,3.0,5.0,2.0,
455770,,,,,,,,25.0,,7.0,,,,,,1.0,2.0,,2.0,,,3.0,2.0,8.0,,
455798,,,,,,,,5.0,,3.0,,,,,,0.0,1.0,,,,,,,1.0,,
455804,,,,,,,,58.0,,34.0,,,,,,,,,,,,,,15.0,,
455813,,,,,,,,17.0,,11.0,0.0,,,,,2.0,,,,,,,,3.0,,
455831,,,,,,,,10.0,,2.0,,,,,,2.0,,,,,,,2.0,3.0,,
455840,,,,,,,,14.0,,8.0,,,,,,1.0,,,1.0,,,,1.0,1.0,,
455859,,,,,,,,23.0,,11.0,,,,,,3.0,2.0,,1.0,,,,,4.0,,
455868,,,,,,,,13.0,,4.0,,,,,,2.0,2.0,,,,,1.0,3.0,1.0,,
455877,,,,,,,,34.0,,16.0,,,,,,4.0,3.0,,,,,,8.0,,1.0,
455886,,,,,,,,14.0,,8.0,,,,,,1.0,,,,,,,1.0,2.0,,
455895,,,,,,,,12.0,,8.0,,,,,,2.0,,,,,,,,2.0,,
455901,,,,,,,,27.0,,12.0,,,,,,8.0,0.0,,,,,,3.0,4.0,,
455910,,,,,,,,5.0,,,,,,,,,,,,,,,,5.0,,
455929,,,,,,,,8.0,,4.0,,,,,,,2.0,,,,,,,2.0,,
455947,,,,,,,,14.0,,7.0,,,,,,2.0,1.0,,,,,,1.0,3.0,,
455956,,,,,,,,17.0,,1.0,,,,,,1.0,,,,5.0,,1.0,,8.0,,
455965,,,,,,,,15.0,,8.0,,,,,,3.0,1.0,,,,,,,2.0,,
455974,,,,,,,,27.0,,11.0,,,,,,5.0,1.0,,,,,,,10.0,,
455983,,,,,,,,35.0,,13.0,,,,,,4.0,4.0,3.0,,,,,,6.0,,
455992,,,,,,,,62.0,,27.0,,,,,,17.0,4.0,2.0,0.0,,,,,9.0,,
456001,,,,,,,,11.0,,5.0,,,,,,2.0,,,,,,,,4.0,,
456010,,,,,,,,26.0,,14.0,,,,,,2.0,,,,,,,,9.0,,
456029,,,,,,,,15.0,,6.0,,,,,,2.0,2.0,,,,,,,4.0,,
456038,,,,,,,,33.0,,13.0,,,,,,1.0,,,,,,1.0,,18.0,,
456056,,,,,,,,66.0,,37.0,,,,,,8.0,4.0,,,,,1.0,10.0,4.0,,
456065,,,,,,,,23.0,,15.0,,,,,,2.0,1.0,,,,,,0.0,,,
456074,,,,,,,,27.0,,15.0,,,,,,1.0,1.0,,,,,,,,,
456092,,,,,,,,9.0,,5.0,,,,,,,,,,,,,1.0,4.0,,
456126,,,,,,,,9.0,,5.0,,,,,,2.0,,,,,,,,1.0,,
456135,,,,,,,,9.0,,7.0,,,,,,,,,,,,,,1.0,,
456144,,,,,,,,10.0,,3.0,,,,,,1.0,,,,,,3.0,1.0,2.0,,
456153,,,,,,,,11.0,,4.0,,,,,,1.0,1.0,,,,,,1.0,4.0,,
456180,,,,,,,,36.0,,23.0,,,,,,6.0,,,,,,,,4.0,,
456205,,,,,,,,49.0,,27.0,,,,,,4.0,2.0,,,,,,7.0,7.0,,
456214,,,,,,,,25.0,,8.0,,,,,,2.0,4.0,1.0,,,,,5.0,1.0,1.0,
456287,,,,,,,,16.0,,8.0,,,,,,1.0,,,,,,2.0,,3.0,,
456296,,,,,,,,83.0,,48.0,,,,,,6.0,10.0,,,,,,5.0,,,
456302,,,,,,,,26.0,,10.0,,,,,,3.0,3.0,,,,,,6.0,1.0,,
456311,,,,,,,,19.0,,13.0,,,,,,,,,,,,,2.0,1.0,,
456320,,,,,,,,35.0,,23.0,,,,,,,,,,,,,,5.0,,
456339,,,,,,,,35.0,,23.0,,,,,,,,,,,,,,3.0,,
456348,,,,,,,,802.0,,416.0,,,,,,42.0,2.0,,,,,,,339.0,,
456357,,,,,,,,52.0,,28.0,,,,,,8.0,6.0,,,,,,7.0,2.0,,
456366,,,,,,,,42.0,,20.0,,,,,,10.0,4.0,,,,,,5.0,2.0,,
456375,,,,,,,,32.0,,15.0,,,,,,7.0,3.0,,,,,,5.0,1.0,,
456393,,,,,,,,29.0,,11.0,,,,,,3.0,1.0,1.0,,,,,,12.0,,
456409,,,,,,,,27.0,,13.0,,,,,,4.0,,1.0,,,,,,8.0,,
456418,,,,,,,,32.0,,16.0,,,,,,4.0,,1.0,,,,,,10.0,,
456427,,,,,,,,24.0,,8.0,,,,,,4.0,,1.0,,,,,,10.0,,
456436,,,,,,,,44.0,,19.0,,,,,,7.0,2.0,1.0,,,,,,12.0,,
456445,,,,,,,,45.0,,16.0,,,,,,7.0,2.0,1.0,,,,,,17.0,,
456454,,,,,,,,41.0,,24.0,,,,,,8.0,,,,,,,2.0,6.0,,
456481,,,,,,,,15.0,,7.0,,,,,,2.0,,,,,,,,6.0,,
456490,,,,,,,,22.0,,13.0,,,,,,1.0,,,,,,,1.0,5.0,1.0,
456506,,,,,,,,13.0,,6.0,,,,,,3.0,,,,,,,,0.0,,
456515,,,,,,,,16.0,,8.0,,,,,,3.0,,,,,,,,1.0,,
456542,,,,,,,,147.0,,36.0,5.0,,,,,37.0,9.0,12.0,,,,7.0,,19.0,,
456551,,,,,,,,9.0,,4.0,,,,,,5.0,,,,,,,,,,
456560,,,,,,,,24.0,,9.0,,,,,,1.0,,1.0,1.0,,,5.0,,5.0,,1.0
456588,,,,,,,,4.0,,4.0,,,,,,,,,,,,,,,,
456597,,,,,,,,9.0,,6.0,,,,,,,,,,,,,1.0,2.0,,
456612,,,,,,,,61.0,,26.0,,,,,,11.0,,,,,,,,22.0,,
456621,,,,,,,,12.0,,6.0,,,,,,,,,,,,,2.0,2.0,,
456719,,,,,,,,7.0,,6.0,,,,,,1.0,,,,,,,,,,
456728,,,,,,,,6.0,,5.0,,,,,,1.0,,,,,,,,,,
456737,,,,,,,,7.0,,6.0,,,,,,1.0,,,,,,,,,,
456746,,,,,,,,6.0,,5.0,,,,,,1.0,,,,,,,,,,
456755,,,,,,,,5.0,,4.0,,,,,,1.0,,,,,,,,,,
456764,,,,,,,,5.0,,4.0,,,,,,1.0,,,,,,,,,,
456773,,,,,,,,5.0,,4.0,,,,,,1.0,,,,,,,,,,
456782,,,,,,,,22.0,,9.0,,,,,,5.0,,,,,,,,3.0,,
456791,,,,,,,,66.0,,30.0,,,,,,9.0,1.0,,,,,,,23.0,,
456807,,,,,,,,22.0,,13.0,,,,,,4.0,,,,,,,,1.0,,
456816,,,,,,,,24.0,,13.0,,,,,,4.0,,,,,,,,2.0,,
456825,,,,,,,,7.0,,5.0,,,,,,,,,,,,,1.0,1.0,,
456834,,,,,,,,16.0,,6.0,,,,,,5.0,,,,,,,,1.0,,
456861,,,,,,,,22.0,,8.0,,,,,,1.0,,,,,,3.0,,10.0,,
456922,,,,,,,,30.0,,11.0,,,,,,4.0,3.0,,,,,1.0,5.0,6.0,,
456931,,,,,,,,26.0,,12.0,,,,,,4.0,3.0,,,,,,3.0,3.0,,
456940,,,,,,,,29.0,,15.0,,,,,,2.0,3.0,,,,,,3.0,1.0,,
456959,,,,,,,,97.0,,42.0,,,,,,7.0,13.0,8.0,15.0,,,,,11.0,,
456968,,,,,,,,27.0,,10.0,,,,,,4.0,,,,,,,,13.0,,
456977,,,,,,,,22.0,,5.0,,,,,,3.0,,2.0,,,,2.0,,2.0,,
457004,,,,,,,,24.0,,12.0,,,,,,1.0,,,,,,,4.0,6.0,,
457022,,,,,,,,21.0,,12.0,,,,,,1.0,,0.0,,,,,,1.0,,
457031,,,,,,,,7.0,,4.0,,,,,,1.0,1.0,,,,,,1.0,,,
457077,,,,,,,,32.0,,18.0,,,,,,3.0,,,,,,,3.0,8.0,,
457086,,,,,,,,21.0,,10.0,,,,,,,2.0,,,,,,,1.0,,
457101,,,,,,,,24.0,,10.0,,,,,,6.0,,,,,,,,2.0,,
457110,,,,,,,,30.0,,19.0,,,,,,7.0,,,,,,,,2.0,,
457129,,,,,,,,100.0,,55.0,,,,,,15.0,1.0,1.0,,,,,,5.0,,
457174,,,,,,,,36.0,,15.0,,,,,,7.0,2.0,,,,,3.0,3.0,5.0,,
457183,,,,,,,,12.0,,8.0,,,,,,2.0,1.0,,,,,,1.0,,,
457192,,,,,,,,13.0,,4.0,,,,,,1.0,2.0,,,,,,,6.0,,
457208,,,,,,,,9.0,,3.0,,,,,,2.0,,,,,,,2.0,1.0,,
457226,,,,,,,,6.0,,4.0,,,,,,1.0,,,,,,,,1.0,,
457244,,,,,,,,17.0,,6.0,,,,,,2.0,2.0,,,,,,,3.0,3.0,
457253,,,,,,,,4.0,,2.0,,,,,,1.0,,,,,,,,1.0,,
457271,,,,,,,,14.0,,10.0,,,,,,2.0,2.0,,,,,,,1.0,,
457299,,,,,,,,11.0,,3.0,,,,,,1.0,2.0,,,,,,,2.0,0.0,
457314,,,,,,,,30.0,,10.0,,,,,,9.0,1.0,,,,,,,9.0,,
457323,,,,,,,,39.0,,20.0,,,,,,2.0,,,,,,2.0,4.0,5.0,,
457332,,,,,,,,7.0,,4.0,,,,,,,2.0,,,,,,1.0,,,
457341,,,,,,,,19.0,,11.0,,,,,,3.0,1.0,,,,,,,4.0,,
457350,,,,,,,,12.0,,,,,,,,3.0,1.0,,,,,,,1.0,,
457378,,,,,,,,22.0,,11.0,,,,,,1.0,,,,,,3.0,,4.0,,
457387,,,,,,,,48.0,,21.0,,,,,,5.0,,,,,,1.0,,11.0,,
457396,,,,,,,,10.0,,4.0,,,,,,5.0,0.0,,,,,,,1.0,,
457402,,,,,,,,21.0,,10.0,,,,,,4.0,2.0,,,,,1.0,,2.0,0.0,
457411,,,,,,,,34.0,,17.0,,,,,,6.0,,,,,,,,12.0,,
457420,,,,,,,,19.0,,11.0,,,,,,6.0,,,,,,,,2.0,,
457439,,,,,,,,11.0,,6.0,,,,,,1.0,1.0,,,,,,,1.0,,
457448,,,,,,,,19.0,,8.0,,,,,,2.0,1.0,,,,,1.0,,5.0,,
457457,,,,,,,,4.0,,1.0,,,,,,1.0,1.0,,,,,,,1.0,,
457466,,,,,,,,16.0,,11.0,,,,,,,1.0,,,,,,,3.0,1.0,
457475,,,,,,,,15.0,,7.0,,,,,,1.0,1.0,,,,,,,4.0,,
457484,,,,,,,,19.0,,8.0,,,,,,2.0,1.0,0.0,0.0,,,,,1.0,,
457493,,,,,,,,4.0,,2.0,,,,,,2.0,,,,,,,,,,
457509,,,,,,,,2.0,,1.0,,,,,,1.0,,,,,,,,,,
457527,,,,,,,,31.0,,15.0,,,,,,5.0,1.0,0.0,,,,0.0,,1.0,,
457536,,,,,,,,29.0,,11.0,,,,,,5.0,,,,,,,,12.0,,
457545,,,,,,,,15.0,,7.0,,,,,,4.0,,,,,,,1.0,2.0,,
457554,,,,,,,,6.0,,4.0,,,,,,2.0,,,,,,,,,,
457563,,,,,,,,22.0,,12.0,,,,,,1.0,1.0,,,,,5.0,1.0,,,
457572,,,,,,,,14.0,,8.0,,,,,,,3.0,,,,,,,3.0,,
457581,,,,,,,,26.0,,12.0,,,,,,7.0,,,0.0,,,,,7.0,,
457590,,,,,,,,8.0,,4.0,,,,,,1.0,,,,,,,,3.0,,
457606,,,,,,,,5.0,,3.0,,,,,,,,,,,,,,2.0,,
457615,,,,,,,,9.0,,4.0,,,,,,1.0,1.0,0.0,,,,0.0,,1.0,0.0,
457624,,,,,,,,8.0,,3.0,,,,,,,,,,,,,,4.0,,
457633,,,,,,,,21.0,,12.0,,,,,,2.0,2.0,,,,,,,5.0,,
457642,,,,,,,,3.0,,2.0,,,,,,,0.0,,,,,,,,,
457651,,,,,,,,20.0,,9.0,,,,,,2.0,,1.0,,,,,,4.0,,
457679,,,,,,,,2.0,,2.0,,,,,,,,,,,,,,0.0,,
457688,,,,,,,,29.0,,3.0,,,,,,5.0,3.0,1.0,,,,,4.0,3.0,1.0,
457697,,,,,,,,12.0,,6.0,,,,,,3.0,0.0,0.0,,,,,,1.0,,
457703,,,,,,,,6.0,,3.0,,,,,,1.0,,,,,,,,0.0,,
457721,,,,,,,,3.0,,2.0,,,,,,1.0,,,,,,,,,,
457730,,,,,,,,11.0,,4.0,,,,,,1.0,2.0,,,,,,,4.0,,
457749,,,,,,,,14.0,,7.0,,,,,,2.0,,,,,,,,4.0,,
457758,,,,,,,,30.0,,16.0,,,,,,,,,,,,,,,,
457767,,,,,,,,37.0,,10.0,,,,,,4.0,2.0,,,,,,14.0,4.0,,
457776,,,,,,,,14.0,,8.0,,,,,,2.0,2.0,,,,,,1.0,1.0,,
457785,,,,,,,,10.0,,6.0,,,,,,,2.0,,,,,,,1.0,,
457794,,,,,,,,10.0,,3.0,,,,,,2.0,,,1.0,,,,,2.0,,
457800,,,,,,,,10.0,,5.0,,,,,,,,,,,,,,5.0,,
457819,,,,,,,,161.0,,26.0,,,,,,20.0,11.0,3.0,2.0,,,54.0,6.0,14.0,,
457828,,,,,,,,17.0,,5.0,,,,,,1.0,1.0,0.0,,,,,4.0,5.0,,
457837,,,,,,,,15.0,,8.0,,,,,,3.0,,,,,,,1.0,3.0,0.0,
457846,,,,,,,,9.0,,3.0,,,,,,1.0,1.0,,,,,,,4.0,,
457855,,,,,,,,12.0,,6.0,,,,,,2.0,2.0,,,,,,0.0,2.0,0.0,
457864,,,,,,,,18.0,,8.0,,,,,,4.0,1.0,,,,,,1.0,4.0,,
457873,,,,,,,,62.0,,50.0,,,,,,1.0,1.0,,,,,,,4.0,,
457891,,,,,,,,8.0,,5.0,,,,,,2.0,,,,,,,,1.0,,
457916,,,,,,,,14.0,,7.0,,,,,,,,,1.0,,,,2.0,3.0,,
457925,,,,,,,,7.0,,4.0,,,,,,2.0,,,0.0,,,,,1.0,,
457943,,,,,,,,52.0,,22.0,,,,,,4.0,,2.0,,1.0,,6.0,,11.0,,
457952,,,,,,,,22.0,,11.0,,,,,,2.0,2.0,,,,,,2.0,3.0,,
457961,,,,,,,,7.0,,6.0,,,,,,1.0,0.0,,,,,,,,,
457989,,,,,,,,6.0,,3.0,,,,,,1.0,1.0,,,,,,,1.0,,
457998,,,,,,,,5.0,,3.0,,,,,,,1.0,,,,,,,1.0,,
458007,,,,,,,,7.0,,4.0,,,,,,1.0,1.0,,,,,,,1.0,,
458016,,,,,,,,11.0,,3.0,,,,,,1.0,1.0,,,,,,,2.0,,
458025,,,,,,,,18.0,,4.0,,,,,,2.0,1.0,,,,,6.0,,3.0,,
458034,,,,,,,,15.0,,6.0,,,,,,3.0,1.0,,,2.0,,,,0.0,2.0,
458043,,,,,,,,11.0,,5.0,,,,,,3.0,1.0,,,,,,1.0,2.0,,
458052,,,,,,,,7.0,,2.0,,,,,,2.0,1.0,,,,,,,,,
458061,,,,,,,,7.0,,3.0,,,,,,,1.0,0.0,,,,,,1.0,1.0,0.0
458070,,,,,,,,20.0,,12.0,,,,,,2.0,,,,,,,,6.0,,
458098,,,,,,,,10.0,,5.0,,,,,,2.0,,,,,,,,3.0,,
458104,,,,,,,,5.0,,2.0,,,,,,3.0,,,,,,,,,,
458113,,,,,,,,5.0,,1.0,,,,,,0.0,,,,,,,,1.0,,
458122,,,,,,,,3.0,,2.0,,,,,,,,,,,,,,,,
458131,,,,,,,,39.0,,23.0,,,,,,2.0,2.0,,,,,,2.0,6.0,3.0,
458140,,,,,,,,11.0,,7.0,,,,,,1.0,1.0,,,,,,,1.0,,
458159,,,,,,,,25.0,,11.0,,,,,,3.0,3.0,,3.0,,,,,0.0,,
458168,,,,,,,,17.0,,10.0,,,,,,2.0,2.0,,,,,,,2.0,,
458177,,,,,,,,6.0,,5.0,,,,,,1.0,,,,,,,,,,
458186,,,,,,,,23.0,,6.0,,,,,,5.0,1.0,,7.0,,,,,,,
458195,,,,,,,,4.0,,2.0,,,,,,,,,,,,,1.0,,,
458210,,,,,,,,146.0,,80.0,,,,,,13.0,8.0,,2.0,3.0,,2.0,,32.0,2.0,
458229,,,,,,,,102.0,,55.0,,,,,,10.0,8.0,,1.0,2.0,,,,19.0,3.0,
458247,,,,,,,,38.0,,11.0,,,,,,7.0,3.0,,3.0,,,4.0,,5.0,2.0,
458256,,,,,,,,82.0,,43.0,,,,,,12.0,5.0,1.0,,,,1.0,11.0,8.0,,
458265,,,,,,,,39.0,,19.0,,,,,,3.0,,,3.0,,,2.0,,,,
458274,,,,,,,,33.0,,16.0,,,,,,5.0,,,,,,,5.0,7.0,,
458283,,,,,,,,40.0,,20.0,,,,,,4.0,1.0,,10.0,,,,,,,
458292,,,,,,,,6.0,,5.0,,,,,,1.0,,,,,,,,,,
458317,,,,,,,,5.0,,4.0,,,,,,1.0,,,,,,,,,,
458326,,,,,,,,6.0,,5.0,,,,,,1.0,,,,,,,,,,
458335,,,,,,,,6.0,,5.0,,,,,,1.0,,,,,,,,,,
458344,,,,,,,,6.0,,5.0,,,,,,1.0,,,,,,,,,,
458353,,,,,,,,4.0,,3.0,,,,,,1.0,,,,,,,,,,
458362,,,,,,,,6.0,,5.0,,,,,,1.0,,,,,,,,,,
458380,,,,,,,,23.0,,7.0,,,,,,3.0,,,,,,,,1.0,,
458399,,,,,,,,4.0,,2.0,,,,,,,,,,,,,,2.0,,
458405,,,,,,,,72.0,,40.0,,,,,,4.0,3.0,,,0.0,,,11.0,13.0,,
458414,,,,,,,,75.0,,38.0,,,,,,8.0,2.0,2.0,,,,,6.0,6.0,4.0,
458423,,,,,,,,6.0,,2.0,,,,,,1.0,,,,,,,,,,
458432,,,,,,,,28.0,,9.0,,,,,,6.0,5.0,,,,,1.0,,1.0,,
458441,,,,,,,,41.0,,22.0,,,,,,5.0,1.0,,,0.0,,,6.0,6.0,,
458469,,,,,,,,76.0,,35.0,,,,,,13.0,,2.0,,1.0,,,4.0,13.0,4.0,
458478,,,,,,,,26.0,,13.0,,,,,,4.0,,,,,,,4.0,4.0,,
458487,,,,,,,,15.0,,8.0,,,,,,3.0,,,,,,,2.0,2.0,,
458496,,,,,,,,62.0,,25.0,,,,,,8.0,1.0,,,,,,,26.0,,
458502,,,,,,,,46.0,,16.0,,,,,,5.0,1.0,1.0,13.0,,,0.0,1.0,5.0,,
458557,,,,,,,,45.0,,26.0,,,,,,2.0,,,,,,,,2.0,,
458593,,,,,,,,69.0,,38.0,,,,,,7.0,5.0,,,,,1.0,10.0,7.0,,
458681,,,,,,,,20.0,,9.0,,,,,,4.0,2.0,,,,,,2.0,0.0,,
458690,,,,,,,,27.0,,8.0,,,,,,4.0,,,9.0,,,,,,,
458706,,,,,,,,23.0,,7.0,,,,,,5.0,1.0,,7.0,,,,,,,
458715,,,,,,,,21.0,,12.0,,,,,,3.0,1.0,,2.0,,,,,,,
458733,,,,,,,,28.0,,15.0,,,,,,4.0,,,,,,,,2.0,,
458742,,,,,,,,25.0,,15.0,,,,,,4.0,,,,,,,,1.0,,
458751,,,,,,,,28.0,,16.0,,,,,,3.0,,,,,,,,1.0,,
458760,,,,,,,,27.0,,15.0,,,,,,3.0,,,,,,,,2.0,,
458779,,,,,,,,23.0,,11.0,,,,,,4.0,,,,,,,,1.0,,
458797,,,,,,,,34.0,,12.0,,,,,,7.0,2.0,,2.0,,,3.0,,4.0,,
458803,,,,,,,,13.0,,8.0,,,,,,2.0,,,,,,,,1.0,,
458812,,,,,,,,7.0,,4.0,,,,,,1.0,,,,,,,,1.0,,
458821,,,,,,,,6.0,,3.0,,,,,,1.0,,,,,,,,1.0,,
458830,,,,,,,,13.0,,7.0,,,,,,2.0,,,,,,,,1.0,,
458849,,,,,,,,8.0,,4.0,,,,,,1.0,,,,,,,,1.0,,
458858,,,,,,,,11.0,,7.0,,,,,,2.0,,,,,,,,1.0,,
458867,,,,,,,,15.0,,11.0,,,,,,2.0,,,,,,,,2.0,,
458885,,,,,,,,14.0,,7.0,,,,,,2.0,,,,,,,1.0,2.0,,
458919,,,,,,,,188.0,,100.0,,,,,,16.0,,1.0,,,,,26.0,25.0,,
458937,,,,,,,,9.0,,6.0,,,,,,1.0,,,,,,,,1.0,,
458955,,,,,,,,19.0,,11.0,,,,,,2.0,,,,,,,2.0,2.0,,
458964,,,,,,,,68.0,,33.0,,,,,,7.0,,0.0,,,,,9.0,11.0,,
458973,,,,,,,,103.0,,49.0,,,,,,13.0,,,,,,,15.0,17.0,,
458982,,,,,,,,88.0,,44.0,,,,,,10.0,1.0,,,,,,,32.0,,
458991,,,,,,,,24.0,,13.0,,,,,,4.0,,,,,,,,3.0,,
459000,,,,,,,,11.0,,8.0,,,,,,1.0,,,,,,,,1.0,,
459019,,,,,,,,8.0,,5.0,,,,,,2.0,,,,,,,,1.0,,
459037,,,,,,,,10.0,,6.0,,,,,,2.0,,,,,,,,1.0,,
459046,,,,,,,,9.0,,6.0,,,,,,1.0,,,,,,,,1.0,,
459055,,,,,,,,8.0,,4.0,,,,,,1.0,,,,,,,,1.0,,
459064,,,,,,,,7.0,,5.0,,,,,,1.0,,,,,,,,1.0,,
459073,,,,,,,,7.0,,4.0,,,,,,1.0,,,,,,,,1.0,,
459082,,,,,,,,279.0,,233.0,2.0,,,,,3.0,1.0,,6.0,,,,,,,
459091,,,,,,,,18.0,,8.0,,,,,,1.0,,,,,,,,1.0,,
459107,,,,,,,,68.0,,29.0,,,,,,7.0,1.0,2.0,17.0,,,1.0,1.0,7.0,,
459116,,,,,,,,18.0,,9.0,,,,,,2.0,,,,,,,3.0,4.0,,
459125,,,,,,,,5.0,,4.0,,,,,,,,,,,,,,1.0,,
459134,,,,,,,,9.0,,4.0,,,,,,2.0,1.0,,,,,,,1.0,,
459143,,,,,,,,7.0,,4.0,,,,,,1.0,1.0,,,,,,,1.0,,
459152,,,,,,,,6.0,,3.0,,,,,,2.0,,,,,,0.0,,1.0,,
459161,,,,,,,,17.0,,7.0,,,,,,2.0,1.0,,,3.0,,,,4.0,,
459170,,,,,,,,31.0,,14.0,,,,,,4.0,2.0,,1.0,,,,2.0,4.0,1.0,
459189,,,,,,,,9.0,,5.0,,,,,,,1.0,,,,,,,3.0,,
459198,,,,,,,,23.0,,8.0,,,,,,5.0,,,,,,,3.0,6.0,,
459204,,,,,,,,182.0,,72.0,,,,,,7.0,18.0,8.0,,,,,33.0,8.0,,
459213,,,,,,,,147.0,,78.0,,,,,,15.0,7.0,3.0,,,,,,9.0,,
459222,,,,,,,,22.0,,10.0,,,,,,,,,,4.0,,,,8.0,,
459231,,,,,,,,35.0,,19.0,,,,,,6.0,,,,,,,8.0,2.0,,
459259,,,,,,,,84.0,,41.0,,,,,,21.0,,,,,,,,19.0,,
459268,,,,,,,,84.0,,38.0,,,,,,21.0,,,,,,1.0,,22.0,1.0,
459277,,,,,,,,35.0,,17.0,,,,,,2.0,,,,,,,11.0,5.0,,
459286,,,,,,,,33.0,,16.0,,,,,,3.0,,,,,,,5.0,7.0,1.0,
459295,,,,,,,,10.0,,6.0,,,,,,2.0,1.0,,,,,,,1.0,,
459301,,,,,,,,14.0,,6.0,,,,,,2.0,2.0,,,,,2.0,0.0,1.0,,
459310,,,,,,,,9.0,,4.0,,,,,,2.0,1.0,,,,,,,2.0,,
459329,,,,,,,,40.0,,16.0,,,,,,2.0,2.0,,,,,8.0,,3.0,,
459338,,,,,,,,7.0,,2.0,,,,,,,2.0,,,,,1.0,1.0,,1.0,
459347,,,,,,,,7.0,,3.0,,,,,,1.0,,,,,,,,2.0,,
459356,,,,,,,,66.0,,41.0,,,,,,9.0,1.0,1.0,,,,1.0,5.0,5.0,,
459365,,,,,,,,6.0,,5.0,,,,,,,,,,,,,,1.0,,
459374,,,,,,,,4.0,,2.0,,,,,,1.0,1.0,,,,,,,,,
459392,,,,,,,,13.0,,7.0,,,,,,2.0,,,,,,,,4.0,,
459408,,,,,,,,10.0,,6.0,,,,,,1.0,,,,,,,,2.0,,
459417,,,,,,,,17.0,,6.0,,,,,,2.0,3.0,,1.0,,,,,2.0,,
459426,,,,,,,,11.0,,4.0,,,,,,2.0,2.0,,,,,,1.0,2.0,,
459435,,,,,,,,11.0,,3.0,,,,,,1.0,1.0,,,,,,,1.0,,
459444,,,,,,,,12.0,,4.0,,,,,,3.0,,,,,,0.0,,5.0,,
459453,,,,,,,,15.0,,5.0,,,,,,5.0,,,,,,,1.0,3.0,,
459462,,,,,,,,28.0,,17.0,,,,,,2.0,,,,,,,,1.0,,
459471,,,,,,,,4.0,,2.0,,,,,,,0.0,,,,,,,1.0,0.0,
459480,,,,,,,,6.0,,2.0,,,,,,3.0,1.0,,,,,,,,,
459499,,,,,,,,5.0,,3.0,,,,,,1.0,,,,,,,,0.0,,
459514,,,,,,,,9.0,,5.0,,,,,,1.0,1.0,,,,,,,,,
459523,,,,,,,,5.0,,2.0,,,,,,1.0,1.0,,,,,0.0,,,,
459532,,,,,,,,10.0,,3.0,,,,,,2.0,2.0,,1.0,,,1.0,,1.0,,
459541,,,,,,,,7.0,,3.0,,,,,,,1.0,,,,,,,1.0,,
459550,,,,,,,,20.0,,11.0,,,,,,3.0,1.0,,,,,,,5.0,,
459569,,,,,,,,3.0,,3.0,,,,,,,0.0,,,,,,,,,
459578,,,,,,,,17.0,,7.0,,,,,,3.0,0.0,,,,,,2.0,4.0,,
459587,,,,,,,,40.0,,18.0,,,,,,6.0,2.0,1.0,,,,,,11.0,,
459596,,,,,,,,47.0,,26.0,,,,,,6.0,1.0,1.0,,,,,,12.0,,
459602,,,,,,,,30.0,,14.0,,,,,,5.0,,1.0,,,,,,9.0,,
459611,,,,,,,,31.0,,14.0,,,,,,4.0,,0.0,,,,,,11.0,,
459620,,,,,,,,3.0,,1.0,,,,,,2.0,,,,,,,,,,
459639,,,,,,,,37.0,,11.0,,,,,,7.0,1.0,1.0,,,,,,16.0,,
459648,,,,,,,,24.0,,11.0,,,,,,4.0,,1.0,,,,,,7.0,,
459657,,,,,,,,32.0,,11.0,,,,,,5.0,,1.0,,,,,,14.0,,
459666,,,,,,,,34.0,,16.0,,,,,,5.0,1.0,1.0,,,,,,10.0,,
459675,,,,,,,,21.0,,7.0,,,,,,4.0,,,,,,,,9.0,,
459684,,,,,,,,1.0,,1.0,,,,,,,,,,,,,,,,
459693,,,,,,,,32.0,,11.0,,,,,,6.0,,1.0,,,,,,14.0,,
459709,,,,,,,,40.0,,13.0,,,,,,7.0,1.0,1.0,,,,,,16.0,,
459718,,,,,,,,39.0,,13.0,,,,,,7.0,2.0,1.0,,,,,,14.0,,
459727,,,,,,,,61.0,,42.0,1.0,,,,,5.0,1.0,1.0,,,,1.0,,1.0,,
459736,,,,,,,,277.0,,133.0,,,,,,24.0,12.0,11.0,7.0,9.0,,24.0,1.0,52.0,1.0,
459745,,,,,,,,12.0,,6.0,,,,,,2.0,,,,,,,,,,
459824,,,,,,,,241.0,,115.0,1.0,,,,,35.0,5.0,8.0,5.0,6.0,,12.0,,49.0,2.0,
459833,,,,,,,,13.0,,6.0,,,,,,1.0,,,,,,,2.0,4.0,,
459842,,,,,,,,37.0,,27.0,,,,,,2.0,,,,,,,,2.0,,
459851,,,,,,,,21.0,,9.0,,,,,,2.0,,,,,,,,2.0,,
459930,,,,,,,,88.0,,38.0,,,,,,13.0,1.0,1.0,,,,3.0,,32.0,,
459958,,,,,,,,27.0,,12.0,,,,,,4.0,1.0,,,,,,5.0,5.0,,
459967,,,,,,,,40.0,,14.0,,,,,,2.0,5.0,,16.0,,,1.0,,1.0,,
459985,,,,,,,,35.0,,13.0,,,,,,1.0,4.0,,14.0,,,1.0,,1.0,,
459994,,,,,,,,504.0,,400.0,,,,,,45.0,,,,,,,48.0,10.0,,
460002,,,,,,,,6.0,,4.0,,,,,,,,,,,,,,2.0,,
460011,,,,,,,,14.0,,10.0,,,,,,1.0,,,,,,,,1.0,,
460020,,,,,,,,53.0,,38.0,,,,,,,,,,,,,,3.0,,
460039,,,,,,,,63.0,,29.0,,,,,,10.0,,,,,,,,20.0,,
460048,,,,,,,,54.0,,18.0,,,,,,10.0,,,,,,,,21.0,,
460057,,,,,,,,4.0,,2.0,,,,,,1.0,1.0,,,,,,,,,
460066,,,,,,,,14.0,,4.0,,,,,,2.0,1.0,,,,,1.0,,3.0,,
460075,,,,,,,,22.0,,1.0,,,,,,3.0,4.0,,,,,,,13.0,,
460093,,,,,,,,16.0,,8.0,,,,,,3.0,,,,,,,,1.0,,
460109,,,,,,,,17.0,,9.0,,,,,,3.0,,,,,,,,1.0,,
460118,,,,,,,,16.0,,7.0,,,,,,3.0,,,,,,,,1.0,,
460127,,,,,,,,15.0,,7.0,,,,,,3.0,,,,,,,,1.0,,
460136,,,,,,,,65.0,,41.0,,,,,,3.0,,,,,,,,21.0,,
460145,,,,,,,,18.0,,5.0,,,,,,2.0,1.0,,,,,,3.0,1.0,,
460172,,,,,,,,48.0,,25.0,,,,,,5.0,4.0,,,,,1.0,4.0,7.0,,
460181,,,,,,,,61.0,,23.0,,,,,,13.0,5.0,,,,,,7.0,12.0,,
460190,,,,,,,,47.0,,16.0,,,,,,14.0,4.0,,,,,,6.0,4.0,,
460206,,,,,,,,56.0,,19.0,,,,,,13.0,5.0,,,,,,5.0,11.0,,
460215,,,,,,,,47.0,,22.0,,,,,,6.0,3.0,,,,,1.0,8.0,6.0,,
460358,,,,,,,,33.0,,11.0,,,,,,6.0,,,,,,,,15.0,,
460367,,,,,,,,37.0,,9.0,,,,,,7.0,1.0,,,,,,,19.0,,
460385,,,,,,,,11.0,,4.0,,,,,,,1.0,,,1.0,,,,2.0,,
460394,,,,,,,,262.0,,157.0,,,,,,17.0,8.0,,6.0,,,15.0,,58.0,,
460446,,,,,,,,21.0,,14.0,,,,,,,,,,,,,,7.0,,
460455,,,,,,,,14.0,,4.0,,,,,,2.0,2.0,,,,,1.0,,2.0,,
460464,,,,,,,,249.0,,137.0,,,,,,22.0,7.0,,5.0,,,20.0,,54.0,,
460473,,,,,,,,3.0,,2.0,,,,,,1.0,,,,,,,,,,
460482,,,,,,,,20.0,,7.0,,,,,,1.0,,,,,,,,0.0,,
460516,,,,,,,,18.0,,9.0,,,,,,2.0,,,,,,,1.0,6.0,,
460525,,,,,,,,23.0,,13.0,,,,,,3.0,,,,,,,1.0,5.0,,
460534,,,,,,,,33.0,,17.0,,,,,,3.0,,,,,,,5.0,8.0,,
460543,,,,,,,,67.0,,33.0,,,,,,7.0,22.0,1.0,,,,,,2.0,2.0,
460552,,,,,,,,13.0,,7.0,,,,,,,,1.0,,,,,,4.0,,
460561,,,,,,,,8.0,,3.0,,,,,,3.0,1.0,,,,,,,1.0,,
460570,,,,,,,,27.0,,20.0,,,,,,4.0,,,,,,,,1.0,,
460589,,,,,,,,14.0,,9.0,,,,,,2.0,,,,,,,,1.0,0.0,
460598,,,,,,,,41.0,,22.0,,,,,,5.0,,,,,,,,3.0,,
460604,,,,,,,,5.0,,3.0,,,,,,,,,,,,,,1.0,1.0,
460613,,,,,,,,47.0,,21.0,,,,,,10.0,,,,,,,,15.0,,
460631,,,,,,,,11.0,,5.0,,,,,,,,,,,,1.0,,2.0,,
460640,,,,,,,,5.0,,2.0,,,,,,1.0,,,,,,,1.0,1.0,,
460677,,,,,,,,40.0,,21.0,,,,,,1.0,,1.0,1.0,,,,3.0,8.0,1.0,
460695,,,,,,,,18.0,,11.0,,,,,,1.0,,,,,,,,6.0,,
460701,,,,,,,,8.0,,4.0,,,,,,1.0,1.0,,,,,,1.0,1.0,,
460710,,,,,,,,12.0,,5.0,,,,,,3.0,1.0,,,,,,3.0,,,
460729,,,,,,,,176.0,,9.0,2.0,,,,,32.0,18.0,10.0,,,,5.0,53.0,22.0,,
460738,,,,,,,,157.0,,78.0,,,,,,12.0,59.0,7.0,,,,,,1.0,,
460747,,,,,,,,69.0,,15.0,,,,,,7.0,6.0,,,2.0,,4.0,16.0,1.0,2.0,
460756,,,,,,,,27.0,,11.0,,,,,,2.0,4.0,1.0,,,,,,,,
460765,,,,,,,,6.0,,5.0,,,,,,,,,,,,,,1.0,,
460774,,,,,,,,75.0,,44.0,,,,,,8.0,5.0,1.0,,,,1.0,10.0,5.0,,
460783,,,,,,,,26.0,,9.0,,,,,,8.0,3.0,,,,,,5.0,1.0,,
460808,,,,,,,,7.0,,2.0,,,,,,1.0,1.0,,,,,,,1.0,,
460817,,,,,,,,50.0,,26.0,,,,,,5.0,3.0,,,,,2.0,5.0,8.0,,
460826,,,,,,,,38.0,,21.0,,,,,,4.0,2.0,,,,,2.0,5.0,4.0,,
460835,,,,,,,,49.0,,23.0,,,,,,4.0,3.0,,,1.0,,1.0,7.0,9.0,,
460844,,,,,,,,61.0,,31.0,,,,,,9.0,4.0,,,,,1.0,10.0,5.0,,
460853,,,,,,,,62.0,,35.0,,,,,,6.0,4.0,,,,,1.0,9.0,6.0,,
460862,,,,,,,,48.0,,18.0,,,,,,13.0,1.0,2.0,2.0,,,,10.0,1.0,,
460871,,,,,,,,48.0,,21.0,,,,,,7.0,1.0,1.0,,,,,,5.0,,
460899,,,,,,,,52.0,,22.0,,,,,,4.0,,,,,,,,2.0,,
460905,,,,,,,,8.0,,4.0,,,,,,1.0,1.0,,,,,,,1.0,,
460914,,,,,,,,21.0,,9.0,,,,,,6.0,,,1.0,,,,,4.0,,
460923,,,,,,,,77.0,,40.0,,,,,,10.0,5.0,1.0,,,,1.0,14.0,4.0,,
460932,,,,,,,,8.0,,5.0,,,,,,,,,,,,,,3.0,,
460941,,,,,,,,7.0,,4.0,,,,,,1.0,0.0,0.0,0.0,,,,,,,
460950,,,,,,,,11.0,,4.0,,,,,,2.0,2.0,,,,,,1.0,1.0,,
460969,,,,,,,,16.0,,9.0,,,,,,,,,,,,,,7.0,,
460978,,,,,,,,15.0,,7.0,,,,,,3.0,,,,,,,1.0,,,
460987,,,,,,,,11.0,,8.0,,,,,,1.0,,,,,,,,1.0,,
460996,,,,,,,,7.0,,6.0,,,,,,,,,,,,,,1.0,,
461005,,,,,,,,32.0,,16.0,,,,,,6.0,,,,,,,,0.0,,
461014,,,,,,,,67.0,,27.0,,,,,,6.0,,1.0,,,,1.0,,8.0,,
461023,,,,,,,,50.0,,21.0,,,,,,5.0,,6.0,,,,,,,,
461032,,,,,,,,10.0,,4.0,,,,,,3.0,1.0,0.0,,,,,,1.0,,
461041,,,,,,,,21.0,,13.0,,,,,,2.0,1.0,,,,,,2.0,1.0,,
461087,,,,,,,,24.0,,4.0,,,,,,11.0,3.0,,2.0,,,1.0,,2.0,,
461111,,,,,,,,5.0,,3.0,,,,,,1.0,,,,,,,,0.0,,
461120,,,,,,,,9.0,,7.0,,,,,,,0.0,,,,,,,2.0,,
461139,,,,,,,,12.0,,6.0,,,,,,2.0,1.0,,,,,,,2.0,,
461148,,,,,,,,485.0,,163.0,,,,,,29.0,15.0,,14.0,,,,55.0,103.0,,6.0
461157,,,,,,,,14.0,,8.0,,,,,,2.0,,,,,,2.0,,2.0,,
461175,,,,,,,,14.0,,5.0,,,,,,1.0,1.0,,,,,,,4.0,,
461193,,,,,,,,29.0,,12.0,,,,,,4.0,2.0,,,,,,5.0,1.0,1.0,
461218,,,,,,,,11.0,,4.0,,,,,,1.0,2.0,1.0,,,,0.0,,0.0,,
461227,,,,,,,,8.0,,5.0,,,,,,,2.0,,,,,,1.0,,,
461236,,,,,,,,37.0,,27.0,,1.0,,,,3.0,2.0,,,,,1.0,,,,
461245,,,,,,,,36.0,,11.0,,,,,,2.0,1.0,1.0,,1.0,,1.0,,8.0,1.0,2.0
461254,,,,,,,,10.0,,4.0,,,,,,1.0,1.0,,,,,,,1.0,,
461263,,,,,,,,8.0,,,,,,,,,,,,,,,,3.0,,
461272,,,,,,,,12.0,,5.0,,,,,,2.0,,,,,,0.0,,5.0,,
461281,,,,,,,,18.0,,4.0,,,,,,4.0,2.0,1.0,,,,1.0,1.0,4.0,,
461290,,,,,,,,9.0,,5.0,,,,,,4.0,,,,,,,,,,
461306,,,,,,,,38.0,,18.0,,,,,,2.0,,,5.0,,,6.0,,5.0,,
461315,,,,,,,,35.0,,12.0,,,,,,1.0,3.0,,,,,,,3.0,6.0,
461324,,,,,,,,12.0,,4.0,,,,,,2.0,2.0,0.0,,0.0,,,,2.0,,
461333,,,,,,,,7.0,,2.0,,,,,,3.0,,,,,,,,1.0,,
461342,,,,,,,,8.0,,4.0,,,,,,,1.0,,,,,,1.0,2.0,,
461351,,,,,,,,21.0,,7.0,,,,,,3.0,1.0,2.0,,,,,4.0,3.0,,
461360,,,,,,,,8.0,,5.0,,,,,,,,,,,,,,2.0,1.0,
461379,,,,,,,,7.0,,3.0,,,,,,1.0,1.0,,,,,,,1.0,,
461388,,,,,,,,6.0,,4.0,,,,,,,2.0,,,,,,,0.0,,
461397,,,,,,,,14.0,,8.0,,,,,,1.0,,,,,,,,5.0,,
461412,,,,,,,,4.0,,3.0,,,,,,1.0,,,,,,,,0.0,,
461421,,,,,,,,27.0,,14.0,,,,,,,,,,,,6.0,,3.0,,
461430,,,,,,,,34.0,,14.0,,,,,,5.0,2.0,,,,,3.0,3.0,2.0,1.0,
461449,,,,,,,,8.0,,4.0,,,,,,1.0,1.0,,,,,,,1.0,,
461476,,,,,,,,4.0,,3.0,,,,,,,,,,,,,,1.0,,
461485,,,,,,,,12.0,,5.0,,,,,,1.0,0.0,,,,,,1.0,2.0,,
461494,,,,,,,,15.0,,6.0,,,,,,5.0,1.0,,,,,1.0,,2.0,,
461500,,,,,,,,7.0,,4.0,,,,,,1.0,1.0,,,,,,,,,
461528,,,,,,,,16.0,,10.0,,,,,,5.0,,,,,,,,,,
461537,,,,,,,,3.0,,2.0,,,,,,,0.0,,,,,,,1.0,,
461546,,,,,,,,5.0,,2.0,,,,,,1.0,1.0,,,,,,,,,
461555,,,,,,,,18.0,,11.0,,,,,,3.0,,,,,,,,2.0,,
461564,,,,,,,,6.0,,3.0,,,,,,,2.0,,,,,,,1.0,,
461573,,,,,,,,19.0,,10.0,,,,,,3.0,,,,,,,2.0,5.0,,
461582,,,,,,,,12.0,,4.0,,,,,,1.0,1.0,1.0,0.0,,,,,,,
461591,,,,,,,,17.0,,7.0,,,,,,1.0,,,,,,,3.0,5.0,1.0,
461607,,,,,,,,10.0,,6.0,,,,,,1.0,,,,,,,,3.0,,
461625,,,,,,,,5.0,,2.0,,,,,,1.0,1.0,,,,,,,,,
461643,,,,,,,,16.0,,8.0,,,,,,1.0,1.0,1.0,,,,,,1.0,2.0,
461652,,,,,,,,15.0,,5.0,,,,,,3.0,2.0,,,,,,,2.0,,
461670,,,,,,,,8.0,,2.0,,,,,,1.0,2.0,,,1.0,,,1.0,1.0,,
461689,,,,,,,,23.0,,12.0,,,,,,1.0,,,,,,,,10.0,,
461698,,,,,,,,24.0,,9.0,,,,,,3.0,,,,,,2.0,3.0,7.0,,
461704,,,,,,,,14.0,,10.0,,,,,,1.0,1.0,,,,,,,2.0,,
461713,,,,,,,,5.0,,1.0,,,,,,2.0,1.0,,,,,,1.0,0.0,,
461722,,,,,,,,8.0,,5.0,,,,,,2.0,,,,,,,,1.0,,
461731,,,,,,,,8.0,,3.0,,,,,,2.0,1.0,,,,,1.0,,1.0,,
461740,,,,,,,,4.0,,1.0,,,,,,1.0,1.0,,,,,,,1.0,,
461759,,,,,,,,40.0,,11.0,1.0,,,,,,7.0,,3.0,,,,,2.0,3.0,
461768,,,,,,,,10.0,,3.0,,,,,,2.0,1.0,,,,,,,1.0,0.0,
461777,,,,,,,,7.0,,2.0,,,,,,1.0,1.0,,,,,,,1.0,,
461786,,,,,,,,5.0,,3.0,,,,,,1.0,,,,,,,,1.0,,
461795,,,,,,,,74.0,,38.0,2.0,,,,,10.0,3.0,2.0,,,,2.0,,4.0,,
461801,,,,,,,,8.0,,5.0,,,,,,1.0,1.0,,,,,,1.0,,,
461810,,,,,,,,5.0,,4.0,,,,,,,1.0,0.0,,,,,,0.0,,
461829,,,,,,,,82.0,,38.0,,,,,,6.0,,,,,,,6.0,4.0,,
461838,,,,,,,,4.0,,2.0,,,,,,,,,,,,,,,,
461847,,,,,,,,5.0,,4.0,,,,,,0.0,,,,,,,,1.0,,
461856,,,,,,,,36.0,,14.0,,,,,,3.0,4.0,,,,,,2.0,2.0,,
461865,,,,,,,,10.0,,6.0,,,,,,1.0,1.0,1.0,,,,,,,,
461874,,,,,,,,8.0,,4.0,,,,,,2.0,,,,,,,,1.0,0.0,
461883,,,,,,,,22.0,,10.0,,,,,,2.0,2.0,,,,,1.0,4.0,1.0,,
461892,,,,,,,,16.0,,7.0,,,,,,3.0,2.0,,,,,,,1.0,,
461908,,,,,,,,12.0,,6.0,,,,,,2.0,1.0,,,,,,1.0,2.0,,
461917,,,,,,,,15.0,,7.0,,,,,,1.0,,,,,,,4.0,3.0,,
461926,,,,,,,,12.0,,6.0,,,,,,2.0,,,,,,1.0,,1.0,,
461935,,,,,,,,4.0,,2.0,,,,,,1.0,1.0,,,,,,,,,
461944,,,,,,,,16.0,,8.0,,,,,,,1.0,,,,,,3.0,4.0,,
461953,,,,,,,,10.0,,6.0,,,,,,,,,,,,,,4.0,,
461962,,,,,,,,44.0,,20.0,,,,,,3.0,2.0,,,,,,3.0,3.0,,
461971,,,,,,,,4.0,,2.0,,,,,,1.0,,,,,,,,1.0,,
461980,,,,,,,,17.0,,6.0,,,,,,4.0,1.0,,1.0,,,,2.0,1.0,,
461999,,,,,,,,9.0,,6.0,,,,,,1.0,1.0,,,,,,,1.0,,
462008,,,,,,,,36.0,,17.0,,,,,,3.0,,,,,,,6.0,7.0,2.0,
462017,,,,,,,,10.0,,5.0,,,,,,1.0,1.0,,,,,,1.0,1.0,,
462026,,,,,,,,4.0,,1.0,,,,,,1.0,,,,0.0,,,,1.0,,
462035,,,,,,,,17.0,,6.0,,,,,,3.0,,,,,,,2.0,6.0,,
462044,,,,,,,,5.0,,2.0,,,,,,2.0,,,,,,,,1.0,,
462053,,,,,,,,9.0,,4.0,,,,,,2.0,2.0,,,,,,1.0,,,
462062,,,,,,,,8.0,,4.0,,,,,,2.0,1.0,,,,,,,1.0,,
462071,,,,,,,,20.0,,9.0,,,,,,4.0,,,,,,,3.0,4.0,0.0,
462309,,,,,,,,8.0,,5.0,,,,,,1.0,,,,,,,,0.0,,
462318,,,,,,,,20.0,,5.0,,,,,,2.0,3.0,0.0,0.0,,,2.0,1.0,4.0,0.0,
462327,,,,,,,,7.0,,3.0,,,,,,1.0,0.0,0.0,,0.0,,0.0,0.0,1.0,0.0,
462336,,,,,,,,6.0,,2.0,,,,,,1.0,0.0,,,,,0.0,,2.0,,
462345,,,,,,,,10.0,,5.0,,,,,,2.0,1.0,,,,,,2.0,,,
462354,,,,,,,,36.0,,10.0,,,,,,10.0,0.0,,8.0,,,3.0,,3.0,,
462363,,,,,,,,22.0,,9.0,,,,,,3.0,,1.0,,,,,,8.0,,
462372,,,,,,,,41.0,,20.0,,,,,,6.0,1.0,1.0,,,,,,13.0,,
462390,,,,,,,,12.0,,9.0,,,,,,2.0,,,,,,,,1.0,,
465812,,,,,,,,289.0,,168.0,,,,,,4.0,,,,,,,,14.0,,
466152,,,,,,,,11.0,,2.0,,,,,,3.0,,,6.0,,,,,0.0,,
466161,,,,,,,,10.0,,,,,,,,2.0,,,7.0,,,,,1.0,,
466170,,,,,,,,15.0,,0.0,,,,,,3.0,,,9.0,,,,,3.0,,
466189,,,,,,,,14.0,,3.0,,,,,,2.0,,,8.0,,,,,1.0,,
466514,,,,,,,,23.0,,10.0,,,,,,4.0,,,,,,,,2.0,,
466523,,,,,,,,12.0,,8.0,,,,,,1.0,,,,,,,,1.0,0.0,
466921,,,,,,,,68.0,,30.0,,,,,,10.0,1.0,1.0,,,,0.0,,6.0,,
466930,,,,,,,,72.0,,35.0,,,,,,10.0,1.0,2.0,,,,,,5.0,,
467058,,,,,,,,30.0,,11.0,,,,,,4.0,,1.0,,,,,,13.0,,
467094,,,,,,,,15.0,,10.0,,,,,,1.0,,,,,,,1.0,3.0,0.0,
467155,,,,,,,,48.0,,21.0,,,,,,6.0,13.0,,,,,,,8.0,,
467340,,,,,,,,9.0,,6.0,,,,,,,,,,,,,2.0,1.0,,
467368,,,,,,,,26.0,,13.0,,,,,,7.0,,,,,,,,1.0,,
467508,,,,,,,,7.0,,6.0,,,,,,1.0,,,,,,,,,,
467517,,,,,,,,6.0,,5.0,,,,,,1.0,,,,,,,,,,
467526,,,,,,,,6.0,,5.0,,,,,,1.0,,,,,,,,,,
467535,,,,,,,,5.0,,4.0,,,,,,1.0,,,,,,,,,,
467544,,,,,,,,4.0,,3.0,,,,,,1.0,,,,,,,,,,
467553,,,,,,,,5.0,,4.0,,,,,,1.0,,,,,,,,,,
467562,,,,,,,,6.0,,5.0,,,,,,1.0,,,,,,,,,,
467571,,,,,,,,7.0,,6.0,,,,,,1.0,,,,,,,,,,
467580,,,,,,,,5.0,,4.0,,,,,,1.0,,,,,,,,,,
467599,,,,,,,,6.0,,5.0,,,,,,1.0,,,,,,,,,,
467605,,,,,,,,6.0,,5.0,,,,,,1.0,,,,,,,,,,
467614,,,,,,,,7.0,,6.0,,,,,,1.0,,,,,,,,,,
467623,,,,,,,,6.0,,5.0,,,,,,1.0,,,,,,,,,,
467632,,,,,,,,6.0,,5.0,,,,,,1.0,,,,,,,,,,
467641,,,,,,,,7.0,,6.0,,,,,,1.0,,,,,,,,,,
467650,,,,,,,,6.0,,5.0,,,,,,1.0,,,,,,,,,,
467669,,,,,,,,5.0,,4.0,,,,,,1.0,,,,,,,,,,
467678,,,,,,,,5.0,,4.0,,,,,,1.0,,,,,,,,,,
467784,,,,,,,,49.0,,12.0,,,,,,8.0,4.0,,,,,,,24.0,,
467793,,,,,,,,18.0,,9.0,,,,,,3.0,,,,,,,,0.0,,
467809,,,,,,,,11.0,,4.0,,,,,,1.0,,,,,,1.0,,5.0,,
467863,,,,,,,,19.0,,6.0,,,,,,4.0,,,,,,,4.0,5.0,,
467872,,,,,,,,23.0,,11.0,,,,,,3.0,,,,,,,4.0,5.0,,
467881,,,,,,,,34.0,,15.0,,,,,,5.0,5.0,,,,,,,9.0,,
467906,,,,,,,,14.0,,9.0,,,,,,1.0,,,,,,,,2.0,,
468006,,,,,,,,7.0,,2.0,,,,,,1.0,,,,,,,,4.0,,
468015,,,,,,,,40.0,,15.0,,,,,,5.0,,,,,,,,18.0,,
468024,,,,,,,,72.0,,34.0,,,,,,16.0,,,,,,,,20.0,1.0,
468246,,,,,,,,17.0,,13.0,,,,,,,,,,,,,,,,
468255,,,,,,,,13.0,,8.0,,,,,,2.0,,,,,,,,,,
468398,,,,,,,,27.0,,12.0,,,,,,2.0,5.0,,,,,,,2.0,,
468705,,,,,,,,5.0,,3.0,,,,,,,,,,,,,,,,
468723,,,,,,,,70.0,,23.0,,,,,,13.0,,1.0,6.0,2.0,,,9.0,10.0,4.0,
468732,,,,,,,,19.0,,7.0,,,,,,2.0,,,,,,2.0,,8.0,,
468769,,,,,,,,10.0,,5.0,,,,,,1.0,1.0,,,,,,,1.0,,
468866,,,,,,,,3.0,,2.0,,,,,,1.0,,,,,,,,,,
468875,,,,,,,,8.0,,4.0,,,,,,1.0,,,,,,1.0,,2.0,,
468893,,,,,,,,10.0,,5.0,,,,,,2.0,1.0,,,,,,1.0,1.0,,
468963,,,,,,,,43.0,,24.0,,,,,,1.0,3.0,,,,,,10.0,2.0,,
469054,,,,,,,,41.0,,27.0,,,,,,,,,,,,,,4.0,,
469124,,,,,,,,21.0,,11.0,,,,,,3.0,2.0,,,,,,1.0,2.0,,
469133,,,,,,,,24.0,,8.0,,,,,,1.0,2.0,,,,,4.0,3.0,5.0,,
469142,,,,,,,,29.0,,9.0,,,,,,7.0,2.0,,,,,,3.0,5.0,1.0,
469151,,,,,,,,17.0,,5.0,,,,,,2.0,2.0,,,,,2.0,2.0,2.0,,
469160,,,,,,,,18.0,,5.0,,,,,,1.0,2.0,,,,,5.0,2.0,3.0,,
469197,,,,,,,,13.0,,10.0,,,,,,1.0,1.0,,,,,,1.0,,,
469407,,,,,,,,26.0,,15.0,,,,,,2.0,1.0,1.0,,,,2.0,1.0,2.0,,
469416,,,,,,,,68.0,,38.0,,,,,,6.0,1.0,1.0,,,,4.0,3.0,8.0,0.0,
469586,,,,,,,,11.0,,4.0,,,,,,2.0,2.0,,,,,,,1.0,,
469610,,,,,,,,39.0,,18.0,,,,,,10.0,3.0,,,,,,8.0,,,
469629,,,,,,,,40.0,,13.0,,,,,,7.0,2.0,2.0,5.0,,,1.0,2.0,1.0,5.0,
469638,,,,,,,,29.0,,14.0,,,,,,1.0,6.0,,1.0,,,1.0,3.0,3.0,,
469647,,,,,,,,14.0,,6.0,,,,,,4.0,,,,,,,1.0,3.0,,
469911,,,,,,,,19.0,,9.0,,,,,,1.0,,,,,,,,7.0,,
469920,,,,,,,,20.0,,10.0,,,,,,1.0,,,,,,,,7.0,,
469957,,,,,,,,21.0,,9.0,,,,,,1.0,,,,,,,,5.0,,
469993,,,,,,,,3.0,,2.0,,,,,,,,,,,,,,1.0,,
470047,,,,,,,,7.0,,4.0,,,,,,2.0,,,,,,,,1.0,,
470092,,,,,,,,57.0,,29.0,,,,,,4.0,,,,,,,,23.0,,
470162,,,,,,,,80.0,,41.0,,,,,,8.0,1.0,,,,,,,28.0,,
470223,,,,,,,,2.0,,1.0,,,,,,,,,,,,,,1.0,,
470296,,,,,,,,3.0,,1.0,,,,,,,1.0,,,,,,,1.0,,
470302,,,,,,,,14.0,,5.0,,,,,,2.0,,,,,,,1.0,6.0,,
470393,,,,,,,,8.0,,5.0,,,,,,,,,,,,,1.0,1.0,,
470852,,,,,,,,7.0,,4.0,,,,,,2.0,,,,,,,,1.0,,
470861,,,,,,,,33.0,,9.0,,,,,,6.0,1.0,1.0,,,,,,14.0,,
470870,,,,,,,,25.0,,8.0,,,,,,4.0,,1.0,,,,,,11.0,,
470889,,,,,,,,10.0,,10.0,,,,,,,,,,,,,,,,
470898,,,,,,,,27.0,,9.0,,,,,,5.0,,1.0,,,,,,11.0,,
470904,,,,,,,,21.0,,8.0,,,,,,5.0,,1.0,,,,,,6.0,,
474863,,,,,,,,114.0,,45.0,,,,,,8.0,4.0,9.0,1.0,,,,,5.0,,
474881,,,,,,,,28.0,,17.0,,,,,,2.0,,2.0,,,,,2.0,2.0,1.0,
474890,,,,,,,,46.0,,11.0,,,,,,2.0,,,,,,,,3.0,,
474906,,,,,,,,21.0,,7.0,,,,,,2.0,,,,,,,,1.0,,
474915,,,,,,,,26.0,,12.0,,,,,,2.0,1.0,,,,,,5.0,4.0,0.0,
474924,,,,,,,,18.0,,8.0,,,,,,2.0,1.0,,,,,,2.0,4.0,0.0,
474933,,,,,,,,13.0,,6.0,,,,,,,,,,,,,,7.0,,
474942,,,,,,,,13.0,,8.0,,,,,,,,,,,,,,5.0,,
474997,,,,,,,,28.0,,14.0,,,,,,2.0,3.0,,,,,,5.0,3.0,,
475015,,,,,,,,35.0,,13.0,,,,,,3.0,4.0,2.0,2.0,,,6.0,1.0,2.0,,
475024,,,,,,,,22.0,,11.0,,,,,,5.0,1.0,,,,,,3.0,2.0,,
475033,,,,,,,,131.0,,71.0,2.0,,,,,10.0,9.0,12.0,,,,,,26.0,,
475042,,,,,,,,27.0,,12.0,,,,,,4.0,,,,,,,,11.0,,
475060,,,,,,,,28.0,,12.0,,,,,,4.0,2.0,,,,,1.0,5.0,4.0,,
475079,,,,,,,,20.0,,8.0,,,,,,5.0,1.0,,,,,,3.0,3.0,,
475097,,,,,,,,37.0,,8.0,,,,,,5.0,1.0,1.0,2.0,,,7.0,3.0,2.0,3.0,
475121,,,,,,,,880.0,,377.0,,,,,,121.0,2.0,2.0,,,,,,367.0,,
475130,,,,,,,,29.0,,13.0,,,,,,5.0,1.0,,,,,,3.0,2.0,,
475185,,,,,,,,101.0,,26.0,,,,,,2.0,4.0,1.0,8.0,,,42.0,5.0,4.0,3.0,
475194,,,,,,,,31.0,,16.0,,,,,,5.0,1.0,,,1.0,,,4.0,5.0,,
475200,,,,,,,,21.0,,15.0,,,,,,,2.0,,1.0,,,,,3.0,,
475228,,,,,,,,11.0,,5.0,,,,,,2.0,1.0,,,,,,,1.0,,
475237,,,,,,,,14.0,,10.0,,,,,,3.0,,,,,,,,,,1.0
475255,,,,,,,,5.0,,3.0,,,,,,1.0,,,,,,,1.0,,,
475273,,,,,,,,173.0,,110.0,,,,,,20.0,2.0,,1.0,,,,,20.0,,
475282,,,,,,,,15.0,,9.0,,,,,,3.0,,,,,,,,2.0,,
475291,,,,,,,,21.0,,11.0,,,,,,2.0,2.0,1.0,,,,,2.0,1.0,,
475325,,,,,,,,32.0,,15.0,,,,,,3.0,,,,,,1.0,5.0,8.0,,
475352,,,,,,,,75.0,,39.0,,,,,,11.0,5.0,1.0,,,,1.0,11.0,5.0,,
475370,,,,,,,,80.0,,44.0,,,,,,13.0,4.0,1.0,,,,1.0,10.0,6.0,,
475389,,,,,,,,6.0,,2.0,,,,,,1.0,2.0,,,,,,,0.0,,
475398,,,,,,,,17.0,,8.0,,,,,,1.0,0.0,1.0,,,,,,1.0,,
475404,,,,,,,,7.0,,4.0,,,,,,1.0,1.0,,,,,,,1.0,,
475413,,,,,,,,7.0,,4.0,,,,,,1.0,,,,,,,,1.0,,
475422,,,,,,,,19.0,,14.0,,,,,,,,,,,,,,3.0,,
475431,,,,,,,,11.0,,4.0,,,,,,2.0,2.0,,,,,,1.0,1.0,,
475459,,,,,,,,45.0,,21.0,,,,,,1.0,,,,,,2.0,,16.0,,
475468,,,,,,,,18.0,,10.0,,,,,,1.0,2.0,0.0,,,,,1.0,1.0,1.0,
475477,,,,,,,,24.0,,10.0,,,,,,6.0,1.0,,4.0,,,,,2.0,,
475486,,,,,,,,28.0,,13.0,,,,,,2.0,,,,,,1.0,5.0,,,
475495,,,,,,,,54.0,,22.0,,,,,,8.0,4.0,,,,,,,6.0,,
475501,,,,,,,,9.0,,3.0,,,,,,1.0,,,,,,3.0,1.0,1.0,,
475510,,,,,,,,12.0,,6.0,,,,,,1.0,,,,,,,,4.0,,
475529,,,,,,,,11.0,,5.0,,,,,,,,,,,,,,6.0,,
475538,,,,,,,,6.0,,3.0,,,,,,1.0,,,,,,,1.0,,,
475547,,,,,,,,17.0,,9.0,,,,,,1.0,,,,,,,2.0,4.0,1.0,
475556,,,,,,,,14.0,,6.0,,,,,,1.0,,,,,,,2.0,4.0,0.0,
475565,,,,,,,,145.0,,44.0,,,,,,25.0,6.0,6.0,15.0,,,8.0,,31.0,,
475574,,,,,,,,8.0,,3.0,,,,,,2.0,2.0,,,,,,,1.0,,
475583,,,,,,,,15.0,,5.0,,,,,,6.0,1.0,,,,,,1.0,1.0,,
475592,,,,,,,,18.0,,10.0,,,,,,2.0,,,,,,1.0,2.0,2.0,,
475608,,,,,,,,54.0,,18.0,,,,,,3.0,4.0,3.0,,,,4.0,,11.0,2.0,
475617,,,,,,,,61.0,,31.0,,,,,,8.0,4.0,1.0,,,,1.0,8.0,6.0,,
475626,,,,,,,,9.0,,4.0,,,,,,1.0,1.0,,,,,,,1.0,,
475635,,,,,,,,8.0,,5.0,,,,,,2.0,0.0,,,,,,,,,
475644,,,,,,,,9.0,,4.0,,,,,,3.0,,,,,,0.0,,1.0,,
475653,,,,,,,,2.0,,1.0,,,,,,,1.0,,,,,,,,,
475662,,,,,,,,12.0,,8.0,,,,,,1.0,1.0,,,,,,1.0,1.0,,
475680,,,,,,,,6.0,,2.0,,,,,,1.0,1.0,,,,,,,1.0,,
475699,,,,,,,,45.0,,24.0,,,,,,5.0,1.0,1.0,7.0,,,,,4.0,,
475705,,,,,,,,4.0,,2.0,,,,,,1.0,,,,,,,,1.0,,
475714,,,,,,,,11.0,,2.0,,,,,,3.0,1.0,,,,,,,1.0,,
475723,,,,,,,,32.0,,12.0,,,,,,8.0,1.0,1.0,1.0,,,,,4.0,3.0,
475732,,,,,,,,104.0,,53.0,,,,,,7.0,,2.0,,,,1.0,,5.0,,
475741,,,,,,,,24.0,,10.0,,,,,,4.0,,1.0,,,,,,3.0,,
475750,,,,,,,,25.0,,9.0,,,,,,7.0,1.0,,,,,,,2.0,,
475811,,,,,,,,42.0,,19.0,,,,,,6.0,1.0,1.0,4.0,,,,4.0,5.0,1.0,
475839,,,,,,,,26.0,,5.0,,,,,,1.0,6.0,,2.0,,,,4.0,,,
475866,,,,,,,,56.0,,31.0,,,,,,7.0,3.0,,,,,1.0,7.0,5.0,,
476063,,,,,,,,9.0,,8.0,,,,,,,,,,,,,1.0,,,
476090,,,,,,,,5.0,,4.0,,,,,,1.0,,,,,,,,,,
476106,,,,,,,,4.0,,3.0,,,,,,1.0,,,,,,,,,,
476115,,,,,,,,4.0,,3.0,,,,,,1.0,,,,,,,,,,
476124,,,,,,,,4.0,,3.0,,,,,,1.0,,,,,,,,,,
476133,,,,,,,,7.0,,6.0,,,,,,1.0,,,,,,,,,,
476142,,,,,,,,5.0,,4.0,,,,,,1.0,,,,,,,,,,
476151,,,,,,,,4.0,,3.0,,,,,,1.0,,,,,,,,,,
476160,,,,,,,,5.0,,4.0,,,,,,1.0,,,,,,,,,,
476179,,,,,,,,11.0,,8.0,,,,,,2.0,,,,,,,,1.0,,
476230,,,,,,,,13.0,,7.0,,,,,,2.0,,,,,,,,1.0,,
476294,,,,,,,,16.0,,9.0,,,,,,1.0,,,,,,,3.0,3.0,,
476328,,,,,,,,34.0,,23.0,,,,,,3.0,1.0,1.0,,,,,,6.0,,
476337,,,,,,,,12.0,,6.0,,,,,,2.0,1.0,,,,,,2.0,1.0,,
476346,,,,,,,,19.0,,7.0,,,,,,1.0,2.0,,,,,4.0,2.0,3.0,,
476355,,,,,,,,4.0,,,,,,,,1.0,,,,,,,,2.0,,
476382,,,,,,,,28.0,,11.0,,,,,,8.0,3.0,,1.0,,,1.0,,3.0,,
476391,,,,,,,,24.0,,10.0,,,,,,6.0,2.0,,,,,,,5.0,1.0,
476470,,,,,,,,61.0,,30.0,,,,,,18.0,1.0,,,,,,,2.0,,
476489,,,,,,,,8.0,,4.0,,,,,,,2.0,,,,,,,2.0,,
476498,,,,,,,,9.0,,4.0,,,,,,1.0,2.0,,,,,,,2.0,,
476504,,,,,,,,25.0,,11.0,,,,,,4.0,2.0,,,,,,,5.0,,
476513,,,,,,,,9.0,,3.0,,,,,,1.0,1.0,,,,,0.0,,1.0,1.0,
476522,,,,,,,,12.0,,6.0,,,,,,2.0,1.0,,,,,,,1.0,,
476531,,,,,,,,4.0,,3.0,,,,,,,1.0,,,,,,,,,
476540,,,,,,,,12.0,,7.0,,,,,,2.0,,,,,,,,3.0,,
476559,,,,,,,,9.0,,5.0,,,,,,1.0,,,,,,,,3.0,,
476568,,,,,,,,5.0,,4.0,,,,,,,,,,,,,,1.0,,
476577,,,,,,,,37.0,,14.0,,,,,,5.0,,,,,,1.0,,3.0,,
476586,,,,,,,,14.0,,5.0,,,,,,1.0,1.0,0.0,,,,,2.0,4.0,,
476595,,,,,,,,15.0,,3.0,,,,,,5.0,1.0,1.0,,,,4.0,,1.0,,
476601,,,,,,,,15.0,,7.0,,,,,,3.0,2.0,,,,,,,2.0,1.0,
476610,,,,,,,,8.0,,5.0,,,,,,,1.0,,,,,,,3.0,,
476629,,,,,,,,18.0,,8.0,,,,,,1.0,0.0,,,,,,4.0,4.0,0.0,
476638,,,,,,,,9.0,,2.0,,,,,,3.0,1.0,,,1.0,,,,1.0,,
476674,,,,,,,,5.0,,3.0,,,,,,1.0,,,,,,0.0,1.0,,,
476683,,,,,,,,35.0,,16.0,,,,,,3.0,1.0,,,,,,2.0,6.0,1.0,
476692,,,,,,,,5.0,,3.0,,,,,,,,,,,,,,,2.0,
476708,,,,,,,,12.0,,5.0,,,,,,1.0,1.0,,,,,,1.0,2.0,,
476717,,,,,,,,31.0,,27.0,,,,,,1.0,2.0,,,,,,,0.0,0.0,
476726,,,,,,,,20.0,,9.0,,,,,,3.0,2.0,,1.0,,,,2.0,2.0,1.0,
476735,,,,,,,,8.0,,5.0,,,,,,2.0,1.0,,,,,,,,,
476744,,,,,,,,5.0,,4.0,,,,,,,0.0,,,,,,,1.0,,
476753,,,,,,,,16.0,,8.0,,,,,,2.0,,,,,,,4.0,,,
476762,,,,,,,,6.0,,3.0,,,,,,,,,,,,,,3.0,,
476771,,,,,,,,7.0,,3.0,,,,,,3.0,2.0,,,,,,,,,
476780,,,,,,,,10.0,,5.0,,,,,,1.0,1.0,,,,,,,3.0,,
476799,,,,,,,,13.0,,6.0,,,,,,7.0,,,,,,,,,,
476805,,,,,,,,6.0,,3.0,,,,,,2.0,,,,,,,,1.0,,
476814,,,,,,,,16.0,,7.0,,,,,,2.0,,,,,,1.0,3.0,3.0,,
476823,,,,,,,,8.0,,3.0,,,,,,1.0,,,,,,,,1.0,,
476832,,,,,,,,3.0,,1.0,,,,,,1.0,1.0,,,,,,,,,
476841,,,,,,,,19.0,,8.0,,,,,,5.0,,,,,,,3.0,4.0,,
476850,,,,,,,,4.0,,2.0,,,,,,1.0,,,,,,,,1.0,,
476869,,,,,,,,23.0,,6.0,,,,,,3.0,3.0,,,,,3.0,3.0,2.0,,
476878,,,,,,,,5.0,,4.0,,,,,,,,,,,,,,1.0,,
476887,,,,,,,,12.0,,5.0,,,,,,2.0,1.0,,1.0,,,,1.0,0.0,,
476896,,,,,,,,8.0,,3.0,,,,,,1.0,2.0,,,,,,,2.0,,
476902,,,,,,,,5.0,,3.0,,,,,,,,,,,,,,2.0,,
476911,,,,,,,,20.0,,10.0,,,,,,2.0,2.0,,,,,,2.0,2.0,,
476939,,,,,,,,15.0,,6.0,,,,,,2.0,,,,1.0,,,,6.0,,
476948,,,,,,,,21.0,,9.0,,,,,,2.0,,,,,,,,1.0,,
476957,,,,,,,,2.0,,2.0,,,,,,,,,,,,,,,,
476966,,,,,,,,17.0,,7.0,,,,,,1.0,1.0,,,,,,2.0,3.0,,
476975,,,,,,,,288.0,,146.0,,,,,,12.0,11.0,7.0,,,,,3.0,1.0,,
476984,,,,,,,,21.0,,8.0,,,,,,5.0,,,,,,,4.0,4.0,0.0,
476993,,,,,,,,23.0,,5.0,,,,,,6.0,,,,1.0,,,6.0,2.0,,
477002,,,,,,,,5.0,,4.0,,,,,,,,,,,,1.0,,0.0,,
477039,,,,,,,,53.0,,31.0,,,,,,9.0,2.0,,,1.0,,,,8.0,1.0,
477950,,,,,,,,19.0,,6.0,,,,,,2.0,,,,,,,,1.0,,
477996,,,,,,,,15.0,,4.0,,,,,,3.0,,,8.0,,,,,,,
478005,,,,,,,,10.0,,1.0,,,,,,1.0,,,6.0,,,,,1.0,,
478014,,,,,,,,15.0,,2.0,,,,,,1.0,,,11.0,,,,,1.0,,
478582,,,,,,,,9.0,,4.0,,,,,,2.0,,,,,,,,1.0,,
478591,,,,,,,,15.0,,7.0,,,,,,3.0,,,,,,,2.0,,,
478616,,,,,,,,9.0,,6.0,,,,,,1.0,,,,,,,,0.0,,
478634,,,,,,,,26.0,,13.0,,,,,,2.0,,,,,,,,1.0,,
478643,,,,,,,,2.0,,1.0,,,,,,1.0,,,,,,,,,,
478661,,,,,,,,16.0,,9.0,,,,,,4.0,,,,,,,,,,
478917,,,,,,,,6.0,,3.0,,,,,,,,,,,,,,2.0,,
478953,,,,,,,,31.0,,18.0,,,,,,1.0,,,,,,1.0,,5.0,,
479053,,,,,,,,12.0,,5.0,,,,,,1.0,2.0,,,,,,,2.0,1.0,
479062,,,,,,,,2.0,,1.0,,,,,,1.0,,,,,,,,,,
479123,,,,,,,,3.0,,2.0,,,,,,,,,,,,,,1.0,,
479248,,,,,,,,7.0,,5.0,,,,,,,,,,,,,,1.0,,
479424,,,,,,,,14.0,,7.0,,,,,,7.0,,,,,,,,,,
479549,,,,,,,,52.0,,17.0,,,,,,8.0,,1.0,,,,,,25.0,,
479558,,,,,,,,38.0,,13.0,,,,,,7.0,1.0,1.0,,,,,,15.0,,
479567,,,,,,,,1.0,,1.0,,,,,,,,,,,,,,,,
479585,,,,,,,,2.0,,2.0,,,,,,,,,,,,,,,,
479594,,,,,,,,38.0,,19.0,,,,,,5.0,1.0,1.0,,,,,,11.0,,
479600,,,,,,,,21.0,,8.0,,,,,,4.0,,1.0,,,,,,7.0,,
479619,,,,,,,,1.0,,1.0,,,,,,,,,,,,,,,,
479628,,,,,,,,32.0,,11.0,,,,,,6.0,,1.0,,,,,,12.0,,
479637,,,,,,,,24.0,,7.0,,,,,,4.0,,1.0,,,,,,11.0,,
479646,,,,,,,,18.0,,11.0,,,,,,3.0,,1.0,,,,,,1.0,,
479655,,,,,,,,30.0,,13.0,,,,,,6.0,,1.0,,,,,,8.0,,
479664,,,,,,,,1.0,,1.0,,,,,,,,,,,,,,,,
479956,,,,,,,,167.0,,1.0,,2.0,,,,19.0,,41.0,59.0,,,,1.0,16.0,,
479965,,,,,,,,8.0,,4.0,,,,,,,,,,,,,,4.0,,
479974,,,,,,,,16.0,,8.0,,,,,,1.0,,,,,,0.0,,6.0,,
479983,,,,,,,,12.0,,6.0,,,,,,2.0,1.0,,,,,,1.0,1.0,,
479992,,,,,,,,14.0,,4.0,,,,,,2.0,2.0,3.0,,,,,1.0,2.0,,
480000,,,,,,,,5.0,,2.0,,,,,,,2.0,,,,,,,1.0,,
480019,,,,,,,,38.0,,19.0,,,,,,6.0,1.0,,,,,,3.0,8.0,,
480028,,,,,,,,10.0,,10.0,,,,,,,,,,,,,,,,
480037,,,,,,,,39.0,,18.0,,,,,,1.0,4.0,,,,,,5.0,5.0,,
480064,,,,,,,,31.0,,13.0,,,,,,3.0,1.0,,8.0,,,,,1.0,,
480073,,,,,,,,41.0,,16.0,,,,,,14.0,,,,,,,,11.0,,
480082,,,,,,,,53.0,,17.0,,,,,,17.0,,,,,,,,17.0,0.0,
480091,,,,,,,,188.0,,82.0,,,,,,10.0,6.0,5.0,62.0,,,,5.0,14.0,,
480107,,,,,,,,57.0,,29.0,,,,,,7.0,4.0,1.0,,,,1.0,7.0,7.0,,
480125,,,,,,,,13.0,,6.0,,,,,,1.0,,,,,,,2.0,,,
480134,,,,,,,,33.0,,18.0,,,,,,2.0,,,9.0,,,,,3.0,,
480143,,,,,,,,27.0,,16.0,,,,,,,2.0,,,,,4.0,3.0,1.0,,
480161,,,,,,,,4.0,,2.0,,,,,,,,,,,,,0.0,1.0,,
480170,,,,,,,,12.0,,4.0,,,,,,3.0,,,,,,,,0.0,,
480189,,,,,,,,118.0,,57.0,,,,,,5.0,2.0,2.0,17.0,2.0,,5.0,,11.0,,0.0
480198,,,,,,,,35.0,,18.0,,,,,,2.0,,,,,,,,4.0,,
480204,,,,,,,,35.0,,15.0,,,,,,5.0,,,,,,1.0,5.0,5.0,0.0,
480301,,,,,,,,33.0,,14.0,3.0,,,,,6.0,,1.0,,,,,,6.0,,
480310,,,,,,,,10.0,,6.0,,,,,,2.0,,,,,,,,2.0,,
480329,,,,,,,,33.0,,10.0,,,,,,5.0,1.0,,,,,,,17.0,,
480338,,,,,,,,27.0,,10.0,,,,,,5.0,,,,,,,,12.0,,
480347,,,,,,,,13.0,,6.0,,,,,,2.0,2.0,,,,,,,3.0,,
480356,,,,,,,,2.0,,0.0,,,,,,1.0,,,,,,,,0.0,,
480480,,,,,,,,18.0,,8.0,,,,,,1.0,,,,,,,3.0,6.0,,
480499,,,,,,,,11.0,,3.0,,,,,,5.0,1.0,,,,,,,1.0,,
480514,,,,,,,,31.0,,14.0,,,,,,3.0,2.0,,,,,,1.0,1.0,,
480523,,,,,,,,13.0,,7.0,,,,,,2.0,,,,,,,,0.0,,
480532,,,,,,,,14.0,,5.0,,,,,,3.0,,,,,,,,1.0,,
480550,,,,,,,,16.0,,8.0,,,,,,3.0,,,,,,,,1.0,,
480569,,,,,,,,109.0,,73.0,,,,,,2.0,4.0,2.0,,,,,1.0,25.0,,
480657,,,,,,,,20.0,,4.0,,,,,,5.0,,,,,,,,2.0,,
480693,,,,,,,,3.0,,2.0,,,,,,,,,,,,,,1.0,,
480727,,,,,,,,12.0,,7.0,,,,,,1.0,1.0,,,,,0.0,,1.0,2.0,
480736,,,,,,,,2.0,,1.0,,,,,,2.0,,,,,,,,,,
480754,,,,,,,,4.0,,2.0,,,,,,,,,,,,,,2.0,,
480781,,,,,,,,22.0,,9.0,,,,,,3.0,2.0,1.0,,,,,0.0,2.0,,
480790,,,,,,,,137.0,,37.0,,,,,,25.0,3.0,2.0,2.0,22.0,,11.0,,25.0,,
480815,,,,,,,,74.0,,39.0,,,,,,9.0,5.0,1.0,,,,1.0,12.0,6.0,,
480824,,,,,,,,25.0,,9.0,,,,,,1.0,,,,,,,,2.0,,
480833,,,,,,,,32.0,,13.0,,,,,,2.0,,,,,,,,2.0,,
480842,,,,,,,,4.0,,2.0,,,,,,1.0,1.0,,,,,,,,,
480879,,,,,,,,5.0,,3.0,,,,,,,1.0,,,,,,,0.0,,
480888,,,,,,,,29.0,,12.0,,,,,,8.0,2.0,,,,,,2.0,3.0,,
480897,,,,,,,,1.0,,0.0,,,,,,0.0,,,,,,,,,,
480903,,,,,,,,33.0,,16.0,,,,,,6.0,,,,,,,,11.0,,
480912,,,,,,,,5.0,,3.0,,,,,,,,,,,,,,1.0,,
480921,,,,,,,,6.0,,3.0,,,,,,,2.0,,,,,,,1.0,,
480930,,,,,,,,23.0,,10.0,,,,,,2.0,,,,,,,7.0,4.0,,
480967,,,,,,,,42.0,,7.0,,,,,,7.0,3.0,2.0,,,,11.0,1.0,5.0,,
480976,,,,,,,,9.0,,4.0,,,,,,2.0,0.0,,,,,,1.0,1.0,,
480985,,,,,,,,20.0,,7.0,0.0,,,,,3.0,1.0,,,,,,0.0,2.0,,
480994,,,,,,,,9.0,,4.0,,,,,,2.0,1.0,,,,,1.0,,,,
481003,,,,,,,,15.0,,8.0,,,,,,1.0,3.0,,,,,,,3.0,,
481021,,,,,,,,163.0,,69.0,,,,,,7.0,5.0,2.0,0.0,,,17.0,,15.0,5.0,11.0
481030,,,,,,,,12.0,,6.0,2.0,,,,,,,,,,,,,4.0,,
481049,,,,,,,,5.0,,3.0,,,,,,,,,,,,,,2.0,,
481058,,,,,,,,13.0,,9.0,,,,,,2.0,1.0,0.0,,,,,,1.0,,
481076,,,,,,,,15.0,,7.0,,,,,,6.0,0.0,,,,,,,1.0,,
481085,,,,,,,,38.0,,10.0,,,,,,5.0,,,,10.0,,,,6.0,,
481094,,,,,,,,47.0,,16.0,,,,,,7.0,1.0,2.0,2.0,,,,,5.0,1.0,
481100,,,,,,,,7.0,,6.0,,,,,,,,,,,,,,1.0,,
481119,,,,,,,,33.0,,18.0,,,,,,5.0,4.0,,,,,,5.0,1.0,,
481128,,,,,,,,11.0,,6.0,,,,,,1.0,,0.0,,,,,,3.0,0.0,
481137,,,,,,,,31.0,,7.0,,,,,,2.0,,,,,,8.0,,5.0,,
481146,,,,,,,,20.0,,10.0,,,,,,3.0,1.0,,,1.0,,,2.0,1.0,,
481155,,,,,,,,41.0,,20.0,,,,,,5.0,2.0,,,,,,3.0,3.0,,
481164,,,,,,,,11.0,,5.0,,,,,,2.0,1.0,,,,,,,0.0,,
481173,,,,,,,,14.0,,6.0,,,,,,2.0,1.0,1.0,,,,,2.0,1.0,,
481182,,,,,,,,5.0,,2.0,,,,,,1.0,1.0,0.0,,,,,,1.0,0.0,
481191,,,,,,,,34.0,,12.0,,,,,,3.0,2.0,3.0,,,,1.0,,3.0,2.0,
481207,,,,,,,,9.0,,3.0,,,,,,1.0,1.0,,,2.0,,,,1.0,,
481225,,,,,,,,14.0,,9.0,,,,,,,1.0,,,,,,,2.0,,
481234,,,,,,,,20.0,,9.0,,,,,,3.0,2.0,,,,,1.0,3.0,2.0,,
481243,,,,,,,,10.0,,6.0,,,,,,,,,,,,,,4.0,,
481252,,,,,,,,1.0,,1.0,,,,,,,,,,,,,,,,
481261,,,,,,,,2.0,,1.0,,,,,,,,,,,,,,,,
481270,,,,,,,,2.0,,1.0,,,,,,1.0,,,,,,,,,,
481289,,,,,,,,15.0,,9.0,,,,,,1.0,3.0,,,,,,,3.0,,
481298,,,,,,,,6.0,,4.0,,,,,,2.0,,,,,,,,0.0,,
481304,,,,,,,,24.0,,10.0,,,,,,5.0,3.0,,,,,0.0,4.0,,,
481313,,,,,,,,6.0,,3.0,,,,,,1.0,1.0,,,,,,,1.0,,
481322,,,,,,,,14.0,,6.0,,,,,,,,,,,,,1.0,7.0,,
481331,,,,,,,,5.0,,3.0,,,,,,,,,,,,2.0,,,,
481340,,,,,,,,9.0,,7.0,,,,,,,1.0,,,,,,,1.0,,
481359,,,,,,,,7.0,,4.0,,,,,,1.0,1.0,,,,,,,1.0,,
481368,,,,,,,,11.0,,,,,,,,1.0,1.0,,,3.0,,3.0,,2.0,,
481377,,,,,,,,4.0,,3.0,,,,,,1.0,0.0,,,,,,,,,
481386,,,,,,,,20.0,,7.0,,,,,,5.0,1.0,1.0,,,,1.0,,4.0,,
481395,,,,,,,,1.0,,,,,,,,0.0,1.0,,,,,,,0.0,,
481401,,,,,,,,26.0,,8.0,,,,,,5.0,3.0,2.0,,,,,,1.0,,
481410,,,,,,,,5.0,,4.0,,,,,,0.0,,,,,,,,0.0,,
481429,,,,,,,,11.0,,6.0,,,,,,3.0,1.0,,,,,,,,,
481438,,,,,,,,11.0,,6.0,,,,,,2.0,1.0,,,,,,,1.0,1.0,
481447,,,,,,,,6.0,,4.0,,,,,,1.0,,,,,,,,,,
481456,,,,,,,,4.0,,2.0,,,,,,,,,,,,,,2.0,,
481465,,,,,,,,6.0,,2.0,,,,,,1.0,1.0,,,,,,,1.0,,
481474,,,,,,,,13.0,,5.0,,,,,,1.0,1.0,,,,,1.0,,1.0,,
481483,,,,,,,,23.0,,6.0,,,,,,3.0,4.0,,1.0,,,,3.0,3.0,,
481492,,,,,,,,9.0,,3.0,,,,,,1.0,1.0,,1.0,,,,,1.0,,
481508,,,,,,,,11.0,,7.0,,,,,,,1.0,,,,,,1.0,2.0,,
481517,,,,,,,,8.0,,5.0,,,,,,1.0,1.0,,,,,,,2.0,,
481526,,,,,,,,9.0,,4.0,,,,,,1.0,,,,,,0.0,,3.0,,
481544,,,,,,,,5.0,,3.0,,,,,,2.0,,,,,,,,,,
481553,,,,,,,,6.0,,2.0,,,,,,1.0,1.0,,,,,,,1.0,,
481562,,,,,,,,10.0,,5.0,,,,,,2.0,,,,,,,,,,
481571,,,,,,,,2.0,,1.0,,,,,,,1.0,,,,,,,,,
481599,,,,,,,,16.0,,6.0,,,,,,1.0,,,,,,,,0.0,,
481614,,,,,,,,25.0,,9.0,,,,,,4.0,1.0,1.0,,,,,,9.0,,
481623,,,,,,,,23.0,,8.0,,,,,,4.0,,1.0,,,,,,9.0,,
481632,,,,,,,,61.0,,34.0,,,,,,10.0,3.0,,,,,1.0,10.0,2.0,,
481669,,,,,,,,13.0,,7.0,,,,,,2.0,,,,,,,,2.0,2.0,
481678,,,,,,,,7.0,,4.0,,,,,,1.0,,,,,,,,1.0,,
481720,,,,,,,,46.0,,16.0,,,,,,14.0,,,,,,,,15.0,,
481739,,,,,,,,5.0,,3.0,,,,,,1.0,,,,,,,,1.0,,
481748,,,,,,,,12.0,,7.0,,,,,,2.0,,,,,,,,1.0,,
481766,,,,,,,,8.0,,3.0,,,,,,,1.0,,,,,,2.0,,,
481827,,,,,,,,11.0,,8.0,,,,,,,,,,,,,2.0,1.0,,
481845,,,,,,,,11.0,,7.0,,,,,,2.0,,,,,,,,1.0,,
481854,,,,,,,,44.0,,16.0,,,,,,8.0,8.0,,,,,,,10.0,,
481863,,,,,,,,14.0,,7.0,,,,,,3.0,,,,,,,,1.0,,
481890,,,,,,,,11.0,,5.0,,,,,,2.0,,,,,,,,0.0,,
481906,,,,,,,,11.0,,6.0,,,,,,3.0,,,,,,,,0.0,,
481915,,,,,,,,15.0,,5.0,,,,,,1.0,1.0,,,,,,3.0,2.0,,
481942,,,,,,,,24.0,,10.0,,,,,,3.0,1.0,,,,,,2.0,6.0,,
481960,,,,,,,,19.0,,10.0,,,,,,5.0,,,,,,,1.0,2.0,,
481988,,,,,,,,28.0,,13.0,,,,,,4.0,3.0,,,,,,2.0,1.0,,
482015,,,,,,,,43.0,,19.0,,,,,,1.0,4.0,,17.0,,,0.0,,1.0,,
482024,,,,,,,,17.0,,4.0,,,,,,3.0,,,,,,0.0,,3.0,,
482033,,,,,,,,12.0,,7.0,,,,,,2.0,,,,,,,1.0,2.0,,
482060,,,,,,,,24.0,,12.0,,,,,,2.0,,,,,,,3.0,7.0,,
482097,,,,,,,,29.0,,11.0,,,,,,2.0,3.0,,1.0,,,,,7.0,2.0,
482103,,,,,,,,12.0,,4.0,,,,,,2.0,,,,,,,2.0,4.0,,
482149,,,,,,,,5124.0,,982.0,,,,,,463.0,174.0,501.0,94.0,1470.0,,493.0,4.0,726.0,98.0,5.0
482158,,,,,,,,680.0,,281.0,,,,,,90.0,9.0,19.0,18.0,3.0,,58.0,,105.0,41.0,
482167,,,,,,,,7.0,,2.0,,,,,,1.0,2.0,,0.0,,,,,1.0,,
482176,,,,,,,,22.0,,11.0,,,,,,3.0,,,,,,,3.0,5.0,,
482185,,,,,,,,10.0,,4.0,,,,,,,2.0,,1.0,,,,2.0,1.0,,
482194,,,,,,,,11.0,,6.0,,,,,,1.0,1.0,,,,,,1.0,1.0,,
482200,,,,,,,,7.0,,3.0,,,,,,2.0,2.0,,,,,,,,,
482228,,,,,,,,14.0,,10.0,,,,,,2.0,1.0,0.0,,,,,,0.0,,
482246,,,,,,,,6.0,,2.0,,,,,,1.0,1.0,,,,,,1.0,,,
482255,,,,,,,,32.0,,14.0,,,,,,4.0,,,,,,,,14.0,,
482264,,,,,,,,45.0,,,,,,,,2.0,2.0,,2.0,,,8.0,,8.0,6.0,
482273,,,,,,,,20.0,,,,,,,,2.0,,,1.0,,,1.0,,3.0,2.0,
482307,,,,,,,,12.0,,1.0,,,,,,2.0,,,7.0,,,,,1.0,,
482316,,,,,,,,12.0,,,,,,,,3.0,,,8.0,,,,,1.0,,
482325,,,,,,,,15.0,,2.0,,,,,,2.0,,,10.0,,,,,1.0,,
482334,,,,,,,,12.0,,1.0,,,,,,2.0,,,8.0,,,,,1.0,,
482343,,,,,,,,8.0,,1.0,,,,,,1.0,,,5.0,,,,,1.0,,
482352,,,,,,,,10.0,,,,,,,,2.0,,,7.0,,,,,1.0,,
482361,,,,,,,,27.0,,11.0,,,,,,1.0,,,12.0,,,,,2.0,,
482370,,,,,,,,10.0,,1.0,,,,,,2.0,,,6.0,,,,,1.0,,
482389,,,,,,,,8.0,,0.0,,,,,,2.0,,,5.0,,,,,1.0,,
482398,,,,,,,,48.0,,23.0,,,,,,7.0,,,,,,,,16.0,,
482413,,,,,,,,120.0,,52.0,,,,,,17.0,1.0,1.0,,,,2.0,,4.0,,
482422,,,,,,,,128.0,,71.0,,,,,,15.0,1.0,2.0,,,,2.0,,5.0,,
482431,,,,,,,,589.0,,298.0,,,,,,58.0,8.0,9.0,,,,5.0,,23.0,,
482440,,,,,,,,64.0,,33.0,,,,,,9.0,,,,,,1.0,,,,
482459,,,,,,,,212.0,,102.0,,,,,,29.0,2.0,4.0,,,,2.0,,7.0,,
482468,,,,,,,,188.0,,101.0,,,,,,22.0,2.0,4.0,,,,3.0,,3.0,,
482477,,,,,,,,2780.0,,1130.0,,,,,,118.0,112.0,44.0,9.0,,,9.0,,62.0,,
482486,,,,,,,,45.0,,27.0,,,,,,3.0,,0.0,,,,,,1.0,,
482501,,,,,,,,4.0,,1.0,,,,,,1.0,,,,,,,,,,
482510,,,,,,,,23.0,,11.0,,,,,,1.0,,0.0,,,,,,,,
482529,,,,,,,,27.0,,16.0,,,,,,2.0,,1.0,,,,,,,,
482538,,,,,,,,85.0,,47.0,,,,,,8.0,1.0,1.0,,,,1.0,,1.0,,
482547,,,,,,,,27.0,,13.0,,,,,,1.0,,1.0,,,,,,,,
482556,,,,,,,,174.0,,103.0,,,,,,16.0,2.0,2.0,1.0,,,1.0,,4.0,,
482565,,,,,,,,65.0,,39.0,,,,,,4.0,,0.0,,,,,,2.0,,
482574,,,,,,,,192.0,,107.0,,,,,,17.0,1.0,3.0,,,,2.0,,1.0,,
482583,,,,,,,,15.0,,7.0,,,,,,1.0,,,,,,,,2.0,,
482592,,,,,,,,14.0,,7.0,,,,,,1.0,,,,,,,,1.0,,
482608,,,,,,,,130.0,,65.0,,,,,,15.0,1.0,2.0,,,,1.0,,3.0,,
482617,,,,,,,,46.0,,22.0,,,,,,2.0,,1.0,,,,,,2.0,,
482635,,,,,,,,295.0,,166.0,,,,,,29.0,3.0,6.0,,,,3.0,,13.0,,
482644,,,,,,,,13.0,,8.0,,,,,,1.0,1.0,0.0,,,,,,,,
482653,,,,,,,,118.0,,70.0,,,,,,13.0,1.0,1.0,,,,,,4.0,,
482662,,,,,,,,48.0,,17.0,,,,,,6.0,1.0,2.0,,,,1.0,,,,
482671,,,,,,,,26.0,,14.0,,,,,,2.0,,,,,,,,,,
482680,,,,,,,,1400.0,,606.0,,,,,,177.0,42.0,66.0,29.0,8.0,,146.0,6.0,191.0,31.0,
482699,,,,,,,,211.0,,70.0,,3.0,,,,29.0,2.0,5.0,8.0,,,35.0,1.0,35.0,8.0,
482705,,,,,,,,596.0,,415.0,,,,,,12.0,21.0,12.0,40.0,,,,,6.0,,
482936,,,,,,,,147.0,,31.0,4.0,,,,,39.0,7.0,19.0,6.0,1.0,,3.0,1.0,19.0,2.0,
482954,,,,,,,,36.0,,13.0,,,,,,7.0,,,,,,,,15.0,,
482963,,,,,,,,19.0,,7.0,,,,,,2.0,,,,,,,5.0,5.0,0.0,
482981,,,,,,,,11.0,,6.0,,,,,,3.0,,,,,,,,2.0,,
482990,,,,,,,,29.0,,10.0,,,,,,7.0,,,,,,1.0,6.0,2.0,,
483009,,,,,,,,17.0,,7.0,,,,,,3.0,1.0,,,,,,2.0,4.0,,
483018,,,,,,,,185.0,,36.0,,,,,,45.0,16.0,7.0,4.0,,,34.0,1.0,7.0,,
483036,,,,,,,,261.0,,122.0,,,,,,35.0,8.0,15.0,1.0,,,7.0,2.0,49.0,,
483045,,,,,,,,694.0,,324.0,,14.0,,,,32.0,40.0,18.0,9.0,,,79.0,,128.0,,
483054,,,,,,,,4.0,,2.0,,,,,,,,,,,,,,2.0,,
483090,,,,,,,,848.0,,,,,,,,73.0,71.0,13.0,,,,,,626.0,,
483106,,,,,,,,15.0,,8.0,,,,,,3.0,2.0,,,,,,1.0,1.0,,
483124,,,,,,,,410.0,,302.0,,,,,,24.0,12.0,11.0,36.0,,,1.0,,13.0,,
483212,,,,,,,,258.0,,131.0,,,,,,27.0,64.0,,,,,1.0,,18.0,1.0,
483221,,,,,,,,11.0,,5.0,,,,,,,1.0,,,,,,,3.0,,
483230,,,,,,,,16.0,,7.0,,,,,,3.0,,,,,,,,2.0,,
483258,,,,,,,,3.0,,1.0,,,,,,,,,,,,,,1.0,,
483276,,,,,,,,3.0,,2.0,,,,,,,1.0,,,,,,,,,
483285,,,,,,,,516.0,,516.0,0.0,,,,,,,,,,,,,,,
483319,,,,,,,,32.0,,7.0,,,,,,6.0,3.0,1.0,,,,1.0,8.0,4.0,,
483328,,,,,,,,17.0,,8.0,,,,,,1.0,,,,,,,5.0,3.0,,
483337,,,,,,,,12.0,,5.0,,,,,,2.0,,,,,,,2.0,3.0,,
483346,,,,,,,,5.0,,4.0,,,,,,,,,,,,,,,,
483355,,,,,,,,29.0,,16.0,,,,,,4.0,,,,,,1.0,3.0,4.0,,
483364,,,,,,,,23.0,,12.0,,,,,,2.0,1.0,,,,,,3.0,3.0,,
483373,,,,,,,,8.0,,3.0,,,,,,2.0,,0.0,,,,0.0,,2.0,,
483382,,,,,,,,23.0,,9.0,,,,,,6.0,,,,,,1.0,,,,
483425,,,,,,,,4.0,,3.0,,,,,,1.0,,,,,,,,,,
483443,,,,,,,,16.0,,10.0,,,,,,3.0,2.0,,,,,,,1.0,,
483470,,,,,,,,6.0,,3.0,,,,,,,,,,,,,,3.0,,
483504,,,,,,,,26.0,,12.0,,,,,,1.0,,,,,,,,,,
483513,,,,,,,,4.0,,3.0,,,,,,,,,,,,,,1.0,,
483522,,,,,,,,23.0,,8.0,,,,,,1.0,2.0,1.0,,,,1.0,,1.0,,
483568,,,,,,,,10.0,,7.0,,,,,,2.0,1.0,,,,,,,,,
483595,,,,,,,,19.0,,1.0,,,,,,7.0,,1.0,,,,,,10.0,,
483610,,,,,,,,7.0,,4.0,,,,,,1.0,2.0,,,,,,,0.0,,
483629,,,,,,,,29.0,,13.0,,,,,,2.0,,,,,,,,1.0,2.0,
483638,,,,,,,,12.0,,6.0,,,,,,2.0,1.0,,,,,,,3.0,,
483647,,,,,,,,28.0,,19.0,,,,,,1.0,2.0,,1.0,1.0,,,1.0,1.0,0.0,
483665,,,,,,,,3.0,,2.0,,,,,,,,,,,,,,,,
483674,,,,,,,,20.0,,7.0,,,,,,2.0,2.0,,1.0,2.0,,,,3.0,1.0,
483683,,,,,,,,3.0,,1.0,,,,,,0.0,0.0,,,,,,,,,
483692,,,,,,,,9.0,,4.0,,,,,,1.0,,,,,,,1.0,3.0,,
483708,,,,,,,,11.0,,6.0,,,,,,2.0,1.0,,,,,,,2.0,0.0,
483717,,,,,,,,2.0,,2.0,,,,,,,,,,,,,,,,
483726,,,,,,,,4.0,,2.0,,,,,,1.0,1.0,,,,,,,0.0,,
483735,,,,,,,,5.0,,4.0,,,,,,,,,,,,,,1.0,,
483744,,,,,,,,5.0,,4.0,,,,,,1.0,,,,,,,,,,
483753,,,,,,,,10.0,,2.0,,,,,,4.0,,,,,,,,1.0,,
483762,,,,,,,,40.0,,18.0,,,,,,7.0,1.0,,,,,,,3.0,,
483771,,,,,,,,2.0,,1.0,,,,,,,,,,,,,,1.0,,
483780,,,,,,,,14.0,,5.0,,,,,,2.0,1.0,1.0,,,,,,,,
483799,,,,,,,,7.0,,4.0,,,,,,0.0,0.0,0.0,0.0,,,,,0.0,,
483805,,,,,,,,4.0,,3.0,,,,,,,,,,,,,,,,
483814,,,,,,,,14.0,,8.0,,,,,,5.0,,,,,,,,1.0,,
483823,,,,,,,,18.0,,8.0,,,,,,4.0,1.0,,,,,,,4.0,,
483841,,,,,,,,3.0,,3.0,,,,,,,,,,,,,,,,
483850,,,,,,,,10.0,,3.0,,,,,,1.0,1.0,,,,,,2.0,1.0,,
483869,,,,,,,,9.0,,4.0,,,,,,1.0,1.0,,,,,,,1.0,,
483878,,,,,,,,21.0,,8.0,,,,,,5.0,1.0,,1.0,,,,,4.0,,
483887,,,,,,,,7.0,,4.0,,,,,,2.0,,,,,,,,1.0,,
483896,,,,,,,,3.0,,2.0,,,,,,,,,,,,,,1.0,,
483902,,,,,,,,4.0,,2.0,,,,,,,,,,,,,,,,
483911,,,,,,,,2.0,,1.0,,,,,,,,,,,,,,1.0,,
483920,,,,,,,,8.0,,5.0,,,,,,,1.0,,,,,,,2.0,,
483939,,,,,,,,3.0,,1.0,,,,,,,1.0,,,,,,,1.0,,
483948,,,,,,,,3.0,,2.0,,,,,,,1.0,,,,,,,,,
483957,,,,,,,,3.0,,2.0,,,,,,,1.0,,,,,,,,,
483966,,,,,,,,5.0,,1.0,,,,,,2.0,,,,,,,,0.0,,
483975,,,,,,,,59.0,,21.0,,,,,,5.0,,,,,,,,7.0,,
483984,,,,,,,,22.0,,8.0,,,,,,2.0,3.0,,2.0,,,2.0,,,,
484002,,,,,,,,37.0,,11.0,,,,,,6.0,4.0,1.0,,,,,,2.0,,
484011,,,,,,,,17.0,,8.0,,,,,,1.0,,,,,,,4.0,3.0,1.0,
484020,,,,,,,,7.0,,2.0,,,,,,1.0,1.0,,1.0,,,,,,,
484039,,,,,,,,7.0,,3.0,,,,,,2.0,1.0,,,,,,,1.0,,
484048,,,,,,,,4.0,,1.0,,,,,,1.0,,,,,,,,2.0,,
484057,,,,,,,,9.0,,4.0,,,,,,1.0,1.0,,,,,,,1.0,,
484066,,,,,,,,23.0,,12.0,,,,,,,1.0,,,,,,,3.0,,
484075,,,,,,,,22.0,,3.0,,,,,,3.0,3.0,,,,,3.0,3.0,3.0,,
484084,,,,,,,,8.0,,6.0,,,,,,1.0,0.0,,,,,,1.0,,,
484093,,,,,,,,5.0,,3.0,,,,,,1.0,1.0,,,,,,,,,
484109,,,,,,,,5.0,,3.0,,,,,,,,,,,,,,0.0,,
484118,,,,,,,,7.0,,3.0,,,,,,1.0,3.0,,,,,,,,,
484127,,,,,,,,11.0,,8.0,,,,,,,1.0,,,,,,,1.0,,
484136,,,,,,,,5.0,,4.0,,,,,,,,,,,,,,1.0,,
484145,,,,,,,,12.0,,6.0,,,,,,,,,,,,,,2.0,,
484154,,,,,,,,8.0,,4.0,,,,,,3.0,,,,,,,,1.0,,
484163,,,,,,,,36.0,,30.0,,,,,,3.0,0.0,,,,,,,,,
484172,,,,,,,,5.0,,1.0,,,,,,,1.0,,,,,,,1.0,,
484181,,,,,,,,18.0,,12.0,,,,,,2.0,2.0,,,,,,,,,
484190,,,,,,,,5.0,,2.0,,,,,,1.0,,,,,,,,2.0,,
484206,,,,,,,,14.0,,7.0,,,,,,1.0,1.0,,,,,,1.0,4.0,,
484242,,,,,,,,15.0,,4.0,,,,,,2.0,1.0,1.0,1.0,,,4.0,,2.0,,
484288,,,,,,,,15.0,,6.0,,,,,,,0.0,,2.0,,,,,2.0,,
484303,,,,,,,,8.0,,7.0,,,,,,0.0,0.0,,,,,,,1.0,,
484321,,,,,,,,9.0,,7.0,,,,,,2.0,,,,,,,,,,
484330,,,,,,,,12.0,,5.0,,,,,,3.0,,,,,,,,1.0,,
484349,,,,,,,,14.0,,6.0,,,,,,3.0,,,,,,,,1.0,,
484358,,,,,,,,12.0,,5.0,,,,,,3.0,,,,,,,,1.0,,
484367,,,,,,,,10.0,,4.0,,,,,,,,,,,,,,6.0,,
484376,,,,,,,,17.0,,9.0,,,,,,,,,,,,,,8.0,,
484385,,,,,,,,14.0,,7.0,,,,,,4.0,,,,,,,,1.0,,
484394,,,,,,,,12.0,,5.0,,,,,,1.0,2.0,,,,,,2.0,2.0,,
484473,,,,,,,,47.0,,19.0,,,,,,2.0,6.0,9.0,2.0,,,,,,,
484598,,,,,,,,3.0,,2.0,,,,,,,1.0,,,,,,,0.0,,
484604,,,,,,,,18.0,,8.0,,,,,,3.0,,,,,,,1.0,,,
484613,,,,,,,,11662.0,,4862.0,,,,,,857.0,236.0,286.0,1028.0,,,,2550.0,1776.0,,
484622,,,,,,,,56.0,,50.0,,,,,,4.0,,,,,,,,2.0,,
484631,,,,,,,,1201.0,,911.0,,,,,,119.0,13.0,7.0,33.0,1.0,,,5.0,111.0,,
484640,,,,,,,,128.0,,102.0,,,,,,14.0,1.0,,1.0,1.0,,,2.0,8.0,,
484668,,,,,,,,305.0,,236.0,,,,,,27.0,2.0,1.0,8.0,,,,3.0,28.0,,
484677,,,,,,,,224.0,,173.0,,,,,,19.0,1.0,,8.0,,,,2.0,21.0,,
484686,,,,,,,,98.0,,83.0,,,,,,6.0,,,1.0,,,,,7.0,,
484695,,,,,,,,152.0,,118.0,,,,,,17.0,,,,,,,2.0,14.0,,
484701,,,,,,,,107.0,,85.0,,,,,,13.0,1.0,,,,,,,9.0,,
484710,,,,,,,,147.0,,108.0,,,,,,16.0,,,7.0,,,,1.0,14.0,,
484729,,,,,,,,72.0,,55.0,,,,,,7.0,,,,,,,1.0,9.0,,
484738,,,,,,,,70.0,,62.0,,,,,,6.0,,,,,,,,2.0,,
484747,,,,,,,,200.0,,161.0,,,,,,18.0,,,4.0,,,,1.0,16.0,,
484756,,,,,,,,346.0,,269.0,,,,,,30.0,3.0,,13.0,,,,3.0,28.0,,
484765,,,,,,,,106.0,,90.0,,,,,,7.0,,,,,,,2.0,7.0,,
484783,,,,,,,,85.0,,70.0,,,,,,10.0,,,,,,,1.0,4.0,,
484817,,,,,,,,5.0,,2.0,,,,,,1.0,,,,,,,,,,
484826,,,,,,,,11.0,,7.0,,,,,,1.0,1.0,,,,,,1.0,1.0,,
484835,,,,,,,,46.0,,6.0,,,,,,15.0,11.0,,1.0,,,2.0,2.0,8.0,,
484844,,,,,,,,8.0,,4.0,,,,,,1.0,,,,,,,,,,
484862,,,,,,,,32.0,,13.0,,,,,,3.0,2.0,,1.0,,,,,2.0,1.0,
484871,,,,,,,,6.0,,3.0,,,,,,2.0,,,,,,,,,,
484880,,,,,,,,15.0,,8.0,,,,,,,,,,,,,,2.0,,
484899,,,,,,,,17.0,,10.0,,,,,,1.0,,,,,,,,6.0,,
484905,,,,,,,,180.0,,83.0,2.0,5.0,,,,23.0,10.0,5.0,,,,2.0,,36.0,1.0,
484923,,,,,,,,5.0,,1.0,,,,,,2.0,,,,,,,,1.0,,
484932,,,,,,,,207.0,,130.0,,,,,,26.0,1.0,7.0,1.0,1.0,,5.0,,32.0,,
484950,,,,,,,,8.0,,6.0,,,,,,,,,,,,,,,,
484978,,,,,,,,45.0,,20.0,,,,,,6.0,3.0,,,,,1.0,8.0,5.0,,
484996,,,,,,,,11.0,,5.0,,,,,,1.0,,,,,,3.0,,2.0,,
485014,,,,,,,,8.0,,5.0,,,,,,1.0,,,,,,,,1.0,,
485032,,,,,,,,17.0,,8.0,,,,,,5.0,,,,,,,4.0,,0.0,
485041,,,,,,,,1.0,,,,,,,,,,,,,,,,0.0,,
485078,,,,,,,,12.0,,7.0,,,,,,1.0,,,,,,3.0,,,,
485087,,,,,,,,5.0,,4.0,,,,,,1.0,,,,,,,,,,
485111,,,,,,,,590.0,,221.0,0.0,,,,,55.0,16.0,15.0,30.0,5.0,,77.0,,113.0,,
485120,,,,,,,,11.0,,6.0,,,,,,1.0,1.0,,,,,,,3.0,,
485139,,,,,,,,19.0,,10.0,,,,,,1.0,2.0,,,,,,2.0,1.0,,
485166,,,,,,,,4.0,,3.0,,,,,,,,,,,,,,1.0,,
485184,,,,,,,,4.0,,2.0,,,,,,1.0,,,,,,,,1.0,,
485193,,,,,,,,4.0,,2.0,,,,,,2.0,,,,,,,,,,
485236,,,,,,,,3.0,,2.0,,,,,,,1.0,,,,,,,,,
485245,,,,,,,,5.0,,3.0,,,,,,,1.0,,,,,,,,,
485254,,,,,,,,26.0,,12.0,,,,,,2.0,2.0,1.0,,,,,,3.0,1.0,
485263,,,,,,,,74.0,,41.0,,,,,,3.0,,,,,,,,6.0,,
485272,,,,,,,,23.0,,6.0,,,,,,7.0,,,1.0,,,,,8.0,,
485281,,,,,,,,9.0,,,,,,,,1.0,,,7.0,,,,,1.0,,
485290,,,,,,,,31.0,,8.0,,,,,,7.0,,,13.0,,,,,2.0,,
485306,,,,,,,,4.0,,3.0,,,,,,,,,,,,,,1.0,,
485342,,,,,,,,20.0,,6.0,,,,,,3.0,,1.0,,,,2.0,,5.0,,
485351,,,,,,,,34.0,,23.0,,,,,,2.0,,,,,,,,9.0,,
485379,,,,,,,,15.0,,5.0,,,,,,,,,,,,1.0,,3.0,,
485388,,,,,,,,18.0,,8.0,,,,,,,,,,,,1.0,,4.0,,
485397,,,,,,,,9.0,,4.0,,,,,,2.0,,,,,,,,1.0,,
485412,,,,,,,,4.0,,3.0,,,,,,,1.0,,,,,,,,,
485421,,,,,,,,39.0,,18.0,,,,,,5.0,1.0,1.0,,,,2.0,3.0,3.0,2.0,
485458,,,,,,,,250.0,,125.0,,1.0,,,,19.0,10.0,6.0,1.0,,,23.0,,31.0,,
485467,,,,,,,,147.0,,,,,,,,51.0,23.0,17.0,1.0,,,,,46.0,,
