UNITID,SALTOTL,SALPROF,SALASSC,SALASST,SALINST,SALLECT,SALNRNK,SFTETOTL,SFTEPSTC,SFTEINST,SFTERSRC,SFTEPBSV,SFTELCAI,SFTELCA,SFTEOTIS,SFTEMNGM,SFTEBFO,SFTECES,SFTECLAM,SFTEHLTH,SFTEOTHR,SFTESRVC,SFTESALE,SFTEOFAS,SFTENRCM,SFTEPTMM
100654,,,,,,,,855.0,,291.0,,,,,,94.0,35.0,47.0,107.0,0.0,,41.0,,201.0,20.0,8.0
100663,,,,,,,,9028.0,,2572.0,,,,,,405.0,1112.0,1658.0,310.0,421.0,,737.0,,1161.0,312.0,78.0
100690,,,,,,,,66.0,,33.0,,,,,,1.0,7.0,6.0,,,,,,3.0,1.0,
100706,,,,,,,,1417.0,,413.0,,,,,,98.0,83.0,407.0,83.0,2.0,,112.0,,188.0,16.0,1.0
100724,,,,,,,,878.0,,288.0,4.0,,,,,65.0,37.0,26.0,90.0,2.0,,116.0,7.0,102.0,36.0,3.0
100733,,,,,,,,87.0,,,,,,,,15.0,20.0,6.0,21.0,,,3.0,,21.0,,
100751,,,,,,,,6315.0,,1659.0,,,,,,570.0,556.0,488.0,566.0,236.0,,737.0,26.0,900.0,229.0,132.0
100760,,,,,,,,163.0,,83.0,,,,,,17.0,7.0,2.0,1.0,,,20.0,,26.0,,
100812,,,,,,,,281.0,,122.0,,,,,,31.0,5.0,12.0,9.0,,,13.0,,44.0,8.0,2.0
100830,,,,,,,,615.0,,250.0,,9.0,,,,90.0,18.0,34.0,16.0,3.0,,31.0,2.0,105.0,,6.0
100858,,,,,,,,5660.0,,1452.0,28.0,242.0,,,,513.0,434.0,612.0,602.0,32.0,,440.0,3.0,728.0,381.0,51.0
100937,,,,,,,,316.0,,108.0,,,,,,35.0,8.0,9.0,56.0,5.0,,16.0,1.0,37.0,10.0,1.0
101028,,,,,,,,125.0,,61.0,,,,,,14.0,2.0,1.0,4.0,,,8.0,1.0,21.0,2.0,1.0
101116,,,,,,,,50.0,,27.0,,,,,,8.0,2.0,,2.0,,,,,10.0,,
101143,,,,,,,,145.0,,67.0,,,,,,4.0,6.0,3.0,3.0,,,13.0,2.0,27.0,,1.0
101161,,,,,,,,419.0,,224.0,,,,,,13.0,,1.0,,,,3.0,,22.0,,
101189,,,,,,,,359.0,,181.0,,,,,,26.0,5.0,2.0,57.0,0.0,,12.0,0.0,35.0,,1.0
101240,,,,,,,,438.0,,192.0,,,,,,34.0,10.0,16.0,21.0,1.0,,29.0,,86.0,14.0,
101277,,,,,,,,9.0,,4.0,,,,,,1.0,1.0,,,,,,,3.0,,
101286,,,,,,,,323.0,,167.0,,,,,,18.0,4.0,8.0,4.0,,,9.0,,53.0,7.0,6.0
101295,,,,,,,,395.0,,194.0,,,,,,30.0,8.0,5.0,7.0,,,28.0,,78.0,16.0,
101301,,,,,,,,175.0,,72.0,,,,,,21.0,6.0,2.0,11.0,,,21.0,,26.0,1.0,1.0
101365,,,,,,,,35.0,,19.0,,,,,,2.0,,,,,,1.0,,5.0,,
101435,,,,,,,,200.0,,70.0,,1.0,,,,20.0,18.0,4.0,40.0,1.0,,23.0,,10.0,,
101453,,,,,,,,29.0,,4.0,,,,,,8.0,4.0,1.0,,,,3.0,,6.0,,
101462,,,,,,,,85.0,,35.0,,,,,,4.0,5.0,2.0,,,,2.0,,16.0,,
101471,,,,,,,,108.0,,39.0,,,,,,8.0,7.0,1.0,3.0,,,3.0,,15.0,,1.0
101480,,,,,,,,993.0,,376.0,,,,,,100.0,37.0,45.0,111.0,,,134.0,,122.0,36.0,6.0
101505,,,,,,,,501.0,,249.0,,,,,,9.0,13.0,6.0,12.0,,,42.0,,106.0,7.0,
101514,,,,,,,,529.0,,255.0,,,,,,36.0,6.0,24.0,30.0,,,27.0,,103.0,10.0,
101541,,,,,,,,110.0,,46.0,,1.0,,,,4.0,3.0,3.0,4.0,,,17.0,2.0,10.0,3.0,
101569,,,,,,,,290.0,,132.0,,,,,,27.0,6.0,5.0,13.0,0.0,,19.0,6.0,58.0,4.0,1.0
101587,,,,,,,,489.0,,157.0,2.0,10.0,,,,54.0,24.0,11.0,53.0,,,55.0,,61.0,20.0,5.0
101602,,,,,,,,149.0,,72.0,,,,,,12.0,8.0,4.0,14.0,,,4.0,,24.0,1.0,0.0
101648,,,,,,,,114.0,,22.0,,,,,,12.0,5.0,1.0,7.0,1.0,,21.0,3.0,14.0,4.0,1.0
101675,,,,,,,,288.0,,94.0,,,,,,20.0,10.0,5.0,38.0,2.0,,47.0,,59.0,,
101693,,,,,,,,233.0,,105.0,,,,,,21.0,14.0,4.0,44.0,1.0,,6.0,,33.0,,
101709,,,,,,,,521.0,,173.0,,,,,,48.0,23.0,16.0,83.0,5.0,,59.0,,57.0,27.0,0.0
101736,,,,,,,,265.0,,100.0,,,,,,41.0,7.0,5.0,13.0,,,15.0,,40.0,,
101879,,,,,,,,761.0,,305.0,,,,,,53.0,33.0,27.0,49.0,11.0,,83.0,,111.0,24.0,5.0
101897,,,,,,,,199.0,,92.0,,,,,,8.0,2.0,3.0,10.0,,,12.0,3.0,35.0,3.0,
101912,,,,,,,,390.0,,132.0,2.0,1.0,,,,48.0,26.0,27.0,13.0,2.0,,34.0,,68.0,16.0,1.0
101994,,,,,,,,53.0,,21.0,,,,,,4.0,3.0,2.0,3.0,,,4.0,,5.0,,
102030,,,,,,,,220.0,,96.0,,,,,,15.0,4.0,3.0,6.0,,,20.0,,56.0,,
102049,,,,,,,,1078.0,,424.0,,,,,,131.0,58.0,53.0,116.0,20.0,,31.0,5.0,184.0,19.0,2.0
102058,,,,,,,,37.0,,4.0,,,,,,,2.0,,4.0,1.0,,9.0,,7.0,6.0,
102067,,,,,,,,352.0,,133.0,,,,,,59.0,1.0,12.0,4.0,,,9.0,,98.0,22.0,
102076,,,,,,,,153.0,,71.0,,,,,,18.0,2.0,4.0,9.0,,,13.0,,32.0,1.0,
102094,,,,,,,,2707.0,,927.0,,,,,,181.0,141.0,115.0,91.0,217.0,,248.0,4.0,416.0,109.0,8.0
102234,,,,,,,,233.0,,101.0,,0.0,,,,30.0,8.0,5.0,33.0,1.0,,17.0,,25.0,1.0,1.0
102270,,,,,,,,142.0,,46.0,,,,,,14.0,9.0,3.0,15.0,,,24.0,1.0,24.0,,
102298,,,,,,,,167.0,,53.0,,,,,,49.0,1.0,2.0,15.0,1.0,,20.0,1.0,16.0,5.0,1.0
102313,,,,,,,,174.0,,87.0,,,,,,21.0,4.0,4.0,,,,8.0,,30.0,,
102368,,,,,,,,1839.0,,704.0,,,,,,158.0,58.0,72.0,211.0,7.0,,60.0,39.0,328.0,3.0,6.0
102377,,,,,,,,625.0,,263.0,21.0,4.0,,,,18.0,42.0,11.0,56.0,2.0,,29.0,1.0,72.0,8.0,
102395,,,,,,,,39.0,,9.0,,,,,,7.0,1.0,3.0,3.0,,,,,3.0,1.0,1.0
102429,,,,,,,,397.0,,195.0,,,,,,34.0,15.0,7.0,23.0,,,38.0,,50.0,,
102553,,,,,,,,1849.0,,672.0,91.0,93.0,,,,120.0,53.0,98.0,96.0,9.0,,32.0,30.0,417.0,63.0,8.0
102580,,,,,,,,14.0,,6.0,,,,,,1.0,2.0,,0.0,,,1.0,,,1.0,
102614,,,,,,,,1956.0,,430.0,513.0,128.0,,,,157.0,53.0,98.0,72.0,6.0,,33.0,2.0,286.0,93.0,22.0
102632,,,,,,,,334.0,,125.0,4.0,1.0,,,,38.0,19.0,19.0,10.0,0.0,,20.0,,70.0,14.0,
102669,,,,,,,,119.0,,46.0,1.0,1.0,,,,13.0,5.0,6.0,12.0,,,3.0,2.0,7.0,,
102711,,,,,,,,73.0,,27.0,,,,,,2.0,1.0,3.0,4.0,,,15.0,,6.0,6.0,
102845,,,,,,,,284.0,,136.0,,,,,,22.0,22.0,3.0,26.0,,,3.0,36.0,35.0,,
103501,,,,,,,,35.0,,13.0,,,,,,3.0,2.0,1.0,,,,,,15.0,,0.0
103529,,,,,,,,174.0,,,,,,,,52.0,40.0,39.0,6.0,,,,1.0,35.0,,
103741,,,,,,,,8.0,,5.0,,,,,,1.0,,,,,,,,1.0,,
103893,,,,,,,,25.0,,11.0,,,,,,4.0,,,,,,,,0.0,,
103909,,,,,,,,47.0,,21.0,,,,,,7.0,,1.0,,,,,,3.0,,
103927,,,,,,,,19.0,,9.0,,,,,,4.0,,,,,,,,1.0,,
103945,,,,,,,,14.0,,3.0,,,,,,2.0,2.0,,,,,,4.0,,,
103954,,,,,,,,4.0,,2.0,,,,,,1.0,,,,,,,,1.0,,
103963,,,,,,,,75.0,,33.0,,,,,,7.0,5.0,,,,,5.0,8.0,8.0,,
104090,,,,,,,,115.0,,55.0,,,,,,13.0,12.0,4.0,23.0,,,,,7.0,1.0,
104151,,,,,,,,8764.0,,2327.0,111.0,2.0,,,,1359.0,1078.0,1402.0,783.0,66.0,,209.0,25.0,866.0,179.0,50.0
104160,,,,,,,,704.0,,225.0,4.0,7.0,,,,53.0,16.0,27.0,62.0,2.0,,77.0,,133.0,16.0,8.0
104179,,,,,,,,10515.0,,2249.0,778.0,25.0,,,,162.0,1592.0,1548.0,422.0,144.0,,827.0,31.0,1338.0,339.0,125.0
104188,,,,,,,,30.0,,8.0,,6.0,,,,2.0,2.0,,,,,6.0,1.0,2.0,1.0,
104346,,,,,,,,501.0,,162.0,,,,,,53.0,9.0,30.0,21.0,2.0,,55.0,,75.0,,
104391,,,,,,,,16.0,,6.0,,,,,,3.0,2.0,,,,,,2.0,2.0,,
104425,,,,,,,,440.0,,168.0,,,,,,54.0,14.0,19.0,29.0,1.0,,32.0,,58.0,21.0,
104434,,,,,,,,5.0,,2.0,,,,,,1.0,,,,,,,,0.0,,
104443,,,,,,,,6.0,,3.0,,,,,,1.0,,,,,,,,1.0,,
104504,,,,,,,,10.0,,3.0,,,,,,1.0,1.0,,,,,,2.0,1.0,,
104568,,,,,,,,26.0,,14.0,,,,,,3.0,1.0,,,,,,4.0,2.0,0.0,
104577,,,,,,,,405.0,,175.0,,,,,,23.0,20.0,10.0,34.0,2.0,,45.0,,66.0,,
104586,,,,,,,,438.0,,144.0,,,,,,45.0,9.0,3.0,16.0,2.0,,32.0,,40.0,15.0,7.0
104665,,,,,,,,13.0,,7.0,,,,,,3.0,0.0,,0.0,,,,1.0,0.0,,
104708,,,,,,,,928.0,,472.0,,,,,,41.0,14.0,51.0,20.0,4.0,,55.0,,143.0,10.0,
104717,,,,,,,,3114.0,,2050.0,,,,,,155.0,41.0,16.0,128.0,35.0,,424.0,4.0,77.0,88.0,7.0
105136,,,,,,,,513.0,,,,,,,,122.0,60.0,112.0,15.0,1.0,,19.0,,98.0,5.0,
105145,,,,,,,,406.0,,171.0,,,,,,31.0,10.0,19.0,5.0,1.0,,13.0,,65.0,2.0,
105154,,,,,,,,1048.0,,520.0,,,,,,50.0,22.0,67.0,31.0,5.0,,36.0,,176.0,12.0,
105206,,,,,,,,330.0,,144.0,,,,,,40.0,8.0,17.0,4.0,,,25.0,,71.0,,
105215,,,,,,,,73.0,,32.0,,,,,,9.0,25.0,,,,,,,4.0,3.0,
105297,,,,,,,,315.0,,77.0,,,,,,37.0,17.0,19.0,17.0,,,45.0,2.0,51.0,,
105330,,,,,,,,3456.0,,1369.0,19.0,,,,,120.0,473.0,387.0,244.0,22.0,,202.0,,215.0,86.0,31.0
105349,,,,,,,,282.0,,99.0,,,,,,22.0,19.0,21.0,14.0,,,12.0,,36.0,11.0,1.0
105367,,,,,,,,55.0,,31.0,,,,,,4.0,4.0,2.0,,,,,6.0,1.0,,
105428,,,,,,,,627.0,,322.0,,,,,,34.0,9.0,30.0,25.0,4.0,,28.0,,89.0,8.0,
105482,,,,,,,,13.0,,5.0,,,,,,2.0,1.0,,,,,,2.0,1.0,,
105525,,,,,,,,1673.0,,518.0,,,,,,80.0,99.0,122.0,68.0,2.0,,121.0,,101.0,,19.0
105534,,,,,,,,163.0,,96.0,,,,,,4.0,,,,,,,,45.0,,
105543,,,,,,,,99.0,,57.0,,,,,,3.0,,,,,,,,29.0,,
105589,,,,,,,,143.0,,70.0,,,,,,21.0,5.0,4.0,2.0,,,5.0,10.0,22.0,1.0,
105659,,,,,,,,46.0,,23.0,,,,,,7.0,,,,,,,6.0,9.0,1.0,
105668,,,,,,,,840.0,,264.0,,,,,,91.0,21.0,71.0,50.0,5.0,,28.0,,162.0,3.0,
105677,,,,,,,,16.0,,5.0,,,,,,,,,,,,,,,,8.0
105747,,,,,,,,487.0,,249.0,,,,,,32.0,9.0,28.0,17.0,1.0,,19.0,,61.0,7.0,
105792,,,,,,,,276.0,,124.0,,,,,,25.0,4.0,16.0,7.0,1.0,,21.0,,28.0,2.0,
105899,,,,,,,,126.0,,48.0,,,,,,10.0,5.0,2.0,38.0,1.0,,5.0,,12.0,2.0,
106041,,,,,,,,117.0,,50.0,,,,,,12.0,47.0,1.0,,,,,,3.0,4.0,
106111,,,,,,,,10.0,,6.0,,,,,,1.0,,,,,,,,1.0,,
106148,,,,,,,,465.0,,137.0,,,,,,58.0,21.0,27.0,34.0,7.0,,40.0,,64.0,19.0,1.0
106245,,,,,,,,1470.0,,524.0,,,,,,148.0,43.0,145.0,169.0,3.0,,110.0,4.0,177.0,34.0,7.0
106263,,,,,,,,4563.0,,222.0,242.0,16.0,,,,1019.0,331.0,251.0,212.0,503.0,,346.0,,336.0,109.0,8.0
106306,,,,,,,,88.0,,16.0,,,,,,11.0,1.0,2.0,12.0,,,21.0,0.0,10.0,,2.0
106315,,,,,,,,15.0,,4.0,,,,,,1.0,1.0,,,,,,,4.0,,
106324,,,,,,,,4.0,,2.0,,,,,,1.0,,,,,,,,1.0,,
106342,,,,,,,,180.0,,56.0,2.0,,,,,34.0,6.0,,30.0,4.0,,6.0,,26.0,,
106351,,,,,,,,9.0,,3.0,,,,,,1.0,2.0,,,,,,,,,
106360,,,,,,,,4.0,,2.0,,,,,,2.0,,,,,,,,,,
106397,,,,,,,,5181.0,,1299.0,19.0,62.0,,,,638.0,340.0,730.0,214.0,37.0,,322.0,19.0,759.0,194.0,57.0
106412,,,,,,,,647.0,,168.0,19.0,33.0,,,,38.0,25.0,36.0,65.0,2.0,,78.0,,118.0,17.0,5.0
106449,,,,,,,,333.0,,136.0,,,,,,30.0,24.0,14.0,31.0,,,13.0,2.0,53.0,13.0,
106458,,,,,,,,1634.0,,580.0,,,,,,221.0,269.0,67.0,74.0,11.0,,102.0,1.0,146.0,94.0,5.0
106467,,,,,,,,1015.0,,453.0,,,,,,64.0,42.0,44.0,70.0,7.0,,110.0,1.0,149.0,26.0,
106485,,,,,,,,424.0,,180.0,,,,,,12.0,12.0,16.0,32.0,1.0,,49.0,5.0,83.0,21.0,5.0
106494,,,,,,,,9.0,,3.0,,,,,,3.0,2.0,,,,,,,1.0,,
106546,,,,,,,,87.0,,60.0,,,,,,8.0,,1.0,1.0,,,3.0,1.0,11.0,0.0,
106625,,,,,,,,177.0,,80.0,,,,,,5.0,6.0,6.0,18.0,,,19.0,,27.0,,
106704,,,,,,,,1561.0,,613.0,,,,,,139.0,43.0,69.0,116.0,12.0,,162.0,,187.0,92.0,14.0
106713,,,,,,,,117.0,,53.0,,,,,,16.0,5.0,,10.0,,,11.0,,8.0,,2.0
106795,,,,,,,,156.0,,60.0,,3.0,,,,15.0,6.0,4.0,5.0,,,5.0,,44.0,12.0,
106810,,,,,,,,43.0,,21.0,,,,,,5.0,,,,,,10.0,,3.0,2.0,
106829,,,,,,,,41.0,,23.0,,,,,,2.0,3.0,2.0,,,,2.0,,1.0,,
106883,,,,,,,,176.0,,71.0,,,,,,9.0,9.0,8.0,9.0,,,18.0,2.0,23.0,,
106892,,,,,,,,15.0,,9.0,,,,,,1.0,1.0,,,,,,1.0,3.0,,
106908,,,,,,,,59.0,,33.0,,,,,,5.0,5.0,,,,,,8.0,8.0,,
106980,,,,,,,,236.0,,114.0,,,,,,20.0,20.0,20.0,23.0,,,14.0,2.0,14.0,,
106999,,,,,,,,160.0,,82.0,1.0,,,,,23.0,5.0,4.0,2.0,,,6.0,1.0,24.0,1.0,
107044,,,,,,,,952.0,,358.0,1.0,,,,,51.0,53.0,29.0,55.0,16.0,,55.0,1.0,166.0,39.0,8.0
107071,,,,,,,,455.0,,209.0,,,,,,45.0,12.0,13.0,68.0,5.0,,9.0,,79.0,2.0,
107080,,,,,,,,475.0,,123.0,,,,,,34.0,21.0,14.0,69.0,5.0,,116.0,3.0,49.0,13.0,7.0
107099,,,,,,,,3.0,,2.0,,,,,,,1.0,,,,,,,,,
107123,,,,,,,,11.0,,9.0,,,,,,,,,,,,,,2.0,,
107141,,,,,,,,407.0,,132.0,,,,,,43.0,20.0,23.0,48.0,2.0,,42.0,,49.0,11.0,4.0
107220,,,,,,,,29.0,,16.0,,,,,,8.0,,,,,,,,5.0,,
107293,,,,,,,,6.0,,2.0,,,,,,1.0,1.0,,,,,,,1.0,,
107318,,,,,,,,171.0,,66.0,,,,,,21.0,9.0,4.0,21.0,,,13.0,0.0,21.0,,0.0
107327,,,,,,,,194.0,,57.0,,,,,,19.0,2.0,7.0,38.0,,,26.0,,34.0,,1.0
107442,,,,,,,,7.0,,3.0,,,,,,2.0,,,,,,,,2.0,,
107460,,,,,,,,229.0,,84.0,,,,,,23.0,7.0,7.0,15.0,,,11.0,,32.0,8.0,
107488,,,,,,,,66.0,,34.0,,,,,,12.0,1.0,3.0,,,,,,9.0,3.0,
107512,,,,,,,,302.0,,119.0,,,,,,25.0,10.0,8.0,37.0,3.0,,30.0,,26.0,24.0,
107521,,,,,,,,138.0,,68.0,,,,,,21.0,5.0,4.0,,,,3.0,,25.0,5.0,
107549,,,,,,,,122.0,,52.0,,,,,,9.0,3.0,2.0,1.0,2.0,,,,5.0,13.0,
107558,,,,,,,,155.0,,57.0,,,,,,18.0,5.0,3.0,26.0,2.0,,3.0,,14.0,,
107585,,,,,,,,171.0,,72.0,,,,,,20.0,1.0,6.0,1.0,,,15.0,,27.0,5.0,
107600,,,,,,,,165.0,,58.0,,,,,,15.0,16.0,3.0,7.0,1.0,,29.0,,28.0,,
107619,,,,,,,,208.0,,69.0,1.0,,,,,19.0,11.0,5.0,4.0,,,32.0,,38.0,,
107637,,,,,,,,166.0,,59.0,,,,,,22.0,2.0,5.0,12.0,,,13.0,2.0,34.0,5.0,
107655,,,,,,,,3.0,,2.0,,,,,,,,,,,,,,,,
107664,,,,,,,,416.0,,188.0,1.0,,,,,25.0,27.0,15.0,3.0,,,35.0,,53.0,,
107725,,,,,,,,149.0,,63.0,,,,,,15.0,,3.0,,,,5.0,,27.0,,
107743,,,,,,,,91.0,,29.0,,,,,,5.0,2.0,4.0,3.0,,,7.0,2.0,13.0,,
107789,,,,,,,,7.0,,4.0,,,,,,2.0,1.0,,,,,,,,,
107831,,,,,,,,4.0,,2.0,,,,,,1.0,,,,,,,,1.0,,
107840,,,,,,,,58.0,,25.0,,4.0,,,,6.0,3.0,2.0,0.0,,,4.0,,6.0,1.0,
107877,,,,,,,,118.0,,33.0,,,,,,15.0,1.0,1.0,18.0,2.0,,17.0,2.0,13.0,1.0,3.0
107974,,,,,,,,168.0,,68.0,,1.0,,,,13.0,7.0,3.0,2.0,,,5.0,2.0,26.0,11.0,
107983,,,,,,,,439.0,,197.0,,10.0,,,,38.0,16.0,10.0,17.0,4.0,,23.0,,69.0,14.0,
107992,,,,,,,,123.0,,44.0,,,,,,15.0,3.0,5.0,4.0,,,13.0,,15.0,5.0,1.0
108056,,,,,,,,68.0,,,,,,,,6.0,13.0,16.0,10.0,,,2.0,,9.0,,
108065,,,,,,,,4.0,,2.0,,,,,,1.0,0.0,,,,,,,0.0,,
108092,,,,,,,,574.0,,273.0,,,,,,24.0,51.0,27.0,30.0,,,20.0,,52.0,12.0,
108232,,,,,,,,1341.0,,537.0,,,,,,143.0,83.0,36.0,142.0,,,51.0,5.0,103.0,6.0,41.0
108269,,,,,,,,23.0,,11.0,,,,,,4.0,1.0,,,,,,,5.0,1.0,
108348,,,,,,,,26.0,,4.0,,,,,,3.0,,,,0.0,,1.0,1.0,9.0,,
108649,,,,,,,,11.0,,4.0,,,,,,2.0,,,,,,,1.0,2.0,0.0,
108667,,,,,,,,177.0,,108.0,,,,,,12.0,8.0,4.0,6.0,,,9.0,,19.0,,
108807,,,,,,,,607.0,,324.0,,,,,,29.0,54.0,17.0,34.0,1.0,,50.0,,79.0,,
108852,,,,,,,,58.0,,23.0,,,,,,12.0,5.0,1.0,4.0,,,2.0,4.0,6.0,,
108861,,,,,,,,17.0,,9.0,,,,,,3.0,1.0,,,,,1.0,,1.0,2.0,
108870,,,,,,,,221.0,,41.0,,,,,,45.0,16.0,8.0,39.0,,,23.0,,27.0,2.0,
108977,,,,,,,,9.0,,2.0,,,,,,3.0,1.0,,,,,,,1.0,,
109040,,,,,,,,86.0,,31.0,,,,,,21.0,4.0,1.0,5.0,,,,,17.0,1.0,
109086,,,,,,,,76.0,,11.0,2.0,,,,,11.0,5.0,2.0,12.0,,,8.0,9.0,14.0,,
109208,,,,,,,,960.0,,601.0,,,,,,35.0,27.0,18.0,33.0,1.0,,33.0,,132.0,,
109350,,,,,,,,697.0,,386.0,,,,,,50.0,22.0,11.0,14.0,,,50.0,1.0,120.0,,3.0
109651,,,,,,,,539.0,,249.0,,,,,,110.0,18.0,26.0,25.0,,,11.0,,54.0,1.0,29.0
109721,,,,,,,,25.0,,4.0,,,,,,1.0,1.0,,,,,3.0,9.0,2.0,,
109730,,,,,,,,22.0,,3.0,,,,,,2.0,3.0,1.0,1.0,,,4.0,3.0,3.0,,
109785,,,,,,,,1739.0,,760.0,,,,,,365.0,47.0,57.0,17.0,7.0,,52.0,,363.0,53.0,6.0
109819,,,,,,,,808.0,,465.0,,,,,,81.0,18.0,1.0,31.0,1.0,,43.0,,139.0,,
109907,,,,,,,,170.0,,71.0,3.0,,,,,26.0,10.0,8.0,,1.0,,10.0,,9.0,3.0,
109934,,,,,,,,19.0,,13.0,,,,,,1.0,,,,,,,,2.0,0.0,
110060,,,,,,,,32.0,,17.0,,,,,,2.0,2.0,1.0,2.0,,,,,2.0,,
110097,,,,,,,,1082.0,,344.0,,,,,,140.0,23.0,40.0,76.0,12.0,,63.0,,304.0,34.0,5.0
110194,,,,,,,,18.0,,10.0,,,,,,6.0,,,,,,,,2.0,,
110219,,,,,,,,130.0,,32.0,1.0,,,,,21.0,6.0,3.0,2.0,,,,,1.0,,
110246,,,,,,,,730.0,,366.0,,,,,,86.0,13.0,28.0,6.0,,,59.0,,169.0,,
110316,,,,,,,,214.0,,107.0,,,,,,25.0,9.0,4.0,6.0,,,,,9.0,4.0,
110334,,,,,,,,593.0,,328.0,,,,,,42.0,34.0,16.0,18.0,,,39.0,,97.0,,
110361,,,,,,,,1149.0,,591.0,,,,,,79.0,59.0,30.0,107.0,5.0,,43.0,6.0,124.0,33.0,14.0
110370,,,,,,,,533.0,,235.0,,,,,,74.0,42.0,27.0,18.0,,,22.0,,40.0,10.0,18.0
110398,,,,,,,,271.0,,92.0,3.0,,,,,37.0,17.0,10.0,22.0,5.0,,,,31.0,1.0,4.0
110404,,,,,,,,3103.0,,350.0,591.0,,,,,320.0,264.0,662.0,99.0,7.0,,279.0,,348.0,135.0,11.0
110413,,,,,,,,689.0,,283.0,,,,,,53.0,26.0,20.0,89.0,2.0,,57.0,,92.0,12.0,
110422,,,,,,,,2536.0,,1017.0,2.0,,,,,106.0,284.0,183.0,262.0,34.0,,205.0,,244.0,110.0,32.0
110468,,,,,,,,395.0,,197.0,,1.0,,,,42.0,27.0,13.0,5.0,3.0,,6.0,,31.0,2.0,
110486,,,,,,,,1007.0,,408.0,,,,,,49.0,93.0,56.0,166.0,9.0,,50.0,,115.0,25.0,2.0
110495,,,,,,,,994.0,,449.0,,,,,,43.0,103.0,69.0,82.0,11.0,,44.0,,128.0,26.0,10.0
110501,,,,,,,,659.0,,,,,,,,77.0,268.0,203.0,57.0,,,7.0,,38.0,5.0,4.0
110510,,,,,,,,1716.0,,644.0,,,,,,72.0,181.0,122.0,170.0,12.0,,113.0,,293.0,38.0,20.0
110529,,,,,,,,1984.0,,850.0,,,,,,62.0,249.0,125.0,195.0,22.0,,127.0,,213.0,63.0,16.0
110538,,,,,,,,1668.0,,697.0,,,,,,56.0,135.0,110.0,173.0,19.0,,115.0,,227.0,73.0,16.0
110547,,,,,,,,1252.0,,559.0,,,,,,84.0,117.0,58.0,135.0,12.0,,70.0,,133.0,28.0,11.0
110556,,,,,,,,2130.0,,1031.0,1.0,,,,,82.0,185.0,108.0,234.0,14.0,,134.0,,189.0,72.0,17.0
110565,,,,,,,,2913.0,,1348.0,,,,,,81.0,366.0,182.0,247.0,32.0,,154.0,,333.0,69.0,33.0
110574,,,,,,,,1426.0,,516.0,,,,,,54.0,204.0,92.0,185.0,12.0,,93.0,,175.0,34.0,17.0
110583,,,,,,,,3146.0,,1456.0,1.0,,,,,103.0,304.0,175.0,310.0,21.0,,170.0,,374.0,109.0,25.0
110592,,,,,,,,2138.0,,1044.0,1.0,,,,,71.0,188.0,109.0,187.0,14.0,,119.0,,274.0,61.0,16.0
110608,,,,,,,,3018.0,,1326.0,,,,,,62.0,380.0,216.0,305.0,25.0,,170.0,,334.0,95.0,19.0
110617,,,,,,,,2506.0,,1079.0,1.0,,,,,65.0,278.0,155.0,273.0,21.0,,157.0,,300.0,62.0,25.0
110635,,,,,,,,10709.0,,2069.0,1400.0,12.0,,,,718.0,1678.0,986.0,550.0,194.0,,837.0,29.0,946.0,234.0,88.0
110644,,,,,,,,12592.0,,2710.0,1364.0,27.0,,,,580.0,1362.0,1666.0,502.0,820.0,,1017.0,47.0,1380.0,331.0,82.0
110653,,,,,,,,7875.0,,2136.0,753.0,10.0,,,,533.0,1376.0,741.0,148.0,341.0,,525.0,2.0,664.0,176.0,76.0
110662,,,,,,,,22060.0,,4134.0,1246.0,26.0,,,,1069.0,4436.0,1962.0,582.0,1868.0,,2655.0,65.0,2504.0,465.0,269.0
110671,,,,,,,,4134.0,,1088.0,344.0,18.0,,,,241.0,479.0,288.0,140.0,90.0,,413.0,16.0,455.0,129.0,42.0
110680,,,,,,,,14304.0,,2791.0,1593.0,25.0,,,,562.0,1727.0,2152.0,579.0,1039.0,,1228.0,42.0,1402.0,297.0,113.0
110699,,,,,,,,11790.0,,2782.0,1700.0,,,,,660.0,1748.0,1650.0,563.0,695.0,,529.0,15.0,1127.0,60.0,148.0
110705,,,,,,,,4567.0,,1088.0,454.0,2.0,,,,304.0,462.0,424.0,140.0,89.0,,489.0,24.0,500.0,136.0,61.0
110714,,,,,,,,3436.0,,736.0,279.0,,,,,260.0,402.0,303.0,98.0,63.0,,391.0,16.0,405.0,88.0,48.0
110778,,,,,,,,54.0,,23.0,,,,,,8.0,3.0,1.0,,,,3.0,1.0,1.0,,
110875,,,,,,,,8.0,,5.0,,,,,,2.0,,,,,,,,1.0,,
110918,,,,,,,,9.0,,2.0,,,,,,1.0,1.0,,,,,,1.0,0.0,,
111054,,,,,,,,15.0,,9.0,,,,,,1.0,1.0,,,,,1.0,,2.0,,
111081,,,,,,,,442.0,,192.0,,,,,,78.0,11.0,10.0,38.0,,,34.0,,53.0,12.0,2.0
111188,,,,,,,,301.0,,76.0,,,,,,45.0,41.0,11.0,29.0,2.0,,50.0,2.0,19.0,12.0,9.0
111391,,,,,,,,172.0,,54.0,,,,,,21.0,16.0,8.0,20.0,,,1.0,,38.0,3.0,
111434,,,,,,,,242.0,,136.0,,,,,,12.0,5.0,,9.0,,,1.0,,67.0,,
111461,,,,,,,,841.0,,421.0,3.0,,,,,54.0,50.0,40.0,26.0,7.0,,53.0,,34.0,17.0,7.0
111513,,,,,,,,15.0,,8.0,,,,,,1.0,1.0,,,,,,3.0,3.0,,
111638,,,,,,,,34.0,,9.0,,,,,,5.0,2.0,1.0,,,,,,13.0,,
111708,,,,,,,,14.0,,6.0,,,,,,1.0,,,,,,1.0,2.0,,,
111717,,,,,,,,81.0,,16.0,,,,,,15.0,8.0,3.0,9.0,,,9.0,1.0,14.0,,2.0
111726,,,,,,,,27.0,,13.0,,,,,,2.0,,,,,,3.0,1.0,1.0,,
111744,,,,,,,,16.0,,10.0,,,,,,1.0,,,,,,,1.0,,,
111762,,,,,,,,10.0,,6.0,,,,,,1.0,,,,,,,1.0,,,
111799,,,,,,,,10.0,,5.0,,,,,,1.0,,,,,,0.0,,,,
111887,,,,,,,,847.0,,510.0,,,,,,48.0,21.0,12.0,2.0,2.0,,60.0,,158.0,,
111896,,,,,,,,195.0,,103.0,,,,,,24.0,1.0,,7.0,,,12.0,,43.0,,
111920,,,,,,,,460.0,,290.0,,,,,,28.0,10.0,3.0,32.0,,,0.0,,79.0,,
111939,,,,,,,,903.0,,553.0,,,,,,42.0,37.0,22.0,18.0,1.0,,38.0,,180.0,,
111948,,,,,,,,1632.0,,715.0,6.0,,,,,132.0,90.0,137.0,136.0,12.0,,46.0,,207.0,31.0,13.0
111966,,,,,,,,369.0,,119.0,45.0,6.0,,,,31.0,36.0,16.0,17.0,0.0,,23.0,,42.0,2.0,1.0
112075,,,,,,,,494.0,,226.0,,,,,,49.0,14.0,13.0,55.0,4.0,,10.0,25.0,34.0,,
112084,,,,,,,,110.0,,60.0,1.0,,,,,13.0,3.0,,11.0,2.0,,,,4.0,,
112127,,,,,,,,27.0,,9.0,,,,,,5.0,1.0,,1.0,,,0.0,,9.0,1.0,
112172,,,,,,,,547.0,,280.0,2.0,,,,,30.0,14.0,19.0,24.0,,,59.0,,66.0,,
112181,,,,,,,,12.0,,7.0,,,,,,1.0,1.0,,,,,,1.0,2.0,,
112190,,,,,,,,1578.0,,850.0,,,,,,56.0,90.0,33.0,6.0,5.0,,120.0,,354.0,,
112251,,,,,,,,311.0,,130.0,5.0,,,,,34.0,53.0,14.0,,5.0,,1.0,,37.0,,
112260,,,,,,,,472.0,,176.0,,,,,,40.0,42.0,28.0,33.0,6.0,,49.0,,57.0,3.0,1.0
112288,,,,,,,,32.0,,17.0,,,,,,2.0,,,,,,1.0,4.0,8.0,,
112367,,,,,,,,29.0,,11.0,,,,,,2.0,2.0,1.0,,,,3.0,,7.0,,
112376,,,,,,,,124.0,,,,,,,,29.0,40.0,28.0,1.0,,,3.0,,22.0,,
112385,,,,,,,,340.0,,150.0,,,,,,34.0,20.0,4.0,10.0,,,17.0,,90.0,,
112394,,,,,,,,87.0,,41.0,,,,,,14.0,2.0,3.0,2.0,,,3.0,6.0,2.0,,
112455,,,,,,,,12.0,,7.0,,,,,,2.0,1.0,,,,,,,1.0,,
112525,,,,,,,,1087.0,,325.0,26.0,,,,,171.0,27.0,147.0,6.0,15.0,,71.0,,278.0,,
112561,,,,,,,,167.0,,79.0,,,,,,22.0,6.0,3.0,5.0,,,8.0,,39.0,,
112570,,,,,,,,75.0,,25.0,,,,,,7.0,6.0,4.0,,,,2.0,0.0,20.0,3.0,
112686,,,,,,,,313.0,,159.0,,,,,,23.0,25.0,5.0,18.0,,,20.0,,46.0,,
112817,,,,,,,,87.0,,,,,,,,30.0,26.0,11.0,,,,1.0,,19.0,,
112826,,,,,,,,279.0,,169.0,,,,,,23.0,4.0,3.0,10.0,,,14.0,,51.0,,
113096,,,,,,,,472.0,,286.0,,,,,,21.0,15.0,10.0,15.0,,,22.0,,64.0,,
113111,,,,,,,,302.0,,183.0,3.0,,,,,18.0,1.0,12.0,2.0,,,22.0,,29.0,3.0,
113193,,,,,,,,509.0,,242.0,,,,,,32.0,23.0,19.0,22.0,1.0,,38.0,,123.0,,
113218,,,,,,,,365.0,,203.0,,,,,,22.0,4.0,,16.0,3.0,,29.0,,55.0,,
113236,,,,,,,,526.0,,314.0,,,,,,23.0,8.0,8.0,19.0,2.0,,46.0,,45.0,16.0,
113333,,,,,,,,698.0,,422.0,,,,,,25.0,26.0,1.0,29.0,2.0,,31.0,,121.0,,
113449,,,,,,,,18.0,,10.0,,,,,,2.0,2.0,2.0,,,,,,1.0,,1.0
113537,,,,,,,,16.0,,6.0,,,,,,6.0,1.0,,1.0,,,,,2.0,,
113573,,,,,,,,601.0,,296.0,,,,,,54.0,23.0,14.0,10.0,,,41.0,,135.0,,
113582,,,,,,,,23.0,,11.0,,,,,,5.0,0.0,,,,,,,5.0,,
113634,,,,,,,,713.0,,466.0,,,,,,42.0,13.0,8.0,15.0,,,24.0,,136.0,,
113698,,,,,,,,381.0,,183.0,,,,,,60.0,8.0,15.0,30.0,4.0,,7.0,,29.0,8.0,
113704,,,,,,,,20.0,,13.0,,,,,,2.0,1.0,,,,,,,2.0,,
113856,,,,,,,,946.0,,557.0,,,,,,29.0,9.0,13.0,27.0,1.0,,103.0,,176.0,,
113980,,,,,,,,1028.0,,550.0,,,,,,62.0,67.0,30.0,41.0,,,84.0,,170.0,,
114044,,,,,,,,31.0,,10.0,,,,,,4.0,1.0,,,,,,4.0,9.0,,
114114,,,,,,,,42.0,,15.0,,,,,,4.0,2.0,,,,,,,13.0,,
114123,,,,,,,,56.0,,28.0,,,,,,8.0,,1.0,,,,1.0,,4.0,1.0,
114266,,,,,,,,337.0,,195.0,,,,,,14.0,9.0,6.0,8.0,,,31.0,,55.0,,
114354,,,,,,,,313.0,,114.0,,,,,,51.0,18.0,19.0,15.0,1.0,,5.0,7.0,69.0,,
114390,,,,,,,,39.0,,16.0,,,,,,4.0,,2.0,4.0,0.0,,1.0,0.0,9.0,,
114415,,,,,,,,17.0,,5.0,,,,,,1.0,1.0,2.0,0.0,0.0,,1.0,,5.0,,
114433,,,,,,,,142.0,,59.0,,,,,,20.0,6.0,5.0,4.0,,,2.0,,11.0,12.0,
114460,,,,,,,,41.0,,17.0,,,,,,8.0,,,0.0,,,2.0,1.0,12.0,,
114549,,,,,,,,159.0,,82.0,,,,,,20.0,4.0,5.0,3.0,,,1.0,,23.0,,
114585,,,,,,,,57.0,,22.0,,,,,,6.0,1.0,,3.0,,,,,23.0,,
114637,,,,,,,,7.0,,5.0,,,,,,1.0,,,,,,,,1.0,,
114716,,,,,,,,469.0,,318.0,,,,,,33.0,12.0,1.0,20.0,,,4.0,,55.0,,
114734,,,,,,,,12.0,,3.0,,,,,,1.0,5.0,,,,,,,,,
114761,,,,,,,,5.0,,3.0,,,,,,1.0,0.0,,,,,,,1.0,,
114789,,,,,,,,1015.0,,555.0,,,,,,65.0,57.0,13.0,48.0,,,76.0,,191.0,,
114813,,,,,,,,675.0,,355.0,,,,,,59.0,19.0,18.0,91.0,5.0,,22.0,0.0,57.0,10.0,
114831,,,,,,,,205.0,,,,,,,,34.0,39.0,55.0,1.0,,,54.0,,19.0,,
114840,,,,,,,,391.0,,76.0,6.0,,,,,100.0,22.0,14.0,21.0,1.0,,19.0,,83.0,,
114859,,,,,,,,786.0,,479.0,,,,,,37.0,16.0,12.0,39.0,3.0,,62.0,,91.0,,
114938,,,,,,,,304.0,,160.0,1.0,,,,,22.0,14.0,10.0,3.0,2.0,,19.0,,40.0,3.0,4.0
114947,,,,,,,,124.0,,17.0,,,,,,31.0,,3.0,,,,,,,,
115001,,,,,,,,725.0,,396.0,,,,,,56.0,23.0,11.0,10.0,2.0,,40.0,,137.0,1.0,
115010,,,,,,,,78.0,,55.0,,,,,,4.0,4.0,,,,,,,5.0,,
115083,,,,,,,,375.0,,129.0,,,,,,51.0,14.0,17.0,5.0,,,14.0,6.0,88.0,,
115126,,,,,,,,459.0,,241.0,,,,,,43.0,21.0,10.0,8.0,1.0,,41.0,,81.0,,
115214,,,,,,,,49.0,,11.0,,,,,,13.0,3.0,0.0,0.0,,,2.0,,8.0,,
115287,,,,,,,,125.0,,,,,,,,26.0,27.0,21.0,,,,20.0,,31.0,,
115296,,,,,,,,712.0,,450.0,,,,,,27.0,15.0,10.0,19.0,2.0,,38.0,,97.0,,
115357,,,,,,,,9.0,,3.0,,,,,,1.0,,,,,,,1.0,1.0,,
115393,,,,,,,,434.0,,211.0,,,,,,59.0,18.0,14.0,13.0,,,25.0,,68.0,8.0,
115409,,,,,,,,323.0,,116.0,,,,,,38.0,26.0,23.0,3.0,1.0,,59.0,,31.0,,
115658,,,,,,,,13.0,,6.0,,,,,,1.0,,,,,,2.0,,4.0,,
115728,,,,,,,,234.0,,82.0,1.0,,,,,27.0,19.0,10.0,44.0,3.0,,,,22.0,,
115746,,,,,,,,190.0,,85.0,,,,,,22.0,4.0,4.0,1.0,,,12.0,1.0,13.0,4.0,7.0
115755,,,,,,,,1004.0,,371.0,,,,,,55.0,107.0,75.0,125.0,12.0,,56.0,,116.0,37.0,13.0
115773,,,,,,,,77.0,,42.0,,,,,,13.0,,1.0,,,,8.0,,12.0,,
115861,,,,,,,,396.0,,217.0,,,,,,25.0,12.0,12.0,19.0,,,31.0,,58.0,,
115931,,,,,,,,39.0,,18.0,,,,,,5.0,1.0,,,,,1.0,,2.0,,
116226,,,,,,,,14.0,,7.0,,,,,,1.0,1.0,,,,,,,1.0,,
116350,,,,,,,,29.0,,15.0,,,,,,2.0,4.0,,,,,,,8.0,,
116439,,,,,,,,496.0,,292.0,,,,,,34.0,15.0,8.0,6.0,,,36.0,,100.0,,
116563,,,,,,,,17.0,,11.0,,,,,,1.0,,,,,,,,2.0,0.0,
116712,,,,,,,,205.0,,131.0,,7.0,,,,18.0,11.0,1.0,,,,6.0,3.0,12.0,,
116846,,,,,,,,115.0,,12.0,,,,,,32.0,6.0,2.0,,,,18.0,,17.0,23.0,
117052,,,,,,,,466.0,,293.0,,,,,,29.0,16.0,,17.0,,,26.0,,73.0,,
117104,,,,,,,,78.0,,27.0,,,,,,16.0,1.0,0.0,5.0,2.0,,5.0,4.0,4.0,,
117140,,,,,,,,880.0,,422.0,,,,,,126.0,51.0,35.0,38.0,6.0,,15.0,,110.0,10.0,1.0
117168,,,,,,,,145.0,,76.0,,,,,,6.0,5.0,7.0,2.0,,,4.0,,21.0,,
117195,,,,,,,,142.0,,72.0,,,,,,20.0,4.0,5.0,1.0,,,6.0,,25.0,4.0,
117238,,,,,,,,11.0,,6.0,,,,,,1.0,1.0,,,,,1.0,,1.0,,
117247,,,,,,,,349.0,,219.0,,,,,,18.0,16.0,3.0,17.0,,,19.0,,39.0,,
117274,,,,,,,,157.0,,63.0,,,,,,23.0,6.0,4.0,13.0,,,9.0,,29.0,,
117520,,,,,,,,145.0,,52.0,0.0,,,,,24.0,4.0,,3.0,,,15.0,1.0,17.0,,
117557,,,,,,,,43.0,,26.0,,,,,,7.0,1.0,2.0,,,,,,5.0,,
117575,,,,,,,,31.0,,15.0,,,,,,5.0,,1.0,,,,0.0,,9.0,,
117627,,,,,,,,364.0,,169.0,,,,,,60.0,10.0,16.0,10.0,0.0,,14.0,4.0,56.0,19.0,
117636,,,,,,,,1487.0,,408.0,46.0,5.0,,,,169.0,57.0,71.0,24.0,252.0,,99.0,,280.0,65.0,2.0
117645,,,,,,,,1058.0,,535.0,,,,,,76.0,36.0,22.0,44.0,4.0,,83.0,,214.0,,
117672,,,,,,,,190.0,,78.0,,,,,,27.0,12.0,10.0,,,,15.0,,22.0,,
117681,,,,,,,,281.0,,15.0,,,,,,31.0,78.0,55.0,,,,,,80.0,,
117690,,,,,,,,345.0,,198.0,,,,,,13.0,9.0,6.0,5.0,,,37.0,,65.0,,
117706,,,,,,,,674.0,,396.0,,,,,,17.0,7.0,14.0,10.0,,,84.0,,129.0,,
117715,,,,,,,,304.0,,168.0,,,,,,12.0,9.0,4.0,4.0,,,38.0,,61.0,,
117724,,,,,,,,546.0,,297.0,,,,,,21.0,9.0,9.0,21.0,,,67.0,,104.0,,
117733,,,,,,,,582.0,,347.0,,,,,,19.0,16.0,10.0,15.0,,,53.0,,102.0,,
117751,,,,,,,,341.0,,137.0,,5.0,,,,47.0,14.0,15.0,29.0,3.0,,32.0,8.0,28.0,6.0,2.0
117788,,,,,,,,595.0,,355.0,,,,,,18.0,10.0,10.0,12.0,,,61.0,,113.0,,
117803,,,,,,,,50.0,,31.0,1.0,,,,,5.0,,1.0,,,,,,2.0,,
117867,,,,,,,,359.0,,199.0,,,,,,11.0,8.0,,8.0,,,39.0,,69.0,,
117894,,,,,,,,378.0,,239.0,,,,,,29.0,8.0,5.0,16.0,,,13.0,,61.0,,
117900,,,,,,,,262.0,,,,,,,,33.0,54.0,38.0,2.0,,,78.0,,50.0,,
117946,,,,,,,,2063.0,,781.0,,,,,,184.0,285.0,107.0,132.0,13.0,,139.0,,274.0,32.0,26.0
117955,,,,,,,,51.0,,25.0,,,,,,3.0,,1.0,1.0,,,15.0,,5.0,1.0,
118134,,,,,,,,9.0,,3.0,,,,,,2.0,1.0,,,,,,,2.0,,
118143,,,,,,,,7.0,,3.0,,,,,,1.0,1.0,,,,,0.0,,2.0,,
118161,,,,,,,,16.0,,10.0,,,,,,2.0,2.0,,,,,,,2.0,,
118189,,,,,,,,12.0,,5.0,,,,,,3.0,1.0,,,,,,,3.0,,
118198,,,,,,,,73.0,,36.0,,,,,,11.0,1.0,2.0,,,,4.0,,1.0,,
118347,,,,,,,,401.0,,188.0,,,,,,42.0,38.0,12.0,15.0,,,33.0,,58.0,1.0,
118541,,,,,,,,123.0,,42.0,,,,,,14.0,5.0,2.0,23.0,2.0,,13.0,,13.0,,3.0
118684,,,,,,,,175.0,,132.0,,,,,,22.0,,3.0,,,,4.0,,13.0,,
118693,,,,,,,,155.0,,56.0,,,,,,5.0,12.0,7.0,2.0,,,,,2.0,6.0,
118718,,,,,,,,593.0,,301.0,,,,,,49.0,23.0,9.0,26.0,1.0,,39.0,,121.0,,
118772,,,,,,,,212.0,,132.0,,,,,,10.0,14.0,3.0,8.0,,,9.0,,26.0,,
118888,,,,,,,,336.0,,107.0,3.0,14.0,,,,34.0,39.0,27.0,41.0,,,12.0,,32.0,10.0,
118912,,,,,,,,764.0,,414.0,,,,,,34.0,41.0,27.0,10.0,6.0,,51.0,,100.0,,
118930,,,,,,,,352.0,,196.0,,,,,,25.0,8.0,8.0,23.0,1.0,,24.0,,57.0,,
118958,,,,,,,,5.0,,4.0,,,,,,,,,,,,,,1.0,,
118976,,,,,,,,647.0,,366.0,,,,,,44.0,38.0,7.0,8.0,4.0,,11.0,,154.0,,
118994,,,,,,,,21.0,,14.0,,,,,,1.0,2.0,,,,,,2.0,1.0,,
119058,,,,,,,,205.0,,84.0,,,,,,28.0,1.0,3.0,,,,5.0,,78.0,,
119067,,,,,,,,356.0,,208.0,,,,,,12.0,15.0,10.0,5.0,1.0,,32.0,,61.0,,
119137,,,,,,,,461.0,,297.0,,,,,,15.0,15.0,,14.0,1.0,,37.0,,62.0,,
119164,,,,,,,,1368.0,,687.0,,,,,,112.0,16.0,43.0,20.0,5.0,,110.0,,362.0,,
119173,,,,,,,,582.0,,244.0,,,,,,128.0,26.0,14.0,,15.0,,37.0,,48.0,8.0,7.0
119216,,,,,,,,859.0,,477.0,3.0,,,,,50.0,18.0,29.0,31.0,,,70.0,,139.0,,
119270,,,,,,,,217.0,,115.0,,,,,,26.0,9.0,4.0,5.0,,,10.0,1.0,8.0,,4.0
119331,,,,,,,,396.0,,192.0,,,,,,41.0,21.0,9.0,17.0,2.0,,23.0,,72.0,,
119553,,,,,,,,120.0,,59.0,,,,,,28.0,,,,,,0.0,12.0,11.0,,
119605,,,,,,,,1530.0,,617.0,,,,,,207.0,297.0,56.0,33.0,,,8.0,,130.0,,
119678,,,,,,,,876.0,,330.0,151.0,,,,,55.0,69.0,74.0,12.0,2.0,,5.0,,113.0,,3.0
119775,,,,,,,,104.0,,66.0,,,,,,19.0,3.0,,,,,,7.0,2.0,1.0,
119845,,,,,,,,10.0,,6.0,,,,,,2.0,,,,,,,,2.0,,
119951,,,,,,,,15.0,,8.0,,,,,,2.0,1.0,,,,,,,3.0,1.0,
120023,,,,,,,,97.0,,,,,,,,22.0,28.0,16.0,8.0,,,9.0,,13.0,,
120069,,,,,,,,19.0,,8.0,,,,,,1.0,1.0,,,,,,,3.0,,
120078,,,,,,,,37.0,,15.0,,,,,,1.0,4.0,,,,,,,4.0,,
120087,,,,,,,,18.0,,9.0,,,,,,2.0,1.0,,,,,,,2.0,,
120184,,,,,,,,225.0,,92.0,,,,,,28.0,10.0,8.0,30.0,1.0,,17.0,,14.0,4.0,
120254,,,,,,,,710.0,,212.0,,,,,,57.0,48.0,29.0,68.0,9.0,,128.0,4.0,82.0,20.0,1.0
120290,,,,,,,,443.0,,239.0,,,,,,40.0,21.0,17.0,25.0,,,28.0,,68.0,,
120342,,,,,,,,828.0,,457.0,,,,,,57.0,27.0,18.0,10.0,4.0,,86.0,,138.0,,
120403,,,,,,,,380.0,,140.0,,,,,,58.0,11.0,13.0,10.0,3.0,,19.0,25.0,43.0,1.0,14.0
120421,,,,,,,,266.0,,145.0,,,,,,16.0,13.0,,9.0,1.0,,21.0,,47.0,,
120537,,,,,,,,168.0,,67.0,,,,,,22.0,5.0,5.0,18.0,2.0,,4.0,11.0,24.0,4.0,
120661,,,,,,,,63.0,,20.0,,,,,,14.0,1.0,,,,,,10.0,15.0,,
120698,,,,,,,,138.0,,68.0,1.0,,,,,22.0,17.0,5.0,5.0,,,,,8.0,1.0,
120768,,,,,,,,181.0,,112.0,,,,,,18.0,3.0,,,,,2.0,,18.0,,
120795,,,,,,,,37.0,,13.0,,,,,,11.0,1.0,,2.0,,,4.0,,3.0,,
120838,,,,,,,,20.0,,8.0,,,,,,3.0,,1.0,,,,1.0,,,,
120865,,,,,,,,225.0,,84.0,,,,,,44.0,11.0,12.0,4.0,2.0,,4.0,,18.0,17.0,4.0
120883,,,,,,,,1817.0,,586.0,2.0,,,,,324.0,57.0,80.0,54.0,18.0,,215.0,,428.0,7.0,21.0
120953,,,,,,,,117.0,,48.0,,1.0,,,,18.0,3.0,7.0,,,,,,18.0,7.0,
120971,,,,,,,,1022.0,,552.0,,,,,,58.0,54.0,24.0,39.0,4.0,,91.0,,148.0,,
121044,,,,,,,,1074.0,,658.0,,,,,,68.0,48.0,4.0,49.0,2.0,,77.0,,108.0,,
121150,,,,,,,,1704.0,,493.0,,,,,,304.0,150.0,98.0,97.0,9.0,,97.0,15.0,186.0,38.0,24.0
121178,,,,,,,,164.0,,3.0,,,,,,32.0,45.0,11.0,6.0,,,33.0,,32.0,,
121257,,,,,,,,334.0,,105.0,,,,,,30.0,23.0,12.0,23.0,,,49.0,,45.0,6.0,
121275,,,,,,,,31.0,,12.0,,,,,,4.0,6.0,1.0,,,,2.0,2.0,1.0,,
121309,,,,,,,,717.0,,250.0,,,,,,85.0,22.0,26.0,65.0,5.0,,65.0,2.0,113.0,16.0,6.0
121345,,,,,,,,769.0,,228.0,,,,,,64.0,41.0,32.0,40.0,3.0,,178.0,1.0,103.0,11.0,1.0
121363,,,,,,,,191.0,,106.0,,,,,,19.0,,2.0,5.0,1.0,,12.0,,39.0,,
121433,,,,,,,,7.0,,2.0,,,,,,1.0,0.0,,,,,,,1.0,0.0,
121619,,,,,,,,813.0,,479.0,,,,,,26.0,22.0,14.0,64.0,,,53.0,,116.0,,
121628,,,,,,,,12.0,,,,,,,,5.0,,,,,,,,4.0,,
121637,,,,,,,,7.0,,3.0,,,,,,1.0,2.0,,,,,0.0,,0.0,,
121691,,,,,,,,852.0,,341.0,,,,,,107.0,25.0,37.0,99.0,6.0,,60.0,,98.0,18.0,2.0
121707,,,,,,,,328.0,,154.0,,,,,,38.0,13.0,11.0,23.0,,,23.0,,48.0,,
121859,,,,,,,,16.0,,9.0,,,,,,1.0,1.0,,,,,,2.0,3.0,,
121868,,,,,,,,9.0,,6.0,,,,,,1.0,,,,,,,1.0,,,
121886,,,,,,,,619.0,,339.0,,,,,,39.0,13.0,12.0,18.0,1.0,,35.0,,134.0,,
121901,,,,,,,,717.0,,412.0,,,,,,27.0,28.0,7.0,39.0,3.0,,56.0,,121.0,,
121992,,,,,,,,17.0,,8.0,,,,,,1.0,1.0,,,,,1.0,1.0,4.0,,
122117,,,,,,,,25.0,,12.0,,,,,,1.0,1.0,1.0,,,,,,2.0,2.0,
122180,,,,,,,,761.0,,475.0,,,,,,25.0,25.0,16.0,28.0,2.0,,35.0,,111.0,,
122205,,,,,,,,822.0,,468.0,,,,,,56.0,14.0,,14.0,2.0,,58.0,,197.0,,
122296,,,,,,,,384.0,,230.0,1.0,,,,,32.0,12.0,13.0,1.0,3.0,,2.0,,44.0,,
122320,,,,,,,,545.0,,,,,,,,38.0,56.0,41.0,10.0,,,197.0,,195.0,,
122339,,,,,,,,492.0,,323.0,,,,,,19.0,4.0,,4.0,,,2.0,,137.0,,
122375,,,,,,,,672.0,,472.0,,,,,,20.0,5.0,,1.0,1.0,,3.0,,159.0,,
122384,,,,,,,,397.0,,270.0,,,,,,16.0,2.0,,5.0,1.0,,1.0,,100.0,,
122409,,,,,,,,2941.0,,1223.0,12.0,,,,,133.0,254.0,220.0,336.0,35.0,,189.0,,335.0,86.0,28.0
122436,,,,,,,,2039.0,,641.0,7.0,17.0,,,,120.0,131.0,99.0,176.0,18.0,,243.0,2.0,308.0,45.0,23.0
122454,,,,,,,,142.0,,41.0,,5.0,,,,9.0,4.0,2.0,12.0,,,8.0,,4.0,,21.0
122506,,,,,,,,95.0,,35.0,1.0,3.0,,,,9.0,12.0,1.0,10.0,1.0,,,,5.0,,6.0
122597,,,,,,,,2646.0,,1133.0,8.0,,,,,79.0,549.0,180.0,208.0,20.0,,167.0,2.0,91.0,77.0,41.0
122603,,,,,,,,45.0,,7.0,4.0,,,,,2.0,16.0,1.0,,,,,,4.0,3.0,
122612,,,,,,,,1707.0,,715.0,,,,,,349.0,107.0,76.0,98.0,,,68.0,,222.0,29.0,
122649,,,,,,,,44.0,,15.0,,,,,,7.0,3.0,2.0,4.0,,,2.0,1.0,6.0,,
122658,,,,,,,,724.0,,330.0,,,,,,59.0,63.0,9.0,79.0,1.0,,16.0,,127.0,1.0,
122685,,,,,,,,574.0,,290.0,,,,,,43.0,,,,,,25.0,,48.0,,
122728,,,,,,,,273.0,,104.0,,,,,,28.0,13.0,9.0,40.0,2.0,,20.0,1.0,29.0,,
122737,,,,,,,,95.0,,,,,,,,19.0,37.0,13.0,2.0,,,8.0,,15.0,,
122746,,,,,,,,359.0,,213.0,,,,,,21.0,10.0,6.0,9.0,,,30.0,,48.0,,
122755,,,,,,,,2636.0,,1173.0,,,,,,86.0,366.0,170.0,282.0,22.0,,163.0,,172.0,88.0,34.0
122782,,,,,,,,252.0,,,,,,,,14.0,34.0,32.0,12.0,,,101.0,,56.0,,
122791,,,,,,,,356.0,,208.0,,,,,,13.0,10.0,,6.0,,,4.0,,101.0,,
122834,,,,,,,,48.0,,34.0,,,,,,5.0,3.0,,2.0,,,,,2.0,,
122852,,,,,,,,12.0,,8.0,,,,,,2.0,1.0,,1.0,,,,,,,
122889,,,,,,,,875.0,,549.0,,,,,,49.0,47.0,21.0,32.0,4.0,,57.0,,78.0,,
122931,,,,,,,,1640.0,,670.0,,,,,,326.0,106.0,93.0,83.0,13.0,,77.0,,188.0,20.0,5.0
122977,,,,,,,,1210.0,,675.0,,,,,,92.0,46.0,23.0,31.0,3.0,,93.0,,196.0,,
123013,,,,,,,,1148.0,,618.0,,,,,,91.0,54.0,30.0,56.0,7.0,,58.0,,138.0,2.0,
123095,,,,,,,,96.0,,52.0,10.0,,,,,18.0,2.0,,,,,,7.0,2.0,,
123165,,,,,,,,325.0,,108.0,1.0,,,,,44.0,9.0,8.0,11.0,,,72.0,,37.0,,
123217,,,,,,,,558.0,,314.0,,,,,,47.0,24.0,13.0,21.0,3.0,,36.0,,83.0,,
123280,,,,,,,,12.0,,8.0,,,,,,,1.0,,,,,,,2.0,0.0,
123299,,,,,,,,493.0,,218.0,,,,,,61.0,11.0,13.0,15.0,,,41.0,,127.0,1.0,
123341,,,,,,,,773.0,,466.0,,,,,,52.0,22.0,29.0,7.0,,,39.0,,154.0,,
123350,,,,,,,,18.0,,6.0,,,,,,1.0,1.0,1.0,,,,,1.0,2.0,1.0,1.0
123448,,,,,,,,36.0,,15.0,,,,,,5.0,,,1.0,,,1.0,,1.0,,
123457,,,,,,,,152.0,,81.0,,,,,,17.0,6.0,4.0,11.0,,,4.0,,26.0,2.0,0.0
123484,,,,,,,,168.0,,69.0,,,,,,10.0,9.0,10.0,8.0,2.0,,20.0,2.0,29.0,,
123493,,,,,,,,33.0,,15.0,,,,,,3.0,,,,,,3.0,,9.0,,
123509,,,,,,,,367.0,,219.0,,,,,,15.0,7.0,,10.0,,,2.0,,98.0,,
123527,,,,,,,,597.0,,382.0,2.0,,,,,33.0,3.0,17.0,9.0,1.0,,31.0,,50.0,7.0,
123554,,,,,,,,880.0,,458.0,,,,,,84.0,80.0,23.0,82.0,7.0,,30.0,,81.0,14.0,
123563,,,,,,,,412.0,,221.0,,,,,,24.0,7.0,5.0,10.0,,,35.0,,73.0,,
123572,,,,,,,,1106.0,,375.0,,,,,,58.0,174.0,67.0,152.0,13.0,,93.0,,73.0,50.0,20.0
123633,,,,,,,,78.0,,40.0,,,,,,4.0,2.0,2.0,,,,,,24.0,1.0,
123642,,,,,,,,16.0,,7.0,,,,,,3.0,2.0,0.0,,,,1.0,,2.0,,
123651,,,,,,,,316.0,,131.0,,,,,,39.0,60.0,9.0,30.0,3.0,,9.0,,31.0,,
123679,,,,,,,,63.0,,23.0,,,,,,12.0,1.0,,,,,0.0,7.0,16.0,,
123800,,,,,,,,890.0,,434.0,,,,,,51.0,30.0,25.0,36.0,14.0,,58.0,,155.0,12.0,4.0
123855,,,,,,,,56.0,,27.0,,,,,,3.0,2.0,,,,,16.0,,2.0,1.0,
123916,,,,,,,,29.0,,12.0,,1.0,,,,4.0,4.0,,,,,1.0,,6.0,,
123943,,,,,,,,196.0,,66.0,,,,,,43.0,7.0,6.0,3.0,7.0,,9.0,1.0,44.0,6.0,
123952,,,,,,,,128.0,,58.0,,,,,,15.0,4.0,6.0,9.0,,,1.0,3.0,12.0,,10.0
123961,,,,,,,,14912.0,,2941.0,283.0,1745.0,,,,1814.0,1685.0,1377.0,674.0,444.0,,1415.0,155.0,1841.0,234.0,113.0
123970,,,,,,,,180.0,,78.0,,,,,,13.0,1.0,9.0,4.0,,,9.0,,54.0,,
124113,,,,,,,,215.0,,70.0,1.0,,,,,32.0,1.0,10.0,,,,15.0,1.0,34.0,1.0,
124283,,,,,,,,67.0,,21.0,,,,,,6.0,2.0,2.0,,,,4.0,2.0,23.0,,
124292,,,,,,,,91.0,,38.0,,,,,,14.0,6.0,2.0,11.0,0.0,,9.0,,9.0,,
124487,,,,,,,,27.0,,14.0,,,,,,3.0,1.0,1.0,,,,,1.0,2.0,1.0,
124557,,,,,,,,2533.0,,238.0,34.0,,,,,356.0,692.0,397.0,372.0,22.0,,8.0,10.0,328.0,40.0,2.0
124681,,,,,,,,43.0,,14.0,,,,,,5.0,1.0,,,,,1.0,,21.0,,
124706,,,,,,,,72.0,,26.0,,,,,,19.0,1.0,,,,,,8.0,13.0,,
124937,,,,,,,,62.0,,25.0,,,,,,11.0,1.0,,,,,,8.0,14.0,,
125019,,,,,,,,87.0,,,,,,,,11.0,37.0,1.0,1.0,,,1.0,,34.0,,
125028,,,,,,,,442.0,,278.0,,,,,,14.0,11.0,,10.0,,,33.0,,64.0,,
125037,,,,,,,,10.0,,4.0,,,,,,3.0,,,,,,,,,,
125091,,,,,,,,532.0,,296.0,1.0,,,,,28.0,4.0,16.0,5.0,,,44.0,,95.0,,
125170,,,,,,,,187.0,,120.0,,,,,,10.0,13.0,1.0,7.0,,,5.0,,24.0,,
125222,,,,,,,,123.0,,,,,,,,15.0,30.0,13.0,,,,50.0,,15.0,,
125231,,,,,,,,1853.0,,1137.0,,,,,,338.0,103.0,2.0,45.0,,,,34.0,25.0,,
125310,,,,,,,,4.0,,1.0,,,,,,1.0,0.0,,,,,,,1.0,,
125462,,,,,,,,179.0,,65.0,1.0,,,,,17.0,2.0,1.0,19.0,1.0,,21.0,,8.0,,
125471,,,,,,,,408.0,,232.0,,,,,,15.0,13.0,5.0,16.0,,,46.0,,67.0,,
125499,,,,,,,,434.0,,224.0,,,,,,34.0,40.0,20.0,12.0,2.0,,25.0,,64.0,,
125532,,,,,,,,106.0,,67.0,,,,,,12.0,2.0,2.0,,,,,,5.0,,
125718,,,,,,,,33.0,,14.0,,,,,,3.0,1.0,1.0,2.0,,,,1.0,4.0,,1.0
125727,,,,,,,,327.0,,124.0,,,,,,31.0,25.0,8.0,26.0,0.0,,32.0,,29.0,10.0,3.0
125763,,,,,,,,402.0,,150.0,,,,,,42.0,16.0,9.0,32.0,3.0,,17.0,,55.0,,
125897,,,,,,,,207.0,,117.0,2.0,,,,,11.0,9.0,12.0,1.0,0.0,,1.0,3.0,20.0,5.0,
126012,,,,,,,,74.0,,48.0,,,,,,5.0,1.0,1.0,,,,0.0,,6.0,,
126030,,,,,,,,53.0,,31.0,,,,,,10.0,2.0,,2.0,,,,,5.0,,
126049,,,,,,,,68.0,,30.0,,,,,,18.0,2.0,,1.0,,,,,8.0,2.0,
126076,,,,,,,,18.0,,8.0,,,,,,2.0,0.0,,,,,7.0,,1.0,,
126100,,,,,,,,177.0,,9.0,,,,,,33.0,20.0,20.0,,,,66.0,,30.0,,
126119,,,,,,,,239.0,,176.0,1.0,,,,,20.0,,1.0,3.0,,,13.0,,22.0,,
126164,,,,,,,,12.0,,6.0,,,,,,1.0,1.0,,,,,,2.0,1.0,,
126182,,,,,,,,397.0,,138.0,,,,,,25.0,23.0,17.0,43.0,2.0,,47.0,,51.0,1.0,2.0
126207,,,,,,,,523.0,,212.0,,,,,,29.0,25.0,19.0,44.0,1.0,,29.0,,63.0,9.0,6.0
126289,,,,,,,,452.0,,231.0,,,,,,42.0,27.0,14.0,6.0,,,30.0,2.0,42.0,8.0,1.0
126359,,,,,,,,34.0,,11.0,,,,,,1.0,2.0,,,,,5.0,,1.0,2.0,
126562,,,,,,,,11564.0,,4527.0,792.0,99.0,,,,961.0,730.0,1628.0,143.0,1462.0,,203.0,,450.0,120.0,45.0
126580,,,,,,,,1315.0,,550.0,15.0,17.0,,,,21.0,60.0,40.0,81.0,21.0,,149.0,6.0,74.0,39.0,14.0
126605,,,,,,,,39.0,,23.0,,,,,,1.0,1.0,1.0,,,,2.0,4.0,6.0,,
126614,,,,,,,,8232.0,,1975.0,913.0,2.0,,,,868.0,492.0,1330.0,265.0,73.0,,683.0,27.0,849.0,259.0,59.0
126669,,,,,,,,618.0,,251.0,,,,,,62.0,34.0,22.0,157.0,4.0,,11.0,,51.0,4.0,
126678,,,,,,,,862.0,,225.0,,,,,,99.0,41.0,28.0,86.0,6.0,,74.0,6.0,139.0,32.0,14.0
126687,,,,,,,,68.0,,22.0,,,,,,19.0,1.0,,,,,,8.0,17.0,,
126711,,,,,,,,668.0,,282.0,,,,,,98.0,38.0,28.0,26.0,3.0,,22.0,1.0,84.0,14.0,0.0
126748,,,,,,,,122.0,,55.0,,,,,,13.0,12.0,2.0,14.0,,,10.0,,9.0,3.0,
126775,,,,,,,,1123.0,,362.0,135.0,,,,,113.0,127.0,50.0,27.0,2.0,,102.0,,81.0,50.0,2.0
126784,,,,,,,,22.0,,12.0,,,,,,4.0,,,,,,,2.0,1.0,,
126818,,,,,,,,6913.0,,1830.0,1218.0,167.0,,,,102.0,501.0,388.0,267.0,253.0,,578.0,4.0,429.0,346.0,81.0
126827,,,,,,,,1170.0,,445.0,,,,,,63.0,48.0,7.0,1.0,,,19.0,479.0,25.0,,
126863,,,,,,,,355.0,,157.0,,,,,,40.0,22.0,8.0,,,,16.0,,35.0,5.0,1.0
126872,,,,,,,,24.0,,8.0,,,,,,2.0,5.0,1.0,,,,,4.0,2.0,,
126915,,,,,,,,33.0,,17.0,,,,,,3.0,2.0,1.0,,,,2.0,,4.0,,
126942,,,,,,,,405.0,,201.0,,,,,,42.0,26.0,13.0,80.0,,,1.0,,19.0,,
126951,,,,,,,,91.0,,37.0,,,,,,39.0,,1.0,,,,,,12.0,,
126979,,,,,,,,106.0,,37.0,,,,,,27.0,4.0,5.0,,,,2.0,,18.0,,
127060,,,,,,,,2639.0,,956.0,20.0,,,,,336.0,236.0,187.0,152.0,21.0,,188.0,1.0,276.0,61.0,3.0
127158,,,,,,,,146.0,,82.0,,,,,,5.0,13.0,5.0,2.0,,,,,,,
127185,,,,,,,,508.0,,185.0,,,,,,35.0,26.0,37.0,98.0,1.0,,65.0,,35.0,12.0,1.0
127200,,,,,,,,993.0,,536.0,,,,,,46.0,42.0,33.0,72.0,,,32.0,10.0,108.0,14.0,4.0
127273,,,,,,,,45.0,,17.0,,,,,,5.0,3.0,2.0,,,,,,13.0,2.0,
127316,,,,,,,,29.0,,14.0,,,,,,3.0,0.0,,,,,,,3.0,,
127389,,,,,,,,82.0,,27.0,,,,,,7.0,5.0,1.0,7.0,,,10.0,,5.0,2.0,
127556,,,,,,,,788.0,,390.0,,,,,,69.0,25.0,24.0,87.0,7.0,,75.0,4.0,66.0,16.0,6.0
127565,,,,,,,,1605.0,,877.0,,,,,,22.0,115.0,76.0,63.0,11.0,,3.0,,361.0,2.0,
127617,,,,,,,,123.0,,57.0,,,,,,22.0,12.0,4.0,1.0,,,4.0,,5.0,1.0,
127653,,,,,,,,230.0,,83.0,,,,,,28.0,14.0,5.0,16.0,,,5.0,,24.0,3.0,
127714,,,,,,,,73.0,,48.0,,,,,,8.0,2.0,3.0,,,,0.0,6.0,6.0,,
127732,,,,,,,,167.0,,64.0,,,,,,11.0,20.0,8.0,17.0,,,20.0,0.0,11.0,6.0,0.0
127741,,,,,,,,1550.0,,633.0,,,,,,71.0,159.0,100.0,109.0,8.0,,204.0,,149.0,44.0,5.0
127778,,,,,,,,261.0,,53.0,,,,,,9.0,6.0,6.0,22.0,,,33.0,,8.0,3.0,7.0
127787,,,,,,,,9.0,,2.0,,,,,,5.0,,,,,,,,2.0,,
127820,,,,,,,,756.0,,376.0,,,,,,57.0,26.0,19.0,7.0,,,58.0,7.0,141.0,22.0,4.0
127884,,,,,,,,391.0,,174.0,,,,,,27.0,29.0,14.0,16.0,1.0,,20.0,2.0,33.0,11.0,3.0
127909,,,,,,,,470.0,,196.0,,,,,,40.0,34.0,11.0,28.0,1.0,,43.0,,46.0,9.0,2.0
127918,,,,,,,,974.0,,453.0,,,,,,83.0,7.0,38.0,32.0,3.0,,15.0,38.0,271.0,28.0,
127945,,,,,,,,217.0,,107.0,,,,,,14.0,10.0,3.0,8.0,,,13.0,1.0,2.0,,1.0
127954,,,,,,,,3.0,,,,,,,,2.0,1.0,,,,,,,,,
128106,,,,,,,,596.0,,234.0,,,,,,42.0,45.0,37.0,75.0,3.0,,51.0,1.0,53.0,16.0,2.0
128151,,,,,,,,73.0,,34.0,,,,,,9.0,5.0,1.0,1.0,1.0,,5.0,,10.0,,
128179,,,,,,,,74.0,,29.0,,,,,,12.0,15.0,2.0,,,,,8.0,2.0,2.0,
128188,,,,,,,,93.0,,52.0,,,,,,8.0,13.0,2.0,,,,,12.0,4.0,,
128258,,,,,,,,160.0,,78.0,,,,,,8.0,6.0,3.0,13.0,,,8.0,,11.0,7.0,
128300,,,,,,,,454.0,,,,,,,,96.0,180.0,119.0,32.0,,,,,27.0,,
128328,,,,,,,,317.0,,209.0,6.0,,,,,6.0,6.0,8.0,1.0,26.0,,8.0,,12.0,,
128337,,,,,,,,7.0,,4.0,,,,,,1.0,,,,,,,,1.0,,
128391,,,,,,,,346.0,,143.0,,,,,,29.0,18.0,15.0,50.0,2.0,,36.0,1.0,17.0,11.0,
128498,,,,,,,,290.0,,105.0,,,,,,28.0,19.0,11.0,39.0,1.0,,7.0,,20.0,9.0,
128577,,,,,,,,148.0,,76.0,,,,,,10.0,3.0,3.0,2.0,,,6.0,,9.0,1.0,
128586,,,,,,,,9.0,,5.0,,,,,,1.0,1.0,,,,,1.0,,1.0,,
128674,,,,,,,,10.0,,3.0,,,,,,4.0,,,,,,,,1.0,,
128744,,,,,,,,566.0,,274.0,,,,,,118.0,51.0,16.0,47.0,10.0,,6.0,,36.0,,
128771,,,,,,,,1167.0,,624.0,,,,,,40.0,50.0,37.0,50.0,7.0,,68.0,,139.0,24.0,9.0
128780,,,,,,,,155.0,,69.0,,,,,,14.0,9.0,13.0,24.0,,,,,3.0,,
128896,,,,,,,,18.0,,6.0,,,,,,1.0,2.0,,,,,1.0,2.0,2.0,1.0,
128902,,,,,,,,701.0,,230.0,,,,,,75.0,24.0,31.0,54.0,6.0,,149.0,,74.0,23.0,4.0
129002,,,,,,,,28.0,,21.0,,,,,,1.0,,,,,,,,1.0,,
129020,,,,,,,,8626.0,,2250.0,350.0,60.0,,,,319.0,367.0,742.0,188.0,929.0,,645.0,9.0,2141.0,519.0,8.0
129154,,,,,,,,400.0,,159.0,,,,,,15.0,48.0,15.0,17.0,,,40.0,,44.0,,4.0
129181,,,,,,,,97.0,,35.0,,,,,,27.0,,,,,,17.0,,10.0,,3.0
129215,,,,,,,,709.0,,297.0,,,,,,27.0,30.0,30.0,53.0,4.0,,97.0,1.0,47.0,31.0,4.0
129242,,,,,,,,933.0,,395.0,,,,,,78.0,26.0,55.0,74.0,13.0,,37.0,,115.0,23.0,
129349,,,,,,,,28.0,,18.0,,,,,,2.0,,,,,,,4.0,4.0,,
129367,,,,,,,,217.0,,128.0,,,,,,11.0,16.0,6.0,4.0,,,13.0,,11.0,,
129428,,,,,,,,14.0,,4.0,,,,,,5.0,,1.0,,,,,,1.0,,
129482,,,,,,,,45.0,,16.0,,,,,,6.0,,,,,,2.0,9.0,11.0,,
129491,,,,,,,,31.0,,12.0,,,,,,5.0,1.0,,,,,1.0,,8.0,,
129525,,,,,,,,1160.0,,523.0,,,,,,13.0,189.0,,68.0,3.0,,126.0,3.0,157.0,24.0,2.0
129534,,,,,,,,45.0,,19.0,,,,,,2.0,4.0,,,,,3.0,,12.0,1.0,
129543,,,,,,,,277.0,,143.0,,,,,,8.0,16.0,7.0,7.0,,,9.0,,23.0,5.0,1.0
129695,,,,,,,,374.0,,209.0,,,,,,15.0,14.0,14.0,6.0,,,37.0,,28.0,4.0,
129729,,,,,,,,471.0,,246.0,,,,,,11.0,9.0,10.0,8.0,,,30.0,,39.0,6.0,1.0
129756,,,,,,,,158.0,,96.0,,,,,,8.0,7.0,4.0,3.0,,,2.0,,9.0,1.0,
129774,,,,,,,,133.0,,18.0,,,,,,24.0,4.0,1.0,15.0,,,27.0,,8.0,6.0,
129808,,,,,,,,229.0,,141.0,,,,,,12.0,5.0,9.0,11.0,,,15.0,,23.0,,
129923,,,,,,,,114.0,,69.0,,,,,,23.0,,2.0,,,,1.0,,16.0,,
129932,,,,,,,,50.0,,29.0,,,,,,6.0,,,,,,,9.0,,,
129941,,,,,,,,916.0,,401.0,,,,,,62.0,78.0,43.0,60.0,8.0,,76.0,,104.0,25.0,0.0
130004,,,,,,,,325.0,,199.0,,,,,,4.0,8.0,8.0,9.0,,,5.0,,34.0,2.0,1.0
130040,,,,,,,,109.0,,50.0,,,,,,10.0,3.0,3.0,3.0,,,7.0,,10.0,,
130110,,,,,,,,23.0,,14.0,,,,,,,3.0,,,,,3.0,,2.0,,
130174,,,,,,,,278.0,,165.0,,,,,,18.0,11.0,1.0,,,,,,15.0,2.0,
130183,,,,,,,,694.0,,216.0,,,,,,79.0,10.0,19.0,35.0,1.0,,,,8.0,9.0,4.0
130217,,,,,,,,112.0,,57.0,,,,,,9.0,5.0,5.0,8.0,,,10.0,,10.0,,
130226,,,,,,,,1558.0,,679.0,,,,,,344.0,20.0,28.0,66.0,21.0,,118.0,1.0,136.0,115.0,3.0
130253,,,,,,,,1200.0,,536.0,,,,,,126.0,70.0,53.0,161.0,21.0,,82.0,3.0,94.0,,
130314,,,,,,,,599.0,,207.0,,,,,,40.0,24.0,10.0,36.0,25.0,,39.0,,35.0,3.0,
130396,,,,,,,,390.0,,247.0,,,,,,11.0,9.0,9.0,18.0,,,28.0,,32.0,1.0,1.0
130493,,,,,,,,1213.0,,617.0,,,,,,61.0,39.0,28.0,76.0,9.0,,121.0,,98.0,44.0,10.0
130509,,,,,,,,91.0,,58.0,,,,,,9.0,,1.0,,,,2.0,8.0,13.0,,
130590,,,,,,,,687.0,,247.0,2.0,,,,,75.0,45.0,41.0,84.0,14.0,,30.0,,61.0,,2.0
130606,,,,,,,,242.0,,149.0,,,,,,6.0,4.0,10.0,10.0,2.0,,11.0,1.0,16.0,,
130624,,,,,,,,486.0,,153.0,,,,,,16.0,34.0,29.0,14.0,40.0,,18.0,1.0,59.0,54.0,16.0
130697,,,,,,,,966.0,,387.0,,,,,,56.0,82.0,75.0,54.0,14.0,,43.0,2.0,120.0,44.0,11.0
130776,,,,,,,,723.0,,352.0,,,,,,39.0,30.0,29.0,33.0,6.0,,93.0,,62.0,31.0,
130794,,,,,,,,14840.0,,3011.0,2169.0,249.0,,,,1791.0,596.0,1570.0,320.0,343.0,,1491.0,,2452.0,230.0,66.0
130837,,,,,,,,14.0,,10.0,,,,,,2.0,,,,,,,,1.0,,
130873,,,,,,,,37.0,,15.0,,,,,,4.0,4.0,1.0,,,,,,3.0,,
130882,,,,,,,,78.0,,,,,,,,20.0,17.0,16.0,3.0,,,,,11.0,,
130907,,,,,,,,1195.0,,642.0,,,,,,64.0,54.0,40.0,51.0,,,91.0,,129.0,24.0,
130934,,,,,,,,811.0,,263.0,18.0,19.0,,,,27.0,56.0,14.0,106.0,3.0,,104.0,,114.0,28.0,11.0
130943,,,,,,,,4749.0,,1250.0,,,,,,584.0,473.0,678.0,418.0,93.0,,337.0,,532.0,165.0,85.0
130989,,,,,,,,110.0,,42.0,,,,,,14.0,5.0,3.0,25.0,,,11.0,,6.0,,
131061,,,,,,,,14.0,,7.0,,,,,,2.0,1.0,,,,,0.0,,1.0,,
131098,,,,,,,,248.0,,116.0,1.0,14.0,,,,10.0,14.0,,20.0,7.0,,23.0,10.0,14.0,,
131113,,,,,,,,1084.0,,645.0,,,,,,118.0,37.0,26.0,42.0,,,31.0,,135.0,,
131159,,,,,,,,2910.0,,1055.0,36.0,,,,,418.0,264.0,190.0,312.0,13.0,,110.0,,293.0,68.0,46.0
131283,,,,,,,,1449.0,,440.0,73.0,,,,,133.0,62.0,94.0,105.0,6.0,,172.0,,180.0,39.0,3.0
131399,,,,,,,,825.0,,346.0,7.0,7.0,,,,91.0,85.0,27.0,25.0,1.0,,21.0,,110.0,16.0,7.0
131405,,,,,,,,33.0,,20.0,,4.0,,,,1.0,1.0,1.0,,,,0.0,0.0,2.0,,
131450,,,,,,,,734.0,,191.0,8.0,,,,,89.0,42.0,47.0,121.0,12.0,,97.0,2.0,58.0,26.0,14.0
131469,,,,,,,,5658.0,,1673.0,99.0,,,,,1093.0,314.0,835.0,179.0,504.0,,95.0,,269.0,259.0,2.0
131496,,,,,,,,5479.0,,1611.0,325.0,,,,,1040.0,464.0,314.0,308.0,310.0,,241.0,,565.0,108.0,66.0
131520,,,,,,,,2523.0,,995.0,77.0,142.0,,,,205.0,52.0,118.0,115.0,16.0,,141.0,,553.0,2.0,1.0
131803,,,,,,,,31.0,,14.0,,,,,,3.0,,,,,,,6.0,,,
131830,,,,,,,,8.0,,5.0,,,,,,1.0,1.0,,,,,,,0.0,,
131876,,,,,,,,235.0,,116.0,,2.0,,,,25.0,7.0,5.0,16.0,1.0,,6.0,8.0,12.0,,
131973,,,,,,,,81.0,,24.0,1.0,,,,,18.0,4.0,2.0,6.0,0.0,,,,17.0,2.0,
132374,,,,,,,,383.0,,224.0,,,,,,8.0,3.0,4.0,13.0,,,20.0,5.0,43.0,29.0,
132408,,,,,,,,90.0,,37.0,,,,,,9.0,,,,,,6.0,1.0,27.0,6.0,
132471,,,,,,,,1075.0,,534.0,,,,,,158.0,36.0,31.0,92.0,16.0,,10.0,2.0,162.0,7.0,
132602,,,,,,,,569.0,,200.0,,,,,,51.0,40.0,18.0,92.0,,,47.0,,78.0,,6.0
132657,,,,,,,,620.0,,155.0,,,,,,58.0,31.0,28.0,72.0,5.0,,86.0,2.0,78.0,11.0,7.0
132675,,,,,,,,31.0,,14.0,,,,,,,,0.0,,11.0,,,,7.0,,
132693,,,,,,,,1058.0,,488.0,,,,,,17.0,37.0,42.0,111.0,6.0,,56.0,7.0,121.0,36.0,9.0
132709,,,,,,,,1889.0,,761.0,,,,,,158.0,62.0,127.0,67.0,,,93.0,5.0,263.0,58.0,
132842,,,,,,,,103.0,,43.0,,,,,,17.0,3.0,6.0,,,,8.0,,20.0,4.0,
132851,,,,,,,,529.0,,197.0,,,,,,32.0,30.0,24.0,61.0,,,35.0,2.0,92.0,21.0,1.0
132879,,,,,,,,46.0,,16.0,,,,,,3.0,4.0,0.0,5.0,,,6.0,,5.0,,
132903,,,,,,,,5838.0,,1775.0,304.0,,,,,762.0,479.0,499.0,421.0,74.0,,362.0,18.0,749.0,202.0,18.0
132976,,,,,,,,50.0,,26.0,,,,,,2.0,,,,,,2.0,,9.0,8.0,
133021,,,,,,,,243.0,,99.0,,,,,,27.0,1.0,4.0,12.0,2.0,,31.0,,53.0,,1.0
133155,,,,,,,,65.0,,33.0,,,,,,3.0,2.0,1.0,1.0,,,3.0,1.0,13.0,0.0,
133386,,,,,,,,1084.0,,443.0,,,,,,55.0,43.0,55.0,41.0,,,224.0,,69.0,98.0,9.0
133465,,,,,,,,65.0,,34.0,,,,,,15.0,4.0,,,,,,,12.0,,
133492,,,,,,,,394.0,,163.0,,,,,,44.0,26.0,12.0,24.0,3.0,,18.0,,79.0,12.0,1.0
133508,,,,,,,,793.0,,321.0,,,,,,41.0,60.0,41.0,57.0,26.0,,34.0,,82.0,1.0,
133526,,,,,,,,163.0,,67.0,,3.0,,,,17.0,4.0,3.0,13.0,2.0,,2.0,,14.0,,
133553,,,,,,,,1389.0,,335.0,18.0,,,,,204.0,88.0,113.0,86.0,7.0,,59.0,,120.0,51.0,24.0
133650,,,,,,,,1710.0,,661.0,26.0,13.0,,,,277.0,76.0,75.0,61.0,3.0,,167.0,1.0,212.0,9.0,4.0
133669,,,,,,,,3262.0,,1032.0,92.0,24.0,,,,602.0,473.0,159.0,112.0,17.0,,154.0,,299.0,9.0,2.0
133702,,,,,,,,1547.0,,524.0,,,,,,113.0,66.0,65.0,57.0,,,88.0,,370.0,122.0,2.0
133711,,,,,,,,372.0,,144.0,,,,,,32.0,23.0,12.0,45.0,6.0,,52.0,4.0,24.0,6.0,
133809,,,,,,,,112.0,,40.0,,,,,,9.0,8.0,4.0,12.0,,,,5.0,12.0,,
133845,,,,,,,,54.0,,19.0,,,,,,16.0,1.0,,,,,,7.0,9.0,,
133854,,,,,,,,41.0,,10.0,,,,,,14.0,1.0,,,,,,5.0,9.0,,
133863,,,,,,,,45.0,,12.0,,,,,,16.0,1.0,,,,,,7.0,6.0,,
133872,,,,,,,,300.0,,146.0,,,,,,33.0,18.0,18.0,8.0,,,16.0,3.0,44.0,,
133881,,,,,,,,1132.0,,357.0,,,,,,59.0,98.0,92.0,76.0,6.0,,131.0,29.0,163.0,42.0,14.0
133942,,,,,,,,6.0,,3.0,,,,,,1.0,1.0,,,,,,,1.0,,
133951,,,,,,,,5684.0,,1661.0,290.0,49.0,,,,946.0,241.0,522.0,249.0,45.0,,299.0,,863.0,178.0,
133960,,,,,,,,126.0,,53.0,,,,,,11.0,9.0,5.0,4.0,,,,,37.0,4.0,
133979,,,,,,,,225.0,,76.0,,,,,,24.0,6.0,6.0,12.0,2.0,,38.0,,44.0,,3.0
133997,,,,,,,,32.0,,8.0,,,,,,4.0,,,,,,,,20.0,,
134024,,,,,,,,23.0,,9.0,,,,,,2.0,2.0,,1.0,,,2.0,,6.0,,
134079,,,,,,,,617.0,,205.0,1.0,15.0,,,,40.0,20.0,18.0,78.0,10.0,,79.0,5.0,66.0,16.0,5.0
134097,,,,,,,,6819.0,,1735.0,495.0,,,,,328.0,918.0,639.0,494.0,120.0,,618.0,,586.0,231.0,7.0
134112,,,,,,,,244.0,,78.0,,,,,,74.0,19.0,8.0,1.0,,,11.0,40.0,10.0,,
134130,,,,,,,,14682.0,,2902.0,601.0,1647.0,,,,1025.0,784.0,2143.0,417.0,634.0,,1074.0,9.0,1876.0,668.0,45.0
134228,,,,,,,,6.0,,2.0,,,,,,1.0,,1.0,,,,,2.0,,,
134237,,,,,,,,2087.0,,775.0,,,,,,255.0,49.0,81.0,114.0,,,79.0,7.0,693.0,12.0,14.0
134291,,,,,,,,63.0,,27.0,,,,,,5.0,3.0,1.0,,,,7.0,,9.0,,
134307,,,,,,,,63.0,,34.0,,,,,,3.0,1.0,0.0,,,,5.0,,11.0,,
134343,,,,,,,,470.0,,207.0,,,,,,32.0,32.0,27.0,27.0,,,48.0,5.0,80.0,,
134495,,,,,,,,1407.0,,587.0,,,,,,62.0,79.0,41.0,104.0,7.0,,66.0,18.0,271.0,39.0,
134510,,,,,,,,34.0,,9.0,,,,,,7.0,2.0,0.0,,,,3.0,1.0,9.0,1.0,
134529,,,,,,,,21.0,,11.0,,,,,,1.0,,,,,,1.0,,8.0,,
134574,,,,,,,,12.0,,3.0,,,,,,2.0,2.0,,,,,,2.0,1.0,,
134608,,,,,,,,1101.0,,432.0,,2.0,,,,33.0,24.0,51.0,87.0,1.0,,85.0,3.0,255.0,44.0,12.0
134714,,,,,,,,19.0,,12.0,,,,,,2.0,1.0,,,,,,2.0,1.0,,
134811,,,,,,,,109.0,,52.0,,,,,,11.0,13.0,,4.0,,,,,26.0,,
134945,,,,,,,,660.0,,287.0,,,,,,110.0,40.0,35.0,62.0,10.0,,25.0,,57.0,2.0,1.0
135081,,,,,,,,2944.0,,1376.0,,,,,,214.0,294.0,27.0,68.0,,,16.0,,907.0,,
135142,,,,,,,,19.0,,8.0,,,,,,2.0,1.0,,,,,,1.0,5.0,2.0,
135160,,,,,,,,261.0,,111.0,,,,,,12.0,26.0,5.0,14.0,,,1.0,,82.0,7.0,
135179,,,,,,,,87.0,,33.0,,,,,,4.0,4.0,3.0,,,,9.0,,18.0,,
135188,,,,,,,,294.0,,100.0,,,,,,30.0,46.0,28.0,15.0,,,5.0,,39.0,1.0,1.0
135267,,,,,,,,83.0,,35.0,,,,,,6.0,,3.0,,,,14.0,,23.0,2.0,
135276,,,,,,,,80.0,,40.0,,,,,,1.0,2.0,2.0,,8.0,,4.0,,1.0,2.0,20.0
135294,,,,,,,,136.0,,60.0,,,,,,5.0,2.0,1.0,,,,24.0,,24.0,15.0,
135337,,,,,,,,9.0,,4.0,,,,,,1.0,,,,,,,,4.0,,
135364,,,,,,,,42.0,,20.0,,,,,,2.0,4.0,2.0,,,,,,5.0,1.0,
135391,,,,,,,,581.0,,239.0,,,,,,36.0,69.0,13.0,9.0,,,11.0,,145.0,13.0,
135407,,,,,,,,192.0,,90.0,,,,,,20.0,2.0,1.0,,,,,,38.0,16.0,1.0
135522,,,,,,,,104.0,,48.0,,,,,,4.0,17.0,4.0,6.0,17.0,,3.0,,,,
135559,,,,,,,,7.0,,3.0,,,,,,1.0,1.0,,,,,,,,,
135610,,,,,,,,30.0,,18.0,,,,,,3.0,2.0,,1.0,,,,,1.0,,
135647,,,,,,,,87.0,,37.0,,,,,,5.0,6.0,0.0,,,,19.0,,11.0,,2.0
135717,,,,,,,,4713.0,,1451.0,,,,,,121.0,105.0,158.0,210.0,3.0,,555.0,,1534.0,31.0,1.0
135726,,,,,,,,11898.0,,1596.0,188.0,972.0,,,,1043.0,878.0,1907.0,396.0,1440.0,,1176.0,14.0,1797.0,207.0,30.0
135735,,,,,,,,184.0,,102.0,,,,,,6.0,,3.0,,,,8.0,,42.0,,
135771,,,,,,,,14.0,,5.0,,,,,,1.0,1.0,,,,,2.0,,5.0,,
136109,,,,,,,,18.0,,9.0,,,,,,1.0,,,,,,,4.0,4.0,,
136145,,,,,,,,126.0,,41.0,,,,,,10.0,,7.0,10.0,,,1.0,,43.0,7.0,
136172,,,,,,,,1856.0,,617.0,1.0,,,,,340.0,95.0,81.0,76.0,10.0,,176.0,2.0,253.0,66.0,9.0
136215,,,,,,,,4265.0,,1098.0,118.0,,,,,472.0,535.0,369.0,146.0,81.0,,251.0,3.0,716.0,58.0,
136233,,,,,,,,395.0,,139.0,,,,,,19.0,10.0,18.0,32.0,,,17.0,,110.0,18.0,1.0
136303,,,,,,,,111.0,,58.0,,,,,,5.0,7.0,,,,,7.0,,17.0,,
136330,,,,,,,,519.0,,238.0,,,,,,54.0,3.0,18.0,33.0,5.0,,22.0,,84.0,,
136358,,,,,,,,1667.0,,651.0,,,,,,51.0,40.0,80.0,189.0,5.0,,43.0,,246.0,80.0,7.0
136400,,,,,,,,605.0,,251.0,,,,,,24.0,20.0,43.0,77.0,,,3.0,17.0,107.0,34.0,
136473,,,,,,,,696.0,,280.0,,,,,,47.0,33.0,57.0,100.0,,,21.0,,122.0,13.0,2.0
136491,,,,,,,,81.0,,44.0,,,,,,9.0,1.0,3.0,4.0,,,9.0,,3.0,8.0,
136516,,,,,,,,681.0,,246.0,,,,,,30.0,30.0,28.0,29.0,,,3.0,,130.0,18.0,1.0
136659,,,,,,,,39.0,,15.0,,,,,,2.0,,1.0,6.0,,,,,6.0,,
136701,,,,,,,,48.0,,15.0,,1.0,,,,11.0,2.0,1.0,,,,12.0,,3.0,3.0,
136765,,,,,,,,63.0,,40.0,,,,,,3.0,1.0,1.0,1.0,2.0,,,,9.0,,
136774,,,,,,,,368.0,,135.0,,,,,,59.0,21.0,18.0,22.0,,,25.0,1.0,45.0,7.0,
136826,,,,,,,,97.0,,36.0,,,,,,4.0,5.0,1.0,,,,,,15.0,29.0,
136950,,,,,,,,727.0,,231.0,,,,,,76.0,48.0,33.0,94.0,8.0,,71.0,1.0,86.0,29.0,3.0
137023,,,,,,,,99.0,,44.0,,,,,,4.0,2.0,3.0,6.0,,,13.0,,17.0,2.0,
137032,,,,,,,,1208.0,,411.0,,,,,,240.0,48.0,57.0,49.0,,,99.0,71.0,127.0,17.0,2.0
137078,,,,,,,,1823.0,,724.0,,,,,,108.0,44.0,114.0,71.0,4.0,,139.0,9.0,394.0,59.0,19.0
137087,,,,,,,,124.0,,81.0,,,,,,4.0,4.0,,1.0,,,,,18.0,13.0,
137096,,,,,,,,882.0,,413.0,,,,,,69.0,43.0,39.0,34.0,6.0,,65.0,,171.0,15.0,
137120,,,,,,,,284.0,,144.0,,,,,,11.0,5.0,4.0,6.0,27.0,,23.0,,27.0,3.0,
137209,,,,,,,,1002.0,,397.0,,,,,,28.0,76.0,57.0,58.0,1.0,,81.0,,111.0,8.0,1.0
137245,,,,,,,,283.0,,121.0,,,,,,7.0,2.0,3.0,8.0,,,31.0,5.0,12.0,29.0,4.0
137272,,,,,,,,39.0,,11.0,1.0,,,,,1.0,1.0,1.0,,,,15.0,,,3.0,
137281,,,,,,,,472.0,,230.0,,,,,,32.0,9.0,22.0,26.0,,,27.0,1.0,99.0,3.0,1.0
137315,,,,,,,,329.0,,96.0,,,,,,17.0,15.0,10.0,28.0,,,33.0,,73.0,10.0,
137351,,,,,,,,7819.0,,2029.0,351.0,,,,,408.0,889.0,678.0,575.0,913.0,,349.0,6.0,814.0,197.0,65.0
137476,,,,,,,,483.0,,198.0,2.0,,,,,36.0,31.0,10.0,41.0,5.0,,39.0,,40.0,,
137546,,,,,,,,918.0,,312.0,,,,,,83.0,67.0,40.0,101.0,10.0,,119.0,5.0,90.0,24.0,3.0
137564,,,,,,,,731.0,,325.0,,,,,,75.0,15.0,11.0,90.0,6.0,,69.0,,113.0,13.0,
137591,,,,,,,,49.0,,25.0,,,,,,8.0,2.0,3.0,,,,1.0,,10.0,,
137713,,,,,,,,47.0,,25.0,,,,,,1.0,1.0,,,,,2.0,6.0,1.0,,
137759,,,,,,,,1010.0,,360.0,,,,,,31.0,67.0,61.0,74.0,1.0,,83.0,3.0,207.0,28.0,
137777,,,,,,,,28.0,,10.0,1.0,,,,,3.0,2.0,,,,,6.0,,2.0,,
137801,,,,,,,,40.0,,13.0,,,,,,11.0,,,,,,,,14.0,,
137847,,,,,,,,1038.0,,577.0,,,,,,65.0,48.0,31.0,125.0,6.0,,49.0,,72.0,,
137856,,,,,,,,20.0,,9.0,,,,,,1.0,2.0,,,,,1.0,,4.0,,
137865,,,,,,,,51.0,,30.0,,,,,,2.0,3.0,,1.0,,,1.0,,2.0,1.0,
137953,,,,,,,,55.0,,22.0,,,,,,9.0,1.0,,8.0,,,,1.0,8.0,,
137962,,,,,,,,37.0,,13.0,,1.0,,,,6.0,1.0,1.0,2.0,,,,,4.0,2.0,
138132,,,,,,,,6.0,,2.0,,,,,,1.0,,,,,,,,1.0,,
138187,,,,,,,,2703.0,,1093.0,,,,,,72.0,458.0,93.0,123.0,,,196.0,33.0,314.0,37.0,3.0
138275,,,,,,,,186.0,,70.0,,,,,,15.0,1.0,2.0,43.0,5.0,,22.0,1.0,17.0,4.0,
138284,,,,,,,,56.0,,37.0,,,,,,,1.0,,,,,,,12.0,,
138293,,,,,,,,119.0,,26.0,,,,,,16.0,7.0,0.0,25.0,5.0,,23.0,,14.0,,
138309,,,,,,,,654.0,,479.0,,,,,,41.0,3.0,,,,,,,8.0,,
138354,,,,,,,,1533.0,,440.0,20.0,,,,,276.0,249.0,122.0,38.0,12.0,,75.0,,191.0,44.0,7.0
138372,,,,,,,,120.0,,73.0,,,,,,4.0,3.0,2.0,,,,7.0,,7.0,,
138479,,,,,,,,173.0,,85.0,,,,,,6.0,3.0,3.0,5.0,,,10.0,5.0,17.0,12.0,
138488,,,,,,,,102.0,,34.0,,,,,,5.0,,,,,,7.0,,20.0,,
138497,,,,,,,,69.0,,33.0,,,,,,3.0,5.0,1.0,1.0,,,,3.0,16.0,6.0,
138558,,,,,,,,451.0,,174.0,,1.0,,,,59.0,16.0,10.0,7.0,4.0,,50.0,,55.0,1.0,
138600,,,,,,,,357.0,,105.0,,,,,,28.0,27.0,21.0,26.0,2.0,,48.0,,27.0,10.0,1.0
138655,,,,,,,,46.0,,10.0,,,,,,5.0,6.0,,,,,,6.0,7.0,6.0,
138664,,,,,,,,11.0,,2.0,,,,,,1.0,1.0,,,,,,4.0,3.0,,
138682,,,,,,,,291.0,,157.0,,,,,,20.0,21.0,9.0,8.0,,,24.0,,26.0,,
138716,,,,,,,,681.0,,254.0,,,,,,80.0,13.0,37.0,47.0,3.0,,72.0,,113.0,11.0,
138761,,,,,,,,77.0,,34.0,,,,,,6.0,4.0,1.0,14.0,3.0,,2.0,,10.0,,
138813,,,,,,,,89.0,,43.0,,,,,,5.0,9.0,,4.0,,,,,27.0,,
138822,,,,,,,,57.0,,29.0,,,,,,6.0,2.0,1.0,,,,1.0,4.0,6.0,3.0,1.0
138840,,,,,,,,297.0,,163.0,,,,,,21.0,28.0,9.0,5.0,,,19.0,,32.0,,
138868,,,,,,,,234.0,,112.0,,,,,,34.0,4.0,8.0,41.0,,,0.0,,5.0,,
138901,,,,,,,,214.0,,84.0,,,,,,32.0,3.0,10.0,3.0,,,21.0,,32.0,2.0,
138929,,,,,,,,67.0,,23.0,,,,,,10.0,2.0,2.0,,,,,,10.0,,
138938,,,,,,,,31.0,,18.0,,,,,,2.0,2.0,,,,,0.0,2.0,7.0,,
138947,,,,,,,,592.0,,220.0,18.0,,,,,36.0,40.0,30.0,40.0,1.0,,50.0,,145.0,,
138956,,,,,,,,320.0,,175.0,,,,,,34.0,11.0,7.0,,,,28.0,,48.0,5.0,
139144,,,,,,,,537.0,,175.0,,,,,,68.0,14.0,17.0,65.0,,,81.0,,77.0,21.0,12.0
139153,,,,,,,,64.0,,29.0,,,,,,15.0,3.0,,,,,2.0,,11.0,,
139199,,,,,,,,414.0,,190.0,,,,,,54.0,3.0,8.0,20.0,1.0,,25.0,15.0,55.0,,1.0
139205,,,,,,,,99.0,,36.0,1.0,1.0,,,,11.0,5.0,2.0,16.0,,,5.0,6.0,3.0,3.0,
139214,,,,,,,,20.0,,8.0,,,,,,5.0,,1.0,,,,,,1.0,,
139250,,,,,,,,316.0,,135.0,,,,,,33.0,8.0,12.0,14.0,,,33.0,,42.0,5.0,
139278,,,,,,,,517.0,,260.0,,2.0,,,,26.0,25.0,9.0,22.0,,,37.0,,100.0,,0.0
139311,,,,,,,,703.0,,254.0,,2.0,,,,114.0,19.0,31.0,32.0,7.0,,66.0,2.0,88.0,14.0,
139348,,,,,,,,73.0,,22.0,,,,,,12.0,5.0,3.0,2.0,,,1.0,3.0,9.0,,
139357,,,,,,,,265.0,,127.0,,,,,,17.0,21.0,5.0,13.0,,,24.0,,34.0,,
139366,,,,,,,,967.0,,391.0,,,,,,119.0,16.0,34.0,47.0,1.0,,93.0,,138.0,43.0,
139384,,,,,,,,379.0,,181.0,,,,,,33.0,14.0,11.0,2.0,,,35.0,,83.0,,
139393,,,,,,,,212.0,,73.0,,,,,,22.0,8.0,4.0,31.0,2.0,,23.0,2.0,21.0,11.0,
139463,,,,,,,,367.0,,193.0,,,,,,42.0,6.0,12.0,9.0,0.0,,25.0,1.0,44.0,7.0,
139506,,,,,,,,13.0,,8.0,,,,,,2.0,1.0,,,,,,2.0,1.0,,
139579,,,,,,,,117.0,,56.0,,,,,,26.0,7.0,,4.0,,,,,19.0,,
139621,,,,,,,,232.0,,92.0,,,,,,43.0,4.0,3.0,10.0,,,22.0,,37.0,5.0,
139630,,,,,,,,160.0,,57.0,,,,,,6.0,11.0,2.0,39.0,4.0,,8.0,,27.0,3.0,
139658,,,,,,,,11387.0,,2160.0,940.0,953.0,,,,862.0,692.0,1978.0,467.0,485.0,,619.0,4.0,869.0,180.0,28.0
139700,,,,,,,,418.0,,198.0,,1.0,,,,53.0,13.0,20.0,17.0,1.0,,14.0,,57.0,2.0,
139719,,,,,,,,582.0,,111.0,4.0,,,,,79.0,20.0,32.0,19.0,,,101.0,,60.0,19.0,
139746,,,,,,,,12.0,,7.0,,,,,,1.0,1.0,,,,,,,2.0,,
139755,,,,,,,,7564.0,,1073.0,194.0,4.0,,,,989.0,461.0,2545.0,223.0,38.0,,582.0,,743.0,297.0,
139764,,,,,,,,325.0,,133.0,,,,,,48.0,7.0,12.0,11.0,2.0,,17.0,2.0,44.0,16.0,
139861,,,,,,,,1005.0,,356.0,,,,,,165.0,30.0,31.0,34.0,4.0,,100.0,4.0,130.0,54.0,
139931,,,,,,,,3355.0,,1203.0,13.0,1.0,,,,378.0,112.0,120.0,111.0,29.0,,533.0,,493.0,129.0,
139940,,,,,,,,5144.0,,1430.0,67.0,26.0,,,,569.0,239.0,302.0,110.0,31.0,,626.0,5.0,883.0,252.0,
139959,,,,,,,,10512.0,,2190.0,124.0,575.0,,,,1007.0,450.0,1356.0,678.0,150.0,,1531.0,22.0,1331.0,572.0,
139968,,,,,,,,323.0,,139.0,,,,,,34.0,5.0,4.0,6.0,3.0,,43.0,1.0,49.0,13.0,
139986,,,,,,,,360.0,,151.0,,6.0,,,,38.0,48.0,9.0,11.0,,,38.0,,25.0,,
139995,,,,,,,,9.0,,5.0,,,,,,1.0,1.0,,,,,,1.0,1.0,,
140003,,,,,,,,26.0,,15.0,,,,,,2.0,1.0,,,,,,2.0,4.0,,
140012,,,,,,,,595.0,,234.0,1.0,21.0,,,,47.0,17.0,9.0,21.0,,,37.0,,123.0,6.0,
140146,,,,,,,,62.0,,17.0,,,,,,14.0,3.0,2.0,3.0,,,15.0,,5.0,,
140234,,,,,,,,200.0,,84.0,,,,,,18.0,12.0,4.0,30.0,5.0,,,,28.0,,
140243,,,,,,,,341.0,,182.0,,4.0,,,,14.0,20.0,8.0,1.0,,,22.0,,48.0,,
140252,,,,,,,,464.0,,153.0,1.0,,,,,72.0,18.0,11.0,25.0,7.0,,,9.0,85.0,12.0,4.0
140331,,,,,,,,589.0,,258.0,,,,,,31.0,23.0,22.0,39.0,,,56.0,,67.0,,
140340,,,,,,,,41.0,,21.0,,,,,,2.0,,1.0,,,,,,2.0,,
140447,,,,,,,,1614.0,,528.0,36.0,36.0,,,,142.0,56.0,225.0,148.0,33.0,,67.0,,232.0,,
140553,,,,,,,,367.0,,155.0,2.0,19.0,,,,78.0,15.0,8.0,28.0,6.0,,10.0,,38.0,,2.0
140562,,,,,,,,1008.0,,258.0,2.0,4.0,,,,147.0,53.0,58.0,14.0,28.0,,66.0,,175.0,,0.0
140678,,,,,,,,246.0,,108.0,,2.0,,,,9.0,23.0,5.0,5.0,,,22.0,4.0,31.0,9.0,
140696,,,,,,,,191.0,,80.0,1.0,,,,,21.0,12.0,6.0,45.0,2.0,,1.0,,8.0,,
140720,,,,,,,,140.0,,39.0,1.0,,,,,17.0,6.0,2.0,6.0,,,22.0,,23.0,,
140818,,,,,,,,398.0,,185.0,,,,,,33.0,8.0,11.0,38.0,6.0,,38.0,12.0,26.0,15.0,1.0
140827,,,,,,,,16.0,,6.0,,,,,,5.0,,,1.0,,,1.0,,2.0,,
140872,,,,,,,,244.0,,108.0,,,,,,18.0,10.0,3.0,48.0,7.0,,6.0,,21.0,,
140942,,,,,,,,330.0,,164.0,,33.0,,,,11.0,8.0,10.0,3.0,,,17.0,7.0,27.0,6.0,
140951,,,,,,,,1617.0,,607.0,,,,,,197.0,73.0,73.0,314.0,1.0,,114.0,3.0,132.0,12.0,43.0
140960,,,,,,,,611.0,,205.0,1.0,,,,,74.0,11.0,14.0,32.0,5.0,,82.0,,85.0,28.0,
140988,,,,,,,,271.0,,106.0,,,,,,25.0,17.0,6.0,38.0,1.0,,50.0,,22.0,,
141006,,,,,,,,191.0,,90.0,,,,,,14.0,20.0,5.0,9.0,,,21.0,,29.0,,1.0
141015,,,,,,,,64.0,,49.0,,,,,,4.0,1.0,,,,,3.0,2.0,5.0,,
141060,,,,,,,,596.0,,202.0,,,,,,71.0,45.0,27.0,15.0,5.0,,66.0,,124.0,13.0,4.0
141167,,,,,,,,169.0,,81.0,,,,,,3.0,11.0,2.0,24.0,3.0,,3.0,,16.0,,2.0
141185,,,,,,,,168.0,,82.0,1.0,,,,,26.0,4.0,3.0,9.0,,,11.0,0.0,16.0,9.0,
141237,,,,,,,,181.0,,81.0,,,,,,12.0,,3.0,11.0,,,16.0,3.0,38.0,6.0,
141255,,,,,,,,370.0,,191.0,,,,,,65.0,8.0,8.0,14.0,,,25.0,,44.0,,
141264,,,,,,,,1188.0,,471.0,,,,,,156.0,19.0,53.0,34.0,11.0,,142.0,,158.0,44.0,
141325,,,,,,,,168.0,,66.0,0.0,0.0,,,,17.0,11.0,4.0,11.0,3.0,,11.0,3.0,14.0,4.0,2.0
141334,,,,,,,,1732.0,,577.0,0.0,,,,,209.0,57.0,57.0,89.0,15.0,,280.0,1.0,217.0,60.0,
141361,,,,,,,,208.0,,87.0,,,,,,35.0,2.0,7.0,29.0,3.0,,5.0,,17.0,,
141486,,,,,,,,315.0,,117.0,5.0,1.0,,,,40.0,9.0,17.0,26.0,2.0,,25.0,2.0,44.0,,
141565,,,,,,,,574.0,,237.0,,,,,,28.0,37.0,16.0,66.0,5.0,,64.0,2.0,55.0,11.0,
141574,,,,,,,,4145.0,,1359.0,193.0,43.0,,,,161.0,422.0,313.0,355.0,45.0,,335.0,26.0,212.0,93.0,11.0
141608,,,,,,,,9.0,,3.0,,,,,,1.0,0.0,,,,,,1.0,1.0,0.0,
141644,,,,,,,,540.0,,210.0,18.0,,,,,66.0,25.0,26.0,29.0,3.0,,22.0,,33.0,2.0,3.0
141680,,,,,,,,337.0,,131.0,,,,,,15.0,12.0,15.0,27.0,1.0,,29.0,2.0,31.0,2.0,1.0
141796,,,,,,,,470.0,,232.0,,,,,,17.0,21.0,16.0,47.0,,,33.0,,40.0,5.0,1.0
141802,,,,,,,,166.0,,67.0,,,,,,10.0,4.0,2.0,17.0,,,17.0,1.0,20.0,4.0,4.0
141811,,,,,,,,385.0,,194.0,,,,,,13.0,13.0,6.0,44.0,,,26.0,2.0,35.0,4.0,6.0
141839,,,,,,,,285.0,,119.0,,,,,,12.0,18.0,7.0,44.0,,,18.0,,24.0,3.0,6.0
141945,,,,,,,,11.0,,4.0,,,,,,4.0,0.0,,,,,,,,,
141963,,,,,,,,515.0,,,,,,,,86.0,172.0,150.0,37.0,1.0,,2.0,1.0,36.0,,
141981,,,,,,,,293.0,,124.0,,,,,,12.0,27.0,12.0,61.0,1.0,,12.0,,6.0,6.0,5.0
141990,,,,,,,,184.0,,71.0,,,,,,10.0,11.0,4.0,22.0,,,21.0,2.0,17.0,1.0,2.0
142054,,,,,,,,38.0,,21.0,,,,,,4.0,,,,,,,,2.0,,
142090,,,,,,,,23.0,,7.0,,,,,,5.0,2.0,,,,,1.0,2.0,4.0,,
142115,,,,,,,,2719.0,,974.0,32.0,,,,,98.0,310.0,257.0,203.0,29.0,,150.0,2.0,266.0,65.0,5.0
142179,,,,,,,,246.0,,104.0,,,,,,26.0,13.0,9.0,13.0,,,8.0,,45.0,6.0,
142276,,,,,,,,1770.0,,656.0,7.0,,,,,222.0,85.0,105.0,65.0,43.0,,152.0,,216.0,59.0,8.0
142285,,,,,,,,2527.0,,641.0,43.0,126.0,,,,185.0,185.0,362.0,260.0,11.0,,122.0,9.0,279.0,102.0,40.0
142294,,,,,,,,257.0,,97.0,,,,,,30.0,14.0,7.0,45.0,5.0,,27.0,1.0,21.0,2.0,
142328,,,,,,,,465.0,,210.0,,,,,,16.0,20.0,21.0,37.0,2.0,,28.0,,74.0,13.0,1.0
142407,,,,,,,,9.0,,4.0,,,,,,1.0,1.0,,,,,,1.0,2.0,,
142416,,,,,,,,5.0,,3.0,,,,,,1.0,,,,,,,,1.0,,
142443,,,,,,,,691.0,,231.0,,,,,,37.0,43.0,30.0,78.0,6.0,,58.0,,65.0,18.0,1.0
142461,,,,,,,,307.0,,129.0,,,,,,24.0,19.0,16.0,39.0,2.0,,12.0,,57.0,,
142489,,,,,,,,8.0,,4.0,,,,,,1.0,1.0,,,,,,,1.0,,
142522,,,,,,,,1936.0,,1202.0,,,,,,83.0,70.0,75.0,76.0,13.0,,102.0,6.0,173.0,53.0,14.0
142559,,,,,,,,673.0,,211.0,,,,,,70.0,37.0,21.0,78.0,4.0,,66.0,1.0,52.0,17.0,8.0
142832,,,,,,,,197.0,,71.0,,,,,,45.0,8.0,9.0,31.0,,,3.0,,14.0,1.0,
142887,,,,,,,,60.0,,21.0,,,,,,8.0,,,,,,,8.0,21.0,,
142957,,,,,,,,14.0,,6.0,,,,,,3.0,1.0,,,,,1.0,,,,
143048,,,,,,,,786.0,,352.0,,,,,,73.0,90.0,41.0,56.0,5.0,,17.0,1.0,90.0,,
143084,,,,,,,,588.0,,217.0,,,,,,91.0,3.0,16.0,69.0,4.0,,93.0,,64.0,13.0,2.0
143118,,,,,,,,558.0,,256.0,,,,,,36.0,30.0,15.0,85.0,4.0,,28.0,3.0,46.0,,0.0
143181,,,,,,,,14.0,,7.0,,,,,,1.0,,,,,,,,3.0,,
143215,,,,,,,,599.0,,290.0,,,,,,13.0,47.0,33.0,92.0,14.0,,68.0,,33.0,,
143233,,,,,,,,28.0,,8.0,,,,,,6.0,,2.0,1.0,,,0.0,,7.0,0.0,
143279,,,,,,,,350.0,,135.0,,,,,,9.0,37.0,26.0,55.0,1.0,,48.0,5.0,23.0,,
143288,,,,,,,,111.0,,46.0,,,,,,23.0,3.0,4.0,10.0,1.0,,1.0,4.0,10.0,3.0,1.0
143297,,,,,,,,54.0,,34.0,,,,,,4.0,,2.0,1.0,,,,,5.0,,
143303,,,,,,,,4.0,,4.0,,,,,,,,,,,,,,,,
143358,,,,,,,,1041.0,,427.0,,16.0,,,,52.0,20.0,40.0,71.0,,,113.0,,147.0,27.0,
143376,,,,,,,,25.0,,14.0,,,,,,3.0,1.0,,,,,,1.0,5.0,1.0,
143464,,,,,,,,14.0,,7.0,,,,,,1.0,,,,,,5.0,0.0,,,
143473,,,,,,,,2.0,,1.0,,,,,,0.0,,,,,,,,0.0,,
143482,,,,,,,,7.0,,3.0,,,,,,1.0,2.0,,,,,,,1.0,,
143491,,,,,,,,3.0,,2.0,,,,,,0.0,,,,,,0.0,,0.0,,
143543,,,,,,,,7.0,,4.0,,,,,,1.0,,,,,,,,1.0,,
143552,,,,,,,,8.0,,4.0,,,,,,1.0,1.0,,,,,,1.0,1.0,,
143613,,,,,,,,226.0,,81.0,,,,,,22.0,14.0,10.0,24.0,4.0,,26.0,,22.0,,
143659,,,,,,,,75.0,,28.0,,,,,,13.0,3.0,2.0,17.0,,,,,,6.0,
143695,,,,,,,,2.0,,1.0,,,,,,1.0,,,,,,,,,,
143853,,,,,,,,674.0,,210.0,24.0,,,,,118.0,28.0,26.0,9.0,14.0,,94.0,,121.0,,
143978,,,,,,,,237.0,,99.0,,,,,,60.0,2.0,,,,,,22.0,17.0,,
144005,,,,,,,,644.0,,215.0,,,,,,63.0,54.0,13.0,44.0,20.0,,71.0,,49.0,31.0,11.0
144014,,,,,,,,39.0,,10.0,,0.0,,,,7.0,2.0,2.0,,,,0.0,,9.0,,
144050,,,,,,,,10519.0,,2413.0,1352.0,,,,,1434.0,819.0,1126.0,650.0,506.0,,276.0,18.0,761.0,173.0,67.0
144157,,,,,,,,316.0,,96.0,,,,,,10.0,26.0,8.0,28.0,,,70.0,5.0,25.0,,
144166,,,,,,,,419.0,,169.0,,,,,,24.0,28.0,12.0,36.0,12.0,,56.0,,22.0,,
144175,,,,,,,,240.0,,68.0,,,,,,11.0,18.0,9.0,21.0,1.0,,44.0,,29.0,,
144184,,,,,,,,384.0,,130.0,,,,,,17.0,21.0,10.0,33.0,1.0,,50.0,0.0,29.0,,
144193,,,,,,,,310.0,,117.0,,,,,,14.0,25.0,8.0,21.0,1.0,,57.0,,28.0,,
144209,,,,,,,,414.0,,202.0,,,,,,10.0,26.0,9.0,31.0,1.0,,33.0,,34.0,,
144218,,,,,,,,407.0,,181.0,,,,,,15.0,26.0,11.0,29.0,2.0,,49.0,,41.0,,
144281,,,,,,,,1080.0,,490.0,,,,,,111.0,59.0,49.0,148.0,,,12.0,2.0,78.0,6.0,0.0
144351,,,,,,,,661.0,,405.0,2.0,,,,,36.0,12.0,8.0,27.0,,,26.0,,117.0,,
144485,,,,,,,,43.0,,17.0,,,,,,4.0,4.0,0.0,,,,1.0,6.0,3.0,,
144500,,,,,,,,251.0,,,,,,,,27.0,57.0,73.0,51.0,1.0,,15.0,1.0,10.0,,
144564,,,,,,,,228.0,,82.0,,,,,,12.0,28.0,10.0,44.0,,,22.0,7.0,18.0,,
144573,,,,,,,,12.0,,4.0,,,,,,1.0,1.0,,,,,,,1.0,,
144740,,,,,,,,2743.0,,1222.0,,,,,,260.0,219.0,184.0,204.0,,,100.0,,268.0,22.0,6.0
144777,,,,,,,,205.0,,,,,,,,28.0,82.0,14.0,2.0,,,,,6.0,,
144795,,,,,,,,22.0,,12.0,,,,,,2.0,1.0,,,,,2.0,2.0,2.0,,
144865,,,,,,,,1372.0,,636.0,,,,,,23.0,68.0,58.0,130.0,2.0,,102.0,40.0,180.0,,
144883,,,,,,,,51.0,,20.0,,,,,,5.0,4.0,3.0,,,,,,2.0,,3.0
144892,,,,,,,,1124.0,,423.0,,,,,,32.0,79.0,55.0,125.0,17.0,,159.0,4.0,142.0,46.0,4.0
144944,,,,,,,,650.0,,256.0,,,,,,117.0,13.0,35.0,49.0,1.0,,60.0,1.0,83.0,12.0,1.0
144962,,,,,,,,501.0,,234.0,,,,,,43.0,11.0,10.0,49.0,3.0,,47.0,,78.0,11.0,2.0
144971,,,,,,,,112.0,,42.0,,,,,,9.0,6.0,4.0,13.0,1.0,,4.0,1.0,8.0,3.0,
145099,,,,,,,,19.0,,7.0,,,,,,5.0,1.0,,,1.0,,,2.0,1.0,,
145239,,,,,,,,66.0,,42.0,,,,,,5.0,4.0,,,,,,5.0,5.0,,
145275,,,,,,,,68.0,,23.0,,,,,,16.0,2.0,1.0,5.0,,,3.0,,13.0,,
145309,,,,,,,,7.0,,3.0,,,,,,,2.0,,,,,,,1.0,,
145336,,,,,,,,747.0,,323.0,,,,,,51.0,79.0,17.0,49.0,,,67.0,4.0,83.0,6.0,13.0
145354,,,,,,,,15.0,,8.0,,,,,,1.0,,,,,,,,4.0,,
145372,,,,,,,,229.0,,105.0,,,,,,21.0,4.0,4.0,36.0,,,3.0,,42.0,4.0,
145406,,,,,,,,34.0,,17.0,,,,,,5.0,2.0,,,,,,,8.0,2.0,
145424,,,,,,,,4.0,,2.0,,,,,,2.0,,,,,,,,0.0,,
145433,,,,,,,,7.0,,4.0,,,,,,2.0,,,,,,,,1.0,,
145497,,,,,,,,58.0,,22.0,,,,,,10.0,4.0,1.0,,,,13.0,,7.0,,
145521,,,,,,,,180.0,,69.0,,4.0,,,,22.0,2.0,5.0,20.0,,,16.0,2.0,27.0,3.0,0.0
145558,,,,,,,,708.0,,226.0,3.0,,,,,92.0,12.0,96.0,16.0,116.0,,16.0,0.0,108.0,5.0,6.0
145600,,,,,,,,11734.0,,2436.0,334.0,,,,,1204.0,721.0,961.0,307.0,2904.0,,629.0,,1645.0,244.0,212.0
145619,,,,,,,,553.0,,246.0,,,,,,68.0,54.0,17.0,56.0,1.0,,20.0,,55.0,,
145628,,,,,,,,214.0,,65.0,1.0,,,,,17.0,10.0,10.0,7.0,10.0,,43.0,,43.0,,3.0
145637,,,,,,,,10954.0,,2405.0,248.0,,,,,1388.0,942.0,1368.0,503.0,229.0,,1067.0,,1266.0,514.0,216.0
145646,,,,,,,,475.0,,158.0,,,,,,37.0,14.0,13.0,58.0,2.0,,74.0,2.0,58.0,19.0,2.0
145682,,,,,,,,652.0,,279.0,,,,,,26.0,42.0,42.0,61.0,4.0,,84.0,31.0,51.0,,
145691,,,,,,,,231.0,,74.0,,,,,,19.0,8.0,8.0,34.0,4.0,,27.0,,18.0,2.0,
145707,,,,,,,,102.0,,54.0,,,,,,4.0,2.0,2.0,18.0,,,9.0,2.0,9.0,1.0,
145725,,,,,,,,1194.0,,412.0,,,,,,189.0,106.0,79.0,5.0,2.0,,64.0,,147.0,,
145813,,,,,,,,3208.0,,983.0,,,,,,346.0,74.0,215.0,129.0,44.0,,431.0,,313.0,110.0,35.0
145831,,,,,,,,239.0,,114.0,,,,,,14.0,16.0,11.0,28.0,,,16.0,3.0,23.0,,
145886,,,,,,,,27.0,,20.0,,,,,,3.0,1.0,,,,,,,0.0,,
146205,,,,,,,,346.0,,116.0,,,,,,18.0,10.0,12.0,65.0,,,41.0,,74.0,,
146241,,,,,,,,210.0,,84.0,,,,,,13.0,11.0,10.0,11.0,,,28.0,,24.0,,
146278,,,,,,,,207.0,,89.0,,,,,,16.0,16.0,15.0,26.0,,,16.0,1.0,25.0,,
146296,,,,,,,,841.0,,373.0,,,,,,17.0,41.0,62.0,133.0,,,111.0,19.0,84.0,,
146339,,,,,,,,201.0,,106.0,1.0,,,,,7.0,14.0,4.0,12.0,3.0,,6.0,3.0,19.0,,
146348,,,,,,,,288.0,,115.0,,,,,,33.0,13.0,12.0,33.0,,,25.0,,36.0,,
146366,,,,,,,,216.0,,96.0,,,,,,19.0,17.0,11.0,20.0,,,20.0,8.0,9.0,,1.0
146418,,,,,,,,263.0,,99.0,,,,,,16.0,9.0,12.0,52.0,,,30.0,6.0,28.0,,
146427,,,,,,,,394.0,,121.0,,,,,,35.0,27.0,17.0,43.0,2.0,,78.0,,26.0,15.0,
146454,,,,,,,,5.0,,4.0,,,,,,1.0,,,,,,,,,,
146472,,,,,,,,916.0,,412.0,,,,,,51.0,49.0,46.0,94.0,0.0,,105.0,25.0,78.0,,
146481,,,,,,,,336.0,,127.0,1.0,,,,,42.0,19.0,9.0,39.0,5.0,,21.0,,26.0,9.0,2.0
146490,,,,,,,,101.0,,54.0,,,,,,10.0,10.0,3.0,,,,,4.0,2.0,2.0,
146506,,,,,,,,347.0,,141.0,,,,,,27.0,20.0,15.0,38.0,1.0,,37.0,5.0,36.0,,
146533,,,,,,,,33.0,,20.0,,,,,,2.0,1.0,0.0,,,,,,3.0,,
146603,,,,,,,,422.0,,171.0,,,,,,70.0,27.0,27.0,64.0,3.0,,31.0,,25.0,,
146612,,,,,,,,747.0,,348.0,,,,,,85.0,35.0,33.0,82.0,5.0,,32.0,,63.0,32.0,
146667,,,,,,,,104.0,,38.0,,,,,,10.0,7.0,2.0,2.0,,,14.0,6.0,11.0,,
146676,,,,,,,,212.0,,58.0,,,,,,27.0,9.0,3.0,15.0,1.0,,46.0,,17.0,12.0,
146685,,,,,,,,439.0,,167.0,,,,,,57.0,16.0,23.0,19.0,,,35.0,,70.0,7.0,
146700,,,,,,,,64.0,,32.0,,,,,,16.0,,1.0,,,,2.0,,9.0,,
146719,,,,,,,,2775.0,,1226.0,66.0,,,,,375.0,104.0,210.0,132.0,69.0,,268.0,,225.0,46.0,
146728,,,,,,,,60.0,,15.0,,,,,,22.0,0.0,1.0,6.0,,,3.0,,9.0,3.0,
146755,,,,,,,,29.0,,17.0,,,,,,3.0,2.0,1.0,,,,,,3.0,,
146807,,,,,,,,11.0,,3.0,,,,,,1.0,3.0,,,,,,,3.0,,
146816,,,,,,,,31.0,,17.0,,,,,,4.0,,,,,,,,3.0,,
146825,,,,,,,,124.0,,45.0,,,,,,16.0,5.0,5.0,28.0,3.0,,2.0,,12.0,,
146977,,,,,,,,54.0,,28.0,,,,,,8.0,,1.0,0.0,,,2.0,,13.0,,
147004,,,,,,,,398.0,,143.0,,,,,,61.0,14.0,23.0,16.0,0.0,,17.0,2.0,64.0,5.0,1.0
147013,,,,,,,,318.0,,147.0,,,,,,21.0,13.0,8.0,52.0,5.0,,21.0,,20.0,,2.0
147031,,,,,,,,26.0,,7.0,,,,,,3.0,2.0,,1.0,,,,,5.0,,
147129,,,,,,,,103.0,,52.0,1.0,1.0,,,,23.0,3.0,1.0,0.0,,,7.0,,4.0,,1.0
147165,,,,,,,,40.0,,21.0,,,,,,8.0,,2.0,,,,1.0,,2.0,,
147244,,,,,,,,386.0,,187.0,,,,,,26.0,13.0,11.0,60.0,,,22.0,,49.0,,
147341,,,,,,,,282.0,,98.0,,,,,,21.0,14.0,5.0,48.0,4.0,,27.0,,30.0,10.0,
147369,,,,,,,,456.0,,120.0,,,,,,133.0,48.0,22.0,32.0,1.0,,30.0,1.0,48.0,16.0,0.0
147378,,,,,,,,826.0,,395.0,,,,,,35.0,17.0,38.0,36.0,1.0,,57.0,3.0,144.0,17.0,4.0
147396,,,,,,,,22.0,,11.0,,,,,,1.0,3.0,,,,,1.0,3.0,1.0,,
147411,,,,,,,,267.0,,106.0,,,,,,24.0,2.0,12.0,15.0,,,28.0,2.0,54.0,,
147439,,,,,,,,7.0,,3.0,,,,,,3.0,0.0,,,,,,,,0.0,
147536,,,,,,,,699.0,,281.0,,,,,,49.0,47.0,21.0,140.0,,,31.0,,38.0,,1.0
147590,,,,,,,,179.0,,81.0,2.0,0.0,,,,28.0,4.0,3.0,3.0,,,15.0,6.0,26.0,,
147642,,,,,,,,5.0,,3.0,,,,,,1.0,,,,,,,,1.0,,
147660,,,,,,,,524.0,,207.0,,,,,,98.0,17.0,16.0,75.0,5.0,,20.0,4.0,44.0,21.0,
147679,,,,,,,,484.0,,221.0,,,,,,30.0,11.0,16.0,44.0,1.0,,42.0,26.0,60.0,,
147697,,,,,,,,23.0,,9.0,,,,,,7.0,,,,,,,,2.0,,
147703,,,,,,,,2990.0,,919.0,20.0,10.0,,,,233.0,153.0,253.0,201.0,21.0,,393.0,,436.0,9.0,56.0
147767,,,,,,,,10186.0,,2403.0,1161.0,,,,,260.0,1644.0,1815.0,369.0,154.0,,175.0,19.0,1586.0,321.0,
147776,,,,,,,,1074.0,,390.0,,,,,,140.0,56.0,41.0,49.0,4.0,,79.0,1.0,106.0,4.0,21.0
147800,,,,,,,,635.0,,283.0,,,,,,17.0,32.0,40.0,47.0,2.0,,72.0,10.0,98.0,,
147819,,,,,,,,5.0,,3.0,,,,,,,1.0,,,,,,,,,
147828,,,,,,,,622.0,,236.0,,,,,,57.0,14.0,44.0,43.0,6.0,,47.0,37.0,98.0,17.0,1.0
147916,,,,,,,,519.0,,246.0,,,,,,22.0,22.0,30.0,53.0,,,51.0,16.0,56.0,,
148007,,,,,,,,366.0,,141.0,,,,,,30.0,22.0,11.0,30.0,,,18.0,2.0,73.0,8.0,
148016,,,,,,,,312.0,,72.0,,,,,,40.0,12.0,12.0,40.0,2.0,,53.0,0.0,26.0,26.0,7.0
148098,,,,,,,,7.0,,4.0,,,,,,2.0,1.0,,,,,,,,,
148131,,,,,,,,187.0,,73.0,,,,,,26.0,1.0,5.0,34.0,2.0,,12.0,9.0,22.0,,
148256,,,,,,,,230.0,,80.0,,,,,,23.0,12.0,12.0,25.0,,,37.0,4.0,17.0,,
148292,,,,,,,,200.0,,88.0,,,,,,33.0,9.0,7.0,22.0,,,6.0,6.0,22.0,,
148335,,,,,,,,244.0,,82.0,,,,,,46.0,15.0,5.0,30.0,,,8.0,,7.0,,
148380,,,,,,,,445.0,,213.0,,,,,,52.0,14.0,19.0,37.0,,,32.0,,64.0,,
148399,,,,,,,,49.0,,17.0,,,,,,13.0,1.0,1.0,,,,,2.0,11.0,2.0,
148405,,,,,,,,230.0,,111.0,,,,,,26.0,18.0,7.0,30.0,3.0,,8.0,,24.0,,
148487,,,,,,,,704.0,,324.0,,,,,,67.0,37.0,17.0,46.0,0.0,,26.0,,70.0,13.0,
148496,,,,,,,,500.0,,229.0,,,,,,59.0,25.0,14.0,33.0,1.0,,21.0,,74.0,9.0,
148511,,,,,,,,2042.0,,1151.0,,,,,,159.0,71.0,63.0,11.0,207.0,,212.0,13.0,144.0,,
148575,,,,,,,,65.0,,42.0,,,,,,4.0,10.0,,,2.0,,,,4.0,,
148584,,,,,,,,389.0,,179.0,,,,,,44.0,12.0,14.0,34.0,3.0,,27.0,,34.0,11.0,4.0
148593,,,,,,,,28.0,,18.0,,,,,,1.0,1.0,,,,,,,5.0,,
148627,,,,,,,,498.0,,212.0,,,,,,19.0,20.0,20.0,43.0,4.0,,62.0,,81.0,5.0,
148654,,,,,,,,774.0,,246.0,1.0,,,,,100.0,63.0,23.0,63.0,2.0,,79.0,,109.0,28.0,10.0
148672,,,,,,,,159.0,,66.0,,,,,,13.0,13.0,7.0,20.0,1.0,,18.0,1.0,8.0,,
148821,,,,,,,,131.0,,53.0,,,,,,11.0,4.0,6.0,24.0,,,3.0,2.0,18.0,,1.0
148876,,,,,,,,142.0,,67.0,,,,,,19.0,5.0,11.0,,,,,2.0,17.0,,
148885,,,,,,,,136.0,,31.0,,,,,,14.0,10.0,2.0,,0.0,,28.0,1.0,33.0,7.0,
148937,,,,,,,,113.0,,47.0,,,,,,5.0,9.0,4.0,10.0,,,5.0,11.0,15.0,,
148955,,,,,,,,9.0,,1.0,,,,,,2.0,3.0,,,,,2.0,,,,
148982,,,,,,,,44.0,,13.0,,1.0,,,,6.0,5.0,2.0,1.0,,,1.0,3.0,3.0,2.0,
148991,,,,,,,,130.0,,48.0,,,,,,17.0,4.0,9.0,20.0,,,5.0,1.0,19.0,,
149028,,,,,,,,46.0,,30.0,,,,,,5.0,1.0,,1.0,,,,,6.0,,
149204,,,,,,,,9.0,,5.0,,,,,,1.0,1.0,,,,,,,2.0,,
149222,,,,,,,,4317.0,,982.0,79.0,12.0,,,,141.0,344.0,243.0,337.0,485.0,,350.0,6.0,814.0,136.0,38.0
149231,,,,,,,,2207.0,,696.0,,,,,,83.0,110.0,131.0,110.0,18.0,,306.0,23.0,332.0,64.0,25.0
149240,,,,,,,,44.0,,,,,,,,15.0,13.0,1.0,1.0,,,1.0,,13.0,,
149310,,,,,,,,24.0,,10.0,,,,,,5.0,1.0,1.0,,,,,1.0,2.0,,
149329,,,,,,,,25.0,,7.0,,,,,,6.0,1.0,,,,,10.0,,1.0,,
149365,,,,,,,,389.0,,132.0,,,,,,33.0,30.0,21.0,20.0,,,43.0,5.0,80.0,2.0,3.0
149499,,,,,,,,3.0,,2.0,,,,,,1.0,,,,,,,,,,
149505,,,,,,,,212.0,,97.0,,,,,,38.0,5.0,10.0,21.0,2.0,,8.0,,20.0,4.0,
149514,,,,,,,,320.0,,119.0,,,,,,21.0,9.0,10.0,46.0,,,20.0,,26.0,6.0,
149532,,,,,,,,660.0,,282.0,,,,,,28.0,42.0,36.0,82.0,1.0,,71.0,,71.0,,1.0
149550,,,,,,,,21.0,,16.0,,,,,,2.0,,,,,,,,3.0,,
149587,,,,,,,,840.0,,0.0,0.0,,,,,244.0,279.0,146.0,13.0,,,2.0,,144.0,,
149639,,,,,,,,34.0,,17.0,,1.0,,,,3.0,4.0,2.0,1.0,,,0.0,,2.0,,
149727,,,,,,,,635.0,,199.0,,,,,,86.0,9.0,26.0,92.0,1.0,,52.0,12.0,106.0,,
149763,,,,,,,,105.0,,55.0,,,,,,26.0,4.0,3.0,,,,,,2.0,,
149772,,,,,,,,1545.0,,547.0,,,,,,48.0,102.0,107.0,106.0,25.0,,191.0,3.0,187.0,49.0,4.0
149781,,,,,,,,831.0,,261.0,,,,,,60.0,129.0,39.0,70.0,6.0,,68.0,3.0,122.0,28.0,2.0
149842,,,,,,,,969.0,,352.0,,,,,,25.0,50.0,85.0,145.0,35.0,,110.0,22.0,64.0,,
150048,,,,,,,,63.0,,27.0,,,,,,17.0,,1.0,11.0,,,1.0,,3.0,,
150066,,,,,,,,339.0,,137.0,,,,,,36.0,20.0,9.0,45.0,3.0,,12.0,,45.0,12.0,
150136,,,,,,,,3310.0,,1130.0,,,,,,229.0,175.0,170.0,136.0,9.0,,559.0,,509.0,147.0,48.0
150145,,,,,,,,260.0,,102.0,,,,,,25.0,8.0,9.0,29.0,1.0,,17.0,,37.0,6.0,
150163,,,,,,,,1221.0,,458.0,7.0,,,,,220.0,31.0,53.0,140.0,14.0,,104.0,2.0,118.0,27.0,1.0
150172,,,,,,,,110.0,,48.0,,,,,,10.0,4.0,6.0,15.0,,,3.0,,4.0,,
150215,,,,,,,,51.0,,13.0,,,,,,9.0,6.0,,2.0,,,,,15.0,,
150251,,,,,,,,13.0,,5.0,,,,,,4.0,,,,,,,,0.0,,
150288,,,,,,,,105.0,,24.0,,,,,,7.0,8.0,5.0,3.0,,,26.0,3.0,18.0,1.0,
150303,,,,,,,,23.0,,12.0,,,,,,1.0,1.0,,,,,,,3.0,,
150400,,,,,,,,675.0,,228.0,,,,,,50.0,82.0,38.0,93.0,4.0,,74.0,,61.0,17.0,2.0
150428,,,,,,,,5.0,,3.0,,,,,,1.0,,,,,,,,1.0,,
150437,,,,,,,,3.0,,1.0,,,,,,1.0,,,,,,,,1.0,,
150455,,,,,,,,343.0,,126.0,,2.0,,,,22.0,15.0,10.0,34.0,3.0,,13.0,4.0,46.0,10.0,3.0
150534,,,,,,,,504.0,,204.0,,,,,,51.0,10.0,10.0,71.0,3.0,,28.0,5.0,64.0,8.0,
150604,,,,,,,,269.0,,87.0,,,,,,26.0,10.0,12.0,42.0,5.0,,27.0,,33.0,10.0,
150668,,,,,,,,228.0,,78.0,,,,,,39.0,6.0,14.0,25.0,,,21.0,7.0,19.0,7.0,
150677,,,,,,,,218.0,,77.0,,4.0,,,,9.0,18.0,7.0,27.0,,,2.0,,11.0,0.0,3.0
150756,,,,,,,,248.0,,86.0,,,,,,19.0,10.0,5.0,39.0,6.0,,15.0,,24.0,10.0,1.0
150765,,,,,,,,7.0,,4.0,,,,,,1.0,,,,,,,,2.0,,
150774,,,,,,,,88.0,,34.0,,,,,,17.0,7.0,3.0,16.0,,,3.0,,4.0,,
150853,,,,,,,,38.0,,19.0,,,,,,2.0,1.0,1.0,,,,,,14.0,,
150941,,,,,,,,206.0,,109.0,,,,,,28.0,18.0,7.0,,,,5.0,11.0,27.0,,
150987,,,,,,,,4716.0,,2322.0,,,,,,337.0,311.0,182.0,487.0,,,232.0,,780.0,,
151102,,,,,,,,1035.0,,395.0,,8.0,,,,44.0,150.0,64.0,50.0,13.0,,126.0,,142.0,29.0,6.0
151111,,,,,,,,8301.0,,2936.0,587.0,,,,,712.0,415.0,790.0,406.0,656.0,,423.0,4.0,1103.0,188.0,22.0
151263,,,,,,,,891.0,,399.0,1.0,,,,,86.0,29.0,35.0,73.0,7.0,,75.0,1.0,96.0,11.0,0.0
151290,,,,,,,,507.0,,230.0,,,,,,33.0,20.0,8.0,48.0,,,5.0,,60.0,7.0,
151306,,,,,,,,1127.0,,436.0,,,,,,118.0,50.0,50.0,60.0,1.0,,102.0,2.0,165.0,42.0,7.0
151324,,,,,,,,1676.0,,535.0,,,,,,105.0,70.0,95.0,154.0,9.0,,213.0,3.0,267.0,54.0,8.0
151333,,,,,,,,334.0,,165.0,,,,,,46.0,,13.0,22.0,,,28.0,,44.0,9.0,3.0
151342,,,,,,,,592.0,,296.0,,,,,,74.0,6.0,25.0,36.0,1.0,,53.0,,76.0,14.0,
151351,,,,,,,,9056.0,,2205.0,470.0,,,,,1102.0,410.0,1092.0,866.0,69.0,,878.0,60.0,1317.0,319.0,112.0
151360,,,,,,,,435.0,,214.0,3.0,,,,,49.0,4.0,21.0,34.0,1.0,,37.0,,62.0,4.0,
151379,,,,,,,,509.0,,270.0,,,,,,55.0,8.0,25.0,37.0,,,33.0,,65.0,7.0,1.0
151388,,,,,,,,328.0,,161.0,,,,,,44.0,1.0,11.0,39.0,,,18.0,,41.0,8.0,
151458,,,,,,,,27.0,,8.0,,,,,,4.0,,,,,,4.0,8.0,2.0,,
151467,,,,,,,,42.0,,18.0,,,,,,4.0,1.0,,,,,,14.0,5.0,,
151564,,,,,,,,3.0,,2.0,,,,,,1.0,,,,,,,,,,
151607,,,,,,,,20.0,,8.0,,,,,,2.0,1.0,,,,,,,4.0,,
151652,,,,,,,,14.0,,9.0,,,,,,2.0,,,,,,,,1.0,,
151661,,,,,,,,89.0,,36.0,,,,,,36.0,,1.0,,,,1.0,,10.0,,
151777,,,,,,,,355.0,,129.0,,,,,,26.0,26.0,17.0,43.0,2.0,,37.0,14.0,33.0,9.0,1.0
151786,,,,,,,,523.0,,213.0,,,,,,38.0,12.0,17.0,92.0,2.0,,13.0,,47.0,,
151801,,,,,,,,1533.0,,639.0,,,,,,389.0,30.0,57.0,34.0,10.0,,68.0,1.0,249.0,25.0,4.0
151810,,,,,,,,38.0,,9.0,,,,,,14.0,,2.0,,,,4.0,,4.0,,
151865,,,,,,,,32.0,,9.0,,,,,,9.0,4.0,1.0,1.0,,,,1.0,6.0,1.0,
151962,,,,,,,,14.0,,14.0,,,,,,,,,,,,,,,,
152044,,,,,,,,6.0,,4.0,,,,,,1.0,,,,,,,,1.0,,
152080,,,,,,,,6119.0,,1273.0,281.0,,,,,585.0,842.0,617.0,334.0,34.0,,1231.0,5.0,622.0,9.0,19.0
152099,,,,,,,,283.0,,75.0,,0.0,,,,22.0,8.0,2.0,7.0,1.0,,6.0,2.0,30.0,6.0,
152150,,,,,,,,8.0,,2.0,,,,,,2.0,1.0,1.0,,,,,,1.0,,
152275,,,,,,,,11.0,,5.0,,,,,,1.0,1.0,,,,,,,4.0,0.0,
152309,,,,,,,,11.0,,5.0,,,,,,1.0,1.0,,,,,,,2.0,,
152318,,,,,,,,542.0,,189.0,,,,,,96.0,7.0,53.0,29.0,3.0,,62.0,2.0,58.0,17.0,6.0
152336,,,,,,,,403.0,,191.0,,,,,,36.0,17.0,15.0,39.0,,,17.0,,37.0,8.0,4.0
152381,,,,,,,,179.0,,92.0,,,,,,25.0,13.0,3.0,8.0,,,7.0,,9.0,4.0,
152390,,,,,,,,439.0,,172.0,,,,,,39.0,25.0,14.0,30.0,6.0,,63.0,,52.0,13.0,
152451,,,,,,,,122.0,,11.0,,,,,,26.0,,5.0,,4.0,,34.0,,38.0,,
152497,,,,,,,,25.0,,18.0,,,,,,1.0,2.0,,,,,,,2.0,,
152530,,,,,,,,462.0,,157.0,,,,,,34.0,16.0,28.0,51.0,6.0,,50.0,1.0,90.0,14.0,4.0
152567,,,,,,,,443.0,,177.0,,,,,,38.0,6.0,12.0,,,,131.0,16.0,,59.0,
152600,,,,,,,,967.0,,349.0,,,,,,173.0,21.0,30.0,66.0,7.0,,165.0,1.0,108.0,21.0,3.0
152628,,,,,,,,4.0,,2.0,,,,,,1.0,,,,,,,,1.0,,
152637,,,,,,,,981.0,,392.0,,,,,,100.0,8.0,26.0,24.0,7.0,,63.0,,300.0,27.0,3.0
152673,,,,,,,,274.0,,92.0,,,,,,23.0,30.0,17.0,51.0,4.0,,1.0,10.0,41.0,,
152798,,,,,,,,84.0,,55.0,,,,,,3.0,3.0,1.0,,,,4.0,,7.0,,
152992,,,,,,,,211.0,,80.0,,,,,,39.0,1.0,5.0,59.0,,,8.0,1.0,14.0,,
153001,,,,,,,,418.0,,192.0,1.0,,,,,6.0,20.0,9.0,61.0,1.0,,42.0,16.0,21.0,3.0,
153074,,,,,,,,36.0,,18.0,,,,,,2.0,2.0,,,,,2.0,,4.0,,
153083,,,,,,,,21.0,,13.0,,,,,,1.0,,,,,,,,5.0,1.0,
153108,,,,,,,,401.0,,109.0,,,,,,35.0,24.0,10.0,60.0,3.0,,111.0,1.0,27.0,4.0,3.0
153126,,,,,,,,258.0,,104.0,,,,,,20.0,7.0,8.0,40.0,4.0,,38.0,,26.0,6.0,
153144,,,,,,,,343.0,,141.0,,,,,,46.0,10.0,9.0,56.0,5.0,,30.0,,29.0,7.0,1.0
153162,,,,,,,,268.0,,83.0,1.0,,,,,28.0,19.0,9.0,48.0,6.0,,16.0,,29.0,,
153171,,,,,,,,2.0,,1.0,,,,,,1.0,,,,,,,,,,
153214,,,,,,,,1109.0,,627.0,,,,,,48.0,31.0,38.0,80.0,1.0,,52.0,14.0,114.0,30.0,5.0
153241,,,,,,,,48.0,,21.0,,,,,,2.0,2.0,1.0,,,,10.0,,12.0,,
153250,,,,,,,,247.0,,101.0,,,,,,30.0,6.0,9.0,37.0,1.0,,14.0,1.0,31.0,5.0,2.0
153269,,,,,,,,1057.0,,363.0,1.0,,,,,57.0,43.0,72.0,84.0,1.0,,86.0,0.0,224.0,26.0,3.0
153278,,,,,,,,415.0,,129.0,3.0,,,,,52.0,13.0,7.0,47.0,,,53.0,17.0,43.0,13.0,
153296,,,,,,,,74.0,,33.0,,,,,,4.0,1.0,,2.0,,,13.0,,3.0,4.0,
153302,,,,,,,,68.0,,27.0,,,,,,12.0,1.0,3.0,8.0,0.0,,7.0,,5.0,2.0,
153311,,,,,,,,522.0,,244.0,,,,,,32.0,5.0,21.0,20.0,,,20.0,3.0,66.0,,0.0
153320,,,,,,,,83.0,,24.0,,,,,,17.0,2.0,1.0,3.0,1.0,,13.0,2.0,17.0,,
153339,,,,,,,,5.0,,3.0,,,,,,0.0,1.0,,,,,,,,,
153366,,,,,,,,282.0,,87.0,,,,,,25.0,7.0,11.0,44.0,4.0,,26.0,0.0,39.0,10.0,
153375,,,,,,,,290.0,,134.0,,,,,,22.0,21.0,7.0,37.0,,,,,25.0,7.0,
153384,,,,,,,,741.0,,214.0,5.0,,,,,68.0,29.0,47.0,51.0,10.0,,125.0,2.0,92.0,26.0,7.0
153418,,,,,,,,17.0,,11.0,,,,,,2.0,,,,,,,,1.0,,
153427,,,,,,,,25.0,,13.0,,,,,,3.0,1.0,,,,,,2.0,5.0,1.0,
153445,,,,,,,,468.0,,214.0,,,,,,49.0,29.0,12.0,15.0,,,8.0,,47.0,1.0,2.0
153463,,,,,,,,5.0,,3.0,,,,,,,1.0,,,,,,,1.0,,
153472,,,,,,,,488.0,,242.0,,,,,,26.0,14.0,16.0,43.0,2.0,,48.0,8.0,55.0,5.0,4.0
153524,,,,,,,,474.0,,193.0,,,,,,45.0,15.0,10.0,48.0,,,51.0,,77.0,9.0,10.0
153533,,,,,,,,264.0,,90.0,,14.0,,,,29.0,10.0,9.0,14.0,,,34.0,2.0,40.0,,
153542,,,,,,,,3.0,,2.0,,,,,,1.0,,,,,,,,,,
153588,,,,,,,,6.0,,3.0,,,,,,3.0,,,,,,,,,,
153597,,,,,,,,11.0,,7.0,,,,,,2.0,,,,,,,1.0,1.0,,
153603,,,,,,,,6328.0,,1662.0,527.0,187.0,,,,155.0,178.0,565.0,175.0,175.0,,524.0,39.0,453.0,335.0,90.0
153621,,,,,,,,134.0,,58.0,,,,,,6.0,12.0,4.0,17.0,,,3.0,7.0,14.0,,
153630,,,,,,,,541.0,,229.0,,,,,,44.0,25.0,27.0,60.0,3.0,,59.0,6.0,77.0,,1.0
153658,,,,,,,,9991.0,,2579.0,311.0,,,,,250.0,1288.0,1606.0,424.0,881.0,,961.0,2.0,600.0,222.0,152.0
153737,,,,,,,,1096.0,,455.0,,,,,,92.0,58.0,28.0,53.0,3.0,,118.0,10.0,139.0,21.0,3.0
153746,,,,,,,,6.0,,3.0,,,,,,1.0,,,,,,,,1.0,1.0,
153764,,,,,,,,9.0,,4.0,,,,,,2.0,,,0.0,,,1.0,1.0,,0.0,
153773,,,,,,,,9.0,,6.0,,,,,,1.0,,,,,,,1.0,1.0,,
153782,,,,,,,,4.0,,2.0,,,,,,1.0,,,,,,,1.0,,,
153825,,,,,,,,326.0,,109.0,,,,,,34.0,16.0,14.0,47.0,4.0,,40.0,1.0,30.0,12.0,1.0
153834,,,,,,,,446.0,,177.0,,,,,,39.0,17.0,22.0,36.0,3.0,,53.0,,58.0,14.0,0.0
153861,,,,,,,,362.0,,100.0,1.0,4.0,,,,29.0,36.0,27.0,14.0,,,38.0,17.0,10.0,2.0,2.0
153922,,,,,,,,155.0,,54.0,,,,,,19.0,3.0,9.0,10.0,,,9.0,1.0,21.0,5.0,
153977,,,,,,,,123.0,,68.0,,,,,,19.0,,4.0,,,,4.0,,12.0,,
154004,,,,,,,,309.0,,132.0,,,,,,34.0,6.0,8.0,50.0,2.0,,24.0,,35.0,6.0,
154013,,,,,,,,254.0,,106.0,,,,,,29.0,11.0,7.0,39.0,,,25.0,,14.0,6.0,
154022,,,,,,,,1224.0,,942.0,,,,,,43.0,22.0,1.0,7.0,,,,,3.0,,
154059,,,,,,,,293.0,,84.0,,,,,,22.0,17.0,16.0,38.0,1.0,,26.0,1.0,45.0,,5.0
154095,,,,,,,,1700.0,,558.0,,,,,,100.0,144.0,156.0,113.0,18.0,,169.0,13.0,206.0,65.0,29.0
154101,,,,,,,,258.0,,108.0,,,,,,48.0,5.0,6.0,30.0,3.0,,19.0,,17.0,4.0,1.0
154110,,,,,,,,458.0,,230.0,,,,,,54.0,23.0,12.0,7.0,,,41.0,,45.0,,
154129,,,,,,,,166.0,,76.0,,,,,,18.0,2.0,6.0,2.0,,,18.0,3.0,17.0,3.0,1.0
154156,,,,,,,,314.0,,90.0,12.0,,,,,61.0,23.0,19.0,9.0,28.0,,3.0,,70.0,,
154165,,,,,,,,5.0,,3.0,,,,,,1.0,,,,,,,1.0,,,
154174,,,,,,,,454.0,,142.0,11.0,11.0,,,,85.0,30.0,16.0,8.0,1.0,,4.0,4.0,107.0,6.0,
154208,,,,,,,,27.0,,16.0,,,,,,2.0,3.0,,,,,,2.0,4.0,,
154235,,,,,,,,500.0,,242.0,,,,,,29.0,18.0,22.0,46.0,3.0,,16.0,,86.0,10.0,
154262,,,,,,,,40.0,,31.0,,,,,,2.0,,,,,,,,2.0,,
154332,,,,,,,,5.0,,2.0,,,,,,2.0,,,,,,,1.0,,1.0,
154341,,,,,,,,8.0,,4.0,,,,,,1.0,,,,,,1.0,1.0,,0.0,
154350,,,,,,,,300.0,,126.0,,,,,,23.0,6.0,9.0,61.0,2.0,,8.0,10.0,50.0,,1.0
154378,,,,,,,,266.0,,114.0,,,,,,26.0,5.0,9.0,40.0,,,16.0,3.0,27.0,,1.0
154396,,,,,,,,174.0,,59.0,,,,,,4.0,8.0,5.0,24.0,,,12.0,,20.0,6.0,1.0
154448,,,,,,,,21.0,,12.0,,,,,,1.0,2.0,,,,,0.0,,3.0,,
154457,,,,,,,,6.0,,3.0,,,,,,1.0,,,,,,,1.0,1.0,,
154466,,,,,,,,9.0,,4.0,,,,,,2.0,1.0,,,,,,,2.0,,
154493,,,,,,,,515.0,,220.0,,,,,,72.0,,,,,,25.0,,196.0,,
154518,,,,,,,,263.0,,92.0,,,,,,20.0,4.0,2.0,34.0,1.0,,21.0,3.0,30.0,5.0,1.0
154527,,,,,,,,363.0,,115.0,,,,,,31.0,15.0,13.0,64.0,4.0,,46.0,,38.0,33.0,
154536,,,,,,,,42.0,,14.0,,,,,,4.0,4.0,1.0,1.0,,,3.0,3.0,6.0,2.0,
154545,,,,,,,,6.0,,3.0,,,,,,1.0,,,,,,,,1.0,,
154572,,,,,,,,423.0,,189.0,,,,,,60.0,13.0,12.0,3.0,,,15.0,,32.0,0.0,
154590,,,,,,,,166.0,,68.0,,,,,,8.0,9.0,7.0,34.0,,,4.0,4.0,4.0,,3.0
154642,,,,,,,,151.0,,67.0,,,,,,19.0,3.0,1.0,19.0,1.0,,7.0,2.0,12.0,3.0,1.0
154688,,,,,,,,373.0,,183.0,,,,,,29.0,2.0,10.0,36.0,,,13.0,,56.0,6.0,
154697,,,,,,,,362.0,,122.0,,,,,,51.0,8.0,14.0,42.0,2.0,,30.0,1.0,65.0,7.0,1.0
154712,,,,,,,,335.0,,142.0,,,,,,27.0,17.0,6.0,50.0,1.0,,27.0,1.0,51.0,6.0,
154721,,,,,,,,138.0,,53.0,,,,,,13.0,2.0,2.0,38.0,4.0,,1.0,3.0,22.0,,
154749,,,,,,,,150.0,,53.0,,,,,,21.0,2.0,4.0,24.0,,,6.0,,14.0,,9.0
154800,,,,,,,,572.0,,266.0,,,,,,40.0,16.0,22.0,40.0,4.0,,53.0,8.0,68.0,11.0,1.0
154855,,,,,,,,91.0,,38.0,,,,,,9.0,2.0,1.0,14.0,1.0,,,,9.0,0.0,1.0
154907,,,,,,,,222.0,,102.0,,,,,,33.0,7.0,4.0,19.0,,,5.0,5.0,19.0,14.0,2.0
154925,,,,,,,,156.0,,54.0,,,,,,8.0,2.0,3.0,36.0,0.0,,15.0,,31.0,5.0,
154934,,,,,,,,126.0,,49.0,,,,,,24.0,2.0,2.0,14.0,2.0,,13.0,,12.0,,
154952,,,,,,,,246.0,,104.0,,,,,,14.0,16.0,4.0,29.0,3.0,,21.0,,14.0,3.0,1.0
154998,,,,,,,,229.0,,74.0,,,,,,27.0,,4.0,29.0,,,28.0,,28.0,7.0,2.0
155007,,,,,,,,68.0,,26.0,,,,,,5.0,7.0,1.0,2.0,,,4.0,,2.0,,
155025,,,,,,,,708.0,,255.0,,,,,,95.0,15.0,46.0,49.0,8.0,,75.0,,112.0,28.0,2.0
155052,,,,,,,,75.0,,44.0,,,,,,9.0,2.0,3.0,,,,3.0,,9.0,,
155061,,,,,,,,1029.0,,461.0,,,,,,158.0,34.0,32.0,53.0,7.0,,109.0,,93.0,48.0,9.0
155070,,,,,,,,45.0,,18.0,,,,,,1.0,1.0,1.0,3.0,,,4.0,,3.0,1.0,
155089,,,,,,,,283.0,,117.0,,,,,,22.0,13.0,11.0,44.0,4.0,,10.0,1.0,43.0,4.0,
155098,,,,,,,,164.0,,63.0,,,,,,27.0,15.0,3.0,18.0,,,9.0,1.0,17.0,3.0,1.0
155104,,,,,,,,250.0,,80.0,,,,,,23.0,4.0,3.0,36.0,4.0,,41.0,,26.0,,
155140,,,,,,,,142.0,,35.0,4.0,,,,,15.0,5.0,4.0,2.0,1.0,,46.0,,15.0,10.0,
155159,,,,,,,,7.0,,4.0,,,,,,,,,,,,0.0,1.0,1.0,,
155177,,,,,,,,120.0,,41.0,,,,,,17.0,2.0,5.0,11.0,,,13.0,7.0,12.0,8.0,
155186,,,,,,,,234.0,,108.0,,,,,,34.0,2.0,3.0,31.0,2.0,,10.0,,24.0,12.0,0.0
155195,,,,,,,,491.0,,201.0,3.0,4.0,,,,47.0,1.0,22.0,50.0,,,40.0,4.0,52.0,14.0,2.0
155201,,,,,,,,124.0,,41.0,1.0,,,,,11.0,6.0,3.0,22.0,2.0,,7.0,1.0,10.0,3.0,
155210,,,,,,,,1376.0,,497.0,,29.0,,,,121.0,25.0,74.0,50.0,24.0,,154.0,,255.0,24.0,5.0
155283,,,,,,,,52.0,,15.0,,,,,,14.0,1.0,,,,,,8.0,10.0,,
155292,,,,,,,,558.0,,226.0,,,,,,54.0,4.0,17.0,40.0,4.0,,47.0,,89.0,17.0,1.0
155308,,,,,,,,29.0,,7.0,,,,,,6.0,,,1.0,,,3.0,,2.0,,
155317,,,,,,,,8266.0,,2476.0,851.0,76.0,,,,411.0,338.0,606.0,322.0,617.0,,427.0,1.0,1309.0,239.0,4.0
155335,,,,,,,,281.0,,144.0,,,,,,24.0,9.0,6.0,33.0,,,16.0,1.0,39.0,,0.0
155353,,,,,,,,7.0,,3.0,,,,,,1.0,1.0,,,,,,1.0,1.0,,
155399,,,,,,,,4741.0,,1090.0,246.0,113.0,,,,360.0,552.0,708.0,148.0,206.0,,375.0,,368.0,295.0,32.0
155414,,,,,,,,162.0,,59.0,,,,,,24.0,2.0,3.0,26.0,4.0,,14.0,1.0,18.0,2.0,2.0
155423,,,,,,,,116.0,,68.0,,,,,,11.0,2.0,1.0,,,,13.0,,15.0,,
155450,,,,,,,,157.0,,71.0,,,,,,14.0,8.0,5.0,14.0,2.0,,9.0,0.0,20.0,1.0,
155487,,,,,,,,79.0,,33.0,,,,,,5.0,6.0,5.0,,,,,,7.0,2.0,
155496,,,,,,,,42.0,,13.0,,,,,,5.0,2.0,1.0,1.0,,,2.0,5.0,2.0,2.0,
155511,,,,,,,,150.0,,52.0,,,,,,12.0,14.0,3.0,33.0,3.0,,9.0,,9.0,8.0,
155520,,,,,,,,332.0,,151.0,,,,,,43.0,5.0,8.0,32.0,2.0,,14.0,4.0,31.0,7.0,
155566,,,,,,,,215.0,,92.0,,,,,,26.0,2.0,5.0,10.0,8.0,,10.0,4.0,28.0,3.0,1.0
155593,,,,,,,,99.0,,60.0,,1.0,,,,5.0,3.0,1.0,,,,5.0,4.0,8.0,6.0,
155618,,,,,,,,93.0,,49.0,,,,,,9.0,1.0,1.0,13.0,1.0,,5.0,1.0,5.0,,
155627,,,,,,,,169.0,,40.0,,,,,,21.0,16.0,4.0,28.0,3.0,,20.0,4.0,10.0,5.0,
155636,,,,,,,,110.0,,73.0,,,,,,6.0,3.0,4.0,,,,,9.0,1.0,,
155681,,,,,,,,834.0,,335.0,,,,,,126.0,50.0,36.0,35.0,11.0,,73.0,,90.0,52.0,8.0
155715,,,,,,,,124.0,,35.0,,,,,,12.0,7.0,5.0,23.0,2.0,,15.0,,20.0,1.0,
155812,,,,,,,,216.0,,93.0,1.0,5.0,,,,19.0,6.0,8.0,31.0,3.0,,10.0,6.0,19.0,4.0,
155830,,,,,,,,60.0,,35.0,,,,,,5.0,,,1.0,,,3.0,,1.0,,
155858,,,,,,,,215.0,,75.0,,,,,,25.0,,6.0,17.0,,,28.0,,36.0,4.0,1.0
155900,,,,,,,,222.0,,93.0,,,,,,25.0,7.0,9.0,52.0,2.0,,8.0,4.0,19.0,,
155937,,,,,,,,147.0,,58.0,,,,,,18.0,3.0,1.0,41.0,0.0,,10.0,,8.0,,
155973,,,,,,,,143.0,,54.0,,,,,,26.0,2.0,2.0,20.0,,,9.0,4.0,18.0,1.0,
156082,,,,,,,,818.0,,347.0,,,,,,98.0,25.0,51.0,44.0,5.0,,58.0,5.0,112.0,15.0,1.0
156107,,,,,,,,317.0,,170.0,,,,,,9.0,34.0,16.0,3.0,,,15.0,,9.0,6.0,
156125,,,,,,,,2153.0,,548.0,,,,,,184.0,150.0,361.0,313.0,19.0,,152.0,2.0,246.0,61.0,9.0
156134,,,,,,,,103.0,,46.0,,,,,,15.0,3.0,1.0,4.0,,,,13.0,6.0,2.0,
156189,,,,,,,,110.0,,31.0,,,,,,21.0,,3.0,,,,9.0,,37.0,6.0,
156213,,,,,,,,349.0,,124.0,,,,,,41.0,10.0,17.0,44.0,3.0,,32.0,1.0,53.0,11.0,
156222,,,,,,,,214.0,,48.0,,,,,,47.0,1.0,5.0,5.0,,,28.0,,74.0,,
156231,,,,,,,,195.0,,97.0,,,,,,13.0,3.0,6.0,13.0,,,20.0,,33.0,,
156277,,,,,,,,8.0,,4.0,,,,,,,,,,,,1.0,,2.0,,
156286,,,,,,,,593.0,,264.0,,,,,,50.0,22.0,29.0,62.0,4.0,,26.0,,72.0,24.0,4.0
156295,,,,,,,,824.0,,152.0,,,,,,159.0,167.0,21.0,130.0,4.0,,53.0,0.0,63.0,34.0,5.0
156310,,,,,,,,38.0,,31.0,,,,,,3.0,,,,,,,,,,
156338,,,,,,,,262.0,,134.0,,,,,,24.0,1.0,5.0,13.0,,,25.0,,42.0,,
156356,,,,,,,,165.0,,61.0,,,,,,8.0,10.0,4.0,21.0,,,18.0,11.0,14.0,,
156365,,,,,,,,677.0,,279.0,,,,,,8.0,36.0,9.0,86.0,11.0,,21.0,,81.0,34.0,21.0
156392,,,,,,,,607.0,,310.0,,,,,,46.0,17.0,22.0,37.0,1.0,,41.0,,81.0,,1.0
156408,,,,,,,,434.0,,133.0,,,,,,43.0,13.0,14.0,75.0,4.0,,69.0,,40.0,15.0,4.0
156417,,,,,,,,26.0,,7.0,,,,,,4.0,2.0,3.0,1.0,,,,,3.0,2.0,
156426,,,,,,,,21.0,,10.0,,,,,,1.0,2.0,,,,,1.0,3.0,2.0,0.0,
156471,,,,,,,,132.0,,76.0,,,,,,9.0,,2.0,,,,9.0,,4.0,,
156541,,,,,,,,639.0,,367.0,,,,,,28.0,16.0,13.0,58.0,,,12.0,,84.0,,
156620,,,,,,,,2092.0,,772.0,,,,,,225.0,176.0,142.0,110.0,26.0,,91.0,,268.0,65.0,30.0
156648,,,,,,,,314.0,,162.0,,,,,,21.0,4.0,9.0,19.0,3.0,,19.0,,49.0,,
156727,,,,,,,,224.0,,112.0,,,,,,28.0,8.0,9.0,1.0,,,11.0,,11.0,9.0,
156745,,,,,,,,291.0,,104.0,,,,,,26.0,14.0,9.0,49.0,4.0,,36.0,,18.0,9.0,3.0
156754,,,,,,,,11.0,,3.0,,,,,,2.0,1.0,1.0,,,,,,1.0,1.0,
156790,,,,,,,,236.0,,104.0,,,,,,20.0,3.0,6.0,22.0,,,24.0,,30.0,,1.0
156842,,,,,,,,17.0,,10.0,,,,,,1.0,,,,,,,3.0,3.0,,
156851,,,,,,,,109.0,,54.0,,,,,,11.0,2.0,3.0,9.0,,,10.0,,15.0,,
156860,,,,,,,,169.0,,76.0,,,,,,18.0,5.0,3.0,13.0,,,14.0,,22.0,,
156921,,,,,,,,557.0,,274.0,,,,,,29.0,19.0,20.0,46.0,,,46.0,,70.0,,
156967,,,,,,,,13.0,,5.0,,,,,,3.0,1.0,,,,,2.0,,1.0,,
157021,,,,,,,,49.0,,13.0,,,,,,5.0,,,,,,,15.0,14.0,2.0,
157030,,,,,,,,15.0,,4.0,,,,,,4.0,1.0,1.0,,,,3.0,,2.0,,
157058,,,,,,,,489.0,,103.0,28.0,,,,,57.0,20.0,42.0,85.0,1.0,,27.0,,58.0,52.0,3.0
157076,,,,,,,,145.0,,56.0,,,,,,16.0,8.0,5.0,34.0,0.0,,2.0,1.0,16.0,,
157085,,,,,,,,10896.0,,1859.0,358.0,699.0,,,,666.0,519.0,1665.0,538.0,1003.0,,719.0,1.0,1958.0,532.0,63.0
157100,,,,,,,,119.0,,49.0,,,,,,4.0,8.0,2.0,17.0,1.0,,2.0,8.0,4.0,12.0,
157207,,,,,,,,26.0,,11.0,,,,,,6.0,2.0,1.0,0.0,,,,,3.0,,
157216,,,,,,,,413.0,,140.0,,,,,,33.0,3.0,7.0,76.0,5.0,,70.0,3.0,32.0,22.0,3.0
157289,,,,,,,,6354.0,,2031.0,,,,,,733.0,180.0,495.0,349.0,1019.0,,424.0,6.0,902.0,122.0,16.0
157298,,,,,,,,65.0,,15.0,,,,,,16.0,2.0,2.0,2.0,,,7.0,,15.0,,
157304,,,,,,,,212.0,,107.0,,,,,,18.0,3.0,3.0,15.0,,,5.0,,35.0,,
157331,,,,,,,,216.0,,105.0,,,,,,20.0,9.0,4.0,22.0,,,17.0,,24.0,,
157377,,,,,,,,150.0,,59.0,,,,,,16.0,6.0,6.0,26.0,1.0,,8.0,,13.0,4.0,0.0
157386,,,,,,,,975.0,,353.0,,,,,,60.0,74.0,52.0,129.0,10.0,,75.0,3.0,89.0,39.0,19.0
157401,,,,,,,,1343.0,,489.0,2.0,,,,,50.0,98.0,70.0,111.0,27.0,,154.0,16.0,175.0,62.0,19.0
157438,,,,,,,,265.0,,136.0,,,,,,29.0,6.0,5.0,30.0,,,14.0,,29.0,,
157447,,,,,,,,1552.0,,708.0,,,,,,75.0,95.0,116.0,137.0,6.0,,125.0,,170.0,53.0,23.0
157483,,,,,,,,355.0,,176.0,,,,,,25.0,7.0,4.0,23.0,,,34.0,1.0,58.0,,
157535,,,,,,,,325.0,,108.0,,,,,,43.0,10.0,15.0,55.0,5.0,,12.0,1.0,32.0,12.0,
157553,,,,,,,,252.0,,124.0,,,,,,15.0,6.0,6.0,14.0,,,27.0,,35.0,,
157614,,,,,,,,6.0,,3.0,,,,,,1.0,,,,,,,,1.0,,
157650,,,,,,,,8.0,,5.0,,,,,,1.0,,,,,,,,1.0,,
157669,,,,,,,,5.0,,5.0,,,,,,,,,,,,,,,,
157678,,,,,,,,6.0,,3.0,,,,,,1.0,,,,,,,,1.0,,
157711,,,,,,,,364.0,,171.0,,,,,,22.0,9.0,7.0,25.0,,,34.0,,65.0,,
157739,,,,,,,,234.0,,95.0,,,,,,25.0,8.0,5.0,17.0,,,18.0,,38.0,,
157748,,,,,,,,427.0,,82.0,5.0,,,,,18.0,47.0,14.0,1.0,6.0,,104.0,1.0,51.0,,
157757,,,,,,,,307.0,,140.0,,,,,,35.0,18.0,8.0,24.0,3.0,,14.0,11.0,37.0,,
157793,,,,,,,,818.0,,297.0,1.0,,,,,125.0,,11.0,,,,74.0,13.0,281.0,,4.0
157809,,,,,,,,220.0,,108.0,,,,,,24.0,7.0,1.0,36.0,,,10.0,1.0,13.0,,
157818,,,,,,,,284.0,,91.0,,,,,,25.0,7.0,9.0,44.0,1.0,,30.0,,44.0,10.0,
157827,,,,,,,,4.0,,2.0,,,,,,,1.0,,,,,,,1.0,,
157854,,,,,,,,264.0,,,,,,,,65.0,72.0,37.0,45.0,,,2.0,,26.0,,
157863,,,,,,,,160.0,,66.0,,,,,,18.0,10.0,6.0,31.0,0.0,,,1.0,21.0,,
157951,,,,,,,,2180.0,,845.0,,,,,,86.0,48.0,142.0,282.0,25.0,,96.0,8.0,396.0,86.0,32.0
158088,,,,,,,,156.0,,99.0,,,,,,21.0,29.0,1.0,,,,,,3.0,,
158246,,,,,,,,22.0,,12.0,,,,,,2.0,1.0,,1.0,,,,2.0,3.0,,
158325,,,,,,,,11.0,,10.0,,,,,,,0.0,,,,,,,,,
158343,,,,,,,,8.0,,3.0,,,,,,3.0,,,,,,1.0,1.0,,,
158431,,,,,,,,402.0,,163.0,,1.0,,,,46.0,72.0,10.0,3.0,,,26.0,,48.0,1.0,
158477,,,,,,,,166.0,,62.0,,,,,,28.0,2.0,4.0,38.0,,,5.0,,17.0,,
158538,,,,,,,,5.0,,1.0,,,,,,2.0,,,,,,,,2.0,,
158617,,,,,,,,33.0,,17.0,,,,,,6.0,,,,,,,,10.0,,
158644,,,,,,,,12.0,,8.0,,,,,,2.0,,,,,,,1.0,1.0,,
158662,,,,,,,,899.0,,474.0,,,,,,68.0,153.0,8.0,5.0,,,52.0,,82.0,22.0,
158778,,,,,,,,8.0,,4.0,,,,,,1.0,2.0,,,,,,,1.0,,
158787,,,,,,,,10.0,,5.0,,,,,,2.0,,,,,,,,1.0,,
158802,,,,,,,,286.0,,83.0,,,,,,37.0,16.0,3.0,32.0,1.0,,54.0,1.0,27.0,3.0,3.0
158884,,,,,,,,128.0,,61.0,,,,,,9.0,23.0,2.0,1.0,,,10.0,,12.0,1.0,
159009,,,,,,,,559.0,,196.0,,,,,,54.0,39.0,13.0,58.0,2.0,,41.0,,91.0,31.0,2.0
159027,,,,,,,,16.0,,6.0,,,,,,1.0,2.0,0.0,,,,1.0,1.0,4.0,,
159197,,,,,,,,82.0,,44.0,,,,,,9.0,2.0,2.0,,,,,7.0,13.0,1.0,
159328,,,,,,,,9.0,,6.0,,,,,,1.0,2.0,,,,,,,,,
159373,,,,,,,,2063.0,,786.0,43.0,,,,,247.0,267.0,178.0,10.0,96.0,,221.0,,123.0,67.0,
159382,,,,,,,,254.0,,112.0,,,,,,24.0,12.0,5.0,23.0,2.0,,20.0,,37.0,8.0,
159391,,,,,,,,5938.0,,1388.0,195.0,283.0,,,,259.0,598.0,790.0,251.0,175.0,,620.0,4.0,825.0,305.0,6.0
159407,,,,,,,,197.0,,96.0,,,,,,18.0,10.0,3.0,11.0,,,16.0,,29.0,9.0,
159416,,,,,,,,343.0,,140.0,,,,,,36.0,28.0,15.0,21.0,1.0,,32.0,,50.0,8.0,
159513,,,,,,,,17.0,,8.0,,,,,,4.0,1.0,,,,,1.0,3.0,,,
159522,,,,,,,,15.0,,7.0,,,,,,3.0,1.0,,,,,0.0,2.0,2.0,,
159531,,,,,,,,8.0,,4.0,,,,,,1.0,1.0,,,,,,,1.0,,
159568,,,,,,,,182.0,,93.0,,,,,,14.0,4.0,3.0,19.0,1.0,,4.0,,39.0,,
159601,,,,,,,,4.0,,2.0,,,,,,1.0,,,,,,,,1.0,,
159647,,,,,,,,1120.0,,422.0,5.0,3.0,,,,56.0,24.0,43.0,92.0,5.0,,93.0,,131.0,54.0,13.0
159656,,,,,,,,707.0,,292.0,,10.0,,,,87.0,25.0,32.0,76.0,0.0,,32.0,,95.0,19.0,5.0
159717,,,,,,,,683.0,,312.0,,,,,,48.0,26.0,26.0,64.0,6.0,,36.0,,117.0,17.0,
159939,,,,,,,,1108.0,,332.0,9.0,,,,,162.0,369.0,63.0,27.0,3.0,,20.0,,48.0,1.0,
159948,,,,,,,,273.0,,109.0,,,,,,14.0,3.0,7.0,,,,31.0,,71.0,,
159966,,,,,,,,662.0,,279.0,,,,,,42.0,26.0,15.0,53.0,4.0,,70.0,1.0,108.0,20.0,1.0
159993,,,,,,,,860.0,,357.0,11.0,4.0,,,,38.0,28.0,26.0,91.0,7.0,,67.0,,140.0,40.0,17.0
160010,,,,,,,,85.0,,56.0,,,,,,5.0,15.0,,,,,3.0,,5.0,,
160038,,,,,,,,874.0,,390.0,,,,,,103.0,102.0,12.0,42.0,4.0,,28.0,,97.0,32.0,
160065,,,,,,,,159.0,,84.0,,,,,,22.0,4.0,7.0,,1.0,,7.0,,22.0,,
160074,,,,,,,,155.0,,81.0,,,,,,14.0,6.0,4.0,17.0,1.0,,3.0,1.0,16.0,,
160117,,,,,,,,9.0,,4.0,,,,,,2.0,1.0,,,,,,,0.0,,
160126,,,,,,,,4.0,,3.0,,,,,,,,,,,,,,1.0,,
160199,,,,,,,,7.0,,4.0,,,,,,0.0,1.0,,,,,,,1.0,,
160320,,,,,,,,245.0,,139.0,,,,,,41.0,9.0,,,,,10.0,36.0,9.0,,
160409,,,,,,,,69.0,,34.0,,3.0,,,,4.0,6.0,2.0,1.0,1.0,,3.0,,5.0,4.0,
160445,,,,,,,,18.0,,9.0,,,,,,1.0,1.0,,,,,,1.0,4.0,1.0,
160472,,,,,,,,7.0,,1.0,,,,,,2.0,3.0,,,,,,,1.0,1.0,
160481,,,,,,,,135.0,,80.0,,,,,,18.0,19.0,2.0,,,,1.0,,6.0,5.0,
160524,,,,,,,,49.0,,28.0,,,,,,8.0,1.0,1.0,,,,3.0,4.0,4.0,,
160533,,,,,,,,39.0,,,,,,,,12.0,10.0,1.0,4.0,,,,,9.0,,
160579,,,,,,,,225.0,,123.0,,,,,,24.0,50.0,4.0,,,,5.0,,8.0,6.0,
160597,,,,,,,,13.0,,4.0,,,,,,3.0,1.0,,,,,4.0,,1.0,,
160612,,,,,,,,1310.0,,540.0,,,,,,84.0,54.0,36.0,108.0,6.0,,125.0,2.0,187.0,67.0,11.0
160621,,,,,,,,1027.0,,351.0,29.0,43.0,,,,47.0,46.0,30.0,62.0,6.0,,122.0,,181.0,41.0,7.0
160630,,,,,,,,323.0,,105.0,,,,,,40.0,12.0,19.0,32.0,2.0,,35.0,,50.0,2.0,3.0
160649,,,,,,,,227.0,,89.0,,,,,,26.0,8.0,10.0,10.0,,,16.0,,13.0,5.0,
160658,,,,,,,,2071.0,,709.0,46.0,,,,,251.0,67.0,264.0,137.0,40.0,,116.0,10.0,273.0,95.0,23.0
160667,,,,,,,,191.0,,106.0,,,,,,21.0,28.0,1.0,2.0,,,1.0,,16.0,5.0,
160755,,,,,,,,4856.0,,1424.0,262.0,,,,,810.0,271.0,234.0,228.0,383.0,,352.0,,567.0,157.0,35.0
160904,,,,,,,,713.0,,234.0,,,,,,81.0,50.0,67.0,62.0,6.0,,75.0,3.0,90.0,3.0,13.0
160940,,,,,,,,2.0,,,,,,,,,,,,,,,,,,
160959,,,,,,,,92.0,,27.0,,,,,,5.0,8.0,5.0,8.0,,,13.0,,16.0,3.0,0.0
160977,,,,,,,,772.0,,190.0,,,,,,82.0,49.0,39.0,51.0,14.0,,156.0,15.0,86.0,24.0,12.0
160995,,,,,,,,29.0,,12.0,,,,,,3.0,1.0,1.0,,,,2.0,0.0,4.0,,
161004,,,,,,,,946.0,,234.0,,,,,,134.0,45.0,74.0,81.0,9.0,,195.0,3.0,99.0,25.0,14.0
161022,,,,,,,,27.0,,17.0,,,,,,4.0,2.0,,,,,,,1.0,,
161077,,,,,,,,175.0,,103.0,,,,,,16.0,7.0,4.0,7.0,,,14.0,,6.0,3.0,
161086,,,,,,,,732.0,,220.0,,,,,,57.0,61.0,40.0,71.0,5.0,,80.0,2.0,85.0,23.0,14.0
161138,,,,,,,,197.0,,130.0,1.0,,,,,16.0,3.0,5.0,1.0,,,8.0,1.0,15.0,3.0,
161192,,,,,,,,125.0,,68.0,,,,,,17.0,5.0,5.0,4.0,,,9.0,,8.0,3.0,
161208,,,,,,,,14.0,,7.0,,,,,,2.0,1.0,,,,,,,3.0,,
161217,,,,,,,,347.0,,137.0,,2.0,,,,21.0,21.0,2.0,28.0,3.0,,24.0,1.0,55.0,6.0,
161226,,,,,,,,341.0,,137.0,,,,,,19.0,15.0,,30.0,4.0,,52.0,,44.0,18.0,
161235,,,,,,,,134.0,,49.0,,,,,,11.0,7.0,1.0,9.0,1.0,,16.0,1.0,20.0,4.0,
161244,,,,,,,,82.0,,39.0,,,,,,5.0,4.0,1.0,8.0,1.0,,12.0,,8.0,1.0,
161253,,,,,,,,2360.0,,629.0,20.0,44.0,,,,67.0,403.0,42.0,162.0,9.0,,365.0,7.0,291.0,142.0,12.0
161280,,,,,,,,403.0,,,,,,,,56.0,85.0,177.0,12.0,,,,,67.0,1.0,
161299,,,,,,,,270.0,,91.0,0.0,,,,,19.0,12.0,14.0,31.0,1.0,,29.0,,26.0,15.0,14.0
161341,,,,,,,,155.0,,50.0,,,,,,14.0,8.0,1.0,31.0,2.0,,15.0,,22.0,6.0,
161457,,,,,,,,1151.0,,382.0,26.0,,,,,100.0,75.0,57.0,54.0,40.0,,112.0,,130.0,25.0,
161484,,,,,,,,93.0,,44.0,,,,,,9.0,6.0,4.0,3.0,,,7.0,,7.0,4.0,
161493,,,,,,,,13.0,,8.0,,,,,,2.0,,,,,,,,2.0,,
161509,,,,,,,,119.0,,52.0,,,,,,4.0,6.0,3.0,4.0,2.0,,,,13.0,8.0,
161518,,,,,,,,373.0,,132.0,,,,,,38.0,12.0,14.0,27.0,5.0,,72.0,,33.0,7.0,
161527,,,,,,,,25.0,,16.0,,,,,,3.0,,,,,,,,2.0,,
161545,,,,,,,,366.0,,213.0,,,,,,20.0,13.0,13.0,12.0,1.0,,27.0,,25.0,7.0,
161554,,,,,,,,1240.0,,473.0,9.0,,,,,50.0,197.0,27.0,99.0,7.0,,80.0,,168.0,44.0,
161563,,,,,,,,156.0,,45.0,,,,,,25.0,3.0,2.0,17.0,4.0,,18.0,,12.0,5.0,1.0
161572,,,,,,,,192.0,,57.0,,6.0,,,,26.0,2.0,8.0,4.0,2.0,,28.0,1.0,19.0,8.0,
161581,,,,,,,,71.0,,32.0,,,,,,9.0,3.0,1.0,3.0,,,6.0,,4.0,4.0,
161688,,,,,,,,359.0,,122.0,,14.0,,,,33.0,17.0,16.0,10.0,1.0,,7.0,7.0,51.0,26.0,6.0
161767,,,,,,,,1175.0,,432.0,,136.0,,,,68.0,60.0,110.0,82.0,9.0,,63.0,28.0,147.0,11.0,4.0
161800,,,,,,,,11.0,,6.0,,,,,,3.0,1.0,,,,,,,,0.0,
161855,,,,,,,,9.0,,6.0,,,,,,,,,,,,,,3.0,,
161864,,,,,,,,516.0,,150.0,,22.0,,,,60.0,49.0,13.0,59.0,1.0,,27.0,,80.0,30.0,3.0
161873,,,,,,,,711.0,,255.0,,11.0,,,,117.0,78.0,55.0,37.0,,,58.0,2.0,63.0,4.0,2.0
162007,,,,,,,,684.0,,273.0,,,,,,89.0,103.0,25.0,40.0,4.0,,31.0,,92.0,13.0,3.0
162061,,,,,,,,97.0,,47.0,,,,,,8.0,4.0,3.0,2.0,,,7.0,,7.0,,
162104,,,,,,,,284.0,,102.0,,16.0,,,,13.0,16.0,7.0,28.0,0.0,,3.0,,76.0,,
162122,,,,,,,,705.0,,230.0,,28.0,,,,57.0,46.0,24.0,32.0,4.0,,17.0,1.0,119.0,42.0,
162168,,,,,,,,292.0,,72.0,,5.0,,,,30.0,17.0,17.0,14.0,1.0,,23.0,,42.0,4.0,0.0
162210,,,,,,,,169.0,,74.0,,,,,,24.0,13.0,6.0,10.0,,,8.0,0.0,13.0,7.0,1.0
162283,,,,,,,,486.0,,162.0,,,,,,84.0,64.0,21.0,26.0,2.0,,28.0,0.0,79.0,7.0,3.0
162335,,,,,,,,6.0,,4.0,,,,,,1.0,0.0,,,,,,,1.0,,
162371,,,,,,,,64.0,,25.0,,,,,,11.0,1.0,,,,,2.0,8.0,1.0,,
162557,,,,,,,,650.0,,203.0,,20.0,,,,63.0,22.0,27.0,47.0,1.0,,20.0,,168.0,34.0,4.0
162584,,,,,,,,777.0,,281.0,,,,,,78.0,71.0,36.0,41.0,4.0,,84.0,1.0,121.0,34.0,7.0
162609,,,,,,,,174.0,,28.0,,7.0,,,,17.0,5.0,4.0,6.0,,,18.0,3.0,46.0,27.0,2.0
162654,,,,,,,,447.0,,143.0,,,,,,55.0,26.0,20.0,46.0,4.0,,58.0,,45.0,18.0,1.0
162681,,,,,,,,4.0,,0.0,,,,,,1.0,,,,,,,,,,
162690,,,,,,,,365.0,,125.0,,15.0,,,,42.0,9.0,11.0,23.0,0.0,,37.0,3.0,51.0,8.0,1.0
162706,,,,,,,,557.0,,169.0,,41.0,,,,29.0,33.0,33.0,41.0,,,29.0,5.0,57.0,15.0,
162760,,,,,,,,295.0,,147.0,,,,,,31.0,13.0,13.0,27.0,3.0,,12.0,,37.0,,1.0
162779,,,,,,,,917.0,,398.0,,50.0,,,,39.0,44.0,49.0,41.0,10.0,,2.0,,94.0,71.0,9.0
162830,,,,,,,,12.0,,6.0,,,,,,1.0,2.0,,,,,,1.0,1.0,,
162928,,,,,,,,17934.0,,3934.0,968.0,,,,,186.0,2184.0,2543.0,460.0,2863.0,,791.0,,2944.0,185.0,10.0
163028,,,,,,,,69.0,,31.0,,,,,,17.0,,1.0,,,,4.0,,12.0,,1.0
163046,,,,,,,,1062.0,,399.0,,,,,,209.0,18.0,58.0,73.0,10.0,,118.0,2.0,144.0,12.0,20.0
163204,,,,,,,,2945.0,,1445.0,,,,,,327.0,565.0,54.0,185.0,,,6.0,,286.0,,
163259,,,,,,,,6043.0,,2031.0,479.0,,,,,711.0,689.0,852.0,264.0,187.0,,345.0,7.0,303.0,86.0,13.0
163268,,,,,,,,2067.0,,637.0,153.0,,,,,363.0,308.0,149.0,118.0,23.0,,38.0,5.0,173.0,42.0,18.0
163286,,,,,,,,9391.0,,2100.0,1652.0,,,,,409.0,1709.0,722.0,505.0,56.0,,713.0,1.0,339.0,393.0,128.0
163295,,,,,,,,679.0,,304.0,,12.0,,,,145.0,12.0,18.0,17.0,,,70.0,13.0,56.0,16.0,2.0
163338,,,,,,,,703.0,,232.0,10.0,0.0,,,,84.0,54.0,50.0,42.0,3.0,,77.0,,92.0,37.0,10.0
163347,,,,,,,,33.0,,10.0,,,,,,6.0,3.0,,,,,,5.0,1.0,1.0,2.0
163408,,,,,,,,9.0,,4.0,,,,,,3.0,1.0,,,,,,,,1.0,
163426,,,,,,,,2204.0,,757.0,,94.0,,,,201.0,123.0,320.0,,4.0,,235.0,5.0,246.0,64.0,3.0
163453,,,,,,,,1752.0,,554.0,29.0,13.0,,,,357.0,68.0,63.0,42.0,19.0,,109.0,14.0,306.0,142.0,16.0
163462,,,,,,,,439.0,,167.0,,,,,,63.0,19.0,11.0,60.0,7.0,,13.0,,74.0,1.0,
163532,,,,,,,,57.0,,12.0,1.0,,,,,6.0,1.0,1.0,1.0,,,16.0,5.0,6.0,,
163541,,,,,,,,26.0,,13.0,,,,,,6.0,2.0,,,,,,3.0,,2.0,
163578,,,,,,,,333.0,,150.0,,,,,,43.0,7.0,27.0,10.0,1.0,,9.0,17.0,46.0,8.0,0.0
163657,,,,,,,,1189.0,,375.0,,195.0,,,,52.0,59.0,96.0,63.0,2.0,,97.0,0.0,95.0,16.0,7.0
163754,,,,,,,,24.0,,9.0,,,,,,1.0,1.0,,,,,9.0,1.0,2.0,,
163815,,,,,,,,8.0,,5.0,,,,,,,,,,,,,,3.0,,
163851,,,,,,,,1353.0,,523.0,,,,,,129.0,97.0,65.0,60.0,9.0,,142.0,9.0,240.0,51.0,4.0
163912,,,,,,,,422.0,,160.0,1.0,,,,,39.0,26.0,13.0,55.0,4.0,,56.0,0.0,37.0,12.0,
163976,,,,,,,,163.0,,59.0,,,,,,14.0,19.0,7.0,16.0,1.0,,23.0,,11.0,6.0,
164076,,,,,,,,2647.0,,1187.0,1.0,,,,,309.0,322.0,136.0,129.0,21.0,,63.0,10.0,268.0,101.0,53.0
164085,,,,,,,,163.0,,61.0,1.0,,,,,33.0,9.0,5.0,,1.0,,1.0,,17.0,1.0,
164146,,,,,,,,98.0,,,,,,,,44.0,28.0,8.0,6.0,,,2.0,,7.0,2.0,
164155,,,,,,,,848.0,,315.0,15.0,,,,,82.0,73.0,92.0,16.0,8.0,,60.0,,62.0,43.0,16.0
164173,,,,,,,,568.0,,224.0,,,,,,58.0,21.0,21.0,52.0,25.0,,26.0,3.0,39.0,16.0,9.0
164216,,,,,,,,490.0,,131.0,,,,,,46.0,25.0,35.0,46.0,6.0,,90.0,,44.0,17.0,4.0
164270,,,,,,,,551.0,,281.0,,,,,,51.0,22.0,6.0,68.0,2.0,,21.0,1.0,57.0,18.0,0.0
164313,,,,,,,,305.0,,97.0,,29.0,,,,8.0,13.0,14.0,5.0,1.0,,33.0,,60.0,4.0,
164368,,,,,,,,256.0,,67.0,,,,,,4.0,10.0,6.0,4.0,,,,61.0,6.0,,
164438,,,,,,,,99.0,,45.0,,,,,,16.0,7.0,,,,,,,1.0,,
164447,,,,,,,,415.0,,188.0,,,,,,39.0,24.0,13.0,55.0,3.0,,,,33.0,,
164465,,,,,,,,972.0,,258.0,,,,,,93.0,67.0,71.0,82.0,12.0,,166.0,,132.0,36.0,5.0
164474,,,,,,,,2.0,,,,,,,,2.0,,,,,,,,,,
164492,,,,,,,,183.0,,93.0,,,,,,25.0,6.0,4.0,16.0,5.0,,4.0,,23.0,,
164535,,,,,,,,6.0,,4.0,,,,,,1.0,,,,,,,,1.0,,
164562,,,,,,,,387.0,,189.0,,,,,,57.0,3.0,4.0,48.0,6.0,,26.0,1.0,41.0,,
164580,,,,,,,,882.0,,222.0,,,,,,82.0,123.0,59.0,115.0,6.0,,73.0,,112.0,37.0,
164599,,,,,,,,9.0,,4.0,,,,,,5.0,,,,,,,,,,
164614,,,,,,,,15.0,,7.0,,,,,,5.0,0.0,,,,,,,1.0,0.0,
164632,,,,,,,,415.0,,169.0,,,,,,41.0,11.0,15.0,35.0,1.0,,29.0,2.0,39.0,,1.0
164641,,,,,,,,97.0,,34.0,,,,,,9.0,1.0,4.0,2.0,,,,,40.0,2.0,
164678,,,,,,,,20.0,,10.0,,,,,,6.0,1.0,,,,,2.0,,0.0,,
164720,,,,,,,,286.0,,90.0,,,,,,36.0,6.0,,23.0,12.0,,22.0,11.0,25.0,,9.0
164739,,,,,,,,951.0,,344.0,,,,,,123.0,58.0,78.0,129.0,4.0,,81.0,,96.0,10.0,
164748,,,,,,,,1257.0,,526.0,,,,,,203.0,92.0,84.0,142.0,,,35.0,,100.0,5.0,
164775,,,,,,,,217.0,,79.0,,,,,,31.0,3.0,8.0,7.0,,,16.0,,37.0,5.0,
164845,,,,,,,,12.0,,6.0,,,,,,2.0,,,,,,,,1.0,1.0,
164872,,,,,,,,171.0,,85.0,,,,,,14.0,7.0,15.0,22.0,,,3.0,,12.0,3.0,
164915,,,,,,,,25.0,,16.0,0.0,,,,,2.0,0.0,,,,,,0.0,2.0,0.0,
164924,,,,,,,,3705.0,,1029.0,243.0,,,,,519.0,204.0,247.0,217.0,30.0,,475.0,29.0,381.0,94.0,27.0
164988,,,,,,,,9398.0,,3212.0,665.0,,,,,759.0,1421.0,897.0,453.0,115.0,,823.0,,716.0,159.0,32.0
165015,,,,,,,,1650.0,,422.0,155.0,,,,,68.0,136.0,184.0,104.0,6.0,,122.0,,169.0,36.0,10.0
165024,,,,,,,,1269.0,,500.0,,,,,,35.0,263.0,52.0,27.0,8.0,,161.0,,165.0,32.0,4.0
165033,,,,,,,,665.0,,292.0,,15.0,,,,64.0,22.0,32.0,14.0,2.0,,29.0,,83.0,7.0,
165060,,,,,,,,25.0,,19.0,,,,,,2.0,2.0,,1.0,,,,,1.0,,
165112,,,,,,,,641.0,,322.0,,,,,,85.0,,36.0,43.0,,,22.0,2.0,95.0,8.0,
165167,,,,,,,,237.0,,117.0,2.0,,,,,30.0,12.0,13.0,1.0,,,,,10.0,,
165194,,,,,,,,318.0,,142.0,,,,,,32.0,4.0,16.0,19.0,,,17.0,,48.0,3.0,
165255,,,,,,,,36.0,,11.0,,,,,,7.0,1.0,,1.0,,,1.0,1.0,3.0,,
165264,,,,,,,,102.0,,58.0,,,,,,8.0,8.0,1.0,1.0,,,7.0,,7.0,,
165334,,,,,,,,699.0,,259.0,10.0,,,,,33.0,38.0,47.0,64.0,2.0,,72.0,,88.0,26.0,2.0
165495,,,,,,,,9.0,,4.0,,,,,,3.0,1.0,,,,,0.0,1.0,,,
165529,,,,,,,,458.0,,194.0,,,,,,35.0,19.0,13.0,45.0,4.0,,37.0,,56.0,10.0,2.0
165556,,,,,,,,22.0,,8.0,,,,,,9.0,0.0,1.0,,,,,,2.0,,
165574,,,,,,,,232.0,,64.0,,,,,,34.0,26.0,9.0,13.0,4.0,,2.0,,12.0,9.0,
165608,,,,,,,,9.0,,7.0,,,,,,1.0,,,,,,,,1.0,,
165635,,,,,,,,32.0,,9.0,,,,,,14.0,,,,,,,5.0,2.0,,
165644,,,,,,,,169.0,,69.0,,,,,,19.0,7.0,10.0,11.0,1.0,,9.0,7.0,6.0,4.0,
165662,,,,,,,,871.0,,290.0,,,,,,248.0,51.0,41.0,91.0,19.0,,53.0,,42.0,4.0,3.0
165671,,,,,,,,337.0,,129.0,,,,,,44.0,91.0,11.0,6.0,1.0,,24.0,,21.0,5.0,
165699,,,,,,,,666.0,,226.0,,,,,,70.0,35.0,21.0,72.0,5.0,,77.0,,54.0,20.0,
165750,,,,,,,,7.0,,3.0,,,,,,1.0,,,,,,,,3.0,,
165802,,,,,,,,183.0,,83.0,,9.0,,,,8.0,16.0,4.0,12.0,1.0,,,,1.0,3.0,
165820,,,,,,,,628.0,,262.0,,,,,,55.0,10.0,20.0,26.0,4.0,,76.0,,79.0,12.0,13.0
165866,,,,,,,,589.0,,242.0,,,,,,84.0,7.0,15.0,6.0,7.0,,60.0,,61.0,18.0,14.0
165884,,,,,,,,105.0,,51.0,,,,,,9.0,10.0,2.0,1.0,,,,,1.0,6.0,
165936,,,,,,,,498.0,,136.0,,,,,,38.0,34.0,17.0,43.0,8.0,,91.0,2.0,41.0,9.0,1.0
165945,,,,,,,,161.0,,34.0,1.0,,,,,29.0,7.0,15.0,2.0,,,8.0,,53.0,4.0,
165981,,,,,,,,210.0,,80.0,,,,,,22.0,8.0,13.0,4.0,1.0,,2.0,,31.0,15.0,4.0
166018,,,,,,,,367.0,,123.0,,,,,,32.0,18.0,19.0,31.0,,,31.0,,42.0,10.0,1.0
166027,,,,,,,,17571.0,,2268.0,2290.0,,,,,2961.0,2380.0,2332.0,601.0,161.0,,1169.0,,2179.0,152.0,52.0
166045,,,,,,,,73.0,,26.0,,,,,,23.0,4.0,3.0,4.0,,,,,5.0,5.0,
166054,,,,,,,,70.0,,22.0,,,,,,20.0,3.0,2.0,11.0,,,7.0,,4.0,,
166124,,,,,,,,1086.0,,301.0,,,,,,76.0,62.0,47.0,121.0,12.0,,243.0,2.0,126.0,29.0,6.0
166133,,,,,,,,584.0,,227.0,,,,,,63.0,3.0,18.0,25.0,2.0,,37.0,,97.0,7.0,8.0
166391,,,,,,,,372.0,,135.0,,,,,,48.0,25.0,19.0,31.0,4.0,,29.0,,20.0,17.0,
166407,,,,,,,,56.0,,45.0,,,,,,3.0,,1.0,,,,,,1.0,,
166452,,,,,,,,661.0,,307.0,,,,,,96.0,32.0,18.0,40.0,2.0,,5.0,,146.0,,
166489,,,,,,,,85.0,,55.0,,,,,,11.0,3.0,1.0,2.0,,,2.0,,3.0,,
166498,,,,,,,,9.0,,5.0,,,,,,1.0,1.0,,,,,,,1.0,1.0,
166513,,,,,,,,1926.0,,797.0,42.0,,,,,399.0,93.0,129.0,103.0,11.0,,148.0,,155.0,31.0,3.0
166629,,,,,,,,5904.0,,1526.0,263.0,27.0,,,,204.0,406.0,538.0,281.0,84.0,,1006.0,8.0,735.0,275.0,119.0
166638,,,,,,,,1966.0,,866.0,,,,,,82.0,103.0,177.0,328.0,26.0,,38.0,1.0,236.0,9.0,16.0
166647,,,,,,,,355.0,,165.0,,,,,,52.0,8.0,12.0,,,,5.0,,50.0,8.0,
166656,,,,,,,,946.0,,520.0,,,,,,131.0,9.0,26.0,15.0,85.0,,33.0,,53.0,,
166665,,,,,,,,378.0,,,,,,,,78.0,101.0,139.0,29.0,,,,,31.0,,
166674,,,,,,,,440.0,,186.0,,,,,,80.0,10.0,14.0,,,,49.0,,62.0,,19.0
166683,,,,,,,,12982.0,,1471.0,4547.0,,,,,1077.0,829.0,1033.0,609.0,237.0,,562.0,29.0,2078.0,411.0,23.0
166692,,,,,,,,295.0,,109.0,,,,,,30.0,14.0,13.0,9.0,5.0,,20.0,,26.0,20.0,13.0
166708,,,,,,,,4797.0,,1352.0,465.0,,,,,170.0,1106.0,232.0,11.0,901.0,,136.0,,298.0,61.0,46.0
166717,,,,,,,,167.0,,89.0,5.0,,,,,24.0,7.0,4.0,15.0,,,6.0,3.0,14.0,,
166805,,,,,,,,4.0,,2.0,,,,,,,,,,,,,,2.0,,
166823,,,,,,,,601.0,,256.0,,,,,,77.0,9.0,28.0,23.0,3.0,,50.0,0.0,71.0,7.0,
166850,,,,,,,,692.0,,272.0,,,,,,40.0,41.0,14.0,58.0,6.0,,58.0,,66.0,,
166869,,,,,,,,220.0,,100.0,15.0,,,,,21.0,14.0,9.0,,,,,,40.0,,
166887,,,,,,,,579.0,,245.0,,,,,,41.0,37.0,25.0,8.0,1.0,,45.0,,75.0,,
166911,,,,,,,,72.0,,34.0,,,,,,6.0,3.0,3.0,0.0,1.0,,3.0,,4.0,,
166939,,,,,,,,931.0,,229.0,,,,,,89.0,62.0,72.0,54.0,6.0,,197.0,3.0,90.0,46.0,6.0
166957,,,,,,,,579.0,,205.0,,,,,,81.0,15.0,14.0,50.0,6.0,,67.0,,70.0,8.0,
167039,,,,,,,,3.0,,2.0,,,,,,,,,,,,,,1.0,,
167057,,,,,,,,374.0,,197.0,,,,,,43.0,53.0,10.0,24.0,3.0,,28.0,,3.0,1.0,
167093,,,,,,,,132.0,,51.0,4.0,,,,,18.0,8.0,4.0,3.0,9.0,,5.0,,18.0,,1.0
167215,,,,,,,,99.0,,43.0,5.0,,,,,24.0,5.0,7.0,,,,6.0,,,,
167224,,,,,,,,20.0,,9.0,,,,,,4.0,,,,,,,,3.0,,
167251,,,,,,,,101.0,,45.0,,,,,,11.0,6.0,4.0,14.0,1.0,,,,5.0,,
167260,,,,,,,,232.0,,80.0,,,,,,40.0,7.0,8.0,33.0,3.0,,6.0,,21.0,6.0,
167288,,,,,,,,350.0,,117.0,,,,,,27.0,19.0,12.0,17.0,6.0,,50.0,,39.0,14.0,
167297,,,,,,,,32.0,,14.0,,,,,,8.0,1.0,,,,,2.0,,5.0,1.0,
167312,,,,,,,,586.0,,251.0,,,,,,45.0,14.0,10.0,24.0,2.0,,45.0,,111.0,7.0,2.0
167358,,,,,,,,4161.0,,1490.0,22.0,,,,,179.0,495.0,555.0,375.0,43.0,,187.0,,233.0,93.0,12.0
167376,,,,,,,,511.0,,200.0,,,,,,66.0,12.0,33.0,4.0,,,6.0,,75.0,7.0,
167394,,,,,,,,240.0,,117.0,,,,,,17.0,9.0,10.0,30.0,3.0,,8.0,,28.0,,
167455,,,,,,,,124.0,,52.0,2.0,,,,,7.0,4.0,,18.0,,,4.0,4.0,6.0,4.0,5.0
167464,,,,,,,,32.0,,17.0,,,,,,3.0,0.0,,0.0,,,6.0,1.0,3.0,,
167525,,,,,,,,237.0,,128.0,2.0,,,,,26.0,7.0,7.0,12.0,,,12.0,,7.0,,
167534,,,,,,,,653.0,,270.0,,,,,,77.0,27.0,32.0,48.0,3.0,,44.0,,69.0,6.0,2.0
167598,,,,,,,,467.0,,200.0,,,,,,48.0,10.0,14.0,25.0,7.0,,36.0,,43.0,7.0,1.0
167631,,,,,,,,261.0,,100.0,1.0,13.0,,,,38.0,3.0,4.0,20.0,1.0,,18.0,,24.0,4.0,
167677,,,,,,,,36.0,,23.0,,,,,,2.0,1.0,,,,,1.0,,8.0,1.0,
167729,,,,,,,,1046.0,,487.0,,,,,,37.0,92.0,51.0,53.0,12.0,,94.0,,63.0,18.0,7.0
167738,,,,,,,,4.0,,3.0,,,,,,1.0,,,,,,,,,,
167783,,,,,,,,1086.0,,671.0,,,,,,97.0,68.0,30.0,18.0,4.0,,25.0,,79.0,9.0,
167792,,,,,,,,198.0,,60.0,,,,,,10.0,6.0,8.0,11.0,8.0,,50.0,3.0,15.0,8.0,6.0
167835,,,,,,,,1174.0,,375.0,,,,,,68.0,120.0,87.0,42.0,5.0,,139.0,0.0,130.0,37.0,23.0
167871,,,,,,,,22.0,,16.0,,,,,,2.0,,,,,,,,2.0,,
167899,,,,,,,,676.0,,258.0,,,,,,45.0,42.0,18.0,25.0,7.0,,95.0,,97.0,11.0,3.0
167905,,,,,,,,541.0,,229.0,,,,,,55.0,21.0,20.0,20.0,2.0,,42.0,,77.0,13.0,14.0
167987,,,,,,,,1216.0,,463.0,3.0,,,,,177.0,48.0,95.0,60.0,7.0,,104.0,,173.0,30.0,19.0
167996,,,,,,,,617.0,,207.0,,,,,,122.0,17.0,30.0,51.0,7.0,,85.0,,65.0,17.0,
168005,,,,,,,,1070.0,,458.0,,,,,,70.0,197.0,54.0,64.0,7.0,,58.0,,125.0,,
168032,,,,,,,,3.0,,1.0,,,,,,1.0,,,,,,,,1.0,,
168148,,,,,,,,4420.0,,1096.0,440.0,,,,,529.0,362.0,335.0,165.0,252.0,,439.0,,603.0,76.0,7.0
168218,,,,,,,,1107.0,,350.0,,,,,,91.0,74.0,90.0,66.0,9.0,,231.0,,92.0,45.0,6.0
168227,,,,,,,,621.0,,239.0,,,,,,64.0,44.0,63.0,49.0,3.0,,30.0,,35.0,27.0,
168254,,,,,,,,711.0,,273.0,,,,,,86.0,14.0,42.0,44.0,9.0,,113.0,,67.0,15.0,4.0
168263,,,,,,,,879.0,,329.0,,,,,,55.0,29.0,31.0,39.0,7.0,,184.0,,106.0,29.0,
168281,,,,,,,,510.0,,156.0,,,,,,67.0,27.0,21.0,65.0,4.0,,65.0,,59.0,15.0,6.0
168342,,,,,,,,1133.0,,342.0,,,,,,139.0,61.0,80.0,72.0,5.0,,188.0,,116.0,35.0,12.0
168421,,,,,,,,1251.0,,433.0,41.0,,,,,126.0,108.0,102.0,123.0,7.0,,95.0,,157.0,23.0,
168430,,,,,,,,701.0,,290.0,,,,,,70.0,23.0,33.0,39.0,3.0,,68.0,,94.0,13.0,3.0
168528,,,,,,,,364.0,,129.0,,,,,,24.0,13.0,9.0,85.0,1.0,,47.0,8.0,34.0,,1.0
168546,,,,,,,,436.0,,132.0,,,,,,54.0,26.0,20.0,69.0,6.0,,33.0,,50.0,15.0,3.0
168555,,,,,,,,3.0,,2.0,,,,,,,,,,,,,,1.0,,
168573,,,,,,,,38.0,,9.0,,,,,,8.0,,,,,,,4.0,10.0,1.0,
168591,,,,,,,,336.0,,112.0,,,,,,26.0,8.0,12.0,50.0,,,49.0,20.0,29.0,,
168607,,,,,,,,137.0,,70.0,,2.0,,,,23.0,3.0,5.0,2.0,,,5.0,,17.0,5.0,0.0
168740,,,,,,,,777.0,,249.0,,,,,,76.0,31.0,45.0,20.0,,,81.0,4.0,160.0,30.0,7.0
168786,,,,,,,,324.0,,127.0,,,,,,11.0,20.0,7.0,68.0,,,39.0,,11.0,,
168847,,,,,,,,1150.0,,697.0,,,,,,83.0,12.0,35.0,,,,78.0,,74.0,,
168883,,,,,,,,154.0,,66.0,,,,,,11.0,11.0,9.0,9.0,,,8.0,,11.0,5.0,
168892,,,,,,,,8.0,,6.0,,,,,,1.0,,,,,,,,1.0,,
169080,,,,,,,,752.0,,294.0,,,,,,39.0,51.0,50.0,105.0,12.0,,61.0,,96.0,17.0,1.0
169099,,,,,,,,44.0,,13.0,,,,,,6.0,5.0,3.0,,,,,,9.0,1.0,
169187,,,,,,,,21.0,,12.0,,,,,,1.0,2.0,,,,,,,2.0,,
169220,,,,,,,,32.0,,18.0,,,,,,5.0,,,1.0,,,,,1.0,,
169248,,,,,,,,2529.0,,932.0,5.0,,,,,144.0,231.0,187.0,286.0,35.0,,160.0,6.0,357.0,83.0,28.0
169275,,,,,,,,509.0,,217.0,,,,,,51.0,20.0,18.0,24.0,0.0,,49.0,,59.0,4.0,
169284,,,,,,,,22.0,,11.0,,,,,,5.0,,,,,,,,3.0,,
169327,,,,,,,,94.0,,26.0,,,,,,17.0,,2.0,8.0,,,13.0,,4.0,,
169363,,,,,,,,201.0,,97.0,,,,,,41.0,,3.0,24.0,0.0,,22.0,5.0,7.0,,
169424,,,,,,,,40.0,,11.0,,,,,,5.0,4.0,2.0,,,,,3.0,5.0,,2.0
169442,,,,,,,,366.0,,131.0,,5.0,,,,66.0,8.0,15.0,11.0,,,16.0,,39.0,25.0,
169479,,,,,,,,671.0,,253.0,,,,,,87.0,31.0,37.0,130.0,4.0,,22.0,3.0,49.0,8.0,3.0
169503,,,,,,,,16.0,,9.0,,,,,,2.0,3.0,,,,,,,2.0,,
169521,,,,,,,,628.0,,295.0,,,,,,70.0,10.0,,32.0,1.0,,47.0,,132.0,3.0,2.0
169576,,,,,,,,7.0,,3.0,,,,,,2.0,1.0,,,,,,,1.0,0.0,
169628,,,,,,,,113.0,,51.0,,,,,,6.0,4.0,5.0,11.0,,,,,22.0,,
169655,,,,,,,,136.0,,54.0,,,,,,1.0,3.0,1.0,1.0,,,17.0,19.0,19.0,,
169716,,,,,,,,1073.0,,456.0,,,,,,70.0,45.0,49.0,63.0,41.0,,82.0,1.0,107.0,25.0,1.0
169734,,,,,,,,45.0,,22.0,,,,,,5.0,,,,,,,,4.0,,
169761,,,,,,,,13.0,,3.0,,,,,,2.0,,,,,,,,1.0,,
169798,,,,,,,,1877.0,,895.0,,,,,,270.0,51.0,70.0,122.0,15.0,,169.0,1.0,173.0,39.0,11.0
169813,,,,,,,,5.0,,2.0,,,,,,1.0,1.0,,,,,,,0.0,,
169910,,,,,,,,1432.0,,596.0,,,,,,73.0,102.0,67.0,58.0,16.0,,189.0,5.0,184.0,48.0,8.0
169947,,,,,,,,6.0,,3.0,,,,,,1.0,,,,,,,,1.0,,
169974,,,,,,,,95.0,,30.0,,,,,,20.0,3.0,4.0,,,,10.0,,14.0,,
169983,,,,,,,,388.0,,113.0,,,,,,63.0,30.0,28.0,17.0,,,35.0,,62.0,9.0,3.0
169992,,,,,,,,99.0,,55.0,,,,,,12.0,3.0,2.0,1.0,,,8.0,2.0,14.0,0.0,
170000,,,,,,,,127.0,,52.0,,,,,,8.0,13.0,3.0,11.0,1.0,,3.0,,33.0,,
170037,,,,,,,,305.0,,94.0,,,,,,47.0,10.0,9.0,29.0,1.0,,20.0,,37.0,3.0,
170055,,,,,,,,787.0,,366.0,,,,,,70.0,33.0,41.0,61.0,1.0,,72.0,,104.0,16.0,4.0
170082,,,,,,,,2756.0,,1351.0,,,,,,109.0,213.0,152.0,254.0,17.0,,173.0,8.0,347.0,59.0,12.0
170091,,,,,,,,29.0,,12.0,,,,,,5.0,,0.0,2.0,,,0.0,,5.0,1.0,
170240,,,,,,,,681.0,,337.0,,,,,,29.0,9.0,30.0,30.0,0.0,,71.0,,126.0,,3.0
170286,,,,,,,,610.0,,166.0,,,,,,51.0,32.0,18.0,58.0,7.0,,89.0,3.0,90.0,16.0,4.0
170301,,,,,,,,731.0,,272.0,7.0,,,,,58.0,27.0,37.0,77.0,7.0,,69.0,3.0,90.0,17.0,10.0
170444,,,,,,,,227.0,,63.0,,,,,,39.0,13.0,11.0,5.0,,,30.0,,32.0,7.0,
170532,,,,,,,,380.0,,123.0,,,,,,61.0,30.0,15.0,40.0,4.0,,36.0,,44.0,11.0,5.0
170541,,,,,,,,649.0,,276.0,,,,,,41.0,24.0,25.0,23.0,,,63.0,,104.0,6.0,
170550,,,,,,,,350.0,,178.0,2.0,4.0,,,,58.0,6.0,8.0,16.0,,,2.0,1.0,50.0,6.0,
170587,,,,,,,,102.0,,30.0,,,,,,6.0,12.0,8.0,6.0,,,11.0,,13.0,,1.0
170611,,,,,,,,18.0,,7.0,,,,,,3.0,,,,,,0.0,,2.0,,
170620,,,,,,,,234.0,,102.0,,,,,,35.0,4.0,10.0,18.0,,,13.0,,35.0,2.0,
170639,,,,,,,,342.0,,111.0,,,,,,25.0,26.0,17.0,24.0,6.0,,57.0,,36.0,18.0,
170657,,,,,,,,1143.0,,641.0,,,,,,219.0,30.0,16.0,19.0,,,26.0,,156.0,,5.0
170675,,,,,,,,442.0,,184.0,,,,,,82.0,13.0,33.0,46.0,,,13.0,,61.0,,
170736,,,,,,,,2.0,,1.0,,,,,,,,,,,,,,1.0,,
170790,,,,,,,,1051.0,,421.0,,,,,,64.0,61.0,90.0,63.0,,,55.0,,130.0,39.0,
170806,,,,,,,,421.0,,187.0,,,,,,63.0,7.0,,17.0,5.0,,25.0,,22.0,10.0,
170842,,,,,,,,53.0,,28.0,,,,,,8.0,2.0,2.0,3.0,,,,,8.0,,
170967,,,,,,,,162.0,,70.0,,,,,,13.0,9.0,6.0,14.0,1.0,,7.0,0.0,13.0,5.0,
170976,,,,,,,,22534.0,,7221.0,,,,,,1662.0,2811.0,3961.0,576.0,538.0,,1594.0,,2114.0,709.0,202.0
171012,,,,,,,,10.0,,4.0,,,,,,2.0,,,,,,,,3.0,,
171100,,,,,,,,12266.0,,3136.0,562.0,452.0,,,,1002.0,1404.0,1509.0,402.0,363.0,,945.0,4.0,1054.0,344.0,173.0
171128,,,,,,,,1476.0,,420.0,139.0,,,,,60.0,179.0,142.0,81.0,5.0,,165.0,,170.0,38.0,16.0
171137,,,,,,,,932.0,,419.0,4.0,,,,,108.0,94.0,46.0,10.0,4.0,,37.0,,77.0,16.0,6.0
171146,,,,,,,,896.0,,389.0,,,,,,81.0,90.0,48.0,11.0,5.0,,62.0,,86.0,18.0,7.0
171155,,,,,,,,205.0,,83.0,,2.0,,,,43.0,3.0,6.0,2.0,,,16.0,3.0,38.0,,
171225,,,,,,,,205.0,,83.0,,,,,,30.0,4.0,11.0,7.0,,,23.0,,31.0,3.0,
171234,,,,,,,,137.0,,59.0,,,,,,18.0,1.0,11.0,3.0,,,14.0,,21.0,,
171304,,,,,,,,295.0,,145.0,,,,,,30.0,8.0,5.0,18.0,,,28.0,,52.0,,
171395,,,,,,,,106.0,,36.0,,,,,,29.0,5.0,5.0,,,,12.0,,13.0,,
171456,,,,,,,,961.0,,342.0,2.0,,,,,74.0,45.0,48.0,83.0,14.0,,125.0,3.0,129.0,28.0,7.0
171483,,,,,,,,422.0,,158.0,,,,,,29.0,21.0,21.0,19.0,1.0,,50.0,3.0,72.0,4.0,1.0
171492,,,,,,,,484.0,,202.0,,,,,,48.0,58.0,15.0,71.0,4.0,,25.0,1.0,38.0,13.0,
171535,,,,,,,,851.0,,384.0,,,,,,81.0,30.0,27.0,45.0,,,72.0,,160.0,9.0,20.0
171571,,,,,,,,1979.0,,824.0,8.0,,,,,74.0,155.0,109.0,156.0,8.0,,135.0,,244.0,51.0,1.0
171599,,,,,,,,193.0,,63.0,1.0,,,,,27.0,13.0,3.0,46.0,3.0,,19.0,,4.0,7.0,
171775,,,,,,,,4.0,,3.0,,,,,,1.0,,,,,,,,,,
171881,,,,,,,,37.0,,14.0,,,,,,7.0,,1.0,3.0,,,3.0,,8.0,,
171988,,,,,,,,12.0,,4.0,,,,,,3.0,,,,,,,,2.0,,
171997,,,,,,,,18.0,,9.0,,,,,,3.0,,,,,,,,1.0,,
172015,,,,,,,,19.0,,10.0,,,,,,3.0,,,,,,,,1.0,,
172033,,,,,,,,62.0,,28.0,,,,,,14.0,1.0,1.0,,,,,,7.0,,
172051,,,,,,,,859.0,,372.0,,,,,,98.0,21.0,37.0,69.0,13.0,,68.0,1.0,104.0,19.0,
172200,,,,,,,,565.0,,224.0,,,,,,57.0,17.0,30.0,9.0,,,75.0,3.0,55.0,,
172264,,,,,,,,325.0,,133.0,,,,,,68.0,9.0,11.0,32.0,2.0,,22.0,,18.0,6.0,
172291,,,,,,,,237.0,,108.0,,,,,,41.0,13.0,4.0,14.0,,,22.0,,27.0,,
172307,,,,,,,,190.0,,87.0,,,,,,21.0,9.0,13.0,16.0,,,7.0,2.0,10.0,7.0,
172325,,,,,,,,57.0,,16.0,,,,,,14.0,3.0,2.0,3.0,,,,,3.0,,
172334,,,,,,,,399.0,,185.0,,,,,,48.0,23.0,10.0,26.0,2.0,,10.0,,83.0,6.0,
172422,,,,,,,,75.0,,27.0,,,,,,5.0,2.0,1.0,7.0,,,28.0,,5.0,,
172440,,,,,,,,143.0,,41.0,,2.0,,,,22.0,3.0,1.0,20.0,,,14.0,,9.0,7.0,
172477,,,,,,,,249.0,,75.0,,,,,,36.0,5.0,12.0,8.0,,,1.0,3.0,27.0,11.0,
172495,,,,,,,,21.0,,11.0,,,,,,6.0,2.0,,,,,,,2.0,,
172608,,,,,,,,159.0,,67.0,,,,,,22.0,7.0,1.0,12.0,,,6.0,,26.0,,0.0
172617,,,,,,,,867.0,,342.0,3.0,,,,,117.0,29.0,39.0,30.0,,,64.0,,132.0,25.0,
172635,,,,,,,,720.0,,246.0,,,,,,35.0,37.0,16.0,7.0,,,84.0,,129.0,,1.0
172644,,,,,,,,5494.0,,1927.0,770.0,,,,,539.0,562.0,234.0,96.0,125.0,,280.0,1.0,523.0,46.0,89.0
172671,,,,,,,,103.0,,45.0,1.0,,,,,19.0,1.0,5.0,,,,12.0,,14.0,2.0,
172680,,,,,,,,11.0,,6.0,,,,,,2.0,,,,,,,1.0,2.0,,
172699,,,,,,,,2866.0,,1057.0,,,,,,88.0,234.0,199.0,143.0,31.0,,347.0,1.0,336.0,141.0,42.0
172705,,,,,,,,44.0,,13.0,,,,,,5.0,1.0,,,,,,4.0,8.0,2.0,
172802,,,,,,,,6.0,,5.0,,,,,,1.0,,,,,,,,0.0,,
172866,,,,,,,,18.0,,9.0,,,,,,2.0,,,,,,,,7.0,,
172918,,,,,,,,145.0,,73.0,,,,,,9.0,6.0,8.0,1.0,,,6.0,3.0,17.0,4.0,
172927,,,,,,,,33.0,,6.0,,,,,,5.0,2.0,1.0,15.0,,,,1.0,,1.0,
172954,,,,,,,,112.0,,65.0,,,,,,4.0,3.0,4.0,1.0,,,4.0,3.0,9.0,3.0,
172963,,,,,,,,370.0,,164.0,,,,,,15.0,14.0,15.0,6.0,1.0,,18.0,5.0,48.0,7.0,
173045,,,,,,,,595.0,,242.0,,,,,,81.0,79.0,16.0,60.0,,,51.0,12.0,48.0,,
173063,,,,,,,,186.0,,87.0,,,,,,7.0,9.0,8.0,3.0,1.0,,13.0,3.0,19.0,5.0,
173115,,,,,,,,56.0,,27.0,,,,,,4.0,11.0,1.0,1.0,,,1.0,,3.0,1.0,
173124,,,,,,,,451.0,,180.0,,,,,,16.0,17.0,18.0,43.0,1.0,,35.0,,47.0,26.0,1.0
173142,,,,,,,,135.0,,50.0,,,,,,12.0,4.0,6.0,22.0,,,11.0,,8.0,5.0,
173160,,,,,,,,703.0,,268.0,,,,,,60.0,20.0,41.0,115.0,5.0,,35.0,2.0,94.0,12.0,2.0
173179,,,,,,,,16.0,,12.0,,,,,,1.0,,,,,,,,,,
173203,,,,,,,,202.0,,91.0,,,,,,11.0,7.0,10.0,8.0,1.0,,11.0,5.0,19.0,4.0,
173258,,,,,,,,671.0,,258.0,,,,,,75.0,35.0,35.0,33.0,4.0,,74.0,,73.0,23.0,2.0
173300,,,,,,,,600.0,,178.0,,,,,,49.0,48.0,20.0,66.0,,,102.0,,77.0,20.0,9.0
173328,,,,,,,,363.0,,194.0,,,,,,27.0,4.0,10.0,55.0,,,1.0,,31.0,,
173416,,,,,,,,194.0,,82.0,,,,,,9.0,16.0,7.0,8.0,1.0,,11.0,5.0,13.0,8.0,
173452,,,,,,,,158.0,,87.0,,,,,,6.0,3.0,3.0,5.0,0.0,,11.0,,24.0,4.0,3.0
173461,,,,,,,,253.0,,124.0,,,,,,9.0,10.0,10.0,4.0,,,10.0,3.0,30.0,5.0,
173470,,,,,,,,5.0,,3.0,,,,,,2.0,0.0,,,,,,,,,
173559,,,,,,,,337.0,,166.0,,,,,,15.0,8.0,18.0,7.0,1.0,,17.0,4.0,39.0,5.0,
173638,,,,,,,,174.0,,93.0,,,,,,10.0,4.0,5.0,5.0,1.0,,9.0,6.0,17.0,7.0,
173647,,,,,,,,587.0,,203.0,,,,,,4.0,47.0,25.0,103.0,9.0,,125.0,,56.0,,
173665,,,,,,,,533.0,,208.0,,,,,,73.0,33.0,46.0,47.0,1.0,,19.0,,29.0,10.0,5.0
173683,,,,,,,,17.0,,7.0,,,,,,4.0,,,,,,,,1.0,,
173708,,,,,,,,306.0,,140.0,,,,,,14.0,14.0,5.0,3.0,,,22.0,6.0,35.0,6.0,
173735,,,,,,,,89.0,,49.0,,,,,,2.0,3.0,2.0,2.0,,,5.0,4.0,7.0,2.0,
173744,,,,,,,,53.0,,20.0,,,,,,12.0,6.0,,,,,,3.0,10.0,1.0,
173799,,,,,,,,238.0,,109.0,,,,,,14.0,11.0,12.0,3.0,1.0,,10.0,2.0,23.0,3.0,
173805,,,,,,,,75.0,,38.0,,,,,,2.0,,2.0,3.0,,,7.0,,6.0,2.0,
173896,,,,,,,,87.0,,25.0,,,,,,23.0,5.0,3.0,1.0,,,3.0,,25.0,,
173902,,,,,,,,654.0,,223.0,,,,,,61.0,40.0,37.0,50.0,3.0,,50.0,1.0,79.0,6.0,13.0
173911,,,,,,,,233.0,,113.0,,,,,,10.0,8.0,12.0,2.0,,,12.0,11.0,23.0,5.0,
173920,,,,,,,,1304.0,,554.0,,,,,,32.0,46.0,74.0,93.0,14.0,,94.0,4.0,145.0,44.0,1.0
173957,,,,,,,,459.0,,396.0,,,,,,14.0,,,,4.0,,,,26.0,,
173993,,,,,,,,70.0,,36.0,,,,,,1.0,,3.0,1.0,,,4.0,,6.0,3.0,
174020,,,,,,,,633.0,,298.0,,,,,,20.0,29.0,34.0,7.0,2.0,,,,69.0,5.0,
174066,,,,,,,,17040.0,,4061.0,1565.0,324.0,,,,927.0,2348.0,2585.0,976.0,407.0,,1207.0,31.0,1415.0,499.0,63.0
174075,,,,,,,,255.0,,94.0,,,,,,10.0,27.0,16.0,38.0,5.0,,22.0,,18.0,11.0,1.0
174118,,,,,,,,34.0,,11.0,,,,,,9.0,,,,,,,9.0,3.0,,
174127,,,,,,,,182.0,,68.0,,,,,,22.0,12.0,8.0,3.0,1.0,,9.0,4.0,9.0,7.0,
174136,,,,,,,,405.0,,165.0,,,,,,17.0,19.0,16.0,8.0,1.0,,35.0,9.0,42.0,8.0,
174154,,,,,,,,38.0,,24.0,,,,,,2.0,,1.0,,,,,,3.0,,
174190,,,,,,,,20.0,,10.0,,,,,,1.0,,,,,,,,4.0,,
174233,,,,,,,,1490.0,,530.0,42.0,5.0,,,,68.0,186.0,126.0,113.0,13.0,,152.0,14.0,152.0,42.0,2.0
174251,,,,,,,,366.0,,134.0,0.0,,,,,14.0,37.0,9.0,39.0,2.0,,52.0,,47.0,18.0,1.0
174321,,,,,,,,6.0,,4.0,,,,,,,1.0,,,,,,,1.0,,
174358,,,,,,,,583.0,,247.0,,,,,,19.0,22.0,30.0,49.0,3.0,,47.0,1.0,59.0,18.0,
174376,,,,,,,,288.0,,142.0,,,,,,12.0,15.0,13.0,2.0,1.0,,19.0,1.0,23.0,3.0,
174385,,,,,,,,6.0,,3.0,,,,,,1.0,,,,,,,,2.0,,
174428,,,,,,,,472.0,,225.0,,,,,,16.0,22.0,29.0,4.0,,,32.0,5.0,48.0,8.0,
174437,,,,,,,,176.0,,54.0,,,,,,23.0,15.0,9.0,30.0,,,15.0,1.0,19.0,4.0,
174473,,,,,,,,195.0,,105.0,,,,,,9.0,4.0,8.0,12.0,,,9.0,2.0,19.0,7.0,
174491,,,,,,,,501.0,,155.0,,,,,,50.0,49.0,26.0,35.0,4.0,,30.0,,60.0,9.0,1.0
174507,,,,,,,,190.0,,65.0,0.0,,,,,35.0,14.0,10.0,1.0,4.0,,8.0,2.0,29.0,2.0,
174525,,,,,,,,33.0,,9.0,,,,,,5.0,1.0,,1.0,,,3.0,,4.0,1.0,
174570,,,,,,,,83.0,,32.0,,,,,,9.0,2.0,2.0,8.0,,,2.0,3.0,10.0,2.0,
174604,,,,,,,,23.0,,12.0,,,,,,1.0,0.0,,1.0,,,0.0,,1.0,1.0,
174738,,,,,,,,317.0,,142.0,,,,,,11.0,13.0,18.0,10.0,2.0,,25.0,5.0,35.0,8.0,
174747,,,,,,,,448.0,,156.0,,,,,,38.0,24.0,18.0,36.0,8.0,,74.0,,44.0,10.0,12.0
174756,,,,,,,,237.0,,125.0,,,,,,11.0,5.0,9.0,5.0,1.0,,7.0,2.0,26.0,6.0,
174783,,,,,,,,1075.0,,478.0,,,,,,28.0,51.0,52.0,66.0,5.0,,80.0,1.0,112.0,36.0,
174792,,,,,,,,459.0,,144.0,,,,,,40.0,25.0,18.0,49.0,2.0,,75.0,1.0,61.0,,5.0
174817,,,,,,,,611.0,,224.0,,,,,,67.0,32.0,41.0,82.0,3.0,,42.0,,69.0,16.0,
174844,,,,,,,,673.0,,252.0,,,,,,48.0,46.0,26.0,76.0,3.0,,98.0,,44.0,19.0,4.0
174862,,,,,,,,118.0,,56.0,,,,,,19.0,2.0,2.0,9.0,0.0,,,6.0,11.0,,
174899,,,,,,,,572.0,,271.0,,,,,,29.0,44.0,23.0,76.0,12.0,,27.0,,51.0,10.0,
174914,,,,,,,,1552.0,,567.0,,,,,,158.0,151.0,124.0,80.0,5.0,,196.0,12.0,153.0,16.0,3.0
174978,,,,,,,,9.0,,6.0,,,,,,1.0,,,,,,,,1.0,,
175005,,,,,,,,735.0,,337.0,,,,,,88.0,41.0,28.0,87.0,2.0,,54.0,2.0,60.0,12.0,
175014,,,,,,,,453.0,,163.0,,,,,,64.0,10.0,,,,,,,18.0,,
175041,,,,,,,,322.0,,159.0,,,,,,17.0,13.0,18.0,7.0,1.0,,23.0,4.0,25.0,6.0,
175078,,,,,,,,316.0,,136.0,,,,,,12.0,15.0,12.0,36.0,,,27.0,2.0,21.0,9.0,
175120,,,,,,,,67.0,,21.0,,,,,,17.0,4.0,1.0,,,,4.0,,4.0,,
175139,,,,,,,,30.0,,7.0,,,,,,2.0,2.0,1.0,,,,,6.0,5.0,0.0,
175157,,,,,,,,47.0,,20.0,,,,,,1.0,,0.0,3.0,,,5.0,,4.0,2.0,
175227,,,,,,,,200.0,,106.0,,,,,,32.0,20.0,6.0,14.0,,,,,9.0,,1.0
175236,,,,,,,,236.0,,119.0,,,,,,10.0,8.0,8.0,3.0,1.0,,15.0,10.0,28.0,3.0,1.0
175263,,,,,,,,116.0,,62.0,,,,,,7.0,10.0,4.0,1.0,,,5.0,4.0,5.0,4.0,
175272,,,,,,,,785.0,,378.0,,,,,,21.0,40.0,48.0,61.0,4.0,,54.0,2.0,67.0,22.0,
175281,,,,,,,,296.0,,157.0,,,,,,27.0,11.0,7.0,25.0,,,5.0,,26.0,2.0,
175315,,,,,,,,465.0,,222.0,,,,,,17.0,17.0,20.0,8.0,2.0,,26.0,4.0,45.0,13.0,
175342,,,,,,,,660.0,,162.0,4.0,,,,,43.0,10.0,40.0,65.0,2.0,,104.0,,151.0,43.0,4.0
175421,,,,,,,,567.0,,271.0,,,,,,71.0,4.0,8.0,33.0,4.0,,43.0,1.0,42.0,,
175430,,,,,,,,100.0,,42.0,1.0,,,,,10.0,5.0,3.0,14.0,,,,,22.0,1.0,
175494,,,,,,,,10.0,,6.0,,,,,,2.0,,,,,,,,2.0,,
175519,,,,,,,,240.0,,94.0,,,,,,16.0,1.0,1.0,29.0,1.0,,32.0,2.0,41.0,2.0,3.0
175528,,,,,,,,29.0,,13.0,,,,,,3.0,,1.0,,,,0.0,1.0,2.0,,
175573,,,,,,,,337.0,,116.0,,,,,,26.0,12.0,6.0,33.0,,,74.0,4.0,46.0,1.0,0.0
175607,,,,,,,,3.0,,1.0,,,,,,1.0,,,,,,,,,,
175616,,,,,,,,549.0,,196.0,,,,,,36.0,11.0,5.0,31.0,4.0,,91.0,,71.0,18.0,8.0
175643,,,,,,,,260.0,,115.0,,,,,,19.0,13.0,3.0,20.0,,,38.0,1.0,32.0,6.0,1.0
175652,,,,,,,,388.0,,137.0,,,,,,24.0,6.0,7.0,41.0,2.0,,30.0,1.0,59.0,42.0,
175698,,,,,,,,7.0,,3.0,,,,,,1.0,,,,,,1.0,,2.0,,
175722,,,,,,,,3.0,,2.0,,,,,,,,,,,,,,1.0,,
175786,,,,,,,,1245.0,,486.0,,,,,,190.0,11.0,18.0,49.0,0.0,,162.0,,212.0,39.0,1.0
175810,,,,,,,,452.0,,228.0,,,,,,24.0,2.0,10.0,23.0,,,79.0,,44.0,,
175829,,,,,,,,428.0,,204.0,,5.0,,,,14.0,3.0,4.0,37.0,,,65.0,10.0,54.0,10.0,4.0
175856,,,,,,,,1072.0,,407.0,,,,,,124.0,23.0,47.0,39.0,7.0,,75.0,,301.0,28.0,14.0
175883,,,,,,,,360.0,,147.0,2.0,,,,,24.0,9.0,11.0,22.0,2.0,,48.0,5.0,71.0,10.0,
175935,,,,,,,,375.0,,162.0,,,,,,23.0,16.0,5.0,47.0,,,47.0,5.0,31.0,8.0,
175980,,,,,,,,287.0,,93.0,,,,,,26.0,1.0,4.0,35.0,4.0,,31.0,4.0,75.0,8.0,
175999,,,,,,,,74.0,,,,,,,,29.0,6.0,13.0,5.0,,,2.0,,17.0,2.0,
176008,,,,,,,,274.0,,120.0,,,,,,10.0,6.0,7.0,19.0,1.0,,42.0,3.0,43.0,,1.0
176017,,,,,,,,12300.0,,1948.0,,,,,,595.0,1035.0,759.0,409.0,5284.0,,464.0,1.0,1210.0,345.0,49.0
176035,,,,,,,,339.0,,166.0,,,,,,32.0,11.0,13.0,30.0,2.0,,19.0,1.0,58.0,,
176044,,,,,,,,444.0,,132.0,,,,,,45.0,28.0,18.0,45.0,1.0,,77.0,2.0,66.0,9.0,5.0
176053,,,,,,,,625.0,,297.0,,,,,,48.0,20.0,15.0,58.0,3.0,,51.0,,89.0,15.0,
176062,,,,,,,,4.0,,2.0,,,,,,1.0,,,,,,,,1.0,,
176071,,,,,,,,778.0,,324.0,2.0,,,,,51.0,19.0,8.0,31.0,,,148.0,9.0,151.0,,4.0
176080,,,,,,,,4596.0,,1006.0,91.0,172.0,,,,135.0,482.0,608.0,234.0,130.0,,322.0,6.0,639.0,188.0,80.0
176169,,,,,,,,327.0,,131.0,,,,,,27.0,2.0,4.0,34.0,,,56.0,,50.0,,
176178,,,,,,,,635.0,,266.0,,,,,,25.0,10.0,15.0,40.0,,,142.0,8.0,39.0,25.0,3.0
176239,,,,,,,,453.0,,222.0,,,,,,30.0,4.0,,13.0,1.0,,61.0,8.0,59.0,12.0,
176318,,,,,,,,172.0,,44.0,,,,,,17.0,14.0,3.0,12.0,1.0,,27.0,,28.0,3.0,1.0
176336,,,,,,,,12.0,,5.0,,,,,,1.0,1.0,1.0,1.0,,,,,,,
176354,,,,,,,,198.0,,69.0,,,,,,15.0,1.0,4.0,15.0,2.0,,41.0,,22.0,6.0,1.0
176372,,,,,,,,2362.0,,715.0,46.0,,,,,128.0,517.0,148.0,84.0,37.0,,215.0,23.0,260.0,61.0,15.0
176390,,,,,,,,17.0,,8.0,,,,,,2.0,1.0,,,,,0.0,2.0,2.0,,
176406,,,,,,,,276.0,,67.0,,,,,,39.0,13.0,22.0,50.0,3.0,,34.0,,45.0,2.0,
176451,,,,,,,,13.0,,4.0,,,,,,3.0,2.0,,,,,,,,,
176479,,,,,,,,518.0,,275.0,,,,,,21.0,7.0,12.0,35.0,1.0,,29.0,,84.0,19.0,
176600,,,,,,,,39.0,,20.0,,,,,,8.0,,1.0,1.0,,,1.0,,5.0,,
176628,,,,,,,,255.0,,118.0,,,,,,31.0,9.0,6.0,22.0,1.0,,11.0,,22.0,,
176664,,,,,,,,44.0,,18.0,1.0,,,,,13.0,0.0,1.0,0.0,0.0,,4.0,,4.0,,
176716,,,,,,,,12.0,,6.0,,,,,,2.0,2.0,,,,,,1.0,1.0,,
176770,,,,,,,,109.0,,70.0,,,,,,4.0,8.0,2.0,8.0,,,,1.0,5.0,,
176789,,,,,,,,81.0,,21.0,,,,,,10.0,6.0,3.0,7.0,,,5.0,,12.0,2.0,
176798,,,,,,,,50.0,,30.0,,,,,,5.0,,,,,,6.0,,6.0,,
176910,,,,,,,,38.0,,12.0,,,,,,6.0,2.0,1.0,2.0,,,1.0,1.0,8.0,,
176947,,,,,,,,249.0,,90.0,,,,,,16.0,12.0,12.0,38.0,2.0,,30.0,,28.0,6.0,
176965,,,,,,,,1237.0,,516.0,,,,,,134.0,120.0,36.0,52.0,14.0,,127.0,,137.0,35.0,13.0
176983,,,,,,,,40.0,,25.0,,,,,,2.0,,,1.0,,,4.0,,2.0,,
177038,,,,,,,,112.0,,49.0,,,,,,24.0,1.0,2.0,,1.0,,3.0,6.0,22.0,,
177056,,,,,,,,10.0,,4.0,,,,,,1.0,1.0,,,,,,,3.0,,
177065,,,,,,,,912.0,,274.0,,,,,,132.0,51.0,55.0,162.0,3.0,,52.0,,133.0,8.0,2.0
177083,,,,,,,,15.0,,7.0,,,,,,,,,,,,,,1.0,,
177092,,,,,,,,119.0,,41.0,,,,,,9.0,10.0,7.0,10.0,,,2.0,13.0,14.0,,
177117,,,,,,,,165.0,,45.0,1.0,,,,,39.0,4.0,4.0,6.0,2.0,,45.0,,14.0,,
177126,,,,,,,,77.0,,23.0,,,,,,4.0,7.0,,,,,8.0,3.0,19.0,,
177135,,,,,,,,410.0,,219.0,,,,,,24.0,9.0,10.0,8.0,,,9.0,,53.0,4.0,
177144,,,,,,,,193.0,,67.0,,,,,,17.0,,3.0,40.0,,,40.0,1.0,21.0,,
177214,,,,,,,,367.0,,128.0,,,,,,22.0,13.0,18.0,35.0,3.0,,43.0,,46.0,18.0,
177250,,,,,,,,241.0,,106.0,,,,,,29.0,13.0,9.0,11.0,,,13.0,4.0,33.0,2.0,
177278,,,,,,,,30.0,,9.0,,,,,,7.0,2.0,,1.0,,,0.0,,5.0,,
177287,,,,,,,,17.0,,6.0,,,,,,2.0,2.0,,,,,,2.0,4.0,1.0,
177302,,,,,,,,31.0,,7.0,,,,,,3.0,5.0,1.0,,,,,11.0,1.0,,
177339,,,,,,,,354.0,,121.0,,,,,,28.0,4.0,5.0,30.0,3.0,,42.0,,48.0,17.0,
177418,,,,,,,,276.0,,106.0,,,,,,46.0,4.0,7.0,23.0,1.0,,19.0,,44.0,4.0,
177436,,,,,,,,35.0,,2.0,,,,,,3.0,,,,,,2.0,,2.0,,
177472,,,,,,,,1049.0,,517.0,,,,,,71.0,21.0,49.0,40.0,,,90.0,22.0,53.0,1.0,3.0
177542,,,,,,,,123.0,,63.0,,,,,,8.0,3.0,2.0,14.0,2.0,,5.0,,23.0,,
177551,,,,,,,,209.0,,86.0,,,,,,25.0,7.0,8.0,11.0,1.0,,11.0,,14.0,4.0,2.0
177588,,,,,,,,4.0,,2.0,,,,,,1.0,,,,,,,,1.0,,
177603,,,,,,,,8.0,,5.0,,,,,,1.0,,,,,,,,2.0,,
177676,,,,,,,,335.0,,151.0,,,,,,32.0,8.0,15.0,11.0,1.0,,23.0,2.0,59.0,9.0,1.0
177685,,,,,,,,11.0,,5.0,,,,,,1.0,1.0,,,,,,,2.0,,
177719,,,,,,,,133.0,,70.0,4.0,,,,,16.0,6.0,5.0,4.0,6.0,,,,6.0,,
177746,,,,,,,,176.0,,73.0,,,,,,17.0,6.0,3.0,32.0,,,11.0,,22.0,,
177816,,,,,,,,49.0,,20.0,1.0,,,,,5.0,1.0,1.0,,,,2.0,,6.0,6.0,
177834,,,,,,,,996.0,,391.0,14.0,,,,,76.0,51.0,57.0,23.0,18.0,,84.0,,204.0,10.0,9.0
177870,,,,,,,,7.0,,1.0,,,,,,,,,,,,,,3.0,,
177931,,,,,,,,16.0,,10.0,,,,,,1.0,1.0,,2.0,,,,,2.0,,
177940,,,,,,,,372.0,,113.0,11.0,2.0,,,,35.0,14.0,29.0,35.0,4.0,,26.0,,46.0,13.0,1.0
177968,,,,,,,,1212.0,,589.0,,,,,,69.0,49.0,26.0,166.0,,,111.0,,48.0,,
177977,,,,,,,,191.0,,104.0,,,,,,6.0,6.0,8.0,8.0,,,15.0,2.0,16.0,3.0,
177986,,,,,,,,223.0,,74.0,1.0,18.0,,,,33.0,9.0,10.0,2.0,3.0,,5.0,,29.0,5.0,2.0
177995,,,,,,,,1568.0,,743.0,5.0,,,,,72.0,10.0,56.0,78.0,6.0,,69.0,,419.0,24.0,3.0
178004,,,,,,,,34.0,,25.0,,,,,,1.0,,,,,,1.0,,3.0,,
178059,,,,,,,,688.0,,379.0,,,,,,114.0,35.0,30.0,56.0,8.0,,28.0,1.0,24.0,6.0,
178077,,,,,,,,9.0,,4.0,,,,,,3.0,1.0,,,,,,,1.0,,
178110,,,,,,,,8.0,,3.0,,,,,,2.0,,,,,,,,3.0,,
178183,,,,,,,,19.0,,11.0,,,,,,1.0,,,,,,,,,,
178208,,,,,,,,170.0,,73.0,,,,,,16.0,4.0,3.0,11.0,,,14.0,4.0,32.0,6.0,
178217,,,,,,,,247.0,,108.0,,,,,,21.0,3.0,9.0,20.0,,,23.0,,52.0,,
178244,,,,,,,,371.0,,157.0,,,,,,27.0,13.0,10.0,68.0,6.0,,27.0,,50.0,4.0,3.0
178341,,,,,,,,595.0,,254.0,,,,,,28.0,11.0,19.0,55.0,2.0,,58.0,2.0,101.0,19.0,
178369,,,,,,,,231.0,,109.0,,,,,,14.0,2.0,5.0,6.0,1.0,,22.0,,32.0,,
178387,,,,,,,,581.0,,248.0,,,,,,30.0,15.0,13.0,46.0,3.0,,52.0,,86.0,14.0,
178396,,,,,,,,8989.0,,2131.0,320.0,102.0,,,,554.0,513.0,1034.0,674.0,545.0,,650.0,36.0,1506.0,291.0,120.0
178402,,,,,,,,2637.0,,859.0,16.0,3.0,,,,163.0,151.0,171.0,252.0,428.0,,139.0,23.0,276.0,48.0,19.0
178411,,,,,,,,1331.0,,416.0,25.0,,,,,99.0,87.0,122.0,141.0,13.0,,113.0,,217.0,67.0,6.0
178420,,,,,,,,1516.0,,517.0,6.0,23.0,,,,127.0,128.0,119.0,233.0,17.0,,101.0,2.0,160.0,54.0,4.0
178439,,,,,,,,466.0,,,,,,,,69.0,124.0,170.0,29.0,,,1.0,5.0,45.0,,4.0
178448,,,,,,,,352.0,,129.0,,,,,,37.0,7.0,10.0,18.0,,,35.0,,59.0,6.0,0.0
178466,,,,,,,,55.0,,34.0,,,,,,2.0,,1.0,2.0,,,6.0,,5.0,,
178518,,,,,,,,42.0,,19.0,,,,,,3.0,1.0,3.0,1.0,,,4.0,,4.0,1.0,
178527,,,,,,,,4.0,,3.0,,,,,,1.0,,,,,,,,,,
178615,,,,,,,,733.0,,315.0,,,,,,26.0,16.0,31.0,112.0,7.0,,61.0,,77.0,42.0,8.0
178624,,,,,,,,702.0,,247.0,,,,,,26.0,74.0,22.0,39.0,12.0,,92.0,7.0,76.0,30.0,18.0
178679,,,,,,,,116.0,,31.0,,,,,,18.0,2.0,3.0,6.0,0.0,,19.0,2.0,16.0,3.0,
178697,,,,,,,,357.0,,116.0,,,,,,30.0,4.0,8.0,9.0,3.0,,69.0,3.0,29.0,47.0,16.0
178721,,,,,,,,873.0,,419.0,,,,,,38.0,61.0,36.0,47.0,1.0,,33.0,,49.0,8.0,
178767,,,,,,,,16.0,,9.0,,,,,,2.0,1.0,,,,,,1.0,1.0,,
178828,,,,,,,,17.0,,11.0,,,,,,1.0,,,,,,2.0,,2.0,,
178891,,,,,,,,194.0,,114.0,,,,,,4.0,21.0,7.0,,,,6.0,,11.0,,
178989,,,,,,,,47.0,,33.0,,,,,,2.0,2.0,1.0,1.0,,,,,2.0,,
179043,,,,,,,,394.0,,166.0,,,,,,33.0,20.0,17.0,41.0,2.0,,44.0,1.0,41.0,8.0,
179052,,,,,,,,34.0,,18.0,,,,,,2.0,2.0,,1.0,,,5.0,,4.0,,
179159,,,,,,,,4824.0,,1478.0,86.0,27.0,,,,532.0,233.0,183.0,120.0,878.0,,549.0,,667.0,1.0,35.0
179195,,,,,,,,4.0,,2.0,,,,,,,,,,,,,,,,
179229,,,,,,,,4.0,,3.0,,,,,,,1.0,,,,,,,,,
179238,,,,,,,,14.0,,4.0,,,,,,,,,,4.0,,3.0,,,1.0,2.0
179256,,,,,,,,31.0,,14.0,,,,,,5.0,1.0,0.0,,,,3.0,0.0,2.0,,
179265,,,,,,,,270.0,,86.0,8.0,,,,,49.0,12.0,19.0,25.0,,,28.0,,27.0,6.0,
179308,,,,,,,,1634.0,,636.0,,,,,,116.0,153.0,63.0,28.0,2.0,,126.0,,271.0,48.0,5.0
179317,,,,,,,,29.0,,14.0,,,,,,1.0,2.0,,1.0,,,,2.0,4.0,,
179326,,,,,,,,429.0,,207.0,,,,,,48.0,16.0,8.0,35.0,1.0,,44.0,,45.0,3.0,
179344,,,,,,,,168.0,,59.0,,,,,,8.0,4.0,8.0,17.0,1.0,,17.0,1.0,24.0,0.0,
179450,,,,,,,,69.0,,43.0,,,,,,9.0,5.0,3.0,4.0,,,,,5.0,,
179511,,,,,,,,29.0,,10.0,,,,,,6.0,3.0,1.0,,,,2.0,4.0,3.0,,
179539,,,,,,,,330.0,,154.0,,,,,,7.0,,1.0,0.0,,,20.0,,143.0,,
179548,,,,,,,,206.0,,63.0,,,,,,14.0,12.0,6.0,17.0,,,23.0,8.0,20.0,15.0,
179557,,,,,,,,1113.0,,445.0,,,,,,55.0,125.0,28.0,121.0,7.0,,108.0,,99.0,51.0,30.0
179566,,,,,,,,2382.0,,887.0,4.0,,,,,96.0,157.0,130.0,202.0,44.0,,220.0,11.0,304.0,93.0,11.0
179645,,,,,,,,229.0,,104.0,,,,,,11.0,7.0,13.0,18.0,,,9.0,6.0,34.0,4.0,
179715,,,,,,,,135.0,,50.0,,,,,,10.0,9.0,7.0,,,,14.0,2.0,31.0,,
179812,,,,,,,,340.0,,67.0,4.0,,,,,34.0,24.0,15.0,18.0,7.0,,48.0,2.0,45.0,10.0,
179867,,,,,,,,15080.0,,1816.0,965.0,1258.0,,,,1049.0,1091.0,2106.0,431.0,1905.0,,1417.0,7.0,2515.0,248.0,60.0
179894,,,,,,,,1138.0,,527.0,,,,,,132.0,67.0,33.0,88.0,1.0,,15.0,,160.0,20.0,
179946,,,,,,,,172.0,,59.0,,,,,,17.0,9.0,7.0,29.0,,,,,14.0,5.0,
179955,,,,,,,,214.0,,88.0,,,,,,28.0,11.0,7.0,38.0,1.0,,2.0,1.0,24.0,9.0,
179964,,,,,,,,287.0,,131.0,,,,,,24.0,10.0,11.0,28.0,2.0,,27.0,17.0,24.0,5.0,2.0
179991,,,,,,,,3.0,,1.0,,,,,,2.0,,,,,,,,0.0,,
180054,,,,,,,,113.0,,45.0,3.0,2.0,,,,13.0,7.0,4.0,1.0,,,6.0,,14.0,3.0,
180063,,,,,,,,5.0,,3.0,,,,,,1.0,,,,,,,,1.0,,
180090,,,,,,,,8.0,,6.0,,,,,,,,,,,,,,1.0,1.0,
180106,,,,,,,,249.0,,105.0,,,,,,35.0,22.0,8.0,27.0,4.0,,21.0,,11.0,2.0,2.0
180151,,,,,,,,56.0,,18.0,,,,,,18.0,2.0,1.0,3.0,,,6.0,,5.0,,
180160,,,,,,,,48.0,,13.0,1.0,1.0,,,,4.0,1.0,2.0,4.0,,,5.0,,9.0,,
180179,,,,,,,,496.0,,202.0,,,,,,73.0,30.0,18.0,56.0,1.0,,41.0,2.0,48.0,13.0,
180197,,,,,,,,248.0,,116.0,,,,,,28.0,11.0,7.0,11.0,1.0,,18.0,0.0,25.0,4.0,
180203,,,,,,,,48.0,,14.0,,4.0,,,,11.0,2.0,2.0,,,,4.0,1.0,5.0,,
180212,,,,,,,,71.0,,22.0,,,,,,4.0,5.0,2.0,3.0,,,1.0,,17.0,8.0,
180249,,,,,,,,143.0,,67.0,,,,,,13.0,10.0,9.0,5.0,,,7.0,3.0,12.0,,
180258,,,,,,,,199.0,,71.0,,,,,,31.0,8.0,7.0,40.0,5.0,,15.0,,16.0,,
180276,,,,,,,,126.0,,65.0,,7.0,,,,20.0,6.0,5.0,2.0,,,4.0,2.0,9.0,3.0,
180328,,,,,,,,81.0,,26.0,3.0,7.0,,,,2.0,5.0,3.0,5.0,,,1.0,,7.0,4.0,
180373,,,,,,,,95.0,,34.0,,0.0,,,,13.0,3.0,2.0,6.0,,,13.0,,18.0,,
180416,,,,,,,,434.0,,160.0,34.0,,,,,37.0,18.0,35.0,26.0,1.0,,53.0,5.0,30.0,14.0,
180461,,,,,,,,2678.0,,739.0,23.0,20.0,,,,395.0,196.0,381.0,117.0,43.0,,287.0,17.0,161.0,84.0,30.0
180489,,,,,,,,1932.0,,566.0,81.0,77.0,,,,296.0,116.0,191.0,110.0,74.0,,165.0,3.0,147.0,55.0,11.0
180522,,,,,,,,205.0,,62.0,2.0,12.0,,,,25.0,4.0,8.0,17.0,3.0,,24.0,,22.0,3.0,1.0
180595,,,,,,,,223.0,,77.0,,,,,,23.0,10.0,7.0,36.0,1.0,,21.0,1.0,22.0,4.0,7.0
180647,,,,,,,,181.0,,82.0,,,,,,24.0,,6.0,,,,18.0,,40.0,,
180692,,,,,,,,205.0,,78.0,,,,,,18.0,11.0,6.0,27.0,,,28.0,1.0,20.0,9.0,
180771,,,,,,,,2.0,,1.0,,,,,,1.0,,,,,,,,0.0,,
180814,,,,,,,,745.0,,282.0,,,,,,125.0,7.0,68.0,78.0,,,17.0,8.0,16.0,8.0,
180832,,,,,,,,142.0,,66.0,0.0,,,,,30.0,6.0,7.0,2.0,,,,,9.0,1.0,
180878,,,,,,,,83.0,,52.0,,,,,,12.0,4.0,1.0,4.0,,,,,5.0,,
180902,,,,,,,,609.0,,241.0,,,,,,37.0,28.0,25.0,45.0,1.0,,39.0,4.0,84.0,17.0,5.0
180948,,,,,,,,312.0,,108.0,,,,,,21.0,13.0,12.0,30.0,1.0,,26.0,,23.0,25.0,3.0
180957,,,,,,,,22.0,,13.0,,,,,,1.0,2.0,,,,,,4.0,,,0.0
180984,,,,,,,,238.0,,101.0,,,,,,36.0,5.0,8.0,36.0,4.0,,4.0,,20.0,1.0,
181002,,,,,,,,2032.0,,773.0,14.0,,,,,185.0,298.0,101.0,85.0,93.0,,166.0,9.0,228.0,23.0,6.0
181020,,,,,,,,297.0,,102.0,2.0,,,,,34.0,10.0,13.0,49.0,3.0,,37.0,3.0,27.0,10.0,
181127,,,,,,,,189.0,,75.0,,,,,,24.0,3.0,4.0,29.0,,,4.0,,22.0,,
181145,,,,,,,,3.0,,3.0,,,,,,,,,,,,,,,,
181190,,,,,,,,35.0,,19.0,,,,,,8.0,5.0,,,,,,2.0,,1.0,
181215,,,,,,,,805.0,,364.0,,,,,,94.0,28.0,12.0,57.0,5.0,,74.0,,95.0,24.0,9.0
181242,,,,,,,,13.0,,9.0,,,,,,1.0,,,,,,,,2.0,,
181297,,,,,,,,134.0,,64.0,,,,,,24.0,8.0,2.0,3.0,3.0,,0.0,1.0,11.0,,
181303,,,,,,,,1172.0,,579.0,,,,,,73.0,34.0,55.0,81.0,1.0,,87.0,12.0,155.0,24.0,
181312,,,,,,,,296.0,,116.0,2.0,11.0,,,,23.0,4.0,12.0,33.0,5.0,,,,18.0,27.0,
181330,,,,,,,,257.0,,85.0,,,,,,16.0,9.0,7.0,58.0,2.0,,2.0,,11.0,8.0,
181376,,,,,,,,30.0,,10.0,,,,,,9.0,,,3.0,0.0,,1.0,3.0,2.0,1.0,
181394,,,,,,,,1629.0,,703.0,10.0,6.0,,,,194.0,87.0,55.0,135.0,7.0,,140.0,10.0,199.0,17.0,16.0
181400,,,,,,,,12.0,,8.0,,,,,,1.0,,,,,,,,1.0,,
181419,,,,,,,,47.0,,19.0,,,,,,8.0,4.0,,1.0,,,,,,2.0,
181428,,,,,,,,4222.0,,527.0,244.0,580.0,,,,343.0,166.0,532.0,119.0,891.0,,168.0,1.0,514.0,61.0,21.0
181446,,,,,,,,381.0,,177.0,,,,,,40.0,10.0,8.0,48.0,6.0,,37.0,,31.0,12.0,
181464,,,,,,,,5822.0,,1333.0,333.0,199.0,,,,599.0,348.0,628.0,492.0,47.0,,643.0,20.0,615.0,217.0,67.0
181491,,,,,,,,440.0,,187.0,,,,,,28.0,13.0,30.0,17.0,,,37.0,3.0,76.0,13.0,
181534,,,,,,,,197.0,,69.0,,,,,,27.0,1.0,7.0,26.0,3.0,,18.0,,24.0,14.0,
181543,,,,,,,,12.0,,2.0,,,,,,3.0,0.0,,,,,1.0,,3.0,,
181604,,,,,,,,183.0,,73.0,,,,,,26.0,6.0,4.0,13.0,,,14.0,1.0,21.0,3.0,
181640,,,,,,,,839.0,,459.0,,,,,,49.0,27.0,21.0,26.0,,,76.0,4.0,73.0,26.0,4.0
181738,,,,,,,,189.0,,82.0,,,,,,16.0,14.0,7.0,11.0,0.0,,17.0,,16.0,7.0,
181747,,,,,,,,444.0,,,,,,,,96.0,27.0,224.0,31.0,,,,2.0,40.0,1.0,
181765,,,,,,,,54.0,,16.0,,,,,,4.0,2.0,1.0,1.0,,,16.0,2.0,2.0,3.0,
181783,,,,,,,,396.0,,147.0,,,,,,32.0,23.0,12.0,29.0,5.0,,46.0,,47.0,12.0,8.0
181817,,,,,,,,235.0,,85.0,,,,,,31.0,10.0,8.0,34.0,,,7.0,2.0,34.0,8.0,
181853,,,,,,,,102.0,,37.0,,,,,,7.0,6.0,2.0,16.0,,,4.0,10.0,6.0,8.0,
181880,,,,,,,,19.0,,12.0,,,,,,3.0,2.0,,,,,,1.0,1.0,,
181941,,,,,,,,63.0,,33.0,,,,,,9.0,1.0,1.0,,,,1.0,4.0,3.0,,
182005,,,,,,,,1608.0,,890.0,,,,,,89.0,96.0,42.0,84.0,7.0,,63.0,,218.0,41.0,3.0
182111,,,,,,,,49.0,,27.0,,,,,,4.0,3.0,,1.0,,,,,13.0,,
182148,,,,,,,,18.0,,8.0,,,,,,3.0,,,,,,,,1.0,,
182281,,,,,,,,4362.0,,1431.0,126.0,,,,,175.0,514.0,307.0,315.0,339.0,,359.0,1.0,436.0,117.0,6.0
182290,,,,,,,,3584.0,,1079.0,207.0,23.0,,,,130.0,462.0,375.0,252.0,185.0,,166.0,11.0,466.0,101.0,8.0
182306,,,,,,,,304.0,,133.0,,,,,,15.0,23.0,13.0,6.0,,,17.0,,25.0,6.0,
182458,,,,,,,,136.0,,77.0,,,,,,12.0,11.0,3.0,9.0,,,,,13.0,,1.0
182500,,,,,,,,660.0,,344.0,,,,,,27.0,64.0,27.0,28.0,,,37.0,1.0,80.0,12.0,1.0
182519,,,,,,,,148.0,,,2.0,,,,,27.0,38.0,65.0,4.0,,,,,12.0,,
182564,,,,,,,,294.0,,125.0,,,,,,19.0,25.0,9.0,12.0,,,22.0,,22.0,9.0,1.0
182634,,,,,,,,256.0,,70.0,,,,,,31.0,9.0,9.0,37.0,6.0,,54.0,1.0,22.0,,
182652,,,,,,,,5.0,,2.0,,,,,,1.0,1.0,,,,,0.0,,1.0,,
182670,,,,,,,,3862.0,,771.0,44.0,,,,,418.0,156.0,662.0,340.0,45.0,,414.0,4.0,478.0,106.0,19.0
182704,,,,,,,,7.0,,3.0,,,,,,1.0,1.0,,,,,,1.0,1.0,,
182722,,,,,,,,9.0,,5.0,,,,,,1.0,1.0,,,,,,1.0,1.0,,
182795,,,,,,,,369.0,,172.0,,,,,,37.0,14.0,6.0,43.0,5.0,,28.0,,33.0,8.0,
182829,,,,,,,,66.0,,35.0,,,,,,6.0,2.0,3.0,3.0,,,,,12.0,1.0,
182892,,,,,,,,9.0,,4.0,,,,,,1.0,1.0,,,,,0.0,,1.0,,
182917,,,,,,,,19.0,,8.0,,,,,,1.0,0.0,,,,,,2.0,2.0,,
182953,,,,,,,,14.0,,6.0,,,,,,3.0,3.0,,,,,0.0,,2.0,,
182980,,,,,,,,310.0,,96.0,,,,,,44.0,19.0,7.0,43.0,6.0,,10.0,,51.0,,
182999,,,,,,,,3.0,,2.0,,,,,,,,,,,,,,0.0,,
183026,,,,,,,,5179.0,,2256.0,,,,,,659.0,339.0,101.0,51.0,7.0,,117.0,,1466.0,,2.0
183035,,,,,,,,7.0,,4.0,,,,,,2.0,,,,,,,,,,
183044,,,,,,,,2954.0,,748.0,114.0,,,,,413.0,173.0,304.0,167.0,24.0,,214.0,3.0,466.0,59.0,34.0
183062,,,,,,,,564.0,,242.0,1.0,,,,,64.0,32.0,28.0,36.0,2.0,,14.0,,75.0,22.0,4.0
183071,,,,,,,,115.0,,63.0,,,,,,14.0,2.0,2.0,11.0,,,5.0,,11.0,,
183080,,,,,,,,653.0,,273.0,3.0,,,,,69.0,30.0,34.0,47.0,0.0,,60.0,1.0,90.0,15.0,7.0
183099,,,,,,,,336.0,,195.0,,,,,,6.0,8.0,9.0,,,,26.0,,19.0,,
183105,,,,,,,,99.0,,58.0,,,,,,5.0,2.0,2.0,,,,5.0,,4.0,,
183114,,,,,,,,111.0,,67.0,,,,,,3.0,4.0,3.0,,,,3.0,,7.0,,
183123,,,,,,,,105.0,,67.0,,,,,,2.0,4.0,1.0,,,,8.0,,6.0,,
183132,,,,,,,,240.0,,164.0,,,,,,4.0,6.0,5.0,,,,14.0,,8.0,,
183141,,,,,,,,179.0,,120.0,,,,,,3.0,6.0,4.0,,,,1.0,,8.0,8.0,
183150,,,,,,,,188.0,,109.0,,,,,,5.0,5.0,4.0,,,,5.0,,9.0,,
183202,,,,,,,,6.0,,2.0,,,,,,1.0,,,,,,,1.0,2.0,,
183211,,,,,,,,312.0,,122.0,,,,,,34.0,10.0,3.0,14.0,3.0,,37.0,,23.0,5.0,
183239,,,,,,,,618.0,,178.0,,,,,,89.0,7.0,23.0,47.0,9.0,,145.0,,52.0,24.0,7.0
183248,,,,,,,,25.0,,15.0,,,,,,,2.0,1.0,,,,,,3.0,,
183257,,,,,,,,165.0,,64.0,,,,,,27.0,15.0,10.0,5.0,,,,,26.0,,
183275,,,,,,,,20.0,,8.0,,,,,,1.0,2.0,,,,,2.0,,7.0,,
183327,,,,,,,,78.0,,,,,,,,25.0,22.0,12.0,2.0,,,,,18.0,,
183488,,,,,,,,59.0,,27.0,,,,,,9.0,4.0,,,,,,5.0,7.0,2.0,
183600,,,,,,,,9.0,,4.0,,,,,,2.0,,0.0,,0.0,,1.0,,0.0,,
183655,,,,,,,,391.0,,176.0,,,,,,33.0,28.0,28.0,18.0,,,41.0,,46.0,10.0,1.0
183725,,,,,,,,120.0,,37.0,,,,,,11.0,4.0,1.0,1.0,,,1.0,10.0,54.0,0.0,
183743,,,,,,,,891.0,,467.0,,,,,,66.0,55.0,25.0,52.0,1.0,,97.0,,75.0,5.0,
183789,,,,,,,,506.0,,187.0,,,,,,39.0,28.0,,10.0,,,19.0,2.0,51.0,,
183804,,,,,,,,181.0,,53.0,,6.0,,,,23.0,14.0,4.0,1.0,,,6.0,,49.0,,0.0
183822,,,,,,,,301.0,,114.0,,,,,,42.0,4.0,13.0,5.0,4.0,,14.0,,84.0,8.0,1.0
183859,,,,,,,,712.0,,375.0,3.0,31.0,,,,16.0,22.0,6.0,18.0,,,19.0,,61.0,15.0,3.0
183877,,,,,,,,583.0,,240.0,,,,,,65.0,35.0,8.0,41.0,2.0,,74.0,1.0,59.0,11.0,8.0
183910,,,,,,,,307.0,,149.0,,,,,,38.0,17.0,8.0,30.0,5.0,,3.0,,32.0,,
183938,,,,,,,,576.0,,320.0,,,,,,20.0,15.0,29.0,22.0,4.0,,25.0,,74.0,8.0,
183974,,,,,,,,269.0,,127.0,1.0,,,,,27.0,11.0,3.0,36.0,3.0,,12.0,,17.0,9.0,
183983,,,,,,,,29.0,,13.0,,,,,,2.0,2.0,,1.0,,,,,10.0,,
184047,,,,,,,,6.0,,2.0,,,,,,1.0,,,,,,,,1.0,,
184056,,,,,,,,47.0,,27.0,,,,,,11.0,,1.0,,,,0.0,,4.0,,
184092,,,,,,,,45.0,,16.0,,,,,,6.0,,,,,,2.0,9.0,11.0,,
184180,,,,,,,,559.0,,281.0,,,,,,43.0,11.0,32.0,24.0,2.0,,45.0,,93.0,12.0,5.0
184205,,,,,,,,268.0,,116.0,,,,,,25.0,14.0,8.0,34.0,2.0,,5.0,1.0,28.0,1.0,
184278,,,,,,,,9.0,,4.0,,,,,,1.0,1.0,,,,,,2.0,1.0,,
184348,,,,,,,,492.0,,184.0,,,,,,58.0,36.0,15.0,59.0,4.0,,23.0,,55.0,5.0,2.0
184427,,,,,,,,33.0,,17.0,,,,,,11.0,,,,,,,,3.0,,
184481,,,,,,,,564.0,,242.0,,,,,,69.0,14.0,12.0,5.0,,,68.0,,91.0,10.0,
184506,,,,,,,,8.0,,6.0,,,,,,,,,,,,,,1.0,,
184603,,,,,,,,810.0,,334.0,,,,,,196.0,29.0,30.0,46.0,5.0,,36.0,,115.0,4.0,
184612,,,,,,,,297.0,,125.0,,,,,,30.0,12.0,12.0,20.0,2.0,,6.0,,58.0,10.0,7.0
184694,,,,,,,,499.0,,254.0,,,,,,60.0,18.0,16.0,43.0,6.0,,34.0,,56.0,2.0,3.0
184746,,,,,,,,127.0,,32.0,,,,,,9.0,3.0,,2.0,,,49.0,2.0,7.0,,
184773,,,,,,,,378.0,,152.0,,,,,,20.0,23.0,8.0,41.0,5.0,,46.0,,51.0,1.0,
184782,,,,,,,,3150.0,,1087.0,25.0,,,,,310.0,419.0,118.0,45.0,253.0,,327.0,1.0,442.0,83.0,5.0
184791,,,,,,,,466.0,,162.0,,,,,,39.0,27.0,23.0,39.0,1.0,,51.0,0.0,75.0,4.0,
184816,,,,,,,,7.0,,4.0,,,,,,1.0,,,,,,,,1.0,,
184870,,,,,,,,12.0,,4.0,,,,,,5.0,,,,,,,,2.0,,
184959,,,,,,,,85.0,,34.0,,,,,,6.0,6.0,5.0,,,,,7.0,12.0,5.0,
184968,,,,,,,,24.0,,18.0,,,,,,2.0,1.0,,,,,,,3.0,,
184995,,,,,,,,594.0,,245.0,,,,,,69.0,7.0,24.0,5.0,,,10.0,,107.0,11.0,
185129,,,,,,,,1102.0,,441.0,,,,,,91.0,42.0,33.0,5.0,2.0,,120.0,,104.0,25.0,
185174,,,,,,,,32.0,,23.0,,,,,,2.0,,,,,,,,6.0,1.0,
185262,,,,,,,,1280.0,,702.0,,,,,,196.0,36.0,24.0,34.0,5.0,,32.0,,208.0,27.0,7.0
185332,,,,,,,,20.0,,5.0,,,,,,8.0,,,,,,,,1.0,,
185396,,,,,,,,80.0,,38.0,,,,,,23.0,1.0,1.0,,,,,,14.0,,
185466,,,,,,,,31.0,,14.0,,,,,,4.0,3.0,,,,,,,6.0,,
185509,,,,,,,,554.0,,236.0,,,,,,33.0,17.0,15.0,41.0,1.0,,44.0,,76.0,6.0,4.0
185536,,,,,,,,764.0,,318.0,3.0,24.0,,,,9.0,21.0,37.0,34.0,5.0,,74.0,,124.0,25.0,5.0
185572,,,,,,,,1146.0,,421.0,,,,,,82.0,53.0,50.0,137.0,19.0,,160.0,,166.0,,
185590,,,,,,,,2440.0,,1061.0,,,,,,71.0,423.0,125.0,168.0,56.0,,238.0,,205.0,54.0,13.0
185651,,,,,,,,9.0,,8.0,,,,,,1.0,,,,,,,,,,
185679,,,,,,,,39.0,,27.0,,,,,,1.0,,,,,,,,9.0,1.0,
185721,,,,,,,,56.0,,30.0,,,,,,2.0,,,,,,,4.0,12.0,1.0,
185758,,,,,,,,42.0,,21.0,,,,,,3.0,1.0,1.0,,,,3.0,,6.0,,
185767,,,,,,,,27.0,,16.0,,,,,,2.0,1.0,,,,,,1.0,4.0,2.0,
185828,,,,,,,,1561.0,,541.0,70.0,,,,,92.0,116.0,150.0,132.0,1.0,,146.0,,191.0,31.0,7.0
185873,,,,,,,,519.0,,222.0,,,,,,115.0,19.0,23.0,16.0,,,30.0,,65.0,6.0,
185970,,,,,,,,14.0,,7.0,,,,,,2.0,1.0,,,,,3.0,,1.0,,
186016,,,,,,,,42.0,,18.0,,,,,,2.0,1.0,,,,,,7.0,10.0,2.0,
186034,,,,,,,,542.0,,203.0,,,,,,63.0,11.0,9.0,23.0,0.0,,52.0,,73.0,4.0,
186052,,,,,,,,57.0,,25.0,,,,,,5.0,1.0,1.0,,,,5.0,6.0,11.0,,
186122,,,,,,,,229.0,,47.0,1.0,,,,,53.0,11.0,12.0,12.0,,,23.0,,39.0,15.0,
186131,,,,,,,,6553.0,,1040.0,,,,,,703.0,590.0,1346.0,259.0,65.0,,750.0,,975.0,449.0,
186186,,,,,,,,33.0,,15.0,,,,,,4.0,1.0,,,,,10.0,,3.0,,
186201,,,,,,,,784.0,,297.0,,,,,,35.0,,25.0,14.0,,,69.0,,169.0,35.0,
186274,,,,,,,,23.0,,11.0,,,,,,,0.0,,,,,,2.0,7.0,2.0,
186283,,,,,,,,860.0,,327.0,,,,,,118.0,53.0,29.0,84.0,3.0,,45.0,,97.0,25.0,1.0
186371,,,,,,,,1076.0,,436.0,19.0,,,,,17.0,156.0,43.0,33.0,12.0,,104.0,,117.0,18.0,
186380,,,,,,,,17874.0,,4186.0,813.0,50.0,,,,283.0,2408.0,1833.0,731.0,2605.0,,1924.0,5.0,1976.0,500.0,16.0
186399,,,,,,,,1804.0,,715.0,86.0,,,,,37.0,234.0,84.0,68.0,11.0,,202.0,,141.0,80.0,
186405,,,,,,,,3.0,,1.0,,,,,,1.0,,,,1.0,,,,,,
186423,,,,,,,,12.0,,7.0,,,,,,2.0,,,,,,,,1.0,,
186432,,,,,,,,445.0,,186.0,,,,,,52.0,17.0,11.0,62.0,5.0,,7.0,,68.0,,
186469,,,,,,,,114.0,,44.0,,,,,,20.0,7.0,3.0,8.0,,,5.0,,9.0,1.0,
186584,,,,,,,,1639.0,,684.0,,,,,,135.0,116.0,88.0,146.0,14.0,,46.0,,192.0,47.0,5.0
186593,,,,,,,,15.0,,8.0,,,,,,1.0,1.0,,,,,,,1.0,,
186618,,,,,,,,210.0,,100.0,,,,,,24.0,9.0,11.0,15.0,2.0,,2.0,,23.0,6.0,
186645,,,,,,,,542.0,,250.0,,,,,,39.0,3.0,,,,,20.0,,123.0,15.0,
186867,,,,,,,,1000.0,,341.0,75.0,,,,,205.0,72.0,20.0,9.0,9.0,,51.0,,144.0,5.0,6.0
186876,,,,,,,,1351.0,,457.0,,,,,,88.0,56.0,64.0,78.0,3.0,,175.0,1.0,256.0,89.0,3.0
186900,,,,,,,,7.0,,5.0,,,,,,0.0,,,,,,1.0,,1.0,,
187000,,,,,,,,22.0,,15.0,,,,,,2.0,3.0,,,,,,1.0,1.0,,
187046,,,,,,,,311.0,,,,,,,,103.0,29.0,22.0,74.0,,,,,54.0,,
187134,,,,,,,,1284.0,,526.0,,,,,,101.0,68.0,41.0,81.0,17.0,,56.0,,91.0,181.0,
187198,,,,,,,,633.0,,255.0,,,,,,41.0,22.0,18.0,11.0,8.0,,61.0,,52.0,11.0,1.0
187444,,,,,,,,1418.0,,628.0,,,,,,50.0,60.0,80.0,105.0,9.0,,197.0,,238.0,,
187505,,,,,,,,79.0,,37.0,,,,,,16.0,2.0,,0.0,,,,,2.0,1.0,
187532,,,,,,,,1433.0,,540.0,,,,,,112.0,93.0,81.0,28.0,1.0,,157.0,4.0,111.0,24.0,12.0
187596,,,,,,,,228.0,,103.0,,2.0,,,,10.0,7.0,5.0,4.0,2.0,,34.0,5.0,19.0,6.0,3.0
187620,,,,,,,,456.0,,239.0,,,,,,18.0,14.0,36.0,19.0,1.0,,31.0,3.0,70.0,9.0,
187639,,,,,,,,203.0,,80.0,,,,,,22.0,7.0,12.0,8.0,,,13.0,,13.0,4.0,
187648,,,,,,,,521.0,,193.0,,,,,,46.0,25.0,36.0,42.0,,,57.0,1.0,60.0,7.0,1.0
187666,,,,,,,,222.0,,76.0,,,,,,10.0,10.0,15.0,9.0,,,27.0,,17.0,4.0,1.0
187745,,,,,,,,129.0,,42.0,,,,,,29.0,4.0,4.0,5.0,2.0,,4.0,3.0,13.0,3.0,1.0
187897,,,,,,,,491.0,,171.0,,,,,,42.0,25.0,23.0,32.0,3.0,,49.0,,60.0,29.0,
187903,,,,,,,,260.0,,80.0,,,,,,8.0,13.0,8.0,3.0,,,51.0,,8.0,8.0,
187912,,,,,,,,292.0,,78.0,1.0,,,,,16.0,2.0,16.0,9.0,2.0,,72.0,,38.0,13.0,
187958,,,,,,,,159.0,,71.0,,,,,,12.0,4.0,3.0,1.0,,,17.0,3.0,25.0,5.0,1.0
187967,,,,,,,,765.0,,158.0,5.0,,,,,46.0,63.0,157.0,17.0,2.0,,85.0,,112.0,81.0,4.0
187976,,,,,,,,47.0,,23.0,,,,,,7.0,4.0,2.0,1.0,,,,,7.0,,
187985,,,,,,,,6698.0,,1969.0,150.0,85.0,,,,736.0,679.0,483.0,247.0,374.0,,312.0,13.0,912.0,259.0,53.0
187994,,,,,,,,110.0,,54.0,,,,,,7.0,6.0,3.0,8.0,,,9.0,,15.0,4.0,
188003,,,,,,,,109.0,,49.0,,1.0,,,,7.0,5.0,5.0,3.0,1.0,,5.0,,25.0,4.0,
188021,,,,,,,,55.0,,27.0,,,,,,3.0,6.0,2.0,1.0,,,4.0,,7.0,1.0,
188030,,,,,,,,2852.0,,708.0,44.0,124.0,,,,102.0,358.0,365.0,171.0,39.0,,189.0,3.0,478.0,182.0,42.0
188049,,,,,,,,140.0,,49.0,,,,,,14.0,8.0,5.0,2.0,,,14.0,1.0,20.0,4.0,
188058,,,,,,,,173.0,,56.0,,,,,,10.0,9.0,6.0,12.0,,,25.0,5.0,14.0,5.0,1.0
188100,,,,,,,,619.0,,234.0,3.0,20.0,,,,50.0,16.0,21.0,40.0,1.0,,68.0,10.0,97.0,12.0,2.0
188137,,,,,,,,437.0,,168.0,,5.0,,,,69.0,13.0,18.0,18.0,,,37.0,4.0,31.0,10.0,
188182,,,,,,,,98.0,,29.0,,,,,,9.0,2.0,4.0,17.0,1.0,,4.0,1.0,9.0,4.0,
188207,,,,,,,,36.0,,11.0,,,,,,5.0,1.0,1.0,1.0,,,4.0,,4.0,,
188216,,,,,,,,99.0,,18.0,,,,,,15.0,2.0,3.0,4.0,,,17.0,,29.0,4.0,
188225,,,,,,,,107.0,,36.0,1.0,,,,,10.0,9.0,2.0,2.0,,,,,19.0,6.0,3.0
188261,,,,,,,,62.0,,28.0,,,,,,10.0,4.0,3.0,1.0,1.0,,,,,,
188289,,,,,,,,8.0,,5.0,,,,,,1.0,,,,,,,1.0,1.0,,
188304,,,,,,,,376.0,,144.0,,,,,,35.0,40.0,16.0,38.0,2.0,,32.0,,30.0,8.0,1.0
188340,,,,,,,,195.0,,79.0,,,,,,34.0,4.0,14.0,,,,1.0,,11.0,6.0,
188429,,,,,,,,1395.0,,580.0,,,,,,153.0,50.0,53.0,120.0,12.0,,103.0,2.0,198.0,34.0,5.0
188438,,,,,,,,313.0,,148.0,,,,,,27.0,34.0,12.0,14.0,,,30.0,,37.0,,
188517,,,,,,,,72.0,,35.0,,,,,,5.0,1.0,2.0,18.0,,,3.0,,7.0,,
188526,,,,,,,,268.0,,96.0,20.0,3.0,,,,39.0,13.0,10.0,22.0,10.0,,13.0,,22.0,,
188535,,,,,,,,118.0,,46.0,,,,,,14.0,8.0,4.0,10.0,,,,,19.0,1.0,
188580,,,,,,,,1997.0,,591.0,,,,,,146.0,51.0,15.0,23.0,480.0,,163.0,,521.0,,
188641,,,,,,,,556.0,,163.0,,,,,,37.0,28.0,48.0,37.0,9.0,,56.0,20.0,86.0,30.0,4.0
188650,,,,,,,,30.0,,8.0,,,,,,2.0,1.0,,,,,,,3.0,,
188669,,,,,,,,55.0,,35.0,,,,,,8.0,4.0,,,,,,,3.0,,1.0
188678,,,,,,,,49.0,,16.0,,,,,,9.0,2.0,,11.0,,,5.0,,4.0,,
188687,,,,,,,,25.0,,9.0,,,,,,8.0,1.0,,,,,,,6.0,,
188696,,,,,,,,40.0,,16.0,,,,,,5.0,1.0,,9.0,,,1.0,,8.0,,
188854,,,,,,,,387.0,,192.0,,,,,,11.0,11.0,11.0,28.0,1.0,,35.0,29.0,50.0,,
188890,,,,,,,,123.0,,57.0,,,,,,18.0,3.0,1.0,0.0,,,,11.0,23.0,2.0,1.0
188915,,,,,,,,12.0,,9.0,,,,,,1.0,,,,,,,,1.0,,
188942,,,,,,,,19.0,,13.0,,,,,,2.0,0.0,,,,,,,3.0,,
189015,,,,,,,,337.0,,27.0,,,,,,50.0,27.0,6.0,8.0,2.0,,22.0,4.0,46.0,2.0,
189088,,,,,,,,864.0,,257.0,9.0,,,,,56.0,55.0,25.0,66.0,9.0,,66.0,,69.0,103.0,5.0
189097,,,,,,,,826.0,,277.0,1.0,,,,,84.0,35.0,28.0,52.0,5.0,,147.0,1.0,105.0,22.0,
189219,,,,,,,,13.0,,6.0,,,,,,3.0,2.0,,,,,,,,,
189228,,,,,,,,336.0,,140.0,,,,,,19.0,14.0,,7.0,,,21.0,,28.0,,
189255,,,,,,,,2.0,,2.0,,,,,,,,,,,,,,,,
189264,,,,,,,,4.0,,2.0,,,,,,,,,,,,,,2.0,,
189273,,,,,,,,9.0,,5.0,,,,,,4.0,,,,,,,,,,
189282,,,,,,,,28.0,,17.0,,,,,,4.0,1.0,2.0,,,,,,1.0,,
189404,,,,,,,,15.0,,8.0,,,,,,1.0,1.0,,,,,1.0,1.0,3.0,,
189413,,,,,,,,133.0,,52.0,,,,,,18.0,,3.0,,,,9.0,,48.0,,
189468,,,,,,,,15.0,,8.0,,,,,,,1.0,,,,,1.0,1.0,4.0,,
189477,,,,,,,,11.0,,5.0,,,,,,1.0,1.0,,,,,1.0,,3.0,,
189501,,,,,,,,257.0,,87.0,,,,,,23.0,10.0,21.0,25.0,,,14.0,,31.0,13.0,
189547,,,,,,,,528.0,,246.0,,,,,,27.0,14.0,11.0,12.0,1.0,,38.0,,74.0,1.0,12.0
189556,,,,,,,,48.0,,21.0,,,,,,4.0,1.0,1.0,12.0,,,1.0,,6.0,,
189565,,,,,,,,46.0,,21.0,,,,,,3.0,1.0,3.0,10.0,,,,1.0,3.0,,
189574,,,,,,,,61.0,,26.0,,,,,,6.0,1.0,,14.0,,,5.0,,6.0,,
189583,,,,,,,,64.0,,26.0,,,,,,7.0,1.0,1.0,18.0,,,,,6.0,,
189592,,,,,,,,45.0,,15.0,,,,,,4.0,1.0,1.0,12.0,,,,,6.0,,
189705,,,,,,,,568.0,,221.0,,,,,,24.0,16.0,18.0,55.0,7.0,,63.0,1.0,71.0,25.0,
189714,,,,,,,,42.0,,22.0,,,,,,4.0,2.0,,,,,,,12.0,,
189811,,,,,,,,52.0,,33.0,,,,,,5.0,2.0,,,,,,,4.0,,
189839,,,,,,,,248.0,,90.0,,,,,,27.0,8.0,16.0,18.0,5.0,,19.0,,36.0,6.0,
189848,,,,,,,,211.0,,54.0,,,,,,20.0,7.0,9.0,21.0,3.0,,61.0,,13.0,10.0,
189857,,,,,,,,31.0,,17.0,,,,,,6.0,1.0,,,,,7.0,,0.0,,
189954,,,,,,,,4.0,,2.0,,,,,,1.0,,,,,,,,1.0,,
189981,,,,,,,,32.0,,10.0,,,,,,2.0,2.0,,2.0,,,6.0,,1.0,,
189990,,,,,,,,32.0,,15.0,,,,,,1.0,,,1.0,,,2.0,,13.0,,
190008,,,,,,,,11.0,,8.0,,,,,,,,,,,,,,3.0,,
190035,,,,,,,,1026.0,,,,,,,,370.0,84.0,168.0,133.0,1.0,,25.0,,186.0,,2.0
190044,,,,,,,,769.0,,277.0,23.0,,,,,67.0,61.0,34.0,85.0,6.0,,71.0,,107.0,26.0,5.0
190053,,,,,,,,126.0,,57.0,,,,,,9.0,6.0,4.0,1.0,1.0,,7.0,,16.0,3.0,
190071,,,,,,,,26.0,,15.0,,,,,,3.0,,,,1.0,,,,2.0,,
190080,,,,,,,,29.0,,9.0,,,,,,5.0,2.0,,,,,3.0,,6.0,,
190099,,,,,,,,1022.0,,347.0,,,,,,72.0,58.0,46.0,118.0,12.0,,124.0,1.0,137.0,49.0,2.0
190114,,,,,,,,168.0,,93.0,,,,,,8.0,6.0,7.0,1.0,,,,,10.0,2.0,
190150,,,,,,,,18603.0,,4829.0,2182.0,,,,,3134.0,765.0,1104.0,284.0,1066.0,,1317.0,18.0,3198.0,230.0,67.0
190169,,,,,,,,155.0,,54.0,,,,,,21.0,6.0,10.0,8.0,0.0,,16.0,,15.0,4.0,
190239,,,,,,,,8.0,,5.0,,,,,,1.0,,,,,,,,1.0,,
190248,,,,,,,,246.0,,114.0,1.0,,,,,26.0,13.0,7.0,41.0,6.0,,6.0,,24.0,1.0,
190318,,,,,,,,34.0,,13.0,,,,,,8.0,3.0,,,,,3.0,2.0,6.0,,
190372,,,,,,,,292.0,,133.0,1.0,,,,,15.0,32.0,19.0,26.0,,,,,20.0,12.0,
190415,,,,,,,,10486.0,,1889.0,886.0,217.0,,,,877.0,964.0,961.0,374.0,521.0,,1267.0,47.0,1480.0,522.0,63.0
190424,,,,,,,,7034.0,,1821.0,,,,,,373.0,516.0,947.0,55.0,634.0,,440.0,,1910.0,54.0,6.0
190442,,,,,,,,264.0,,115.0,,,,,,40.0,2.0,7.0,16.0,1.0,,26.0,1.0,42.0,7.0,
190451,,,,,,,,34.0,,25.0,,,,,,2.0,,,,,,,,2.0,,
190503,,,,,,,,678.0,,160.0,,,,,,206.0,92.0,14.0,14.0,6.0,,70.0,5.0,40.0,37.0,2.0
190512,,,,,,,,1631.0,,695.0,,1.0,,,,183.0,27.0,53.0,55.0,,,180.0,,267.0,23.0,11.0
190521,,,,,,,,2021.0,,871.0,,,,,,118.0,28.0,111.0,151.0,1.0,,154.0,,373.0,43.0,28.0
190530,,,,,,,,1192.0,,425.0,,,,,,92.0,28.0,77.0,79.0,,,102.0,,245.0,30.0,31.0
190549,,,,,,,,1718.0,,780.0,,,,,,122.0,39.0,79.0,68.0,3.0,,133.0,,325.0,27.0,29.0
190558,,,,,,,,1367.0,,596.0,,,,,,106.0,30.0,89.0,53.0,3.0,,106.0,,234.0,28.0,25.0
190567,,,,,,,,1982.0,,858.0,4.0,1.0,,,,170.0,64.0,119.0,52.0,2.0,,194.0,,284.0,40.0,51.0
190576,,,,,,,,1157.0,,344.0,22.0,4.0,,,,216.0,55.0,108.0,65.0,,,43.0,,139.0,,2.0
190585,,,,,,,,853.0,,258.0,,1.0,,,,81.0,19.0,42.0,59.0,1.0,,77.0,,181.0,19.0,12.0
190594,,,,,,,,2391.0,,1128.0,,2.0,,,,162.0,56.0,128.0,84.0,1.0,,234.0,,390.0,46.0,30.0
190600,,,,,,,,1475.0,,667.0,1.0,1.0,,,,164.0,43.0,59.0,94.0,1.0,,110.0,,214.0,21.0,26.0
190619,,,,,,,,1320.0,,486.0,,1.0,,,,112.0,27.0,83.0,58.0,5.0,,108.0,,249.0,22.0,32.0
190628,,,,,,,,1604.0,,577.0,,,,,,148.0,39.0,122.0,107.0,1.0,,112.0,,354.0,,2.0
190637,,,,,,,,1324.0,,581.0,,,,,,130.0,26.0,76.0,51.0,1.0,,96.0,,221.0,23.0,30.0
190646,,,,,,,,786.0,,269.0,,,,,,87.0,31.0,52.0,53.0,,,82.0,,137.0,15.0,18.0
190655,,,,,,,,1464.0,,738.0,,,,,,74.0,20.0,116.0,56.0,,,115.0,,214.0,21.0,20.0
190664,,,,,,,,1764.0,,900.0,,,,,,123.0,33.0,84.0,53.0,2.0,,117.0,,283.0,28.0,39.0
190673,,,,,,,,1422.0,,556.0,,,,,,112.0,22.0,78.0,84.0,1.0,,109.0,,301.0,23.0,26.0
190682,,,,,,,,166.0,,56.0,,,,,,39.0,9.0,10.0,4.0,,,1.0,,30.0,,2.0
190691,,,,,,,,839.0,,314.0,,,,,,69.0,23.0,59.0,35.0,1.0,,73.0,,161.0,17.0,17.0
190707,,,,,,,,3.0,,,,,,,,,,,,3.0,,,,,,
190716,,,,,,,,486.0,,236.0,,,,,,81.0,6.0,19.0,9.0,3.0,,,,75.0,7.0,
190725,,,,,,,,435.0,,191.0,,,,,,49.0,23.0,19.0,27.0,7.0,,45.0,,59.0,4.0,5.0
190752,,,,,,,,16.0,,5.0,,,,,,3.0,1.0,,,,,5.0,,2.0,,
190761,,,,,,,,289.0,,125.0,,,,,,38.0,13.0,8.0,21.0,5.0,,7.0,,36.0,7.0,
190840,,,,,,,,522.0,,237.0,,,,,,16.0,44.0,19.0,9.0,4.0,,48.0,,55.0,10.0,3.0
190956,,,,,,,,22.0,,17.0,,,,,,2.0,,,,,,,,0.0,,
190974,,,,,,,,22.0,,12.0,,,,,,4.0,,,,,,,1.0,2.0,,
190983,,,,,,,,250.0,,83.0,,,,,,18.0,5.0,10.0,36.0,2.0,,41.0,,25.0,9.0,3.0
191083,,,,,,,,1150.0,,486.0,,,,,,91.0,25.0,93.0,75.0,3.0,,146.0,,151.0,,
191126,,,,,,,,1157.0,,493.0,,,,,,65.0,38.0,130.0,17.0,1.0,,16.0,,291.0,13.0,
191199,,,,,,,,419.0,,178.0,,,,,,17.0,7.0,22.0,24.0,1.0,,27.0,,50.0,10.0,
191205,,,,,,,,131.0,,57.0,,,,,,5.0,4.0,4.0,6.0,,,14.0,7.0,2.0,10.0,
191241,,,,,,,,2606.0,,1089.0,,,,,,543.0,24.0,72.0,122.0,16.0,,227.0,2.0,406.0,64.0,
191287,,,,,,,,87.0,,26.0,,,,,,15.0,3.0,2.0,3.0,,,5.0,,8.0,19.0,
191302,,,,,,,,190.0,,66.0,,,,,,22.0,,3.0,4.0,,,18.0,,27.0,,
191311,,,,,,,,20.0,,11.0,,,,,,3.0,,,,,,,,,,
191320,,,,,,,,39.0,,12.0,,,,,,5.0,6.0,1.0,,,,,,2.0,,
191339,,,,,,,,392.0,,144.0,,,,,,45.0,13.0,6.0,12.0,2.0,,31.0,,51.0,9.0,
191515,,,,,,,,705.0,,214.0,,,,,,74.0,39.0,43.0,85.0,11.0,,98.0,1.0,64.0,32.0,1.0
191533,,,,,,,,303.0,,119.0,,,,,,31.0,7.0,15.0,39.0,5.0,,16.0,,39.0,,
191597,,,,,,,,57.0,,37.0,0.0,,,,,8.0,2.0,1.0,0.0,,,,,2.0,,
191612,,,,,,,,214.0,,74.0,2.0,,,,,25.0,1.0,8.0,13.0,2.0,,21.0,,51.0,2.0,
191621,,,,,,,,152.0,,61.0,,,,,,21.0,5.0,5.0,11.0,,,8.0,2.0,4.0,10.0,
191630,,,,,,,,613.0,,224.0,,6.0,,,,60.0,29.0,35.0,95.0,16.0,,37.0,6.0,55.0,,5.0
191649,,,,,,,,2079.0,,741.0,,,,,,254.0,168.0,85.0,156.0,13.0,,205.0,,244.0,72.0,20.0
191676,,,,,,,,213.0,,90.0,,,,,,22.0,15.0,8.0,25.0,3.0,,8.0,,25.0,1.0,
191719,,,,,,,,696.0,,330.0,,,,,,36.0,30.0,27.0,36.0,3.0,,99.0,5.0,105.0,2.0,2.0
191728,,,,,,,,87.0,,45.0,,,,,,10.0,2.0,2.0,,,,,13.0,9.0,,
191931,,,,,,,,621.0,,226.0,,,,,,58.0,21.0,27.0,63.0,6.0,,88.0,,55.0,24.0,
191940,,,,,,,,13.0,,9.0,,,,,,1.0,0.0,,1.0,,,,,2.0,,
191959,,,,,,,,10.0,,3.0,,,,,,3.0,,,,,,,,3.0,,
191968,,,,,,,,1406.0,,595.0,,,,,,87.0,74.0,73.0,150.0,9.0,,185.0,6.0,149.0,41.0,4.0
191986,,,,,,,,300.0,,134.0,,,,,,48.0,8.0,19.0,12.0,4.0,,0.0,,43.0,27.0,
192004,,,,,,,,20.0,,10.0,,,,,,6.0,1.0,,,,,,,1.0,2.0,
192022,,,,,,,,269.0,,121.0,,,,,,16.0,8.0,20.0,12.0,2.0,,18.0,,43.0,,
192040,,,,,,,,220.0,,48.0,1.0,,,,,51.0,18.0,6.0,10.0,,,23.0,,39.0,,
192110,,,,,,,,549.0,,193.0,,,,,,116.0,10.0,10.0,21.0,3.0,,53.0,11.0,75.0,14.0,24.0
192165,,,,,,,,16.0,,11.0,0.0,0.0,,,,1.0,,,,,,3.0,,0.0,,
192192,,,,,,,,296.0,,132.0,,,,,,24.0,15.0,16.0,45.0,4.0,,3.0,,35.0,,4.0
192271,,,,,,,,237.0,,109.0,,,,,,43.0,9.0,9.0,1.0,,,7.0,,13.0,,
192323,,,,,,,,544.0,,228.0,,,,,,64.0,27.0,11.0,63.0,5.0,,21.0,,51.0,27.0,
192448,,,,,,,,1393.0,,695.0,,,,,,291.0,2.0,26.0,96.0,17.0,,26.0,6.0,176.0,9.0,2.0
192484,,,,,,,,13.0,,6.0,,,,,,1.0,1.0,,,,,,2.0,,,
192509,,,,,,,,120.0,,52.0,,,,,,11.0,1.0,3.0,,,,11.0,4.0,8.0,,
192624,,,,,,,,15.0,,10.0,,,,,,3.0,,,,,,1.0,,1.0,,
192688,,,,,,,,59.0,,26.0,,,,,,5.0,7.0,,,,,3.0,3.0,8.0,,
192703,,,,,,,,770.0,,315.0,,,,,,162.0,27.0,25.0,50.0,1.0,,78.0,,69.0,29.0,
192712,,,,,,,,293.0,,171.0,,,,,,22.0,10.0,6.0,13.0,1.0,,15.0,1.0,23.0,,
192749,,,,,,,,407.0,,201.0,,,,,,74.0,4.0,2.0,32.0,5.0,,4.0,,51.0,11.0,2.0
192785,,,,,,,,100.0,,51.0,,,,,,12.0,7.0,2.0,1.0,,,4.0,,5.0,,
192800,,,,,,,,7.0,,3.0,,,,,,1.0,,,,,,,,3.0,,
192819,,,,,,,,1005.0,,358.0,,,,,,152.0,29.0,50.0,109.0,12.0,,144.0,,122.0,20.0,1.0
192864,,,,,,,,403.0,,186.0,,,,,,40.0,21.0,27.0,52.0,0.0,,23.0,2.0,35.0,0.0,
192925,,,,,,,,373.0,,190.0,2.0,,,,,26.0,8.0,13.0,20.0,11.0,,12.0,16.0,22.0,,
192961,,,,,,,,19.0,,13.0,,,,,,1.0,0.0,,,,,,,1.0,,
192970,,,,,,,,2.0,,2.0,,,,,,,,,,,,,,,,
193016,,,,,,,,853.0,,406.0,,,,,,50.0,38.0,20.0,37.0,4.0,,8.0,,40.0,2.0,
193052,,,,,,,,17.0,,12.0,,,,,,1.0,1.0,,,,,,,3.0,,
193061,,,,,,,,6.0,,4.0,,,,,,0.0,1.0,,,,,0.0,,1.0,,
193070,,,,,,,,12.0,,10.0,,,,,,,,,,,,,,2.0,,
193122,,,,,,,,15.0,,8.0,,,,,,2.0,2.0,,,,,0.0,,3.0,,
193186,,,,,,,,8.0,,3.0,,,,,,2.0,1.0,,,,,,1.0,1.0,0.0,
193201,,,,,,,,54.0,,25.0,,,,,,1.0,,2.0,,,,1.0,7.0,3.0,,
193247,,,,,,,,30.0,,17.0,,,,,,,3.0,,,,,2.0,,2.0,5.0,
193265,,,,,,,,9.0,,4.0,,,,,,2.0,,,,,,,,2.0,0.0,
193283,,,,,,,,534.0,,196.0,,,,,,51.0,10.0,12.0,44.0,4.0,,58.0,,68.0,2.0,1.0
193292,,,,,,,,749.0,,362.0,,,,,,70.0,42.0,18.0,38.0,2.0,,52.0,,106.0,15.0,1.0
193308,,,,,,,,655.0,,321.0,,,,,,38.0,16.0,9.0,134.0,,,77.0,,56.0,,
193326,,,,,,,,1129.0,,437.0,,,,,,108.0,38.0,56.0,44.0,5.0,,125.0,,169.0,36.0,11.0
193353,,,,,,,,400.0,,136.0,,,,,,46.0,1.0,17.0,47.0,7.0,,66.0,,51.0,2.0,1.0
193380,,,,,,,,18.0,,13.0,,,,,,1.0,,,,,,,,,,
193399,,,,,,,,350.0,,126.0,1.0,,,,,32.0,11.0,9.0,34.0,2.0,,83.0,6.0,28.0,13.0,
193405,,,,,,,,10980.0,,3434.0,,,,,,1114.0,483.0,876.0,286.0,2193.0,,694.0,,1861.0,9.0,6.0
193478,,,,,,,,1425.0,,705.0,,,,,,51.0,37.0,105.0,8.0,4.0,,104.0,,221.0,31.0,6.0
193584,,,,,,,,551.0,,272.0,,,,,,49.0,28.0,29.0,60.0,7.0,,14.0,1.0,64.0,,1.0
193609,,,,,,,,24.0,,10.0,,,,,,1.0,0.0,0.0,1.0,0.0,,,,3.0,3.0,1.0
193645,,,,,,,,368.0,,172.0,,,,,,52.0,2.0,13.0,11.0,1.0,,36.0,,53.0,1.0,0.0
193654,,,,,,,,2071.0,,1021.0,,,,,,437.0,103.0,65.0,27.0,5.0,,132.0,,132.0,80.0,1.0
193672,,,,,,,,8.0,,2.0,,,,,,3.0,1.0,0.0,,,,,,1.0,0.0,
193751,,,,,,,,231.0,,73.0,1.0,,,,,34.0,7.0,11.0,16.0,,,13.0,,54.0,7.0,
193821,,,,,,,,188.0,,81.0,,,,,,27.0,9.0,1.0,10.0,,,4.0,,25.0,,
193830,,,,,,,,884.0,,345.0,194.0,,,,,55.0,87.0,21.0,2.0,20.0,,38.0,,108.0,,
193858,,,,,,,,30.0,,10.0,,,,,,6.0,1.0,,,,,,2.0,1.0,4.0,
193894,,,,,,,,39.0,,15.0,,,,,,1.0,4.0,,,,,,,18.0,,
193900,,,,,,,,20353.0,,7081.0,,14.0,,,,1719.0,1562.0,1712.0,943.0,2773.0,,412.0,9.0,2814.0,203.0,18.0
193946,,,,,,,,426.0,,171.0,,,,,,33.0,7.0,5.0,10.0,,,44.0,,71.0,,
193973,,,,,,,,574.0,,244.0,,,,,,104.0,38.0,18.0,54.0,8.0,,12.0,,58.0,15.0,6.0
193991,,,,,,,,4.0,,2.0,,,,,,1.0,,,,,,,,1.0,,
194028,,,,,,,,125.0,,74.0,,,,,,8.0,3.0,2.0,1.0,,,6.0,,14.0,5.0,
194073,,,,,,,,98.0,,36.0,,,,,,21.0,6.0,6.0,,,,,,19.0,6.0,
194091,,,,,,,,1325.0,,526.0,,,,,,280.0,63.0,66.0,54.0,32.0,,87.0,,146.0,22.0,2.0
194116,,,,,,,,91.0,,39.0,,,,,,17.0,2.0,5.0,5.0,0.0,,4.0,,11.0,,
194161,,,,,,,,261.0,,130.0,,,,,,18.0,2.0,3.0,37.0,2.0,,7.0,,28.0,,0.0
194189,,,,,,,,14.0,,5.0,,,,,,2.0,1.0,,,,,5.0,,1.0,,
194222,,,,,,,,854.0,,340.0,,,,,,88.0,35.0,19.0,61.0,,,76.0,,104.0,17.0,7.0
194240,,,,,,,,671.0,,229.0,,,,,,36.0,33.0,21.0,50.0,2.0,,57.0,,102.0,11.0,0.0
194259,,,,,,,,5.0,,3.0,,,,,,,,,,,,,,1.0,,
194310,,,,,,,,2133.0,,781.0,,,,,,308.0,87.0,102.0,150.0,7.0,,58.0,,408.0,10.0,15.0
194392,,,,,,,,174.0,,62.0,3.0,10.0,,,,18.0,8.0,6.0,14.0,1.0,,8.0,2.0,14.0,1.0,0.0
194435,,,,,,,,9.0,,6.0,,,,,,1.0,,,,,,,1.0,1.0,,
194499,,,,,,,,102.0,,36.0,,,,,,3.0,,3.0,,,,,,51.0,5.0,
194569,,,,,,,,26.0,,10.0,,,,,,3.0,1.0,,1.0,,,3.0,,3.0,3.0,
194578,,,,,,,,1106.0,,507.0,,,,,,126.0,32.0,31.0,101.0,12.0,,140.0,2.0,130.0,,
194657,,,,,,,,19.0,,15.0,,,,,,1.0,1.0,,,,,0.0,,2.0,,
194666,,,,,,,,26.0,,7.0,,,,,,6.0,,,,,,3.0,,4.0,,
194693,,,,,,,,11.0,,4.0,,,,,,4.0,,,,,,1.0,,1.0,,
194736,,,,,,,,19.0,,8.0,,,,,,2.0,,,,,,7.0,,2.0,,
194763,,,,,,,,74.0,,13.0,,,,,,4.0,12.0,1.0,11.0,,,14.0,,4.0,1.0,
194824,,,,,,,,1764.0,,478.0,154.0,,,,,163.0,173.0,113.0,103.0,26.0,,156.0,1.0,144.0,84.0,20.0
194958,,,,,,,,282.0,,96.0,,,,,,23.0,9.0,14.0,22.0,1.0,,23.0,10.0,63.0,8.0,1.0
195003,,,,,,,,3685.0,,1173.0,29.0,,,,,392.0,275.0,352.0,419.0,34.0,,286.0,10.0,498.0,71.0,18.0
195030,,,,,,,,8692.0,,2463.0,451.0,,,,,833.0,234.0,1483.0,136.0,205.0,,398.0,,1623.0,189.0,385.0
195049,,,,,,,,1453.0,,87.0,430.0,,,,,172.0,60.0,276.0,29.0,23.0,,159.0,,103.0,61.0,
195058,,,,,,,,524.0,,218.0,,,,,,52.0,7.0,12.0,13.0,,,45.0,3.0,94.0,11.0,2.0
195067,,,,,,,,33.0,,18.0,,,,,,3.0,,,,,,,,3.0,2.0,
195128,,,,,,,,356.0,,127.0,,,,,,47.0,12.0,19.0,13.0,5.0,,32.0,,54.0,10.0,1.0
195155,,,,,,,,9.0,,3.0,,,,,,3.0,1.0,,,,,0.0,,2.0,,
195164,,,,,,,,480.0,,161.0,,,,,,51.0,38.0,12.0,53.0,8.0,,77.0,1.0,44.0,13.0,2.0
195173,,,,,,,,360.0,,185.0,1.0,,,,,42.0,11.0,16.0,35.0,2.0,,7.0,,20.0,,
195191,,,,,,,,45.0,,26.0,,,,,,7.0,,2.0,,0.0,,,,4.0,,
195216,,,,,,,,750.0,,213.0,,,,,,54.0,41.0,28.0,27.0,6.0,,144.0,7.0,85.0,16.0,7.0
195234,,,,,,,,605.0,,224.0,,,,,,46.0,41.0,17.0,51.0,12.0,,96.0,1.0,55.0,19.0,5.0
195243,,,,,,,,220.0,,81.0,,,,,,52.0,5.0,3.0,33.0,1.0,,11.0,,25.0,4.0,
195289,,,,,,,,15.0,,10.0,,,,,,1.0,,,,,,,,1.0,,
195304,,,,,,,,449.0,,179.0,,,,,,115.0,8.0,13.0,21.0,5.0,,45.0,,38.0,,
195322,,,,,,,,304.0,,105.0,,,,,,25.0,6.0,11.0,11.0,2.0,,2.0,,37.0,17.0,
195438,,,,,,,,35.0,,23.0,,,,,,3.0,0.0,,,,,6.0,,3.0,,
195474,,,,,,,,706.0,,256.0,,,,,,55.0,26.0,30.0,82.0,1.0,,92.0,0.0,72.0,26.0,13.0
195526,,,,,,,,980.0,,320.0,2.0,,,,,63.0,60.0,44.0,90.0,10.0,,178.0,1.0,123.0,37.0,5.0
195544,,,,,,,,223.0,,96.0,,,,,,6.0,50.0,10.0,26.0,0.0,,0.0,,33.0,,
195562,,,,,,,,455.0,,209.0,,,,,,7.0,88.0,11.0,40.0,0.0,,20.0,,72.0,,
195580,,,,,,,,33.0,,9.0,,,,,,4.0,4.0,1.0,1.0,,,,,8.0,3.0,
195702,,,,,,,,33.0,,19.0,,,,,,3.0,2.0,1.0,1.0,0.0,,2.0,,3.0,,
195720,,,,,,,,684.0,,302.0,,,,,,40.0,12.0,26.0,70.0,7.0,,74.0,,74.0,14.0,9.0
195784,,,,,,,,66.0,,45.0,,,,,,6.0,2.0,,,,,,5.0,5.0,,
195809,,,,,,,,2066.0,,947.0,,,,,,39.0,203.0,74.0,150.0,38.0,,98.0,,284.0,,
195827,,,,,,,,529.0,,,,1.0,,,,139.0,107.0,98.0,30.0,1.0,,18.0,,105.0,16.0,4.0
195933,,,,,,,,7.0,,5.0,,,,,,1.0,,,,,,,,0.0,,
195988,,,,,,,,158.0,,56.0,,,,,,15.0,2.0,9.0,9.0,1.0,,10.0,,28.0,,
196006,,,,,,,,580.0,,196.0,,,,,,41.0,51.0,12.0,33.0,31.0,,101.0,,60.0,33.0,4.0
196015,,,,,,,,448.0,,157.0,,,,,,38.0,24.0,25.0,36.0,5.0,,58.0,,45.0,21.0,
196024,,,,,,,,482.0,,172.0,,,,,,33.0,25.0,14.0,20.0,25.0,,61.0,3.0,60.0,30.0,5.0
196033,,,,,,,,441.0,,129.0,1.0,,,,,37.0,32.0,11.0,22.0,61.0,,61.0,,38.0,35.0,2.0
196042,,,,,,,,1004.0,,412.0,,24.0,,,,61.0,97.0,12.0,31.0,91.0,,112.0,,101.0,39.0,1.0
196051,,,,,,,,535.0,,171.0,,7.0,,,,35.0,33.0,10.0,42.0,33.0,,66.0,,64.0,43.0,3.0
196060,,,,,,,,2697.0,,829.0,3.0,7.0,,,,167.0,461.0,186.0,121.0,77.0,,331.0,,215.0,169.0,25.0
196079,,,,,,,,2480.0,,836.0,13.0,1.0,,,,128.0,242.0,80.0,115.0,138.0,,340.0,2.0,326.0,174.0,4.0
196088,,,,,,,,4841.0,,1855.0,29.0,31.0,,,,363.0,497.0,260.0,200.0,281.0,,490.0,,439.0,187.0,46.0
196097,,,,,,,,4501.0,,2102.0,79.0,12.0,,,,117.0,517.0,385.0,200.0,87.0,,412.0,1.0,178.0,148.0,68.0
196103,,,,,,,,419.0,,146.0,,,,,,38.0,44.0,18.0,8.0,26.0,,46.0,,54.0,28.0,0.0
196112,,,,,,,,452.0,,193.0,,,,,,56.0,25.0,9.0,26.0,26.0,,52.0,,33.0,20.0,1.0
196121,,,,,,,,1113.0,,426.0,,19.0,,,,74.0,68.0,33.0,69.0,40.0,,129.0,,139.0,57.0,8.0
196130,,,,,,,,1394.0,,511.0,4.0,,,,,95.0,83.0,99.0,83.0,35.0,,172.0,,169.0,52.0,5.0
196149,,,,,,,,1092.0,,411.0,2.0,,,,,99.0,51.0,25.0,71.0,35.0,,155.0,,140.0,52.0,14.0
196158,,,,,,,,751.0,,307.0,,0.0,,,,56.0,49.0,16.0,17.0,50.0,,114.0,,88.0,28.0,7.0
196167,,,,,,,,833.0,,297.0,,,,,,72.0,36.0,28.0,40.0,25.0,,134.0,,109.0,57.0,3.0
196176,,,,,,,,1125.0,,449.0,1.0,,,,,77.0,109.0,38.0,47.0,10.0,,139.0,,132.0,50.0,7.0
196185,,,,,,,,983.0,,344.0,9.0,,,,,72.0,78.0,57.0,43.0,26.0,,144.0,,107.0,52.0,9.0
196194,,,,,,,,1203.0,,438.0,7.0,6.0,,,,88.0,67.0,27.0,56.0,63.0,,191.0,,135.0,77.0,11.0
196200,,,,,,,,709.0,,276.0,,,,,,43.0,44.0,15.0,54.0,11.0,,91.0,,83.0,39.0,6.0
196219,,,,,,,,804.0,,269.0,3.0,,,,,60.0,45.0,35.0,73.0,22.0,,126.0,,89.0,46.0,3.0
196228,,,,,,,,310.0,,93.0,,,,,,31.0,25.0,1.0,1.0,62.0,,30.0,,54.0,10.0,
196237,,,,,,,,569.0,,239.0,1.0,,,,,64.0,30.0,12.0,26.0,35.0,,53.0,,56.0,22.0,5.0
196246,,,,,,,,853.0,,322.0,,1.0,,,,55.0,55.0,28.0,55.0,42.0,,113.0,,108.0,54.0,4.0
196255,,,,,,,,1412.0,,441.0,6.0,,,,,115.0,102.0,38.0,16.0,251.0,,150.0,,187.0,91.0,6.0
196264,,,,,,,,860.0,,395.0,2.0,,,,,41.0,71.0,26.0,6.0,46.0,,5.0,,228.0,6.0,4.0
196291,,,,,,,,303.0,,109.0,,,,,,34.0,22.0,6.0,26.0,9.0,,36.0,,24.0,27.0,1.0
196307,,,,,,,,1430.0,,573.0,1.0,,,,,70.0,132.0,21.0,21.0,331.0,,75.0,,106.0,75.0,5.0
196389,,,,,,,,171.0,,78.0,30.0,,,,,2.0,6.0,4.0,2.0,32.0,,,7.0,4.0,1.0,
196413,,,,,,,,4935.0,,1310.0,94.0,,,,,712.0,513.0,302.0,367.0,37.0,,657.0,20.0,532.0,201.0,42.0
196431,,,,,,,,37.0,,23.0,,,,,,2.0,4.0,,,,,6.0,,1.0,,
196440,,,,,,,,4.0,,2.0,,,,,,0.0,,,,,,1.0,,0.0,,
196468,,,,,,,,1155.0,,353.0,,,,,,163.0,108.0,37.0,,,,98.0,,81.0,,
196565,,,,,,,,296.0,,124.0,,,,,,47.0,6.0,15.0,12.0,,,35.0,,39.0,,
196583,,,,,,,,14.0,,9.0,,,,,,1.0,,,,,,3.0,,1.0,,
196592,,,,,,,,1839.0,,771.0,3.0,,,,,184.0,39.0,99.0,25.0,225.0,,88.0,,300.0,2.0,
196653,,,,,,,,169.0,,83.0,,,,,,28.0,12.0,1.0,1.0,3.0,,,,12.0,,
196680,,,,,,,,704.0,,304.0,,,,,,33.0,26.0,35.0,18.0,,,,10.0,73.0,2.0,
196699,,,,,,,,226.0,,92.0,2.0,12.0,,,,14.0,6.0,,5.0,4.0,,28.0,,26.0,2.0,
196866,,,,,,,,800.0,,219.0,,,,,,75.0,30.0,38.0,83.0,15.0,,199.0,,91.0,30.0,
196884,,,,,,,,88.0,,27.0,,,,,,11.0,13.0,3.0,11.0,,,2.0,,13.0,,
197018,,,,,,,,218.0,,147.0,8.0,5.0,,,,8.0,9.0,1.0,3.0,,,4.0,3.0,10.0,4.0,9.0
197027,,,,,,,,246.0,,115.0,,,,,,13.0,20.0,7.0,5.0,,,4.0,,23.0,22.0,3.0
197036,,,,,,,,1638.0,,271.0,,,,,,24.0,231.0,176.0,55.0,6.0,,266.0,15.0,152.0,129.0,217.0
197045,,,,,,,,577.0,,256.0,,,,,,38.0,49.0,29.0,58.0,4.0,,6.0,,80.0,5.0,
197133,,,,,,,,1039.0,,301.0,,,,,,56.0,119.0,53.0,12.0,10.0,,262.0,,152.0,5.0,
197142,,,,,,,,119.0,,59.0,,,,,,11.0,4.0,2.0,3.0,,,12.0,,11.0,1.0,
197151,,,,,,,,1229.0,,655.0,,,,,,158.0,16.0,59.0,99.0,,,118.0,1.0,73.0,,
197197,,,,,,,,472.0,,173.0,,7.0,,,,25.0,14.0,15.0,53.0,5.0,,63.0,,47.0,13.0,14.0
197221,,,,,,,,38.0,,13.0,,,,,,10.0,3.0,1.0,1.0,0.0,,5.0,,2.0,1.0,
197230,,,,,,,,173.0,,50.0,,,,,,24.0,5.0,9.0,26.0,,,25.0,,7.0,6.0,6.0
197285,,,,,,,,136.0,,41.0,,,,,,16.0,9.0,7.0,9.0,,,,,16.0,0.0,
197294,,,,,,,,807.0,,429.0,,,,,,64.0,14.0,77.0,44.0,3.0,,13.0,,91.0,17.0,
197337,,,,,,,,5.0,,3.0,,,,,,1.0,,,,,,,,1.0,,
197531,,,,,,,,103.0,,4.0,,,,,,17.0,3.0,,,0.0,,21.0,0.0,33.0,,
197601,,,,,,,,16.0,,5.0,,,,,,3.0,2.0,,,0.0,,,,3.0,1.0,
197647,,,,,,,,23.0,,14.0,,,,,,2.0,2.0,,,,,3.0,,2.0,,
197674,,,,,,,,28.0,,18.0,,,,,,2.0,2.0,,,,,2.0,,2.0,,
197692,,,,,,,,14.0,,6.0,,,,,,,1.0,,,,,6.0,,1.0,,
197708,,,,,,,,2668.0,,973.0,,,,,,259.0,137.0,362.0,45.0,35.0,,200.0,8.0,314.0,92.0,18.0
197735,,,,,,,,63.0,,46.0,,,,,,6.0,2.0,,,,,5.0,,4.0,,
197744,,,,,,,,20.0,,9.0,,,,,,4.0,1.0,,,,,2.0,,5.0,,
197814,,,,,,,,249.0,,126.0,,,,,,25.0,6.0,8.0,12.0,,,19.0,2.0,30.0,5.0,
197850,,,,,,,,248.0,,132.0,,,,,,36.0,8.0,8.0,4.0,,,0.0,,34.0,8.0,
197869,,,,,,,,2928.0,,1140.0,2.0,,,,,109.0,106.0,161.0,204.0,49.0,,338.0,43.0,414.0,146.0,11.0
197887,,,,,,,,674.0,,322.0,,,,,,76.0,14.0,31.0,26.0,,,30.0,5.0,73.0,13.0,1.0
197911,,,,,,,,211.0,,86.0,,,,,,31.0,9.0,6.0,39.0,4.0,,6.0,,21.0,,
197966,,,,,,,,191.0,,81.0,,,,,,28.0,4.0,6.0,8.0,,,20.0,,21.0,5.0,
197984,,,,,,,,231.0,,85.0,,,,,,22.0,18.0,2.0,47.0,7.0,,5.0,2.0,21.0,,2.0
197993,,,,,,,,130.0,,44.0,,,,,,29.0,1.0,5.0,,,,8.0,,35.0,,
198011,,,,,,,,139.0,,70.0,,,,,,20.0,6.0,3.0,7.0,,,4.0,2.0,21.0,2.0,
198039,,,,,,,,290.0,,144.0,,,,,,31.0,7.0,10.0,12.0,2.0,,10.0,0.0,29.0,10.0,1.0
198066,,,,,,,,219.0,,66.0,,,,,,21.0,8.0,4.0,34.0,,,45.0,,36.0,,
198084,,,,,,,,316.0,,134.0,,,,,,23.0,9.0,9.0,24.0,,,35.0,,39.0,4.0,1.0
198109,,,,,,,,68.0,,46.0,,,,,,4.0,2.0,,2.0,,,,,6.0,,
198118,,,,,,,,399.0,,181.0,,,,,,64.0,9.0,15.0,21.0,,,23.0,4.0,51.0,8.0,
198136,,,,,,,,1175.0,,374.0,,,,,,85.0,64.0,41.0,182.0,25.0,,140.0,2.0,133.0,43.0,10.0
198154,,,,,,,,924.0,,382.0,,,,,,41.0,20.0,26.0,35.0,0.0,,67.0,9.0,82.0,21.0,40.0
198190,,,,,,,,25.0,,21.0,,,,,,,1.0,,1.0,,,,,,,
198206,,,,,,,,240.0,,133.0,,,,,,21.0,2.0,6.0,8.0,,,22.0,1.0,40.0,,
198215,,,,,,,,281.0,,97.0,,,,,,14.0,13.0,15.0,63.0,4.0,,23.0,,26.0,7.0,
198233,,,,,,,,537.0,,280.0,,,,,,49.0,6.0,42.0,30.0,,,10.0,2.0,64.0,11.0,0.0
198251,,,,,,,,590.0,,218.0,,1.0,,,,67.0,7.0,11.0,57.0,1.0,,38.0,,74.0,11.0,0.0
198260,,,,,,,,1728.0,,705.0,,,,,,171.0,48.0,86.0,133.0,1.0,,37.0,,238.0,,
198303,,,,,,,,226.0,,65.0,,,,,,22.0,8.0,6.0,42.0,5.0,,14.0,,18.0,11.0,2.0
198321,,,,,,,,261.0,,155.0,,,,,,15.0,8.0,14.0,12.0,,,2.0,,22.0,4.0,
198330,,,,,,,,438.0,,237.0,,,,,,24.0,,16.0,23.0,,,28.0,3.0,69.0,5.0,2.0
198367,,,,,,,,324.0,,143.0,,,,,,58.0,12.0,8.0,22.0,,,11.0,,38.0,15.0,
198376,,,,,,,,385.0,,154.0,2.0,,,,,69.0,1.0,5.0,26.0,0.0,,29.0,,72.0,8.0,
198385,,,,,,,,816.0,,215.0,,,,,,32.0,70.0,48.0,126.0,10.0,,149.0,12.0,81.0,33.0,
198419,,,,,,,,18400.0,,4029.0,1428.0,,,,,1549.0,1963.0,3275.0,761.0,1439.0,,1070.0,53.0,2066.0,348.0,195.0
198455,,,,,,,,489.0,,262.0,,,,,,69.0,7.0,9.0,28.0,1.0,,35.0,2.0,61.0,4.0,
198464,,,,,,,,5748.0,,1517.0,7.0,303.0,,,,200.0,274.0,376.0,295.0,316.0,,623.0,3.0,1245.0,298.0,27.0
198491,,,,,,,,232.0,,116.0,,,,,,24.0,7.0,6.0,10.0,,,20.0,0.0,30.0,,
198507,,,,,,,,366.0,,102.0,,,,,,53.0,26.0,17.0,24.0,3.0,,50.0,2.0,42.0,16.0,1.0
198516,,,,,,,,1412.0,,488.0,,,,,,129.0,82.0,62.0,132.0,12.0,,176.0,,129.0,47.0,25.0
198534,,,,,,,,994.0,,475.0,,,,,,77.0,7.0,31.0,41.0,,,112.0,6.0,156.0,14.0,6.0
198543,,,,,,,,847.0,,293.0,,,,,,60.0,33.0,46.0,47.0,5.0,,79.0,1.0,157.0,33.0,11.0
198552,,,,,,,,868.0,,513.0,,,,,,116.0,10.0,20.0,28.0,,,26.0,0.0,114.0,11.0,
198561,,,,,,,,507.0,,219.0,,,,,,46.0,12.0,7.0,95.0,6.0,,40.0,,62.0,,
198570,,,,,,,,512.0,,237.0,,,,,,44.0,14.0,28.0,,,,22.0,,70.0,27.0,3.0
198598,,,,,,,,173.0,,70.0,,,,,,12.0,9.0,3.0,35.0,6.0,,12.0,,14.0,,
198613,,,,,,,,311.0,,121.0,,,,,,32.0,16.0,10.0,34.0,3.0,,8.0,,18.0,19.0,0.0
198622,,,,,,,,875.0,,460.0,,,,,,58.0,11.0,28.0,27.0,,,57.0,15.0,108.0,21.0,3.0
198640,,,,,,,,185.0,,92.0,,,,,,18.0,4.0,4.0,19.0,,,10.0,,22.0,3.0,
198668,,,,,,,,246.0,,119.0,,,,,,34.0,7.0,9.0,5.0,,,34.0,,23.0,5.0,
198677,,,,,,,,13.0,,7.0,1.0,,,,,1.0,1.0,,1.0,,,,,,,
198695,,,,,,,,906.0,,362.0,,,,,,123.0,28.0,44.0,128.0,9.0,,92.0,4.0,64.0,2.0,23.0
198710,,,,,,,,259.0,,109.0,1.0,1.0,,,,36.0,9.0,5.0,15.0,,,20.0,3.0,24.0,3.0,1.0
198729,,,,,,,,197.0,,64.0,,,,,,24.0,7.0,6.0,16.0,,,10.0,2.0,32.0,2.0,
198756,,,,,,,,308.0,,116.0,,1.0,,,,60.0,5.0,12.0,19.0,2.0,,22.0,,45.0,8.0,1.0
198774,,,,,,,,446.0,,170.0,,,,,,41.0,14.0,17.0,14.0,,,44.0,,46.0,8.0,
198808,,,,,,,,180.0,,78.0,,,,,,13.0,7.0,4.0,32.0,6.0,,10.0,,13.0,,
198817,,,,,,,,323.0,,167.0,,33.0,,,,16.0,1.0,9.0,10.0,,,21.0,,61.0,,
198835,,,,,,,,356.0,,177.0,,,,,,24.0,22.0,,50.0,6.0,,10.0,,24.0,,
198844,,,,,,,,16.0,,10.0,,,,,,2.0,2.0,,,,,1.0,,1.0,,
198862,,,,,,,,211.0,,66.0,,,,,,12.0,22.0,7.0,21.0,1.0,,18.0,,40.0,,2.0
198871,,,,,,,,128.0,,38.0,,,,,,13.0,2.0,3.0,30.0,1.0,,11.0,,24.0,6.0,
198899,,,,,,,,308.0,,111.0,,,,,,23.0,7.0,6.0,47.0,5.0,,37.0,3.0,27.0,11.0,
198905,,,,,,,,143.0,,65.0,,,,,,22.0,2.0,6.0,5.0,,,6.0,1.0,18.0,3.0,1.0
198914,,,,,,,,154.0,,69.0,,,,,,30.0,8.0,5.0,10.0,,,,,22.0,3.0,
198923,,,,,,,,135.0,,69.0,1.0,,,,,1.0,5.0,4.0,2.0,,,4.0,1.0,4.0,4.0,
198950,,,,,,,,465.0,,162.0,,8.0,,,,46.0,18.0,33.0,22.0,4.0,,50.0,,59.0,11.0,1.0
198969,,,,,,,,462.0,,206.0,,,,,,35.0,12.0,10.0,52.0,5.0,,72.0,2.0,43.0,12.0,3.0
198978,,,,,,,,328.0,,107.0,,,,,,24.0,68.0,,,6.0,,,41.0,61.0,,
198987,,,,,,,,319.0,,163.0,,,,,,38.0,16.0,8.0,11.0,,,25.0,3.0,44.0,2.0,
199005,,,,,,,,2.0,,2.0,,,,,,,,,,,,,,,,
199023,,,,,,,,135.0,,77.0,,,,,,12.0,5.0,3.0,2.0,,,5.0,,25.0,3.0,
199032,,,,,,,,182.0,,84.0,,,,,,7.0,11.0,4.0,28.0,,,1.0,2.0,5.0,0.0,
199069,,,,,,,,346.0,,141.0,,,,,,53.0,6.0,7.0,33.0,3.0,,19.0,,26.0,,1.0
199078,,,,,,,,13.0,,5.0,,,,,,4.0,,,,,,,,4.0,,
199087,,,,,,,,363.0,,225.0,,,,,,22.0,5.0,8.0,7.0,,,24.0,1.0,32.0,7.0,1.0
199102,,,,,,,,1758.0,,551.0,19.0,,,,,96.0,141.0,111.0,86.0,22.0,,165.0,,341.0,101.0,5.0
199111,,,,,,,,720.0,,253.0,,,,,,41.0,43.0,37.0,46.0,5.0,,80.0,2.0,117.0,50.0,3.0
199120,,,,,,,,13329.0,,2086.0,1464.0,1114.0,,,,205.0,1124.0,2369.0,461.0,516.0,,761.0,,1848.0,756.0,21.0
199139,,,,,,,,3758.0,,1252.0,36.0,,,,,202.0,245.0,305.0,245.0,46.0,,384.0,,584.0,265.0,7.0
199148,,,,,,,,2770.0,,951.0,2.0,1.0,,,,147.0,252.0,313.0,115.0,30.0,,258.0,2.0,262.0,125.0,14.0
199157,,,,,,,,1297.0,,459.0,2.0,,,,,106.0,79.0,71.0,101.0,25.0,,117.0,1.0,207.0,47.0,3.0
199175,,,,,,,,432.0,,,,,,,,53.0,99.0,62.0,71.0,1.0,,18.0,,82.0,21.0,
199184,,,,,,,,490.0,,158.0,,,,,,49.0,35.0,23.0,28.0,3.0,,71.0,1.0,72.0,29.0,2.0
199193,,,,,,,,9154.0,,1852.0,375.0,301.0,,,,336.0,550.0,1464.0,496.0,224.0,,758.0,8.0,1295.0,471.0,33.0
199209,,,,,,,,318.0,,134.0,,,,,,34.0,13.0,8.0,34.0,1.0,,,,11.0,23.0,
199218,,,,,,,,2166.0,,790.0,10.0,,,,,109.0,134.0,128.0,144.0,28.0,,187.0,,339.0,122.0,15.0
199263,,,,,,,,88.0,,43.0,,,,,,11.0,1.0,3.0,4.0,,,7.0,,11.0,,
199272,,,,,,,,159.0,,62.0,,,,,,9.0,6.0,3.0,20.0,6.0,,8.0,9.0,11.0,,
199281,,,,,,,,906.0,,336.0,,,,,,53.0,43.0,71.0,51.0,6.0,,90.0,,156.0,39.0,1.0
199306,,,,,,,,223.0,,106.0,,,,,,10.0,14.0,7.0,41.0,2.0,,2.0,1.0,13.0,,0.0
199324,,,,,,,,204.0,,94.0,,,,,,31.0,2.0,4.0,12.0,,,14.0,,34.0,3.0,
199333,,,,,,,,670.0,,289.0,,,,,,52.0,9.0,18.0,50.0,,,8.0,,154.0,7.0,
199412,,,,,,,,442.0,,187.0,,,,,,68.0,13.0,11.0,49.0,6.0,,8.0,,49.0,2.0,3.0
199421,,,,,,,,390.0,,185.0,,,,,,39.0,4.0,11.0,14.0,8.0,,25.0,,56.0,3.0,
199449,,,,,,,,258.0,,121.0,,,,,,33.0,4.0,5.0,8.0,,,18.0,,27.0,7.0,
199458,,,,,,,,32.0,,11.0,,,,,,4.0,,,,,,1.0,,4.0,1.0,
199467,,,,,,,,130.0,,74.0,,,,,,17.0,3.0,3.0,4.0,,,8.0,,12.0,,
199476,,,,,,,,223.0,,134.0,,,,,,20.0,4.0,5.0,16.0,,,7.0,,31.0,,
199485,,,,,,,,220.0,,107.0,,,,,,25.0,4.0,7.0,3.0,,,18.0,1.0,27.0,,
199494,,,,,,,,555.0,,315.0,,,,,,56.0,10.0,20.0,24.0,,,20.0,,70.0,7.0,
199582,,,,,,,,212.0,,82.0,,,,,,32.0,6.0,4.0,16.0,3.0,,42.0,,18.0,6.0,
199607,,,,,,,,181.0,,75.0,,,,,,25.0,7.0,3.0,21.0,1.0,,13.0,,28.0,2.0,
199625,,,,,,,,185.0,,94.0,,,,,,16.0,7.0,4.0,4.0,,,13.0,3.0,28.0,,0.0
199634,,,,,,,,423.0,,241.0,,,,,,51.0,7.0,8.0,7.0,1.0,,32.0,1.0,40.0,7.0,2.0
199643,,,,,,,,244.0,,88.0,,,,,,32.0,9.0,2.0,24.0,5.0,,37.0,,16.0,,2.0
199670,,,,,,,,10.0,,4.0,,,,,,1.0,1.0,,,,,,,2.0,1.0,
199689,,,,,,,,20.0,,10.0,,,,,,2.0,,,,,,,3.0,5.0,,
199698,,,,,,,,179.0,,43.0,,,,,,17.0,3.0,1.0,37.0,7.0,,41.0,,26.0,,
199722,,,,,,,,255.0,,80.0,,,,,,22.0,11.0,8.0,14.0,,,10.0,,19.0,2.0,
199731,,,,,,,,328.0,,171.0,,,,,,32.0,5.0,9.0,22.0,,,16.0,,25.0,6.0,
199740,,,,,,,,333.0,,156.0,,,,,,48.0,4.0,11.0,18.0,1.0,,19.0,,32.0,,1.0
199759,,,,,,,,281.0,,73.0,2.0,,,,,34.0,11.0,8.0,3.0,,,16.0,,73.0,29.0,
199768,,,,,,,,348.0,,198.0,,,,,,40.0,3.0,12.0,8.0,,,26.0,2.0,47.0,1.0,1.0
199786,,,,,,,,397.0,,233.0,,,,,,27.0,4.0,5.0,10.0,,,23.0,,53.0,,
199795,,,,,,,,166.0,,81.0,,,,,,20.0,4.0,5.0,2.0,,,6.0,,16.0,,0.0
199838,,,,,,,,332.0,,136.0,,,,,,41.0,3.0,8.0,22.0,,,35.0,,36.0,1.0,1.0
199847,,,,,,,,6553.0,,1966.0,238.0,,,,,353.0,900.0,416.0,187.0,954.0,,333.0,10.0,886.0,92.0,38.0
199856,,,,,,,,1676.0,,700.0,,,,,,216.0,56.0,63.0,80.0,3.0,,28.0,4.0,240.0,17.0,5.0
199865,,,,,,,,206.0,,67.0,,,,,,32.0,8.0,5.0,17.0,1.0,,16.0,,14.0,12.0,1.0
199883,,,,,,,,19.0,,15.0,,,,,,1.0,2.0,,,,,,,,,
199892,,,,,,,,434.0,,172.0,,,,,,42.0,9.0,11.0,19.0,,,46.0,,57.0,,1.0
199908,,,,,,,,248.0,,126.0,,,,,,24.0,4.0,7.0,20.0,,,8.0,2.0,28.0,4.0,
199926,,,,,,,,384.0,,193.0,,,,,,41.0,17.0,11.0,16.0,2.0,,40.0,4.0,33.0,7.0,1.0
199953,,,,,,,,213.0,,112.0,,,,,,23.0,9.0,6.0,2.0,,,23.0,,17.0,,
199962,,,,,,,,532.0,,231.0,,,,,,38.0,19.0,17.0,54.0,12.0,,45.0,,37.0,7.0,4.0
199971,,,,,,,,6.0,,1.0,,,,,,1.0,,,,,,,,2.0,,
199980,,,,,,,,10.0,,5.0,,,,,,1.0,1.0,,,,,,,1.0,,
199999,,,,,,,,891.0,,334.0,,,,,,81.0,68.0,42.0,43.0,9.0,,86.0,1.0,132.0,34.0,7.0
200004,,,,,,,,1583.0,,580.0,,,,,,92.0,82.0,57.0,117.0,20.0,,173.0,2.0,208.0,137.0,19.0
200013,,,,,,,,49.0,,28.0,,,,,,6.0,,,,,,,,1.0,,
200022,,,,,,,,369.0,,182.0,,,,,,30.0,15.0,14.0,26.0,,,36.0,3.0,40.0,12.0,
200059,,,,,,,,236.0,,101.0,,,,,,22.0,11.0,6.0,21.0,1.0,,23.0,,27.0,13.0,
200086,,,,,,,,68.0,,24.0,1.0,1.0,,,,8.0,3.0,1.0,1.0,,,9.0,,7.0,,
200110,,,,,,,,5.0,,3.0,,,,,,2.0,,,,,,,,,,
200156,,,,,,,,214.0,,88.0,,,,,,9.0,1.0,5.0,39.0,,,18.0,18.0,27.0,4.0,0.0
200192,,,,,,,,114.0,,41.0,,,,,,16.0,5.0,4.0,2.0,,,12.0,1.0,19.0,,
200208,,,,,,,,119.0,,21.0,,,,,,11.0,3.0,3.0,4.0,5.0,,8.0,,15.0,2.0,7.0
200217,,,,,,,,454.0,,202.0,,,,,,16.0,14.0,1.0,41.0,3.0,,46.0,15.0,45.0,2.0,
200226,,,,,,,,196.0,,60.0,,,,,,19.0,5.0,3.0,11.0,,,31.0,,16.0,6.0,
200253,,,,,,,,462.0,,208.0,38.0,,,,,27.0,14.0,12.0,24.0,6.0,,34.0,,34.0,12.0,
200262,,,,,,,,3.0,,1.0,,,,,,1.0,,,,,,1.0,,,,
200280,,,,,,,,2525.0,,847.0,3.0,,,,,124.0,171.0,248.0,219.0,83.0,,220.0,,337.0,66.0,99.0
200305,,,,,,,,338.0,,158.0,,,,,,18.0,8.0,7.0,15.0,0.0,,44.0,1.0,60.0,8.0,7.0
200314,,,,,,,,88.0,,35.0,,,,,,5.0,4.0,5.0,6.0,,,7.0,2.0,8.0,2.0,2.0
200332,,,,,,,,2390.0,,589.0,178.0,133.0,,,,133.0,116.0,294.0,132.0,39.0,,262.0,8.0,261.0,112.0,30.0
200341,,,,,,,,95.0,,31.0,,,,,,14.0,7.0,1.0,8.0,,,11.0,,13.0,,
200387,,,,,,,,4.0,,2.0,,,,,,1.0,,,,,,,1.0,0.0,,
200466,,,,,,,,113.0,,31.0,,,,,,3.0,3.0,2.0,12.0,,,15.0,,5.0,9.0,13.0
200484,,,,,,,,66.0,,17.0,,,,,,6.0,5.0,1.0,9.0,,,12.0,,9.0,4.0,
200527,,,,,,,,128.0,,49.0,0.0,,,,,22.0,5.0,6.0,7.0,,,14.0,,16.0,,
200554,,,,,,,,204.0,,39.0,,,,,,8.0,17.0,6.0,12.0,1.0,,51.0,,20.0,15.0,
200572,,,,,,,,191.0,,81.0,,,,,,24.0,4.0,6.0,28.0,,,13.0,,17.0,6.0,8.0
200590,,,,,,,,35.0,,21.0,,,,,,2.0,1.0,1.0,,,,,,3.0,1.0,
200624,,,,,,,,8.0,,4.0,,,,,,2.0,1.0,,,,,,1.0,0.0,,
200785,,,,,,,,33.0,,18.0,,,,,,2.0,,1.0,,,,1.0,,3.0,,
200800,,,,,,,,2223.0,,899.0,,,,,,94.0,148.0,124.0,215.0,32.0,,209.0,1.0,197.0,68.0,25.0
200846,,,,,,,,100.0,,52.0,,,,,,4.0,2.0,4.0,11.0,1.0,,2.0,1.0,6.0,5.0,
200873,,,,,,,,23.0,,7.0,,,,,,2.0,2.0,1.0,,,,1.0,0.0,1.0,2.0,
201016,,,,,,,,41.0,,24.0,,,,,,7.0,,1.0,,,,,,2.0,1.0,
201034,,,,,,,,78.0,,64.0,,,,,,9.0,1.0,,,,,,0.0,4.0,,
201061,,,,,,,,53.0,,20.0,,5.0,,,,9.0,1.0,,6.0,,,0.0,,7.0,1.0,1.0
201098,,,,,,,,16.0,,6.0,,,,,,2.0,1.0,1.0,,,,,3.0,2.0,,
201104,,,,,,,,839.0,,280.0,,,,,,88.0,14.0,23.0,80.0,3.0,,110.0,2.0,92.0,16.0,1.0
201131,,,,,,,,20.0,,13.0,,,,,,2.0,,,1.0,,,,,3.0,,
201140,,,,,,,,40.0,,12.0,,,,,,8.0,1.0,1.0,1.0,,,9.0,,4.0,1.0,
201159,,,,,,,,45.0,,1.0,,,,,,2.0,,0.0,,9.0,,14.0,,6.0,3.0,2.0
201177,,,,,,,,62.0,,27.0,,,,,,15.0,13.0,3.0,,,,,,1.0,,
201195,,,,,,,,746.0,,290.0,,,,,,63.0,28.0,24.0,54.0,6.0,,87.0,6.0,81.0,30.0,2.0
201283,,,,,,,,99.0,,53.0,,,,,,21.0,1.0,4.0,4.0,,,4.0,1.0,11.0,,
201371,,,,,,,,160.0,,67.0,,,,,,27.0,10.0,5.0,17.0,2.0,,7.0,9.0,12.0,,
201399,,,,,,,,3.0,,1.0,,,,,,1.0,,,,,,,,,,
201432,,,,,,,,108.0,,62.0,,,,,,8.0,2.0,2.0,5.0,,,5.0,0.0,13.0,2.0,0.0
201441,,,,,,,,2119.0,,877.0,10.0,1.0,,,,162.0,93.0,112.0,188.0,15.0,,213.0,9.0,293.0,24.0,6.0
201469,,,,,,,,53.0,,28.0,,,,,,6.0,,1.0,8.0,,,1.0,,5.0,,
201478,,,,,,,,22.0,,14.0,,,,,,1.0,1.0,,,,,1.0,,,,
201496,,,,,,,,28.0,,12.0,,,,,,8.0,1.0,,1.0,,,,,5.0,,
201539,,,,,,,,29.0,,22.0,,,,,,3.0,1.0,,,,,,,3.0,,
201548,,,,,,,,522.0,,249.0,,,,,,62.0,20.0,19.0,49.0,,,18.0,,45.0,19.0,
201645,,,,,,,,4470.0,,1351.0,555.0,,,,,206.0,436.0,579.0,177.0,144.0,,311.0,,375.0,82.0,7.0
201654,,,,,,,,613.0,,266.0,,,,,,46.0,33.0,24.0,60.0,9.0,,30.0,14.0,72.0,21.0,5.0
201672,,,,,,,,218.0,,110.0,,,,,,25.0,6.0,4.0,16.0,,,12.0,,23.0,,
201681,,,,,,,,12.0,,6.0,,,,,,2.0,1.0,,,,,,,2.0,,
201690,,,,,,,,367.0,,123.0,4.0,,,,,58.0,24.0,9.0,38.0,2.0,,31.0,,48.0,1.0,1.0
201751,,,,,,,,69.0,,38.0,,,,,,8.0,1.0,1.0,1.0,,,2.0,6.0,7.0,,
201803,,,,,,,,49.0,,26.0,,,,,,,,1.0,,13.0,,,,2.0,3.0,
201821,,,,,,,,79.0,,45.0,,,,,,15.0,2.0,2.0,6.0,,,,,3.0,,
201858,,,,,,,,86.0,,38.0,,,,,,2.0,7.0,,17.0,,,4.0,6.0,4.0,4.0,
201867,,,,,,,,13.0,,4.0,,,,,,1.0,2.0,,,,,,,2.0,,
201885,,,,,,,,6888.0,,2585.0,171.0,34.0,,,,877.0,666.0,779.0,392.0,406.0,,392.0,8.0,272.0,163.0,49.0
201928,,,,,,,,599.0,,329.0,,,,,,42.0,14.0,7.0,15.0,,,53.0,,56.0,8.0,3.0
201946,,,,,,,,240.0,,154.0,,,,,,21.0,8.0,6.0,24.0,,,9.0,,4.0,7.0,
201955,,,,,,,,328.0,,222.0,,,,,,22.0,20.0,20.0,18.0,,,2.0,,5.0,6.0,
201964,,,,,,,,450.0,,232.0,,,,,,78.0,4.0,9.0,,,,5.0,45.0,76.0,,
201973,,,,,,,,343.0,,186.0,,,,,,36.0,7.0,8.0,12.0,,,14.0,6.0,32.0,,
201982,,,,,,,,10.0,,5.0,,,,,,1.0,1.0,,,,,,,1.0,,
202046,,,,,,,,169.0,,73.0,,,,,,29.0,6.0,10.0,6.0,,,4.0,,11.0,1.0,
202073,,,,,,,,122.0,,55.0,,,,,,18.0,8.0,1.0,11.0,,,10.0,3.0,7.0,,
202134,,,,,,,,1849.0,,746.0,,,,,,129.0,140.0,155.0,142.0,15.0,,114.0,3.0,270.0,26.0,9.0
202152,,,,,,,,18.0,,11.0,,,,,,2.0,1.0,1.0,,,,,,0.0,2.0,
202161,,,,,,,,51.0,,20.0,,,,,,7.0,3.0,,,,,3.0,12.0,2.0,0.0,
202170,,,,,,,,237.0,,118.0,1.0,2.0,,,,20.0,5.0,12.0,4.0,,,15.0,14.0,17.0,5.0,
202222,,,,,,,,1511.0,,690.0,,,,,,182.0,113.0,86.0,78.0,15.0,,29.0,6.0,193.0,33.0,6.0
202356,,,,,,,,2229.0,,792.0,,,,,,181.0,202.0,38.0,26.0,20.0,,134.0,,363.0,,
202435,,,,,,,,14.0,,7.0,,,,,,2.0,1.0,1.0,,,,0.0,1.0,,,
202453,,,,,,,,5.0,,2.0,,,,,,1.0,,,,,,,,1.0,,
202480,,,,,,,,2809.0,,769.0,,,,,,468.0,132.0,568.0,151.0,12.0,,259.0,14.0,288.0,62.0,10.0
202514,,,,,,,,143.0,,50.0,,,,,,16.0,9.0,2.0,33.0,1.0,,1.0,,9.0,7.0,
202523,,,,,,,,725.0,,266.0,,,,,,119.0,32.0,27.0,39.0,17.0,,78.0,,95.0,24.0,
202648,,,,,,,,185.0,,97.0,,,,,,29.0,6.0,8.0,6.0,,,13.0,,24.0,,
202657,,,,,,,,33.0,,18.0,,,,,,3.0,4.0,1.0,2.0,,,,,5.0,,
202684,,,,,,,,34.0,,17.0,,,,,,5.0,1.0,,6.0,,,1.0,,2.0,,
202763,,,,,,,,655.0,,280.0,,,,,,72.0,15.0,21.0,63.0,17.0,,51.0,1.0,83.0,27.0,3.0
202806,,,,,,,,520.0,,255.0,,,,,,76.0,25.0,42.0,9.0,,,14.0,,20.0,7.0,
202888,,,,,,,,8.0,,4.0,,,,,,2.0,1.0,,,,,,,0.0,,
202903,,,,,,,,72.0,,28.0,,,,,,4.0,4.0,,3.0,0.0,,17.0,1.0,8.0,,
202912,,,,,,,,59.0,,32.0,,,,,,6.0,,4.0,,,,,,4.0,,
202949,,,,,,,,53.0,,26.0,,,,,,8.0,2.0,,1.0,,,1.0,,6.0,,
202985,,,,,,,,13.0,,8.0,,,,,,2.0,,,,,,,,2.0,,
203030,,,,,,,,9.0,,9.0,,,,,,,,,,,,,,,,
203067,,,,,,,,258.0,,64.0,0.0,,,,,49.0,25.0,7.0,7.0,,,13.0,5.0,32.0,14.0,
203085,,,,,,,,274.0,,82.0,9.0,,,,,39.0,13.0,7.0,46.0,4.0,,32.0,2.0,27.0,7.0,0.0
203128,,,,,,,,200.0,,76.0,,,,,,27.0,3.0,5.0,60.0,3.0,,3.0,,18.0,1.0,
203146,,,,,,,,50.0,,29.0,,,,,,4.0,2.0,,,,,,4.0,7.0,1.0,2.0
203155,,,,,,,,231.0,,116.0,,1.0,,,,41.0,9.0,,12.0,2.0,,21.0,,12.0,8.0,
203234,,,,,,,,13.0,,6.0,,,,,,2.0,,,,,,,,1.0,,
203289,,,,,,,,15.0,,6.0,,,,,,2.0,1.0,,,,,,2.0,2.0,1.0,
203331,,,,,,,,275.0,,207.0,,,,,,21.0,10.0,6.0,8.0,,,,,12.0,4.0,
203368,,,,,,,,606.0,,249.0,,,,,,62.0,24.0,27.0,87.0,5.0,,24.0,,76.0,14.0,3.0
203386,,,,,,,,238.0,,119.0,,,,,,60.0,18.0,5.0,4.0,,,1.0,,28.0,,
203438,,,,,,,,21.0,,10.0,,,,,,2.0,1.0,0.0,,,,,6.0,1.0,,
203447,,,,,,,,112.0,,63.0,,,,,,11.0,9.0,3.0,3.0,1.0,,2.0,,11.0,2.0,
203456,,,,,,,,54.0,,29.0,,,,,,4.0,2.0,3.0,,1.0,,3.0,,8.0,1.0,
203465,,,,,,,,297.0,,153.0,,,,,,15.0,24.0,8.0,8.0,,,29.0,1.0,35.0,4.0,
203474,,,,,,,,111.0,,62.0,,,,,,6.0,7.0,2.0,2.0,1.0,,4.0,,17.0,4.0,
203483,,,,,,,,157.0,,75.0,,,,,,11.0,12.0,2.0,21.0,1.0,,12.0,0.0,14.0,2.0,
203492,,,,,,,,95.0,,60.0,,,,,,7.0,5.0,2.0,1.0,0.0,,4.0,,8.0,2.0,
203517,,,,,,,,3617.0,,1252.0,,,,,,439.0,497.0,218.0,173.0,37.0,,364.0,4.0,340.0,125.0,20.0
203526,,,,,,,,110.0,,70.0,,,,,,8.0,4.0,2.0,2.0,1.0,,4.0,,8.0,2.0,
203535,,,,,,,,642.0,,216.0,,,,,,84.0,95.0,1.0,28.0,7.0,,87.0,4.0,70.0,24.0,
203544,,,,,,,,118.0,,74.0,,,,,,19.0,0.0,8.0,5.0,,,2.0,1.0,6.0,,
203580,,,,,,,,170.0,,66.0,,,,,,25.0,7.0,5.0,28.0,2.0,,5.0,,3.0,18.0,
203599,,,,,,,,555.0,,278.0,,,,,,48.0,24.0,30.0,23.0,,,53.0,,79.0,,
203614,,,,,,,,69.0,,52.0,,,,,,5.0,2.0,1.0,1.0,,,1.0,,7.0,,
203678,,,,,,,,253.0,,144.0,,,,,,44.0,5.0,9.0,16.0,,,7.0,,28.0,,
203720,,,,,,,,33.0,,18.0,,,,,,2.0,5.0,1.0,,,,,4.0,2.0,,
203739,,,,,,,,21.0,,13.0,,,,,,2.0,4.0,,,,,,1.0,1.0,,
203748,,,,,,,,711.0,,266.0,,,,,,40.0,46.0,41.0,90.0,,,35.0,6.0,98.0,12.0,
203757,,,,,,,,197.0,,86.0,,,,,,25.0,4.0,,49.0,,,,,22.0,,2.0
203775,,,,,,,,305.0,,114.0,,,,,,25.0,15.0,12.0,49.0,,,24.0,,41.0,6.0,
203845,,,,,,,,356.0,,126.0,,,,,,33.0,12.0,13.0,48.0,5.0,,45.0,1.0,41.0,10.0,1.0
203881,,,,,,,,140.0,,75.0,,,,,,20.0,5.0,6.0,,,,,,23.0,,
203942,,,,,,,,17.0,,10.0,,,,,,1.0,,,,,,,,3.0,,
203960,,,,,,,,184.0,,107.0,,,,,,29.0,2.0,2.0,0.0,,,,,9.0,,
203997,,,,,,,,54.0,,21.0,,0.0,,,,10.0,2.0,2.0,1.0,,,5.0,,3.0,3.0,
204006,,,,,,,,242.0,,132.0,,,,,,9.0,3.0,8.0,17.0,,,11.0,1.0,31.0,3.0,
204015,,,,,,,,186.0,,89.0,,,,,,7.0,5.0,8.0,11.0,,,14.0,1.0,23.0,3.0,
204024,,,,,,,,3389.0,,1082.0,32.0,,,,,193.0,268.0,214.0,233.0,20.0,,692.0,11.0,374.0,123.0,8.0
204121,,,,,,,,5.0,,4.0,,,,,,1.0,,,,,,,,,,
204158,,,,,,,,61.0,,53.0,,,,,,5.0,,,,,,,,3.0,,
204176,,,,,,,,119.0,,82.0,,,,,,14.0,3.0,4.0,,,,2.0,,6.0,,
204185,,,,,,,,467.0,,180.0,,,,,,34.0,27.0,21.0,56.0,6.0,,51.0,3.0,39.0,23.0,
204194,,,,,,,,419.0,,181.0,,,,,,44.0,25.0,17.0,48.0,2.0,,37.0,0.0,38.0,9.0,3.0
204200,,,,,,,,400.0,,139.0,,,,,,40.0,9.0,10.0,58.0,5.0,,49.0,,35.0,7.0,1.0
204255,,,,,,,,140.0,,69.0,,1.0,,,,13.0,14.0,10.0,8.0,,,2.0,2.0,14.0,2.0,
204264,,,,,,,,316.0,,127.0,,5.0,,,,56.0,8.0,6.0,32.0,2.0,,30.0,,30.0,,
204334,,,,,,,,11.0,,8.0,,,,,,1.0,1.0,,,,,0.0,,1.0,,
204422,,,,,,,,200.0,,80.0,,,,,,27.0,3.0,7.0,25.0,,,14.0,3.0,14.0,1.0,1.0
204431,,,,,,,,4.0,,3.0,,,,,,1.0,,,,,,,,,,
204440,,,,,,,,171.0,,66.0,,,,,,23.0,8.0,7.0,3.0,1.0,,15.0,4.0,30.0,,
204459,,,,,,,,18.0,,8.0,,,,,,,,,,6.0,,2.0,,1.0,,
204468,,,,,,,,257.0,,98.0,,,,,,28.0,16.0,1.0,37.0,4.0,,16.0,1.0,9.0,,
204477,,,,,,,,427.0,,76.0,9.0,,,,,16.0,43.0,128.0,1.0,,,15.0,,43.0,14.0,
204486,,,,,,,,375.0,,130.0,,,,,,23.0,13.0,10.0,54.0,,,7.0,47.0,34.0,23.0,4.0
204501,,,,,,,,1030.0,,336.0,,,,,,105.0,29.0,40.0,98.0,7.0,,169.0,1.0,131.0,38.0,2.0
204608,,,,,,,,122.0,,54.0,,3.0,,,,6.0,4.0,,,,,13.0,19.0,,7.0,
204617,,,,,,,,232.0,,93.0,,,,,,21.0,10.0,11.0,47.0,1.0,,13.0,1.0,12.0,,
204635,,,,,,,,568.0,,242.0,,,,,,40.0,61.0,29.0,72.0,11.0,,7.0,,90.0,,3.0
204662,,,,,,,,88.0,,40.0,,,,,,7.0,9.0,2.0,13.0,,,,,10.0,1.0,
204671,,,,,,,,102.0,,47.0,,,,,,12.0,7.0,1.0,9.0,,,10.0,,8.0,6.0,
204680,,,,,,,,113.0,,50.0,,,,,,8.0,7.0,0.0,6.0,1.0,,11.0,,22.0,4.0,1.0
204699,,,,,,,,129.0,,58.0,,,,,,10.0,11.0,1.0,8.0,,,18.0,,11.0,5.0,1.0
204705,,,,,,,,166.0,,83.0,,,,,,11.0,16.0,,14.0,1.0,,12.0,,14.0,6.0,
204714,,,,,,,,11.0,,6.0,,,,,,,1.0,,,,,,1.0,2.0,1.0,
204723,,,,,,,,11.0,,6.0,,,,,,2.0,,,,,,,,2.0,,
204769,,,,,,,,11.0,,7.0,,,,,,1.0,1.0,,,,,,1.0,,,
204778,,,,,,,,9.0,,5.0,,,,,,1.0,1.0,,,,,,1.0,,,
204796,,,,,,,,31516.0,,4859.0,105.0,,,,,3716.0,2094.0,3565.0,999.0,7249.0,,3401.0,60.0,3594.0,612.0,271.0
204802,,,,,,,,43.0,,27.0,,,,,,4.0,,2.0,3.0,,,1.0,,4.0,1.0,
204820,,,,,,,,108.0,,70.0,,,,,,7.0,0.0,2.0,4.0,,,7.0,,11.0,2.0,
204839,,,,,,,,100.0,,66.0,,,,,,8.0,1.0,2.0,7.0,,,0.0,,12.0,1.0,
204848,,,,,,,,97.0,,62.0,,,,,,7.0,2.0,3.0,5.0,,,4.0,,8.0,3.0,
204857,,,,,,,,3774.0,,1169.0,,,,,,539.0,194.0,310.0,321.0,35.0,,394.0,,392.0,133.0,58.0
204866,,,,,,,,84.0,,51.0,,,,,,6.0,,,3.0,,,8.0,,8.0,3.0,
204884,,,,,,,,19.0,,10.0,,,,,,3.0,1.0,1.0,,,,,2.0,1.0,,
204893,,,,,,,,13.0,,8.0,,,,,,1.0,,,,,,,,2.0,,
204909,,,,,,,,459.0,,183.0,,,,,,40.0,22.0,19.0,70.0,1.0,,15.0,,52.0,14.0,
204936,,,,,,,,488.0,,215.0,,,,,,49.0,24.0,18.0,51.0,3.0,,22.0,,63.0,20.0,
204945,,,,,,,,671.0,,310.0,,,,,,69.0,33.0,31.0,51.0,,,44.0,,80.0,12.0,
204963,,,,,,,,4.0,,3.0,,,,,,,,,,,,,,1.0,,
204981,,,,,,,,92.0,,13.0,,,,,,5.0,2.0,1.0,7.0,4.0,,1.0,,7.0,2.0,
204990,,,,,,,,25.0,,12.0,,,,,,5.0,1.0,,,,,,,2.0,,
205027,,,,,,,,62.0,,27.0,,,,,,5.0,2.0,3.0,1.0,1.0,,5.0,,8.0,5.0,
205054,,,,,,,,47.0,,27.0,,,,,,4.0,4.0,1.0,,,,,5.0,2.0,0.0,
205090,,,,,,,,14.0,,8.0,,,,,,2.0,1.0,,,,,,,1.0,,
205124,,,,,,,,21.0,,6.0,,,,,,1.0,1.0,,,,,9.0,,2.0,,
205142,,,,,,,,13.0,,5.0,,,,,,2.0,,,,,,,,,5.0,
205179,,,,,,,,98.0,,38.0,,,,,,26.0,16.0,,4.0,,,,5.0,5.0,,
205203,,,,,,,,243.0,,135.0,,,,,,6.0,12.0,8.0,3.0,1.0,,8.0,8.0,47.0,11.0,
205391,,,,,,,,43.0,,16.0,,,,,,4.0,2.0,0.0,3.0,,,,,1.0,,
205443,,,,,,,,428.0,,205.0,,,,,,48.0,12.0,14.0,31.0,,,36.0,4.0,52.0,10.0,2.0
205470,,,,,,,,1271.0,,575.0,,,,,,54.0,36.0,109.0,137.0,,,46.0,7.0,135.0,29.0,
205559,,,,,,,,22.0,,9.0,,,,,,2.0,,,,,,1.0,,1.0,1.0,
205841,,,,,,,,544.0,,292.0,,,,,,27.0,55.0,29.0,30.0,1.0,,42.0,,38.0,1.0,
205887,,,,,,,,71.0,,34.0,,,,,,9.0,4.0,1.0,,,,,4.0,16.0,,
205957,,,,,,,,375.0,,161.0,,,,,,38.0,14.0,14.0,29.0,1.0,,12.0,2.0,52.0,13.0,
205966,,,,,,,,173.0,,74.0,,,,,,22.0,5.0,6.0,4.0,2.0,,0.0,,22.0,5.0,
206011,,,,,,,,164.0,,86.0,,,,,,15.0,14.0,4.0,1.0,,,13.0,,14.0,,
206039,,,,,,,,4.0,,3.0,,,,,,1.0,,,,,,,,,,
206048,,,,,,,,370.0,,152.0,,,,,,18.0,23.0,3.0,73.0,11.0,,35.0,,11.0,8.0,1.0
206084,,,,,,,,3223.0,,910.0,91.0,229.0,,,,138.0,171.0,219.0,284.0,379.0,,243.0,2.0,276.0,94.0,10.0
206154,,,,,,,,14.0,,10.0,,,,,,,1.0,,,,,,,,,
206172,,,,,,,,5.0,,0.0,,,,,,,,,,2.0,,1.0,,,0.0,
206181,,,,,,,,28.0,,20.0,,,,,,2.0,,1.0,,,,,,3.0,,
206279,,,,,,,,240.0,,106.0,,,,,,32.0,7.0,8.0,2.0,,,4.0,,12.0,,
206288,,,,,,,,54.0,,18.0,,,,,,10.0,4.0,3.0,1.0,,,3.0,,11.0,,
206321,,,,,,,,36.0,,23.0,,,,,,4.0,,,,,,,,4.0,,
206330,,,,,,,,132.0,,57.0,,,,,,12.0,3.0,1.0,29.0,0.0,,7.0,,5.0,7.0,
206349,,,,,,,,215.0,,99.0,,,,,,29.0,7.0,8.0,28.0,2.0,,2.0,,29.0,4.0,
206394,,,,,,,,24.0,,12.0,,,,,,3.0,2.0,1.0,,,,,2.0,1.0,,
206437,,,,,,,,435.0,,179.0,,,,,,25.0,14.0,11.0,66.0,,,37.0,,59.0,7.0,2.0
206446,,,,,,,,153.0,,90.0,,,,,,21.0,3.0,1.0,3.0,0.0,,3.0,1.0,20.0,6.0,
206491,,,,,,,,117.0,,37.0,1.0,9.0,,,,7.0,10.0,3.0,8.0,1.0,,15.0,,6.0,6.0,2.0
206507,,,,,,,,204.0,,76.0,,,,,,23.0,17.0,7.0,44.0,3.0,,5.0,,18.0,7.0,
206516,,,,,,,,15.0,,6.0,,,,,,4.0,,,,,,,,1.0,,
206525,,,,,,,,374.0,,142.0,,,,,,35.0,21.0,13.0,50.0,3.0,,20.0,,58.0,13.0,1.0
206589,,,,,,,,667.0,,199.0,,,,,,57.0,58.0,25.0,44.0,8.0,,137.0,2.0,50.0,21.0,6.0
206604,,,,,,,,2104.0,,870.0,134.0,112.0,,,,106.0,91.0,138.0,155.0,18.0,,99.0,3.0,225.0,58.0,24.0
206622,,,,,,,,1140.0,,525.0,,,,,,83.0,83.0,43.0,113.0,9.0,,65.0,,118.0,22.0,1.0
206695,,,,,,,,1309.0,,596.0,,,,,,166.0,34.0,59.0,163.0,1.0,,56.0,0.0,143.0,21.0,18.0
206817,,,,,,,,71.0,,27.0,,7.0,,,,7.0,4.0,1.0,7.0,,,,1.0,2.0,3.0,1.0
206835,,,,,,,,148.0,,45.0,,,,,,9.0,6.0,10.0,23.0,0.0,,7.0,,9.0,,
206862,,,,,,,,378.0,,143.0,,,,,,42.0,16.0,9.0,39.0,3.0,,29.0,16.0,47.0,14.0,1.0
206880,,,,,,,,4.0,,2.0,,,,,,1.0,1.0,,,,,,,0.0,,
206905,,,,,,,,50.0,,13.0,,,,,,5.0,2.0,2.0,,,,2.0,1.0,10.0,7.0,
206914,,,,,,,,446.0,,168.0,,,,,,40.0,9.0,30.0,38.0,1.0,,24.0,3.0,69.0,25.0,3.0
206923,,,,,,,,201.0,,63.0,,,,,,10.0,9.0,5.0,36.0,,,23.0,1.0,25.0,2.0,
206932,,,,,,,,26.0,,13.0,,,,,,3.0,3.0,,1.0,,,1.0,2.0,1.0,,
206941,,,,,,,,1567.0,,657.0,,,,,,146.0,74.0,43.0,86.0,4.0,,70.0,4.0,312.0,41.0,11.0
206996,,,,,,,,140.0,,56.0,,,,,,13.0,14.0,4.0,17.0,,,3.0,,17.0,3.0,1.0
207041,,,,,,,,450.0,,156.0,,,,,,11.0,7.0,13.0,30.0,3.0,,60.0,5.0,95.0,18.0,1.0
207050,,,,,,,,175.0,,47.0,,,,,,23.0,6.0,7.0,15.0,,,20.0,2.0,28.0,8.0,2.0
207069,,,,,,,,146.0,,48.0,,,,,,23.0,7.0,5.0,14.0,,,10.0,,16.0,6.0,4.0
207087,,,,,,,,5.0,,3.0,,,,,,1.0,,,,,,,,1.0,,
207102,,,,,,,,11.0,,8.0,,,,,,2.0,,,,,,,,1.0,,
207157,,,,,,,,45.0,,23.0,,,,,,2.0,5.0,1.0,,,,2.0,4.0,3.0,2.0,
207209,,,,,,,,342.0,,130.0,,,,,,42.0,13.0,24.0,35.0,5.0,,13.0,,54.0,10.0,
207236,,,,,,,,203.0,,81.0,,,,,,12.0,3.0,,8.0,,,19.0,4.0,67.0,6.0,
207254,,,,,,,,239.0,,130.0,,,,,,11.0,2.0,1.0,8.0,,,15.0,14.0,27.0,17.0,11.0
207263,,,,,,,,909.0,,334.0,1.0,7.0,,,,72.0,25.0,40.0,76.0,21.0,,108.0,7.0,123.0,41.0,5.0
207272,,,,,,,,5.0,,2.0,,,,,,1.0,1.0,,,,,,,1.0,,
207281,,,,,,,,311.0,,126.0,1.0,0.0,,,,22.0,14.0,17.0,13.0,,,34.0,,36.0,7.0,1.0
207290,,,,,,,,195.0,,69.0,,,,,,12.0,3.0,7.0,27.0,,,8.0,3.0,44.0,7.0,5.0
207306,,,,,,,,269.0,,110.0,,,,,,13.0,50.0,,,,,,,64.0,32.0,
207315,,,,,,,,531.0,,69.0,,9.0,,,,54.0,50.0,49.0,8.0,178.0,,20.0,,62.0,1.0,
207324,,,,,,,,346.0,,123.0,,,,,,41.0,17.0,13.0,53.0,1.0,,26.0,,33.0,9.0,
207342,,,,,,,,5598.0,,1365.0,,,,,,486.0,456.0,464.0,138.0,787.0,,510.0,8.0,1164.0,122.0,45.0
207351,,,,,,,,139.0,,53.0,,,,,,20.0,8.0,3.0,15.0,3.0,,11.0,2.0,16.0,1.0,1.0
207388,,,,,,,,5156.0,,1292.0,88.0,85.0,,,,277.0,319.0,501.0,269.0,77.0,,378.0,19.0,1170.0,288.0,78.0
207397,,,,,,,,325.0,,136.0,,,,,,27.0,22.0,51.0,15.0,,,12.0,,50.0,0.0,4.0
207403,,,,,,,,347.0,,137.0,,,,,,30.0,14.0,14.0,46.0,4.0,,25.0,2.0,56.0,7.0,6.0
207449,,,,,,,,565.0,,240.0,,55.0,,,,53.0,19.0,16.0,13.0,,,15.0,1.0,56.0,10.0,2.0
207458,,,,,,,,588.0,,253.0,,,,,,51.0,33.0,22.0,64.0,3.0,,15.0,,90.0,24.0,5.0
207500,,,,,,,,5652.0,,1357.0,352.0,,,,,356.0,701.0,437.0,447.0,53.0,,592.0,,658.0,191.0,86.0
207564,,,,,,,,334.0,,124.0,,,,,,45.0,7.0,7.0,6.0,,,57.0,7.0,53.0,14.0,
207582,,,,,,,,660.0,,216.0,,,,,,86.0,31.0,30.0,107.0,9.0,,35.0,2.0,103.0,17.0,8.0
207661,,,,,,,,337.0,,141.0,,,,,,38.0,7.0,13.0,58.0,3.0,,15.0,,33.0,14.0,2.0
207670,,,,,,,,504.0,,209.0,,,,,,32.0,17.0,29.0,51.0,,,12.0,,105.0,33.0,
207704,,,,,,,,9.0,,6.0,,,,,,1.0,1.0,,,,,,,1.0,,
207722,,,,,,,,151.0,,49.0,,,,,,12.0,7.0,4.0,27.0,,,18.0,,14.0,6.0,
207740,,,,,,,,161.0,,61.0,,,,,,19.0,1.0,5.0,35.0,,,10.0,,20.0,2.0,
207786,,,,,,,,3.0,,1.0,,,,,,1.0,,,,,,,,1.0,,
207847,,,,,,,,406.0,,143.0,,,,,,19.0,30.0,22.0,51.0,3.0,,36.0,,43.0,11.0,4.0
207856,,,,,,,,97.0,,44.0,,,,,,7.0,4.0,1.0,15.0,1.0,,5.0,,3.0,1.0,
207865,,,,,,,,534.0,,229.0,,,,,,28.0,25.0,16.0,30.0,8.0,,69.0,2.0,50.0,18.0,2.0
207935,,,,,,,,1322.0,,435.0,,,,,,71.0,29.0,71.0,215.0,29.0,,84.0,,220.0,41.0,11.0
207962,,,,,,,,64.0,,23.0,,,,,,8.0,,,,,,,12.0,13.0,8.0,
207971,,,,,,,,1268.0,,400.0,,,,,,96.0,70.0,87.0,166.0,18.0,,82.0,4.0,193.0,35.0,2.0
208017,,,,,,,,4.0,,1.0,,,,,,1.0,1.0,,,,,1.0,,,,
208035,,,,,,,,130.0,,41.0,,,,,,15.0,7.0,6.0,14.0,,,15.0,1.0,9.0,2.0,1.0
208044,,,,,,,,2.0,,1.0,,,,,,1.0,,,,,,,,,,
208053,,,,,,,,51.0,,22.0,,,,,,9.0,,,,,,6.0,,12.0,,
208187,,,,,,,,19.0,,11.0,,,,,,2.0,,,,,,,1.0,5.0,,
208275,,,,,,,,216.0,,85.0,,,,,,36.0,5.0,7.0,5.0,1.0,,9.0,,31.0,2.0,
208318,,,,,,,,418.0,,189.0,,,,,,46.0,19.0,29.0,16.0,,,31.0,4.0,53.0,8.0,1.0
208390,,,,,,,,783.0,,324.0,,,,,,101.0,,47.0,11.0,,,44.0,,120.0,13.0,
208406,,,,,,,,539.0,,220.0,,,,,,44.0,4.0,26.0,13.0,1.0,,32.0,,96.0,10.0,7.0
208415,,,,,,,,129.0,,53.0,,,,,,18.0,,3.0,,,,9.0,,27.0,,
208433,,,,,,,,7.0,,4.0,,,,,,1.0,2.0,,,,,,,,,
208479,,,,,,,,50.0,,14.0,,,,,,14.0,1.0,,,,,,6.0,12.0,,
208488,,,,,,,,464.0,,120.0,,,,,,53.0,29.0,25.0,32.0,4.0,,27.0,,66.0,3.0,
208512,,,,,,,,22.0,,7.0,,,,,,2.0,4.0,1.0,,,,,2.0,3.0,,
208637,,,,,,,,28.0,,10.0,,,,,,4.0,4.0,,,,,0.0,3.0,5.0,,
208646,,,,,,,,370.0,,129.0,,,,,,29.0,63.0,22.0,24.0,4.0,,23.0,,30.0,9.0,2.0
208725,,,,,,,,21.0,,7.0,,,,,,5.0,3.0,0.0,2.0,,,2.0,,1.0,,
208822,,,,,,,,669.0,,347.0,,,,,,41.0,21.0,22.0,60.0,3.0,,33.0,,66.0,20.0,
208859,,,,,,,,7.0,,4.0,,,,,,1.0,,,,,,,1.0,1.0,,
209038,,,,,,,,663.0,,294.0,2.0,,,,,69.0,74.0,37.0,14.0,3.0,,30.0,2.0,68.0,14.0,1.0
209056,,,,,,,,698.0,,287.0,,,,,,85.0,43.0,26.0,50.0,5.0,,33.0,,85.0,11.0,
209065,,,,,,,,437.0,,196.0,,,,,,35.0,23.0,26.0,40.0,2.0,,40.0,,36.0,16.0,
209074,,,,,,,,592.0,,250.0,,,,,,46.0,22.0,25.0,30.0,,,28.0,9.0,75.0,8.0,2.0
209083,,,,,,,,8.0,,4.0,,,,,,1.0,,,,,,,,1.0,,
209153,,,,,,,,6.0,,3.0,,,,,,1.0,,,,,,,,2.0,,
209205,,,,,,,,7.0,,5.0,,,,,,1.0,,,,,,,,1.0,,
209241,,,,,,,,38.0,,15.0,,,,,,4.0,1.0,,2.0,1.0,,,,3.0,,
209250,,,,,,,,568.0,,263.0,,,,,,42.0,13.0,26.0,4.0,2.0,,35.0,2.0,127.0,9.0,2.0
209287,,,,,,,,159.0,,49.0,,,,,,23.0,6.0,5.0,14.0,,,14.0,,45.0,1.0,
209296,,,,,,,,211.0,,78.0,5.0,,,,,34.0,2.0,1.0,6.0,24.0,,8.0,1.0,39.0,,
209409,,,,,,,,127.0,,43.0,,,,,,16.0,5.0,7.0,23.0,1.0,,5.0,,11.0,,1.0
209490,,,,,,,,8035.0,,1933.0,433.0,,,,,740.0,406.0,1870.0,65.0,1284.0,,299.0,5.0,871.0,59.0,26.0
209506,,,,,,,,491.0,,223.0,,,,,,41.0,59.0,17.0,28.0,4.0,,28.0,,37.0,18.0,1.0
209533,,,,,,,,40.0,,19.0,,,,,,5.0,2.0,1.0,1.0,,,,,2.0,1.0,
209542,,,,,,,,5698.0,,1558.0,613.0,128.0,,,,270.0,535.0,396.0,391.0,142.0,,286.0,47.0,554.0,170.0,72.0
209551,,,,,,,,4771.0,,1237.0,316.0,206.0,,,,181.0,595.0,303.0,208.0,98.0,,471.0,22.0,509.0,189.0,18.0
209603,,,,,,,,137.0,,56.0,,,,,,4.0,8.0,8.0,4.0,,,13.0,,2.0,,
209612,,,,,,,,805.0,,357.0,4.0,3.0,,,,64.0,10.0,25.0,74.0,12.0,,40.0,,160.0,15.0,
209667,,,,,,,,8.0,,4.0,,,,,,1.0,,,,,,,,2.0,,
209676,,,,,,,,9.0,,5.0,,,,,,1.0,,,,,,,,3.0,,
209694,,,,,,,,6.0,,4.0,,,,,,1.0,,,,,,,0.0,1.0,,
209700,,,,,,,,18.0,,10.0,,,,,,3.0,,0.0,,,,,,5.0,,
209719,,,,,,,,7.0,,4.0,,,,,,,2.0,,,,,,,,,
209746,,,,,,,,2066.0,,826.0,,,,,,164.0,82.0,146.0,228.0,,,152.0,10.0,291.0,24.0,10.0
209807,,,,,,,,2710.0,,1028.0,85.0,61.0,,,,139.0,501.0,192.0,231.0,17.0,,56.0,3.0,213.0,70.0,
209825,,,,,,,,867.0,,342.0,,,,,,56.0,64.0,33.0,108.0,10.0,,104.0,1.0,107.0,23.0,0.0
209922,,,,,,,,526.0,,170.0,,,,,,47.0,47.0,49.0,27.0,8.0,,72.0,,47.0,10.0,
209940,,,,,,,,411.0,,186.0,,,,,,36.0,16.0,28.0,21.0,,,20.0,2.0,92.0,2.0,
210076,,,,,,,,125.0,,65.0,,,,,,13.0,16.0,2.0,1.0,,,1.0,11.0,7.0,,
210146,,,,,,,,575.0,,204.0,,,,,,6.0,213.0,27.0,3.0,3.0,,40.0,1.0,50.0,18.0,
210155,,,,,,,,253.0,,96.0,,26.0,,,,34.0,3.0,11.0,5.0,,,22.0,1.0,48.0,,
210234,,,,,,,,202.0,,82.0,1.0,3.0,,,,7.0,5.0,10.0,9.0,2.0,,14.0,2.0,19.0,,2.0
210270,,,,,,,,260.0,,98.0,1.0,,,,,39.0,6.0,14.0,2.0,,,23.0,,52.0,,
210304,,,,,,,,114.0,,41.0,,,,,,20.0,9.0,3.0,21.0,1.0,,3.0,,9.0,1.0,
210331,,,,,,,,179.0,,74.0,,,,,,21.0,18.0,3.0,26.0,3.0,,3.0,,14.0,,
210340,,,,,,,,5.0,,2.0,,,,,,3.0,,,,,,,,,,
210368,,,,,,,,98.0,,36.0,,,,,,21.0,1.0,6.0,,3.0,,4.0,,23.0,,
210401,,,,,,,,592.0,,213.0,,,,,,129.0,4.0,30.0,61.0,8.0,,58.0,,59.0,,3.0
210429,,,,,,,,744.0,,310.0,27.0,,,,,30.0,127.0,28.0,23.0,5.0,,70.0,2.0,63.0,23.0,2.0
210438,,,,,,,,214.0,,54.0,,,,,,54.0,11.0,9.0,5.0,7.0,,18.0,3.0,13.0,3.0,
210474,,,,,,,,5.0,,4.0,,,,,,1.0,,,,,,,,,,
210492,,,,,,,,121.0,,52.0,,,,,,23.0,2.0,3.0,15.0,2.0,,8.0,1.0,6.0,2.0,0.0
210508,,,,,,,,21.0,,8.0,,,,,,6.0,2.0,,,,,,,1.0,,1.0
210571,,,,,,,,354.0,,123.0,,,,,,38.0,23.0,14.0,35.0,3.0,,48.0,,37.0,12.0,1.0
210599,,,,,,,,36.0,,16.0,,,,,,7.0,2.0,,,,,,4.0,2.0,3.0,
210605,,,,,,,,1181.0,,582.0,,,,,,136.0,27.0,41.0,79.0,,,61.0,,182.0,27.0,
210669,,,,,,,,426.0,,160.0,,,,,,49.0,38.0,25.0,19.0,4.0,,11.0,,40.0,30.0,
210711,,,,,,,,11.0,,7.0,,,,,,,1.0,,,,,1.0,,1.0,,
210739,,,,,,,,479.0,,194.0,,,,,,36.0,18.0,7.0,61.0,5.0,,44.0,,51.0,20.0,1.0
210748,,,,,,,,7.0,,4.0,,,,,,1.0,1.0,,,,,,,0.0,,
210775,,,,,,,,391.0,,171.0,,,,,,54.0,19.0,9.0,31.0,4.0,,30.0,,59.0,6.0,4.0
210784,,,,,,,,24.0,,14.0,,,,,,2.0,1.0,,,,,1.0,1.0,4.0,,
210809,,,,,,,,216.0,,20.0,1.0,,,,,16.0,19.0,23.0,19.0,,,10.0,40.0,18.0,2.0,3.0
210960,,,,,,,,53.0,,31.0,,,,,,8.0,2.0,,3.0,,,,,8.0,,
211006,,,,,,,,33.0,,11.0,,,,,,4.0,3.0,,,,,,8.0,3.0,1.0,
211024,,,,,,,,98.0,,55.0,1.0,,,,,9.0,3.0,1.0,2.0,1.0,,3.0,,22.0,,
211079,,,,,,,,193.0,,79.0,,,,,,29.0,3.0,9.0,1.0,,,2.0,,50.0,15.0,
211088,,,,,,,,609.0,,272.0,,,,,,60.0,59.0,21.0,49.0,4.0,,29.0,,58.0,9.0,
211130,,,,,,,,36.0,,17.0,,,,,,9.0,3.0,1.0,,,,1.0,,2.0,,
211149,,,,,,,,46.0,,16.0,,,,,,9.0,,,,,,6.0,1.0,6.0,,
211158,,,,,,,,1052.0,,436.0,,,,,,38.0,157.0,32.0,49.0,11.0,,128.0,,137.0,50.0,
211273,,,,,,,,645.0,,182.0,5.0,,,,,148.0,6.0,30.0,26.0,10.0,,116.0,,95.0,,1.0
211291,,,,,,,,1342.0,,417.0,,,,,,82.0,140.0,97.0,122.0,9.0,,183.0,,160.0,58.0,22.0
211307,,,,,,,,691.0,,303.0,,,,,,76.0,25.0,26.0,28.0,1.0,,64.0,2.0,114.0,12.0,
211316,,,,,,,,7.0,,3.0,,,,,,3.0,,,,,,,,1.0,,
211334,,,,,,,,7.0,,3.0,,,,,,1.0,,,,,,1.0,,2.0,,
211343,,,,,,,,344.0,,158.0,,,,,,50.0,47.0,7.0,3.0,,,23.0,,51.0,,
211352,,,,,,,,335.0,,138.0,,,,,,49.0,14.0,8.0,44.0,,,7.0,,24.0,8.0,1.0
211361,,,,,,,,754.0,,324.0,,1.0,,,,39.0,123.0,24.0,29.0,8.0,,63.0,,97.0,33.0,
211431,,,,,,,,338.0,,158.0,,,,,,55.0,11.0,14.0,15.0,3.0,,31.0,,26.0,6.0,1.0
211440,,,,,,,,5413.0,,1377.0,136.0,,,,,682.0,679.0,1204.0,307.0,41.0,,127.0,10.0,612.0,104.0,24.0
211468,,,,,,,,310.0,,128.0,1.0,,,,,38.0,1.0,7.0,25.0,,,33.0,,57.0,8.0,
211477,,,,,,,,143.0,,58.0,,,,,,22.0,8.0,5.0,15.0,,,8.0,,7.0,3.0,
211556,,,,,,,,459.0,,191.0,,,,,,52.0,14.0,21.0,25.0,1.0,,47.0,,37.0,14.0,
211583,,,,,,,,243.0,,119.0,,,,,,42.0,9.0,7.0,16.0,4.0,,1.0,,21.0,,
211608,,,,,,,,131.0,,37.0,,,,,,17.0,35.0,,5.0,2.0,,15.0,,18.0,,
211635,,,,,,,,25.0,,17.0,,,,,,3.0,1.0,,,,,1.0,,2.0,,
211644,,,,,,,,625.0,,231.0,,,,,,22.0,105.0,8.0,31.0,28.0,,52.0,,88.0,33.0,
211802,,,,,,,,30.0,,20.0,,,,,,2.0,,,,,,,,3.0,,
211893,,,,,,,,97.0,,38.0,,,,,,4.0,12.0,3.0,7.0,,,1.0,,13.0,2.0,
211909,,,,,,,,16.0,,12.0,,,,,,2.0,1.0,,,,,,,1.0,,
211927,,,,,,,,687.0,,311.0,,,,,,58.0,16.0,33.0,44.0,,,57.0,,86.0,8.0,
211981,,,,,,,,408.0,,141.0,,,,,,20.0,25.0,16.0,34.0,4.0,,44.0,,27.0,29.0,
212009,,,,,,,,888.0,,255.0,,,,,,88.0,39.0,51.0,57.0,6.0,,162.0,,127.0,29.0,11.0
212018,,,,,,,,65.0,,26.0,0.0,,,,,12.0,5.0,2.0,6.0,,,3.0,,7.0,3.0,
212045,,,,,,,,46.0,,15.0,,,,,,8.0,2.0,1.0,3.0,,,3.0,,,4.0,
212054,,,,,,,,5024.0,,1769.0,90.0,,,,,395.0,779.0,347.0,253.0,92.0,,426.0,,587.0,68.0,33.0
212106,,,,,,,,1766.0,,653.0,,,,,,92.0,306.0,76.0,63.0,8.0,,170.0,,254.0,50.0,10.0
212115,,,,,,,,663.0,,285.0,,,,,,31.0,114.0,15.0,27.0,5.0,,80.0,,76.0,19.0,
212133,,,,,,,,440.0,,217.0,,,,,,45.0,41.0,12.0,44.0,1.0,,18.0,,26.0,8.0,
212160,,,,,,,,638.0,,266.0,,,,,,35.0,87.0,12.0,31.0,6.0,,85.0,,66.0,30.0,5.0
212197,,,,,,,,466.0,,141.0,,,,,,37.0,26.0,18.0,47.0,1.0,,91.0,3.0,60.0,11.0,7.0
212230,,,,,,,,4.0,,2.0,,,,,,1.0,,,,,,,,1.0,,
212267,,,,,,,,7.0,,4.0,,,,,,1.0,,,,,,,,1.0,,
212276,,,,,,,,7.0,,4.0,,,,,,1.0,,,,,,,,1.0,,
212294,,,,,,,,6.0,,3.0,,,,,,1.0,,,,,,,,1.0,,
212300,,,,,,,,5.0,,3.0,,,,,,1.0,,,,,,,,1.0,,
212328,,,,,,,,8.0,,4.0,,,,,,2.0,,,,,,,,1.0,,
212337,,,,,,,,7.0,,3.0,,,,,,1.0,,,,,,,,1.0,,
212355,,,,,,,,6.0,,3.0,,,,,,1.0,,,,,,,,1.0,,
212373,,,,,,,,3.0,,2.0,,,,,,1.0,,,,,,,,,,
212382,,,,,,,,7.0,,4.0,,,,,,1.0,,,,,,,,1.0,,
212391,,,,,,,,8.0,,5.0,,,,,,1.0,,,,,,,,1.0,,
212434,,,,,,,,34.0,,24.0,,,,,,1.0,1.0,,,,,1.0,,3.0,1.0,
212443,,,,,,,,33.0,,14.0,,,,,,2.0,,0.0,,,,,,10.0,2.0,
212452,,,,,,,,17.0,,8.0,,,,,,3.0,2.0,,,,,,,2.0,1.0,
212568,,,,,,,,14.0,,6.0,,,,,,2.0,2.0,,,,,,,1.0,,
212577,,,,,,,,852.0,,285.0,,,,,,64.0,118.0,37.0,48.0,,,84.0,,111.0,19.0,8.0
212601,,,,,,,,673.0,,283.0,,,,,,76.0,26.0,26.0,76.0,8.0,,45.0,1.0,85.0,18.0,3.0
212656,,,,,,,,282.0,,114.0,,,,,,33.0,10.0,8.0,27.0,4.0,,21.0,,22.0,15.0,
212674,,,,,,,,825.0,,257.0,,,,,,72.0,41.0,36.0,60.0,10.0,,153.0,,110.0,22.0,5.0
212753,,,,,,,,7.0,,3.0,,,,,,2.0,,,,,,,,1.0,,
212771,,,,,,,,31.0,,10.0,,0.0,,,,4.0,3.0,1.0,1.0,,,,,7.0,2.0,
212832,,,,,,,,439.0,,217.0,,,,,,42.0,22.0,15.0,23.0,5.0,,36.0,,37.0,7.0,2.0
212869,,,,,,,,288.0,,135.0,,,,,,40.0,7.0,2.0,25.0,0.0,,15.0,,20.0,5.0,
212878,,,,,,,,1450.0,,849.0,,28.0,,,,63.0,24.0,63.0,20.0,,,110.0,16.0,180.0,,
212911,,,,,,,,602.0,,166.0,6.0,,,,,36.0,76.0,19.0,51.0,5.0,,110.0,2.0,52.0,30.0,3.0
212975,,,,,,,,32.0,,25.0,,,,,,4.0,,,,,,,,2.0,,
212984,,,,,,,,351.0,,180.0,,,,,,24.0,17.0,15.0,21.0,3.0,,4.0,,38.0,6.0,
212993,,,,,,,,27.0,,10.0,,,,,,1.0,3.0,,,,,,,1.0,,
213011,,,,,,,,336.0,,131.0,,,,,,43.0,14.0,11.0,36.0,1.0,,29.0,1.0,40.0,10.0,
213020,,,,,,,,1401.0,,617.0,19.0,,,,,72.0,202.0,16.0,64.0,16.0,,118.0,,200.0,55.0,
213163,,,,,,,,11.0,,8.0,,,,,,1.0,1.0,,,,,,,,,
213181,,,,,,,,61.0,,35.0,,,,,,4.0,,2.0,,,,,,5.0,1.0,
213215,,,,,,,,15.0,,8.0,,,,,,5.0,,,,,,,,,,
213233,,,,,,,,84.0,,40.0,3.0,,,,,8.0,3.0,2.0,,,,,,8.0,5.0,
213251,,,,,,,,403.0,,136.0,,,,,,55.0,15.0,22.0,54.0,4.0,,47.0,,33.0,13.0,1.0
213303,,,,,,,,225.0,,98.0,,,,,,26.0,8.0,4.0,33.0,1.0,,13.0,,25.0,,1.0
213321,,,,,,,,484.0,,172.0,,,,,,46.0,8.0,18.0,42.0,7.0,,37.0,,40.0,52.0,14.0
213330,,,,,,,,3.0,,1.0,,,,,,1.0,,,,,,,,1.0,,
213349,,,,,,,,951.0,,412.0,,,,,,39.0,151.0,22.0,48.0,7.0,,113.0,,112.0,29.0,
213358,,,,,,,,271.0,,104.0,,,,,,29.0,7.0,11.0,49.0,,,28.0,,32.0,,
213367,,,,,,,,793.0,,316.0,,,,,,105.0,26.0,27.0,53.0,7.0,,81.0,,64.0,17.0,3.0
213376,,,,,,,,272.0,,79.0,,,,,,58.0,15.0,6.0,49.0,,,21.0,,26.0,10.0,1.0
213385,,,,,,,,874.0,,270.0,,,,,,86.0,58.0,53.0,101.0,13.0,,98.0,4.0,109.0,27.0,14.0
213400,,,,,,,,280.0,,118.0,,,,,,28.0,23.0,7.0,47.0,,,7.0,,21.0,6.0,
213446,,,,,,,,42.0,,15.0,,6.0,,,,5.0,1.0,,3.0,,,1.0,,3.0,1.0,
213455,,,,,,,,8.0,,4.0,,,,,,3.0,,,,,,1.0,,,,
213473,,,,,,,,22.0,,10.0,,,,,,2.0,0.0,,,,,,,1.0,,
213491,,,,,,,,3.0,,2.0,,,,,,1.0,,,,,,,,,,
213507,,,,,,,,382.0,,167.0,,,,,,29.0,20.0,18.0,34.0,3.0,,39.0,1.0,41.0,7.0,
213525,,,,,,,,439.0,,221.0,,,,,,71.0,9.0,22.0,11.0,2.0,,29.0,,43.0,4.0,
213534,,,,,,,,91.0,,59.0,,,,,,7.0,3.0,,,,,1.0,7.0,10.0,,
213543,,,,,,,,1819.0,,578.0,,,,,,208.0,224.0,177.0,131.0,23.0,,38.0,,256.0,64.0,11.0
213552,,,,,,,,11.0,,4.0,,,,,,1.0,2.0,,,,,,,1.0,,
213570,,,,,,,,42.0,,19.0,,,,,,12.0,,1.0,,,,1.0,,7.0,,
213589,,,,,,,,27.0,,10.0,,,,,,9.0,,,,,,,,5.0,,
213598,,,,,,,,358.0,,140.0,,,,,,40.0,21.0,19.0,34.0,2.0,,27.0,2.0,62.0,2.0,
213613,,,,,,,,502.0,,203.0,,,,,,22.0,67.0,17.0,34.0,,,58.0,,62.0,28.0,
213622,,,,,,,,9.0,,7.0,,,,,,1.0,,,,,,,,1.0,,
213631,,,,,,,,52.0,,8.0,,,,,,9.0,2.0,3.0,,,,1.0,,9.0,,
213659,,,,,,,,406.0,,206.0,,,,,,28.0,2.0,14.0,19.0,,,37.0,,65.0,11.0,3.0
213668,,,,,,,,305.0,,97.0,,,,,,37.0,12.0,10.0,42.0,1.0,,46.0,,32.0,10.0,2.0
213774,,,,,,,,110.0,,47.0,,,,,,9.0,2.0,1.0,4.0,0.0,,13.0,,15.0,,
213783,,,,,,,,336.0,,140.0,,,,,,13.0,46.0,11.0,28.0,,,36.0,,38.0,17.0,
213826,,,,,,,,559.0,,223.0,,,,,,43.0,31.0,18.0,42.0,2.0,,75.0,,78.0,15.0,
213914,,,,,,,,25.0,,13.0,,,,,,5.0,,,,,,,4.0,3.0,,
213932,,,,,,,,24.0,,17.0,,,,,,1.0,0.0,,0.0,,,,1.0,2.0,1.0,
213987,,,,,,,,451.0,,167.0,,,,,,78.0,23.0,18.0,80.0,7.0,,9.0,1.0,42.0,2.0,7.0
213996,,,,,,,,742.0,,249.0,,,,,,56.0,34.0,38.0,78.0,9.0,,120.0,,90.0,24.0,3.0
214023,,,,,,,,6.0,,3.0,,,,,,2.0,1.0,,,,,,,,,
214041,,,,,,,,896.0,,347.0,,,,,,34.0,146.0,26.0,40.0,7.0,,138.0,,102.0,35.0,
214069,,,,,,,,470.0,,197.0,,,,,,45.0,18.0,17.0,48.0,0.0,,48.0,,35.0,8.0,2.0
214111,,,,,,,,736.0,,357.0,,19.0,,,,89.0,18.0,24.0,35.0,,,47.0,2.0,91.0,12.0,
214148,,,,,,,,118.0,,56.0,,,,,,8.0,7.0,2.0,6.0,1.0,,3.0,,19.0,,
214157,,,,,,,,501.0,,212.0,,,,,,31.0,22.0,22.0,70.0,1.0,,51.0,,65.0,9.0,5.0
214166,,,,,,,,222.0,,95.0,,,,,,22.0,13.0,6.0,23.0,2.0,,29.0,,17.0,,
214175,,,,,,,,631.0,,236.0,4.0,43.0,,,,57.0,20.0,20.0,56.0,,,77.0,1.0,69.0,18.0,5.0
214272,,,,,,,,322.0,,142.0,,,,,,56.0,9.0,8.0,31.0,,,2.0,1.0,39.0,,
214290,,,,,,,,70.0,,43.0,,,,,,9.0,3.0,1.0,,,,4.0,3.0,1.0,,
214379,,,,,,,,912.0,,395.0,,,,,,144.0,4.0,27.0,7.0,,,85.0,3.0,114.0,13.0,4.0
214476,,,,,,,,12.0,,6.0,,,,,,1.0,1.0,1.0,,,,,,1.0,,
214528,,,,,,,,54.0,,12.0,,,,,,10.0,2.0,3.0,,,,2.0,,6.0,,
214564,,,,,,,,298.0,,103.0,8.0,,,,,16.0,30.0,15.0,4.0,4.0,,27.0,,64.0,4.0,
214582,,,,,,,,73.0,,28.0,,,,,,8.0,3.0,2.0,,,,7.0,,21.0,,
214591,,,,,,,,675.0,,311.0,6.0,,,,,49.0,15.0,17.0,61.0,6.0,,108.0,1.0,70.0,15.0,4.0
214607,,,,,,,,100.0,,42.0,1.0,,,,,5.0,5.0,7.0,10.0,,,6.0,2.0,13.0,4.0,
214616,,,,,,,,2104.0,,1272.0,49.0,,,,,162.0,149.0,212.0,19.0,59.0,,25.0,,119.0,3.0,
214625,,,,,,,,101.0,,48.0,,,,,,11.0,2.0,3.0,9.0,1.0,,12.0,,10.0,2.0,
214634,,,,,,,,81.0,,37.0,,,,,,5.0,3.0,2.0,9.0,,,10.0,,9.0,4.0,
214643,,,,,,,,100.0,,40.0,,,,,,10.0,3.0,2.0,10.0,1.0,,11.0,,15.0,2.0,
214652,,,,,,,,139.0,,73.0,,,,,,12.0,2.0,2.0,15.0,1.0,,15.0,,14.0,1.0,
214661,,,,,,,,146.0,,,,,,,,46.0,76.0,10.0,1.0,,,,,9.0,3.0,
214670,,,,,,,,137.0,,59.0,,,,,,13.0,5.0,5.0,15.0,1.0,,13.0,,14.0,1.0,
214689,,,,,,,,496.0,,234.0,,,,,,25.0,10.0,23.0,41.0,4.0,,84.0,2.0,50.0,10.0,5.0
214698,,,,,,,,119.0,,44.0,,,,,,14.0,3.0,4.0,12.0,1.0,,23.0,1.0,12.0,2.0,
214704,,,,,,,,342.0,,164.0,0.0,,,,,26.0,6.0,15.0,26.0,0.0,,55.0,1.0,34.0,7.0,
214713,,,,,,,,632.0,,292.0,2.0,,,,,43.0,15.0,28.0,60.0,,,75.0,0.0,78.0,19.0,1.0
214731,,,,,,,,195.0,,94.0,,,,,,18.0,3.0,5.0,15.0,1.0,,35.0,,18.0,2.0,
214740,,,,,,,,101.0,,46.0,,,,,,9.0,4.0,5.0,10.0,1.0,,10.0,,9.0,3.0,
214759,,,,,,,,116.0,,53.0,,,,,,9.0,3.0,4.0,14.0,1.0,,12.0,,11.0,2.0,
214768,,,,,,,,149.0,,58.0,,,,,,14.0,1.0,6.0,14.0,2.0,,32.0,2.0,10.0,7.0,
214777,,,,,,,,14517.0,,3201.0,907.0,2.0,,,,1471.0,1001.0,2085.0,922.0,195.0,,1407.0,30.0,1864.0,611.0,224.0
214786,,,,,,,,130.0,,47.0,,,,,,14.0,2.0,2.0,14.0,1.0,,24.0,1.0,16.0,4.0,0.0
214795,,,,,,,,157.0,,73.0,,,,,,13.0,4.0,3.0,10.0,2.0,,29.0,,16.0,5.0,
214801,,,,,,,,387.0,,209.0,,,,,,25.0,11.0,8.0,37.0,1.0,,46.0,,32.0,9.0,
214810,,,,,,,,122.0,,49.0,,,,,,9.0,4.0,4.0,12.0,2.0,,18.0,,13.0,3.0,1.0
214829,,,,,,,,133.0,,62.0,,,,,,15.0,4.0,5.0,12.0,,,11.0,0.0,16.0,4.0,
214883,,,,,,,,158.0,,72.0,,,,,,16.0,20.0,9.0,1.0,,,8.0,,2.0,,
214892,,,,,,,,59.0,,30.0,,,,,,2.0,2.0,,,,,4.0,4.0,9.0,,
214944,,,,,,,,61.0,,21.0,,,,,,9.0,1.0,1.0,,,,8.0,6.0,13.0,,
214971,,,,,,,,140.0,,34.0,1.0,,,,,12.0,12.0,2.0,19.0,,,,16.0,6.0,5.0,2.0
215008,,,,,,,,11.0,,5.0,,,,,,2.0,1.0,,,,,,,1.0,1.0,
215044,,,,,,,,10.0,,2.0,,,,,,2.0,1.0,,,,,0.0,1.0,2.0,,
215053,,,,,,,,60.0,,32.0,,,,,,13.0,2.0,3.0,,,,2.0,,1.0,,
215062,,,,,,,,17884.0,,2221.0,1540.0,2302.0,,,,2181.0,1553.0,2579.0,324.0,1624.0,,1125.0,7.0,1613.0,294.0,32.0
215105,,,,,,,,435.0,,222.0,,,,,,39.0,15.0,17.0,36.0,2.0,,2.0,2.0,56.0,2.0,
215114,,,,,,,,185.0,,68.0,,,,,,29.0,11.0,5.0,14.0,1.0,,20.0,8.0,28.0,,
215123,,,,,,,,405.0,,168.0,15.0,,,,,86.0,7.0,21.0,,,,12.0,,87.0,2.0,
215132,,,,,,,,485.0,,183.0,17.0,,,,,36.0,33.0,31.0,12.0,1.0,,7.0,,55.0,15.0,
215239,,,,,,,,1044.0,,514.0,,,,,,86.0,92.0,26.0,8.0,,,56.0,,141.0,16.0,
215266,,,,,,,,212.0,,80.0,,,,,,17.0,5.0,9.0,11.0,2.0,,5.0,3.0,67.0,11.0,
215275,,,,,,,,182.0,,80.0,,,,,,14.0,3.0,5.0,8.0,1.0,,11.0,4.0,38.0,17.0,
215284,,,,,,,,325.0,,148.0,,,,,,18.0,6.0,10.0,8.0,2.0,,54.0,3.0,60.0,15.0,1.0
215293,,,,,,,,12554.0,,4449.0,753.0,56.0,,,,1113.0,310.0,2277.0,331.0,416.0,,610.0,103.0,1609.0,186.0,19.0
215309,,,,,,,,58.0,,27.0,,,,,,2.0,1.0,2.0,,,,7.0,,14.0,5.0,
215336,,,,,,,,5.0,,2.0,,,,,,,,,,,,,,3.0,,
215381,,,,,,,,88.0,,43.0,,,,,,9.0,6.0,,,,,4.0,2.0,4.0,,
215390,,,,,,,,17.0,,10.0,,,,,,2.0,,,,,,,,4.0,,
215415,,,,,,,,242.0,,88.0,0.0,7.0,,,,29.0,3.0,8.0,4.0,,,4.0,23.0,63.0,,
215424,,,,,,,,74.0,,14.0,,,,,,23.0,0.0,2.0,2.0,,,8.0,,17.0,,
215442,,,,,,,,628.0,,317.0,,,,,,44.0,30.0,13.0,73.0,1.0,,14.0,,42.0,13.0,19.0
215479,,,,,,,,12.0,,7.0,,,,,,2.0,,,,,,,,1.0,,
215530,,,,,,,,10.0,,4.0,,,,,,,,,,,,,,6.0,,
215585,,,,,,,,306.0,,133.0,,,,,,32.0,6.0,14.0,8.0,,,4.0,2.0,62.0,6.0,1.0
215594,,,,,,,,57.0,,34.0,,,,,,12.0,,1.0,,,,,,6.0,,
215619,,,,,,,,34.0,,7.0,,0.0,,,,8.0,1.0,2.0,5.0,,,1.0,,5.0,,
215628,,,,,,,,16.0,,8.0,,,,,,1.0,,0.0,,,,1.0,,1.0,,
215637,,,,,,,,68.0,,19.0,,,,,,10.0,1.0,1.0,,,,16.0,1.0,14.0,2.0,
215655,,,,,,,,703.0,,281.0,,,,,,117.0,17.0,13.0,71.0,,,55.0,,49.0,19.0,
215682,,,,,,,,62.0,,31.0,,,,,,6.0,1.0,,,,,,2.0,2.0,4.0,
215691,,,,,,,,173.0,,62.0,,,,,,29.0,7.0,2.0,13.0,1.0,,19.0,,17.0,,
215743,,,,,,,,474.0,,165.0,1.0,,,,,46.0,21.0,12.0,56.0,6.0,,78.0,2.0,40.0,19.0,5.0
215770,,,,,,,,1040.0,,419.0,,,,,,51.0,62.0,67.0,88.0,15.0,,91.0,,73.0,33.0,4.0
215798,,,,,,,,403.0,,132.0,,,,,,37.0,21.0,9.0,79.0,7.0,,48.0,,44.0,,
215813,,,,,,,,17.0,,6.0,,,,,,4.0,1.0,,4.0,,,,,2.0,,
215886,,,,,,,,23.0,,7.0,,,,,,4.0,1.0,1.0,1.0,6.0,,1.0,,2.0,,
215929,,,,,,,,962.0,,320.0,,1.0,,,,64.0,55.0,51.0,71.0,6.0,,114.0,2.0,133.0,79.0,3.0
215947,,,,,,,,347.0,,137.0,,,,,,29.0,22.0,13.0,57.0,0.0,,21.0,,32.0,10.0,4.0
215974,,,,,,,,46.0,,35.0,,,,,,4.0,3.0,,,,,,,2.0,,
215983,,,,,,,,8.0,,5.0,,,,,,1.0,1.0,,,,,,,1.0,,
215992,,,,,,,,27.0,,20.0,,,,,,,1.0,,,,,,,1.0,1.0,
216010,,,,,,,,806.0,,350.0,,,,,,38.0,113.0,23.0,37.0,9.0,,76.0,,95.0,43.0,
216038,,,,,,,,897.0,,382.0,,,,,,42.0,126.0,22.0,45.0,21.0,,75.0,,118.0,52.0,
216047,,,,,,,,73.0,,31.0,,,,,,4.0,3.0,,,0.0,,10.0,,16.0,1.0,
216074,,,,,,,,23.0,,9.0,,,,,,2.0,2.0,,,,,,,4.0,,
216083,,,,,,,,100.0,,42.0,,,,,,5.0,2.0,5.0,,,,6.0,1.0,27.0,,
216162,,,,,,,,30.0,,22.0,,,,,,3.0,1.0,1.0,,,,,,3.0,,
216223,,,,,,,,11.0,,6.0,,,,,,1.0,1.0,,,,,1.0,,1.0,,
216278,,,,,,,,513.0,,183.0,,,,,,57.0,22.0,17.0,70.0,4.0,,66.0,,65.0,16.0,
216287,,,,,,,,907.0,,233.0,,,,,,106.0,35.0,60.0,55.0,8.0,,161.0,5.0,102.0,32.0,10.0
216296,,,,,,,,149.0,,80.0,,,,,,12.0,1.0,3.0,1.0,2.0,,18.0,,27.0,,
216311,,,,,,,,9.0,,6.0,,,,,,,,,,,,,,2.0,,
216339,,,,,,,,7571.0,,2814.0,,,,,,1073.0,163.0,761.0,352.0,803.0,,,9.0,975.0,188.0,113.0
216348,,,,,,,,14.0,,10.0,,,,,,,,,,,,,,,,
216357,,,,,,,,199.0,,64.0,0.0,,,,,24.0,3.0,8.0,28.0,1.0,,31.0,0.0,16.0,3.0,
216366,,,,,,,,3978.0,,1684.0,,,,,,521.0,93.0,590.0,65.0,80.0,,255.0,4.0,526.0,129.0,2.0
216418,,,,,,,,31.0,,22.0,,,,,,2.0,3.0,,,,,,,2.0,2.0,
216427,,,,,,,,7.0,,3.0,,,,,,1.0,,,,,,,,2.0,1.0,
216436,,,,,,,,28.0,,18.0,,,,,,2.0,,,,,,1.0,,0.0,,
216445,,,,,,,,25.0,,15.0,,,,,,2.0,,,,,,,,1.0,2.0,
216454,,,,,,,,22.0,,11.0,,,,,,2.0,,,,,,0.0,,1.0,3.0,
216463,,,,,,,,57.0,,27.0,,,,,,2.0,7.0,2.0,3.0,,,3.0,1.0,3.0,1.0,
216524,,,,,,,,393.0,,135.0,,,,,,71.0,8.0,15.0,59.0,,,14.0,,52.0,17.0,
216542,,,,,,,,116.0,,49.0,1.0,,,,,26.0,,2.0,,0.0,,8.0,,21.0,7.0,
216551,,,,,,,,33.0,,19.0,,,,,,4.0,,,2.0,,,,,1.0,,
216579,,,,,,,,9.0,,4.0,,,,,,1.0,1.0,,,,,,,0.0,,
216597,,,,,,,,2429.0,,817.0,14.0,,,,,412.0,92.0,159.0,135.0,24.0,,370.0,19.0,268.0,55.0,25.0
216630,,,,,,,,13.0,,10.0,,,,,,1.0,1.0,,,,,,,1.0,,
216667,,,,,,,,360.0,,127.0,,,,,,20.0,15.0,15.0,44.0,6.0,,81.0,,33.0,,
216694,,,,,,,,314.0,,120.0,,,,,,38.0,5.0,13.0,28.0,3.0,,29.0,2.0,40.0,13.0,
216746,,,,,,,,10.0,,6.0,,,,,,3.0,,,,,,,,1.0,,
216764,,,,,,,,1725.0,,785.0,,,,,,68.0,309.0,39.0,75.0,12.0,,164.0,,177.0,65.0,
216773,,,,,,,,18.0,,10.0,,,,,,2.0,2.0,,,,,,,4.0,,
216782,,,,,,,,38.0,,20.0,,,,,,3.0,6.0,1.0,1.0,,,1.0,3.0,1.0,,
216807,,,,,,,,306.0,,106.0,,,,,,33.0,12.0,16.0,32.0,6.0,,40.0,,42.0,9.0,
216816,,,,,,,,101.0,,17.0,1.0,,,,,17.0,6.0,1.0,2.0,,,4.0,0.0,18.0,2.0,
216825,,,,,,,,427.0,,190.0,,,,,,69.0,5.0,15.0,17.0,,,35.0,,75.0,2.0,
216852,,,,,,,,1039.0,,420.0,,,,,,102.0,21.0,49.0,90.0,7.0,,71.0,,149.0,28.0,3.0
216931,,,,,,,,753.0,,283.0,,,,,,44.0,38.0,33.0,54.0,4.0,,65.0,,57.0,20.0,2.0
216940,,,,,,,,80.0,,26.0,1.0,,,,,16.0,3.0,,7.0,2.0,,7.0,,2.0,7.0,
217013,,,,,,,,195.0,,81.0,,,,,,25.0,14.0,8.0,20.0,1.0,,8.0,1.0,16.0,,
217040,,,,,,,,12.0,,6.0,,,,,,2.0,,,,,,3.0,,1.0,,
217059,,,,,,,,615.0,,270.0,,,,,,53.0,30.0,29.0,43.0,5.0,,69.0,12.0,60.0,12.0,7.0
217077,,,,,,,,102.0,,67.0,,,,,,6.0,3.0,2.0,3.0,,,3.0,,5.0,,
217156,,,,,,,,4302.0,,925.0,433.0,,,,,550.0,313.0,473.0,146.0,76.0,,472.0,7.0,546.0,95.0,3.0
217165,,,,,,,,727.0,,216.0,1.0,,,,,59.0,57.0,27.0,77.0,5.0,,94.0,3.0,84.0,15.0,7.0
217235,,,,,,,,1145.0,,365.0,,,,,,168.0,166.0,69.0,92.0,8.0,,92.0,2.0,78.0,34.0,30.0
217305,,,,,,,,402.0,,192.0,,,,,,22.0,12.0,14.0,13.0,,,2.0,,65.0,,
217323,,,,,,,,55.0,,32.0,,,,,,5.0,2.0,,,,,,8.0,5.0,2.0,
217402,,,,,,,,926.0,,363.0,,,,,,108.0,84.0,36.0,85.0,14.0,,54.0,,101.0,10.0,7.0
217420,,,,,,,,1005.0,,468.0,,,,,,54.0,27.0,35.0,48.0,4.0,,148.0,,105.0,15.0,
217475,,,,,,,,940.0,,481.0,,,,,,69.0,144.0,26.0,4.0,1.0,,52.0,,143.0,20.0,
217484,,,,,,,,2781.0,,893.0,21.0,,,,,67.0,146.0,382.0,100.0,46.0,,387.0,7.0,322.0,92.0,27.0
217493,,,,,,,,899.0,,274.0,,,,,,126.0,59.0,26.0,37.0,2.0,,158.0,12.0,113.0,55.0,3.0
217518,,,,,,,,961.0,,318.0,,,,,,129.0,30.0,39.0,39.0,7.0,,193.0,,99.0,24.0,8.0
217536,,,,,,,,449.0,,178.0,,,,,,49.0,13.0,19.0,48.0,4.0,,26.0,,51.0,19.0,2.0
217572,,,,,,,,16.0,,14.0,,,,,,1.0,,,,,,,,,,
217581,,,,,,,,8.0,,5.0,,,,,,1.0,,,,,,,,1.0,,
217606,,,,,,,,104.0,,20.0,,,,,,9.0,,,1.0,,,47.0,,17.0,3.0,
217615,,,,,,,,194.0,,104.0,,,,,,20.0,7.0,7.0,13.0,,,1.0,,28.0,2.0,
217624,,,,,,,,114.0,,41.0,,,,,,13.0,5.0,1.0,12.0,,,11.0,5.0,8.0,12.0,
217633,,,,,,,,467.0,,228.0,,,,,,37.0,18.0,12.0,60.0,3.0,,18.0,,51.0,12.0,13.0
217688,,,,,,,,508.0,,254.0,1.0,,,,,31.0,22.0,16.0,34.0,12.0,,4.0,27.0,32.0,12.0,
217712,,,,,,,,188.0,,82.0,,,,,,22.0,9.0,7.0,19.0,0.0,,6.0,,24.0,5.0,
217721,,,,,,,,377.0,,128.0,4.0,,,,,42.0,10.0,6.0,23.0,1.0,,54.0,,34.0,13.0,5.0
217749,,,,,,,,674.0,,203.0,1.0,,,,,42.0,26.0,41.0,112.0,4.0,,63.0,7.0,85.0,21.0,9.0
217776,,,,,,,,224.0,,74.0,,,,,,41.0,16.0,7.0,28.0,3.0,,12.0,,17.0,2.0,
217794,,,,,,,,13.0,,5.0,,,,,,3.0,1.0,,,,,2.0,,,,
217819,,,,,,,,1699.0,,652.0,,,,,,189.0,114.0,110.0,107.0,6.0,,114.0,1.0,294.0,64.0,1.0
217828,,,,,,,,5.0,,3.0,,,,,,1.0,,,,,,,,,,
217837,,,,,,,,102.0,,37.0,,,,,,12.0,4.0,2.0,18.0,,,7.0,,16.0,2.0,
217864,,,,,,,,692.0,,246.0,,,,,,97.0,22.0,28.0,60.0,11.0,,36.0,,78.0,43.0,18.0
217873,,,,,,,,357.0,,140.0,,,,,,50.0,9.0,14.0,39.0,2.0,,28.0,1.0,51.0,,2.0
217882,,,,,,,,5147.0,,1337.0,166.0,185.0,,,,221.0,464.0,690.0,345.0,73.0,,314.0,5.0,551.0,348.0,40.0
217891,,,,,,,,51.0,,14.0,,,,,,5.0,1.0,,3.0,,,,,4.0,,
217907,,,,,,,,193.0,,82.0,,,,,,17.0,9.0,6.0,35.0,,,5.0,2.0,14.0,,
217925,,,,,,,,238.0,,69.0,,,,,,30.0,12.0,11.0,12.0,,,28.0,,33.0,6.0,
217934,,,,,,,,184.0,,84.0,,0.0,,,,22.0,4.0,8.0,18.0,,,6.0,,21.0,,
217961,,,,,,,,210.0,,83.0,1.0,,,,,13.0,11.0,7.0,26.0,,,21.0,,44.0,,
217989,,,,,,,,75.0,,28.0,,,,,,5.0,8.0,2.0,13.0,1.0,,7.0,,10.0,,
217998,,,,,,,,136.0,,53.0,,,,,,22.0,5.0,2.0,25.0,1.0,,2.0,,9.0,,
218025,,,,,,,,312.0,,157.0,,,,,,38.0,24.0,19.0,12.0,,,3.0,,38.0,13.0,3.0
218043,,,,,,,,14.0,,6.0,,,,,,1.0,2.0,,,1.0,,0.0,,2.0,,
218061,,,,,,,,561.0,,238.0,,,,,,48.0,22.0,14.0,40.0,1.0,,77.0,,50.0,20.0,4.0
218070,,,,,,,,933.0,,293.0,,,,,,81.0,72.0,37.0,139.0,,,256.0,,,,
218113,,,,,,,,894.0,,476.0,,,,,,54.0,65.0,33.0,52.0,6.0,,52.0,,78.0,24.0,2.0
218140,,,,,,,,425.0,,209.0,,,,,,35.0,21.0,19.0,32.0,,,30.0,,57.0,12.0,1.0
218159,,,,,,,,12.0,,6.0,,,,,,1.0,,,,,,,2.0,2.0,,
218195,,,,,,,,13.0,,7.0,,,,,,1.0,,,,,,,2.0,2.0,,
218229,,,,,,,,462.0,,172.0,,,,,,35.0,49.0,17.0,17.0,2.0,,18.0,1.0,33.0,56.0,7.0
218238,,,,,,,,255.0,,92.0,,,,,,27.0,15.0,,56.0,2.0,,15.0,7.0,15.0,,
218335,,,,,,,,3029.0,,289.0,1046.0,,,,,764.0,129.0,125.0,14.0,139.0,,146.0,,235.0,112.0,30.0
218353,,,,,,,,794.0,,379.0,,,,,,74.0,61.0,46.0,69.0,4.0,,18.0,,101.0,10.0,3.0
218399,,,,,,,,168.0,,41.0,,,,,,22.0,2.0,5.0,7.0,1.0,,47.0,,31.0,,1.0
218414,,,,,,,,206.0,,80.0,,,,,,37.0,9.0,,54.0,0.0,,,,12.0,,
218441,,,,,,,,400.0,,172.0,,,,,,47.0,,8.0,42.0,,,44.0,,44.0,,
218487,,,,,,,,205.0,,96.0,,,,,,14.0,7.0,9.0,14.0,,,15.0,,24.0,6.0,
218520,,,,,,,,345.0,,165.0,,,,,,14.0,27.0,17.0,38.0,,,8.0,,62.0,10.0,
218539,,,,,,,,331.0,,111.0,,,,,,30.0,6.0,13.0,84.0,6.0,,9.0,,48.0,12.0,
218645,,,,,,,,421.0,,204.0,,,,,,47.0,7.0,14.0,48.0,6.0,,27.0,,46.0,5.0,
218654,,,,,,,,266.0,,114.0,,,,,,33.0,3.0,12.0,35.0,,,26.0,,30.0,5.0,
218663,,,,,,,,6513.0,,1886.0,80.0,28.0,,,,873.0,156.0,401.0,803.0,168.0,,427.0,3.0,1120.0,219.0,75.0
218672,,,,,,,,120.0,,64.0,,,,,,5.0,0.0,2.0,12.0,0.0,,13.0,,16.0,2.0,
218681,,,,,,,,75.0,,33.0,,,,,,4.0,,2.0,13.0,,,4.0,,12.0,4.0,
218690,,,,,,,,96.0,,45.0,,,,,,11.0,0.0,1.0,11.0,1.0,,7.0,,14.0,,
218706,,,,,,,,56.0,,26.0,,,,,,3.0,,1.0,10.0,,,5.0,,6.0,2.0,
218724,,,,,,,,1553.0,,554.0,,,,,,132.0,82.0,72.0,159.0,23.0,,209.0,1.0,156.0,58.0,26.0
218733,,,,,,,,538.0,,159.0,20.0,22.0,,,,45.0,23.0,19.0,104.0,8.0,,33.0,,72.0,,1.0
218742,,,,,,,,657.0,,303.0,,,,,,44.0,9.0,21.0,76.0,4.0,,61.0,,90.0,18.0,1.0
218751,,,,,,,,106.0,,41.0,1.0,,,,,7.0,2.0,4.0,2.0,,,7.0,4.0,36.0,,
218821,,,,,,,,114.0,,39.0,,,,,,25.0,2.0,2.0,18.0,1.0,,7.0,,9.0,3.0,
218830,,,,,,,,406.0,,175.0,,,,,,32.0,19.0,18.0,38.0,4.0,,25.0,,57.0,13.0,1.0
218858,,,,,,,,281.0,,130.0,,,,,,18.0,13.0,19.0,24.0,2.0,,24.0,,39.0,7.0,3.0
218867,,,,,,,,3.0,,1.0,,,,,,1.0,,,,,,,,1.0,,
218885,,,,,,,,474.0,,224.0,,,,,,36.0,31.0,26.0,44.0,5.0,,13.0,,65.0,6.0,2.0
218894,,,,,,,,852.0,,362.0,,,,,,78.0,61.0,48.0,73.0,6.0,,40.0,,147.0,23.0,3.0
218919,,,,,,,,129.0,,35.0,1.0,,,,,6.0,12.0,5.0,6.0,1.0,,24.0,,8.0,2.0,3.0
218955,,,,,,,,80.0,,31.0,,,,,,12.0,5.0,2.0,9.0,,,1.0,,10.0,5.0,
218964,,,,,,,,925.0,,357.0,,1.0,,,,73.0,46.0,40.0,130.0,10.0,,102.0,2.0,107.0,27.0,14.0
218973,,,,,,,,441.0,,152.0,,,,,,29.0,59.0,18.0,45.0,3.0,,64.0,,18.0,16.0,2.0
218991,,,,,,,,417.0,,188.0,,,,,,14.0,21.0,13.0,5.0,,,32.0,,26.0,10.0,
219000,,,,,,,,413.0,,159.0,,6.0,,,,56.0,7.0,14.0,49.0,3.0,,51.0,,40.0,11.0,1.0
219037,,,,,,,,9.0,,5.0,,,,,,2.0,1.0,,,,,,,1.0,,
219046,,,,,,,,419.0,,154.0,,,,,,69.0,28.0,19.0,43.0,,,41.0,,44.0,10.0,1.0
219082,,,,,,,,335.0,,119.0,,,,,,82.0,13.0,17.0,23.0,1.0,,27.0,1.0,38.0,7.0,1.0
219091,,,,,,,,182.0,,80.0,,,,,,16.0,10.0,6.0,28.0,,,17.0,,11.0,,1.0
219125,,,,,,,,13.0,,6.0,,,,,,1.0,1.0,,,,,,2.0,,,
219143,,,,,,,,210.0,,124.0,,,,,,12.0,5.0,9.0,2.0,,,20.0,12.0,20.0,,
219170,,,,,,,,2.0,,2.0,,,,,,,,,,,,,,0.0,,
219189,,,,,,,,118.0,,72.0,,,,,,13.0,5.0,2.0,7.0,,,10.0,1.0,1.0,,
219198,,,,,,,,142.0,,63.0,,,,,,16.0,8.0,4.0,11.0,1.0,,15.0,,12.0,,
219204,,,,,,,,388.0,,134.0,,,,,,40.0,11.0,14.0,2.0,,,1.0,,12.0,,
219213,,,,,,,,8.0,,6.0,,,,,,1.0,,,,,,,,1.0,,
219240,,,,,,,,28.0,,6.0,,,,,,1.0,1.0,,1.0,14.0,,,1.0,2.0,,
219259,,,,,,,,358.0,,95.0,,,,,,52.0,14.0,21.0,48.0,,,36.0,3.0,48.0,9.0,5.0
219277,,,,,,,,194.0,,82.0,1.0,,,,,20.0,6.0,4.0,3.0,,,14.0,,21.0,,
219295,,,,,,,,143.0,,51.0,,,,,,19.0,10.0,3.0,26.0,2.0,,10.0,,6.0,,
219338,,,,,,,,1.0,,1.0,,,,,,,,,,,,,,,,
219347,,,,,,,,395.0,,156.0,,,,,,69.0,23.0,44.0,15.0,3.0,,31.0,,40.0,8.0,
219356,,,,,,,,1859.0,,588.0,106.0,114.0,,,,190.0,105.0,100.0,145.0,16.0,,152.0,3.0,203.0,64.0,19.0
219374,,,,,,,,152.0,,33.0,,,,,,25.0,12.0,4.0,17.0,,,14.0,2.0,17.0,8.0,2.0
219383,,,,,,,,202.0,,95.0,,,,,,21.0,11.0,5.0,35.0,2.0,,10.0,,16.0,,
219392,,,,,,,,9.0,,7.0,,,,,,2.0,,,,,,,,,,
219408,,,,,,,,56.0,,18.0,,,,,,5.0,10.0,4.0,7.0,,,6.0,0.0,4.0,,
219426,,,,,,,,227.0,,137.0,,1.0,,,,22.0,5.0,8.0,9.0,3.0,,28.0,2.0,10.0,,
219453,,,,,,,,14.0,,9.0,,,,,,2.0,1.0,,,,,,,1.0,,
219471,,,,,,,,1403.0,,520.0,5.0,,,,,174.0,99.0,103.0,111.0,4.0,,109.0,,200.0,20.0,2.0
219480,,,,,,,,116.0,,60.0,,6.0,,,,5.0,6.0,2.0,,,,4.0,,7.0,,
219505,,,,,,,,31.0,,10.0,,,,,,4.0,2.0,1.0,,0.0,,0.0,,6.0,1.0,
219587,,,,,,,,7.0,,4.0,,,,,,2.0,,,,,,,,0.0,,
219596,,,,,,,,24.0,,12.0,,,,,,5.0,1.0,1.0,1.0,,,1.0,,1.0,,
219602,,,,,,,,1111.0,,479.0,,,,,,35.0,14.0,22.0,244.0,16.0,,58.0,1.0,152.0,33.0,1.0
219639,,,,,,,,136.0,,66.0,,,,,,20.0,2.0,5.0,,,,18.0,,10.0,,
219709,,,,,,,,1160.0,,538.0,,,,,,89.0,67.0,28.0,88.0,3.0,,124.0,3.0,133.0,26.0,1.0
219718,,,,,,,,546.0,,225.0,,,,,,45.0,23.0,7.0,104.0,6.0,,41.0,1.0,59.0,7.0,
219790,,,,,,,,237.0,,78.0,,,,,,5.0,8.0,9.0,27.0,,,8.0,9.0,13.0,17.0,
219806,,,,,,,,379.0,,159.0,,,,,,11.0,27.0,13.0,59.0,9.0,,16.0,,54.0,23.0,
219824,,,,,,,,741.0,,350.0,,0.0,,,,30.0,14.0,25.0,58.0,16.0,,66.0,,108.0,12.0,2.0
219833,,,,,,,,310.0,,142.0,,,,,,20.0,13.0,17.0,15.0,3.0,,20.0,,29.0,6.0,1.0
219842,,,,,,,,53.0,,22.0,,,,,,7.0,3.0,,3.0,,,2.0,,9.0,1.0,
219851,,,,,,,,11.0,,8.0,,,,,,1.0,,,,,,,,2.0,,
219879,,,,,,,,232.0,,120.0,,,,,,7.0,3.0,6.0,,6.0,,3.0,,45.0,1.0,
219888,,,,,,,,346.0,,196.0,,,,,,27.0,7.0,9.0,18.0,,,29.0,,43.0,,
219903,,,,,,,,119.0,,33.0,,,,,,36.0,3.0,,,,,2.0,12.0,27.0,,
219921,,,,,,,,20.0,,10.0,,,,,,2.0,1.0,,,,,1.0,,2.0,,
219949,,,,,,,,243.0,,112.0,,,,,,20.0,11.0,5.0,40.0,,,24.0,,4.0,,
219976,,,,,,,,975.0,,331.0,4.0,1.0,,,,67.0,60.0,32.0,124.0,3.0,,124.0,,87.0,16.0,3.0
219994,,,,,,,,59.0,,35.0,,,,,,7.0,3.0,,,,,4.0,,10.0,,
220002,,,,,,,,50.0,,20.0,,,,,,4.0,,,,,,,,22.0,1.0,
220057,,,,,,,,225.0,,91.0,,,,,,15.0,2.0,11.0,40.0,,,20.0,,42.0,2.0,
220075,,,,,,,,2471.0,,908.0,43.0,39.0,,,,390.0,125.0,56.0,151.0,54.0,,166.0,,436.0,66.0,12.0
220118,,,,,,,,37.0,,19.0,,,,,,3.0,1.0,1.0,,,,2.0,1.0,2.0,,
220127,,,,,,,,43.0,,26.0,,,,,,5.0,2.0,,,,,,,6.0,2.0,
220163,,,,,,,,6.0,,2.0,,,,,,1.0,2.0,,,,,,,,1.0,
220181,,,,,,,,233.0,,69.0,11.0,,,,,36.0,7.0,7.0,14.0,0.0,,16.0,3.0,41.0,,2.0
220206,,,,,,,,70.0,,26.0,,,,,,19.0,1.0,1.0,4.0,,,3.0,,7.0,1.0,
220215,,,,,,,,326.0,,115.0,,,,,,31.0,11.0,5.0,36.0,0.0,,76.0,2.0,26.0,7.0,1.0
220251,,,,,,,,20.0,,12.0,,,,,,2.0,3.0,,,,,,,3.0,,
220279,,,,,,,,36.0,,25.0,,,,,,2.0,,,,,,,,4.0,1.0,
220312,,,,,,,,69.0,,21.0,,,,,,8.0,3.0,1.0,7.0,,,11.0,,8.0,6.0,
220321,,,,,,,,34.0,,23.0,,,,,,2.0,,,,,,1.0,,1.0,,
220394,,,,,,,,21.0,,13.0,,,,,,2.0,,,,,,0.0,,4.0,1.0,
220400,,,,,,,,293.0,,150.0,,,,,,17.0,3.0,4.0,53.0,5.0,,18.0,,36.0,7.0,
220464,,,,,,,,11.0,,6.0,,,,,,,1.0,,,,,,,3.0,,
220473,,,,,,,,197.0,,62.0,,,,,,30.0,6.0,9.0,17.0,1.0,,13.0,1.0,28.0,12.0,
220491,,,,,,,,19.0,,8.0,,,,,,4.0,2.0,,,,,,4.0,1.0,,
220516,,,,,,,,287.0,,120.0,,,,,,33.0,5.0,6.0,35.0,5.0,,18.0,4.0,31.0,6.0,
220552,,,,,,,,453.0,,235.0,,,,,,56.0,8.0,7.0,,,,9.0,,122.0,,
220598,,,,,,,,260.0,,71.0,,,,,,18.0,8.0,2.0,26.0,2.0,,70.0,,45.0,,
220604,,,,,,,,139.0,,56.0,2.0,,,,,3.0,8.0,2.0,13.0,,,7.0,,12.0,,0.0
220613,,,,,,,,719.0,,302.0,,,,,,90.0,11.0,25.0,39.0,8.0,,80.0,,119.0,11.0,3.0
220631,,,,,,,,911.0,,348.0,,,,,,142.0,13.0,19.0,47.0,27.0,,88.0,,170.0,26.0,1.0
220640,,,,,,,,38.0,,26.0,,,,,,1.0,,,,,,,,7.0,3.0,
220701,,,,,,,,136.0,,59.0,,,,,,8.0,8.0,2.0,20.0,2.0,,2.0,4.0,11.0,,
220710,,,,,,,,296.0,,95.0,,,,,,34.0,13.0,6.0,45.0,3.0,,37.0,1.0,34.0,13.0,
220756,,,,,,,,17.0,,9.0,,,,,,3.0,,0.0,,,,1.0,,4.0,,
220765,,,,,,,,29.0,,14.0,,,,,,4.0,1.0,,,,,,,1.0,,
220792,,,,,,,,762.0,,193.0,,4.0,,,,164.0,35.0,60.0,30.0,140.0,,39.0,,96.0,,
220808,,,,,,,,64.0,,17.0,,,,,,5.0,1.0,,8.0,,,14.0,,1.0,3.0,
220853,,,,,,,,65.0,,39.0,,,,,,9.0,2.0,,,,,3.0,,12.0,,
220862,,,,,,,,2851.0,,1068.0,48.0,,,,,166.0,204.0,189.0,119.0,14.0,,282.0,,259.0,92.0,9.0
220871,,,,,,,,28.0,,15.0,,,,,,4.0,2.0,1.0,,,,,,3.0,,
220978,,,,,,,,2347.0,,1029.0,18.0,1.0,,,,162.0,60.0,95.0,136.0,28.0,,157.0,3.0,505.0,72.0,24.0
220996,,,,,,,,45.0,,26.0,,,,,,,2.0,4.0,1.0,,,,,8.0,1.0,
221050,,,,,,,,69.0,,45.0,,,,,,3.0,6.0,,0.0,0.0,,1.0,,13.0,,
221096,,,,,,,,324.0,,161.0,,,,,,6.0,4.0,5.0,56.0,20.0,,16.0,,43.0,5.0,
221102,,,,,,,,60.0,,36.0,,,,,,6.0,3.0,2.0,,,,5.0,,3.0,,
221148,,,,,,,,156.0,,60.0,,,,,,46.0,1.0,1.0,,,,12.0,,22.0,,1.0
221157,,,,,,,,9.0,,5.0,,,,,,2.0,1.0,,,,,,,1.0,,
221184,,,,,,,,471.0,,245.0,,,,,,21.0,3.0,3.0,41.0,22.0,,23.0,,107.0,6.0,
221236,,,,,,,,28.0,,19.0,,,,,,2.0,1.0,,,,,1.0,,4.0,,
221281,,,,,,,,28.0,,18.0,,,,,,2.0,1.0,,,,,1.0,,6.0,,
221333,,,,,,,,35.0,,20.0,,,,,,1.0,5.0,,,,,2.0,,7.0,,
221351,,,,,,,,531.0,,198.0,,,,,,61.0,27.0,22.0,55.0,5.0,,89.0,,37.0,16.0,3.0
221388,,,,,,,,21.0,,10.0,,,,,,3.0,1.0,,,,,,,2.0,1.0,
221397,,,,,,,,390.0,,197.0,,,,,,6.0,3.0,5.0,,13.0,,19.0,,74.0,9.0,
221430,,,,,,,,25.0,,16.0,,,,,,4.0,,,,,,1.0,1.0,3.0,0.0,
221485,,,,,,,,761.0,,297.0,,,,,,32.0,85.0,12.0,10.0,26.0,,67.0,,207.0,9.0,1.0
221494,,,,,,,,45.0,,29.0,,,,,,2.0,6.0,1.0,,,,1.0,,1.0,,
221519,,,,,,,,733.0,,186.0,,,,,,65.0,16.0,27.0,48.0,7.0,,164.0,2.0,143.0,37.0,4.0
221582,,,,,,,,24.0,,14.0,,,,,,3.0,,,,,,2.0,,4.0,,
221591,,,,,,,,35.0,,23.0,,,,,,2.0,1.0,,3.0,,,1.0,,5.0,,
221607,,,,,,,,22.0,,13.0,,,,,,2.0,,,,,,0.0,,5.0,,
221616,,,,,,,,50.0,,31.0,,,,,,8.0,,,,,,1.0,,9.0,1.0,
221625,,,,,,,,136.0,,63.0,,,,,,13.0,4.0,,,3.0,,2.0,,5.0,5.0,
221634,,,,,,,,22.0,,13.0,,,,,,1.0,1.0,,,,,1.0,,2.0,,
221643,,,,,,,,669.0,,344.0,,1.0,,,,7.0,2.0,8.0,78.0,56.0,,12.0,,138.0,9.0,2.0
221661,,,,,,,,477.0,,140.0,1.0,,,,,80.0,11.0,18.0,75.0,3.0,,38.0,13.0,55.0,24.0,7.0
221670,,,,,,,,183.0,,55.0,,,,,,22.0,3.0,8.0,4.0,8.0,,18.0,,54.0,4.0,4.0
221731,,,,,,,,139.0,,63.0,,,,,,7.0,8.0,5.0,25.0,,,,,21.0,,
221740,,,,,,,,1493.0,,561.0,3.0,,,,,192.0,77.0,69.0,123.0,14.0,,143.0,2.0,207.0,36.0,9.0
221759,,,,,,,,7716.0,,1663.0,101.0,59.0,,,,650.0,511.0,816.0,327.0,76.0,,1473.0,0.0,983.0,390.0,97.0
221768,,,,,,,,861.0,,341.0,3.0,4.0,,,,87.0,49.0,38.0,45.0,8.0,,93.0,,124.0,30.0,10.0
221829,,,,,,,,24.0,,16.0,,,,,,2.0,,,,,,,,5.0,1.0,
221838,,,,,,,,1355.0,,381.0,32.0,2.0,,,,136.0,22.0,19.0,295.0,15.0,,152.0,3.0,234.0,38.0,2.0
221847,,,,,,,,1262.0,,505.0,5.0,9.0,,,,68.0,74.0,84.0,124.0,14.0,,52.0,1.0,184.0,53.0,1.0
221892,,,,,,,,410.0,,151.0,,,,,,47.0,28.0,22.0,26.0,1.0,,21.0,,92.0,13.0,1.0
221908,,,,,,,,421.0,,196.0,,,,,,9.0,17.0,23.0,55.0,,,27.0,,73.0,11.0,2.0
221953,,,,,,,,316.0,,83.0,,,,,,35.0,14.0,7.0,76.0,7.0,,26.0,,27.0,11.0,
221971,,,,,,,,509.0,,276.0,,,,,,34.0,11.0,20.0,25.0,2.0,,40.0,10.0,53.0,,
221999,,,,,,,,5651.0,,1379.0,364.0,,,,,148.0,694.0,642.0,364.0,26.0,,702.0,56.0,681.0,164.0,57.0
222053,,,,,,,,596.0,,291.0,,,,,,7.0,3.0,11.0,91.0,14.0,,33.0,1.0,120.0,11.0,
222062,,,,,,,,482.0,,240.0,,,,,,17.0,43.0,9.0,28.0,12.0,,34.0,,71.0,11.0,1.0
222105,,,,,,,,29.0,,16.0,,,,,,2.0,,,,,,1.0,,,2.0,
222178,,,,,,,,841.0,,293.0,1.0,9.0,,,,83.0,35.0,24.0,87.0,3.0,,47.0,,210.0,15.0,
222497,,,,,,,,587.0,,18.0,,,,,,59.0,146.0,97.0,12.0,1.0,,17.0,,92.0,3.0,2.0
222567,,,,,,,,461.0,,232.0,,,,,,33.0,5.0,14.0,7.0,,,33.0,4.0,40.0,9.0,1.0
222576,,,,,,,,735.0,,245.0,,,,,,69.0,20.0,26.0,42.0,,,87.0,2.0,186.0,28.0,18.0
222628,,,,,,,,60.0,,29.0,,,,,,15.0,,,,,,1.0,,11.0,,
222822,,,,,,,,349.0,,200.0,,,,,,19.0,15.0,10.0,11.0,1.0,,18.0,2.0,46.0,8.0,
222831,,,,,,,,862.0,,349.0,,,,,,51.0,43.0,48.0,96.0,,,34.0,11.0,120.0,43.0,9.0
222877,,,,,,,,42.0,,18.0,,,,,,3.0,1.0,,5.0,,,3.0,,8.0,1.0,
222886,,,,,,,,47.0,,19.0,,,,,,2.0,2.0,,,4.0,,,4.0,4.0,,
222938,,,,,,,,75.0,,42.0,,,,,,8.0,5.0,,3.0,,,,,16.0,,
222983,,,,,,,,299.0,,109.0,,,,,,38.0,14.0,16.0,35.0,,,14.0,,45.0,14.0,
222992,,,,,,,,2671.0,,953.0,,,,,,199.0,112.0,162.0,62.0,4.0,,200.0,,422.0,62.0,
223001,,,,,,,,62.0,,20.0,0.0,0.0,,,,4.0,8.0,3.0,1.0,,,2.0,,15.0,4.0,
223056,,,,,,,,27.0,,7.0,,,,,,2.0,4.0,,,,,14.0,,,,
223083,,,,,,,,76.0,,45.0,,,,,,14.0,1.0,1.0,,1.0,,,,3.0,,
223117,,,,,,,,15.0,,7.0,,,,,,,2.0,,,,,,,3.0,1.0,
223223,,,,,,,,7828.0,,3293.0,1130.0,,,,,705.0,182.0,327.0,,798.0,,191.0,,1202.0,,
223232,,,,,,,,3034.0,,1216.0,10.0,,,,,597.0,222.0,215.0,115.0,46.0,,100.0,6.0,290.0,5.0,6.0
223320,,,,,,,,283.0,,115.0,,3.0,,,,32.0,8.0,7.0,14.0,,,28.0,,23.0,4.0,1.0
223427,,,,,,,,923.0,,521.0,,,,,,67.0,10.0,30.0,2.0,,,72.0,,79.0,,3.0
223463,,,,,,,,111.0,,55.0,,,,,,18.0,4.0,1.0,,,,,19.0,12.0,,
223472,,,,,,,,21.0,,10.0,,,,,,4.0,,,,,,1.0,2.0,4.0,,
223506,,,,,,,,406.0,,168.0,2.0,4.0,,,,33.0,9.0,14.0,21.0,,,38.0,2.0,70.0,9.0,
223524,,,,,,,,617.0,,289.0,,,,,,79.0,10.0,13.0,57.0,1.0,,2.0,5.0,100.0,19.0,
223773,,,,,,,,367.0,,133.0,,,,,,50.0,9.0,12.0,33.0,1.0,,8.0,3.0,65.0,11.0,
223816,,,,,,,,1162.0,,519.0,,,,,,137.0,24.0,40.0,48.0,,,79.0,9.0,221.0,27.0,7.0
223852,,,,,,,,12.0,,5.0,,,,,,1.0,2.0,,,,,,1.0,2.0,,
223898,,,,,,,,205.0,,111.0,,,,,,12.0,4.0,5.0,6.0,,,17.0,7.0,21.0,11.0,
223922,,,,,,,,94.0,,40.0,,,,,,14.0,5.0,,1.0,,,12.0,,10.0,,1.0
224004,,,,,,,,271.0,,115.0,,,,,,17.0,18.0,17.0,53.0,,,7.0,,31.0,5.0,
224013,,,,,,,,4.0,,2.0,,,,,,1.0,,,,,,,,,,
224110,,,,,,,,529.0,,255.0,,,,,,63.0,21.0,11.0,13.0,,,15.0,,116.0,12.0,1.0
224147,,,,,,,,1315.0,,531.0,9.0,,,,,154.0,87.0,138.0,123.0,14.0,,23.0,,185.0,5.0,5.0
224156,,,,,,,,39.0,,16.0,,,,,,4.0,2.0,1.0,,,,3.0,4.0,7.0,1.0,
224226,,,,,,,,466.0,,131.0,,,,,,14.0,12.0,32.0,44.0,1.0,,28.0,18.0,83.0,11.0,4.0
224244,,,,,,,,40.0,,15.0,,,,,,4.0,3.0,,3.0,,,1.0,,2.0,0.0,
224253,,,,,,,,779.0,,9.0,,,,,,212.0,52.0,114.0,40.0,2.0,,121.0,7.0,96.0,6.0,
224271,,,,,,,,22.0,,17.0,,1.0,,,,1.0,,,,,,,,,,
224305,,,,,,,,298.0,,74.0,,,,,,90.0,4.0,11.0,25.0,,,18.0,,57.0,9.0,
224323,,,,,,,,427.0,,172.0,,,,,,73.0,8.0,10.0,18.0,1.0,,25.0,,69.0,12.0,
224350,,,,,,,,942.0,,444.0,,,,,,89.0,25.0,41.0,36.0,0.0,,37.0,1.0,150.0,14.0,3.0
224527,,,,,,,,251.0,,87.0,,,,,,26.0,5.0,5.0,39.0,3.0,,19.0,,34.0,8.0,1.0
224545,,,,,,,,273.0,,114.0,,,,,,34.0,13.0,12.0,26.0,,,10.0,,43.0,,
224554,,,,,,,,978.0,,444.0,1.0,,,,,119.0,49.0,15.0,101.0,12.0,,34.0,4.0,146.0,3.0,1.0
224572,,,,,,,,626.0,,256.0,,,,,,102.0,14.0,21.0,59.0,0.0,,13.0,7.0,81.0,20.0,
224615,,,,,,,,559.0,,261.0,,,,,,67.0,13.0,14.0,30.0,,,3.0,9.0,93.0,14.0,
224642,,,,,,,,1729.0,,688.0,,,,,,114.0,133.0,91.0,1.0,,,88.0,,584.0,5.0,
224660,,,,,,,,79.0,,41.0,,,,,,8.0,4.0,2.0,,,,1.0,10.0,9.0,2.0,
224679,,,,,,,,150.0,,66.0,,,,,,17.0,12.0,4.0,,,,8.0,17.0,22.0,2.0,1.0
224712,,,,,,,,47.0,,21.0,,,,,,8.0,2.0,1.0,,,,2.0,,4.0,1.0,
224758,,,,,,,,4.0,,3.0,,,,,,,1.0,,,,,,,,,
224776,,,,,,,,44.0,,22.0,,,,,,5.0,4.0,,2.0,,,,,10.0,,
224828,,,,,,,,15.0,,8.0,,,,,,4.0,2.0,,,,,,,1.0,,
224891,,,,,,,,132.0,,49.0,,9.0,,,,13.0,3.0,2.0,8.0,2.0,,,,7.0,21.0,
224961,,,,,,,,191.0,,79.0,,,,,,21.0,12.0,7.0,6.0,,,12.0,,28.0,3.0,
225070,,,,,,,,357.0,,152.0,3.0,9.0,,,,36.0,3.0,11.0,16.0,,,35.0,,27.0,7.0,1.0
225201,,,,,,,,126.0,,53.0,,,,,,25.0,7.0,,2.0,3.0,,,8.0,13.0,3.0,
225247,,,,,,,,392.0,,156.0,,,,,,29.0,25.0,11.0,63.0,5.0,,21.0,,58.0,10.0,0.0
225308,,,,,,,,378.0,,186.0,,,,,,43.0,17.0,17.0,9.0,,,16.0,,55.0,,3.0
225371,,,,,,,,275.0,,143.0,,,,,,28.0,5.0,6.0,3.0,,,12.0,,34.0,,1.0
225399,,,,,,,,491.0,,202.0,,,,,,42.0,15.0,5.0,47.0,6.0,,27.0,8.0,71.0,5.0,4.0
225414,,,,,,,,864.0,,345.0,2.0,,,,,88.0,96.0,62.0,33.0,4.0,,63.0,,121.0,23.0,6.0
225423,,,,,,,,3400.0,,1415.0,,,,,,222.0,186.0,93.0,275.0,3.0,,170.0,45.0,418.0,54.0,3.0
225432,,,,,,,,1105.0,,483.0,,,,,,40.0,238.0,107.0,39.0,,,45.0,,95.0,31.0,
225502,,,,,,,,442.0,,147.0,,,,,,28.0,12.0,28.0,18.0,3.0,,29.0,,162.0,,1.0
225511,,,,,,,,5313.0,,1588.0,88.0,1.0,,,,884.0,867.0,598.0,148.0,59.0,,381.0,5.0,380.0,177.0,4.0
225520,,,,,,,,323.0,,144.0,,,,,,44.0,3.0,7.0,19.0,,,29.0,1.0,47.0,6.0,1.0
225548,,,,,,,,232.0,,93.0,,,,,,25.0,2.0,9.0,28.0,3.0,,22.0,,34.0,5.0,
225575,,,,,,,,145.0,,64.0,,,,,,25.0,3.0,3.0,12.0,,,,1.0,32.0,,
225627,,,,,,,,1248.0,,487.0,,,,,,164.0,34.0,45.0,176.0,70.0,,48.0,9.0,115.0,46.0,13.0
225779,,,,,,,,8.0,,1.0,,,,,,3.0,1.0,,1.0,,,,1.0,1.0,,
225788,,,,,,,,11.0,,1.0,,,,,,3.0,1.0,1.0,1.0,,,,1.0,2.0,,
225876,,,,,,,,59.0,,21.0,,,,,,8.0,3.0,1.0,7.0,1.0,,10.0,1.0,1.0,2.0,
225885,,,,,,,,149.0,,39.0,,,,,,6.0,10.0,3.0,22.0,2.0,,7.0,,7.0,18.0,
225991,,,,,,,,22.0,,11.0,,,,,,2.0,,,,,,,4.0,4.0,,
226019,,,,,,,,398.0,,212.0,,,,,,39.0,14.0,7.0,22.0,,,7.0,,57.0,,
226091,,,,,,,,1392.0,,517.0,1.0,,,,,141.0,85.0,59.0,71.0,15.0,,149.0,,146.0,47.0,1.0
226107,,,,,,,,154.0,,60.0,,,,,,24.0,7.0,11.0,5.0,,,15.0,,20.0,,1.0
226116,,,,,,,,173.0,,79.0,,,,,,32.0,8.0,10.0,4.0,,,5.0,,29.0,4.0,
226125,,,,,,,,11.0,,7.0,,,,,,2.0,,,,,,,,1.0,0.0,
226134,,,,,,,,682.0,,220.0,,,,,,64.0,17.0,29.0,61.0,,,58.0,,123.0,15.0,
226152,,,,,,,,719.0,,256.0,1.0,6.0,,,,108.0,43.0,31.0,68.0,5.0,,23.0,,128.0,1.0,3.0
226204,,,,,,,,535.0,,234.0,,,,,,40.0,11.0,21.0,36.0,,,46.0,0.0,73.0,16.0,
226231,,,,,,,,422.0,,165.0,,,,,,44.0,13.0,19.0,38.0,2.0,,44.0,,73.0,12.0,1.0
226277,,,,,,,,111.0,,57.0,,,,,,30.0,1.0,1.0,,,,3.0,,14.0,,
226383,,,,,,,,347.0,,127.0,,,,,,40.0,1.0,18.0,46.0,5.0,,37.0,3.0,55.0,8.0,
226408,,,,,,,,435.0,,174.0,,,,,,29.0,24.0,17.0,33.0,,,19.0,,68.0,5.0,1.0
226471,,,,,,,,541.0,,215.0,,,,,,59.0,56.0,20.0,39.0,8.0,,59.0,9.0,59.0,,
226578,,,,,,,,665.0,,294.0,,,,,,38.0,14.0,24.0,46.0,1.0,,68.0,,93.0,,
226587,,,,,,,,231.0,,94.0,,,,,,24.0,10.0,5.0,41.0,3.0,,7.0,1.0,25.0,6.0,
226675,,,,,,,,54.0,,37.0,,,,,,8.0,,2.0,,,,,,1.0,,
226806,,,,,,,,509.0,,186.0,1.0,17.0,,,,39.0,10.0,23.0,37.0,1.0,,41.0,3.0,99.0,9.0,1.0
226833,,,,,,,,687.0,,262.0,,,,,,54.0,11.0,20.0,32.0,2.0,,69.0,,150.0,32.0,3.0
226860,,,,,,,,4.0,,1.0,,,,,,1.0,,,,,,,,2.0,,
226879,,,,,,,,20.0,,10.0,,,,,,8.0,,,,,,,,0.0,,
226903,,,,,,,,346.0,,101.0,,,,,,65.0,37.0,5.0,31.0,,,1.0,95.0,10.0,,
226930,,,,,,,,465.0,,194.0,,,,,,68.0,9.0,13.0,47.0,,,9.0,2.0,77.0,12.0,
227058,,,,,,,,12.0,,9.0,,,,,,1.0,1.0,,,,,,1.0,,,
227146,,,,,,,,488.0,,217.0,,,,,,46.0,6.0,9.0,6.0,,,52.0,,116.0,,
227155,,,,,,,,2.0,,1.0,,,,,,1.0,,,,,,,,,,
227182,,,,,,,,4247.0,,1875.0,,,,,,303.0,492.0,155.0,4.0,,,258.0,,773.0,49.0,
227191,,,,,,,,539.0,,217.0,,,,,,64.0,19.0,15.0,61.0,2.0,,5.0,8.0,85.0,13.0,
227216,,,,,,,,3860.0,,1305.0,69.0,4.0,,,,477.0,242.0,163.0,227.0,39.0,,369.0,,538.0,157.0,10.0
227225,,,,,,,,253.0,,103.0,,3.0,,,,21.0,9.0,6.0,30.0,,,6.0,,25.0,8.0,
227289,,,,,,,,82.0,,30.0,0.0,,,,,10.0,3.0,2.0,1.0,,,16.0,,15.0,,
227298,,,,,,,,22.0,,9.0,,,,,,6.0,,1.0,,,,,,2.0,,
227304,,,,,,,,443.0,,193.0,2.0,7.0,,,,46.0,17.0,13.0,23.0,,,21.0,5.0,26.0,11.0,6.0
227313,,,,,,,,19.0,,9.0,,,,,,2.0,,,,,,,,,,
227322,,,,,,,,19.0,,7.0,,,,,,3.0,,,,,,,,,,
227331,,,,,,,,494.0,,175.0,,,,,,38.0,40.0,9.0,61.0,7.0,,29.0,13.0,97.0,15.0,
227368,,,,,,,,3619.0,,1307.0,49.0,,,,,298.0,347.0,197.0,360.0,253.0,,279.0,,320.0,92.0,10.0
227377,,,,,,,,397.0,,165.0,,,,,,29.0,15.0,4.0,28.0,,,26.0,,105.0,16.0,
227386,,,,,,,,189.0,,101.0,,,,,,6.0,18.0,5.0,,,,10.0,,34.0,,
227401,,,,,,,,253.0,,112.0,,3.0,,,,7.0,5.0,4.0,,,,25.0,,49.0,,
227429,,,,,,,,79.0,,24.0,,,,,,20.0,4.0,2.0,4.0,2.0,,,4.0,12.0,6.0,
227526,,,,,,,,1160.0,,429.0,42.0,42.0,,,,141.0,69.0,34.0,109.0,11.0,,55.0,,170.0,9.0,10.0
227687,,,,,,,,167.0,,84.0,,,,,,19.0,1.0,1.0,7.0,2.0,,16.0,,16.0,,
227748,,,,,,,,41.0,,21.0,,,,,,5.0,,,,,,,,15.0,,
227757,,,,,,,,3176.0,,735.0,9.0,,,,,264.0,455.0,585.0,206.0,19.0,,287.0,,299.0,87.0,57.0
227766,,,,,,,,920.0,,367.0,,,,,,134.0,16.0,29.0,87.0,1.0,,11.0,2.0,150.0,20.0,
227845,,,,,,,,723.0,,251.0,,,,,,168.0,22.0,48.0,53.0,3.0,,59.0,6.0,77.0,26.0,
227854,,,,,,,,626.0,,300.0,,,,,,19.0,10.0,23.0,9.0,1.0,,53.0,,57.0,7.0,
227863,,,,,,,,480.0,,210.0,,,,,,39.0,26.0,21.0,53.0,,,35.0,2.0,61.0,15.0,
227881,,,,,,,,2204.0,,850.0,0.0,19.0,,,,156.0,205.0,118.0,87.0,22.0,,178.0,1.0,447.0,48.0,
227924,,,,,,,,869.0,,437.0,,,,,,13.0,14.0,29.0,14.0,,,41.0,1.0,99.0,8.0,0.0
227979,,,,,,,,1853.0,,889.0,,,,,,124.0,91.0,82.0,90.0,2.0,,63.0,,374.0,47.0,
228042,,,,,,,,303.0,,107.0,,,,,,40.0,21.0,10.0,33.0,2.0,,34.0,0.0,26.0,6.0,1.0
228088,,,,,,,,6.0,,2.0,,,,,,1.0,1.0,,,,,,1.0,1.0,,
228149,,,,,,,,730.0,,281.0,,,,,,154.0,9.0,16.0,30.0,4.0,,94.0,,119.0,3.0,4.0
228158,,,,,,,,625.0,,317.0,,,,,,43.0,4.0,11.0,40.0,6.0,,76.0,1.0,87.0,14.0,2.0
228185,,,,,,,,5.0,,1.0,,,,,,1.0,,,,,,,,2.0,,0.0
228194,,,,,,,,184.0,,78.0,,7.0,,,,29.0,10.0,6.0,18.0,,,2.0,,28.0,,
228200,,,,,,,,34.0,,15.0,,,,,,5.0,2.0,,,,,2.0,4.0,4.0,,
228219,,,,,,,,36.0,,18.0,,,,,,4.0,3.0,,,,,2.0,6.0,3.0,,
228246,,,,,,,,2539.0,,893.0,75.0,,,,,690.0,125.0,143.0,169.0,19.0,,80.0,,209.0,51.0,
228282,,,,,,,,17.0,,4.0,,,,,,2.0,2.0,,,,,,2.0,3.0,1.0,
228316,,,,,,,,424.0,,157.0,,,,,,56.0,3.0,22.0,31.0,4.0,,44.0,,59.0,14.0,1.0
228325,,,,,,,,274.0,,99.0,,,,,,29.0,11.0,9.0,37.0,2.0,,23.0,,33.0,,
228343,,,,,,,,416.0,,125.0,,,,,,50.0,13.0,15.0,63.0,6.0,,51.0,,44.0,14.0,9.0
228431,,,,,,,,1529.0,,602.0,,,,,,117.0,75.0,71.0,138.0,10.0,,174.0,,183.0,63.0,8.0
228459,,,,,,,,3973.0,,1493.0,105.0,22.0,,,,298.0,216.0,257.0,421.0,53.0,,255.0,7.0,570.0,138.0,54.0
228468,,,,,,,,172.0,,85.0,,,,,,9.0,8.0,5.0,6.0,,,8.0,3.0,8.0,15.0,
228486,,,,,,,,32.0,,12.0,,,,,,1.0,4.0,,1.0,,,,1.0,1.0,2.0,2.0
228501,,,,,,,,393.0,,123.0,,,,,,41.0,11.0,30.0,10.0,1.0,,33.0,,120.0,16.0,
228529,,,,,,,,1128.0,,520.0,3.0,,,,,135.0,71.0,84.0,119.0,7.0,,18.0,,127.0,3.0,1.0
228547,,,,,,,,2593.0,,1235.0,,,,,,195.0,78.0,33.0,97.0,10.0,,81.0,,424.0,60.0,9.0
228608,,,,,,,,343.0,,172.0,,,,,,34.0,6.0,,5.0,,,4.0,,65.0,4.0,
228635,,,,,,,,6330.0,,1681.0,16.0,541.0,,,,646.0,550.0,1220.0,31.0,354.0,,343.0,3.0,722.0,196.0,24.0
228644,,,,,,,,5324.0,,887.0,486.0,,,,,456.0,316.0,610.0,115.0,473.0,,538.0,4.0,1041.0,90.0,95.0
228653,,,,,,,,1789.0,,605.0,14.0,83.0,,,,364.0,34.0,42.0,8.0,287.0,,1.0,,305.0,22.0,
228699,,,,,,,,270.0,,129.0,,,,,,21.0,6.0,10.0,14.0,,,29.0,,30.0,,
228705,,,,,,,,843.0,,370.0,,,,,,120.0,48.0,45.0,73.0,5.0,,21.0,,125.0,9.0,3.0
228723,,,,,,,,10411.0,,3402.0,392.0,3.0,,,,1264.0,683.0,1299.0,752.0,315.0,,400.0,6.0,1395.0,185.0,125.0
228732,,,,,,,,266.0,,,,,,,,93.0,57.0,34.0,34.0,,,,,34.0,8.0,4.0
228769,,,,,,,,3437.0,,1271.0,82.0,,,,,455.0,281.0,220.0,119.0,36.0,,235.0,6.0,347.0,131.0,3.0
228778,,,,,,,,14314.0,,3081.0,,,,,,1708.0,1427.0,2626.0,738.0,190.0,,1213.0,89.0,1914.0,516.0,274.0
228787,,,,,,,,3535.0,,986.0,133.0,,,,,438.0,233.0,364.0,207.0,22.0,,210.0,,686.0,93.0,8.0
228796,,,,,,,,2561.0,,891.0,37.0,0.0,,,,381.0,264.0,204.0,179.0,36.0,,125.0,,257.0,81.0,33.0
228802,,,,,,,,1022.0,,383.0,7.0,,,,,97.0,28.0,43.0,21.0,8.0,,30.0,,286.0,27.0,
228866,,,,,,,,73.0,,29.0,,2.0,,,,11.0,2.0,1.0,,,,,,16.0,2.0,
228875,,,,,,,,2342.0,,813.0,15.0,,,,,208.0,169.0,100.0,244.0,23.0,,310.0,2.0,301.0,67.0,2.0
228884,,,,,,,,140.0,,41.0,,,,,,14.0,7.0,2.0,13.0,2.0,,40.0,,16.0,,1.0
228909,,,,,,,,1187.0,,264.0,39.0,,,,,145.0,112.0,135.0,32.0,35.0,,118.0,2.0,210.0,35.0,
228981,,,,,,,,258.0,,102.0,,,,,,57.0,16.0,6.0,,2.0,,39.0,,24.0,,
229018,,,,,,,,507.0,,184.0,,,,,,65.0,49.0,16.0,44.0,11.0,,29.0,,48.0,10.0,
229027,,,,,,,,3596.0,,1059.0,97.0,26.0,,,,413.0,377.0,292.0,382.0,36.0,,156.0,14.0,439.0,129.0,46.0
229063,,,,,,,,1235.0,,505.0,,,,,,80.0,63.0,20.0,53.0,6.0,,170.0,,188.0,30.0,5.0
229090,,,,,,,,630.0,,,,,,,,117.0,174.0,126.0,44.0,8.0,,13.0,,111.0,33.0,2.0
229115,,,,,,,,4966.0,,1671.0,120.0,60.0,,,,430.0,56.0,259.0,130.0,8.0,,495.0,5.0,1305.0,158.0,161.0
229160,,,,,,,,408.0,,181.0,,,,,,42.0,15.0,3.0,50.0,5.0,,8.0,2.0,67.0,11.0,
229179,,,,,,,,1509.0,,613.0,,,,,,128.0,63.0,107.0,77.0,13.0,,131.0,,238.0,33.0,17.0
229267,,,,,,,,823.0,,282.0,3.0,,,,,72.0,70.0,42.0,96.0,11.0,,55.0,1.0,105.0,26.0,4.0
229300,,,,,,,,7721.0,,1939.0,,,,,,812.0,414.0,1160.0,303.0,1404.0,,578.0,,942.0,82.0,28.0
229337,,,,,,,,4444.0,,751.0,14.0,,,,,349.0,14.0,252.0,53.0,1321.0,,244.0,1.0,1334.0,52.0,52.0
229355,,,,,,,,900.0,,434.0,,,,,,54.0,16.0,42.0,107.0,,,63.0,,142.0,6.0,
229407,,,,,,,,57.0,,,,,,,,22.0,21.0,,7.0,,,2.0,,5.0,,
229416,,,,,,,,89.0,,46.0,,,,,,8.0,29.0,1.0,,,,,,3.0,2.0,
229425,,,,,,,,29.0,,14.0,,,,,,3.0,3.0,,1.0,,,1.0,1.0,3.0,1.0,
229504,,,,,,,,256.0,,112.0,,,,,,15.0,10.0,3.0,18.0,,,30.0,,45.0,5.0,
229522,,,,,,,,7.0,,3.0,,,,,,1.0,2.0,,,,,,,1.0,,
229540,,,,,,,,394.0,,138.0,,26.0,,,,38.0,8.0,13.0,23.0,,,36.0,,84.0,13.0,
229656,,,,,,,,26.0,,14.0,,,,,,2.0,2.0,,,,,,3.0,4.0,,
229780,,,,,,,,599.0,,267.0,,,,,,82.0,3.0,8.0,23.0,1.0,,12.0,8.0,183.0,2.0,
229799,,,,,,,,412.0,,205.0,,,,,,40.0,29.0,20.0,10.0,,,26.0,,46.0,1.0,
229814,,,,,,,,836.0,,365.0,,,,,,127.0,36.0,32.0,99.0,10.0,,23.0,4.0,97.0,4.0,1.0
229832,,,,,,,,192.0,,57.0,,3.0,,,,10.0,4.0,7.0,30.0,,,5.0,7.0,34.0,12.0,2.0
229841,,,,,,,,436.0,,213.0,,,,,,29.0,39.0,15.0,12.0,,,33.0,,50.0,7.0,1.0
229887,,,,,,,,179.0,,59.0,,0.0,,,,24.0,5.0,3.0,,1.0,,27.0,,14.0,,
229957,,,,,,,,3.0,,1.0,,,,,,,,,,,,,1.0,,,
230010,,,,,,,,202.0,,141.0,,,,,,6.0,6.0,4.0,,,,13.0,2.0,22.0,,
230038,,,,,,,,4611.0,,1478.0,47.0,,,,,216.0,603.0,529.0,480.0,55.0,,317.0,16.0,536.0,158.0,41.0
230047,,,,,,,,456.0,,163.0,,,,,,47.0,20.0,25.0,27.0,5.0,,63.0,6.0,60.0,22.0,2.0
230056,,,,,,,,13.0,,8.0,,,,,,1.0,,,,,,,,0.0,,
230065,,,,,,,,18.0,,9.0,,,,,,4.0,,,0.0,,,1.0,,2.0,,
230144,,,,,,,,9.0,,4.0,,,,,,,,,,,,,1.0,1.0,,
230162,,,,,,,,266.0,,141.0,,,,,,22.0,6.0,6.0,13.0,,,16.0,12.0,21.0,6.0,
230171,,,,,,,,857.0,,346.0,,,,,,61.0,44.0,39.0,132.0,4.0,,59.0,10.0,64.0,23.0,1.0
230199,,,,,,,,12.0,,5.0,,,,,,3.0,0.0,,,,,3.0,,0.0,,
230205,,,,,,,,6.0,,2.0,,,,,,2.0,,,,,,2.0,,,,
230214,,,,,,,,29.0,,19.0,,,,,,2.0,,,,,,,3.0,4.0,,
230366,,,,,,,,30.0,,20.0,,,,,,2.0,1.0,,,,,,3.0,1.0,,
230418,,,,,,,,155.0,,91.0,,,,,,28.0,8.0,6.0,5.0,,,,1.0,1.0,,
230490,,,,,,,,188.0,,99.0,,,,,,28.0,4.0,8.0,10.0,,,11.0,,20.0,,
230597,,,,,,,,434.0,,181.0,,,,,,36.0,11.0,19.0,19.0,,,60.0,,40.0,,
230603,,,,,,,,922.0,,387.0,,,,,,75.0,50.0,27.0,90.0,2.0,,30.0,,43.0,43.0,
230621,,,,,,,,27.0,,11.0,,,,,,4.0,3.0,0.0,,1.0,,,4.0,1.0,,
230630,,,,,,,,20.0,,11.0,,,,,,2.0,2.0,0.0,,,,,3.0,0.0,,
230676,,,,,,,,114.0,,62.0,,,,,,13.0,3.0,2.0,,,,8.0,,17.0,,
230728,,,,,,,,3434.0,,1023.0,28.0,69.0,,,,316.0,230.0,353.0,295.0,28.0,,183.0,4.0,594.0,150.0,33.0
230737,,,,,,,,2721.0,,1044.0,,90.0,,,,419.0,70.0,202.0,103.0,10.0,,154.0,7.0,288.0,56.0,21.0
230746,,,,,,,,1957.0,,743.0,,,,,,139.0,81.0,114.0,226.0,7.0,,115.0,1.0,337.0,66.0,6.0
230764,,,,,,,,13014.0,,2153.0,1234.0,899.0,,,,1573.0,1341.0,1021.0,493.0,1133.0,,849.0,133.0,1372.0,297.0,112.0
230782,,,,,,,,1705.0,,721.0,,,,,,200.0,45.0,86.0,39.0,8.0,,127.0,3.0,337.0,27.0,5.0
230807,,,,,,,,540.0,,286.0,,,,,,60.0,19.0,21.0,33.0,6.0,,20.0,13.0,30.0,7.0,9.0
230816,,,,,,,,311.0,,83.0,,,,,,48.0,12.0,7.0,27.0,1.0,,50.0,,42.0,14.0,1.0
230834,,,,,,,,270.0,,101.0,,,,,,36.0,3.0,5.0,24.0,4.0,,35.0,,29.0,12.0,
230852,,,,,,,,489.0,,220.0,,,,,,79.0,40.0,29.0,41.0,3.0,,11.0,1.0,31.0,13.0,
230861,,,,,,,,336.0,,173.0,,,,,,78.0,2.0,6.0,5.0,,,,,48.0,,
230889,,,,,,,,99.0,,32.0,,,,,,24.0,4.0,2.0,6.0,,,7.0,5.0,6.0,,
230898,,,,,,,,116.0,,47.0,,,,,,17.0,,2.0,13.0,1.0,,7.0,,17.0,1.0,0.0
230913,,,,,,,,313.0,,132.0,,,,,,30.0,4.0,7.0,20.0,3.0,,36.0,,34.0,15.0,1.0
230940,,,,,,,,110.0,,42.0,,,,,,28.0,2.0,3.0,9.0,2.0,,4.0,,14.0,2.0,
230959,,,,,,,,1181.0,,336.0,,0.0,,,,116.0,87.0,54.0,55.0,12.0,,212.0,1.0,178.0,49.0,20.0
230977,,,,,,,,29.0,,13.0,,,,,,4.0,1.0,,,,,2.0,,1.0,,
230995,,,,,,,,685.0,,232.0,1.0,,,,,61.0,15.0,26.0,52.0,3.0,,70.0,7.0,157.0,14.0,4.0
231004,,,,,,,,11.0,,7.0,,,,,,1.0,1.0,,,,,,,2.0,,
231059,,,,,,,,390.0,,141.0,,2.0,,,,42.0,19.0,19.0,35.0,3.0,,48.0,1.0,39.0,12.0,2.0
231068,,,,,,,,78.0,,6.0,,,,,,11.0,9.0,8.0,9.0,,,11.0,,10.0,,
231077,,,,,,,,51.0,,25.0,,,,,,7.0,3.0,2.0,4.0,,,,,1.0,4.0,
231086,,,,,,,,111.0,,33.0,,,,,,15.0,6.0,3.0,16.0,,,4.0,2.0,4.0,9.0,2.0
231095,,,,,,,,48.0,,17.0,,,,,,4.0,2.0,1.0,2.0,,,7.0,,5.0,4.0,
231147,,,,,,,,147.0,,67.0,,,,,,13.0,21.0,6.0,4.0,,,3.0,,22.0,,
231156,,,,,,,,32.0,,,,,,,,13.0,3.0,10.0,3.0,,,,,3.0,,
231165,,,,,,,,276.0,,112.0,,,,,,66.0,3.0,14.0,8.0,,,22.0,,18.0,9.0,
231174,,,,,,,,3799.0,,1320.0,155.0,11.0,,,,99.0,282.0,417.0,158.0,39.0,,269.0,9.0,542.0,117.0,19.0
231280,,,,,,,,11.0,,7.0,,,,,,2.0,1.0,,,,,,1.0,,,
231411,,,,,,,,51.0,,26.0,,,,,,4.0,,1.0,,,,2.0,,2.0,,
231420,,,,,,,,213.0,,68.0,,,,,,26.0,18.0,18.0,27.0,3.0,,7.0,,19.0,7.0,
231536,,,,,,,,233.0,,106.0,,,,,,46.0,6.0,18.0,6.0,,,1.0,,21.0,5.0,
231554,,,,,,,,184.0,,78.0,,,,,,4.0,9.0,6.0,29.0,,,4.0,,6.0,,
231581,,,,,,,,369.0,,130.0,,,,,,35.0,7.0,15.0,52.0,7.0,,40.0,,41.0,15.0,1.0
231624,,,,,,,,2562.0,,763.0,36.0,,,,,105.0,264.0,343.0,171.0,33.0,,249.0,4.0,300.0,75.0,16.0
231651,,,,,,,,675.0,,159.0,,,,,,35.0,48.0,28.0,149.0,,,20.0,,38.0,9.0,
231688,,,,,,,,8.0,,3.0,,,,,,1.0,1.0,,,1.0,,,,2.0,,
231697,,,,,,,,235.0,,119.0,,,,,,31.0,9.0,6.0,5.0,0.0,,10.0,,34.0,7.0,
231712,,,,,,,,1072.0,,339.0,3.0,,,,,98.0,56.0,41.0,71.0,7.0,,214.0,3.0,130.0,51.0,6.0
231721,,,,,,,,7.0,,2.0,,,,,,,1.0,,,,,,1.0,1.0,,
231785,,,,,,,,87.0,,37.0,,,,,,7.0,1.0,2.0,28.0,,,0.0,1.0,7.0,,
231828,,,,,,,,87.0,,31.0,,,,,,6.0,2.0,2.0,20.0,,,2.0,,10.0,,
231837,,,,,,,,181.0,,115.0,,,,,,10.0,3.0,,5.0,,,3.0,1.0,33.0,,
231873,,,,,,,,96.0,,40.0,,,,,,29.0,3.0,3.0,1.0,,,1.0,,10.0,3.0,
231882,,,,,,,,166.0,,76.0,,,,,,34.0,6.0,5.0,1.0,3.0,,1.0,1.0,25.0,4.0,
231970,,,,,,,,1243.0,,260.0,58.0,52.0,,,,140.0,77.0,49.0,33.0,119.0,,77.0,7.0,273.0,13.0,10.0
232016,,,,,,,,28.0,,11.0,,,,,,3.0,,,,,,,,15.0,,
232025,,,,,,,,310.0,,130.0,,,,,,31.0,15.0,7.0,53.0,10.0,,18.0,1.0,26.0,9.0,0.0
232043,,,,,,,,336.0,,124.0,2.0,,,,,24.0,29.0,18.0,31.0,4.0,,22.0,3.0,56.0,7.0,2.0
232052,,,,,,,,69.0,,22.0,,,,,,16.0,3.0,2.0,1.0,,,3.0,1.0,7.0,3.0,
232089,,,,,,,,310.0,,80.0,,,,,,39.0,17.0,8.0,46.0,5.0,,60.0,,22.0,9.0,3.0
232186,,,,,,,,4517.0,,1773.0,167.0,,,,,275.0,523.0,380.0,292.0,32.0,,169.0,6.0,392.0,186.0,13.0
232195,,,,,,,,351.0,,168.0,,,,,,57.0,12.0,16.0,9.0,1.0,,14.0,,34.0,9.0,
232256,,,,,,,,351.0,,106.0,,,,,,62.0,2.0,11.0,33.0,1.0,,64.0,,42.0,22.0,
232265,,,,,,,,1061.0,,312.0,4.0,34.0,,,,102.0,46.0,38.0,49.0,30.0,,63.0,,146.0,143.0,14.0
232308,,,,,,,,280.0,,101.0,,,,,,40.0,8.0,8.0,5.0,1.0,,36.0,9.0,36.0,16.0,
232414,,,,,,,,548.0,,234.0,,,,,,90.0,14.0,19.0,6.0,,,39.0,,68.0,15.0,2.0
232423,,,,,,,,3365.0,,1185.0,,,,,,345.0,115.0,255.0,261.0,42.0,,336.0,3.0,460.0,166.0,89.0
232450,,,,,,,,399.0,,209.0,,,,,,59.0,14.0,10.0,5.0,,,18.0,1.0,35.0,13.0,
232557,,,,,,,,5409.0,,1683.0,,,,,,190.0,380.0,423.0,643.0,10.0,,575.0,7.0,211.0,11.0,80.0
232566,,,,,,,,838.0,,298.0,,,,,,109.0,46.0,47.0,73.0,5.0,,48.0,2.0,101.0,39.0,16.0
232575,,,,,,,,343.0,,164.0,,,,,,64.0,18.0,17.0,3.0,,,12.0,,36.0,14.0,1.0
232609,,,,,,,,586.0,,214.0,,,,,,38.0,34.0,20.0,54.0,6.0,,107.0,4.0,60.0,,4.0
232618,,,,,,,,50.0,,39.0,,,,,,3.0,1.0,1.0,,,,1.0,,1.0,,
232672,,,,,,,,421.0,,180.0,,,,,,35.0,16.0,10.0,48.0,2.0,,65.0,,35.0,8.0,
232681,,,,,,,,808.0,,298.0,,,,,,78.0,51.0,54.0,61.0,6.0,,72.0,1.0,79.0,38.0,9.0
232706,,,,,,,,512.0,,237.0,,,,,,49.0,28.0,21.0,42.0,6.0,,24.0,,50.0,8.0,
232724,,,,,,,,4.0,,3.0,,,,,,1.0,,,,,,,,,,
232788,,,,,,,,172.0,,69.0,,,,,,37.0,3.0,7.0,2.0,,,13.0,1.0,26.0,5.0,1.0
232797,,,,,,,,78.0,,7.0,,,,,,7.0,,,,,,,33.0,31.0,0.0,
232867,,,,,,,,181.0,,87.0,,,,,,33.0,2.0,12.0,7.0,,,,,25.0,6.0,
232885,,,,,,,,78.0,,45.0,,,,,,10.0,2.0,4.0,4.0,0.0,,,,2.0,0.0,
232919,,,,,,,,49.0,,23.0,,,,,,11.0,,,,,,,,15.0,,
232937,,,,,,,,1100.0,,296.0,,,,,,149.0,63.0,36.0,38.0,,,137.0,2.0,161.0,47.0,12.0
232946,,,,,,,,2278.0,,1106.0,,,,,,389.0,89.0,42.0,34.0,1.0,,50.0,,294.0,49.0,4.0
232982,,,,,,,,2783.0,,1057.0,22.0,,,,,165.0,236.0,223.0,224.0,23.0,,241.0,1.0,348.0,71.0,20.0
233019,,,,,,,,207.0,,83.0,,,,,,29.0,12.0,8.0,21.0,1.0,,7.0,,16.0,3.0,1.0
233037,,,,,,,,104.0,,46.0,,,,,,28.0,3.0,3.0,1.0,,,2.0,,15.0,3.0,
233082,,,,,,,,24.0,,11.0,,,,,,6.0,1.0,,,,,,,1.0,,
233116,,,,,,,,285.0,,138.0,,,,,,57.0,2.0,10.0,11.0,,,7.0,,31.0,7.0,
233277,,,,,,,,1393.0,,536.0,,,,,,168.0,60.0,65.0,118.0,5.0,,135.0,10.0,167.0,54.0,12.0
233286,,,,,,,,19.0,,11.0,,,,,,2.0,1.0,,,,,,1.0,,,
233295,,,,,,,,400.0,,127.0,1.0,,,,,42.0,25.0,16.0,52.0,5.0,,51.0,,34.0,8.0,
233301,,,,,,,,263.0,,68.0,,,,,,30.0,17.0,13.0,37.0,2.0,,41.0,,28.0,9.0,4.0
233310,,,,,,,,175.0,,76.0,,,,,,38.0,5.0,4.0,3.0,,,6.0,,21.0,6.0,
233329,,,,,,,,28.0,,16.0,,,,,,4.0,,,,,,,4.0,3.0,,
233338,,,,,,,,140.0,,50.0,,,,,,14.0,4.0,6.0,8.0,,,19.0,,15.0,7.0,1.0
233356,,,,,,,,72.0,,30.0,,,,,,16.0,4.0,4.0,5.0,,,2.0,,6.0,,
233374,,,,,,,,1696.0,,478.0,5.0,,,,,167.0,101.0,71.0,105.0,13.0,,316.0,4.0,209.0,65.0,6.0
233408,,,,,,,,51.0,,30.0,,,,,,11.0,3.0,2.0,,,,,,3.0,,
233426,,,,,,,,473.0,,187.0,,,,,,42.0,22.0,14.0,38.0,3.0,,68.0,2.0,69.0,15.0,0.0
233480,,,,,,,,8.0,,6.0,,,,,,1.0,,,,,,,,1.0,,
233541,,,,,,,,780.0,,338.0,,,,,,74.0,30.0,33.0,75.0,5.0,,54.0,,94.0,14.0,1.0
233611,,,,,,,,214.0,,63.0,,,,,,14.0,16.0,8.0,49.0,7.0,,13.0,9.0,16.0,,
233639,,,,,,,,224.0,,89.0,,,,,,47.0,5.0,7.0,5.0,,,13.0,,26.0,6.0,
233648,,,,,,,,179.0,,61.0,,,,,,37.0,22.0,8.0,1.0,1.0,,10.0,,32.0,4.0,
233666,,,,,,,,7.0,,2.0,,,,,,1.0,1.0,,,,,,,1.0,,
233684,,,,,,,,174.0,,75.0,,,,,,27.0,1.0,1.0,,,,,24.0,,,
233718,,,,,,,,199.0,,49.0,,,,,,22.0,6.0,10.0,17.0,1.0,,42.0,,40.0,6.0,
233754,,,,,,,,486.0,,224.0,,,,,,67.0,12.0,17.0,13.0,0.0,,29.0,,58.0,16.0,1.0
233772,,,,,,,,1188.0,,555.0,,,,,,186.0,37.0,48.0,28.0,0.0,,69.0,,127.0,50.0,6.0
233842,,,,,,,,85.0,,23.0,,,,,,6.0,10.0,3.0,,,,7.0,,12.0,,
233897,,,,,,,,354.0,,138.0,1.0,1.0,,,,48.0,15.0,10.0,36.0,2.0,,38.0,2.0,40.0,17.0,1.0
233903,,,,,,,,153.0,,82.0,,,,,,28.0,2.0,4.0,1.0,,,8.0,,13.0,4.0,
233921,,,,,,,,7955.0,,2015.0,765.0,192.0,,,,132.0,1337.0,721.0,215.0,116.0,,594.0,,1291.0,384.0,62.0
233949,,,,,,,,328.0,,140.0,,,,,,66.0,25.0,21.0,6.0,0.0,,7.0,,29.0,10.0,1.0
234030,,,,,,,,6627.0,,2491.0,268.0,51.0,,,,880.0,366.0,682.0,438.0,128.0,,208.0,5.0,705.0,155.0,31.0
234076,,,,,,,,9623.0,,2353.0,377.0,4.0,,,,1077.0,756.0,1588.0,450.0,151.0,,621.0,51.0,1076.0,682.0,132.0
234085,,,,,,,,608.0,,161.0,,,,,,65.0,29.0,33.0,54.0,13.0,,67.0,9.0,78.0,41.0,38.0
234119,,,,,,,,3.0,,1.0,,,,,,2.0,,,,,,,,,,
234137,,,,,,,,55.0,,15.0,,,,,,2.0,3.0,1.0,9.0,1.0,,3.0,,3.0,2.0,
234155,,,,,,,,835.0,,299.0,22.0,44.0,,,,97.0,50.0,31.0,5.0,2.0,,14.0,,125.0,2.0,8.0
234164,,,,,,,,307.0,,105.0,,,,,,31.0,9.0,6.0,24.0,2.0,,36.0,2.0,32.0,11.0,1.0
234173,,,,,,,,269.0,,105.0,,,,,,17.0,2.0,9.0,35.0,,,23.0,1.0,31.0,,0.0
234207,,,,,,,,916.0,,263.0,,,,,,53.0,59.0,58.0,113.0,9.0,,176.0,9.0,104.0,48.0,
234377,,,,,,,,143.0,,65.0,,,,,,35.0,2.0,4.0,1.0,1.0,,3.0,,19.0,3.0,0.0
234492,,,,,,,,53.0,,30.0,,,,,,4.0,5.0,,1.0,,,,,12.0,,
234669,,,,,,,,835.0,,363.0,,,,,,162.0,,23.0,4.0,,,20.0,1.0,175.0,40.0,1.0
234696,,,,,,,,234.0,,89.0,,,,,,9.0,6.0,6.0,1.0,1.0,,18.0,,88.0,5.0,
234711,,,,,,,,215.0,,70.0,,,,,,23.0,8.0,10.0,4.0,,,24.0,2.0,33.0,7.0,1.0
234827,,,,,,,,1494.0,,570.0,4.0,9.0,,,,87.0,131.0,98.0,126.0,10.0,,147.0,1.0,220.0,55.0,
234845,,,,,,,,253.0,,87.0,,,,,,51.0,8.0,7.0,19.0,,,19.0,2.0,45.0,5.0,0.0
234915,,,,,,,,287.0,,167.0,,,,,,6.0,16.0,10.0,,,,2.0,,32.0,,
234924,,,,,,,,24.0,,11.0,,,,,,2.0,,,,,,,3.0,7.0,1.0,
234933,,,,,,,,706.0,,302.0,,,,,,54.0,25.0,39.0,17.0,2.0,,14.0,3.0,165.0,43.0,1.0
234951,,,,,,,,274.0,,114.0,,,,,,15.0,32.0,13.0,4.0,2.0,,10.0,2.0,25.0,29.0,1.0
234979,,,,,,,,434.0,,187.0,,,,,,45.0,8.0,9.0,4.0,,,19.0,3.0,119.0,31.0,2.0
235024,,,,,,,,179.0,,82.0,,,,,,27.0,1.0,7.0,15.0,,,9.0,,23.0,3.0,0.0
235088,,,,,,,,45.0,,18.0,,,,,,3.0,5.0,,1.0,,,,5.0,5.0,4.0,
235097,,,,,,,,1417.0,,504.0,,,,,,150.0,56.0,72.0,91.0,10.0,,163.0,4.0,171.0,65.0,18.0
235103,,,,,,,,663.0,,213.0,,,,,,69.0,13.0,30.0,57.0,1.0,,3.0,,211.0,40.0,1.0
235149,,,,,,,,603.0,,245.0,,,,,,83.0,16.0,18.0,17.0,,,37.0,2.0,79.0,12.0,
235158,,,,,,,,20.0,,8.0,,,,,,3.0,1.0,,,,,1.0,2.0,2.0,,
235167,,,,,,,,613.0,,153.0,,,,,,67.0,43.0,60.0,60.0,4.0,,61.0,,86.0,21.0,3.0
235237,,,,,,,,324.0,,79.0,,,,,,41.0,50.0,16.0,3.0,,,27.0,,88.0,6.0,2.0
235307,,,,,,,,16.0,,8.0,,,,,,1.0,2.0,,,,,,,3.0,1.0,
235316,,,,,,,,1440.0,,575.0,,,,,,257.0,83.0,36.0,87.0,5.0,,120.0,,217.0,41.0,6.0
235334,,,,,,,,197.0,,80.0,,,,,,23.0,6.0,7.0,1.0,,,5.0,,53.0,13.0,
235343,,,,,,,,572.0,,251.0,,,,,,135.0,15.0,21.0,7.0,,,30.0,2.0,90.0,1.0,
235352,,,,,,,,9.0,,4.0,,,,,,1.0,1.0,,,,,,1.0,2.0,,
235422,,,,,,,,219.0,,106.0,,,,,,18.0,,9.0,,,,22.0,,63.0,,
235431,,,,,,,,597.0,,239.0,,,,,,98.0,14.0,24.0,61.0,,,63.0,1.0,70.0,2.0,1.0
235501,,,,,,,,44.0,,20.0,,,,,,6.0,2.0,,,,,1.0,9.0,6.0,,
235547,,,,,,,,271.0,,75.0,6.0,,,,,34.0,13.0,10.0,4.0,16.0,,46.0,2.0,41.0,1.0,1.0
235583,,,,,,,,27.0,,9.0,,,,,,3.0,1.0,,,,,1.0,6.0,1.0,,
235671,,,,,,,,296.0,,121.0,,,,,,40.0,4.0,1.0,,0.0,,54.0,,65.0,,
235699,,,,,,,,297.0,,142.0,,,,,,31.0,13.0,6.0,25.0,2.0,,25.0,,33.0,6.0,
235750,,,,,,,,351.0,,108.0,,,,,,49.0,16.0,7.0,4.0,1.0,,7.0,,54.0,18.0,
236018,,,,,,,,13.0,,10.0,,,,,,2.0,,,,,,,,2.0,,
236072,,,,,,,,364.0,,151.0,,,,,,48.0,3.0,13.0,1.0,,,34.0,2.0,68.0,2.0,5.0
236133,,,,,,,,265.0,,106.0,,,,,,25.0,14.0,11.0,18.0,3.0,,,19.0,56.0,,
236188,,,,,,,,426.0,,196.0,,,,,,43.0,17.0,17.0,4.0,2.0,,28.0,,63.0,16.0,
236212,,,,,,,,121.0,,48.0,,,,,,18.0,3.0,5.0,1.0,,,14.0,4.0,26.0,,
236230,,,,,,,,666.0,,241.0,,,,,,97.0,17.0,26.0,57.0,5.0,,79.0,6.0,106.0,10.0,7.0
236258,,,,,,,,202.0,,76.0,,,,,,36.0,7.0,12.0,,2.0,,12.0,2.0,50.0,3.0,
236328,,,,,,,,683.0,,260.0,1.0,,,,,53.0,27.0,45.0,59.0,6.0,,85.0,2.0,76.0,16.0,
236382,,,,,,,,267.0,,118.0,,,,,,42.0,17.0,10.0,11.0,1.0,,29.0,,25.0,,
236452,,,,,,,,297.0,,126.0,,,,,,36.0,15.0,12.0,28.0,2.0,,21.0,,36.0,5.0,
236504,,,,,,,,350.0,,135.0,,,,,,64.0,6.0,11.0,1.0,,,30.0,3.0,65.0,5.0,1.0
236513,,,,,,,,669.0,,257.0,,,,,,118.0,31.0,34.0,4.0,6.0,,49.0,2.0,129.0,3.0,8.0
236577,,,,,,,,685.0,,279.0,,,,,,49.0,16.0,31.0,,2.0,,36.0,,257.0,,
236595,,,,,,,,1342.0,,583.0,,,,,,88.0,148.0,54.0,169.0,6.0,,82.0,,102.0,27.0,
236610,,,,,,,,460.0,,209.0,,,,,,62.0,11.0,17.0,2.0,1.0,,18.0,3.0,86.0,23.0,2.0
236638,,,,,,,,436.0,,145.0,,,,,,59.0,15.0,15.0,4.0,1.0,,22.0,3.0,57.0,9.0,
236656,,,,,,,,371.0,,140.0,,,,,,88.0,11.0,16.0,1.0,,,8.0,,59.0,30.0,
236692,,,,,,,,773.0,,398.0,,,,,,38.0,10.0,25.0,25.0,2.0,,85.0,1.0,60.0,49.0,
236708,,,,,,,,419.0,,200.0,,,,,,16.0,5.0,8.0,13.0,,,44.0,3.0,32.0,40.0,
236744,,,,,,,,9.0,,4.0,,,,,,1.0,2.0,,,,,1.0,,,,
236753,,,,,,,,645.0,,305.0,,,,,,70.0,11.0,25.0,45.0,2.0,,39.0,4.0,104.0,14.0,4.0
236887,,,,,,,,388.0,,168.0,,,,,,35.0,17.0,13.0,22.0,1.0,,19.0,3.0,62.0,8.0,
236896,,,,,,,,289.0,,127.0,,,,,,35.0,10.0,11.0,3.0,1.0,,16.0,,38.0,10.0,
236939,,,,,,,,6092.0,,1503.0,307.0,63.0,,,,359.0,732.0,791.0,570.0,157.0,,461.0,6.0,495.0,243.0,66.0
236948,,,,,,,,17335.0,,4605.0,2766.0,,,,,772.0,2621.0,1188.0,478.0,1444.0,,895.0,4.0,947.0,338.0,141.0
236975,,,,,,,,285.0,,121.0,,,,,,23.0,7.0,13.0,37.0,,,16.0,1.0,46.0,8.0,
237011,,,,,,,,1865.0,,742.0,,,,,,76.0,167.0,153.0,86.0,31.0,,123.0,1.0,307.0,77.0,18.0
237039,,,,,,,,347.0,,150.0,,,,,,51.0,6.0,8.0,1.0,,,32.0,7.0,63.0,7.0,
237057,,,,,,,,505.0,,198.0,6.0,,,,,58.0,21.0,30.0,24.0,5.0,,51.0,1.0,59.0,15.0,1.0
237066,,,,,,,,548.0,,225.0,,,,,,60.0,27.0,29.0,64.0,5.0,,50.0,1.0,56.0,13.0,4.0
237109,,,,,,,,351.0,,176.0,,,,,,3.0,11.0,15.0,2.0,,,6.0,4.0,79.0,32.0,
237118,,,,,,,,200.0,,63.0,,,,,,16.0,6.0,5.0,29.0,7.0,,31.0,,34.0,,
237127,,,,,,,,3.0,,2.0,,,,,,,,,,,,,,1.0,,
237136,,,,,,,,58.0,,22.0,,,,,,14.0,,0.0,3.0,0.0,,2.0,,11.0,3.0,
237145,,,,,,,,4.0,,3.0,,,,,,,,,,,,,,1.0,,
237172,,,,,,,,13.0,,5.0,,,,,,,,,,,,4.0,,2.0,,
237181,,,,,,,,167.0,,55.0,,,,,,7.0,7.0,4.0,31.0,1.0,,28.0,,11.0,12.0,1.0
237215,,,,,,,,177.0,,89.0,,,,,,28.0,4.0,3.0,10.0,1.0,,10.0,,24.0,3.0,
237242,,,,,,,,27.0,,14.0,,,,,,,,,1.0,3.0,,5.0,,1.0,2.0,
237303,,,,,,,,9.0,,5.0,,,,,,1.0,0.0,,,,,,1.0,1.0,1.0,
237312,,,,,,,,384.0,,140.0,,,,,,41.0,6.0,16.0,40.0,,,61.0,3.0,30.0,,
237321,,,,,,,,9.0,,4.0,,,,,,2.0,2.0,,,,,,,1.0,,
237330,,,,,,,,262.0,,119.0,,,,,,30.0,5.0,6.0,26.0,4.0,,13.0,,41.0,10.0,1.0
237358,,,,,,,,186.0,,64.0,1.0,,,,,8.0,6.0,5.0,21.0,5.0,,21.0,5.0,16.0,,2.0
237367,,,,,,,,432.0,,213.0,,,,,,65.0,11.0,20.0,38.0,2.0,,18.0,,39.0,13.0,
237385,,,,,,,,212.0,,70.0,,,,,,16.0,14.0,5.0,26.0,5.0,,19.0,,23.0,11.0,6.0
237437,,,,,,,,31.0,,15.0,,,,,,2.0,1.0,1.0,,,,1.0,1.0,9.0,,
237473,,,,,,,,17.0,,12.0,,,,,,1.0,,,,,,,3.0,,,
237491,,,,,,,,19.0,,14.0,,,,,,2.0,,,,,,2.0,,1.0,,
237525,,,,,,,,1776.0,,890.0,3.0,0.0,,,,94.0,102.0,91.0,171.0,0.0,,112.0,,153.0,69.0,
237543,,,,,,,,18.0,,6.0,,,,,,2.0,2.0,,,,,3.0,,3.0,,
237552,,,,,,,,19.0,,6.0,,,,,,2.0,2.0,,,,,4.0,1.0,1.0,3.0,
237561,,,,,,,,24.0,,8.0,,,,,,4.0,1.0,,,,,3.0,,3.0,,
237570,,,,,,,,16.0,,7.0,,,,,,2.0,1.0,1.0,0.0,,,2.0,,3.0,,
237598,,,,,,,,9.0,,3.0,,,,,,1.0,2.0,,,,,,,1.0,0.0,
237640,,,,,,,,93.0,,34.0,,,,,,5.0,1.0,2.0,14.0,,,5.0,4.0,5.0,,
237686,,,,,,,,236.0,,103.0,,,,,,28.0,2.0,7.0,16.0,,,27.0,,37.0,6.0,1.0
237701,,,,,,,,175.0,,59.0,,,,,,18.0,3.0,4.0,14.0,3.0,,32.0,,22.0,12.0,1.0
237729,,,,,,,,12.0,,11.0,,,,,,1.0,,,,,,,,,,
237783,,,,,,,,144.0,,45.0,,,,,,12.0,11.0,2.0,19.0,,,13.0,16.0,8.0,11.0,
237792,,,,,,,,458.0,,190.0,,1.0,,,,46.0,20.0,15.0,31.0,5.0,,47.0,,58.0,15.0,
237817,,,,,,,,162.0,,70.0,,,,,,26.0,5.0,6.0,14.0,,,4.0,,26.0,7.0,
237844,,,,,,,,56.0,,18.0,,,,,,2.0,4.0,1.0,,14.0,,8.0,,4.0,4.0,1.0
237880,,,,,,,,282.0,,57.0,6.0,,,,,48.0,14.0,30.0,23.0,2.0,,29.0,,50.0,12.0,
237899,,,,,,,,288.0,,124.0,,,,,,43.0,7.0,3.0,24.0,1.0,,15.0,,49.0,15.0,1.0
237905,,,,,,,,9.0,,8.0,,,,,,1.0,,,,,,,,,,
237932,,,,,,,,334.0,,166.0,,,,,,31.0,5.0,4.0,45.0,4.0,,19.0,,37.0,9.0,
237950,,,,,,,,242.0,,105.0,,,,,,29.0,4.0,6.0,28.0,3.0,,21.0,,30.0,12.0,
237969,,,,,,,,269.0,,89.0,,,,,,30.0,7.0,8.0,42.0,6.0,,33.0,1.0,19.0,16.0,2.0
237987,,,,,,,,14.0,,5.0,,,,,,3.0,1.0,1.0,,,,,2.0,1.0,,
237996,,,,,,,,43.0,,26.0,,,,,,3.0,2.0,2.0,,,,,8.0,1.0,,
238005,,,,,,,,12.0,,4.0,,,,,,2.0,1.0,,,,,,,2.0,,
238014,,,,,,,,149.0,,76.0,,,,,,17.0,5.0,7.0,3.0,,,8.0,,22.0,4.0,
238032,,,,,,,,5809.0,,1538.0,79.0,897.0,,,,683.0,229.0,418.0,397.0,94.0,,491.0,2.0,578.0,280.0,26.0
238078,,,,,,,,198.0,,73.0,1.0,2.0,,,,16.0,8.0,6.0,23.0,5.0,,11.0,,20.0,,3.0
238096,,,,,,,,4.0,,3.0,,,,,,,,,,,,,,1.0,,
238175,,,,,,,,22.0,,9.0,,,,,,1.0,1.0,1.0,1.0,,,3.0,,6.0,,
238193,,,,,,,,343.0,,138.0,,,,,,69.0,7.0,17.0,32.0,1.0,,10.0,1.0,28.0,3.0,3.0
238263,,,,,,,,1348.0,,720.0,,,,,,99.0,60.0,61.0,81.0,,,79.0,,171.0,,
238324,,,,,,,,65.0,,24.0,,,,,,12.0,1.0,4.0,3.0,,,1.0,,11.0,1.0,
238333,,,,,,,,337.0,,124.0,,,,,,46.0,33.0,12.0,22.0,2.0,,36.0,,42.0,10.0,
238397,,,,,,,,330.0,,156.0,,,,,,35.0,13.0,10.0,18.0,,,8.0,,45.0,5.0,3.0
238430,,,,,,,,302.0,,142.0,,,,,,53.0,5.0,11.0,15.0,1.0,,14.0,,53.0,,
238458,,,,,,,,484.0,,224.0,,,,,,38.0,16.0,23.0,47.0,4.0,,36.0,,44.0,8.0,
238476,,,,,,,,486.0,,231.0,1.0,,,,,36.0,21.0,18.0,65.0,1.0,,44.0,,38.0,9.0,2.0
238573,,,,,,,,21.0,,14.0,,,,,,2.0,1.0,1.0,,,,,,,,
238616,,,,,,,,760.0,,400.0,1.0,,,,,91.0,21.0,26.0,62.0,10.0,,36.0,24.0,73.0,4.0,
238661,,,,,,,,444.0,,194.0,,,,,,41.0,23.0,19.0,57.0,5.0,,42.0,,25.0,,
238722,,,,,,,,1010.0,,504.0,,,,,,127.0,29.0,73.0,11.0,,,30.0,,137.0,,8.0
238759,,,,,,,,758.0,,384.0,,,,,,58.0,26.0,47.0,53.0,2.0,,38.0,,100.0,10.0,3.0
238810,,,,,,,,5.0,,4.0,,,,,,0.0,0.0,,,,,,,0.0,,
238980,,,,,,,,273.0,,98.0,,,,,,40.0,8.0,11.0,18.0,,,52.0,,4.0,1.0,
239008,,,,,,,,285.0,,121.0,,,,,,50.0,8.0,16.0,13.0,3.0,,8.0,,49.0,,
239017,,,,,,,,512.0,,186.0,,,,,,43.0,29.0,24.0,52.0,2.0,,59.0,,60.0,15.0,1.0
239071,,,,,,,,141.0,,52.0,1.0,,,,,22.0,,5.0,4.0,2.0,,11.0,1.0,18.0,6.0,1.0
239080,,,,,,,,269.0,,126.0,,,,,,45.0,9.0,6.0,47.0,,,5.0,,25.0,,
239105,,,,,,,,2479.0,,847.0,34.0,13.0,,,,88.0,236.0,171.0,278.0,30.0,,327.0,3.0,310.0,55.0,7.0
239169,,,,,,,,5491.0,,1813.0,,,,,,519.0,699.0,539.0,13.0,686.0,,261.0,,926.0,21.0,
239220,,,,,,,,249.0,,115.0,,,,,,31.0,12.0,12.0,23.0,,,13.0,,29.0,,
239248,,,,,,,,1531.0,,723.0,,,,,,133.0,33.0,38.0,73.0,,,161.0,10.0,164.0,14.0,10.0
239309,,,,,,,,148.0,,68.0,0.0,,,,,24.0,4.0,4.0,5.0,,,6.0,,8.0,1.0,
239318,,,,,,,,433.0,,181.0,,,,,,33.0,24.0,37.0,33.0,2.0,,50.0,,33.0,14.0,
239372,,,,,,,,452.0,,181.0,,,,,,70.0,12.0,7.0,8.0,,,26.0,3.0,114.0,5.0,1.0
239390,,,,,,,,226.0,,111.0,,,,,,35.0,8.0,12.0,18.0,,,7.0,,18.0,4.0,
239424,,,,,,,,26.0,,10.0,,,,,,1.0,1.0,1.0,1.0,,,3.0,1.0,3.0,2.0,
239442,,,,,,,,197.0,,72.0,,,,,,26.0,7.0,12.0,14.0,,,6.0,,25.0,3.0,0.0
239460,,,,,,,,427.0,,189.0,,,,,,44.0,37.0,10.0,16.0,,,18.0,3.0,53.0,5.0,
239488,,,,,,,,814.0,,348.0,2.0,,,,,72.0,50.0,47.0,41.0,4.0,,8.0,14.0,174.0,16.0,1.0
239512,,,,,,,,131.0,,54.0,1.0,,,,,22.0,5.0,4.0,18.0,3.0,,,,8.0,,
239628,,,,,,,,175.0,,65.0,,,,,,22.0,12.0,7.0,37.0,,,7.0,,15.0,,
239637,,,,,,,,46.0,,15.0,,,,,,5.0,1.0,1.0,,,,5.0,2.0,6.0,,
239716,,,,,,,,587.0,,149.0,,,,,,66.0,32.0,19.0,59.0,3.0,,125.0,,77.0,14.0,3.0
239743,,,,,,,,83.0,,35.0,,,,,,20.0,3.0,2.0,8.0,,,6.0,,7.0,,
239877,,,,,,,,8.0,,4.0,,,,,,1.0,2.0,,,,,,,1.0,,
239910,,,,,,,,215.0,,93.0,2.0,1.0,,,,16.0,13.0,11.0,,,,43.0,12.0,5.0,16.0,
240107,,,,,,,,369.0,,166.0,,,,,,29.0,15.0,9.0,48.0,,,25.0,,35.0,7.0,
240116,,,,,,,,545.0,,289.0,,8.0,,,,42.0,17.0,28.0,35.0,1.0,,19.0,1.0,76.0,10.0,
240125,,,,,,,,661.0,,379.0,,,,,,63.0,19.0,15.0,32.0,1.0,,16.0,2.0,87.0,18.0,
240170,,,,,,,,612.0,,287.0,0.0,,,,,63.0,1.0,16.0,2.0,,,36.0,1.0,201.0,1.0,
240189,,,,,,,,1252.0,,580.0,1.0,,,,,72.0,54.0,57.0,151.0,6.0,,122.0,,131.0,37.0,9.0
240198,,,,,,,,527.0,,299.0,,,,,,50.0,8.0,9.0,24.0,4.0,,23.0,4.0,72.0,,
240213,,,,,,,,17.0,,11.0,,,,,,3.0,,0.0,,,,,,3.0,,
240268,,,,,,,,1135.0,,461.0,2.0,,,,,69.0,60.0,84.0,164.0,8.0,,103.0,,114.0,29.0,10.0
240277,,,,,,,,689.0,,268.0,1.0,,,,,50.0,28.0,45.0,111.0,2.0,,65.0,,67.0,19.0,6.0
240329,,,,,,,,1169.0,,520.0,,,,,,82.0,58.0,55.0,120.0,13.0,,140.0,,105.0,33.0,5.0
240338,,,,,,,,171.0,,81.0,,,,,,29.0,9.0,4.0,17.0,0.0,,3.0,,7.0,,
240365,,,,,,,,1326.0,,535.0,,,,,,104.0,65.0,61.0,216.0,7.0,,115.0,1.0,139.0,28.0,9.0
240374,,,,,,,,479.0,,191.0,,,,,,40.0,32.0,20.0,55.0,3.0,,41.0,,56.0,14.0,8.0
240392,,,,,,,,432.0,,165.0,,,,,,24.0,19.0,16.0,,,,1.0,8.0,10.0,,
240417,,,,,,,,1027.0,,389.0,1.0,,,,,71.0,63.0,66.0,113.0,11.0,,99.0,,132.0,28.0,14.0
240426,,,,,,,,364.0,,133.0,1.0,,,,,40.0,28.0,26.0,56.0,,,7.0,,42.0,11.0,6.0
240435,,,,,,,,589.0,,2.0,,,,,,128.0,121.0,201.0,69.0,,,,,59.0,,
240444,,,,,,,,16174.0,,3871.0,1138.0,165.0,,,,753.0,1590.0,3228.0,1445.0,559.0,,1239.0,6.0,1165.0,477.0,142.0
240453,,,,,,,,3190.0,,1276.0,85.0,,,,,200.0,270.0,269.0,398.0,16.0,,247.0,1.0,275.0,63.0,27.0
240462,,,,,,,,978.0,,371.0,1.0,,,,,80.0,70.0,68.0,89.0,5.0,,112.0,,123.0,20.0,12.0
240471,,,,,,,,621.0,,262.0,,,,,,51.0,38.0,39.0,76.0,1.0,,45.0,,61.0,20.0,7.0
240480,,,,,,,,1092.0,,396.0,5.0,,,,,76.0,63.0,74.0,129.0,17.0,,125.0,,119.0,39.0,11.0
240505,,,,,,,,437.0,,191.0,,,,,,34.0,11.0,19.0,23.0,3.0,,54.0,,56.0,12.0,
240514,,,,,,,,232.0,,69.0,,,,,,24.0,4.0,8.0,24.0,,,35.0,,28.0,6.0,1.0
240596,,,,,,,,146.0,,57.0,1.0,2.0,,,,18.0,5.0,3.0,6.0,,,27.0,1.0,13.0,3.0,1.0
240620,,,,,,,,459.0,,183.0,,,,,,43.0,16.0,14.0,20.0,1.0,,41.0,,47.0,10.0,2.0
240657,,,,,,,,201.0,,83.0,,,,,,15.0,5.0,8.0,13.0,1.0,,21.0,0.0,31.0,10.0,1.0
240666,,,,,,,,386.0,,156.0,,,,,,36.0,17.0,17.0,24.0,3.0,,52.0,,29.0,1.0,5.0
240693,,,,,,,,373.0,,168.0,,,,,,29.0,2.0,17.0,34.0,1.0,,36.0,3.0,51.0,6.0,2.0
240709,,,,,,,,13.0,,8.0,,,,,,2.0,1.0,,,,,,,1.0,,
240718,,,,,,,,38.0,,7.0,,,,,,10.0,,1.0,,,,1.0,19.0,,,
240727,,,,,,,,2765.0,,733.0,187.0,90.0,,,,107.0,239.0,186.0,223.0,119.0,,220.0,15.0,237.0,102.0,74.0
240736,,,,,,,,283.0,,77.0,8.0,7.0,,,,20.0,21.0,21.0,8.0,,,30.0,3.0,22.0,19.0,
240745,,,,,,,,268.0,,83.0,,,,,,37.0,24.0,9.0,1.0,1.0,,,2.0,43.0,8.0,1.0
240754,,,,,,,,642.0,,193.0,26.0,13.0,,,,35.0,33.0,46.0,82.0,3.0,,21.0,2.0,94.0,34.0,
240790,,,,,,,,171.0,,44.0,,6.0,,,,26.0,,7.0,10.0,,,,1.0,63.0,2.0,
240879,,,,,,,,27.0,,5.0,,,,,,2.0,6.0,1.0,,,,2.0,3.0,3.0,2.0,
240985,,,,,,,,21.0,,7.0,,,,,,3.0,2.0,,1.0,,,2.0,,2.0,1.0,
241100,,,,,,,,83.0,,25.0,,,,,,16.0,1.0,4.0,1.0,,,6.0,,24.0,,3.0
241128,,,,,,,,59.0,,25.0,,,,,,3.0,,2.0,1.0,,,9.0,,13.0,,3.0
241182,,,,,,,,60.0,,19.0,,,,,,4.0,2.0,2.0,3.0,,,5.0,5.0,8.0,,1.0
241191,,,,,,,,156.0,,60.0,,,,,,31.0,4.0,3.0,1.0,1.0,,14.0,,33.0,6.0,
241216,,,,,,,,114.0,,71.0,,,,,,3.0,,4.0,2.0,,,2.0,,9.0,,
241225,,,,,,,,167.0,,66.0,,,,,,24.0,10.0,8.0,9.0,1.0,,,5.0,14.0,6.0,2.0
241304,,,,,,,,105.0,,50.0,,,,,,23.0,1.0,3.0,9.0,,,,,2.0,2.0,
241331,,,,,,,,223.0,,97.0,,,,,,44.0,6.0,9.0,,,,10.0,4.0,35.0,,
241377,,,,,,,,153.0,,66.0,1.0,1.0,,,,23.0,9.0,5.0,10.0,1.0,,1.0,1.0,22.0,1.0,1.0
241386,,,,,,,,35.0,,22.0,,,,,,1.0,,1.0,1.0,,,,1.0,6.0,,
241395,,,,,,,,82.0,,36.0,,,,,,14.0,0.0,5.0,1.0,1.0,,3.0,0.0,15.0,2.0,
241410,,,,,,,,802.0,,273.0,,7.0,,,,107.0,16.0,40.0,30.0,6.0,,60.0,5.0,196.0,17.0,4.0
241517,,,,,,,,67.0,,20.0,,,,,,19.0,12.0,,2.0,,,3.0,2.0,5.0,1.0,1.0
241614,,,,,,,,51.0,,28.0,,,,,,8.0,4.0,,,,,,,4.0,1.0,
241720,,,,,,,,140.0,,58.0,,,,,,11.0,1.0,4.0,2.0,,,10.0,,37.0,5.0,
241739,,,,,,,,858.0,,403.0,,,,,,89.0,1.0,17.0,3.0,2.0,,21.0,1.0,271.0,,1.0
241766,,,,,,,,127.0,,56.0,,,,,,15.0,1.0,1.0,5.0,,,,,24.0,11.0,
241793,,,,,,,,32.0,,11.0,,,,,,6.0,1.0,0.0,,,,,,6.0,3.0,
241836,,,,,,,,101.0,,28.0,,,,,,16.0,5.0,3.0,2.0,,,15.0,5.0,9.0,8.0,
241906,,,,,,,,38.0,,18.0,,,,,,1.0,1.0,,,,,3.0,,14.0,1.0,
241951,,,,,,,,72.0,,37.0,1.0,1.0,,,,9.0,2.0,2.0,2.0,,,5.0,,6.0,1.0,
242042,,,,,,,,59.0,,48.0,,,,,,1.0,,,2.0,,,,,3.0,2.0,
242060,,,,,,,,270.0,,,,,,,,85.0,36.0,32.0,2.0,,,1.0,,99.0,4.0,4.0
242112,,,,,,,,96.0,,40.0,,,,,,19.0,3.0,4.0,1.0,,,9.0,3.0,16.0,,
242121,,,,,,,,48.0,,22.0,,,,,,5.0,2.0,1.0,1.0,,,,,1.0,2.0,
242130,,,,,,,,27.0,,14.0,,,,,,1.0,,1.0,1.0,,,,2.0,4.0,1.0,
242149,,,,,,,,35.0,,18.0,,,,,,2.0,,1.0,1.0,,,,4.0,4.0,1.0,
242413,,,,,,,,11.0,,4.0,,,,,,1.0,1.0,,,,,1.0,2.0,1.0,,
242422,,,,,,,,795.0,,326.0,,,,,,133.0,18.0,13.0,76.0,,,24.0,98.0,93.0,,1.0
242556,,,,,,,,54.0,,36.0,,,,,,1.0,3.0,,2.0,1.0,,1.0,,4.0,3.0,
242565,,,,,,,,55.0,,33.0,,,,,,1.0,,,,6.0,,,,8.0,5.0,
242583,,,,,,,,57.0,,38.0,,,,,,1.0,,0.0,1.0,1.0,,,,7.0,4.0,
242617,,,,,,,,400.0,,170.0,,6.0,,,,37.0,6.0,23.0,4.0,,,60.0,,78.0,1.0,
242626,,,,,,,,279.0,,134.0,,2.0,,,,35.0,2.0,15.0,1.0,,,18.0,,47.0,,
242635,,,,,,,,319.0,,131.0,,5.0,,,,36.0,4.0,27.0,4.0,,,18.0,2.0,56.0,,
242644,,,,,,,,147.0,,68.0,,2.0,,,,19.0,1.0,17.0,1.0,,,13.0,,23.0,,
242653,,,,,,,,689.0,,321.0,1.0,7.0,,,,68.0,10.0,16.0,9.0,1.0,,25.0,3.0,112.0,5.0,
242662,,,,,,,,379.0,,162.0,,5.0,,,,37.0,6.0,28.0,6.0,,,26.0,1.0,59.0,1.0,1.0
242671,,,,,,,,243.0,,,1.0,10.0,,,,74.0,36.0,16.0,6.0,,,12.0,2.0,80.0,4.0,1.0
242680,,,,,,,,169.0,,75.0,,4.0,,,,23.0,1.0,10.0,3.0,,,14.0,,33.0,,
242699,,,,,,,,152.0,,76.0,,3.0,,,,18.0,2.0,3.0,2.0,,,14.0,,27.0,2.0,
242705,,,,,,,,282.0,,146.0,1.0,,,,,29.0,2.0,19.0,5.0,,,11.0,1.0,51.0,6.0,2.0
242723,,,,,,,,131.0,,46.0,,8.0,,,,19.0,1.0,1.0,2.0,,,16.0,,22.0,3.0,
242750,,,,,,,,19.0,,8.0,,,,,,1.0,1.0,,,,,1.0,1.0,5.0,1.0,
242820,,,,,,,,70.0,,21.0,,,,,,9.0,4.0,3.0,,,,6.0,6.0,17.0,,
242945,,,,,,,,33.0,,10.0,,,,,,5.0,1.0,1.0,,,,,1.0,9.0,3.0,
242954,,,,,,,,6.0,,3.0,,,,,,1.0,,,,,,1.0,,1.0,,
242972,,,,,,,,864.0,,334.0,,,,,,144.0,6.0,12.0,66.0,19.0,,,96.0,155.0,,2.0
243081,,,,,,,,500.0,,191.0,71.0,5.0,,,,16.0,17.0,18.0,13.0,12.0,,18.0,,103.0,11.0,
243106,,,,,,,,328.0,,118.0,,,,,,37.0,14.0,25.0,3.0,4.0,,5.0,,61.0,35.0,3.0
243115,,,,,,,,429.0,,190.0,2.0,10.0,,,,36.0,14.0,22.0,3.0,5.0,,32.0,,64.0,31.0,8.0
243133,,,,,,,,430.0,,186.0,,,,,,33.0,14.0,21.0,2.0,3.0,,39.0,,88.0,27.0,2.0
243142,,,,,,,,349.0,,134.0,4.0,,,,,28.0,13.0,21.0,4.0,2.0,,26.0,6.0,75.0,13.0,5.0
243151,,,,,,,,439.0,,120.0,6.0,,,,,42.0,16.0,26.0,8.0,1.0,,50.0,,79.0,54.0,10.0
243160,,,,,,,,388.0,,,11.0,,,,,82.0,51.0,43.0,8.0,5.0,,26.0,,118.0,34.0,4.0
243179,,,,,,,,505.0,,180.0,5.0,,,,,49.0,16.0,33.0,11.0,9.0,,51.0,,98.0,29.0,10.0
243188,,,,,,,,199.0,,53.0,,,,,,25.0,10.0,16.0,3.0,1.0,,29.0,,37.0,14.0,4.0
243197,,,,,,,,2251.0,,484.0,74.0,150.0,,,,181.0,75.0,118.0,45.0,16.0,,209.0,1.0,494.0,300.0,59.0
243203,,,,,,,,2106.0,,839.0,70.0,,,,,132.0,68.0,67.0,27.0,133.0,,126.0,,518.0,78.0,9.0
243212,,,,,,,,347.0,,111.0,,,,,,42.0,11.0,20.0,3.0,2.0,,22.0,,78.0,35.0,4.0
243221,,,,,,,,2641.0,,1073.0,27.0,67.0,,,,209.0,54.0,86.0,33.0,24.0,,268.0,,488.0,148.0,40.0
243346,,,,,,,,787.0,,369.0,,,,,,81.0,3.0,20.0,,2.0,,19.0,,253.0,,1.0
243443,,,,,,,,442.0,,193.0,2.0,,,,,59.0,14.0,13.0,37.0,,,2.0,6.0,68.0,24.0,3.0
243498,,,,,,,,24.0,,11.0,,,,,,1.0,1.0,,,,,,,3.0,3.0,
243568,,,,,,,,300.0,,45.0,22.0,24.0,,,,22.0,19.0,47.0,12.0,6.0,,6.0,,67.0,12.0,2.0
243577,,,,,,,,389.0,,168.0,,,,,,24.0,8.0,32.0,9.0,,,10.0,,92.0,11.0,2.0
243586,,,,,,,,103.0,,54.0,,,,,,11.0,,5.0,2.0,1.0,,3.0,3.0,17.0,3.0,
243601,,,,,,,,976.0,,468.0,,,,,,90.0,2.0,19.0,1.0,2.0,,22.0,,285.0,,1.0
243638,,,,,,,,418.0,,99.0,4.0,18.0,,,,38.0,20.0,13.0,13.0,5.0,,86.0,,53.0,21.0,3.0
243647,,,,,,,,157.0,,31.0,6.0,,,,,22.0,5.0,4.0,9.0,,,25.0,1.0,23.0,9.0,
243665,,,,,,,,470.0,,124.0,24.0,44.0,,,,53.0,79.0,14.0,12.0,3.0,,54.0,3.0,19.0,14.0,1.0
243744,,,,,,,,17736.0,,3694.0,3151.0,,,,,1199.0,3452.0,2762.0,574.0,58.0,,694.0,,1363.0,366.0,
243780,,,,,,,,10541.0,,2136.0,486.0,220.0,,,,209.0,1496.0,1458.0,488.0,306.0,,1668.0,4.0,1201.0,428.0,84.0
243799,,,,,,,,11.0,,5.0,,,,,,2.0,,,1.0,0.0,,0.0,,2.0,,
243823,,,,,,,,255.0,,89.0,,,,,,46.0,12.0,14.0,5.0,4.0,,12.0,2.0,33.0,,
243832,,,,,,,,202.0,,44.0,,,,,,45.0,4.0,7.0,10.0,,,15.0,12.0,36.0,13.0,
243841,,,,,,,,64.0,,24.0,,,,,,12.0,3.0,3.0,2.0,,,,4.0,11.0,1.0,
244233,,,,,,,,62.0,,27.0,,,,,,11.0,2.0,1.0,6.0,,,,,9.0,2.0,
244279,,,,,,,,19.0,,11.0,,,,,,2.0,1.0,,,,,0.0,2.0,2.0,,
244437,,,,,,,,759.0,,564.0,,,,,,26.0,18.0,17.0,,4.0,,49.0,,55.0,16.0,
244446,,,,,,,,327.0,,159.0,,,,,,16.0,8.0,12.0,13.0,,,25.0,,25.0,,
244561,,,,,,,,12.0,,4.0,,,,,,2.0,2.0,,,,,,2.0,1.0,,
244613,,,,,,,,19.0,,10.0,,,,,,3.0,,,,,,,3.0,2.0,,
245069,,,,,,,,3.0,,1.0,,,,,,1.0,1.0,,,,,,,,,
245281,,,,,,,,5.0,,2.0,,,,,,1.0,1.0,,,,,,,0.0,,
245421,,,,,,,,5.0,,3.0,,,,,,2.0,,,,,,,,,,
245430,,,,,,,,9.0,,6.0,,,,,,,,,,,,,1.0,2.0,,
245625,,,,,,,,79.0,,43.0,1.0,2.0,,,,7.0,4.0,1.0,1.0,,,2.0,,8.0,,
245652,,,,,,,,150.0,,43.0,,,,,,31.0,3.0,4.0,4.0,0.0,,26.0,7.0,28.0,,1.0
245777,,,,,,,,5.0,,3.0,,,,,,0.0,,,,,,1.0,,,,
245838,,,,,,,,106.0,,72.0,,,,,,5.0,,,2.0,,,3.0,,20.0,,
245847,,,,,,,,57.0,,40.0,,,,,,2.0,,,4.0,,,0.0,,6.0,,
245865,,,,,,,,114.0,,78.0,,,,,,14.0,1.0,1.0,,,,5.0,,12.0,0.0,
245883,,,,,,,,95.0,,68.0,,,,,,7.0,1.0,,,,,2.0,,17.0,,
245892,,,,,,,,24.0,,19.0,,,,,,1.0,,,,,,2.0,,2.0,,
245953,,,,,,,,320.0,,184.0,,,,,,32.0,13.0,7.0,12.0,1.0,,3.0,,19.0,1.0,
245962,,,,,,,,45.0,,25.0,,,,,,5.0,3.0,,,,,2.0,6.0,3.0,,
245980,,,,,,,,3.0,,2.0,,,,,,,1.0,,,,,,,0.0,,
245999,,,,,,,,350.0,,33.0,,,,,,32.0,22.0,16.0,11.0,1.0,,27.0,,90.0,15.0,3.0
246017,,,,,,,,180.0,,66.0,,,,,,15.0,3.0,4.0,1.0,,,19.0,,23.0,7.0,19.0
246035,,,,,,,,15.0,,5.0,,,,,,4.0,,,,,,,,1.0,,
246071,,,,,,,,10.0,,7.0,,,,,,1.0,2.0,,,,,,,1.0,,
246345,,,,,,,,15.0,,7.0,,,,,,2.0,,,,,,,,1.0,,
246354,,,,,,,,452.0,,203.0,,,,,,14.0,13.0,12.0,11.0,,,13.0,,43.0,8.0,
246406,,,,,,,,8.0,,4.0,,,,,,,,,,,,,,2.0,1.0,
246415,,,,,,,,11.0,,3.0,,,,,,1.0,3.0,,,,,1.0,1.0,2.0,0.0,
246789,,,,,,,,22.0,,4.0,,,,,,5.0,1.0,1.0,0.0,,,3.0,,2.0,1.0,0.0
246813,,,,,,,,378.0,,207.0,,3.0,,,,15.0,17.0,22.0,2.0,,,32.0,,33.0,,0.0
246895,,,,,,,,74.0,,31.0,,,,,,1.0,,5.0,,,,3.0,,18.0,,
246974,,,,,,,,22.0,,8.0,,1.0,,,,4.0,,,,,,,,2.0,,
247010,,,,,,,,4.0,,2.0,,,,,,0.0,0.0,,,,,,,1.0,,
247047,,,,,,,,8.0,,3.0,,,,,,1.0,1.0,,,,,,2.0,0.0,,
247065,,,,,,,,32.0,,12.0,,,,,,3.0,4.0,1.0,,,,1.0,6.0,3.0,,
247083,,,,,,,,17.0,,,,,,,,11.0,2.0,,,,,,,4.0,,
247153,,,,,,,,34.0,,17.0,,,,,,5.0,,,,,,,,3.0,,
247162,,,,,,,,17.0,,10.0,,,,,,2.0,1.0,,,,,1.0,1.0,2.0,,
247409,,,,,,,,15.0,,7.0,,,,,,3.0,,,,,,,,1.0,,
247603,,,,,,,,223.0,,111.0,2.0,,,,,18.0,11.0,3.0,8.0,,,9.0,,32.0,3.0,
247649,,,,,,,,197.0,,74.0,4.0,,,,,33.0,7.0,9.0,9.0,2.0,,21.0,1.0,9.0,3.0,1.0
247700,,,,,,,,3.0,,3.0,,,,,,,,,,,,,,,,
247737,,,,,,,,65.0,,,,,,,,18.0,6.0,2.0,,,,,,4.0,,
247773,,,,,,,,9.0,,6.0,,,,,,1.0,1.0,,,,,1.0,,0.0,,
247825,,,,,,,,11.0,,3.0,,,,,,1.0,1.0,,,,,,,5.0,,
247834,,,,,,,,1600.0,,770.0,,,,,,98.0,34.0,78.0,53.0,,,64.0,,183.0,25.0,1.0
247940,,,,,,,,238.0,,114.0,,,,,,22.0,6.0,5.0,23.0,,,14.0,,32.0,,
248192,,,,,,,,2.0,,1.0,,,,,,,1.0,,,,,,,,,
248305,,,,,,,,9.0,,6.0,,,,,,1.0,,,,,,,,1.0,,
248527,,,,,,,,7.0,,2.0,,,,,,2.0,,,,,,1.0,,2.0,,
248606,,,,,,,,246.0,,10.0,,,,,,17.0,7.0,8.0,4.0,5.0,,20.0,,101.0,10.0,10.0
248624,,,,,,,,6.0,,4.0,,,,,,1.0,0.0,,,,,,,1.0,,
248633,,,,,,,,6.0,,4.0,,,,,,1.0,,,,,,,,1.0,,
248660,,,,,,,,20.0,,7.0,,,,,,6.0,2.0,,,,,,4.0,1.0,,
248703,,,,,,,,14.0,,8.0,,,,,,1.0,,,,,,,,,,
248846,,,,,,,,18.0,,5.0,,,,,,4.0,2.0,,2.0,0.0,,,0.0,4.0,,
248925,,,,,,,,80.0,,49.0,,,,,,8.0,1.0,1.0,,,,8.0,,13.0,,
248934,,,,,,,,1287.0,,628.0,2.0,,,,,97.0,9.0,40.0,21.0,,,6.0,,64.0,,
249140,,,,,,,,16.0,,4.0,,,,,,6.0,,,,,,,,3.0,,
249238,,,,,,,,36.0,,18.0,,,,,,2.0,,,,,,,7.0,8.0,1.0,
249566,,,,,,,,34.0,,18.0,,,,,,3.0,1.0,,,1.0,,,3.0,1.0,1.0,
249609,,,,,,,,19.0,,14.0,,,,,,3.0,,0.0,,,,,,2.0,,
250027,,,,,,,,42.0,,23.0,,,,,,5.0,3.0,,,,,,,3.0,1.0,
250285,,,,,,,,44.0,,22.0,,,,,,6.0,,,,,,,,16.0,,
250601,,,,,,,,35.0,,19.0,,,,,,6.0,,1.0,,,,,,3.0,,
250744,,,,,,,,65.0,,29.0,,,,,,9.0,,,,,,,,5.0,,
250902,,,,,,,,6.0,,4.0,,,,,,1.0,1.0,,,,,,,,,
250993,,,,,,,,59.0,,23.0,,,,,,4.0,,,,,,10.0,,10.0,,
251260,,,,,,,,293.0,,165.0,,,,,,7.0,9.0,6.0,4.0,,,33.0,,60.0,,
251312,,,,,,,,117.0,,63.0,,,,,,22.0,6.0,1.0,1.0,,,,,21.0,,
260336,,,,,,,,9.0,,3.0,,,,,,1.0,,,,,,,,2.0,1.0,
260363,,,,,,,,4.0,,2.0,,,,,,1.0,,,,,,,,1.0,,
260372,,,,,,,,55.0,,19.0,,2.0,,,,13.0,1.0,1.0,,,,1.0,,1.0,4.0,
260664,,,,,,,,22.0,,14.0,,,,,,2.0,,,3.0,,,,,3.0,,
260691,,,,,,,,91.0,,59.0,,,,,,3.0,,,,,,,,19.0,,
260789,,,,,,,,75.0,,32.0,,,,,,13.0,,,,,,,,6.0,,
260813,,,,,,,,42.0,,22.0,,,,,,4.0,5.0,1.0,,4.0,,,3.0,1.0,,
260901,,,,,,,,3.0,,1.0,,,,,,,,,,,,,,,,
260910,,,,,,,,4.0,,3.0,,,,,,,,,,,,,,,,
260929,,,,,,,,31.0,,16.0,,,,,,2.0,,,,,,,6.0,5.0,2.0,
260965,,,,,,,,9.0,,5.0,,,,,,1.0,,,,,,,,3.0,,
260992,,,,,,,,90.0,,32.0,,,,,,27.0,7.0,2.0,,,,,7.0,13.0,,
261436,,,,,,,,156.0,,45.0,,,,,,19.0,32.0,2.0,,,,,19.0,14.0,6.0,
261676,,,,,,,,14.0,,6.0,,,,,,1.0,,,,,,,,2.0,,
261685,,,,,,,,14.0,,8.0,,,,,,2.0,,,,,,,,1.0,,
261719,,,,,,,,25.0,,8.0,,,,,,3.0,,,,,,,,9.0,,
261773,,,,,,,,20.0,,13.0,,,,,,2.0,,,1.0,,,,,3.0,1.0,
261861,,,,,,,,14.0,,6.0,,,,,,3.0,1.0,,,,,,2.0,1.0,0.0,
262022,,,,,,,,16.0,,9.0,,,,,,,,,,,,,,3.0,,
262031,,,,,,,,542.0,,197.0,,,,,,36.0,11.0,20.0,27.0,1.0,,65.0,5.0,72.0,12.0,
262086,,,,,,,,759.0,,315.0,,,,,,100.0,49.0,29.0,120.0,,,,23.0,28.0,,
262129,,,,,,,,318.0,,100.0,,,,,,22.0,19.0,30.0,22.0,,,38.0,,61.0,14.0,
262341,,,,,,,,64.0,,25.0,,,,,,5.0,4.0,,4.0,,,,,11.0,2.0,
262369,,,,,,,,10.0,,6.0,,,,,,1.0,0.0,,,,,,,2.0,,
262402,,,,,,,,12.0,,5.0,,,,,,1.0,,,,,,1.0,,5.0,0.0,
262466,,,,,,,,23.0,,9.0,,,,,,2.0,4.0,,,,,,,1.0,,
362700,,,,,,,,26.0,,12.0,,,,,,2.0,2.0,,,,,,5.0,3.0,0.0,
362782,,,,,,,,24.0,,13.0,,,,,,2.0,3.0,,,,,,0.0,4.0,,
363013,,,,,,,,9.0,,3.0,,,,,,3.0,,,,,,,,,,
363077,,,,,,,,13.0,,10.0,,,,,,,,,,,,,1.0,1.0,,
363147,,,,,,,,10.0,,6.0,,,,,,2.0,,,,,,,,,,
363165,,,,,,,,339.0,,111.0,,,,,,29.0,24.0,8.0,23.0,,,14.0,,47.0,7.0,24.0
363439,,,,,,,,32.0,,7.0,,,,,,5.0,,,,,,,,17.0,1.0,
363633,,,,,,,,145.0,,47.0,,,,,,23.0,9.0,5.0,13.0,2.0,,16.0,1.0,19.0,1.0,1.0
363679,,,,,,,,21.0,,10.0,,,,,,4.0,,,,,,3.0,1.0,3.0,,
363712,,,,,,,,5.0,,5.0,,,,,,,,,,,,,,,,
363721,,,,,,,,66.0,,35.0,,,,,,5.0,4.0,3.0,2.0,,,,,6.0,,
363882,,,,,,,,5.0,,3.0,,,,,,1.0,,,,,,,,,,
363907,,,,,,,,69.0,,51.0,,,,,,2.0,,2.0,1.0,,,,1.0,7.0,,
363916,,,,,,,,30.0,,17.0,,,,,,1.0,,1.0,1.0,,,,1.0,5.0,,
363934,,,,,,,,97.0,,41.0,,,,,,6.0,7.0,2.0,2.0,,,3.0,,3.0,,
364016,,,,,,,,427.0,,230.0,,,,,,26.0,4.0,25.0,11.0,,,23.0,,63.0,2.0,
364025,,,,,,,,582.0,,289.0,,,,,,30.0,5.0,36.0,14.0,1.0,,58.0,,70.0,4.0,
364122,,,,,,,,1.0,,1.0,,,,,,,,,,,,,,,,
364168,,,,,,,,4.0,,1.0,,,,,,1.0,,1.0,,,,,,,1.0,
364548,,,,,,,,213.0,,110.0,,,,,,17.0,5.0,8.0,,,,25.0,,23.0,,
364575,,,,,,,,28.0,,20.0,,,,,,2.0,1.0,,,,,,,2.0,3.0,
364627,,,,,,,,93.0,,35.0,,,,,,14.0,4.0,2.0,2.0,1.0,,7.0,,10.0,8.0,
364636,,,,,,,,10.0,,7.0,,,,,,,,,,,,,,,,
364751,,,,,,,,14.0,,5.0,,,,,,3.0,3.0,,,,,1.0,1.0,1.0,,
364760,,,,,,,,7.0,,3.0,,,,,,1.0,1.0,,,,,,1.0,0.0,,
364946,,,,,,,,104.0,,30.0,,,,,,5.0,6.0,3.0,,,,17.0,1.0,16.0,10.0,10.0
364964,,,,,,,,8.0,,5.0,,,,,,,0.0,,,,,,,1.0,,
365091,,,,,,,,36.0,,13.0,,,,,,4.0,1.0,,,,,1.0,2.0,7.0,,
365125,,,,,,,,17.0,,10.0,,,,,,3.0,,,,,,,,1.0,,
365198,,,,,,,,91.0,,31.0,,,,,,9.0,1.0,4.0,1.0,0.0,,9.0,5.0,16.0,5.0,6.0
365204,,,,,,,,641.0,,242.0,,,,,,114.0,56.0,7.0,,,,,76.0,47.0,10.0,
365213,,,,,,,,104.0,,29.0,,,,,,11.0,1.0,4.0,7.0,,,11.0,,15.0,,
365240,,,,,,,,16.0,,13.0,,,,,,1.0,,,,,,,,1.0,,
365374,,,,,,,,264.0,,35.0,,,,,,27.0,5.0,8.0,13.0,,,29.0,,35.0,7.0,0.0
365383,,,,,,,,14.0,,11.0,,,,,,1.0,1.0,,,,,,,1.0,,
365480,,,,,,,,133.0,,9.0,,,,,,10.0,11.0,5.0,7.0,,,27.0,,19.0,,8.0
365505,,,,,,,,43.0,,27.0,,,,,,,3.0,2.0,3.0,4.0,,,,3.0,,
365693,,,,,,,,18.0,,9.0,,,,,,2.0,3.0,,,,,,1.0,3.0,,
365763,,,,,,,,3.0,,3.0,,,,,,,,,,,,,,,,
365824,,,,,,,,16.0,,8.0,,,,,,3.0,,,,,,,,1.0,,
365833,,,,,,,,17.0,,9.0,,,,,,3.0,,,,,,,,1.0,,
366003,,,,,,,,44.0,,26.0,,,,,,4.0,3.0,0.0,,,,,4.0,2.0,,
366155,,,,,,,,2.0,,1.0,,,,,,,,,,,,,,1.0,,
366191,,,,,,,,57.0,,25.0,,,,,,7.0,21.0,1.0,,,,,,2.0,1.0,
366252,,,,,,,,1037.0,,344.0,,,,,,82.0,44.0,55.0,59.0,15.0,,208.0,7.0,126.0,45.0,10.0
366261,,,,,,,,13.0,,7.0,,,,,,1.0,1.0,,,0.0,,,,3.0,,
366270,,,,,,,,32.0,,17.0,,,,,,2.0,2.0,,,,,,5.0,4.0,1.0,
366289,,,,,,,,20.0,,5.0,,,,,,2.0,,,,,,,5.0,3.0,,
366340,,,,,,,,63.0,,10.0,1.0,2.0,,,,12.0,1.0,1.0,,,,10.0,,7.0,,1.0
366368,,,,,,,,57.0,,25.0,,,,,,11.0,3.0,,1.0,,,7.0,,3.0,,
366395,,,,,,,,1611.0,,764.0,,,,,,124.0,14.0,20.0,31.0,5.0,,170.0,,177.0,50.0,16.0
366401,,,,,,,,321.0,,209.0,,,,,,18.0,11.0,8.0,14.0,,,,,54.0,,
366438,,,,,,,,10.0,,7.0,,,,,,1.0,,,,,,1.0,,1.0,,
366465,,,,,,,,175.0,,81.0,,,,,,17.0,13.0,6.0,15.0,,,17.0,,23.0,,
366535,,,,,,,,54.0,,27.0,,,,,,10.0,1.0,1.0,,,,2.0,4.0,6.0,,
366553,,,,,,,,136.0,,79.0,,,,,,7.0,1.0,1.0,,,,2.0,,5.0,,
366571,,,,,,,,3.0,,2.0,,,,,,1.0,,,,,,,,0.0,,
366605,,,,,,,,14.0,,6.0,,,,,,2.0,1.0,,,,,,,1.0,,
366623,,,,,,,,42.0,,19.0,,,,,,4.0,1.0,2.0,,,,,,2.0,6.0,
366632,,,,,,,,2.0,,1.0,,,,,,1.0,,,,,,,,,,
366711,,,,,,,,1336.0,,547.0,,,,,,72.0,156.0,104.0,154.0,13.0,,45.0,,143.0,34.0,13.0
366793,,,,,,,,12.0,,7.0,,,,,,1.0,2.0,,,,,0.0,,1.0,,
367024,,,,,,,,22.0,,15.0,,,,,,3.0,,,,,,,,1.0,,
367051,,,,,,,,9.0,,5.0,,,,,,1.0,2.0,,,,,,,,,
367088,,,,,,,,11.0,,6.0,,,,,,1.0,,,,,,,,1.0,,
367103,,,,,,,,8.0,,4.0,,,,,,2.0,,,,,,,2.0,0.0,,
367112,,,,,,,,48.0,,29.0,,,,,,5.0,1.0,,,0.0,,0.0,7.0,4.0,,
367158,,,,,,,,12.0,,5.0,,,,,,2.0,,,,,,,,1.0,,
367334,,,,,,,,32.0,,12.0,,,,,,4.0,4.0,,,,,1.0,3.0,2.0,2.0,
367361,,,,,,,,13.0,,0.0,,,,,,2.0,3.0,,,,,,2.0,6.0,,
367431,,,,,,,,3.0,,2.0,,,,,,,,,,,,,,1.0,,
367459,,,,,,,,548.0,,266.0,,,,,,49.0,41.0,27.0,21.0,,,31.0,1.0,53.0,9.0,1.0
367875,,,,,,,,62.0,,32.0,,,,,,4.0,1.0,1.0,,,,6.0,,7.0,,
367884,,,,,,,,153.0,,73.0,,,,,,21.0,2.0,4.0,,,,,1.0,8.0,2.0,
367954,,,,,,,,523.0,,281.0,,,,,,75.0,15.0,19.0,,,,,,121.0,4.0,
367972,,,,,,,,14.0,,8.0,,,,,,2.0,1.0,,,,,,,2.0,,
367981,,,,,,,,6.0,,4.0,,,,,,2.0,,,,,,,,1.0,,
368036,,,,,,,,8.0,,5.0,,,,,,,1.0,,,,,,,1.0,,
368230,,,,,,,,7.0,,5.0,,,,,,1.0,,,,,,,,1.0,,
368364,,,,,,,,50.0,,24.0,,,,,,4.0,4.0,1.0,2.0,,,,,5.0,3.0,2.0
368407,,,,,,,,8.0,,4.0,,,,,,1.0,1.0,,,,,,,2.0,,
368443,,,,,,,,103.0,,51.0,,,,,,15.0,12.0,,,,,1.0,,3.0,1.0,
368452,,,,,,,,41.0,,15.0,,,,,,3.0,3.0,,,,,,7.0,10.0,,0.0
368540,,,,,,,,3.0,,1.0,,,,,,1.0,,,,,,,1.0,,,
368629,,,,,,,,64.0,,36.0,,,,,,3.0,,,,,,,,18.0,,
368647,,,,,,,,8.0,,3.0,,,,,,2.0,,,,,,2.0,,1.0,,
368771,,,,,,,,18.0,,5.0,,,,,,3.0,,,,,,,,7.0,,
368780,,,,,,,,26.0,,6.0,2.0,,,,,,,,,,,1.0,5.0,12.0,,
368832,,,,,,,,5.0,,2.0,,,,,,1.0,1.0,,,,,,,1.0,,
368911,,,,,,,,189.0,,92.0,,,,,,24.0,9.0,4.0,1.0,,,32.0,,8.0,,
369002,,,,,,,,41.0,,23.0,,2.0,,,,2.0,2.0,,2.0,,,,,4.0,1.0,
369109,,,,,,,,13.0,,6.0,,,,,,3.0,,,,,,,,3.0,,
369400,,,,,,,,126.0,,60.0,,,,,,12.0,47.0,1.0,,,,,,2.0,4.0,
369419,,,,,,,,97.0,,62.0,,,,,,3.0,,,0.0,,,20.0,,10.0,,
369446,,,,,,,,3.0,,2.0,,,,,,,,,,,,,,0.0,,
369455,,,,,,,,12.0,,6.0,,,,,,3.0,1.0,,,,,,,2.0,,
369516,,,,,,,,42.0,,20.0,,,,,,4.0,,,,,,,,1.0,,
369659,,,,,,,,83.0,,27.0,0.0,,,,,21.0,,1.0,1.0,1.0,,1.0,,7.0,,
369668,,,,,,,,30.0,,20.0,,,,,,5.0,3.0,,,,,,,2.0,,
369686,,,,,,,,18.0,,8.0,,,,,,2.0,1.0,,,,,1.0,1.0,3.0,,
369695,,,,,,,,7.0,,4.0,,,,,,1.0,,,,,,,,1.0,,
369783,,,,,,,,41.0,,15.0,,,,,,9.0,,,,,,,,2.0,0.0,
369905,,,,,,,,37.0,,16.0,,,,,,5.0,1.0,1.0,8.0,,,,1.0,2.0,,
369950,,,,,,,,19.0,,9.0,,,,,,2.0,1.0,,,,,1.0,,1.0,1.0,
371034,,,,,,,,3.0,,1.0,,,,,,1.0,,,,,,,,1.0,,
371052,,,,,,,,35.0,,17.0,,,,,,11.0,4.0,,,,,,,1.0,1.0,
371690,,,,,,,,53.0,,31.0,,,,,,2.0,2.0,1.0,,,,,,12.0,1.0,
371830,,,,,,,,14.0,,4.0,,,,,,1.0,1.0,1.0,,,,3.0,,4.0,,
371928,,,,,,,,17.0,,6.0,,,,,,7.0,1.0,,,,,,1.0,1.0,,
371964,,,,,,,,28.0,,13.0,,,,,,2.0,1.0,,,,,0.0,,2.0,,
372028,,,,,,,,10.0,,3.0,,,,,,1.0,1.0,,,,,,,1.0,,
372073,,,,,,,,53.0,,17.0,,,,,,2.0,3.0,2.0,2.0,,,,,2.0,,
372082,,,,,,,,41.0,,17.0,,,,,,4.0,1.0,1.0,3.0,2.0,,,,1.0,,
372240,,,,,,,,3.0,,2.0,,,,,,1.0,,,,,,,,,,
372329,,,,,,,,77.0,,36.0,,,,,,3.0,4.0,,,,,2.0,6.0,17.0,,
372356,,,,,,,,8.0,,3.0,,,,,,1.0,1.0,,,,,,2.0,1.0,,
372462,,,,,,,,12.0,,8.0,,,,,,3.0,1.0,,,,,,,,,
372718,,,,,,,,20.0,,12.0,,,,,,1.0,1.0,,,,,,4.0,1.0,,
372921,,,,,,,,51.0,,25.0,,,,,,8.0,4.0,,2.0,1.0,,,,10.0,,
372958,,,,,,,,38.0,,19.0,,,,,,8.0,1.0,2.0,,,,,4.0,3.0,,
373085,,,,,,,,17.0,,7.0,,,,,,3.0,,,,,,,,2.0,,
373216,,,,,,,,10.0,,6.0,,,,,,1.0,0.0,,,,,,0.0,,,
373456,,,,,,,,9.0,,2.0,,,,,,2.0,2.0,,,,,,,1.0,,
373526,,,,,,,,38.0,,26.0,,,,,,3.0,,,5.0,,,,,4.0,,
373678,,,,,,,,16.0,,10.0,,,,,,2.0,1.0,,,,,,1.0,2.0,,
373696,,,,,,,,16.0,,8.0,,,,,,3.0,1.0,,,,,,,4.0,,
373711,,,,,,,,8.0,,6.0,,,,,,1.0,,,,,,,,1.0,,
373784,,,,,,,,49.0,,22.0,,,,,,9.0,4.0,,2.0,,,,,10.0,1.0,
374024,,,,,,,,46.0,,28.0,,,,,,3.0,5.0,2.0,1.0,,,,1.0,5.0,,
374316,,,,,,,,7.0,,3.0,,,,,,,,,,,,,,4.0,,
374343,,,,,,,,6.0,,4.0,,,,,,1.0,1.0,,,,,,,,,
374574,,,,,,,,49.0,,24.0,,,,,,14.0,,1.0,,,,1.0,,6.0,,1.0
374592,,,,,,,,5.0,,5.0,,,,,,,,,,,,,,,,
374927,,,,,,,,3.0,,2.0,,,,,,,,,,,,,,1.0,,
374972,,,,,,,,42.0,,23.0,,,,,,4.0,2.0,,8.0,,,1.0,,2.0,,
374990,,,,,,,,4.0,,2.0,,,,,,1.0,,,,,,,,1.0,,
375106,,,,,,,,14.0,,6.0,,,,,,1.0,,,,,,,2.0,3.0,2.0,
375230,,,,,,,,11.0,,8.0,,,,,,1.0,0.0,,,,,1.0,,0.0,,
375373,,,,,,,,28.0,,15.0,,,,,,7.0,,,,,,,,4.0,,
375407,,,,,,,,17.0,,10.0,,,,,,2.0,,,,,,,,3.0,,
375416,,,,,,,,78.0,,41.0,,,,,,13.0,2.0,1.0,,,,6.0,5.0,8.0,,
375540,,,,,,,,11.0,,3.0,,,,,,2.0,2.0,,,,,,,3.0,,
375568,,,,,,,,4.0,,2.0,,,,,,,,,,,,,,,,
375656,,,,,,,,28.0,,10.0,,,,,,3.0,,1.0,1.0,2.0,,3.0,,8.0,,
375683,,,,,,,,104.0,,35.0,,,,,,14.0,4.0,4.0,,3.0,,6.0,2.0,7.0,7.0,7.0
375726,,,,,,,,240.0,,126.0,,,,,,,,,1.0,,,,18.0,46.0,31.0,
375939,,,,,,,,19.0,,17.0,,,,,,1.0,,,,,,,,,,
375966,,,,,,,,16.0,,10.0,,,,,,1.0,0.0,,,3.0,,,,2.0,,
375984,,,,,,,,17.0,,10.0,,,,,,2.0,,,,,,,,1.0,1.0,
376224,,,,,,,,58.0,,14.0,,,,,,19.0,11.0,,2.0,,,3.0,2.0,6.0,,
376242,,,,,,,,18.0,,4.0,,,,,,3.0,,,,,,,,2.0,1.0,
376288,,,,,,,,11.0,,2.0,,,,,,1.0,1.0,,,,,2.0,1.0,1.0,1.0,0.0
376321,,,,,,,,157.0,,41.0,,,,,,27.0,3.0,3.0,5.0,,,,25.0,31.0,1.0,2.0
376330,,,,,,,,31.0,,17.0,,,,,,6.0,1.0,,0.0,,,1.0,,3.0,,
376385,,,,,,,,82.0,,44.0,,,,,,9.0,1.0,1.0,2.0,0.0,,6.0,2.0,15.0,,
376446,,,,,,,,7.0,,4.0,,,,,,1.0,1.0,,,,,,,1.0,,
376631,,,,,,,,5.0,,2.0,,,,,,1.0,1.0,0.0,,,,,,1.0,,
376677,,,,,,,,13.0,,8.0,,,,,,1.0,1.0,,,,,,1.0,1.0,,
376695,,,,,,,,208.0,,82.0,7.0,8.0,,,,19.0,9.0,8.0,3.0,4.0,,24.0,1.0,10.0,11.0,2.0
377111,,,,,,,,70.0,,35.0,,,,,,16.0,2.0,,,,,2.0,5.0,9.0,,
377193,,,,,,,,12.0,,3.0,,,,,,1.0,4.0,,,,,0.0,1.0,3.0,,
377218,,,,,,,,23.0,,12.0,,,,,,2.0,1.0,,,,,,2.0,6.0,,
377272,,,,,,,,14.0,,3.0,,,,,,2.0,3.0,,,,,,3.0,1.0,2.0,
377281,,,,,,,,20.0,,6.0,,,,,,4.0,3.0,,,,,,3.0,2.0,1.0,
377315,,,,,,,,9.0,,5.0,,,,,,2.0,1.0,,,,,,,1.0,,
377342,,,,,,,,72.0,,21.0,,,,,,11.0,6.0,,,,,,21.0,4.0,,
377449,,,,,,,,31.0,,14.0,,,,,,6.0,,,,,,,,11.0,,
377458,,,,,,,,36.0,,14.0,,,,,,3.0,,,,,,,,18.0,,
377485,,,,,,,,6.0,,4.0,,,,,,1.0,,,,,,,,1.0,,
377546,,,,,,,,17.0,,3.0,,,,,,3.0,1.0,1.0,,,,,3.0,3.0,1.0,
377555,,,,,,,,633.0,,258.0,15.0,,,,,30.0,63.0,34.0,12.0,,,45.0,,50.0,14.0,1.0
377564,,,,,,,,596.0,,301.0,12.0,,,,,30.0,40.0,27.0,12.0,,,16.0,0.0,46.0,15.0,1.0
377643,,,,,,,,6.0,,5.0,,,,,,,,,,,,,,1.0,,
377652,,,,,,,,14.0,,3.0,,,,,,1.0,3.0,,2.0,,,,2.0,2.0,0.0,
377661,,,,,,,,28.0,,5.0,,,,,,2.0,2.0,,6.0,,,,3.0,2.0,0.0,
377670,,,,,,,,8.0,,1.0,,,,,,1.0,1.0,,1.0,,,,1.0,2.0,0.0,
377722,,,,,,,,51.0,,21.0,,,,,,9.0,1.0,,,,,,2.0,10.0,1.0,
377759,,,,,,,,5.0,,2.0,,,,,,1.0,0.0,,,,,1.0,,,,
378105,,,,,,,,20.0,,10.0,,,,,,2.0,1.0,,,,,,,1.0,,
378576,,,,,,,,89.0,,35.0,,,,,,7.0,1.0,4.0,,,,3.0,,39.0,,
378886,,,,,,,,14.0,,7.0,,,,,,2.0,1.0,,,,,0.0,1.0,3.0,,
378956,,,,,,,,111.0,,39.0,,,,,,29.0,7.0,2.0,,,,,9.0,22.0,,
379621,,,,,,,,6.0,,3.0,,,,,,1.0,0.0,,,,,,,1.0,,
379746,,,,,,,,9.0,,4.0,,,,,,1.0,,,,,,,,,,
379782,,,,,,,,20.0,,8.0,,,,,,6.0,1.0,,,,,,,3.0,,
380067,,,,,,,,9.0,,2.0,,,,,,3.0,,,,,,,,1.0,2.0,
380359,,,,,,,,84.0,,32.0,,,,,,19.0,4.0,4.0,5.0,,,0.0,,10.0,3.0,2.0
380368,,,,,,,,90.0,,41.0,,,,,,5.0,4.0,2.0,4.0,,,2.0,2.0,8.0,3.0,
380377,,,,,,,,168.0,,44.0,2.0,,,,,39.0,5.0,5.0,4.0,,,14.0,,24.0,,
380438,,,,,,,,36.0,,21.0,,,,,,2.0,4.0,,,,,1.0,2.0,2.0,,
380456,,,,,,,,14.0,,6.0,,,,,,1.0,,,,,,,2.0,3.0,1.0,
380465,,,,,,,,27.0,,20.0,,,,,,4.0,1.0,,,,,,,2.0,,
380474,,,,,,,,19.0,,8.0,,,,,,2.0,2.0,,,,,0.0,2.0,3.0,,
381255,,,,,,,,13.0,,6.0,,,,,,2.0,,,,,,1.0,,,,
381282,,,,,,,,13.0,,5.0,,,,,,1.0,,,,,,1.0,3.0,,,
381325,,,,,,,,17.0,,8.0,,,,,,1.0,,,1.0,,,,3.0,1.0,,
381352,,,,,,,,26.0,,11.0,,,,,,2.0,1.0,0.0,,,,,1.0,5.0,,
381361,,,,,,,,12.0,,10.0,,,,,,0.0,0.0,,,,,,,,,
381370,,,,,,,,21.0,,12.0,,,,,,1.0,1.0,,,,,0.0,3.0,1.0,,
381404,,,,,,,,20.0,,8.0,,,,,,2.0,,,,,,,,,,
381459,,,,,,,,33.0,,8.0,,,,,,5.0,5.0,,,,,1.0,,2.0,,
381486,,,,,,,,5.0,,3.0,,,,,,1.0,1.0,,,,,,,,,
381732,,,,,,,,21.0,,7.0,,,,,,3.0,1.0,0.0,,3.0,,,2.0,3.0,,
381866,,,,,,,,10.0,,5.0,,,,,,1.0,1.0,,,,,,,1.0,,
382063,,,,,,,,10.0,,8.0,,,,,,2.0,,,,,,,,,,
382258,,,,,,,,23.0,,15.0,,,,,,1.0,1.0,1.0,,,,,,2.0,,
382267,,,,,,,,7.0,,4.0,,,,,,1.0,1.0,,,,,,,,,
382416,,,,,,,,10.0,,7.0,,,,,,1.0,0.0,,,,,,,2.0,,
382461,,,,,,,,4.0,,3.0,,,,,,,,,,,,,,1.0,,
382780,,,,,,,,23.0,,11.0,,,,,,1.0,3.0,0.0,,,,,,2.0,,
382902,,,,,,,,8.0,,5.0,,,,,,1.0,1.0,,,,,,,1.0,,
382957,,,,,,,,44.0,,26.0,,,,,,6.0,2.0,,,,,,,6.0,,
383020,,,,,,,,11.0,,4.0,,,,,,2.0,0.0,,,,,,,1.0,,
383084,,,,,,,,54.0,,23.0,,,,,,8.0,1.0,1.0,,1.0,,,,11.0,6.0,
383163,,,,,,,,24.0,,11.0,,,,,,4.0,3.0,,,,,,1.0,3.0,2.0,
383190,,,,,,,,248.0,,111.0,,,,,,10.0,7.0,7.0,25.0,,,24.0,1.0,30.0,2.0,
383279,,,,,,,,19.0,,12.0,,,,,,,,,,,,,2.0,3.0,2.0,
383297,,,,,,,,21.0,,12.0,,,,,,1.0,1.0,,,,,,1.0,1.0,,
383312,,,,,,,,18.0,,11.0,,,,,,2.0,1.0,,0.0,,,,,3.0,,
383330,,,,,,,,34.0,,29.0,,,,,,1.0,,,,,,,,2.0,,
383367,,,,,,,,85.0,,43.0,,,,,,5.0,,2.0,3.0,,,11.0,,12.0,,
383464,,,,,,,,18.0,,10.0,,,,,,3.0,1.0,,,,,,,3.0,,
383525,,,,,,,,17.0,,9.0,,,,,,3.0,1.0,,,,,,,4.0,,
383765,,,,,,,,10.0,,6.0,,,,,,1.0,,,,,,,,1.0,,
383792,,,,,,,,9.0,,5.0,,,,,,2.0,,,,,,0.0,,1.0,1.0,
383950,,,,,,,,38.0,,16.0,,,,,,8.0,1.0,1.0,,,,1.0,3.0,3.0,1.0,
383996,,,,,,,,59.0,,15.0,,,,,,4.0,6.0,2.0,2.0,,,3.0,,9.0,,
384236,,,,,,,,37.0,,14.0,,,,,,5.0,1.0,,,,,0.0,,17.0,,
384245,,,,,,,,40.0,,17.0,,,,,,6.0,1.0,,,,,0.0,,16.0,,
384254,,,,,,,,119.0,,45.0,,,,,,23.0,4.0,2.0,3.0,2.0,,6.0,6.0,6.0,,5.0
384306,,,,,,,,22.0,,9.0,,,,,,6.0,1.0,,,,,,2.0,4.0,,
384333,,,,,,,,433.0,,231.0,,,,,,27.0,9.0,27.0,2.0,,,20.0,,49.0,4.0,
384342,,,,,,,,355.0,,155.0,,,,,,65.0,16.0,13.0,19.0,0.0,,15.0,,35.0,6.0,
384412,,,,,,,,30.0,,1.0,,,,,,3.0,1.0,,,,,,3.0,8.0,,
384421,,,,,,,,12.0,,5.0,,,,,,1.0,2.0,,,,,3.0,,1.0,,
385132,,,,,,,,14.0,,7.0,,,,,,2.0,3.0,,,,,,,1.0,0.0,
385503,,,,,,,,34.0,,17.0,,,,,,6.0,1.0,,,,,,4.0,1.0,0.0,
385549,,,,,,,,10.0,,5.0,,,,,,2.0,,,,,,,1.0,2.0,,
385619,,,,,,,,240.0,,109.0,,,,,,44.0,20.0,,,,,0.0,,62.0,,
386153,,,,,,,,25.0,,15.0,,,,,,5.0,1.0,,,,,,,4.0,,
386472,,,,,,,,40.0,,22.0,,,,,,1.0,,2.0,,,,1.0,,3.0,,
387925,,,,,,,,14.0,,6.0,,,,,,2.0,1.0,,,,,,2.0,1.0,,
388043,,,,,,,,30.0,,5.0,,,,,,2.0,,,,,,,11.0,11.0,1.0,
388520,,,,,,,,64.0,,23.0,,,,,,12.0,2.0,3.0,9.0,,,1.0,,10.0,,
388663,,,,,,,,13.0,,8.0,,,,,,1.0,1.0,,,,,,,2.0,,
389860,,,,,,,,51.0,,39.0,,,,,,3.0,1.0,,,,,,,3.0,,
390905,,,,,,,,46.0,,32.0,,,,,,3.0,1.0,0.0,,,,1.0,,2.0,,
391005,,,,,,,,17.0,,5.0,,,,,,3.0,2.0,,,,,,,4.0,2.0,
391546,,,,,,,,10.0,,4.0,,,,,,2.0,1.0,,,,,,1.0,1.0,,
391759,,,,,,,,5.0,,2.0,,,,,,1.0,1.0,,,,,,,,,
392257,,,,,,,,132.0,,60.0,,,,,,14.0,,,,,,,,3.0,,
392354,,,,,,,,12.0,,10.0,,,,,,2.0,,,,,,,,,,
392415,,,,,,,,25.0,,10.0,,,,,,5.0,2.0,,0.0,,,,,7.0,,
392840,,,,,,,,56.0,,24.0,,,,,,11.0,2.0,3.0,,,,3.0,,10.0,,
393524,,,,,,,,12.0,,5.0,,,,,,2.0,1.0,,,,,1.0,,1.0,,
393649,,,,,,,,56.0,,20.0,,,,,,5.0,1.0,,,,,1.0,,29.0,,
393861,,,,,,,,31.0,,5.0,,,,,,9.0,2.0,,,,,2.0,4.0,8.0,,
395362,,,,,,,,154.0,,79.0,,,,,,13.0,5.0,5.0,1.0,,,11.0,,7.0,,
395690,,,,,,,,43.0,,8.0,,,,,,1.0,0.0,,,,,5.0,17.0,2.0,,
397942,,,,,,,,61.0,,22.0,,,,,,7.0,1.0,,,,,0.0,,31.0,,
398130,,,,,,,,35.0,,13.0,,,,,,5.0,5.0,3.0,,,,,4.0,4.0,1.0,
399212,,,,,,,,442.0,,260.0,,,,,,18.0,13.0,9.0,38.0,,,28.0,,60.0,,
399869,,,,,,,,44.0,,23.0,,,,,,5.0,4.0,1.0,,,,2.0,,4.0,,
399911,,,,,,,,214.0,,60.0,,,,,,33.0,10.0,10.0,28.0,3.0,,22.0,2.0,31.0,,3.0
400080,,,,,,,,123.0,,46.0,,,,,,16.0,10.0,4.0,,,,,12.0,25.0,2.0,
400187,,,,,,,,26.0,,13.0,,,,,,3.0,1.0,,,,,,2.0,2.0,,
401223,,,,,,,,18.0,,6.0,,,,,,3.0,2.0,1.0,,,,,,0.0,,
401250,,,,,,,,34.0,,13.0,,,,,,1.0,,,,2.0,,,1.0,8.0,,
401481,,,,,,,,3.0,,2.0,,,,,,1.0,,,,,,0.0,,,,
401764,,,,,,,,26.0,,15.0,,,,,,1.0,4.0,,0.0,,,0.0,2.0,1.0,,
402563,,,,,,,,28.0,,14.0,,,,,,5.0,,,,,,,3.0,4.0,,
402776,,,,,,,,18.0,,5.0,,1.0,,,,1.0,1.0,1.0,,,,3.0,1.0,2.0,1.0,
402800,,,,,,,,24.0,,11.0,,,,,,3.0,2.0,,,,,1.0,2.0,4.0,1.0,
403469,,,,,,,,67.0,,30.0,,,,,,4.0,3.0,1.0,11.0,,,3.0,,10.0,,
403478,,,,,,,,70.0,,28.0,,,,,,2.0,2.0,1.0,16.0,,,6.0,3.0,8.0,1.0,
403487,,,,,,,,95.0,,41.0,,,,,,4.0,7.0,1.0,16.0,,,10.0,2.0,10.0,1.0,
404037,,,,,,,,7.0,,2.0,,,,,,,1.0,0.0,,,,,,2.0,,
404055,,,,,,,,28.0,,14.0,,,,,,2.0,1.0,,8.0,,,,,2.0,,
404222,,,,,,,,68.0,,25.0,,10.0,,,,14.0,,1.0,,,,7.0,,7.0,1.0,
404338,,,,,,,,16.0,,5.0,,,,,,1.0,1.0,,,,,,,1.0,,
404426,,,,,,,,201.0,,74.0,,,,,,24.0,7.0,17.0,3.0,,,10.0,,14.0,,
404480,,,,,,,,253.0,,,61.0,,,,,21.0,45.0,95.0,2.0,1.0,,4.0,,1.0,15.0,2.0
404684,,,,,,,,70.0,,34.0,,,,,,5.0,2.0,,0.0,,,5.0,9.0,2.0,4.0,3.0
404718,,,,,,,,7.0,,4.0,,,,,,1.0,1.0,,,,,,,1.0,,
404806,,,,,,,,35.0,,16.0,,,,,,4.0,1.0,,6.0,,,,,2.0,1.0,
404912,,,,,,,,74.0,,43.0,,,,,,4.0,,,,,,,,17.0,,
404994,,,,,,,,546.0,,238.0,0.0,,,,,62.0,100.0,12.0,45.0,,,29.0,5.0,22.0,9.0,3.0
405012,,,,,,,,8.0,,4.0,,,,,,1.0,1.0,,,,,,1.0,,,
405021,,,,,,,,13.0,,3.0,,,,,,1.0,1.0,,,,,4.0,1.0,2.0,,
405058,,,,,,,,16.0,,6.0,,,,,,1.0,1.0,,,,,6.0,,2.0,,
405854,,,,,,,,15.0,,9.0,,,,,,1.0,1.0,,,,,2.0,,2.0,,
405872,,,,,,,,377.0,,123.0,,32.0,,,,29.0,10.0,18.0,8.0,1.0,,29.0,,70.0,9.0,
405997,,,,,,,,24.0,,15.0,,,,,,5.0,,,,,,,,4.0,,
406024,,,,,,,,114.0,,61.0,,,,,,12.0,,2.0,,,,4.0,,6.0,,
406033,,,,,,,,135.0,,71.0,,,,,,12.0,,2.0,,,,2.0,,9.0,,
406149,,,,,,,,18.0,,11.0,,,,,,2.0,1.0,,,,,,,3.0,,
406325,,,,,,,,18.0,,10.0,,,,,,4.0,0.0,,,,,,,3.0,,
406361,,,,,,,,4.0,,2.0,,,,,,1.0,,,,,,,,,,
406413,,,,,,,,7.0,,3.0,,,,,,2.0,1.0,,,,,,,1.0,,
406422,,,,,,,,12.0,,8.0,,,,,,1.0,1.0,,,,,,,1.0,,
406486,,,,,,,,15.0,,6.0,,,,,,1.0,,,,,,,0.0,2.0,,
406547,,,,,,,,34.0,,13.0,,,,,,7.0,1.0,1.0,7.0,,,,,4.0,,
407009,,,,,,,,763.0,,328.0,2.0,,,,,101.0,67.0,42.0,64.0,,,23.0,1.0,62.0,19.0,3.0
407054,,,,,,,,13.0,,4.0,,,,,,1.0,1.0,,,,,1.0,2.0,1.0,,
407090,,,,,,,,30.0,,13.0,,,,,,5.0,3.0,,,,,,,7.0,2.0,
407142,,,,,,,,10.0,,6.0,,,,,,1.0,2.0,,,,,,,1.0,,
407151,,,,,,,,7.0,,5.0,,,,,,1.0,1.0,,,,,,,,,
407179,,,,,,,,6.0,,4.0,,,,,,1.0,,,,,,,,,,
407355,,,,,,,,28.0,,11.0,,,,,,5.0,2.0,,,,,,8.0,2.0,,
407391,,,,,,,,7.0,,6.0,,,,,,0.0,,,,,,,1.0,0.0,,
407407,,,,,,,,8.0,,6.0,,,,,,1.0,,,,,,,1.0,,,
407425,,,,,,,,7.0,,5.0,,,,,,1.0,,,,,,,1.0,,,
407434,,,,,,,,17.0,,6.0,,,,,,2.0,2.0,,,,,,2.0,1.0,2.0,
407461,,,,,,,,32.0,,23.0,,,,,,3.0,,,0.0,,,0.0,,6.0,,
407470,,,,,,,,10.0,,6.0,,,,,,1.0,,,,,,,,1.0,,
407489,,,,,,,,13.0,,5.0,,,,,,5.0,1.0,,,,,0.0,,1.0,,
407513,,,,,,,,34.0,,22.0,,,,,,2.0,2.0,,0.0,0.0,,1.0,,0.0,,
407522,,,,,,,,9.0,,5.0,,,,,,1.0,0.0,,0.0,,,,,3.0,,
407568,,,,,,,,12.0,,4.0,,,,,,2.0,1.0,,,,,,,1.0,,
407577,,,,,,,,55.0,,26.0,,,,,,11.0,4.0,,,,,8.0,,4.0,,
407595,,,,,,,,26.0,,18.0,,,,,,5.0,,,,,,,,3.0,,
407610,,,,,,,,7.0,,4.0,,,,,,0.0,1.0,,,,,,,0.0,,
407629,,,,,,,,582.0,,206.0,,,,,,37.0,9.0,14.0,16.0,5.0,,89.0,,102.0,12.0,
407683,,,,,,,,21.0,,7.0,,,,,,2.0,1.0,,,,,1.0,1.0,3.0,1.0,
407708,,,,,,,,32.0,,10.0,,,,,,3.0,,,,,,4.0,5.0,2.0,,
407735,,,,,,,,5.0,,3.0,,,,,,1.0,,,,,,,,,,
407832,,,,,,,,163.0,,35.0,,,,,,12.0,3.0,4.0,2.0,,,12.0,,19.0,,
408066,,,,,,,,18.0,,9.0,,,,,,3.0,1.0,,,,,,2.0,2.0,,
408163,,,,,,,,9.0,,4.0,,,,,,1.0,1.0,,,,,,,3.0,,
408729,,,,,,,,20.0,,12.0,,,,,,2.0,1.0,,,,,,,0.0,1.0,
408844,,,,,,,,336.0,,126.0,,,,,,22.0,,,12.0,,,,,153.0,12.0,
408862,,,,,,,,29.0,,19.0,,,,,,3.0,2.0,1.0,,,,,,4.0,,
409032,,,,,,,,22.0,,13.0,,,,,,,2.0,,,,,,,3.0,4.0,
409120,,,,,,,,17.0,,11.0,,,,,,2.0,1.0,,,,,,,3.0,,
409193,,,,,,,,34.0,,12.0,,,,,,2.0,1.0,1.0,1.0,,,1.0,6.0,5.0,2.0,1.0
409254,,,,,,,,213.0,,32.0,14.0,3.0,,,,25.0,5.0,8.0,76.0,14.0,,,,30.0,,
409315,,,,,,,,1961.0,,786.0,,,,,,155.0,118.0,118.0,57.0,4.0,,156.0,,277.0,47.0,21.0
409379,,,,,,,,185.0,,,,,,,,32.0,1.0,17.0,9.0,,,,,42.0,,
409537,,,,,,,,6.0,,4.0,,,,,,1.0,,,,,,,,1.0,,
409591,,,,,,,,15.0,,8.0,,,,,,2.0,,,,0.0,,,,3.0,,
409616,,,,,,,,79.0,,31.0,,,,,,19.0,2.0,,2.0,,,,,14.0,,
409698,,,,,,,,843.0,,290.0,,,,,,52.0,128.0,79.0,107.0,3.0,,20.0,,104.0,23.0,10.0
410496,,,,,,,,33.0,,16.0,,,,,,2.0,,,11.0,,,0.0,,1.0,,
410797,,,,,,,,30.0,,8.0,,,,,,3.0,,,4.0,,,,,11.0,,
410964,,,,,,,,5.0,,2.0,,,,,,1.0,1.0,,,,,,,0.0,,
411684,,,,,,,,19.0,,8.0,,,,,,7.0,1.0,,,,,,,1.0,,
411754,,,,,,,,5.0,,4.0,,,,,,1.0,,,,,,,,,,
412173,,,,,,,,32.0,,18.0,,,,,,5.0,1.0,1.0,1.0,,,,,4.0,,
412535,,,,,,,,5.0,,3.0,,,,,,0.0,0.0,,,,,,,1.0,,
412544,,,,,,,,13.0,,6.0,,,,,,1.0,2.0,,,,,0.0,1.0,1.0,,
412599,,,,,,,,72.0,,39.0,,,,,,14.0,2.0,,,,,5.0,6.0,5.0,,
413176,,,,,,,,22.0,,7.0,,,,,,2.0,2.0,,,5.0,,2.0,,2.0,,
413413,,,,,,,,2014.0,,647.0,,,,,,189.0,580.0,161.0,327.0,,,,25.0,77.0,,
413617,,,,,,,,99.0,,24.0,,,,,,21.0,5.0,4.0,7.0,,,3.0,,14.0,4.0,
413626,,,,,,,,49.0,,16.0,,,,,,3.0,3.0,3.0,1.0,,,1.0,1.0,2.0,4.0,
413680,,,,,,,,41.0,,18.0,,,,,,6.0,5.0,0.0,,,,1.0,6.0,4.0,,
413778,,,,,,,,76.0,,30.0,,,,,,10.0,,,,,,3.0,2.0,31.0,,
413802,,,,,,,,23.0,,9.0,,1.0,,,,3.0,4.0,1.0,,,,,,,,
413820,,,,,,,,7.0,,3.0,,,,,,1.0,1.0,,,,,,,1.0,1.0,
413893,,,,,,,,46.0,,14.0,,,,,,7.0,1.0,,,,,1.0,,22.0,,
413945,,,,,,,,11.0,,5.0,,,,,,1.0,1.0,,,,,,1.0,2.0,1.0,
413972,,,,,,,,5.0,,5.0,,,,,,,,,,,,,,,,
414063,,,,,,,,15.0,,8.0,,,,,,1.0,2.0,,,,,1.0,1.0,2.0,,
414124,,,,,,,,38.0,,19.0,,,,,,6.0,2.0,,1.0,,,3.0,3.0,2.0,1.0,
414461,,,,,,,,238.0,,85.0,,,,,,15.0,24.0,3.0,,2.0,,,,14.0,30.0,
414489,,,,,,,,22.0,,5.0,,,,,,2.0,3.0,,,,,6.0,,6.0,,
414540,,,,,,,,48.0,,20.0,,,,,,6.0,3.0,1.0,,,,4.0,4.0,10.0,,
414595,,,,,,,,74.0,,41.0,,,,,,5.0,,1.0,,,,6.0,,20.0,,
414823,,,,,,,,161.0,,62.0,,,,,,27.0,17.0,1.0,25.0,2.0,,6.0,,9.0,6.0,
414869,,,,,,,,32.0,,20.0,,,,,,2.0,2.0,,,,,,,2.0,,
414911,,,,,,,,138.0,,53.0,,2.0,,,,22.0,7.0,7.0,10.0,,,9.0,,23.0,1.0,
414939,,,,,,,,20.0,,7.0,,,,,,1.0,3.0,,,,,,,3.0,,
414966,,,,,,,,38.0,,13.0,,0.0,,,,1.0,4.0,2.0,2.0,,,,2.0,3.0,1.0,
415039,,,,,,,,5.0,,3.0,,,,,,1.0,,,,,,,,,,
415057,,,,,,,,16.0,,7.0,,,,,,2.0,1.0,,,,,,,2.0,,
415987,,,,,,,,22.0,,9.0,,,,,,1.0,,,,,,,,1.0,,
416458,,,,,,,,39.0,,13.0,,,,,,,6.0,2.0,,,,,6.0,7.0,5.0,
416801,,,,,,,,47.0,,23.0,1.0,,,,,1.0,2.0,,,1.0,,13.0,,6.0,,
417008,,,,,,,,18.0,,8.0,,,,,,2.0,1.0,,,,,,3.0,4.0,,
417062,,,,,,,,5.0,,3.0,,,,,,1.0,,,,,,,,1.0,,
417105,,,,,,,,57.0,,23.0,,,,,,4.0,,,,,,19.0,,10.0,,
417123,,,,,,,,23.0,,10.0,,,,,,1.0,2.0,,,,,3.0,,4.0,,
417248,,,,,,,,9.0,,3.0,,,,,,1.0,1.0,,,,,3.0,,,0.0,
417275,,,,,,,,7.0,,4.0,,,,,,1.0,,,,,,,,1.0,1.0,
417318,,,,,,,,5.0,,1.0,,,,,,1.0,,1.0,,,,1.0,,1.0,,
417327,,,,,,,,34.0,,14.0,,,,,,8.0,1.0,1.0,5.0,,,,,4.0,,
417381,,,,,,,,8.0,,4.0,,,,,,2.0,,,,,,,,1.0,,
417406,,,,,,,,6.0,,1.0,,,,,,1.0,1.0,,,,,,1.0,1.0,,
417442,,,,,,,,15.0,,7.0,,,,,,1.0,1.0,,,5.0,,,,1.0,,
417503,,,,,,,,29.0,,4.0,,,,,,3.0,1.0,,1.0,,,13.0,6.0,1.0,,
417549,,,,,,,,28.0,,8.0,,,,,,3.0,2.0,,,,,8.0,2.0,3.0,,
417600,,,,,,,,3.0,,3.0,,,,,,,,,,,,,,,,
417628,,,,,,,,20.0,,14.0,,,,,,1.0,,,,,,,,2.0,2.0,
417637,,,,,,,,18.0,,8.0,,,,,,5.0,,,,,,,,2.0,,
417646,,,,,,,,7.0,,2.0,,,,,,2.0,,,1.0,,,1.0,,1.0,,
417655,,,,,,,,6.0,,4.0,,,,,,1.0,,,,,,,,1.0,,
417673,,,,,,,,24.0,,1.0,,,,,,1.0,2.0,2.0,1.0,4.0,,4.0,,3.0,2.0,
417682,,,,,,,,9.0,,3.0,,,,,,3.0,1.0,,1.0,,,,,1.0,,
417716,,,,,,,,19.0,,12.0,,,,,,1.0,3.0,,1.0,,,,,2.0,,
417725,,,,,,,,11.0,,5.0,,,,,,,,,,,,,,3.0,,
417734,,,,,,,,35.0,,19.0,,,,,,10.0,,,1.0,,,,,4.0,,
417752,,,,,,,,14.0,,7.0,,,,,,2.0,,,,,,,,1.0,,
417804,,,,,,,,14.0,,6.0,,,,,,4.0,,,,,,1.0,,3.0,,
417831,,,,,,,,7.0,,4.0,,,,,,,,,,,,,,3.0,,
417840,,,,,,,,48.0,,31.0,,,,,,5.0,2.0,,,,,,2.0,4.0,,
417868,,,,,,,,106.0,,9.0,,,,,,6.0,10.0,,,,,13.0,,6.0,,
417886,,,,,,,,6.0,,4.0,,,,,,1.0,0.0,,,,,,,0.0,,
417910,,,,,,,,19.0,,8.0,,,,,,1.0,3.0,,,,,2.0,,3.0,,
417983,,,,,,,,7.0,,3.0,,,,,,1.0,0.0,,,2.0,,,,1.0,,
417992,,,,,,,,6.0,,3.0,,,,,,,,,,,,,,1.0,,
418001,,,,,,,,17.0,,12.0,,,,,,2.0,1.0,,,,,,,1.0,,
418010,,,,,,,,10.0,,7.0,,,,,,1.0,,,,,,,,1.0,,
418029,,,,,,,,4.0,,2.0,,,,,,1.0,,,,,,,,,,
418038,,,,,,,,21.0,,7.0,,,,,,2.0,2.0,1.0,3.0,0.0,,1.0,,2.0,,
418056,,,,,,,,6.0,,5.0,,,,,,0.0,,,,,,,,,,
418065,,,,,,,,21.0,,11.0,,,,,,3.0,,,,,,,,6.0,,
418083,,,,,,,,3.0,,2.0,,,,,,,,,,,,,,1.0,,
418126,,,,,,,,47.0,,31.0,,,,,,1.0,1.0,,,,,,4.0,3.0,,
418171,,,,,,,,7.0,,3.0,,,,,,3.0,,,,,,,,1.0,,
418199,,,,,,,,4.0,,2.0,,,,,,0.0,,,,,,,,1.0,,
418205,,,,,,,,59.0,,44.0,,,,,,9.0,1.0,,,,,,,2.0,,
418223,,,,,,,,16.0,,10.0,,,,,,1.0,1.0,,1.0,,,,,2.0,,
418250,,,,,,,,36.0,,20.0,,,,,,1.0,3.0,4.0,0.0,1.0,,,0.0,5.0,1.0,
418269,,,,,,,,18.0,,5.0,,,,,,2.0,,,0.0,,,,,6.0,,
418278,,,,,,,,27.0,,22.0,,,,,,1.0,0.0,,,,,,,2.0,,
418296,,,,,,,,182.0,,59.0,,,,,,17.0,1.0,4.0,1.0,,,15.0,,21.0,,18.0
418302,,,,,,,,115.0,,34.0,,,,,,7.0,10.0,3.0,5.0,1.0,,18.0,,22.0,,
418320,,,,,,,,110.0,,50.0,,,,,,6.0,1.0,,,,,18.0,,9.0,,1.0
418339,,,,,,,,46.0,,17.0,,,,,,2.0,,1.0,2.0,,,11.0,,11.0,,2.0
418348,,,,,,,,71.0,,21.0,,,,,,6.0,1.0,3.0,,,,21.0,,7.0,7.0,0.0
418357,,,,,,,,38.0,,12.0,,,,,,3.0,1.0,2.0,,,,,,6.0,6.0,
418409,,,,,,,,30.0,,20.0,,,,,,5.0,,,,,,,,5.0,,
418427,,,,,,,,10.0,,7.0,,,,,,1.0,,,,,,,,2.0,,
418445,,,,,,,,4.0,,2.0,,,,,,1.0,0.0,0.0,,,,,,0.0,,
418454,,,,,,,,51.0,,32.0,,,,,,,2.0,,,,,2.0,,6.0,6.0,
418481,,,,,,,,5.0,,3.0,,,,,,1.0,,,,,,,,1.0,,
418515,,,,,,,,12.0,,7.0,,,,,,2.0,1.0,,,,,,,2.0,,
418524,,,,,,,,8.0,,5.0,,,,,,1.0,,,,,,,,2.0,,
418533,,,,,,,,168.0,,95.0,,,,,,17.0,3.0,3.0,6.0,,,22.0,,23.0,,
418542,,,,,,,,64.0,,36.0,,,,,,5.0,3.0,1.0,2.0,1.0,,3.0,,5.0,1.0,1.0
418560,,,,,,,,78.0,,31.0,,,,,,6.0,2.0,2.0,5.0,,,2.0,,15.0,1.0,
418588,,,,,,,,4.0,,2.0,,,,,,1.0,,,,,,,,1.0,,
418603,,,,,,,,6.0,,2.0,,,,,,1.0,,,,,,,,2.0,0.0,
418612,,,,,,,,3.0,,2.0,,,,,,,,,,,,,,1.0,,
418658,,,,,,,,37.0,,17.0,,,,,,9.0,,,,,,1.0,5.0,3.0,1.0,
418755,,,,,,,,7.0,,2.0,,,,,,1.0,,,,,,0.0,,3.0,,
418764,,,,,,,,13.0,,3.0,,,,,,1.0,1.0,,,,,2.0,1.0,2.0,1.0,
418773,,,,,,,,50.0,,18.0,,,,,,8.0,2.0,1.0,,,,1.0,10.0,4.0,3.0,
418782,,,,,,,,25.0,,9.0,,,,,,2.0,,,,,,,,8.0,2.0,
418870,,,,,,,,26.0,,16.0,,,,,,1.0,2.0,,,,,1.0,3.0,1.0,,
418889,,,,,,,,13.0,,4.0,,,,,,5.0,,1.0,,,,2.0,,1.0,,
418913,,,,,,,,2.0,,1.0,,,,,,,,,,,,,,1.0,,
418968,,,,,,,,12.0,,9.0,,,,,,1.0,1.0,,,,,,1.0,,,
419031,,,,,,,,5.0,,2.0,,,,,,1.0,0.0,,,,,1.0,,0.0,,
419095,,,,,,,,9.0,,8.0,,,,,,,,,,,,,,1.0,,
419183,,,,,,,,13.0,,9.0,,,,,,2.0,1.0,,,,,,,0.0,,
419217,,,,,,,,11.0,,10.0,,,,,,,0.0,,,,,,,1.0,,
419226,,,,,,,,124.0,,73.0,,,,,,11.0,6.0,1.0,2.0,2.0,,7.0,,14.0,,
419235,,,,,,,,17.0,,6.0,,,,,,2.0,2.0,1.0,,,,1.0,,4.0,,
419244,,,,,,,,20.0,,5.0,,,,,,2.0,1.0,1.0,,,,,,,,
419253,,,,,,,,21.0,,8.0,,,,,,2.0,,,2.0,,,,,6.0,,
419280,,,,,,,,4.0,,2.0,,,,,,,,,,,,2.0,,,,
419332,,,,,,,,51.0,,24.0,,,,,,3.0,1.0,1.0,1.0,,,8.0,,5.0,,
419341,,,,,,,,8.0,,4.0,,,,,,2.0,,,,,,,0.0,1.0,,
419411,,,,,,,,11.0,,4.0,,,,,,2.0,1.0,,,,,,1.0,2.0,,
419420,,,,,,,,36.0,,3.0,,,,,,2.0,2.0,,,,,3.0,,2.0,,
419484,,,,,,,,3.0,,1.0,,,,,,1.0,,,,,,,,1.0,,
419633,,,,,,,,8.0,,4.0,,,,,,2.0,1.0,,,,,,,1.0,,
419660,,,,,,,,23.0,,5.0,,,,,,2.0,9.0,,,,,2.0,,5.0,,
419703,,,,,,,,46.0,,21.0,,,,,,4.0,,,,,,,,10.0,4.0,
419712,,,,,,,,23.0,,9.0,,,,,,2.0,,,,,,,,8.0,1.0,
419721,,,,,,,,25.0,,9.0,,,,,,3.0,,,,,,,,9.0,2.0,
420024,,,,,,,,33.0,,13.0,,,,,,6.0,,,,,,,,15.0,,
420042,,,,,,,,38.0,,32.0,,,,,,3.0,1.0,,,,,,,2.0,,
420103,,,,,,,,11.0,,2.0,,1.0,,,,1.0,1.0,,,,,,2.0,2.0,,
420130,,,,,,,,28.0,,16.0,,,,,,3.0,1.0,,,,,,2.0,2.0,,
420246,,,,,,,,117.0,,33.0,,,,,,15.0,4.0,3.0,3.0,27.0,,6.0,2.0,15.0,,
420255,,,,,,,,8.0,,4.0,,,,,,1.0,1.0,,,,,,,1.0,0.0,
420325,,,,,,,,9.0,,5.0,,,,,,2.0,1.0,,,,,1.0,,,,
420343,,,,,,,,54.0,,29.0,,,,,,13.0,,1.0,,,,,,7.0,,
420370,,,,,,,,38.0,,12.0,,,,,,6.0,2.0,,,,,,11.0,1.0,,
420398,,,,,,,,603.0,,329.0,,,,,,12.0,9.0,25.0,7.0,,,12.0,,38.0,10.0,0.0
420431,,,,,,,,223.0,,96.0,,,,,,11.0,21.0,4.0,2.0,,,23.0,,43.0,,
420440,,,,,,,,98.0,,52.0,,,,,,13.0,4.0,2.0,7.0,,,4.0,,5.0,,
420459,,,,,,,,48.0,,20.0,,,,,,3.0,,1.0,2.0,,,10.0,,10.0,,2.0
420468,,,,,,,,30.0,,21.0,,,,,,2.0,0.0,,,,,,,4.0,,
420538,,,,,,,,131.0,,56.0,,,,,,16.0,3.0,4.0,,,,9.0,,21.0,4.0,
420556,,,,,,,,108.0,,46.0,,,,,,19.0,2.0,3.0,5.0,,,7.0,1.0,11.0,,
420574,,,,,,,,496.0,,244.0,2.0,,,,,43.0,34.0,39.0,33.0,,,18.0,,28.0,31.0,5.0
420608,,,,,,,,7.0,,3.0,,,,,,,,,,,,,2.0,2.0,,
420705,,,,,,,,6.0,,,,,,,,3.0,1.0,,,,,,,,,
420723,,,,,,,,50.0,,21.0,,,,,,10.0,,1.0,,,,2.0,1.0,6.0,,
420802,,,,,,,,32.0,,,3.0,,,,,6.0,6.0,1.0,5.0,,,,,8.0,,
420981,,,,,,,,61.0,,15.0,,,,,,6.0,3.0,3.0,,,,3.0,,10.0,,
421513,,,,,,,,14.0,,7.0,,,,,,3.0,,,,,,,,2.0,,
421610,,,,,,,,3.0,,2.0,,,,,,,,,,,,,,,,
421665,,,,,,,,3.0,,2.0,,,,,,1.0,,,,,,,,,,
421708,,,,,,,,43.0,,13.0,,,,,,12.0,,1.0,,,,,,18.0,,
421717,,,,,,,,6.0,,4.0,,,,,,1.0,,,,,,,,1.0,,
421771,,,,,,,,7.0,,2.0,,,,,,1.0,1.0,,,,,1.0,1.0,1.0,,
421832,,,,,,,,64.0,,22.0,,,,,,4.0,7.0,,,,,2.0,10.0,14.0,,
421841,,,,,,,,71.0,,26.0,,,,,,15.0,1.0,3.0,2.0,,,1.0,,22.0,,
421878,,,,,,,,29.0,,15.0,,,,,,5.0,5.0,2.0,1.0,,,,,,,
421896,,,,,,,,27.0,,8.0,,,,,,4.0,,,,,,2.0,0.0,9.0,,1.0
422190,,,,,,,,5.0,,2.0,,,,,,1.0,2.0,,,,,,,,,
422695,,,,,,,,34.0,,12.0,,1.0,,,,8.0,1.0,0.0,,,,,,3.0,,
422835,,,,,,,,23.0,,12.0,,,,,,3.0,3.0,,,,,,1.0,1.0,,
423120,,,,,,,,25.0,,8.0,,,,,,7.0,1.0,,,,,,,6.0,1.0,
423397,,,,,,,,17.0,,8.0,,,,,,1.0,2.0,,,,,,3.0,1.0,,
423412,,,,,,,,5.0,,3.0,,,,,,,,,,,,,,,,
423643,,,,,,,,891.0,,281.0,22.0,,,,,134.0,30.0,32.0,7.0,31.0,,156.0,,173.0,,
423652,,,,,,,,60.0,,26.0,,,,,,12.0,3.0,1.0,5.0,,,3.0,,7.0,,
425250,,,,,,,,15.0,,8.0,,,,,,1.0,1.0,,,,,,2.0,3.0,,
425986,,,,,,,,26.0,,14.0,,,,,,1.0,,0.0,,,,,5.0,,,
426314,,,,,,,,740.0,,327.0,,,,,,127.0,123.0,8.0,,,,1.0,,19.0,,
427308,,,,,,,,16.0,,8.0,,,,,,3.0,,1.0,,,,0.0,,2.0,1.0,
427335,,,,,,,,3.0,,2.0,,,,,,0.0,,,,,,,,1.0,,
427894,,,,,,,,11.0,,7.0,,,,,,1.0,,,,,,,,,,
427973,,,,,,,,36.0,,14.0,,,,,,3.0,,,,,,,,19.0,,
427982,,,,,,,,19.0,,7.0,,,,,,4.0,,,,,,,,8.0,,
427991,,,,,,,,105.0,,64.0,,,,,,6.0,,1.0,,,,6.0,,28.0,,
428000,,,,,,,,14.0,,,,,,,,3.0,1.0,,,,,4.0,,3.0,,
428019,,,,,,,,32.0,,12.0,,,,,,5.0,2.0,1.0,,,,,,3.0,2.0,3.0
428055,,,,,,,,31.0,,14.0,,,,,,2.0,1.0,,,,,1.0,1.0,4.0,,
428125,,,,,,,,8.0,,3.0,,,,,,1.0,1.0,,,,,,,2.0,,
428143,,,,,,,,21.0,,11.0,,,,,,6.0,,,,,,1.0,2.0,,,
428170,,,,,,,,123.0,,65.0,,,,,,17.0,9.0,,,,,,,32.0,,
428259,,,,,,,,14.0,,8.0,,,,,,1.0,,,,,,,2.0,1.0,,
428392,,,,,,,,171.0,,62.0,,,,,,16.0,6.0,10.0,2.0,,,10.0,1.0,13.0,1.0,
428426,,,,,,,,136.0,,,1.0,,,,,47.0,20.0,21.0,13.0,,,14.0,,17.0,,3.0
429012,,,,,,,,294.0,,147.0,,,,,,20.0,6.0,6.0,,,,14.0,,29.0,49.0,8.0
429085,,,,,,,,23.0,,10.0,,1.0,,,,2.0,1.0,,,1.0,,,,6.0,,
429094,,,,,,,,47.0,,18.0,1.0,,,,,3.0,4.0,,1.0,,,2.0,4.0,4.0,1.0,
429128,,,,,,,,44.0,,31.0,,,,,,4.0,5.0,,,,,,,,,
430184,,,,,,,,81.0,,35.0,,,,,,9.0,,1.0,,,,,15.0,,,
430218,,,,,,,,8.0,,5.0,,,,,,1.0,,,,,,,,1.0,,
430227,,,,,,,,7.0,,3.0,,,,,,2.0,,,,,,,,1.0,,
430254,,,,,,,,5.0,,1.0,,,,,,1.0,1.0,,,,,,,1.0,,
430306,,,,,,,,5.0,,,,,,,,2.0,,,,,,,,2.0,,
430342,,,,,,,,6.0,,2.0,,,,,,1.0,,,,,,1.0,1.0,,,
430403,,,,,,,,26.0,,16.0,,,,,,3.0,2.0,,,0.0,,,2.0,1.0,,
430485,,,,,,,,10.0,,4.0,,,,,,3.0,1.0,,,,,0.0,2.0,,,
430564,,,,,,,,5.0,,2.0,,,,,,1.0,0.0,,,,,,,1.0,,
430582,,,,,,,,46.0,,13.0,,,,,,6.0,2.0,,,,,,,19.0,,
430670,,,,,,,,145.0,,61.0,,,,,,11.0,13.0,2.0,,1.0,,6.0,,14.0,24.0,
430704,,,,,,,,31.0,,10.0,,,,,,1.0,1.0,,,,,,3.0,6.0,1.0,
430795,,,,,,,,54.0,,29.0,,1.0,,,,1.0,1.0,1.0,1.0,1.0,,3.0,,2.0,1.0,1.0
430810,,,,,,,,80.0,,40.0,,,,,,13.0,8.0,1.0,6.0,,,5.0,,2.0,,
430883,,,,,,,,6.0,,4.0,,,,,,,0.0,,,,,,,2.0,,
430908,,,,,,,,18.0,,10.0,,,,,,2.0,2.0,1.0,,,,,,2.0,,
430935,,,,,,,,58.0,,29.0,,,,,,10.0,,,,,,,,8.0,,
430971,,,,,,,,9.0,,6.0,,,,,,1.0,0.0,,,,,,,2.0,,
431017,,,,,,,,58.0,,24.0,,,,,,11.0,4.0,1.0,1.0,,,5.0,1.0,5.0,1.0,
431071,,,,,,,,20.0,,3.0,,,,,,1.0,2.0,1.0,1.0,,,,,3.0,,
431099,,,,,,,,7.0,,5.0,,,,,,1.0,,,,,,,,0.0,,
431105,,,,,,,,14.0,,9.0,,,,,,,,,,,,,,5.0,,
431123,,,,,,,,35.0,,15.0,,,,,,5.0,,,,,,,1.0,9.0,4.0,1.0
431141,,,,,,,,148.0,,65.0,,,,,,22.0,12.0,5.0,,,,1.0,12.0,9.0,,
431169,,,,,,,,18.0,,10.0,,,,,,2.0,,,,,,,,3.0,3.0,
431187,,,,,,,,12.0,,6.0,,,,,,1.0,1.0,,,1.0,,,,1.0,1.0,
431196,,,,,,,,18.0,,12.0,,,,,,1.0,2.0,,,,,,,2.0,,
431266,,,,,,,,8.0,,7.0,,,,,,1.0,,,,,,,,0.0,,
431275,,,,,,,,8.0,,6.0,,,,,,,,,,,,,,1.0,,
431284,,,,,,,,4.0,,2.0,,,,,,,1.0,,,,,,,1.0,,
431558,,,,,,,,41.0,,19.0,,,,,,2.0,3.0,1.0,,,,5.0,,5.0,,
431600,,,,,,,,16.0,,13.0,,,,,,1.0,1.0,,,,,,,1.0,,
431716,,,,,,,,267.0,,156.0,,,,,,13.0,2.0,6.0,2.0,6.0,,43.0,1.0,25.0,,
431770,,,,,,,,11.0,,4.0,,,,,,1.0,1.0,,,,,,,2.0,,
431929,,,,,,,,32.0,,16.0,,,,,,2.0,,,1.0,,,,,2.0,1.0,
431956,,,,,,,,17.0,,5.0,,,,,,2.0,,,1.0,,,,3.0,5.0,,
431965,,,,,,,,7.0,,4.0,,,,,,3.0,,,,,,,,,,
431983,,,,,,,,16.0,,5.0,,,,,,2.0,,,,,,8.0,,1.0,,
432074,,,,,,,,27.0,,11.0,,,,,,2.0,,2.0,1.0,,,6.0,,4.0,,1.0
432117,,,,,,,,16.0,,9.0,,,,,,1.0,,,,,,,3.0,2.0,,
432144,,,,,,,,113.0,,,,,,,,41.0,18.0,15.0,1.0,,,1.0,,37.0,,
432223,,,,,,,,12.0,,7.0,,,,,,3.0,2.0,,,,,,,,,
432269,,,,,,,,8.0,,5.0,,,,,,1.0,,,,,,,,1.0,,
432348,,,,,,,,46.0,,19.0,,,,,,,1.0,,1.0,,,3.0,,14.0,,
432384,,,,,,,,59.0,,27.0,,,,,,11.0,,,,,,,,4.0,,
432524,,,,,,,,34.0,,16.0,,,,,,2.0,3.0,1.0,3.0,,,,1.0,2.0,1.0,
433004,,,,,,,,50.0,,20.0,1.0,,,,,7.0,5.0,1.0,1.0,,,,4.0,3.0,1.0,
433013,,,,,,,,57.0,,27.0,,,,,,4.0,,,,,,2.0,10.0,13.0,1.0,
433040,,,,,,,,8.0,,6.0,,,,,,1.0,1.0,,,,,,,,,
433068,,,,,,,,57.0,,24.0,,,,,,,,1.0,,5.0,,5.0,,0.0,8.0,2.0
433101,,,,,,,,52.0,,25.0,,,,,,13.0,1.0,,,,,,,11.0,,
433138,,,,,,,,50.0,,35.0,,,,,,3.0,,,,,,,,5.0,,
433165,,,,,,,,1.0,,1.0,,,,,,,,,,,,,,,,
433174,,,,,,,,59.0,,35.0,,,,,,9.0,2.0,2.0,1.0,,,,,5.0,,
433387,,,,,,,,5111.0,,2930.0,,,,,,349.0,219.0,310.0,634.0,,,,,73.0,,
433420,,,,,,,,194.0,,110.0,,,,,,21.0,12.0,2.0,1.0,,,17.0,17.0,8.0,4.0,
433536,,,,,,,,21.0,,10.0,,,,,,2.0,,1.0,,,,,,1.0,,
433660,,,,,,,,1494.0,,579.0,,,,,,113.0,101.0,95.0,213.0,17.0,,60.0,,146.0,29.0,
433970,,,,,,,,5.0,,2.0,,,,,,1.0,,,,,,,,1.0,,
434016,,,,,,,,61.0,,10.0,,1.0,,,,10.0,4.0,2.0,6.0,,,,2.0,6.0,3.0,
434061,,,,,,,,458.0,,219.0,,,,,,50.0,115.0,3.0,,,,5.0,,43.0,17.0,
434140,,,,,,,,56.0,,30.0,,,,,,4.0,,,,,,,,14.0,,
434159,,,,,,,,30.0,,15.0,,,,,,11.0,,1.0,,,,,,2.0,,
434274,,,,,,,,23.0,,7.0,,,,,,6.0,2.0,,,,,6.0,,2.0,,
434283,,,,,,,,14.0,,2.0,,,,,,3.0,2.0,,,,,3.0,1.0,3.0,,
434292,,,,,,,,3.0,,2.0,,,,,,,,,,,,,,0.0,0.0,
434308,,,,,,,,23.0,,9.0,,,,,,2.0,2.0,,,,,2.0,3.0,2.0,,
434344,,,,,,,,25.0,,12.0,,,,,,3.0,4.0,,,,,,,6.0,,
434362,,,,,,,,5.0,,2.0,,,,,,1.0,,,,,,,,2.0,,
434432,,,,,,,,4.0,,2.0,,,,,,1.0,1.0,,,,,,,,,
434441,,,,,,,,25.0,,6.0,1.0,1.0,,,,12.0,,,,,,,,5.0,,
434469,,,,,,,,37.0,,17.0,,,,,,7.0,,,,,,,,13.0,,
434496,,,,,,,,7.0,,4.0,,,,,,1.0,1.0,,,,,,1.0,,,
434520,,,,,,,,14.0,,7.0,,,,,,3.0,,,,,,,,,,
434539,,,,,,,,29.0,,9.0,,,,,,9.0,,1.0,5.0,,,,,5.0,,
434584,,,,,,,,101.0,,18.0,1.0,,,,,25.0,3.0,4.0,,,,,,18.0,5.0,2.0
434672,,,,,,,,1859.0,,658.0,,143.0,,,,62.0,93.0,62.0,112.0,1.0,,148.0,1.0,288.0,50.0,15.0
434715,,,,,,,,51.0,,22.0,,,,,,3.0,2.0,0.0,2.0,,,8.0,,6.0,,
434751,,,,,,,,37.0,,8.0,,4.0,,,,6.0,3.0,1.0,,,,4.0,,3.0,,
434821,,,,,,,,74.0,,38.0,,,,,,4.0,7.0,,,,,2.0,7.0,3.0,,
434830,,,,,,,,21.0,,8.0,,,,,,6.0,1.0,,1.0,,,,2.0,3.0,0.0,
434900,,,,,,,,108.0,,56.0,,8.0,,,,6.0,1.0,1.0,,,,4.0,3.0,8.0,,16.0
434937,,,,,,,,7.0,,6.0,,,,,,,,,,,,,,0.0,,
434973,,,,,,,,1.0,,1.0,,,,,,,,,,,,,,,,
435000,,,,,,,,1089.0,,406.0,6.0,,,,,196.0,103.0,86.0,14.0,84.0,,54.0,,102.0,5.0,3.0
436003,,,,,,,,22.0,,6.0,,,,,,,,2.0,,4.0,,,2.0,3.0,,
436021,,,,,,,,3.0,,2.0,,,,,,,,,,,,,,,,
436030,,,,,,,,20.0,,10.0,,,,,,4.0,1.0,,,,,,2.0,2.0,1.0,
436100,,,,,,,,4.0,,2.0,,,,,,1.0,1.0,,,,,,,,,
436261,,,,,,,,15.0,,7.0,,,,,,2.0,,,,,,,,3.0,,
436270,,,,,,,,9.0,,3.0,,,,,,2.0,1.0,,,,,,1.0,1.0,,
436304,,,,,,,,133.0,,71.0,,3.0,,,,13.0,33.0,,,,,3.0,,3.0,2.0,
436429,,,,,,,,405.0,,149.0,,,,,,22.0,10.0,26.0,16.0,,,4.0,62.0,15.0,9.0,
436553,,,,,,,,26.0,,9.0,,,,,,3.0,2.0,,,,,2.0,2.0,5.0,2.0,
436599,,,,,,,,11.0,,6.0,,,,,,3.0,1.0,,,,,,,1.0,,
436614,,,,,,,,28.0,,16.0,,,,,,,2.0,,,,,,1.0,3.0,,
436632,,,,,,,,14.0,,8.0,,,,,,1.0,1.0,,,,,,2.0,2.0,,
436641,,,,,,,,12.0,,5.0,,,,,,2.0,2.0,,,,,,2.0,0.0,,
436650,,,,,,,,18.0,,7.0,,,,,,2.0,,,,,,1.0,4.0,3.0,,
436775,,,,,,,,27.0,,14.0,,,,,,3.0,4.0,,,,,,,6.0,,
437097,,,,,,,,87.0,,74.0,,,,,,4.0,3.0,1.0,,,,3.0,,2.0,,
437103,,,,,,,,436.0,,216.0,,,,,,51.0,83.0,9.0,5.0,,,29.0,,11.0,5.0,2.0
437237,,,,,,,,23.0,,9.0,,,,,,5.0,2.0,,,,,1.0,,2.0,,
437556,,,,,,,,70.0,,28.0,,,,,,9.0,5.0,2.0,4.0,,,,2.0,,3.0,
437608,,,,,,,,19.0,,6.0,,,,,,2.0,2.0,,,,,1.0,,4.0,2.0,
437635,,,,,,,,34.0,,18.0,,,,,,5.0,,,,,,,,2.0,,
437705,,,,,,,,6.0,,3.0,,0.0,,,,0.0,0.0,,,0.0,,,,1.0,,
437723,,,,,,,,31.0,,10.0,,,,,,4.0,,0.0,,,,12.0,,4.0,,
437732,,,,,,,,31.0,,16.0,,,,,,5.0,,,,,,,,,,
437750,,,,,,,,19.0,,5.0,,,,,,12.0,,,,,,,,3.0,,
437769,,,,,,,,38.0,,21.0,,,,,,3.0,4.0,,,,,2.0,2.0,6.0,,
437778,,,,,,,,27.0,,15.0,,,,,,2.0,,,,,,,3.0,7.0,,
437857,,,,,,,,16.0,,9.0,,,,,,3.0,2.0,,,,,,,2.0,,
437936,,,,,,,,52.0,,31.0,,,,,,7.0,,,,,,,,2.0,,
438151,,,,,,,,46.0,,24.0,,,,,,4.0,5.0,1.0,,,,,6.0,2.0,,
438179,,,,,,,,23.0,,9.0,,,,,,4.0,1.0,,5.0,,,,,2.0,,
438221,,,,,,,,30.0,,17.0,,,,,,4.0,1.0,,,2.0,,0.0,3.0,3.0,,
438258,,,,,,,,32.0,,16.0,,,,,,4.0,,,,,,,,2.0,,
438285,,,,,,,,22.0,,10.0,,1.0,,,,2.0,2.0,,,,,1.0,2.0,1.0,,
438337,,,,,,,,18.0,,11.0,,,,,,2.0,,,,,,,1.0,2.0,2.0,
438498,,,,,,,,390.0,,190.0,,,,,,16.0,7.0,13.0,11.0,,,3.0,,14.0,,
438504,,,,,,,,80.0,,34.0,,,,,,10.0,30.0,1.0,,,,,,2.0,3.0,
438586,,,,,,,,106.0,,14.0,,,,,,6.0,15.0,2.0,,,,2.0,53.0,1.0,,1.0
438665,,,,,,,,145.0,,3.0,,,,,,17.0,33.0,25.0,4.0,,,2.0,,47.0,,
438674,,,,,,,,5.0,,4.0,,,,,,,,,,,,,,1.0,,
438708,,,,,,,,49.0,,29.0,,,,,,7.0,1.0,1.0,1.0,,,,,9.0,0.0,
438735,,,,,,,,26.0,,13.0,,,,,,3.0,,,,,,,,10.0,,
438805,,,,,,,,2.0,,1.0,,,,,,1.0,,,,,,,,,,
438869,,,,,,,,4.0,,1.0,,,,,,1.0,,,,,,,1.0,1.0,,
438984,,,,,,,,12.0,,4.0,,,,,,1.0,1.0,,,,,,,3.0,0.0,
439020,,,,,,,,10.0,,4.0,,,,,,2.0,,,,,,,,3.0,,
439118,,,,,,,,20.0,,9.0,,,,,,3.0,,,,,,,,1.0,,
439145,,,,,,,,140.0,,51.0,,,,,,9.0,7.0,2.0,3.0,,,18.0,,40.0,4.0,
439154,,,,,,,,270.0,,,,,,,,79.0,18.0,57.0,17.0,,,,,88.0,10.0,0.0
439190,,,,,,,,174.0,,79.0,,,,,,25.0,7.0,14.0,20.0,,,,,24.0,,
439288,,,,,,,,149.0,,73.0,,,,,,20.0,14.0,2.0,23.0,2.0,,8.0,1.0,3.0,,
439367,,,,,,,,71.0,,33.0,,,,,,16.0,1.0,,,,,,,8.0,,
439394,,,,,,,,15.0,,6.0,,,,,,5.0,,,,,,,,3.0,,
439446,,,,,,,,19.0,,7.0,,,,,,3.0,2.0,,,,,,2.0,4.0,,
439455,,,,,,,,36.0,,23.0,,,,,,4.0,1.0,1.0,,,,,,2.0,,
439473,,,,,,,,22.0,,6.0,,,,,,4.0,,,,,,1.0,2.0,4.0,4.0,
439491,,,,,,,,22.0,,13.0,,,,,,3.0,1.0,,,,,,1.0,1.0,,
439507,,,,,,,,19.0,,3.0,,,,,,4.0,2.0,,,,,,4.0,1.0,,
439570,,,,,,,,71.0,,25.0,,,,,,12.0,8.0,2.0,6.0,,,,,15.0,,
439613,,,,,,,,20.0,,7.0,,,,,,4.0,3.0,,,,,1.0,,5.0,,
439622,,,,,,,,30.0,,17.0,,,,,,2.0,1.0,1.0,,1.0,,,,5.0,,
439668,,,,,,,,18.0,,10.0,,,,,,4.0,,,,,,,,4.0,,
439686,,,,,,,,14.0,,5.0,,,,,,3.0,,,,,,,1.0,1.0,,
439701,,,,,,,,86.0,,31.0,,,,,,18.0,5.0,,2.0,,,4.0,,13.0,,
439738,,,,,,,,30.0,,11.0,,,,,,10.0,2.0,,,,,,5.0,1.0,,
439747,,,,,,,,10.0,,5.0,,,,,,2.0,,,,,,1.0,,1.0,,
439774,,,,,,,,14.0,,4.0,,,,,,3.0,1.0,,,,,2.0,,4.0,,
439783,,,,,,,,25.0,,13.0,,,,,,3.0,2.0,,,1.0,,,,2.0,,
439792,,,,,,,,39.0,,21.0,,,,,,6.0,4.0,,,,,,4.0,1.0,,
439817,,,,,,,,16.0,,6.0,,,,,,3.0,2.0,,,,,,1.0,4.0,,
439844,,,,,,,,8.0,,5.0,,,,,,1.0,0.0,,,,,,,1.0,,
439862,,,,,,,,10.0,,2.0,,,,,,,2.0,,,,,,,3.0,0.0,
439871,,,,,,,,7.0,,4.0,,,,,,,1.0,,,,,,,1.0,,
439899,,,,,,,,13.0,,0.0,,,,,,4.0,1.0,,2.0,,,1.0,1.0,1.0,0.0,
439914,,,,,,,,10.0,,7.0,,2.0,,,,,,,,,,,0.0,1.0,,
439932,,,,,,,,5.0,,3.0,,,,,,1.0,1.0,,,,,,,,,
439969,,,,,,,,22.0,,7.0,,,,,,3.0,2.0,,,,,,2.0,5.0,,
439996,,,,,,,,8.0,,3.0,,,,,,2.0,1.0,,,,,1.0,,1.0,,
440004,,,,,,,,7.0,,5.0,,,,,,,,,,,,,,1.0,,
440031,,,,,,,,164.0,,72.0,17.0,,,,,23.0,1.0,6.0,,,,,,21.0,4.0,
440059,,,,,,,,93.0,,50.0,,,,,,9.0,,,,,,,,34.0,,
440101,,,,,,,,11.0,,6.0,,,,,,2.0,,,,,,,,1.0,,
440138,,,,,,,,90.0,,2.0,,,,,,38.0,6.0,21.0,4.0,,,,,17.0,,
440217,,,,,,,,12.0,,2.0,,,,,,3.0,1.0,,,,,,,2.0,4.0,
440226,,,,,,,,9.0,,5.0,,,,,,2.0,1.0,,,,,,,,,
440262,,,,,,,,53.0,,14.0,,,,,,8.0,,1.0,,,,,5.0,7.0,2.0,
440271,,,,,,,,9.0,,5.0,,,,,,2.0,,,,,,0.0,1.0,,,
440402,,,,,,,,217.0,,99.0,,,,,,27.0,8.0,5.0,8.0,,,21.0,,30.0,4.0,
440420,,,,,,,,1.0,,1.0,,,,,,,,,,,,,,,,
440651,,,,,,,,85.0,,31.0,,,,,,14.0,,1.0,3.0,,,,,19.0,5.0,
440730,,,,,,,,30.0,,20.0,,,,,,2.0,2.0,,,1.0,,,,5.0,,
440749,,,,,,,,4.0,,3.0,,,,,,1.0,,,,,,,,,,
440758,,,,,,,,12.0,,10.0,,,,,,1.0,,,,,,,,1.0,,
440776,,,,,,,,7.0,,0.0,,,,,,2.0,1.0,,,,,,2.0,2.0,,
440794,,,,,,,,91.0,,44.0,,,,,,10.0,4.0,2.0,1.0,,,,,2.0,,
440819,,,,,,,,3.0,,,,,,,,1.0,,,,,,,,1.0,,
440855,,,,,,,,11.0,,7.0,,,,,,1.0,,,,,,,1.0,2.0,,
440916,,,,,,,,107.0,,44.0,,,,,,16.0,15.0,2.0,,,,,,21.0,3.0,
440989,,,,,,,,44.0,,20.0,,,,,,7.0,1.0,1.0,,,,2.0,,4.0,,
441025,,,,,,,,44.0,,25.0,,,,,,3.0,2.0,,,,,,8.0,3.0,,
441052,,,,,,,,84.0,,30.0,,,,,,23.0,4.0,1.0,3.0,,,,1.0,12.0,1.0,
441070,,,,,,,,25.0,,14.0,,2.0,,,,5.0,,1.0,,,,,,1.0,,
441104,,,,,,,,80.0,,20.0,,8.0,,,,3.0,8.0,2.0,19.0,,,,,4.0,1.0,
441131,,,,,,,,59.0,,25.0,,,,,,11.0,2.0,1.0,2.0,,,,,5.0,,
441168,,,,,,,,5.0,,2.0,,,,,,1.0,,,,,,,,1.0,,
441210,,,,,,,,16.0,,5.0,,,,,,2.0,2.0,,,,,,1.0,,,
441229,,,,,,,,166.0,,80.0,,,,,,7.0,4.0,,,,,,,37.0,,
441238,,,,,,,,5.0,,,,,,,,2.0,1.0,,,,,,,1.0,,
441256,,,,,,,,8.0,,5.0,,,,,,1.0,1.0,,,,,,,1.0,,
441362,,,,,,,,14.0,,5.0,,,,,,5.0,,,,,,,,1.0,,
441371,,,,,,,,2192.0,,429.0,,,,,,193.0,46.0,52.0,5.0,,,5.0,411.0,2.0,,
441380,,,,,,,,30.0,,5.0,,,,,,1.0,9.0,,,,,,,15.0,,
441414,,,,,,,,77.0,,,,,,,,4.0,2.0,3.0,2.0,,,7.0,,25.0,,
441423,,,,,,,,21.0,,7.0,,,,,,5.0,1.0,,,,,,4.0,2.0,1.0,
441487,,,,,,,,13.0,,5.0,,,,,,2.0,1.0,,2.0,,,,,0.0,,
441496,,,,,,,,31.0,,15.0,,,,,,4.0,,,,,,,,12.0,,
441502,,,,,,,,30.0,,19.0,,,,,,4.0,1.0,,,,,,2.0,1.0,,
441511,,,,,,,,36.0,,19.0,,,,,,4.0,4.0,1.0,,0.0,,1.0,,3.0,,
441548,,,,,,,,10.0,,5.0,,,,,,2.0,1.0,,,,,,1.0,,,
441575,,,,,,,,87.0,,33.0,,,,,,7.0,5.0,2.0,2.0,,,5.0,25.0,7.0,,
441593,,,,,,,,14.0,,3.0,,,,,,1.0,1.0,,0.0,2.0,,,,2.0,,3.0
441609,,,,,,,,18.0,,8.0,,,,,,1.0,1.0,,,,,7.0,,1.0,,
441618,,,,,,,,5.0,,3.0,,,,,,2.0,,,,,,,,,,
441636,,,,,,,,39.0,,20.0,,,,,,4.0,4.0,,,,,,4.0,2.0,,
441645,,,,,,,,26.0,,13.0,,,,,,4.0,3.0,0.0,0.0,,,1.0,3.0,1.0,0.0,1.0
441663,,,,,,,,34.0,,16.0,,,,,,6.0,,1.0,,,,,3.0,5.0,,
441672,,,,,,,,42.0,,23.0,,,,,,2.0,3.0,1.0,,,,8.0,,3.0,,
441690,,,,,,,,38.0,,19.0,,,,,,4.0,3.0,,1.0,,,,,4.0,1.0,
441706,,,,,,,,11.0,,5.0,,,,,,1.0,1.0,,,,,,,,,
441742,,,,,,,,73.0,,25.0,,,,,,19.0,1.0,,,,,,9.0,14.0,,
441760,,,,,,,,208.0,,115.0,,,,,,11.0,13.0,7.0,3.0,,,13.0,,18.0,3.0,
441788,,,,,,,,43.0,,23.0,,,,,,5.0,,,,,,,,15.0,,
441830,,,,,,,,44.0,,10.0,,,,,,5.0,2.0,,1.0,14.0,,5.0,2.0,3.0,,
441858,,,,,,,,47.0,,26.0,,,,,,13.0,5.0,1.0,,,,,,2.0,,
441876,,,,,,,,25.0,,8.0,,,,,,7.0,2.0,,,,,,3.0,4.0,,
441900,,,,,,,,315.0,,162.0,,,,,,48.0,8.0,16.0,43.0,3.0,,,,33.0,,
441937,,,,,,,,838.0,,302.0,,,,,,74.0,121.0,53.0,76.0,,,71.0,,66.0,36.0,10.0
441982,,,,,,,,128.0,,51.0,,,,,,13.0,20.0,11.0,4.0,,,0.0,,18.0,,
442064,,,,,,,,38.0,,21.0,,0.0,,,,4.0,1.0,,1.0,,,,,7.0,1.0,
442073,,,,,,,,51.0,,28.0,,,,,,13.0,,,,,,,,6.0,,
442134,,,,,,,,41.0,,23.0,,,,,,2.0,,,,,,,,9.0,,
442161,,,,,,,,17.0,,12.0,,,,,,2.0,3.0,,,,,,,,,
442213,,,,,,,,11.0,,6.0,,,,,,1.0,0.0,,,,,0.0,,1.0,,
442240,,,,,,,,47.0,,27.0,,,,,,2.0,,,,,,,7.0,8.0,2.0,
442295,,,,,,,,75.0,,33.0,,,,,,9.0,5.0,3.0,2.0,,,,1.0,8.0,1.0,
442329,,,,,,,,72.0,,24.0,,,,,,11.0,,,,,,,17.0,12.0,8.0,
442356,,,,,,,,157.0,,77.0,,,,,,36.0,4.0,12.0,,0.0,,5.0,,10.0,,
442383,,,,,,,,15.0,,7.0,,,,,,2.0,1.0,2.0,,,,,2.0,1.0,,
442392,,,,,,,,15.0,,10.0,,,,,,3.0,,,,,,,,1.0,,
442426,,,,,,,,47.0,,25.0,,,,,,9.0,4.0,1.0,,,,1.0,3.0,3.0,,
442435,,,,,,,,7.0,,2.0,,,,,,2.0,1.0,,,,,,1.0,1.0,,
442523,,,,,,,,27.0,,6.0,,,,,,3.0,1.0,1.0,,,,4.0,,2.0,,
442569,,,,,,,,342.0,,112.0,,,,,,62.0,36.0,15.0,3.0,,,,,10.0,,
442602,,,,,,,,27.0,,14.0,,,,,,4.0,,,,,,,,2.0,,
442611,,,,,,,,73.0,,34.0,,,,,,8.0,27.0,1.0,,,,,,2.0,1.0,
442657,,,,,,,,20.0,,12.0,,,,,,1.0,,,,,,0.0,3.0,4.0,,
442718,,,,,,,,20.0,,13.0,,,,,,4.0,,,,1.0,,,,2.0,,
442781,,,,,,,,88.0,,22.0,,,,,,14.0,4.0,4.0,7.0,,,10.0,,14.0,,3.0
442806,,,,,,,,1255.0,,1038.0,15.0,,,,,25.0,22.0,21.0,1.0,,,,,42.0,9.0,
442815,,,,,,,,8.0,,5.0,,,,,,2.0,,,,,,,,1.0,,
442842,,,,,,,,28.0,,13.0,,,,,,1.0,1.0,1.0,,,,0.0,,10.0,,
442879,,,,,,,,132.0,,35.0,,,,,,6.0,6.0,1.0,,,,5.0,4.0,3.0,4.0,
442888,,,,,,,,13.0,,4.0,,,,,,1.0,,,,,,,4.0,1.0,,
442930,,,,,,,,108.0,,39.0,,,,,,9.0,4.0,1.0,13.0,,,16.0,1.0,6.0,,
442949,,,,,,,,13.0,,3.0,,,,,,1.0,1.0,,,,,,,4.0,,
442967,,,,,,,,14.0,,7.0,,,,,,1.0,,,,,,,,4.0,,
442976,,,,,,,,18.0,,10.0,,,,,,4.0,,,,,,,,,,
442985,,,,,,,,20.0,,8.0,,,,,,1.0,3.0,1.0,,,,,1.0,1.0,,
443021,,,,,,,,25.0,,12.0,,,,,,2.0,1.0,1.0,,,,8.0,1.0,,,
443030,,,,,,,,7.0,,4.0,,,,,,2.0,0.0,,,,,,,1.0,,
443049,,,,,,,,37.0,,21.0,,,,,,2.0,6.0,,0.0,,,,,6.0,0.0,
443058,,,,,,,,13.0,,6.0,,,,,,2.0,1.0,,,,,,,,,
443076,,,,,,,,35.0,,10.0,,,,,,2.0,3.0,,,,,7.0,,11.0,,
443100,,,,,,,,23.0,,4.0,,,,,,2.0,1.0,1.0,1.0,1.0,,2.0,,4.0,2.0,
443128,,,,,,,,82.0,,28.0,3.0,,,,,12.0,6.0,5.0,2.0,,,,,6.0,2.0,
443137,,,,,,,,29.0,,16.0,,,,,,3.0,,,,,,,1.0,5.0,2.0,
443146,,,,,,,,11.0,,4.0,,,,,,2.0,3.0,,,,,,,2.0,,
443173,,,,,,,,3.0,,2.0,,,,,,1.0,,,,,,,,,,
443207,,,,,,,,30.0,,17.0,,,,,,5.0,2.0,1.0,,,,,2.0,,,
443216,,,,,,,,21.0,,4.0,,,,,,3.0,3.0,,,,,1.0,4.0,2.0,,
443225,,,,,,,,10.0,,1.0,,,,,,2.0,1.0,,,,,,3.0,,,
443234,,,,,,,,18.0,,8.0,,,,,,,,,,,,1.0,,9.0,,
443252,,,,,,,,83.0,,28.0,,,,,,8.0,4.0,,0.0,1.0,,4.0,6.0,28.0,2.0,
443261,,,,,,,,41.0,,18.0,,,,,,6.0,2.0,,,,,,,15.0,,
443289,,,,,,,,20.0,,9.0,,,,,,4.0,1.0,,,,,,1.0,5.0,,
443298,,,,,,,,14.0,,3.0,,,,,,2.0,2.0,,,1.0,,,,4.0,,
443322,,,,,,,,31.0,,13.0,,,,,,2.0,5.0,,,,,1.0,3.0,4.0,,
443331,,,,,,,,166.0,,95.0,,,,,,20.0,7.0,1.0,12.0,,,,,22.0,1.0,
443340,,,,,,,,16.0,,10.0,,,,,,2.0,,,,,,,,2.0,,
443368,,,,,,,,52.0,,,,,,,,7.0,5.0,8.0,21.0,,,1.0,,7.0,,
443377,,,,,,,,19.0,,10.0,,,,,,2.0,,,,,,,,1.0,1.0,
443410,,,,,,,,224.0,,89.0,,,,,,28.0,10.0,21.0,24.0,,,19.0,3.0,11.0,1.0,3.0
443483,,,,,,,,8.0,,2.0,,,,,,1.0,1.0,,,,,0.0,1.0,1.0,,
443492,,,,,,,,143.0,,87.0,,,,,,16.0,1.0,8.0,9.0,,,0.0,,20.0,1.0,
443562,,,,,,,,320.0,,271.0,,,,,,13.0,6.0,,,,,13.0,7.0,2.0,1.0,
443571,,,,,,,,13.0,,3.0,,,,,,1.0,,,,,,,4.0,1.0,,
443599,,,,,,,,55.0,,18.0,,,,,,7.0,5.0,1.0,4.0,,,,4.0,5.0,,6.0
443632,,,,,,,,20.0,,9.0,,,,,,2.0,,,0.0,,,,,6.0,,
443641,,,,,,,,18.0,,10.0,,,,,,1.0,,,,,,,3.0,3.0,1.0,
443650,,,,,,,,52.0,,30.0,,,,,,5.0,2.0,,,1.0,,,6.0,6.0,,
443669,,,,,,,,23.0,,14.0,,,,,,1.0,,,,,,,3.0,5.0,,
443678,,,,,,,,7.0,,5.0,,,,,,1.0,,,,,,,,,,
443696,,,,,,,,7.0,,1.0,,,,,,2.0,1.0,,,,,,2.0,1.0,,
443702,,,,,,,,15.0,,9.0,,,,,,2.0,1.0,,1.0,,,,,1.0,,
443711,,,,,,,,417.0,,,,,,,,75.0,93.0,143.0,15.0,,,1.0,,71.0,19.0,
443748,,,,,,,,36.0,,13.0,,,,,,7.0,,,,,,,,16.0,,
443766,,,,,,,,66.0,,31.0,,,,,,8.0,,,,,,,11.0,,,
443784,,,,,,,,69.0,,28.0,,,,,,14.0,,,,,,,13.0,,,
443951,,,,,,,,9.0,,4.0,,,,,,2.0,0.0,,0.0,,,0.0,0.0,1.0,1.0,
443979,,,,,,,,18.0,,12.0,,,,,,,1.0,,,,,,1.0,4.0,,
444051,,,,,,,,8.0,,2.0,,,,,,1.0,,,,,,,2.0,1.0,0.0,
444088,,,,,,,,27.0,,18.0,,,,,,2.0,1.0,,4.0,,,,,2.0,,
444103,,,,,,,,16.0,,9.0,,,,,,,1.0,1.0,,,,1.0,,0.0,,
444130,,,,,,,,704.0,,184.0,2.0,,,,,30.0,61.0,42.0,7.0,,,,2.0,32.0,,
444194,,,,,,,,17.0,,6.0,,,,,,5.0,1.0,,,,,,2.0,2.0,1.0,
444200,,,,,,,,16.0,,8.0,,,,,,5.0,,,,,,,,1.0,,
444219,,,,,,,,330.0,,195.0,,,,,,18.0,12.0,5.0,17.0,,,22.0,,48.0,,
444228,,,,,,,,4.0,,2.0,,,,,,1.0,1.0,,,,,,,0.0,,
444255,,,,,,,,19.0,,5.0,,,,,,3.0,,,,,,,,1.0,1.0,
444264,,,,,,,,26.0,,5.0,,,,,,8.0,2.0,1.0,,,,0.0,4.0,4.0,1.0,
444282,,,,,,,,6.0,,3.0,,,,,,1.0,,,,,,,,1.0,,
444291,,,,,,,,6.0,,3.0,,,,,,1.0,,,,,,,,1.0,,
444307,,,,,,,,5.0,,3.0,,,,,,1.0,,,,,,,,,,
444316,,,,,,,,12.0,,7.0,,,,,,,,,,,,,,5.0,,
444325,,,,,,,,14.0,,2.0,,,,,,,0.0,,,,,,,7.0,,
444334,,,,,,,,10.0,,3.0,,2.0,,,,2.0,,,,,,1.0,,,,
444343,,,,,,,,14.0,,5.0,,,,,,1.0,1.0,,,,,,,1.0,,
444361,,,,,,,,13.0,,5.0,,,,,,7.0,,,,,,0.0,,1.0,,
444370,,,,,,,,15.0,,4.0,,,,,,3.0,2.0,0.0,,,,,,3.0,,
444398,,,,,,,,35.0,,16.0,,,,,,2.0,4.0,1.0,1.0,,,,,3.0,1.0,
444404,,,,,,,,7.0,,2.0,,,,,,1.0,1.0,,,,,,,2.0,,
444413,,,,,,,,8.0,,6.0,,,,,,1.0,,,,,,,,0.0,,
444440,,,,,,,,9.0,,5.0,,,,,,1.0,1.0,,,,,,0.0,1.0,,
444468,,,,,,,,2.0,,1.0,,,,,,,,,,,,,,0.0,,
444486,,,,,,,,33.0,,15.0,,,,,,5.0,2.0,,,,,1.0,6.0,3.0,,
444510,,,,,,,,13.0,,3.0,,,,,,3.0,2.0,,,,,,,4.0,,
444529,,,,,,,,19.0,,3.0,,,,,,5.0,,,,,,,,7.0,,
444556,,,,,,,,53.0,,17.0,,,,,,6.0,6.0,,,,,,14.0,3.0,,
444565,,,,,,,,62.0,,35.0,,,,,,4.0,3.0,,1.0,,,11.0,,4.0,1.0,
444583,,,,,,,,75.0,,12.0,,,,,,10.0,2.0,2.0,1.0,,,2.0,6.0,2.0,7.0,
444592,,,,,,,,19.0,,10.0,,,,,,3.0,,,,,,,,6.0,,
444635,,,,,,,,11.0,,4.0,,,,,,1.0,2.0,,,,,1.0,1.0,1.0,,
444644,,,,,,,,5.0,,4.0,,,,,,,,,,,,,,0.0,,
444662,,,,,,,,13.0,,8.0,,,,,,2.0,1.0,,,,,,1.0,1.0,,
444671,,,,,,,,32.0,,16.0,,,,,,3.0,2.0,,,,,2.0,,3.0,,
444680,,,,,,,,13.0,,2.0,,,,,,1.0,1.0,,0.0,,,1.0,1.0,,2.0,1.0
444699,,,,,,,,8.0,,5.0,,,,,,3.0,,,,,,,,,,
444714,,,,,,,,12.0,,5.0,,,,,,1.0,,,,,,,3.0,3.0,,
444732,,,,,,,,12.0,,4.0,,,,,,3.0,1.0,,,,,1.0,1.0,,0.0,
444778,,,,,,,,19.0,,9.0,,,,,,5.0,1.0,,,,,,,,,
444787,,,,,,,,109.0,,45.0,,,,,,26.0,3.0,,,,,,,26.0,,
444796,,,,,,,,29.0,,4.0,,,,,,2.0,2.0,1.0,2.0,1.0,,3.0,5.0,3.0,2.0,0.0
444811,,,,,,,,45.0,,13.0,,,,,,7.0,3.0,2.0,,,,12.0,5.0,,,
444857,,,,,,,,9.0,,5.0,,,,,,1.0,2.0,,,,,,,1.0,,
444866,,,,,,,,33.0,,12.0,,,,,,8.0,1.0,,,,,,,11.0,,
444893,,,,,,,,31.0,,10.0,,,,,,4.0,6.0,,1.0,,,,4.0,4.0,,
444936,,,,,,,,11.0,,6.0,,,,,,2.0,,,,,,,,3.0,,
444945,,,,,,,,29.0,,12.0,,,,,,3.0,,,,,,1.0,,2.0,,
444954,,,,,,,,143.0,,86.0,,,,,,11.0,9.0,6.0,,,,2.0,,13.0,2.0,
444972,,,,,,,,8.0,,3.0,,,,,,2.0,,,,,,,,3.0,,
444990,,,,,,,,31.0,,22.0,,,,,,1.0,3.0,,2.0,,,,,3.0,,
445027,,,,,,,,774.0,,228.0,,,,,,31.0,37.0,1.0,,,,13.0,376.0,21.0,,
445054,,,,,,,,37.0,,11.0,14.0,,,,,1.0,5.0,1.0,,,,,,3.0,,
445133,,,,,,,,42.0,,13.0,,,,,,4.0,1.0,2.0,,,,2.0,9.0,1.0,,
445188,,,,,,,,1449.0,,387.0,93.0,2.0,,,,128.0,188.0,97.0,27.0,21.0,,158.0,5.0,152.0,29.0,15.0
445203,,,,,,,,51.0,,25.0,,,,,,10.0,1.0,1.0,,,,,7.0,6.0,,
445212,,,,,,,,33.0,,21.0,,,,,,2.0,,,,,,,5.0,3.0,1.0,
445230,,,,,,,,71.0,,39.0,,,,,,4.0,,,,,,,,20.0,,
445249,,,,,,,,65.0,,23.0,,,,,,16.0,2.0,1.0,,,,,6.0,16.0,,
445258,,,,,,,,30.0,,17.0,,,,,,5.0,1.0,,,,,2.0,3.0,1.0,,
445267,,,,,,,,112.0,,68.0,,,,,,6.0,5.0,,10.0,,,,,13.0,,
445300,,,,,,,,12.0,,7.0,,,,,,3.0,1.0,,,,,,,1.0,,
445364,,,,,,,,34.0,,17.0,,,,,,1.0,3.0,,,,,,,4.0,,
445391,,,,,,,,0.0,,0.0,,,,,,,,,,,,,,,,
445461,,,,,,,,40.0,,14.0,,,,,,9.0,,,,,,,,17.0,,
445498,,,,,,,,6.0,,3.0,,,,,,2.0,,,,,,,,1.0,1.0,
445540,,,,,,,,7.0,,4.0,,,,,,2.0,1.0,,,,,,,0.0,,
445638,,,,,,,,13.0,,4.0,,,,,,4.0,2.0,,,,,,,2.0,,
445647,,,,,,,,14.0,,5.0,,,,,,3.0,,,,,,,,1.0,,
445656,,,,,,,,12.0,,6.0,,,,,,2.0,,,,,,,,2.0,,
445692,,,,,,,,57.0,,14.0,,,,,,6.0,5.0,5.0,1.0,,,,,3.0,,
445708,,,,,,,,193.0,,87.0,,,,,,33.0,20.0,3.0,18.0,1.0,,10.0,1.0,8.0,5.0,
445735,,,,,,,,392.0,,178.0,7.0,,,,,47.0,19.0,17.0,5.0,3.0,,36.0,,52.0,8.0,
445744,,,,,,,,42.0,,18.0,,,,,,8.0,3.0,,1.0,,,1.0,5.0,3.0,,
445762,,,,,,,,31.0,,12.0,,,,,,6.0,,,,,,,,13.0,,
445780,,,,,,,,7.0,,3.0,,,,,,2.0,,,,,,1.0,,1.0,,
445799,,,,,,,,69.0,,35.0,,,,,,10.0,17.0,1.0,,,,,,2.0,4.0,
445841,,,,,,,,14.0,,8.0,,,,,,1.0,,,,,,,3.0,1.0,,
445850,,,,,,,,11.0,,6.0,,,,,,1.0,,,,,,,2.0,1.0,,
445869,,,,,,,,51.0,,21.0,,,,,,7.0,1.0,2.0,1.0,,,,,4.0,,
445948,,,,,,,,92.0,,35.0,,,,,,4.0,2.0,4.0,,,,,13.0,15.0,7.0,
445957,,,,,,,,16.0,,8.0,,,,,,3.0,1.0,,,,,,0.0,1.0,,
446002,,,,,,,,19.0,,12.0,,,,,,5.0,,,,,,2.0,,,,
446039,,,,,,,,23.0,,8.0,,,,,,4.0,2.0,1.0,1.0,,,,0.0,4.0,,
446048,,,,,,,,212.0,,80.0,,,,,,35.0,11.0,8.0,25.0,4.0,,11.0,1.0,9.0,7.0,0.0
446084,,,,,,,,14.0,,7.0,,,,,,3.0,2.0,,,,,,1.0,0.0,,
446093,,,,,,,,9.0,,3.0,,,,,,1.0,1.0,,,,,,,1.0,,
446109,,,,,,,,37.0,,27.0,,,,,,,2.0,,,0.0,,,,0.0,,
446118,,,,,,,,81.0,,46.0,,,,,,7.0,4.0,,6.0,,,2.0,7.0,4.0,,
446127,,,,,,,,33.0,,17.0,,,,,,2.0,2.0,1.0,,,,1.0,2.0,2.0,,
446136,,,,,,,,44.0,,12.0,,,,,,5.0,3.0,,1.0,,,,11.0,2.0,1.0,
446163,,,,,,,,11.0,,6.0,,1.0,,,,1.0,0.0,,,,,,,,,
446206,,,,,,,,4.0,,2.0,,,,,,0.0,0.0,,,,,,,0.0,,
446224,,,,,,,,13.0,,7.0,,,,,,1.0,1.0,,,,,,1.0,2.0,,
446233,,,,,,,,75.0,,35.0,,,,,,6.0,4.0,,,,,7.0,,14.0,,
446242,,,,,,,,14.0,,8.0,,,,,,1.0,,,,,,,,1.0,,
446251,,,,,,,,16.0,,6.0,,,,,,4.0,,,,,,2.0,1.0,1.0,,
446260,,,,,,,,53.0,,27.0,,,,,,6.0,2.0,1.0,,,,8.0,5.0,4.0,,
446288,,,,,,,,6.0,,3.0,,,,,,1.0,,,,,,,1.0,1.0,,
446303,,,,,,,,20.0,,5.0,,,,,,3.0,2.0,1.0,,,,,2.0,1.0,1.0,
446349,,,,,,,,4.0,,3.0,,,,,,,,,,,,,,1.0,,
446385,,,,,,,,59.0,,32.0,,1.0,,,,5.0,3.0,,,,,,6.0,4.0,,4.0
446394,,,,,,,,15.0,,10.0,,,,,,2.0,1.0,,,,,,,1.0,,
446455,,,,,,,,11.0,,5.0,,,,,,1.0,1.0,,,,,,2.0,,,
446516,,,,,,,,8.0,,2.0,,,,,,2.0,1.0,,,,,,,3.0,,
446525,,,,,,,,15.0,,4.0,,,,,,1.0,,3.0,,,,,,2.0,,
446534,,,,,,,,6.0,,2.0,,,,,,1.0,,,,,,3.0,,,,
446552,,,,,,,,144.0,,46.0,,,,,,25.0,6.0,1.0,,,,4.0,,8.0,,
446561,,,,,,,,345.0,,194.0,,,,,,55.0,5.0,,10.0,,,5.0,,16.0,,3.0
446589,,,,,,,,17.0,,7.0,,,,,,3.0,1.0,,,,,1.0,2.0,2.0,1.0,
446598,,,,,,,,10.0,,8.0,,,,,,1.0,1.0,0.0,,,,,,,,
446604,,,,,,,,197.0,,150.0,,,,,,6.0,10.0,4.0,,,,20.0,,6.0,,
446640,,,,,,,,302.0,,152.0,,1.0,,,,4.0,16.0,20.0,1.0,,,3.0,12.0,13.0,7.0,
446677,,,,,,,,13.0,,7.0,,,,,,2.0,1.0,0.0,,,,,1.0,1.0,,
446774,,,,,,,,204.0,,113.0,,,,,,16.0,11.0,4.0,13.0,,,19.0,,25.0,,
446978,,,,,,,,31.0,,,,1.0,,,,5.0,7.0,1.0,11.0,,,,,5.0,,
446996,,,,,,,,7.0,,4.0,,,,,,1.0,1.0,,,,,,,1.0,,
447014,,,,,,,,42.0,,19.0,,,,,,3.0,2.0,,,,,,,4.0,1.0,
447023,,,,,,,,64.0,,36.0,,,,,,9.0,4.0,,,,,2.0,,5.0,,
447050,,,,,,,,79.0,,34.0,,,,,,14.0,1.0,1.0,,,,,,1.0,,
447148,,,,,,,,11.0,,6.0,,,,,,2.0,,,,,,,,1.0,,
447166,,,,,,,,6.0,,4.0,,,,,,1.0,,,,,,,,1.0,,
447175,,,,,,,,6.0,,3.0,,,,,,1.0,,,,,,,,1.0,,
447263,,,,,,,,90.0,,41.0,,,,,,14.0,11.0,,,,,,5.0,5.0,,
447379,,,,,,,,37.0,,19.0,,,,,,6.0,2.0,,,,,5.0,4.0,1.0,,
447403,,,,,,,,54.0,,23.0,,,,,,9.0,18.0,,,,,,,2.0,2.0,
447421,,,,,,,,12.0,,7.0,,,,,,1.0,1.0,,,,,,1.0,2.0,,
447430,,,,,,,,14.0,,8.0,,,,,,1.0,1.0,,,,,0.0,,3.0,,
447449,,,,,,,,6.0,,2.0,,,,,,1.0,1.0,,,,,1.0,,1.0,,
447458,,,,,,,,45.0,,23.0,,,,,,1.0,,2.0,,,,,,1.0,2.0,
447467,,,,,,,,17.0,,8.0,,,,,,2.0,,,,,,1.0,,1.0,,
447582,,,,,,,,126.0,,57.0,,,,,,17.0,6.0,5.0,1.0,,,8.0,,13.0,,
447591,,,,,,,,39.0,,21.0,,,,,,4.0,,,,,,,,1.0,,
447607,,,,,,,,46.0,,18.0,,,,,,4.0,1.0,,,,,0.0,,23.0,,
447616,,,,,,,,41.0,,13.0,,,,,,6.0,1.0,,,,,1.0,,20.0,,
447689,,,,,,,,934.0,,520.0,,,,,,138.0,24.0,23.0,34.0,2.0,,32.0,,75.0,8.0,
447698,,,,,,,,29.0,,11.0,1.0,,,,,3.0,1.0,,,,,,1.0,6.0,,
447704,,,,,,,,9.0,,5.0,,,,,,1.0,2.0,,,,,,,1.0,,
447713,,,,,,,,23.0,,10.0,1.0,,,,,5.0,1.0,0.0,,3.0,,1.0,0.0,1.0,0.0,
447722,,,,,,,,10.0,,3.0,,,,,,3.0,1.0,,,,,1.0,,1.0,,
447731,,,,,,,,14.0,,9.0,,,,,,0.0,0.0,,,,,1.0,,3.0,,
447759,,,,,,,,29.0,,8.0,,,,,,4.0,2.0,,,,,8.0,2.0,3.0,1.0,
447768,,,,,,,,94.0,,35.0,,,,,,25.0,4.0,1.0,8.0,,,,1.0,16.0,,
447777,,,,,,,,58.0,,25.0,,,,,,7.0,6.0,1.0,,,,,6.0,7.0,,
447795,,,,,,,,6.0,,2.0,,,,,,2.0,1.0,,,,,,,0.0,,
447801,,,,,,,,27.0,,14.0,,,,,,1.0,4.0,2.0,1.0,,,1.0,,4.0,,
447810,,,,,,,,39.0,,15.0,,,,,,4.0,1.0,1.0,,,,,,5.0,,
447847,,,,,,,,105.0,,63.0,1.0,,,,,7.0,2.0,1.0,1.0,,,5.0,,6.0,14.0,
447865,,,,,,,,5.0,,3.0,,,,,,1.0,,,,,,,,1.0,,
447874,,,,,,,,38.0,,20.0,,,,,,3.0,2.0,,,,,,5.0,1.0,7.0,
447883,,,,,,,,31.0,,14.0,,,,,,6.0,4.0,,,,,,2.0,3.0,2.0,
447892,,,,,,,,12.0,,5.0,,,,,,2.0,2.0,,,,,1.0,,2.0,,
447908,,,,,,,,11.0,,3.0,,,,,,2.0,,,,,,4.0,,,,
447917,,,,,,,,6.0,,2.0,,,,,,3.0,0.0,,,,,,,1.0,,
447935,,,,,,,,46.0,,23.0,,,,,,2.0,6.0,1.0,,,,,4.0,2.0,,
447953,,,,,,,,52.0,,26.0,1.0,1.0,,,,4.0,4.0,,1.0,,,,,6.0,,
447962,,,,,,,,21.0,,12.0,,,,,,3.0,1.0,,,,,,1.0,2.0,,
447971,,,,,,,,18.0,,9.0,,,,,,2.0,1.0,,,,,1.0,,3.0,,
447980,,,,,,,,6.0,,4.0,,,,,,1.0,0.0,,,,,,,0.0,,
447999,,,,,,,,26.0,,14.0,,,,,,3.0,1.0,,,,,,2.0,,,
448017,,,,,,,,22.0,,6.0,,,,,,3.0,1.0,,,3.0,,,,8.0,,
448026,,,,,,,,21.0,,10.0,,,,,,2.0,,,,,,,,3.0,,
448044,,,,,,,,3.0,,0.0,,,,,,1.0,1.0,,,,,,0.0,,,
448071,,,,,,,,27.0,,11.0,,,,,,7.0,3.0,,,,,,2.0,4.0,,
448123,,,,,,,,26.0,,8.0,,,,,,4.0,2.0,,,,,1.0,3.0,6.0,1.0,
448150,,,,,,,,11.0,,5.0,,,,,,2.0,1.0,,,,,,1.0,1.0,,
448196,,,,,,,,14.0,,6.0,,,,,,4.0,1.0,,,,,,1.0,1.0,,
448220,,,,,,,,15.0,,7.0,,,,,,1.0,,,,,,,2.0,4.0,1.0,
448239,,,,,,,,15.0,,9.0,,,,,,3.0,1.0,,,,,,,1.0,,
448248,,,,,,,,174.0,,85.0,,,,,,30.0,10.0,4.0,7.0,,,6.0,1.0,20.0,4.0,
448257,,,,,,,,10.0,,4.0,,,,,,1.0,1.0,,,,,,,4.0,,
448275,,,,,,,,4.0,,2.0,,,,,,1.0,,,,,,0.0,,1.0,,
448284,,,,,,,,100.0,,50.0,,,,,,13.0,1.0,8.0,10.0,,,,7.0,4.0,1.0,
448309,,,,,,,,5.0,,4.0,,,,,,,1.0,,,,,,,,,
448336,,,,,,,,20.0,,,,,,,,9.0,6.0,,4.0,,,,,1.0,,
448354,,,,,,,,16.0,,6.0,,,,,,1.0,2.0,1.0,,,,1.0,3.0,,,
448381,,,,,,,,96.0,,,,,,,,19.0,,21.0,,,,9.0,,40.0,,
448424,,,,,,,,7.0,,4.0,,,,,,2.0,,,,,,,,1.0,,
448433,,,,,,,,79.0,,35.0,,,,,,8.0,30.0,1.0,,,,,,2.0,3.0,
448567,,,,,,,,2.0,,2.0,,,,,,,,,,,,,,,,
448594,,,,,,,,201.0,,79.0,,,,,,25.0,,1.0,21.0,,,17.0,,12.0,,
448600,,,,,,,,33.0,,15.0,,,,,,8.0,1.0,,,,,,4.0,4.0,0.0,
448619,,,,,,,,104.0,,49.0,,,,,,18.0,,2.0,,,,3.0,3.0,29.0,,
448637,,,,,,,,59.0,,,1.0,,,,,25.0,17.0,7.0,1.0,,,1.0,,7.0,,
448646,,,,,,,,16.0,,5.0,,,,,,2.0,,,,,,1.0,,1.0,,
448673,,,,,,,,193.0,,58.0,,,,,,36.0,32.0,,,,,,,5.0,,
448691,,,,,,,,38.0,,9.0,,,,,,8.0,1.0,2.0,,,,,,15.0,,
448707,,,,,,,,13.0,,5.0,,,,,,1.0,,,,,,,2.0,1.0,2.0,
448716,,,,,,,,9.0,,4.0,,,,,,1.0,,,,,,1.0,1.0,2.0,,
448752,,,,,,,,22.0,,8.0,,,,,,3.0,4.0,1.0,,,,,2.0,1.0,,
448761,,,,,,,,19.0,,8.0,,,,,,4.0,2.0,1.0,,,,,1.0,2.0,,
448770,,,,,,,,30.0,,13.0,,,,,,3.0,1.0,,,,,,7.0,4.0,1.0,
448798,,,,,,,,10.0,,6.0,,,,,,1.0,,,,,,,,1.0,,
448840,,,,,,,,523.0,,183.0,3.0,,,,,36.0,42.0,16.0,39.0,2.0,,45.0,,59.0,20.0,3.0
448859,,,,,,,,22.0,,13.0,,,,,,2.0,,,,,,1.0,,1.0,,
448886,,,,,,,,1653.0,,695.0,10.0,8.0,,,,209.0,138.0,116.0,158.0,2.0,,20.0,10.0,187.0,19.0,4.0
448895,,,,,,,,40.0,,19.0,,,,,,3.0,,,,,,2.0,7.0,9.0,,
448974,,,,,,,,3.0,,2.0,,,,,,1.0,,,,,,,,,,
448983,,,,,,,,10.0,,4.0,,,,,,3.0,,,,,,,,1.0,,
449038,,,,,,,,94.0,,47.0,,,,,,14.0,1.0,,,,,,15.0,,,
449074,,,,,,,,54.0,,28.0,,,,,,4.0,,,,,,,,13.0,,
449083,,,,,,,,20.0,,9.0,,,,,,1.0,2.0,1.0,,,,1.0,1.0,1.0,,
449092,,,,,,,,19.0,,10.0,,,,,,,3.0,1.0,,,,1.0,3.0,1.0,,
449117,,,,,,,,38.0,,17.0,,,,,,5.0,1.0,,,2.0,,,6.0,6.0,,
449135,,,,,,,,7.0,,2.0,,,,,,2.0,0.0,,,,,2.0,0.0,0.0,,
449250,,,,,,,,43.0,,26.0,,,,,,4.0,,,,,,,,2.0,1.0,
449311,,,,,,,,14.0,,6.0,,,,,,1.0,2.0,,,,,1.0,1.0,3.0,,
449320,,,,,,,,44.0,,21.0,,,,,,11.0,,1.0,,,,,,10.0,,
449339,,,,,,,,1657.0,,822.0,,,,,,244.0,142.0,81.0,131.0,,,19.0,,111.0,,
449348,,,,,,,,17.0,,9.0,,1.0,,,,1.0,1.0,,,,,,,,,
449357,,,,,,,,20.0,,11.0,,,,,,2.0,1.0,,,,,2.0,,4.0,,
449366,,,,,,,,74.0,,22.0,,,,,,9.0,3.0,1.0,,,,,7.0,9.0,1.0,4.0
449384,,,,,,,,59.0,,28.0,,,,,,7.0,3.0,6.0,,,,,,3.0,,
449393,,,,,,,,5.0,,4.0,,,,,,,1.0,,,,,,,,,
449445,,,,,,,,10.0,,6.0,,,,,,,,,,,,,,,,
449454,,,,,,,,15.0,,4.0,,,,,,2.0,3.0,,,,,4.0,,1.0,,
449463,,,,,,,,34.0,,17.0,,,,,,,2.0,,,,,2.0,,7.0,,
449472,,,,,,,,9.0,,5.0,,,,,,1.0,1.0,,,,,,,2.0,,
449481,,,,,,,,6.0,,2.0,,,,,,3.0,,,,,,,,1.0,,
449490,,,,,,,,10.0,,3.0,,,,,,1.0,1.0,,,,,1.0,,4.0,,
449506,,,,,,,,47.0,,18.0,,,,,,12.0,5.0,2.0,2.0,,,3.0,,1.0,3.0,
449524,,,,,,,,29.0,,16.0,,,,,,8.0,1.0,,,,,,,4.0,,
449533,,,,,,,,7.0,,4.0,,,,,,1.0,1.0,,,,,,,1.0,,
449597,,,,,,,,6.0,,2.0,,,,,,1.0,,,,,,,,2.0,,
449603,,,,,,,,21.0,,9.0,,,,,,4.0,1.0,,,,,0.0,3.0,3.0,,
449612,,,,,,,,18.0,,6.0,,,,,,3.0,3.0,,,,,3.0,,,,
449658,,,,,,,,10.0,,6.0,,,,,,1.0,0.0,,,,,1.0,1.0,1.0,,
449667,,,,,,,,20.0,,8.0,,,,,,4.0,2.0,,1.0,,,,,2.0,,
449676,,,,,,,,25.0,,9.0,,,,,,2.0,1.0,1.0,,,,1.0,5.0,6.0,,
449685,,,,,,,,27.0,,9.0,,,,,,4.0,2.0,0.0,,,,3.0,3.0,3.0,,
449700,,,,,,,,21.0,,7.0,,,,,,2.0,,,,,,,,,,
449719,,,,,,,,20.0,,11.0,,,,,,2.0,3.0,,,,,,2.0,2.0,0.0,
449728,,,,,,,,10.0,,6.0,,,,,,1.0,1.0,,,,,,,2.0,,
449764,,,,,,,,32.0,,15.0,,,,,,5.0,2.0,,,,,0.0,4.0,1.0,1.0,
449773,,,,,,,,27.0,,13.0,,,,,,4.0,2.0,0.0,,,,,4.0,2.0,,
449782,,,,,,,,5.0,,2.0,,,,,,2.0,1.0,,,,,,,,,
449807,,,,,,,,14.0,,8.0,,,,,,2.0,,,,,,1.0,,1.0,1.0,
449816,,,,,,,,56.0,,26.0,,,,,,10.0,,2.0,,,,5.0,1.0,10.0,,
449834,,,,,,,,7.0,,5.0,,,,,,,0.0,,,,,,,2.0,,
449861,,,,,,,,19.0,,11.0,,,,,,3.0,1.0,,,,,,2.0,1.0,,
449870,,,,,,,,55.0,,15.0,,,,,,16.0,4.0,2.0,,,,5.0,,2.0,,
449889,,,,,,,,212.0,,92.0,,,,,,47.0,9.0,,,,,,,2.0,,
449898,,,,,,,,99.0,,55.0,,,,,,20.0,4.0,,3.0,,,,,14.0,,
449904,,,,,,,,13.0,,5.0,,,,,,2.0,,,,,,,2.0,4.0,,
449922,,,,,,,,52.0,,26.0,1.0,,,,,5.0,1.0,2.0,,,,5.0,,5.0,,
449931,,,,,,,,71.0,,38.0,,,,,,7.0,6.0,1.0,3.0,,,,,9.0,,
449959,,,,,,,,30.0,,19.0,,,,,,2.0,,,,,,,5.0,3.0,1.0,
449968,,,,,,,,30.0,,17.0,,,,,,2.0,,,,,,,4.0,5.0,2.0,
449977,,,,,,,,21.0,,11.0,,,,,,1.0,,,,,,,3.0,5.0,1.0,
449986,,,,,,,,24.0,,14.0,,,,,,2.0,,,,,,,2.0,5.0,1.0,
449995,,,,,,,,25.0,,13.0,,,,,,1.0,,,,,,,7.0,4.0,,
450021,,,,,,,,24.0,,13.0,,,,,,3.0,1.0,,,,,1.0,2.0,3.0,,
450058,,,,,,,,94.0,,62.0,,,,,,7.0,7.0,1.0,,,,,8.0,4.0,,
450067,,,,,,,,44.0,,25.0,,,,,,2.0,3.0,,,,,1.0,7.0,5.0,,
450119,,,,,,,,21.0,,9.0,,,,,,3.0,1.0,,,,,,2.0,6.0,,
450128,,,,,,,,30.0,,17.0,,,,,,2.0,4.0,,,,,,2.0,3.0,,
450182,,,,,,,,8.0,,2.0,,,,,,1.0,,,,,,1.0,,4.0,,
450298,,,,,,,,10.0,,3.0,,,,,,2.0,,,,,,,2.0,,,
450304,,,,,,,,40.0,,17.0,,,,,,5.0,4.0,1.0,,,,1.0,,5.0,0.0,
450377,,,,,,,,34.0,,13.0,,,,,,7.0,,,,,,,6.0,,,
450395,,,,,,,,25.0,,12.0,,,,,,3.0,3.0,0.0,,,,0.0,3.0,1.0,0.0,1.0
450401,,,,,,,,55.0,,29.0,,,,,,3.0,3.0,1.0,,2.0,,2.0,3.0,9.0,1.0,
450483,,,,,,,,2.0,,2.0,,,,,,,,,,,,,,,,
450571,,,,,,,,67.0,,31.0,,,,,,10.0,,,,,,,,3.0,,
450599,,,,,,,,5.0,,3.0,,,,,,1.0,,,,,,,,1.0,,
450605,,,,,,,,9.0,,6.0,,,,,,1.0,,,,,,,,1.0,,
450614,,,,,,,,7.0,,4.0,,,,,,1.0,,,,,,,,1.0,,
450632,,,,,,,,31.0,,10.0,,,,,,2.0,,,,,,14.0,1.0,3.0,,
450641,,,,,,,,17.0,,9.0,,,,,,2.0,1.0,,,,,,2.0,1.0,,
450650,,,,,,,,55.0,,18.0,,,,,,2.0,2.0,,,,,1.0,3.0,26.0,,
450696,,,,,,,,26.0,,12.0,,,,,,4.0,,,,,,,,1.0,,
450702,,,,,,,,28.0,,15.0,,,,,,7.0,,,,,,,,1.0,,
450711,,,,,,,,14.0,,4.0,,,,,,1.0,,,,3.0,,,,4.0,,
450720,,,,,,,,31.0,,14.0,,,,,,9.0,,0.0,,,,1.0,,5.0,,
450757,,,,,,,,1.0,,,,,,,,,,,,,,,1.0,,,
450933,,,,,,,,804.0,,268.0,,,,,,97.0,21.0,33.0,45.0,,,16.0,27.0,94.0,,
450951,,,,,,,,25.0,,13.0,,,,,,1.0,2.0,,,,,2.0,3.0,1.0,3.0,
450960,,,,,,,,29.0,,18.0,,,,,,2.0,2.0,,,,,,3.0,,,
450979,,,,,,,,427.0,,166.0,,,,,,68.0,43.0,21.0,4.0,,,,5.0,2.0,,
450988,,,,,,,,12.0,,7.0,,,,,,3.0,1.0,,,,,,,1.0,,
451006,,,,,,,,16.0,,4.0,,,,,,4.0,4.0,0.0,,,,,2.0,1.0,,
451033,,,,,,,,1.0,,1.0,,,,,,,,,,,,,,,,
451042,,,,,,,,36.0,,20.0,,,,,,6.0,2.0,,,,,,4.0,1.0,,
451051,,,,,,,,8.0,,4.0,,,,,,1.0,1.0,,,,,,,1.0,,
451079,,,,,,,,10.0,,,,1.0,,,,3.0,1.0,,,1.0,,,,2.0,,
451097,,,,,,,,13.0,,5.0,,,,,,,3.0,,,,,1.0,,1.0,,
451103,,,,,,,,102.0,,46.0,,,,,,21.0,3.0,3.0,,,,2.0,,6.0,,
451121,,,,,,,,13.0,,7.0,,,,,,2.0,3.0,,,,,,,1.0,,
451149,,,,,,,,48.0,,25.0,,,,,,,,,,,,4.0,13.0,4.0,,
451158,,,,,,,,54.0,,31.0,,,,,,4.0,,,,,,1.0,13.0,3.0,,
451167,,,,,,,,24.0,,12.0,,,,,,2.0,2.0,,,,,,5.0,2.0,,
451194,,,,,,,,6.0,,4.0,,,,,,1.0,,,,,,,,1.0,,
451228,,,,,,,,17.0,,7.0,,,,,,2.0,,,,,,,4.0,2.0,,
451237,,,,,,,,21.0,,13.0,,,,,,,6.0,,,,,,,1.0,,
451255,,,,,,,,11.0,,3.0,,,,,,2.0,0.0,,,,,,,4.0,,
451264,,,,,,,,13.0,,3.0,,,,,,6.0,,1.0,,,,,,1.0,,
451282,,,,,,,,14.0,,7.0,,,,,,1.0,1.0,,,,,,3.0,2.0,,
451291,,,,,,,,4.0,,2.0,,,,,,1.0,,,,,,,,1.0,,
451334,,,,,,,,28.0,,14.0,,,,,,4.0,2.0,,,,,,3.0,4.0,,
451343,,,,,,,,9.0,,4.0,,,,,,2.0,2.0,,,,,,,1.0,,
451352,,,,,,,,42.0,,20.0,,,,,,5.0,2.0,,,,,,,15.0,,
451370,,,,,,,,7.0,,6.0,,,,,,1.0,,,,,,0.0,,0.0,,
451398,,,,,,,,18.0,,10.0,,,,,,2.0,1.0,,,,,4.0,,1.0,,
451404,,,,,,,,37.0,,31.0,,,,,,1.0,2.0,,,,,1.0,,2.0,,
451413,,,,,,,,60.0,,37.0,,,,,,10.0,3.0,,,,,2.0,1.0,6.0,,
451459,,,,,,,,13.0,,6.0,,,,,,1.0,1.0,,,,,,,2.0,,
451468,,,,,,,,33.0,,17.0,,,,,,2.0,3.0,,,,,,9.0,2.0,,
451477,,,,,,,,83.0,,69.0,,,,,,5.0,,0.0,,,,,5.0,3.0,,
451495,,,,,,,,7.0,,3.0,,,,,,1.0,1.0,,,,,,1.0,,,
451501,,,,,,,,39.0,,13.0,,,,,,6.0,1.0,,,,,2.0,,1.0,,1.0
451510,,,,,,,,76.0,,34.0,,,,,,15.0,4.0,3.0,,,,3.0,,9.0,,
451529,,,,,,,,4.0,,3.0,,,,,,,,,,,,,,1.0,,
451538,,,,,,,,15.0,,,,,,,,4.0,3.0,,,,,,,1.0,,
451547,,,,,,,,4.0,,2.0,,,,,,,1.0,,,,,,,1.0,,
451556,,,,,,,,204.0,,85.0,,,,,,19.0,14.0,6.0,,,,,10.0,34.0,24.0,
451565,,,,,,,,21.0,,10.0,,,,,,2.0,,,,,,,5.0,4.0,,
451574,,,,,,,,13.0,,8.0,,,,,,1.0,,,,,,,3.0,1.0,,
451583,,,,,,,,99.0,,53.0,,,,,,11.0,6.0,1.0,3.0,,,8.0,4.0,8.0,2.0,
451626,,,,,,,,11.0,,6.0,,,,,,2.0,1.0,,,,,,,2.0,,
451635,,,,,,,,5.0,,3.0,,,,,,0.0,0.0,,,,,0.0,,1.0,,
451671,,,,,,,,224.0,,115.0,,,,,,18.0,19.0,7.0,11.0,,,1.0,,29.0,1.0,
451714,,,,,,,,25.0,,13.0,,,,,,4.0,2.0,,,,,2.0,2.0,,0.0,
451741,,,,,,,,47.0,,10.0,,,,,,18.0,11.0,,2.0,,,1.0,1.0,3.0,,
451750,,,,,,,,139.0,,71.0,,,,,,11.0,,1.0,34.0,,,4.0,,9.0,,
451820,,,,,,,,45.0,,25.0,,,,,,4.0,5.0,,2.0,,,,,9.0,,
451857,,,,,,,,50.0,,28.0,,,,,,10.0,3.0,,,,,,5.0,4.0,,
451866,,,,,,,,43.0,,25.0,,,,,,7.0,1.0,1.0,,,,,4.0,5.0,,
451875,,,,,,,,11.0,,6.0,,,,,,3.0,,,,,,1.0,,0.0,,
451884,,,,,,,,7.0,,5.0,,,,,,1.0,,,,,,,,1.0,,
451909,,,,,,,,51.0,,29.0,,,,,,6.0,4.0,,,,,1.0,6.0,2.0,,
451918,,,,,,,,13.0,,7.0,,,,,,1.0,1.0,,,,,,,2.0,,
452009,,,,,,,,4.0,,3.0,,,,,,1.0,,,,,,,,,,
452072,,,,,,,,13.0,,5.0,,,,,,4.0,,,,,,,,1.0,,
452081,,,,,,,,34.0,,17.0,,,,,,5.0,,,,,,,,1.0,,
452106,,,,,,,,19.0,,8.0,,,,,,1.0,,,,,,,,7.0,2.0,
452124,,,,,,,,39.0,,22.0,,,,,,7.0,3.0,,,,,,,6.0,,
452373,,,,,,,,30.0,,17.0,,,,,,1.0,3.0,1.0,,,,,3.0,1.0,,
452540,,,,,,,,4.0,,1.0,,,,,,1.0,1.0,,,,,,,1.0,,
452771,,,,,,,,1.0,,1.0,,,,,,0.0,,,,,,,,0.0,,
452780,,,,,,,,1.0,,1.0,,,,,,0.0,,,,,,,,0.0,,
452887,,,,,,,,14.0,,6.0,,,,,,4.0,3.0,,,,,,,1.0,,
452948,,,,,,,,45.0,,23.0,,,,,,6.0,,1.0,,,,,,3.0,,
453163,,,,,,,,114.0,,40.0,,,,,,17.0,,,,,,,24.0,,,
453215,,,,,,,,30.0,,12.0,,,,,,5.0,,,,,,,5.0,1.0,,
453297,,,,,,,,9.0,,3.0,,,,,,2.0,,,,,,3.0,,1.0,,
453455,,,,,,,,6.0,,,,,,,,1.0,,,,,,,3.0,2.0,,
453464,,,,,,,,6.0,,,,,,,,1.0,,,,,,,3.0,2.0,,
453756,,,,,,,,24.0,,9.0,,,,,,3.0,,,,,,,,7.0,,
453792,,,,,,,,15.0,,7.0,,,,,,2.0,1.0,,,,,1.0,,1.0,,
454184,,,,,,,,98.0,,35.0,,,,,,31.0,2.0,2.0,5.0,,,3.0,,20.0,,
454218,,,,,,,,545.0,,,,,,,,120.0,133.0,6.0,0.0,,,,,16.0,,
454227,,,,,,,,842.0,,582.0,,,,,,76.0,2.0,5.0,,,,,,20.0,,
454236,,,,,,,,81.0,,44.0,,,,,,10.0,,2.0,,,,,,7.0,,
454245,,,,,,,,94.0,,43.0,,,,,,10.0,0.0,1.0,,,,,,7.0,,
454306,,,,,,,,14.0,,7.0,,,,,,1.0,,1.0,,,,,3.0,2.0,0.0,
454458,,,,,,,,9.0,,3.0,,,,,,3.0,,,,,,,,,,
454537,,,,,,,,11.0,,4.0,,,,,,1.0,2.0,,,,,,3.0,1.0,,
454546,,,,,,,,7.0,,4.0,,,,,,1.0,,,,,,0.0,1.0,1.0,,
454555,,,,,,,,19.0,,11.0,,,,,,1.0,,,,,,,2.0,5.0,,
454573,,,,,,,,17.0,,6.0,,,,,,2.0,,,,,,,3.0,6.0,,
454607,,,,,,,,30.0,,17.0,,,,,,1.0,3.0,,0.0,,,,2.0,,,
454616,,,,,,,,35.0,,12.0,,,,,,2.0,,2.0,,,,9.0,,1.0,,
454652,,,,,,,,34.0,,9.0,,,,,,6.0,1.0,,,,,9.0,3.0,1.0,1.0,
454689,,,,,,,,34.0,,18.0,,,,,,7.0,,1.0,,,,,,5.0,,
454698,,,,,,,,37.0,,18.0,,,,,,1.0,3.0,3.0,,,,,3.0,1.0,,
454722,,,,,,,,6.0,,2.0,,,,,,1.0,,,,,,,,2.0,,
454759,,,,,,,,6.0,,3.0,,,,,,3.0,,,,,,,,,,
454768,,,,,,,,26.0,,13.0,,,,,,4.0,,,,,,,2.0,6.0,1.0,
454777,,,,,,,,19.0,,10.0,,,,,,1.0,,,,,,,3.0,5.0,,
454786,,,,,,,,92.0,,41.0,,,,,,13.0,3.0,4.0,1.0,,,,,5.0,,
454795,,,,,,,,17.0,,5.0,,,,,,4.0,0.0,,,,,,,0.0,,
454801,,,,,,,,5.0,,4.0,,,,,,,1.0,,,,,,,,,
454810,,,,,,,,153.0,,39.0,,,,,,12.0,24.0,,,,,,52.0,5.0,,
454829,,,,,,,,192.0,,74.0,1.0,,,,,26.0,1.0,2.0,,,,,,2.0,,
454838,,,,,,,,4.0,,1.0,,,,,,1.0,1.0,,,,,,,1.0,,
454847,,,,,,,,5.0,,3.0,,,,,,1.0,,,,,,,,1.0,,
454856,,,,,,,,100.0,,63.0,,,,,,12.0,6.0,1.0,,,,1.0,1.0,9.0,,
454865,,,,,,,,47.0,,32.0,,,,,,2.0,2.0,,,0.0,,,,2.0,,
454874,,,,,,,,8.0,,4.0,,,,,,,,,,,,,,4.0,,
454908,,,,,,,,19.0,,8.0,,,,,,1.0,2.0,1.0,,,,1.0,,6.0,,
454917,,,,,,,,32.0,,14.0,,,,,,11.0,1.0,,,,,,,5.0,,
454926,,,,,,,,22.0,,11.0,,,,,,1.0,,,,,,,4.0,5.0,1.0,
454935,,,,,,,,6.0,,5.0,,,,,,,,,,,,,,,,
454944,,,,,,,,19.0,,9.0,,,,,,,1.0,,,,,,6.0,2.0,,
454953,,,,,,,,4.0,,2.0,,,,,,,,,,,,,,,,
454962,,,,,,,,4.0,,2.0,,,,,,,1.0,,,,,,,0.0,,
454971,,,,,,,,25.0,,15.0,,,,,,1.0,1.0,,,,,,,4.0,,
454980,,,,,,,,16.0,,9.0,,,,,,2.0,,,,,,,,2.0,,
454999,,,,,,,,26.0,,14.0,,,,,,2.0,1.0,,,,,,,4.0,,
455008,,,,,,,,21.0,,13.0,,,,,,1.0,2.0,,,,,,,1.0,,
455017,,,,,,,,5.0,,3.0,,,,,,,1.0,,,,,,,,,
455026,,,,,,,,21.0,,12.0,,,,,,5.0,3.0,,,,,,1.0,,,
455053,,,,,,,,4.0,,2.0,,,,,,0.0,0.0,,,,,,,0.0,,
455062,,,,,,,,3.0,,2.0,,,,,,,,,,,,,,2.0,,
455071,,,,,,,,15.0,,6.0,,,,,,2.0,1.0,,1.0,,,,1.0,1.0,,
455080,,,,,,,,15.0,,8.0,,,,,,1.0,2.0,,,,,,1.0,3.0,0.0,
455099,,,,,,,,17.0,,5.0,,,,,,4.0,1.0,0.0,,,,2.0,,3.0,,
455105,,,,,,,,11.0,,5.0,,,,,,2.0,2.0,,,,,,,,,
455114,,,,,,,,727.0,,260.0,,,,,,70.0,36.0,26.0,48.0,,,16.0,,71.0,7.0,
455141,,,,,,,,27.0,,13.0,,,,,,1.0,,,,,,,,8.0,,
455178,,,,,,,,27.0,,11.0,,,,,,5.0,1.0,,,,,,,7.0,2.0,
455187,,,,,,,,13.0,,7.0,,,,,,1.0,1.0,,,,,1.0,,1.0,,
455196,,,,,,,,253.0,,145.0,,,,,,18.0,5.0,2.0,,,,3.0,16.0,7.0,,1.0
455202,,,,,,,,38.0,,11.0,,,,,,5.0,2.0,,,,,,,16.0,,
455211,,,,,,,,22.0,,11.0,,,,,,2.0,2.0,,,,,,,,,
455220,,,,,,,,17.0,,4.0,,,,,,2.0,1.0,,,,,4.0,1.0,3.0,,
455239,,,,,,,,6.0,,4.0,,,,,,,1.0,,,,,,,,,
455257,,,,,,,,20.0,,12.0,,,,,,3.0,1.0,,,,,,,5.0,,
455275,,,,,,,,27.0,,13.0,,,,,,1.0,,,,,,,,7.0,,
455284,,,,,,,,27.0,,10.0,,,,,,4.0,4.0,,,,,1.0,5.0,1.0,,
455327,,,,,,,,6.0,,2.0,,,,,,3.0,,,,,,,,1.0,,
455336,,,,,,,,29.0,,9.0,,,,,,2.0,4.0,,,,,,2.0,11.0,,
455345,,,,,,,,7.0,,3.0,,,,,,1.0,1.0,,,,,,1.0,,,
455354,,,,,,,,32.0,,16.0,,,,,,8.0,1.0,,,,,,6.0,1.0,,
455381,,,,,,,,20.0,,9.0,,,,,,4.0,1.0,,,,,,2.0,2.0,,
455406,,,,,,,,167.0,,35.0,5.0,,,,,20.0,14.0,9.0,5.0,,,,,31.0,5.0,
455433,,,,,,,,10.0,,4.0,,,,,,3.0,,,,,,,,1.0,,
455460,,,,,,,,28.0,,7.0,,,,,,6.0,2.0,,,,,,5.0,1.0,,
455479,,,,,,,,55.0,,24.0,,,,,,14.0,4.0,,2.0,,,,6.0,4.0,,
455488,,,,,,,,27.0,,9.0,,,,,,6.0,4.0,,,,,,4.0,1.0,,
455512,,,,,,,,128.0,,93.0,,,,,,10.0,,2.0,1.0,,,6.0,,12.0,,
455558,,,,,,,,8.0,,6.0,,,,,,1.0,,,,,,,,0.0,,
455628,,,,,,,,36.0,,19.0,,,,,,5.0,1.0,,1.0,,,,,8.0,,
455664,,,,,,,,68.0,,22.0,,,,,,22.0,2.0,,,,,,7.0,6.0,,
455707,,,,,,,,6.0,,3.0,,,,,,,,,,,,,,1.0,,
455725,,,,,,,,59.0,,31.0,,,,,,7.0,3.0,,,,,,7.0,5.0,,
455734,,,,,,,,19.0,,11.0,,,,,,2.0,1.0,,,,,,,1.0,,
455761,,,,,,,,47.0,,28.0,,,,,,,,,,,,1.0,6.0,,1.0,
455770,,,,,,,,37.0,,12.0,,,,,,1.0,1.0,,8.0,,,3.0,1.0,9.0,,
455798,,,,,,,,11.0,,6.0,,,,,,1.0,1.0,,,,,,1.0,1.0,0.0,
455804,,,,,,,,68.0,,39.0,,,,,,5.0,2.0,,,,,,,9.0,,
455813,,,,,,,,16.0,,9.0,2.0,,,,,2.0,,,,,,,,3.0,,
455831,,,,,,,,14.0,,4.0,,,,,,2.0,,,,,,,3.0,4.0,,
455840,,,,,,,,16.0,,6.0,,,,,,5.0,,,,,,,,2.0,,
455859,,,,,,,,24.0,,12.0,,,,,,4.0,3.0,,1.0,,,,,4.0,,
455868,,,,,,,,23.0,,9.0,,,,,,3.0,1.0,,,,,,,2.0,,
455877,,,,,,,,22.0,,7.0,,,,,,4.0,3.0,,,,,,3.0,,1.0,
455886,,,,,,,,23.0,,14.0,,,,,,2.0,1.0,,,,,,,2.0,,
455895,,,,,,,,24.0,,15.0,,,,,,1.0,2.0,,,,,,,2.0,,
455901,,,,,,,,22.0,,10.0,,,,,,2.0,1.0,,,,,,3.0,6.0,,
455910,,,,,,,,7.0,,,,,,,,2.0,1.0,,,,,,,3.0,,
455929,,,,,,,,12.0,,4.0,,,,,,1.0,2.0,,,,,,,5.0,,
455947,,,,,,,,10.0,,5.0,,,,,,1.0,1.0,,,,,,1.0,1.0,,
455956,,,,,,,,17.0,,4.0,,,,,,2.0,,,,,,2.0,,8.0,,
455965,,,,,,,,15.0,,8.0,,,,,,3.0,2.0,,,,,,,2.0,,
455974,,,,,,,,36.0,,11.0,,,,,,4.0,4.0,1.0,,,,,1.0,4.0,,
455983,,,,,,,,30.0,,9.0,,,,,,5.0,3.0,0.0,0.0,,,0.0,,5.0,,
455992,,,,,,,,74.0,,26.0,,,,,,20.0,3.0,2.0,2.0,,,3.0,2.0,15.0,,
456001,,,,,,,,10.0,,5.0,,,,,,1.0,,,,,,,1.0,3.0,,
456029,,,,,,,,19.0,,10.0,,,,,,1.0,2.0,,,,,,1.0,1.0,,
456038,,,,,,,,32.0,,16.0,,,,,,3.0,,,,,,,,8.0,,
456065,,,,,,,,32.0,,19.0,,,,,,1.0,1.0,,,,,,3.0,2.0,,
456074,,,,,,,,37.0,,26.0,,,,,,1.0,1.0,,,,,2.0,4.0,1.0,,
456126,,,,,,,,7.0,,5.0,,,,,,1.0,,,,,,,,,,
456135,,,,,,,,8.0,,5.0,,,,,,1.0,,,,,,,,1.0,,
456153,,,,,,,,18.0,,6.0,,,,,,1.0,1.0,,,,,,,10.0,,
456180,,,,,,,,12.0,,7.0,,,,,,2.0,,,,1.0,,,,1.0,,
456205,,,,,,,,38.0,,22.0,,,,,,4.0,1.0,,,,,,4.0,5.0,,
456214,,,,,,,,28.0,,12.0,,,,,,4.0,1.0,1.0,,,,,,2.0,,
456287,,,,,,,,9.0,,2.0,,,,,,2.0,,,,,,,3.0,1.0,,
456454,,,,,,,,52.0,,29.0,,,,,,10.0,5.0,,,1.0,,,4.0,3.0,,
456481,,,,,,,,14.0,,8.0,,,,,,1.0,,,,,,,,1.0,,
456490,,,,,,,,49.0,,22.0,1.0,,,,,4.0,,3.0,,,,,,3.0,1.0,
456506,,,,,,,,16.0,,7.0,,,,,,3.0,,,,,,,,2.0,,
456515,,,,,,,,12.0,,6.0,,,,,,3.0,,,,,,,,,,
456542,,,,,,,,173.0,,40.0,3.0,,,,,59.0,9.0,9.0,,,,8.0,,21.0,,
456551,,,,,,,,7.0,,5.0,,,,,,2.0,,,,,,,,,,
456560,,,,,,,,25.0,,9.0,,,,,,1.0,,1.0,1.0,,,6.0,,5.0,,1.0
456579,,,,,,,,59.0,,38.0,,,,,,5.0,2.0,,,0.0,,,8.0,3.0,,
456588,,,,,,,,3.0,,2.0,,,,,,1.0,,,,,,,,,,
456597,,,,,,,,7.0,,4.0,,,,,,1.0,,,,,,,1.0,1.0,,
456621,,,,,,,,7.0,,2.0,,,,,,1.0,,,,,,,2.0,,,
456825,,,,,,,,11.0,,5.0,,,,,,1.0,1.0,,,,,,1.0,3.0,,
456861,,,,,,,,13.0,,6.0,,,,,,1.0,1.0,,,,,1.0,,4.0,,
456922,,,,,,,,28.0,,14.0,,,,,,5.0,1.0,,,,,1.0,3.0,4.0,,
456931,,,,,,,,28.0,,15.0,,,,,,5.0,2.0,,,,,,2.0,3.0,,
456959,,,,,,,,89.0,,37.0,,,,,,7.0,18.0,4.0,17.0,,,1.0,,4.0,,
456968,,,,,,,,97.0,,51.0,,,,,,6.0,22.0,,,,,,4.0,9.0,,
456977,,,,,,,,12.0,,5.0,,,,,,1.0,,2.0,,,,2.0,,1.0,,
457022,,,,,,,,7.0,,4.0,,,,,,1.0,,,,,,,,1.0,,
457031,,,,,,,,7.0,,4.0,,,,,,1.0,1.0,,,,,,1.0,,,
457077,,,,,,,,36.0,,15.0,,,,,,2.0,,,,,,1.0,4.0,14.0,,
457086,,,,,,,,26.0,,9.0,,,,,,,,,,,,,,17.0,,
457101,,,,,,,,21.0,,9.0,,,,,,4.0,,,,,,,,0.0,,
457110,,,,,,,,31.0,,21.0,,,,,,3.0,,,,,,,,2.0,,
457129,,,,,,,,104.0,,52.0,,,,,,16.0,1.0,2.0,,,,,,7.0,,
457174,,,,,,,,39.0,,16.0,,,,,,11.0,1.0,1.0,,,,1.0,5.0,4.0,,
457192,,,,,,,,7.0,,2.0,,,,,,2.0,1.0,,,,,1.0,,1.0,,
457208,,,,,,,,13.0,,5.0,,,,,,1.0,,,,,,,3.0,1.0,,
457226,,,,,,,,6.0,,3.0,0.0,,,,,1.0,0.0,,,,,,,,,
457244,,,,,,,,7.0,,3.0,,,,,,1.0,2.0,,,,,,,1.0,,
457253,,,,,,,,6.0,,4.0,,,,,,1.0,,,,,,,,1.0,,
457271,,,,,,,,11.0,,2.0,,,,,,8.0,1.0,,,,,,,1.0,,
457299,,,,,,,,26.0,,8.0,,,,,,6.0,,0.0,,,,,,11.0,,
457314,,,,,,,,23.0,,8.0,,,,,,8.0,1.0,,,,,,1.0,4.0,,
457323,,,,,,,,39.0,,18.0,,,,,,,,,,,,8.0,4.0,2.0,,
457332,,,,,,,,2.0,,1.0,,,,,,,,,,,,,,,,
457341,,,,,,,,22.0,,13.0,,,,,,4.0,,,1.0,,,,,1.0,,
457350,,,,,,,,8.0,,3.0,,,,,,1.0,1.0,,,,,1.0,,1.0,,
457378,,,,,,,,26.0,,,,,,,,2.0,1.0,,2.0,,,2.0,,4.0,,
457387,,,,,,,,68.0,,33.0,,,,,,5.0,,,,,,1.0,1.0,23.0,,
457396,,,,,,,,10.0,,6.0,,,,,,2.0,1.0,,,,,,,1.0,,
457402,,,,,,,,17.0,,9.0,,,,,,2.0,1.0,,1.0,,,1.0,,3.0,,
457411,,,,,,,,36.0,,16.0,,,,,,7.0,,,,,,,,13.0,,
457420,,,,,,,,21.0,,11.0,,,,,,3.0,,,,,,,,3.0,,
457439,,,,,,,,9.0,,5.0,,,,,,,1.0,,,,,,,2.0,,
457448,,,,,,,,17.0,,7.0,,,,,,3.0,1.0,,,,,,,2.0,,
457466,,,,,,,,9.0,,3.0,,,,,,,2.0,,,,,0.0,,2.0,1.0,
457475,,,,,,,,15.0,,7.0,,,,,,1.0,1.0,,,,,,2.0,3.0,,
457484,,,,,,,,17.0,,6.0,,,,,,3.0,2.0,,0.0,,,1.0,,1.0,,
457493,,,,,,,,4.0,,1.0,,,,,,1.0,1.0,,,,,,,,,
457527,,,,,,,,31.0,,16.0,,,,,,4.0,1.0,,,,,1.0,,0.0,,
457536,,,,,,,,79.0,,25.0,,,,,,14.0,8.0,1.0,,,,1.0,,5.0,,
457545,,,,,,,,14.0,,6.0,,,,,,2.0,,,,,,,3.0,3.0,,
457554,,,,,,,,4.0,,2.0,,,,,,1.0,1.0,,,,,,,,,
457563,,,,,,,,31.0,,15.0,,,,,,0.0,4.0,,,,,4.0,5.0,2.0,,
457572,,,,,,,,13.0,,7.0,,,,,,,4.0,,1.0,,,,1.0,0.0,,
457581,,,,,,,,30.0,,15.0,,,,,,3.0,,,2.0,,,,4.0,2.0,,
457606,,,,,,,,7.0,,3.0,,,,,,2.0,,,,,,,,2.0,,
457615,,,,,,,,10.0,,5.0,,,,,,1.0,1.0,0.0,0.0,,,0.0,,1.0,0.0,
457624,,,,,,,,6.0,,4.0,,,,,,1.0,,,,,,,,1.0,,
457633,,,,,,,,21.0,,7.0,,,,,,3.0,1.0,,,,,,,6.0,,
457642,,,,,,,,3.0,,2.0,,,,,,0.0,0.0,,,,,,,,,
457651,,,,,,,,16.0,,6.0,,,,,,3.0,1.0,1.0,,,,,,1.0,,
457679,,,,,,,,1.0,,1.0,,,,,,,,,,,,,,0.0,,
457688,,,,,,,,24.0,,13.0,1.0,,,,,3.0,2.0,1.0,,,,,1.0,,,
457697,,,,,,,,13.0,,7.0,,,,,,4.0,0.0,,,,,,,,,
457703,,,,,,,,13.0,,2.0,,,,,,3.0,2.0,,,,,,,3.0,,
457721,,,,,,,,3.0,,2.0,,,,,,,1.0,,,,,,,,,
457749,,,,,,,,12.0,,6.0,,,,,,2.0,,,,,,,,4.0,,
457767,,,,,,,,27.0,,10.0,,,,,,6.0,1.0,,,,,1.0,6.0,1.0,,
457776,,,,,,,,13.0,,6.0,,,,,,3.0,1.0,,,,,,1.0,2.0,,
457785,,,,,,,,19.0,,11.0,,,,,,2.0,2.0,,,,,,,1.0,,
457794,,,,,,,,15.0,,5.0,,,,,,2.0,2.0,,1.0,,,4.0,,,,
457800,,,,,,,,12.0,,6.0,,,,,,,,,,,,,,6.0,,
457819,,,,,,,,145.0,,15.0,,,,,,30.0,3.0,3.0,2.0,,,58.0,,2.0,,
457837,,,,,,,,17.0,,8.0,,,,,,3.0,1.0,,,,,,2.0,,0.0,
457846,,,,,,,,10.0,,3.0,,,,,,1.0,2.0,,,,,,1.0,2.0,,
457855,,,,,,,,12.0,,5.0,,,,,,2.0,2.0,,,,,,,2.0,,
457864,,,,,,,,15.0,,9.0,,,,,,2.0,1.0,,,,,,1.0,1.0,,
457873,,,,,,,,29.0,,19.0,,,,,,1.0,1.0,,,,,,,4.0,,
457891,,,,,,,,5.0,,2.0,,,,,,2.0,,,,,,,,0.0,,
457916,,,,,,,,9.0,,5.0,,,,,,2.0,2.0,,,,,,,,,
457925,,,,,,,,7.0,,5.0,,,,,,,0.0,,,,,,,,,
457943,,,,,,,,54.0,,31.0,,,,,,3.0,1.0,2.0,,1.0,,6.0,,5.0,,
457952,,,,,,,,16.0,,9.0,,,,,,1.0,1.0,,,,,0.0,1.0,3.0,,
457989,,,,,,,,6.0,,3.0,,,,,,1.0,1.0,,,,,,,1.0,,
457998,,,,,,,,11.0,,4.0,,,,,,2.0,1.0,,,,,1.0,,3.0,,
458007,,,,,,,,13.0,,5.0,,,,,,3.0,2.0,,,,,,,2.0,,
458016,,,,,,,,15.0,,3.0,,,,,,2.0,1.0,0.0,1.0,,,,,2.0,0.0,
458034,,,,,,,,16.0,,8.0,,,,,,1.0,1.0,0.0,,,,,,2.0,1.0,
458043,,,,,,,,12.0,,6.0,,,,,,1.0,1.0,,,,,,2.0,2.0,,
458052,,,,,,,,4.0,,2.0,,,,,,1.0,,,,,,,,1.0,,
458061,,,,,,,,16.0,,2.0,,,,,,2.0,2.0,1.0,,,,2.0,2.0,2.0,1.0,
458070,,,,,,,,32.0,,16.0,,,,,,2.0,5.0,,,,,,2.0,6.0,,
458098,,,,,,,,14.0,,6.0,,,,,,3.0,1.0,1.0,,,,,1.0,,,
458104,,,,,,,,14.0,,5.0,,,,,,2.0,3.0,,,,,0.0,,0.0,,
458113,,,,,,,,9.0,,7.0,,,,,,1.0,,,,,,,,,,
458122,,,,,,,,4.0,,2.0,,,,,,,,,,,,,,2.0,,
458131,,,,,,,,20.0,,8.0,,,,,,2.0,2.0,,,,,1.0,1.0,4.0,1.0,
458140,,,,,,,,12.0,,6.0,,,,,,1.0,1.0,,,,,1.0,,1.0,,
458168,,,,,,,,16.0,,7.0,,,,,,4.0,2.0,,1.0,,,0.0,1.0,,,
458210,,,,,,,,329.0,,204.0,,,,,,29.0,12.0,3.0,12.0,,,,,34.0,1.0,
458229,,,,,,,,139.0,,73.0,,,,,,16.0,6.0,2.0,7.0,,,,,25.0,1.0,
458265,,,,,,,,40.0,,11.0,,,,,,3.0,,,,,,8.0,,15.0,2.0,
458274,,,,,,,,28.0,,14.0,,,,,,1.0,,,,,,,6.0,5.0,1.0,
458380,,,,,,,,13.0,,5.0,,,,,,2.0,,,,,,,,2.0,,
458405,,,,,,,,63.0,,37.0,,,,,,5.0,3.0,,,,,,9.0,6.0,,
458423,,,,,,,,5.0,,2.0,,,,,,1.0,,,,,,,,1.0,,
458441,,,,,,,,43.0,,23.0,,,,,,5.0,2.0,,,0.0,,,6.0,4.0,,
458478,,,,,,,,4.0,,3.0,,,,,,,,,,,,,,,,
458496,,,,,,,,35.0,,18.0,,,,,,5.0,3.0,,1.0,,,,,7.0,,
458502,,,,,,,,40.0,,15.0,,,,,,3.0,2.0,0.0,15.0,,,,,3.0,,
458575,,,,,,,,51.0,,11.0,,,,,,7.0,3.0,,14.0,,,6.0,2.0,3.0,,
458681,,,,,,,,21.0,,9.0,,,,,,3.0,3.0,,,,,,2.0,1.0,,
458803,,,,,,,,7.0,,4.0,,,,,,1.0,,,,,,,,1.0,,
458812,,,,,,,,7.0,,3.0,,,,,,1.0,,,,,,,,2.0,,
458821,,,,,,,,5.0,,2.0,,,,,,1.0,,,,,,,,1.0,,
458830,,,,,,,,10.0,,6.0,,,,,,1.0,,,,,,,,1.0,,
458849,,,,,,,,5.0,,2.0,,,,,,1.0,,,,,,,,1.0,,
458858,,,,,,,,12.0,,7.0,,,,,,2.0,,,,,,,,0.0,,
458867,,,,,,,,15.0,,10.0,,,,,,1.0,,,,,,,,2.0,,
458885,,,,,,,,7.0,,3.0,,,,,,,,,,,,,2.0,,,
458919,,,,,,,,181.0,,76.0,,,,,,24.0,,,,,,,29.0,,,
458955,,,,,,,,15.0,,6.0,,,,,,2.0,,,,,,,3.0,,,
458964,,,,,,,,62.0,,23.0,,,,,,11.0,,,,,,,11.0,,,
458973,,,,,,,,75.0,,28.0,,,,,,14.0,1.0,,,,,,15.0,,,
458982,,,,,,,,51.0,,33.0,,,,,,4.0,3.0,,1.0,,,,,9.0,,
459000,,,,,,,,5.0,,2.0,,,,,,1.0,,,,,,,,1.0,,
459019,,,,,,,,5.0,,2.0,,,,,,1.0,,,,,,,,1.0,,
459037,,,,,,,,7.0,,4.0,,,,,,1.0,,,,,,,,1.0,,
459046,,,,,,,,6.0,,3.0,,,,,,1.0,,,,,,,,1.0,,
459055,,,,,,,,7.0,,4.0,,,,,,1.0,,,,,,,,1.0,,
459064,,,,,,,,7.0,,5.0,,,,,,,,,,,,,,1.0,,
459073,,,,,,,,6.0,,3.0,,,,,,1.0,,,,,,,,1.0,,
459082,,,,,,,,378.0,,294.0,5.0,,,,,8.0,3.0,4.0,7.0,,,,1.0,6.0,,
459107,,,,,,,,50.0,,19.0,,,,,,5.0,,1.0,15.0,,,1.0,,5.0,,
459116,,,,,,,,13.0,,5.0,,,,,,1.0,,,,,,,1.0,6.0,,
459125,,,,,,,,2.0,,1.0,,,,,,,1.0,,,,,,,,,
459161,,,,,,,,13.0,,2.0,,,,,,1.0,0.0,,,,,,,6.0,,
459170,,,,,,,,36.0,,16.0,,,,,,7.0,1.0,,1.0,,,3.0,2.0,2.0,,
459189,,,,,,,,15.0,,4.0,,,,,,1.0,1.0,,,,,,1.0,3.0,,
459198,,,,,,,,27.0,,15.0,,,,,,1.0,,,,,,,4.0,7.0,,
459204,,,,,,,,339.0,,132.0,,,,,,24.0,22.0,3.0,,3.0,,,44.0,46.0,,
459213,,,,,,,,225.0,,94.0,,,,,,48.0,8.0,4.0,,,,1.0,,28.0,,
459231,,,,,,,,20.0,,12.0,,,,,,1.0,,,,,,2.0,1.0,1.0,,
459259,,,,,,,,75.0,,41.0,,,,,,13.0,3.0,,1.0,,,,,14.0,,
459268,,,,,,,,70.0,,39.0,,,,,,13.0,3.0,,,,,,,15.0,,
459277,,,,,,,,46.0,,25.0,,,,,,7.0,5.0,,,,,,8.0,1.0,,
459286,,,,,,,,24.0,,13.0,,,,,,2.0,,,,,,,3.0,7.0,,
459295,,,,,,,,9.0,,6.0,,,,,,2.0,1.0,,,,,,,0.0,,
459301,,,,,,,,15.0,,7.0,,,,,,2.0,1.0,,,,,,1.0,3.0,,
459310,,,,,,,,13.0,,5.0,,,,,,,,,,,,,,7.0,,
459329,,,,,,,,44.0,,17.0,,,,,,3.0,2.0,,,1.0,,8.0,,1.0,,
459347,,,,,,,,13.0,,7.0,,,,,,2.0,2.0,,,,,,,2.0,,
459374,,,,,,,,7.0,,2.0,,,,,,2.0,1.0,,,,,,,1.0,,
459392,,,,,,,,13.0,,9.0,,,,,,2.0,2.0,,,,,,,,,
459408,,,,,,,,8.0,,5.0,,,,,,1.0,,,,,,,,2.0,,
459417,,,,,,,,24.0,,10.0,,,,,,4.0,1.0,,2.0,,,,,3.0,,
459426,,,,,,,,17.0,,7.0,,,,,,2.0,1.0,0.0,,,,,1.0,5.0,,
459462,,,,,,,,28.0,,8.0,,,,,,1.0,,5.0,,,,,,1.0,,
459499,,,,,,,,6.0,,4.0,,,,,,1.0,,,,,,,,1.0,,
459514,,,,,,,,11.0,,5.0,,,,,,3.0,1.0,,,,,,2.0,1.0,,
459523,,,,,,,,7.0,,3.0,,,,,,1.0,1.0,,,,,,,1.0,,
459532,,,,,,,,11.0,,4.0,,,,,,2.0,1.0,,1.0,,,1.0,1.0,0.0,,
459541,,,,,,,,7.0,,3.0,,,,,,,1.0,,,,,,,1.0,,
459550,,,,,,,,16.0,,8.0,,,,,,2.0,1.0,,,,,,1.0,3.0,,
459578,,,,,,,,15.0,,8.0,,,,,,1.0,1.0,,,,,1.0,2.0,2.0,,
459727,,,,,,,,76.0,,46.0,,,,,,7.0,3.0,1.0,,,,1.0,,4.0,,
459736,,,,,,,,356.0,,166.0,10.0,,,,,45.0,10.0,16.0,5.0,5.0,,23.0,,50.0,4.0,2.0
459745,,,,,,,,26.0,,12.0,,,,,,6.0,,,,,,,4.0,1.0,,
459824,,,,,,,,288.0,,110.0,1.0,,,,,46.0,8.0,11.0,6.0,9.0,,25.0,,59.0,5.0,
459842,,,,,,,,35.0,,20.0,,,,,,2.0,,1.0,,,,,,3.0,,
459851,,,,,,,,32.0,,18.0,,,,,,2.0,,,,,,,,3.0,,
459949,,,,,,,,516.0,,237.0,,,,,,75.0,26.0,25.0,57.0,,,13.0,,58.0,,
459958,,,,,,,,31.0,,12.0,,,,,,6.0,3.0,,1.0,,,,,7.0,,
459994,,,,,,,,982.0,,372.0,,,,,,257.0,72.0,41.0,5.0,,,,69.0,97.0,,
460011,,,,,,,,17.0,,12.0,,,,,,1.0,,,,,,,2.0,1.0,,
460020,,,,,,,,40.0,,27.0,,,,,,1.0,3.0,,,,,,6.0,,,
460075,,,,,,,,16.0,,9.0,,,,,,1.0,2.0,,,,,,,4.0,,
460093,,,,,,,,14.0,,8.0,,,,,,3.0,,,,,,,,,,
460109,,,,,,,,16.0,,8.0,,,,,,3.0,,,,,,,,2.0,,
460118,,,,,,,,17.0,,9.0,,,,,,3.0,,,,,,,,1.0,,
460127,,,,,,,,16.0,,9.0,,,,,,3.0,,,,,,,,,,
460136,,,,,,,,93.0,,55.0,,,,,,3.0,,,,,,,,23.0,,
460145,,,,,,,,28.0,,13.0,,,,,,2.0,,,1.0,,,,,9.0,,
460172,,,,,,,,61.0,,30.0,,,,,,6.0,5.0,,,,,1.0,9.0,7.0,,
460181,,,,,,,,60.0,,16.0,,,,,,17.0,1.0,,,,,,10.0,13.0,,
460190,,,,,,,,34.0,,8.0,,,,,,13.0,1.0,,,,,,7.0,3.0,,
460206,,,,,,,,52.0,,15.0,,,,,,13.0,1.0,,,,,,8.0,12.0,,
460349,,,,,,,,94.0,,28.0,,,,,,10.0,10.0,1.0,,,,,11.0,3.0,,
460376,,,,,,,,74.0,,26.0,,,,,,21.0,4.0,5.0,4.0,,,1.0,,3.0,,
460385,,,,,,,,12.0,,5.0,,,,,,1.0,2.0,,,,,,,1.0,,
460394,,,,,,,,347.0,,208.0,,,,,,22.0,14.0,3.0,9.0,1.0,,19.0,,68.0,,
460446,,,,,,,,13.0,,7.0,,,,,,1.0,2.0,,,,,,1.0,2.0,,
460455,,,,,,,,13.0,,5.0,,,,,,1.0,2.0,,,,,0.0,1.0,2.0,,
460464,,,,,,,,330.0,,177.0,,,,,,27.0,9.0,3.0,10.0,,,21.0,,70.0,,
460482,,,,,,,,27.0,,11.0,,,,,,5.0,,,,,,,,2.0,,
460516,,,,,,,,14.0,,8.0,,,,,,1.0,,,,,,,1.0,4.0,,
460525,,,,,,,,12.0,,8.0,,,,,,1.0,,,,,,,1.0,2.0,,
460534,,,,,,,,27.0,,12.0,,,,,,2.0,,,,,,1.0,3.0,9.0,,
460543,,,,,,,,63.0,,30.0,,,,,,10.0,19.0,1.0,,,,,,1.0,2.0,
460552,,,,,,,,11.0,,7.0,,,,,,1.0,,,,,,,1.0,1.0,,
460570,,,,,,,,11.0,,7.0,,,,,,3.0,,,,,,,,,,
460598,,,,,,,,8.0,,4.0,,,,,,1.0,,,,,,,,1.0,,
460640,,,,,,,,9.0,,2.0,,,,,,2.0,1.0,,,,,0.0,2.0,0.0,,
460677,,,,,,,,34.0,,17.0,,,,,,1.0,,1.0,1.0,,,,4.0,4.0,1.0,1.0
460701,,,,,,,,12.0,,7.0,,,,,,1.0,1.0,,,,,0.0,1.0,2.0,,
460738,,,,,,,,124.0,,50.0,,,,,,16.0,28.0,9.0,,,,,19.0,1.0,,
460756,,,,,,,,49.0,,16.0,,,,,,9.0,5.0,1.0,,,,,4.0,2.0,,
460765,,,,,,,,5.0,,3.0,,,,,,,,,,,,,,2.0,,
460783,,,,,,,,30.0,,2.0,,,,,,15.0,4.0,,,,,,2.0,7.0,,
460808,,,,,,,,12.0,,4.0,,,,,,2.0,1.0,,,,,,2.0,1.0,,
460817,,,,,,,,42.0,,19.0,,,,,,6.0,2.0,,,,,1.0,7.0,3.0,,
460826,,,,,,,,42.0,,27.0,,,,,,3.0,1.0,,,,,,6.0,2.0,,
460835,,,,,,,,50.0,,29.0,,,,,,5.0,1.0,,,1.0,,1.0,5.0,5.0,,
460862,,,,,,,,22.0,,7.0,,,,,,5.0,1.0,1.0,3.0,,,,2.0,3.0,,
460871,,,,,,,,57.0,,34.0,,,,,,5.0,1.0,1.0,,,,,,3.0,,
460899,,,,,,,,38.0,,20.0,,,,,,2.0,4.0,1.0,,,,,4.0,0.0,,
460914,,,,,,,,32.0,,17.0,,,,,,5.0,,,,,,,,,,
460932,,,,,,,,6.0,,4.0,,,,,,,1.0,,,,,,,1.0,,
460969,,,,,,,,20.0,,11.0,,,,,,,,,,,,,,9.0,,
460978,,,,,,,,17.0,,7.0,,,,,,2.0,,,,,,,,,,
460987,,,,,,,,11.0,,9.0,,,,,,1.0,1.0,,,,,,,,,
460996,,,,,,,,12.0,,7.0,,,,,,2.0,,,,,,,,4.0,,
461005,,,,,,,,22.0,,12.0,,,,,,5.0,,,,,,,,1.0,,
461014,,,,,,,,80.0,,28.0,,,,,,1.0,,1.0,,,,2.0,16.0,4.0,,
461023,,,,,,,,57.0,,16.0,,,,,,6.0,10.0,2.0,16.0,,,,,,,
461032,,,,,,,,14.0,,7.0,,,,,,1.0,1.0,0.0,,,,,,1.0,,
461087,,,,,,,,29.0,,6.0,,,,,,13.0,3.0,,1.0,,,0.0,,5.0,,
461111,,,,,,,,9.0,,3.0,,,,,,2.0,1.0,,,,,,,1.0,,
461120,,,,,,,,13.0,,6.0,,,,,,4.0,0.0,,1.0,,,,,1.0,,
461139,,,,,,,,9.0,,3.0,1.0,,,,,2.0,0.0,0.0,,,,,,2.0,,
461148,,,,,,,,694.0,,285.0,,,,,,118.0,10.0,8.0,3.0,,,1.0,53.0,112.0,,9.0
461175,,,,,,,,9.0,,4.0,,,,,,1.0,0.0,,,,,,,4.0,,
461193,,,,,,,,42.0,,18.0,,,,,,6.0,2.0,,,,,,5.0,7.0,1.0,
461218,,,,,,,,37.0,,15.0,,,,,,4.0,0.0,1.0,,,,,6.0,2.0,1.0,
461227,,,,,,,,7.0,,4.0,,,,,,,2.0,,,,,,1.0,,,
461245,,,,,,,,22.0,,6.0,,,,,,2.0,1.0,1.0,1.0,,,1.0,,6.0,,
461254,,,,,,,,14.0,,5.0,,,,,,2.0,1.0,,,,,,,2.0,,
461263,,,,,,,,8.0,,0.0,,,,,,2.0,3.0,,,,,,,2.0,,
461272,,,,,,,,11.0,,4.0,,,,,,2.0,1.0,,1.0,,,1.0,,1.0,,
461281,,,,,,,,17.0,,7.0,,,,,,5.0,,1.0,,,,,,0.0,,
461290,,,,,,,,14.0,,7.0,,,,,,3.0,1.0,,,,,,,1.0,,
461306,,,,,,,,34.0,,16.0,,,,,,3.0,2.0,,1.0,,,5.0,,4.0,,
461315,,,,,,,,42.0,,10.0,,,,,,1.0,2.0,,,,,,,23.0,1.0,
461324,,,,,,,,16.0,,7.0,,,,,,3.0,1.0,1.0,,,,,,3.0,,
461333,,,,,,,,18.0,,3.0,,,,,,6.0,1.0,,,,,,,3.0,5.0,
461342,,,,,,,,19.0,,9.0,,,,,,1.0,2.0,,,,,,2.0,2.0,,
461351,,,,,,,,35.0,,16.0,,,,,,5.0,3.0,2.0,,,,1.0,6.0,2.0,,
461360,,,,,,,,3.0,,1.0,,,,,,1.0,1.0,,,,,,,,,
461379,,,,,,,,10.0,,4.0,,,,,,2.0,1.0,,,,,,,3.0,,
461388,,,,,,,,8.0,,5.0,,,,,,,2.0,,,,,,,1.0,,
461412,,,,,,,,9.0,,4.0,,,,,,1.0,,,,,,,,2.0,,
461421,,,,,,,,23.0,,9.0,,,,,,3.0,2.0,,,,,1.0,1.0,6.0,1.0,
461430,,,,,,,,52.0,,15.0,,,,,,13.0,3.0,1.0,1.0,,,3.0,,,,
461485,,,,,,,,14.0,,6.0,,,,,,1.0,,,,,,,1.0,3.0,,
461494,,,,,,,,21.0,,10.0,,,,,,8.0,,,,,,,,3.0,,
461500,,,,,,,,9.0,,4.0,,,,,,2.0,1.0,,,,,,,0.0,,
461528,,,,,,,,25.0,,12.0,,,,,,6.0,1.0,,,,,0.0,,3.0,,
461537,,,,,,,,5.0,,2.0,,,,,,,2.0,,,,,,,,,
461546,,,,,,,,9.0,,4.0,,,,,,1.0,1.0,,,,,,1.0,1.0,,
461555,,,,,,,,23.0,,10.0,,,,,,1.0,1.0,,,,,,4.0,3.0,,
461573,,,,,,,,15.0,,9.0,,,,,,2.0,,,,,,,1.0,3.0,,
461582,,,,,,,,24.0,,8.0,,,,,,1.0,1.0,1.0,2.0,,,6.0,2.0,1.0,,
461591,,,,,,,,14.0,,6.0,,,,,,1.0,,,,,,,4.0,3.0,0.0,
461607,,,,,,,,13.0,,6.0,,,,,,1.0,,,,,,1.0,,5.0,,
461625,,,,,,,,9.0,,3.0,,,,,,1.0,1.0,,,,,,1.0,2.0,0.0,
461643,,,,,,,,15.0,,6.0,,,,,,2.0,3.0,,1.0,,,,,1.0,1.0,
461652,,,,,,,,8.0,,3.0,,,,,,1.0,1.0,,,,,,1.0,1.0,,
461689,,,,,,,,36.0,,19.0,,,,,,2.0,,,,,,,,5.0,,
461704,,,,,,,,18.0,,10.0,,,,,,1.0,1.0,,,,,2.0,1.0,4.0,,
461713,,,,,,,,5.0,,1.0,,,,,,1.0,1.0,,,,,,,2.0,,
461722,,,,,,,,8.0,,4.0,,,,,,1.0,2.0,,,,,,,1.0,,
461740,,,,,,,,4.0,,1.0,,,,,,1.0,1.0,,,,,,,1.0,,
461759,,,,,,,,44.0,,19.0,1.0,,,,,3.0,4.0,,4.0,,,0.0,,4.0,1.0,
461768,,,,,,,,11.0,,5.0,,,,,,2.0,2.0,,,,,1.0,0.0,,,
461786,,,,,,,,3.0,,2.0,,,,,,,,,,,,,,,,
461795,,,,,,,,51.0,,20.0,,,,,,6.0,5.0,1.0,9.0,,,1.0,,1.0,,
461801,,,,,,,,8.0,,3.0,,,,,,1.0,1.0,,,,,,1.0,2.0,,
461810,,,,,,,,8.0,,4.0,,,,,,2.0,1.0,0.0,,,,,,0.0,,
461829,,,,,,,,29.0,,15.0,,,,,,5.0,2.0,,,,,1.0,,3.0,,
461838,,,,,,,,10.0,,6.0,,,,,,3.0,1.0,,,,,,,0.0,,
461856,,,,,,,,27.0,,12.0,,,,,,1.0,,,,,,,2.0,1.0,,
461865,,,,,,,,20.0,,11.0,,,,,,,,,,,,,,,,
461874,,,,,,,,10.0,,5.0,,,,,,2.0,,,,,,,,1.0,1.0,
461883,,,,,,,,27.0,,9.0,,,,,,7.0,1.0,,,,,,,3.0,,
461892,,,,,,,,38.0,,24.0,,,,,,7.0,,,,,,,4.0,1.0,,
461908,,,,,,,,10.0,,5.0,,,,,,1.0,0.0,,,,,,,,,
461917,,,,,,,,18.0,,10.0,,,,,,1.0,,,,,,,4.0,3.0,,
461926,,,,,,,,15.0,,6.0,,,,,,2.0,,,,,,2.0,,1.0,1.0,
461944,,,,,,,,22.0,,5.0,,,,,,3.0,1.0,,,,,6.0,3.0,4.0,,
461953,,,,,,,,15.0,,11.0,,,,,,1.0,1.0,,,,,,,2.0,,
461962,,,,,,,,47.0,,24.0,,,,,,7.0,4.0,,,,,,8.0,2.0,,
461999,,,,,,,,6.0,,4.0,,,,,,1.0,1.0,,,,,,,0.0,,
462008,,,,,,,,24.0,,13.0,,,,,,2.0,,,,,,,3.0,4.0,2.0,
462017,,,,,,,,12.0,,6.0,,,,,,1.0,1.0,,,,,,2.0,2.0,,
462035,,,,,,,,26.0,,15.0,,,,,,3.0,1.0,,,,,0.0,2.0,5.0,,
462044,,,,,,,,5.0,,1.0,,,,,,2.0,,,,,,,,1.0,,
462053,,,,,,,,9.0,,4.0,,,,,,1.0,2.0,1.0,,,,,1.0,,,
462062,,,,,,,,7.0,,4.0,,,,,,2.0,1.0,,,,,,,0.0,,
462071,,,,,,,,10.0,,4.0,,,,,,1.0,,,,,,,2.0,3.0,,
462309,,,,,,,,15.0,,3.0,,,,,,2.0,1.0,,,,,1.0,,5.0,,
462318,,,,,,,,13.0,,6.0,,,,,,1.0,1.0,,,,,,,,,
462327,,,,,,,,3.0,,3.0,,,,,,,,,,,,,,,,
462336,,,,,,,,5.0,,2.0,,,,,,1.0,0.0,,,,,,,2.0,,
462345,,,,,,,,27.0,,10.0,,,,,,2.0,1.0,,,,,7.0,1.0,3.0,,
462354,,,,,,,,49.0,,15.0,,,,,,15.0,0.0,1.0,6.0,,,5.0,,3.0,,
464226,,,,,,,,84.0,,14.0,,,,,,8.0,3.0,1.0,35.0,3.0,,3.0,8.0,2.0,,
465812,,,,,,,,432.0,,243.0,,,,,,7.0,55.0,18.0,1.0,4.0,,,6.0,1.0,,
466152,,,,,,,,4.0,,2.0,,,,,,1.0,,,,,,,,1.0,,
466161,,,,,,,,7.0,,6.0,,,,,,,,,,,,,,1.0,,
466189,,,,,,,,3.0,,2.0,,,,,,,,,,,,,,1.0,,
466523,,,,,,,,2.0,,0.0,,,,,,1.0,,,,,,,,,,
466921,,,,,,,,64.0,,33.0,,,,,,9.0,,1.0,,,,,,5.0,,
466930,,,,,,,,112.0,,61.0,,,,,,19.0,,2.0,,,,,,7.0,,
467094,,,,,,,,15.0,,9.0,,,,,,1.0,,,,,,,1.0,4.0,,
467368,,,,,,,,16.0,,10.0,,,,,,2.0,,,,,,,,1.0,,
467863,,,,,,,,23.0,,12.0,,,,,,1.0,,,,,,,2.0,7.0,,
467872,,,,,,,,21.0,,11.0,,,,,,1.0,,,,,,,4.0,5.0,,
467906,,,,,,,,13.0,,8.0,,,,,,1.0,,,,,,,2.0,1.0,,
468024,,,,,,,,19.0,,12.0,,,,,,4.0,,,,,,,,2.0,,
468246,,,,,,,,19.0,,13.0,,,,,,1.0,,,,,,,,1.0,,
468255,,,,,,,,17.0,,6.0,,,,,,7.0,1.0,,,,,1.0,,1.0,,
468705,,,,,,,,4.0,,1.0,,,,,,1.0,1.0,,,,,,,0.0,,
468769,,,,,,,,9.0,,4.0,,,,,,1.0,,,,,,,,,,
468848,,,,,,,,30.0,,11.0,,,,,,5.0,1.0,,,,,1.0,,12.0,,
468893,,,,,,,,14.0,,9.0,,,,,,1.0,1.0,,,,,,1.0,2.0,,
468909,,,,,,,,40.0,,16.0,,,,,,4.0,1.0,,,,,1.0,,18.0,,
468963,,,,,,,,48.0,,29.0,,,,,,1.0,3.0,,,,,,9.0,3.0,,
469124,,,,,,,,18.0,,6.0,,,,,,2.0,2.0,,,,,,2.0,1.0,,
469133,,,,,,,,14.0,,5.0,,,,,,2.0,1.0,,,,,1.0,2.0,1.0,,
469142,,,,,,,,14.0,,5.0,,,,,,2.0,2.0,,,,,,2.0,1.0,,
469151,,,,,,,,9.0,,2.0,,,,,,1.0,1.0,,,,,,1.0,2.0,,
469160,,,,,,,,11.0,,3.0,,,,,,2.0,2.0,,,,,1.0,1.0,1.0,,
469416,,,,,,,,6.0,,3.0,,,,,,1.0,1.0,,,,,,,1.0,,
469586,,,,,,,,8.0,,2.0,,,,,,1.0,1.0,,,,,,1.0,1.0,,
469610,,,,,,,,8.0,,2.0,,,,,,1.0,,,,,,,1.0,,,
469629,,,,,,,,28.0,,12.0,,,,,,2.0,2.0,,,,,,3.0,4.0,3.0,
469638,,,,,,,,31.0,,18.0,,,,,,2.0,,,,,,1.0,,9.0,,
469911,,,,,,,,20.0,,8.0,,,,,,2.0,,,,,,2.0,,1.0,,
469920,,,,,,,,16.0,,7.0,,,,,,2.0,,,,,,,,1.0,,
469957,,,,,,,,20.0,,10.0,,,,,,1.0,,,,,,,,4.0,,
470038,,,,,,,,44.0,,14.0,,,,,,5.0,1.0,,,,,1.0,,24.0,,
470047,,,,,,,,4.0,,2.0,,,,,,1.0,,,,,,,,,,
470296,,,,,,,,3.0,,1.0,,,,,,,1.0,,,,,,,1.0,,
470393,,,,,,,,14.0,,7.0,,,,,,1.0,1.0,,,,,,,2.0,,
474863,,,,,,,,197.0,,61.0,,,,,,15.0,21.0,19.0,4.0,,,,,5.0,,
474890,,,,,,,,36.0,,14.0,,,,,,3.0,7.0,1.0,,,,,6.0,1.0,,
474906,,,,,,,,16.0,,7.0,,,,,,3.0,2.0,1.0,,,,,2.0,,,
474915,,,,,,,,22.0,,11.0,,,,,,3.0,1.0,,,,,,4.0,3.0,0.0,
474924,,,,,,,,14.0,,7.0,,,,,,1.0,,,,,,,3.0,2.0,0.0,
474997,,,,,,,,36.0,,13.0,,,,,,6.0,1.0,,,,,1.0,4.0,2.0,2.0,
475015,,,,,,,,29.0,,10.0,,,,,,5.0,4.0,,3.0,,,,5.0,1.0,,
475024,,,,,,,,24.0,,9.0,,,,,,5.0,1.0,,,,,1.0,4.0,1.0,,
475033,,,,,,,,331.0,,197.0,5.0,,,,,12.0,8.0,11.0,1.0,,,,,75.0,,
475060,,,,,,,,27.0,,12.0,,,,,,4.0,1.0,,,,,1.0,6.0,3.0,,
475097,,,,,,,,29.0,,7.0,,,,,,5.0,,,1.0,,,3.0,1.0,6.0,3.0,
475121,,,,,,,,618.0,,239.0,,,,,,88.0,37.0,,40.0,,,,,205.0,,
475130,,,,,,,,9.0,,3.0,,,,,,2.0,,,,,,,1.0,1.0,,
475200,,,,,,,,19.0,,7.0,,,,,,3.0,1.0,,4.0,,,,,4.0,,
475228,,,,,,,,9.0,,6.0,,,,,,1.0,,,1.0,,,,,,,
475273,,,,,,,,107.0,,62.0,,,,,,5.0,8.0,1.0,1.0,,,,,14.0,,
475282,,,,,,,,18.0,,7.0,,,,,,5.0,1.0,,,,,,,4.0,,
475325,,,,,,,,28.0,,15.0,,,,,,1.0,,,,,,1.0,6.0,5.0,,
475398,,,,,,,,26.0,,13.0,,,,,,2.0,1.0,1.0,,,,,,2.0,,
475404,,,,,,,,9.0,,4.0,,,,,,,1.0,,,,,0.0,,3.0,,
475413,,,,,,,,5.0,,3.0,,,,,,,,,,,,,,2.0,,
475422,,,,,,,,18.0,,13.0,,,,,,2.0,,,,,,,,3.0,,
475431,,,,,,,,10.0,,4.0,,,,,,1.0,1.0,,,,,,1.0,1.0,,
475459,,,,,,,,49.0,,29.0,,,,,,5.0,,,,,,,,13.0,1.0,
475468,,,,,,,,14.0,,9.0,,,,,,1.0,1.0,,,,,,1.0,1.0,,
475477,,,,,,,,33.0,,15.0,,,,,,6.0,1.0,,7.0,,,,,4.0,,
475486,,,,,,,,33.0,,15.0,,,,,,4.0,,,,,,1.0,4.0,7.0,1.0,
475495,,,,,,,,125.0,,53.0,,,,,,9.0,12.0,7.0,,,,,,14.0,,
475510,,,,,,,,13.0,,6.0,,,,,,1.0,,,,,,,,5.0,,
475538,,,,,,,,4.0,,1.0,,,,,,1.0,,,,,,,,1.0,,
475547,,,,,,,,16.0,,7.0,,,,,,3.0,,,,,,,2.0,2.0,1.0,
475556,,,,,,,,13.0,,7.0,,,,,,1.0,,,,,,,2.0,3.0,,
475565,,,,,,,,205.0,,60.0,,,,,,36.0,8.0,9.0,20.0,,,12.0,,43.0,,
475574,,,,,,,,6.0,,2.0,,,,,,2.0,1.0,,,,,,,1.0,,
475608,,,,,,,,64.0,,20.0,,,,,,6.0,4.0,2.0,1.0,,,5.0,,4.0,2.0,
475635,,,,,,,,9.0,,5.0,,,,,,2.0,1.0,,,,,1.0,,1.0,,
475653,,,,,,,,8.0,,3.0,,,,,,1.0,1.0,,,,,3.0,,1.0,,
475662,,,,,,,,17.0,,6.0,,,,,,5.0,1.0,,,,,,1.0,1.0,0.0,
475699,,,,,,,,17.0,,10.0,,,,,,,,,5.0,,,,,2.0,,
475705,,,,,,,,4.0,,1.0,,,,,,1.0,,,,,,,,1.0,,
475714,,,,,,,,19.0,,2.0,,,,,,9.0,,,,,,,,8.0,,
475723,,,,,,,,47.0,,19.0,,,,,,6.0,4.0,1.0,,,,4.0,4.0,1.0,,
475732,,,,,,,,89.0,,47.0,,,,,,10.0,,2.0,,,,,,5.0,,
475741,,,,,,,,27.0,,11.0,,,,,,6.0,,1.0,,,,,,2.0,,
475750,,,,,,,,14.0,,7.0,,,,,,2.0,,,,,,,,2.0,,
475839,,,,,,,,25.0,,8.0,,,,,,,3.0,,0.0,,,,6.0,2.0,,
476063,,,,,,,,13.0,,10.0,,,,,,,,,,,,,1.0,2.0,,
476179,,,,,,,,6.0,,3.0,,,,,,1.0,,,,,,,,1.0,,
476230,,,,,,,,11.0,,5.0,,,,,,1.0,,,,,,,,1.0,,
476294,,,,,,,,19.0,,11.0,,,,,,1.0,,,,,,,3.0,4.0,,
476346,,,,,,,,19.0,,9.0,,,,,,1.0,2.0,,,,,1.0,3.0,3.0,,
476355,,,,,,,,4.0,,,,,,,,1.0,,,,,,0.0,,1.0,,
476470,,,,,,,,4.0,,1.0,,,,,,1.0,1.0,,,,,,,,,
476489,,,,,,,,10.0,,3.0,,,,,,3.0,1.0,,,,,,,1.0,,
476498,,,,,,,,10.0,,4.0,,,,,,1.0,3.0,,,,,,,2.0,,
476513,,,,,,,,12.0,,3.0,,,,,,2.0,1.0,,,,,1.0,,1.0,1.0,
476540,,,,,,,,13.0,,8.0,,,,,,2.0,1.0,,,,,,1.0,1.0,,
476559,,,,,,,,11.0,,7.0,,,,,,1.0,,,,,,,2.0,1.0,,
476568,,,,,,,,6.0,,4.0,,,,,,,,,,,,,,1.0,,
476586,,,,,,,,21.0,,8.0,,,,,,1.0,2.0,1.0,,,,,2.0,7.0,,
476595,,,,,,,,15.0,,5.0,,,,,,4.0,1.0,0.0,,,,,,1.0,,
476601,,,,,,,,13.0,,5.0,,,,,,3.0,1.0,,,,,2.0,,1.0,1.0,
476610,,,,,,,,11.0,,3.0,,,,,,2.0,1.0,,,,,,2.0,2.0,,
476629,,,,,,,,18.0,,9.0,,,,,,3.0,1.0,,,,,,4.0,1.0,,
476674,,,,,,,,4.0,,2.0,,,,,,1.0,,,,,,0.0,,1.0,,
476683,,,,,,,,33.0,,19.0,,,,,,6.0,1.0,,,,,,3.0,3.0,,
476692,,,,,,,,4.0,,3.0,,,,,,0.0,1.0,,,,,0.0,,,,
476708,,,,,,,,15.0,,5.0,,,,,,1.0,,0.0,,,,,,1.0,1.0,
476717,,,,,,,,52.0,,36.0,1.0,,,,,7.0,1.0,,,,,1.0,,6.0,,
476726,,,,,,,,56.0,,23.0,,,,,,8.0,5.0,,1.0,,,,5.0,5.0,4.0,
476735,,,,,,,,16.0,,2.0,,,,,,8.0,,,,,,4.0,,2.0,,
476753,,,,,,,,28.0,,8.0,,,,,,1.0,,,,,,,4.0,6.0,,
476771,,,,,,,,5.0,,2.0,,,,,,1.0,1.0,,,,,,,1.0,,
476780,,,,,,,,12.0,,5.0,,,,,,1.0,2.0,,,,,,,1.0,,
476799,,,,,,,,30.0,,14.0,,,,,,2.0,2.0,,,,,,4.0,5.0,,
476805,,,,,,,,6.0,,3.0,,,,,,2.0,,,,,,,,1.0,,
476814,,,,,,,,35.0,,15.0,,,,,,3.0,2.0,,,,,1.0,6.0,3.0,,
476823,,,,,,,,11.0,,5.0,,,,,,2.0,,,,,,,,2.0,,
476841,,,,,,,,18.0,,10.0,,,,,,3.0,,,,,,,2.0,3.0,,
476850,,,,,,,,6.0,,3.0,,,,,,1.0,1.0,,,,,,,1.0,,
476869,,,,,,,,17.0,,7.0,,,,,,1.0,1.0,,,,,4.0,1.0,1.0,,
476878,,,,,,,,5.0,,3.0,,,,,,1.0,,,,,,,,1.0,,
476887,,,,,,,,40.0,,28.0,,,,,,6.0,2.0,0.0,,,,,1.0,2.0,,
476896,,,,,,,,7.0,,3.0,,,,,,1.0,2.0,,,,,,,1.0,,
476902,,,,,,,,11.0,,8.0,,,,,,,1.0,,1.0,,,,,1.0,,
476911,,,,,,,,19.0,,7.0,,,,,,1.0,,3.0,,,,,,1.0,,
476939,,,,,,,,48.0,,18.0,,,,,,10.0,7.0,,2.0,,,0.0,5.0,3.0,,
476948,,,,,,,,21.0,,5.0,,,,,,1.0,,4.0,,,,,,,,
476957,,,,,,,,3.0,,1.0,,,,,,,1.0,,,,,,,1.0,,
476966,,,,,,,,13.0,,5.0,,,,,,1.0,,2.0,,,,,,0.0,,
476975,,,,,,,,432.0,,209.0,,,,,,16.0,21.0,4.0,,,,,1.0,1.0,,
476984,,,,,,,,18.0,,9.0,,,,,,2.0,,,,,,,2.0,4.0,,
476993,,,,,,,,41.0,,17.0,,,,,,8.0,3.0,,,,,3.0,5.0,4.0,,
477002,,,,,,,,6.0,,4.0,,,,,,2.0,,,,,,,,,,
477039,,,,,,,,95.0,,40.0,,,,,,18.0,6.0,,4.0,,,,,18.0,,
477950,,,,,,,,18.0,,7.0,,,,,,2.0,2.0,0.0,,,,,3.0,1.0,,
477996,,,,,,,,3.0,,2.0,,,,,,1.0,,,,,,,,,,
478014,,,,,,,,2.0,,1.0,,,,,,,,,,,,,,1.0,,
478582,,,,,,,,7.0,,5.0,,,,,,1.0,,,,,,,,0.0,,
478591,,,,,,,,11.0,,6.0,,,,,,1.0,,,,,,,,,,
478616,,,,,,,,7.0,,4.0,,,,,,1.0,,,,,,,,1.0,,
478634,,,,,,,,33.0,,14.0,,,,,,2.0,5.0,2.0,,,,,4.0,0.0,,
478661,,,,,,,,10.0,,4.0,,,,,,3.0,,,,,,,,,,
478917,,,,,,,,6.0,,4.0,,,,,,,,,,,,,1.0,1.0,,
478953,,,,,,,,24.0,,10.0,,,,,,1.0,,,,,,,,8.0,,
479053,,,,,,,,10.0,,4.0,,,,,,2.0,1.0,,,,,,1.0,0.0,,
479062,,,,,,,,5.0,,4.0,,,,,,1.0,,,,,,,,,,
479248,,,,,,,,9.0,,5.0,,,,,,,,,,,,,,2.0,,
479424,,,,,,,,41.0,,14.0,,,,,,5.0,1.0,1.0,,,,,3.0,8.0,,
479956,,,,,,,,387.0,,2.0,,,,,,71.0,55.0,72.0,104.0,,,,9.0,43.0,,
479965,,,,,,,,21.0,,8.0,,,,,,2.0,3.0,,,,,3.0,1.0,4.0,,
479974,,,,,,,,7.0,,3.0,,,,,,2.0,,,,,,,,1.0,,
479983,,,,,,,,9.0,,5.0,,,,,,2.0,2.0,,,,,,,,,
479992,,,,,,,,20.0,,5.0,,,,,,2.0,1.0,5.0,,,,,1.0,2.0,,
480000,,,,,,,,7.0,,3.0,,,,,,0.0,2.0,,,,,,,,,
480019,,,,,,,,51.0,,32.0,,,,,,5.0,1.0,,,,,,4.0,9.0,,
480028,,,,,,,,14.0,,4.0,,,,,,2.0,1.0,,,,,,2.0,,1.0,
480037,,,,,,,,140.0,,100.0,,,,,,15.0,,,,,,,20.0,4.0,,
480064,,,,,,,,15.0,,10.0,,,,,,3.0,,,,,,,,1.0,,
480073,,,,,,,,51.0,,26.0,,,,,,10.0,2.0,,1.0,,,,,10.0,,
480082,,,,,,,,19.0,,10.0,,,,,,6.0,,,,,,,,2.0,,
480091,,,,,,,,328.0,,165.0,,,,,,10.0,6.0,5.0,103.0,,,1.0,8.0,22.0,,
480125,,,,,,,,19.0,,10.0,,,,,,2.0,,,,,,,,,,
480134,,,,,,,,31.0,,16.0,,,,,,3.0,,,5.0,,,,,2.0,,
480161,,,,,,,,7.0,,2.0,,,,,,2.0,1.0,,,,,,,1.0,,
480170,,,,,,,,19.0,,9.0,,,,,,1.0,,,,,,,,4.0,,
480189,,,,,,,,111.0,,48.0,,,,,,13.0,2.0,4.0,21.0,6.0,,8.0,,7.0,,0.0
480198,,,,,,,,24.0,,12.0,,,,,,1.0,4.0,,4.0,,,,,2.0,,
480204,,,,,,,,53.0,,21.0,,,,,,9.0,,,,,,1.0,,5.0,,
480301,,,,,,,,17.0,,5.0,1.0,,,,,2.0,,1.0,,,,,,4.0,,
480310,,,,,,,,8.0,,4.0,,,,,,1.0,,,,,,,,1.0,,
480347,,,,,,,,11.0,,5.0,,,,,,1.0,2.0,,,,,,,3.0,,
480471,,,,,,,,32.0,,10.0,,,,,,5.0,1.0,,,,,0.0,,16.0,,
480499,,,,,,,,19.0,,13.0,,,,,,6.0,,,,,,,,,,
480523,,,,,,,,13.0,,6.0,,,,,,3.0,,,,,,,,1.0,,
480532,,,,,,,,13.0,,4.0,,,,,,3.0,,,,,,,,2.0,,
480550,,,,,,,,12.0,,5.0,,,,,,2.0,,,,,,,,2.0,,
480569,,,,,,,,97.0,,67.0,,,,,,5.0,,1.0,,,,,,16.0,,
480657,,,,,,,,33.0,,18.0,,,,,,5.0,,,,,,,,1.0,,
480693,,,,,,,,10.0,,6.0,,,,,,,0.0,0.0,,,,,,2.0,,
480727,,,,,,,,10.0,,5.0,,,,,,1.0,1.0,,,,,0.0,,1.0,1.0,
480736,,,,,,,,15.0,,5.0,,,,,,1.0,2.0,,,,,4.0,,4.0,,
480781,,,,,,,,26.0,,11.0,,,,,,4.0,1.0,1.0,2.0,,,,1.0,,,
480790,,,,,,,,331.0,,90.0,,,,,,27.0,6.0,10.0,1.0,104.0,,20.0,,38.0,4.0,
480824,,,,,,,,16.0,,6.0,,,,,,3.0,,,,,,,,1.0,,
480833,,,,,,,,44.0,,23.0,,,,,,5.0,,,,,,,,2.0,,
480842,,,,,,,,5.0,,3.0,,,,,,1.0,1.0,,,,,,,,,
480851,,,,,,,,10.0,,4.0,,,,,,,,,,,,,,3.0,,
480879,,,,,,,,8.0,,3.0,,,,,,1.0,1.0,,,,,,2.0,1.0,,
480888,,,,,,,,43.0,,22.0,,,,,,7.0,1.0,,1.0,,,,3.0,9.0,,
480903,,,,,,,,36.0,,19.0,,,,,,5.0,,,,,,,7.0,5.0,,
480912,,,,,,,,5.0,,3.0,,,,,,1.0,,,,,,,,,,
480921,,,,,,,,9.0,,6.0,,,,,,,3.0,,,,,,,,,
480930,,,,,,,,21.0,,14.0,,,,,,1.0,,,,,,,3.0,3.0,,
480967,,,,,,,,59.0,,16.0,1.0,,,,,6.0,5.0,2.0,,,,13.0,2.0,7.0,,
480976,,,,,,,,16.0,,5.0,,,,,,2.0,1.0,,,,,5.0,,,,
480985,,,,,,,,24.0,,10.0,0.0,,,,,2.0,1.0,1.0,,,,,0.0,3.0,,
480994,,,,,,,,6.0,,3.0,,,,,,,1.0,,,,,,,1.0,,
481003,,,,,,,,22.0,,10.0,,,,,,2.0,1.0,,2.0,,,,,3.0,,
481021,,,,,,,,160.0,,73.0,,,,,,7.0,8.0,2.0,1.0,2.0,,18.0,,9.0,2.0,6.0
481030,,,,,,,,21.0,,9.0,4.0,,,,,2.0,1.0,,2.0,,,1.0,,1.0,,
481049,,,,,,,,7.0,,3.0,,,,,,0.0,0.0,,,,,,,0.0,,
481058,,,,,,,,17.0,,12.0,,,,,,,2.0,,,,,,1.0,1.0,,
481085,,,,,,,,20.0,,12.0,,,,,,6.0,,,,,,,,2.0,,
481094,,,,,,,,46.0,,19.0,,,,,,10.0,1.0,1.0,1.0,,,1.0,,3.0,,
481100,,,,,,,,12.0,,5.0,,,,,,1.0,1.0,,,,,,,1.0,,
481128,,,,,,,,9.0,,3.0,,,,,,1.0,1.0,1.0,,,,,,1.0,,
481137,,,,,,,,73.0,,10.0,,,,,,13.0,6.0,1.0,10.0,3.0,,21.0,,4.0,3.0,
481146,,,,,,,,15.0,,5.0,,,,,,2.0,2.0,,,,,,,1.0,,
481155,,,,,,,,47.0,,15.0,,,,,,5.0,1.0,,,,,,,6.0,,
481182,,,,,,,,6.0,,2.0,,,,,,1.0,1.0,0.0,,,,,,1.0,0.0,
481191,,,,,,,,21.0,,9.0,,,,,,3.0,,,,,,3.0,,5.0,,
481207,,,,,,,,18.0,,5.0,,,,,,5.0,2.0,,,,,4.0,1.0,1.0,,
481225,,,,,,,,21.0,,7.0,,3.0,,,,,1.0,,,,,,,7.0,1.0,
481243,,,,,,,,26.0,,8.0,,,,,,3.0,2.0,,,,,,1.0,4.0,,
481252,,,,,,,,16.0,,8.0,,,,,,3.0,0.0,,,,,,,4.0,,
481289,,,,,,,,19.0,,12.0,,,,,,1.0,1.0,1.0,,,,,,3.0,,
481298,,,,,,,,6.0,,5.0,,,,,,1.0,,,,,,,,0.0,,
481313,,,,,,,,6.0,,2.0,,,,,,1.0,1.0,,,,,,1.0,1.0,,
481322,,,,,,,,5.0,,2.0,,,,,,,1.0,,,,,0.0,1.0,1.0,,
481331,,,,,,,,12.0,,10.0,,,,,,1.0,1.0,,,,,,,,,
481340,,,,,,,,14.0,,8.0,,,,,,1.0,,,,,,,,,,
481368,,,,,,,,13.0,,8.0,,,,,,1.0,1.0,,,1.0,,,,,,
481386,,,,,,,,20.0,,10.0,,,,,,2.0,,1.0,,,,,,4.0,,
481395,,,,,,,,8.0,,3.0,,,,,,1.0,2.0,,,,,,,1.0,,
481401,,,,,,,,36.0,,13.0,,,,,,6.0,5.0,3.0,1.0,,,,,0.0,,
481410,,,,,,,,6.0,,4.0,,,,,,1.0,,,,,,0.0,,0.0,,
481429,,,,,,,,12.0,,8.0,,,,,,1.0,1.0,,,,,,1.0,1.0,,
481438,,,,,,,,12.0,,7.0,,,,,,2.0,1.0,,,,,1.0,,1.0,,
481447,,,,,,,,7.0,,2.0,,,,,,1.0,2.0,,,,,,,1.0,,
481456,,,,,,,,5.0,,2.0,,,,,,1.0,1.0,,,,,1.0,,1.0,,
481465,,,,,,,,12.0,,5.0,,,,,,,4.0,,,,,,,1.0,1.0,
481474,,,,,,,,17.0,,9.0,,,,,,2.0,1.0,,,,,1.0,1.0,1.0,,
481483,,,,,,,,36.0,,17.0,,,,,,7.0,3.0,,1.0,,,,2.0,5.0,,
481508,,,,,,,,12.0,,4.0,,,,,,2.0,2.0,,,,,,2.0,1.0,,
481517,,,,,,,,15.0,,9.0,,,,,,1.0,1.0,,,,,2.0,1.0,1.0,,
481526,,,,,,,,12.0,,6.0,,,,,,3.0,,,,,,0.0,,3.0,,
481535,,,,,,,,771.0,,51.0,420.0,150.0,,,,,77.0,19.0,11.0,,,,,24.0,,16.0
481544,,,,,,,,4.0,,3.0,,,,,,,,,,,,,,,,
481571,,,,,,,,2.0,,1.0,,,,,,1.0,,,,,,,,,,
481678,,,,,,,,9.0,,5.0,,,,,,1.0,,,,,,,,1.0,,
481720,,,,,,,,19.0,,12.0,,,,,,5.0,,,,,,,,1.0,,
481739,,,,,,,,4.0,,2.0,,,,,,1.0,,,,,,,,,,
481748,,,,,,,,10.0,,5.0,,,,,,1.0,,,,,,,,1.0,,
481845,,,,,,,,6.0,,4.0,,,,,,1.0,,,,,,,,1.0,,
481863,,,,,,,,14.0,,6.0,,,,,,3.0,,,,,,,,2.0,,
481890,,,,,,,,11.0,,5.0,,,,,,2.0,,,,,,,,1.0,,
481906,,,,,,,,13.0,,7.0,,,,,,2.0,,,,,,,,,,
481942,,,,,,,,13.0,,6.0,,,,,,1.0,2.0,,,,,,2.0,1.0,,
481960,,,,,,,,12.0,,5.0,,,,,,1.0,,,,,,,2.0,1.0,,
482060,,,,,,,,28.0,,13.0,,,,,,2.0,,,,,,,5.0,8.0,,
482097,,,,,,,,44.0,,23.0,,,,,,2.0,4.0,,,,,1.0,7.0,6.0,,
482103,,,,,,,,22.0,,11.0,,,,,,3.0,1.0,,,,,,2.0,2.0,,
482149,,,,,,,,5307.0,,1019.0,198.0,8.0,,,,463.0,154.0,427.0,113.0,1522.0,,489.0,3.0,711.0,79.0,
482158,,,,,,,,744.0,,310.0,,,,,,110.0,8.0,23.0,16.0,5.0,,57.0,3.0,118.0,34.0,
482167,,,,,,,,6.0,,4.0,,,,,,1.0,0.0,,,,,,,1.0,,
482176,,,,,,,,20.0,,12.0,,,,,,1.0,,,,,,,3.0,4.0,,
482185,,,,,,,,18.0,,8.0,,,,,,1.0,2.0,1.0,1.0,,,,2.0,1.0,,
482194,,,,,,,,22.0,,9.0,,,,,,2.0,,,,,,,2.0,3.0,,
482200,,,,,,,,9.0,,5.0,,,,,,1.0,3.0,,,,,,,,,
482228,,,,,,,,20.0,,13.0,,,,,,2.0,1.0,1.0,,,,,,0.0,,
482246,,,,,,,,4.0,,2.0,,,,,,0.0,0.0,,,,,,,2.0,,
482255,,,,,,,,39.0,,18.0,,,,,,7.0,,,,,,,,14.0,,
482291,,,,,,,,52.0,,17.0,,,,,,6.0,1.0,,,,,1.0,,27.0,,
482325,,,,,,,,2.0,,1.0,,,,,,,,,,,,,,1.0,,
482343,,,,,,,,0.0,,0.0,,,,,,,,,,,,,,,,
482370,,,,,,,,6.0,,4.0,,,,,,1.0,,,,,,,,1.0,,
482413,,,,,,,,63.0,,28.0,,,,,,8.0,,2.0,,,,,,1.0,,
482422,,,,,,,,53.0,,23.0,,,,,,8.0,,2.0,,,,,,2.0,,
482431,,,,,,,,203.0,,94.0,,,,,,22.0,,7.0,,,,,,10.0,,
482440,,,,,,,,20.0,,9.0,,,,,,1.0,,1.0,,,,,,,,
482459,,,,,,,,59.0,,22.0,,,,,,6.0,,2.0,,,,,,2.0,,
482468,,,,,,,,72.0,,26.0,,,,,,14.0,,1.0,,,,,,6.0,,
482477,,,,,,,,1065.0,,471.0,,,,,,127.0,60.0,36.0,4.0,,,,,25.0,,
482486,,,,,,,,6.0,,3.0,,,,,,1.0,,,,,,,,1.0,,
482538,,,,,,,,22.0,,9.0,,,,,,3.0,,1.0,,,,,,1.0,,
482547,,,,,,,,13.0,,5.0,,,,,,1.0,,1.0,,,,,,,,
482556,,,,,,,,46.0,,17.0,,,,,,6.0,,1.0,,,,,,1.0,,
482565,,,,,,,,27.0,,13.0,,,,,,2.0,,1.0,,,,,,3.0,,
482574,,,,,,,,61.0,,25.0,,,,,,7.0,,1.0,,,,,,2.0,,
482608,,,,,,,,32.0,,7.0,,,,,,5.0,,1.0,,,,,,1.0,,
482617,,,,,,,,13.0,,5.0,,,,,,2.0,,0.0,,,,,,,,
482635,,,,,,,,74.0,,36.0,,,,,,7.0,,2.0,,,,,,6.0,,
482653,,,,,,,,35.0,,13.0,,,,,,4.0,,1.0,,,,,,3.0,,
482680,,,,,,,,1848.0,,818.0,,,,,,203.0,35.0,91.0,42.0,10.0,,177.0,1.0,247.0,47.0,
482699,,,,,,,,211.0,,78.0,,,,,,28.0,4.0,5.0,5.0,,,28.0,1.0,38.0,10.0,
482705,,,,,,,,743.0,,473.0,,,,,,18.0,35.0,25.0,77.0,,,,,15.0,,
482936,,,,,,,,244.0,,74.0,2.0,,,,,68.0,15.0,25.0,9.0,,,14.0,2.0,22.0,,
482963,,,,,,,,18.0,,8.0,,,,,,2.0,,,,,,,4.0,4.0,,
482972,,,,,,,,12.0,,5.0,,,,,,3.0,1.0,,,,,,2.0,,,
482981,,,,,,,,13.0,,4.0,,,,,,4.0,2.0,,,,,,1.0,2.0,,
482990,,,,,,,,71.0,,35.0,,,,,,9.0,,1.0,,,,,,26.0,,
483009,,,,,,,,12.0,,5.0,,,,,,2.0,1.0,,,,,,,1.0,,
483018,,,,,,,,119.0,,24.0,,,,,,10.0,21.0,4.0,10.0,0.0,,32.0,,5.0,,
483036,,,,,,,,288.0,,123.0,1.0,,,,,39.0,15.0,28.0,17.0,,,6.0,,49.0,,
483045,,,,,,,,711.0,,328.0,,20.0,,,,29.0,39.0,19.0,15.0,0.0,,78.0,,119.0,,
483054,,,,,,,,10.0,,7.0,,,,,,1.0,1.0,,,,,,,1.0,,
483106,,,,,,,,22.0,,12.0,,,,,,3.0,3.0,,,,,,,4.0,,
483124,,,,,,,,1321.0,,964.0,2.0,0.0,,,,105.0,32.0,52.0,123.0,,,1.0,,24.0,,
483212,,,,,,,,243.0,,115.0,,,,,,36.0,67.0,,,,,2.0,,7.0,2.0,
483221,,,,,,,,8.0,,4.0,,,,,,,1.0,,,,,,,3.0,,
483230,,,,,,,,24.0,,8.0,,,,,,3.0,1.0,,1.0,,,,4.0,4.0,1.0,
483258,,,,,,,,4.0,,1.0,,,,,,,,,,,,,,,,
483276,,,,,,,,3.0,,2.0,,,,,,,1.0,,,,,,,,,
483328,,,,,,,,28.0,,16.0,,,,,,2.0,,,,,,,5.0,5.0,,
483337,,,,,,,,20.0,,11.0,,,,,,1.0,,,,,,,3.0,4.0,0.0,
483346,,,,,,,,4.0,,2.0,,,,,,,0.0,,,,,,,2.0,,
483355,,,,,,,,27.0,,15.0,,,,,,3.0,2.0,,,,,1.0,3.0,2.0,,
483364,,,,,,,,20.0,,11.0,,,,,,2.0,,,,,,,3.0,4.0,,
483373,,,,,,,,15.0,,6.0,,,,,,1.0,2.0,1.0,,,,0.0,,2.0,,
483382,,,,,,,,30.0,,13.0,,,,,,10.0,,,,,,1.0,1.0,5.0,,
483425,,,,,,,,6.0,,4.0,,,,,,2.0,,,,,,,,,,
483443,,,,,,,,34.0,,24.0,,,,,,4.0,1.0,,,,,,,5.0,,
483470,,,,,,,,9.0,,4.0,,,,,,1.0,,,,,,,,4.0,,
483504,,,,,,,,34.0,,16.0,,,,,,3.0,,,,,,,,1.0,,
483513,,,,,,,,9.0,,5.0,,,,,,1.0,1.0,,,,,1.0,,1.0,,
483559,,,,,,,,10.0,,4.0,,,,,,2.0,2.0,,1.0,,,,1.0,,,
483577,,,,,,,,3.0,,2.0,,,,,,,1.0,,,,,,,,,
483595,,,,,,,,22.0,,8.0,,,,,,7.0,,1.0,,,,,,5.0,,
483610,,,,,,,,10.0,,6.0,,,,,,1.0,2.0,,,,,,,1.0,,
483638,,,,,,,,10.0,,5.0,,,,,,3.0,,,,,,,,2.0,,
483647,,,,,,,,25.0,,9.0,,,,,,,1.0,0.0,0.0,3.0,,,2.0,4.0,,
483665,,,,,,,,4.0,,3.0,,,,,,,,,,,,,,,,
483708,,,,,,,,15.0,,4.0,,,,,,0.0,2.0,,,1.0,,,,3.0,,
483717,,,,,,,,7.0,,3.0,,,,,,2.0,,,,,,2.0,,,,
483726,,,,,,,,3.0,,1.0,,,,,,1.0,0.0,,,,,,,,,
483735,,,,,,,,5.0,,2.0,,,,,,,,,,,,,,1.0,,
483744,,,,,,,,5.0,,2.0,,,,,,1.0,1.0,,,,,,,0.0,,
483753,,,,,,,,3.0,,2.0,,,,,,,1.0,,,,,,,,,
483780,,,,,,,,26.0,,13.0,,,,,,3.0,1.0,1.0,,,,,2.0,4.0,,
483799,,,,,,,,13.0,,7.0,,,,,,,1.0,1.0,,,,,,1.0,,
483814,,,,,,,,18.0,,8.0,,,,,,7.0,,,,,,,,2.0,,
483823,,,,,,,,63.0,,23.0,,,,,,7.0,3.0,4.0,4.0,,,1.0,2.0,3.0,8.0,
483841,,,,,,,,10.0,,1.0,,,,,,1.0,1.0,1.0,1.0,1.0,,1.0,1.0,1.0,,
483850,,,,,,,,10.0,,3.0,,,,,,3.0,1.0,,,,,,1.0,1.0,,
483869,,,,,,,,6.0,,3.0,,,,,,1.0,1.0,,,,,,,,,
483878,,,,,,,,24.0,,7.0,,,,,,2.0,3.0,,2.0,,,,3.0,2.0,,
483887,,,,,,,,7.0,,4.0,,,,,,2.0,,,,,,,,1.0,,
483896,,,,,,,,6.0,,5.0,,,,,,1.0,,,,,,,,0.0,,
483911,,,,,,,,6.0,,3.0,,,,,,1.0,,,,,,,,1.0,,
483920,,,,,,,,17.0,,10.0,,,,,,2.0,2.0,,,,,,,3.0,,
483939,,,,,,,,7.0,,2.0,,,,,,1.0,,,,,,,,2.0,,
483948,,,,,,,,7.0,,2.0,,,,,,1.0,1.0,,,,,,,1.0,,
483957,,,,,,,,4.0,,3.0,,,,,,,1.0,,,,,,,,,
483975,,,,,,,,86.0,,26.0,3.0,,,,,7.0,5.0,,1.0,,,,,17.0,,
484002,,,,,,,,65.0,,28.0,,,,,,11.0,3.0,1.0,,,,,,7.0,3.0,
484011,,,,,,,,17.0,,8.0,,,,,,3.0,,,,,,,1.0,4.0,1.0,
484020,,,,,,,,4.0,,1.0,,,,,,1.0,1.0,,0.0,,,,,0.0,,
484039,,,,,,,,18.0,,5.0,,,,,,2.0,2.0,,,,,5.0,,2.0,,
484048,,,,,,,,8.0,,4.0,,,,,,,1.0,,,,,,,0.0,,
484057,,,,,,,,6.0,,4.0,,,,,,0.0,0.0,,,,,,,0.0,,
484066,,,,,,,,78.0,,27.0,,,,,,11.0,,,,,,,,7.0,,
484075,,,,,,,,4.0,,2.0,,,,,,,,,,,,,,,,
484084,,,,,,,,11.0,,6.0,,,,,,1.0,1.0,,,,,,1.0,1.0,,
484093,,,,,,,,11.0,,6.0,,,,,,1.0,,,,,,,2.0,2.0,,
484109,,,,,,,,10.0,,5.0,,,,,,2.0,,,,,,,1.0,2.0,,
484118,,,,,,,,8.0,,3.0,,,,,,2.0,,,,,,,1.0,2.0,,
484127,,,,,,,,14.0,,9.0,,,,,,3.0,,,,,,,,0.0,,
484136,,,,,,,,3.0,,1.0,,,,,,,1.0,,,,,,,1.0,,
484154,,,,,,,,11.0,,5.0,,,,,,3.0,,,,,,,,3.0,,
484163,,,,,,,,25.0,,12.0,,,,,,6.0,1.0,,,,,,3.0,2.0,,
484172,,,,,,,,6.0,,1.0,,,,,,,1.0,,,,,,,3.0,,
484190,,,,,,,,6.0,,2.0,,,,,,,2.0,,,,,,,1.0,,
484206,,,,,,,,15.0,,6.0,,,,,,2.0,1.0,,,,,,1.0,,,
484233,,,,,,,,41.0,,22.0,,,,,,5.0,0.0,2.0,,,,,,9.0,3.0,
484321,,,,,,,,10.0,,4.0,,,,,,3.0,,,,,,,,1.0,,
484330,,,,,,,,12.0,,7.0,,,,,,2.0,,,,,,,,1.0,,
484349,,,,,,,,14.0,,5.0,,,,,,2.0,,,,,,,,1.0,,
484358,,,,,,,,16.0,,8.0,,,,,,2.0,,,,,,,,2.0,,
484367,,,,,,,,16.0,,8.0,,,,,,1.0,1.0,,,,,,,1.0,,
484376,,,,,,,,27.0,,15.0,,,,,,1.0,2.0,,,,,,,1.0,,
484385,,,,,,,,12.0,,4.0,,,,,,4.0,,,,,,,,3.0,,
484394,,,,,,,,9.0,,5.0,,,,,,3.0,,,,,,,,1.0,,
484473,,,,,,,,82.0,,24.0,,,,,,11.0,2.0,1.0,9.0,,,,,11.0,,
484604,,,,,,,,24.0,,10.0,,,,,,2.0,,,,,,,,,,
484613,,,,,,,,5165.0,,1778.0,,,,,,607.0,324.0,399.0,555.0,,,,600.0,853.0,,
484631,,,,,,,,469.0,,362.0,,,,,,46.0,40.0,,,,,,,21.0,,
484640,,,,,,,,25.0,,20.0,,,,,,3.0,1.0,,,,,,,2.0,,
484668,,,,,,,,58.0,,43.0,,,,,,9.0,3.0,,,,,,,3.0,,
484677,,,,,,,,38.0,,27.0,,,,,,9.0,,,,,,,,2.0,,
484686,,,,,,,,8.0,,5.0,,,,,,2.0,,,,,,,,1.0,,
484695,,,,,,,,15.0,,12.0,,,,,,2.0,1.0,,,,,,,0.0,,
484701,,,,,,,,3.0,,2.0,,,,,,1.0,,,,,,,,,,
484710,,,,,,,,40.0,,30.0,,,,,,6.0,2.0,,,,,,,2.0,,
484729,,,,,,,,14.0,,9.0,,,,,,3.0,1.0,,,,,,,1.0,,
484747,,,,,,,,24.0,,18.0,,,,,,3.0,,,,,,,,3.0,,
484756,,,,,,,,114.0,,82.0,,,,,,13.0,8.0,,,,,,,11.0,,
484765,,,,,,,,31.0,,20.0,,,,,,8.0,2.0,,,,,,,2.0,,
484783,,,,,,,,18.0,,13.0,,,,,,3.0,1.0,,,,,,,1.0,,
484826,,,,,,,,8.0,,6.0,,,,,,1.0,,,,,,,1.0,,,
484835,,,,,,,,42.0,,11.0,,,,,,16.0,9.0,,1.0,,,0.0,1.0,2.0,1.0,
484862,,,,,,,,40.0,,20.0,1.0,,,,,10.0,1.0,,,,,,2.0,3.0,0.0,
484871,,,,,,,,9.0,,5.0,,,,,,4.0,,,,,,,,,,
484899,,,,,,,,58.0,,13.0,,,,,,1.0,5.0,,,,,,,15.0,,
484905,,,,,,,,363.0,,156.0,5.0,13.0,,,,44.0,25.0,9.0,5.0,1.0,,17.0,,65.0,,
484923,,,,,,,,5.0,,2.0,,,,,,1.0,,,,,,,,1.0,,
484932,,,,,,,,190.0,,129.0,,,,,,23.0,3.0,6.0,1.0,1.0,,3.0,,24.0,,
484950,,,,,,,,12.0,,9.0,,,,,,1.0,,,,,,,,,,
484996,,,,,,,,12.0,,7.0,,,,,,1.0,,,,,,,,2.0,2.0,
485014,,,,,,,,7.0,,4.0,,,,,,1.0,,,,,,,,1.0,,
485032,,,,,,,,16.0,,6.0,,,,,,1.0,2.0,,,,,1.0,4.0,1.0,,
485111,,,,,,,,713.0,,274.0,,,,,,59.0,22.0,12.0,45.0,6.0,,90.0,,124.0,,
485120,,,,,,,,5.0,,2.0,,,,,,1.0,,,,,,,,2.0,,
485139,,,,,,,,19.0,,7.0,,,,,,2.0,,2.0,,,,,,1.0,,
485166,,,,,,,,20.0,,7.0,,,,,,4.0,1.0,,,,,,,5.0,,
485236,,,,,,,,6.0,,2.0,,,,,,1.0,1.0,,,,,,,1.0,,
485263,,,,,,,,69.0,,31.0,,,,,,3.0,9.0,2.0,,1.0,,,8.0,4.0,,
485272,,,,,,,,101.0,,55.0,,,,,,17.0,6.0,1.0,5.0,,,,,13.0,,
485290,,,,,,,,22.0,,16.0,,,,,,5.0,,,,,,,,1.0,,
485306,,,,,,,,3.0,,2.0,,,,,,,1.0,,,,,,,,,
485342,,,,,,,,16.0,,5.0,,,,,,2.0,,1.0,,,,3.0,,3.0,,
485360,,,,,,,,8.0,,4.0,,,,,,1.0,1.0,,,,,,,2.0,,
485379,,,,,,,,22.0,,12.0,,,,,,1.0,1.0,,,,,1.0,,7.0,,
485388,,,,,,,,25.0,,13.0,,,,,,1.0,1.0,,,,,1.0,,9.0,,
485397,,,,,,,,9.0,,4.0,,,,,,2.0,,,,,,,,1.0,,
485403,,,,,,,,20.0,,5.0,,,,,,6.0,2.0,,,,,,,3.0,,
485412,,,,,,,,6.0,,5.0,,,,,,,1.0,,,,,,,,,
485458,,,,,,,,244.0,,114.0,,2.0,,,,18.0,8.0,7.0,3.0,,,25.0,,31.0,,
485467,,,,,,,,106.0,,,,,,,,32.0,12.0,10.0,,,,,,41.0,,
485476,,,,,,,,4.0,,1.0,,,,,,1.0,1.0,,,,,0.0,,1.0,,
485485,,,,,,,,18.0,,6.0,,,,,,7.0,1.0,,,,,,1.0,1.0,,1.0
485494,,,,,,,,14.0,,7.0,,,,,,1.0,1.0,,,,,,,,,
485500,,,,,,,,15.0,,3.0,,,,,,1.0,1.0,1.0,,,,,6.0,1.0,,
485519,,,,,,,,24.0,,7.0,,,,,,5.0,5.0,2.0,,,,,,1.0,,
485528,,,,,,,,7.0,,4.0,,,,,,,1.0,,,,,,,2.0,,
485537,,,,,,,,1143.0,,67.0,48.0,,,,,80.0,35.0,8.0,,614.0,,29.0,,245.0,15.0,
485546,,,,,,,,29.0,,4.0,,,,,,6.0,5.0,1.0,,,,,7.0,,,
485564,,,,,,,,17.0,,7.0,,,,,,3.0,1.0,,,,,,1.0,4.0,,
485573,,,,,,,,5.0,,2.0,,,,,,1.0,1.0,,,,,,,0.0,,
485582,,,,,,,,11.0,,8.0,,,,,,2.0,0.0,,,,,,1.0,,,
485591,,,,,,,,2.0,,1.0,,,,,,,,,,,,1.0,,,,
485607,,,,,,,,5.0,,2.0,,,,,,,,,,,,,,3.0,,
485704,,,,,,,,3.0,,2.0,,,,,,,,,,,,,,1.0,,
485731,,,,,,,,3.0,,3.0,,,,,,,,,,,,,,,,
485768,,,,,,,,22.0,,9.0,,,,,,4.0,1.0,0.0,,,,,,2.0,,
485801,,,,,,,,13.0,,2.0,,,,,,4.0,2.0,,,,,,,1.0,,
485810,,,,,,,,9.0,,1.0,,,,,,1.0,2.0,,,,,,,3.0,,
485856,,,,,,,,11.0,,5.0,,,,,,3.0,,,,,,0.0,,0.0,,
485874,,,,,,,,7.0,,4.0,,,,,,1.0,1.0,,,,,,1.0,,,
485908,,,,,,,,16.0,,6.0,,,,,,4.0,,,,,,,,3.0,,
485926,,,,,,,,18.0,,12.0,,,,,,0.0,1.0,,,,,,3.0,1.0,,
485953,,,,,,,,9.0,,3.0,,,,,,1.0,1.0,,,,,1.0,,2.0,,
485962,,,,,,,,5.0,,1.0,,,,,,,2.0,,,,,,,1.0,,
485999,,,,,,,,19.0,,12.0,,,,,,1.0,1.0,,,,,3.0,,2.0,,
486017,,,,,,,,8.0,,6.0,,,,,,,,,,,,,,2.0,,
486026,,,,,,,,8.0,,5.0,,,,,,2.0,0.0,,,,,0.0,,1.0,,
486053,,,,,,,,34.0,,18.0,,,,,,4.0,1.0,0.0,5.0,,,1.0,1.0,2.0,,
486080,,,,,,,,41.0,,41.0,,,,,,,,,,,,,,,,
486099,,,,,,,,14.0,,4.0,,,,,,4.0,2.0,,,,,1.0,,3.0,,
486105,,,,,,,,2.0,,2.0,,,,,,,,,,,,,,,,
486123,,,,,,,,11.0,,7.0,,,,,,1.0,,,,,,,1.0,2.0,,
486141,,,,,,,,6.0,,0.0,,,,,,2.0,1.0,,,,,,,1.0,,
486150,,,,,,,,21.0,,8.0,,,,,,2.0,1.0,1.0,1.0,,,2.0,,3.0,,
486169,,,,,,,,6.0,,3.0,,,,,,2.0,1.0,,,,,,,,,
486196,,,,,,,,19.0,,11.0,,,,,,1.0,1.0,,,,,4.0,,1.0,,
486202,,,,,,,,7.0,,3.0,,,,,,1.0,,,,,,1.0,,1.0,,
486239,,,,,,,,58.0,,23.0,,,,,,3.0,3.0,1.0,,,,,6.0,7.0,4.0,
486248,,,,,,,,7.0,,4.0,,,,,,,,,,,,,,1.0,,
486257,,,,,,,,21.0,,11.0,,,,,,5.0,1.0,,,,,,,3.0,,
486284,,,,,,,,90.0,,19.0,,,,,,32.0,3.0,1.0,8.0,,,6.0,2.0,13.0,3.0,
486309,,,,,,,,8.0,,4.0,,,,,,1.0,2.0,,,,,0.0,,,,
486327,,,,,,,,2.0,,1.0,,,,,,1.0,,,,,,,,,,
486345,,,,,,,,9.0,,,,,,,,,1.0,,1.0,,,,,,6.0,
486354,,,,,,,,19.0,,9.0,,,,,,3.0,1.0,,,,,,,5.0,,
486372,,,,,,,,9.0,,5.0,,,,,,1.0,0.0,,,,,,2.0,,,
486381,,,,,,,,9.0,,3.0,,,,,,2.0,2.0,,,,,,1.0,,,
486390,,,,,,,,10.0,,4.0,,,,,,4.0,1.0,,,,,,,1.0,,
486406,,,,,,,,3.0,,2.0,,,,,,,,,,,,,,1.0,,
486415,,,,,,,,33.0,,20.0,,,,,,4.0,3.0,1.0,,,,1.0,,5.0,,
486424,,,,,,,,16.0,,8.0,,,,,,2.0,,1.0,,,,1.0,,,,
486433,,,,,,,,35.0,,13.0,,,,,,4.0,2.0,1.0,1.0,,,,7.0,2.0,,
486442,,,,,,,,18.0,,6.0,,,,,,1.0,5.0,,,,,4.0,,2.0,,
486460,,,,,,,,6.0,,3.0,,0.0,,,,1.0,,,,,,0.0,,1.0,,
486488,,,,,,,,22.0,,11.0,,1.0,,,,3.0,1.0,0.0,1.0,,,,,2.0,,
486497,,,,,,,,8.0,,4.0,,,,,,1.0,1.0,,,,,,,2.0,,
486503,,,,,,,,6.0,,3.0,,,,,,1.0,1.0,,,,,,,1.0,,
486512,,,,,,,,12.0,,3.0,,,,,,2.0,1.0,,,,,0.0,,5.0,,
486521,,,,,,,,10.0,,2.0,,,,,,2.0,2.0,,,,,,,2.0,,
486530,,,,,,,,21.0,,15.0,,,,,,5.0,,,,,,,,1.0,,
486558,,,,,,,,33.0,,15.0,,,,,,4.0,,,,,,,,14.0,,
486567,,,,,,,,20.0,,11.0,,,,,,1.0,,,,,,,2.0,5.0,1.0,
486576,,,,,,,,22.0,,3.0,,,,,,3.0,2.0,,0.0,,,,,4.0,2.0,0.0
486594,,,,,,,,12.0,,5.0,,,,,,2.0,1.0,0.0,,,,,,1.0,,
486619,,,,,,,,8.0,,3.0,,,,,,,1.0,,,,,,,1.0,,
486691,,,,,,,,7.0,,4.0,,,,,,1.0,,,,,,,,1.0,,
486707,,,,,,,,20.0,,11.0,,,,,,3.0,,,,,,,,2.0,,
486716,,,,,,,,13.0,,6.0,,,,,,3.0,,,,,,,,,,
486734,,,,,,,,11.0,,6.0,,,,,,4.0,,,,,,,,,,
486752,,,,,,,,12.0,,4.0,,,,,,3.0,,,,,,,,1.0,,
486770,,,,,,,,15.0,,6.0,,,,,,2.0,1.0,,,,,2.0,2.0,1.0,,
486798,,,,,,,,81.0,,26.0,,,,,,9.0,,,,,,,20.0,18.0,8.0,
486813,,,,,,,,51.0,,27.0,,,,,,2.0,,,,,,,,15.0,,
486822,,,,,,,,49.0,,30.0,,,,,,2.0,,,,,,,,10.0,,
486840,,,,,,,,3719.0,,1379.0,,,,,,586.0,114.0,291.0,79.0,9.0,,351.0,3.0,609.0,88.0,
486859,,,,,,,,5.0,,3.0,,,,,,1.0,1.0,,,,,,,,,
486868,,,,,,,,2.0,,1.0,,,,,,,1.0,,,,,,,,,
486877,,,,,,,,3.0,,1.0,,,,,,1.0,,,,,,,,1.0,,
486886,,,,,,,,2.0,,1.0,,,,,,,,,,,,,,1.0,,
486901,,,,,,,,255.0,,124.0,,,,,,34.0,9.0,5.0,33.0,2.0,,17.0,1.0,21.0,4.0,
486938,,,,,,,,38.0,,20.0,,,,,,6.0,,1.0,,,,,,3.0,,
486947,,,,,,,,48.0,,31.0,,,,,,6.0,,1.0,,,,,,1.0,,
486956,,,,,,,,68.0,,41.0,,,,,,6.0,,1.0,,,,,,6.0,,
486965,,,,,,,,111.0,,34.0,,5.0,,,,3.0,3.0,5.0,10.0,,,11.0,14.0,6.0,,
486983,,,,,,,,8.0,,3.0,,,,,,1.0,,,,,,,1.0,2.0,0.0,
487010,,,,,,,,4587.0,,1421.0,106.0,,,,,212.0,103.0,353.0,23.0,1429.0,,280.0,,535.0,70.0,22.0
487047,,,,,,,,17.0,,6.0,,,,,,2.0,,,,,,1.0,,1.0,,
487065,,,,,,,,5.0,,3.0,,,,,,1.0,,,,,,,,1.0,,
487083,,,,,,,,11.0,,6.0,,,,,,2.0,1.0,,,,,,1.0,1.0,,
487092,,,,,,,,222.0,,92.0,,,,,,16.0,6.0,17.0,18.0,3.0,,1.0,,25.0,3.0,1.0
487153,,,,,,,,6.0,,3.0,,,,,,1.0,,,,,,,,2.0,,
487162,,,,,,,,411.0,,199.0,,5.0,,,,18.0,26.0,9.0,14.0,,,46.0,,59.0,,
487232,,,,,,,,8.0,,4.0,,,,,,3.0,,,,,,,,1.0,,
487296,,,,,,,,85.0,,45.0,,,,,,2.0,12.0,3.0,2.0,,,1.0,,6.0,2.0,
487302,,,,,,,,58.0,,29.0,,,,,,13.0,2.0,,1.0,,,1.0,6.0,3.0,,
487311,,,,,,,,70.0,,40.0,,,,,,8.0,5.0,,,,,1.0,10.0,2.0,1.0,
487320,,,,,,,,1563.0,,561.0,,,,,,165.0,88.0,69.0,84.0,,,119.0,6.0,240.0,71.0,9.0
487348,,,,,,,,8.0,,5.0,,,,,,1.0,1.0,,,,,,,1.0,,
487375,,,,,,,,44.0,,25.0,,,,,,6.0,,1.0,,,,,,12.0,,
487384,,,,,,,,45.0,,20.0,,,,,,7.0,,,,,,,,18.0,,
487393,,,,,,,,40.0,,15.0,,,,,,4.0,,,,,,,,21.0,,
487409,,,,,,,,37.0,,12.0,,,,,,3.0,,,,,,,,22.0,,
487418,,,,,,,,53.0,,22.0,,,,,,8.0,1.0,,,,,,,22.0,,
487427,,,,,,,,35.0,,9.0,,,,,,6.0,,,,,,,,20.0,,
487436,,,,,,,,30.0,,10.0,,,,,,5.0,,,,,,,,15.0,,
487445,,,,,,,,32.0,,10.0,,,,,,5.0,,,,,,,,17.0,,
487454,,,,,,,,30.0,,7.0,,,,,,6.0,,,,,,,,17.0,,
487472,,,,,,,,56.0,,18.0,,,,,,4.0,,,,,,,,34.0,,
487481,,,,,,,,33.0,,14.0,,,,,,4.0,,,,,,,,14.0,,
487490,,,,,,,,36.0,,10.0,,,,,,5.0,,,,,,,,21.0,,
487506,,,,,,,,43.0,,12.0,,,,,,3.0,2.0,,,,,2.0,6.0,18.0,,
487524,,,,,,,,499.0,,226.0,2.0,,,,,61.0,19.0,19.0,36.0,1.0,,86.0,,29.0,,
487533,,,,,,,,21.0,,11.0,,,,,,3.0,1.0,,,,,,,1.0,,
487588,,,,,,,,23.0,,5.0,,,,,,9.0,1.0,,,,,,3.0,4.0,,
487597,,,,,,,,63.0,,29.0,,,,,,6.0,23.0,1.0,,,,,,3.0,1.0,
487603,,,,,,,,64.0,,44.0,,,,,,6.0,,,,,,,7.0,7.0,,
487621,,,,,,,,5.0,,2.0,,,,,,2.0,,,,,,,,1.0,,
487649,,,,,,,,20.0,,7.0,,,,,,10.0,1.0,,,,,,,1.0,,
487658,,,,,,,,10.0,,5.0,,,,,,1.0,,,,,,,2.0,1.0,,
487676,,,,,,,,20.0,,10.0,,,,,,3.0,4.0,,,,,,2.0,,,
487746,,,,,,,,13.0,,7.0,,,,,,3.0,1.0,,,,,1.0,,1.0,,
487773,,,,,,,,9.0,,4.0,,,,,,3.0,,,,,,,,2.0,,
487791,,,,,,,,40.0,,20.0,,,,,,5.0,2.0,,,,,,,,,
487807,,,,,,,,8.0,,4.0,,,,,,1.0,1.0,,,,,,,2.0,,
487816,,,,,,,,5.0,,2.0,,,,,,1.0,1.0,,,,,,,0.0,,
487852,,,,,,,,2.0,,0.0,,,,,,1.0,0.0,,,,,,,0.0,,
487861,,,,,,,,21.0,,7.0,,,,,,3.0,3.0,1.0,,,,,,5.0,,
487870,,,,,,,,3.0,,1.0,,,,,,1.0,,,,,,,,,,
487889,,,,,,,,13.0,,5.0,,,,,,2.0,,,,,,,,6.0,,
487898,,,,,,,,3.0,,2.0,,,,,,1.0,0.0,,,,,,,,,
487904,,,,,,,,11.0,,4.0,,,,,,2.0,1.0,,,,,,,1.0,,
487913,,,,,,,,2.0,,1.0,,,,,,,1.0,,,,,,,,,
487922,,,,,,,,5.0,,3.0,,,,,,2.0,,,,,,,,,,
487959,,,,,,,,5.0,,2.0,,,,,,1.0,2.0,,,,,,,,,
487968,,,,,,,,45.0,,15.0,,,,,,3.0,2.0,,,1.0,,14.0,,6.0,,
487977,,,,,,,,75.0,,9.0,,,,,,12.0,1.0,,,,,,,2.0,,
487995,,,,,,,,25.0,,12.0,,,,,,1.0,1.0,0.0,,3.0,,,,3.0,,
488004,,,,,,,,9.0,,6.0,,,,,,2.0,,,,,,0.0,,1.0,,
488013,,,,,,,,8.0,,2.0,,,,,,2.0,,,,,,0.0,0.0,2.0,,
488022,,,,,,,,6.0,,3.0,,,,,,,0.0,,,,,,1.0,1.0,,
488031,,,,,,,,13.0,,2.0,,,,,,2.0,1.0,2.0,,,,,2.0,3.0,,
488040,,,,,,,,10.0,,2.0,,,,,,2.0,2.0,,1.0,,,,,2.0,,
488059,,,,,,,,3.0,,0.0,,,,,,2.0,,,,,,,,0.0,,
488068,,,,,,,,15.0,,8.0,,,,,,1.0,,,,,,,,0.0,,
488077,,,,,,,,81.0,,27.0,,,,,,9.0,,,,,,,16.0,,,
488086,,,,,,,,7.0,,,,,,,,5.0,1.0,,,,,,,1.0,,
488101,,,,,,,,14.0,,11.0,,,,,,1.0,,,,,,1.0,,1.0,,
488110,,,,,,,,7.0,,3.0,,,,,,,2.0,,,,,,,,,
488129,,,,,,,,2.0,,1.0,,,,,,0.0,0.0,,,,,,,0.0,,
488138,,,,,,,,5.0,,1.0,,,,,,2.0,1.0,,,,,,1.0,,,
488147,,,,,,,,13.0,,5.0,,,,,,1.0,1.0,,,2.0,,,1.0,2.0,,
488156,,,,,,,,6.0,,2.0,,,,,,2.0,1.0,,,,,,,,,
488165,,,,,,,,9.0,,3.0,,,,,,3.0,,,,,,3.0,,,,
488174,,,,,,,,3.0,,1.0,,,,,,,2.0,,,,,,,,,
488183,,,,,,,,3.0,,2.0,,,,,,,,,,,,,,,,
488192,,,,,,,,6.0,,3.0,,,,,,,1.0,,,,,,,,,
488217,,,,,,,,10.0,,3.0,,,,,,0.0,1.0,,,1.0,,1.0,,1.0,,
488226,,,,,,,,4.0,,2.0,,,,,,2.0,,,,,,,,,,
488235,,,,,,,,4.0,,2.0,,,,,,1.0,,,,,,,,,,
488253,,,,,,,,10.0,,3.0,,,,,,3.0,,,,,,,,1.0,,
488262,,,,,,,,4.0,,2.0,,,,,,2.0,,,,,,,,0.0,,
488271,,,,,,,,12.0,,4.0,,,,,,2.0,1.0,,,,,,,2.0,,
488280,,,,,,,,2.0,,1.0,,,,,,,,,,,,,,1.0,,
488299,,,,,,,,14.0,,3.0,,,,,,3.0,2.0,,,,,,,4.0,,
488305,,,,,,,,27.0,,7.0,,,,,,8.0,1.0,0.0,,,,3.0,,6.0,,
488314,,,,,,,,3.0,,3.0,,,,,,0.0,,,,,,,,,,
488332,,,,,,,,16.0,,8.0,,,,,,,1.0,,,,,,,7.0,,
488350,,,,,,,,6.0,,4.0,,,,,,1.0,1.0,,,,,,,0.0,,
488369,,,,,,,,5.0,,3.0,,,,,,2.0,,,,,,,,,,
488378,,,,,,,,4.0,,1.0,,,,,,,1.0,,,,,,,,,
488387,,,,,,,,40.0,,14.0,,,,,,12.0,1.0,1.0,3.0,,,,,4.0,,
488396,,,,,,,,3.0,,1.0,,,,,,,,,,,,,,1.0,,
488411,,,,,,,,9.0,,5.0,,,,,,2.0,,,,,,,,1.0,,
488420,,,,,,,,13.0,,1.0,,,,,,4.0,1.0,,2.0,,,,,5.0,,
488439,,,,,,,,14.0,,6.0,,,,,,5.0,1.0,,,,,,,1.0,,
488448,,,,,,,,18.0,,10.0,,,,,,3.0,1.0,,,,,,,2.0,,
488527,,,,,,,,97.0,,35.0,1.0,,,,,13.0,7.0,6.0,3.0,,,11.0,,9.0,1.0,
488554,,,,,,,,102.0,,27.0,,,,,,18.0,7.0,5.0,,,,,,18.0,,
488572,,,,,,,,79.0,,39.0,,,,,,6.0,7.0,1.0,4.0,,,,,4.0,,
488590,,,,,,,,2.0,,1.0,,,,,,,,,,,,,,1.0,,
488651,,,,,,,,8.0,,4.0,,,,,,,3.0,,,,,1.0,,,,
488730,,,,,,,,239.0,,108.0,,,,,,7.0,6.0,13.0,4.0,,,18.0,,19.0,3.0,1.0
488749,,,,,,,,23.0,,12.0,,,,,,1.0,1.0,,,,,1.0,2.0,5.0,1.0,
488776,,,,,,,,6.0,,1.0,,,,,,,,,,1.0,,,1.0,3.0,,
488785,,,,,,,,36.0,,10.0,,,,,,5.0,1.0,,16.0,,,,,1.0,,
488800,,,,,,,,66.0,,51.0,,,,,,,1.0,,,,,,,14.0,,
488828,,,,,,,,3.0,,1.0,,,,,,1.0,1.0,,,,,,,,,
488837,,,,,,,,21.0,,13.0,,,,,,1.0,2.0,,,,,,,5.0,,
488846,,,,,,,,182.0,,173.0,,,,,,,,,,,,,,,,
488891,,,,,,,,57.0,,25.0,,,,,,4.0,,1.0,,,,,,11.0,9.0,
488907,,,,,,,,22.0,,5.0,1.0,,,,,2.0,1.0,1.0,,,,,,5.0,,
488916,,,,,,,,3.0,,1.0,,,,,,1.0,,,,,,,,1.0,,
488925,,,,,,,,21.0,,13.0,,,,,,2.0,2.0,,,,,,1.0,2.0,,
488934,,,,,,,,743.0,,259.0,,,,,,47.0,24.0,26.0,8.0,,,58.0,,105.0,30.0,19.0
488952,,,,,,,,17.0,,8.0,,,,,,4.0,,,,,,,,1.0,,
488961,,,,,,,,13.0,,7.0,,,,,,3.0,,,,,,,,,,
488970,,,,,,,,11.0,,4.0,,,,,,2.0,,,,,,,,1.0,,
488989,,,,,,,,19.0,,10.0,,,,,,1.0,,,,,,,3.0,5.0,,
488998,,,,,,,,13.0,,7.0,,,,,,1.0,,,,,,,2.0,2.0,,
489122,,,,,,,,11.0,,3.0,,,,,,1.0,2.0,,2.0,,,,,2.0,,
489131,,,,,,,,8.0,,4.0,,,,,,1.0,2.0,,,,,,,,,
489140,,,,,,,,7.0,,3.0,,,,,,1.0,2.0,,,,,,,,,
489159,,,,,,,,16.0,,10.0,,,,,,1.0,,,,,,,2.0,2.0,,
489201,,,,,,,,241.0,,163.0,,,,,,16.0,8.0,,7.0,,,9.0,,35.0,,
489238,,,,,,,,14.0,,7.0,,,,,,1.0,1.0,,1.0,,,,2.0,1.0,,
489247,,,,,,,,8.0,,5.0,,,,,,1.0,0.0,,,,,,0.0,2.0,,
489256,,,,,,,,27.0,,15.0,,,,,,4.0,1.0,1.0,,,,1.0,,4.0,,
489283,,,,,,,,38.0,,20.0,,,,,,5.0,,,,,,,,1.0,,
489335,,,,,,,,9.0,,4.0,0.0,,,,,,2.0,,,,,,,,,
489344,,,,,,,,30.0,,14.0,,,,,,6.0,,1.0,,,,,,2.0,,
489353,,,,,,,,29.0,,15.0,,,,,,4.0,,1.0,,,,,,3.0,,
489371,,,,,,,,15.0,,8.0,,,,,,1.0,1.0,,,,,,3.0,2.0,,
489399,,,,,,,,2.0,,1.0,,,,,,1.0,,,,,,,,,,
489414,,,,,,,,18.0,,4.0,,,,,,3.0,1.0,,0.0,,,0.0,2.0,0.0,1.0,1.0
489760,,,,,,,,10.0,,7.0,,,,,,1.0,,,,,,0.0,1.0,1.0,,
489779,,,,,,,,1125.0,,824.0,,,,,,129.0,6.0,,,,,,,1.0,,
489812,,,,,,,,5.0,,4.0,,,,,,,,,,,,,,1.0,,
489830,,,,,,,,5.0,,3.0,,,,,,1.0,,,,,,,,1.0,,
489858,,,,,,,,81.0,,39.0,,,,,,19.0,2.0,1.0,1.0,,,,,12.0,1.0,
489937,,,,,,,,104.0,,36.0,,,,,,18.0,3.0,4.0,16.0,1.0,,5.0,1.0,8.0,,
490018,,,,,,,,2.0,,1.0,,,,,,,,,,,,,,1.0,,
490045,,,,,,,,19.0,,8.0,,,,,,3.0,,1.0,,,,1.0,,4.0,,
490054,,,,,,,,48.0,,10.0,,,,,,5.0,6.0,,,,,,,3.0,,
490063,,,,,,,,20.0,,8.0,,,,,,5.0,,1.0,,,,,,6.0,,
490072,,,,,,,,35.0,,17.0,,,,,,2.0,,,,,,,,4.0,4.0,
490081,,,,,,,,17.0,,5.0,,1.0,,,,1.0,2.0,0.0,,,,3.0,,,,
490090,,,,,,,,19.0,,9.0,,,,,,,,,1.0,2.0,,2.0,,,3.0,1.0
490106,,,,,,,,28.0,,10.0,,,,,,1.0,2.0,0.0,,1.0,,,,4.0,,
490115,,,,,,,,11.0,,3.0,,,,,,1.0,1.0,,0.0,,,,2.0,1.0,,
490124,,,,,,,,8.0,,1.0,,,,,,2.0,,,,,,,,1.0,,
490133,,,,,,,,105.0,,36.0,3.0,,,,,8.0,3.0,2.0,6.0,,,7.0,14.0,6.0,,
490142,,,,,,,,10.0,,,,,,,,1.0,3.0,,,,,,,2.0,,
490151,,,,,,,,11.0,,3.0,,,,,,3.0,1.0,,,,,,,3.0,,
490160,,,,,,,,8.0,,3.0,,,,,,4.0,,,,,,,,1.0,,
490179,,,,,,,,14.0,,7.0,,2.0,,,,,3.0,,,,,,,2.0,,
490188,,,,,,,,5.0,,2.0,,,,,,1.0,,,,,,,,0.0,,
490197,,,,,,,,8.0,,2.0,,,,,,1.0,1.0,,,,,,,,,
490203,,,,,,,,21.0,,10.0,,,,,,2.0,1.0,,2.0,,,,,0.0,,
490212,,,,,,,,55.0,,4.0,,,,,,8.0,2.0,1.0,,,,,,14.0,1.0,
490221,,,,,,,,3.0,,2.0,,,,,,,0.0,,,,,,,0.0,,
490230,,,,,,,,15.0,,11.0,,,,,,3.0,1.0,,,,,,,,,
490249,,,,,,,,10.0,,3.0,,,,,,2.0,,,,,,,2.0,1.0,,
490258,,,,,,,,6.0,,3.0,,,,,,1.0,,,,,,,,1.0,,
490267,,,,,,,,4.0,,3.0,,,,,,,0.0,,,,,,,,,
490276,,,,,,,,24.0,,15.0,,,,,,,,,,,,3.0,,3.0,,
490285,,,,,,,,60.0,,27.0,,,,,,9.0,3.0,3.0,,,,,,3.0,,
490294,,,,,,,,9.0,,7.0,,,,,,,1.0,,,,,,,0.0,,
490300,,,,,,,,6.0,,4.0,,,,,,2.0,,,,,,,,,,
490319,,,,,,,,5.0,,4.0,,,,,,1.0,0.0,,,,,,,,,
490328,,,,,,,,8.0,,4.0,,,,,,1.0,0.0,,,,,1.0,,3.0,,
490337,,,,,,,,8.0,,5.0,,,,,,,1.0,,,,,,,1.0,,
490346,,,,,,,,12.0,,6.0,,,,,,,1.0,0.0,,,,,,1.0,,
490364,,,,,,,,2.0,,1.0,,,,,,,,,,,,,,1.0,,
490373,,,,,,,,697.0,,107.0,10.0,,,,,52.0,15.0,49.0,9.0,266.0,,45.0,,121.0,3.0,
490382,,,,,,,,15.0,,7.0,,,,,,2.0,2.0,,,,,,1.0,3.0,,
490391,,,,,,,,3.0,,1.0,,,,,,,,,,,,,,,,
490407,,,,,,,,6.0,,1.0,,,,,,,,,,2.0,,,,3.0,,
490416,,,,,,,,6.0,,3.0,,,,,,1.0,2.0,,,,,,,,,
490425,,,,,,,,11.0,,6.0,,,,,,2.0,2.0,,,,,,,1.0,,
490434,,,,,,,,5.0,,3.0,,,,,,,2.0,,,,,,,,,
490443,,,,,,,,12.0,,5.0,,,,,,1.0,1.0,,,,,,1.0,1.0,,
490452,,,,,,,,6.0,,2.0,,,,,,3.0,1.0,,,,,,,0.0,,
490461,,,,,,,,7.0,,2.0,,,,,,2.0,,,,,,,,1.0,,
490470,,,,,,,,2.0,,1.0,,,,,,1.0,,,,,,,,,,
490498,,,,,,,,8.0,,2.0,,,,,,1.0,,,1.0,,,,,3.0,,
490504,,,,,,,,4.0,,3.0,,,,,,1.0,0.0,,,,,1.0,,,,
490513,,,,,,,,10.0,,7.0,,,,,,1.0,,,,,,1.0,,1.0,,
490522,,,,,,,,2.0,,1.0,,,,,,,,,,,,,,,,
490531,,,,,,,,4.0,,1.0,,,,,,1.0,1.0,,,,,,,1.0,,
490540,,,,,,,,5.0,,2.0,,,,,,2.0,,,,,,,,1.0,,
490559,,,,,,,,46.0,,25.0,,,,,,8.0,,,,,,,,3.0,,
490568,,,,,,,,12.0,,6.0,,,,,,1.0,,,,,,,2.0,1.0,,
490674,,,,,,,,3.0,,1.0,,,,,,,1.0,,,,,,,1.0,,
490692,,,,,,,,3.0,,1.0,,,,,,2.0,,,,,,,,,,
490717,,,,,,,,11.0,,5.0,,,,,,1.0,1.0,,,,,,1.0,3.0,,
490735,,,,,,,,7.0,,2.0,,,,,,2.0,1.0,,,,,,1.0,,,
490744,,,,,,,,18.0,,10.0,,,,,,4.0,1.0,,,,,3.0,,,,
490771,,,,,,,,0.0,,0.0,,,,,,,,,,,,,,,,
490805,,,,,,,,1099.0,,411.0,1.0,44.0,,,,31.0,187.0,64.0,28.0,10.0,,139.0,,154.0,17.0,1.0
490814,,,,,,,,12.0,,5.0,,,,,,2.0,,,,,,,,2.0,,
490832,,,,,,,,32.0,,21.0,,,,,,5.0,,,,,,,,1.0,,
490841,,,,,,,,15.0,,8.0,,,,,,2.0,,,,,,,,1.0,,
490850,,,,,,,,2.0,,1.0,,,,,,,,,,,,,,1.0,,
490869,,,,,,,,16.0,,8.0,,,,,,2.0,,,,,,0.0,4.0,2.0,,
490878,,,,,,,,47.0,,22.0,,,,,,9.0,,,,,,,,2.0,,
490896,,,,,,,,11.0,,3.0,,,,,,4.0,0.0,,,,,,2.0,1.0,,
490948,,,,,,,,2.0,,1.0,,,,,,,,,,,,,,1.0,,
490975,,,,,,,,28.0,,13.0,,,,,,7.0,2.0,,,,,,,5.0,,
491057,,,,,,,,14.0,,7.0,,,,,,1.0,1.0,,,,,3.0,,1.0,,
491066,,,,,,,,6.0,,4.0,,,,,,,2.0,,,,,,,,,
491075,,,,,,,,4.0,,3.0,,,,,,,,,,,,,,,,
491084,,,,,,,,17.0,,6.0,,,,,,2.0,,,,,,1.0,,1.0,,
491093,,,,,,,,1.0,,1.0,,,,,,,,,,,,,,,,
491118,,,,,,,,5.0,,3.0,,,,,,0.0,,,,,,,,1.0,,
491136,,,,,,,,7.0,,4.0,,,,,,1.0,,,,,,,,1.0,,
491145,,,,,,,,6.0,,3.0,,,,,,1.0,,,,,,,,1.0,,
491163,,,,,,,,18.0,,3.0,,,,,,4.0,1.0,,,,,,,1.0,,
491181,,,,,,,,20.0,,13.0,,,,,,2.0,,1.0,,,,,,1.0,,
491190,,,,,,,,5.0,,3.0,,,,,,1.0,,,,,,,1.0,0.0,,
491224,,,,,,,,14.0,,8.0,,,,,,1.0,1.0,,,,,,,2.0,,
491233,,,,,,,,2.0,,1.0,,,,,,,0.0,,,,,,,,,
491242,,,,,,,,5.0,,2.0,,,,,,1.0,0.0,,,,,0.0,,2.0,,
491251,,,,,,,,11.0,,6.0,,,,,,4.0,,,,,,0.0,,1.0,,
491260,,,,,,,,6.0,,4.0,,,,,,1.0,1.0,,,,,,,,,
491394,,,,,,,,9.0,,2.0,,,,,,2.0,1.0,,,,,,2.0,2.0,,
491446,,,,,,,,10.0,,6.0,,,,,,1.0,1.0,,,,,1.0,,1.0,,
491455,,,,,,,,16.0,,1.0,,,,,,3.0,2.0,,,,,,3.0,7.0,,
491464,,,,,,,,58.0,,33.0,,,,,,4.0,1.0,,,,,,,15.0,5.0,
491473,,,,,,,,67.0,,41.0,,,,,,2.0,1.0,,2.0,2.0,,2.0,,4.0,,
491482,,,,,,,,10.0,,7.0,,,,,,1.0,,,,,,,1.0,1.0,,
491491,,,,,,,,15.0,,12.0,,,,,,1.0,1.0,,,,,,1.0,,,
491507,,,,,,,,2.0,,1.0,,,,,,1.0,,,,,,,,,,
491525,,,,,,,,29.0,,7.0,,,,,,,3.0,1.0,1.0,,,4.0,,12.0,,
491534,,,,,,,,2.0,,2.0,,,,,,,,,,,,,,0.0,,
491543,,,,,,,,10.0,,5.0,,,,,,2.0,1.0,,,,,,,2.0,,
491552,,,,,,,,13.0,,4.0,,,,,,2.0,1.0,,,4.0,,,,1.0,,
491570,,,,,,,,3.0,,1.0,,,,,,1.0,0.0,,,,,,,1.0,,
491589,,,,,,,,4.0,,2.0,,,,,,,1.0,,,,,,,1.0,,
491598,,,,,,,,2.0,,1.0,,,,,,,0.0,,,,,,,,,
491613,,,,,,,,7.0,,5.0,,,,,,1.0,1.0,,,,,,,0.0,,
491622,,,,,,,,9.0,,7.0,,,,,,0.0,1.0,,,,,,,1.0,,
491631,,,,,,,,18.0,,12.0,,,,,,4.0,1.0,,,,,,,1.0,,
491640,,,,,,,,12.0,,8.0,,,,,,2.0,1.0,,,,,1.0,,,,
491659,,,,,,,,17.0,,4.0,,,,,,1.0,1.0,,,,,,,3.0,,
491668,,,,,,,,13.0,,3.0,,,,,,3.0,,,,,,2.0,2.0,2.0,,1.0
491677,,,,,,,,3.0,,,,,,,,1.0,,,,,,,,,,
491686,,,,,,,,4.0,,3.0,,,,,,1.0,,,,,,,,,,
491695,,,,,,,,6.0,,2.0,,,,,,,3.0,,,,,,,,,
491701,,,,,,,,5.0,,2.0,,,,,,1.0,0.0,0.0,,,,,,1.0,,
491710,,,,,,,,8.0,,4.0,,,,,,,1.0,,,,,2.0,,0.0,,
491729,,,,,,,,6.0,,2.0,,,,,,,2.0,,,,,,,2.0,,
491738,,,,,,,,5.0,,2.0,,,,,,,1.0,,,,,,,,,
491747,,,,,,,,3.0,,,,,,,,1.0,,,,,,,,1.0,,
491756,,,,,,,,18.0,,9.0,,,,,,1.0,1.0,,0.0,,,,2.0,3.0,,
491765,,,,,,,,8.0,,6.0,,,,,,1.0,0.0,,,,,,,0.0,,
491774,,,,,,,,10.0,,3.0,,,,,,3.0,1.0,,,,,,,3.0,,
491783,,,,,,,,7.0,,2.0,,,,,,2.0,,0.0,,,,,,3.0,,
491792,,,,,,,,8.0,,6.0,,,,,,,1.0,,,,,,,1.0,,
491808,,,,,,,,16.0,,4.0,,,,,,2.0,5.0,2.0,0.0,,,,,3.0,,
491817,,,,,,,,7.0,,5.0,,,,,,1.0,0.0,,,,,0.0,,0.0,,
491826,,,,,,,,8.0,,4.0,,,,,,1.0,,,,,,,,1.0,,
491835,,,,,,,,12.0,,7.0,,,,,,1.0,2.0,,,,,,,2.0,,
491844,,,,,,,,29.0,,6.0,,1.0,,,,3.0,5.0,1.0,6.0,1.0,,2.0,,1.0,,
491853,,,,,,,,4.0,,2.0,,,,,,1.0,,,,,,,,1.0,,
491871,,,,,,,,3.0,,1.0,,,,,,,,,,,,,,,,
491880,,,,,,,,7.0,,4.0,,,,,,1.0,,,,,,,,2.0,,
491899,,,,,,,,10.0,,6.0,,,,,,1.0,2.0,,,,,,,1.0,,
491905,,,,,,,,10.0,,6.0,,,,,,1.0,1.0,,,,,,,2.0,,
491914,,,,,,,,13.0,,8.0,,,,,,2.0,1.0,,,,,2.0,,1.0,,
491923,,,,,,,,12.0,,7.0,,,,,,,1.0,,,1.0,,,,,,
491932,,,,,,,,4.0,,2.0,,,,,,1.0,,,,,,,,,,
491941,,,,,,,,18.0,,7.0,,,,,,2.0,,,,,,,,1.0,,
491950,,,,,,,,29.0,,10.0,,,,,,8.0,2.0,,5.0,,,,,3.0,,
491969,,,,,,,,4.0,,1.0,,,,,,1.0,1.0,,,,,,,0.0,,
491978,,,,,,,,3.0,,3.0,,,,,,,,,,,,,,,,
491996,,,,,,,,7.0,,3.0,,,,,,2.0,2.0,,,,,,,1.0,,
492005,,,,,,,,5.0,,3.0,,,,,,1.0,,,,,,,,,,
492032,,,,,,,,12.0,,11.0,,,,,,,,,,,,,,,,
492069,,,,,,,,17.0,,8.0,,,,,,,3.0,,2.0,,,1.0,,3.0,,
492102,,,,,,,,45.0,,10.0,2.0,,,,,11.0,11.0,2.0,,,,1.0,,6.0,,
492139,,,,,,,,8.0,,3.0,,,,,,2.0,1.0,,,,,,0.0,,,
492209,,,,,,,,8.0,,1.0,,,,,,3.0,,,,,,,,2.0,,
492263,,,,,,,,455.0,,,,,,,,100.0,173.0,48.0,28.0,,,2.0,,94.0,,4.0
492306,,,,,,,,32.0,,11.0,,,,,,4.0,1.0,1.0,,,,2.0,,9.0,,
492315,,,,,,,,23.0,,11.0,,,,,,2.0,0.0,1.0,,0.0,,,0.0,1.0,,0.0
492324,,,,,,,,18.0,,13.0,,,,,,,,,,,,,,,,
492360,,,,,,,,7.0,,4.0,,,,,,1.0,2.0,,,,,,,,,
492379,,,,,,,,3.0,,1.0,,,,,,0.0,0.0,,,,,,,2.0,,
492397,,,,,,,,11.0,,3.0,,,,,,2.0,1.0,,,,,,,2.0,,
492421,,,,,,,,3.0,,2.0,,,,,,,,,,,,,,1.0,,
492449,,,,,,,,34.0,,21.0,,,,,,1.0,,,,,,,,8.0,,
492458,,,,,,,,6.0,,0.0,,,,,,,,,3.0,,,,1.0,1.0,,
492476,,,,,,,,14.0,,1.0,,,,,,2.0,,,0.0,,,,1.0,6.0,2.0,
492591,,,,,,,,6.0,,3.0,,,,,,1.0,1.0,,,,,,,1.0,,
492607,,,,,,,,5.0,,2.0,,,,,,2.0,,,,,,,1.0,,,
492643,,,,,,,,5.0,,2.0,,,,,,3.0,,,,,,,,,,
492652,,,,,,,,7.0,,3.0,,,,,,1.0,1.0,,,,,,,1.0,,
492661,,,,,,,,15.0,,7.0,,,,,,2.0,,,3.0,,,,,3.0,,
492689,,,,,,,,1712.0,,283.0,10.0,,,,,155.0,1.0,72.0,28.0,340.0,,188.0,1.0,593.0,24.0,16.0
492704,,,,,,,,12.0,,9.0,,,,,,1.0,,1.0,,,,,,1.0,,
492722,,,,,,,,18.0,,6.0,,,,,,4.0,,,,,,,,3.0,,
492731,,,,,,,,10.0,,5.0,,,,,,3.0,2.0,,,,,,,,,
492759,,,,,,,,17.0,,4.0,,,,,,6.0,,1.0,,,,,,2.0,,
492801,,,,,,,,130.0,,92.0,,,,,,2.0,,1.0,,,,1.0,,8.0,,
492935,,,,,,,,10.0,,5.0,,,,,,2.0,1.0,,,,,,,1.0,,
492953,,,,,,,,7.0,,4.0,,,,,,1.0,,,,,,,1.0,1.0,,
493071,,,,,,,,10.0,,3.0,,,,,,1.0,1.0,,,,,,2.0,,,
493080,,,,,,,,34.0,,8.0,,,,,,8.0,1.0,,,,,8.0,,1.0,1.0,
493132,,,,,,,,39.0,,16.0,,,,,,6.0,14.0,,,,,,,2.0,1.0,
493150,,,,,,,,8.0,,5.0,,,,,,,,,,,,,,,,
493318,,,,,,,,14.0,,2.0,,,,,,3.0,,,,,,2.0,,,,
493372,,,,,,,,4.0,,2.0,,,,,,,,,,,,,,2.0,,
493424,,,,,,,,9.0,,5.0,,,,,,1.0,,,,,,,1.0,2.0,,
493451,,,,,,,,8.0,,5.0,,,,,,1.0,1.0,,,,,,1.0,,,
