UNITID,SALTOTL,SALPROF,SALASSC,SALASST,SALINST,SALLECT,SALNRNK,SFTETOTL,SFTEPSTC,SFTEINST,SFTERSRC,SFTEPBSV,SFTELCAI,SFTELCA,SFTEOTIS,SFTEMNGM,SFTEBFO,SFTECES,SFTECLAM,SFTEHLTH,SFTEOTHR,SFTESRVC,SFTESALE,SFTEOFAS,SFTENRCM,SFTEPTMM
100654,,,,,,,,800.0,,279.0,11.0,1.0,,,,92.0,27.0,19.0,133.0,,,37.0,,155.0,18.0,13.0
100663,,,,,,,,9309.0,,2654.0,,,,,,423.0,1191.0,1699.0,316.0,412.0,,771.0,,1146.0,325.0,79.0
100690,,,,,,,,73.0,,30.0,,,,,,1.0,7.0,5.0,,,,,,13.0,2.0,
100706,,,,,,,,1459.0,,435.0,,,,,,102.0,85.0,439.0,85.0,4.0,,110.0,,176.0,10.0,1.0
100724,,,,,,,,861.0,,271.0,3.0,,,,,60.0,36.0,30.0,101.0,1.0,,112.0,6.0,97.0,37.0,6.0
100733,,,,,,,,93.0,,,,,,,,16.0,21.0,5.0,22.0,,,2.0,,27.0,,
100751,,,,,,,,6402.0,,1694.0,,,,,,582.0,563.0,484.0,592.0,239.0,,720.0,30.0,911.0,235.0,140.0
100760,,,,,,,,158.0,,81.0,,,,,,16.0,7.0,2.0,2.0,,,19.0,,26.0,,
100812,,,,,,,,283.0,,122.0,,,,,,35.0,7.0,11.0,17.0,,,11.0,,42.0,7.0,2.0
100830,,,,,,,,621.0,,256.0,,10.0,,,,93.0,22.0,33.0,17.0,4.0,,28.0,2.0,102.0,,5.0
100858,,,,,,,,5752.0,,1498.0,51.0,219.0,,,,541.0,466.0,620.0,656.0,34.0,,421.0,3.0,667.0,369.0,53.0
100937,,,,,,,,320.0,,113.0,,,,,,36.0,8.0,9.0,60.0,5.0,,18.0,1.0,38.0,9.0,1.0
101028,,,,,,,,139.0,,70.0,,,,,,15.0,2.0,1.0,4.0,,,8.0,2.0,19.0,2.0,1.0
101116,,,,,,,,55.0,,32.0,,,,,,8.0,0.0,,,,,,,2.0,,
101143,,,,,,,,141.0,,66.0,,,,,,3.0,5.0,4.0,3.0,,,16.0,1.0,26.0,,0.0
101161,,,,,,,,410.0,,231.0,,,,,,11.0,,,,,,3.0,,18.0,,
101189,,,,,,,,347.0,,166.0,,,,,,29.0,3.0,2.0,57.0,0.0,,13.0,0.0,35.0,,1.0
101240,,,,,,,,424.0,,186.0,,,,,,33.0,10.0,16.0,19.0,1.0,,28.0,,84.0,13.0,
101277,,,,,,,,12.0,,5.0,,,,,,1.0,3.0,,,,,,,3.0,,
101286,,,,,,,,340.0,,170.0,,,,,,18.0,6.0,9.0,5.0,,,10.0,,53.0,8.0,9.0
101295,,,,,,,,365.0,,190.0,,,,,,27.0,8.0,6.0,6.0,,,21.0,,59.0,17.0,
101301,,,,,,,,163.0,,64.0,,,,,,17.0,4.0,2.0,8.0,,,17.0,,36.0,1.0,
101365,,,,,,,,37.0,,21.0,,,,,,2.0,,,,,,1.0,,5.0,,
101435,,,,,,,,217.0,,74.0,,,,,,19.0,8.0,4.0,52.0,,,20.0,19.0,10.0,2.0,
101453,,,,,,,,28.0,,4.0,,,,,,8.0,4.0,1.0,,,,3.0,,6.0,,
101462,,,,,,,,73.0,,30.0,,,,,,5.0,5.0,2.0,,,,1.0,,16.0,,
101471,,,,,,,,125.0,,55.0,,,,,,8.0,6.0,2.0,3.0,,,2.0,,17.0,1.0,1.0
101480,,,,,,,,1032.0,,392.0,,,,,,99.0,43.0,46.0,113.0,,,140.0,,121.0,39.0,7.0
101505,,,,,,,,512.0,,253.0,,,,,,15.0,16.0,6.0,12.0,,,42.0,,104.0,7.0,
101514,,,,,,,,543.0,,259.0,,,,,,40.0,6.0,25.0,33.0,,,28.0,,103.0,8.0,
101541,,,,,,,,107.0,,42.0,,1.0,,,,7.0,6.0,3.0,3.0,,,17.0,2.0,9.0,2.0,
101569,,,,,,,,282.0,,125.0,,,,,,27.0,6.0,5.0,14.0,,,16.0,6.0,59.0,4.0,1.0
101587,,,,,,,,492.0,,166.0,2.0,11.0,,,,47.0,25.0,12.0,54.0,,,55.0,,56.0,24.0,3.0
101602,,,,,,,,147.0,,73.0,,,,,,11.0,8.0,4.0,13.0,,,4.0,,23.0,1.0,0.0
101648,,,,,,,,108.0,,22.0,,,,,,12.0,5.0,2.0,6.0,1.0,,19.0,3.0,13.0,3.0,1.0
101675,,,,,,,,277.0,,91.0,2.0,,,,,18.0,9.0,5.0,36.0,2.0,,51.0,,54.0,,
101693,,,,,,,,223.0,,103.0,,,,,,18.0,14.0,4.0,43.0,1.0,,5.0,,32.0,,
101709,,,,,,,,529.0,,176.0,,,,,,47.0,24.0,16.0,86.0,10.0,,58.0,,57.0,27.0,
101736,,,,,,,,296.0,,114.0,,,,,,41.0,9.0,6.0,17.0,,,19.0,,46.0,,
101879,,,,,,,,788.0,,322.0,,,,,,60.0,33.0,28.0,48.0,12.0,,80.0,,114.0,24.0,6.0
101897,,,,,,,,202.0,,97.0,,,,,,9.0,3.0,4.0,10.0,,,11.0,3.0,32.0,3.0,
101912,,,,,,,,304.0,,110.0,3.0,,,,,42.0,19.0,11.0,14.0,2.0,,27.0,,49.0,11.0,1.0
101994,,,,,,,,61.0,,26.0,,,,,,5.0,3.0,2.0,5.0,,,4.0,,6.0,,
102030,,,,,,,,212.0,,85.0,,,,,,17.0,6.0,5.0,6.0,1.0,,20.0,,46.0,,
102049,,,,,,,,1068.0,,432.0,,,,,,83.0,78.0,48.0,144.0,25.0,,31.0,1.0,170.0,20.0,1.0
102058,,,,,,,,40.0,,6.0,,1.0,,,,,2.0,,4.0,1.0,,9.0,,7.0,6.0,
102067,,,,,,,,336.0,,137.0,,,,,,58.0,1.0,10.0,3.0,,,8.0,,94.0,24.0,
102076,,,,,,,,153.0,,74.0,,,,,,17.0,2.0,4.0,9.0,,,13.0,,31.0,1.0,
102094,,,,,,,,2276.0,,939.0,,,,,,170.0,145.0,138.0,84.0,30.0,,167.0,2.0,259.0,110.0,8.0
102234,,,,,,,,225.0,,97.0,,,,,,29.0,8.0,7.0,31.0,,,17.0,1.0,24.0,1.0,1.0
102270,,,,,,,,164.0,,46.0,1.0,,,,,22.0,5.0,4.0,21.0,,,37.0,1.0,22.0,,
102298,,,,,,,,176.0,,56.0,,,,,,41.0,1.0,2.0,17.0,1.0,,25.0,1.0,18.0,10.0,3.0
102313,,,,,,,,168.0,,85.0,,,,,,20.0,2.0,4.0,,,,8.0,,30.0,,
102368,,,,,,,,1897.0,,724.0,,,,,,158.0,64.0,70.0,209.0,8.0,,66.0,43.0,313.0,3.0,6.0
102377,,,,,,,,735.0,,251.0,9.0,23.0,,,,123.0,25.0,25.0,46.0,25.0,,66.0,2.0,94.0,8.0,1.0
102395,,,,,,,,43.0,,12.0,,,,,,7.0,1.0,4.0,4.0,,,,,3.0,1.0,1.0
102429,,,,,,,,381.0,,177.0,,,,,,34.0,13.0,6.0,22.0,,,36.0,,49.0,,
102553,,,,,,,,1666.0,,586.0,86.0,106.0,,,,125.0,53.0,88.0,87.0,7.0,,24.0,27.0,350.0,57.0,8.0
102580,,,,,,,,14.0,,5.0,,1.0,,,,,2.0,,,,,,,,3.0,
102614,,,,,,,,1924.0,,426.0,522.0,127.0,,,,154.0,45.0,95.0,77.0,5.0,,33.0,,271.0,83.0,21.0
102632,,,,,,,,312.0,,119.0,4.0,,,,,35.0,16.0,17.0,10.0,0.0,,19.0,,61.0,13.0,
102669,,,,,,,,127.0,,54.0,1.0,2.0,,,,13.0,5.0,6.0,12.0,,,4.0,1.0,7.0,,
102711,,,,,,,,69.0,,26.0,,,,,,2.0,1.0,3.0,5.0,,,17.0,,6.0,,
102845,,,,,,,,283.0,,141.0,,,,,,25.0,21.0,2.0,25.0,,,3.0,32.0,34.0,,
103501,,,,,,,,39.0,,15.0,,,,,,3.0,2.0,2.0,,,,1.0,,16.0,,
103529,,,,,,,,202.0,,,,4.0,,,,54.0,53.0,38.0,8.0,,,,1.0,44.0,,
103741,,,,,,,,7.0,,4.0,,,,,,1.0,,,,,,,,1.0,,
103893,,,,,,,,152.0,,74.0,,,,,,34.0,,,,,,,,9.0,,
103945,,,,,,,,14.0,,3.0,,,,,,3.0,3.0,1.0,,,,,,,,
103954,,,,,,,,4.0,,2.0,,,,,,1.0,,,,,,,,1.0,,
103963,,,,,,,,53.0,,26.0,,,,,,7.0,3.0,,,,,2.0,6.0,4.0,4.0,
104090,,,,,,,,56.0,,21.0,,,,,,5.0,7.0,,,,,,14.0,,,
104151,,,,,,,,9117.0,,2391.0,107.0,2.0,,,,1481.0,1160.0,1397.0,840.0,67.0,,221.0,26.0,882.0,195.0,53.0
104160,,,,,,,,700.0,,209.0,4.0,6.0,,,,55.0,15.0,25.0,62.0,1.0,,82.0,,138.0,16.0,6.0
104179,,,,,,,,11814.0,,2355.0,855.0,39.0,,,,1348.0,1137.0,1700.0,899.0,291.0,,806.0,57.0,959.0,307.0,123.0
104188,,,,,,,,13.0,,4.0,,,,,,6.0,1.0,,,,,,1.0,1.0,,
104346,,,,,,,,497.0,,160.0,,,,,,54.0,8.0,34.0,21.0,2.0,,62.0,1.0,71.0,,
104391,,,,,,,,15.0,,4.0,,,,,,3.0,1.0,,,,,,2.0,3.0,,
104425,,,,,,,,425.0,,158.0,,,,,,51.0,17.0,19.0,35.0,,,31.0,,53.0,18.0,
104434,,,,,,,,5.0,,3.0,,,,,,1.0,,,,,,,,,,
104443,,,,,,,,6.0,,4.0,,,,,,,,,,,,,,1.0,,
104568,,,,,,,,22.0,,10.0,,,,,,3.0,,,,,,,3.0,5.0,0.0,
104577,,,,,,,,400.0,,169.0,,,,,,29.0,15.0,9.0,51.0,2.0,,46.0,,52.0,,
104586,,,,,,,,467.0,,158.0,,,,,,47.0,11.0,10.0,13.0,3.0,,25.0,,41.0,29.0,2.0
104665,,,,,,,,13.0,,7.0,,,,,,3.0,0.0,,,,,,1.0,0.0,,
104708,,,,,,,,930.0,,463.0,,,,,,42.0,9.0,54.0,33.0,5.0,,58.0,,151.0,9.0,
104717,,,,,,,,3315.0,,2135.0,3.0,,,,,176.0,38.0,21.0,132.0,37.0,,472.0,7.0,87.0,105.0,7.0
105136,,,,,,,,500.0,,,,,,,,115.0,67.0,95.0,24.0,,,19.0,,92.0,5.0,
105145,,,,,,,,437.0,,173.0,,,,,,34.0,11.0,18.0,32.0,1.0,,16.0,,73.0,2.0,
105154,,,,,,,,1049.0,,523.0,,,,,,52.0,21.0,57.0,51.0,2.0,,34.0,,181.0,11.0,
105206,,,,,,,,337.0,,147.0,,,,,,38.0,12.0,21.0,4.0,,,22.0,,72.0,,
105215,,,,,,,,66.0,,27.0,,,,,,9.0,26.0,1.0,,,,,,1.0,2.0,
105297,,,,,,,,295.0,,77.0,,,,,,34.0,13.0,16.0,12.0,,,50.0,1.0,44.0,,
105330,,,,,,,,3418.0,,1353.0,24.0,,,,,123.0,461.0,386.0,247.0,23.0,,212.0,,197.0,77.0,31.0
105349,,,,,,,,282.0,,90.0,2.0,0.0,,,,21.0,20.0,22.0,17.0,,,13.0,,35.0,10.0,1.0
105367,,,,,,,,60.0,,40.0,,,,,,3.0,4.0,,,,,,5.0,1.0,,
105428,,,,,,,,668.0,,322.0,,,,,,36.0,10.0,27.0,40.0,4.0,,27.0,,112.0,7.0,
105525,,,,,,,,1641.0,,507.0,,,,,,91.0,99.0,116.0,49.0,2.0,,107.0,,102.0,,18.0
105534,,,,,,,,127.0,,68.0,,,,,,4.0,,,,,,,,37.0,,
105543,,,,,,,,103.0,,57.0,,,,,,4.0,,,,,,,,30.0,,
105589,,,,,,,,163.0,,73.0,,,,,,31.0,2.0,5.0,2.0,,,5.0,12.0,29.0,1.0,
105659,,,,,,,,51.0,,25.0,,,,,,8.0,,,,,,,5.0,10.0,3.0,
105668,,,,,,,,824.0,,254.0,,,,,,106.0,27.0,46.0,54.0,1.0,,29.0,,132.0,3.0,
105677,,,,,,,,7.0,,7.0,,,,,,,,,,,,,,,,
105747,,,,,,,,504.0,,244.0,,,,,,31.0,11.0,30.0,37.0,1.0,,16.0,,69.0,6.0,
105792,,,,,,,,296.0,,120.0,,,,,,27.0,8.0,13.0,24.0,1.0,,18.0,,34.0,2.0,
105899,,,,,,,,195.0,,59.0,,,,,,15.0,5.0,4.0,49.0,1.0,,18.0,,35.0,5.0,
106041,,,,,,,,111.0,,47.0,,,,,,12.0,45.0,1.0,,,,,,2.0,4.0,
106111,,,,,,,,7.0,,4.0,,,,,,1.0,,,,,,,,1.0,,
106148,,,,,,,,523.0,,186.0,,,,,,60.0,28.0,27.0,35.0,5.0,,41.0,,67.0,21.0,1.0
106245,,,,,,,,1339.0,,469.0,,,,,,101.0,32.0,83.0,152.0,2.0,,90.0,1.0,276.0,31.0,3.0
106263,,,,,,,,4575.0,,240.0,222.0,14.0,,,,1049.0,288.0,227.0,217.0,501.0,,396.0,,314.0,101.0,7.0
106306,,,,,,,,94.0,,17.0,,,,,,11.0,1.0,2.0,12.0,,,18.0,0.0,13.0,,1.0
106315,,,,,,,,9.0,,6.0,,,,,,1.0,1.0,,,,,,,,,
106324,,,,,,,,4.0,,2.0,,,,,,1.0,1.0,,,,,,,,,
106342,,,,,,,,200.0,,55.0,1.0,,,,,15.0,15.0,6.0,47.0,1.0,,29.0,,16.0,,
106351,,,,,,,,15.0,,5.0,,,,,,5.0,1.0,,,,,,,2.0,,
106360,,,,,,,,3.0,,2.0,,,,,,1.0,,,,,,,,,,
106397,,,,,,,,5185.0,,1296.0,18.0,67.0,,,,659.0,314.0,764.0,209.0,42.0,,320.0,15.0,736.0,186.0,60.0
106412,,,,,,,,633.0,,166.0,16.0,30.0,,,,39.0,24.0,33.0,64.0,2.0,,72.0,,119.0,21.0,5.0
106449,,,,,,,,328.0,,132.0,,,,,,33.0,21.0,18.0,27.0,,,13.0,2.0,55.0,14.0,
106458,,,,,,,,1750.0,,592.0,,,,,,219.0,273.0,78.0,97.0,9.0,,129.0,2.0,147.0,106.0,8.0
106467,,,,,,,,984.0,,442.0,,,,,,64.0,40.0,43.0,72.0,7.0,,94.0,1.0,146.0,29.0,
106485,,,,,,,,419.0,,173.0,,,,,,15.0,11.0,16.0,37.0,1.0,,46.0,5.0,83.0,19.0,5.0
106494,,,,,,,,5.0,,3.0,,,,,,1.0,,,,,,,,1.0,,
106546,,,,,,,,89.0,,61.0,,,,,,7.0,,2.0,1.0,,,3.0,1.0,13.0,0.0,
106625,,,,,,,,174.0,,81.0,,,,,,5.0,6.0,7.0,16.0,,,19.0,,23.0,,
106704,,,,,,,,1537.0,,609.0,,,,,,146.0,40.0,68.0,115.0,11.0,,151.0,,186.0,88.0,13.0
106713,,,,,,,,113.0,,54.0,,,,,,15.0,4.0,2.0,10.0,,,11.0,,6.0,,2.0
106795,,,,,,,,132.0,,56.0,,3.0,,,,5.0,18.0,3.0,5.0,,,11.0,,6.0,,
106810,,,,,,,,36.0,,13.0,,,,,,6.0,,,,,,10.0,,3.0,2.0,
106883,,,,,,,,165.0,,61.0,,,,,,8.0,8.0,7.0,11.0,,,19.0,1.0,21.0,,
106892,,,,,,,,15.0,,9.0,,,,,,1.0,1.0,,,,,,1.0,3.0,,
106908,,,,,,,,39.0,,21.0,,,,,,5.0,4.0,,,,,,5.0,4.0,,
106980,,,,,,,,243.0,,114.0,,,,,,23.0,20.0,19.0,26.0,,,12.0,3.0,16.0,,
106999,,,,,,,,156.0,,87.0,1.0,,,,,22.0,3.0,4.0,2.0,,,3.0,1.0,25.0,1.0,
107044,,,,,,,,913.0,,353.0,,,,,,46.0,61.0,32.0,55.0,12.0,,50.0,,150.0,36.0,6.0
107071,,,,,,,,444.0,,209.0,,,,,,43.0,11.0,13.0,60.0,5.0,,12.0,,77.0,3.0,
107080,,,,,,,,392.0,,115.0,,,,,,32.0,20.0,10.0,42.0,4.0,,102.0,3.0,31.0,10.0,6.0
107099,,,,,,,,2.0,,2.0,,,,,,,,,,,,,,,,
107123,,,,,,,,9.0,,6.0,,,,,,1.0,,,,,,,,2.0,,
107141,,,,,,,,367.0,,113.0,,,,,,42.0,20.0,15.0,54.0,2.0,,39.0,,41.0,10.0,3.0
107220,,,,,,,,30.0,,16.0,,,,,,9.0,,,,,,,,5.0,,
107293,,,,,,,,7.0,,3.0,,,,,,1.0,1.0,,,,,,,1.0,,
107318,,,,,,,,163.0,,63.0,,,,,,21.0,4.0,5.0,28.0,,,12.0,,21.0,,
107327,,,,,,,,192.0,,53.0,,,,,,20.0,2.0,7.0,40.0,,,25.0,,30.0,,1.0
107442,,,,,,,,6.0,,3.0,,,,,,1.0,,,,,,,,2.0,,
107460,,,,,,,,225.0,,81.0,,,,,,26.0,10.0,8.0,11.0,,,11.0,,31.0,8.0,
107488,,,,,,,,64.0,,34.0,,,,,,10.0,1.0,3.0,,,,,,9.0,3.0,
107512,,,,,,,,306.0,,116.0,,,,,,25.0,12.0,8.0,46.0,4.0,,36.0,,26.0,22.0,1.0
107521,,,,,,,,135.0,,63.0,,,,,,25.0,5.0,4.0,,,,1.0,,18.0,5.0,
107549,,,,,,,,118.0,,52.0,,,,,,8.0,3.0,2.0,1.0,2.0,,,,5.0,13.0,
107558,,,,,,,,158.0,,56.0,,,,,,19.0,5.0,4.0,30.0,2.0,,4.0,,16.0,,
107585,,,,,,,,170.0,,64.0,,,,,,21.0,3.0,4.0,5.0,,,6.0,,23.0,12.0,
107600,,,,,,,,171.0,,64.0,,,,,,15.0,18.0,4.0,9.0,1.0,,32.0,1.0,19.0,,
107619,,,,,,,,210.0,,70.0,1.0,,,,,19.0,10.0,5.0,7.0,,,30.0,,40.0,,
107637,,,,,,,,166.0,,66.0,,,,,,21.0,4.0,4.0,12.0,,,13.0,2.0,33.0,5.0,
107655,,,,,,,,3.0,,2.0,,,,,,,,,,,,,,,,
107664,,,,,,,,456.0,,234.0,,,,,,24.0,23.0,13.0,3.0,,,20.0,,62.0,11.0,
107725,,,,,,,,150.0,,61.0,,,,,,15.0,,3.0,,,,3.0,,25.0,,
107743,,,,,,,,99.0,,30.0,,,,,,5.0,2.0,4.0,6.0,,,10.0,1.0,14.0,,
107789,,,,,,,,9.0,,5.0,,,,,,2.0,,,,,,,0.0,1.0,,
107831,,,,,,,,10.0,,2.0,,,,,,2.0,1.0,,,,,,,5.0,,
107840,,,,,,,,63.0,,30.0,,,,,,8.0,2.0,1.0,1.0,,,6.0,,6.0,1.0,
107877,,,,,,,,119.0,,38.0,,,,,,12.0,7.0,2.0,18.0,2.0,,16.0,6.0,9.0,3.0,2.0
107974,,,,,,,,163.0,,65.0,,1.0,,,,12.0,9.0,3.0,1.0,,,6.0,2.0,23.0,10.0,
107983,,,,,,,,443.0,,195.0,,10.0,,,,38.0,15.0,11.0,19.0,3.0,,23.0,,74.0,15.0,
107992,,,,,,,,122.0,,46.0,,,,,,15.0,3.0,5.0,5.0,,,11.0,,17.0,5.0,
108056,,,,,,,,74.0,,,,,,,,6.0,15.0,30.0,11.0,,,3.0,,9.0,,
108065,,,,,,,,6.0,,2.0,,,,,,1.0,,,,,,2.0,,1.0,,
108092,,,,,,,,562.0,,266.0,,,,,,25.0,50.0,25.0,27.0,,,17.0,,50.0,17.0,
108232,,,,,,,,1256.0,,496.0,,,,,,147.0,82.0,38.0,127.0,,,41.0,2.0,93.0,5.0,38.0
108269,,,,,,,,24.0,,11.0,,,,,,4.0,1.0,,,,,,,7.0,1.0,
108649,,,,,,,,10.0,,5.0,,,,,,2.0,,,,,,,1.0,2.0,,
108667,,,,,,,,179.0,,108.0,,,,,,13.0,10.0,4.0,6.0,,,10.0,,19.0,,
108807,,,,,,,,604.0,,314.0,,,,,,32.0,55.0,17.0,39.0,1.0,,50.0,,72.0,,
108852,,,,,,,,56.0,,21.0,,,,,,11.0,5.0,1.0,4.0,,,4.0,4.0,6.0,,
108861,,,,,,,,19.0,,7.0,,,,,,3.0,1.0,,,,,2.0,,1.0,2.0,
108870,,,,,,,,234.0,,36.0,,,,,,42.0,11.0,6.0,57.0,,,17.0,,31.0,3.0,3.0
108977,,,,,,,,12.0,,5.0,,,,,,2.0,2.0,,,,,1.0,1.0,1.0,,
109040,,,,,,,,95.0,,35.0,,,,,,23.0,4.0,1.0,5.0,,,,1.0,17.0,1.0,
109086,,,,,,,,71.0,,9.0,2.0,,,,,9.0,4.0,2.0,11.0,,,9.0,8.0,16.0,,
109208,,,,,,,,959.0,,600.0,,,,,,38.0,24.0,18.0,33.0,1.0,,34.0,,137.0,,
109350,,,,,,,,720.0,,396.0,,,,,,51.0,22.0,13.0,13.0,,,57.0,1.0,124.0,,3.0
109651,,,,,,,,578.0,,265.0,,,,,,126.0,20.0,26.0,30.0,,,13.0,,55.0,1.0,26.0
109721,,,,,,,,26.0,,3.0,,,,,,1.0,1.0,,,,,4.0,10.0,2.0,,
109730,,,,,,,,18.0,,4.0,,,,,,2.0,3.0,1.0,1.0,,,2.0,1.0,1.0,,
109785,,,,,,,,1529.0,,687.0,1.0,,,,,52.0,71.0,64.0,82.0,15.0,,65.0,9.0,235.0,26.0,9.0
109819,,,,,,,,814.0,,492.0,,,,,,77.0,32.0,7.0,42.0,1.0,,40.0,,86.0,,
109907,,,,,,,,187.0,,86.0,3.0,,,,,28.0,10.0,6.0,,1.0,,8.0,,9.0,3.0,
109934,,,,,,,,18.0,,10.0,,,,,,1.0,,,,,,,,2.0,0.0,
110060,,,,,,,,36.0,,22.0,,,,,,3.0,2.0,1.0,3.0,,,,,0.0,,
110097,,,,,,,,1086.0,,335.0,,,,,,149.0,21.0,43.0,85.0,11.0,,52.0,,317.0,33.0,5.0
110194,,,,,,,,18.0,,11.0,,,,,,5.0,,,,,,,,2.0,,
110219,,,,,,,,124.0,,36.0,,,,,,20.0,7.0,3.0,,,,,,1.0,,
110246,,,,,,,,743.0,,370.0,,,,,,89.0,13.0,27.0,7.0,,,58.0,,176.0,,
110316,,,,,,,,227.0,,106.0,,,,,,22.0,9.0,5.0,7.0,,,,,15.0,3.0,
110334,,,,,,,,585.0,,319.0,,,,,,44.0,36.0,16.0,18.0,,,40.0,,97.0,,
110361,,,,,,,,1101.0,,513.0,,,,,,78.0,59.0,28.0,124.0,5.0,,46.0,10.0,132.0,36.0,13.0
110370,,,,,,,,500.0,,229.0,,,,,,64.0,37.0,32.0,32.0,,,23.0,,49.0,9.0,13.0
110398,,,,,,,,274.0,,91.0,9.0,,,,,26.0,22.0,11.0,22.0,6.0,,,,30.0,1.0,4.0
110404,,,,,,,,3125.0,,361.0,607.0,,,,,311.0,271.0,683.0,94.0,6.0,,269.0,,344.0,127.0,10.0
110413,,,,,,,,698.0,,290.0,,,,,,57.0,22.0,21.0,89.0,2.0,,59.0,,91.0,12.0,
110422,,,,,,,,2569.0,,1026.0,3.0,,,,,98.0,304.0,199.0,277.0,38.0,,199.0,,222.0,113.0,35.0
110468,,,,,,,,389.0,,193.0,,3.0,,,,43.0,24.0,11.0,3.0,8.0,,6.0,,28.0,2.0,
110486,,,,,,,,1033.0,,428.0,,,,,,49.0,100.0,54.0,164.0,12.0,,55.0,,110.0,23.0,2.0
110495,,,,,,,,1032.0,,468.0,,,,,,44.0,108.0,69.0,90.0,13.0,,45.0,,130.0,27.0,10.0
110501,,,,,,,,671.0,,,,,,,,72.0,305.0,200.0,44.0,,,7.0,,34.0,5.0,4.0
110510,,,,,,,,1758.0,,672.0,,,,,,46.0,190.0,129.0,194.0,14.0,,107.0,,286.0,47.0,20.0
110529,,,,,,,,2083.0,,911.0,,,,,,74.0,245.0,128.0,211.0,22.0,,142.0,,209.0,66.0,16.0
110538,,,,,,,,1644.0,,670.0,,,,,,57.0,138.0,113.0,171.0,20.0,,124.0,,214.0,69.0,18.0
110547,,,,,,,,1341.0,,600.0,,,,,,48.0,149.0,68.0,161.0,9.0,,77.0,,137.0,30.0,14.0
110556,,,,,,,,2095.0,,998.0,,,,,,57.0,199.0,113.0,244.0,14.0,,132.0,,185.0,69.0,17.0
110565,,,,,,,,2965.0,,1372.0,,,,,,84.0,372.0,192.0,278.0,34.0,,142.0,,318.0,70.0,33.0
110574,,,,,,,,1404.0,,537.0,,,,,,53.0,196.0,81.0,178.0,10.0,,92.0,,167.0,33.0,16.0
110583,,,,,,,,3166.0,,1468.0,1.0,,,,,61.0,320.0,188.0,334.0,28.0,,172.0,,364.0,108.0,24.0
110592,,,,,,,,2110.0,,1026.0,,,,,,64.0,218.0,120.0,176.0,17.0,,110.0,,254.0,62.0,14.0
110608,,,,,,,,2995.0,,1285.0,,,,,,71.0,380.0,212.0,308.0,24.0,,182.0,,322.0,101.0,24.0
110617,,,,,,,,2601.0,,1128.0,1.0,,,,,79.0,292.0,166.0,292.0,19.0,,154.0,,295.0,63.0,25.0
110635,,,,,,,,11100.0,,2127.0,1407.0,44.0,,,,659.0,1755.0,1057.0,581.0,185.0,,937.0,1.0,990.0,238.0,87.0
110644,,,,,,,,12794.0,,2744.0,1394.0,19.0,,,,564.0,1325.0,1830.0,507.0,707.0,,1174.0,9.0,1402.0,331.0,84.0
110653,,,,,,,,8451.0,,2217.0,878.0,9.0,,,,565.0,1433.0,797.0,197.0,404.0,,612.0,,700.0,185.0,69.0
110662,,,,,,,,23417.0,,4415.0,1299.0,27.0,,,,1176.0,4902.0,2099.0,639.0,1789.0,,2892.0,10.0,2577.0,468.0,287.0
110671,,,,,,,,4275.0,,1113.0,384.0,12.0,,,,242.0,482.0,306.0,149.0,112.0,,420.0,5.0,462.0,138.0,44.0
110680,,,,,,,,15447.0,,2947.0,1598.0,24.0,,,,559.0,1809.0,2328.0,611.0,1381.0,,1482.0,14.0,1522.0,298.0,96.0
110699,,,,,,,,12383.0,,2958.0,1777.0,,,,,652.0,1646.0,2045.0,593.0,722.0,,550.0,7.0,1104.0,57.0,157.0
110705,,,,,,,,4863.0,,1133.0,465.0,1.0,,,,338.0,535.0,474.0,156.0,85.0,,501.0,5.0,549.0,152.0,63.0
110714,,,,,,,,3569.0,,758.0,294.0,,,,,243.0,427.0,362.0,85.0,53.0,,412.0,3.0,414.0,91.0,47.0
110778,,,,,,,,56.0,,30.0,,,,,,5.0,2.0,2.0,,,,,5.0,2.0,3.0,
110875,,,,,,,,7.0,,4.0,,,,,,1.0,1.0,,,,,,,1.0,,
110918,,,,,,,,8.0,,2.0,,,,,,1.0,0.0,,,,,,1.0,0.0,,
111045,,,,,,,,7.0,,5.0,,,,,,2.0,,,,,,,,,,
111054,,,,,,,,17.0,,9.0,,,,,,2.0,1.0,,,,,1.0,,4.0,,
111081,,,,,,,,444.0,,197.0,,,,,,81.0,7.0,8.0,38.0,0.0,,34.0,,53.0,9.0,2.0
111188,,,,,,,,308.0,,79.0,,,,,,32.0,55.0,16.0,31.0,2.0,,47.0,2.0,18.0,9.0,10.0
111391,,,,,,,,163.0,,54.0,,,,,,20.0,13.0,8.0,23.0,,,1.0,,30.0,3.0,
111434,,,,,,,,240.0,,134.0,,,,,,10.0,7.0,,8.0,,,2.0,,69.0,,
111461,,,,,,,,837.0,,401.0,3.0,,,,,58.0,56.0,42.0,27.0,7.0,,50.0,,39.0,16.0,7.0
111513,,,,,,,,17.0,,9.0,,,,,,2.0,1.0,,,,,,2.0,4.0,,
111638,,,,,,,,35.0,,17.0,,,,,,5.0,3.0,1.0,,,,1.0,,8.0,,
111708,,,,,,,,16.0,,7.0,,,,,,1.0,,,,,,1.0,3.0,1.0,,
111717,,,,,,,,74.0,,14.0,,,,,,16.0,17.0,2.0,6.0,,,5.0,1.0,6.0,,2.0
111726,,,,,,,,27.0,,14.0,,,,,,1.0,1.0,,,,,3.0,1.0,3.0,,
111744,,,,,,,,16.0,,9.0,,,,,,1.0,,,,,,0.0,1.0,,,
111762,,,,,,,,12.0,,7.0,,,,,,1.0,,,,,,0.0,,,,
111799,,,,,,,,12.0,,5.0,,,,,,1.0,,,,,,0.0,,2.0,,
111887,,,,,,,,848.0,,496.0,,,,,,53.0,18.0,16.0,2.0,2.0,,60.0,,169.0,,
111896,,,,,,,,192.0,,103.0,,,,,,23.0,5.0,3.0,8.0,,,12.0,,21.0,,
111920,,,,,,,,468.0,,298.0,,,,,,27.0,10.0,3.0,32.0,,,0.0,,80.0,,
111939,,,,,,,,900.0,,534.0,,,,,,43.0,39.0,25.0,18.0,1.0,,39.0,,190.0,,
111948,,,,,,,,1741.0,,733.0,7.0,,,,,146.0,116.0,166.0,149.0,12.0,,55.0,,205.0,30.0,13.0
111966,,,,,,,,380.0,,138.0,51.0,5.0,,,,32.0,32.0,14.0,16.0,1.0,,20.0,,34.0,,1.0
112075,,,,,,,,454.0,,203.0,,,,,,44.0,15.0,10.0,52.0,5.0,,10.0,20.0,33.0,,
112084,,,,,,,,106.0,,53.0,1.0,,,,,8.0,1.0,,12.0,1.0,,,,1.0,1.0,
112127,,,,,,,,27.0,,10.0,,,,,,5.0,1.0,,2.0,,,,,8.0,1.0,
112172,,,,,,,,555.0,,282.0,2.0,,,,,33.0,13.0,19.0,24.0,,,58.0,,69.0,,4.0
112181,,,,,,,,15.0,,8.0,,,,,,1.0,1.0,,,,,,1.0,3.0,1.0,
112190,,,,,,,,1458.0,,818.0,,,,,,55.0,80.0,28.0,4.0,5.0,,104.0,,304.0,,
112251,,,,,,,,311.0,,124.0,4.0,,,,,37.0,56.0,12.0,,3.0,,0.0,,39.0,,
112260,,,,,,,,485.0,,169.0,,,,,,35.0,53.0,29.0,37.0,6.0,,54.0,,66.0,3.0,1.0
112288,,,,,,,,48.0,,25.0,,,,,,3.0,,,,,,1.0,6.0,13.0,,
112367,,,,,,,,29.0,,10.0,,,,,,2.0,2.0,1.0,,,,3.0,,8.0,,
112376,,,,,,,,131.0,,,,,,,,29.0,40.0,35.0,1.0,,,3.0,,21.0,,
112385,,,,,,,,330.0,,139.0,,,,,,33.0,16.0,5.0,13.0,,,17.0,,94.0,,
112394,,,,,,,,96.0,,37.0,,,,,,14.0,2.0,3.0,3.0,,,3.0,9.0,3.0,,
112455,,,,,,,,11.0,,6.0,,,,,,2.0,1.0,,,,,,,1.0,,
112525,,,,,,,,1131.0,,326.0,30.0,,,,,166.0,23.0,149.0,6.0,14.0,,68.0,,326.0,,
112561,,,,,,,,169.0,,80.0,,,,,,22.0,4.0,1.0,8.0,,,9.0,,37.0,,
112570,,,,,,,,89.0,,43.0,,,,,,3.0,9.0,4.0,,,,,,9.0,3.0,4.0
112686,,,,,,,,326.0,,144.0,,,,,,30.0,14.0,9.0,37.0,3.0,,30.0,,24.0,,1.0
112817,,,,,,,,84.0,,,,,,,,28.0,25.0,13.0,,,,,,18.0,,
112826,,,,,,,,296.0,,179.0,,,,,,24.0,5.0,3.0,10.0,,,13.0,,55.0,,
113096,,,,,,,,491.0,,301.0,,,,,,22.0,11.0,8.0,14.0,1.0,,23.0,,72.0,,
113111,,,,,,,,308.0,,186.0,4.0,,,,,19.0,2.0,13.0,2.0,,,21.0,,26.0,3.0,
113193,,,,,,,,515.0,,250.0,,,,,,34.0,20.0,17.0,23.0,1.0,,38.0,,123.0,,
113218,,,,,,,,384.0,,203.0,,,,,,23.0,4.0,,18.0,3.0,,34.0,,61.0,,
113236,,,,,,,,572.0,,338.0,,,,,,30.0,9.0,7.0,19.0,3.0,,54.0,,49.0,16.0,
113333,,,,,,,,664.0,,397.0,,,,,,29.0,24.0,1.0,28.0,2.0,,25.0,,120.0,,
113449,,,,,,,,17.0,,8.0,,,,,,3.0,2.0,2.0,,,,,,1.0,,1.0
113537,,,,,,,,15.0,,7.0,,,,,,5.0,2.0,,1.0,,,,,1.0,,
113573,,,,,,,,604.0,,297.0,,,,,,53.0,26.0,16.0,12.0,,,41.0,,134.0,,
113582,,,,,,,,21.0,,10.0,,,,,,3.0,0.0,,,,,,,2.0,,
113634,,,,,,,,725.0,,476.0,,,,,,41.0,12.0,7.0,20.0,,,24.0,,137.0,,
113698,,,,,,,,393.0,,187.0,0.0,,,,,62.0,10.0,16.0,31.0,4.0,,6.0,,27.0,8.0,
113704,,,,,,,,21.0,,14.0,,,,,,2.0,0.0,,,,,,,2.0,,
113856,,,,,,,,970.0,,547.0,,,,,,28.0,13.0,12.0,40.0,1.0,,102.0,,187.0,,
113980,,,,,,,,1038.0,,556.0,,,,,,61.0,53.0,27.0,37.0,,,76.0,,206.0,,
114114,,,,,,,,37.0,,17.0,,,,,,4.0,3.0,,,,,,,8.0,,
114123,,,,,,,,58.0,,29.0,,,,,,8.0,,1.0,,,,1.0,,5.0,1.0,
114266,,,,,,,,345.0,,198.0,,,,,,17.0,8.0,7.0,8.0,,,30.0,,56.0,,
114354,,,,,,,,317.0,,92.0,,,,,,60.0,19.0,20.0,15.0,1.0,,8.0,7.0,77.0,,1.0
114390,,,,,,,,32.0,,11.0,,,,,,4.0,,2.0,3.0,,,1.0,0.0,8.0,,
114433,,,,,,,,134.0,,52.0,1.0,,,,,18.0,8.0,5.0,5.0,,,3.0,,16.0,8.0,
114460,,,,,,,,42.0,,18.0,,,,,,7.0,,,,,,3.0,1.0,13.0,,
114549,,,,,,,,175.0,,93.0,,,,,,23.0,5.0,6.0,3.0,,,1.0,,20.0,,
114585,,,,,,,,58.0,,22.0,,,,,,6.0,1.0,,3.0,,,,,24.0,,
114637,,,,,,,,8.0,,6.0,,,,,,1.0,,,,,,,,1.0,,
114716,,,,,,,,435.0,,298.0,,,,,,31.0,11.0,1.0,20.0,,,4.0,,48.0,,
114734,,,,,,,,10.0,,3.0,,,,,,,3.0,,,,,,,2.0,,
114761,,,,,,,,6.0,,3.0,,,,,,1.0,,,,,,,,2.0,,
114789,,,,,,,,1057.0,,581.0,,,,,,73.0,93.0,12.0,61.0,,,82.0,,133.0,,
114813,,,,,,,,597.0,,277.0,,,,,,57.0,25.0,17.0,84.0,6.0,,20.0,0.0,62.0,9.0,
114831,,,,,,,,195.0,,,,,,,,33.0,45.0,54.0,1.0,,,45.0,,15.0,,
114840,,,,,,,,321.0,,60.0,4.0,,,,,97.0,13.0,12.0,36.0,1.0,,13.0,,56.0,,
114859,,,,,,,,770.0,,484.0,,,,,,36.0,16.0,11.0,36.0,4.0,,41.0,,99.0,,
114938,,,,,,,,282.0,,149.0,1.0,,,,,24.0,10.0,13.0,5.0,2.0,,22.0,,26.0,3.0,3.0
114947,,,,,,,,129.0,,26.0,,,,,,27.0,,12.0,,,,,,25.0,,7.0
115001,,,,,,,,737.0,,398.0,,,,,,58.0,25.0,12.0,14.0,2.0,,38.0,,144.0,1.0,
115010,,,,,,,,53.0,,34.0,,,,,,1.0,3.0,,,,,,6.0,8.0,,
115083,,,,,,,,374.0,,143.0,,,,,,66.0,10.0,24.0,7.0,,,9.0,,47.0,,
115126,,,,,,,,461.0,,249.0,,,,,,41.0,21.0,3.0,9.0,1.0,,46.0,,78.0,,
115214,,,,,,,,51.0,,11.0,,,,,,14.0,3.0,1.0,0.0,,,2.0,,7.0,,
115287,,,,,,,,146.0,,,,,,,,28.0,33.0,24.0,,,,23.0,,38.0,,
115296,,,,,,,,739.0,,445.0,,,,,,35.0,19.0,11.0,18.0,2.0,,44.0,,106.0,,
115357,,,,,,,,8.0,,5.0,,,,,,1.0,,,,,,,1.0,1.0,,
115393,,,,,,,,407.0,,201.0,,1.0,,,,53.0,13.0,19.0,7.0,,,38.0,,64.0,,
115409,,,,,,,,327.0,,112.0,,,,,,37.0,29.0,24.0,3.0,1.0,,59.0,,31.0,,
115658,,,,,,,,13.0,,6.0,,,,,,1.0,,,,,,2.0,,4.0,,
115728,,,,,,,,224.0,,79.0,1.0,,,,,30.0,15.0,7.0,47.0,2.0,,,,22.0,,
115746,,,,,,,,193.0,,86.0,,,,,,22.0,4.0,4.0,1.0,,,13.0,2.0,13.0,4.0,7.0
115755,,,,,,,,994.0,,368.0,,,,,,46.0,114.0,71.0,123.0,13.0,,59.0,,111.0,39.0,13.0
115773,,,,,,,,66.0,,36.0,,,,,,5.0,,1.0,,,,7.0,,15.0,,
115861,,,,,,,,401.0,,217.0,,,,,,26.0,12.0,12.0,19.0,,,31.0,,61.0,,
115931,,,,,,,,37.0,,18.0,,,,,,5.0,1.0,,,,,1.0,,2.0,,
116226,,,,,,,,13.0,,7.0,,,,,,1.0,0.0,,,,,,,1.0,,
116350,,,,,,,,30.0,,16.0,,,,,,2.0,4.0,,,,,,,8.0,,
116439,,,,,,,,510.0,,292.0,,,,,,36.0,16.0,8.0,8.0,2.0,,39.0,,103.0,,
116563,,,,,,,,18.0,,11.0,,,,,,1.0,,,,,,,,2.0,,
116712,,,,,,,,184.0,,123.0,,2.0,,,,16.0,7.0,2.0,,,,6.0,5.0,11.0,,
116846,,,,,,,,157.0,,33.0,,,,,,35.0,8.0,,,,,32.0,,25.0,18.0,
117052,,,,,,,,475.0,,304.0,,,,,,31.0,24.0,,20.0,,,27.0,,50.0,,
117104,,,,,,,,79.0,,29.0,,,,,,15.0,2.0,0.0,8.0,0.0,,1.0,3.0,3.0,,
117140,,,,,,,,838.0,,412.0,,,,,,99.0,58.0,36.0,34.0,5.0,,16.0,,103.0,11.0,1.0
117168,,,,,,,,153.0,,83.0,,,,,,7.0,6.0,7.0,3.0,,,4.0,,18.0,,
117195,,,,,,,,167.0,,84.0,,,,,,23.0,4.0,5.0,2.0,,,5.0,,18.0,3.0,
117238,,,,,,,,10.0,,6.0,,,,,,1.0,,,,,,1.0,,1.0,,
117247,,,,,,,,354.0,,210.0,,,,,,18.0,19.0,5.0,19.0,,,21.0,,45.0,,
117274,,,,,,,,153.0,,67.0,,,,,,18.0,4.0,4.0,14.0,,,11.0,,25.0,,
117520,,,,,,,,143.0,,50.0,3.0,,,,,24.0,4.0,,8.0,,,13.0,1.0,15.0,,
117557,,,,,,,,45.0,,26.0,,,,,,7.0,2.0,1.0,,,,,,5.0,,
117575,,,,,,,,28.0,,13.0,,,,,,4.0,,1.0,,,,0.0,,8.0,,
117627,,,,,,,,341.0,,155.0,,1.0,,,,70.0,11.0,20.0,4.0,0.0,,14.0,4.0,45.0,13.0,
117636,,,,,,,,1474.0,,410.0,43.0,3.0,,,,179.0,57.0,68.0,21.0,227.0,,114.0,,279.0,62.0,1.0
117645,,,,,,,,1101.0,,559.0,,,,,,74.0,39.0,24.0,44.0,5.0,,84.0,,228.0,,
117672,,,,,,,,167.0,,82.0,,,,,,25.0,10.0,0.0,,,,9.0,,17.0,,
117681,,,,,,,,306.0,,31.0,,,,,,34.0,84.0,59.0,,,,,,75.0,,
117690,,,,,,,,326.0,,182.0,,,,,,13.0,8.0,6.0,4.0,,,35.0,,60.0,,
117706,,,,,,,,687.0,,390.0,,,,,,17.0,7.0,15.0,10.0,,,88.0,,134.0,,
117715,,,,,,,,313.0,,169.0,,,,,,13.0,8.0,4.0,6.0,,,40.0,,60.0,,
117724,,,,,,,,538.0,,293.0,,,,,,19.0,11.0,9.0,21.0,,,65.0,,101.0,,
117733,,,,,,,,584.0,,334.0,,,,,,20.0,16.0,10.0,13.0,,,55.0,,105.0,,
117751,,,,,,,,310.0,,119.0,,,,,,29.0,11.0,16.0,28.0,1.0,,10.0,11.0,19.0,7.0,
117788,,,,,,,,584.0,,314.0,,,,,,19.0,8.0,9.0,23.0,,,64.0,,120.0,,
117803,,,,,,,,45.0,,23.0,1.0,,,,,6.0,,1.0,,,,,,2.0,,
117867,,,,,,,,364.0,,195.0,,,,,,13.0,9.0,,8.0,,,41.0,,67.0,,
117894,,,,,,,,369.0,,238.0,,,,,,27.0,8.0,4.0,15.0,,,15.0,,55.0,,
117900,,,,,,,,269.0,,,,,,,,34.0,51.0,38.0,2.0,,,80.0,,55.0,,
117946,,,,,,,,2147.0,,809.0,,,,,,269.0,231.0,98.0,150.0,15.0,,146.0,2.0,278.0,41.0,19.0
117955,,,,,,,,51.0,,24.0,,,,,,3.0,1.0,1.0,,,,15.0,,5.0,1.0,
118134,,,,,,,,8.0,,4.0,,,,,,1.0,1.0,,,,,,1.0,1.0,,
118143,,,,,,,,10.0,,4.0,,,,,,1.0,1.0,,,,,0.0,1.0,2.0,,
118161,,,,,,,,17.0,,9.0,,,,,,2.0,1.0,,,,,,,5.0,,
118198,,,,,,,,76.0,,37.0,,,,,,12.0,1.0,2.0,,,,4.0,,2.0,,
118347,,,,,,,,390.0,,178.0,,,,,,39.0,34.0,13.0,16.0,,,32.0,,63.0,1.0,
118541,,,,,,,,121.0,,36.0,,,,,,14.0,5.0,1.0,28.0,3.0,,14.0,,11.0,,4.0
118684,,,,,,,,244.0,,137.0,,,,,,26.0,,5.0,,,,20.0,,51.0,,
118693,,,,,,,,147.0,,50.0,,,,,,5.0,11.0,6.0,2.0,,,,,2.0,7.0,
118718,,,,,,,,619.0,,315.0,,,,,,49.0,51.0,12.0,39.0,2.0,,45.0,,70.0,,
118772,,,,,,,,216.0,,136.0,,,,,,8.0,14.0,3.0,9.0,,,10.0,,25.0,,
118888,,,,,,,,366.0,,112.0,3.0,13.0,,,,35.0,47.0,23.0,43.0,,,32.0,,30.0,10.0,
118912,,,,,,,,649.0,,381.0,,,,,,26.0,22.0,22.0,22.0,2.0,,39.0,,112.0,,
118930,,,,,,,,441.0,,278.0,,,,,,30.0,10.0,8.0,24.0,1.0,,24.0,,51.0,,
118958,,,,,,,,5.0,,4.0,,,,,,,,,,,,,,1.0,,
118976,,,,,,,,659.0,,369.0,,,,,,45.0,42.0,6.0,11.0,3.0,,11.0,,157.0,,
118994,,,,,,,,32.0,,22.0,,,,,,2.0,1.0,,,,,,2.0,,,
119058,,,,,,,,192.0,,78.0,,,,,,30.0,,4.0,0.0,,,5.0,,69.0,,
119067,,,,,,,,378.0,,205.0,,,,,,12.0,17.0,9.0,9.0,1.0,,32.0,,73.0,,
119137,,,,,,,,463.0,,295.0,,,,,,17.0,16.0,,13.0,1.0,,37.0,,67.0,,
119164,,,,,,,,1387.0,,695.0,,,,,,106.0,19.0,43.0,20.0,5.0,,112.0,,374.0,,
119173,,,,,,,,540.0,,238.0,,,,,,104.0,20.0,12.0,,15.0,,34.0,,43.0,8.0,5.0
119216,,,,,,,,846.0,,486.0,2.0,,,,,54.0,19.0,26.0,29.0,,,61.0,1.0,112.0,,
119270,,,,,,,,215.0,,116.0,,,,,,26.0,9.0,4.0,1.0,,,10.0,1.0,7.0,0.0,4.0
119331,,,,,,,,392.0,,193.0,,,,,,43.0,18.0,10.0,17.0,2.0,,24.0,,75.0,,
119553,,,,,,,,111.0,,54.0,,,,,,24.0,,,,,,,14.0,12.0,,
119605,,,,,,,,1830.0,,937.0,,,,,,208.0,263.0,51.0,26.0,,,5.0,163.0,162.0,4.0,
119678,,,,,,,,853.0,,299.0,153.0,,,,,59.0,79.0,72.0,14.0,3.0,,7.0,,110.0,,3.0
119775,,,,,,,,99.0,,62.0,,,,,,17.0,3.0,,,,,,8.0,2.0,1.0,
119845,,,,,,,,10.0,,6.0,,,,,,2.0,,,,,,,,2.0,,
119951,,,,,,,,15.0,,7.0,,,,,,2.0,1.0,,,,,,,4.0,1.0,
120023,,,,,,,,99.0,,,,,,,,23.0,28.0,17.0,8.0,,,9.0,,13.0,,
120069,,,,,,,,18.0,,8.0,,,,,,1.0,1.0,,,,,,4.0,4.0,,
120078,,,,,,,,38.0,,20.0,,,,,,1.0,3.0,,,,,,5.0,9.0,,
120087,,,,,,,,22.0,,12.0,,,,,,1.0,2.0,,,,,,3.0,4.0,,
120166,,,,,,,,35.0,,6.0,,,,,,14.0,2.0,4.0,,,,,,7.0,,
120184,,,,,,,,197.0,,75.0,,,,,,14.0,16.0,5.0,21.0,3.0,,15.0,,13.0,4.0,
120254,,,,,,,,730.0,,216.0,,,,,,53.0,42.0,28.0,106.0,8.0,,126.0,4.0,75.0,20.0,1.0
120290,,,,,,,,424.0,,230.0,,,,,,39.0,19.0,18.0,24.0,,,29.0,,60.0,,
120342,,,,,,,,837.0,,465.0,,,,,,61.0,26.0,15.0,11.0,4.0,,90.0,,135.0,,
120403,,,,,,,,402.0,,156.0,,,,,,64.0,10.0,13.0,12.0,2.0,,18.0,23.0,40.0,1.0,15.0
120421,,,,,,,,261.0,,147.0,,,,,,12.0,14.0,,7.0,1.0,,19.0,,44.0,,
120537,,,,,,,,194.0,,79.0,,,,,,32.0,4.0,8.0,21.0,3.0,,5.0,11.0,20.0,4.0,
120661,,,,,,,,70.0,,28.0,,,,,,14.0,1.0,,,,,,9.0,14.0,,
120698,,,,,,,,151.0,,78.0,,,,,,21.0,17.0,4.0,9.0,,,,,12.0,1.0,
120768,,,,,,,,176.0,,103.0,,,,,,9.0,6.0,,,,,2.0,,21.0,,
120795,,,,,,,,37.0,,12.0,,,,,,10.0,2.0,,1.0,,,3.0,,5.0,,
120838,,,,,,,,16.0,,7.0,,,,,,1.0,,1.0,,,,,,2.0,,
120865,,,,,,,,212.0,,79.0,,,,,,43.0,11.0,9.0,4.0,2.0,,4.0,,12.0,20.0,3.0
120883,,,,,,,,1691.0,,558.0,2.0,,,,,317.0,36.0,67.0,53.0,13.0,,196.0,,407.0,5.0,17.0
120953,,,,,,,,132.0,,59.0,,0.0,,,,21.0,2.0,5.0,1.0,,,,,21.0,6.0,
120971,,,,,,,,1052.0,,562.0,,,,,,55.0,56.0,29.0,40.0,3.0,,102.0,,151.0,,
121044,,,,,,,,1090.0,,665.0,,,,,,72.0,52.0,4.0,50.0,2.0,,75.0,,116.0,,
121150,,,,,,,,1760.0,,534.0,,,,,,265.0,122.0,104.0,140.0,19.0,,86.0,13.0,141.0,42.0,31.0
121178,,,,,,,,159.0,,4.0,,,,,,25.0,44.0,12.0,7.0,,,28.0,,35.0,,
121257,,,,,,,,311.0,,107.0,,,,,,31.0,17.0,12.0,13.0,,,54.0,,33.0,4.0,1.0
121275,,,,,,,,27.0,,9.0,,,,,,3.0,5.0,1.0,,,,,3.0,5.0,,
121309,,,,,,,,724.0,,247.0,,,,,,92.0,22.0,24.0,70.0,4.0,,61.0,2.0,117.0,15.0,7.0
121345,,,,,,,,782.0,,236.0,,,,,,66.0,40.0,32.0,39.0,3.0,,180.0,1.0,106.0,13.0,1.0
121363,,,,,,,,194.0,,112.0,,,,,,20.0,5.0,3.0,9.0,1.0,,12.0,,21.0,,
121433,,,,,,,,7.0,,2.0,,,,,,1.0,0.0,,,,,,,1.0,0.0,
121619,,,,,,,,824.0,,454.0,,,,,,31.0,24.0,14.0,63.0,,,55.0,,144.0,,
121628,,,,,,,,14.0,,0.0,,,,,,5.0,1.0,,,,,,,4.0,,
121637,,,,,,,,7.0,,3.0,,,,,,2.0,2.0,,,,,0.0,,,,
121691,,,,,,,,903.0,,348.0,,,,,,125.0,27.0,36.0,105.0,8.0,,63.0,,104.0,20.0,3.0
121707,,,,,,,,320.0,,155.0,,,,,,34.0,12.0,8.0,19.0,,,23.0,,50.0,,
121859,,,,,,,,13.0,,6.0,,,,,,1.0,1.0,,,,,,2.0,3.0,,
121868,,,,,,,,6.0,,4.0,,,,,,1.0,,,,,,,,,,
121886,,,,,,,,634.0,,343.0,,,,,,41.0,13.0,14.0,15.0,3.0,,38.0,,140.0,,
121901,,,,,,,,748.0,,432.0,,,,,,37.0,25.0,8.0,40.0,3.0,,57.0,,126.0,,
121992,,,,,,,,20.0,,11.0,,,,,,1.0,1.0,,,,,1.0,1.0,4.0,,
122117,,,,,,,,26.0,,11.0,,,,,,1.0,1.0,,,1.0,,,,4.0,2.0,
122180,,,,,,,,748.0,,476.0,,,,,,26.0,22.0,16.0,26.0,2.0,,36.0,,98.0,,
122205,,,,,,,,806.0,,470.0,,,,,,60.0,17.0,13.0,13.0,2.0,,56.0,,169.0,,
122296,,,,,,,,406.0,,240.0,1.0,,,,,32.0,13.0,15.0,2.0,2.0,,3.0,,49.0,,
122320,,,,,,,,536.0,,3.0,,,,,,32.0,62.0,39.0,11.0,,,196.0,,184.0,,
122339,,,,,,,,499.0,,326.0,,,,,,20.0,5.0,,1.0,,,3.0,,141.0,,
122375,,,,,,,,645.0,,439.0,,,,,,23.0,8.0,,3.0,,,3.0,,158.0,,
122384,,,,,,,,379.0,,248.0,,,,,,18.0,3.0,,4.0,1.0,,2.0,,101.0,,
122409,,,,,,,,3056.0,,1250.0,12.0,,,,,137.0,276.0,225.0,352.0,38.0,,204.0,,346.0,95.0,28.0
122436,,,,,,,,2038.0,,638.0,8.0,24.0,,,,115.0,139.0,99.0,170.0,21.0,,244.0,2.0,303.0,48.0,25.0
122454,,,,,,,,97.0,,39.0,,8.0,,,,7.0,4.0,2.0,8.0,,,3.0,,2.0,,8.0
122506,,,,,,,,106.0,,36.0,,3.0,,,,11.0,15.0,3.0,9.0,1.0,,,,6.0,,7.0
122597,,,,,,,,2698.0,,1171.0,5.0,,,,,77.0,573.0,175.0,223.0,23.0,,166.0,2.0,84.0,79.0,40.0
122612,,,,,,,,1671.0,,694.0,3.0,,,,,329.0,108.0,85.0,95.0,2.0,,59.0,,221.0,31.0,
122649,,,,,,,,43.0,,13.0,,1.0,,,,7.0,2.0,2.0,5.0,,,2.0,1.0,6.0,,
122658,,,,,,,,703.0,,352.0,,,,,,59.0,77.0,8.0,64.0,1.0,,19.0,,83.0,1.0,
122685,,,,,,,,635.0,,330.0,,,,,,86.0,,1.0,,,,29.0,,33.0,,
122728,,,,,,,,291.0,,108.0,,,,,,30.0,16.0,10.0,62.0,2.0,,18.0,1.0,28.0,,
122737,,,,,,,,97.0,,,,,,,,17.0,39.0,16.0,3.0,,,8.0,,13.0,,
122746,,,,,,,,349.0,,202.0,,,,,,23.0,10.0,6.0,11.0,,,30.0,,47.0,,
122755,,,,,,,,2762.0,,1228.0,,,,,,73.0,400.0,178.0,294.0,24.0,,188.0,,160.0,98.0,34.0
122782,,,,,,,,267.0,,1.0,,,,,,13.0,34.0,35.0,13.0,,,115.0,,54.0,,
122791,,,,,,,,355.0,,207.0,,,,,,13.0,9.0,,6.0,,,2.0,,102.0,,
122834,,,,,,,,46.0,,28.0,,,,,,1.0,3.0,,3.0,,,,1.0,7.0,,
122852,,,,,,,,11.0,,8.0,,,,,,1.0,1.0,,,,,,,1.0,,
122889,,,,,,,,1042.0,,687.0,,,,,,55.0,49.0,24.0,37.0,2.0,,62.0,,85.0,,
122931,,,,,,,,1688.0,,676.0,,,,,,258.0,103.0,117.0,128.0,10.0,,87.0,,185.0,23.0,6.0
122977,,,,,,,,1229.0,,680.0,,,,,,95.0,46.0,20.0,32.0,3.0,,105.0,,193.0,,
123013,,,,,,,,1077.0,,575.0,,,,,,80.0,54.0,30.0,56.0,6.0,,56.0,,129.0,2.0,
123095,,,,,,,,102.0,,67.0,1.0,,,,,24.0,2.0,1.0,,,,,,1.0,,
123165,,,,,,,,342.0,,113.0,2.0,,,,,49.0,15.0,8.0,11.0,,,71.0,,42.0,,
123217,,,,,,,,603.0,,335.0,,,,,,45.0,29.0,17.0,25.0,3.0,,39.0,,85.0,,
123280,,,,,,,,12.0,,8.0,,,,,,,1.0,,,,,,,2.0,0.0,
123299,,,,,,,,519.0,,228.0,,,,,,69.0,12.0,14.0,14.0,,,40.0,,134.0,,
123341,,,,,,,,801.0,,490.0,,,,,,61.0,20.0,28.0,6.0,,,40.0,,153.0,,
123350,,,,,,,,16.0,,6.0,,,,,,2.0,1.0,1.0,,,,,1.0,1.0,1.0,1.0
123448,,,,,,,,37.0,,17.0,,,,,,4.0,1.0,,1.0,,,1.0,,1.0,,
123457,,,,,,,,130.0,,65.0,,,,,,14.0,9.0,1.0,12.0,,,4.0,,22.0,2.0,0.0
123484,,,,,,,,176.0,,79.0,,,,,,10.0,10.0,9.0,7.0,2.0,,19.0,2.0,31.0,,
123493,,,,,,,,29.0,,12.0,,,,,,3.0,,,,,,3.0,,8.0,,
123509,,,,,,,,359.0,,214.0,,,,,,16.0,7.0,,8.0,,,1.0,,99.0,,
123527,,,,,,,,630.0,,395.0,2.0,,,,,31.0,3.0,18.0,10.0,1.0,,38.0,,56.0,6.0,
123554,,,,,,,,870.0,,447.0,,,,,,86.0,89.0,20.0,81.0,7.0,,26.0,,77.0,16.0,2.0
123563,,,,,,,,410.0,,220.0,,,,,,26.0,12.0,15.0,3.0,,,36.0,,66.0,,
123572,,,,,,,,1125.0,,370.0,,,,,,42.0,205.0,74.0,153.0,14.0,,95.0,,76.0,41.0,19.0
123633,,,,,,,,78.0,,40.0,,,,,,4.0,2.0,2.0,,,,,,24.0,1.0,
123642,,,,,,,,18.0,,7.0,,,,,,3.0,2.0,0.0,1.0,,,1.0,,2.0,,
123651,,,,,,,,299.0,,134.0,,,,,,37.0,57.0,6.0,33.0,4.0,,5.0,,22.0,,
123679,,,,,,,,68.0,,35.0,,,,,,9.0,1.0,,,,,,5.0,15.0,,
123800,,,,,,,,881.0,,442.0,,,,,,49.0,28.0,22.0,34.0,11.0,,59.0,,156.0,11.0,3.0
123855,,,,,,,,56.0,,27.0,,,,,,3.0,2.0,1.0,0.0,,,15.0,,4.0,,
123916,,,,,,,,24.0,,11.0,,,,,,5.0,3.0,,1.0,,,1.0,,3.0,,
123943,,,,,,,,211.0,,71.0,,11.0,,,,57.0,8.0,8.0,3.0,7.0,,8.0,1.0,26.0,5.0,
123952,,,,,,,,114.0,,51.0,2.0,,,,,15.0,3.0,5.0,7.0,,,2.0,3.0,10.0,1.0,6.0
123961,,,,,,,,15151.0,,2929.0,277.0,1864.0,,,,1855.0,1755.0,1420.0,698.0,438.0,,1428.0,153.0,1819.0,225.0,119.0
123970,,,,,,,,182.0,,79.0,,,,,,13.0,1.0,10.0,4.0,,,8.0,,54.0,,
124113,,,,,,,,223.0,,72.0,2.0,,,,,33.0,1.0,9.0,0.0,,,18.0,1.0,35.0,1.0,
124283,,,,,,,,57.0,,16.0,,,,,,5.0,2.0,4.0,,,,4.0,2.0,16.0,,
124292,,,,,,,,104.0,,39.0,,,,,,14.0,6.0,2.0,16.0,0.0,,11.0,,13.0,,
124487,,,,,,,,27.0,,14.0,,,,,,3.0,1.0,1.0,,,,,1.0,2.0,1.0,
124557,,,,,,,,2707.0,,249.0,34.0,,,,,382.0,781.0,417.0,373.0,18.0,,11.0,9.0,357.0,40.0,2.0
124681,,,,,,,,48.0,,19.0,,,,,,5.0,1.0,,,,,,,24.0,,
124706,,,,,,,,75.0,,33.0,,,,,,14.0,1.0,,,,,,7.0,15.0,,
124937,,,,,,,,66.0,,29.0,,,,,,15.0,1.0,,,,,,7.0,11.0,,
125019,,,,,,,,85.0,,,,,,,,11.0,35.0,1.0,1.0,,,1.0,,34.0,,
125028,,,,,,,,435.0,,266.0,,,,,,15.0,14.0,,13.0,,,35.0,,68.0,,
125037,,,,,,,,19.0,,12.0,,,,,,3.0,,,,,,,,1.0,,
125091,,,,,,,,578.0,,298.0,3.0,,,,,28.0,11.0,17.0,21.0,1.0,,33.0,2.0,114.0,7.0,2.0
125170,,,,,,,,185.0,,121.0,,,,,,9.0,14.0,1.0,7.0,,,6.0,,20.0,,
125222,,,,,,,,109.0,,,,,,,,10.0,24.0,18.0,,,,47.0,,10.0,,
125231,,,,,,,,1882.0,,1143.0,,,,,,332.0,112.0,1.0,45.0,,,,45.0,22.0,,
125310,,,,,,,,4.0,,2.0,,,,,,1.0,0.0,,,,,,,1.0,,
125462,,,,,,,,179.0,,57.0,,,,,,24.0,,1.0,1.0,,,21.0,,15.0,,
125471,,,,,,,,436.0,,241.0,,,,,,18.0,14.0,5.0,18.0,1.0,,47.0,,76.0,,
125499,,,,,,,,507.0,,299.0,,,,,,33.0,43.0,19.0,12.0,2.0,,29.0,,55.0,,
125532,,,,,,,,293.0,,156.0,,,,,,55.0,,0.0,,,,,,15.0,,
125718,,,,,,,,29.0,,13.0,,,,,,3.0,2.0,1.0,1.0,,,,,4.0,,
125727,,,,,,,,343.0,,116.0,,,,,,30.0,26.0,9.0,31.0,1.0,,42.0,,33.0,10.0,3.0
125763,,,,,,,,402.0,,148.0,,,,,,44.0,17.0,9.0,36.0,3.0,,16.0,,52.0,,
125897,,,,,,,,199.0,,113.0,2.0,,,,,11.0,7.0,11.0,2.0,1.0,,2.0,2.0,19.0,7.0,
126012,,,,,,,,81.0,,53.0,,,,,,5.0,1.0,1.0,,,,0.0,,8.0,,
126049,,,,,,,,51.0,,21.0,,,,,,17.0,,,1.0,,,,,6.0,,
126076,,,,,,,,20.0,,8.0,,,,,,1.0,0.0,,,,,8.0,,2.0,,
126100,,,,,,,,180.0,,10.0,,,,,,30.0,20.0,22.0,3.0,,,67.0,,28.0,,
126119,,,,,,,,201.0,,129.0,1.0,,,,,20.0,,3.0,3.0,,,17.0,,25.0,,
126164,,,,,,,,10.0,,4.0,,,,,,1.0,1.0,,,,,,2.0,2.0,,
126182,,,,,,,,407.0,,130.0,,,,,,29.0,23.0,20.0,50.0,2.0,,37.0,,39.0,9.0,6.0
126207,,,,,,,,558.0,,227.0,,,,,,29.0,27.0,23.0,56.0,,,32.0,,62.0,8.0,8.0
126289,,,,,,,,485.0,,245.0,,,,,,43.0,28.0,14.0,5.0,1.0,,32.0,2.0,43.0,8.0,1.0
126359,,,,,,,,34.0,,11.0,,,,,,2.0,1.0,,,,,,5.0,1.0,3.0,
126562,,,,,,,,12132.0,,4771.0,819.0,121.0,,,,1036.0,747.0,1742.0,151.0,1506.0,,208.0,,463.0,133.0,39.0
126580,,,,,,,,1332.0,,556.0,16.0,16.0,,,,23.0,63.0,54.0,82.0,18.0,,154.0,6.0,75.0,38.0,11.0
126605,,,,,,,,56.0,,29.0,,,,,,9.0,1.0,1.0,1.0,,,1.0,7.0,,,
126614,,,,,,,,8316.0,,2001.0,945.0,2.0,,,,887.0,532.0,1347.0,288.0,78.0,,709.0,17.0,718.0,253.0,63.0
126669,,,,,,,,647.0,,277.0,,,,,,61.0,33.0,25.0,154.0,3.0,,12.0,,54.0,4.0,
126678,,,,,,,,901.0,,235.0,,,,,,103.0,46.0,35.0,86.0,8.0,,75.0,6.0,135.0,35.0,13.0
126687,,,,,,,,71.0,,30.0,,,,,,18.0,1.0,,,,,,6.0,13.0,,
126711,,,,,,,,680.0,,271.0,,,,,,100.0,43.0,28.0,30.0,3.0,,26.0,2.0,83.0,14.0,1.0
126748,,,,,,,,129.0,,52.0,,,,,,16.0,14.0,3.0,16.0,,,7.0,,7.0,4.0,
126775,,,,,,,,1186.0,,379.0,165.0,,,,,125.0,145.0,49.0,27.0,1.0,,96.0,,67.0,47.0,3.0
126784,,,,,,,,19.0,,9.0,,,,,,4.0,,,,,,,2.0,1.0,,
126818,,,,,,,,7041.0,,1866.0,1251.0,164.0,,,,95.0,519.0,395.0,249.0,270.0,,602.0,2.0,424.0,439.0,95.0
126827,,,,,,,,1108.0,,417.0,,,,,,60.0,57.0,6.0,2.0,,,13.0,450.0,23.0,,
126863,,,,,,,,337.0,,150.0,,,,,,38.0,17.0,8.0,,,,14.0,,33.0,5.0,1.0
126872,,,,,,,,15.0,,4.0,,,,,,2.0,4.0,,,,,,,1.0,,
126915,,,,,,,,31.0,,14.0,,,,,,3.0,0.0,1.0,,,,2.0,,10.0,,
126942,,,,,,,,408.0,,210.0,,,,,,38.0,29.0,11.0,74.0,,,1.0,,15.0,,
126951,,,,,,,,92.0,,42.0,,,,,,34.0,,1.0,,,,,,11.0,,
126979,,,,,,,,104.0,,39.0,,,,,,23.0,3.0,4.0,,,,2.0,,18.0,,
127060,,,,,,,,2754.0,,982.0,18.0,,,,,335.0,218.0,231.0,180.0,15.0,,194.0,1.0,286.0,53.0,3.0
127158,,,,,,,,153.0,,83.0,,,,,,8.0,14.0,4.0,4.0,,,,,,,
127185,,,,,,,,532.0,,195.0,,,,,,37.0,22.0,38.0,105.0,1.0,,66.0,,39.0,13.0,0.0
127200,,,,,,,,984.0,,515.0,,,,,,46.0,49.0,33.0,73.0,,,34.0,11.0,103.0,15.0,4.0
127273,,,,,,,,44.0,,17.0,,,,,,7.0,2.0,2.0,,,,,,10.0,2.0,
127316,,,,,,,,26.0,,13.0,,,,,,2.0,0.0,,,,,,,1.0,,
127389,,,,,,,,88.0,,32.0,0.0,,,,,5.0,5.0,1.0,13.0,,,11.0,,4.0,2.0,
127556,,,,,,,,793.0,,396.0,,,,,,64.0,27.0,28.0,92.0,8.0,,75.0,3.0,63.0,18.0,6.0
127565,,,,,,,,1667.0,,890.0,,,,,,25.0,116.0,72.0,64.0,11.0,,3.0,,412.0,1.0,
127617,,,,,,,,126.0,,54.0,,,,,,23.0,10.0,5.0,,,,5.0,,6.0,2.0,
127653,,,,,,,,253.0,,91.0,,,,,,29.0,13.0,5.0,20.0,,,8.0,,31.0,5.0,
127714,,,,,,,,69.0,,46.0,,,,,,8.0,2.0,2.0,,,,0.0,5.0,5.0,,
127732,,,,,,,,169.0,,65.0,,,,,,12.0,20.0,7.0,17.0,,,17.0,,17.0,6.0,
127741,,,,,,,,1462.0,,595.0,,,,,,66.0,146.0,90.0,111.0,8.0,,206.0,,124.0,44.0,5.0
127778,,,,,,,,279.0,,50.0,,,,,,10.0,7.0,6.0,22.0,,,35.0,,10.0,4.0,5.0
127820,,,,,,,,760.0,,367.0,,,,,,58.0,29.0,19.0,6.0,,,55.0,7.0,133.0,22.0,5.0
127884,,,,,,,,406.0,,182.0,,,,,,30.0,29.0,14.0,18.0,1.0,,21.0,1.0,30.0,9.0,1.0
127909,,,,,,,,470.0,,195.0,,,,,,39.0,34.0,10.0,26.0,1.0,,39.0,,52.0,8.0,2.0
127918,,,,,,,,949.0,,468.0,,,,,,90.0,9.0,33.0,28.0,1.0,,13.0,37.0,240.0,22.0,
127945,,,,,,,,230.0,,109.0,,,,,,15.0,9.0,3.0,6.0,,,11.0,6.0,4.0,1.0,2.0
127954,,,,,,,,2.0,,,,,,,,1.0,1.0,,,,,,,,,
128106,,,,,,,,581.0,,209.0,,,,,,46.0,47.0,37.0,82.0,5.0,,48.0,0.0,51.0,18.0,2.0
128151,,,,,,,,62.0,,33.0,,,,,,5.0,4.0,1.0,1.0,1.0,,5.0,,7.0,,
128179,,,,,,,,64.0,,23.0,,,,,,12.0,13.0,2.0,,,,,6.0,3.0,1.0,
128188,,,,,,,,80.0,,44.0,,,,,,12.0,10.0,1.0,,,,,8.0,5.0,,
128258,,,,,,,,167.0,,82.0,,,,,,8.0,7.0,3.0,12.0,,,12.0,,6.0,5.0,0.0
128300,,,,,,,,474.0,,,,,,,,98.0,174.0,135.0,34.0,,,,,32.0,,
128328,,,,,,,,326.0,,208.0,6.0,,,,,6.0,7.0,11.0,1.0,30.0,,7.0,,15.0,,
128337,,,,,,,,8.0,,4.0,,,,,,1.0,,,,,,,,1.0,,
128391,,,,,,,,352.0,,146.0,,,,,,29.0,21.0,14.0,52.0,2.0,,35.0,1.0,16.0,10.0,
128498,,,,,,,,309.0,,98.0,,,,,,27.0,18.0,16.0,27.0,8.0,,15.0,7.0,32.0,9.0,
128577,,,,,,,,154.0,,75.0,,,,,,12.0,5.0,2.0,2.0,,,6.0,,10.0,1.0,
128586,,,,,,,,10.0,,6.0,,,,,,1.0,1.0,,,,,1.0,,1.0,,
128674,,,,,,,,3.0,,2.0,,,,,,1.0,,,,,,,,,,
128744,,,,,,,,571.0,,265.0,,,,,,127.0,45.0,18.0,45.0,14.0,,7.0,,40.0,,
128771,,,,,,,,1182.0,,620.0,,,,,,48.0,50.0,38.0,50.0,8.0,,75.0,,139.0,26.0,10.0
128780,,,,,,,,148.0,,71.0,,,,,,17.0,9.0,9.0,25.0,,,,,2.0,,
128896,,,,,,,,18.0,,11.0,,,,,,1.0,1.0,,,,,5.0,,,,
128902,,,,,,,,715.0,,234.0,,,,,,83.0,29.0,28.0,57.0,5.0,,142.0,,76.0,23.0,4.0
129002,,,,,,,,37.0,,26.0,,,,,,1.0,,,,,,,,3.0,,
129020,,,,,,,,8758.0,,2248.0,369.0,59.0,,,,319.0,392.0,742.0,198.0,921.0,,668.0,9.0,2195.0,530.0,7.0
129154,,,,,,,,408.0,,154.0,,,,,,17.0,48.0,16.0,15.0,,,41.0,,42.0,,4.0
129181,,,,,,,,102.0,,45.0,,,,,,32.0,,,,,,7.0,,11.0,,2.0
129215,,,,,,,,721.0,,299.0,,,,,,34.0,27.0,32.0,51.0,5.0,,99.0,,49.0,35.0,4.0
129242,,,,,,,,958.0,,411.0,,,,,,78.0,28.0,52.0,85.0,14.0,,37.0,,115.0,21.0,
129349,,,,,,,,23.0,,15.0,,,,,,2.0,,,,,,,4.0,2.0,,
129367,,,,,,,,207.0,,113.0,,,,,,12.0,28.0,7.0,3.0,,,12.0,,9.0,,
129428,,,,,,,,19.0,,6.0,,,,,,6.0,,1.0,,,,,,1.0,0.0,
129482,,,,,,,,29.0,,14.0,,,,,,3.0,,,,,,2.0,4.0,6.0,,
129491,,,,,,,,28.0,,10.0,,,,,,5.0,1.0,,,,,1.0,,7.0,,
129525,,,,,,,,1174.0,,517.0,,,,,,17.0,213.0,1.0,71.0,4.0,,122.0,3.0,152.0,25.0,2.0
129534,,,,,,,,47.0,,18.0,,,,,,2.0,4.0,,,,,3.0,,14.0,2.0,
129543,,,,,,,,292.0,,160.0,,,,,,12.0,11.0,7.0,14.0,,,15.0,,20.0,1.0,1.0
129695,,,,,,,,362.0,,207.0,,,,,,17.0,11.0,14.0,5.0,,,32.0,,24.0,3.0,
129729,,,,,,,,418.0,,232.0,,,,,,12.0,7.0,6.0,18.0,,,38.0,,45.0,5.0,2.0
129756,,,,,,,,153.0,,90.0,,,,,,8.0,7.0,4.0,4.0,,,2.0,,9.0,1.0,
129774,,,,,,,,149.0,,16.0,,,,,,25.0,2.0,1.0,25.0,,,36.0,,8.0,9.0,
129808,,,,,,,,233.0,,148.0,,,,,,6.0,10.0,6.0,8.0,,,9.0,,15.0,3.0,
129923,,,,,,,,121.0,,72.0,,,,,,27.0,,2.0,,,,1.0,,15.0,,
129932,,,,,,,,52.0,,31.0,,,,,,6.0,,,,,,,9.0,,,
129941,,,,,,,,918.0,,401.0,,,,,,65.0,88.0,55.0,69.0,7.0,,71.0,,86.0,25.0,0.0
130004,,,,,,,,293.0,,182.0,,,,,,6.0,8.0,8.0,9.0,,,4.0,,26.0,2.0,1.0
130040,,,,,,,,108.0,,52.0,,,,,,9.0,3.0,3.0,3.0,,,7.0,,10.0,,
130110,,,,,,,,21.0,,15.0,,,,,,,1.0,,,,,1.0,1.0,1.0,,
130174,,,,,,,,247.0,,156.0,,,,,,17.0,10.0,1.0,,,,,,15.0,1.0,
130183,,,,,,,,845.0,,265.0,,,,,,93.0,24.0,15.0,37.0,1.0,,,,9.0,9.0,5.0
130217,,,,,,,,115.0,,56.0,,,,,,8.0,7.0,4.0,3.0,,,7.0,,2.0,4.0,
130226,,,,,,,,1564.0,,684.0,,,,,,345.0,22.0,29.0,72.0,19.0,,123.0,3.0,129.0,110.0,2.0
130253,,,,,,,,1201.0,,543.0,,,,,,143.0,67.0,56.0,142.0,23.0,,76.0,4.0,93.0,,
130314,,,,,,,,599.0,,217.0,1.0,,,,,40.0,26.0,11.0,32.0,24.0,,40.0,,31.0,4.0,
130396,,,,,,,,391.0,,247.0,,,,,,10.0,10.0,9.0,22.0,,,31.0,,27.0,1.0,1.0
130493,,,,,,,,1220.0,,632.0,,,,,,68.0,43.0,26.0,64.0,7.0,,126.0,,97.0,38.0,8.0
130509,,,,,,,,40.0,,28.0,,,,,,1.0,,,,,,1.0,4.0,7.0,,
130590,,,,,,,,678.0,,251.0,2.0,,,,,71.0,42.0,42.0,86.0,4.0,,33.0,,60.0,2.0,1.0
130606,,,,,,,,243.0,,150.0,,,,,,8.0,6.0,9.0,11.0,2.0,,9.0,1.0,15.0,1.0,
130624,,,,,,,,489.0,,151.0,,,,,,15.0,36.0,32.0,8.0,44.0,,25.0,1.0,63.0,52.0,13.0
130697,,,,,,,,981.0,,396.0,,,,,,57.0,86.0,75.0,58.0,16.0,,42.0,2.0,117.0,46.0,11.0
130776,,,,,,,,752.0,,368.0,,,,,,40.0,30.0,30.0,39.0,6.0,,96.0,,61.0,30.0,
130794,,,,,,,,15412.0,,2970.0,2291.0,361.0,,,,1832.0,658.0,1596.0,363.0,357.0,,1508.0,,2492.0,261.0,61.0
130837,,,,,,,,15.0,,11.0,,,,,,2.0,,,,,,,,1.0,,
130873,,,,,,,,37.0,,15.0,,,,,,5.0,4.0,1.0,,,,,,3.0,,
130882,,,,,,,,82.0,,,,,,,,24.0,18.0,15.0,2.0,,,,,11.0,,
130907,,,,,,,,1163.0,,634.0,,,,,,64.0,47.0,38.0,52.0,,,89.0,,129.0,22.0,
130934,,,,,,,,818.0,,263.0,19.0,16.0,,,,32.0,65.0,14.0,99.0,6.0,,106.0,,111.0,23.0,11.0
130943,,,,,,,,4884.0,,1273.0,,,,,,580.0,510.0,716.0,440.0,101.0,,339.0,,507.0,180.0,93.0
130989,,,,,,,,115.0,,42.0,,,,,,18.0,6.0,5.0,25.0,,,11.0,0.0,5.0,,
131061,,,,,,,,15.0,,7.0,,,,,,2.0,1.0,,,,,0.0,,2.0,,
131098,,,,,,,,245.0,,121.0,,12.0,,,,12.0,14.0,,18.0,6.0,,15.0,14.0,21.0,,
131113,,,,,,,,1062.0,,610.0,,,,,,121.0,35.0,47.0,19.0,7.0,,44.0,,101.0,,
131159,,,,,,,,3033.0,,1084.0,44.0,,,,,453.0,275.0,198.0,332.0,15.0,,101.0,,309.0,64.0,45.0
131283,,,,,,,,1518.0,,488.0,95.0,,,,,119.0,71.0,90.0,112.0,5.0,,167.0,,188.0,35.0,3.0
131399,,,,,,,,831.0,,346.0,8.0,7.0,,,,93.0,86.0,27.0,26.0,1.0,,22.0,,109.0,16.0,7.0
131405,,,,,,,,33.0,,18.0,,6.0,,,,1.0,1.0,0.0,,,,1.0,,3.0,,
131450,,,,,,,,722.0,,189.0,8.0,,,,,83.0,44.0,43.0,121.0,14.0,,95.0,1.0,58.0,27.0,16.0
131469,,,,,,,,5738.0,,1776.0,112.0,,,,,239.0,276.0,912.0,352.0,537.0,,210.0,,480.0,105.0,33.0
131496,,,,,,,,5630.0,,1639.0,370.0,,,,,1075.0,490.0,335.0,319.0,313.0,,234.0,,577.0,107.0,66.0
131520,,,,,,,,2501.0,,1023.0,87.0,98.0,,,,180.0,58.0,95.0,136.0,104.0,,113.0,,467.0,4.0,7.0
131803,,,,,,,,21.0,,5.0,,,,,,4.0,,,,,,,4.0,,,
131830,,,,,,,,8.0,,6.0,,,,,,1.0,1.0,,,,,,,0.0,,
131876,,,,,,,,235.0,,109.0,,,,,,16.0,13.0,4.0,21.0,2.0,,5.0,9.0,14.0,,
131973,,,,,,,,76.0,,23.0,3.0,,,,,18.0,5.0,2.0,3.0,,,1.0,,14.0,3.0,
132374,,,,,,,,383.0,,223.0,,,,,,8.0,3.0,4.0,13.0,,,20.0,5.0,43.0,30.0,
132408,,,,,,,,94.0,,35.0,,,,,,9.0,,1.0,,,,8.0,1.0,28.0,5.0,
132471,,,,,,,,1141.0,,563.0,,,,,,171.0,41.0,35.0,92.0,16.0,,10.0,2.0,172.0,10.0,
132602,,,,,,,,453.0,,197.0,,,,,,34.0,34.0,13.0,58.0,1.0,,28.0,,65.0,,3.0
132657,,,,,,,,652.0,,159.0,,,,,,63.0,27.0,31.0,82.0,7.0,,86.0,3.0,89.0,11.0,5.0
132675,,,,,,,,20.0,,13.0,,,,,,,,,,,,,,,,
132693,,,,,,,,1043.0,,467.0,,,,,,16.0,37.0,42.0,109.0,9.0,,54.0,8.0,124.0,35.0,8.0
132709,,,,,,,,1894.0,,740.0,,,,,,161.0,61.0,121.0,70.0,,,90.0,4.0,263.0,57.0,
132842,,,,,,,,107.0,,48.0,,,,,,16.0,3.0,7.0,,,,8.0,,17.0,4.0,
132851,,,,,,,,539.0,,193.0,,,,,,32.0,31.0,22.0,64.0,,,38.0,3.0,95.0,23.0,1.0
132879,,,,,,,,54.0,,17.0,,,,,,3.0,3.0,1.0,9.0,,,6.0,,5.0,1.0,
132903,,,,,,,,5885.0,,1847.0,299.0,,,,,563.0,578.0,456.0,502.0,76.0,,415.0,7.0,728.0,172.0,17.0
132976,,,,,,,,55.0,,30.0,,,,,,4.0,,,,,,1.0,,9.0,8.0,
133021,,,,,,,,188.0,,61.0,,,,,,26.0,1.0,4.0,13.0,2.0,,24.0,,43.0,,
133155,,,,,,,,70.0,,37.0,,,,,,4.0,2.0,1.0,,,,3.0,1.0,14.0,0.0,
133386,,,,,,,,1050.0,,417.0,,,,,,58.0,41.0,52.0,41.0,,,224.0,,69.0,94.0,9.0
133465,,,,,,,,65.0,,31.0,,,,,,11.0,1.0,1.0,,,,,,3.0,,
133492,,,,,,,,409.0,,170.0,,,,,,52.0,21.0,19.0,38.0,4.0,,19.0,,65.0,8.0,1.0
133508,,,,,,,,825.0,,327.0,,,,,,40.0,63.0,37.0,60.0,24.0,,39.0,,87.0,1.0,
133526,,,,,,,,206.0,,77.0,,6.0,,,,24.0,7.0,3.0,28.0,1.0,,,,15.0,,
133553,,,,,,,,1403.0,,351.0,9.0,,,,,136.0,129.0,152.0,41.0,11.0,,62.0,,142.0,66.0,
133650,,,,,,,,1783.0,,633.0,33.0,23.0,,,,225.0,156.0,80.0,96.0,3.0,,183.0,1.0,211.0,8.0,4.0
133669,,,,,,,,3281.0,,1038.0,101.0,36.0,,,,602.0,480.0,151.0,109.0,18.0,,157.0,,291.0,16.0,1.0
133702,,,,,,,,1603.0,,571.0,,,,,,123.0,76.0,61.0,49.0,,,85.0,,380.0,119.0,2.0
133711,,,,,,,,425.0,,177.0,,,,,,44.0,33.0,12.0,44.0,6.0,,43.0,4.0,26.0,3.0,4.0
133809,,,,,,,,122.0,,41.0,,,,,,8.0,6.0,5.0,13.0,,,,10.0,13.0,,
133845,,,,,,,,57.0,,23.0,,,,,,14.0,1.0,,,,,,6.0,10.0,,
133854,,,,,,,,47.0,,18.0,,,,,,14.0,1.0,,,,,,5.0,7.0,,
133863,,,,,,,,38.0,,12.0,,,,,,13.0,1.0,,,,,,5.0,6.0,,
133872,,,,,,,,305.0,,143.0,1.0,,,,,29.0,22.0,18.0,17.0,1.0,,18.0,2.0,34.0,,
133881,,,,,,,,1154.0,,345.0,10.0,,,,,57.0,88.0,105.0,86.0,6.0,,131.0,30.0,167.0,47.0,15.0
133942,,,,,,,,6.0,,3.0,,,,,,1.0,1.0,,,,,,,1.0,,
133951,,,,,,,,5785.0,,1659.0,301.0,53.0,,,,972.0,237.0,532.0,253.0,49.0,,301.0,,892.0,183.0,
133960,,,,,,,,123.0,,47.0,,,,,,12.0,7.0,4.0,4.0,,,,,42.0,4.0,
133979,,,,,,,,230.0,,77.0,,,,,,26.0,6.0,6.0,12.0,2.0,,38.0,,44.0,,3.0
133997,,,,,,,,29.0,,8.0,,,,,,4.0,1.0,,,,,,,16.0,,
134024,,,,,,,,19.0,,8.0,,,,,,1.0,1.0,,1.0,,,1.0,,4.0,0.0,
134079,,,,,,,,641.0,,217.0,,16.0,,,,40.0,19.0,16.0,83.0,6.0,,85.0,5.0,71.0,20.0,5.0
134097,,,,,,,,7036.0,,1786.0,450.0,,,,,319.0,1000.0,682.0,476.0,134.0,,611.0,,594.0,229.0,6.0
134112,,,,,,,,254.0,,71.0,,,,,,77.0,20.0,9.0,3.0,,,14.0,46.0,11.0,,
134130,,,,,,,,15314.0,,3066.0,617.0,1771.0,,,,1071.0,797.0,2308.0,442.0,607.0,,1118.0,8.0,1860.0,682.0,51.0
134228,,,,,,,,9.0,,5.0,,,,,,1.0,,,,,,,2.0,1.0,,
134237,,,,,,,,2136.0,,747.0,,,,,,264.0,60.0,86.0,57.0,,,85.0,23.0,779.0,14.0,14.0
134291,,,,,,,,63.0,,26.0,,,,,,4.0,3.0,1.0,,,,7.0,,9.0,,
134307,,,,,,,,61.0,,34.0,,,,,,3.0,1.0,0.0,,,,6.0,,9.0,,
134343,,,,,,,,428.0,,182.0,,,,,,28.0,28.0,27.0,25.0,,,43.0,5.0,77.0,,
134495,,,,,,,,1404.0,,570.0,,,,,,61.0,79.0,42.0,107.0,7.0,,62.0,17.0,283.0,38.0,
134510,,,,,,,,33.0,,8.0,,,,,,7.0,2.0,0.0,,,,3.0,,8.0,1.0,
134529,,,,,,,,24.0,,13.0,,,,,,1.0,2.0,,,,,1.0,,7.0,,
134574,,,,,,,,18.0,,7.0,,,,,,1.0,2.0,,,,,,,8.0,,
134608,,,,,,,,1100.0,,427.0,,3.0,,,,33.0,25.0,49.0,92.0,1.0,,82.0,3.0,253.0,48.0,9.0
134714,,,,,,,,16.0,,9.0,,,,,,3.0,1.0,,,,,,1.0,2.0,,
134811,,,,,,,,120.0,,62.0,,,,,,10.0,12.0,,,,,,34.0,,,
134945,,,,,,,,667.0,,300.0,,,,,,96.0,36.0,30.0,67.0,8.0,,29.0,,65.0,1.0,1.0
135081,,,,,,,,3043.0,,1446.0,,,,,,215.0,325.0,26.0,67.0,,,15.0,,913.0,,
135142,,,,,,,,18.0,,8.0,,,,,,2.0,1.0,,,,,,1.0,4.0,2.0,
135160,,,,,,,,248.0,,105.0,,,,,,13.0,24.0,4.0,13.0,,,1.0,,79.0,6.0,
135179,,,,,,,,93.0,,38.0,,,,,,4.0,4.0,2.0,,,,8.0,,21.0,,
135188,,,,,,,,286.0,,107.0,,,,,,29.0,44.0,22.0,15.0,,,4.0,,39.0,2.0,2.0
135267,,,,,,,,79.0,,34.0,,,,,,5.0,,3.0,,,,9.0,,23.0,2.0,
135276,,,,,,,,101.0,,51.0,,,,,,2.0,1.0,,2.0,15.0,,4.0,,1.0,3.0,23.0
135294,,,,,,,,147.0,,47.0,,,,,,8.0,8.0,1.0,,,,28.0,,16.0,35.0,
135337,,,,,,,,9.0,,5.0,,,,,,1.0,,,,,,,,3.0,,
135364,,,,,,,,43.0,,21.0,,,,,,2.0,4.0,2.0,,,,,,4.0,0.0,
135391,,,,,,,,559.0,,227.0,,,,,,31.0,67.0,12.0,6.0,,,10.0,,147.0,11.0,
135407,,,,,,,,172.0,,77.0,,,,,,11.0,2.0,1.0,3.0,,,,,41.0,12.0,1.0
135522,,,,,,,,104.0,,48.0,,,,,,4.0,17.0,4.0,6.0,17.0,,3.0,,,,
135559,,,,,,,,9.0,,4.0,,,,,,2.0,1.0,,,,,,,,,
135610,,,,,,,,26.0,,13.0,,,,,,2.0,2.0,,1.0,,,,,,,
135647,,,,,,,,89.0,,31.0,,,,,,5.0,6.0,1.0,,,,24.0,,14.0,,2.0
135717,,,,,,,,4430.0,,1385.0,,,,,,117.0,100.0,158.0,191.0,3.0,,505.0,,1468.0,29.0,2.0
135726,,,,,,,,12139.0,,1573.0,185.0,985.0,,,,1127.0,950.0,1921.0,390.0,1493.0,,1200.0,12.0,1789.0,201.0,42.0
135735,,,,,,,,187.0,,101.0,,,,,,6.0,,3.0,,,,9.0,,43.0,,
136109,,,,,,,,20.0,,12.0,,,,,,1.0,,,,,,,3.0,4.0,,
136145,,,,,,,,124.0,,37.0,,0.0,,,,8.0,,6.0,9.0,,,2.0,,45.0,7.0,
136172,,,,,,,,1906.0,,635.0,2.0,,,,,331.0,125.0,94.0,128.0,10.0,,180.0,1.0,271.0,69.0,2.0
136215,,,,,,,,3973.0,,1080.0,90.0,,,,,416.0,518.0,325.0,134.0,75.0,,238.0,4.0,630.0,61.0,
136233,,,,,,,,434.0,,144.0,,,,,,17.0,9.0,21.0,57.0,,,17.0,,112.0,19.0,1.0
136303,,,,,,,,115.0,,65.0,,,,,,4.0,8.0,2.0,,,,6.0,,16.0,,
136330,,,,,,,,533.0,,242.0,,,,,,51.0,13.0,15.0,73.0,,,33.0,,72.0,,
136358,,,,,,,,1644.0,,655.0,,,,,,50.0,43.0,78.0,182.0,5.0,,42.0,,247.0,76.0,8.0
136400,,,,,,,,610.0,,259.0,,1.0,,,,24.0,20.0,46.0,74.0,,,3.0,16.0,110.0,27.0,
136473,,,,,,,,687.0,,270.0,,,,,,30.0,37.0,47.0,51.0,,,14.0,,79.0,23.0,2.0
136491,,,,,,,,93.0,,59.0,,,,,,3.0,1.0,3.0,2.0,,,10.0,,15.0,,
136516,,,,,,,,655.0,,229.0,,,,,,32.0,28.0,29.0,32.0,,,3.0,,121.0,17.0,1.0
136659,,,,,,,,42.0,,16.0,,,,,,2.0,,1.0,7.0,,,,,5.0,,
136701,,,,,,,,53.0,,16.0,1.0,1.0,,,,11.0,2.0,1.0,,,,12.0,,3.0,5.0,
136765,,,,,,,,61.0,,39.0,,,,,,4.0,1.0,1.0,1.0,1.0,,,,9.0,,
136774,,,,,,,,396.0,,137.0,,,,,,66.0,22.0,20.0,29.0,,,31.0,1.0,50.0,9.0,
136826,,,,,,,,98.0,,37.0,,,,,,4.0,5.0,1.0,,,,,,15.0,29.0,
136950,,,,,,,,723.0,,225.0,,,,,,80.0,52.0,32.0,95.0,8.0,,72.0,1.0,84.0,28.0,3.0
137023,,,,,,,,105.0,,47.0,,,,,,4.0,2.0,,7.0,,,12.0,,18.0,2.0,
137032,,,,,,,,1206.0,,416.0,,,,,,259.0,50.0,34.0,55.0,,,90.0,59.0,129.0,14.0,3.0
137078,,,,,,,,1795.0,,715.0,,,,,,108.0,43.0,109.0,78.0,4.0,,132.0,7.0,385.0,59.0,18.0
137087,,,,,,,,136.0,,94.0,,,,,,4.0,4.0,,,2.0,,,,17.0,12.0,
137096,,,,,,,,887.0,,398.0,,,,,,69.0,44.0,41.0,39.0,3.0,,66.0,,186.0,14.0,
137120,,,,,,,,279.0,,167.0,,,,,,12.0,4.0,2.0,6.0,1.0,,21.0,,30.0,2.0,1.0
137209,,,,,,,,1012.0,,393.0,,,,,,30.0,75.0,56.0,60.0,1.0,,82.0,,120.0,9.0,3.0
137245,,,,,,,,284.0,,125.0,,,,,,7.0,2.0,3.0,7.0,,,31.0,5.0,11.0,30.0,4.0
137272,,,,,,,,34.0,,11.0,1.0,,,,,1.0,1.0,1.0,1.0,,,8.0,,1.0,3.0,
137281,,,,,,,,477.0,,227.0,,,,,,29.0,10.0,20.0,22.0,2.0,,31.0,,107.0,3.0,0.0
137315,,,,,,,,316.0,,91.0,,,,,,18.0,16.0,10.0,25.0,,,34.0,,62.0,11.0,
137351,,,,,,,,7940.0,,2084.0,359.0,,,,,407.0,896.0,692.0,599.0,935.0,,331.0,6.0,816.0,204.0,76.0
137476,,,,,,,,479.0,,266.0,,,,,,29.0,24.0,5.0,26.0,4.0,,51.0,,33.0,,
137546,,,,,,,,918.0,,317.0,,,,,,75.0,67.0,40.0,104.0,12.0,,114.0,5.0,94.0,22.0,4.0
137564,,,,,,,,681.0,,243.0,,,,,,101.0,14.0,10.0,102.0,5.0,,69.0,,103.0,11.0,
137591,,,,,,,,46.0,,24.0,,,,,,7.0,2.0,3.0,,,,1.0,,9.0,,
137713,,,,,,,,46.0,,25.0,,,,,,1.0,1.0,,,,,2.0,5.0,1.0,,
137759,,,,,,,,996.0,,355.0,,,,,,31.0,69.0,64.0,72.0,1.0,,78.0,4.0,201.0,26.0,
137777,,,,,,,,45.0,,9.0,2.0,2.0,,,,6.0,3.0,,,,,12.0,,5.0,3.0,
137801,,,,,,,,50.0,,20.0,,,,,,10.0,,,,,,,,16.0,,
137847,,,,,,,,999.0,,583.0,,,,,,67.0,42.0,26.0,114.0,5.0,,44.0,,65.0,2.0,
137856,,,,,,,,20.0,,10.0,,,,,,1.0,2.0,,,,,1.0,,4.0,,
137865,,,,,,,,41.0,,24.0,,,,,,2.0,2.0,,1.0,,,0.0,,2.0,1.0,
137953,,,,,,,,58.0,,24.0,,,,,,9.0,1.0,,8.0,,,,2.0,7.0,,
137962,,,,,,,,36.0,,13.0,,1.0,,,,7.0,1.0,1.0,1.0,,,,,4.0,3.0,
138187,,,,,,,,2732.0,,1123.0,,,,,,69.0,456.0,95.0,124.0,,,193.0,35.0,310.0,38.0,3.0
138275,,,,,,,,179.0,,62.0,,,,,,15.0,3.0,2.0,39.0,5.0,,23.0,1.0,17.0,5.0,
138284,,,,,,,,62.0,,39.0,,,,,,,11.0,,,,,,,12.0,,
138293,,,,,,,,142.0,,30.0,,,,,,14.0,5.0,,35.0,6.0,,24.0,9.0,17.0,,
138309,,,,,,,,677.0,,475.0,,,,,,47.0,5.0,,,,,,,10.0,,
138354,,,,,,,,1523.0,,441.0,18.0,,,,,283.0,232.0,119.0,41.0,12.0,,79.0,,181.0,47.0,7.0
138372,,,,,,,,109.0,,63.0,,,,,,5.0,3.0,2.0,,,,6.0,,7.0,,
138479,,,,,,,,174.0,,85.0,,,,,,6.0,3.0,3.0,5.0,,,11.0,5.0,17.0,12.0,
138488,,,,,,,,99.0,,20.0,,,,,,5.0,1.0,,4.0,,,7.0,,19.0,,
138497,,,,,,,,70.0,,36.0,,,,,,3.0,5.0,1.0,1.0,,,,2.0,15.0,6.0,
138558,,,,,,,,428.0,,166.0,,1.0,,,,61.0,16.0,10.0,7.0,4.0,,48.0,,54.0,1.0,
138600,,,,,,,,363.0,,109.0,,,,,,33.0,30.0,22.0,43.0,2.0,,49.0,,28.0,9.0,1.0
138655,,,,,,,,52.0,,10.0,,,,,,7.0,6.0,,,,,0.0,8.0,9.0,8.0,1.0
138664,,,,,,,,12.0,,2.0,,,,,,1.0,,,,,,,4.0,5.0,,
138682,,,,,,,,274.0,,150.0,,,,,,23.0,14.0,8.0,5.0,,,22.0,,19.0,,
138716,,,,,,,,683.0,,233.0,,,,,,91.0,18.0,35.0,54.0,4.0,,65.0,,104.0,12.0,
138761,,,,,,,,76.0,,29.0,,,,,,6.0,4.0,1.0,15.0,1.0,,2.0,,11.0,,0.0
138813,,,,,,,,83.0,,39.0,,,,,,4.0,9.0,,4.0,,,,25.0,,,
138822,,,,,,,,60.0,,30.0,,,,,,5.0,2.0,1.0,,,,1.0,5.0,10.0,2.0,1.0
138840,,,,,,,,323.0,,169.0,,,,,,30.0,18.0,3.0,1.0,,,29.0,1.0,30.0,,
138868,,,,,,,,236.0,,130.0,,,,,,34.0,7.0,5.0,35.0,,,0.0,,4.0,,
138901,,,,,,,,171.0,,64.0,,,,,,25.0,3.0,9.0,3.0,,,19.0,,22.0,2.0,
138929,,,,,,,,60.0,,22.0,,,,,,10.0,2.0,2.0,,,,,,8.0,2.0,
138938,,,,,,,,35.0,,19.0,,,,,,4.0,2.0,,,,,0.0,4.0,6.0,,
138947,,,,,,,,613.0,,222.0,16.0,,,,,37.0,39.0,33.0,38.0,2.0,,50.0,,163.0,,
138956,,,,,,,,308.0,,166.0,,,,,,34.0,11.0,7.0,,,,23.0,,49.0,4.0,
139144,,,,,,,,538.0,,178.0,,,,,,66.0,13.0,19.0,71.0,,,85.0,,69.0,21.0,10.0
139153,,,,,,,,63.0,,29.0,,,,,,15.0,3.0,,,,,3.0,,10.0,,
139199,,,,,,,,392.0,,190.0,,,,,,45.0,3.0,6.0,22.0,1.0,,24.0,13.0,55.0,,1.0
139205,,,,,,,,98.0,,33.0,,,,,,15.0,5.0,2.0,24.0,,,5.0,,4.0,4.0,
139214,,,,,,,,19.0,,8.0,,,,,,5.0,,1.0,,,,,,1.0,,
139250,,,,,,,,315.0,,130.0,,,,,,34.0,7.0,14.0,14.0,,,34.0,,43.0,5.0,
139278,,,,,,,,482.0,,234.0,,2.0,,,,26.0,27.0,10.0,18.0,,,37.0,,92.0,,
139311,,,,,,,,707.0,,253.0,,3.0,,,,113.0,15.0,37.0,32.0,7.0,,66.0,2.0,87.0,13.0,
139348,,,,,,,,78.0,,23.0,,1.0,,,,11.0,4.0,5.0,3.0,,,1.0,3.0,9.0,,
139357,,,,,,,,270.0,,128.0,,,,,,14.0,30.0,10.0,10.0,,,23.0,,35.0,,
139366,,,,,,,,955.0,,396.0,,,,,,120.0,18.0,27.0,52.0,2.0,,90.0,0.0,119.0,39.0,
139384,,,,,,,,401.0,,187.0,,,,,,37.0,14.0,12.0,2.0,,,39.0,,101.0,,
139393,,,,,,,,220.0,,75.0,,,,,,23.0,10.0,4.0,35.0,1.0,,26.0,2.0,17.0,12.0,
139463,,,,,,,,361.0,,198.0,,,,,,45.0,5.0,12.0,10.0,2.0,,14.0,1.0,41.0,6.0,
139506,,,,,,,,15.0,,7.0,,,,,,4.0,1.0,,,,,,1.0,2.0,,
139579,,,,,,,,115.0,,51.0,,,,,,22.0,2.0,2.0,,,,,,6.0,,
139621,,,,,,,,227.0,,93.0,,,,,,41.0,9.0,3.0,9.0,,,21.0,,32.0,6.0,
139630,,,,,,,,166.0,,58.0,,,,,,6.0,12.0,2.0,43.0,5.0,,8.0,,27.0,3.0,
139658,,,,,,,,11842.0,,2366.0,898.0,909.0,,,,862.0,747.0,2118.0,557.0,492.0,,640.0,4.0,827.0,174.0,32.0
139700,,,,,,,,404.0,,195.0,,1.0,,,,51.0,13.0,21.0,16.0,1.0,,12.0,,51.0,2.0,
139719,,,,,,,,608.0,,116.0,4.0,,,,,89.0,19.0,38.0,19.0,2.0,,96.0,,68.0,17.0,
139746,,,,,,,,13.0,,8.0,,,,,,1.0,1.0,,,,,,,2.0,,
139755,,,,,,,,7795.0,,1109.0,176.0,2.0,,,,961.0,463.0,2746.0,247.0,29.0,,625.0,,659.0,302.0,
139764,,,,,,,,327.0,,132.0,,,,,,46.0,9.0,12.0,15.0,2.0,,15.0,1.0,43.0,16.0,
139861,,,,,,,,995.0,,359.0,,,,,,165.0,30.0,29.0,27.0,4.0,,92.0,2.0,141.0,55.0,
139931,,,,,,,,3151.0,,1136.0,13.0,3.0,,,,370.0,96.0,111.0,117.0,22.0,,453.0,1.0,465.0,116.0,
139940,,,,,,,,5267.0,,1447.0,75.0,46.0,,,,599.0,228.0,345.0,113.0,23.0,,651.0,6.0,846.0,254.0,
139959,,,,,,,,11271.0,,2217.0,189.0,567.0,,,,876.0,592.0,1531.0,719.0,142.0,,1648.0,18.0,1523.0,532.0,
139968,,,,,,,,300.0,,136.0,,,,,,29.0,4.0,4.0,7.0,2.0,,40.0,,44.0,12.0,
139986,,,,,,,,339.0,,142.0,,4.0,,,,36.0,47.0,8.0,8.0,,,35.0,,22.0,,
139995,,,,,,,,9.0,,3.0,,,,,,2.0,,,,,,,,4.0,,
140003,,,,,,,,24.0,,13.0,,,,,,2.0,1.0,,,,,,2.0,4.0,,
140012,,,,,,,,621.0,,242.0,1.0,17.0,,,,55.0,23.0,16.0,30.0,,,36.0,,131.0,6.0,
140146,,,,,,,,59.0,,18.0,,,,,,11.0,2.0,1.0,,,,10.0,,10.0,4.0,1.0
140234,,,,,,,,200.0,,84.0,,,,,,18.0,12.0,5.0,33.0,5.0,,,,26.0,,
140243,,,,,,,,353.0,,180.0,,3.0,,,,18.0,21.0,9.0,1.0,,,27.0,,53.0,,
140252,,,,,,,,475.0,,150.0,0.0,,,,,73.0,23.0,12.0,28.0,4.0,,,6.0,86.0,15.0,3.0
140331,,,,,,,,602.0,,271.0,,,,,,28.0,27.0,25.0,43.0,,,51.0,,62.0,,
140340,,,,,,,,47.0,,28.0,,,,,,2.0,,1.0,,,,,,4.0,,
140447,,,,,,,,1685.0,,550.0,27.0,36.0,,,,161.0,55.0,247.0,164.0,35.0,,70.0,,227.0,,
140553,,,,,,,,409.0,,151.0,3.0,16.0,,,,87.0,16.0,14.0,28.0,5.0,,28.0,,51.0,,3.0
140562,,,,,,,,1016.0,,277.0,4.0,4.0,,,,135.0,69.0,74.0,16.0,23.0,,58.0,,188.0,,0.0
140678,,,,,,,,274.0,,114.0,,2.0,,,,11.0,29.0,6.0,5.0,,,26.0,3.0,37.0,10.0,
140696,,,,,,,,200.0,,90.0,,,,,,21.0,18.0,7.0,41.0,2.0,,5.0,,11.0,,
140720,,,,,,,,135.0,,38.0,1.0,,,,,14.0,5.0,1.0,5.0,,,23.0,,20.0,,
140818,,,,,,,,417.0,,221.0,,,,,,29.0,5.0,11.0,40.0,7.0,,24.0,10.0,42.0,13.0,2.0
140827,,,,,,,,13.0,,6.0,,,,,,1.0,,,,,,0.0,1.0,3.0,,
140872,,,,,,,,242.0,,111.0,,,,,,17.0,10.0,1.0,50.0,9.0,,4.0,,22.0,,
140942,,,,,,,,318.0,,155.0,,35.0,,,,11.0,7.0,10.0,5.0,,,18.0,5.0,25.0,5.0,
140951,,,,,,,,1725.0,,660.0,,,,,,187.0,67.0,69.0,354.0,1.0,,122.0,5.0,142.0,12.0,44.0
140960,,,,,,,,532.0,,186.0,1.0,,,,,59.0,11.0,17.0,21.0,3.0,,74.0,,65.0,27.0,
140988,,,,,,,,237.0,,92.0,,,,,,22.0,14.0,5.0,33.0,1.0,,44.0,,21.0,,
141006,,,,,,,,187.0,,87.0,,,,,,15.0,20.0,5.0,10.0,,,19.0,,28.0,,
141015,,,,,,,,54.0,,34.0,,,,,,6.0,2.0,,,,,3.0,2.0,,,
141060,,,,,,,,614.0,,212.0,,,,,,80.0,41.0,31.0,12.0,5.0,,64.0,,129.0,12.0,3.0
141167,,,,,,,,178.0,,82.0,,,,,,5.0,15.0,2.0,24.0,2.0,,5.0,,19.0,,1.0
141185,,,,,,,,176.0,,93.0,1.0,,,,,25.0,3.0,2.0,9.0,,,10.0,1.0,15.0,9.0,
141237,,,,,,,,199.0,,87.0,,,,,,13.0,1.0,4.0,13.0,,,25.0,3.0,35.0,5.0,
141255,,,,,,,,345.0,,169.0,,,,,,66.0,9.0,7.0,13.0,,,23.0,,45.0,,
141264,,,,,,,,1182.0,,477.0,,,,,,158.0,23.0,54.0,36.0,11.0,,143.0,,144.0,35.0,
141325,,,,,,,,156.0,,61.0,0.0,0.0,,,,13.0,13.0,4.0,17.0,3.0,,10.0,1.0,13.0,3.0,1.0
141334,,,,,,,,1669.0,,571.0,,,,,,206.0,56.0,60.0,85.0,6.0,,248.0,1.0,214.0,58.0,
141361,,,,,,,,193.0,,87.0,,,,,,28.0,5.0,5.0,23.0,6.0,,6.0,,10.0,,
141486,,,,,,,,317.0,,130.0,4.0,1.0,,,,40.0,8.0,15.0,24.0,2.0,,26.0,2.0,43.0,,
141565,,,,,,,,555.0,,223.0,,,,,,29.0,36.0,16.0,62.0,6.0,,68.0,2.0,50.0,13.0,
141574,,,,,,,,4103.0,,1352.0,183.0,47.0,,,,155.0,432.0,289.0,356.0,42.0,,347.0,27.0,191.0,91.0,15.0
141608,,,,,,,,8.0,,3.0,,,,,,1.0,0.0,,,,,,1.0,1.0,0.0,
141644,,,,,,,,508.0,,205.0,22.0,,,,,69.0,23.0,19.0,41.0,3.0,,21.0,,28.0,3.0,3.0
141680,,,,,,,,335.0,,124.0,,,,,,13.0,12.0,16.0,27.0,1.0,,30.0,1.0,29.0,2.0,2.0
141796,,,,,,,,443.0,,221.0,,,,,,15.0,23.0,13.0,48.0,,,33.0,,35.0,4.0,1.0
141802,,,,,,,,168.0,,66.0,,,,,,9.0,4.0,3.0,20.0,,,15.0,1.0,21.0,4.0,4.0
141811,,,,,,,,374.0,,182.0,,,,,,12.0,13.0,6.0,49.0,,,25.0,2.0,34.0,2.0,5.0
141839,,,,,,,,271.0,,109.0,,,,,,10.0,17.0,7.0,45.0,,,19.0,,20.0,2.0,5.0
141963,,,,,,,,549.0,,,,,,,,87.0,186.0,162.0,38.0,2.0,,1.0,2.0,33.0,2.0,
141981,,,,,,,,294.0,,121.0,,,,,,11.0,29.0,12.0,56.0,1.0,,16.0,,7.0,5.0,6.0
141990,,,,,,,,180.0,,77.0,,,,,,10.0,9.0,5.0,19.0,,,19.0,1.0,15.0,2.0,2.0
142054,,,,,,,,51.0,,29.0,,,,,,7.0,,,,,,,,3.0,,
142090,,,,,,,,22.0,,6.0,,,,,,4.0,1.0,,,,,1.0,2.0,3.0,,
142115,,,,,,,,2822.0,,997.0,39.0,,,,,106.0,328.0,260.0,211.0,33.0,,158.0,2.0,267.0,67.0,6.0
142179,,,,,,,,288.0,,86.0,,,,,,32.0,56.0,10.0,16.0,,,8.0,,45.0,6.0,
142276,,,,,,,,1797.0,,678.0,3.0,,,,,221.0,84.0,114.0,66.0,42.0,,157.0,,208.0,59.0,7.0
142285,,,,,,,,2510.0,,619.0,35.0,136.0,,,,187.0,188.0,379.0,268.0,9.0,,117.0,8.0,267.0,91.0,34.0
142294,,,,,,,,242.0,,92.0,,,,,,30.0,12.0,5.0,46.0,4.0,,22.0,1.0,19.0,2.0,
142328,,,,,,,,465.0,,204.0,,,,,,16.0,20.0,20.0,42.0,2.0,,32.0,,72.0,12.0,1.0
142407,,,,,,,,10.0,,5.0,,,,,,1.0,1.0,,,,,,1.0,1.0,,
142416,,,,,,,,6.0,,4.0,,,,,,2.0,,,,,,,,,,
142443,,,,,,,,690.0,,228.0,,,,,,37.0,42.0,32.0,86.0,6.0,,53.0,,63.0,17.0,1.0
142461,,,,,,,,317.0,,129.0,,,,,,27.0,18.0,14.0,45.0,2.0,,13.0,,60.0,,
142489,,,,,,,,7.0,,3.0,,,,,,2.0,1.0,,,,,,,,,
142522,,,,,,,,2100.0,,1367.0,,,,,,83.0,84.0,71.0,61.0,11.0,,99.0,4.0,172.0,53.0,13.0
142559,,,,,,,,677.0,,215.0,,,,,,77.0,37.0,19.0,79.0,4.0,,61.0,1.0,50.0,20.0,7.0
142832,,,,,,,,205.0,,68.0,,,,,,50.0,7.0,8.0,32.0,,,3.0,,12.0,1.0,
142887,,,,,,,,58.0,,20.0,,,,,,8.0,,,,,,,9.0,20.0,,
142957,,,,,,,,12.0,,4.0,,,,,,3.0,,,,,,2.0,,,,
143048,,,,,,,,788.0,,360.0,,,,,,73.0,95.0,40.0,57.0,6.0,,13.0,1.0,81.0,1.0,
143084,,,,,,,,597.0,,219.0,,,,,,91.0,3.0,15.0,69.0,4.0,,95.0,,70.0,13.0,3.0
143118,,,,,,,,577.0,,266.0,,,,,,37.0,31.0,17.0,77.0,5.0,,38.0,3.0,44.0,,
143181,,,,,,,,14.0,,8.0,,,,,,1.0,,,,,,,,3.0,,
143215,,,,,,,,586.0,,268.0,,,,,,15.0,45.0,39.0,92.0,,,67.0,,33.0,,
143233,,,,,,,,27.0,,9.0,,,,,,6.0,1.0,1.0,1.0,,,0.0,,5.0,0.0,
143279,,,,,,,,355.0,,131.0,,,,,,14.0,36.0,22.0,60.0,,,51.0,5.0,26.0,,
143288,,,,,,,,103.0,,40.0,,,,,,22.0,3.0,3.0,12.0,1.0,,1.0,5.0,8.0,5.0,1.0
143297,,,,,,,,53.0,,33.0,,,,,,4.0,,2.0,1.0,,,,,5.0,,
143303,,,,,,,,4.0,,4.0,,,,,,,,,,,,,,,,
143358,,,,,,,,1074.0,,456.0,,14.0,,,,58.0,19.0,39.0,76.0,,,107.0,,139.0,33.0,
143376,,,,,,,,25.0,,14.0,,,,,,3.0,1.0,,,,,,1.0,5.0,1.0,
143464,,,,,,,,7.0,,5.0,,,,,,2.0,0.0,,,,,,,,,
143473,,,,,,,,10.0,,3.0,,,,,,1.0,2.0,,,,,1.0,1.0,2.0,,
143482,,,,,,,,10.0,,3.0,,,,,,1.0,2.0,,,,,1.0,1.0,2.0,,
143491,,,,,,,,10.0,,3.0,,,,,,1.0,2.0,,,,,1.0,1.0,2.0,,
143543,,,,,,,,6.0,,4.0,,,,,,1.0,,,,,,,,0.0,,
143552,,,,,,,,7.0,,4.0,,,,,,1.0,1.0,,,,,,1.0,,,
143613,,,,,,,,228.0,,86.0,,,,,,23.0,13.0,10.0,28.0,2.0,,28.0,,17.0,,
143659,,,,,,,,82.0,,30.0,,,,,,15.0,3.0,3.0,10.0,,,2.0,,7.0,7.0,
143853,,,,,,,,638.0,,219.0,24.0,,,,,89.0,24.0,25.0,8.0,18.0,,91.0,,108.0,1.0,
143978,,,,,,,,260.0,,93.0,,,,,,64.0,2.0,,2.0,,,,5.0,14.0,,
144005,,,,,,,,638.0,,218.0,,,,,,71.0,41.0,10.0,46.0,14.0,,67.0,,47.0,31.0,11.0
144014,,,,,,,,38.0,,11.0,,2.0,,,,5.0,2.0,,,,,1.0,,8.0,,
144050,,,,,,,,11031.0,,2525.0,1633.0,,,,,1566.0,849.0,924.0,803.0,549.0,,290.0,25.0,755.0,186.0,50.0
144157,,,,,,,,303.0,,94.0,,,,,,12.0,23.0,7.0,26.0,,,64.0,6.0,22.0,,
144166,,,,,,,,420.0,,168.0,,,,,,25.0,28.0,13.0,40.0,11.0,,52.0,0.0,24.0,,
144175,,,,,,,,256.0,,72.0,,,,,,11.0,22.0,8.0,23.0,1.0,,55.0,,29.0,,
144184,,,,,,,,379.0,,129.0,,,,,,15.0,21.0,9.0,32.0,1.0,,50.0,0.0,30.0,,
144193,,,,,,,,302.0,,118.0,,,,,,15.0,22.0,8.0,17.0,1.0,,61.0,,24.0,,
144209,,,,,,,,400.0,,198.0,,,,,,15.0,22.0,12.0,26.0,1.0,,34.0,,29.0,,
144218,,,,,,,,377.0,,169.0,,,,,,14.0,28.0,11.0,28.0,2.0,,46.0,,30.0,,
144281,,,,,,,,996.0,,460.0,,,,,,106.0,55.0,47.0,142.0,,,15.0,1.0,63.0,4.0,0.0
144351,,,,,,,,598.0,,351.0,2.0,,,,,46.0,9.0,6.0,33.0,,,25.0,,103.0,,
144485,,,,,,,,44.0,,17.0,,,,,,4.0,4.0,0.0,,,,1.0,7.0,3.0,,
144500,,,,,,,,255.0,,,,,,,,23.0,62.0,72.0,60.0,1.0,,14.0,,7.0,,
144564,,,,,,,,226.0,,79.0,,,,,,15.0,29.0,9.0,43.0,,,22.0,7.0,18.0,,
144573,,,,,,,,10.0,,3.0,,,,,,1.0,,,,,,,,3.0,,
144740,,,,,,,,2690.0,,1192.0,,,,,,249.0,232.0,186.0,208.0,,,99.0,,240.0,22.0,8.0
144777,,,,,,,,685.0,,,,,,,,137.0,142.0,40.0,7.0,,,,,15.0,,
144795,,,,,,,,27.0,,14.0,,,,,,3.0,4.0,,,,,1.0,3.0,1.0,,
144865,,,,,,,,1411.0,,629.0,,,,,,25.0,68.0,63.0,141.0,2.0,,105.0,40.0,186.0,,
144883,,,,,,,,44.0,,17.0,,,,,,4.0,1.0,3.0,,,,,1.0,2.0,3.0,
144892,,,,,,,,1102.0,,411.0,,,,,,34.0,75.0,51.0,126.0,15.0,,156.0,2.0,139.0,51.0,4.0
144944,,,,,,,,673.0,,266.0,,,,,,120.0,15.0,33.0,51.0,,,58.0,1.0,88.0,13.0,1.0
144962,,,,,,,,537.0,,240.0,,,,,,49.0,12.0,14.0,61.0,4.0,,47.0,,83.0,13.0,3.0
144971,,,,,,,,117.0,,41.0,,,,,,10.0,9.0,4.0,17.0,1.0,,5.0,1.0,6.0,3.0,
145099,,,,,,,,25.0,,12.0,,,,,,5.0,1.0,,,1.0,,,1.0,1.0,,
145239,,,,,,,,68.0,,45.0,,,,,,5.0,4.0,,,,,,5.0,4.0,,
145275,,,,,,,,88.0,,33.0,,,,,,15.0,12.0,1.0,3.0,,,1.0,,4.0,4.0,
145309,,,,,,,,8.0,,4.0,,,,,,,2.0,,,,,,,1.0,,
145336,,,,,,,,757.0,,325.0,,,,,,55.0,69.0,20.0,56.0,1.0,,60.0,3.0,89.0,6.0,14.0
145354,,,,,,,,15.0,,8.0,,,,,,1.0,,,,,,,,4.0,,
145372,,,,,,,,233.0,,115.0,,,,,,17.0,4.0,0.0,35.0,,,1.0,1.0,44.0,6.0,0.0
145406,,,,,,,,39.0,,18.0,,,,,,7.0,4.0,,,,,,,8.0,2.0,
145424,,,,,,,,3.0,,2.0,,,,,,1.0,,,,,,,,0.0,,
145433,,,,,,,,8.0,,4.0,,,,,,2.0,,,,,,,,1.0,,
145497,,,,,,,,59.0,,22.0,,,,,,10.0,0.0,1.0,,,,12.0,,14.0,,
145521,,,,,,,,184.0,,72.0,,5.0,,,,22.0,2.0,6.0,19.0,,,15.0,2.0,29.0,3.0,
145558,,,,,,,,710.0,,223.0,3.0,,,,,85.0,13.0,91.0,16.0,127.0,,17.0,0.0,110.0,6.0,5.0
145600,,,,,,,,11824.0,,2464.0,344.0,,,,,1219.0,688.0,958.0,331.0,3012.0,,632.0,,1564.0,264.0,216.0
145619,,,,,,,,520.0,,227.0,,,,,,62.0,48.0,10.0,55.0,1.0,,21.0,,55.0,,
145628,,,,,,,,189.0,,59.0,2.0,,,,,18.0,8.0,7.0,5.0,9.0,,67.0,,6.0,5.0,
145637,,,,,,,,11234.0,,2464.0,284.0,1.0,,,,1380.0,976.0,1410.0,541.0,226.0,,1074.0,,1321.0,512.0,215.0
145646,,,,,,,,457.0,,148.0,,,,,,32.0,18.0,10.0,54.0,2.0,,70.0,1.0,49.0,18.0,
145682,,,,,,,,644.0,,274.0,,,,,,28.0,41.0,39.0,63.0,4.0,,80.0,31.0,48.0,,
145691,,,,,,,,256.0,,79.0,,,,,,16.0,10.0,10.0,40.0,4.0,,28.0,,20.0,2.0,
145707,,,,,,,,102.0,,53.0,,,,,,4.0,3.0,2.0,15.0,,,10.0,1.0,8.0,1.0,
145725,,,,,,,,1152.0,,402.0,,,,,,172.0,102.0,81.0,9.0,1.0,,65.0,,130.0,,
145813,,,,,,,,3281.0,,1003.0,,,,,,362.0,70.0,222.0,127.0,45.0,,457.0,,308.0,106.0,40.0
145831,,,,,,,,239.0,,111.0,,,,,,14.0,17.0,10.0,28.0,,,16.0,3.0,22.0,,
145886,,,,,,,,28.0,,21.0,,,,,,3.0,1.0,,,,,,,1.0,,
146205,,,,,,,,337.0,,113.0,,,,,,23.0,9.0,14.0,64.0,,,41.0,,65.0,,
146241,,,,,,,,205.0,,89.0,,,,,,26.0,8.0,11.0,7.0,,,27.0,,12.0,,
146278,,,,,,,,216.0,,90.0,,,,,,14.0,17.0,15.0,34.0,,,18.0,1.0,24.0,,
146296,,,,,,,,897.0,,421.0,,,,,,16.0,47.0,61.0,136.0,,,110.0,21.0,84.0,,
146339,,,,,,,,193.0,,91.0,1.0,,,,,8.0,10.0,5.0,17.0,3.0,,7.0,3.0,13.0,,
146348,,,,,,,,292.0,,118.0,,,,,,40.0,11.0,11.0,28.0,,,26.0,1.0,36.0,,
146366,,,,,,,,217.0,,92.0,,,,,,23.0,18.0,14.0,18.0,,,20.0,8.0,8.0,,0.0
146418,,,,,,,,251.0,,100.0,,,,,,12.0,6.0,12.0,46.0,0.0,,29.0,6.0,25.0,,
146427,,,,,,,,393.0,,120.0,,,,,,35.0,20.0,11.0,45.0,4.0,,78.0,,32.0,15.0,
146454,,,,,,,,4.0,,3.0,,,,,,1.0,,,,,,,,,,
146472,,,,,,,,942.0,,414.0,,,,,,55.0,55.0,46.0,106.0,0.0,,107.0,28.0,77.0,,
146481,,,,,,,,329.0,,128.0,1.0,,,,,43.0,14.0,11.0,35.0,3.0,,12.0,,33.0,7.0,2.0
146490,,,,,,,,106.0,,56.0,,,,,,14.0,23.0,3.0,,,,,5.0,2.0,2.0,
146506,,,,,,,,343.0,,138.0,,,,,,26.0,19.0,17.0,39.0,2.0,,34.0,5.0,38.0,,0.0
146533,,,,,,,,32.0,,20.0,,,,,,2.0,1.0,0.0,,,,,,3.0,,
146603,,,,,,,,428.0,,174.0,,,,,,68.0,28.0,28.0,67.0,4.0,,30.0,,28.0,,
146612,,,,,,,,731.0,,339.0,,,,,,94.0,33.0,30.0,82.0,4.0,,31.0,,62.0,29.0,
146667,,,,,,,,99.0,,38.0,,,,,,10.0,6.0,3.0,1.0,,,15.0,6.0,9.0,,
146676,,,,,,,,221.0,,57.0,,,,,,30.0,7.0,3.0,18.0,1.0,,50.0,,20.0,10.0,
146685,,,,,,,,438.0,,163.0,,,,,,54.0,16.0,26.0,18.0,,,40.0,,70.0,7.0,
146700,,,,,,,,71.0,,35.0,,,,,,20.0,,1.0,,,,2.0,,10.0,,
146719,,,,,,,,2844.0,,1227.0,70.0,,,,,391.0,118.0,216.0,142.0,64.0,,285.0,,232.0,47.0,
146728,,,,,,,,62.0,,16.0,,,,,,14.0,6.0,1.0,2.0,,,5.0,1.0,8.0,3.0,
146755,,,,,,,,25.0,,12.0,,,,,,3.0,2.0,1.0,,,,,,3.0,,
146807,,,,,,,,11.0,,4.0,,,,,,1.0,3.0,,,,,,,3.0,,
146816,,,,,,,,35.0,,21.0,,,,,,3.0,,,,,,,,3.0,,
146825,,,,,,,,127.0,,45.0,,,,,,13.0,6.0,5.0,31.0,3.0,,2.0,,13.0,,
146977,,,,,,,,53.0,,26.0,,,,,,8.0,,2.0,0.0,,,2.0,,13.0,,
147004,,,,,,,,391.0,,141.0,,,,,,61.0,9.0,20.0,21.0,1.0,,16.0,2.0,61.0,6.0,1.0
147013,,,,,,,,305.0,,135.0,,1.0,,,,20.0,12.0,8.0,54.0,4.0,,22.0,,20.0,,2.0
147031,,,,,,,,23.0,,8.0,,,,,,3.0,1.0,,1.0,,,,,3.0,,
147129,,,,,,,,107.0,,57.0,,,,,,15.0,6.0,1.0,2.0,,,6.0,2.0,5.0,,1.0
147244,,,,,,,,380.0,,186.0,,,,,,25.0,13.0,14.0,58.0,,,20.0,,48.0,,2.0
147341,,,,,,,,273.0,,93.0,,,,,,20.0,14.0,7.0,47.0,4.0,,29.0,,28.0,10.0,
147369,,,,,,,,449.0,,115.0,,,,,,113.0,49.0,29.0,31.0,1.0,,26.0,0.0,64.0,15.0,0.0
147378,,,,,,,,813.0,,381.0,,,,,,32.0,19.0,39.0,35.0,1.0,,54.0,3.0,147.0,16.0,4.0
147396,,,,,,,,23.0,,12.0,,,,,,1.0,3.0,,,,,1.0,3.0,1.0,,
147411,,,,,,,,271.0,,105.0,,,,,,27.0,2.0,9.0,16.0,1.0,,28.0,2.0,56.0,,1.0
147439,,,,,,,,5.0,,2.0,,,,,,2.0,0.0,,,,,,,,0.0,
147536,,,,,,,,783.0,,326.0,,,,,,52.0,47.0,24.0,162.0,,,29.0,,44.0,3.0,1.0
147590,,,,,,,,175.0,,77.0,2.0,4.0,,,,32.0,7.0,3.0,3.0,,,15.0,6.0,17.0,,
147642,,,,,,,,5.0,,3.0,,,,,,1.0,,,,,,,,1.0,,
147660,,,,,,,,527.0,,210.0,,,,,,106.0,17.0,16.0,73.0,6.0,,20.0,3.0,42.0,22.0,
147679,,,,,,,,451.0,,223.0,,,,,,42.0,5.0,15.0,41.0,1.0,,37.0,36.0,25.0,,
147697,,,,,,,,21.0,,4.0,,,,,,3.0,2.0,,,,,,,1.0,,
147703,,,,,,,,2927.0,,898.0,,1.0,,,,193.0,161.0,253.0,176.0,12.0,,411.0,,523.0,19.0,44.0
147767,,,,,,,,10319.0,,2416.0,1236.0,,,,,247.0,1652.0,1846.0,350.0,162.0,,184.0,17.0,1622.0,315.0,
147776,,,,,,,,1064.0,,386.0,,,,,,142.0,65.0,39.0,44.0,5.0,,77.0,1.0,113.0,25.0,3.0
147800,,,,,,,,644.0,,284.0,,,,,,20.0,30.0,39.0,48.0,2.0,,73.0,9.0,104.0,,
147819,,,,,,,,5.0,,3.0,,,,,,,1.0,,,,,,,,,
147828,,,,,,,,609.0,,238.0,,,,,,59.0,16.0,44.0,42.0,5.0,,50.0,34.0,80.0,17.0,1.0
147916,,,,,,,,532.0,,250.0,,,,,,25.0,22.0,29.0,57.0,,,58.0,15.0,56.0,,
148007,,,,,,,,370.0,,136.0,,,,,,30.0,20.0,10.0,30.0,,,21.0,2.0,80.0,9.0,
148016,,,,,,,,311.0,,68.0,,,,,,38.0,18.0,11.0,31.0,5.0,,62.0,0.0,28.0,23.0,11.0
148098,,,,,,,,8.0,,6.0,,,,,,1.0,1.0,,,,,,,,,
148131,,,,,,,,178.0,,69.0,,,,,,24.0,1.0,5.0,31.0,3.0,,10.0,9.0,24.0,,
148256,,,,,,,,226.0,,74.0,,,,,,29.0,9.0,13.0,23.0,,,38.0,2.0,16.0,,
148292,,,,,,,,215.0,,88.0,,,,,,35.0,13.0,7.0,23.0,,,9.0,9.0,19.0,,
148335,,,,,,,,219.0,,69.0,,,,,,35.0,13.0,5.0,30.0,,,8.0,,4.0,,
148380,,,,,,,,474.0,,217.0,,,,,,53.0,9.0,18.0,65.0,,,27.0,,70.0,,
148405,,,,,,,,232.0,,116.0,,,,,,28.0,13.0,7.0,34.0,2.0,,6.0,,21.0,,
148487,,,,,,,,712.0,,324.0,,1.0,,,,69.0,32.0,17.0,47.0,1.0,,29.0,,63.0,15.0,
148496,,,,,,,,489.0,,233.0,,,,,,59.0,25.0,13.0,34.0,1.0,,18.0,,66.0,8.0,
148511,,,,,,,,2091.0,,1151.0,,,,,,177.0,52.0,69.0,17.0,215.0,,247.0,19.0,134.0,,
148575,,,,,,,,67.0,,44.0,,,,,,4.0,10.0,,,2.0,,,,4.0,,
148584,,,,,,,,385.0,,170.0,,,,,,45.0,17.0,17.0,34.0,3.0,,25.0,,30.0,11.0,5.0
148593,,,,,,,,27.0,,20.0,,,,,,1.0,,,,,,,,1.0,,
148627,,,,,,,,476.0,,199.0,,,,,,24.0,20.0,20.0,43.0,3.0,,54.0,,68.0,5.0,
148654,,,,,,,,753.0,,238.0,,,,,,101.0,62.0,25.0,55.0,1.0,,75.0,,115.0,26.0,10.0
148672,,,,,,,,158.0,,64.0,,,,,,14.0,14.0,7.0,18.0,1.0,,16.0,1.0,13.0,,
148821,,,,,,,,122.0,,48.0,,,,,,11.0,3.0,5.0,22.0,,,3.0,1.0,19.0,,1.0
148876,,,,,,,,132.0,,65.0,,,,,,10.0,5.0,5.0,,,,,10.0,13.0,,
148885,,,,,,,,144.0,,34.0,,,,,,16.0,11.0,2.0,,0.0,,28.0,1.0,35.0,7.0,
148937,,,,,,,,113.0,,48.0,,,,,,5.0,9.0,4.0,11.0,,,4.0,11.0,14.0,,
148955,,,,,,,,7.0,,2.0,,,,,,2.0,1.0,,,,,2.0,,,,
148982,,,,,,,,43.0,,13.0,,1.0,,,,6.0,5.0,2.0,2.0,,,1.0,3.0,4.0,2.0,
148991,,,,,,,,129.0,,45.0,,,,,,17.0,4.0,9.0,22.0,,,4.0,1.0,20.0,,
149028,,,,,,,,44.0,,28.0,,,,,,5.0,1.0,,1.0,,,,,6.0,,
149204,,,,,,,,9.0,,5.0,,,,,,1.0,1.0,,,,,,,2.0,,
149222,,,,,,,,4460.0,,1020.0,62.0,115.0,,,,148.0,326.0,238.0,376.0,539.0,,381.0,8.0,840.0,135.0,39.0
149231,,,,,,,,2239.0,,704.0,,,,,,83.0,106.0,137.0,140.0,17.0,,301.0,22.0,354.0,61.0,31.0
149240,,,,,,,,48.0,,,,,,,,14.0,17.0,1.0,,,,1.0,,14.0,,
149310,,,,,,,,17.0,,7.0,,,,,,4.0,1.0,1.0,,,,,1.0,3.0,,
149329,,,,,,,,25.0,,7.0,,,,,,5.0,2.0,,,,,10.0,,1.0,,
149365,,,,,,,,376.0,,128.0,,,,,,28.0,29.0,19.0,21.0,,,42.0,5.0,79.0,2.0,3.0
149499,,,,,,,,2.0,,1.0,,,,,,1.0,,,,,,,,,,
149505,,,,,,,,220.0,,94.0,,,,,,42.0,8.0,11.0,26.0,1.0,,9.0,,17.0,5.0,
149514,,,,,,,,251.0,,108.0,,,,,,15.0,7.0,7.0,41.0,,,16.0,,15.0,5.0,
149532,,,,,,,,659.0,,267.0,,,,,,31.0,38.0,34.0,87.0,1.0,,71.0,,77.0,0.0,1.0
149550,,,,,,,,19.0,,15.0,,,,,,2.0,,,,,,,,2.0,,
149587,,,,,,,,842.0,,0.0,1.0,,,,,259.0,274.0,142.0,13.0,,,2.0,,142.0,,
149639,,,,,,,,38.0,,22.0,,,,,,1.0,4.0,2.0,2.0,,,0.0,,2.0,,
149727,,,,,,,,644.0,,218.0,,,,,,82.0,37.0,18.0,76.0,,,51.0,11.0,67.0,,
149763,,,,,,,,106.0,,49.0,,,,,,25.0,6.0,4.0,1.0,,,,,2.0,,
149772,,,,,,,,1294.0,,492.0,,,,,,36.0,69.0,89.0,79.0,18.0,,161.0,3.0,141.0,41.0,3.0
149781,,,,,,,,820.0,,255.0,1.0,,,,,73.0,121.0,34.0,70.0,5.0,,69.0,2.0,116.0,29.0,1.0
149842,,,,,,,,984.0,,347.0,,,,,,38.0,50.0,79.0,148.0,38.0,,107.0,22.0,65.0,,
150048,,,,,,,,64.0,,26.0,,,,,,12.0,,1.0,12.0,,,2.0,,6.0,,
150066,,,,,,,,348.0,,140.0,,,,,,35.0,22.0,13.0,42.0,3.0,,13.0,1.0,43.0,13.0,
150136,,,,,,,,3358.0,,1143.0,,,,,,263.0,166.0,158.0,152.0,11.0,,551.0,,534.0,138.0,46.0
150145,,,,,,,,245.0,,100.0,,,,,,25.0,8.0,8.0,29.0,1.0,,17.0,,32.0,6.0,
150163,,,,,,,,1213.0,,459.0,1.0,,,,,232.0,37.0,52.0,147.0,11.0,,90.0,2.0,111.0,23.0,2.0
150172,,,,,,,,102.0,,43.0,,,,,,13.0,4.0,6.0,12.0,,,3.0,,4.0,,
150215,,,,,,,,53.0,,13.0,,3.0,,,,12.0,4.0,1.0,4.0,,,,,9.0,,
150251,,,,,,,,13.0,,5.0,,,,,,4.0,,,,,,,,0.0,,
150288,,,,,,,,104.0,,24.0,,,,,,7.0,8.0,5.0,3.0,,,24.0,3.0,18.0,1.0,
150303,,,,,,,,26.0,,15.0,,,,,,2.0,,,,,,,,2.0,,
150400,,,,,,,,611.0,,230.0,,,,,,44.0,67.0,32.0,80.0,6.0,,73.0,,47.0,13.0,2.0
150428,,,,,,,,5.0,,4.0,,,,,,1.0,,,,,,,,0.0,,
150455,,,,,,,,351.0,,131.0,,2.0,,,,19.0,11.0,9.0,42.0,3.0,,12.0,3.0,41.0,17.0,2.0
150534,,,,,,,,497.0,,209.0,,,,,,49.0,9.0,11.0,72.0,7.0,,27.0,2.0,67.0,10.0,
150604,,,,,,,,271.0,,88.0,,,,,,24.0,11.0,12.0,31.0,4.0,,28.0,,31.0,11.0,
150668,,,,,,,,232.0,,77.0,,,,,,41.0,6.0,14.0,23.0,,,23.0,7.0,23.0,5.0,
150677,,,,,,,,207.0,,78.0,,5.0,,,,6.0,15.0,5.0,27.0,,,3.0,,9.0,0.0,
150756,,,,,,,,258.0,,91.0,,,,,,18.0,11.0,6.0,42.0,6.0,,15.0,,23.0,10.0,1.0
150765,,,,,,,,6.0,,3.0,,,,,,1.0,,,,,,,,2.0,,
150774,,,,,,,,91.0,,38.0,,,,,,17.0,6.0,3.0,17.0,,,2.0,,5.0,,
150853,,,,,,,,49.0,,42.0,,,,,,3.0,,,,,,,2.0,2.0,,
150941,,,,,,,,205.0,,106.0,,,,,,28.0,23.0,8.0,,,,5.0,9.0,24.0,,
150987,,,,,,,,4471.0,,2081.0,,,,,,321.0,337.0,172.0,480.0,,,221.0,,796.0,,
151102,,,,,,,,1070.0,,410.0,,13.0,,,,111.0,92.0,58.0,71.0,8.0,,72.0,,183.0,21.0,8.0
151111,,,,,,,,8475.0,,3014.0,604.0,,,,,689.0,440.0,784.0,400.0,827.0,,392.0,3.0,1069.0,184.0,6.0
151263,,,,,,,,898.0,,415.0,1.0,,,,,98.0,27.0,30.0,69.0,7.0,,75.0,1.0,98.0,8.0,
151290,,,,,,,,471.0,,202.0,,,,,,37.0,20.0,9.0,54.0,,,5.0,,56.0,7.0,
151306,,,,,,,,1124.0,,436.0,,,,,,115.0,51.0,55.0,60.0,,,102.0,1.0,170.0,36.0,6.0
151324,,,,,,,,1655.0,,537.0,,,,,,100.0,66.0,89.0,155.0,13.0,,210.0,3.0,258.0,50.0,8.0
151333,,,,,,,,327.0,,162.0,,,,,,47.0,,15.0,21.0,1.0,,26.0,,40.0,9.0,3.0
151342,,,,,,,,575.0,,298.0,,,,,,67.0,6.0,22.0,38.0,2.0,,48.0,,70.0,13.0,
151351,,,,,,,,9113.0,,2264.0,485.0,,,,,1113.0,418.0,1086.0,866.0,83.0,,866.0,55.0,1298.0,300.0,116.0
151360,,,,,,,,434.0,,211.0,3.0,,,,,52.0,4.0,23.0,31.0,1.0,,35.0,,62.0,6.0,
151379,,,,,,,,519.0,,276.0,,,,,,54.0,7.0,22.0,42.0,,,38.0,,64.0,8.0,1.0
151388,,,,,,,,334.0,,162.0,,,,,,48.0,1.0,12.0,36.0,1.0,,18.0,,42.0,9.0,
151458,,,,,,,,27.0,,8.0,,,,,,4.0,,,,,,4.0,8.0,2.0,,
151467,,,,,,,,43.0,,18.0,,,,,,4.0,1.0,,,,,,14.0,5.0,,
151564,,,,,,,,3.0,,2.0,,,,,,1.0,,,,,,,,,,
151607,,,,,,,,16.0,,9.0,,,,,,2.0,,,,,,,,2.0,,
151652,,,,,,,,17.0,,11.0,,,,,,2.0,,,,,,,,1.0,,
151661,,,,,,,,93.0,,35.0,,,,,,41.0,,1.0,,,,1.0,,11.0,,
151777,,,,,,,,326.0,,122.0,,,,,,21.0,23.0,14.0,56.0,1.0,,35.0,1.0,27.0,8.0,1.0
151786,,,,,,,,566.0,,227.0,,,,,,37.0,14.0,18.0,110.0,2.0,,14.0,,40.0,,
151801,,,,,,,,1600.0,,684.0,,,,,,427.0,24.0,51.0,29.0,9.0,,68.0,8.0,223.0,25.0,3.0
151810,,,,,,,,35.0,,6.0,,,,,,11.0,3.0,2.0,,,,2.0,,1.0,,
151865,,,,,,,,32.0,,8.0,,,,,,8.0,4.0,1.0,1.0,,,,1.0,6.0,1.0,
151962,,,,,,,,19.0,,14.0,,,,,,,,,,,,4.0,,,,
152044,,,,,,,,4.0,,3.0,,,,,,1.0,,,,,,,,,,
152080,,,,,,,,5961.0,,1281.0,263.0,,,,,597.0,883.0,586.0,339.0,30.0,,1161.0,4.0,545.0,10.0,18.0
152099,,,,,,,,299.0,,81.0,,0.0,,,,22.0,9.0,2.0,6.0,1.0,,7.0,2.0,26.0,3.0,
152150,,,,,,,,7.0,,4.0,,,,,,2.0,,,,,,,1.0,,,
152275,,,,,,,,12.0,,6.0,,,,,,1.0,1.0,,,,,,,4.0,0.0,
152309,,,,,,,,10.0,,6.0,,,,,,1.0,1.0,,,,,,,1.0,,
152318,,,,,,,,543.0,,189.0,,,,,,94.0,7.0,51.0,29.0,2.0,,67.0,2.0,61.0,23.0,4.0
152336,,,,,,,,390.0,,185.0,,,,,,34.0,17.0,15.0,38.0,,,17.0,,35.0,7.0,4.0
152381,,,,,,,,204.0,,94.0,,,,,,23.0,20.0,4.0,12.0,,,18.0,,9.0,6.0,
152390,,,,,,,,444.0,,171.0,,,,,,39.0,26.0,16.0,35.0,5.0,,63.0,,52.0,10.0,
152451,,,,,,,,143.0,,11.0,,,,,,31.0,,5.0,,5.0,,51.0,,38.0,,
152497,,,,,,,,25.0,,18.0,,,,,,1.0,2.0,,,,,,,2.0,,
152530,,,,,,,,447.0,,158.0,,,,,,32.0,18.0,30.0,48.0,6.0,,42.0,,89.0,14.0,0.0
152567,,,,,,,,466.0,,183.0,,,,,,44.0,5.0,11.0,,,,147.0,20.0,,53.0,
152600,,,,,,,,772.0,,329.0,,,,,,127.0,14.0,26.0,49.0,6.0,,84.0,1.0,94.0,17.0,
152628,,,,,,,,5.0,,3.0,,,,,,1.0,,,,,,,,1.0,,
152637,,,,,,,,1043.0,,401.0,,,,,,110.0,13.0,25.0,33.0,6.0,,57.0,,335.0,30.0,3.0
152673,,,,,,,,277.0,,98.0,,,,,,26.0,30.0,17.0,50.0,5.0,,1.0,9.0,37.0,,
152798,,,,,,,,90.0,,58.0,,,,,,4.0,3.0,1.0,,,,4.0,,8.0,,
152992,,,,,,,,193.0,,76.0,,,,,,36.0,2.0,4.0,50.0,,,6.0,1.0,13.0,,
153001,,,,,,,,412.0,,196.0,1.0,,,,,6.0,17.0,10.0,68.0,2.0,,36.0,17.0,20.0,3.0,
153074,,,,,,,,32.0,,15.0,,,,,,2.0,2.0,,,,,1.0,,4.0,,
153083,,,,,,,,20.0,,13.0,,,,,,1.0,,,,,,,,4.0,1.0,
153108,,,,,,,,391.0,,104.0,,,,,,36.0,24.0,10.0,63.0,3.0,,102.0,1.0,25.0,6.0,2.0
153126,,,,,,,,260.0,,100.0,,,,,,22.0,8.0,9.0,39.0,6.0,,38.0,,27.0,6.0,
153144,,,,,,,,336.0,,136.0,,,,,,45.0,9.0,7.0,58.0,6.0,,34.0,,28.0,6.0,1.0
153162,,,,,,,,266.0,,84.0,1.0,,,,,26.0,18.0,11.0,46.0,6.0,,18.0,,31.0,,
153214,,,,,,,,1131.0,,629.0,,,,,,50.0,31.0,41.0,74.0,1.0,,55.0,12.0,119.0,30.0,6.0
153241,,,,,,,,48.0,,20.0,,,,,,2.0,2.0,1.0,1.0,,,9.0,,12.0,,
153250,,,,,,,,255.0,,105.0,,,,,,30.0,9.0,10.0,36.0,1.0,,16.0,1.0,32.0,5.0,3.0
153269,,,,,,,,1044.0,,360.0,2.0,,,,,62.0,47.0,74.0,84.0,1.0,,86.0,1.0,207.0,21.0,3.0
153278,,,,,,,,448.0,,150.0,3.0,,,,,61.0,13.0,5.0,51.0,,,55.0,9.0,47.0,14.0,
153296,,,,,,,,75.0,,33.0,,,,,,4.0,1.0,,2.0,,,13.0,,5.0,7.0,
153302,,,,,,,,67.0,,25.0,,,,,,9.0,,1.0,6.0,0.0,,8.0,5.0,8.0,3.0,
153311,,,,,,,,522.0,,238.0,,,,,,32.0,7.0,24.0,21.0,,,19.0,5.0,67.0,,0.0
153320,,,,,,,,95.0,,29.0,,,,,,17.0,2.0,2.0,4.0,1.0,,16.0,4.0,18.0,,
153339,,,,,,,,4.0,,2.0,,,,,,0.0,1.0,,,,,,,,,
153366,,,,,,,,287.0,,97.0,,,,,,25.0,8.0,8.0,45.0,3.0,,26.0,,35.0,10.0,
153375,,,,,,,,291.0,,135.0,,,,,,21.0,22.0,5.0,41.0,,,,,24.0,7.0,
153384,,,,,,,,748.0,,215.0,5.0,,,,,67.0,30.0,50.0,51.0,9.0,,138.0,2.0,86.0,24.0,7.0
153427,,,,,,,,19.0,,11.0,,,,,,3.0,1.0,,,,,,2.0,2.0,,
153445,,,,,,,,503.0,,239.0,,,,,,49.0,31.0,12.0,17.0,,,10.0,,46.0,1.0,2.0
153463,,,,,,,,5.0,,3.0,,,,,,,1.0,,,,,,,1.0,,
153472,,,,,,,,463.0,,224.0,,,,,,25.0,14.0,17.0,45.0,2.0,,48.0,8.0,47.0,5.0,4.0
153524,,,,,,,,473.0,,188.0,,,,,,46.0,12.0,10.0,49.0,,,49.0,,82.0,9.0,10.0
153533,,,,,,,,260.0,,87.0,,3.0,,,,32.0,5.0,9.0,14.0,,,30.0,2.0,47.0,,
153542,,,,,,,,2.0,,1.0,,,,,,1.0,,,,,,,,,,
153588,,,,,,,,5.0,,3.0,,,,,,2.0,,,,,,,,0.0,,
153597,,,,,,,,12.0,,8.0,,,,,,2.0,,,,,,,1.0,1.0,,
153603,,,,,,,,6331.0,,1641.0,464.0,188.0,,,,155.0,205.0,580.0,185.0,196.0,,531.0,38.0,429.0,309.0,104.0
153621,,,,,,,,126.0,,57.0,,,,,,4.0,9.0,4.0,16.0,,,4.0,6.0,12.0,,
153630,,,,,,,,520.0,,197.0,,,,,,55.0,18.0,24.0,78.0,5.0,,50.0,6.0,65.0,5.0,3.0
153658,,,,,,,,10057.0,,2627.0,297.0,,,,,381.0,1300.0,1528.0,439.0,909.0,,1010.0,2.0,508.0,165.0,145.0
153737,,,,,,,,1072.0,,447.0,,,,,,101.0,58.0,31.0,56.0,3.0,,105.0,9.0,129.0,23.0,3.0
153746,,,,,,,,5.0,,3.0,,,,,,1.0,,,,,,0.0,,1.0,,
153764,,,,,,,,8.0,,4.0,,,,,,1.0,,,,,,2.0,1.0,,,
153773,,,,,,,,8.0,,6.0,,,,,,1.0,,,,,,,,1.0,,
153782,,,,,,,,3.0,,2.0,,,,,,1.0,,,,,,,,,,
153825,,,,,,,,322.0,,109.0,,,,,,33.0,13.0,14.0,50.0,4.0,,39.0,1.0,30.0,10.0,1.0
153834,,,,,,,,440.0,,177.0,,,,,,36.0,18.0,21.0,40.0,2.0,,52.0,,54.0,14.0,0.0
153861,,,,,,,,378.0,,118.0,1.0,2.0,,,,24.0,29.0,28.0,21.0,1.0,,22.0,25.0,52.0,5.0,3.0
153922,,,,,,,,155.0,,52.0,,,,,,20.0,4.0,8.0,15.0,,,11.0,1.0,19.0,5.0,
153977,,,,,,,,133.0,,78.0,,,,,,15.0,,3.0,1.0,,,3.0,,12.0,,
154004,,,,,,,,301.0,,128.0,,,,,,32.0,5.0,8.0,51.0,2.0,,23.0,,35.0,7.0,
154013,,,,,,,,266.0,,109.0,,,,,,30.0,13.0,7.0,38.0,4.0,,27.0,,13.0,6.0,
154022,,,,,,,,1316.0,,898.0,,,,,,45.0,98.0,2.0,9.0,,,,,15.0,,
154059,,,,,,,,294.0,,80.0,,,,,,22.0,17.0,17.0,39.0,1.0,,24.0,1.0,45.0,,2.0
154095,,,,,,,,1640.0,,535.0,,,,,,98.0,135.0,158.0,106.0,17.0,,159.0,16.0,190.0,65.0,31.0
154101,,,,,,,,256.0,,107.0,,,,,,48.0,5.0,6.0,30.0,3.0,,18.0,,17.0,4.0,1.0
154110,,,,,,,,456.0,,216.0,,,,,,54.0,23.0,13.0,6.0,,,41.0,,44.0,,
154129,,,,,,,,148.0,,70.0,,,,,,18.0,1.0,6.0,3.0,,,9.0,3.0,16.0,3.0,1.0
154156,,,,,,,,315.0,,91.0,10.0,,,,,59.0,25.0,16.0,11.0,29.0,,3.0,,70.0,,
154165,,,,,,,,5.0,,3.0,,,,,,1.0,,,,,,,1.0,,,
154174,,,,,,,,436.0,,137.0,12.0,5.0,,,,85.0,23.0,16.0,12.0,1.0,,5.0,6.0,112.0,6.0,
154208,,,,,,,,25.0,,13.0,,,,,,3.0,3.0,,,,,,1.0,5.0,,
154235,,,,,,,,498.0,,242.0,,,,,,30.0,22.0,25.0,49.0,3.0,,10.0,,79.0,11.0,
154262,,,,,,,,40.0,,29.0,,,,,,2.0,,,,,,,,2.0,,
154332,,,,,,,,8.0,,3.0,,,,,,3.0,,,,,,1.0,1.0,,,
154341,,,,,,,,6.0,,4.0,,,,,,1.0,,,,,,1.0,0.0,,,
154350,,,,,,,,281.0,,114.0,,,,,,22.0,6.0,9.0,56.0,3.0,,8.0,10.0,48.0,,1.0
154378,,,,,,,,267.0,,111.0,,,,,,23.0,6.0,7.0,47.0,,,15.0,5.0,32.0,,
154396,,,,,,,,180.0,,60.0,,,,,,5.0,8.0,5.0,24.0,,,13.0,,23.0,6.0,1.0
154448,,,,,,,,21.0,,12.0,,,,,,1.0,2.0,,,,,0.0,,3.0,,
154457,,,,,,,,7.0,,4.0,,,,,,1.0,,,,,,,1.0,1.0,,
154466,,,,,,,,9.0,,4.0,,,,,,2.0,1.0,,,,,,,2.0,,
154493,,,,,,,,491.0,,203.0,,,,,,89.0,,,,,,28.0,,169.0,,
154518,,,,,,,,275.0,,94.0,,,,,,26.0,11.0,2.0,33.0,1.0,,21.0,3.0,26.0,5.0,1.0
154527,,,,,,,,364.0,,112.0,,,,,,30.0,13.0,14.0,71.0,4.0,,49.0,,38.0,29.0,
154536,,,,,,,,43.0,,16.0,,,,,,4.0,5.0,1.0,1.0,,,3.0,2.0,6.0,2.0,
154545,,,,,,,,7.0,,3.0,,,,,,1.0,,,,,,,,3.0,,
154572,,,,,,,,434.0,,195.0,,,,,,62.0,13.0,14.0,4.0,,,16.0,,32.0,0.0,
154590,,,,,,,,184.0,,83.0,,,,,,10.0,9.0,7.0,38.0,,,5.0,5.0,4.0,,4.0
154642,,,,,,,,150.0,,65.0,,,,,,20.0,3.0,1.0,21.0,2.0,,8.0,2.0,10.0,3.0,0.0
154688,,,,,,,,347.0,,150.0,,,,,,30.0,2.0,9.0,35.0,,,21.0,,58.0,5.0,
154697,,,,,,,,359.0,,115.0,,,,,,51.0,9.0,12.0,49.0,4.0,,28.0,1.0,64.0,9.0,1.0
154712,,,,,,,,328.0,,142.0,,,,,,27.0,15.0,6.0,47.0,3.0,,24.0,1.0,53.0,2.0,
154721,,,,,,,,155.0,,55.0,,,,,,14.0,5.0,4.0,37.0,1.0,,,2.0,22.0,14.0,
154749,,,,,,,,145.0,,48.0,,,,,,22.0,3.0,3.0,26.0,,,6.0,,15.0,,8.0
154800,,,,,,,,565.0,,259.0,,,,,,38.0,18.0,24.0,43.0,4.0,,54.0,8.0,65.0,12.0,1.0
154855,,,,,,,,86.0,,37.0,,,,,,9.0,2.0,1.0,19.0,2.0,,,2.0,10.0,1.0,1.0
154907,,,,,,,,206.0,,89.0,,,,,,32.0,6.0,4.0,18.0,,,6.0,4.0,19.0,14.0,1.0
154925,,,,,,,,157.0,,54.0,,,,,,7.0,2.0,3.0,36.0,0.0,,16.0,,31.0,6.0,
154934,,,,,,,,120.0,,48.0,,,,,,21.0,2.0,3.0,15.0,2.0,,10.0,,10.0,,
154952,,,,,,,,232.0,,97.0,,,,,,13.0,15.0,5.0,27.0,3.0,,18.0,,15.0,3.0,1.0
154998,,,,,,,,214.0,,69.0,,,,,,23.0,,5.0,33.0,,,19.0,,27.0,6.0,4.0
155007,,,,,,,,61.0,,21.0,,,,,,8.0,7.0,1.0,2.0,,,1.0,,6.0,2.0,
155025,,,,,,,,723.0,,260.0,,,,,,97.0,16.0,42.0,52.0,8.0,,80.0,,114.0,29.0,1.0
155052,,,,,,,,77.0,,45.0,,,,,,5.0,1.0,3.0,1.0,,,4.0,,8.0,,
155061,,,,,,,,1080.0,,489.0,,,,,,174.0,35.0,32.0,58.0,8.0,,112.0,,93.0,45.0,9.0
155070,,,,,,,,44.0,,17.0,,,,,,1.0,1.0,1.0,3.0,,,4.0,,3.0,1.0,
155089,,,,,,,,276.0,,103.0,,,,,,26.0,14.0,13.0,44.0,5.0,,7.0,0.0,42.0,5.0,
155098,,,,,,,,169.0,,61.0,,,,,,26.0,16.0,3.0,22.0,2.0,,8.0,1.0,17.0,4.0,1.0
155104,,,,,,,,255.0,,86.0,,,,,,27.0,4.0,6.0,43.0,4.0,,37.0,,26.0,,1.0
155140,,,,,,,,143.0,,32.0,4.0,,,,,14.0,6.0,3.0,2.0,1.0,,51.0,,18.0,9.0,
155159,,,,,,,,6.0,,4.0,,,,,,,,,,,,,1.0,1.0,,
155177,,,,,,,,116.0,,40.0,,,,,,17.0,2.0,4.0,9.0,,,14.0,8.0,11.0,7.0,
155186,,,,,,,,241.0,,111.0,,,,,,33.0,3.0,4.0,33.0,4.0,,9.0,,24.0,12.0,0.0
155195,,,,,,,,494.0,,195.0,3.0,4.0,,,,48.0,1.0,23.0,46.0,,,45.0,4.0,52.0,13.0,3.0
155201,,,,,,,,113.0,,30.0,1.0,,,,,13.0,7.0,3.0,23.0,5.0,,7.0,1.0,4.0,3.0,
155210,,,,,,,,1368.0,,479.0,,48.0,,,,120.0,24.0,72.0,40.0,21.0,,148.0,,248.0,26.0,5.0
155283,,,,,,,,55.0,,16.0,,,,,,18.0,1.0,,,,,,6.0,10.0,,
155292,,,,,,,,549.0,,214.0,,,,,,51.0,5.0,19.0,41.0,5.0,,49.0,,89.0,17.0,2.0
155308,,,,,,,,28.0,,9.0,,,,,,7.0,,,1.0,,,,,2.0,1.0,
155317,,,,,,,,8364.0,,2477.0,880.0,107.0,,,,438.0,354.0,590.0,333.0,625.0,,421.0,2.0,1335.0,213.0,2.0
155335,,,,,,,,281.0,,144.0,,,,,,24.0,9.0,6.0,33.0,,,16.0,1.0,39.0,,0.0
155353,,,,,,,,10.0,,4.0,,,,,,5.0,,,,,,,1.0,,,
155399,,,,,,,,4632.0,,1046.0,295.0,87.0,,,,352.0,571.0,681.0,143.0,206.0,,379.0,0.0,345.0,278.0,30.0
155414,,,,,,,,172.0,,59.0,,,,,,21.0,1.0,3.0,35.0,1.0,,19.0,4.0,18.0,3.0,2.0
155423,,,,,,,,127.0,,74.0,,,,,,15.0,,2.0,,,,15.0,,15.0,,
155450,,,,,,,,156.0,,66.0,,,,,,14.0,8.0,5.0,14.0,1.0,,12.0,0.0,21.0,1.0,
155487,,,,,,,,77.0,,32.0,,,,,,5.0,6.0,5.0,,,,,,6.0,2.0,
155496,,,,,,,,54.0,,16.0,,,,,,8.0,5.0,1.0,2.0,,,4.0,3.0,3.0,6.0,
155511,,,,,,,,152.0,,52.0,,,,,,12.0,14.0,2.0,37.0,3.0,,9.0,,8.0,8.0,
155520,,,,,,,,339.0,,159.0,,,,,,35.0,5.0,8.0,36.0,2.0,,14.0,5.0,32.0,8.0,
155566,,,,,,,,214.0,,91.0,,,,,,25.0,2.0,5.0,11.0,7.0,,11.0,4.0,27.0,3.0,1.0
155593,,,,,,,,93.0,,56.0,,1.0,,,,4.0,3.0,1.0,,,,5.0,5.0,5.0,6.0,
155618,,,,,,,,87.0,,44.0,,,,,,10.0,,1.0,12.0,1.0,,2.0,1.0,5.0,3.0,
155627,,,,,,,,166.0,,37.0,,,,,,25.0,20.0,4.0,36.0,,,19.0,3.0,6.0,5.0,
155636,,,,,,,,105.0,,73.0,,,,,,4.0,6.0,4.0,,,,,7.0,1.0,,
155681,,,,,,,,818.0,,336.0,,,,,,118.0,52.0,31.0,36.0,10.0,,70.0,,87.0,53.0,9.0
155715,,,,,,,,127.0,,36.0,,,,,,13.0,7.0,6.0,24.0,1.0,,15.0,,20.0,1.0,
155812,,,,,,,,226.0,,101.0,1.0,,,,,21.0,7.0,7.0,32.0,5.0,,15.0,7.0,13.0,6.0,
155830,,,,,,,,68.0,,40.0,,,,,,5.0,,,1.0,,,3.0,,2.0,1.0,
155858,,,,,,,,220.0,,71.0,,,,,,25.0,,8.0,20.0,,,31.0,,37.0,4.0,1.0
155900,,,,,,,,216.0,,88.0,,,,,,23.0,7.0,11.0,48.0,2.0,,7.0,3.0,20.0,,
155937,,,,,,,,137.0,,54.0,,,,,,15.0,4.0,,41.0,0.0,,8.0,,8.0,,
155973,,,,,,,,153.0,,55.0,,,,,,30.0,2.0,2.0,20.0,,,9.0,4.0,21.0,0.0,
156082,,,,,,,,836.0,,360.0,,,,,,97.0,34.0,45.0,48.0,5.0,,59.0,8.0,104.0,15.0,1.0
156107,,,,,,,,348.0,,183.0,,,,,,9.0,44.0,18.0,4.0,,,11.0,,11.0,5.0,
156125,,,,,,,,2237.0,,564.0,,,,,,194.0,151.0,394.0,331.0,20.0,,147.0,2.0,246.0,66.0,7.0
156134,,,,,,,,101.0,,44.0,,,,,,16.0,3.0,1.0,,,,,12.0,6.0,2.0,
156189,,,,,,,,113.0,,31.0,,,,,,21.0,,3.0,,,,9.0,,38.0,7.0,
156213,,,,,,,,347.0,,124.0,,,,,,38.0,11.0,16.0,49.0,0.0,,33.0,1.0,52.0,10.0,
156222,,,,,,,,208.0,,47.0,,,,,,46.0,1.0,5.0,6.0,,,27.0,,71.0,,
156231,,,,,,,,196.0,,96.0,,,,,,13.0,5.0,6.0,13.0,,,18.0,,33.0,,
156277,,,,,,,,6.0,,3.0,,,,,,,,,,,,0.0,,2.0,,
156286,,,,,,,,584.0,,256.0,,,,,,50.0,22.0,30.0,69.0,4.0,,26.0,,65.0,21.0,4.0
156295,,,,,,,,847.0,,156.0,,,,,,173.0,169.0,24.0,128.0,5.0,,50.0,0.0,60.0,38.0,4.0
156310,,,,,,,,39.0,,29.0,,,,,,3.0,,,,,,,3.0,4.0,,
156338,,,,,,,,285.0,,137.0,,,,,,27.0,3.0,6.0,20.0,0.0,,30.0,,42.0,,
156356,,,,,,,,158.0,,62.0,,,,,,9.0,9.0,3.0,19.0,,,17.0,11.0,12.0,,
156365,,,,,,,,810.0,,362.0,,,,,,8.0,48.0,12.0,91.0,13.0,,16.0,,97.0,30.0,23.0
156392,,,,,,,,646.0,,331.0,,,,,,47.0,17.0,21.0,44.0,1.0,,47.0,,78.0,,1.0
156408,,,,,,,,444.0,,137.0,,,,,,44.0,14.0,14.0,80.0,5.0,,69.0,,40.0,15.0,4.0
156417,,,,,,,,31.0,,9.0,,,,,,4.0,2.0,3.0,1.0,,,,,4.0,2.0,
156426,,,,,,,,22.0,,10.0,,,,,,2.0,1.0,,,,,1.0,4.0,3.0,,
156471,,,,,,,,166.0,,103.0,,,,,,12.0,,2.0,,,,10.0,,21.0,,
156541,,,,,,,,693.0,,413.0,,,,,,20.0,21.0,14.0,51.0,7.0,,9.0,,87.0,,
156620,,,,,,,,1983.0,,733.0,,,,,,233.0,192.0,132.0,95.0,8.0,,77.0,,216.0,74.0,28.0
156648,,,,,,,,322.0,,162.0,,,,,,24.0,3.0,7.0,24.0,4.0,,19.0,,51.0,,
156727,,,,,,,,217.0,,131.0,,,,,,5.0,8.0,11.0,2.0,,,9.0,,9.0,9.0,
156745,,,,,,,,287.0,,101.0,,,,,,26.0,12.0,6.0,49.0,5.0,,45.0,,17.0,7.0,3.0
156754,,,,,,,,9.0,,4.0,,,,,,3.0,,,,,,,2.0,,,
156790,,,,,,,,235.0,,102.0,,,,,,20.0,3.0,6.0,23.0,,,26.0,,28.0,,1.0
156842,,,,,,,,19.0,,10.0,,,,,,1.0,,,,,,,3.0,5.0,,
156851,,,,,,,,108.0,,54.0,,,,,,10.0,2.0,3.0,8.0,,,7.0,,15.0,,
156860,,,,,,,,171.0,,75.0,,,,,,19.0,5.0,3.0,13.0,,,14.0,,23.0,,
156921,,,,,,,,558.0,,271.0,,,,,,32.0,20.0,19.0,49.0,,,49.0,,65.0,,
156967,,,,,,,,11.0,,4.0,,,,,,3.0,1.0,,,,,2.0,,1.0,,
157021,,,,,,,,27.0,,7.0,,,,,,2.0,,,,,,,6.0,10.0,2.0,
157030,,,,,,,,21.0,,3.0,,,,,,6.0,1.0,,,1.0,,3.0,,3.0,2.0,
157058,,,,,,,,542.0,,131.0,9.0,,,,,66.0,27.0,48.0,92.0,1.0,,39.0,,59.0,55.0,3.0
157076,,,,,,,,152.0,,60.0,,,,,,14.0,8.0,5.0,39.0,,,2.0,1.0,18.0,,
157085,,,,,,,,11267.0,,1884.0,355.0,720.0,,,,706.0,616.0,1696.0,585.0,1043.0,,749.0,,1988.0,530.0,61.0
157100,,,,,,,,122.0,,50.0,,,,,,4.0,8.0,2.0,19.0,1.0,,2.0,8.0,4.0,11.0,1.0
157207,,,,,,,,31.0,,15.0,,,,,,6.0,2.0,1.0,0.0,,,,,3.0,,
157216,,,,,,,,390.0,,138.0,,,,,,31.0,3.0,7.0,68.0,5.0,,61.0,3.0,32.0,19.0,2.0
157289,,,,,,,,6423.0,,2035.0,,,,,,771.0,212.0,474.0,382.0,1020.0,,452.0,6.0,844.0,136.0,14.0
157298,,,,,,,,66.0,,15.0,,,,,,15.0,2.0,2.0,2.0,,,8.0,,16.0,,
157304,,,,,,,,217.0,,112.0,,,,,,20.0,5.0,3.0,15.0,,,6.0,,34.0,,
157331,,,,,,,,227.0,,106.0,,,,,,22.0,9.0,4.0,23.0,,,21.0,,26.0,,
157377,,,,,,,,154.0,,62.0,,,,,,14.0,6.0,5.0,32.0,0.0,,9.0,,13.0,4.0,0.0
157386,,,,,,,,943.0,,347.0,,,,,,60.0,74.0,49.0,140.0,6.0,,66.0,3.0,76.0,34.0,17.0
157401,,,,,,,,1252.0,,492.0,1.0,22.0,,,,39.0,80.0,64.0,136.0,24.0,,96.0,7.0,169.0,58.0,19.0
157438,,,,,,,,272.0,,137.0,,,,,,29.0,7.0,5.0,35.0,,,14.0,,28.0,,
157447,,,,,,,,1599.0,,762.0,,,,,,81.0,91.0,114.0,145.0,7.0,,120.0,,168.0,49.0,22.0
157483,,,,,,,,357.0,,174.0,,,,,,21.0,10.0,4.0,23.0,,,34.0,1.0,60.0,,
157535,,,,,,,,341.0,,116.0,,,,,,41.0,13.0,14.0,69.0,5.0,,11.0,1.0,31.0,11.0,
157553,,,,,,,,250.0,,118.0,,,,,,17.0,6.0,6.0,15.0,,,26.0,,35.0,,
157614,,,,,,,,8.0,,5.0,,,,,,1.0,,,,,,,,1.0,,
157650,,,,,,,,8.0,,5.0,,,,,,1.0,,,,,,,,1.0,,
157669,,,,,,,,5.0,,2.0,,,,,,1.0,,,,,,,,1.0,,
157678,,,,,,,,8.0,,5.0,,,,,,1.0,,,,,,,,1.0,,
157711,,,,,,,,381.0,,182.0,,,,,,28.0,9.0,7.0,24.0,,,33.0,,64.0,,
157739,,,,,,,,233.0,,91.0,,,,,,24.0,8.0,5.0,18.0,,,18.0,,38.0,,
157748,,,,,,,,388.0,,64.0,4.0,,,,,48.0,16.0,10.0,17.0,5.0,,97.0,2.0,48.0,,
157757,,,,,,,,254.0,,109.0,,,,,,30.0,15.0,8.0,19.0,3.0,,13.0,11.0,33.0,,
157793,,,,,,,,649.0,,246.0,1.0,,,,,79.0,,8.0,,,,48.0,8.0,242.0,,7.0
157809,,,,,,,,223.0,,109.0,,,,,,26.0,9.0,1.0,37.0,,,9.0,1.0,12.0,,
157818,,,,,,,,283.0,,91.0,,,,,,25.0,13.0,11.0,57.0,1.0,,28.0,,32.0,11.0,
157854,,,,,,,,273.0,,,,,,,,70.0,75.0,35.0,49.0,,,2.0,,25.0,,
157863,,,,,,,,221.0,,74.0,,,,,,24.0,16.0,9.0,55.0,0.0,,2.0,1.0,32.0,,
157951,,,,,,,,2102.0,,803.0,,,,,,83.0,44.0,135.0,281.0,19.0,,94.0,9.0,388.0,85.0,34.0
158088,,,,,,,,154.0,,98.0,0.0,,,,,19.0,31.0,1.0,,,,,,1.0,,
158246,,,,,,,,24.0,,14.0,,,,,,3.0,1.0,,3.0,,,,,2.0,,
158325,,,,,,,,9.0,,8.0,,,,,,,0.0,,,,,,,,,
158343,,,,,,,,8.0,,2.0,,,,,,4.0,,,,,,1.0,1.0,,,
158431,,,,,,,,375.0,,155.0,,1.0,,,,46.0,73.0,11.0,2.0,,,11.0,,47.0,1.0,
158477,,,,,,,,167.0,,64.0,,,,,,27.0,2.0,5.0,38.0,,,4.0,,18.0,,
158538,,,,,,,,6.0,,1.0,,,,,,2.0,,,,,,,,2.0,,
158617,,,,,,,,30.0,,18.0,,,,,,6.0,,,,,,,,6.0,,
158644,,,,,,,,10.0,,5.0,,,,,,3.0,,,,,,,,2.0,,
158662,,,,,,,,899.0,,477.0,,,,,,75.0,159.0,7.0,4.0,,,57.0,,79.0,20.0,1.0
158778,,,,,,,,12.0,,5.0,,,,,,1.0,,,,,,,,3.0,,
158787,,,,,,,,9.0,,4.0,,,,,,2.0,,,,,,,,1.0,,
158802,,,,,,,,321.0,,89.0,,,,,,42.0,23.0,5.0,13.0,1.0,,48.0,,24.0,18.0,2.0
158884,,,,,,,,122.0,,58.0,,,,,,16.0,17.0,2.0,1.0,,,9.0,,11.0,1.0,
159009,,,,,,,,547.0,,193.0,,,,,,54.0,39.0,13.0,58.0,2.0,,41.0,,91.0,31.0,2.0
159027,,,,,,,,24.0,,7.0,,,,,,1.0,3.0,0.0,,,,1.0,1.0,6.0,,
159197,,,,,,,,79.0,,41.0,,,,,,8.0,2.0,2.0,,,,,6.0,12.0,1.0,
159328,,,,,,,,9.0,,5.0,,,,,,,2.0,,,,,,,2.0,,
159373,,,,,,,,2100.0,,823.0,120.0,,,,,247.0,271.0,94.0,20.0,98.0,,216.0,,121.0,66.0,
159382,,,,,,,,251.0,,108.0,,,,,,21.0,12.0,6.0,24.0,2.0,,17.0,,37.0,6.0,
159391,,,,,,,,6384.0,,1404.0,259.0,261.0,,,,285.0,623.0,957.0,274.0,194.0,,667.0,3.0,896.0,315.0,6.0
159407,,,,,,,,182.0,,90.0,,,,,,16.0,9.0,4.0,13.0,,,12.0,,26.0,9.0,
159416,,,,,,,,370.0,,157.0,,,,,,39.0,29.0,17.0,22.0,1.0,,32.0,,54.0,8.0,
159513,,,,,,,,15.0,,7.0,,,,,,4.0,1.0,,,,,1.0,1.0,,,
159522,,,,,,,,16.0,,8.0,,,,,,5.0,1.0,,,,,0.0,1.0,,,
159531,,,,,,,,7.0,,3.0,,,,,,1.0,1.0,,,,,,,1.0,,
159568,,,,,,,,184.0,,90.0,,,,,,16.0,4.0,2.0,20.0,1.0,,5.0,,42.0,,
159601,,,,,,,,4.0,,2.0,,,,,,1.0,,,,,,,,1.0,,
159647,,,,,,,,1157.0,,439.0,11.0,6.0,,,,66.0,25.0,32.0,110.0,6.0,,99.0,,130.0,56.0,13.0
159656,,,,,,,,716.0,,291.0,,11.0,,,,82.0,21.0,26.0,83.0,0.0,,31.0,,101.0,20.0,5.0
159717,,,,,,,,694.0,,313.0,,,,,,51.0,29.0,25.0,73.0,5.0,,36.0,,113.0,19.0,0.0
159939,,,,,,,,1124.0,,325.0,11.0,307.0,,,,170.0,111.0,38.0,27.0,4.0,,17.0,,42.0,1.0,
159948,,,,,,,,262.0,,107.0,,,,,,14.0,2.0,6.0,,,,30.0,,68.0,,
159966,,,,,,,,680.0,,278.0,,,,,,46.0,19.0,15.0,57.0,2.0,,78.0,1.0,125.0,9.0,1.0
159993,,,,,,,,867.0,,361.0,4.0,2.0,,,,40.0,29.0,28.0,90.0,27.0,,66.0,,135.0,40.0,18.0
160010,,,,,,,,85.0,,49.0,,,,,,7.0,21.0,,,,,4.0,,3.0,,
160038,,,,,,,,880.0,,400.0,,,,,,110.0,92.0,13.0,37.0,5.0,,28.0,,97.0,30.0,1.0
160065,,,,,,,,162.0,,90.0,,,,,,19.0,3.0,8.0,,1.0,,9.0,,20.0,,
160074,,,,,,,,170.0,,90.0,,,,,,13.0,14.0,3.0,12.0,2.0,,3.0,,16.0,,
160117,,,,,,,,11.0,,5.0,,,,,,2.0,1.0,,,,,,,1.0,,
160126,,,,,,,,4.0,,3.0,,,,,,,,,,,,,,1.0,,
160199,,,,,,,,7.0,,4.0,,,,,,1.0,1.0,,,,,,,1.0,,
160320,,,,,,,,237.0,,126.0,,,,,,49.0,10.0,,,,,10.0,35.0,,,
160409,,,,,,,,65.0,,31.0,,3.0,,,,4.0,6.0,2.0,1.0,1.0,,3.0,,5.0,4.0,
160472,,,,,,,,15.0,,7.0,,,,,,2.0,4.0,,,,,,,1.0,1.0,
160481,,,,,,,,141.0,,84.0,,,,,,19.0,21.0,2.0,,,,1.0,,8.0,5.0,
160524,,,,,,,,37.0,,24.0,,,,,,7.0,2.0,,,,,1.0,2.0,1.0,,
160533,,,,,,,,42.0,,,,,,,,13.0,9.0,1.0,4.0,,,,,13.0,,
160579,,,,,,,,234.0,,128.0,,,,,,20.0,17.0,8.0,7.0,,,8.0,,31.0,7.0,
160597,,,,,,,,5.0,,4.0,,,,,,1.0,,,,,,,,,,
160612,,,,,,,,1338.0,,547.0,,,,,,82.0,63.0,40.0,112.0,8.0,,125.0,2.0,190.0,66.0,13.0
160621,,,,,,,,1058.0,,356.0,29.0,45.0,,,,62.0,49.0,31.0,54.0,6.0,,115.0,,187.0,46.0,6.0
160630,,,,,,,,290.0,,90.0,,,,,,39.0,8.0,17.0,29.0,1.0,,24.0,1.0,48.0,3.0,3.0
160649,,,,,,,,273.0,,113.0,,,,,,23.0,10.0,11.0,15.0,,,18.0,,13.0,5.0,
160658,,,,,,,,2028.0,,714.0,65.0,,,,,240.0,74.0,227.0,138.0,41.0,,107.0,8.0,262.0,87.0,22.0
160667,,,,,,,,203.0,,111.0,,,,,,24.0,33.0,1.0,2.0,,,1.0,,17.0,6.0,
160755,,,,,,,,4958.0,,1488.0,245.0,,,,,841.0,280.0,224.0,231.0,385.0,,354.0,,586.0,151.0,34.0
160904,,,,,,,,741.0,,246.0,,,,,,74.0,44.0,73.0,70.0,8.0,,72.0,2.0,102.0,5.0,17.0
160959,,,,,,,,93.0,,26.0,,,,,,5.0,8.0,5.0,8.0,,,12.0,,19.0,3.0,0.0
160977,,,,,,,,809.0,,197.0,,,,,,77.0,57.0,38.0,57.0,15.0,,156.0,16.0,83.0,26.0,12.0
160995,,,,,,,,60.0,,43.0,,,,,,5.0,1.0,1.0,,,,1.0,4.0,4.0,,
161004,,,,,,,,953.0,,234.0,,,,,,137.0,43.0,73.0,82.0,9.0,,203.0,3.0,98.0,25.0,13.0
161022,,,,,,,,28.0,,17.0,,,,,,4.0,2.0,,,,,,,1.0,,
161077,,,,,,,,171.0,,104.0,,,,,,16.0,5.0,4.0,7.0,,,14.0,,5.0,3.0,
161086,,,,,,,,770.0,,241.0,,,,,,59.0,64.0,43.0,74.0,6.0,,80.0,3.0,90.0,24.0,15.0
161138,,,,,,,,187.0,,115.0,1.0,,,,,18.0,4.0,5.0,1.0,,,9.0,1.0,14.0,3.0,
161192,,,,,,,,123.0,,66.0,,,,,,17.0,5.0,5.0,4.0,,,8.0,,10.0,2.0,
161208,,,,,,,,16.0,,8.0,,,,,,2.0,1.0,,,,,,,5.0,,
161217,,,,,,,,357.0,,142.0,,3.0,,,,19.0,26.0,2.0,34.0,2.0,,22.0,,56.0,8.0,
161226,,,,,,,,346.0,,137.0,,,,,,19.0,14.0,1.0,34.0,4.0,,54.0,,44.0,17.0,
161235,,,,,,,,131.0,,50.0,,,,,,8.0,6.0,1.0,9.0,1.0,,15.0,1.0,17.0,4.0,
161244,,,,,,,,83.0,,38.0,,,,,,2.0,4.0,1.0,9.0,1.0,,14.0,,8.0,3.0,
161253,,,,,,,,2366.0,,625.0,18.0,40.0,,,,65.0,450.0,35.0,167.0,14.0,,342.0,7.0,264.0,144.0,12.0
161280,,,,,,,,405.0,,,,,,,,54.0,99.0,172.0,13.0,,,,,61.0,1.0,
161299,,,,,,,,269.0,,92.0,,,,,,21.0,11.0,12.0,32.0,1.0,,27.0,,26.0,15.0,15.0
161341,,,,,,,,155.0,,45.0,,,,,,13.0,9.0,1.0,31.0,2.0,,15.0,,21.0,7.0,
161457,,,,,,,,1134.0,,375.0,18.0,,,,,100.0,62.0,65.0,60.0,35.0,,109.0,,130.0,20.0,
161484,,,,,,,,92.0,,45.0,,,,,,10.0,7.0,4.0,3.0,,,6.0,,7.0,4.0,
161493,,,,,,,,16.0,,10.0,,,,,,2.0,,,,,,,,2.0,,
161509,,,,,,,,121.0,,53.0,,,,,,3.0,7.0,3.0,3.0,2.0,,,,17.0,8.0,
161518,,,,,,,,338.0,,129.0,,,,,,37.0,6.0,12.0,35.0,5.0,,62.0,,23.0,7.0,
161527,,,,,,,,25.0,,15.0,,,,,,3.0,,,,,,,,3.0,,
161545,,,,,,,,372.0,,216.0,,,,,,21.0,12.0,12.0,9.0,1.0,,27.0,,27.0,7.0,
161554,,,,,,,,1236.0,,469.0,9.0,,,,,51.0,207.0,22.0,104.0,7.0,,85.0,,153.0,50.0,
161563,,,,,,,,162.0,,45.0,,,,,,26.0,3.0,2.0,19.0,4.0,,19.0,,13.0,5.0,1.0
161572,,,,,,,,238.0,,65.0,,,,,,32.0,3.0,7.0,3.0,3.0,,53.0,2.0,23.0,2.0,
161581,,,,,,,,71.0,,32.0,,,,,,9.0,2.0,2.0,3.0,,,6.0,,4.0,4.0,
161688,,,,,,,,356.0,,121.0,,15.0,,,,35.0,17.0,17.0,12.0,1.0,,6.0,6.0,51.0,26.0,6.0
161767,,,,,,,,1211.0,,437.0,,140.0,,,,84.0,50.0,61.0,11.0,7.0,,100.0,4.0,194.0,,
161800,,,,,,,,9.0,,6.0,,,,,,2.0,0.0,,,,,,,,1.0,
161855,,,,,,,,7.0,,4.0,,,,,,1.0,,,,,,,,2.0,,
161864,,,,,,,,490.0,,157.0,,28.0,,,,56.0,43.0,11.0,55.0,,,19.0,,73.0,25.0,2.0
161873,,,,,,,,695.0,,240.0,,12.0,,,,122.0,82.0,57.0,37.0,,,61.0,1.0,51.0,4.0,2.0
162007,,,,,,,,759.0,,317.0,,,,,,99.0,101.0,22.0,46.0,4.0,,29.0,1.0,109.0,13.0,7.0
162061,,,,,,,,86.0,,40.0,,,,,,7.0,3.0,4.0,1.0,,,6.0,,9.0,,
162104,,,,,,,,305.0,,105.0,,16.0,,,,13.0,17.0,5.0,27.0,0.0,,2.0,,99.0,,
162122,,,,,,,,571.0,,121.0,,1.0,,,,53.0,47.0,23.0,32.0,4.0,,17.0,1.0,118.0,45.0,
162168,,,,,,,,292.0,,71.0,,8.0,,,,30.0,17.0,17.0,15.0,1.0,,21.0,,43.0,4.0,0.0
162210,,,,,,,,197.0,,93.0,,,,,,24.0,12.0,8.0,13.0,,,9.0,,13.0,8.0,5.0
162283,,,,,,,,485.0,,164.0,,,,,,83.0,62.0,20.0,23.0,2.0,,21.0,,87.0,8.0,4.0
162335,,,,,,,,6.0,,3.0,,,,,,1.0,0.0,,,,,,,1.0,,
162371,,,,,,,,61.0,,27.0,,,,,,3.0,2.0,,0.0,,,4.0,9.0,2.0,1.0,
162557,,,,,,,,647.0,,197.0,,55.0,,,,76.0,21.0,27.0,50.0,3.0,,21.0,,111.0,36.0,4.0
162584,,,,,,,,780.0,,278.0,,,,,,85.0,71.0,32.0,47.0,7.0,,80.0,1.0,122.0,33.0,5.0
162609,,,,,,,,165.0,,30.0,,11.0,,,,16.0,5.0,4.0,2.0,,,15.0,2.0,49.0,22.0,2.0
162654,,,,,,,,487.0,,176.0,,,,,,51.0,27.0,21.0,52.0,2.0,,56.0,1.0,44.0,21.0,1.0
162690,,,,,,,,362.0,,125.0,,15.0,,,,43.0,8.0,11.0,25.0,1.0,,30.0,2.0,49.0,9.0,1.0
162706,,,,,,,,562.0,,177.0,,39.0,,,,30.0,35.0,33.0,42.0,,,37.0,6.0,51.0,13.0,
162760,,,,,,,,302.0,,148.0,,,,,,31.0,17.0,15.0,28.0,3.0,,9.0,,35.0,,1.0
162779,,,,,,,,887.0,,376.0,,45.0,,,,39.0,44.0,48.0,38.0,11.0,,2.0,,88.0,73.0,9.0
162830,,,,,,,,21.0,,10.0,,,,,,1.0,2.0,,1.0,,,,1.0,1.0,,
162928,,,,,,,,18086.0,,3938.0,1009.0,,,,,208.0,2296.0,2672.0,559.0,2919.0,,654.0,,2806.0,185.0,10.0
163028,,,,,,,,82.0,,40.0,,,,,,19.0,,1.0,,,,4.0,,13.0,,2.0
163046,,,,,,,,1058.0,,393.0,,,,,,222.0,25.0,57.0,76.0,11.0,,113.0,,128.0,12.0,20.0
163204,,,,,,,,2811.0,,1386.0,,,,,,289.0,579.0,34.0,157.0,,,6.0,,278.0,1.0,
163259,,,,,,,,6177.0,,2091.0,494.0,,,,,736.0,704.0,884.0,291.0,184.0,,352.0,7.0,265.0,82.0,11.0
163268,,,,,,,,2110.0,,681.0,153.0,,,,,380.0,309.0,143.0,123.0,17.0,,38.0,7.0,156.0,40.0,18.0
163286,,,,,,,,9526.0,,2115.0,1683.0,,,,,130.0,2283.0,776.0,566.0,57.0,,714.0,1.0,306.0,439.0,164.0
163295,,,,,,,,684.0,,322.0,,9.0,,,,147.0,5.0,22.0,19.0,,,42.0,18.0,56.0,29.0,2.0
163338,,,,,,,,701.0,,235.0,6.0,2.0,,,,82.0,49.0,47.0,51.0,3.0,,75.0,,94.0,37.0,9.0
163347,,,,,,,,32.0,,8.0,,,,,,5.0,4.0,,,,,,6.0,1.0,1.0,
163408,,,,,,,,9.0,,5.0,,,,,,3.0,0.0,,,,,,,,1.0,
163426,,,,,,,,2186.0,,752.0,,78.0,,,,198.0,125.0,323.0,,7.0,,237.0,5.0,241.0,65.0,3.0
163453,,,,,,,,1729.0,,541.0,28.0,8.0,,,,154.0,192.0,78.0,59.0,39.0,,104.0,14.0,307.0,139.0,19.0
163462,,,,,,,,445.0,,172.0,,,,,,62.0,20.0,10.0,59.0,9.0,,16.0,,74.0,1.0,
163532,,,,,,,,57.0,,12.0,1.0,,,,,6.0,,1.0,1.0,,,17.0,5.0,6.0,,
163541,,,,,,,,23.0,,11.0,,,,,,4.0,2.0,,,,,,2.0,2.0,1.0,
163578,,,,,,,,315.0,,135.0,,,,,,45.0,14.0,21.0,24.0,1.0,,16.0,,31.0,6.0,0.0
163657,,,,,,,,1210.0,,383.0,,185.0,,,,55.0,64.0,91.0,70.0,3.0,,103.0,0.0,103.0,16.0,6.0
163754,,,,,,,,30.0,,9.0,,,,,,6.0,2.0,,,,,10.0,1.0,2.0,,
163815,,,,,,,,5.0,,3.0,,,,,,1.0,,,,,,,,1.0,,
163851,,,,,,,,1357.0,,521.0,1.0,,,,,137.0,98.0,59.0,61.0,9.0,,139.0,8.0,248.0,45.0,4.0
163912,,,,,,,,420.0,,150.0,1.0,,,,,43.0,28.0,15.0,53.0,3.0,,54.0,0.0,46.0,10.0,
163976,,,,,,,,167.0,,59.0,,,,,,21.0,4.0,5.0,7.0,7.0,,26.0,6.0,7.0,4.0,
164076,,,,,,,,2711.0,,1208.0,,,,,,315.0,333.0,140.0,133.0,21.0,,67.0,13.0,272.0,103.0,54.0
164085,,,,,,,,152.0,,71.0,1.0,,,,,33.0,4.0,6.0,,1.0,,0.0,,9.0,1.0,
164146,,,,,,,,97.0,,,,,,,,37.0,31.0,12.0,6.0,,,1.0,,9.0,2.0,
164155,,,,,,,,880.0,,324.0,15.0,,,,,92.0,62.0,105.0,19.0,8.0,,54.0,,89.0,36.0,30.0
164173,,,,,,,,549.0,,211.0,,,,,,53.0,22.0,23.0,49.0,27.0,,32.0,3.0,33.0,14.0,10.0
164216,,,,,,,,428.0,,125.0,,,,,,38.0,23.0,22.0,42.0,6.0,,66.0,,40.0,14.0,4.0
164270,,,,,,,,563.0,,290.0,,,,,,51.0,23.0,8.0,78.0,1.0,,20.0,1.0,53.0,21.0,1.0
164313,,,,,,,,315.0,,98.0,,32.0,,,,9.0,14.0,14.0,5.0,1.0,,33.0,,63.0,4.0,
164368,,,,,,,,223.0,,63.0,,,,,,7.0,11.0,6.0,5.0,1.0,,,54.0,4.0,,
164447,,,,,,,,396.0,,185.0,,,,,,30.0,29.0,9.0,51.0,3.0,,,,27.0,,
164465,,,,,,,,996.0,,267.0,,,,,,97.0,66.0,76.0,84.0,10.0,,168.0,,135.0,36.0,6.0
164492,,,,,,,,200.0,,94.0,,,,,,22.0,5.0,3.0,28.0,6.0,,2.0,,30.0,,1.0
164535,,,,,,,,6.0,,4.0,,,,,,1.0,,,,,,,,1.0,,
164562,,,,,,,,401.0,,191.0,,,,,,68.0,5.0,4.0,51.0,6.0,,26.0,1.0,34.0,,
164580,,,,,,,,878.0,,216.0,,,,,,73.0,117.0,57.0,115.0,10.0,,80.0,2.0,98.0,34.0,
164599,,,,,,,,9.0,,4.0,,,,,,5.0,,,,,,,,,,
164614,,,,,,,,13.0,,6.0,,,,,,4.0,0.0,,,,,,,2.0,0.0,
164632,,,,,,,,420.0,,166.0,,,,,,47.0,11.0,16.0,35.0,1.0,,26.0,2.0,44.0,,2.0
164641,,,,,,,,96.0,,37.0,,,,,,5.0,4.0,5.0,1.0,,,0.0,,29.0,2.0,
164720,,,,,,,,284.0,,104.0,,,,,,38.0,6.0,,22.0,12.0,,23.0,10.0,16.0,,7.0
164739,,,,,,,,960.0,,342.0,,,,,,119.0,69.0,80.0,130.0,5.0,,80.0,,95.0,11.0,
164748,,,,,,,,1292.0,,529.0,,,,,,216.0,63.0,84.0,171.0,2.0,,24.0,,145.0,7.0,
164775,,,,,,,,211.0,,78.0,,,,,,35.0,7.0,9.0,3.0,,,4.0,,27.0,15.0,
164845,,,,,,,,11.0,,7.0,,,,,,1.0,,,,,,,,1.0,1.0,
164872,,,,,,,,167.0,,82.0,,,,,,13.0,10.0,14.0,9.0,,,6.0,,8.0,4.0,
164915,,,,,,,,24.0,,15.0,0.0,,,,,2.0,1.0,,,,,,0.0,2.0,0.0,
164924,,,,,,,,3755.0,,1039.0,252.0,,,,,524.0,214.0,243.0,271.0,34.0,,478.0,32.0,371.0,99.0,27.0
164988,,,,,,,,9556.0,,3366.0,622.0,,,,,1009.0,918.0,879.0,884.0,117.0,,850.0,11.0,634.0,117.0,20.0
165015,,,,,,,,1646.0,,436.0,175.0,,,,,88.0,131.0,157.0,107.0,5.0,,119.0,,177.0,34.0,11.0
165024,,,,,,,,1276.0,,507.0,,,,,,37.0,269.0,47.0,26.0,8.0,,157.0,,165.0,33.0,5.0
165033,,,,,,,,617.0,,271.0,,15.0,,,,61.0,23.0,28.0,13.0,2.0,,29.0,,73.0,8.0,
165060,,,,,,,,28.0,,20.0,,,,,,2.0,2.0,,1.0,,,,,3.0,,
165112,,,,,,,,672.0,,324.0,,,,,,91.0,,39.0,50.0,,,27.0,1.0,105.0,9.0,
165167,,,,,,,,214.0,,113.0,1.0,,,,,29.0,8.0,11.0,,,,,,7.0,,
165194,,,,,,,,314.0,,144.0,,,,,,28.0,3.0,16.0,21.0,,,16.0,,42.0,4.0,
165255,,,,,,,,22.0,,6.0,,,,,,8.0,1.0,,,,,3.0,,4.0,,
165264,,,,,,,,137.0,,87.0,,,,,,13.0,3.0,3.0,1.0,,,,,18.0,,
165334,,,,,,,,703.0,,268.0,9.0,,,,,34.0,44.0,44.0,66.0,2.0,,75.0,,85.0,21.0,5.0
165495,,,,,,,,8.0,,3.0,,,,,,3.0,1.0,,,,,,1.0,,,
165529,,,,,,,,432.0,,189.0,,,,,,37.0,17.0,11.0,42.0,4.0,,28.0,,47.0,11.0,2.0
165556,,,,,,,,29.0,,10.0,,,,,,11.0,0.0,0.0,,,,,,7.0,,
165574,,,,,,,,239.0,,70.0,,,,,,35.0,27.0,9.0,18.0,4.0,,3.0,,12.0,8.0,0.0
165608,,,,,,,,9.0,,6.0,,,,,,1.0,,,,,,,,1.0,,
165635,,,,,,,,34.0,,12.0,,,,,,9.0,,,,,,,6.0,6.0,,
165644,,,,,,,,165.0,,62.0,,,,,,18.0,10.0,8.0,13.0,1.0,,10.0,6.0,10.0,4.0,
165662,,,,,,,,876.0,,313.0,,,,,,219.0,64.0,34.0,96.0,28.0,,46.0,,36.0,4.0,2.0
165671,,,,,,,,346.0,,134.0,,,,,,46.0,92.0,12.0,5.0,1.0,,27.0,,18.0,5.0,
165699,,,,,,,,676.0,,232.0,,,,,,65.0,40.0,23.0,73.0,6.0,,63.0,,57.0,26.0,
165750,,,,,,,,8.0,,3.0,,,,,,2.0,,,,,,0.0,,3.0,,
165802,,,,,,,,174.0,,80.0,1.0,10.0,,,,9.0,14.0,4.0,11.0,1.0,,,,1.0,3.0,
165820,,,,,,,,633.0,,265.0,,,,,,50.0,9.0,23.0,23.0,5.0,,79.0,,82.0,12.0,15.0
165866,,,,,,,,595.0,,240.0,,,,,,94.0,6.0,21.0,8.0,5.0,,64.0,,61.0,18.0,15.0
165884,,,,,,,,130.0,,62.0,,,,,,12.0,10.0,3.0,2.0,,,,,4.0,6.0,
165936,,,,,,,,483.0,,135.0,,,,,,37.0,29.0,16.0,40.0,9.0,,84.0,2.0,42.0,9.0,1.0
165945,,,,,,,,136.0,,32.0,1.0,,,,,24.0,8.0,8.0,1.0,,,10.0,,36.0,4.0,
165981,,,,,,,,213.0,,80.0,,,,,,25.0,7.0,14.0,4.0,1.0,,3.0,,26.0,16.0,4.0
166018,,,,,,,,257.0,,67.0,,,,,,20.0,10.0,14.0,14.0,,,52.0,3.0,24.0,9.0,1.0
166027,,,,,,,,17989.0,,2273.0,2383.0,,,,,1647.0,3011.0,2528.0,781.0,163.0,,1313.0,,2246.0,137.0,50.0
166045,,,,,,,,65.0,,20.0,,,,,,16.0,4.0,2.0,6.0,,,,,8.0,4.0,
166054,,,,,,,,71.0,,26.0,,,,,,18.0,3.0,,11.0,,,6.0,,4.0,,
166124,,,,,,,,1109.0,,309.0,,,,,,74.0,61.0,47.0,130.0,10.0,,250.0,2.0,128.0,29.0,6.0
166133,,,,,,,,562.0,,215.0,,,,,,59.0,3.0,19.0,25.0,2.0,,35.0,,92.0,6.0,9.0
166391,,,,,,,,367.0,,132.0,,,,,,49.0,24.0,17.0,37.0,4.0,,27.0,,18.0,14.0,
166407,,,,,,,,55.0,,44.0,,,,,,3.0,,1.0,,,,,,1.0,,
166452,,,,,,,,634.0,,290.0,,,,,,92.0,22.0,20.0,40.0,3.0,,5.0,,154.0,,
166489,,,,,,,,100.0,,66.0,,,,,,9.0,5.0,1.0,5.0,,,2.0,,3.0,,
166498,,,,,,,,15.0,,5.0,,,,,,1.0,1.0,,,,,5.0,,1.0,1.0,
166513,,,,,,,,1960.0,,811.0,42.0,,,,,391.0,93.0,139.0,115.0,15.0,,148.0,,155.0,31.0,3.0
166629,,,,,,,,6276.0,,1570.0,272.0,27.0,,,,217.0,408.0,527.0,290.0,92.0,,1273.0,8.0,746.0,279.0,114.0
166638,,,,,,,,1910.0,,838.0,,,,,,72.0,106.0,170.0,334.0,29.0,,36.0,1.0,223.0,8.0,16.0
166647,,,,,,,,355.0,,164.0,,,,,,58.0,7.0,11.0,,,,6.0,,45.0,7.0,
166656,,,,,,,,937.0,,452.0,,,,,,154.0,11.0,28.0,14.0,109.0,,33.0,,53.0,1.0,
166665,,,,,,,,381.0,,,,,,,,83.0,110.0,133.0,28.0,,,,,27.0,1.0,
166674,,,,,,,,453.0,,188.0,,,,,,78.0,7.0,14.0,1.0,,,54.0,,71.0,,16.0
166683,,,,,,,,13264.0,,1485.0,4628.0,,,,,176.0,1484.0,1235.0,884.0,302.0,,506.0,57.0,1583.0,755.0,23.0
166692,,,,,,,,297.0,,109.0,0.0,,,,,30.0,12.0,13.0,15.0,4.0,,19.0,,24.0,20.0,12.0
166708,,,,,,,,4842.0,,1331.0,488.0,,,,,163.0,1126.0,226.0,12.0,937.0,,139.0,,295.0,55.0,48.0
166717,,,,,,,,174.0,,89.0,4.0,,,,,27.0,6.0,6.0,20.0,,,5.0,3.0,13.0,,
166805,,,,,,,,5.0,,2.0,,,,,,,,,,,,,,2.0,,
166823,,,,,,,,575.0,,255.0,3.0,,,,,70.0,8.0,27.0,17.0,1.0,,45.0,,61.0,7.0,
166850,,,,,,,,723.0,,282.0,,,,,,43.0,40.0,17.0,71.0,3.0,,59.0,,61.0,,
166869,,,,,,,,237.0,,107.0,16.0,,,,,23.0,15.0,10.0,,,,,,44.0,,
166887,,,,,,,,577.0,,231.0,,,,,,52.0,31.0,30.0,10.0,1.0,,50.0,,71.0,,
166911,,,,,,,,72.0,,34.0,,,,,,7.0,2.0,4.0,1.0,1.0,,3.0,,4.0,,
166939,,,,,,,,936.0,,237.0,,,,,,92.0,65.0,73.0,53.0,5.0,,191.0,3.0,86.0,45.0,6.0
166957,,,,,,,,584.0,,207.0,,,,,,73.0,16.0,12.0,65.0,6.0,,68.0,,68.0,8.0,
167039,,,,,,,,2.0,,1.0,,,,,,1.0,,,,,,,,,,
167057,,,,,,,,378.0,,228.0,,,,,,53.0,17.0,6.0,24.0,2.0,,17.0,,21.0,1.0,
167093,,,,,,,,134.0,,52.0,3.0,,,,,21.0,11.0,4.0,2.0,7.0,,5.0,,21.0,,1.0
167215,,,,,,,,106.0,,43.0,10.0,,,,,22.0,6.0,8.0,,,,5.0,,2.0,,
167260,,,,,,,,231.0,,82.0,,,,,,36.0,8.0,6.0,35.0,4.0,,5.0,,19.0,5.0,
167288,,,,,,,,358.0,,118.0,,,,,,27.0,20.0,14.0,17.0,6.0,,48.0,,39.0,15.0,
167297,,,,,,,,31.0,,14.0,,,,,,8.0,1.0,,,,,1.0,,4.0,1.0,
167312,,,,,,,,577.0,,242.0,,,,,,49.0,11.0,10.0,25.0,1.0,,48.0,,106.0,7.0,2.0
167358,,,,,,,,4406.0,,1509.0,227.0,,,,,201.0,538.0,375.0,438.0,45.0,,185.0,,232.0,90.0,12.0
167376,,,,,,,,499.0,,188.0,,,,,,74.0,12.0,31.0,4.0,,,7.0,,68.0,7.0,
167394,,,,,,,,234.0,,108.0,,,,,,18.0,9.0,10.0,27.0,3.0,,8.0,,28.0,,
167455,,,,,,,,119.0,,50.0,2.0,,,,,8.0,5.0,,18.0,,,3.0,3.0,4.0,4.0,5.0
167464,,,,,,,,33.0,,18.0,,,,,,3.0,0.0,,0.0,,,6.0,1.0,3.0,,
167525,,,,,,,,234.0,,127.0,4.0,,,,,25.0,8.0,5.0,10.0,,,13.0,,7.0,,
167534,,,,,,,,669.0,,269.0,,,,,,75.0,31.0,36.0,53.0,3.0,,40.0,,68.0,6.0,3.0
167598,,,,,,,,480.0,,217.0,,,,,,42.0,9.0,15.0,24.0,8.0,,36.0,,44.0,7.0,1.0
167631,,,,,,,,290.0,,113.0,1.0,,,,,39.0,19.0,6.0,3.0,1.0,,19.0,,19.0,5.0,1.0
167677,,,,,,,,28.0,,19.0,,,,,,2.0,2.0,,,,,1.0,,3.0,,
167729,,,,,,,,1008.0,,464.0,,,,,,35.0,89.0,48.0,50.0,11.0,,96.0,,58.0,18.0,6.0
167783,,,,,,,,862.0,,478.0,,,,,,67.0,81.0,33.0,39.0,8.0,,24.0,,65.0,10.0,
167792,,,,,,,,208.0,,65.0,,,,,,7.0,6.0,6.0,7.0,8.0,,61.0,3.0,13.0,10.0,6.0
167835,,,,,,,,1197.0,,378.0,,,,,,63.0,141.0,80.0,44.0,4.0,,153.0,2.0,148.0,38.0,15.0
167871,,,,,,,,24.0,,18.0,,,,,,2.0,,,,,,,,2.0,,
167899,,,,,,,,690.0,,261.0,,,,,,46.0,39.0,24.0,26.0,8.0,,103.0,,94.0,14.0,3.0
167905,,,,,,,,510.0,,219.0,,,,,,48.0,20.0,22.0,21.0,5.0,,37.0,,66.0,11.0,10.0
167987,,,,,,,,1178.0,,463.0,3.0,,,,,158.0,46.0,88.0,60.0,7.0,,101.0,,166.0,29.0,17.0
167996,,,,,,,,640.0,,223.0,,,,,,122.0,15.0,30.0,52.0,5.0,,96.0,,63.0,16.0,
168005,,,,,,,,1097.0,,455.0,,,,,,68.0,211.0,49.0,71.0,7.0,,59.0,,136.0,,
168032,,,,,,,,4.0,,2.0,,,,,,1.0,,,,,,,,1.0,,
168148,,,,,,,,4464.0,,1111.0,428.0,,,,,532.0,382.0,325.0,165.0,251.0,,491.0,,576.0,79.0,4.0
168218,,,,,,,,1121.0,,362.0,,,,,,80.0,73.0,97.0,67.0,8.0,,237.0,,101.0,41.0,5.0
168227,,,,,,,,622.0,,234.0,,,,,,69.0,50.0,60.0,54.0,3.0,,26.0,,40.0,25.0,
168254,,,,,,,,717.0,,263.0,,,,,,86.0,20.0,35.0,47.0,11.0,,122.0,,69.0,16.0,4.0
168263,,,,,,,,859.0,,332.0,,,,,,53.0,30.0,29.0,39.0,7.0,,161.0,,110.0,32.0,
168281,,,,,,,,488.0,,156.0,,,,,,67.0,33.0,20.0,59.0,4.0,,58.0,,42.0,15.0,6.0
168342,,,,,,,,1151.0,,335.0,,,,,,145.0,65.0,79.0,75.0,6.0,,191.0,,119.0,36.0,12.0
168421,,,,,,,,1282.0,,450.0,38.0,,,,,118.0,121.0,114.0,126.0,7.0,,105.0,,151.0,20.0,
168430,,,,,,,,719.0,,289.0,,,,,,89.0,24.0,27.0,46.0,4.0,,72.0,1.0,95.0,26.0,6.0
168528,,,,,,,,348.0,,129.0,,,,,,23.0,10.0,9.0,81.0,1.0,,47.0,7.0,28.0,,1.0
168546,,,,,,,,420.0,,128.0,,,,,,53.0,30.0,19.0,62.0,4.0,,29.0,,46.0,16.0,4.0
168555,,,,,,,,5.0,,4.0,,,,,,,,,,,,,,0.0,,
168573,,,,,,,,40.0,,10.0,,,,,,6.0,,,,,,,5.0,10.0,1.0,
168591,,,,,,,,293.0,,117.0,,,,,,28.0,8.0,11.0,48.0,,,0.0,8.0,15.0,11.0,
168607,,,,,,,,134.0,,67.0,,1.0,,,,24.0,3.0,5.0,2.0,,,6.0,,16.0,5.0,0.0
168740,,,,,,,,755.0,,251.0,,,,,,81.0,30.0,40.0,21.0,,,70.0,4.0,161.0,24.0,8.0
168786,,,,,,,,312.0,,124.0,,,,,,12.0,20.0,5.0,66.0,,,36.0,,13.0,,
168847,,,,,,,,941.0,,570.0,,,,,,69.0,15.0,31.0,,,,70.0,,54.0,,
168883,,,,,,,,159.0,,70.0,,,,,,10.0,9.0,9.0,8.0,,,8.0,,16.0,5.0,
168892,,,,,,,,7.0,,5.0,,,,,,1.0,,,,,,,,1.0,,
169080,,,,,,,,707.0,,285.0,,,,,,37.0,49.0,44.0,106.0,13.0,,51.0,,84.0,17.0,1.0
169099,,,,,,,,44.0,,14.0,,,,,,5.0,5.0,3.0,,,,,,9.0,1.0,
169187,,,,,,,,21.0,,12.0,,,,,,1.0,2.0,,,,,,,2.0,,
169220,,,,,,,,33.0,,20.0,,,,,,5.0,,,1.0,,,,,1.0,,
169248,,,,,,,,2457.0,,898.0,6.0,,,,,146.0,207.0,172.0,291.0,40.0,,160.0,6.0,350.0,81.0,29.0
169275,,,,,,,,514.0,,220.0,,,,,,65.0,25.0,18.0,55.0,0.0,,47.0,,60.0,4.0,
169284,,,,,,,,19.0,,11.0,,,,,,3.0,,,,,,,,3.0,,
169327,,,,,,,,96.0,,27.0,,,,,,17.0,,2.0,8.0,,,13.0,,4.0,,
169363,,,,,,,,203.0,,94.0,,,,,,40.0,,3.0,24.0,0.0,,28.0,4.0,8.0,,
169424,,,,,,,,43.0,,11.0,,,,,,6.0,4.0,3.0,,,,,4.0,6.0,,3.0
169442,,,,,,,,371.0,,135.0,,5.0,,,,66.0,8.0,15.0,11.0,,,17.0,,39.0,25.0,
169479,,,,,,,,663.0,,250.0,,,,,,87.0,31.0,36.0,139.0,4.0,,19.0,1.0,43.0,7.0,4.0
169503,,,,,,,,17.0,,10.0,,,,,,2.0,3.0,,,,,,,2.0,,
169521,,,,,,,,597.0,,279.0,,,,,,69.0,10.0,,35.0,1.0,,52.0,,111.0,2.0,2.0
169576,,,,,,,,7.0,,3.0,,,,,,2.0,1.0,,,,,,,1.0,0.0,
169628,,,,,,,,102.0,,46.0,,,,,,6.0,5.0,3.0,10.0,,,,,19.0,,
169655,,,,,,,,170.0,,72.0,,,,,,1.0,3.0,1.0,1.0,,,30.0,22.0,26.0,,
169716,,,,,,,,1015.0,,444.0,,,,,,66.0,43.0,47.0,68.0,36.0,,53.0,1.0,107.0,24.0,1.0
169734,,,,,,,,60.0,,30.0,,,,,,10.0,,,,,,,,11.0,,
169761,,,,,,,,21.0,,4.0,,,,,,6.0,,,,,,,,4.0,,
169798,,,,,,,,1753.0,,858.0,,,,,,237.0,55.0,70.0,125.0,17.0,,155.0,1.0,145.0,38.0,12.0
169813,,,,,,,,4.0,,2.0,,,,,,1.0,1.0,,,,,,,0.0,,
169910,,,,,,,,1353.0,,566.0,,,,,,65.0,87.0,64.0,45.0,13.0,,188.0,4.0,188.0,50.0,6.0
169947,,,,,,,,5.0,,3.0,,,,,,1.0,,,,,,,,1.0,,
169974,,,,,,,,91.0,,27.0,,,,,,20.0,3.0,4.0,,,,10.0,,15.0,,
169983,,,,,,,,389.0,,113.0,,,,,,58.0,37.0,37.0,9.0,,,34.0,14.0,40.0,13.0,
169992,,,,,,,,99.0,,52.0,,,,,,13.0,2.0,2.0,2.0,,,7.0,2.0,17.0,2.0,
170000,,,,,,,,146.0,,57.0,,,,,,9.0,13.0,4.0,18.0,0.0,,2.0,,38.0,,
170037,,,,,,,,316.0,,102.0,,,,,,47.0,8.0,11.0,35.0,1.0,,20.0,,37.0,3.0,
170055,,,,,,,,810.0,,386.0,,,,,,72.0,36.0,40.0,66.0,1.0,,74.0,,101.0,14.0,4.0
170082,,,,,,,,2759.0,,1341.0,,,,,,113.0,223.0,154.0,259.0,17.0,,177.0,10.0,332.0,61.0,11.0
170091,,,,,,,,32.0,,14.0,,,,,,5.0,,0.0,2.0,,,0.0,,5.0,1.0,
170240,,,,,,,,658.0,,330.0,,,,,,29.0,11.0,31.0,26.0,1.0,,67.0,3.0,114.0,,2.0
170286,,,,,,,,621.0,,167.0,,,,,,57.0,34.0,21.0,57.0,6.0,,90.0,3.0,92.0,16.0,5.0
170301,,,,,,,,739.0,,263.0,7.0,,,,,48.0,33.0,36.0,93.0,7.0,,72.0,3.0,92.0,16.0,9.0
170444,,,,,,,,236.0,,70.0,,,,,,40.0,9.0,10.0,4.0,,,31.0,,35.0,8.0,
170532,,,,,,,,380.0,,125.0,,0.0,,,,63.0,26.0,16.0,37.0,4.0,,36.0,,47.0,11.0,4.0
170541,,,,,,,,667.0,,287.0,,,,,,39.0,25.0,26.0,24.0,,,62.0,,111.0,6.0,
170550,,,,,,,,394.0,,217.0,2.0,1.0,,,,61.0,7.0,7.0,23.0,,,2.0,1.0,51.0,5.0,0.0
170587,,,,,,,,100.0,,34.0,,,,,,6.0,7.0,8.0,5.0,,,11.0,,15.0,,1.0
170611,,,,,,,,19.0,,7.0,,,,,,3.0,,,,,,2.0,,2.0,,
170620,,,,,,,,256.0,,108.0,,,,,,37.0,4.0,12.0,18.0,,,14.0,,41.0,2.0,
170639,,,,,,,,347.0,,117.0,,,,,,22.0,28.0,17.0,23.0,5.0,,58.0,,33.0,17.0,
170657,,,,,,,,1099.0,,588.0,,,,,,223.0,38.0,16.0,21.0,,,26.0,,149.0,,6.0
170675,,,,,,,,443.0,,181.0,,,,,,86.0,12.0,31.0,50.0,,,11.0,,63.0,,
170736,,,,,,,,3.0,,2.0,,,,,,,,,,,,,,1.0,,
170790,,,,,,,,1054.0,,419.0,,,,,,63.0,59.0,95.0,64.0,,,60.0,,123.0,39.0,
170806,,,,,,,,371.0,,167.0,,,,,,54.0,10.0,,25.0,5.0,,22.0,,17.0,10.0,
170967,,,,,,,,156.0,,67.0,,,,,,13.0,6.0,6.0,15.0,1.0,,6.0,1.0,12.0,5.0,
170976,,,,,,,,23141.0,,7312.0,,,,,,1691.0,2999.0,4100.0,595.0,576.0,,1647.0,,2108.0,698.0,210.0
171012,,,,,,,,13.0,,4.0,,,,,,2.0,1.0,,,,,1.0,,3.0,,
171100,,,,,,,,12427.0,,3118.0,596.0,457.0,,,,1010.0,1392.0,1516.0,422.0,389.0,,972.0,4.0,1088.0,365.0,171.0
171128,,,,,,,,1450.0,,419.0,143.0,,,,,59.0,167.0,134.0,84.0,6.0,,158.0,,167.0,39.0,15.0
171137,,,,,,,,948.0,,430.0,2.0,,,,,99.0,100.0,43.0,10.0,7.0,,40.0,,78.0,16.0,6.0
171146,,,,,,,,868.0,,385.0,,,,,,85.0,92.0,42.0,11.0,4.0,,58.0,,92.0,17.0,7.0
171155,,,,,,,,194.0,,77.0,,2.0,,,,42.0,6.0,8.0,16.0,,,9.0,3.0,16.0,6.0,
171225,,,,,,,,223.0,,96.0,,,,,,30.0,4.0,11.0,8.0,,,23.0,,32.0,4.0,
171234,,,,,,,,134.0,,57.0,,,,,,19.0,1.0,10.0,3.0,,,13.0,,21.0,,
171304,,,,,,,,283.0,,133.0,,,,,,30.0,9.0,4.0,18.0,,,29.0,,50.0,,
171395,,,,,,,,97.0,,33.0,,,,,,11.0,4.0,5.0,4.0,,,8.0,,10.0,4.0,
171456,,,,,,,,971.0,,349.0,1.0,,,,,76.0,47.0,47.0,75.0,14.0,,127.0,4.0,130.0,30.0,6.0
171483,,,,,,,,437.0,,138.0,,,,,,29.0,23.0,23.0,19.0,1.0,,62.0,3.0,80.0,5.0,2.0
171492,,,,,,,,491.0,,213.0,,,,,,39.0,43.0,17.0,78.0,4.0,,27.0,2.0,40.0,13.0,
171535,,,,,,,,874.0,,375.0,,,,,,88.0,35.0,32.0,45.0,,,68.0,,175.0,7.0,23.0
171571,,,,,,,,2031.0,,855.0,7.0,,,,,79.0,161.0,113.0,155.0,9.0,,132.0,,246.0,50.0,1.0
171599,,,,,,,,182.0,,57.0,,,,,,26.0,11.0,3.0,44.0,2.0,,18.0,,8.0,7.0,
171775,,,,,,,,4.0,,3.0,,,,,,1.0,,,,,,,,,,
171881,,,,,,,,37.0,,12.0,,,,,,9.0,,1.0,4.0,,,3.0,,6.0,,
171988,,,,,,,,15.0,,6.0,,,,,,3.0,,,,,,,,2.0,,
171997,,,,,,,,16.0,,7.0,,,,,,3.0,,,,,,,,1.0,,
172015,,,,,,,,16.0,,8.0,,,,,,3.0,,,,,,,,1.0,,
172033,,,,,,,,60.0,,26.0,,,,,,14.0,1.0,1.0,,,,,,6.0,,
172051,,,,,,,,857.0,,374.0,,,,,,94.0,22.0,34.0,79.0,14.0,,70.0,1.0,98.0,19.0,
172200,,,,,,,,570.0,,219.0,,,,,,60.0,17.0,35.0,5.0,,,76.0,3.0,54.0,,
172264,,,,,,,,321.0,,126.0,,,,,,59.0,8.0,11.0,37.0,2.0,,23.0,,17.0,6.0,
172291,,,,,,,,239.0,,111.0,,,,,,36.0,13.0,2.0,24.0,,,21.0,,24.0,,
172307,,,,,,,,192.0,,83.0,,,,,,24.0,8.0,12.0,16.0,,,8.0,2.0,9.0,8.0,
172325,,,,,,,,51.0,,14.0,,,,,,12.0,3.0,2.0,3.0,,,,,3.0,,
172334,,,,,,,,361.0,,169.0,,,,,,45.0,19.0,8.0,22.0,2.0,,9.0,,74.0,6.0,
172422,,,,,,,,77.0,,27.0,,,,,,5.0,2.0,1.0,7.0,,,30.0,,5.0,,
172440,,,,,,,,146.0,,36.0,,1.0,,,,22.0,4.0,1.0,20.0,,,18.0,,9.0,8.0,
172477,,,,,,,,246.0,,73.0,,,,,,36.0,5.0,12.0,8.0,,,1.0,3.0,25.0,11.0,
172495,,,,,,,,18.0,,9.0,,,,,,5.0,2.0,,,,,,,1.0,,
172608,,,,,,,,169.0,,68.0,,,,,,21.0,8.0,,17.0,,,7.0,,29.0,,0.0
172617,,,,,,,,811.0,,326.0,3.0,,,,,107.0,30.0,26.0,29.0,,,61.0,,115.0,25.0,
172635,,,,,,,,715.0,,247.0,,,,,,31.0,41.0,19.0,5.0,,,79.0,,122.0,,1.0
172644,,,,,,,,5518.0,,1934.0,765.0,,,,,536.0,622.0,232.0,101.0,132.0,,285.0,3.0,481.0,47.0,81.0
172671,,,,,,,,102.0,,45.0,1.0,,,,,19.0,1.0,5.0,,,,11.0,,14.0,2.0,
172680,,,,,,,,13.0,,8.0,,,,,,1.0,,,,,,,2.0,2.0,,
172699,,,,,,,,2815.0,,1031.0,,,,,,86.0,224.0,202.0,153.0,28.0,,344.0,1.0,327.0,136.0,34.0
172705,,,,,,,,49.0,,13.0,,,,,,6.0,1.0,,,,,,5.0,10.0,2.0,
172802,,,,,,,,6.0,,5.0,,,,,,1.0,,,,,,,,0.0,,
172866,,,,,,,,19.0,,11.0,,,,,,1.0,,,,,,,,7.0,,
172918,,,,,,,,140.0,,71.0,,,,,,8.0,6.0,7.0,2.0,,,6.0,3.0,15.0,4.0,
172927,,,,,,,,34.0,,6.0,,,,,,6.0,2.0,1.0,15.0,,,,1.0,1.0,1.0,
172954,,,,,,,,112.0,,67.0,,,,,,3.0,3.0,5.0,1.0,,,5.0,3.0,9.0,2.0,
172963,,,,,,,,376.0,,170.0,,,,,,15.0,19.0,18.0,8.0,1.0,,16.0,3.0,39.0,7.0,
173045,,,,,,,,601.0,,253.0,,,,,,88.0,72.0,15.0,61.0,,,46.0,10.0,48.0,,
173063,,,,,,,,195.0,,88.0,,,,,,10.0,9.0,7.0,3.0,1.0,,12.0,4.0,17.0,6.0,
173115,,,,,,,,59.0,,27.0,,,,,,5.0,10.0,1.0,1.0,,,1.0,,4.0,1.0,
173124,,,,,,,,466.0,,182.0,,,,,,14.0,21.0,17.0,44.0,2.0,,36.0,,51.0,26.0,
173142,,,,,,,,140.0,,51.0,,,,,,13.0,6.0,6.0,23.0,,,10.0,,10.0,5.0,
173160,,,,,,,,737.0,,283.0,,,,,,63.0,26.0,50.0,120.0,4.0,,39.0,2.0,92.0,12.0,3.0
173203,,,,,,,,202.0,,93.0,,,,,,10.0,7.0,12.0,7.0,1.0,,11.0,4.0,17.0,4.0,
173258,,,,,,,,692.0,,263.0,,,,,,62.0,42.0,40.0,37.0,4.0,,80.0,,75.0,24.0,2.0
173300,,,,,,,,600.0,,178.0,,,,,,52.0,49.0,18.0,77.0,,,98.0,,74.0,19.0,9.0
173328,,,,,,,,340.0,,172.0,,,,,,25.0,4.0,11.0,60.0,,,1.0,,30.0,,
173416,,,,,,,,192.0,,80.0,,,,,,7.0,16.0,9.0,7.0,1.0,,10.0,4.0,15.0,7.0,
173452,,,,,,,,154.0,,84.0,,,,,,6.0,3.0,3.0,5.0,0.0,,10.0,,23.0,5.0,3.0
173461,,,,,,,,257.0,,129.0,,,,,,8.0,11.0,11.0,5.0,,,11.0,3.0,29.0,5.0,
173470,,,,,,,,5.0,,2.0,,,,,,1.0,1.0,,,,,,,,,
173559,,,,,,,,317.0,,154.0,,,,,,15.0,11.0,15.0,7.0,2.0,,17.0,4.0,40.0,5.0,
173638,,,,,,,,171.0,,93.0,,,,,,10.0,5.0,5.0,6.0,1.0,,9.0,3.0,15.0,7.0,
173647,,,,,,,,623.0,,225.0,,,,,,5.0,50.0,26.0,100.0,8.0,,134.0,,67.0,,
173665,,,,,,,,492.0,,196.0,,,,,,63.0,35.0,26.0,38.0,1.0,,24.0,,25.0,10.0,4.0
173683,,,,,,,,15.0,,6.0,,,,,,2.0,,,,,,,,1.0,,
173708,,,,,,,,300.0,,133.0,,,,,,15.0,19.0,6.0,4.0,,,25.0,6.0,29.0,6.0,
173735,,,,,,,,99.0,,45.0,,,,,,2.0,8.0,2.0,2.0,0.0,,7.0,4.0,13.0,2.0,
173744,,,,,,,,67.0,,40.0,,,,,,10.0,2.0,,,,,2.0,11.0,,,
173799,,,,,,,,233.0,,110.0,,,,,,12.0,11.0,10.0,2.0,1.0,,9.0,2.0,22.0,4.0,
173805,,,,,,,,80.0,,35.0,,,,,,3.0,4.0,2.0,3.0,0.0,,6.0,,8.0,2.0,
173896,,,,,,,,99.0,,28.0,,,,,,21.0,7.0,4.0,1.0,,,3.0,,29.0,,
173902,,,,,,,,666.0,,225.0,,,,,,67.0,43.0,36.0,53.0,5.0,,52.0,1.0,75.0,6.0,12.0
173911,,,,,,,,233.0,,111.0,,,,,,12.0,13.0,10.0,1.0,,,13.0,9.0,21.0,5.0,
173920,,,,,,,,1337.0,,555.0,,,,,,34.0,57.0,72.0,96.0,15.0,,97.0,5.0,145.0,44.0,2.0
173957,,,,,,,,462.0,,364.0,,,,,,14.0,5.0,,,7.0,,,,56.0,,
173993,,,,,,,,80.0,,34.0,,,,,,3.0,4.0,3.0,1.0,0.0,,4.0,,7.0,3.0,
174020,,,,,,,,657.0,,315.0,,,,,,21.0,38.0,33.0,7.0,2.0,,,,67.0,5.0,
174066,,,,,,,,17166.0,,4077.0,1600.0,334.0,,,,1054.0,2362.0,2567.0,976.0,407.0,,1159.0,33.0,1352.0,520.0,85.0
174075,,,,,,,,259.0,,89.0,,,,,,7.0,27.0,16.0,43.0,4.0,,27.0,,18.0,11.0,1.0
174127,,,,,,,,203.0,,78.0,,,,,,29.0,12.0,8.0,4.0,2.0,,9.0,2.0,9.0,12.0,
174136,,,,,,,,390.0,,167.0,,,,,,18.0,13.0,15.0,9.0,1.0,,34.0,9.0,41.0,10.0,
174154,,,,,,,,57.0,,41.0,,,,,,2.0,,1.0,,,,,,3.0,,
174190,,,,,,,,19.0,,12.0,,,,,,1.0,,,,,,,,3.0,,
174233,,,,,,,,1494.0,,525.0,43.0,3.0,,,,85.0,157.0,123.0,118.0,10.0,,162.0,19.0,149.0,52.0,5.0
174251,,,,,,,,357.0,,130.0,0.0,,,,,15.0,44.0,8.0,38.0,2.0,,47.0,,44.0,16.0,2.0
174321,,,,,,,,8.0,,5.0,,,,,,,1.0,,,,,,,2.0,,
174358,,,,,,,,578.0,,242.0,,,,,,19.0,23.0,29.0,49.0,1.0,,47.0,1.0,62.0,19.0,
174376,,,,,,,,291.0,,140.0,,,,,,12.0,17.0,14.0,1.0,1.0,,17.0,1.0,23.0,5.0,
174428,,,,,,,,459.0,,220.0,,,,,,16.0,23.0,30.0,4.0,,,31.0,4.0,43.0,8.0,
174437,,,,,,,,227.0,,74.0,,,,,,27.0,7.0,11.0,28.0,,,11.0,3.0,23.0,9.0,
174473,,,,,,,,193.0,,104.0,,,,,,9.0,7.0,8.0,11.0,,,10.0,1.0,15.0,7.0,
174491,,,,,,,,501.0,,143.0,,,,,,50.0,48.0,27.0,36.0,4.0,,32.0,,69.0,9.0,1.0
174507,,,,,,,,208.0,,80.0,0.0,,,,,32.0,15.0,9.0,3.0,6.0,,7.0,3.0,30.0,2.0,
174525,,,,,,,,30.0,,10.0,,,,,,5.0,1.0,,,,,3.0,,3.0,1.0,
174570,,,,,,,,85.0,,34.0,,,,,,8.0,2.0,2.0,8.0,,,2.0,3.0,9.0,3.0,
174604,,,,,,,,30.0,,11.0,,,,,,2.0,4.0,1.0,2.0,0.0,,1.0,,3.0,1.0,
174738,,,,,,,,312.0,,140.0,,,,,,9.0,14.0,18.0,10.0,2.0,,29.0,4.0,31.0,9.0,
174747,,,,,,,,437.0,,151.0,,,,,,37.0,25.0,18.0,35.0,7.0,,70.0,,38.0,11.0,12.0
174756,,,,,,,,240.0,,120.0,,,,,,11.0,6.0,10.0,6.0,1.0,,11.0,3.0,27.0,6.0,
174783,,,,,,,,1072.0,,475.0,,,,,,24.0,51.0,53.0,68.0,4.0,,80.0,1.0,113.0,33.0,1.0
174792,,,,,,,,460.0,,147.0,,,,,,38.0,26.0,19.0,47.0,3.0,,80.0,1.0,55.0,,6.0
174817,,,,,,,,617.0,,245.0,,,,,,86.0,25.0,40.0,70.0,2.0,,39.0,,68.0,14.0,
174844,,,,,,,,656.0,,240.0,,,,,,43.0,45.0,25.0,79.0,2.0,,97.0,,39.0,20.0,4.0
174862,,,,,,,,121.0,,62.0,,,,,,17.0,2.0,2.0,7.0,0.0,,,8.0,11.0,,
174899,,,,,,,,616.0,,306.0,,,,,,28.0,45.0,22.0,81.0,7.0,,31.0,,50.0,11.0,
174914,,,,,,,,1556.0,,550.0,,,,,,151.0,164.0,124.0,87.0,7.0,,196.0,12.0,160.0,14.0,4.0
174978,,,,,,,,12.0,,7.0,,,,,,2.0,,,,,,,,1.0,,
175005,,,,,,,,734.0,,333.0,,,,,,98.0,39.0,23.0,95.0,2.0,,56.0,1.0,54.0,9.0,
175014,,,,,,,,443.0,,148.0,,,,,,66.0,9.0,,,,,,,19.0,,
175041,,,,,,,,335.0,,156.0,,,,,,16.0,15.0,18.0,5.0,0.0,,25.0,5.0,25.0,6.0,
175078,,,,,,,,319.0,,138.0,,,,,,11.0,17.0,11.0,38.0,,,26.0,2.0,23.0,9.0,
175120,,,,,,,,67.0,,22.0,,,,,,15.0,4.0,1.0,,,,4.0,,4.0,,
175139,,,,,,,,22.0,,9.0,,,,,,3.0,2.0,1.0,,,,,2.0,1.0,0.0,
175157,,,,,,,,54.0,,20.0,,,,,,2.0,4.0,1.0,2.0,0.0,,6.0,,6.0,2.0,
175227,,,,,,,,203.0,,113.0,,,,,,30.0,17.0,6.0,,,,,,9.0,3.0,1.0
175236,,,,,,,,232.0,,118.0,,,,,,9.0,9.0,9.0,2.0,1.0,,15.0,9.0,27.0,4.0,1.0
175263,,,,,,,,114.0,,57.0,,,,,,8.0,13.0,3.0,1.0,,,6.0,4.0,4.0,3.0,
175272,,,,,,,,783.0,,356.0,,,,,,19.0,42.0,49.0,62.0,4.0,,57.0,2.0,70.0,20.0,
175281,,,,,,,,262.0,,128.0,,,,,,22.0,21.0,7.0,27.0,,,8.0,,22.0,2.0,
175315,,,,,,,,457.0,,223.0,,,,,,16.0,16.0,19.0,9.0,2.0,,24.0,4.0,44.0,13.0,
175342,,,,,,,,687.0,,179.0,4.0,,,,,50.0,10.0,40.0,57.0,2.0,,109.0,,142.0,51.0,5.0
175421,,,,,,,,520.0,,270.0,,,,,,53.0,5.0,8.0,35.0,5.0,,43.0,,38.0,,
175430,,,,,,,,113.0,,44.0,1.0,,,,,9.0,5.0,3.0,17.0,,,3.0,,24.0,4.0,
175494,,,,,,,,11.0,,6.0,,,,,,1.0,1.0,,,,,,,2.0,,
175519,,,,,,,,236.0,,89.0,,,,,,16.0,1.0,1.0,29.0,1.0,,32.0,2.0,46.0,2.0,2.0
175573,,,,,,,,323.0,,119.0,,,,,,23.0,12.0,7.0,32.0,,,72.0,3.0,37.0,1.0,
175607,,,,,,,,4.0,,2.0,,,,,,1.0,,,,,,0.0,,,,
175616,,,,,,,,534.0,,191.0,,,,,,34.0,11.0,7.0,32.0,5.0,,80.0,,73.0,18.0,11.0
175643,,,,,,,,260.0,,115.0,,,,,,19.0,12.0,4.0,18.0,,,39.0,2.0,32.0,6.0,1.0
175652,,,,,,,,392.0,,139.0,,,,,,25.0,6.0,6.0,41.0,2.0,,31.0,1.0,60.0,42.0,
175698,,,,,,,,7.0,,3.0,,,,,,1.0,,,,,,2.0,,1.0,,
175722,,,,,,,,3.0,,2.0,,,,,,,,,,,,,,1.0,,
175786,,,,,,,,1233.0,,503.0,,,,,,178.0,15.0,18.0,48.0,,,151.0,,205.0,36.0,1.0
175810,,,,,,,,442.0,,225.0,,,,,,27.0,2.0,10.0,18.0,,,80.0,,45.0,,
175829,,,,,,,,440.0,,197.0,3.0,4.0,,,,13.0,2.0,4.0,41.0,,,71.0,10.0,52.0,16.0,3.0
175856,,,,,,,,1064.0,,400.0,,,,,,120.0,21.0,53.0,41.0,9.0,,74.0,,293.0,29.0,15.0
175883,,,,,,,,372.0,,150.0,2.0,,,,,24.0,9.0,10.0,31.0,2.0,,40.0,4.0,80.0,11.0,
175935,,,,,,,,378.0,,162.0,,,,,,22.0,19.0,7.0,47.0,,,48.0,5.0,30.0,8.0,
175980,,,,,,,,260.0,,90.0,,,,,,31.0,1.0,2.0,33.0,4.0,,30.0,5.0,54.0,7.0,
175999,,,,,,,,71.0,,,,,,,,10.0,25.0,13.0,3.0,,,5.0,,14.0,1.0,
176008,,,,,,,,277.0,,118.0,,,,,,11.0,7.0,7.0,18.0,1.0,,45.0,3.0,42.0,,0.0
176017,,,,,,,,12535.0,,2017.0,,,,,,568.0,1068.0,761.0,431.0,5454.0,,459.0,2.0,1184.0,332.0,51.0
176035,,,,,,,,354.0,,167.0,,,,,,31.0,11.0,14.0,33.0,2.0,,21.0,1.0,65.0,,1.0
176044,,,,,,,,439.0,,125.0,,,,,,46.0,36.0,19.0,57.0,1.0,,54.0,2.0,56.0,8.0,14.0
176053,,,,,,,,589.0,,294.0,,,,,,46.0,20.0,14.0,57.0,3.0,,38.0,,75.0,17.0,
176062,,,,,,,,4.0,,2.0,,,,,,1.0,,,,,,,,,,
176071,,,,,,,,820.0,,331.0,2.0,,,,,51.0,20.0,10.0,37.0,,,170.0,13.0,148.0,,5.0
176080,,,,,,,,4739.0,,1013.0,91.0,183.0,,,,132.0,498.0,628.0,234.0,138.0,,337.0,7.0,637.0,197.0,87.0
176169,,,,,,,,332.0,,133.0,,,,,,29.0,2.0,4.0,34.0,,,56.0,,51.0,,
176178,,,,,,,,640.0,,279.0,,,,,,26.0,11.0,16.0,26.0,,,134.0,8.0,40.0,24.0,3.0
176239,,,,,,,,453.0,,222.0,,,,,,30.0,4.0,,13.0,1.0,,61.0,8.0,59.0,12.0,
176318,,,,,,,,188.0,,47.0,,,,,,18.0,19.0,3.0,11.0,1.0,,32.0,,29.0,6.0,1.0
176336,,,,,,,,19.0,,7.0,,,,,,1.0,2.0,1.0,5.0,,,,,,,
176354,,,,,,,,207.0,,72.0,,,,,,14.0,1.0,5.0,15.0,2.0,,45.0,,21.0,8.0,1.0
176372,,,,,,,,2327.0,,725.0,44.0,,,,,131.0,513.0,148.0,88.0,38.0,,209.0,20.0,237.0,60.0,14.0
176390,,,,,,,,17.0,,7.0,,,,,,1.0,1.0,,,,,,1.0,2.0,,
176406,,,,,,,,276.0,,67.0,,,,,,39.0,13.0,22.0,50.0,3.0,,34.0,,45.0,2.0,
176433,,,,,,,,4.0,,2.0,,,,,,,1.0,,,,,,,1.0,,
176451,,,,,,,,15.0,,7.0,,,,,,2.0,2.0,,,,,,,,,
176479,,,,,,,,541.0,,275.0,,,,,,21.0,7.0,12.0,34.0,1.0,,35.0,,93.0,19.0,
176600,,,,,,,,31.0,,17.0,,,,,,4.0,,2.0,,,,1.0,,4.0,,
176628,,,,,,,,250.0,,114.0,2.0,,,,,31.0,13.0,6.0,23.0,,,12.0,,15.0,,
176664,,,,,,,,43.0,,17.0,1.0,,,,,13.0,1.0,1.0,0.0,0.0,,5.0,,3.0,,
176716,,,,,,,,16.0,,7.0,,,,,,3.0,3.0,,,,,,1.0,2.0,,
176770,,,,,,,,102.0,,64.0,,,,,,4.0,7.0,2.0,8.0,,,,1.0,4.0,,
176789,,,,,,,,86.0,,28.0,,,,,,7.0,4.0,4.0,7.0,,,9.0,,12.0,2.0,
176798,,,,,,,,57.0,,36.0,,,,,,5.0,,,,,,6.0,,6.0,,
176910,,,,,,,,42.0,,15.0,,,,,,7.0,2.0,1.0,3.0,,,1.0,2.0,6.0,,
176947,,,,,,,,253.0,,90.0,,,,,,16.0,12.0,12.0,40.0,2.0,,32.0,,28.0,6.0,
176965,,,,,,,,1239.0,,499.0,,,,,,145.0,132.0,37.0,51.0,13.0,,130.0,,139.0,31.0,10.0
176983,,,,,,,,41.0,,27.0,,,,,,2.0,,,,,,6.0,,3.0,,
177038,,,,,,,,114.0,,50.0,,,,,,25.0,4.0,3.0,11.0,1.0,,4.0,,8.0,3.0,
177065,,,,,,,,851.0,,237.0,,,,,,138.0,47.0,56.0,177.0,2.0,,51.0,,99.0,9.0,2.0
177083,,,,,,,,14.0,,6.0,,,,,,,,,,,,,,1.0,,
177092,,,,,,,,126.0,,42.0,,,,,,9.0,10.0,8.0,10.0,,,3.0,13.0,16.0,,
177117,,,,,,,,164.0,,45.0,1.0,,,,,34.0,3.0,7.0,8.0,2.0,,43.0,,17.0,,
177126,,,,,,,,80.0,,25.0,,,,,,4.0,4.0,,,,,10.0,2.0,17.0,,
177135,,,,,,,,416.0,,225.0,,,,,,25.0,6.0,12.0,4.0,,,9.0,,51.0,5.0,
177144,,,,,,,,192.0,,62.0,,,,,,18.0,3.0,3.0,42.0,3.0,,40.0,1.0,16.0,,
177214,,,,,,,,364.0,,120.0,,,,,,26.0,14.0,17.0,39.0,4.0,,44.0,,41.0,18.0,
177250,,,,,,,,244.0,,110.0,,,,,,26.0,15.0,9.0,10.0,,,13.0,4.0,32.0,2.0,
177278,,,,,,,,32.0,,9.0,,,,,,7.0,6.0,,2.0,,,3.0,,4.0,,
177287,,,,,,,,15.0,,4.0,,,,,,1.0,2.0,,,,,1.0,1.0,5.0,,
177302,,,,,,,,47.0,,12.0,,,,,,3.0,7.0,1.0,,,,,16.0,3.0,,
177339,,,,,,,,365.0,,116.0,,1.0,,,,31.0,5.0,5.0,23.0,4.0,,43.0,,45.0,22.0,
177418,,,,,,,,234.0,,97.0,,,,,,39.0,2.0,4.0,32.0,3.0,,18.0,,21.0,4.0,
177436,,,,,,,,35.0,,2.0,,,,,,3.0,,,,,,2.0,,2.0,,
177472,,,,,,,,969.0,,424.0,,,,,,78.0,21.0,48.0,39.0,,,98.0,22.0,57.0,1.0,3.0
177542,,,,,,,,132.0,,56.0,,,,,,22.0,3.0,2.0,20.0,3.0,,2.0,,19.0,,0.0
177551,,,,,,,,199.0,,83.0,5.0,,,,,18.0,7.0,8.0,12.0,1.0,,12.0,,14.0,5.0,2.0
177588,,,,,,,,7.0,,3.0,,,,,,1.0,,,,,,2.0,,1.0,,
177603,,,,,,,,8.0,,5.0,,,,,,,1.0,,,,,,,2.0,,
177676,,,,,,,,330.0,,145.0,,,,,,32.0,7.0,14.0,12.0,1.0,,24.0,2.0,62.0,8.0,1.0
177685,,,,,,,,11.0,,6.0,,,,,,1.0,,,,,,,2.0,2.0,,
177719,,,,,,,,126.0,,70.0,1.0,,,,,16.0,8.0,4.0,4.0,4.0,,,,4.0,,
177746,,,,,,,,184.0,,75.0,,,,,,20.0,7.0,4.0,36.0,,,11.0,,19.0,,
177816,,,,,,,,48.0,,16.0,1.0,,,,,6.0,3.0,1.0,,,,2.0,,6.0,6.0,
177834,,,,,,,,1036.0,,407.0,38.0,,,,,109.0,49.0,50.0,15.0,11.0,,95.0,,190.0,9.0,3.0
177870,,,,,,,,7.0,,1.0,,,,,,,,,,,,,,3.0,,
177931,,,,,,,,15.0,,10.0,,,,,,1.0,1.0,,1.0,,,,,2.0,,
177940,,,,,,,,398.0,,124.0,13.0,6.0,,,,38.0,15.0,28.0,35.0,5.0,,26.0,,49.0,9.0,1.0
177968,,,,,,,,1120.0,,558.0,,,,,,68.0,50.0,27.0,155.0,,,94.0,,54.0,,
177977,,,,,,,,188.0,,107.0,,,,,,7.0,4.0,5.0,9.0,,,9.0,3.0,26.0,2.0,
177986,,,,,,,,233.0,,72.0,,6.0,,,,46.0,10.0,12.0,2.0,4.0,,6.0,,30.0,5.0,2.0
177995,,,,,,,,1490.0,,720.0,5.0,,,,,88.0,11.0,60.0,95.0,1.0,,55.0,,346.0,25.0,3.0
178004,,,,,,,,26.0,,16.0,,,,,,1.0,0.0,,,,,1.0,,3.0,,
178059,,,,,,,,764.0,,429.0,,,,,,116.0,39.0,42.0,62.0,8.0,,32.0,1.0,23.0,6.0,
178077,,,,,,,,9.0,,4.0,,,,,,3.0,1.0,,,,,,,1.0,,
178183,,,,,,,,19.0,,10.0,,,,,,1.0,,,,,,,,5.0,,
178208,,,,,,,,189.0,,79.0,,,,,,17.0,6.0,4.0,13.0,,,19.0,4.0,34.0,6.0,
178217,,,,,,,,241.0,,97.0,,,,,,21.0,2.0,10.0,14.0,,,22.0,,53.0,,
178244,,,,,,,,338.0,,146.0,,,,,,30.0,13.0,8.0,56.0,5.0,,22.0,,47.0,3.0,3.0
178341,,,,,,,,603.0,,240.0,,0.0,,,,30.0,11.0,21.0,57.0,7.0,,60.0,2.0,108.0,21.0,
178369,,,,,,,,236.0,,106.0,,,,,,16.0,2.0,4.0,39.0,1.0,,23.0,,24.0,,
178387,,,,,,,,529.0,,253.0,1.0,,,,,24.0,13.0,10.0,41.0,3.0,,42.0,,70.0,15.0,
178396,,,,,,,,9190.0,,2134.0,332.0,76.0,,,,541.0,592.0,1074.0,719.0,584.0,,650.0,37.0,1485.0,299.0,122.0
178402,,,,,,,,2636.0,,819.0,22.0,8.0,,,,181.0,167.0,174.0,255.0,434.0,,132.0,26.0,270.0,47.0,16.0
178411,,,,,,,,1276.0,,388.0,32.0,,,,,95.0,83.0,116.0,128.0,12.0,,138.0,,204.0,52.0,5.0
178420,,,,,,,,1562.0,,507.0,11.0,20.0,,,,140.0,151.0,131.0,230.0,20.0,,104.0,2.0,167.0,51.0,4.0
178439,,,,,,,,461.0,,,,,,,,72.0,122.0,165.0,33.0,,,2.0,5.0,40.0,,3.0
178448,,,,,,,,345.0,,129.0,,,,,,31.0,11.0,11.0,18.0,,,35.0,1.0,56.0,4.0,1.0
178466,,,,,,,,53.0,,31.0,,,,,,2.0,,1.0,3.0,,,6.0,,7.0,,
178518,,,,,,,,43.0,,20.0,,,,,,3.0,2.0,3.0,1.0,,,4.0,,4.0,1.0,
178527,,,,,,,,3.0,,2.0,,,,,,1.0,,,,,,,,,,
178615,,,,,,,,706.0,,307.0,,,,,,26.0,18.0,30.0,106.0,8.0,,56.0,,68.0,41.0,8.0
178624,,,,,,,,716.0,,253.0,,,,,,27.0,73.0,22.0,39.0,12.0,,97.0,10.0,73.0,29.0,19.0
178679,,,,,,,,113.0,,28.0,,,,,,18.0,2.0,3.0,7.0,0.0,,19.0,2.0,12.0,3.0,
178697,,,,,,,,369.0,,116.0,,,,,,25.0,7.0,10.0,15.0,3.0,,71.0,5.0,27.0,47.0,16.0
178721,,,,,,,,857.0,,435.0,,,,,,45.0,56.0,33.0,45.0,1.0,,31.0,,53.0,8.0,
178767,,,,,,,,15.0,,7.0,,,,,,1.0,1.0,,,,,,2.0,2.0,,
178828,,,,,,,,18.0,,12.0,,,,,,1.0,,,,,,2.0,,2.0,,
178891,,,,,,,,207.0,,124.0,,,,,,5.0,21.0,8.0,,,,6.0,,14.0,,
178989,,,,,,,,50.0,,35.0,,,,,,2.0,3.0,1.0,1.0,,,,,2.0,,
179043,,,,,,,,389.0,,168.0,,,,,,33.0,23.0,17.0,40.0,2.0,,37.0,1.0,44.0,6.0,
179052,,,,,,,,33.0,,17.0,,,,,,2.0,2.0,,1.0,,,5.0,,4.0,,
179159,,,,,,,,4702.0,,1430.0,78.0,24.0,,,,518.0,228.0,174.0,117.0,862.0,,539.0,,660.0,1.0,40.0
179195,,,,,,,,5.0,,2.0,,,,,,,,,,,,,,2.0,,
179229,,,,,,,,4.0,,3.0,,,,,,,1.0,,,,,,,,,
179256,,,,,,,,31.0,,13.0,,,,,,5.0,1.0,0.0,,,,4.0,0.0,3.0,,
179265,,,,,,,,246.0,,78.0,12.0,,,,,45.0,9.0,23.0,27.0,,,19.0,,19.0,5.0,
179308,,,,,,,,1553.0,,594.0,,,,,,118.0,167.0,59.0,26.0,2.0,,119.0,,246.0,46.0,4.0
179317,,,,,,,,30.0,,14.0,,,,,,1.0,2.0,,2.0,,,,2.0,4.0,,
179326,,,,,,,,423.0,,206.0,,,,,,45.0,16.0,8.0,34.0,1.0,,49.0,,45.0,2.0,
179344,,,,,,,,175.0,,58.0,,,,,,9.0,6.0,11.0,17.0,1.0,,22.0,1.0,22.0,0.0,
179450,,,,,,,,76.0,,44.0,,,,,,9.0,6.0,3.0,5.0,,,,,9.0,,
179511,,,,,,,,28.0,,8.0,,,,,,8.0,4.0,1.0,,,,1.0,3.0,3.0,,
179539,,,,,,,,317.0,,145.0,,,,,,8.0,,1.0,0.0,,,19.0,,138.0,,
179548,,,,,,,,208.0,,62.0,,,,,,18.0,12.0,6.0,16.0,,,13.0,8.0,19.0,31.0,
179557,,,,,,,,1119.0,,440.0,,,,,,60.0,125.0,33.0,126.0,7.0,,105.0,,103.0,46.0,28.0
179566,,,,,,,,2377.0,,890.0,3.0,,,,,93.0,163.0,133.0,209.0,44.0,,214.0,11.0,302.0,89.0,11.0
179645,,,,,,,,229.0,,102.0,,,,,,7.0,7.0,12.0,31.0,,,9.0,6.0,33.0,6.0,1.0
179715,,,,,,,,139.0,,52.0,,,,,,10.0,9.0,8.0,,,,14.0,4.0,30.0,,
179812,,,,,,,,368.0,,62.0,7.0,,,,,51.0,25.0,14.0,19.0,10.0,,46.0,2.0,44.0,8.0,1.0
179867,,,,,,,,15924.0,,1862.0,1054.0,1343.0,,,,1120.0,1200.0,2240.0,451.0,2033.0,,1514.0,10.0,2560.0,252.0,65.0
179894,,,,,,,,1074.0,,493.0,,,,,,124.0,68.0,35.0,102.0,1.0,,16.0,,131.0,18.0,
179946,,,,,,,,156.0,,64.0,,,,,,16.0,6.0,4.0,24.0,1.0,,,,11.0,5.0,
179955,,,,,,,,214.0,,87.0,,,,,,28.0,17.0,7.0,39.0,,,2.0,,21.0,10.0,
179964,,,,,,,,294.0,,137.0,,,,,,24.0,8.0,12.0,29.0,3.0,,16.0,17.0,27.0,11.0,2.0
179991,,,,,,,,3.0,,1.0,,,,,,2.0,,,,,,,,0.0,,
180054,,,,,,,,120.0,,52.0,1.0,2.0,,,,13.0,7.0,4.0,1.0,,,7.0,,13.0,3.0,
180063,,,,,,,,5.0,,3.0,,,,,,1.0,,,,,,,,1.0,,
180090,,,,,,,,4.0,,1.0,,,,,,2.0,,,,,,,,0.0,0.0,
180106,,,,,,,,229.0,,97.0,,,,,,32.0,21.0,9.0,24.0,3.0,,20.0,,7.0,2.0,2.0
180151,,,,,,,,58.0,,19.0,,,,,,20.0,2.0,1.0,3.0,,,5.0,,5.0,,
180160,,,,,,,,48.0,,13.0,1.0,1.0,,,,4.0,1.0,2.0,4.0,,,5.0,,9.0,,
180179,,,,,,,,489.0,,202.0,,,,,,67.0,32.0,16.0,59.0,2.0,,38.0,2.0,44.0,13.0,3.0
180197,,,,,,,,234.0,,111.0,,,,,,26.0,10.0,7.0,10.0,1.0,,17.0,1.0,24.0,4.0,
180203,,,,,,,,51.0,,14.0,3.0,3.0,,,,11.0,2.0,2.0,,,,4.0,1.0,4.0,,
180212,,,,,,,,79.0,,25.0,,,,,,4.0,5.0,2.0,1.0,,,4.0,,9.0,9.0,
180249,,,,,,,,134.0,,60.0,,,,,,12.0,8.0,11.0,,,,7.0,3.0,16.0,,
180258,,,,,,,,192.0,,63.0,,,,,,32.0,6.0,7.0,30.0,5.0,,14.0,,23.0,,2.0
180276,,,,,,,,116.0,,60.0,,3.0,,,,18.0,7.0,4.0,1.0,,,4.0,3.0,10.0,3.0,
180328,,,,,,,,65.0,,13.0,,0.0,,,,7.0,2.0,4.0,4.0,1.0,,16.0,1.0,2.0,3.0,
180373,,,,,,,,90.0,,31.0,,0.0,,,,14.0,4.0,2.0,6.0,,,15.0,,15.0,,
180416,,,,,,,,415.0,,152.0,34.0,,,,,32.0,19.0,34.0,25.0,1.0,,52.0,7.0,28.0,12.0,
180461,,,,,,,,2838.0,,927.0,240.0,57.0,,,,217.0,244.0,196.0,159.0,42.0,,291.0,11.0,232.0,80.0,15.0
180489,,,,,,,,1964.0,,544.0,65.0,67.0,,,,292.0,133.0,212.0,126.0,77.0,,175.0,9.0,153.0,57.0,12.0
180522,,,,,,,,193.0,,67.0,2.0,2.0,,,,27.0,4.0,6.0,10.0,1.0,,23.0,4.0,23.0,4.0,2.0
180595,,,,,,,,229.0,,78.0,,,,,,21.0,13.0,6.0,39.0,1.0,,21.0,1.0,18.0,4.0,11.0
180647,,,,,,,,187.0,,80.0,,,,,,22.0,,6.0,,,,15.0,,47.0,,
180692,,,,,,,,199.0,,75.0,,,,,,18.0,10.0,6.0,24.0,,,29.0,1.0,19.0,10.0,
180771,,,,,,,,3.0,,2.0,,,,,,1.0,,,,,,0.0,,,,
180814,,,,,,,,708.0,,207.0,,,,,,210.0,3.0,57.0,34.0,,,22.0,1.0,146.0,3.0,
180832,,,,,,,,143.0,,66.0,0.0,1.0,,,,33.0,21.0,5.0,2.0,,,,,4.0,2.0,
180878,,,,,,,,85.0,,54.0,,,,,,12.0,4.0,1.0,4.0,,,,,6.0,,
180902,,,,,,,,608.0,,239.0,,,,,,41.0,31.0,26.0,52.0,1.0,,35.0,1.0,85.0,18.0,6.0
180948,,,,,,,,297.0,,103.0,,,,,,19.0,11.0,11.0,31.0,1.0,,23.0,,22.0,24.0,3.0
180957,,,,,,,,24.0,,11.0,,,,,,2.0,2.0,,,,,,3.0,2.0,,0.0
180984,,,,,,,,239.0,,104.0,,,,,,33.0,3.0,8.0,37.0,4.0,,6.0,,18.0,0.0,
181002,,,,,,,,2089.0,,780.0,17.0,,,,,212.0,298.0,102.0,87.0,93.0,,172.0,8.0,244.0,22.0,5.0
181020,,,,,,,,407.0,,166.0,3.0,,,,,50.0,14.0,18.0,57.0,3.0,,39.0,6.0,29.0,10.0,
181127,,,,,,,,198.0,,76.0,,,,,,22.0,4.0,5.0,30.0,,,5.0,,24.0,,
181145,,,,,,,,3.0,,3.0,,,,,,,,,,,,,,,,
181190,,,,,,,,28.0,,15.0,,,,,,6.0,3.0,,,,,,2.0,1.0,1.0,
181215,,,,,,,,798.0,,370.0,,,,,,93.0,25.0,13.0,57.0,4.0,,72.0,,91.0,23.0,9.0
181297,,,,,,,,139.0,,68.0,,,,,,26.0,9.0,2.0,2.0,3.0,,0.0,1.0,11.0,,
181303,,,,,,,,1150.0,,558.0,,,,,,84.0,39.0,51.0,76.0,1.0,,83.0,14.0,139.0,27.0,1.0
181312,,,,,,,,324.0,,125.0,2.0,11.0,,,,22.0,5.0,16.0,33.0,17.0,,,,19.0,26.0,
181330,,,,,,,,274.0,,87.0,,,,,,17.0,11.0,7.0,64.0,2.0,,3.0,,9.0,11.0,
181376,,,,,,,,30.0,,10.0,,,,,,9.0,,,3.0,0.0,,1.0,3.0,2.0,1.0,
181394,,,,,,,,1655.0,,710.0,13.0,7.0,,,,195.0,90.0,51.0,148.0,7.0,,143.0,8.0,195.0,18.0,19.0
181419,,,,,,,,42.0,,22.0,,1.0,,,,6.0,3.0,1.0,,,,,,,1.0,
181428,,,,,,,,4474.0,,558.0,274.0,624.0,,,,348.0,179.0,563.0,130.0,933.0,,187.0,1.0,542.0,61.0,20.0
181446,,,,,,,,362.0,,159.0,,,,,,36.0,8.0,9.0,51.0,4.0,,38.0,,31.0,12.0,
181464,,,,,,,,6240.0,,1448.0,338.0,204.0,,,,629.0,464.0,634.0,495.0,56.0,,624.0,25.0,734.0,203.0,67.0
181491,,,,,,,,443.0,,181.0,,,,,,26.0,21.0,28.0,17.0,,,33.0,3.0,77.0,20.0,
181534,,,,,,,,197.0,,70.0,,,,,,28.0,1.0,8.0,25.0,4.0,,19.0,,23.0,13.0,
181543,,,,,,,,13.0,,4.0,,,,,,2.0,0.0,,0.0,,,2.0,,2.0,,
181604,,,,,,,,211.0,,101.0,,,,,,24.0,5.0,4.0,16.0,,,13.0,1.0,23.0,2.0,
181640,,,,,,,,846.0,,467.0,,,,,,55.0,29.0,23.0,25.0,,,70.0,4.0,71.0,25.0,4.0
181738,,,,,,,,206.0,,81.0,,,,,,15.0,19.0,7.0,17.0,0.0,,20.0,,17.0,6.0,
181747,,,,,,,,507.0,,,,,,,,112.0,34.0,236.0,38.0,,,,2.0,46.0,12.0,
181765,,,,,,,,47.0,,16.0,,,,,,4.0,2.0,,1.0,,,12.0,2.0,1.0,2.0,1.0
181783,,,,,,,,409.0,,150.0,,,,,,29.0,19.0,18.0,28.0,5.0,,47.0,,45.0,14.0,7.0
181817,,,,,,,,234.0,,83.0,,,,,,32.0,9.0,8.0,30.0,,,7.0,2.0,30.0,9.0,
181853,,,,,,,,102.0,,35.0,,,,,,8.0,5.0,2.0,21.0,,,5.0,9.0,7.0,3.0,
181880,,,,,,,,18.0,,9.0,,,,,,4.0,1.0,,,,,1.0,1.0,1.0,,
181941,,,,,,,,43.0,,25.0,,,,,,4.0,4.0,1.0,,,,,4.0,5.0,,
182005,,,,,,,,1691.0,,943.0,,,,,,87.0,100.0,40.0,95.0,7.0,,69.0,,221.0,49.0,2.0
182148,,,,,,,,19.0,,11.0,,,,,,2.0,,,,,,,,2.0,,
182281,,,,,,,,4467.0,,1450.0,138.0,,,,,178.0,547.0,286.0,332.0,352.0,,369.0,1.0,449.0,128.0,6.0
182290,,,,,,,,3674.0,,1112.0,216.0,25.0,,,,130.0,484.0,360.0,269.0,191.0,,168.0,7.0,469.0,106.0,6.0
182306,,,,,,,,290.0,,123.0,,,,,,16.0,20.0,11.0,8.0,,,17.0,,28.0,8.0,
182458,,,,,,,,138.0,,77.0,,,,,,12.0,10.0,3.0,10.0,,,1.0,,14.0,,
182500,,,,,,,,662.0,,324.0,2.0,,,,,28.0,64.0,26.0,32.0,,,34.0,1.0,78.0,15.0,
182519,,,,,,,,149.0,,,3.0,,,,,28.0,37.0,65.0,7.0,,,,,9.0,,
182564,,,,,,,,304.0,,137.0,,,,,,19.0,28.0,11.0,13.0,,,20.0,,23.0,7.0,
182634,,,,,,,,255.0,,67.0,,,,,,34.0,8.0,8.0,37.0,7.0,,51.0,1.0,26.0,,
182652,,,,,,,,4.0,,2.0,,,,,,1.0,0.0,,,,,,,1.0,,
182670,,,,,,,,3813.0,,766.0,37.0,,,,,428.0,172.0,664.0,329.0,33.0,,415.0,3.0,416.0,111.0,33.0
182704,,,,,,,,10.0,,5.0,,,,,,2.0,1.0,,,,,,1.0,1.0,,
182722,,,,,,,,9.0,,5.0,,,,,,1.0,1.0,,,,,,1.0,1.0,,
182795,,,,,,,,361.0,,166.0,,,,,,36.0,13.0,9.0,47.0,6.0,,28.0,,29.0,7.0,
182829,,,,,,,,72.0,,38.0,,,,,,6.0,3.0,3.0,4.0,,,,,12.0,2.0,
182892,,,,,,,,10.0,,5.0,,,,,,1.0,1.0,,,,,0.0,,1.0,,
182917,,,,,,,,21.0,,10.0,,,,,,1.0,0.0,,,,,,2.0,1.0,1.0,
182953,,,,,,,,15.0,,6.0,,,,,,4.0,,,,,,0.0,,4.0,,
182980,,,,,,,,466.0,,237.0,,,,,,44.0,18.0,9.0,46.0,5.0,,16.0,,56.0,,
182999,,,,,,,,5.0,,2.0,,,,,,,1.0,,,,,,,0.0,,
183026,,,,,,,,5322.0,,2189.0,,,,,,729.0,426.0,93.0,59.0,6.0,,119.0,,1527.0,,3.0
183035,,,,,,,,21.0,,16.0,,,,,,3.0,,,,,,,,0.0,,
183044,,,,,,,,3028.0,,830.0,105.0,,,,,408.0,165.0,317.0,164.0,34.0,,169.0,2.0,490.0,71.0,31.0
183062,,,,,,,,583.0,,248.0,,,,,,68.0,28.0,31.0,47.0,4.0,,20.0,,73.0,20.0,4.0
183071,,,,,,,,118.0,,64.0,,,,,,13.0,1.0,2.0,10.0,,,6.0,,11.0,,
183080,,,,,,,,640.0,,268.0,3.0,,,,,60.0,20.0,35.0,61.0,4.0,,56.0,1.0,83.0,14.0,6.0
183099,,,,,,,,353.0,,210.0,,,,,,7.0,8.0,7.0,,,,24.0,,17.0,,
183105,,,,,,,,95.0,,56.0,,,,,,4.0,3.0,2.0,,,,5.0,,3.0,,
183114,,,,,,,,106.0,,67.0,,,,,,3.0,3.0,2.0,,,,5.0,,4.0,,
183123,,,,,,,,90.0,,57.0,,,,,,3.0,4.0,1.0,,,,6.0,,4.0,,
183132,,,,,,,,190.0,,111.0,,,,,,7.0,6.0,5.0,,,,15.0,,5.0,,
183141,,,,,,,,145.0,,87.0,,,,,,5.0,6.0,4.0,,,,2.0,,5.0,8.0,
183150,,,,,,,,153.0,,84.0,,,,,,8.0,5.0,5.0,,,,6.0,,6.0,,
183202,,,,,,,,8.0,,4.0,,,,,,1.0,,,,,,,1.0,2.0,,
183211,,,,,,,,356.0,,150.0,,,,,,32.0,14.0,2.0,18.0,3.0,,48.0,,28.0,5.0,
183239,,,,,,,,609.0,,179.0,,,,,,66.0,29.0,15.0,47.0,8.0,,148.0,,44.0,21.0,5.0
183248,,,,,,,,26.0,,16.0,,,,,,,2.0,1.0,,,,,,3.0,,
183257,,,,,,,,168.0,,67.0,,,,,,29.0,13.0,11.0,4.0,,,,,23.0,,
183275,,,,,,,,23.0,,8.0,,,,,,1.0,2.0,,,,,4.0,,8.0,,
183327,,,,,,,,78.0,,,,,,,,25.0,22.0,9.0,2.0,,,,,20.0,,
183488,,,,,,,,47.0,,22.0,,,,,,6.0,3.0,,,,,,5.0,5.0,3.0,
183600,,,,,,,,10.0,,5.0,,,,,,2.0,,0.0,,0.0,,1.0,,0.0,,
183655,,,,,,,,393.0,,180.0,,,,,,32.0,33.0,25.0,19.0,,,39.0,,47.0,9.0,1.0
183725,,,,,,,,48.0,,27.0,,,,,,6.0,4.0,,1.0,,,1.0,0.0,8.0,,
183743,,,,,,,,851.0,,454.0,,,,,,56.0,47.0,22.0,52.0,1.0,,90.0,,77.0,7.0,
183789,,,,,,,,438.0,,164.0,,,,,,36.0,24.0,,8.0,,,22.0,3.0,45.0,,
183804,,,,,,,,177.0,,54.0,,6.0,,,,21.0,15.0,4.0,1.0,,,3.0,,45.0,,0.0
183822,,,,,,,,286.0,,102.0,,,,,,38.0,4.0,16.0,5.0,4.0,,12.0,,82.0,8.0,2.0
183859,,,,,,,,670.0,,342.0,3.0,31.0,,,,16.0,23.0,6.0,19.0,,,19.0,,61.0,15.0,4.0
183877,,,,,,,,587.0,,250.0,,,,,,68.0,32.0,7.0,40.0,2.0,,57.0,1.0,73.0,10.0,9.0
183910,,,,,,,,311.0,,155.0,,,,,,38.0,19.0,8.0,34.0,5.0,,2.0,,31.0,,
183938,,,,,,,,576.0,,326.0,,,,,,18.0,14.0,28.0,20.0,4.0,,26.0,,72.0,8.0,
183974,,,,,,,,219.0,,105.0,1.0,,,,,22.0,7.0,2.0,37.0,2.0,,9.0,,15.0,11.0,
183983,,,,,,,,29.0,,14.0,,,,,,2.0,2.0,,1.0,,,,,9.0,,
184047,,,,,,,,2.0,,1.0,,,,,,1.0,,,,,,,,,,
184056,,,,,,,,55.0,,29.0,,,,,,16.0,,1.0,,,,0.0,,4.0,,
184092,,,,,,,,48.0,,18.0,,,,,,6.0,,,,,,2.0,10.0,12.0,,
184180,,,,,,,,548.0,,267.0,,,,,,46.0,12.0,32.0,27.0,2.0,,46.0,,90.0,12.0,5.0
184205,,,,,,,,230.0,,82.0,,,,,,18.0,19.0,15.0,24.0,1.0,,0.0,,34.0,,
184278,,,,,,,,11.0,,5.0,,,,,,2.0,1.0,,,,,,2.0,1.0,,
184348,,,,,,,,450.0,,174.0,,,,,,60.0,27.0,16.0,53.0,4.0,,12.0,,48.0,5.0,2.0
184427,,,,,,,,31.0,,15.0,,,,,,9.0,,,,,,,,5.0,,
184481,,,,,,,,552.0,,225.0,,,,,,76.0,14.0,14.0,4.0,,,67.0,,81.0,10.0,
184506,,,,,,,,7.0,,4.0,,,,,,1.0,,,,,,,,1.0,,
184603,,,,,,,,770.0,,317.0,,,,,,189.0,26.0,29.0,47.0,4.0,,33.0,,104.0,3.0,
184612,,,,,,,,335.0,,133.0,,,,,,38.0,12.0,10.0,24.0,4.0,,5.0,,72.0,8.0,8.0
184694,,,,,,,,502.0,,246.0,,,,,,69.0,20.0,17.0,43.0,7.0,,38.0,,48.0,2.0,3.0
184746,,,,,,,,59.0,,37.0,,,,,,7.0,7.0,1.0,,,,,3.0,4.0,,
184773,,,,,,,,365.0,,157.0,,,,,,20.0,23.0,7.0,39.0,5.0,,42.0,,46.0,1.0,
184782,,,,,,,,3260.0,,1150.0,2.0,,,,,330.0,441.0,120.0,43.0,270.0,,329.0,1.0,451.0,82.0,4.0
184791,,,,,,,,463.0,,156.0,,,,,,40.0,25.0,29.0,37.0,1.0,,51.0,0.0,74.0,5.0,
184816,,,,,,,,7.0,,4.0,,,,,,1.0,,,,,,,,1.0,,
184870,,,,,,,,2.0,,1.0,,,,,,1.0,,,,,,,,,,
184959,,,,,,,,85.0,,35.0,,,,,,8.0,5.0,6.0,,,,,7.0,12.0,3.0,
184968,,,,,,,,21.0,,14.0,,,,,,2.0,1.0,,,,,,,3.0,,
184995,,,,,,,,565.0,,222.0,,,,,,69.0,7.0,23.0,29.0,,,12.0,,111.0,8.0,
185129,,,,,,,,1081.0,,434.0,,,,,,92.0,49.0,34.0,6.0,2.0,,117.0,,99.0,22.0,
185174,,,,,,,,35.0,,21.0,,,,,,8.0,,0.0,,,,,,4.0,1.0,
185262,,,,,,,,1289.0,,702.0,,,,,,209.0,34.0,23.0,35.0,6.0,,31.0,,207.0,23.0,9.0
185332,,,,,,,,14.0,,5.0,,,,,,9.0,,,,,,,,,,
185396,,,,,,,,79.0,,39.0,,,,,,21.0,1.0,1.0,,,,,,15.0,,
185466,,,,,,,,29.0,,12.0,,,,,,5.0,4.0,,1.0,,,0.0,,6.0,,
185509,,,,,,,,582.0,,242.0,,,,,,32.0,16.0,16.0,42.0,1.0,,51.0,,74.0,7.0,3.0
185536,,,,,,,,781.0,,318.0,,19.0,,,,65.0,15.0,19.0,27.0,3.0,,77.0,0.0,124.0,19.0,10.0
185572,,,,,,,,1153.0,,438.0,,,,,,83.0,52.0,55.0,136.0,16.0,,153.0,,164.0,,
185590,,,,,,,,2430.0,,1054.0,,,,,,71.0,403.0,125.0,167.0,58.0,,234.0,,225.0,53.0,13.0
185679,,,,,,,,55.0,,38.0,,,,,,2.0,,,,,,,,11.0,2.0,
185721,,,,,,,,47.0,,23.0,,,,,,2.0,1.0,,,,,,,10.0,2.0,
185758,,,,,,,,41.0,,21.0,,,,,,4.0,1.0,,,,,4.0,,4.0,,
185767,,,,,,,,28.0,,15.0,,,,,,2.0,,,,,,,,11.0,,
185828,,,,,,,,1545.0,,562.0,48.0,,,,,90.0,110.0,139.0,117.0,,,144.0,,188.0,29.0,12.0
185873,,,,,,,,615.0,,268.0,,,,,,39.0,44.0,23.0,38.0,1.0,,44.0,,82.0,7.0,
185970,,,,,,,,9.0,,5.0,,,,,,2.0,1.0,,,,,,,1.0,,
186016,,,,,,,,46.0,,21.0,,,,,,3.0,1.0,,,,,,6.0,11.0,3.0,
186034,,,,,,,,550.0,,197.0,,,,,,62.0,8.0,8.0,24.0,0.0,,53.0,,75.0,3.0,
186052,,,,,,,,60.0,,26.0,,,,,,7.0,1.0,1.0,,,,4.0,6.0,13.0,,
186122,,,,,,,,220.0,,46.0,6.0,,,,,47.0,13.0,8.0,10.0,,,25.0,,38.0,15.0,
186131,,,,,,,,6452.0,,1050.0,,,,,,741.0,326.0,1466.0,245.0,71.0,,754.0,,978.0,449.0,
186186,,,,,,,,37.0,,18.0,,,,,,4.0,1.0,,,,,11.0,,3.0,,
186201,,,,,,,,787.0,,309.0,,,,,,37.0,26.0,36.0,48.0,9.0,,72.0,,142.0,37.0,
186274,,,,,,,,25.0,,14.0,,,,,,,1.0,,,,,,,10.0,,
186283,,,,,,,,861.0,,308.0,,,,,,129.0,49.0,36.0,86.0,3.0,,44.0,,97.0,27.0,1.0
186371,,,,,,,,1051.0,,444.0,26.0,,,,,17.0,144.0,44.0,33.0,12.0,,90.0,,108.0,14.0,
186380,,,,,,,,18225.0,,4232.0,812.0,49.0,,,,286.0,2531.0,1842.0,757.0,2646.0,,1984.0,5.0,2007.0,498.0,16.0
186399,,,,,,,,1779.0,,734.0,85.0,,,,,35.0,228.0,78.0,73.0,12.0,,168.0,,129.0,81.0,
186405,,,,,,,,3.0,,1.0,,,,,,1.0,,,,1.0,,,,,,
186423,,,,,,,,13.0,,6.0,,,,,,4.0,,,,,,,,1.0,,
186432,,,,,,,,429.0,,193.0,,,,,,42.0,26.0,15.0,44.0,5.0,,9.0,,55.0,,
186469,,,,,,,,104.0,,43.0,,,,,,19.0,6.0,3.0,12.0,,,5.0,,7.0,1.0,
186584,,,,,,,,1651.0,,682.0,,,,,,131.0,107.0,87.0,157.0,15.0,,46.0,1.0,188.0,46.0,5.0
186593,,,,,,,,14.0,,8.0,,,,,,2.0,1.0,,,,,2.0,1.0,1.0,,
186618,,,,,,,,223.0,,106.0,,,,,,24.0,9.0,10.0,18.0,2.0,,5.0,,26.0,6.0,
186645,,,,,,,,504.0,,235.0,,,,,,37.0,3.0,,,,,18.0,,116.0,14.0,
186867,,,,,,,,1078.0,,355.0,83.0,,,,,230.0,80.0,18.0,7.0,9.0,,52.0,,157.0,4.0,5.0
186876,,,,,,,,1368.0,,470.0,,,,,,89.0,52.0,67.0,74.0,4.0,,180.0,1.0,245.0,89.0,3.0
186900,,,,,,,,7.0,,5.0,,,,,,0.0,,,,,,1.0,,1.0,,
187000,,,,,,,,12.0,,9.0,,,,,,1.0,,,,,,,,2.0,,
187046,,,,,,,,303.0,,,,,,,,97.0,27.0,21.0,81.0,,,,,50.0,,
187134,,,,,,,,1359.0,,530.0,,,,,,100.0,67.0,44.0,111.0,31.0,,58.0,,111.0,177.0,
187198,,,,,,,,645.0,,266.0,,,,,,41.0,22.0,20.0,13.0,8.0,,62.0,,51.0,11.0,1.0
187444,,,,,,,,1403.0,,612.0,,,,,,54.0,70.0,78.0,102.0,9.0,,195.0,,236.0,,
187505,,,,,,,,98.0,,55.0,,,,,,17.0,10.0,1.0,,,,,9.0,5.0,2.0,
187532,,,,,,,,1458.0,,531.0,,,,,,137.0,89.0,85.0,26.0,1.0,,152.0,5.0,117.0,23.0,10.0
187596,,,,,,,,274.0,,112.0,,3.0,,,,15.0,9.0,9.0,4.0,3.0,,38.0,5.0,22.0,8.0,5.0
187620,,,,,,,,455.0,,241.0,,,,,,20.0,15.0,36.0,16.0,1.0,,36.0,3.0,62.0,9.0,
187639,,,,,,,,203.0,,77.0,,,,,,21.0,9.0,14.0,7.0,,,13.0,,13.0,4.0,
187648,,,,,,,,525.0,,189.0,,,,,,46.0,25.0,37.0,39.0,,,59.0,1.0,67.0,5.0,1.0
187666,,,,,,,,231.0,,75.0,,,,,,7.0,13.0,10.0,11.0,,,27.0,,21.0,7.0,
187745,,,,,,,,118.0,,43.0,,,,,,29.0,4.0,3.0,2.0,1.0,,3.0,2.0,10.0,2.0,1.0
187897,,,,,,,,481.0,,167.0,,,,,,47.0,23.0,19.0,30.0,3.0,,55.0,,59.0,23.0,
187903,,,,,,,,270.0,,90.0,,,,,,8.0,13.0,8.0,3.0,,,51.0,,8.0,8.0,
187912,,,,,,,,296.0,,83.0,1.0,,,,,15.0,2.0,15.0,7.0,2.0,,75.0,,43.0,11.0,
187958,,,,,,,,161.0,,79.0,,,,,,6.0,6.0,3.0,7.0,,,16.0,3.0,23.0,5.0,1.0
187967,,,,,,,,796.0,,151.0,7.0,,,,,39.0,53.0,173.0,21.0,,,99.0,,130.0,78.0,6.0
187976,,,,,,,,50.0,,27.0,,,,,,6.0,2.0,2.0,4.0,,,,,7.0,,
187985,,,,,,,,6769.0,,1968.0,135.0,103.0,,,,713.0,707.0,505.0,385.0,396.0,,317.0,14.0,898.0,252.0,62.0
187994,,,,,,,,111.0,,53.0,,,,,,7.0,6.0,3.0,8.0,,,9.0,,17.0,4.0,
188003,,,,,,,,104.0,,46.0,,1.0,,,,8.0,7.0,4.0,3.0,,,7.0,,23.0,3.0,
188021,,,,,,,,52.0,,24.0,,,,,,3.0,5.0,3.0,1.0,,,4.0,,7.0,1.0,
188030,,,,,,,,2919.0,,714.0,43.0,134.0,,,,102.0,374.0,376.0,178.0,45.0,,192.0,4.0,482.0,186.0,40.0
188049,,,,,,,,137.0,,50.0,,,,,,6.0,12.0,5.0,5.0,,,17.0,1.0,21.0,5.0,
188058,,,,,,,,183.0,,65.0,,3.0,,,,6.0,17.0,7.0,10.0,,,20.0,4.0,12.0,4.0,1.0
188100,,,,,,,,681.0,,260.0,,,,,,51.0,18.0,20.0,47.0,1.0,,99.0,10.0,109.0,11.0,2.0
188137,,,,,,,,467.0,,174.0,,5.0,,,,67.0,19.0,17.0,17.0,,,49.0,5.0,33.0,13.0,
188182,,,,,,,,106.0,,40.0,,,,,,9.0,2.0,4.0,15.0,2.0,,4.0,1.0,9.0,3.0,
188207,,,,,,,,40.0,,13.0,,,,,,5.0,2.0,2.0,1.0,,,3.0,,5.0,,
188216,,,,,,,,92.0,,20.0,,,,,,16.0,4.0,4.0,4.0,,,16.0,,21.0,4.0,
188225,,,,,,,,111.0,,39.0,1.0,0.0,,,,5.0,11.0,,9.0,,,5.0,,16.0,6.0,2.0
188261,,,,,,,,64.0,,25.0,,,,,,3.0,4.0,4.0,1.0,,,7.0,1.0,4.0,,
188289,,,,,,,,5.0,,3.0,,,,,,1.0,,,,,,,,1.0,,
188304,,,,,,,,376.0,,139.0,,,,,,33.0,42.0,14.0,36.0,1.0,,32.0,,32.0,9.0,1.0
188340,,,,,,,,217.0,,86.0,,,,,,37.0,5.0,15.0,,,,2.0,,21.0,8.0,
188429,,,,,,,,1447.0,,613.0,,,,,,164.0,56.0,54.0,125.0,13.0,,105.0,2.0,194.0,35.0,4.0
188438,,,,,,,,321.0,,145.0,,,,,,30.0,35.0,9.0,14.0,,,30.0,,36.0,,
188517,,,,,,,,90.0,,48.0,,,,,,7.0,1.0,2.0,21.0,,,4.0,,6.0,,
188526,,,,,,,,260.0,,99.0,21.0,2.0,,,,30.0,16.0,8.0,17.0,16.0,,14.0,,20.0,,
188535,,,,,,,,125.0,,49.0,,,,,,16.0,8.0,4.0,12.0,,,,,21.0,1.0,
188580,,,,,,,,2121.0,,607.0,,,,,,159.0,51.0,14.0,33.0,560.0,,120.0,,572.0,,
188641,,,,,,,,574.0,,171.0,,,,,,34.0,27.0,46.0,35.0,10.0,,62.0,20.0,86.0,32.0,4.0
188650,,,,,,,,17.0,,6.0,,,,,,1.0,7.0,,,,,,1.0,2.0,,
188669,,,,,,,,55.0,,36.0,,,,,,9.0,4.0,,,,,,,2.0,,1.0
188678,,,,,,,,49.0,,16.0,,,,,,9.0,2.0,,11.0,,,5.0,,4.0,,
188687,,,,,,,,26.0,,9.0,,,,,,9.0,1.0,,,,,,,6.0,,
188696,,,,,,,,31.0,,14.0,,,,,,5.0,1.0,,1.0,,,1.0,,9.0,0.0,
188854,,,,,,,,369.0,,199.0,,,,,,53.0,13.0,6.0,36.0,1.0,,16.0,,38.0,,
188890,,,,,,,,153.0,,68.0,,,,,,12.0,5.0,3.0,,,,,9.0,33.0,2.0,1.0
188915,,,,,,,,10.0,,7.0,,,,,,2.0,,,,,,,,1.0,,
188942,,,,,,,,20.0,,15.0,,,,,,1.0,1.0,,,,,,,3.0,,
189015,,,,,,,,346.0,,34.0,,,,,,53.0,28.0,14.0,14.0,2.0,,22.0,4.0,45.0,2.0,
189088,,,,,,,,860.0,,246.0,7.0,,,,,56.0,62.0,24.0,68.0,13.0,,61.0,,69.0,108.0,4.0
189097,,,,,,,,876.0,,287.0,2.0,,,,,88.0,41.0,29.0,57.0,6.0,,151.0,1.0,110.0,28.0,
189219,,,,,,,,12.0,,7.0,,,,,,2.0,2.0,,,,,,,,,
189228,,,,,,,,266.0,,115.0,,,,,,20.0,7.0,,7.0,,,18.0,,21.0,,
189255,,,,,,,,1.0,,1.0,,,,,,,,,,,,,,,,
189273,,,,,,,,9.0,,6.0,,,,,,1.0,2.0,,,,,,,,,
189282,,,,,,,,32.0,,20.0,,,,,,5.0,1.0,2.0,,,,,,1.0,,
189404,,,,,,,,14.0,,6.0,,,,,,1.0,1.0,,,,,1.0,2.0,3.0,,
189413,,,,,,,,132.0,,56.0,,,,,,18.0,,2.0,,,,8.0,,44.0,,
189468,,,,,,,,16.0,,9.0,,,,,,,2.0,,,,,1.0,1.0,4.0,,
189477,,,,,,,,12.0,,6.0,,,,,,1.0,1.0,,,,,1.0,,3.0,,
189501,,,,,,,,270.0,,96.0,,,,,,18.0,11.0,23.0,30.0,,,15.0,,28.0,13.0,
189547,,,,,,,,533.0,,236.0,,,,,,28.0,14.0,14.0,13.0,1.0,,44.0,,72.0,3.0,10.0
189565,,,,,,,,105.0,,49.0,,,,,,8.0,1.0,2.0,23.0,,,6.0,1.0,9.0,,
189583,,,,,,,,179.0,,94.0,,,,,,18.0,4.0,2.0,36.0,,,2.0,,14.0,,
189592,,,,,,,,91.0,,43.0,,,,,,6.0,,1.0,25.0,,,0.0,,7.0,,
189705,,,,,,,,577.0,,226.0,,,,,,21.0,16.0,22.0,55.0,7.0,,65.0,2.0,78.0,27.0,
189714,,,,,,,,33.0,,16.0,,,,,,7.0,3.0,,,,,,1.0,4.0,,
189811,,,,,,,,61.0,,37.0,,,,,,8.0,4.0,1.0,,,,,,6.0,,
189839,,,,,,,,244.0,,92.0,,,,,,25.0,9.0,16.0,19.0,5.0,,15.0,,32.0,7.0,
189848,,,,,,,,213.0,,54.0,,,,,,20.0,6.0,9.0,21.0,3.0,,64.0,,15.0,8.0,
189857,,,,,,,,36.0,,19.0,,,,,,4.0,2.0,,,,,11.0,,0.0,,
189981,,,,,,,,29.0,,9.0,,,,,,2.0,2.0,,1.0,,,6.0,,1.0,,
189990,,,,,,,,39.0,,17.0,,,,,,1.0,,0.0,,,,,,18.0,2.0,
190008,,,,,,,,10.0,,7.0,,,,,,1.0,,,,,,,,2.0,,
190035,,,,,,,,1065.0,,,,,,,,389.0,100.0,163.0,141.0,,,25.0,,186.0,,2.0
190044,,,,,,,,767.0,,274.0,16.0,,,,,65.0,61.0,38.0,95.0,5.0,,70.0,,104.0,27.0,7.0
190053,,,,,,,,113.0,,50.0,,,,,,8.0,7.0,4.0,0.0,1.0,,7.0,,14.0,3.0,
190071,,,,,,,,23.0,,12.0,,,,,,3.0,,,,1.0,,,,2.0,,
190080,,,,,,,,21.0,,8.0,,,,,,6.0,1.0,,,,,,,2.0,,
190099,,,,,,,,1036.0,,354.0,,,,,,70.0,66.0,48.0,117.0,14.0,,127.0,1.0,131.0,48.0,2.0
190114,,,,,,,,157.0,,87.0,,,,,,10.0,5.0,6.0,1.0,,,,,8.0,2.0,
190150,,,,,,,,19500.0,,5120.0,2437.0,,,,,3288.0,756.0,1248.0,288.0,988.0,,1331.0,18.0,3303.0,235.0,69.0
190169,,,,,,,,158.0,,54.0,,,,,,22.0,6.0,10.0,13.0,0.0,,16.0,,14.0,4.0,
190239,,,,,,,,8.0,,6.0,,,,,,1.0,,,,,,,,1.0,,
190248,,,,,,,,246.0,,105.0,,,,,,27.0,12.0,7.0,55.0,3.0,,7.0,,19.0,1.0,
190318,,,,,,,,31.0,,12.0,,,,,,6.0,1.0,,,,,2.0,2.0,7.0,,
190372,,,,,,,,300.0,,110.0,2.0,,,,,17.0,31.0,18.0,26.0,,,13.0,1.0,27.0,8.0,
190415,,,,,,,,10665.0,,1891.0,952.0,223.0,,,,913.0,1013.0,936.0,371.0,525.0,,1295.0,56.0,1471.0,526.0,66.0
190424,,,,,,,,7036.0,,1863.0,,,,,,613.0,434.0,854.0,55.0,669.0,,441.0,,1801.0,51.0,4.0
190442,,,,,,,,257.0,,122.0,,,,,,41.0,,5.0,17.0,2.0,,21.0,,35.0,8.0,
190451,,,,,,,,28.0,,20.0,,,,,,2.0,,,,,,,,1.0,,
190503,,,,,,,,692.0,,158.0,,,,,,207.0,94.0,18.0,16.0,7.0,,88.0,5.0,34.0,37.0,3.0
190512,,,,,,,,1628.0,,687.0,,,,,,179.0,32.0,52.0,58.0,,,161.0,,284.0,28.0,9.0
190521,,,,,,,,2009.0,,874.0,,,,,,123.0,34.0,108.0,150.0,1.0,,153.0,,354.0,43.0,26.0
190530,,,,,,,,1122.0,,412.0,,,,,,84.0,25.0,82.0,76.0,,,93.0,,220.0,22.0,28.0
190549,,,,,,,,1734.0,,777.0,,,,,,122.0,50.0,80.0,61.0,,,133.0,,345.0,30.0,27.0
190558,,,,,,,,1327.0,,585.0,,,,,,108.0,33.0,87.0,53.0,1.0,,104.0,,223.0,27.0,21.0
190567,,,,,,,,1973.0,,850.0,4.0,,,,,170.0,73.0,128.0,49.0,1.0,,203.0,,273.0,41.0,50.0
190576,,,,,,,,1244.0,,366.0,20.0,2.0,,,,238.0,66.0,123.0,72.0,,,43.0,,142.0,,2.0
190585,,,,,,,,832.0,,265.0,,,,,,77.0,23.0,45.0,61.0,1.0,,65.0,,167.0,19.0,11.0
190594,,,,,,,,2379.0,,1098.0,,,,,,163.0,63.0,128.0,95.0,,,222.0,,407.0,45.0,29.0
190600,,,,,,,,1505.0,,658.0,1.0,,,,,174.0,48.0,61.0,98.0,,,105.0,,234.0,19.0,23.0
190619,,,,,,,,1287.0,,486.0,,,,,,117.0,26.0,78.0,58.0,4.0,,98.0,,231.0,22.0,31.0
190628,,,,,,,,1594.0,,566.0,,,,,,149.0,43.0,117.0,105.0,1.0,,102.0,,355.0,,1.0
190637,,,,,,,,1343.0,,596.0,,,,,,134.0,24.0,73.0,46.0,,,83.0,,236.0,22.0,31.0
190646,,,,,,,,747.0,,259.0,,,,,,85.0,30.0,47.0,51.0,,,72.0,,128.0,14.0,18.0
190655,,,,,,,,1430.0,,722.0,,,,,,81.0,18.0,115.0,50.0,,,109.0,,202.0,19.0,20.0
190664,,,,,,,,1760.0,,897.0,,,,,,123.0,35.0,88.0,53.0,1.0,,116.0,,299.0,26.0,39.0
190673,,,,,,,,1338.0,,542.0,,,,,,114.0,22.0,80.0,80.0,1.0,,98.0,,253.0,21.0,25.0
190682,,,,,,,,188.0,,68.0,,,,,,40.0,9.0,10.0,7.0,,,1.0,,37.0,,2.0
190691,,,,,,,,834.0,,325.0,,,,,,68.0,19.0,58.0,31.0,,,70.0,,167.0,15.0,17.0
190707,,,,,,,,3.0,,,,,,,,,,,,3.0,,,,,,
190716,,,,,,,,480.0,,240.0,1.0,,,,,48.0,36.0,18.0,59.0,,,,,60.0,,
190725,,,,,,,,443.0,,196.0,,,,,,59.0,21.0,19.0,24.0,4.0,,45.0,,61.0,4.0,4.0
190752,,,,,,,,17.0,,7.0,,,,,,1.0,2.0,,,,,4.0,,2.0,,
190761,,,,,,,,276.0,,121.0,,,,,,40.0,13.0,8.0,21.0,4.0,,6.0,,36.0,,
190840,,,,,,,,503.0,,234.0,,,,,,15.0,45.0,13.0,13.0,3.0,,46.0,,57.0,8.0,3.0
190956,,,,,,,,21.0,,17.0,,,,,,1.0,,,,,,,,0.0,,
190974,,,,,,,,14.0,,7.0,,,,,,4.0,,,,,,,1.0,1.0,,
190983,,,,,,,,215.0,,85.0,,,,,,7.0,3.0,8.0,28.0,3.0,,22.0,,14.0,21.0,0.0
191083,,,,,,,,1136.0,,485.0,,,,,,27.0,,,,65.0,,57.0,,157.0,62.0,
191126,,,,,,,,1149.0,,465.0,,,,,,52.0,78.0,68.0,113.0,4.0,,22.0,5.0,247.0,7.0,6.0
191199,,,,,,,,407.0,,171.0,,,,,,17.0,7.0,22.0,21.0,1.0,,23.0,,50.0,11.0,
191205,,,,,,,,138.0,,60.0,,,,,,5.0,4.0,5.0,8.0,,,15.0,6.0,1.0,10.0,
191241,,,,,,,,2714.0,,1123.0,,,,,,577.0,28.0,83.0,153.0,12.0,,224.0,2.0,407.0,62.0,
191287,,,,,,,,97.0,,27.0,,,,,,18.0,3.0,2.0,3.0,,,6.0,,10.0,17.0,
191302,,,,,,,,175.0,,64.0,,,,,,18.0,,3.0,4.0,,,17.0,,25.0,,
191311,,,,,,,,16.0,,10.0,,,,,,2.0,,,,,,,,,,
191320,,,,,,,,39.0,,12.0,,,,,,5.0,8.0,1.0,,,,,,2.0,,
191339,,,,,,,,384.0,,141.0,,,,,,44.0,15.0,6.0,12.0,2.0,,33.0,,48.0,7.0,
191515,,,,,,,,715.0,,216.0,,,,,,83.0,40.0,34.0,88.0,11.0,,104.0,,56.0,33.0,1.0
191533,,,,,,,,306.0,,123.0,,,,,,31.0,8.0,13.0,43.0,4.0,,16.0,,33.0,,0.0
191597,,,,,,,,56.0,,40.0,0.0,,,,,5.0,2.0,1.0,,,,,,2.0,0.0,
191612,,,,,,,,203.0,,67.0,2.0,,,,,24.0,1.0,7.0,11.0,2.0,,22.0,,55.0,2.0,
191621,,,,,,,,154.0,,67.0,,,,,,18.0,6.0,6.0,12.0,2.0,,18.0,1.0,7.0,6.0,
191630,,,,,,,,578.0,,229.0,5.0,10.0,,,,53.0,31.0,32.0,75.0,6.0,,38.0,1.0,51.0,,6.0
191649,,,,,,,,2057.0,,746.0,,,,,,252.0,168.0,88.0,151.0,13.0,,205.0,,232.0,70.0,20.0
191676,,,,,,,,213.0,,86.0,,,,,,23.0,14.0,8.0,30.0,4.0,,9.0,,25.0,2.0,
191719,,,,,,,,693.0,,323.0,,,,,,40.0,30.0,28.0,35.0,2.0,,97.0,6.0,106.0,2.0,2.0
191728,,,,,,,,100.0,,52.0,,,,,,10.0,2.0,3.0,,,,,16.0,8.0,,
191931,,,,,,,,611.0,,214.0,,,,,,60.0,23.0,25.0,57.0,5.0,,82.0,,50.0,27.0,
191940,,,,,,,,21.0,,14.0,,,,,,1.0,0.0,,1.0,,,,,4.0,,
191959,,,,,,,,10.0,,3.0,,,,,,3.0,,,,,,,,3.0,,
191968,,,,,,,,1456.0,,583.0,,,,,,101.0,69.0,73.0,148.0,11.0,,244.0,5.0,145.0,42.0,4.0
191986,,,,,,,,359.0,,174.0,,,,,,36.0,17.0,15.0,10.0,5.0,,19.0,,44.0,33.0,
192004,,,,,,,,21.0,,10.0,,,,,,6.0,1.0,,,,,,,2.0,2.0,
192022,,,,,,,,253.0,,114.0,,,,,,17.0,8.0,15.0,8.0,2.0,,16.0,,44.0,,
192040,,,,,,,,194.0,,48.0,1.0,,,,,51.0,12.0,5.0,12.0,,,20.0,,29.0,,
192110,,,,,,,,560.0,,198.0,,,,,,115.0,12.0,14.0,23.0,4.0,,51.0,10.0,78.0,15.0,23.0
192165,,,,,,,,17.0,,11.0,0.0,0.0,,,,2.0,,,,,,3.0,,1.0,,
192192,,,,,,,,286.0,,124.0,,,,,,19.0,16.0,18.0,45.0,3.0,,6.0,,29.0,,2.0
192271,,,,,,,,226.0,,105.0,,,,,,38.0,9.0,8.0,2.0,,,6.0,,11.0,,
192323,,,,,,,,548.0,,238.0,,,,,,67.0,24.0,11.0,58.0,5.0,,22.0,,49.0,27.0,
192448,,,,,,,,1455.0,,679.0,,,,,,333.0,2.0,48.0,99.0,8.0,,27.0,3.0,206.0,,3.0
192484,,,,,,,,9.0,,6.0,,,,,,2.0,1.0,,,,,,,,,
192509,,,,,,,,111.0,,41.0,,,,,,11.0,1.0,4.0,,,,10.0,5.0,5.0,,
192624,,,,,,,,14.0,,9.0,,,,,,3.0,,,,,,1.0,,1.0,,
192688,,,,,,,,62.0,,32.0,,,,,,7.0,3.0,,,,,3.0,,3.0,,
192703,,,,,,,,704.0,,305.0,,,,,,113.0,30.0,18.0,64.0,1.0,,77.0,,69.0,24.0,
192712,,,,,,,,303.0,,178.0,,,,,,26.0,7.0,5.0,18.0,1.0,,15.0,1.0,24.0,,
192749,,,,,,,,410.0,,193.0,,,,,,83.0,4.0,2.0,33.0,4.0,,4.0,,54.0,11.0,1.0
192785,,,,,,,,106.0,,54.0,1.0,,,,,13.0,5.0,3.0,2.0,,,5.0,,8.0,,
192800,,,,,,,,7.0,,3.0,,,,,,1.0,,,,,,,,3.0,,
192819,,,,,,,,1025.0,,363.0,,,,,,152.0,32.0,48.0,110.0,13.0,,153.0,,120.0,22.0,1.0
192864,,,,,,,,398.0,,188.0,,,,,,41.0,23.0,22.0,51.0,0.0,,22.0,1.0,32.0,0.0,
192925,,,,,,,,382.0,,179.0,2.0,,,,,31.0,8.0,11.0,25.0,12.0,,10.0,18.0,27.0,,
192961,,,,,,,,15.0,,10.0,,,,,,1.0,1.0,,,,,,,1.0,,
192970,,,,,,,,2.0,,,,,,,,1.0,,,,1.0,,,,,,
193016,,,,,,,,1025.0,,507.0,,,,,,79.0,42.0,29.0,37.0,9.0,,10.0,,46.0,2.0,
193052,,,,,,,,17.0,,12.0,,,,,,1.0,1.0,,,,,,,3.0,,
193061,,,,,,,,7.0,,3.0,,,,,,1.0,1.0,,,,,1.0,,1.0,,
193070,,,,,,,,12.0,,10.0,,,,,,,,,,,,,,2.0,,
193122,,,,,,,,14.0,,5.0,,,,,,2.0,2.0,,,,,0.0,,5.0,,
193186,,,,,,,,8.0,,2.0,,,,,,2.0,1.0,,,,,,1.0,1.0,0.0,
193201,,,,,,,,54.0,,24.0,,,,,,1.0,,2.0,,,,0.0,8.0,3.0,,
193247,,,,,,,,31.0,,17.0,,,,,,3.0,1.0,,,,,4.0,,3.0,3.0,
193265,,,,,,,,10.0,,4.0,,,,,,2.0,,,,,,,,2.0,0.0,
193283,,,,,,,,518.0,,184.0,,,,,,54.0,15.0,13.0,37.0,3.0,,55.0,,62.0,1.0,1.0
193292,,,,,,,,769.0,,353.0,,,,,,81.0,48.0,19.0,32.0,2.0,,62.0,,112.0,15.0,1.0
193308,,,,,,,,690.0,,339.0,,,,,,44.0,15.0,9.0,148.0,,,70.0,,62.0,,
193326,,,,,,,,1101.0,,415.0,,,,,,119.0,35.0,56.0,43.0,6.0,,121.0,,165.0,35.0,12.0
193353,,,,,,,,400.0,,140.0,,,,,,43.0,2.0,16.0,52.0,7.0,,62.0,,47.0,3.0,1.0
193380,,,,,,,,17.0,,12.0,,,,,,1.0,1.0,,,,,,,1.0,,
193399,,,,,,,,358.0,,128.0,1.0,,,,,34.0,15.0,10.0,28.0,,,86.0,6.0,36.0,9.0,
193405,,,,,,,,11269.0,,3600.0,,,,,,1264.0,551.0,928.0,284.0,2168.0,,646.0,,1788.0,10.0,7.0
193478,,,,,,,,1370.0,,663.0,,,,,,51.0,36.0,107.0,5.0,4.0,,99.0,,219.0,34.0,6.0
193584,,,,,,,,559.0,,279.0,,,,,,49.0,28.0,26.0,62.0,7.0,,15.0,,64.0,,1.0
193609,,,,,,,,21.0,,9.0,,,,,,1.0,0.0,1.0,,,,,,2.0,2.0,1.0
193654,,,,,,,,2163.0,,1087.0,,,,,,476.0,112.0,67.0,22.0,5.0,,132.0,,110.0,76.0,1.0
193672,,,,,,,,5.0,,1.0,,,,,,2.0,1.0,,,,,,,1.0,,
193751,,,,,,,,211.0,,66.0,,,,,,32.0,6.0,12.0,16.0,,,15.0,,44.0,7.0,
193821,,,,,,,,187.0,,81.0,,,,,,26.0,10.0,1.0,11.0,,,4.0,,22.0,,
193830,,,,,,,,865.0,,340.0,186.0,,,,,51.0,82.0,23.0,2.0,19.0,,37.0,,110.0,,
193858,,,,,,,,34.0,,11.0,,,,,,10.0,1.0,,,,,,2.0,3.0,2.0,
193894,,,,,,,,34.0,,14.0,,,,,,4.0,3.0,1.0,,,,,,5.0,,
193900,,,,,,,,20714.0,,7267.0,1189.0,14.0,,,,1764.0,1547.0,995.0,481.0,2857.0,,423.0,11.0,2851.0,182.0,14.0
193946,,,,,,,,439.0,,176.0,,,,,,35.0,7.0,5.0,9.0,,,49.0,,76.0,,
193973,,,,,,,,589.0,,241.0,,,,,,114.0,42.0,20.0,51.0,8.0,,18.0,,61.0,15.0,3.0
193991,,,,,,,,4.0,,3.0,,,,,,1.0,,,,,,,,,,
194028,,,,,,,,132.0,,71.0,,,,,,8.0,3.0,2.0,1.0,,,6.0,,25.0,5.0,
194073,,,,,,,,98.0,,36.0,,,,,,21.0,6.0,6.0,,,,,,19.0,6.0,
194091,,,,,,,,1361.0,,568.0,,,,,,290.0,63.0,69.0,47.0,33.0,,88.0,,130.0,21.0,2.0
194116,,,,,,,,90.0,,34.0,,,,,,20.0,2.0,5.0,5.0,0.0,,3.0,,11.0,,
194161,,,,,,,,224.0,,111.0,,,,,,15.0,3.0,3.0,32.0,2.0,,5.0,,22.0,,
194189,,,,,,,,15.0,,6.0,,,,,,2.0,2.0,,,,,4.0,,1.0,,
194222,,,,,,,,786.0,,305.0,,,,,,66.0,36.0,17.0,80.0,,,70.0,,104.0,14.0,7.0
194240,,,,,,,,628.0,,223.0,,,,,,34.0,35.0,21.0,49.0,2.0,,57.0,,96.0,13.0,0.0
194259,,,,,,,,5.0,,3.0,,,,,,,,,,,,,,1.0,,
194310,,,,,,,,2114.0,,765.0,,,,,,290.0,99.0,110.0,196.0,7.0,,65.0,,341.0,8.0,14.0
194392,,,,,,,,160.0,,58.0,3.0,9.0,,,,18.0,9.0,5.0,11.0,2.0,,7.0,2.0,11.0,1.0,0.0
194435,,,,,,,,9.0,,6.0,,,,,,1.0,,,,,,,1.0,0.0,,
194499,,,,,,,,101.0,,37.0,,,,,,3.0,,3.0,,,,,,49.0,5.0,
194569,,,,,,,,17.0,,10.0,,,,,,4.0,1.0,,,,,,,,1.0,
194578,,,,,,,,1146.0,,524.0,,,,,,70.0,29.0,55.0,82.0,17.0,,145.0,,137.0,,
194657,,,,,,,,18.0,,14.0,,,,,,1.0,1.0,,,,,0.0,,2.0,,
194666,,,,,,,,26.0,,7.0,,,,,,6.0,,,,,,3.0,,3.0,,
194693,,,,,,,,11.0,,4.0,,,,,,2.0,2.0,,,,,1.0,,1.0,,
194736,,,,,,,,19.0,,8.0,,,,,,1.0,1.0,,,,,7.0,,2.0,,
194763,,,,,,,,70.0,,13.0,,,,,,4.0,10.0,1.0,10.0,,,12.0,,4.0,1.0,
194824,,,,,,,,1785.0,,489.0,150.0,,,,,164.0,169.0,103.0,114.0,26.0,,153.0,1.0,149.0,85.0,21.0
194958,,,,,,,,283.0,,98.0,,,,,,26.0,8.0,13.0,23.0,1.0,,25.0,11.0,58.0,7.0,0.0
195003,,,,,,,,3731.0,,1190.0,25.0,,,,,425.0,292.0,339.0,416.0,44.0,,286.0,10.0,497.0,65.0,17.0
195030,,,,,,,,8952.0,,2545.0,454.0,,,,,863.0,252.0,1548.0,135.0,210.0,,402.0,,1659.0,194.0,395.0
195049,,,,,,,,1460.0,,79.0,415.0,,,,,171.0,62.0,288.0,28.0,25.0,,168.0,,108.0,63.0,
195058,,,,,,,,546.0,,207.0,,,,,,65.0,10.0,2.0,12.0,,,52.0,2.0,78.0,12.0,
195067,,,,,,,,28.0,,15.0,,,,,,3.0,,,,,,,,2.0,2.0,
195128,,,,,,,,350.0,,126.0,,,,,,50.0,10.0,19.0,14.0,5.0,,30.0,,53.0,10.0,1.0
195155,,,,,,,,8.0,,3.0,,,,,,2.0,1.0,,,,,,,2.0,,
195164,,,,,,,,505.0,,172.0,,,,,,61.0,28.0,12.0,62.0,9.0,,70.0,1.0,59.0,14.0,2.0
195173,,,,,,,,379.0,,185.0,2.0,,,,,45.0,15.0,19.0,36.0,2.0,,5.0,,17.0,,
195191,,,,,,,,41.0,,22.0,,,,,,7.0,,2.0,,,,,,4.0,,
195216,,,,,,,,750.0,,205.0,,,,,,55.0,43.0,27.0,24.0,6.0,,152.0,7.0,82.0,16.0,8.0
195234,,,,,,,,595.0,,228.0,,,,,,47.0,35.0,15.0,52.0,14.0,,91.0,,49.0,20.0,4.0
195243,,,,,,,,216.0,,78.0,,,,,,52.0,4.0,3.0,35.0,1.0,,11.0,,23.0,4.0,
195289,,,,,,,,16.0,,11.0,,,,,,1.0,1.0,,,,,,,1.0,,
195304,,,,,,,,439.0,,173.0,,,,,,118.0,7.0,13.0,20.0,5.0,,45.0,,34.0,,
195322,,,,,,,,282.0,,101.0,,1.0,,,,30.0,5.0,9.0,5.0,2.0,,19.0,,40.0,,
195438,,,,,,,,37.0,,21.0,,,,,,5.0,2.0,,,,,5.0,,4.0,,
195474,,,,,,,,691.0,,254.0,,,,,,54.0,23.0,31.0,82.0,4.0,,88.0,,68.0,24.0,12.0
195526,,,,,,,,979.0,,322.0,3.0,,,,,57.0,57.0,38.0,100.0,10.0,,178.0,,123.0,38.0,5.0
195544,,,,,,,,225.0,,99.0,,,,,,7.0,45.0,11.0,23.0,0.0,,,,36.0,,
195562,,,,,,,,449.0,,207.0,,,,,,6.0,82.0,15.0,40.0,0.0,,19.0,,72.0,,
195580,,,,,,,,34.0,,8.0,,1.0,,,,5.0,4.0,2.0,1.0,,,,,6.0,3.0,
195702,,,,,,,,32.0,,19.0,,,,,,3.0,2.0,1.0,1.0,0.0,,2.0,,2.0,,
195720,,,,,,,,683.0,,300.0,,,,,,39.0,17.0,28.0,74.0,7.0,,69.0,,77.0,14.0,8.0
195784,,,,,,,,67.0,,42.0,,,,,,6.0,2.0,,,,,,5.0,6.0,,
195809,,,,,,,,2045.0,,956.0,,,,,,39.0,204.0,69.0,157.0,33.0,,94.0,,263.0,,
195827,,,,,,,,538.0,,,,1.0,,,,140.0,126.0,95.0,29.0,,,19.0,,100.0,15.0,5.0
195988,,,,,,,,145.0,,54.0,,,,,,16.0,2.0,10.0,16.0,1.0,,11.0,,22.0,,
196006,,,,,,,,596.0,,209.0,,,,,,42.0,55.0,12.0,36.0,27.0,,103.0,,58.0,33.0,
196015,,,,,,,,445.0,,152.0,,1.0,,,,36.0,22.0,25.0,40.0,8.0,,56.0,,47.0,20.0,
196024,,,,,,,,474.0,,170.0,,,,,,35.0,32.0,14.0,22.0,21.0,,60.0,2.0,58.0,26.0,5.0
196033,,,,,,,,396.0,,139.0,,,,,,35.0,4.0,19.0,24.0,13.0,,72.0,,30.0,29.0,2.0
196042,,,,,,,,1047.0,,438.0,,25.0,,,,64.0,113.0,12.0,31.0,91.0,,107.0,,99.0,40.0,1.0
196051,,,,,,,,534.0,,172.0,,7.0,,,,35.0,29.0,13.0,41.0,32.0,,68.0,,62.0,44.0,
196060,,,,,,,,2671.0,,818.0,3.0,6.0,,,,157.0,438.0,174.0,115.0,121.0,,330.0,,210.0,171.0,25.0
196079,,,,,,,,2448.0,,836.0,14.0,,,,,132.0,245.0,78.0,117.0,129.0,,336.0,2.0,309.0,172.0,3.0
196088,,,,,,,,4845.0,,1876.0,30.0,30.0,,,,371.0,512.0,251.0,194.0,289.0,,506.0,,393.0,188.0,44.0
196097,,,,,,,,4606.0,,2170.0,78.0,5.0,,,,108.0,521.0,410.0,219.0,65.0,,419.0,2.0,174.0,144.0,73.0
196103,,,,,,,,421.0,,150.0,0.0,,,,,34.0,50.0,17.0,7.0,26.0,,43.0,,51.0,32.0,0.0
196112,,,,,,,,443.0,,188.0,,,,,,54.0,27.0,10.0,30.0,25.0,,48.0,,32.0,16.0,1.0
196121,,,,,,,,1146.0,,430.0,,19.0,,,,84.0,83.0,32.0,71.0,36.0,,130.0,,137.0,59.0,8.0
196130,,,,,,,,1394.0,,515.0,3.0,,,,,94.0,101.0,97.0,77.0,37.0,,170.0,,161.0,56.0,3.0
196149,,,,,,,,1104.0,,412.0,0.0,,,,,102.0,51.0,23.0,72.0,37.0,,165.0,,138.0,49.0,14.0
196158,,,,,,,,722.0,,308.0,,,,,,51.0,46.0,15.0,19.0,46.0,,110.0,,76.0,27.0,8.0
196167,,,,,,,,831.0,,300.0,,,,,,73.0,38.0,27.0,43.0,25.0,,135.0,,106.0,53.0,2.0
196176,,,,,,,,1120.0,,451.0,1.0,,,,,72.0,116.0,35.0,47.0,11.0,,141.0,,124.0,52.0,6.0
196185,,,,,,,,975.0,,340.0,8.0,,,,,73.0,77.0,63.0,44.0,28.0,,137.0,,104.0,53.0,8.0
196194,,,,,,,,1183.0,,433.0,7.0,8.0,,,,90.0,71.0,25.0,55.0,58.0,,191.0,,127.0,70.0,9.0
196200,,,,,,,,701.0,,277.0,,,,,,44.0,43.0,17.0,52.0,12.0,,97.0,,76.0,34.0,5.0
196219,,,,,,,,814.0,,274.0,3.0,,,,,62.0,43.0,35.0,74.0,20.0,,133.0,,89.0,46.0,3.0
196228,,,,,,,,298.0,,89.0,,,,,,29.0,24.0,1.0,2.0,61.0,,28.0,,51.0,10.0,
196237,,,,,,,,591.0,,247.0,1.0,,,,,61.0,38.0,11.0,30.0,35.0,,53.0,,59.0,27.0,6.0
196246,,,,,,,,847.0,,315.0,,,,,,56.0,60.0,27.0,53.0,38.0,,119.0,,103.0,54.0,3.0
196255,,,,,,,,1602.0,,560.0,6.0,3.0,,,,119.0,107.0,49.0,15.0,248.0,,211.0,,181.0,87.0,7.0
196264,,,,,,,,858.0,,375.0,2.0,,,,,44.0,83.0,30.0,5.0,54.0,,5.0,,217.0,8.0,4.0
196291,,,,,,,,308.0,,106.0,,,,,,32.0,19.0,5.0,24.0,9.0,,50.0,,29.0,28.0,1.0
196307,,,,,,,,1491.0,,641.0,0.0,1.0,,,,71.0,142.0,22.0,23.0,319.0,,75.0,,97.0,74.0,7.0
196389,,,,,,,,172.0,,81.0,30.0,,,,,2.0,9.0,5.0,2.0,30.0,,,5.0,4.0,1.0,
196413,,,,,,,,5046.0,,1338.0,75.0,,,,,536.0,528.0,362.0,535.0,44.0,,667.0,25.0,566.0,194.0,44.0
196431,,,,,,,,35.0,,22.0,,,,,,4.0,4.0,,,,,5.0,,,,
196440,,,,,,,,4.0,,2.0,,,,,,0.0,0.0,,,,,1.0,,1.0,,
196468,,,,,,,,1136.0,,351.0,,,,,,148.0,105.0,36.0,,,,98.0,,78.0,,
196565,,,,,,,,318.0,,131.0,,,,,,43.0,5.0,16.0,12.0,,,33.0,,41.0,,
196583,,,,,,,,4.0,,4.0,,,,,,,0.0,,,,,,,,,
196592,,,,,,,,1822.0,,774.0,4.0,,,,,191.0,100.0,133.0,49.0,7.0,,105.0,,350.0,2.0,
196653,,,,,,,,175.0,,93.0,,,,,,26.0,16.0,2.0,2.0,,,,,15.0,,
196680,,,,,,,,644.0,,261.0,,,,,,37.0,26.0,35.0,20.0,,,,5.0,69.0,2.0,
196699,,,,,,,,252.0,,91.0,2.0,12.0,,,,18.0,4.0,,8.0,3.0,,34.0,,33.0,3.0,
196866,,,,,,,,840.0,,225.0,,,,,,80.0,27.0,40.0,75.0,17.0,,240.0,,89.0,26.0,
196884,,,,,,,,90.0,,29.0,,,,,,11.0,10.0,3.0,14.0,,,,,16.0,,
197018,,,,,,,,187.0,,127.0,6.0,3.0,,,,8.0,6.0,1.0,2.0,,,3.0,2.0,8.0,3.0,10.0
197027,,,,,,,,259.0,,115.0,,,,,,12.0,24.0,7.0,2.0,,,5.0,,27.0,23.0,2.0
197036,,,,,,,,1703.0,,261.0,,,,,,27.0,245.0,194.0,62.0,5.0,,259.0,12.0,166.0,125.0,240.0
197045,,,,,,,,573.0,,262.0,,,,,,40.0,34.0,31.0,65.0,3.0,,12.0,,75.0,6.0,
197133,,,,,,,,1025.0,,308.0,,,,,,53.0,132.0,54.0,13.0,9.0,,260.0,,123.0,7.0,
197142,,,,,,,,138.0,,67.0,,,,,,17.0,2.0,2.0,11.0,,,13.0,,21.0,1.0,
197151,,,,,,,,1197.0,,663.0,,,,,,150.0,17.0,56.0,93.0,,,108.0,1.0,70.0,,
197197,,,,,,,,488.0,,181.0,,8.0,,,,25.0,14.0,17.0,56.0,4.0,,64.0,,47.0,13.0,15.0
197221,,,,,,,,36.0,,11.0,,,,,,10.0,3.0,1.0,1.0,0.0,,4.0,,2.0,1.0,
197230,,,,,,,,162.0,,43.0,,,,,,23.0,5.0,9.0,23.0,,,27.0,,7.0,7.0,5.0
197285,,,,,,,,116.0,,38.0,,,,,,15.0,10.0,5.0,7.0,,,,,13.0,0.0,
197294,,,,,,,,840.0,,406.0,,,,,,62.0,15.0,75.0,44.0,4.0,,13.0,,107.0,18.0,
197337,,,,,,,,4.0,,3.0,,,,,,1.0,,,,,,,,0.0,,
197531,,,,,,,,99.0,,4.0,,,,,,17.0,3.0,,,0.0,,19.0,0.0,33.0,,
197601,,,,,,,,11.0,,4.0,,,,,,3.0,1.0,,,,,,,1.0,1.0,
197647,,,,,,,,22.0,,14.0,,,,,,2.0,2.0,,,,,2.0,,2.0,,
197674,,,,,,,,28.0,,18.0,,,,,,2.0,2.0,,,,,2.0,,2.0,,
197692,,,,,,,,14.0,,6.0,,,,,,,1.0,,,,,6.0,,1.0,,
197708,,,,,,,,1220.0,,471.0,,,,,,114.0,93.0,15.0,38.0,9.0,,103.0,8.0,124.0,35.0,5.0
197735,,,,,,,,72.0,,54.0,,,,,,6.0,3.0,,,,,5.0,,5.0,,
197744,,,,,,,,21.0,,9.0,,,,,,5.0,1.0,,,,,2.0,,4.0,,
197814,,,,,,,,274.0,,133.0,,0.0,,,,26.0,6.0,7.0,14.0,,,20.0,2.0,27.0,5.0,
197850,,,,,,,,255.0,,136.0,,,,,,31.0,6.0,10.0,10.0,,,1.0,,35.0,8.0,
197869,,,,,,,,3034.0,,1155.0,2.0,,,,,119.0,136.0,205.0,204.0,46.0,,350.0,39.0,428.0,144.0,16.0
197887,,,,,,,,648.0,,318.0,,,,,,83.0,14.0,27.0,29.0,,,21.0,4.0,69.0,13.0,2.0
197911,,,,,,,,239.0,,84.0,,,,,,30.0,10.0,6.0,42.0,5.0,,26.0,,20.0,7.0,
197966,,,,,,,,185.0,,74.0,,,,,,28.0,3.0,5.0,9.0,0.0,,21.0,,20.0,5.0,
197984,,,,,,,,238.0,,92.0,,,,,,18.0,21.0,1.0,49.0,7.0,,5.0,2.0,20.0,,2.0
197993,,,,,,,,130.0,,44.0,,,,,,29.0,1.0,5.0,,,,8.0,,35.0,,
198011,,,,,,,,140.0,,71.0,,,,,,20.0,5.0,3.0,7.0,,,4.0,2.0,20.0,2.0,
198039,,,,,,,,274.0,,136.0,,,,,,31.0,9.0,11.0,14.0,1.0,,12.0,0.0,25.0,8.0,1.0
198066,,,,,,,,226.0,,68.0,,,,,,20.0,7.0,3.0,34.0,,,48.0,,40.0,,
198084,,,,,,,,298.0,,139.0,,,,,,21.0,10.0,8.0,16.0,,,31.0,,36.0,4.0,1.0
198109,,,,,,,,67.0,,44.0,1.0,,,,,2.0,2.0,,1.0,,,,,6.0,,
198118,,,,,,,,394.0,,169.0,,,,,,63.0,8.0,16.0,24.0,,,26.0,5.0,52.0,8.0,
198136,,,,,,,,1102.0,,370.0,,,,,,84.0,68.0,45.0,172.0,19.0,,115.0,3.0,108.0,30.0,8.0
198154,,,,,,,,911.0,,357.0,,,,,,47.0,20.0,25.0,42.0,,,74.0,9.0,86.0,21.0,44.0
198190,,,,,,,,27.0,,22.0,,,,,,,1.0,,2.0,,,,,,,
198206,,,,,,,,251.0,,140.0,,,,,,24.0,3.0,5.0,8.0,,,23.0,1.0,39.0,1.0,
198215,,,,,,,,275.0,,98.0,,,,,,13.0,10.0,12.0,59.0,8.0,,24.0,,29.0,9.0,
198233,,,,,,,,511.0,,251.0,,,,,,54.0,6.0,43.0,29.0,0.0,,11.0,3.0,70.0,11.0,0.0
198251,,,,,,,,626.0,,245.0,,1.0,,,,69.0,8.0,11.0,57.0,1.0,,41.0,,73.0,12.0,1.0
198260,,,,,,,,1737.0,,725.0,,,,,,160.0,51.0,76.0,132.0,2.0,,43.0,,236.0,1.0,
198303,,,,,,,,200.0,,53.0,,,,,,21.0,9.0,6.0,37.0,6.0,,12.0,,15.0,9.0,2.0
198321,,,,,,,,253.0,,144.0,,,,,,16.0,8.0,11.0,14.0,,,1.0,,22.0,6.0,
198330,,,,,,,,420.0,,229.0,,,,,,23.0,,12.0,20.0,,,31.0,5.0,66.0,5.0,2.0
198367,,,,,,,,335.0,,139.0,,,,,,61.0,15.0,7.0,20.0,1.0,,14.0,,39.0,17.0,
198376,,,,,,,,399.0,,168.0,2.0,,,,,59.0,9.0,5.0,24.0,1.0,,27.0,,75.0,7.0,
198385,,,,,,,,850.0,,227.0,,,,,,32.0,68.0,52.0,140.0,11.0,,154.0,11.0,81.0,32.0,
198419,,,,,,,,18794.0,,4127.0,1546.0,,,,,1605.0,2004.0,3288.0,737.0,1560.0,,1094.0,46.0,1975.0,388.0,200.0
198455,,,,,,,,609.0,,361.0,,,,,,86.0,6.0,8.0,27.0,1.0,,35.0,2.0,66.0,4.0,
198464,,,,,,,,5773.0,,1546.0,7.0,289.0,,,,183.0,288.0,482.0,302.0,327.0,,679.0,4.0,1236.0,154.0,29.0
198491,,,,,,,,219.0,,125.0,,,,,,26.0,7.0,5.0,9.0,,,9.0,,27.0,,
198507,,,,,,,,360.0,,96.0,,,,,,52.0,28.0,17.0,23.0,,,50.0,2.0,40.0,15.0,2.0
198516,,,,,,,,1461.0,,499.0,,,,,,136.0,91.0,72.0,143.0,8.0,,178.0,,133.0,48.0,23.0
198534,,,,,,,,982.0,,454.0,,,,,,82.0,10.0,34.0,40.0,,,126.0,5.0,148.0,12.0,6.0
198543,,,,,,,,808.0,,293.0,,,,,,57.0,33.0,40.0,42.0,2.0,,76.0,1.0,146.0,34.0,11.0
198552,,,,,,,,894.0,,506.0,,,,,,126.0,10.0,24.0,29.0,,,21.0,,115.0,14.0,
198561,,,,,,,,513.0,,215.0,,,,,,53.0,11.0,6.0,95.0,7.0,,39.0,0.0,67.0,,
198570,,,,,,,,526.0,,246.0,,,,,,60.0,13.0,33.0,2.0,,,14.0,,72.0,28.0,3.0
198598,,,,,,,,171.0,,69.0,,,,,,12.0,8.0,2.0,25.0,6.0,,10.0,,17.0,,
198613,,,,,,,,348.0,,127.0,,,,,,32.0,28.0,15.0,44.0,4.0,,7.0,,15.0,21.0,
198622,,,,,,,,861.0,,435.0,,,,,,61.0,12.0,27.0,25.0,,,60.0,13.0,99.0,20.0,2.0
198640,,,,,,,,193.0,,105.0,,,,,,16.0,3.0,4.0,20.0,,,9.0,,20.0,4.0,
198668,,,,,,,,247.0,,123.0,,,,,,28.0,6.0,10.0,7.0,1.0,,31.0,,25.0,4.0,
198677,,,,,,,,13.0,,7.0,1.0,,,,,1.0,1.0,,1.0,,,,,0.0,,
198695,,,,,,,,950.0,,373.0,,,,,,144.0,33.0,45.0,132.0,13.0,,91.0,4.0,63.0,8.0,22.0
198710,,,,,,,,248.0,,101.0,2.0,1.0,,,,32.0,8.0,6.0,13.0,,,19.0,2.0,24.0,4.0,1.0
198729,,,,,,,,215.0,,59.0,,,,,,26.0,8.0,6.0,20.0,,,10.0,3.0,35.0,3.0,
198756,,,,,,,,293.0,,108.0,,1.0,,,,61.0,7.0,12.0,17.0,2.0,,20.0,,42.0,6.0,1.0
198774,,,,,,,,462.0,,188.0,,,,,,41.0,11.0,16.0,15.0,,,38.0,1.0,51.0,8.0,
198808,,,,,,,,171.0,,76.0,,,,,,14.0,10.0,1.0,34.0,4.0,,6.0,,11.0,,1.0
198817,,,,,,,,333.0,,173.0,,29.0,,,,17.0,1.0,9.0,10.0,,,22.0,,67.0,,
198835,,,,,,,,381.0,,192.0,,,,,,26.0,23.0,,49.0,8.0,,9.0,,22.0,,
198844,,,,,,,,17.0,,8.0,,,,,,2.0,3.0,,,,,1.0,,2.0,,
198862,,,,,,,,226.0,,71.0,,,,,,14.0,20.0,7.0,19.0,1.0,,15.0,,53.0,,4.0
198871,,,,,,,,117.0,,38.0,,,,,,13.0,1.0,2.0,24.0,3.0,,9.0,,21.0,5.0,
198899,,,,,,,,295.0,,108.0,,,,,,21.0,13.0,6.0,46.0,6.0,,38.0,4.0,22.0,9.0,
198905,,,,,,,,137.0,,68.0,,,,,,20.0,3.0,4.0,5.0,,,5.0,1.0,14.0,4.0,1.0
198914,,,,,,,,157.0,,72.0,,,,,,30.0,7.0,5.0,10.0,,,,,25.0,3.0,
198923,,,,,,,,126.0,,69.0,1.0,,,,,1.0,6.0,4.0,2.0,,,5.0,1.0,3.0,2.0,
198950,,,,,,,,460.0,,160.0,,6.0,,,,46.0,18.0,30.0,23.0,4.0,,46.0,,61.0,11.0,1.0
198969,,,,,,,,468.0,,211.0,,,,,,37.0,10.0,14.0,63.0,9.0,,66.0,1.0,37.0,14.0,2.0
198978,,,,,,,,180.0,,70.0,,,,,,19.0,11.0,,,,,10.0,44.0,10.0,,
198987,,,,,,,,321.0,,171.0,,,,,,38.0,16.0,8.0,10.0,,,25.0,2.0,39.0,1.0,
199005,,,,,,,,2.0,,2.0,,,,,,,,,,,,,,,,
199023,,,,,,,,140.0,,82.0,,,,,,11.0,6.0,4.0,2.0,,,5.0,,23.0,3.0,
199032,,,,,,,,188.0,,96.0,,,,,,5.0,9.0,5.0,28.0,,,1.0,3.0,5.0,0.0,
199069,,,,,,,,323.0,,118.0,,,,,,53.0,9.0,7.0,42.0,2.0,,16.0,,28.0,,2.0
199078,,,,,,,,12.0,,6.0,,,,,,3.0,,,,,,,,3.0,,
199087,,,,,,,,379.0,,232.0,,,,,,23.0,4.0,8.0,9.0,,,28.0,2.0,33.0,6.0,1.0
199102,,,,,,,,1767.0,,565.0,18.0,,,,,103.0,153.0,145.0,87.0,19.0,,167.0,,327.0,69.0,4.0
199111,,,,,,,,714.0,,254.0,,,,,,46.0,42.0,51.0,49.0,3.0,,84.0,1.0,114.0,36.0,4.0
199120,,,,,,,,13730.0,,2069.0,1531.0,1167.0,,,,255.0,1255.0,2594.0,465.0,548.0,,822.0,,1887.0,494.0,27.0
199139,,,,,,,,3816.0,,1259.0,44.0,,,,,201.0,270.0,354.0,265.0,32.0,,412.0,2.0,592.0,226.0,11.0
199148,,,,,,,,2812.0,,974.0,0.0,1.0,,,,155.0,279.0,362.0,136.0,21.0,,260.0,2.0,256.0,113.0,14.0
199157,,,,,,,,1276.0,,440.0,2.0,,,,,92.0,81.0,97.0,103.0,27.0,,126.0,,202.0,37.0,2.0
199175,,,,,,,,441.0,,,,,,,,64.0,104.0,76.0,71.0,,,16.0,,77.0,13.0,
199184,,,,,,,,497.0,,170.0,,,,,,52.0,43.0,27.0,27.0,3.0,,67.0,0.0,66.0,24.0,2.0
199193,,,,,,,,9297.0,,1871.0,381.0,297.0,,,,349.0,621.0,1576.0,498.0,208.0,,678.0,6.0,1291.0,485.0,53.0
199209,,,,,,,,293.0,,128.0,,,,,,27.0,11.0,7.0,35.0,1.0,,17.0,,6.0,0.0,
199218,,,,,,,,2182.0,,796.0,11.0,,,,,100.0,162.0,188.0,166.0,24.0,,183.0,,345.0,77.0,13.0
199263,,,,,,,,75.0,,37.0,,,,,,10.0,1.0,3.0,3.0,,,6.0,,8.0,,
199272,,,,,,,,167.0,,62.0,,,,,,10.0,7.0,3.0,18.0,7.0,,10.0,8.0,14.0,,
199281,,,,,,,,946.0,,347.0,,,,,,58.0,59.0,65.0,49.0,5.0,,107.0,,166.0,33.0,1.0
199306,,,,,,,,204.0,,107.0,,,,,,8.0,11.0,5.0,36.0,1.0,,1.0,1.0,13.0,,0.0
199324,,,,,,,,209.0,,85.0,,,,,,40.0,1.0,3.0,9.0,,,17.0,,34.0,4.0,
199333,,,,,,,,670.0,,280.0,,,,,,51.0,10.0,19.0,57.0,,,16.0,,148.0,6.0,
199412,,,,,,,,451.0,,190.0,,,,,,71.0,11.0,12.0,52.0,6.0,,10.0,,48.0,2.0,2.0
199421,,,,,,,,403.0,,179.0,,,,,,35.0,6.0,12.0,16.0,11.0,,20.0,,64.0,9.0,
199449,,,,,,,,255.0,,126.0,,,,,,35.0,3.0,5.0,6.0,,,19.0,,26.0,7.0,
199458,,,,,,,,39.0,,16.0,,,,,,3.0,,,1.0,,,1.0,,4.0,3.0,
199467,,,,,,,,116.0,,64.0,,,,,,14.0,2.0,4.0,4.0,,,8.0,,12.0,,
199476,,,,,,,,230.0,,130.0,,,,,,21.0,3.0,5.0,19.0,,,6.0,,36.0,1.0,
199485,,,,,,,,220.0,,108.0,,,,,,25.0,4.0,7.0,4.0,,,16.0,1.0,28.0,,
199494,,,,,,,,582.0,,336.0,,,,,,56.0,10.0,20.0,28.0,,,16.0,,73.0,11.0,
199582,,,,,,,,215.0,,86.0,,,,,,29.0,8.0,5.0,17.0,3.0,,41.0,,16.0,6.0,
199607,,,,,,,,160.0,,65.0,,,,,,16.0,22.0,7.0,18.0,1.0,,15.0,,9.0,2.0,
199625,,,,,,,,191.0,,94.0,,,,,,16.0,7.0,4.0,4.0,,,14.0,4.0,26.0,,0.0
199634,,,,,,,,447.0,,253.0,,,,,,51.0,8.0,9.0,8.0,1.0,,35.0,1.0,42.0,9.0,2.0
199643,,,,,,,,250.0,,81.0,,,,,,32.0,14.0,3.0,23.0,5.0,,42.0,,17.0,,2.0
199689,,,,,,,,18.0,,9.0,,,,,,2.0,,,,,,,3.0,4.0,,
199698,,,,,,,,249.0,,54.0,1.0,,,,,7.0,18.0,2.0,48.0,1.0,,59.0,,33.0,12.0,
199722,,,,,,,,249.0,,80.0,,,,,,25.0,10.0,7.0,18.0,,,12.0,,21.0,2.0,
199731,,,,,,,,337.0,,183.0,,,,,,32.0,4.0,9.0,22.0,,,15.0,,25.0,5.0,
199740,,,,,,,,296.0,,147.0,,,,,,35.0,6.0,12.0,18.0,1.0,,17.0,,30.0,,
199759,,,,,,,,309.0,,79.0,2.0,,,,,33.0,9.0,7.0,13.0,,,15.0,,79.0,35.0,
199768,,,,,,,,319.0,,180.0,,,,,,38.0,3.0,12.0,7.0,,,23.0,2.0,41.0,1.0,1.0
199786,,,,,,,,402.0,,236.0,,,,,,25.0,4.0,7.0,11.0,,,21.0,,53.0,,
199795,,,,,,,,178.0,,86.0,,,,,,20.0,5.0,5.0,3.0,0.0,,7.0,,18.0,,1.0
199838,,,,,,,,296.0,,140.0,,,,,,22.0,8.0,7.0,13.0,,,36.0,,21.0,6.0,
199847,,,,,,,,6943.0,,2033.0,244.0,,,,,415.0,884.0,437.0,197.0,1142.0,,335.0,8.0,937.0,88.0,34.0
199856,,,,,,,,1691.0,,689.0,,,,,,227.0,54.0,64.0,82.0,3.0,,26.0,7.0,246.0,16.0,5.0
199865,,,,,,,,198.0,,71.0,,,,,,35.0,9.0,4.0,13.0,2.0,,13.0,1.0,12.0,8.0,
199883,,,,,,,,20.0,,13.0,,,,,,3.0,2.0,,,,,,,,,
199892,,,,,,,,415.0,,162.0,,,,,,38.0,13.0,9.0,25.0,,,46.0,,55.0,,1.0
199908,,,,,,,,242.0,,127.0,,,,,,26.0,4.0,7.0,17.0,,,5.0,2.0,28.0,6.0,
199926,,,,,,,,377.0,,189.0,,,,,,39.0,16.0,12.0,16.0,2.0,,40.0,3.0,33.0,7.0,1.0
199953,,,,,,,,190.0,,101.0,,,,,,23.0,10.0,5.0,2.0,,,20.0,,14.0,,
199962,,,,,,,,572.0,,246.0,,,,,,25.0,11.0,9.0,70.0,8.0,,46.0,3.0,36.0,7.0,5.0
199971,,,,,,,,5.0,,1.0,,,,,,1.0,1.0,,,,,,,1.0,,
199980,,,,,,,,12.0,,5.0,,,,,,1.0,1.0,,,,,,,3.0,,
199999,,,,,,,,864.0,,309.0,0.0,,,,,79.0,70.0,55.0,42.0,7.0,,80.0,1.0,135.0,32.0,7.0
200004,,,,,,,,1619.0,,593.0,,,,,,98.0,96.0,128.0,116.0,18.0,,186.0,4.0,188.0,100.0,23.0
200013,,,,,,,,60.0,,36.0,,,,,,8.0,,,,,,,,2.0,,
200022,,,,,,,,374.0,,181.0,,,,,,29.0,16.0,13.0,26.0,,,37.0,2.0,45.0,12.0,
200059,,,,,,,,214.0,,87.0,,,,,,22.0,11.0,6.0,24.0,1.0,,19.0,,22.0,9.0,
200086,,,,,,,,71.0,,26.0,1.0,1.0,,,,7.0,1.0,1.0,2.0,,,9.0,,6.0,,
200110,,,,,,,,5.0,,3.0,,,,,,2.0,,,,,,,,,,
200156,,,,,,,,212.0,,87.0,,,,,,9.0,1.0,5.0,41.0,,,19.0,16.0,25.0,4.0,
200192,,,,,,,,116.0,,42.0,,,,,,16.0,5.0,4.0,2.0,,,13.0,1.0,16.0,,
200208,,,,,,,,111.0,,19.0,,,,,,12.0,3.0,2.0,4.0,4.0,,8.0,,16.0,2.0,4.0
200217,,,,,,,,471.0,,211.0,,,,,,17.0,12.0,2.0,45.0,14.0,,48.0,11.0,42.0,2.0,
200226,,,,,,,,215.0,,50.0,,,,,,26.0,18.0,3.0,15.0,4.0,,26.0,,19.0,7.0,
200253,,,,,,,,453.0,,201.0,35.0,,,,,27.0,14.0,12.0,23.0,6.0,,36.0,,34.0,12.0,
200280,,,,,,,,2535.0,,840.0,5.0,,,,,124.0,187.0,258.0,238.0,82.0,,209.0,,330.0,67.0,94.0
200305,,,,,,,,322.0,,151.0,,,,,,17.0,9.0,8.0,14.0,0.0,,42.0,1.0,58.0,7.0,7.0
200314,,,,,,,,100.0,,45.0,,,,,,5.0,5.0,4.0,2.0,0.0,,11.0,2.0,4.0,3.0,2.0
200332,,,,,,,,2398.0,,592.0,180.0,138.0,,,,129.0,120.0,293.0,138.0,41.0,,263.0,6.0,252.0,109.0,29.0
200341,,,,,,,,94.0,,30.0,,,,,,14.0,8.0,2.0,8.0,,,11.0,,8.0,,
200466,,,,,,,,113.0,,30.0,,,,,,3.0,3.0,3.0,12.0,,,16.0,,5.0,14.0,13.0
200484,,,,,,,,61.0,,15.0,,,,,,6.0,5.0,1.0,8.0,,,9.0,,9.0,4.0,0.0
200527,,,,,,,,132.0,,51.0,0.0,,,,,22.0,5.0,7.0,7.0,,,12.0,,22.0,,
200554,,,,,,,,198.0,,38.0,,,,,,10.0,17.0,7.0,8.0,1.0,,54.0,,16.0,15.0,
200572,,,,,,,,194.0,,83.0,,,,,,24.0,5.0,6.0,23.0,,,13.0,,19.0,6.0,7.0
200590,,,,,,,,29.0,,16.0,,,,,,2.0,1.0,1.0,,,,,,2.0,1.0,
200785,,,,,,,,34.0,,20.0,,,,,,2.0,,1.0,,,,,,3.0,,
200800,,,,,,,,2188.0,,845.0,,,,,,94.0,144.0,129.0,209.0,31.0,,213.0,1.0,189.0,68.0,27.0
200846,,,,,,,,84.0,,40.0,,,,,,4.0,1.0,3.0,11.0,2.0,,2.0,1.0,5.0,4.0,
200873,,,,,,,,25.0,,9.0,,3.0,,,,,4.0,,,,,,,,,
201034,,,,,,,,89.0,,76.0,,,,,,8.0,1.0,,,,,,0.0,4.0,,
201061,,,,,,,,59.0,,22.0,,5.0,,,,9.0,1.0,,11.0,,,0.0,,7.0,,1.0
201098,,,,,,,,11.0,,5.0,,,,,,1.0,1.0,1.0,,,,,2.0,1.0,,
201104,,,,,,,,900.0,,308.0,,,,,,92.0,18.0,21.0,76.0,3.0,,111.0,2.0,97.0,16.0,1.0
201131,,,,,,,,19.0,,12.0,,,,,,2.0,,,1.0,,,,,3.0,,
201140,,,,,,,,45.0,,14.0,,,,,,9.0,1.0,1.0,1.0,,,11.0,,4.0,1.0,
201159,,,,,,,,48.0,,2.0,,,,,,2.0,,0.0,,12.0,,14.0,,6.0,4.0,2.0
201177,,,,,,,,63.0,,27.0,,,,,,15.0,13.0,3.0,,,,,,2.0,,
201195,,,,,,,,740.0,,285.0,,,,,,57.0,24.0,21.0,56.0,4.0,,101.0,2.0,82.0,28.0,3.0
201283,,,,,,,,95.0,,46.0,,1.0,,,,19.0,1.0,4.0,,,,6.0,1.0,11.0,,
201371,,,,,,,,152.0,,67.0,,,,,,23.0,8.0,4.0,18.0,2.0,,7.0,8.0,10.0,,
201432,,,,,,,,114.0,,64.0,,,,,,17.0,,5.0,8.0,0.0,,5.0,,11.0,3.0,0.0
201441,,,,,,,,2117.0,,899.0,7.0,,,,,290.0,111.0,117.0,189.0,7.0,,196.0,4.0,251.0,25.0,4.0
201469,,,,,,,,136.0,,69.0,,,,,,14.0,1.0,2.0,29.0,,,2.0,1.0,12.0,,
201478,,,,,,,,24.0,,19.0,,,,,,,,,,,,,,,,
201496,,,,,,,,35.0,,22.0,,,,,,6.0,1.0,,2.0,,,,,4.0,,
201539,,,,,,,,30.0,,21.0,,,,,,4.0,1.0,,,,,,,3.0,,
201548,,,,,,,,509.0,,241.0,,,,,,55.0,22.0,19.0,49.0,,,17.0,,45.0,20.0,
201645,,,,,,,,4458.0,,1316.0,545.0,,,,,199.0,450.0,580.0,173.0,130.0,,340.0,,372.0,82.0,8.0
201654,,,,,,,,620.0,,269.0,,,,,,42.0,39.0,23.0,68.0,9.0,,31.0,15.0,73.0,20.0,6.0
201672,,,,,,,,217.0,,108.0,,,,,,24.0,12.0,5.0,16.0,,,13.0,,24.0,,
201681,,,,,,,,12.0,,7.0,,,,,,2.0,1.0,,,,,,,2.0,,
201690,,,,,,,,376.0,,124.0,8.0,,,,,58.0,31.0,7.0,35.0,1.0,,35.0,,49.0,1.0,
201751,,,,,,,,54.0,,24.0,,,,,,7.0,1.0,1.0,1.0,,,3.0,6.0,7.0,,
201803,,,,,,,,49.0,,26.0,,,,,,,,1.0,,13.0,,,,2.0,3.0,
201821,,,,,,,,87.0,,49.0,,,,,,16.0,3.0,2.0,6.0,,,,,4.0,,
201867,,,,,,,,11.0,,4.0,,,,,,1.0,1.0,,,,,,1.0,3.0,,
201885,,,,,,,,7032.0,,2603.0,142.0,65.0,,,,903.0,648.0,762.0,390.0,551.0,,406.0,8.0,262.0,151.0,50.0
201928,,,,,,,,552.0,,270.0,,,,,,52.0,14.0,6.0,16.0,,,47.0,,61.0,8.0,2.0
201946,,,,,,,,233.0,,149.0,,0.0,,,,22.0,7.0,6.0,28.0,,,11.0,,4.0,3.0,
201955,,,,,,,,339.0,,232.0,,,,,,21.0,26.0,14.0,17.0,,,5.0,,4.0,6.0,
201964,,,,,,,,338.0,,191.0,,,,,,63.0,4.0,9.0,6.0,,,7.0,16.0,40.0,1.0,
201973,,,,,,,,326.0,,174.0,,,,,,34.0,8.0,8.0,10.0,,,14.0,5.0,34.0,,
201982,,,,,,,,6.0,,3.0,,,,,,,,,,,,1.0,,2.0,,
202046,,,,,,,,167.0,,74.0,,,,,,26.0,5.0,10.0,7.0,,,5.0,,12.0,1.0,
202073,,,,,,,,118.0,,54.0,1.0,,,,,19.0,13.0,1.0,8.0,,,5.0,1.0,5.0,4.0,
202134,,,,,,,,1833.0,,757.0,,,,,,140.0,128.0,152.0,153.0,12.0,,114.0,3.0,244.0,26.0,10.0
202152,,,,,,,,16.0,,9.0,,,,,,2.0,1.0,,,,,,,0.0,2.0,
202161,,,,,,,,20.0,,10.0,,,,,,4.0,1.0,,,,,3.0,,,0.0,
202170,,,,,,,,239.0,,115.0,1.0,2.0,,,,28.0,10.0,14.0,9.0,,,10.0,3.0,7.0,2.0,
202222,,,,,,,,1561.0,,727.0,,,,,,190.0,124.0,84.0,81.0,17.0,,37.0,7.0,185.0,30.0,8.0
202356,,,,,,,,2255.0,,803.0,,,,,,179.0,199.0,40.0,25.0,19.0,,138.0,,355.0,,
202435,,,,,,,,12.0,,5.0,,,,,,2.0,0.0,1.0,,,,0.0,1.0,,,
202453,,,,,,,,5.0,,2.0,,,,,,1.0,,,,,,,,2.0,,
202480,,,,,,,,2944.0,,801.0,,,,,,423.0,174.0,639.0,160.0,19.0,,261.0,11.0,279.0,66.0,9.0
202514,,,,,,,,130.0,,49.0,,,,,,16.0,6.0,3.0,26.0,1.0,,2.0,,9.0,6.0,
202523,,,,,,,,752.0,,261.0,,,,,,126.0,40.0,35.0,47.0,17.0,,95.0,1.0,93.0,6.0,
202648,,,,,,,,184.0,,93.0,,,,,,29.0,7.0,8.0,0.0,,,13.0,,29.0,,
202657,,,,,,,,35.0,,19.0,,,,,,5.0,3.0,1.0,1.0,,,,,5.0,,
202763,,,,,,,,635.0,,283.0,,,,,,72.0,13.0,22.0,60.0,16.0,,44.0,1.0,72.0,25.0,2.0
202806,,,,,,,,684.0,,334.0,,,,,,48.0,56.0,39.0,111.0,3.0,,13.0,,53.0,7.0,
202888,,,,,,,,7.0,,4.0,,,,,,2.0,1.0,,,,,,,,,
202903,,,,,,,,70.0,,28.0,,,,,,6.0,3.0,,3.0,0.0,,12.0,3.0,10.0,,
202912,,,,,,,,57.0,,32.0,,,,,,7.0,1.0,4.0,,,,,,3.0,,
202949,,,,,,,,54.0,,26.0,,,,,,10.0,1.0,,1.0,,,1.0,,5.0,,
202985,,,,,,,,14.0,,10.0,,,,,,2.0,,,,,,,,2.0,,
203030,,,,,,,,17.0,,9.0,,,,,,,,,,9.0,,,,,,
203067,,,,,,,,251.0,,70.0,0.0,,,,,45.0,23.0,7.0,4.0,,,13.0,12.0,23.0,11.0,
203085,,,,,,,,271.0,,81.0,8.0,,,,,26.0,13.0,5.0,49.0,3.0,,35.0,2.0,28.0,7.0,0.0
203128,,,,,,,,216.0,,81.0,,,,,,22.0,7.0,6.0,45.0,4.0,,10.0,1.0,23.0,2.0,
203146,,,,,,,,45.0,,24.0,,,,,,4.0,2.0,,,,,,4.0,7.0,1.0,2.0
203155,,,,,,,,225.0,,102.0,,,,,,40.0,12.0,2.0,8.0,2.0,,19.0,,12.0,12.0,2.0
203234,,,,,,,,14.0,,5.0,,,,,,3.0,,,,,,,,2.0,,
203289,,,,,,,,17.0,,8.0,,,,,,2.0,1.0,,,,,,2.0,3.0,1.0,
203331,,,,,,,,521.0,,367.0,,,,,,15.0,12.0,16.0,18.0,,,,4.0,20.0,5.0,
203368,,,,,,,,598.0,,245.0,,,,,,62.0,28.0,23.0,87.0,5.0,,25.0,,75.0,13.0,3.0
203386,,,,,,,,212.0,,99.0,,,,,,54.0,15.0,5.0,5.0,,,1.0,,30.0,,
203438,,,,,,,,22.0,,10.0,,,,,,3.0,1.0,0.0,,,,,6.0,2.0,,
203447,,,,,,,,117.0,,61.0,,,,,,11.0,11.0,3.0,3.0,1.0,,2.0,,11.0,3.0,
203456,,,,,,,,53.0,,29.0,,,,,,4.0,2.0,3.0,1.0,1.0,,3.0,,5.0,1.0,
203465,,,,,,,,283.0,,155.0,,,,,,11.0,26.0,7.0,7.0,,,28.0,1.0,31.0,4.0,
203474,,,,,,,,113.0,,62.0,,,,,,6.0,8.0,2.0,3.0,1.0,,4.0,,16.0,4.0,
203483,,,,,,,,155.0,,76.0,,,,,,12.0,10.0,2.0,20.0,1.0,,13.0,,13.0,2.0,
203492,,,,,,,,92.0,,58.0,,,,,,7.0,4.0,2.0,1.0,0.0,,3.0,,7.0,2.0,
203517,,,,,,,,3603.0,,1250.0,,,,,,461.0,502.0,203.0,162.0,34.0,,378.0,3.0,322.0,119.0,23.0
203526,,,,,,,,110.0,,70.0,,,,,,9.0,4.0,2.0,3.0,1.0,,4.0,,6.0,1.0,
203535,,,,,,,,640.0,,210.0,,,,,,86.0,96.0,1.0,22.0,5.0,,92.0,4.0,75.0,24.0,
203544,,,,,,,,124.0,,75.0,,,,,,21.0,0.0,7.0,5.0,,,3.0,1.0,10.0,,
203580,,,,,,,,181.0,,66.0,,,,,,25.0,9.0,5.0,32.0,3.0,,4.0,,4.0,23.0,
203599,,,,,,,,518.0,,243.0,,,,,,47.0,24.0,35.0,16.0,,,54.0,,82.0,,
203614,,,,,,,,73.0,,56.0,,,,,,4.0,3.0,1.0,1.0,,,1.0,,7.0,,
203678,,,,,,,,222.0,,116.0,,,,,,27.0,8.0,9.0,16.0,,,15.0,,27.0,,1.0
203720,,,,,,,,25.0,,15.0,,,,,,2.0,3.0,,,,,,2.0,1.0,,
203739,,,,,,,,20.0,,13.0,,,,,,1.0,4.0,,,,,,1.0,1.0,,
203748,,,,,,,,726.0,,282.0,,,,,,42.0,48.0,41.0,94.0,,,36.0,6.0,96.0,10.0,
203757,,,,,,,,194.0,,83.0,,,,,,27.0,5.0,,53.0,,,,,16.0,,2.0
203775,,,,,,,,254.0,,105.0,,,,,,18.0,13.0,10.0,34.0,,,15.0,,39.0,6.0,
203845,,,,,,,,381.0,,126.0,,,,,,36.0,25.0,17.0,59.0,3.0,,44.0,1.0,42.0,10.0,1.0
203881,,,,,,,,158.0,,84.0,,2.0,,,,18.0,5.0,7.0,,,,,3.0,26.0,,1.0
203942,,,,,,,,16.0,,10.0,,,,,,1.0,,,,,,,,3.0,,
203960,,,,,,,,185.0,,108.0,,,,,,25.0,2.0,3.0,0.0,,,,,11.0,,
203997,,,,,,,,47.0,,16.0,,,,,,11.0,1.0,1.0,2.0,,,4.0,,2.0,4.0,
204006,,,,,,,,230.0,,125.0,,,,,,6.0,2.0,5.0,17.0,,,11.0,,31.0,3.0,
204015,,,,,,,,194.0,,91.0,,,,,,10.0,5.0,8.0,11.0,,,12.0,0.0,24.0,3.0,
204024,,,,,,,,3357.0,,1063.0,31.0,,,,,214.0,276.0,210.0,230.0,18.0,,672.0,10.0,364.0,111.0,8.0
204121,,,,,,,,8.0,,4.0,,,,,,1.0,,,,,,,,3.0,,
204158,,,,,,,,63.0,,53.0,,,,,,6.0,2.0,,,,,,,3.0,,
204176,,,,,,,,118.0,,81.0,,,,,,11.0,2.0,1.0,,,,8.0,,4.0,,
204185,,,,,,,,475.0,,190.0,,,,,,35.0,26.0,21.0,56.0,6.0,,49.0,3.0,38.0,22.0,
204194,,,,,,,,406.0,,174.0,,,,,,60.0,19.0,12.0,45.0,2.0,,32.0,0.0,39.0,8.0,3.0
204200,,,,,,,,408.0,,144.0,,,,,,40.0,18.0,12.0,61.0,4.0,,48.0,,43.0,7.0,1.0
204255,,,,,,,,132.0,,65.0,,0.0,,,,12.0,15.0,8.0,8.0,,,3.0,2.0,12.0,1.0,
204264,,,,,,,,311.0,,119.0,,5.0,,,,58.0,9.0,7.0,34.0,2.0,,31.0,,27.0,,
204334,,,,,,,,11.0,,8.0,,,,,,1.0,1.0,,,,,0.0,,1.0,,
204422,,,,,,,,210.0,,95.0,,,,,,29.0,1.0,8.0,21.0,,,13.0,3.0,19.0,1.0,
204431,,,,,,,,7.0,,3.0,,,,,,1.0,,,,,,3.0,,,,
204440,,,,,,,,156.0,,67.0,,,,,,16.0,7.0,8.0,3.0,1.0,,14.0,4.0,22.0,,
204459,,,,,,,,13.0,,7.0,,,,,,,,,,1.0,,,,3.0,,
204468,,,,,,,,239.0,,90.0,,,,,,26.0,22.0,,34.0,2.0,,16.0,1.0,6.0,,
204477,,,,,,,,430.0,,80.0,9.0,,,,,20.0,44.0,125.0,2.0,,,15.0,,34.0,16.0,
204486,,,,,,,,353.0,,127.0,,,,,,21.0,13.0,10.0,51.0,,,9.0,51.0,24.0,14.0,4.0
204501,,,,,,,,998.0,,322.0,,,,,,103.0,27.0,37.0,93.0,6.0,,165.0,1.0,129.0,35.0,2.0
204608,,,,,,,,107.0,,41.0,,2.0,,,,5.0,4.0,,,,,10.0,16.0,,4.0,
204617,,,,,,,,228.0,,91.0,,,,,,20.0,9.0,11.0,49.0,1.0,,14.0,1.0,13.0,,
204635,,,,,,,,538.0,,243.0,,,,,,38.0,59.0,25.0,65.0,7.0,,7.0,,76.0,,4.0
204662,,,,,,,,85.0,,39.0,,,,,,6.0,9.0,1.0,13.0,,,,,10.0,1.0,
204671,,,,,,,,107.0,,44.0,,,,,,11.0,7.0,1.0,10.0,,,17.0,,8.0,6.0,
204680,,,,,,,,107.0,,49.0,,,,,,7.0,7.0,1.0,9.0,,,12.0,0.0,15.0,3.0,1.0
204699,,,,,,,,136.0,,59.0,,,,,,12.0,12.0,2.0,12.0,1.0,,17.0,,10.0,5.0,1.0
204705,,,,,,,,175.0,,91.0,,,,,,13.0,18.0,,12.0,1.0,,10.0,,15.0,6.0,
204714,,,,,,,,11.0,,6.0,,,,,,,1.0,,,,,,1.0,1.0,1.0,
204723,,,,,,,,11.0,,6.0,,,,,,1.0,1.0,,1.0,,,0.0,,2.0,,
204769,,,,,,,,11.0,,6.0,,,,,,1.0,1.0,,,,,,2.0,,,
204778,,,,,,,,9.0,,5.0,,,,,,1.0,1.0,,,,,,1.0,,,
204796,,,,,,,,32640.0,,5090.0,108.0,,,,,3913.0,2166.0,3775.0,1047.0,7501.0,,3426.0,53.0,3662.0,630.0,264.0
204802,,,,,,,,37.0,,24.0,,,,,,4.0,,,4.0,,,1.0,,3.0,1.0,
204820,,,,,,,,102.0,,69.0,,,,,,5.0,0.0,,4.0,,,7.0,,9.0,3.0,
204839,,,,,,,,88.0,,61.0,,,,,,6.0,1.0,,5.0,,,0.0,,11.0,1.0,
204848,,,,,,,,90.0,,60.0,,,,,,6.0,1.0,1.0,4.0,,,4.0,,7.0,4.0,
204857,,,,,,,,3827.0,,1213.0,,,,,,557.0,190.0,333.0,332.0,35.0,,388.0,2.0,362.0,139.0,52.0
204866,,,,,,,,83.0,,53.0,,,,,,5.0,,,3.0,,,8.0,,7.0,3.0,
204884,,,,,,,,25.0,,12.0,,,,,,3.0,2.0,1.0,,,,,3.0,3.0,,
204893,,,,,,,,13.0,,9.0,,,,,,1.0,,,,,,,,2.0,,
204909,,,,,,,,426.0,,168.0,,,,,,32.0,20.0,13.0,76.0,1.0,,16.0,,48.0,13.0,1.0
204936,,,,,,,,491.0,,220.0,,,,,,49.0,24.0,20.0,61.0,2.0,,20.0,,56.0,17.0,
204945,,,,,,,,654.0,,303.0,,,,,,71.0,38.0,30.0,45.0,,,43.0,,74.0,12.0,
204963,,,,,,,,4.0,,3.0,,,,,,,,,,,,,,1.0,,
204981,,,,,,,,116.0,,15.0,,,,,,4.0,2.0,1.0,6.0,9.0,,5.0,,9.0,2.0,19.0
204990,,,,,,,,28.0,,13.0,,,,,,4.0,2.0,,,,,,,2.0,,
205027,,,,,,,,62.0,,26.0,,,,,,7.0,2.0,3.0,1.0,1.0,,5.0,,8.0,5.0,
205054,,,,,,,,48.0,,29.0,,,,,,8.0,3.0,1.0,,,,,,0.0,1.0,
205090,,,,,,,,14.0,,9.0,,,,,,2.0,1.0,,,,,,,1.0,,
205124,,,,,,,,17.0,,5.0,,,,,,1.0,2.0,,,,,8.0,,,,
205142,,,,,,,,7.0,,4.0,,,,,,1.0,,,,,,,,1.0,1.0,
205179,,,,,,,,69.0,,39.0,,,,,,9.0,3.0,1.0,5.0,,,,5.0,3.0,,
205203,,,,,,,,212.0,,109.0,,,,,,5.0,11.0,7.0,7.0,1.0,,8.0,9.0,40.0,11.0,
205391,,,,,,,,38.0,,18.0,,,,,,4.0,1.0,1.0,2.0,,,,,2.0,,
205443,,,,,,,,420.0,,201.0,,,,,,50.0,9.0,14.0,36.0,,,34.0,5.0,47.0,9.0,2.0
205470,,,,,,,,1352.0,,602.0,,,,,,57.0,44.0,109.0,133.0,,,48.0,5.0,133.0,30.0,
205559,,,,,,,,14.0,,8.0,,,,,,1.0,1.0,,,,,,3.0,,,
205841,,,,,,,,544.0,,290.0,,,,,,25.0,63.0,29.0,21.0,1.0,,47.0,,39.0,1.0,
205887,,,,,,,,70.0,,31.0,,,,,,14.0,3.0,1.0,,,,,3.0,16.0,,
205957,,,,,,,,384.0,,167.0,,,,,,36.0,13.0,14.0,31.0,1.0,,12.0,2.0,53.0,12.0,
205966,,,,,,,,157.0,,65.0,,,,,,21.0,5.0,5.0,3.0,,,0.0,,26.0,5.0,
206011,,,,,,,,156.0,,77.0,,,,,,22.0,8.0,3.0,4.0,,,13.0,,12.0,,
206039,,,,,,,,3.0,,2.0,,,,,,1.0,,,,,,,,,,
206048,,,,,,,,351.0,,140.0,,,,,,18.0,24.0,,85.0,10.0,,38.0,,11.0,,1.0
206084,,,,,,,,3282.0,,926.0,66.0,259.0,,,,196.0,179.0,226.0,261.0,380.0,,243.0,2.0,271.0,95.0,12.0
206154,,,,,,,,13.0,,10.0,,,,,,3.0,0.0,,,,,,,,,
206172,,,,,,,,6.0,,,,,,,,1.0,1.0,,,1.0,,1.0,,1.0,,
206181,,,,,,,,28.0,,19.0,,,,,,2.0,1.0,1.0,,,,0.0,,4.0,,
206279,,,,,,,,179.0,,89.0,,,,,,20.0,7.0,4.0,0.0,,,3.0,,7.0,,
206288,,,,,,,,48.0,,15.0,,,,,,11.0,4.0,1.0,1.0,,,,,11.0,,
206321,,,,,,,,32.0,,18.0,,,,,,4.0,,,,,,,,4.0,,
206349,,,,,,,,210.0,,94.0,,,,,,27.0,6.0,9.0,28.0,2.0,,2.0,,29.0,4.0,0.0
206394,,,,,,,,20.0,,10.0,,,,,,4.0,1.0,,,,,,2.0,,,
206437,,,,,,,,413.0,,177.0,,,,,,22.0,13.0,12.0,58.0,,,33.0,,45.0,8.0,2.0
206446,,,,,,,,159.0,,94.0,,,,,,20.0,3.0,1.0,4.0,0.0,,3.0,1.0,22.0,6.0,
206491,,,,,,,,94.0,,31.0,1.0,8.0,,,,6.0,6.0,3.0,4.0,,,13.0,,6.0,8.0,1.0
206507,,,,,,,,208.0,,74.0,,,,,,24.0,17.0,6.0,47.0,2.0,,5.0,,18.0,8.0,
206516,,,,,,,,14.0,,6.0,,,,,,3.0,1.0,,,,,,1.0,1.0,,
206525,,,,,,,,344.0,,138.0,,,,,,36.0,14.0,13.0,50.0,3.0,,16.0,,48.0,14.0,
206589,,,,,,,,691.0,,201.0,,,,,,52.0,34.0,19.0,53.0,8.0,,173.0,5.0,68.0,16.0,10.0
206604,,,,,,,,1907.0,,783.0,17.0,7.0,,,,145.0,107.0,196.0,157.0,25.0,,92.0,3.0,230.0,56.0,20.0
206622,,,,,,,,1162.0,,542.0,,,,,,89.0,91.0,43.0,110.0,8.0,,59.0,,114.0,23.0,1.0
206695,,,,,,,,1273.0,,579.0,,,,,,164.0,37.0,62.0,158.0,0.0,,52.0,0.0,138.0,24.0,15.0
206817,,,,,,,,56.0,,19.0,,4.0,,,,6.0,6.0,1.0,5.0,,,2.0,1.0,4.0,5.0,2.0
206835,,,,,,,,220.0,,98.0,,,,,,11.0,4.0,10.0,26.0,0.0,,14.0,,11.0,,
206862,,,,,,,,327.0,,107.0,,,,,,42.0,14.0,9.0,53.0,3.0,,8.0,18.0,40.0,13.0,1.0
206905,,,,,,,,50.0,,13.0,,,,,,5.0,2.0,2.0,,,,2.0,1.0,10.0,7.0,
206914,,,,,,,,443.0,,169.0,,,,,,38.0,9.0,28.0,38.0,1.0,,22.0,3.0,66.0,26.0,3.0
206923,,,,,,,,200.0,,61.0,,,,,,11.0,8.0,4.0,38.0,,,21.0,1.0,28.0,2.0,
206932,,,,,,,,35.0,,18.0,,,,,,3.0,4.0,,1.0,0.0,,1.0,3.0,2.0,,
206941,,,,,,,,1578.0,,662.0,,,,,,130.0,80.0,48.0,88.0,4.0,,73.0,4.0,301.0,41.0,11.0
206996,,,,,,,,127.0,,57.0,,,,,,13.0,12.0,3.0,17.0,,,4.0,,9.0,4.0,2.0
207041,,,,,,,,445.0,,158.0,,,,,,11.0,7.0,13.0,28.0,3.0,,61.0,3.0,96.0,18.0,1.0
207050,,,,,,,,196.0,,61.0,,,,,,25.0,7.0,8.0,15.0,,,22.0,2.0,32.0,7.0,
207069,,,,,,,,145.0,,50.0,,,,,,23.0,7.0,3.0,15.0,,,9.0,,16.0,6.0,3.0
207087,,,,,,,,5.0,,3.0,,,,,,1.0,,,,,,,,1.0,,
207102,,,,,,,,11.0,,8.0,,,,,,2.0,,,,,,,,1.0,,
207157,,,,,,,,44.0,,23.0,,,,,,2.0,5.0,1.0,,,,2.0,3.0,3.0,2.0,
207209,,,,,,,,333.0,,132.0,,,,,,36.0,16.0,22.0,36.0,5.0,,12.0,,49.0,13.0,
207236,,,,,,,,194.0,,82.0,,,,,,11.0,5.0,1.0,8.0,,,16.0,3.0,60.0,5.0,
207254,,,,,,,,257.0,,143.0,,,,,,15.0,2.0,1.0,,,,27.0,16.0,12.0,23.0,3.0
207263,,,,,,,,890.0,,327.0,1.0,6.0,,,,79.0,23.0,34.0,70.0,20.0,,106.0,7.0,118.0,43.0,6.0
207272,,,,,,,,5.0,,2.0,,,,,,1.0,1.0,,,,,,,1.0,,
207281,,,,,,,,287.0,,122.0,1.0,,,,,20.0,6.0,15.0,10.0,,,31.0,,35.0,7.0,1.0
207290,,,,,,,,184.0,,64.0,,,,,,11.0,2.0,6.0,31.0,,,10.0,2.0,34.0,9.0,5.0
207306,,,,,,,,266.0,,111.0,,,,,,12.0,50.0,,,,,,,62.0,31.0,
207315,,,,,,,,615.0,,142.0,,11.0,,,,72.0,49.0,50.0,5.0,163.0,,12.0,,75.0,,
207324,,,,,,,,347.0,,127.0,,,,,,41.0,18.0,14.0,52.0,1.0,,25.0,,33.0,9.0,
207342,,,,,,,,5524.0,,1377.0,,,,,,479.0,453.0,457.0,137.0,776.0,,495.0,3.0,1136.0,112.0,41.0
207351,,,,,,,,142.0,,57.0,,,,,,17.0,7.0,3.0,22.0,2.0,,14.0,2.0,14.0,,
207388,,,,,,,,5180.0,,1309.0,68.0,76.0,,,,288.0,349.0,555.0,245.0,76.0,,348.0,20.0,1198.0,295.0,72.0
207397,,,,,,,,319.0,,116.0,,,,,,31.0,25.0,48.0,13.0,,,18.0,,58.0,,3.0
207403,,,,,,,,320.0,,125.0,,,,,,21.0,13.0,14.0,40.0,4.0,,31.0,12.0,43.0,8.0,2.0
207449,,,,,,,,535.0,,229.0,,31.0,,,,51.0,18.0,7.0,13.0,,,24.0,1.0,55.0,11.0,1.0
207458,,,,,,,,575.0,,248.0,,,,,,45.0,28.0,24.0,62.0,2.0,,17.0,,90.0,23.0,5.0
207500,,,,,,,,5342.0,,1393.0,364.0,,,,,315.0,658.0,375.0,404.0,56.0,,509.0,,594.0,163.0,55.0
207564,,,,,,,,322.0,,106.0,,,,,,45.0,5.0,8.0,7.0,,,57.0,8.0,54.0,13.0,
207582,,,,,,,,670.0,,226.0,,,,,,87.0,33.0,25.0,111.0,9.0,,34.0,2.0,104.0,14.0,10.0
207661,,,,,,,,342.0,,133.0,,,,,,36.0,8.0,15.0,56.0,3.0,,21.0,,39.0,17.0,2.0
207670,,,,,,,,488.0,,196.0,,,,,,34.0,17.0,28.0,53.0,,,13.0,,100.0,31.0,
207704,,,,,,,,9.0,,5.0,,,,,,2.0,,,,,,,,2.0,,
207722,,,,,,,,156.0,,49.0,,,,,,13.0,7.0,3.0,27.0,,,18.0,,14.0,6.0,
207740,,,,,,,,155.0,,57.0,,,,,,17.0,1.0,4.0,35.0,,,12.0,,18.0,3.0,
207786,,,,,,,,3.0,,1.0,,,,,,1.0,,,,,,,,1.0,,
207847,,,,,,,,433.0,,153.0,,,,,,21.0,36.0,23.0,53.0,3.0,,37.0,,40.0,10.0,5.0
207856,,,,,,,,84.0,,39.0,,,,,,6.0,4.0,1.0,13.0,1.0,,4.0,,2.0,1.0,
207865,,,,,,,,551.0,,234.0,,,,,,35.0,25.0,22.0,29.0,8.0,,78.0,3.0,55.0,18.0,3.0
207935,,,,,,,,1300.0,,443.0,,,,,,76.0,25.0,68.0,190.0,23.0,,84.0,,204.0,42.0,10.0
207962,,,,,,,,54.0,,19.0,,,,,,6.0,,,,,,,12.0,11.0,6.0,
207971,,,,,,,,1235.0,,376.0,,,,,,76.0,86.0,83.0,186.0,13.0,,87.0,4.0,156.0,30.0,5.0
208035,,,,,,,,132.0,,40.0,,,,,,14.0,7.0,6.0,15.0,,,13.0,2.0,9.0,3.0,1.0
208044,,,,,,,,3.0,,2.0,,,,,,1.0,,,,,,,,,,
208053,,,,,,,,56.0,,24.0,,,,,,8.0,,,,,,6.0,,12.0,,
208187,,,,,,,,17.0,,9.0,,,,,,1.0,,,,,,,3.0,4.0,0.0,
208275,,,,,,,,221.0,,83.0,,,,,,35.0,10.0,9.0,18.0,1.0,,9.0,,33.0,2.0,
208318,,,,,,,,399.0,,182.0,,,,,,49.0,17.0,27.0,16.0,,,30.0,3.0,52.0,7.0,
208390,,,,,,,,754.0,,304.0,,,,,,97.0,,46.0,11.0,,,45.0,,108.0,14.0,
208406,,,,,,,,559.0,,232.0,,,,,,42.0,4.0,28.0,19.0,1.0,,29.0,,101.0,10.0,6.0
208415,,,,,,,,131.0,,52.0,,,,,,18.0,,3.0,,,,9.0,,29.0,1.0,
208433,,,,,,,,7.0,,3.0,,,,,,1.0,2.0,,,,,,,1.0,,
208479,,,,,,,,52.0,,19.0,,,,,,14.0,1.0,,,,,,4.0,11.0,,
208488,,,,,,,,516.0,,162.0,,,,,,44.0,33.0,26.0,28.0,4.0,,26.0,,67.0,3.0,
208512,,,,,,,,30.0,,14.0,,,,,,2.0,2.0,1.0,,2.0,,,3.0,3.0,,
208637,,,,,,,,23.0,,7.0,,,,,,5.0,4.0,,,,,,2.0,4.0,,
208646,,,,,,,,368.0,,129.0,,,,,,28.0,43.0,22.0,36.0,4.0,,30.0,,50.0,13.0,
208725,,,,,,,,18.0,,8.0,,,,,,3.0,2.0,,1.0,,,1.0,,1.0,,
208822,,,,,,,,643.0,,337.0,,,,,,42.0,25.0,28.0,57.0,3.0,,21.0,,57.0,17.0,
208859,,,,,,,,8.0,,5.0,,,,,,1.0,,,,,,,1.0,1.0,,
209038,,,,,,,,652.0,,283.0,3.0,,,,,71.0,83.0,41.0,13.0,3.0,,28.0,2.0,60.0,14.0,
209056,,,,,,,,691.0,,289.0,,,,,,83.0,29.0,25.0,51.0,7.0,,29.0,,83.0,10.0,
209065,,,,,,,,402.0,,170.0,,,,,,35.0,17.0,26.0,38.0,2.0,,41.0,,33.0,16.0,
209074,,,,,,,,588.0,,240.0,,,,,,50.0,20.0,26.0,30.0,,,31.0,7.0,72.0,9.0,2.0
209083,,,,,,,,9.0,,5.0,,,,,,1.0,,,,,,,1.0,1.0,,
209153,,,,,,,,6.0,,3.0,,,,,,1.0,,,,,,,0.0,1.0,,
209205,,,,,,,,10.0,,5.0,,,,,,1.0,,,,,,,2.0,1.0,,
209241,,,,,,,,37.0,,16.0,,,,,,4.0,1.0,,1.0,1.0,,,,4.0,,
209250,,,,,,,,546.0,,256.0,,,,,,42.0,13.0,27.0,6.0,2.0,,34.0,2.0,113.0,8.0,2.0
209287,,,,,,,,177.0,,52.0,,,,,,25.0,6.0,5.0,12.0,,,17.0,,55.0,1.0,
209296,,,,,,,,190.0,,71.0,6.0,,,,,33.0,17.0,7.0,5.0,23.0,,3.0,1.0,15.0,0.0,
209409,,,,,,,,134.0,,45.0,,,,,,18.0,5.0,7.0,23.0,2.0,,5.0,,13.0,,1.0
209490,,,,,,,,8490.0,,2044.0,409.0,,,,,805.0,462.0,2022.0,68.0,1336.0,,298.0,4.0,909.0,54.0,27.0
209506,,,,,,,,477.0,,206.0,,3.0,,,,40.0,65.0,18.0,26.0,4.0,,25.0,,40.0,21.0,
209542,,,,,,,,5699.0,,1525.0,622.0,134.0,,,,276.0,430.0,395.0,402.0,130.0,,288.0,51.0,552.0,169.0,82.0
209551,,,,,,,,4827.0,,1234.0,349.0,208.0,,,,208.0,576.0,329.0,275.0,64.0,,463.0,17.0,552.0,183.0,17.0
209603,,,,,,,,138.0,,55.0,,,,,,5.0,9.0,8.0,4.0,,,12.0,,4.0,,
209612,,,,,,,,806.0,,358.0,6.0,3.0,,,,60.0,11.0,25.0,81.0,16.0,,40.0,,154.0,13.0,
209667,,,,,,,,7.0,,4.0,,,,,,1.0,,,,,,,1.0,1.0,,
209676,,,,,,,,12.0,,8.0,,,,,,1.0,,,,,,,1.0,1.0,,
209694,,,,,,,,7.0,,5.0,,,,,,1.0,,,,,,,0.0,1.0,,
209700,,,,,,,,18.0,,9.0,,,,,,3.0,,0.0,,,,,,6.0,,
209719,,,,,,,,7.0,,4.0,,,,,,,2.0,,,,,,,,,
209746,,,,,,,,2030.0,,791.0,,,,,,162.0,85.0,155.0,239.0,,,150.0,10.0,269.0,22.0,10.0
209807,,,,,,,,2651.0,,1006.0,85.0,52.0,,,,136.0,468.0,188.0,220.0,18.0,,53.0,5.0,208.0,77.0,
209825,,,,,,,,915.0,,363.0,,,,,,62.0,69.0,43.0,111.0,10.0,,102.0,1.0,107.0,21.0,0.0
209922,,,,,,,,538.0,,177.0,,,,,,45.0,49.0,54.0,29.0,8.0,,77.0,,47.0,11.0,1.0
209940,,,,,,,,408.0,,187.0,,,,,,36.0,17.0,28.0,18.0,,,19.0,1.0,91.0,2.0,
210076,,,,,,,,108.0,,55.0,,,,,,12.0,13.0,2.0,1.0,,,1.0,13.0,4.0,,
210146,,,,,,,,576.0,,193.0,,,,,,9.0,217.0,27.0,4.0,4.0,,40.0,1.0,54.0,19.0,
210155,,,,,,,,278.0,,112.0,,23.0,,,,34.0,3.0,10.0,6.0,,,28.0,1.0,53.0,,
210234,,,,,,,,194.0,,70.0,2.0,4.0,,,,7.0,5.0,10.0,10.0,,,12.0,2.0,16.0,,1.0
210270,,,,,,,,267.0,,111.0,1.0,,,,,41.0,6.0,13.0,1.0,0.0,,16.0,,58.0,,
210304,,,,,,,,115.0,,39.0,,,,,,18.0,13.0,3.0,21.0,1.0,,5.0,,9.0,,
210331,,,,,,,,181.0,,75.0,,,,,,23.0,7.0,1.0,33.0,3.0,,4.0,1.0,17.0,,1.0
210340,,,,,,,,5.0,,2.0,,,,,,3.0,,,,,,,,,,
210368,,,,,,,,100.0,,34.0,,,,,,25.0,1.0,5.0,,3.0,,4.0,,24.0,,
210401,,,,,,,,578.0,,201.0,,,,,,133.0,4.0,36.0,50.0,9.0,,57.0,,58.0,,3.0
210429,,,,,,,,787.0,,324.0,32.0,,,,,32.0,144.0,28.0,25.0,5.0,,70.0,2.0,67.0,22.0,1.0
210438,,,,,,,,217.0,,53.0,,,,,,56.0,10.0,9.0,4.0,9.0,,17.0,3.0,11.0,3.0,
210474,,,,,,,,6.0,,3.0,,,,,,1.0,,,,,,,,1.0,,
210492,,,,,,,,104.0,,38.0,,,,,,21.0,4.0,3.0,14.0,2.0,,8.0,1.0,6.0,2.0,
210508,,,,,,,,24.0,,8.0,,,,,,7.0,2.0,,,,,,,1.0,,1.0
210571,,,,,,,,361.0,,122.0,,,,,,34.0,27.0,14.0,42.0,3.0,,47.0,,37.0,10.0,1.0
210599,,,,,,,,72.0,,37.0,,,,,,7.0,3.0,,,,,,10.0,11.0,2.0,
210605,,,,,,,,1153.0,,570.0,,,,,,133.0,26.0,34.0,75.0,,,58.0,,186.0,25.0,
210669,,,,,,,,428.0,,164.0,,,,,,49.0,36.0,24.0,23.0,7.0,,11.0,,41.0,29.0,1.0
210711,,,,,,,,11.0,,6.0,,,,,,,1.0,,,,,1.0,,2.0,,
210739,,,,,,,,489.0,,194.0,,,,,,56.0,31.0,11.0,42.0,7.0,,49.0,,51.0,15.0,
210748,,,,,,,,15.0,,4.0,,,,,,1.0,10.0,,,,,,,1.0,,
210775,,,,,,,,401.0,,174.0,,,,,,57.0,18.0,9.0,33.0,4.0,,30.0,,60.0,7.0,4.0
210784,,,,,,,,18.0,,10.0,,,,,,1.0,2.0,,,,,1.0,,3.0,,
210809,,,,,,,,197.0,,19.0,,,,,,13.0,9.0,32.0,13.0,,,8.0,28.0,17.0,2.0,2.0
211006,,,,,,,,36.0,,14.0,,,,,,5.0,3.0,,,,,,8.0,3.0,1.0,
211024,,,,,,,,90.0,,42.0,2.0,,,,,7.0,3.0,1.0,6.0,1.0,,1.0,,4.0,3.0,
211079,,,,,,,,180.0,,78.0,,,,,,31.0,4.0,8.0,5.0,,,12.0,,32.0,,
211088,,,,,,,,694.0,,349.0,,,,,,64.0,54.0,30.0,63.0,5.0,,35.0,,52.0,8.0,
211130,,,,,,,,31.0,,15.0,,,,,,3.0,3.0,0.0,,,,0.0,,2.0,,
211149,,,,,,,,43.0,,15.0,,,,,,8.0,,,,,,5.0,1.0,5.0,,
211158,,,,,,,,1027.0,,412.0,,,,,,35.0,160.0,35.0,47.0,11.0,,125.0,,137.0,50.0,
211273,,,,,,,,623.0,,169.0,5.0,,,,,146.0,7.0,30.0,20.0,9.0,,113.0,,93.0,,1.0
211291,,,,,,,,1358.0,,429.0,,,,,,82.0,145.0,97.0,122.0,10.0,,183.0,,160.0,53.0,22.0
211307,,,,,,,,680.0,,294.0,,,,,,78.0,27.0,28.0,24.0,1.0,,63.0,2.0,112.0,12.0,
211316,,,,,,,,6.0,,3.0,,,,,,2.0,,,,,,,,1.0,,
211334,,,,,,,,7.0,,2.0,,,,,,1.0,,,,,,1.0,,3.0,,
211343,,,,,,,,342.0,,156.0,,,,,,51.0,47.0,7.0,4.0,,,23.0,,50.0,,
211352,,,,,,,,324.0,,137.0,,,,,,44.0,15.0,7.0,41.0,,,6.0,,24.0,9.0,1.0
211361,,,,,,,,724.0,,314.0,,1.0,,,,37.0,124.0,23.0,28.0,9.0,,58.0,,89.0,30.0,
211431,,,,,,,,355.0,,170.0,,,,,,58.0,14.0,13.0,13.0,3.0,,31.0,,29.0,5.0,1.0
211440,,,,,,,,5509.0,,1409.0,125.0,,,,,674.0,742.0,1222.0,326.0,42.0,,126.0,9.0,586.0,109.0,23.0
211468,,,,,,,,315.0,,129.0,,,,,,37.0,1.0,7.0,27.0,,,33.0,,62.0,6.0,
211477,,,,,,,,138.0,,51.0,,,,,,24.0,7.0,5.0,15.0,,,7.0,,6.0,3.0,
211556,,,,,,,,472.0,,199.0,,,,,,54.0,11.0,25.0,20.0,,,48.0,,41.0,14.0,
211583,,,,,,,,249.0,,120.0,,,,,,45.0,10.0,9.0,14.0,4.0,,1.0,,21.0,,
211608,,,,,,,,132.0,,42.0,,,,,,16.0,37.0,,5.0,1.0,,13.0,,16.0,,
211635,,,,,,,,28.0,,19.0,,,,,,3.0,1.0,,,,,1.0,,3.0,,
211644,,,,,,,,633.0,,236.0,,,,,,27.0,100.0,8.0,32.0,29.0,,57.0,,82.0,35.0,
211802,,,,,,,,32.0,,22.0,,,,,,2.0,,,,,,,,3.0,,
211893,,,,,,,,97.0,,39.0,,,,,,5.0,11.0,4.0,7.0,,,1.0,,10.0,1.0,
211927,,,,,,,,674.0,,298.0,,,,,,56.0,16.0,35.0,44.0,,,59.0,,86.0,8.0,
211981,,,,,,,,412.0,,141.0,,,,,,19.0,26.0,16.0,39.0,4.0,,47.0,,24.0,28.0,
212009,,,,,,,,883.0,,244.0,,,,,,94.0,40.0,50.0,59.0,7.0,,162.0,,126.0,30.0,11.0
212045,,,,,,,,58.0,,18.0,,,,,,9.0,2.0,2.0,3.0,,,6.0,,,4.0,
212054,,,,,,,,4732.0,,1746.0,91.0,,,,,405.0,772.0,313.0,244.0,56.0,,371.0,,482.0,64.0,32.0
212106,,,,,,,,1749.0,,653.0,,,,,,102.0,247.0,98.0,101.0,12.0,,191.0,1.0,236.0,22.0,4.0
212115,,,,,,,,657.0,,274.0,,,,,,36.0,108.0,14.0,30.0,5.0,,75.0,,85.0,20.0,
212133,,,,,,,,426.0,,203.0,,,,,,49.0,18.0,10.0,54.0,1.0,,14.0,,43.0,7.0,
212160,,,,,,,,629.0,,269.0,,,,,,38.0,87.0,12.0,32.0,5.0,,68.0,,66.0,31.0,5.0
212197,,,,,,,,503.0,,147.0,,,,,,42.0,26.0,17.0,51.0,1.0,,103.0,3.0,64.0,13.0,7.0
212230,,,,,,,,4.0,,2.0,,,,,,1.0,,,,,,,,1.0,,
212267,,,,,,,,7.0,,4.0,,,,,,1.0,,,,,,,,1.0,,
212276,,,,,,,,6.0,,3.0,,,,,,1.0,,,,,,,,1.0,,
212294,,,,,,,,4.0,,2.0,,,,,,1.0,,,,,,,,1.0,,
212300,,,,,,,,4.0,,2.0,,,,,,1.0,,,,,,,,1.0,,
212328,,,,,,,,7.0,,4.0,,,,,,1.0,,,,,,,,1.0,,
212337,,,,,,,,6.0,,3.0,,,,,,1.0,,,,,,,,1.0,,
212355,,,,,,,,10.0,,6.0,,,,,,2.0,,,,,,,,1.0,,
212382,,,,,,,,7.0,,4.0,,,,,,1.0,,,,,,,,1.0,,
212391,,,,,,,,7.0,,4.0,,,,,,1.0,,,,,,,,1.0,,
212434,,,,,,,,45.0,,33.0,,,,,,2.0,1.0,,,,,,,3.0,,
212443,,,,,,,,25.0,,14.0,,,,,,4.0,,0.0,,,,,,5.0,1.0,
212452,,,,,,,,19.0,,7.0,,,,,,2.0,1.0,1.0,0.0,,,,,1.0,1.0,
212577,,,,,,,,827.0,,285.0,,,,,,56.0,113.0,35.0,51.0,,,78.0,,104.0,18.0,8.0
212601,,,,,,,,686.0,,279.0,,,,,,77.0,26.0,26.0,83.0,9.0,,55.0,1.0,84.0,16.0,3.0
212656,,,,,,,,267.0,,114.0,,,,,,34.0,14.0,9.0,25.0,5.0,,18.0,,17.0,13.0,
212674,,,,,,,,812.0,,256.0,,,,,,71.0,39.0,36.0,60.0,10.0,,153.0,,101.0,21.0,7.0
212753,,,,,,,,6.0,,3.0,,,,,,1.0,,,,,,,,1.0,,
212771,,,,,,,,34.0,,11.0,1.0,0.0,,,,4.0,3.0,2.0,1.0,,,,,7.0,2.0,
212832,,,,,,,,446.0,,223.0,,,,,,49.0,10.0,17.0,21.0,4.0,,38.0,,36.0,5.0,2.0
212869,,,,,,,,276.0,,117.0,,,,,,33.0,4.0,2.0,21.0,,,24.0,,20.0,,
212878,,,,,,,,1372.0,,807.0,,28.0,,,,58.0,32.0,53.0,20.0,,,98.0,15.0,161.0,,
212911,,,,,,,,615.0,,172.0,7.0,,,,,35.0,80.0,20.0,51.0,5.0,,112.0,1.0,51.0,31.0,3.0
212975,,,,,,,,33.0,,25.0,,,,,,4.0,,,,,,,,3.0,,
212984,,,,,,,,344.0,,181.0,,,,,,28.0,19.0,12.0,19.0,3.0,,4.0,,33.0,5.0,1.0
212993,,,,,,,,18.0,,9.0,,,,,,1.0,2.0,,,,,,3.0,,,
213011,,,,,,,,331.0,,131.0,,,,,,46.0,9.0,17.0,37.0,1.0,,26.0,,31.0,13.0,
213020,,,,,,,,1386.0,,606.0,17.0,,,,,72.0,196.0,17.0,66.0,18.0,,114.0,,201.0,58.0,
213163,,,,,,,,13.0,,10.0,,,,,,1.0,1.0,,,,,,,1.0,,
213181,,,,,,,,54.0,,31.0,,,,,,4.0,,2.0,,,,,,5.0,1.0,
213215,,,,,,,,20.0,,7.0,,,,,,3.0,,,,,,,,10.0,,
213233,,,,,,,,109.0,,46.0,1.0,,,,,10.0,4.0,3.0,,,,,,9.0,10.0,
213251,,,,,,,,346.0,,127.0,,,,,,41.0,10.0,17.0,44.0,3.0,,42.0,,27.0,12.0,2.0
213303,,,,,,,,215.0,,92.0,,,,,,24.0,6.0,4.0,34.0,,,16.0,,26.0,,1.0
213321,,,,,,,,476.0,,169.0,,,,,,40.0,6.0,18.0,50.0,7.0,,40.0,,59.0,46.0,7.0
213330,,,,,,,,3.0,,2.0,,,,,,,,,,,,,,1.0,,
213349,,,,,,,,907.0,,400.0,,,,,,39.0,145.0,20.0,46.0,7.0,,102.0,,105.0,27.0,
213358,,,,,,,,264.0,,97.0,,,,,,28.0,7.0,11.0,54.0,,,27.0,,31.0,,
213367,,,,,,,,766.0,,312.0,,,,,,106.0,29.0,29.0,53.0,9.0,,64.0,,59.0,12.0,4.0
213376,,,,,,,,279.0,,89.0,,,,,,61.0,15.0,6.0,41.0,,,18.0,,23.0,10.0,1.0
213385,,,,,,,,870.0,,276.0,,,,,,76.0,65.0,51.0,109.0,12.0,,98.0,3.0,104.0,26.0,13.0
213400,,,,,,,,279.0,,133.0,,,,,,18.0,14.0,8.0,26.0,1.0,,5.0,7.0,27.0,7.0,
213446,,,,,,,,33.0,,15.0,,3.0,,,,3.0,1.0,,3.0,,,1.0,,3.0,1.0,
213455,,,,,,,,7.0,,4.0,,,,,,2.0,1.0,,,,,,,,,
213473,,,,,,,,20.0,,9.0,,,,,,2.0,,,,,,,3.0,2.0,,
213491,,,,,,,,3.0,,2.0,,,,,,1.0,,,,,,,,,,
213507,,,,,,,,388.0,,165.0,,,,,,29.0,19.0,18.0,31.0,3.0,,40.0,,45.0,7.0,
213525,,,,,,,,432.0,,214.0,,,,,,73.0,9.0,22.0,11.0,,,27.0,,48.0,4.0,
213534,,,,,,,,61.0,,36.0,,,,,,5.0,3.0,,,,,1.0,5.0,4.0,,
213543,,,,,,,,1801.0,,583.0,,,,,,198.0,225.0,176.0,135.0,25.0,,41.0,,222.0,64.0,21.0
213552,,,,,,,,10.0,,4.0,,,,,,1.0,2.0,,,,,,,1.0,,
213570,,,,,,,,46.0,,23.0,,,,,,13.0,,1.0,,,,1.0,,6.0,,
213589,,,,,,,,28.0,,10.0,,,,,,9.0,,,,,,,,6.0,,
213598,,,,,,,,364.0,,133.0,,,,,,37.0,18.0,17.0,36.0,2.0,,35.0,2.0,58.0,2.0,
213613,,,,,,,,502.0,,199.0,,,,,,26.0,68.0,17.0,35.0,,,56.0,,63.0,28.0,
213622,,,,,,,,10.0,,8.0,,,,,,1.0,,,,,,,,1.0,,
213631,,,,,,,,53.0,,10.0,,,,,,15.0,3.0,2.0,,,,2.0,4.0,4.0,7.0,
213659,,,,,,,,407.0,,206.0,,,,,,27.0,1.0,13.0,22.0,,,40.0,,65.0,10.0,3.0
213668,,,,,,,,308.0,,97.0,0.0,,,,,35.0,11.0,10.0,40.0,1.0,,52.0,,34.0,10.0,2.0
213774,,,,,,,,112.0,,48.0,,,,,,7.0,2.0,3.0,3.0,0.0,,13.0,,15.0,,
213783,,,,,,,,320.0,,122.0,,,,,,16.0,43.0,13.0,30.0,,,38.0,,33.0,17.0,
213826,,,,,,,,551.0,,221.0,,,,,,30.0,26.0,19.0,47.0,1.0,,71.0,,90.0,16.0,
213914,,,,,,,,25.0,,13.0,,,,,,5.0,,,,,,,4.0,3.0,,
213932,,,,,,,,27.0,,18.0,,,,,,1.0,0.0,,0.0,,,,2.0,2.0,1.0,
213987,,,,,,,,463.0,,167.0,,,,,,82.0,22.0,19.0,85.0,11.0,,8.0,1.0,39.0,2.0,8.0
213996,,,,,,,,722.0,,253.0,,,,,,52.0,31.0,38.0,71.0,9.0,,114.0,,86.0,21.0,3.0
214023,,,,,,,,5.0,,3.0,,,,,,1.0,,,,,,,1.0,,,
214041,,,,,,,,900.0,,339.0,,,,,,36.0,150.0,25.0,45.0,6.0,,142.0,,105.0,31.0,
214069,,,,,,,,483.0,,195.0,,,,,,44.0,19.0,19.0,50.0,1.0,,50.0,,36.0,8.0,3.0
214111,,,,,,,,682.0,,324.0,,16.0,,,,95.0,19.0,22.0,33.0,,,43.0,2.0,75.0,12.0,
214148,,,,,,,,120.0,,61.0,,,,,,8.0,7.0,2.0,7.0,1.0,,,,18.0,,
214157,,,,,,,,493.0,,215.0,,,,,,29.0,20.0,22.0,65.0,1.0,,52.0,,62.0,7.0,5.0
214166,,,,,,,,221.0,,92.0,,,,,,24.0,13.0,6.0,24.0,2.0,,27.0,,17.0,,
214175,,,,,,,,632.0,,229.0,4.0,44.0,,,,53.0,24.0,20.0,66.0,,,78.0,2.0,72.0,17.0,5.0
214272,,,,,,,,323.0,,143.0,,,,,,51.0,10.0,7.0,33.0,,,2.0,1.0,39.0,,
214290,,,,,,,,63.0,,38.0,,,,,,8.0,3.0,1.0,1.0,,,3.0,3.0,1.0,,
214379,,,,,,,,1070.0,,471.0,,,,,,136.0,6.0,25.0,8.0,,,89.0,3.0,182.0,11.0,5.0
214476,,,,,,,,13.0,,8.0,,,,,,1.0,1.0,1.0,,,,,,1.0,,
214528,,,,,,,,53.0,,13.0,,,,,,10.0,2.0,3.0,,,,2.0,,6.0,,
214564,,,,,,,,303.0,,106.0,8.0,,,,,18.0,25.0,15.0,6.0,5.0,,27.0,,65.0,4.0,
214582,,,,,,,,69.0,,29.0,,,,,,6.0,2.0,2.0,,,,6.0,,21.0,,
214661,,,,,,,,134.0,,,,,,,,48.0,65.0,9.0,1.0,,,,,9.0,3.0,
214777,,,,,,,,22017.0,,6467.0,1151.0,6.0,,,,2133.0,1364.0,2667.0,1484.0,319.0,,2106.0,50.0,2549.0,708.0,229.0
214883,,,,,,,,155.0,,74.0,,,,,,15.0,15.0,9.0,1.0,,,7.0,,3.0,,
214892,,,,,,,,64.0,,35.0,,,,,,2.0,5.0,,,,,5.0,7.0,3.0,,
214944,,,,,,,,60.0,,22.0,,,,,,8.0,1.0,1.0,,,,7.0,6.0,12.0,,
214971,,,,,,,,136.0,,31.0,,,,,,12.0,12.0,2.0,17.0,,,,15.0,9.0,5.0,2.0
215008,,,,,,,,11.0,,5.0,,,,,,2.0,1.0,,,,,,,1.0,1.0,
215044,,,,,,,,15.0,,7.0,,,,,,1.0,1.0,,,,,,,6.0,,
215053,,,,,,,,66.0,,35.0,,,,,,11.0,2.0,3.0,,,,3.0,,4.0,,
215062,,,,,,,,18244.0,,2351.0,1535.0,2388.0,,,,2303.0,1563.0,2662.0,356.0,1672.0,,1083.0,6.0,1587.0,285.0,30.0
215105,,,,,,,,444.0,,215.0,,,,,,47.0,18.0,18.0,41.0,2.0,,2.0,2.0,55.0,1.0,
215114,,,,,,,,201.0,,89.0,,,,,,20.0,10.0,6.0,12.0,0.0,,22.0,10.0,25.0,,
215123,,,,,,,,449.0,,196.0,21.0,,,,,88.0,8.0,22.0,,,,13.0,,90.0,1.0,
215132,,,,,,,,483.0,,184.0,17.0,,,,,36.0,28.0,29.0,18.0,1.0,,7.0,,46.0,15.0,
215239,,,,,,,,1020.0,,487.0,,,,,,85.0,100.0,24.0,9.0,,,61.0,,139.0,16.0,
215266,,,,,,,,209.0,,83.0,,,,,,15.0,3.0,9.0,10.0,3.0,,6.0,2.0,64.0,12.0,
215275,,,,,,,,190.0,,84.0,,,,,,15.0,2.0,5.0,10.0,1.0,,10.0,4.0,39.0,19.0,
215284,,,,,,,,322.0,,144.0,,,,,,18.0,7.0,11.0,8.0,3.0,,53.0,1.0,61.0,15.0,1.0
215293,,,,,,,,12934.0,,4496.0,788.0,54.0,,,,1193.0,311.0,2427.0,354.0,436.0,,604.0,110.0,1621.0,190.0,20.0
215309,,,,,,,,53.0,,25.0,,,,,,2.0,,2.0,,,,8.0,,11.0,5.0,
215336,,,,,,,,4.0,,2.0,,,,,,,,,,,,,,2.0,,
215381,,,,,,,,98.0,,47.0,,,,,,11.0,8.0,,,,,5.0,2.0,5.0,,
215390,,,,,,,,17.0,,10.0,,,,,,3.0,,,,,,,,4.0,,
215415,,,,,,,,240.0,,90.0,0.0,8.0,,,,27.0,3.0,8.0,4.0,,,5.0,21.0,60.0,,
215424,,,,,,,,76.0,,14.0,,,,,,23.0,0.0,2.0,2.0,,,8.0,,20.0,,
215442,,,,,,,,636.0,,331.0,,,,,,37.0,34.0,14.0,69.0,2.0,,15.0,,37.0,15.0,19.0
215479,,,,,,,,13.0,,8.0,,,,,,1.0,1.0,,,,,,,1.0,,
215530,,,,,,,,10.0,,4.0,,,,,,,,,,,,,,6.0,,
215585,,,,,,,,298.0,,121.0,,,,,,32.0,6.0,13.0,6.0,,,4.0,2.0,67.0,6.0,1.0
215594,,,,,,,,56.0,,34.0,,,,,,11.0,,1.0,,,,,,6.0,,
215619,,,,,,,,43.0,,6.0,0.0,0.0,,,,7.0,4.0,2.0,10.0,,,1.0,,8.0,,
215628,,,,,,,,18.0,,10.0,,,,,,1.0,,0.0,,,,1.0,,1.0,,
215637,,,,,,,,53.0,,19.0,,,,,,9.0,2.0,1.0,,,,8.0,5.0,5.0,1.0,
215655,,,,,,,,634.0,,266.0,,,,,,101.0,16.0,11.0,73.0,,,52.0,,39.0,21.0,
215682,,,,,,,,63.0,,31.0,,,,,,6.0,1.0,,,,,,3.0,3.0,4.0,
215691,,,,,,,,167.0,,53.0,,,,,,33.0,6.0,3.0,24.0,1.0,,18.0,,19.0,,
215743,,,,,,,,490.0,,150.0,,,,,,42.0,22.0,18.0,64.0,5.0,,83.0,2.0,54.0,21.0,4.0
215770,,,,,,,,1046.0,,416.0,,,,,,64.0,62.0,58.0,115.0,15.0,,92.0,,77.0,31.0,4.0
215798,,,,,,,,400.0,,133.0,,,,,,37.0,20.0,9.0,81.0,7.0,,48.0,,41.0,,
215813,,,,,,,,19.0,,6.0,,,,,,4.0,1.0,,5.0,,,,,3.0,,
215886,,,,,,,,10.0,,6.0,,,,,,2.0,1.0,,,,,,,1.0,,
215929,,,,,,,,974.0,,325.0,,1.0,,,,67.0,58.0,51.0,78.0,5.0,,112.0,2.0,132.0,79.0,4.0
215947,,,,,,,,351.0,,137.0,,,,,,29.0,21.0,13.0,65.0,0.0,,23.0,,32.0,9.0,5.0
215974,,,,,,,,50.0,,39.0,,,,,,4.0,3.0,,,,,,,2.0,,
215983,,,,,,,,9.0,,6.0,,,,,,1.0,1.0,,,,,,,1.0,,
215992,,,,,,,,29.0,,21.0,,,,,,,1.0,,,,,,,2.0,1.0,
216010,,,,,,,,802.0,,344.0,,,,,,41.0,124.0,21.0,38.0,7.0,,73.0,,94.0,42.0,
216038,,,,,,,,942.0,,406.0,,,,,,40.0,137.0,22.0,42.0,20.0,,83.0,,123.0,53.0,
216047,,,,,,,,63.0,,29.0,,,,,,4.0,3.0,,,0.0,,1.0,,18.0,1.0,
216074,,,,,,,,25.0,,15.0,,,,,,2.0,2.0,,,,,,,4.0,,
216083,,,,,,,,83.0,,41.0,,,,,,6.0,1.0,4.0,,,,6.0,1.0,17.0,,
216162,,,,,,,,30.0,,22.0,,,,,,3.0,1.0,1.0,,,,,,3.0,,
216223,,,,,,,,12.0,,7.0,,,,,,1.0,1.0,,,,,,1.0,1.0,,
216278,,,,,,,,488.0,,168.0,,,,,,40.0,24.0,13.0,74.0,5.0,,65.0,,66.0,14.0,
216287,,,,,,,,926.0,,232.0,,,,,,109.0,37.0,62.0,57.0,9.0,,159.0,5.0,98.0,35.0,11.0
216296,,,,,,,,157.0,,84.0,,,,,,12.0,1.0,4.0,1.0,2.0,,20.0,,26.0,,
216311,,,,,,,,9.0,,6.0,,,,,,,,,,,,,,2.0,,
216339,,,,,,,,7689.0,,2846.0,,,,,,1106.0,177.0,761.0,356.0,823.0,,,8.0,989.0,202.0,111.0
216348,,,,,,,,15.0,,9.0,,,,,,1.0,1.0,,,,,1.0,,1.0,,
216357,,,,,,,,206.0,,66.0,0.0,,,,,24.0,3.0,7.0,38.0,,,29.0,,16.0,4.0,
216366,,,,,,,,4283.0,,670.0,185.0,809.0,,,,605.0,135.0,637.0,72.0,116.0,,270.0,5.0,577.0,141.0,21.0
216418,,,,,,,,6.0,,3.0,,,,,,3.0,,,,,,1.0,,,,
216427,,,,,,,,2.0,,1.0,,,,,,1.0,,,,,,,,,,
216436,,,,,,,,25.0,,17.0,,,,,,1.0,,,,,,,,1.0,2.0,
216445,,,,,,,,24.0,,15.0,,,,,,2.0,,,,,,,,1.0,1.0,
216454,,,,,,,,23.0,,12.0,,,,,,2.0,,,,,,0.0,,1.0,1.0,
216463,,,,,,,,60.0,,26.0,,,,,,,6.0,2.0,5.0,,,,,5.0,2.0,
216524,,,,,,,,400.0,,140.0,,,,,,71.0,8.0,16.0,64.0,,,15.0,,50.0,16.0,
216542,,,,,,,,105.0,,48.0,1.0,,,,,30.0,0.0,1.0,,0.0,,9.0,,8.0,7.0,
216551,,,,,,,,38.0,,18.0,,,,,,3.0,,,1.0,,,2.0,,,,
216579,,,,,,,,8.0,,1.0,,,,,,2.0,1.0,,,,,,,1.0,,
216597,,,,,,,,2559.0,,837.0,14.0,,,,,454.0,104.0,163.0,152.0,25.0,,405.0,16.0,264.0,57.0,28.0
216630,,,,,,,,13.0,,10.0,,,,,,1.0,1.0,,,,,,,1.0,,
216667,,,,,,,,373.0,,126.0,,,,,,21.0,23.0,13.0,51.0,7.0,,80.0,,29.0,,
216694,,,,,,,,300.0,,127.0,,,,,,33.0,4.0,11.0,27.0,4.0,,29.0,2.0,30.0,13.0,
216746,,,,,,,,11.0,,6.0,,,,,,3.0,,,,,,,,1.0,,
216764,,,,,,,,1724.0,,794.0,,,,,,70.0,307.0,40.0,81.0,12.0,,167.0,,162.0,63.0,
216773,,,,,,,,20.0,,12.0,,,,,,2.0,2.0,,,,,,,4.0,,
216782,,,,,,,,34.0,,18.0,,,,,,3.0,2.0,1.0,,,,2.0,1.0,0.0,,
216807,,,,,,,,264.0,,97.0,,,,,,27.0,11.0,12.0,30.0,5.0,,39.0,,30.0,6.0,
216816,,,,,,,,104.0,,19.0,1.0,,,,,18.0,6.0,3.0,4.0,,,4.0,0.0,19.0,2.0,
216825,,,,,,,,380.0,,176.0,,,,,,59.0,5.0,12.0,18.0,,,27.0,,66.0,2.0,
216852,,,,,,,,1065.0,,421.0,,,,,,106.0,21.0,46.0,104.0,9.0,,76.0,,148.0,27.0,6.0
216931,,,,,,,,749.0,,280.0,,,,,,45.0,36.0,34.0,54.0,5.0,,67.0,,57.0,22.0,3.0
216940,,,,,,,,81.0,,24.0,1.0,,,,,17.0,9.0,,7.0,1.0,,13.0,,6.0,2.0,
217013,,,,,,,,200.0,,84.0,,,,,,25.0,18.0,10.0,17.0,1.0,,6.0,1.0,14.0,1.0,
217040,,,,,,,,11.0,,5.0,,,,,,2.0,,,,,,3.0,,1.0,,
217059,,,,,,,,620.0,,265.0,,,,,,53.0,31.0,32.0,44.0,5.0,,68.0,13.0,63.0,11.0,7.0
217077,,,,,,,,101.0,,65.0,,,,,,7.0,3.0,2.0,3.0,,,3.0,,4.0,,
217156,,,,,,,,4443.0,,975.0,429.0,,,,,562.0,342.0,492.0,161.0,80.0,,483.0,8.0,534.0,95.0,5.0
217165,,,,,,,,743.0,,227.0,,,,,,57.0,60.0,26.0,84.0,4.0,,92.0,3.0,80.0,15.0,7.0
217235,,,,,,,,1079.0,,336.0,,,,,,160.0,150.0,63.0,94.0,9.0,,90.0,2.0,74.0,34.0,27.0
217305,,,,,,,,358.0,,186.0,,,,,,19.0,10.0,13.0,12.0,,,2.0,,51.0,,
217323,,,,,,,,54.0,,31.0,,,,,,1.0,4.0,,,,,,8.0,3.0,2.0,
217402,,,,,,,,942.0,,354.0,,,,,,115.0,92.0,40.0,90.0,17.0,,54.0,,96.0,12.0,8.0
217420,,,,,,,,985.0,,455.0,,,,,,53.0,24.0,39.0,53.0,4.0,,144.0,,101.0,13.0,
217475,,,,,,,,938.0,,483.0,,,,,,71.0,141.0,26.0,4.0,1.0,,49.0,,142.0,21.0,
217484,,,,,,,,2791.0,,892.0,18.0,,,,,67.0,160.0,375.0,99.0,57.0,,402.0,7.0,320.0,82.0,21.0
217493,,,,,,,,939.0,,284.0,,,,,,139.0,62.0,30.0,36.0,2.0,,173.0,10.0,113.0,53.0,2.0
217518,,,,,,,,928.0,,314.0,,,,,,135.0,28.0,36.0,34.0,7.0,,191.0,,91.0,24.0,8.0
217536,,,,,,,,456.0,,177.0,,,,,,56.0,12.0,18.0,47.0,5.0,,30.0,,47.0,20.0,2.0
217581,,,,,,,,8.0,,5.0,,,,,,1.0,,,,,,,,1.0,,
217606,,,,,,,,87.0,,25.0,,,,,,6.0,,,1.0,,,31.0,,15.0,2.0,
217615,,,,,,,,178.0,,93.0,,,,,,18.0,8.0,7.0,11.0,,,3.0,,27.0,2.0,
217624,,,,,,,,124.0,,46.0,,,,,,16.0,6.0,2.0,12.0,,,11.0,4.0,9.0,11.0,
217633,,,,,,,,529.0,,252.0,,,,,,39.0,21.0,14.0,77.0,8.0,,18.0,,56.0,13.0,14.0
217688,,,,,,,,499.0,,259.0,,,,,,34.0,23.0,15.0,31.0,12.0,,6.0,23.0,35.0,11.0,
217712,,,,,,,,188.0,,79.0,,,,,,21.0,13.0,7.0,23.0,,,7.0,,20.0,5.0,
217721,,,,,,,,322.0,,97.0,,,,,,38.0,13.0,6.0,22.0,1.0,,48.0,,35.0,14.0,2.0
217749,,,,,,,,666.0,,194.0,1.0,,,,,38.0,30.0,38.0,109.0,3.0,,64.0,6.0,90.0,21.0,8.0
217776,,,,,,,,219.0,,71.0,,,,,,40.0,17.0,6.0,27.0,2.0,,9.0,,17.0,4.0,
217794,,,,,,,,11.0,,5.0,,,,,,0.0,2.0,,,,,2.0,,2.0,,
217819,,,,,,,,1712.0,,644.0,,,,,,197.0,125.0,110.0,102.0,6.0,,118.0,1.0,301.0,58.0,1.0
217828,,,,,,,,5.0,,2.0,,,,,,1.0,,,,,,,,0.0,,
217837,,,,,,,,111.0,,41.0,,,,,,14.0,4.0,2.0,26.0,,,6.0,,13.0,2.0,
217864,,,,,,,,691.0,,245.0,,,,,,91.0,24.0,29.0,61.0,9.0,,35.0,,77.0,47.0,13.0
217873,,,,,,,,361.0,,145.0,,,,,,54.0,21.0,12.0,36.0,1.0,,26.0,1.0,47.0,,2.0
217882,,,,,,,,5307.0,,1388.0,170.0,184.0,,,,208.0,479.0,695.0,400.0,56.0,,306.0,7.0,582.0,368.0,29.0
217891,,,,,,,,57.0,,17.0,,,,,,7.0,1.0,,3.0,,,3.0,,3.0,,
217907,,,,,,,,192.0,,81.0,,,,,,18.0,9.0,5.0,34.0,,,5.0,2.0,14.0,,
217925,,,,,,,,270.0,,75.0,,,,,,32.0,9.0,12.0,15.0,,,34.0,,37.0,9.0,1.0
217934,,,,,,,,183.0,,86.0,,8.0,,,,16.0,4.0,4.0,19.0,,,6.0,,21.0,,
217961,,,,,,,,212.0,,82.0,1.0,,,,,14.0,11.0,6.0,26.0,,,27.0,,42.0,,
217989,,,,,,,,81.0,,28.0,,,,,,8.0,8.0,1.0,12.0,1.0,,10.0,,12.0,,
217998,,,,,,,,131.0,,48.0,,,,,,21.0,6.0,2.0,25.0,1.0,,2.0,,9.0,,
218025,,,,,,,,281.0,,126.0,,,,,,36.0,24.0,20.0,14.0,,,3.0,,38.0,12.0,2.0
218043,,,,,,,,16.0,,8.0,,,,,,1.0,2.0,,,,,1.0,,2.0,0.0,
218061,,,,,,,,547.0,,248.0,,,,,,42.0,11.0,18.0,62.0,1.0,,54.0,,62.0,21.0,7.0
218070,,,,,,,,971.0,,292.0,,,,,,92.0,73.0,39.0,141.0,8.0,,124.0,3.0,105.0,31.0,5.0
218113,,,,,,,,891.0,,479.0,,,,,,57.0,57.0,30.0,53.0,4.0,,52.0,0.0,79.0,25.0,2.0
218140,,,,,,,,420.0,,215.0,,,,,,32.0,19.0,17.0,31.0,,,27.0,,55.0,12.0,2.0
218159,,,,,,,,14.0,,8.0,,,,,,1.0,,,,,,,2.0,2.0,,
218195,,,,,,,,15.0,,9.0,,,,,,1.0,,,,,,,2.0,2.0,,
218229,,,,,,,,499.0,,178.0,,,,,,40.0,54.0,16.0,20.0,2.0,,20.0,1.0,34.0,61.0,7.0
218238,,,,,,,,261.0,,93.0,,,,,,27.0,15.0,,68.0,2.0,,15.0,6.0,14.0,,
218335,,,,,,,,3043.0,,309.0,1022.0,,,,,803.0,138.0,119.0,13.0,130.0,,153.0,,206.0,120.0,29.0
218353,,,,,,,,752.0,,344.0,,,,,,73.0,56.0,48.0,64.0,5.0,,18.0,,98.0,13.0,3.0
218399,,,,,,,,169.0,,42.0,,,,,,22.0,2.0,6.0,8.0,1.0,,45.0,,31.0,,1.0
218414,,,,,,,,212.0,,83.0,5.0,,,,,43.0,7.0,,47.0,0.0,,,,10.0,,
218441,,,,,,,,435.0,,168.0,,,,,,49.0,,9.0,61.0,,,52.0,,50.0,,
218487,,,,,,,,205.0,,96.0,,,,,,13.0,7.0,9.0,5.0,,,15.0,,25.0,7.0,
218520,,,,,,,,342.0,,163.0,,,,,,18.0,21.0,17.0,38.0,,,6.0,,64.0,11.0,
218539,,,,,,,,321.0,,114.0,,,,,,26.0,6.0,13.0,76.0,9.0,,10.0,,48.0,11.0,
218645,,,,,,,,437.0,,204.0,,,,,,47.0,5.0,12.0,58.0,8.0,,21.0,,53.0,14.0,
218654,,,,,,,,283.0,,118.0,,,,,,39.0,4.0,12.0,31.0,0.0,,24.0,,35.0,6.0,
218663,,,,,,,,6556.0,,1911.0,182.0,30.0,,,,1046.0,139.0,387.0,559.0,160.0,,427.0,,1134.0,286.0,18.0
218672,,,,,,,,125.0,,65.0,,,,,,9.0,2.0,2.0,12.0,,,13.0,,17.0,2.0,
218681,,,,,,,,81.0,,35.0,,,,,,7.0,1.0,1.0,17.0,0.0,,3.0,,10.0,3.0,
218690,,,,,,,,100.0,,50.0,,,,,,11.0,0.0,1.0,12.0,1.0,,8.0,,12.0,,
218706,,,,,,,,57.0,,27.0,,,,,,7.0,1.0,0.0,6.0,,,5.0,,6.0,2.0,
218724,,,,,,,,1563.0,,546.0,,,,,,127.0,95.0,72.0,164.0,25.0,,215.0,1.0,151.0,57.0,29.0
218733,,,,,,,,547.0,,156.0,22.0,24.0,,,,53.0,21.0,18.0,100.0,9.0,,34.0,,83.0,,
218742,,,,,,,,679.0,,321.0,,,,,,48.0,15.0,20.0,78.0,5.0,,63.0,,83.0,21.0,
218751,,,,,,,,112.0,,41.0,1.0,,,,,7.0,4.0,4.0,2.0,,,7.0,6.0,28.0,,
218821,,,,,,,,143.0,,43.0,,,,,,25.0,6.0,4.0,19.0,1.0,,14.0,,7.0,6.0,
218830,,,,,,,,410.0,,173.0,,,,,,34.0,17.0,24.0,41.0,2.0,,29.0,,52.0,14.0,1.0
218858,,,,,,,,285.0,,132.0,,,,,,20.0,14.0,18.0,27.0,1.0,,28.0,,33.0,7.0,3.0
218867,,,,,,,,4.0,,2.0,,,,,,1.0,,,,,,,,1.0,,
218885,,,,,,,,485.0,,224.0,,,,,,33.0,33.0,31.0,51.0,5.0,,15.0,,58.0,4.0,2.0
218894,,,,,,,,863.0,,355.0,,,,,,78.0,58.0,48.0,76.0,9.0,,41.0,,160.0,26.0,3.0
218919,,,,,,,,133.0,,31.0,1.0,1.0,,,,5.0,8.0,6.0,7.0,1.0,,25.0,,12.0,2.0,2.0
218955,,,,,,,,79.0,,32.0,,,,,,12.0,5.0,2.0,7.0,,,1.0,,10.0,5.0,
218964,,,,,,,,913.0,,362.0,,1.0,,,,72.0,46.0,39.0,130.0,10.0,,99.0,2.0,98.0,26.0,13.0
218973,,,,,,,,455.0,,150.0,,,,,,29.0,61.0,19.0,50.0,3.0,,66.0,,25.0,16.0,2.0
218991,,,,,,,,404.0,,184.0,,,,,,16.0,24.0,10.0,4.0,,,31.0,,28.0,10.0,1.0
219000,,,,,,,,422.0,,161.0,2.0,2.0,,,,59.0,9.0,14.0,50.0,3.0,,52.0,,43.0,10.0,1.0
219037,,,,,,,,10.0,,7.0,,,,,,1.0,2.0,,,,,,,,,
219046,,,,,,,,405.0,,158.0,,,,,,60.0,29.0,17.0,42.0,1.0,,42.0,,39.0,10.0,1.0
219082,,,,,,,,330.0,,119.0,,,,,,51.0,20.0,25.0,41.0,1.0,,27.0,1.0,35.0,7.0,
219091,,,,,,,,171.0,,62.0,,,,,,16.0,9.0,5.0,33.0,,,19.0,,11.0,,2.0
219125,,,,,,,,14.0,,7.0,,,,,,1.0,2.0,,0.0,,,0.0,2.0,,,
219143,,,,,,,,209.0,,121.0,,,,,,12.0,5.0,8.0,2.0,,,19.0,12.0,20.0,,
219170,,,,,,,,2.0,,2.0,,,,,,,,,,,,,,0.0,,
219189,,,,,,,,117.0,,69.0,,,,,,11.0,4.0,3.0,1.0,,,11.0,1.0,2.0,,
219198,,,,,,,,134.0,,60.0,,,,,,15.0,7.0,4.0,14.0,1.0,,11.0,,10.0,,
219204,,,,,,,,241.0,,95.0,,,,,,34.0,8.0,8.0,3.0,,,,,7.0,,
219240,,,,,,,,13.0,,6.0,,,,,,1.0,1.0,,1.0,,,,1.0,1.0,,
219259,,,,,,,,377.0,,105.0,,,,,,51.0,14.0,22.0,51.0,,,38.0,2.0,49.0,9.0,5.0
219277,,,,,,,,189.0,,82.0,,1.0,,,,28.0,10.0,4.0,2.0,,,14.0,2.0,15.0,,
219295,,,,,,,,122.0,,43.0,,,,,,18.0,10.0,3.0,24.0,2.0,,6.0,,3.0,,
219338,,,,,,,,1.0,,1.0,,,,,,,,,,,,,,,,
219347,,,,,,,,407.0,,162.0,,,,,,67.0,23.0,49.0,16.0,2.0,,31.0,1.0,39.0,11.0,
219356,,,,,,,,1799.0,,557.0,89.0,116.0,,,,190.0,112.0,93.0,140.0,14.0,,152.0,2.0,186.0,65.0,18.0
219374,,,,,,,,127.0,,23.0,,,,,,18.0,18.0,3.0,20.0,,,9.0,,14.0,9.0,3.0
219383,,,,,,,,239.0,,134.0,,,,,,18.0,13.0,4.0,35.0,2.0,,8.0,0.0,19.0,,
219392,,,,,,,,7.0,,5.0,,,,,,2.0,,,,,,,,,,
219408,,,,,,,,56.0,,15.0,,,,,,4.0,8.0,4.0,10.0,,,8.0,,4.0,,
219426,,,,,,,,232.0,,142.0,,0.0,,,,21.0,4.0,8.0,9.0,4.0,,28.0,2.0,12.0,,
219453,,,,,,,,12.0,,8.0,,,,,,2.0,1.0,,,,,,,1.0,,
219471,,,,,,,,1421.0,,538.0,4.0,,,,,183.0,96.0,97.0,112.0,5.0,,119.0,,189.0,21.0,2.0
219480,,,,,,,,109.0,,63.0,,,,,,9.0,5.0,3.0,,,,,,7.0,4.0,
219505,,,,,,,,31.0,,7.0,1.0,,,,,5.0,3.0,1.0,,0.0,,1.0,,5.0,1.0,
219587,,,,,,,,7.0,,4.0,,,,,,2.0,,,,,,,,0.0,,
219596,,,,,,,,22.0,,11.0,,,,,,4.0,1.0,1.0,1.0,,,1.0,,1.0,,
219602,,,,,,,,1151.0,,491.0,,,,,,40.0,13.0,23.0,268.0,15.0,,53.0,1.0,146.0,35.0,1.0
219639,,,,,,,,152.0,,70.0,,,,,,24.0,2.0,6.0,,,,20.0,,13.0,,
219709,,,,,,,,1185.0,,546.0,,,,,,83.0,69.0,27.0,87.0,6.0,,128.0,4.0,148.0,24.0,1.0
219718,,,,,,,,507.0,,203.0,,,,,,38.0,22.0,7.0,95.0,6.0,,53.0,,50.0,6.0,
219790,,,,,,,,229.0,,81.0,,,,,,5.0,14.0,5.0,22.0,,,12.0,17.0,13.0,10.0,
219806,,,,,,,,383.0,,158.0,,,,,,11.0,29.0,14.0,63.0,9.0,,18.0,,52.0,22.0,
219824,,,,,,,,752.0,,353.0,,,,,,31.0,15.0,26.0,55.0,15.0,,72.0,,114.0,10.0,2.0
219833,,,,,,,,317.0,,144.0,,,,,,24.0,12.0,18.0,24.0,2.0,,20.0,3.0,26.0,6.0,
219842,,,,,,,,55.0,,24.0,,,,,,14.0,,,,,,2.0,,10.0,1.0,
219851,,,,,,,,27.0,,11.0,,,,,,2.0,2.0,,,,,,,6.0,,
219879,,,,,,,,248.0,,125.0,,,,,,10.0,3.0,6.0,,7.0,,3.0,,47.0,1.0,
219888,,,,,,,,338.0,,200.0,,,,,,34.0,4.0,5.0,13.0,,,26.0,,41.0,,
219903,,,,,,,,107.0,,41.0,,,,,,26.0,2.0,,,,,1.0,11.0,20.0,,
219921,,,,,,,,20.0,,11.0,,,,,,3.0,1.0,,,,,,,4.0,1.0,
219949,,,,,,,,248.0,,127.0,,,,,,15.0,15.0,6.0,39.0,,,16.0,,4.0,,
219976,,,,,,,,998.0,,334.0,3.0,,,,,68.0,57.0,32.0,115.0,4.0,,127.0,,100.0,17.0,4.0
219994,,,,,,,,61.0,,37.0,,,,,,6.0,2.0,,,,,4.0,,10.0,,
220002,,,,,,,,15.0,,9.0,,,,,,1.0,,,,,,,1.0,1.0,,
220057,,,,,,,,233.0,,84.0,,,,,,15.0,2.0,12.0,47.0,,,21.0,,47.0,2.0,
220075,,,,,,,,2541.0,,952.0,40.0,36.0,,,,439.0,118.0,51.0,138.0,54.0,,175.0,,430.0,67.0,14.0
220118,,,,,,,,37.0,,17.0,,,,,,2.0,1.0,2.0,1.0,,,2.0,2.0,3.0,,
220127,,,,,,,,42.0,,25.0,,,,,,4.0,1.0,0.0,,,,,,4.0,2.0,
220163,,,,,,,,6.0,,2.0,,,,,,1.0,2.0,,,,,,,,1.0,
220181,,,,,,,,193.0,,66.0,10.0,,,,,13.0,25.0,5.0,14.0,,,13.0,3.0,22.0,,1.0
220206,,,,,,,,73.0,,29.0,,,,,,16.0,2.0,1.0,3.0,,,3.0,,9.0,1.0,
220215,,,,,,,,322.0,,122.0,,,,,,30.0,10.0,6.0,38.0,,,70.0,2.0,24.0,6.0,1.0
220251,,,,,,,,21.0,,12.0,,,,,,2.0,3.0,,,,,,,3.0,1.0,
220279,,,,,,,,34.0,,23.0,,,,,,2.0,,,,,,,,4.0,1.0,
220321,,,,,,,,32.0,,22.0,,,,,,2.0,,,,,,1.0,,4.0,,
220394,,,,,,,,21.0,,14.0,,,,,,2.0,,,,,,0.0,,3.0,1.0,
220400,,,,,,,,300.0,,153.0,,,,,,17.0,3.0,4.0,52.0,5.0,,20.0,,39.0,7.0,
220464,,,,,,,,11.0,,6.0,,,,,,,1.0,,,,,,,3.0,,
220473,,,,,,,,197.0,,65.0,,,,,,30.0,7.0,8.0,19.0,1.0,,13.0,1.0,26.0,11.0,
220491,,,,,,,,25.0,,10.0,,,,,,9.0,2.0,,,,,,3.0,1.0,,
220516,,,,,,,,274.0,,106.0,,,,,,38.0,5.0,6.0,34.0,5.0,,20.0,3.0,32.0,6.0,
220552,,,,,,,,610.0,,355.0,,,,,,67.0,7.0,8.0,,,,11.0,,146.0,,
220598,,,,,,,,209.0,,63.0,,,,,,17.0,7.0,2.0,17.0,1.0,,67.0,,30.0,,
220604,,,,,,,,150.0,,62.0,2.0,,,,,8.0,17.0,3.0,15.0,,,5.0,,12.0,,0.0
220613,,,,,,,,719.0,,310.0,,,,,,93.0,10.0,24.0,40.0,8.0,,80.0,,119.0,11.0,3.0
220631,,,,,,,,995.0,,408.0,,,,,,156.0,13.0,21.0,68.0,26.0,,99.0,,159.0,23.0,3.0
220640,,,,,,,,45.0,,29.0,,,,,,1.0,,,,,,,,9.0,3.0,
220701,,,,,,,,115.0,,46.0,,,,,,8.0,7.0,2.0,20.0,3.0,,,4.0,9.0,,
220710,,,,,,,,312.0,,97.0,,,,,,32.0,15.0,6.0,50.0,4.0,,44.0,0.0,35.0,12.0,
220756,,,,,,,,17.0,,8.0,,,,,,3.0,,0.0,,,,1.0,,4.0,,
220765,,,,,,,,30.0,,14.0,,,,,,4.0,3.0,1.0,,,,,,3.0,,
220792,,,,,,,,942.0,,191.0,0.0,3.0,,,,104.0,43.0,43.0,41.0,153.0,,55.0,,100.0,,
220808,,,,,,,,44.0,,8.0,,,,,,4.0,1.0,,4.0,,,10.0,,1.0,3.0,
220853,,,,,,,,67.0,,39.0,,,,,,9.0,2.0,,,,,2.0,,11.0,,
220862,,,,,,,,2870.0,,1047.0,97.0,,,,,152.0,212.0,177.0,125.0,17.0,,272.0,,251.0,92.0,8.0
220871,,,,,,,,25.0,,8.0,,,,,,3.0,3.0,2.0,,,,2.0,,3.0,,
220978,,,,,,,,2323.0,,1052.0,12.0,,,,,136.0,56.0,92.0,138.0,27.0,,152.0,3.0,508.0,70.0,22.0
220996,,,,,,,,30.0,,10.0,,,,,,,2.0,4.0,1.0,,,,,3.0,1.0,
221050,,,,,,,,69.0,,49.0,,,,,,2.0,5.0,,0.0,0.0,,1.0,,12.0,,
221096,,,,,,,,414.0,,231.0,,,,,,30.0,10.0,20.0,13.0,,,19.0,,44.0,8.0,
221102,,,,,,,,62.0,,38.0,,,,,,7.0,5.0,,,,,4.0,,2.0,,1.0
221148,,,,,,,,152.0,,57.0,,,,,,50.0,1.0,1.0,,,,11.0,,21.0,,1.0
221184,,,,,,,,484.0,,247.0,,,,,,23.0,2.0,4.0,53.0,19.0,,24.0,,94.0,10.0,
221236,,,,,,,,30.0,,20.0,,,,,,3.0,1.0,,,,,1.0,,5.0,,
221281,,,,,,,,28.0,,17.0,,,,,,3.0,1.0,,,,,2.0,,4.0,,
221333,,,,,,,,36.0,,22.0,,,,,,1.0,4.0,,,,,2.0,,8.0,,
221351,,,,,,,,528.0,,199.0,,,,,,60.0,30.0,25.0,56.0,6.0,,78.0,,38.0,15.0,3.0
221388,,,,,,,,22.0,,11.0,,,,,,3.0,1.0,,,,,1.0,,2.0,,
221397,,,,,,,,403.0,,197.0,,,,,,5.0,3.0,6.0,,13.0,,21.0,,82.0,9.0,
221430,,,,,,,,26.0,,16.0,,,,,,3.0,,,,,,1.0,1.0,5.0,,
221485,,,,,,,,788.0,,300.0,,,,,,27.0,99.0,14.0,12.0,25.0,,74.0,,212.0,9.0,
221494,,,,,,,,46.0,,30.0,,,,,,1.0,8.0,1.0,,,,1.0,,1.0,,
221519,,,,,,,,736.0,,190.0,,,,,,63.0,14.0,27.0,49.0,5.0,,170.0,2.0,146.0,38.0,4.0
221582,,,,,,,,33.0,,13.0,,,,,,4.0,,,,,,2.0,,13.0,,
221591,,,,,,,,33.0,,23.0,,,,,,2.0,1.0,,2.0,,,1.0,,4.0,,
221607,,,,,,,,25.0,,17.0,,,,,,2.0,1.0,,,,,,,2.0,,
221616,,,,,,,,50.0,,30.0,,,,,,10.0,,,,,,1.0,,8.0,0.0,
221625,,,,,,,,96.0,,61.0,,,,,,1.0,1.0,2.0,8.0,2.0,,3.0,,11.0,1.0,
221634,,,,,,,,20.0,,13.0,,,,,,2.0,,,,,,1.0,,4.0,,
221643,,,,,,,,673.0,,349.0,,0.0,,,,8.0,2.0,7.0,84.0,51.0,,14.0,,133.0,9.0,2.0
221661,,,,,,,,477.0,,141.0,,,,,,76.0,17.0,18.0,77.0,4.0,,38.0,12.0,54.0,23.0,6.0
221670,,,,,,,,189.0,,57.0,,0.0,,,,19.0,7.0,8.0,8.0,12.0,,19.0,,44.0,5.0,3.0
221731,,,,,,,,152.0,,67.0,,,,,,7.0,8.0,6.0,24.0,,,,,22.0,,
221740,,,,,,,,1595.0,,586.0,3.0,,,,,209.0,102.0,77.0,130.0,15.0,,165.0,3.0,208.0,37.0,9.0
221759,,,,,,,,7633.0,,1693.0,102.0,65.0,,,,678.0,480.0,867.0,337.0,78.0,,1309.0,1.0,969.0,385.0,91.0
221768,,,,,,,,854.0,,335.0,3.0,5.0,,,,84.0,47.0,39.0,53.0,8.0,,96.0,,118.0,31.0,10.0
221829,,,,,,,,27.0,,18.0,,,,,,4.0,,,,,,1.0,,4.0,,
221838,,,,,,,,1291.0,,347.0,29.0,8.0,,,,135.0,23.0,17.0,284.0,21.0,,130.0,3.0,240.0,33.0,2.0
221847,,,,,,,,1259.0,,499.0,9.0,9.0,,,,61.0,79.0,83.0,123.0,13.0,,51.0,1.0,179.0,56.0,1.0
221892,,,,,,,,381.0,,150.0,,,,,,50.0,23.0,22.0,29.0,1.0,,13.0,,84.0,3.0,
221908,,,,,,,,411.0,,187.0,,,,,,13.0,17.0,21.0,55.0,,,29.0,,70.0,11.0,2.0
221953,,,,,,,,324.0,,87.0,,,,,,45.0,12.0,7.0,80.0,8.0,,24.0,,27.0,12.0,
221971,,,,,,,,507.0,,277.0,,,,,,25.0,12.0,17.0,31.0,2.0,,37.0,11.0,56.0,,
221999,,,,,,,,5763.0,,1380.0,378.0,,,,,138.0,738.0,657.0,396.0,32.0,,721.0,57.0,644.0,162.0,61.0
222053,,,,,,,,599.0,,284.0,,,,,,7.0,2.0,12.0,99.0,19.0,,38.0,1.0,109.0,12.0,
222062,,,,,,,,479.0,,232.0,,,,,,17.0,44.0,8.0,27.0,11.0,,39.0,,70.0,13.0,1.0
222105,,,,,,,,41.0,,23.0,,,,,,4.0,2.0,,,,,4.0,,,,
222178,,,,,,,,856.0,,302.0,,9.0,,,,82.0,37.0,25.0,89.0,4.0,,48.0,1.0,216.0,13.0,
222497,,,,,,,,572.0,,3.0,,,,,,59.0,143.0,98.0,14.0,1.0,,16.0,,97.0,5.0,3.0
222567,,,,,,,,460.0,,238.0,3.0,,,,,33.0,6.0,11.0,6.0,,,32.0,4.0,38.0,9.0,1.0
222576,,,,,,,,745.0,,255.0,,,,,,69.0,20.0,23.0,60.0,1.0,,91.0,2.0,155.0,28.0,18.0
222628,,,,,,,,64.0,,29.0,,,,,,14.0,,,,,,1.0,,14.0,,
222822,,,,,,,,334.0,,176.0,,,,,,11.0,13.0,9.0,14.0,1.0,,16.0,2.0,41.0,9.0,
222831,,,,,,,,849.0,,352.0,,,,,,49.0,52.0,48.0,83.0,,,29.0,15.0,115.0,40.0,6.0
222877,,,,,,,,38.0,,17.0,,,,,,3.0,0.0,,5.0,,,4.0,,6.0,,
222886,,,,,,,,52.0,,16.0,,,,,,2.0,1.0,,,3.0,,0.0,2.0,19.0,,
222938,,,,,,,,77.0,,42.0,,,,,,9.0,5.0,,,,,,21.0,,,
222983,,,,,,,,290.0,,105.0,,,,,,32.0,17.0,10.0,43.0,3.0,,18.0,,43.0,11.0,
222992,,,,,,,,2729.0,,979.0,,,,,,204.0,112.0,149.0,66.0,4.0,,209.0,,415.0,62.0,
223001,,,,,,,,61.0,,19.0,0.0,0.0,,,,4.0,8.0,3.0,1.0,,,2.0,,15.0,4.0,
223056,,,,,,,,12.0,,5.0,,,,,,3.0,2.0,,,,,,,2.0,,
223083,,,,,,,,77.0,,43.0,,,,,,14.0,1.0,1.0,,1.0,,,,9.0,,
223117,,,,,,,,17.0,,9.0,,,,,,,2.0,,,,,,,2.0,1.0,
223223,,,,,,,,7848.0,,3340.0,1481.0,,,,,251.0,399.0,472.0,140.0,542.0,,221.0,8.0,876.0,49.0,40.0
223232,,,,,,,,3152.0,,1285.0,9.0,,,,,616.0,236.0,223.0,121.0,46.0,,95.0,7.0,290.0,5.0,7.0
223320,,,,,,,,262.0,,97.0,,,,,,31.0,2.0,8.0,37.0,0.0,,25.0,1.0,35.0,7.0,2.0
223427,,,,,,,,994.0,,542.0,,,,,,73.0,11.0,29.0,1.0,,,83.0,,90.0,,4.0
223463,,,,,,,,54.0,,26.0,,,,,,13.0,2.0,,,,,,6.0,7.0,,
223472,,,,,,,,21.0,,11.0,,,,,,4.0,,,,,,1.0,2.0,3.0,,
223506,,,,,,,,420.0,,170.0,2.0,5.0,,,,35.0,8.0,16.0,22.0,,,37.0,2.0,72.0,10.0,
223524,,,,,,,,626.0,,293.0,,,,,,83.0,14.0,16.0,52.0,1.0,,3.0,2.0,110.0,18.0,
223773,,,,,,,,377.0,,137.0,,,,,,65.0,9.0,10.0,28.0,1.0,,8.0,2.0,67.0,12.0,
223816,,,,,,,,1080.0,,469.0,,,,,,131.0,23.0,41.0,51.0,,,73.0,8.0,203.0,23.0,5.0
223852,,,,,,,,13.0,,6.0,,,,,,1.0,2.0,,,,,,1.0,2.0,,
223898,,,,,,,,250.0,,134.0,1.0,,,,,13.0,4.0,5.0,8.0,,,23.0,6.0,26.0,14.0,
223922,,,,,,,,109.0,,49.0,,,,,,10.0,3.0,,,,,10.0,,8.0,,1.0
224004,,,,,,,,249.0,,111.0,,,,,,15.0,21.0,4.0,51.0,,,5.0,,29.0,4.0,
224013,,,,,,,,5.0,,3.0,,,,,,,,,,,,,,,,
224110,,,,,,,,678.0,,308.0,,,,,,68.0,22.0,11.0,10.0,,,18.0,,203.0,10.0,1.0
224147,,,,,,,,1344.0,,508.0,9.0,,,,,165.0,95.0,142.0,131.0,14.0,,24.0,2.0,195.0,5.0,7.0
224156,,,,,,,,38.0,,13.0,,,,,,3.0,4.0,1.0,,,,1.0,4.0,7.0,1.0,
224226,,,,,,,,476.0,,131.0,,,,,,15.0,9.0,38.0,45.0,1.0,,31.0,31.0,87.0,11.0,5.0
224244,,,,,,,,35.0,,14.0,,,,,,4.0,3.0,,2.0,,,1.0,,1.0,,
224253,,,,,,,,806.0,,10.0,,,,,,239.0,51.0,127.0,36.0,1.0,,121.0,1.0,108.0,5.0,
224271,,,,,,,,19.0,,13.0,,,,,,1.0,,,,,,,,,,
224305,,,,,,,,287.0,,69.0,,,,,,93.0,5.0,13.0,17.0,,,21.0,,54.0,8.0,
224323,,,,,,,,432.0,,173.0,,,,,,62.0,13.0,11.0,24.0,1.0,,26.0,,73.0,13.0,
224350,,,,,,,,954.0,,445.0,,,,,,94.0,25.0,41.0,37.0,0.0,,32.0,1.0,158.0,11.0,3.0
224527,,,,,,,,256.0,,90.0,,,,,,25.0,6.0,5.0,40.0,4.0,,20.0,,30.0,9.0,1.0
224545,,,,,,,,280.0,,119.0,,,,,,42.0,14.0,8.0,27.0,2.0,,9.0,,40.0,,
224554,,,,,,,,1021.0,,488.0,1.0,,,,,125.0,49.0,17.0,102.0,11.0,,31.0,5.0,155.0,1.0,2.0
224572,,,,,,,,614.0,,259.0,,,,,,108.0,14.0,21.0,57.0,1.0,,10.0,5.0,79.0,17.0,
224615,,,,,,,,565.0,,265.0,,,,,,85.0,12.0,15.0,32.0,,,1.0,4.0,88.0,11.0,
224642,,,,,,,,1716.0,,693.0,,,,,,113.0,130.0,86.0,2.0,,,86.0,,580.0,6.0,
224660,,,,,,,,55.0,,30.0,,,,,,8.0,3.0,2.0,,,,,6.0,5.0,,
224679,,,,,,,,129.0,,65.0,,,,,,14.0,13.0,2.0,,,,0.0,19.0,12.0,2.0,
224712,,,,,,,,52.0,,20.0,,,,,,8.0,4.0,2.0,,,,2.0,,6.0,1.0,
224758,,,,,,,,4.0,,3.0,,,,,,,1.0,,,,,,,,,
224776,,,,,,,,55.0,,33.0,,,,,,4.0,4.0,,,,,,12.0,,,
224828,,,,,,,,20.0,,8.0,,,,,,4.0,2.0,,,,,,,1.0,,
224891,,,,,,,,116.0,,50.0,,10.0,,,,9.0,3.0,2.0,6.0,2.0,,,,6.0,11.0,
224961,,,,,,,,189.0,,80.0,,,,,,22.0,13.0,8.0,5.0,,,12.0,,22.0,3.0,
225070,,,,,,,,400.0,,152.0,3.0,9.0,,,,31.0,3.0,10.0,13.0,,,35.0,,31.0,5.0,0.0
225201,,,,,,,,128.0,,51.0,,,,,,33.0,6.0,3.0,2.0,,,,8.0,8.0,2.0,
225247,,,,,,,,340.0,,139.0,,,,,,28.0,17.0,9.0,57.0,5.0,,19.0,,49.0,9.0,
225308,,,,,,,,419.0,,195.0,,,,,,42.0,9.0,20.0,18.0,,,9.0,2.0,83.0,10.0,3.0
225371,,,,,,,,270.0,,140.0,,,,,,28.0,4.0,6.0,3.0,,,12.0,,38.0,,1.0
225399,,,,,,,,472.0,,195.0,,,,,,42.0,16.0,5.0,47.0,2.0,,25.0,8.0,69.0,4.0,5.0
225414,,,,,,,,857.0,,343.0,1.0,,,,,94.0,81.0,60.0,31.0,4.0,,66.0,,132.0,24.0,3.0
225423,,,,,,,,3467.0,,1524.0,,,,,,220.0,176.0,90.0,277.0,3.0,,161.0,45.0,396.0,47.0,3.0
225432,,,,,,,,1109.0,,478.0,,,,,,43.0,236.0,104.0,41.0,,,46.0,,102.0,30.0,
225502,,,,,,,,438.0,,160.0,1.0,,,,,30.0,13.0,27.0,18.0,3.0,,19.0,,151.0,,2.0
225511,,,,,,,,5399.0,,1623.0,79.0,1.0,,,,956.0,879.0,612.0,147.0,58.0,,374.0,2.0,350.0,177.0,5.0
225520,,,,,,,,320.0,,138.0,,,,,,40.0,3.0,6.0,20.0,2.0,,24.0,1.0,56.0,5.0,1.0
225548,,,,,,,,219.0,,78.0,,,,,,24.0,5.0,9.0,27.0,3.0,,27.0,,34.0,4.0,
225575,,,,,,,,131.0,,58.0,,,,,,17.0,12.0,3.0,15.0,,,5.0,,14.0,,
225627,,,,,,,,1305.0,,488.0,,,,,,173.0,47.0,48.0,172.0,102.0,,47.0,7.0,126.0,37.0,15.0
225876,,,,,,,,59.0,,18.0,,,,,,8.0,3.0,1.0,8.0,,,9.0,,3.0,3.0,
225885,,,,,,,,141.0,,42.0,,,,,,9.0,13.0,3.0,13.0,1.0,,16.0,,4.0,1.0,
225991,,,,,,,,22.0,,11.0,,,,,,2.0,2.0,,,,,,4.0,2.0,,
226019,,,,,,,,420.0,,212.0,,,,,,45.0,16.0,9.0,25.0,,,10.0,,53.0,1.0,
226091,,,,,,,,1396.0,,497.0,2.0,,,,,135.0,95.0,62.0,77.0,10.0,,170.0,,123.0,33.0,1.0
226107,,,,,,,,148.0,,61.0,,,,,,26.0,5.0,10.0,5.0,,,13.0,,18.0,,2.0
226116,,,,,,,,176.0,,81.0,,,,,,35.0,9.0,11.0,4.0,,,5.0,,26.0,3.0,
226125,,,,,,,,10.0,,6.0,,,,,,2.0,,,,,,0.0,,1.0,0.0,
226134,,,,,,,,673.0,,223.0,,,,,,63.0,17.0,31.0,64.0,,,56.0,,107.0,16.0,0.0
226152,,,,,,,,702.0,,278.0,1.0,5.0,,,,103.0,37.0,26.0,77.0,5.0,,23.0,1.0,107.0,1.0,3.0
226204,,,,,,,,518.0,,225.0,,,,,,33.0,10.0,22.0,39.0,,,48.0,,70.0,15.0,
226231,,,,,,,,416.0,,171.0,,,,,,52.0,12.0,15.0,28.0,2.0,,41.0,,71.0,12.0,1.0
226277,,,,,,,,115.0,,58.0,,,,,,32.0,,1.0,,,,2.0,,18.0,,
226383,,,,,,,,326.0,,121.0,,,,,,30.0,1.0,20.0,42.0,5.0,,35.0,3.0,53.0,7.0,
226408,,,,,,,,435.0,,170.0,,,,,,28.0,27.0,15.0,32.0,,,19.0,,66.0,6.0,1.0
226471,,,,,,,,553.0,,216.0,,,,,,61.0,59.0,16.0,42.0,8.0,,67.0,9.0,59.0,,
226578,,,,,,,,669.0,,285.0,,,,,,39.0,13.0,26.0,51.0,2.0,,70.0,,95.0,,
226587,,,,,,,,243.0,,96.0,,,,,,24.0,17.0,9.0,42.0,3.0,,10.0,,24.0,6.0,
226675,,,,,,,,53.0,,36.0,,,,,,8.0,,2.0,,,,,,1.0,,
226806,,,,,,,,497.0,,195.0,,,,,,45.0,20.0,11.0,54.0,,,43.0,,79.0,,2.0
226833,,,,,,,,694.0,,269.0,,,,,,53.0,11.0,21.0,32.0,2.0,,70.0,,145.0,33.0,3.0
226860,,,,,,,,5.0,,2.0,,,,,,1.0,,,,,,,,2.0,,
226879,,,,,,,,22.0,,12.0,,,,,,7.0,,,,,,,1.0,1.0,,
226903,,,,,,,,389.0,,129.0,,,,,,64.0,43.0,6.0,30.0,,,1.0,103.0,12.0,,
226930,,,,,,,,481.0,,202.0,,,,,,69.0,11.0,12.0,44.0,1.0,,6.0,2.0,85.0,11.0,
227058,,,,,,,,12.0,,8.0,,,,,,1.0,1.0,,,,,,1.0,,,
227146,,,,,,,,431.0,,160.0,,,,,,41.0,6.0,12.0,7.0,,,52.0,,109.0,,
227182,,,,,,,,4405.0,,1848.0,,,,,,323.0,533.0,247.0,8.0,,,254.0,,788.0,61.0,
227191,,,,,,,,538.0,,217.0,,,,,,78.0,14.0,14.0,58.0,2.0,,6.0,6.0,82.0,15.0,
227216,,,,,,,,3971.0,,1323.0,71.0,4.0,,,,499.0,246.0,165.0,244.0,38.0,,401.0,,533.0,160.0,9.0
227225,,,,,,,,256.0,,99.0,,3.0,,,,24.0,7.0,6.0,47.0,,,12.0,,23.0,,
227289,,,,,,,,81.0,,32.0,0.0,,,,,9.0,4.0,2.0,1.0,,,13.0,,14.0,,
227298,,,,,,,,19.0,,7.0,,,,,,7.0,,1.0,,,,,,,,
227304,,,,,,,,434.0,,194.0,1.0,4.0,,,,43.0,18.0,13.0,19.0,,,22.0,4.0,25.0,16.0,4.0
227313,,,,,,,,18.0,,8.0,,,,,,1.0,,,,,,,6.0,1.0,,
227322,,,,,,,,19.0,,7.0,,,,,,2.0,,,,,,,7.0,1.0,,
227331,,,,,,,,497.0,,172.0,,,,,,42.0,43.0,8.0,61.0,11.0,,31.0,11.0,94.0,13.0,
227368,,,,,,,,3748.0,,1358.0,53.0,,,,,297.0,319.0,200.0,375.0,334.0,,296.0,,315.0,97.0,12.0
227377,,,,,,,,401.0,,158.0,,,,,,32.0,19.0,4.0,29.0,,,24.0,,110.0,16.0,
227386,,,,,,,,192.0,,101.0,,2.0,,,,6.0,17.0,5.0,,,,12.0,,34.0,,
227401,,,,,,,,258.0,,118.0,,4.0,,,,7.0,5.0,4.0,,,,24.0,,47.0,,
227429,,,,,,,,73.0,,23.0,,,,,,22.0,4.0,1.0,7.0,3.0,,,2.0,4.0,6.0,
227526,,,,,,,,1205.0,,448.0,38.0,40.0,,,,148.0,85.0,58.0,82.0,11.0,,55.0,,179.0,7.0,7.0
227687,,,,,,,,186.0,,84.0,,,,,,13.0,2.0,5.0,20.0,2.0,,17.0,,15.0,,
227748,,,,,,,,41.0,,18.0,,,,,,7.0,,,,,,,,16.0,,
227757,,,,,,,,3316.0,,746.0,13.0,,,,,259.0,473.0,631.0,215.0,15.0,,312.0,,278.0,99.0,54.0
227766,,,,,,,,929.0,,373.0,,,,,,148.0,14.0,30.0,84.0,2.0,,11.0,0.0,155.0,15.0,
227845,,,,,,,,711.0,,246.0,,,,,,172.0,21.0,41.0,51.0,3.0,,58.0,7.0,75.0,27.0,
227854,,,,,,,,630.0,,302.0,,,,,,20.0,20.0,21.0,10.0,1.0,,51.0,,57.0,7.0,
227863,,,,,,,,453.0,,210.0,,,,,,50.0,34.0,3.0,46.0,0.0,,38.0,1.0,44.0,14.0,
227881,,,,,,,,2265.0,,852.0,0.0,19.0,,,,164.0,223.0,128.0,90.0,20.0,,174.0,1.0,461.0,44.0,
227924,,,,,,,,867.0,,424.0,,,,,,14.0,20.0,30.0,17.0,,,41.0,1.0,99.0,8.0,0.0
227979,,,,,,,,1820.0,,860.0,,,,,,120.0,95.0,82.0,92.0,2.0,,57.0,,366.0,51.0,
228042,,,,,,,,256.0,,81.0,,,,,,31.0,10.0,12.0,36.0,2.0,,31.0,1.0,21.0,8.0,
228088,,,,,,,,6.0,,2.0,,,,,,1.0,1.0,,,,,,1.0,1.0,,
228149,,,,,,,,709.0,,272.0,,,,,,151.0,9.0,17.0,31.0,4.0,,89.0,,112.0,3.0,4.0
228158,,,,,,,,625.0,,332.0,,,,,,42.0,4.0,11.0,33.0,3.0,,69.0,2.0,83.0,14.0,
228185,,,,,,,,4.0,,2.0,,,,,,,,,,,,,,1.0,,
228194,,,,,,,,186.0,,71.0,,11.0,,,,30.0,9.0,7.0,22.0,,,2.0,,28.0,,
228200,,,,,,,,30.0,,16.0,,,,,,3.0,2.0,,,,,2.0,3.0,2.0,,
228219,,,,,,,,34.0,,17.0,,,,,,5.0,2.0,,,,,2.0,5.0,2.0,,
228246,,,,,,,,2577.0,,886.0,83.0,,,,,738.0,118.0,141.0,169.0,18.0,,78.0,,202.0,45.0,
228282,,,,,,,,17.0,,4.0,,,,,,2.0,2.0,,,,,,2.0,3.0,1.0,
228316,,,,,,,,414.0,,155.0,,,,,,56.0,2.0,20.0,29.0,2.0,,42.0,,74.0,13.0,1.0
228325,,,,,,,,248.0,,95.0,,,,,,26.0,10.0,8.0,39.0,2.0,,19.0,,24.0,,
228343,,,,,,,,420.0,,128.0,,,,,,46.0,13.0,17.0,64.0,6.0,,47.0,,43.0,15.0,10.0
228431,,,,,,,,1542.0,,610.0,,,,,,123.0,80.0,74.0,141.0,10.0,,169.0,,185.0,57.0,6.0
228459,,,,,,,,4007.0,,1504.0,84.0,21.0,,,,312.0,242.0,247.0,437.0,56.0,,255.0,8.0,570.0,138.0,52.0
228468,,,,,,,,141.0,,65.0,,,,,,18.0,10.0,4.0,3.0,1.0,,17.0,5.0,9.0,6.0,
228486,,,,,,,,32.0,,12.0,,,,,,1.0,4.0,,1.0,,,,1.0,0.0,2.0,2.0
228501,,,,,,,,401.0,,133.0,,,,,,41.0,9.0,25.0,8.0,1.0,,34.0,,130.0,14.0,
228529,,,,,,,,1152.0,,523.0,3.0,,,,,144.0,69.0,83.0,114.0,7.0,,26.0,,134.0,4.0,1.0
228547,,,,,,,,2930.0,,1221.0,,,,,,251.0,86.0,74.0,178.0,9.0,,167.0,,467.0,68.0,21.0
228608,,,,,,,,347.0,,170.0,,,,,,35.0,6.0,,5.0,,,4.0,,71.0,4.0,
228635,,,,,,,,8071.0,,1802.0,6.0,557.0,,,,852.0,861.0,1457.0,35.0,588.0,,446.0,2.0,1168.0,216.0,27.0
228644,,,,,,,,5401.0,,912.0,553.0,,,,,457.0,315.0,609.0,115.0,469.0,,538.0,4.0,1041.0,90.0,95.0
228653,,,,,,,,1853.0,,571.0,21.0,120.0,,,,391.0,48.0,64.0,12.0,265.0,,2.0,,284.0,51.0,
228699,,,,,,,,266.0,,129.0,,,,,,22.0,5.0,10.0,15.0,,,29.0,,30.0,,
228705,,,,,,,,938.0,,440.0,35.0,,,,,127.0,46.0,33.0,77.0,5.0,,23.0,,119.0,10.0,1.0
228723,,,,,,,,10707.0,,3444.0,385.0,5.0,,,,1357.0,700.0,1313.0,795.0,341.0,,430.0,5.0,1422.0,201.0,120.0
228732,,,,,,,,276.0,,,,,,,,106.0,61.0,33.0,33.0,,,,,29.0,7.0,4.0
228769,,,,,,,,3571.0,,1319.0,162.0,,,,,466.0,323.0,190.0,149.0,44.0,,216.0,7.0,330.0,116.0,6.0
228778,,,,,,,,14942.0,,2887.0,,,,,,1885.0,1562.0,2790.0,854.0,238.0,,1326.0,85.0,1937.0,523.0,283.0
228787,,,,,,,,3634.0,,1015.0,125.0,,,,,457.0,246.0,383.0,198.0,25.0,,211.0,5.0,724.0,99.0,8.0
228796,,,,,,,,2606.0,,894.0,28.0,4.0,,,,402.0,295.0,189.0,207.0,41.0,,116.0,,238.0,85.0,35.0
228802,,,,,,,,1076.0,,396.0,4.0,,,,,105.0,29.0,43.0,25.0,6.0,,38.0,,304.0,29.0,
228866,,,,,,,,77.0,,27.0,,3.0,,,,10.0,3.0,1.0,,,,,,19.0,2.0,
228875,,,,,,,,2441.0,,844.0,19.0,,,,,234.0,179.0,101.0,246.0,23.0,,310.0,2.0,314.0,72.0,2.0
228884,,,,,,,,136.0,,40.0,,,,,,13.0,5.0,3.0,10.0,2.0,,42.0,,16.0,,1.0
228909,,,,,,,,1241.0,,257.0,40.0,,,,,158.0,118.0,148.0,31.0,41.0,,119.0,2.0,219.0,34.0,
228981,,,,,,,,243.0,,102.0,,,,,,55.0,8.0,7.0,,1.0,,35.0,,23.0,,
229018,,,,,,,,684.0,,218.0,14.0,,,,,88.0,33.0,15.0,40.0,1.0,,23.0,,141.0,15.0,0.0
229027,,,,,,,,3578.0,,1087.0,101.0,23.0,,,,448.0,409.0,247.0,354.0,32.0,,152.0,11.0,416.0,124.0,49.0
229063,,,,,,,,1251.0,,509.0,,,,,,92.0,63.0,17.0,50.0,6.0,,162.0,,205.0,29.0,5.0
229090,,,,,,,,568.0,,,,,,,,101.0,174.0,118.0,42.0,6.0,,11.0,,94.0,18.0,2.0
229115,,,,,,,,5027.0,,1772.0,,52.0,,,,496.0,68.0,220.0,129.0,9.0,,474.0,5.0,1314.0,166.0,161.0
229160,,,,,,,,426.0,,187.0,,,,,,46.0,12.0,4.0,55.0,5.0,,9.0,2.0,65.0,11.0,
229179,,,,,,,,1494.0,,591.0,,,,,,134.0,54.0,92.0,81.0,12.0,,151.0,,231.0,34.0,21.0
229267,,,,,,,,840.0,,295.0,2.0,,,,,69.0,74.0,45.0,96.0,11.0,,57.0,,104.0,24.0,5.0
229300,,,,,,,,9459.0,,1900.0,,,,,,868.0,447.0,1097.0,300.0,2708.0,,626.0,0.0,1339.0,85.0,34.0
229337,,,,,,,,4608.0,,766.0,15.0,,,,,361.0,12.0,260.0,57.0,1380.0,,280.0,1.0,1366.0,57.0,45.0
229355,,,,,,,,899.0,,437.0,,,,,,51.0,19.0,52.0,128.0,,,57.0,,113.0,6.0,
229407,,,,,,,,57.0,,,,,,,,19.0,20.0,,8.0,,,3.0,,7.0,,
229416,,,,,,,,87.0,,45.0,,,,,,8.0,29.0,1.0,,,,,,2.0,2.0,
229425,,,,,,,,28.0,,14.0,,,,,,3.0,3.0,,1.0,,,1.0,1.0,3.0,1.0,
229504,,,,,,,,247.0,,107.0,,,,,,15.0,9.0,4.0,18.0,,,28.0,,45.0,4.0,
229522,,,,,,,,5.0,,2.0,,,,,,1.0,1.0,,,,,,,1.0,,
229540,,,,,,,,416.0,,144.0,,31.0,,,,38.0,8.0,14.0,26.0,,,35.0,,93.0,13.0,
229656,,,,,,,,27.0,,13.0,,,,,,3.0,2.0,,,,,,2.0,2.0,,
229780,,,,,,,,596.0,,273.0,,2.0,,,,89.0,11.0,7.0,1.0,1.0,,5.0,9.0,149.0,4.0,
229799,,,,,,,,406.0,,208.0,,,,,,41.0,24.0,14.0,10.0,,,25.0,,48.0,1.0,
229814,,,,,,,,849.0,,372.0,,,,,,127.0,37.0,27.0,104.0,10.0,,23.0,3.0,98.0,4.0,4.0
229832,,,,,,,,172.0,,58.0,,4.0,,,,7.0,4.0,7.0,28.0,,,4.0,4.0,29.0,7.0,1.0
229841,,,,,,,,448.0,,221.0,,,,,,34.0,40.0,13.0,11.0,,,34.0,,50.0,6.0,2.0
229887,,,,,,,,176.0,,50.0,,,,,,30.0,6.0,3.0,7.0,1.0,,24.0,,16.0,,4.0
229957,,,,,,,,1.0,,1.0,,,,,,,,,,,,,,,,
230010,,,,,,,,202.0,,138.0,,,,,,4.0,8.0,4.0,,,,16.0,4.0,22.0,,
230038,,,,,,,,4564.0,,1462.0,50.0,1.0,,,,217.0,611.0,544.0,465.0,57.0,,296.0,15.0,515.0,156.0,39.0
230047,,,,,,,,463.0,,169.0,,,,,,46.0,21.0,27.0,28.0,5.0,,63.0,7.0,56.0,22.0,2.0
230056,,,,,,,,17.0,,9.0,,,,,,1.0,,,,,,,,1.0,,
230065,,,,,,,,26.0,,12.0,,,,,,5.0,2.0,0.0,1.0,,,1.0,3.0,1.0,,
230144,,,,,,,,8.0,,4.0,,,,,,1.0,,,,,,,,,,
230162,,,,,,,,295.0,,155.0,,,,,,24.0,7.0,10.0,12.0,,,19.0,12.0,27.0,5.0,
230171,,,,,,,,878.0,,350.0,,,,,,68.0,55.0,35.0,136.0,2.0,,71.0,9.0,71.0,19.0,7.0
230199,,,,,,,,9.0,,3.0,,,,,,3.0,0.0,,,,,3.0,,,,
230205,,,,,,,,2.0,,2.0,,,,,,,,,,,,,,,,
230214,,,,,,,,34.0,,18.0,,,,,,2.0,,,,,,,4.0,10.0,,
230366,,,,,,,,42.0,,18.0,,,,,,1.0,3.0,,,,,,2.0,16.0,,
230418,,,,,,,,151.0,,89.0,,,,,,29.0,9.0,6.0,6.0,,,,1.0,2.0,,
230490,,,,,,,,253.0,,123.0,,,,,,43.0,4.0,5.0,2.0,,,15.0,,14.0,6.0,
230597,,,,,,,,446.0,,204.0,,,,,,38.0,12.0,17.0,22.0,,,54.0,,33.0,,
230603,,,,,,,,1014.0,,385.0,,,,,,77.0,46.0,27.0,84.0,5.0,,32.0,,43.0,51.0,43.0
230621,,,,,,,,28.0,,11.0,,,,,,4.0,2.0,0.0,,2.0,,,3.0,1.0,,
230630,,,,,,,,18.0,,9.0,,,,,,2.0,1.0,0.0,,,,,,,,
230676,,,,,,,,114.0,,62.0,,,,,,14.0,3.0,2.0,,,,8.0,,16.0,,
230728,,,,,,,,3513.0,,1026.0,27.0,68.0,,,,325.0,239.0,322.0,357.0,28.0,,198.0,4.0,607.0,148.0,27.0
230737,,,,,,,,2748.0,,1029.0,,70.0,,,,428.0,79.0,180.0,110.0,10.0,,164.0,5.0,285.0,59.0,25.0
230746,,,,,,,,1983.0,,723.0,,,,,,143.0,86.0,118.0,240.0,8.0,,135.0,2.0,322.0,65.0,4.0
230764,,,,,,,,13548.0,,2382.0,963.0,885.0,,,,1298.0,1057.0,1213.0,578.0,1284.0,,937.0,109.0,1847.0,310.0,102.0
230782,,,,,,,,1755.0,,728.0,,,,,,200.0,59.0,97.0,44.0,10.0,,129.0,5.0,329.0,29.0,4.0
230807,,,,,,,,525.0,,277.0,,,,,,68.0,17.0,15.0,32.0,6.0,,19.0,14.0,32.0,9.0,10.0
230816,,,,,,,,298.0,,79.0,,,,,,43.0,12.0,7.0,28.0,1.0,,46.0,,42.0,13.0,1.0
230834,,,,,,,,287.0,,121.0,,,,,,37.0,3.0,5.0,24.0,4.0,,34.0,,25.0,11.0,
230852,,,,,,,,479.0,,211.0,,,,,,81.0,43.0,24.0,46.0,3.0,,7.0,1.0,31.0,10.0,
230861,,,,,,,,311.0,,163.0,,,,,,73.0,1.0,6.0,5.0,,,,,45.0,,
230889,,,,,,,,78.0,,19.0,,2.0,,,,21.0,4.0,1.0,3.0,,,9.0,5.0,6.0,,
230913,,,,,,,,312.0,,139.0,,,,,,27.0,4.0,5.0,20.0,2.0,,34.0,,32.0,16.0,1.0
230940,,,,,,,,101.0,,41.0,,,,,,21.0,3.0,4.0,8.0,,,8.0,,11.0,1.0,
230959,,,,,,,,1136.0,,328.0,,0.0,,,,111.0,83.0,58.0,52.0,11.0,,201.0,1.0,166.0,47.0,17.0
230977,,,,,,,,13.0,,4.0,,,,,,1.0,1.0,,,,,2.0,,1.0,,
230995,,,,,,,,678.0,,244.0,1.0,,,,,70.0,35.0,28.0,61.0,4.0,,68.0,3.0,105.0,13.0,5.0
231004,,,,,,,,12.0,,7.0,,,,,,2.0,1.0,,,,,,,2.0,,
231059,,,,,,,,390.0,,151.0,,2.0,,,,40.0,18.0,16.0,38.0,3.0,,49.0,1.0,32.0,13.0,2.0
231068,,,,,,,,90.0,,13.0,,,,,,13.0,11.0,10.0,8.0,1.0,,3.0,6.0,8.0,5.0,
231095,,,,,,,,47.0,,18.0,,,,,,9.0,2.0,,1.0,,,4.0,,4.0,4.0,
231147,,,,,,,,141.0,,59.0,2.0,,,,,7.0,5.0,11.0,9.0,,,,,17.0,4.0,
231156,,,,,,,,33.0,,,,,,,,14.0,4.0,9.0,3.0,,,,,3.0,,
231165,,,,,,,,270.0,,128.0,,,,,,59.0,3.0,7.0,8.0,,,23.0,,17.0,8.0,
231174,,,,,,,,3852.0,,1351.0,134.0,11.0,,,,93.0,280.0,446.0,167.0,40.0,,268.0,8.0,537.0,125.0,19.0
231280,,,,,,,,12.0,,6.0,,,,,,,1.0,,,,,,1.0,3.0,,
231411,,,,,,,,51.0,,27.0,,,,,,4.0,1.0,1.0,,,,2.0,,2.0,,
231420,,,,,,,,210.0,,65.0,,,,,,25.0,13.0,19.0,31.0,4.0,,8.0,2.0,23.0,5.0,
231536,,,,,,,,239.0,,109.0,,,,,,48.0,10.0,18.0,6.0,,,1.0,,20.0,5.0,
231554,,,,,,,,163.0,,66.0,,,,,,9.0,7.0,3.0,27.0,,,3.0,,5.0,,
231581,,,,,,,,355.0,,128.0,,,,,,36.0,6.0,14.0,57.0,7.0,,20.0,,41.0,16.0,1.0
231624,,,,,,,,2609.0,,776.0,38.0,,,,,100.0,272.0,350.0,172.0,38.0,,251.0,5.0,298.0,84.0,15.0
231651,,,,,,,,623.0,,154.0,,,,,,31.0,44.0,27.0,133.0,,,19.0,,34.0,9.0,
231688,,,,,,,,9.0,,3.0,,,,,,1.0,2.0,,,1.0,,,,2.0,,
231697,,,,,,,,235.0,,114.0,,,,,,35.0,8.0,7.0,5.0,0.0,,10.0,,30.0,9.0,
231712,,,,,,,,1131.0,,348.0,3.0,,,,,108.0,105.0,50.0,61.0,5.0,,244.0,2.0,106.0,46.0,4.0
231721,,,,,,,,11.0,,2.0,,,,,,2.0,2.0,,,,,,1.0,2.0,,
231785,,,,,,,,227.0,,85.0,,,,,,20.0,3.0,5.0,61.0,,,4.0,3.0,23.0,,
231873,,,,,,,,95.0,,43.0,,,,,,26.0,3.0,3.0,1.0,,,1.0,,11.0,3.0,
231882,,,,,,,,161.0,,76.0,,,,,,27.0,5.0,6.0,1.0,1.0,,1.0,1.0,24.0,4.0,
231970,,,,,,,,1223.0,,255.0,53.0,53.0,,,,146.0,77.0,51.0,32.0,111.0,,80.0,7.0,255.0,13.0,9.0
232016,,,,,,,,26.0,,9.0,,,,,,6.0,,,,,,,,11.0,,
232025,,,,,,,,286.0,,127.0,,,,,,30.0,13.0,5.0,49.0,8.0,,11.0,1.0,25.0,8.0,0.0
232043,,,,,,,,322.0,,127.0,1.0,,,,,22.0,21.0,15.0,33.0,3.0,,25.0,12.0,51.0,7.0,1.0
232052,,,,,,,,66.0,,20.0,,,,,,20.0,5.0,2.0,1.0,,,3.0,,5.0,3.0,
232089,,,,,,,,260.0,,64.0,,,,,,42.0,16.0,10.0,45.0,5.0,,29.0,,17.0,9.0,5.0
232186,,,,,,,,4703.0,,1834.0,177.0,,,,,302.0,527.0,383.0,315.0,32.0,,174.0,6.0,409.0,192.0,12.0
232195,,,,,,,,369.0,,181.0,,,,,,65.0,8.0,16.0,9.0,1.0,,14.0,,31.0,9.0,
232256,,,,,,,,357.0,,106.0,,,,,,66.0,2.0,12.0,30.0,1.0,,66.0,,40.0,24.0,
232265,,,,,,,,1023.0,,297.0,,,,,,96.0,65.0,33.0,44.0,60.0,,61.0,,72.0,170.0,9.0
232308,,,,,,,,280.0,,100.0,,,,,,39.0,9.0,10.0,9.0,1.0,,30.0,6.0,37.0,18.0,
232414,,,,,,,,532.0,,231.0,,,,,,84.0,19.0,16.0,7.0,,,38.0,,64.0,13.0,2.0
232423,,,,,,,,3454.0,,1215.0,,,,,,353.0,125.0,266.0,283.0,48.0,,349.0,3.0,453.0,173.0,83.0
232450,,,,,,,,413.0,,215.0,,,,,,63.0,12.0,10.0,6.0,,,18.0,2.0,38.0,13.0,
232557,,,,,,,,5367.0,,1619.0,,,,,,200.0,387.0,455.0,669.0,14.0,,572.0,7.0,199.0,10.0,81.0
232566,,,,,,,,818.0,,287.0,,,,,,110.0,45.0,48.0,77.0,6.0,,44.0,2.0,87.0,40.0,15.0
232575,,,,,,,,352.0,,169.0,,,,,,64.0,25.0,17.0,3.0,0.0,,13.0,,34.0,13.0,1.0
232609,,,,,,,,593.0,,222.0,,,,,,39.0,34.0,19.0,71.0,6.0,,103.0,4.0,60.0,,4.0
232618,,,,,,,,52.0,,39.0,,,,,,3.0,1.0,1.0,,,,1.0,,3.0,,
232672,,,,,,,,433.0,,191.0,,,,,,41.0,13.0,11.0,50.0,3.0,,62.0,,32.0,8.0,
232681,,,,,,,,795.0,,302.0,,,,,,83.0,51.0,47.0,56.0,7.0,,70.0,1.0,72.0,39.0,9.0
232706,,,,,,,,483.0,,239.0,,,,,,38.0,33.0,20.0,38.0,3.0,,15.0,,39.0,7.0,
232724,,,,,,,,4.0,,3.0,,,,,,1.0,,,,,,,,,,
232788,,,,,,,,172.0,,69.0,,,,,,38.0,2.0,6.0,2.0,,,12.0,1.0,27.0,5.0,1.0
232797,,,,,,,,57.0,,15.0,,,,,,7.0,,,,,,,17.0,16.0,2.0,
232867,,,,,,,,181.0,,88.0,,,,,,35.0,2.0,11.0,7.0,,,,,24.0,5.0,
232885,,,,,,,,79.0,,48.0,,,,,,10.0,1.0,4.0,4.0,0.0,,,,3.0,0.0,
232919,,,,,,,,65.0,,26.0,,,,,,13.0,,,,,,,,27.0,,
232937,,,,,,,,1107.0,,291.0,,,,,,204.0,54.0,32.0,59.0,,,131.0,2.0,161.0,39.0,11.0
232946,,,,,,,,2318.0,,1125.0,,,,,,397.0,89.0,44.0,37.0,1.0,,52.0,,292.0,55.0,2.0
232982,,,,,,,,2805.0,,1062.0,23.0,,,,,159.0,229.0,225.0,248.0,24.0,,246.0,,340.0,67.0,23.0
233019,,,,,,,,222.0,,93.0,,,,,,34.0,8.0,7.0,4.0,,,6.0,,22.0,5.0,2.0
233037,,,,,,,,104.0,,43.0,,,,,,31.0,3.0,3.0,1.0,,,2.0,,14.0,3.0,
233082,,,,,,,,31.0,,14.0,,,,,,8.0,3.0,1.0,,,,,,1.0,,
233116,,,,,,,,284.0,,145.0,,,,,,53.0,3.0,10.0,11.0,,,6.0,,30.0,5.0,
233277,,,,,,,,1552.0,,627.0,,,,,,176.0,71.0,71.0,118.0,15.0,,142.0,9.0,179.0,54.0,14.0
233286,,,,,,,,17.0,,11.0,,,,,,2.0,1.0,,,,,,1.0,,,
233295,,,,,,,,407.0,,132.0,,,,,,41.0,25.0,16.0,53.0,6.0,,51.0,,31.0,9.0,
233301,,,,,,,,252.0,,69.0,,,,,,27.0,16.0,14.0,39.0,2.0,,32.0,,28.0,9.0,4.0
233310,,,,,,,,180.0,,77.0,,,,,,41.0,6.0,4.0,3.0,,,6.0,,21.0,6.0,
233329,,,,,,,,30.0,,16.0,,,,,,9.0,1.0,,,,,,3.0,,,
233338,,,,,,,,152.0,,47.0,,,,,,15.0,3.0,6.0,9.0,,,21.0,,19.0,7.0,1.0
233356,,,,,,,,80.0,,33.0,,,,,,17.0,4.0,5.0,7.0,,,2.0,,7.0,,
233374,,,,,,,,1701.0,,483.0,6.0,,,,,153.0,133.0,71.0,118.0,16.0,,296.0,8.0,204.0,65.0,6.0
233408,,,,,,,,53.0,,30.0,,,,,,12.0,4.0,2.0,,,,,,3.0,,
233426,,,,,,,,453.0,,178.0,,,,,,42.0,23.0,13.0,35.0,3.0,,62.0,2.0,65.0,15.0,0.0
233480,,,,,,,,7.0,,5.0,,,,,,1.0,,,,,,,,1.0,,
233541,,,,,,,,790.0,,347.0,,,,,,77.0,29.0,32.0,76.0,6.0,,48.0,,98.0,14.0,1.0
233602,,,,,,,,27.0,,8.0,,,,,,2.0,1.0,,,,,8.0,3.0,3.0,,
233611,,,,,,,,207.0,,78.0,,,,,,5.0,4.0,4.0,46.0,2.0,,13.0,10.0,12.0,1.0,1.0
233639,,,,,,,,212.0,,91.0,,,,,,42.0,4.0,7.0,5.0,,,13.0,,22.0,6.0,
233648,,,,,,,,192.0,,66.0,,,,,,41.0,24.0,7.0,2.0,,,9.0,,32.0,4.0,
233666,,,,,,,,15.0,,4.0,,,,,,2.0,2.0,,,,,3.0,1.0,2.0,,
233684,,,,,,,,151.0,,52.0,,,,,,26.0,,1.0,,,,,27.0,,,
233718,,,,,,,,194.0,,45.0,,,,,,18.0,3.0,9.0,19.0,,,42.0,,40.0,8.0,
233754,,,,,,,,442.0,,217.0,,,,,,65.0,11.0,15.0,12.0,0.0,,9.0,,52.0,14.0,
233772,,,,,,,,1136.0,,536.0,,,,,,179.0,33.0,45.0,29.0,0.0,,75.0,,114.0,39.0,5.0
233842,,,,,,,,87.0,,24.0,,,,,,21.0,2.0,1.0,2.0,,,8.0,,13.0,2.0,
233897,,,,,,,,354.0,,130.0,1.0,0.0,,,,46.0,15.0,11.0,48.0,4.0,,37.0,2.0,39.0,15.0,1.0
233903,,,,,,,,151.0,,80.0,,,,,,27.0,2.0,4.0,2.0,,,8.0,,13.0,5.0,
233921,,,,,,,,8330.0,,2164.0,668.0,183.0,,,,216.0,1570.0,725.0,218.0,117.0,,597.0,,1278.0,396.0,63.0
233949,,,,,,,,332.0,,138.0,,,,,,71.0,28.0,20.0,5.0,1.0,,9.0,,28.0,10.0,1.0
234030,,,,,,,,6802.0,,2481.0,290.0,44.0,,,,984.0,375.0,706.0,449.0,158.0,,212.0,2.0,682.0,154.0,28.0
234076,,,,,,,,9924.0,,2454.0,333.0,,,,,1274.0,836.0,1637.0,431.0,112.0,,652.0,24.0,1046.0,712.0,129.0
234085,,,,,,,,607.0,,161.0,,,,,,65.0,31.0,33.0,56.0,13.0,,65.0,7.0,80.0,41.0,36.0
234119,,,,,,,,5.0,,2.0,,,,,,1.0,,,,,,,,2.0,,
234137,,,,,,,,48.0,,10.0,,,,,,2.0,3.0,2.0,6.0,1.0,,3.0,,4.0,1.0,1.0
234155,,,,,,,,882.0,,320.0,30.0,38.0,,,,102.0,66.0,34.0,34.0,5.0,,,,158.0,12.0,2.0
234164,,,,,,,,287.0,,99.0,,,,,,49.0,14.0,4.0,23.0,1.0,,28.0,2.0,31.0,12.0,1.0
234173,,,,,,,,262.0,,103.0,,,,,,19.0,2.0,9.0,34.0,,,19.0,0.0,32.0,,
234207,,,,,,,,941.0,,274.0,,,,,,56.0,61.0,57.0,121.0,9.0,,178.0,9.0,105.0,46.0,
234377,,,,,,,,130.0,,56.0,,,,,,37.0,2.0,2.0,2.0,,,3.0,,17.0,3.0,0.0
234669,,,,,,,,853.0,,356.0,,,,,,170.0,12.0,26.0,5.0,,,51.0,2.0,160.0,45.0,1.0
234696,,,,,,,,233.0,,88.0,,,,,,10.0,6.0,8.0,2.0,2.0,,19.0,,81.0,5.0,
234711,,,,,,,,214.0,,61.0,,,,,,28.0,7.0,9.0,5.0,,,23.0,1.0,34.0,8.0,1.0
234827,,,,,,,,1466.0,,536.0,6.0,3.0,,,,104.0,130.0,97.0,108.0,17.0,,153.0,2.0,221.0,65.0,
234845,,,,,,,,279.0,,103.0,,,,,,52.0,9.0,6.0,23.0,,,23.0,3.0,47.0,4.0,0.0
234915,,,,,,,,282.0,,156.0,,,,,,5.0,16.0,12.0,,,,3.0,,22.0,,
234924,,,,,,,,22.0,,9.0,,,,,,2.0,,,,,,,3.0,7.0,1.0,
234933,,,,,,,,799.0,,332.0,,,,,,57.0,41.0,45.0,27.0,0.0,,73.0,7.0,143.0,15.0,2.0
234951,,,,,,,,277.0,,116.0,,,,,,16.0,34.0,11.0,4.0,2.0,,11.0,2.0,21.0,30.0,1.0
234979,,,,,,,,436.0,,190.0,,,,,,46.0,6.0,11.0,4.0,,,16.0,2.0,123.0,29.0,2.0
235024,,,,,,,,165.0,,81.0,,,,,,21.0,6.0,4.0,10.0,,,5.0,,17.0,3.0,0.0
235088,,,,,,,,41.0,,16.0,,,,,,4.0,5.0,,1.0,,,,4.0,3.0,4.0,
235097,,,,,,,,1423.0,,520.0,,,,,,145.0,55.0,69.0,92.0,10.0,,167.0,6.0,164.0,65.0,18.0
235103,,,,,,,,675.0,,214.0,,,,,,69.0,13.0,26.0,66.0,1.0,,5.0,,214.0,42.0,1.0
235149,,,,,,,,601.0,,241.0,,,,,,87.0,17.0,17.0,17.0,,,34.0,,77.0,14.0,
235158,,,,,,,,19.0,,7.0,,,,,,3.0,3.0,,,,,1.0,2.0,3.0,,
235167,,,,,,,,583.0,,147.0,,,,,,60.0,55.0,56.0,59.0,4.0,,60.0,,73.0,18.0,3.0
235237,,,,,,,,353.0,,85.0,,,,,,46.0,54.0,16.0,5.0,,,30.0,,95.0,6.0,2.0
235307,,,,,,,,15.0,,7.0,,,,,,1.0,1.0,,,,,,,2.0,1.0,
235316,,,,,,,,1474.0,,579.0,,,,,,266.0,86.0,37.0,93.0,5.0,,116.0,,231.0,42.0,7.0
235334,,,,,,,,179.0,,74.0,,,,,,24.0,3.0,7.0,1.0,,,4.0,,47.0,11.0,
235343,,,,,,,,620.0,,286.0,,,,,,134.0,17.0,24.0,7.0,4.0,,34.0,3.0,88.0,2.0,
235352,,,,,,,,7.0,,3.0,,,,,,1.0,,,,,,,1.0,1.0,,
235422,,,,,,,,228.0,,121.0,,,,,,16.0,,8.0,,,,22.0,,59.0,,
235431,,,,,,,,534.0,,225.0,,,,,,120.0,14.0,23.0,49.0,,,35.0,1.0,45.0,2.0,1.0
235501,,,,,,,,42.0,,19.0,,,,,,5.0,2.0,,,,,,9.0,7.0,,
235547,,,,,,,,234.0,,59.0,5.0,,,,,33.0,11.0,7.0,3.0,15.0,,41.0,1.0,36.0,2.0,2.0
235583,,,,,,,,27.0,,7.0,,,,,,3.0,1.0,,,,,1.0,9.0,1.0,,
235671,,,,,,,,283.0,,111.0,,,,,,39.0,4.0,,,0.0,,51.0,,64.0,,
235699,,,,,,,,305.0,,142.0,,,,,,36.0,13.0,4.0,27.0,2.0,,24.0,,34.0,6.0,
235750,,,,,,,,351.0,,108.0,,,,,,46.0,19.0,6.0,3.0,1.0,,6.0,,54.0,16.0,
236018,,,,,,,,11.0,,7.0,,,,,,1.0,,,,,,,,2.0,,
236072,,,,,,,,365.0,,156.0,,,,,,49.0,7.0,11.0,1.0,1.0,,33.0,2.0,66.0,2.0,5.0
236133,,,,,,,,276.0,,110.0,,,,,,25.0,16.0,12.0,19.0,3.0,,,25.0,52.0,1.0,
236188,,,,,,,,469.0,,218.0,,,,,,41.0,19.0,12.0,7.0,7.0,,31.0,,75.0,30.0,
236212,,,,,,,,117.0,,51.0,,,,,,17.0,2.0,4.0,1.0,,,9.0,5.0,26.0,,
236230,,,,,,,,700.0,,249.0,,,,,,97.0,17.0,28.0,64.0,4.0,,93.0,4.0,113.0,9.0,7.0
236258,,,,,,,,199.0,,68.0,,,,,,42.0,6.0,12.0,,7.0,,4.0,,35.0,13.0,
236328,,,,,,,,667.0,,257.0,,,,,,45.0,27.0,44.0,61.0,6.0,,77.0,2.0,73.0,21.0,
236382,,,,,,,,258.0,,115.0,,,,,,38.0,16.0,8.0,12.0,2.0,,29.0,,25.0,,
236452,,,,,,,,298.0,,125.0,,,,,,14.0,20.0,13.0,24.0,5.0,,27.0,,22.0,4.0,
236504,,,,,,,,327.0,,125.0,,,,,,57.0,6.0,11.0,1.0,1.0,,32.0,3.0,59.0,4.0,1.0
236513,,,,,,,,675.0,,257.0,,,,,,130.0,33.0,36.0,2.0,3.0,,49.0,1.0,124.0,1.0,6.0
236577,,,,,,,,686.0,,274.0,,,,,,46.0,16.0,32.0,,3.0,,41.0,,258.0,,
236595,,,,,,,,1468.0,,601.0,,,,,,101.0,163.0,74.0,201.0,13.0,,85.0,,126.0,24.0,
236610,,,,,,,,449.0,,202.0,,,,,,59.0,10.0,15.0,3.0,1.0,,25.0,2.0,82.0,23.0,2.0
236638,,,,,,,,444.0,,138.0,,,,,,65.0,13.0,13.0,3.0,1.0,,29.0,3.0,53.0,7.0,
236656,,,,,,,,367.0,,142.0,,,,,,87.0,11.0,16.0,2.0,,,7.0,,55.0,29.0,
236692,,,,,,,,767.0,,396.0,,,,,,40.0,13.0,11.0,26.0,1.0,,88.0,,59.0,52.0,
236708,,,,,,,,420.0,,197.0,,,,,,21.0,4.0,1.0,17.0,,,44.0,3.0,34.0,42.0,
236744,,,,,,,,8.0,,3.0,,,,,,1.0,1.0,,1.0,,,,,1.0,,
236753,,,,,,,,645.0,,286.0,,,,,,70.0,15.0,23.0,47.0,3.0,,46.0,3.0,116.0,14.0,2.0
236887,,,,,,,,370.0,,161.0,,,,,,36.0,15.0,13.0,20.0,1.0,,20.0,3.0,57.0,8.0,
236896,,,,,,,,289.0,,120.0,,,,,,35.0,11.0,13.0,3.0,1.0,,18.0,,42.0,9.0,
236939,,,,,,,,6181.0,,1503.0,325.0,90.0,,,,340.0,763.0,790.0,574.0,180.0,,482.0,6.0,495.0,237.0,60.0
236948,,,,,,,,18307.0,,4752.0,3205.0,,,,,789.0,2734.0,1189.0,507.0,1464.0,,918.0,2.0,1093.0,358.0,140.0
236975,,,,,,,,277.0,,127.0,,,,,,26.0,7.0,11.0,34.0,1.0,,14.0,,38.0,7.0,
237011,,,,,,,,1915.0,,769.0,,,,,,73.0,178.0,168.0,63.0,28.0,,42.0,,417.0,75.0,16.0
237039,,,,,,,,351.0,,148.0,,,,,,59.0,6.0,7.0,1.0,,,34.0,7.0,57.0,6.0,
237057,,,,,,,,528.0,,218.0,5.0,,,,,62.0,19.0,28.0,25.0,8.0,,52.0,1.0,60.0,15.0,2.0
237066,,,,,,,,553.0,,225.0,,,,,,62.0,29.0,28.0,64.0,6.0,,53.0,1.0,55.0,13.0,4.0
237109,,,,,,,,423.0,,192.0,,,,,,33.0,13.0,3.0,2.0,,,8.0,4.0,108.0,32.0,
237118,,,,,,,,207.0,,64.0,,,,,,15.0,6.0,5.0,31.0,7.0,,30.0,,37.0,,
237127,,,,,,,,4.0,,1.0,,,,,,1.0,,,,,,,,2.0,,
237136,,,,,,,,58.0,,22.0,,,,,,14.0,,,3.0,,,3.0,,11.0,2.0,
237145,,,,,,,,4.0,,3.0,,,,,,,,,,,,,,1.0,,
237172,,,,,,,,15.0,,6.0,,,,,,,,,,1.0,,4.0,,2.0,,
237181,,,,,,,,162.0,,52.0,,,,,,9.0,8.0,4.0,28.0,1.0,,27.0,2.0,8.0,12.0,1.0
237215,,,,,,,,164.0,,82.0,,,,,,25.0,7.0,5.0,10.0,0.0,,8.0,,20.0,3.0,
237242,,,,,,,,30.0,,16.0,,,,,,,,,1.0,3.0,,5.0,,1.0,2.0,
237303,,,,,,,,9.0,,6.0,,,,,,1.0,0.0,,,,,,,1.0,1.0,
237312,,,,,,,,371.0,,145.0,,,,,,37.0,5.0,13.0,37.0,,,59.0,1.0,23.0,,
237321,,,,,,,,9.0,,4.0,,,,,,2.0,2.0,,,,,,,1.0,,
237330,,,,,,,,269.0,,121.0,,,,,,27.0,6.0,9.0,26.0,5.0,,14.0,,41.0,14.0,1.0
237358,,,,,,,,185.0,,62.0,0.0,,,,,8.0,6.0,4.0,25.0,5.0,,19.0,5.0,15.0,,2.0
237367,,,,,,,,433.0,,203.0,,,,,,72.0,8.0,20.0,40.0,,,20.0,,41.0,15.0,
237385,,,,,,,,220.0,,72.0,,,,,,17.0,14.0,6.0,30.0,4.0,,21.0,,23.0,9.0,5.0
237437,,,,,,,,30.0,,15.0,,,,,,2.0,1.0,1.0,,,,1.0,1.0,8.0,,
237473,,,,,,,,16.0,,12.0,,,,,,1.0,,,,,,,,1.0,,
237491,,,,,,,,22.0,,17.0,,,,,,1.0,,,,,,2.0,,1.0,,
237525,,,,,,,,1848.0,,921.0,2.0,0.0,,,,108.0,103.0,93.0,177.0,1.0,,126.0,,149.0,73.0,
237543,,,,,,,,16.0,,6.0,,,,,,2.0,1.0,,,,,3.0,,1.0,,
237552,,,,,,,,21.0,,6.0,,,,,,3.0,2.0,,,,,5.0,1.0,1.0,3.0,
237561,,,,,,,,24.0,,8.0,,,,,,4.0,1.0,,,,,3.0,,3.0,,
237570,,,,,,,,12.0,,8.0,,,,,,1.0,1.0,1.0,0.0,,,0.0,,1.0,,
237598,,,,,,,,9.0,,2.0,,,,,,2.0,,,,,,,,2.0,,
237640,,,,,,,,84.0,,29.0,,,,,,9.0,2.0,1.0,14.0,2.0,,5.0,8.0,5.0,2.0,1.0
237686,,,,,,,,239.0,,104.0,,,,,,27.0,3.0,7.0,14.0,,,26.0,,41.0,8.0,1.0
237701,,,,,,,,170.0,,60.0,,,,,,18.0,2.0,4.0,16.0,2.0,,31.0,,20.0,10.0,1.0
237729,,,,,,,,12.0,,10.0,,,,,,1.0,,,,,,,,1.0,,
237783,,,,,,,,133.0,,44.0,,,,,,13.0,6.0,2.0,19.0,,,4.0,13.0,8.0,10.0,
237792,,,,,,,,455.0,,189.0,,1.0,,,,55.0,20.0,15.0,38.0,4.0,,43.0,,53.0,14.0,
237817,,,,,,,,162.0,,66.0,,,,,,27.0,5.0,6.0,15.0,,,4.0,,27.0,8.0,
237844,,,,,,,,76.0,,23.0,,,,,,19.0,2.0,1.0,,5.0,,22.0,,4.0,,
237880,,,,,,,,287.0,,58.0,7.0,,,,,48.0,13.0,34.0,26.0,3.0,,29.0,,45.0,11.0,
237899,,,,,,,,323.0,,145.0,,,,,,45.0,6.0,5.0,30.0,2.0,,16.0,,52.0,16.0,1.0
237905,,,,,,,,11.0,,10.0,,,,,,1.0,,,,,,,,,,
237932,,,,,,,,333.0,,169.0,,,,,,30.0,8.0,5.0,44.0,5.0,,16.0,,33.0,12.0,
237950,,,,,,,,239.0,,99.0,,,,,,30.0,3.0,6.0,31.0,3.0,,23.0,,27.0,14.0,
237969,,,,,,,,257.0,,82.0,,,,,,31.0,6.0,8.0,41.0,6.0,,37.0,1.0,18.0,10.0,2.0
237987,,,,,,,,19.0,,7.0,,,,,,3.0,1.0,1.0,,,,,3.0,4.0,,
237996,,,,,,,,48.0,,24.0,,,,,,3.0,3.0,4.0,,,,,9.0,5.0,,
238005,,,,,,,,14.0,,6.0,,,,,,2.0,1.0,,,,,,,2.0,,
238014,,,,,,,,150.0,,69.0,,,,,,17.0,6.0,8.0,6.0,,,10.0,,24.0,4.0,
238032,,,,,,,,5916.0,,1523.0,82.0,983.0,,,,693.0,248.0,444.0,430.0,70.0,,488.0,3.0,538.0,275.0,39.0
238078,,,,,,,,176.0,,67.0,0.0,3.0,,,,12.0,7.0,4.0,21.0,5.0,,11.0,,16.0,,3.0
238096,,,,,,,,4.0,,3.0,,,,,,,,,,,,,,1.0,,
238175,,,,,,,,22.0,,9.0,,,,,,1.0,1.0,1.0,1.0,,,3.0,,6.0,,
238193,,,,,,,,333.0,,138.0,,,,,,70.0,7.0,17.0,29.0,1.0,,10.0,,25.0,2.0,1.0
238263,,,,,,,,1394.0,,721.0,,,,,,105.0,67.0,62.0,89.0,,,92.0,,172.0,,
238324,,,,,,,,73.0,,23.0,,,,,,14.0,1.0,4.0,3.0,,,1.0,,10.0,1.0,
238333,,,,,,,,297.0,,101.0,,,,,,47.0,22.0,11.0,21.0,2.0,,40.0,,35.0,10.0,
238397,,,,,,,,334.0,,156.0,,,,,,33.0,16.0,14.0,19.0,,,12.0,,38.0,5.0,3.0
238430,,,,,,,,270.0,,119.0,,,,,,43.0,9.0,8.0,19.0,1.0,,10.0,,50.0,,
238458,,,,,,,,507.0,,224.0,,,,,,47.0,17.0,21.0,58.0,6.0,,37.0,,46.0,9.0,1.0
238476,,,,,,,,467.0,,219.0,1.0,,,,,52.0,25.0,15.0,61.0,1.0,,38.0,,36.0,8.0,
238573,,,,,,,,20.0,,13.0,,,,,,1.0,1.0,1.0,,,,,,1.0,,
238616,,,,,,,,754.0,,391.0,1.0,,,,,92.0,20.0,24.0,62.0,12.0,,39.0,28.0,72.0,2.0,
238661,,,,,,,,416.0,,181.0,,,,,,41.0,21.0,20.0,53.0,4.0,,36.0,,20.0,,
238722,,,,,,,,1053.0,,554.0,,,,,,126.0,30.0,69.0,9.0,,,30.0,,136.0,8.0,
238759,,,,,,,,761.0,,365.0,,,,,,62.0,24.0,46.0,58.0,2.0,,38.0,,99.0,9.0,8.0
238810,,,,,,,,6.0,,5.0,,,,,,0.0,0.0,,,,,,,0.0,,
238980,,,,,,,,283.0,,101.0,,,,,,45.0,9.0,6.0,25.0,,,51.0,,7.0,,0.0
239008,,,,,,,,288.0,,126.0,,,,,,54.0,7.0,17.0,10.0,2.0,,9.0,,48.0,,
239017,,,,,,,,507.0,,185.0,,,,,,50.0,28.0,30.0,44.0,2.0,,54.0,,53.0,12.0,1.0
239071,,,,,,,,145.0,,50.0,1.0,,,,,24.0,,5.0,5.0,2.0,,14.0,0.0,20.0,6.0,1.0
239080,,,,,,,,222.0,,115.0,,,,,,38.0,5.0,4.0,37.0,,,3.0,,17.0,,
239105,,,,,,,,2464.0,,879.0,35.0,13.0,,,,86.0,233.0,151.0,280.0,32.0,,312.0,3.0,303.0,53.0,8.0
239169,,,,,,,,5631.0,,1854.0,,,,,,539.0,730.0,536.0,9.0,747.0,,272.0,,910.0,21.0,
239220,,,,,,,,257.0,,122.0,,,,,,37.0,10.0,14.0,21.0,,,11.0,,28.0,,
239248,,,,,,,,1506.0,,724.0,,,,,,116.0,37.0,38.0,65.0,,,159.0,12.0,140.0,14.0,11.0
239309,,,,,,,,164.0,,78.0,,,,,,24.0,9.0,5.0,17.0,,,10.0,,7.0,2.0,
239318,,,,,,,,449.0,,195.0,,,,,,37.0,20.0,37.0,38.0,2.0,,46.0,,29.0,14.0,
239372,,,,,,,,446.0,,184.0,,,,,,72.0,12.0,7.0,7.0,,,25.0,3.0,109.0,5.0,1.0
239390,,,,,,,,224.0,,103.0,,,,,,35.0,9.0,9.0,20.0,,,6.0,,17.0,5.0,
239424,,,,,,,,29.0,,10.0,,,,,,3.0,1.0,1.0,1.0,,,4.0,1.0,2.0,2.0,
239442,,,,,,,,195.0,,69.0,,,,,,26.0,9.0,10.0,13.0,,,7.0,,23.0,3.0,0.0
239460,,,,,,,,417.0,,191.0,,,,,,49.0,35.0,8.0,15.0,,,18.0,3.0,47.0,6.0,
239488,,,,,,,,832.0,,370.0,2.0,,,,,64.0,55.0,47.0,40.0,4.0,,8.0,12.0,172.0,17.0,1.0
239512,,,,,,,,138.0,,54.0,3.0,0.0,,,,19.0,5.0,6.0,20.0,3.0,,2.0,,8.0,,
239628,,,,,,,,165.0,,62.0,,,,,,21.0,13.0,6.0,34.0,,,7.0,,15.0,,
239637,,,,,,,,42.0,,14.0,,,,,,7.0,3.0,2.0,,,,5.0,,5.0,,
239716,,,,,,,,592.0,,148.0,,,,,,62.0,37.0,20.0,58.0,3.0,,135.0,,74.0,15.0,3.0
239743,,,,,,,,76.0,,32.0,,,,,,12.0,6.0,,12.0,,,4.0,,4.0,3.0,
239877,,,,,,,,7.0,,3.0,,,,,,1.0,2.0,,,,,,,0.0,,
239910,,,,,,,,218.0,,93.0,3.0,1.0,,,,16.0,12.0,10.0,,,,44.0,12.0,4.0,18.0,
240107,,,,,,,,375.0,,169.0,,,,,,32.0,14.0,9.0,56.0,,,23.0,,34.0,7.0,
240116,,,,,,,,545.0,,288.0,,8.0,,,,42.0,19.0,27.0,36.0,3.0,,21.0,1.0,74.0,12.0,
240125,,,,,,,,654.0,,377.0,,,,,,61.0,18.0,13.0,33.0,1.0,,16.0,1.0,86.0,18.0,
240170,,,,,,,,633.0,,283.0,,,,,,64.0,1.0,17.0,3.0,,,44.0,1.0,217.0,1.0,
240189,,,,,,,,1251.0,,572.0,1.0,,,,,79.0,54.0,57.0,153.0,8.0,,119.0,,128.0,34.0,12.0
240198,,,,,,,,534.0,,326.0,,,,,,48.0,7.0,7.0,24.0,3.0,,20.0,3.0,60.0,,
240213,,,,,,,,11.0,,5.0,,,,,,3.0,,,,,,,,3.0,,
240268,,,,,,,,1152.0,,467.0,2.0,,,,,66.0,66.0,84.0,168.0,8.0,,102.0,,112.0,30.0,11.0
240277,,,,,,,,724.0,,280.0,2.0,,,,,54.0,28.0,50.0,115.0,2.0,,63.0,,74.0,20.0,6.0
240329,,,,,,,,1213.0,,535.0,,,,,,86.0,57.0,58.0,128.0,15.0,,146.0,,114.0,31.0,7.0
240338,,,,,,,,177.0,,82.0,,,,,,31.0,8.0,4.0,19.0,0.0,,3.0,,7.0,,
240365,,,,,,,,1279.0,,488.0,,,,,,106.0,62.0,61.0,223.0,6.0,,111.0,1.0,141.0,28.0,8.0
240374,,,,,,,,491.0,,189.0,,,,,,42.0,35.0,25.0,60.0,3.0,,40.0,,58.0,14.0,8.0
240392,,,,,,,,465.0,,171.0,,,,,,25.0,13.0,16.0,,,,1.0,9.0,8.0,,
240417,,,,,,,,1017.0,,383.0,,,,,,73.0,63.0,68.0,114.0,11.0,,104.0,,122.0,31.0,14.0
240426,,,,,,,,347.0,,123.0,1.0,,,,,40.0,28.0,25.0,52.0,,,6.0,,38.0,11.0,7.0
240435,,,,,,,,577.0,,,,,,,,120.0,120.0,212.0,68.0,,,,,50.0,,
240444,,,,,,,,16811.0,,3967.0,1199.0,125.0,,,,800.0,1793.0,3382.0,1577.0,560.0,,1215.0,2.0,1169.0,489.0,141.0
240453,,,,,,,,3188.0,,1268.0,68.0,,,,,192.0,272.0,282.0,407.0,17.0,,243.0,1.0,280.0,65.0,27.0
240462,,,,,,,,980.0,,351.0,1.0,,,,,86.0,64.0,70.0,99.0,6.0,,115.0,,128.0,18.0,10.0
240471,,,,,,,,637.0,,267.0,,,,,,56.0,35.0,44.0,78.0,1.0,,40.0,,66.0,22.0,8.0
240480,,,,,,,,1071.0,,372.0,4.0,,,,,77.0,57.0,75.0,140.0,10.0,,133.0,,105.0,41.0,11.0
240505,,,,,,,,411.0,,175.0,,,,,,33.0,11.0,14.0,26.0,3.0,,47.0,,54.0,14.0,
240514,,,,,,,,244.0,,75.0,,,,,,28.0,4.0,8.0,28.0,1.0,,34.0,,29.0,6.0,0.0
240596,,,,,,,,147.0,,58.0,1.0,2.0,,,,20.0,5.0,3.0,5.0,,,25.0,2.0,12.0,3.0,1.0
240620,,,,,,,,455.0,,166.0,,,,,,46.0,15.0,16.0,24.0,1.0,,42.0,,50.0,10.0,2.0
240657,,,,,,,,184.0,,76.0,,,,,,16.0,5.0,6.0,14.0,0.0,,20.0,,26.0,9.0,1.0
240666,,,,,,,,383.0,,163.0,,,,,,33.0,16.0,19.0,19.0,2.0,,53.0,,27.0,1.0,5.0
240693,,,,,,,,351.0,,154.0,,,,,,31.0,2.0,19.0,23.0,1.0,,35.0,2.0,48.0,6.0,2.0
240709,,,,,,,,13.0,,7.0,,,,,,2.0,1.0,1.0,,,,,,1.0,,
240718,,,,,,,,71.0,,18.0,,,,,,12.0,3.0,1.0,,,,5.0,28.0,2.0,,
240727,,,,,,,,2816.0,,724.0,180.0,104.0,,,,119.0,260.0,190.0,256.0,100.0,,246.0,13.0,239.0,110.0,76.0
240736,,,,,,,,284.0,,91.0,10.0,6.0,,,,19.0,19.0,20.0,9.0,,,25.0,3.0,17.0,18.0,
240745,,,,,,,,265.0,,85.0,,,,,,31.0,22.0,10.0,1.0,1.0,,,1.0,43.0,9.0,
240754,,,,,,,,634.0,,192.0,25.0,13.0,,,,35.0,34.0,49.0,77.0,3.0,,24.0,2.0,94.0,35.0,1.0
240790,,,,,,,,169.0,,41.0,,7.0,,,,22.0,,8.0,11.0,,,,1.0,66.0,2.0,
240879,,,,,,,,32.0,,5.0,,,,,,3.0,6.0,1.0,,,,6.0,3.0,3.0,2.0,
240985,,,,,,,,26.0,,6.0,,,,,,3.0,1.0,,,,,6.0,3.0,4.0,,
241100,,,,,,,,83.0,,21.0,,,,,,19.0,1.0,4.0,1.0,,,6.0,,23.0,,3.0
241128,,,,,,,,55.0,,22.0,,,,,,3.0,,2.0,1.0,,,9.0,,11.0,,3.0
241146,,,,,,,,76.0,,31.0,,,,,,9.0,3.0,,,,,1.0,12.0,14.0,4.0,
241182,,,,,,,,51.0,,15.0,,,,,,4.0,2.0,2.0,3.0,,,4.0,5.0,4.0,,1.0
241191,,,,,,,,153.0,,56.0,,,,,,32.0,4.0,3.0,1.0,1.0,,14.0,,33.0,6.0,
241216,,,,,,,,114.0,,71.0,,,,,,3.0,,4.0,2.0,,,2.0,,9.0,,
241225,,,,,,,,152.0,,59.0,,,,,,21.0,7.0,7.0,9.0,1.0,,,5.0,15.0,6.0,1.0
241304,,,,,,,,118.0,,53.0,,,,,,27.0,1.0,3.0,9.0,,,2.0,3.0,4.0,2.0,
241331,,,,,,,,243.0,,105.0,,,,,,58.0,6.0,9.0,,,,,3.0,40.0,6.0,
241377,,,,,,,,137.0,,62.0,,,,,,17.0,6.0,4.0,11.0,,,1.0,1.0,22.0,2.0,
241386,,,,,,,,33.0,,21.0,,,,,,1.0,,1.0,1.0,,,,1.0,5.0,,
241395,,,,,,,,84.0,,35.0,,,,,,14.0,,5.0,1.0,1.0,,3.0,0.0,16.0,2.0,1.0
241410,,,,,,,,801.0,,269.0,,7.0,,,,103.0,15.0,37.0,32.0,6.0,,59.0,8.0,203.0,18.0,4.0
241517,,,,,,,,62.0,,18.0,,,,,,15.0,12.0,,2.0,,,6.0,2.0,4.0,1.0,1.0
241614,,,,,,,,61.0,,34.0,,,,,,10.0,3.0,,,,,,,4.0,1.0,
241720,,,,,,,,131.0,,59.0,,,,,,10.0,5.0,7.0,2.0,2.0,,14.0,,17.0,1.0,
241739,,,,,,,,851.0,,406.0,,,,,,85.0,,14.0,5.0,2.0,,23.0,1.0,268.0,,1.0
241766,,,,,,,,130.0,,58.0,,,,,,15.0,1.0,1.0,7.0,,,,,23.0,10.0,
241793,,,,,,,,32.0,,9.0,,,,,,1.0,1.0,,1.0,,,4.0,1.0,3.0,2.0,
241836,,,,,,,,106.0,,30.0,,,,,,16.0,5.0,3.0,2.0,,,14.0,5.0,11.0,8.0,
241906,,,,,,,,38.0,,19.0,,,,,,1.0,1.0,,,,,3.0,,12.0,2.0,
241951,,,,,,,,79.0,,37.0,1.0,1.0,,,,11.0,2.0,2.0,3.0,,,5.0,,9.0,2.0,
242042,,,,,,,,65.0,,47.0,,,,,,1.0,,,2.0,,,,,9.0,3.0,
242060,,,,,,,,276.0,,,,,,,,92.0,40.0,34.0,4.0,,,1.0,,90.0,3.0,4.0
242112,,,,,,,,113.0,,56.0,,,,,,23.0,3.0,3.0,1.0,,,4.0,7.0,8.0,4.0,1.0
242121,,,,,,,,57.0,,35.0,,,,,,5.0,2.0,1.0,,,,,,1.0,2.0,
242130,,,,,,,,28.0,,13.0,,,,,,1.0,,1.0,1.0,,,,3.0,5.0,1.0,
242149,,,,,,,,35.0,,18.0,,,,,,2.0,,1.0,1.0,,,,4.0,4.0,1.0,
242413,,,,,,,,15.0,,3.0,,,,,,3.0,2.0,0.0,1.0,,,1.0,2.0,1.0,,
242422,,,,,,,,813.0,,321.0,,,,,,138.0,25.0,13.0,67.0,,,27.0,104.0,101.0,,1.0
242556,,,,,,,,59.0,,35.0,,,,,,2.0,2.0,1.0,3.0,1.0,,1.0,,4.0,3.0,
242565,,,,,,,,46.0,,32.0,,,,,,9.0,,,,,,,,,4.0,
242583,,,,,,,,54.0,,33.0,,,,,,1.0,,,1.0,,,4.0,,10.0,,
242617,,,,,,,,398.0,,170.0,,5.0,,,,38.0,6.0,22.0,3.0,,,58.0,,76.0,1.0,
242626,,,,,,,,277.0,,134.0,,3.0,,,,33.0,2.0,14.0,2.0,,,17.0,,46.0,,
242635,,,,,,,,315.0,,130.0,,5.0,,,,37.0,3.0,29.0,4.0,,,15.0,2.0,54.0,,
242644,,,,,,,,138.0,,63.0,,2.0,,,,20.0,1.0,15.0,2.0,,,12.0,,20.0,,
242653,,,,,,,,655.0,,313.0,,8.0,,,,56.0,10.0,16.0,8.0,1.0,,24.0,3.0,105.0,5.0,
242662,,,,,,,,355.0,,153.0,,5.0,,,,35.0,5.0,27.0,5.0,,,26.0,1.0,56.0,1.0,1.0
242671,,,,,,,,233.0,,,,8.0,,,,72.0,36.0,15.0,6.0,,,12.0,2.0,76.0,4.0,1.0
242680,,,,,,,,162.0,,75.0,,2.0,,,,21.0,1.0,9.0,2.0,,,13.0,,34.0,,
242699,,,,,,,,147.0,,75.0,,4.0,,,,18.0,2.0,4.0,2.0,,,9.0,,27.0,2.0,
242705,,,,,,,,274.0,,145.0,,,,,,30.0,2.0,20.0,4.0,,,11.0,1.0,47.0,6.0,1.0
242723,,,,,,,,121.0,,41.0,,6.0,,,,20.0,2.0,1.0,3.0,,,14.0,,19.0,3.0,
242750,,,,,,,,15.0,,7.0,,,,,,1.0,1.0,,,,,2.0,1.0,2.0,1.0,
242820,,,,,,,,67.0,,18.0,,,,,,8.0,4.0,3.0,,,,7.0,5.0,16.0,,
242945,,,,,,,,33.0,,10.0,,,,,,5.0,1.0,1.0,,,,,1.0,9.0,3.0,
242954,,,,,,,,6.0,,3.0,,,,,,1.0,,,,,,1.0,,1.0,,
242972,,,,,,,,906.0,,332.0,,,,,,150.0,11.0,14.0,65.0,22.0,,,132.0,152.0,,2.0
243081,,,,,,,,541.0,,211.0,91.0,3.0,,,,21.0,24.0,21.0,16.0,9.0,,17.0,,91.0,13.0,0.0
243106,,,,,,,,317.0,,115.0,,,,,,31.0,13.0,23.0,3.0,3.0,,6.0,,73.0,35.0,3.0
243115,,,,,,,,447.0,,192.0,2.0,5.0,,,,39.0,13.0,23.0,9.0,5.0,,31.0,,64.0,38.0,9.0
243133,,,,,,,,403.0,,166.0,,,,,,28.0,15.0,22.0,2.0,4.0,,40.0,,85.0,24.0,2.0
243142,,,,,,,,306.0,,118.0,4.0,,,,,30.0,10.0,18.0,9.0,2.0,,24.0,3.0,57.0,13.0,3.0
243151,,,,,,,,431.0,,130.0,5.0,,,,,26.0,15.0,25.0,5.0,4.0,,56.0,,75.0,56.0,10.0
243160,,,,,,,,358.0,,1.0,11.0,,,,,87.0,40.0,35.0,6.0,4.0,,26.0,,105.0,31.0,2.0
243179,,,,,,,,484.0,,180.0,4.0,,,,,42.0,15.0,27.0,15.0,9.0,,48.0,,91.0,35.0,9.0
243188,,,,,,,,182.0,,47.0,,,,,,23.0,7.0,14.0,1.0,2.0,,24.0,,35.0,16.0,6.0
243197,,,,,,,,2207.0,,498.0,72.0,148.0,,,,165.0,75.0,111.0,47.0,17.0,,182.0,1.0,493.0,294.0,56.0
243203,,,,,,,,2026.0,,774.0,66.0,,,,,134.0,67.0,62.0,23.0,141.0,,125.0,,506.0,78.0,9.0
243212,,,,,,,,342.0,,103.0,,,,,,40.0,11.0,18.0,3.0,2.0,,21.0,,81.0,35.0,4.0
243221,,,,,,,,2288.0,,837.0,28.0,68.0,,,,198.0,46.0,80.0,6.0,23.0,,244.0,,466.0,143.0,39.0
243346,,,,,,,,730.0,,350.0,,,,,,77.0,1.0,17.0,,2.0,,15.0,,228.0,,
243443,,,,,,,,390.0,,180.0,1.0,,,,,51.0,23.0,12.0,35.0,,,2.0,7.0,42.0,19.0,5.0
243498,,,,,,,,26.0,,12.0,,,,,,1.0,3.0,0.0,,,,,,2.0,3.0,
243568,,,,,,,,274.0,,47.0,24.0,21.0,,,,21.0,20.0,37.0,13.0,4.0,,4.0,,54.0,13.0,2.0
243577,,,,,,,,360.0,,158.0,,,,,,19.0,8.0,31.0,7.0,,,7.0,,86.0,11.0,2.0
243586,,,,,,,,100.0,,50.0,,,,,,11.0,,5.0,2.0,1.0,,4.0,3.0,17.0,3.0,
243601,,,,,,,,979.0,,495.0,,,,,,91.0,,17.0,,2.0,,18.0,,268.0,,1.0
243638,,,,,,,,437.0,,112.0,4.0,20.0,,,,36.0,22.0,17.0,7.0,5.0,,79.0,,57.0,22.0,3.0
243647,,,,,,,,161.0,,31.0,5.0,,,,,26.0,5.0,4.0,10.0,,,24.0,1.0,24.0,9.0,
243665,,,,,,,,512.0,,134.0,27.0,36.0,,,,62.0,90.0,19.0,15.0,3.0,,60.0,4.0,23.0,15.0,1.0
243744,,,,,,,,15908.0,,3804.0,871.0,,,,,1239.0,3632.0,2812.0,599.0,38.0,,710.0,,1382.0,384.0,
243780,,,,,,,,10592.0,,2173.0,529.0,249.0,,,,917.0,1113.0,1180.0,523.0,181.0,,1034.0,57.0,1657.0,320.0,133.0
243799,,,,,,,,11.0,,5.0,,,,,,2.0,,,1.0,0.0,,0.0,,2.0,,
243823,,,,,,,,265.0,,90.0,,,,,,54.0,12.0,17.0,4.0,2.0,,12.0,2.0,39.0,,
243832,,,,,,,,173.0,,40.0,,,,,,42.0,5.0,13.0,5.0,,,9.0,6.0,33.0,8.0,
243841,,,,,,,,67.0,,23.0,,,,,,14.0,3.0,3.0,2.0,,,,6.0,11.0,1.0,
244233,,,,,,,,43.0,,19.0,,,,,,9.0,3.0,1.0,3.0,,,,,6.0,,
244279,,,,,,,,18.0,,11.0,,,,,,2.0,1.0,,,,,0.0,1.0,2.0,,
244437,,,,,,,,782.0,,585.0,,1.0,,,,26.0,16.0,17.0,1.0,4.0,,51.0,,58.0,14.0,
244446,,,,,,,,307.0,,161.0,2.0,2.0,,,,19.0,6.0,6.0,5.0,,,19.0,4.0,19.0,,
244613,,,,,,,,32.0,,12.0,,,,,,3.0,,,,,,,3.0,4.0,,
245281,,,,,,,,6.0,,3.0,,,,,,1.0,1.0,,,,,,,1.0,,
245625,,,,,,,,76.0,,40.0,1.0,2.0,,,,7.0,5.0,1.0,2.0,,,2.0,,8.0,,
245652,,,,,,,,147.0,,39.0,,,,,,32.0,3.0,4.0,6.0,1.0,,23.0,7.0,28.0,,1.0
245777,,,,,,,,5.0,,3.0,,,,,,,0.0,,,,,1.0,,0.0,,
245838,,,,,,,,110.0,,71.0,,,,,,4.0,,,2.0,,,4.0,,26.0,,
245847,,,,,,,,54.0,,38.0,,,,,,2.0,,,3.0,,,0.0,,8.0,,
245865,,,,,,,,116.0,,81.0,,,,,,15.0,1.0,,,,,5.0,,12.0,0.0,
245883,,,,,,,,99.0,,70.0,,,,,,6.0,1.0,,,,,1.0,,21.0,,
245892,,,,,,,,4.0,,2.0,,,,,,,,,,,,2.0,,,,
245953,,,,,,,,267.0,,131.0,,,,,,34.0,7.0,8.0,11.0,1.0,,4.0,,23.0,2.0,
245962,,,,,,,,31.0,,14.0,,,,,,6.0,2.0,,,,,2.0,4.0,2.0,,
245980,,,,,,,,3.0,,2.0,,,,,,,,,,,,,,1.0,,
245999,,,,,,,,356.0,,35.0,,,,,,32.0,21.0,17.0,18.0,1.0,,29.0,,81.0,14.0,3.0
246017,,,,,,,,182.0,,67.0,,,,,,13.0,3.0,3.0,1.0,,,18.0,,29.0,9.0,19.0
246035,,,,,,,,16.0,,6.0,,,,,,5.0,,,,,,,,1.0,,
246071,,,,,,,,11.0,,8.0,,,,,,1.0,1.0,,,,,,,1.0,,
246345,,,,,,,,19.0,,9.0,,,,,,4.0,0.0,,,,,,,1.0,,
246354,,,,,,,,454.0,,203.0,,,,,,14.0,18.0,12.0,13.0,,,12.0,,47.0,8.0,
246406,,,,,,,,6.0,,3.0,,,,,,,,,,,,,,1.0,1.0,
246415,,,,,,,,9.0,,2.0,,,,,,1.0,2.0,,,,,1.0,1.0,2.0,,
246789,,,,,,,,21.0,,3.0,,,,,,4.0,1.0,1.0,1.0,,,3.0,,0.0,2.0,0.0
246813,,,,,,,,361.0,,184.0,,2.0,,,,15.0,17.0,24.0,2.0,,,30.0,,31.0,,0.0
246895,,,,,,,,69.0,,32.0,,,,,,2.0,2.0,1.0,2.0,,,3.0,,13.0,,
247010,,,,,,,,4.0,,3.0,,,,,,0.0,0.0,,,,,,,1.0,,
247047,,,,,,,,9.0,,4.0,,,,,,1.0,2.0,,,,,,1.0,0.0,,
247065,,,,,,,,38.0,,18.0,,,,,,3.0,4.0,1.0,,,,1.0,6.0,3.0,,
247083,,,,,,,,20.0,,,,,,,,12.0,2.0,,,,,,,4.0,,
247153,,,,,,,,44.0,,19.0,,,,,,9.0,,,,,,,,7.0,,
247162,,,,,,,,15.0,,8.0,,,,,,4.0,1.0,,,,,1.0,,1.0,,
247409,,,,,,,,12.0,,6.0,,,,,,3.0,,,,,,,,0.0,,
247603,,,,,,,,227.0,,108.0,1.0,,,,,18.0,10.0,3.0,11.0,,,10.0,2.0,33.0,2.0,
247649,,,,,,,,204.0,,70.0,3.0,,,,,32.0,7.0,10.0,20.0,3.0,,23.0,3.0,11.0,3.0,1.0
247737,,,,,,,,77.0,,,,,,,,21.0,5.0,2.0,,,,,,4.0,,
247773,,,,,,,,9.0,,6.0,,,,,,1.0,0.0,,,,,2.0,,0.0,,
247825,,,,,,,,12.0,,4.0,,,,,,1.0,1.0,,,,,,,5.0,,
247834,,,,,,,,1727.0,,819.0,,,,,,102.0,48.0,73.0,60.0,2.0,,82.0,,193.0,33.0,1.0
247940,,,,,,,,244.0,,118.0,,,,,,25.0,8.0,3.0,21.0,,,13.0,,30.0,,
248192,,,,,,,,2.0,,1.0,,,,,,,1.0,,,,,,,,,
248305,,,,,,,,7.0,,4.0,,,,,,1.0,,,,,,,,1.0,,
248527,,,,,,,,6.0,,2.0,,,,,,2.0,,,,,,1.0,,1.0,,
248606,,,,,,,,247.0,,,,,,,,,,7.0,,16.0,,,,84.0,41.0,
248624,,,,,,,,6.0,,3.0,,,,,,1.0,0.0,,,,,,,1.0,,
248633,,,,,,,,6.0,,4.0,,,,,,1.0,,,,,,,,1.0,,
248660,,,,,,,,20.0,,9.0,,,,,,6.0,2.0,,,,,,3.0,1.0,,
248703,,,,,,,,12.0,,5.0,,,,,,1.0,,,,,,,4.0,1.0,,
248925,,,,,,,,76.0,,49.0,,,,,,6.0,1.0,1.0,,,,6.0,,11.0,2.0,
248934,,,,,,,,1380.0,,642.0,1.0,,,,,113.0,28.0,42.0,22.0,,,5.0,7.0,88.0,,
249140,,,,,,,,6.0,,4.0,,,,,,2.0,,,,,,,,,,
249238,,,,,,,,36.0,,20.0,,,,,,2.0,,,,,,,6.0,7.0,1.0,
249566,,,,,,,,28.0,,14.0,,,,,,5.0,1.0,,,,,,2.0,2.0,1.0,
249609,,,,,,,,19.0,,12.0,,,,,,,3.0,0.0,,,,,3.0,0.0,,
250027,,,,,,,,49.0,,27.0,,,,,,5.0,4.0,,,,,,,2.0,1.0,
250285,,,,,,,,51.0,,23.0,,,,,,9.0,,,,,,,,19.0,,
250744,,,,,,,,84.0,,32.0,,,,,,12.0,,,,,,,,14.0,,
250902,,,,,,,,6.0,,4.0,,,,,,1.0,1.0,,,,,,,,,
250993,,,,,,,,59.0,,21.0,,,,,,4.0,,,,,,11.0,,11.0,,
251260,,,,,,,,313.0,,166.0,,,,,,7.0,9.0,6.0,6.0,,,34.0,,66.0,,1.0
251312,,,,,,,,109.0,,59.0,,,,,,15.0,1.0,2.0,,,,,,4.0,,
260336,,,,,,,,9.0,,3.0,,,,,,1.0,,,,,,,,2.0,1.0,
260363,,,,,,,,4.0,,2.0,,,,,,1.0,,,,,,,,1.0,,
260372,,,,,,,,63.0,,21.0,,3.0,,,,12.0,1.0,1.0,1.0,,,1.0,,1.0,3.0,
260664,,,,,,,,21.0,,12.0,,,,,,3.0,,,3.0,,,,,3.0,,
260691,,,,,,,,112.0,,70.0,,,,,,3.0,,,,,,,,26.0,,
260789,,,,,,,,92.0,,38.0,,,,,,14.0,,,,,,,,10.0,,
260813,,,,,,,,41.0,,20.0,,,,,,5.0,4.0,1.0,,4.0,,,3.0,2.0,,
260929,,,,,,,,25.0,,13.0,,,,,,1.0,,,,,,,4.0,6.0,1.0,
260965,,,,,,,,7.0,,4.0,,,,,,1.0,,,,,,,,2.0,,
260992,,,,,,,,86.0,,28.0,,,,,,23.0,7.0,2.0,,,,,8.0,8.0,,
261436,,,,,,,,169.0,,57.0,,,,,,17.0,37.0,2.0,,,,,20.0,14.0,6.0,
261676,,,,,,,,16.0,,7.0,,,,,,2.0,,,,,,,,2.0,,
261685,,,,,,,,14.0,,7.0,,,,,,2.0,,,,,,,,1.0,,
261719,,,,,,,,19.0,,9.0,,,,,,4.0,,,,,,,,2.0,,
261773,,,,,,,,19.0,,12.0,,,,,,2.0,,,1.0,,,,,3.0,1.0,
261861,,,,,,,,14.0,,5.0,,,,,,3.0,1.0,,,,,,2.0,1.0,1.0,
262022,,,,,,,,8.0,,7.0,,,,,,,,,,,,,,1.0,,
262031,,,,,,,,514.0,,201.0,,,,,,35.0,9.0,14.0,29.0,1.0,,58.0,5.0,61.0,11.0,
262086,,,,,,,,815.0,,342.0,,,,,,107.0,48.0,29.0,135.0,,,,19.0,31.0,,
262129,,,,,,,,324.0,,111.0,,,,,,18.0,19.0,30.0,31.0,,,40.0,,48.0,13.0,
262165,,,,,,,,20.0,,9.0,,,,,,3.0,1.0,0.0,,,,1.0,,4.0,,
262341,,,,,,,,77.0,,30.0,,,,,,5.0,4.0,,4.0,,,,,15.0,2.0,
262369,,,,,,,,11.0,,5.0,,,,,,1.0,1.0,,,,,0.0,,2.0,,
262402,,,,,,,,12.0,,5.0,,,,,,1.0,,,,,,1.0,,5.0,0.0,
262466,,,,,,,,15.0,,10.0,,,,,,1.0,1.0,,,,,,,,,
362700,,,,,,,,26.0,,13.0,,,,,,3.0,2.0,,,,,,4.0,3.0,0.0,
362782,,,,,,,,24.0,,14.0,,,,,,2.0,2.0,,,,,,0.0,4.0,,
363013,,,,,,,,7.0,,2.0,,,,,,3.0,,,,,,,,,,
363077,,,,,,,,10.0,,9.0,,,,,,,,,,,,,,1.0,,
363147,,,,,,,,12.0,,6.0,,,,,,3.0,,,,,,,,2.0,,
363165,,,,,,,,296.0,,44.0,,,,,,25.0,19.0,7.0,26.0,,,22.0,,48.0,6.0,21.0
363439,,,,,,,,19.0,,6.0,,,,,,1.0,,,,,,,8.0,1.0,1.0,
363633,,,,,,,,139.0,,41.0,,,,,,21.0,9.0,5.0,13.0,2.0,,16.0,1.0,20.0,1.0,1.0
363679,,,,,,,,20.0,,10.0,,,,,,4.0,,,,,,2.0,1.0,3.0,,
363712,,,,,,,,5.0,,5.0,,,,,,,,,,,,,,,,
363721,,,,,,,,65.0,,32.0,,,,,,7.0,2.0,3.0,2.0,,,,,9.0,,
363882,,,,,,,,4.0,,2.0,,,,,,1.0,,,,,,,,1.0,,
363907,,,,,,,,66.0,,47.0,,,,,,2.0,,2.0,2.0,,,,1.0,7.0,,
363916,,,,,,,,25.0,,11.0,,,,,,1.0,,1.0,2.0,,,,1.0,5.0,,
363934,,,,,,,,103.0,,41.0,,,,,,6.0,8.0,2.0,4.0,,,3.0,1.0,4.0,,
364016,,,,,,,,435.0,,223.0,,,,,,24.0,7.0,20.0,25.0,1.0,,24.0,,63.0,2.0,
364025,,,,,,,,583.0,,293.0,,,,,,31.0,10.0,31.0,24.0,1.0,,38.0,,77.0,4.0,
364548,,,,,,,,215.0,,109.0,,,,,,19.0,4.0,8.0,,,,27.0,,24.0,,
364575,,,,,,,,28.0,,20.0,,,,,,2.0,1.0,,,,,,,2.0,3.0,
364627,,,,,,,,92.0,,40.0,,,,,,14.0,4.0,2.0,2.0,,,7.0,,9.0,8.0,
364636,,,,,,,,10.0,,7.0,,,,,,,,,,,,,,,,
364751,,,,,,,,13.0,,5.0,,,,,,3.0,3.0,,,,,1.0,1.0,,,
364760,,,,,,,,8.0,,3.0,,,,,,1.0,1.0,,,,,,1.0,1.0,,
364946,,,,,,,,112.0,,38.0,,,,,,6.0,6.0,3.0,,,,11.0,1.0,15.0,10.0,16.0
364964,,,,,,,,11.0,,6.0,,,,,,,1.0,,1.0,,,,,1.0,,
365091,,,,,,,,15.0,,6.0,,,,,,7.0,2.0,,,,,,,,,
365125,,,,,,,,19.0,,11.0,,,,,,3.0,,,,,,,,1.0,,
365198,,,,,,,,89.0,,29.0,,,,,,9.0,2.0,4.0,1.0,0.0,,10.0,4.0,14.0,5.0,6.0
365204,,,,,,,,551.0,,214.0,,,,,,105.0,32.0,9.0,,,,,59.0,55.0,10.0,
365213,,,,,,,,100.0,,30.0,,,,,,9.0,1.0,4.0,7.0,,,9.0,,15.0,,
365240,,,,,,,,17.0,,14.0,,,,,,1.0,,,,,,,,1.0,,
365374,,,,,,,,307.0,,65.0,,,,,,21.0,7.0,9.0,7.0,,,32.0,,35.0,7.0,2.0
365383,,,,,,,,14.0,,7.0,,,,,,3.0,,,,,,,,3.0,,
365480,,,,,,,,135.0,,9.0,,,,,,10.0,12.0,5.0,7.0,,,28.0,,19.0,,7.0
365505,,,,,,,,44.0,,28.0,,,,,,2.0,1.0,,,1.0,,3.0,,5.0,,
365693,,,,,,,,20.0,,10.0,,,,,,2.0,3.0,,,,,,1.0,4.0,,
365763,,,,,,,,3.0,,3.0,,,,,,,,,,,,,,,,
365824,,,,,,,,15.0,,8.0,,,,,,3.0,,,,,,,,1.0,,
365833,,,,,,,,14.0,,6.0,,,,,,3.0,,,,,,,,1.0,,
366003,,,,,,,,46.0,,26.0,,,,,,3.0,4.0,0.0,,,,,5.0,2.0,,
366155,,,,,,,,2.0,,1.0,,,,,,,,,,,,,,1.0,,
366191,,,,,,,,60.0,,26.0,,,,,,8.0,23.0,1.0,,,,,,1.0,1.0,
366252,,,,,,,,1000.0,,333.0,,,,,,84.0,53.0,44.0,56.0,15.0,,208.0,7.0,124.0,36.0,8.0
366261,,,,,,,,13.0,,7.0,,,,,,2.0,1.0,,,1.0,,,,2.0,,
366270,,,,,,,,33.0,,18.0,,,,,,2.0,2.0,,,,,,5.0,5.0,1.0,
366289,,,,,,,,16.0,,3.0,,,,,,3.0,,,,,,,5.0,,,
366340,,,,,,,,79.0,,15.0,1.0,3.0,,,,10.0,1.0,1.0,3.0,,,19.0,,9.0,1.0,1.0
366368,,,,,,,,65.0,,29.0,,,,,,16.0,3.0,,1.0,,,7.0,,2.0,,
366395,,,,,,,,1470.0,,606.0,,,,,,120.0,15.0,17.0,59.0,5.0,,171.0,,166.0,51.0,12.0
366401,,,,,,,,324.0,,212.0,,,,,,18.0,11.0,8.0,14.0,,,,,53.0,,
366438,,,,,,,,7.0,,5.0,,,,,,1.0,,,,,,,,1.0,,
366465,,,,,,,,188.0,,89.0,,,,,,16.0,17.0,6.0,13.0,,,16.0,,26.0,,
366535,,,,,,,,40.0,,20.0,,,,,,7.0,2.0,,,,,1.0,5.0,4.0,,
366553,,,,,,,,119.0,,62.0,,,,,,8.0,1.0,1.0,,,,3.0,,5.0,,
366571,,,,,,,,10.0,,2.0,,,,,,1.0,,,,,,6.0,,0.0,,
366605,,,,,,,,13.0,,6.0,,,,,,2.0,1.0,,,,,,,1.0,,
366623,,,,,,,,42.0,,19.0,,,,,,5.0,,2.0,,,,,,2.0,6.0,
366632,,,,,,,,2.0,,1.0,,,,,,1.0,,,,,,,,,,
366711,,,,,,,,1365.0,,538.0,,,,,,69.0,178.0,105.0,154.0,14.0,,47.0,,153.0,36.0,11.0
367051,,,,,,,,7.0,,5.0,,,,,,1.0,2.0,,,,,,,,,
367088,,,,,,,,19.0,,10.0,,,,,,2.0,,,,,,,,4.0,,
367103,,,,,,,,9.0,,6.0,,,,,,1.0,,,,,,,1.0,1.0,,
367112,,,,,,,,29.0,,11.0,,,,,,5.0,2.0,,,,,,4.0,1.0,,
367158,,,,,,,,9.0,,3.0,,,,,,2.0,,,,,,,,1.0,,
367334,,,,,,,,32.0,,12.0,,,,,,4.0,4.0,,,,,2.0,3.0,2.0,1.0,
367361,,,,,,,,13.0,,2.0,,,,,,2.0,,,,,,,4.0,5.0,,
367431,,,,,,,,2.0,,1.0,,,,,,,,,,,,,,1.0,,
367459,,,,,,,,539.0,,268.0,,,,,,53.0,38.0,28.0,21.0,,,25.0,1.0,43.0,10.0,2.0
367875,,,,,,,,55.0,,30.0,,,,,,4.0,1.0,,,,,1.0,,6.0,6.0,
367884,,,,,,,,149.0,,62.0,,,,,,27.0,,5.0,,,,,2.0,7.0,2.0,
367954,,,,,,,,624.0,,340.0,,,,,,93.0,20.0,17.0,14.0,,,5.0,,38.0,,
367972,,,,,,,,13.0,,8.0,,,,,,2.0,1.0,,,,,,,2.0,,
367981,,,,,,,,6.0,,3.0,,,,,,2.0,,,,,,,,1.0,,
368036,,,,,,,,8.0,,5.0,,,,,,1.0,1.0,,,,,,,1.0,,
368230,,,,,,,,8.0,,6.0,,,,,,1.0,,,,,,,,,,
368364,,,,,,,,47.0,,21.0,,,,,,5.0,2.0,1.0,2.0,,,4.0,,4.0,,2.0
368407,,,,,,,,8.0,,4.0,,,,,,1.0,1.0,,,,,,,2.0,,
368443,,,,,,,,81.0,,47.0,,,,,,2.0,7.0,,,,,,21.0,1.0,1.0,
368452,,,,,,,,37.0,,16.0,,,,,,3.0,1.0,,,,,0.0,9.0,6.0,,1.0
368540,,,,,,,,3.0,,1.0,,,,,,1.0,,,,,,,1.0,,,
368629,,,,,,,,69.0,,41.0,,,,,,3.0,,,,,,,,17.0,,
368647,,,,,,,,8.0,,3.0,,,,,,2.0,,,,,,2.0,,1.0,,
368771,,,,,,,,13.0,,5.0,,,,,,3.0,,,,,,,,5.0,,
368832,,,,,,,,10.0,,5.0,,,,,,1.0,1.0,,,,,,,1.0,,
368911,,,,,,,,173.0,,90.0,,,,,,22.0,9.0,3.0,1.0,,,24.0,,7.0,,
369002,,,,,,,,40.0,,23.0,,2.0,,,,2.0,2.0,,2.0,,,,,3.0,1.0,
369109,,,,,,,,12.0,,6.0,,,,,,2.0,,,,,,,,3.0,,
369400,,,,,,,,123.0,,56.0,,,,,,12.0,49.0,1.0,,,,,,,5.0,
369419,,,,,,,,75.0,,48.0,,,,,,4.0,1.0,,0.0,,,9.0,,8.0,,
369446,,,,,,,,4.0,,3.0,,,,,,1.0,,,,,,,,,,
369455,,,,,,,,11.0,,6.0,,,,,,3.0,1.0,,,,,,,1.0,,
369516,,,,,,,,44.0,,22.0,,,,,,4.0,,,,,,,,1.0,,
369659,,,,,,,,74.0,,22.0,0.0,,,,,14.0,1.0,1.0,1.0,,,1.0,,6.0,,
369668,,,,,,,,30.0,,20.0,,,,,,5.0,3.0,,,,,,,2.0,,
369686,,,,,,,,17.0,,6.0,,,,,,2.0,1.0,,,,,1.0,1.0,4.0,,
369695,,,,,,,,6.0,,4.0,,,,,,1.0,0.0,,,,,,,,,
369783,,,,,,,,44.0,,13.0,,,,,,10.0,,,,,,,,4.0,,
369950,,,,,,,,19.0,,9.0,,,,,,2.0,,,,,,,,1.0,3.0,
371034,,,,,,,,1.0,,1.0,,,,,,,,,,,,,,,,
371052,,,,,,,,39.0,,20.0,,,,,,12.0,4.0,,,,,,,2.0,1.0,
371690,,,,,,,,56.0,,31.0,,,,,,3.0,2.0,,,,,,,15.0,1.0,
371830,,,,,,,,9.0,,4.0,,,,,,1.0,1.0,1.0,,,,1.0,,1.0,,
371928,,,,,,,,17.0,,8.0,,,,,,5.0,1.0,,,,,,1.0,,,
371964,,,,,,,,35.0,,17.0,,,,,,2.0,1.0,,,,,0.0,,2.0,,
372028,,,,,,,,9.0,,3.0,,,,,,1.0,1.0,,,,,,2.0,2.0,,
372073,,,,,,,,39.0,,15.0,,,,,,1.0,4.0,1.0,2.0,,,,,2.0,,
372082,,,,,,,,32.0,,17.0,,,,,,3.0,,1.0,,,,2.0,,3.0,,
372240,,,,,,,,3.0,,1.0,,,,,,,,,,,,1.0,,1.0,,
372329,,,,,,,,76.0,,37.0,,,,,,3.0,3.0,,,,,2.0,6.0,18.0,,
372356,,,,,,,,12.0,,6.0,,,,,,2.0,,,,,,,2.0,2.0,,
372462,,,,,,,,29.0,,19.0,,,,,,2.0,3.0,,,,,,,4.0,,
372718,,,,,,,,22.0,,12.0,,,,,,1.0,2.0,,,,,,3.0,3.0,,
372921,,,,,,,,54.0,,27.0,,,,,,8.0,4.0,,2.0,1.0,,,,11.0,,
372958,,,,,,,,23.0,,16.0,,,,,,4.0,,1.0,,,,,,1.0,,
373085,,,,,,,,13.0,,4.0,,,,,,2.0,,,,,,,,2.0,,
373216,,,,,,,,10.0,,5.0,,,,,,1.0,0.0,,,,,,,1.0,,
373456,,,,,,,,2.0,,1.0,,,,,,,1.0,,,,,,,,,
373526,,,,,,,,39.0,,26.0,,,,,,5.0,,,4.0,,,,,4.0,,
373678,,,,,,,,15.0,,9.0,,,,,,2.0,1.0,,,,,,1.0,2.0,,
373696,,,,,,,,16.0,,7.0,,,,,,3.0,1.0,,,,,,,4.0,,
373711,,,,,,,,9.0,,6.0,,,,,,1.0,0.0,,,,,,,1.0,,
373784,,,,,,,,57.0,,28.0,,,,,,8.0,5.0,,3.0,,,,,4.0,8.0,
374024,,,,,,,,48.0,,30.0,,,,,,3.0,5.0,2.0,,,,,,7.0,,
374316,,,,,,,,8.0,,4.0,,,,,,,,,,,,,,4.0,,
374343,,,,,,,,12.0,,4.0,,,,,,1.0,1.0,,,,,4.0,2.0,,,
374574,,,,,,,,56.0,,29.0,,,,,,15.0,,1.0,,,,1.0,,6.0,,1.0
374592,,,,,,,,5.0,,5.0,,,,,,,,,,,,,,,,
374990,,,,,,,,2.0,,1.0,,,,,,1.0,,,,,,,,,,
375106,,,,,,,,18.0,,9.0,,,,,,1.0,,,,,,,3.0,3.0,2.0,
375230,,,,,,,,11.0,,8.0,,,,,,1.0,,,,,,1.0,,0.0,,
375373,,,,,,,,26.0,,14.0,,,,,,6.0,,,,,,,,5.0,,
375407,,,,,,,,17.0,,10.0,,,,,,2.0,,,,,,,,3.0,,
375416,,,,,,,,53.0,,30.0,,,,,,6.0,2.0,,,,,4.0,3.0,6.0,,
375540,,,,,,,,3.0,,2.0,,,,,,,0.0,,,,,,,,,
375568,,,,,,,,6.0,,3.0,,,,,,,,0.0,,,,,,0.0,,
375656,,,,,,,,31.0,,15.0,,,,,,4.0,,1.0,1.0,,,,,6.0,2.0,
375683,,,,,,,,98.0,,37.0,,,,,,13.0,6.0,2.0,2.0,1.0,,6.0,1.0,9.0,7.0,2.0
375726,,,,,,,,265.0,,104.0,,,,,,22.0,,4.0,27.0,,,,13.0,47.0,29.0,
375939,,,,,,,,5.0,,3.0,,,,,,1.0,,,,,,,,,,
375966,,,,,,,,12.0,,9.0,,,,,,1.0,0.0,,,,,,,2.0,,
375984,,,,,,,,15.0,,7.0,,,,,,3.0,,,,,,,,1.0,1.0,
376224,,,,,,,,50.0,,12.0,,,,,,15.0,10.0,,2.0,,,3.0,2.0,4.0,,
376242,,,,,,,,21.0,,5.0,,,,,,5.0,1.0,,,,,,,1.0,1.0,
376288,,,,,,,,13.0,,2.0,,,,,,1.0,1.0,,,,,2.0,2.0,1.0,1.0,0.0
376321,,,,,,,,148.0,,47.0,,,,,,27.0,3.0,3.0,5.0,,,,20.0,21.0,1.0,2.0
376330,,,,,,,,40.0,,23.0,,,,,,2.0,1.0,,1.0,,,1.0,,1.0,1.0,
376385,,,,,,,,70.0,,34.0,,,,,,11.0,1.0,1.0,3.0,1.0,,5.0,2.0,8.0,,
376446,,,,,,,,6.0,,3.0,,,,,,1.0,1.0,,,,,,,1.0,,
376631,,,,,,,,5.0,,2.0,,,,,,1.0,1.0,0.0,,,,,,1.0,,
376677,,,,,,,,13.0,,8.0,,,,,,1.0,1.0,,,,,,1.0,1.0,,
376695,,,,,,,,209.0,,66.0,8.0,9.0,,,,24.0,8.0,8.0,2.0,4.0,,27.0,1.0,12.0,22.0,2.0
377111,,,,,,,,48.0,,27.0,,,,,,8.0,2.0,,,,,,2.0,7.0,,
377193,,,,,,,,10.0,,2.0,,,,,,1.0,3.0,,,,,,1.0,3.0,,
377218,,,,,,,,21.0,,10.0,,,,,,3.0,1.0,,,,,,2.0,5.0,,
377272,,,,,,,,14.0,,3.0,,,,,,2.0,3.0,,,,,,3.0,1.0,2.0,
377281,,,,,,,,20.0,,6.0,,,,,,4.0,3.0,,,,,,3.0,2.0,1.0,
377315,,,,,,,,7.0,,4.0,,,,,,1.0,1.0,,,,,,,1.0,,
377342,,,,,,,,81.0,,22.0,,,,,,15.0,8.0,,,,,,22.0,2.0,,
377449,,,,,,,,30.0,,12.0,,,,,,7.0,,,,,,,,11.0,,
377458,,,,,,,,45.0,,23.0,,,,,,8.0,,,,,,,,15.0,,
377485,,,,,,,,6.0,,4.0,,,,,,1.0,,,,,,,,1.0,,
377546,,,,,,,,14.0,,3.0,,,,,,4.0,1.0,,,,,1.0,3.0,2.0,,
377555,,,,,,,,632.0,,256.0,14.0,,,,,29.0,63.0,29.0,11.0,,,45.0,,53.0,16.0,1.0
377564,,,,,,,,608.0,,297.0,12.0,,,,,30.0,43.0,29.0,13.0,,,17.0,0.0,58.0,15.0,1.0
377643,,,,,,,,7.0,,5.0,,,,,,1.0,,,,,,,,1.0,,
377652,,,,,,,,12.0,,2.0,,,,,,1.0,3.0,,1.0,,,,2.0,2.0,0.0,
377661,,,,,,,,26.0,,2.0,,,,,,2.0,2.0,2.0,6.0,,,,4.0,3.0,0.0,
377722,,,,,,,,52.0,,21.0,,,,,,11.0,1.0,,1.0,,,,2.0,8.0,1.0,
377759,,,,,,,,6.0,,2.0,,,,,,1.0,0.0,,,,,,1.0,,,
378105,,,,,,,,28.0,,9.0,,,,,,10.0,2.0,1.0,,,,,,2.0,0.0,
378576,,,,,,,,90.0,,33.0,,,,,,7.0,1.0,4.0,,,,3.0,,41.0,,
378886,,,,,,,,15.0,,6.0,,,,,,3.0,1.0,,,,,0.0,2.0,2.0,,
378956,,,,,,,,111.0,,39.0,,,,,,29.0,6.0,2.0,,,,,9.0,26.0,,
379621,,,,,,,,5.0,,3.0,,,,,,1.0,0.0,,,,,,,1.0,,
379746,,,,,,,,12.0,,6.0,,,,,,1.0,,,,,,,,1.0,,
379782,,,,,,,,20.0,,8.0,,,,,,6.0,1.0,,,,,,,3.0,,
380067,,,,,,,,8.0,,2.0,,,,,,2.0,,,,,,,1.0,0.0,2.0,
380359,,,,,,,,87.0,,32.0,,,,,,20.0,4.0,4.0,5.0,,,1.0,,11.0,3.0,2.0
380368,,,,,,,,88.0,,38.0,,,,,,5.0,4.0,1.0,4.0,,,2.0,2.0,8.0,3.0,
380377,,,,,,,,167.0,,43.0,3.0,,,,,43.0,5.0,5.0,4.0,,,13.0,,22.0,,
380438,,,,,,,,53.0,,35.0,,,,,,3.0,3.0,,,,,,,8.0,,
380456,,,,,,,,16.0,,7.0,,,,,,2.0,,,,,,,3.0,2.0,1.0,
381255,,,,,,,,10.0,,3.0,,,,,,1.0,1.0,,,,,1.0,,,,
381282,,,,,,,,13.0,,6.0,,,,,,2.0,,,,,,1.0,1.0,1.0,,
381325,,,,,,,,14.0,,7.0,,,,,,1.0,,,,,,,3.0,1.0,,
381352,,,,,,,,26.0,,13.0,,,,,,3.0,1.0,0.0,,,,,1.0,4.0,,
381361,,,,,,,,12.0,,10.0,,,,,,0.0,0.0,,,,,,,,,
381370,,,,,,,,18.0,,11.0,,,,,,2.0,1.0,0.0,,,,0.0,1.0,1.0,,
381404,,,,,,,,21.0,,9.0,,,,,,2.0,,,,,,,7.0,3.0,,
381459,,,,,,,,34.0,,13.0,,,,,,3.0,3.0,1.0,,,,1.0,,2.0,,
381486,,,,,,,,4.0,,2.0,,,,,,1.0,1.0,,,,,,,,,
381732,,,,,,,,19.0,,7.0,,,,,,2.0,1.0,0.0,,3.0,,,1.0,4.0,,
382258,,,,,,,,24.0,,15.0,,,,,,2.0,0.0,1.0,,,,,,2.0,,
382267,,,,,,,,16.0,,4.0,,,,,,2.0,1.0,,,,,6.0,,2.0,,
382416,,,,,,,,10.0,,7.0,,,,,,1.0,0.0,,,,,,,2.0,,
382461,,,,,,,,5.0,,4.0,,,,,,,,,,,,,,1.0,,
382780,,,,,,,,19.0,,6.0,,,,,,5.0,3.0,1.0,,,,,,3.0,,
382957,,,,,,,,43.0,,26.0,,,,,,7.0,2.0,,,0.0,,,,6.0,,
383020,,,,,,,,10.0,,4.0,,,,,,2.0,2.0,,,,,,,0.0,,
383084,,,,,,,,60.0,,23.0,,,,,,8.0,1.0,1.0,,1.0,,,,17.0,6.0,
383163,,,,,,,,19.0,,10.0,,,,,,3.0,2.0,,,,,,1.0,1.0,2.0,
383190,,,,,,,,253.0,,113.0,,,,,,11.0,9.0,7.0,28.0,,,24.0,,30.0,2.0,
383279,,,,,,,,27.0,,15.0,,,,,,1.0,,,,,,,,11.0,,
383297,,,,,,,,16.0,,11.0,,,,,,2.0,1.0,,,,,1.0,1.0,,,
383312,,,,,,,,19.0,,12.0,,,,,,2.0,1.0,,0.0,,,,,3.0,,
383330,,,,,,,,31.0,,26.0,,,,,,1.0,,,,,,,,2.0,,
383367,,,,,,,,79.0,,38.0,,,,,,5.0,,1.0,2.0,,,11.0,,13.0,,
383464,,,,,,,,11.0,,7.0,,,,,,1.0,1.0,,,,,,,1.0,,
383525,,,,,,,,23.0,,8.0,,,,,,4.0,1.0,5.0,,,,,,5.0,,
383765,,,,,,,,9.0,,6.0,,,,,,1.0,,,,,,,,1.0,,
383792,,,,,,,,9.0,,5.0,,,,,,2.0,,,,,,,1.0,,1.0,
383996,,,,,,,,58.0,,14.0,,,,,,3.0,7.0,2.0,2.0,,,2.0,,7.0,,
384236,,,,,,,,46.0,,19.0,,,,,,6.0,1.0,,,,,,,21.0,,
384245,,,,,,,,42.0,,18.0,,,,,,6.0,1.0,,,,,,,17.0,,
384254,,,,,,,,142.0,,55.0,,2.0,,,,27.0,4.0,2.0,3.0,1.0,,6.0,6.0,5.0,,5.0
384306,,,,,,,,25.0,,10.0,,,,,,8.0,,,,,,7.0,,,,
384333,,,,,,,,448.0,,223.0,,,,,,25.0,8.0,23.0,19.0,,,22.0,,59.0,3.0,
384342,,,,,,,,367.0,,150.0,,,,,,82.0,15.0,12.0,16.0,,,17.0,,36.0,7.0,
384412,,,,,,,,27.0,,1.0,,,,,,9.0,1.0,,,,,,2.0,13.0,,
384421,,,,,,,,12.0,,5.0,,,,,,1.0,2.0,,,,,3.0,,1.0,,
385132,,,,,,,,16.0,,9.0,,,,,,3.0,2.0,,,,,,,2.0,,
385415,,,,,,,,1860.0,,58.0,739.0,,,,,153.0,69.0,381.0,15.0,28.0,,118.0,1.0,201.0,73.0,8.0
385503,,,,,,,,35.0,,18.0,,,,,,6.0,2.0,,,,,,3.0,3.0,0.0,
385549,,,,,,,,12.0,,7.0,,,,,,2.0,,,,,,,1.0,2.0,,
385619,,,,,,,,253.0,,110.0,,,,,,47.0,19.0,,,,,,,71.0,,
386153,,,,,,,,28.0,,15.0,,,,,,4.0,2.0,,,,,1.0,,6.0,,
386472,,,,,,,,50.0,,29.0,,,,,,2.0,,1.0,,,,1.0,,2.0,,
387925,,,,,,,,20.0,,11.0,,,,,,1.0,2.0,,,,,,,6.0,,
388520,,,,,,,,57.0,,31.0,,,,,,14.0,1.0,1.0,1.0,,,,,4.0,,
388663,,,,,,,,11.0,,7.0,,,,,,1.0,1.0,,,,,,,1.0,,
389860,,,,,,,,51.0,,40.0,,,,,,3.0,1.0,,,,,,,3.0,,
390905,,,,,,,,49.0,,32.0,,,,,,5.0,2.0,0.0,,,,1.0,,2.0,,
391005,,,,,,,,14.0,,5.0,,,,,,3.0,2.0,,,,,,,2.0,1.0,
391546,,,,,,,,7.0,,3.0,,,,,,1.0,1.0,,,,,,0.0,1.0,,
391759,,,,,,,,3.0,,1.0,,,,,,1.0,,,,,,,,,,
392257,,,,,,,,146.0,,72.0,,,,,,12.0,,,,,,,,5.0,,
392354,,,,,,,,10.0,,8.0,,,,,,,,,,,,,,2.0,,
392415,,,,,,,,30.0,,11.0,,,,,,5.0,2.0,,2.0,,,,,8.0,,
392840,,,,,,,,54.0,,25.0,,,,,,10.0,2.0,3.0,1.0,,,3.0,,7.0,,
393524,,,,,,,,10.0,,3.0,,,,,,2.0,1.0,,,,,,,1.0,,
393649,,,,,,,,56.0,,20.0,,,,,,7.0,1.0,,,,,,,28.0,,
393861,,,,,,,,21.0,,7.0,,,,,,1.0,2.0,,,,,6.0,1.0,2.0,,
395362,,,,,,,,129.0,,57.0,,,,,,11.0,5.0,5.0,1.0,,,9.0,,8.0,,
395690,,,,,,,,39.0,,7.0,,,,,,1.0,0.0,,,,,4.0,17.0,2.0,,
397942,,,,,,,,61.0,,19.0,,,,,,7.0,1.0,,,,,,,34.0,,
399212,,,,,,,,451.0,,238.0,,,,,,16.0,12.0,8.0,42.0,1.0,,33.0,,81.0,,
399869,,,,,,,,47.0,,23.0,,,,,,5.0,4.0,1.0,,,,3.0,,5.0,,
399911,,,,,,,,234.0,,63.0,1.0,,,,,35.0,11.0,10.0,31.0,3.0,,23.0,3.0,39.0,,3.0
400080,,,,,,,,105.0,,44.0,,,,,,15.0,7.0,3.0,,,,,9.0,19.0,2.0,
400187,,,,,,,,31.0,,15.0,,,,,,4.0,2.0,,1.0,,,,2.0,6.0,1.0,
400558,,,,,,,,9.0,,3.0,,,,,,2.0,,,,,,,,4.0,,
401223,,,,,,,,19.0,,6.0,,,,,,2.0,2.0,1.0,1.0,,,,,,,
401250,,,,,,,,35.0,,16.0,,,,,,1.0,,,,2.0,,,1.0,6.0,,
401481,,,,,,,,10.0,,3.0,,,,,,1.0,2.0,,,,,1.0,1.0,2.0,,
401764,,,,,,,,20.0,,12.0,,,,,,1.0,3.0,,,,,,3.0,1.0,,
402563,,,,,,,,26.0,,15.0,,,,,,3.0,1.0,,,,,,3.0,3.0,,
402776,,,,,,,,9.0,,4.0,,,,,,2.0,,,,,,,,2.0,,
402800,,,,,,,,26.0,,12.0,,,,,,3.0,3.0,,,,,1.0,2.0,4.0,1.0,
403469,,,,,,,,66.0,,29.0,,,,,,4.0,3.0,1.0,13.0,,,3.0,,9.0,,
403478,,,,,,,,68.0,,23.0,,,,,,3.0,1.0,1.0,17.0,,,8.0,1.0,8.0,1.0,
403487,,,,,,,,97.0,,45.0,,,,,,4.0,7.0,1.0,14.0,,,11.0,2.0,10.0,1.0,
404037,,,,,,,,8.0,,2.0,,,,,,1.0,1.0,0.0,,,,,,2.0,,
404055,,,,,,,,32.0,,9.0,,,,,,2.0,1.0,,,,,,15.0,,,
404222,,,,,,,,68.0,,24.0,,8.0,,,,14.0,,1.0,,,,7.0,,7.0,1.0,3.0
404338,,,,,,,,15.0,,5.0,,,,,,1.0,1.0,,,,,,2.0,2.0,,
404426,,,,,,,,203.0,,77.0,,,,,,22.0,8.0,15.0,12.0,,,7.0,,30.0,4.0,
404480,,,,,,,,253.0,,,59.0,,,,,12.0,54.0,101.0,2.0,,,3.0,,6.0,14.0,2.0
404684,,,,,,,,56.0,,23.0,,,,,,5.0,2.0,,0.0,,,4.0,5.0,1.0,4.0,3.0
404718,,,,,,,,7.0,,3.0,,,,,,2.0,1.0,,,,,,,,,
404806,,,,,,,,32.0,,14.0,,,,,,4.0,1.0,,6.0,,,,,1.0,1.0,
404912,,,,,,,,77.0,,50.0,,,,,,3.0,,,,,,,,17.0,,
404994,,,,,,,,542.0,,239.0,0.0,,,,,63.0,98.0,10.0,44.0,,,29.0,5.0,21.0,9.0,3.0
405012,,,,,,,,8.0,,4.0,,,,,,1.0,1.0,,,,,,1.0,,,
405058,,,,,,,,16.0,,6.0,,,,,,2.0,,,,,,6.0,,2.0,,
405854,,,,,,,,13.0,,9.0,,,,,,1.0,1.0,,,,,0.0,,2.0,,
405872,,,,,,,,378.0,,126.0,,27.0,,,,28.0,15.0,20.0,13.0,2.0,,27.0,,64.0,7.0,
406024,,,,,,,,139.0,,80.0,,,,,,8.0,,2.0,,,,6.0,,23.0,,
406033,,,,,,,,159.0,,101.0,,,,,,9.0,,2.0,,,,2.0,,23.0,,
406149,,,,,,,,20.0,,12.0,,,,,,2.0,1.0,,,,,,,4.0,,
406325,,,,,,,,15.0,,7.0,,,,,,3.0,0.0,,,,,,,3.0,,
406361,,,,,,,,5.0,,2.0,,,,,,1.0,,,,,,,,1.0,,
406413,,,,,,,,6.0,,2.0,,,,,,2.0,1.0,,,,,,,1.0,,
406422,,,,,,,,13.0,,9.0,,,,,,1.0,1.0,1.0,,,,,,1.0,,
406486,,,,,,,,15.0,,8.0,,,,,,1.0,,,,,,,1.0,2.0,,
406547,,,,,,,,24.0,,11.0,,,,,,6.0,1.0,1.0,2.0,,,,,2.0,,
407009,,,,,,,,752.0,,321.0,3.0,,,,,92.0,63.0,44.0,74.0,,,25.0,,55.0,19.0,3.0
407090,,,,,,,,32.0,,14.0,,,,,,7.0,3.0,,,,,,,6.0,2.0,
407142,,,,,,,,10.0,,6.0,,,,,,1.0,2.0,,,,,,,1.0,,
407151,,,,,,,,6.0,,4.0,,,,,,1.0,1.0,,,,,,,,,
407179,,,,,,,,5.0,,3.0,,,,,,1.0,,,,,,,,1.0,,
407355,,,,,,,,27.0,,11.0,,,,,,4.0,2.0,,,,,,8.0,2.0,,
407391,,,,,,,,7.0,,7.0,,,,,,,,,,,,,,0.0,,
407407,,,,,,,,7.0,,6.0,,,,,,,,,,,,,,1.0,,
407425,,,,,,,,6.0,,4.0,,,,,,1.0,,,,,,,,1.0,,
407434,,,,,,,,14.0,,4.0,,,,,,3.0,2.0,,,,,,2.0,1.0,1.0,
407461,,,,,,,,33.0,,22.0,,,,,,3.0,1.0,,0.0,,,0.0,,6.0,,
407470,,,,,,,,10.0,,7.0,,,,,,1.0,,,,,,,,1.0,,
407489,,,,,,,,13.0,,6.0,,,,,,4.0,1.0,,,,,0.0,,1.0,,
407513,,,,,,,,28.0,,14.0,,,,,,1.0,2.0,,,0.0,,0.0,,3.0,,
407522,,,,,,,,9.0,,6.0,,,,,,,,,,,,,,,,
407568,,,,,,,,17.0,,4.0,,,,,,3.0,,,,,,,,6.0,2.0,
407577,,,,,,,,55.0,,26.0,,,,,,11.0,4.0,,,,,8.0,,4.0,,
407595,,,,,,,,28.0,,19.0,,,,,,6.0,,,,,,,,4.0,,
407610,,,,,,,,8.0,,5.0,,,,,,2.0,0.0,,0.0,,,,,0.0,,
407629,,,,,,,,590.0,,212.0,,,,,,37.0,9.0,14.0,15.0,5.0,,90.0,,104.0,12.0,
407683,,,,,,,,21.0,,7.0,,,,,,2.0,1.0,,,,,1.0,1.0,3.0,1.0,
407708,,,,,,,,25.0,,8.0,,,,,,2.0,,,,,,3.0,6.0,,,
407735,,,,,,,,5.0,,3.0,,,,,,1.0,,,,,,,,,,
407832,,,,,,,,163.0,,35.0,,,,,,12.0,3.0,4.0,2.0,,,12.0,,19.0,,
408066,,,,,,,,19.0,,11.0,,,,,,2.0,1.0,,,,,,3.0,2.0,,
408163,,,,,,,,15.0,,6.0,,,,,,1.0,1.0,,,,,,,3.0,,
408729,,,,,,,,19.0,,11.0,,,,,,2.0,2.0,,,,,,,,1.0,
408844,,,,,,,,352.0,,132.0,,,,,,21.0,,,17.0,,,,,161.0,10.0,
408862,,,,,,,,34.0,,20.0,,,,,,5.0,3.0,1.0,,,,,,5.0,,
409032,,,,,,,,22.0,,13.0,,,,,,,2.0,,,,,,,3.0,4.0,
409120,,,,,,,,19.0,,12.0,,,,,,2.0,1.0,,,,,,,4.0,,
409193,,,,,,,,44.0,,15.0,,,,,,3.0,1.0,1.0,1.0,,,1.0,9.0,7.0,3.0,1.0
409254,,,,,,,,213.0,,40.0,13.0,3.0,,,,25.0,4.0,6.0,70.0,18.0,,,,30.0,,
409315,,,,,,,,1992.0,,796.0,,,,,,165.0,115.0,117.0,60.0,4.0,,159.0,,283.0,49.0,24.0
409379,,,,,,,,189.0,,,,,,,,33.0,1.0,15.0,10.0,,,,,39.0,,
409537,,,,,,,,6.0,,4.0,,,,,,1.0,,,,,,,,1.0,,
409591,,,,,,,,13.0,,6.0,,,,,,2.0,,,,0.0,,,,3.0,,
409616,,,,,,,,77.0,,33.0,,,,,,19.0,1.0,,2.0,,,,,14.0,,
409698,,,,,,,,871.0,,307.0,,,,,,32.0,142.0,85.0,111.0,4.0,,19.0,,103.0,28.0,8.0
410797,,,,,,,,29.0,,8.0,,,,,,1.0,,,,,,,,4.0,,
410964,,,,,,,,5.0,,2.0,,,,,,1.0,0.0,,,,,,,1.0,,
411684,,,,,,,,21.0,,11.0,,,,,,5.0,1.0,,,,,,,3.0,,
411754,,,,,,,,5.0,,4.0,,,,,,1.0,,,,,,,,,,
412173,,,,,,,,33.0,,19.0,,,,,,5.0,1.0,,1.0,,,,,6.0,,
412535,,,,,,,,5.0,,3.0,,,,,,0.0,0.0,,,,,,,1.0,,
412544,,,,,,,,12.0,,6.0,,,,,,1.0,,,,,,1.0,,1.0,,
412599,,,,,,,,72.0,,37.0,,,,,,15.0,2.0,,,,,7.0,3.0,5.0,,
413176,,,,,,,,15.0,,5.0,,,,,,2.0,2.0,,,,,2.0,,2.0,,
413413,,,,,,,,1528.0,,655.0,,,,,,118.0,358.0,7.0,303.0,,,,16.0,63.0,,
413617,,,,,,,,98.0,,27.0,,,,,,17.0,4.0,4.0,6.0,,,2.0,,15.0,4.0,
413626,,,,,,,,47.0,,18.0,,2.0,,,,6.0,2.0,2.0,2.0,,,1.0,1.0,2.0,3.0,1.0
413680,,,,,,,,52.0,,22.0,,,,,,5.0,1.0,2.0,,,,1.0,13.0,1.0,,
413778,,,,,,,,34.0,,21.0,,,,,,3.0,,,,,,1.0,2.0,7.0,,
413802,,,,,,,,26.0,,13.0,,,,,,3.0,4.0,1.0,,,,1.0,,1.0,,
413820,,,,,,,,7.0,,3.0,,,,,,1.0,,,,,,,,,,
413893,,,,,,,,51.0,,18.0,,,,,,7.0,1.0,,,,,,,25.0,,
413945,,,,,,,,11.0,,4.0,,,,,,1.0,1.0,,,,,,1.0,3.0,1.0,
413972,,,,,,,,8.0,,4.0,,,,,,1.0,,,,,,3.0,,,,
414063,,,,,,,,15.0,,8.0,,,,,,1.0,2.0,,,,,1.0,1.0,2.0,,
414124,,,,,,,,39.0,,21.0,,,,,,5.0,2.0,,1.0,,,3.0,3.0,3.0,1.0,
414461,,,,,,,,218.0,,84.0,,,,,,10.0,27.0,6.0,,2.0,,,,5.0,23.0,
414489,,,,,,,,23.0,,5.0,,,,,,1.0,4.0,,,,,10.0,,3.0,,
414540,,,,,,,,49.0,,18.0,,,,,,8.0,3.0,,5.0,,,4.0,4.0,6.0,,
414595,,,,,,,,76.0,,36.0,,,,,,6.0,,1.0,,,,6.0,,26.0,,
414823,,,,,,,,159.0,,60.0,,,,,,27.0,16.0,1.0,25.0,3.0,,5.0,,9.0,8.0,
414869,,,,,,,,36.0,,23.0,,,,,,2.0,,,,,,0.0,,3.0,,
414911,,,,,,,,137.0,,51.0,,2.0,,,,23.0,8.0,7.0,9.0,,,12.0,,22.0,1.0,
414939,,,,,,,,17.0,,7.0,,,,,,,2.0,,,,,,4.0,4.0,,
414966,,,,,,,,38.0,,13.0,,0.0,,,,2.0,4.0,2.0,2.0,,,,2.0,3.0,1.0,
415039,,,,,,,,5.0,,3.0,,,,,,1.0,,,,,,,,,,
415057,,,,,,,,16.0,,7.0,,,,,,3.0,1.0,,,,,,,4.0,,
415987,,,,,,,,30.0,,8.0,,,,,,2.0,10.0,,,,,,1.0,9.0,,
416458,,,,,,,,49.0,,14.0,,,,,,2.0,7.0,1.0,,,,,5.0,7.0,5.0,
416801,,,,,,,,49.0,,23.0,1.0,,,,,,4.0,,,,,15.0,,6.0,,
417008,,,,,,,,17.0,,6.0,,,,,,7.0,,,,,,1.0,3.0,,,
417062,,,,,,,,5.0,,3.0,,,,,,1.0,,,,,,,,1.0,,
417105,,,,,,,,52.0,,21.0,,,,,,4.0,,,,,,15.0,,11.0,,
417123,,,,,,,,22.0,,11.0,,,,,,1.0,2.0,,,,,2.0,,4.0,,
417248,,,,,,,,6.0,,3.0,,,,,,1.0,1.0,,,,,,,,,
417275,,,,,,,,5.0,,3.0,,,,,,1.0,,,,,,,,0.0,0.0,
417327,,,,,,,,33.0,,14.0,,,,,,8.0,1.0,1.0,5.0,,,,,3.0,,
417381,,,,,,,,6.0,,3.0,,,,,,1.0,,,,,,,,1.0,,
417442,,,,,,,,22.0,,7.0,,,,,,5.0,2.0,,,,,4.0,,3.0,,
417503,,,,,,,,28.0,,15.0,,,,,,3.0,1.0,,,,,3.0,2.0,2.0,,
417600,,,,,,,,2.0,,2.0,,,,,,,,,,,,,,,,
417628,,,,,,,,21.0,,14.0,,,,,,1.0,,,,,,,,2.0,2.0,
417637,,,,,,,,19.0,,9.0,,,,,,4.0,,1.0,,,,,,3.0,1.0,
417646,,,,,,,,8.0,,3.0,,,,,,2.0,,,1.0,,,1.0,,1.0,,
417655,,,,,,,,6.0,,4.0,,,,,,1.0,,,,,,,,1.0,,
417682,,,,,,,,9.0,,3.0,,,,,,3.0,1.0,,1.0,,,,,1.0,,
417716,,,,,,,,19.0,,12.0,,,,,,1.0,2.0,,1.0,,,,,2.0,,
417725,,,,,,,,7.0,,4.0,,,,,,,,,,,,,,2.0,,
417734,,,,,,,,37.0,,21.0,,,,,,8.0,,,1.0,,,,,4.0,,
417752,,,,,,,,12.0,,5.0,,,,,,2.0,,,,,,,,1.0,,
417831,,,,,,,,8.0,,4.0,,,,,,,,,,,,,,2.0,,
417840,,,,,,,,47.0,,29.0,,,,,,5.0,2.0,,,,,,2.0,5.0,,
417868,,,,,,,,106.0,,9.0,,,,,,6.0,10.0,,,,,13.0,,6.0,,
417886,,,,,,,,7.0,,5.0,,,,,,1.0,0.0,,,,,,,0.0,,
417910,,,,,,,,20.0,,7.0,,,,,,2.0,3.0,0.0,,,,2.0,,3.0,,
417983,,,,,,,,6.0,,3.0,,,,,,1.0,0.0,,,1.0,,,,1.0,,
417992,,,,,,,,5.0,,3.0,,,,,,,,,,,,,,1.0,,
418001,,,,,,,,14.0,,10.0,,,,,,1.0,1.0,,,,,,,1.0,,
418010,,,,,,,,8.0,,6.0,,,,,,1.0,,,,,,,,1.0,,
418029,,,,,,,,4.0,,2.0,,,,,,1.0,,,,,,,,,,
418038,,,,,,,,22.0,,8.0,,,,,,2.0,2.0,1.0,3.0,0.0,,1.0,,2.0,,
418056,,,,,,,,9.0,,6.0,,,,,,,,,,,,,,1.0,,
418065,,,,,,,,19.0,,11.0,,,,,,2.0,,,,,,,,5.0,,
418083,,,,,,,,3.0,,2.0,,,,,,,,,,,,,,1.0,,
418126,,,,,,,,58.0,,34.0,,,,,,1.0,1.0,,,,,,5.0,6.0,,
418171,,,,,,,,6.0,,3.0,,,,,,2.0,,,,,,,,1.0,,
418199,,,,,,,,5.0,,2.0,,,,,,0.0,,,,,,,,1.0,,
418205,,,,,,,,57.0,,45.0,,,,,,6.0,1.0,,,,,,,2.0,,
418223,,,,,,,,16.0,,10.0,,,,,,1.0,1.0,,1.0,,,,,2.0,,
418250,,,,,,,,26.0,,13.0,,,,,,1.0,2.0,3.0,1.0,1.0,,,0.0,3.0,1.0,
418269,,,,,,,,22.0,,8.0,,,,,,1.0,,,,,,,,4.0,,
418278,,,,,,,,24.0,,17.0,,,,,,4.0,0.0,,,,,,,1.0,,
418296,,,,,,,,172.0,,54.0,,,,,,17.0,1.0,4.0,1.0,,,14.0,,22.0,,18.0
418302,,,,,,,,120.0,,34.0,,,,,,7.0,7.0,3.0,6.0,1.0,,19.0,,22.0,,
418320,,,,,,,,112.0,,48.0,,,,,,7.0,3.0,1.0,4.0,,,15.0,,7.0,2.0,1.0
418339,,,,,,,,46.0,,17.0,,,,,,2.0,,1.0,2.0,,,12.0,,10.0,,2.0
418348,,,,,,,,70.0,,20.0,,,,,,6.0,1.0,3.0,,,,22.0,,7.0,8.0,0.0
418357,,,,,,,,41.0,,12.0,,,,,,4.0,1.0,2.0,,,,,,5.0,7.0,
418409,,,,,,,,29.0,,18.0,,,,,,5.0,,,,,,,,5.0,,
418427,,,,,,,,11.0,,8.0,,,,,,1.0,,,,,,,,2.0,,
418445,,,,,,,,4.0,,2.0,,,,,,1.0,0.0,,,,,,,0.0,,
418454,,,,,,,,55.0,,36.0,,,,,,4.0,1.0,,,,,2.0,,3.0,6.0,
418481,,,,,,,,4.0,,2.0,,,,,,1.0,,,,,,,,1.0,,
418515,,,,,,,,12.0,,7.0,,,,,,2.0,1.0,,,,,,,2.0,,
418524,,,,,,,,8.0,,5.0,,,,,,1.0,,,,,,,,2.0,,
418533,,,,,,,,170.0,,96.0,,,,,,18.0,3.0,3.0,6.0,,,22.0,,23.0,,
418542,,,,,,,,62.0,,34.0,,,,,,5.0,3.0,1.0,2.0,1.0,,3.0,,5.0,1.0,1.0
418560,,,,,,,,47.0,,30.0,,,,,,3.0,1.0,1.0,1.0,,,2.0,,6.0,1.0,
418588,,,,,,,,4.0,,2.0,,,,,,1.0,,,,,,,,1.0,,
418612,,,,,,,,4.0,,2.0,,,,,,1.0,,,,,,,,1.0,,
418658,,,,,,,,41.0,,20.0,,,,,,9.0,,,,,,1.0,5.0,4.0,1.0,
418764,,,,,,,,13.0,,3.0,,,,,,1.0,1.0,,,,,1.0,1.0,3.0,,
418773,,,,,,,,49.0,,20.0,,,,,,9.0,3.0,,,,,0.0,8.0,3.0,3.0,
418782,,,,,,,,28.0,,12.0,,,,,,2.0,,,,,,,,9.0,2.0,
418889,,,,,,,,11.0,,4.0,,,,,,4.0,,,,,,2.0,,1.0,,
418913,,,,,,,,3.0,,1.0,,,,,,,2.0,,,,,,,,,
418968,,,,,,,,10.0,,6.0,,,,,,1.0,1.0,,,,,,1.0,,,
419031,,,,,,,,5.0,,2.0,,,,,,1.0,0.0,,,,,1.0,,0.0,,
419095,,,,,,,,9.0,,8.0,,,,,,,,,,,,,,1.0,,
419183,,,,,,,,16.0,,9.0,,,,,,2.0,1.0,,,,,2.0,1.0,0.0,,
419217,,,,,,,,13.0,,9.0,,,,,,,,0.0,,,,,,3.0,,
419226,,,,,,,,130.0,,81.0,,,,,,11.0,6.0,1.0,1.0,2.0,,7.0,,14.0,,
419235,,,,,,,,23.0,,9.0,,,,,,3.0,2.0,1.0,,,,2.0,,5.0,,
419244,,,,,,,,22.0,,5.0,,,,,,2.0,1.0,1.0,,,,,,,,
419253,,,,,,,,23.0,,10.0,,,,,,1.0,,,,,,,,4.0,,
419280,,,,,,,,2.0,,2.0,,,,,,,,,,,,,,,,
419332,,,,,,,,51.0,,24.0,,,,,,3.0,1.0,1.0,1.0,,,7.0,,5.0,,
419341,,,,,,,,6.0,,3.0,,,,,,2.0,,,,,,,,1.0,,
419420,,,,,,,,38.0,,5.0,,,,,,2.0,2.0,,,,,3.0,,2.0,,
419484,,,,,,,,3.0,,1.0,,,,,,1.0,,,,,,,,1.0,,
419633,,,,,,,,6.0,,3.0,,,,,,1.0,1.0,,,,,,,1.0,,
419703,,,,,,,,58.0,,21.0,,,,,,5.0,,,,,,,,22.0,4.0,
419712,,,,,,,,24.0,,8.0,,,,,,3.0,,,,,,,,9.0,1.0,
419721,,,,,,,,33.0,,14.0,,,,,,2.0,,,,,,,,10.0,2.0,
420024,,,,,,,,26.0,,11.0,,,,,,5.0,,,,,,,,10.0,,
420130,,,,,,,,28.0,,17.0,,,,,,6.0,1.0,,,,,,1.0,2.0,,
420246,,,,,,,,116.0,,32.0,1.0,,,,,17.0,3.0,4.0,1.0,18.0,,10.0,,19.0,,
420255,,,,,,,,8.0,,5.0,,,,,,1.0,1.0,,,,,,,1.0,0.0,
420325,,,,,,,,9.0,,5.0,,,,,,1.0,2.0,,,,,1.0,,,,
420343,,,,,,,,55.0,,30.0,,,,,,13.0,,1.0,,,,,,7.0,,
420370,,,,,,,,52.0,,14.0,,,,,,8.0,2.0,1.0,,,,,14.0,4.0,,
420398,,,,,,,,599.0,,321.0,,,,,,12.0,20.0,24.0,11.0,,,13.0,,40.0,9.0,0.0
420431,,,,,,,,209.0,,90.0,,,,,,11.0,21.0,6.0,1.0,,,24.0,,37.0,,
420440,,,,,,,,89.0,,48.0,,,,,,13.0,3.0,2.0,1.0,,,3.0,,5.0,1.0,
420459,,,,,,,,49.0,,20.0,,,,,,3.0,,1.0,2.0,,,11.0,,10.0,,2.0
420468,,,,,,,,31.0,,21.0,,,,,,2.0,0.0,,,,,,,4.0,,
420538,,,,,,,,130.0,,56.0,,,,,,16.0,3.0,5.0,,,,11.0,,17.0,3.0,
420556,,,,,,,,98.0,,41.0,,,,,,19.0,1.0,3.0,6.0,,,5.0,1.0,11.0,,
420574,,,,,,,,458.0,,224.0,1.0,,,,,37.0,33.0,37.0,29.0,,,23.0,,25.0,29.0,3.0
420608,,,,,,,,6.0,,3.0,,,,,,,,,,,,,1.0,2.0,,
420705,,,,,,,,6.0,,0.0,,,,,,3.0,1.0,,,,,,0.0,0.0,,
420723,,,,,,,,57.0,,23.0,,,,,,12.0,,,1.0,,,2.0,1.0,9.0,,
420802,,,,,,,,35.0,,,3.0,,,,,6.0,5.0,2.0,7.0,,,,,8.0,,
420981,,,,,,,,61.0,,15.0,,,,,,6.0,3.0,3.0,,,,3.0,0.0,10.0,,
421513,,,,,,,,15.0,,6.0,,,,,,3.0,,,,,,,,2.0,,
421610,,,,,,,,9.0,,4.0,,,,,,1.0,,,,,,,1.0,2.0,0.0,
421665,,,,,,,,3.0,,2.0,,,,,,1.0,,,,,,,,,,
421708,,,,,,,,43.0,,10.0,,,,,,14.0,,1.0,,,,,,,,
421717,,,,,,,,6.0,,4.0,,,,,,1.0,,,,,,,,1.0,,
421771,,,,,,,,8.0,,3.0,,,,,,1.0,1.0,,,,,1.0,1.0,1.0,,
421832,,,,,,,,55.0,,19.0,,,,,,3.0,6.0,,,,,2.0,7.0,9.0,3.0,
421841,,,,,,,,70.0,,26.0,,,,,,14.0,1.0,3.0,,,,3.0,,21.0,,
421878,,,,,,,,35.0,,20.0,,,,,,5.0,5.0,2.0,1.0,,,,,0.0,,
421896,,,,,,,,24.0,,6.0,,,,,,4.0,,,,,,2.0,0.0,10.0,,1.0
422695,,,,,,,,47.0,,19.0,,1.0,,,,11.0,2.0,0.0,,,,,,3.0,1.0,
422835,,,,,,,,20.0,,9.0,,,,,,5.0,2.0,,,,,,1.0,,,
423120,,,,,,,,22.0,,8.0,,,,,,5.0,1.0,,,,,,,6.0,1.0,
423397,,,,,,,,21.0,,8.0,,,,,,1.0,1.0,,,,,1.0,4.0,4.0,1.0,
423412,,,,,,,,3.0,,2.0,,,,,,1.0,0.0,,,,,,,,,
423643,,,,,,,,909.0,,310.0,27.0,,,,,118.0,32.0,25.0,8.0,35.0,,159.0,,171.0,1.0,
423652,,,,,,,,67.0,,30.0,,,,,,13.0,3.0,1.0,6.0,,,6.0,,6.0,,
425250,,,,,,,,15.0,,8.0,,,,,,1.0,,,,,,,2.0,1.0,,
425986,,,,,,,,22.0,,12.0,,,,,,1.0,,0.0,,,,,3.0,,,
426314,,,,,,,,643.0,,249.0,,,,,,102.0,78.0,6.0,,,,2.0,,48.0,,
427308,,,,,,,,16.0,,8.0,,,,,,3.0,,1.0,,,,0.0,,2.0,1.0,
427335,,,,,,,,3.0,,2.0,,,,,,0.0,,,,,,,,1.0,,
427894,,,,,,,,11.0,,6.0,,,,,,1.0,,,,,,,1.0,,,
427973,,,,,,,,37.0,,17.0,,,,,,5.0,,,,,,,,15.0,,
427982,,,,,,,,31.0,,13.0,,,,,,7.0,,,,,,,,11.0,,
427991,,,,,,,,97.0,,57.0,,,,,,6.0,,1.0,,,,6.0,,27.0,,
428000,,,,,,,,12.0,,,,,,,,3.0,1.0,,,,,2.0,1.0,3.0,1.0,
428019,,,,,,,,32.0,,12.0,,,,,,4.0,3.0,1.0,1.0,,,,,3.0,5.0,
428055,,,,,,,,31.0,,14.0,,,,,,2.0,1.0,,,,,1.0,1.0,4.0,,
428125,,,,,,,,14.0,,3.0,,,,,,2.0,2.0,,,,,4.0,,3.0,,
428143,,,,,,,,20.0,,8.0,,,,,,4.0,2.0,,,,,1.0,2.0,1.0,,
428170,,,,,,,,132.0,,74.0,,,,,,17.0,6.0,,,,,,,35.0,,
428259,,,,,,,,18.0,,11.0,,,,,,1.0,1.0,,,,,,3.0,1.0,,
428392,,,,,,,,169.0,,55.0,,,,,,22.0,5.0,11.0,1.0,,,14.0,1.0,20.0,4.0,
428426,,,,,,,,146.0,,,3.0,,,,,47.0,23.0,20.0,13.0,,,14.0,,23.0,,3.0
428453,,,,,,,,312.0,,,,,,,,56.0,51.0,131.0,35.0,,,,,24.0,,
429012,,,,,,,,543.0,,346.0,,,,,,33.0,9.0,5.0,,,,32.0,4.0,22.0,74.0,8.0
429085,,,,,,,,23.0,,11.0,,1.0,,,,2.0,1.0,,,1.0,,,,6.0,,
429094,,,,,,,,45.0,,16.0,,,,,,5.0,2.0,,,,,1.0,4.0,9.0,,
429128,,,,,,,,44.0,,31.0,,,,,,6.0,3.0,,,,,,,2.0,,
430184,,,,,,,,72.0,,24.0,,,,,,12.0,,,,,,,15.0,,,
430218,,,,,,,,7.0,,4.0,,,,,,1.0,,,,,,,,1.0,,
430227,,,,,,,,5.0,,3.0,,,,,,1.0,,,,,,,,1.0,,
430306,,,,,,,,5.0,,,,,,,,2.0,,,,,,,,2.0,,
430403,,,,,,,,25.0,,16.0,,,,,,2.0,2.0,,,,,,2.0,1.0,,
430485,,,,,,,,11.0,,3.0,,,,,,3.0,1.0,,,,,,3.0,,,
430564,,,,,,,,5.0,,2.0,,,,,,1.0,0.0,,,,,,,1.0,,
430582,,,,,,,,40.0,,10.0,,,,,,6.0,2.0,,,,,,,16.0,,
430670,,,,,,,,145.0,,61.0,,,,,,11.0,13.0,2.0,,1.0,,6.0,,14.0,24.0,
430704,,,,,,,,19.0,,9.0,,,,,,,1.0,,,,,,1.0,6.0,0.0,
430795,,,,,,,,19.0,,12.0,,,,,,1.0,3.0,1.0,,,,,,1.0,,
430883,,,,,,,,4.0,,3.0,,,,,,,0.0,,,,,,,1.0,,
430908,,,,,,,,18.0,,10.0,,,,,,2.0,2.0,1.0,,,,,,2.0,,
430935,,,,,,,,58.0,,29.0,,,,,,10.0,,,,,,,,8.0,,
430971,,,,,,,,10.0,,8.0,,,,,,1.0,0.0,,,,,,,1.0,,
431017,,,,,,,,36.0,,17.0,,,,,,7.0,3.0,1.0,3.0,,,,1.0,,,
431071,,,,,,,,22.0,,5.0,,,,,,2.0,2.0,1.0,1.0,,,,,3.0,,
431099,,,,,,,,9.0,,4.0,,,,,,1.0,,,,,,,,5.0,,
431105,,,,,,,,13.0,,8.0,,,,,,,,,,,,,,5.0,,
431123,,,,,,,,33.0,,13.0,,,,,,5.0,,,,,,5.0,,9.0,,1.0
431141,,,,,,,,198.0,,105.0,,,,,,25.0,13.0,5.0,,,,3.0,19.0,10.0,,
431169,,,,,,,,17.0,,9.0,,,,,,2.0,,,,,,,,3.0,3.0,
431187,,,,,,,,22.0,,12.0,,,,,,1.0,1.0,,,1.0,,,,4.0,1.0,
431196,,,,,,,,15.0,,9.0,,,,,,1.0,1.0,,,,,,,2.0,,
431266,,,,,,,,8.0,,7.0,,,,,,1.0,,,,,,,,0.0,,
431275,,,,,,,,8.0,,6.0,,,,,,,,,,,,,,1.0,,
431284,,,,,,,,4.0,,2.0,,,,,,,1.0,,,,,,,1.0,,
431558,,,,,,,,41.0,,19.0,,,,,,2.0,3.0,2.0,,,,4.0,,3.0,,
431600,,,,,,,,17.0,,14.0,,,,,,1.0,1.0,,,,,,,1.0,,
431716,,,,,,,,266.0,,154.0,,,,,,14.0,3.0,5.0,2.0,6.0,,43.0,1.0,26.0,,
431929,,,,,,,,27.0,,11.0,,,,,,2.0,,,2.0,,,,,2.0,1.0,
431983,,,,,,,,17.0,,5.0,,,,,,2.0,,,,,,8.0,,2.0,,
432074,,,,,,,,30.0,,12.0,,,,,,2.0,,2.0,1.0,,,8.0,,4.0,,1.0
432117,,,,,,,,17.0,,10.0,,,,,,1.0,,,,,,,2.0,3.0,,
432144,,,,,,,,111.0,,,,,,,,40.0,18.0,14.0,1.0,,,1.0,,37.0,,
432269,,,,,,,,7.0,,4.0,,,,,,1.0,,,,,,,,,,
432348,,,,,,,,53.0,,18.0,,,,,,,1.0,,1.0,,,3.0,,16.0,0.0,
432384,,,,,,,,63.0,,27.0,,,,,,11.0,,,,,,,,6.0,,
432524,,,,,,,,32.0,,14.0,,,,,,3.0,3.0,1.0,,,,1.0,,9.0,,
433004,,,,,,,,79.0,,37.0,2.0,,,,,11.0,5.0,2.0,2.0,0.0,,,6.0,4.0,1.0,
433013,,,,,,,,81.0,,32.0,,,,,,4.0,,,,,,5.0,16.0,22.0,3.0,
433040,,,,,,,,9.0,,7.0,,,,,,1.0,1.0,,,,,,,,,
433068,,,,,,,,66.0,,25.0,,,,,,,,2.0,,7.0,,5.0,,,8.0,3.0
433101,,,,,,,,60.0,,28.0,,,,,,16.0,1.0,1.0,,,,,,10.0,,
433138,,,,,,,,49.0,,33.0,,,,,,4.0,,,,,,,,5.0,,
433165,,,,,,,,1.0,,1.0,,,,,,,,,,,,,,,,
433174,,,,,,,,62.0,,33.0,,,,,,10.0,2.0,3.0,2.0,,,,,6.0,,
433387,,,,,,,,5781.0,,3258.0,,,,,,475.0,286.0,347.0,661.0,,,,,80.0,,
433420,,,,,,,,111.0,,36.0,,,,,,7.0,11.0,1.0,1.0,,,28.0,11.0,8.0,7.0,
433536,,,,,,,,21.0,,10.0,,,,,,1.0,,1.0,,,,,,1.0,,
433660,,,,,,,,1576.0,,595.0,,,,,,142.0,103.0,101.0,226.0,15.0,,58.0,0.0,179.0,35.0,
433970,,,,,,,,4.0,,1.0,,,,,,2.0,,,,,,,,,,
434016,,,,,,,,64.0,,10.0,,6.0,,,,12.0,6.0,1.0,6.0,,,8.0,,2.0,,
434061,,,,,,,,482.0,,218.0,,,,,,57.0,130.0,2.0,,,,4.0,,38.0,19.0,
434140,,,,,,,,67.0,,38.0,,,,,,4.0,,,,,,,,16.0,,
434159,,,,,,,,35.0,,16.0,,,,,,14.0,,1.0,,,,,,3.0,,
434274,,,,,,,,23.0,,7.0,,,,,,6.0,2.0,,,,,6.0,,2.0,,
434283,,,,,,,,12.0,,4.0,,,,,,1.0,1.0,,,,,4.0,,2.0,,
434292,,,,,,,,5.0,,2.0,,,,,,1.0,0.0,,,,,,,0.0,1.0,
434308,,,,,,,,25.0,,14.0,,,,,,1.0,1.0,,,,,,,9.0,,
434344,,,,,,,,35.0,,18.0,,,,,,6.0,4.0,,,,,,,7.0,,
434362,,,,,,,,5.0,,2.0,,,,,,1.0,,,,,,,,2.0,,
434432,,,,,,,,4.0,,1.0,1.0,,,,,2.0,,,,,,,,,,
434441,,,,,,,,25.0,,5.0,1.0,1.0,,,,11.0,,,,,,,,6.0,,
434469,,,,,,,,22.0,,6.0,,,,,,4.0,7.0,,2.0,3.0,,,,,,
434496,,,,,,,,8.0,,4.0,,,,,,,1.0,,,,,,,1.0,1.0,
434520,,,,,,,,5.0,,3.0,,,,,,2.0,,,,,,,,,,
434539,,,,,,,,21.0,,8.0,,,,,,9.0,,,1.0,,,,,2.0,,
434584,,,,,,,,85.0,,16.0,,,,,,14.0,5.0,3.0,4.0,,,,,11.0,5.0,
434672,,,,,,,,1831.0,,622.0,,139.0,,,,64.0,93.0,67.0,109.0,1.0,,150.0,1.0,287.0,47.0,15.0
434715,,,,,,,,28.0,,10.0,,,,,,1.0,,2.0,0.0,,,,,12.0,,
434751,,,,,,,,31.0,,5.0,,,,,,4.0,2.0,1.0,3.0,,,3.0,,5.0,,
434821,,,,,,,,73.0,,39.0,,,,,,4.0,8.0,,,,,2.0,9.0,5.0,,
434830,,,,,,,,19.0,,9.0,,,,,,4.0,0.0,,1.0,,,,2.0,3.0,0.0,
434900,,,,,,,,46.0,,27.0,,,,,,3.0,1.0,2.0,,,,,4.0,3.0,,
434937,,,,,,,,7.0,,7.0,,,,,,,,,,,,,,1.0,,
435000,,,,,,,,1058.0,,413.0,7.0,,,,,203.0,99.0,73.0,11.0,81.0,,51.0,,83.0,5.0,2.0
436030,,,,,,,,19.0,,11.0,,,,,,3.0,1.0,,,,,,1.0,2.0,1.0,
436100,,,,,,,,5.0,,2.0,,,,,,2.0,1.0,,,,,,,,,
436261,,,,,,,,14.0,,9.0,,,,,,2.0,,,,,,,,3.0,,
436304,,,,,,,,139.0,,75.0,,3.0,,,,14.0,36.0,,,,,2.0,,3.0,2.0,
436429,,,,,,,,442.0,,158.0,,,,,,24.0,13.0,23.0,12.0,,,6.0,74.0,14.0,10.0,
436553,,,,,,,,29.0,,10.0,,,,,,2.0,2.0,,,,,4.0,3.0,5.0,2.0,
436599,,,,,,,,10.0,,6.0,,,,,,2.0,,,,,,,,2.0,,
436614,,,,,,,,21.0,,11.0,,,,,,1.0,2.0,,,,,,,2.0,,
436632,,,,,,,,15.0,,7.0,,,,,,1.0,1.0,,,,,,2.0,3.0,,
436641,,,,,,,,12.0,,3.0,,,,,,3.0,1.0,,,,,,2.0,0.0,,
436650,,,,,,,,19.0,,8.0,,,,,,2.0,,,,,,1.0,4.0,3.0,,
436775,,,,,,,,23.0,,13.0,,,,,,2.0,3.0,,,,,,,5.0,,
437097,,,,,,,,81.0,,69.0,,,,,,4.0,2.0,1.0,,,,2.0,,3.0,,
437103,,,,,,,,423.0,,210.0,,,,,,57.0,67.0,10.0,8.0,,,37.0,,17.0,6.0,2.0
437237,,,,,,,,25.0,,11.0,,,,,,4.0,2.0,,,,,1.0,,3.0,,
437556,,,,,,,,67.0,,27.0,,,,,,9.0,5.0,1.0,4.0,,,,2.0,,2.0,
437608,,,,,,,,18.0,,6.0,,,,,,2.0,2.0,,,,,1.0,,4.0,1.0,
437635,,,,,,,,40.0,,24.0,,,,,,4.0,,,,,,,,1.0,,
437705,,,,,,,,5.0,,4.0,,,,,,0.0,0.0,,,0.0,,,,,,
437723,,,,,,,,32.0,,15.0,,,,,,3.0,1.0,,12.0,,,,,,,
437732,,,,,,,,29.0,,17.0,,,,,,2.0,,,,,,,,1.0,,
437750,,,,,,,,17.0,,4.0,,,,,,8.0,3.0,,,,,,,3.0,,
437769,,,,,,,,34.0,,16.0,,,,,,4.0,4.0,,,,,2.0,2.0,6.0,,
437778,,,,,,,,29.0,,15.0,,,,,,2.0,,,,,,1.0,4.0,7.0,,
437857,,,,,,,,18.0,,10.0,,,,,,3.0,3.0,,,,,,,2.0,,
438151,,,,,,,,37.0,,18.0,,,,,,4.0,4.0,2.0,,,,,,1.0,,
438179,,,,,,,,20.0,,5.0,,,,,,2.0,,,,,,,10.0,,,
438221,,,,,,,,25.0,,11.0,,,,,,4.0,2.0,,,,,2.0,2.0,2.0,,
438285,,,,,,,,21.0,,9.0,,,,,,1.0,3.0,,,,,,,8.0,,
438337,,,,,,,,17.0,,11.0,,,,,,2.0,,,,,,,1.0,2.0,1.0,
438498,,,,,,,,194.0,,118.0,,,,,,7.0,18.0,5.0,,,,,17.0,9.0,,
438504,,,,,,,,69.0,,30.0,,,,,,8.0,26.0,1.0,,,,,,1.0,3.0,
438586,,,,,,,,106.0,,16.0,,,,,,7.0,11.0,2.0,,,,2.0,48.0,1.0,,2.0
438665,,,,,,,,146.0,,,,,,,,18.0,31.0,24.0,4.0,,,4.0,,54.0,,
438674,,,,,,,,5.0,,4.0,,,,,,,,,,,,,,1.0,,
438708,,,,,,,,52.0,,29.0,,,,,,9.0,1.0,,2.0,,,,,9.0,0.0,
438735,,,,,,,,23.0,,10.0,,,,,,3.0,,,,,,,,11.0,,
438869,,,,,,,,7.0,,4.0,,,,,,0.0,,,,,,,1.0,1.0,,
438984,,,,,,,,12.0,,4.0,,,,,,2.0,0.0,,1.0,,,1.0,,1.0,0.0,
439020,,,,,,,,8.0,,4.0,,,,,,3.0,2.0,,,,,,,,,
439118,,,,,,,,23.0,,10.0,,,,,,9.0,,,,,,,,2.0,,
439145,,,,,,,,149.0,,53.0,,,,,,9.0,9.0,3.0,4.0,,,19.0,,44.0,3.0,
439154,,,,,,,,239.0,,,,,,,,66.0,16.0,58.0,19.0,,,,,70.0,9.0,0.0
439190,,,,,,,,174.0,,76.0,,,,,,28.0,9.0,13.0,19.0,,,,,24.0,,
439288,,,,,,,,138.0,,63.0,,,,,,17.0,15.0,2.0,22.0,3.0,,8.0,1.0,4.0,,
439367,,,,,,,,78.0,,33.0,,,,,,15.0,1.0,,,,,,,12.0,,
439394,,,,,,,,16.0,,6.0,,,,,,6.0,,,,,,,,2.0,,
439446,,,,,,,,18.0,,7.0,,,,,,2.0,3.0,,,,,,3.0,3.0,,
439455,,,,,,,,42.0,,26.0,,,,,,6.0,1.0,1.0,,,,,,1.0,,
439473,,,,,,,,23.0,,5.0,,,,,,4.0,1.0,,,,,1.0,3.0,4.0,4.0,
439491,,,,,,,,23.0,,11.0,,,,,,2.0,2.0,,,,,,3.0,2.0,,
439507,,,,,,,,8.0,,4.0,,,,,,,,,,4.0,,,,,,
439570,,,,,,,,54.0,,28.0,,,,,,6.0,8.0,1.0,,,,,5.0,4.0,1.0,
439622,,,,,,,,31.0,,17.0,,,,,,2.0,1.0,,,2.0,,,,6.0,,
439668,,,,,,,,19.0,,9.0,,,,,,2.0,,,,,,,,2.0,,
439686,,,,,,,,13.0,,4.0,,,,,,,6.0,,,,,,1.0,2.0,,
439701,,,,,,,,87.0,,31.0,,,,,,18.0,6.0,2.0,4.0,,,1.0,,12.0,,
439738,,,,,,,,32.0,,18.0,,,,,,5.0,2.0,,6.0,,,,,1.0,,
439747,,,,,,,,10.0,,6.0,,,,,,2.0,,,,,,1.0,,1.0,,
439774,,,,,,,,21.0,,9.0,,,,,,3.0,1.0,,,,,2.0,,3.0,,
439783,,,,,,,,25.0,,14.0,,,,,,3.0,2.0,,,1.0,,,,1.0,,
439792,,,,,,,,37.0,,16.0,,,,,,7.0,4.0,,,,,,5.0,1.0,,
439817,,,,,,,,16.0,,6.0,,,,,,3.0,2.0,,1.0,,,,,4.0,,
439844,,,,,,,,7.0,,5.0,,,,,,1.0,0.0,,,,,,,0.0,,
439862,,,,,,,,10.0,,2.0,,,,,,2.0,2.0,0.0,,,,,,0.0,,
439871,,,,,,,,7.0,,4.0,,,,,,,1.0,,,,,,,1.0,,
439899,,,,,,,,15.0,,2.0,,,,,,4.0,1.0,,2.0,,,2.0,1.0,2.0,0.0,
439914,,,,,,,,12.0,,8.0,,1.0,,,,,,,,,,,,2.0,,
439932,,,,,,,,6.0,,3.0,,,,,,1.0,1.0,,,,,,,1.0,,
439969,,,,,,,,25.0,,11.0,,,,,,3.0,2.0,,,,,,2.0,5.0,1.0,
439996,,,,,,,,8.0,,3.0,,,,,,3.0,1.0,,,,,1.0,,,,
440004,,,,,,,,6.0,,4.0,,,,,,,,,,,,,,1.0,,
440031,,,,,,,,160.0,,64.0,20.0,,,,,24.0,2.0,6.0,,,,,,21.0,4.0,
440059,,,,,,,,95.0,,52.0,,,,,,10.0,,,,,,,,33.0,,
440101,,,,,,,,10.0,,6.0,,,,,,2.0,,,,,,,,1.0,,
440138,,,,,,,,85.0,,2.0,,,,,,34.0,8.0,19.0,5.0,,,,,17.0,,
440217,,,,,,,,11.0,,3.0,,,,,,3.0,1.0,,,,,,,1.0,3.0,
440226,,,,,,,,8.0,,4.0,,,,,,3.0,0.0,,,,,,,,,
440262,,,,,,,,69.0,,20.0,,,,,,12.0,6.0,1.0,2.0,,,4.0,7.0,11.0,2.0,
440271,,,,,,,,9.0,,5.0,,,,,,1.0,2.0,,,,,,1.0,,,
440396,,,,,,,,28.0,,16.0,,,,,,5.0,2.0,,0.0,,,0.0,,4.0,,
440402,,,,,,,,205.0,,102.0,,,,,,25.0,5.0,5.0,8.0,,,18.0,,30.0,2.0,1.0
440651,,,,,,,,81.0,,29.0,,,,,,14.0,,1.0,4.0,,,,,17.0,5.0,
440730,,,,,,,,30.0,,19.0,,,,,,3.0,1.0,,,,,,,7.0,,
440749,,,,,,,,3.0,,2.0,,,,,,,,,,,,,,,,
440776,,,,,,,,9.0,,0.0,,,,,,1.0,,,,,,,3.0,4.0,,
440794,,,,,,,,87.0,,36.0,,,,,,10.0,10.0,1.0,3.0,,,,,6.0,,
440819,,,,,,,,3.0,,,,,,,,,,,,,,,1.0,1.0,,
440855,,,,,,,,10.0,,6.0,,,,,,1.0,,,,,,,1.0,2.0,,
440916,,,,,,,,121.0,,44.0,,,,,,21.0,23.0,4.0,,,,,,23.0,3.0,
440989,,,,,,,,46.0,,20.0,,,,,,7.0,1.0,1.0,,,,2.0,,5.0,,
441025,,,,,,,,36.0,,17.0,,,,,,5.0,1.0,,,,,,6.0,2.0,,
441052,,,,,,,,85.0,,30.0,,,,,,24.0,4.0,1.0,3.0,,,,1.0,13.0,1.0,
441070,,,,,,,,27.0,,12.0,,2.0,,,,5.0,,1.0,,,,,,1.0,,
441104,,,,,,,,83.0,,20.0,0.0,9.0,,,,2.0,8.0,2.0,21.0,,,,,4.0,1.0,
441131,,,,,,,,72.0,,25.0,,,,,,11.0,2.0,1.0,4.0,,,4.0,3.0,8.0,,
441168,,,,,,,,7.0,,2.0,,,,,,1.0,,,,,,,2.0,1.0,,
441210,,,,,,,,127.0,,59.0,,,,,,,,1.0,10.0,19.0,,27.0,,,7.0,
441229,,,,,,,,161.0,,77.0,,,,,,7.0,4.0,,,,,,,36.0,,
441238,,,,,,,,6.0,,,,,,,,4.0,1.0,,,,,,,1.0,,
441256,,,,,,,,6.0,,4.0,,,,,,1.0,1.0,,,,,,,,,
441362,,,,,,,,7.0,,5.0,,,,,,3.0,,,,,,,,,,
441371,,,,,,,,2045.0,,368.0,,,,,,175.0,40.0,54.0,4.0,,,5.0,378.0,25.0,,
441380,,,,,,,,17.0,,7.0,,,,,,4.0,1.0,,,,,,,5.0,,
441414,,,,,,,,88.0,,,,,,,,4.0,2.0,3.0,7.0,,,9.0,,21.0,,
441423,,,,,,,,23.0,,8.0,,,,,,6.0,1.0,,,,,,4.0,3.0,1.0,
441487,,,,,,,,13.0,,5.0,,,,,,2.0,1.0,,2.0,,,,,0.0,,
441496,,,,,,,,32.0,,16.0,,,,,,4.0,,,,,,,,12.0,,
441502,,,,,,,,31.0,,19.0,,,,,,3.0,1.0,,,,,,3.0,1.0,1.0,
441548,,,,,,,,14.0,,8.0,,,,,,5.0,,,,,,,,,,
441575,,,,,,,,70.0,,24.0,,,,,,10.0,7.0,1.0,1.0,,,3.0,17.0,7.0,,
441593,,,,,,,,14.0,,3.0,,,,,,1.0,1.0,,0.0,2.0,,,,2.0,,3.0
441609,,,,,,,,20.0,,10.0,,,,,,,2.0,,,,,7.0,,1.0,,
441618,,,,,,,,6.0,,4.0,,,,,,,,,,,,,,2.0,,
441636,,,,,,,,43.0,,21.0,,,,,,6.0,3.0,,,,,0.0,3.0,6.0,,
441645,,,,,,,,28.0,,15.0,,,,,,3.0,2.0,0.0,0.0,,,,3.0,2.0,1.0,1.0
441663,,,,,,,,38.0,,18.0,,,,,,9.0,,1.0,,,,,2.0,5.0,,
441672,,,,,,,,42.0,,23.0,,,,,,2.0,3.0,1.0,,,,8.0,,3.0,,
441690,,,,,,,,38.0,,19.0,,,,,,4.0,3.0,,1.0,,,,,4.0,1.0,
441706,,,,,,,,11.0,,2.0,,,,,,1.0,0.0,,,,,,3.0,3.0,1.0,
441742,,,,,,,,67.0,,28.0,,,,,,16.0,1.0,,,,,,8.0,8.0,,
441760,,,,,,,,193.0,,115.0,,,,,,15.0,13.0,6.0,3.0,1.0,,3.0,,16.0,2.0,
441788,,,,,,,,54.0,,24.0,,,,,,3.0,,,,,,,,27.0,,
441830,,,,,,,,51.0,,11.0,,,,,,3.0,2.0,,1.0,19.0,,4.0,2.0,6.0,,
441858,,,,,,,,48.0,,25.0,,,,,,9.0,2.0,1.0,,,,,,2.0,,
441876,,,,,,,,23.0,,9.0,,,,,,6.0,2.0,,,,,,3.0,3.0,,
441900,,,,,,,,368.0,,192.0,,,,,,58.0,16.0,16.0,51.0,2.0,,,,31.0,,
441937,,,,,,,,836.0,,310.0,,,,,,75.0,123.0,51.0,72.0,,,64.0,,67.0,34.0,9.0
441982,,,,,,,,130.0,,51.0,,,,,,15.0,20.0,11.0,5.0,,,0.0,,13.0,,
442064,,,,,,,,39.0,,24.0,,0.0,,,,3.0,1.0,,1.0,,,,,5.0,1.0,
442073,,,,,,,,60.0,,32.0,,,,,,16.0,,,,,,0.0,,7.0,,
442134,,,,,,,,45.0,,26.0,,,,,,2.0,,,,,,,,12.0,,
442213,,,,,,,,16.0,,11.0,,,,,,1.0,1.0,,,,,,,1.0,,
442240,,,,,,,,44.0,,28.0,,,,,,2.0,,,,,,,6.0,7.0,1.0,
442295,,,,,,,,68.0,,27.0,,,,,,9.0,5.0,3.0,2.0,,,,1.0,8.0,1.0,
442329,,,,,,,,78.0,,28.0,,,,,,9.0,,,,,,,21.0,12.0,8.0,
442356,,,,,,,,162.0,,69.0,,,,,,39.0,8.0,13.0,,1.0,,4.0,,10.0,,
442383,,,,,,,,15.0,,7.0,,,,,,2.0,1.0,1.0,,,,,2.0,2.0,,
442392,,,,,,,,16.0,,10.0,,,,,,3.0,,,,,,,,0.0,,
442426,,,,,,,,47.0,,27.0,,,,,,9.0,3.0,1.0,,,,1.0,3.0,3.0,,
442435,,,,,,,,7.0,,1.0,,,,,,2.0,,,,,,,1.0,2.0,,
442523,,,,,,,,26.0,,6.0,,,,,,3.0,3.0,1.0,,,,4.0,,0.0,,
442569,,,,,,,,388.0,,119.0,,,,,,71.0,46.0,16.0,4.0,,,,,12.0,,
442602,,,,,,,,36.0,,19.0,,,,,,8.0,,,,,,,,3.0,,
442611,,,,,,,,66.0,,30.0,,,,,,9.0,22.0,1.0,,,,,,2.0,2.0,
442657,,,,,,,,23.0,,14.0,,,,,,1.0,,,,,,0.0,3.0,5.0,,
442718,,,,,,,,4.0,,2.0,,,,,,2.0,,,,,,,,,,
442781,,,,,,,,107.0,,28.0,,,,,,21.0,4.0,4.0,11.0,,,11.0,,14.0,,3.0
442806,,,,,,,,1480.0,,1241.0,11.0,,,,,34.0,25.0,19.0,1.0,,,11.0,,55.0,,
442842,,,,,,,,28.0,,11.0,,,,,,1.0,1.0,1.0,,,,0.0,,12.0,,
442879,,,,,,,,136.0,,42.0,,,,,,6.0,6.0,1.0,,,,5.0,4.0,3.0,4.0,
442888,,,,,,,,14.0,,3.0,,,,,,1.0,,,,,,,4.0,1.0,,
442930,,,,,,,,138.0,,42.0,,,,,,11.0,5.0,2.0,21.0,2.0,,23.0,,27.0,3.0,
442949,,,,,,,,10.0,,3.0,,,,,,1.0,1.0,,,,,,,2.0,,
442967,,,,,,,,14.0,,7.0,,,,,,2.0,,,,,,,,5.0,,
442976,,,,,,,,13.0,,9.0,,,,,,2.0,,,,,,,,,,
442985,,,,,,,,13.0,,6.0,,,,,,1.0,1.0,,,,,,2.0,,,
443021,,,,,,,,25.0,,12.0,,,,,,2.0,1.0,1.0,,,,8.0,1.0,,,
443030,,,,,,,,5.0,,2.0,,,,,,2.0,,,,,,,,1.0,,
443049,,,,,,,,31.0,,18.0,,,,,,2.0,6.0,,1.0,,,,,3.0,0.0,
443058,,,,,,,,13.0,,7.0,,,,,,3.0,1.0,,,,,,,,,
443076,,,,,,,,33.0,,8.0,,,,,,2.0,3.0,,,,,7.0,,10.0,,
443100,,,,,,,,22.0,,4.0,,,,,,2.0,1.0,1.0,1.0,1.0,,2.0,,4.0,3.0,
443128,,,,,,,,42.0,,25.0,,,,,,2.0,8.0,5.0,,,,,,1.0,,
443137,,,,,,,,36.0,,15.0,,,,,,2.0,,,,,,,2.0,13.0,1.0,
443146,,,,,,,,11.0,,4.0,,,,,,2.0,3.0,,,,,,,2.0,,
443173,,,,,,,,4.0,,2.0,,,,,,1.0,1.0,,,,,,,,,
443207,,,,,,,,27.0,,12.0,,,,,,5.0,1.0,1.0,1.0,,,,2.0,2.0,,
443216,,,,,,,,19.0,,4.0,,,,,,3.0,4.0,,,,,1.0,3.0,1.0,,
443225,,,,,,,,6.0,,1.0,,,,,,1.0,1.0,,,,,,1.0,,,
443234,,,,,,,,21.0,,8.0,,,,,,1.0,2.0,,,,,2.0,,8.0,,
443252,,,,,,,,83.0,,32.0,,,,,,6.0,3.0,,,,,3.0,7.0,28.0,2.0,
443261,,,,,,,,38.0,,15.0,,,,,,6.0,2.0,,,,,,,16.0,,
443289,,,,,,,,20.0,,11.0,,,,,,2.0,3.0,,,,,,1.0,3.0,,
443298,,,,,,,,14.0,,3.0,,,,,,1.0,2.0,,,,,,,5.0,,
443322,,,,,,,,35.0,,20.0,,,,,,2.0,4.0,,,,,1.0,3.0,4.0,,
443331,,,,,,,,178.0,,103.0,,,,,,21.0,7.0,3.0,10.0,,,,,24.0,,
443340,,,,,,,,19.0,,11.0,,,,,,2.0,,,,,,,,5.0,,
443368,,,,,,,,51.0,,,,,,,,8.0,5.0,7.0,19.0,,,1.0,,7.0,,
443377,,,,,,,,21.0,,10.0,,,,,,2.0,,,,,,,,1.0,1.0,
443410,,,,,,,,226.0,,96.0,,,,,,32.0,6.0,13.0,32.0,,,18.0,1.0,24.0,,2.0
443492,,,,,,,,139.0,,90.0,,,,,,11.0,4.0,5.0,8.0,,,0.0,,19.0,1.0,
443562,,,,,,,,70.0,,50.0,,,,,,2.0,1.0,1.0,,,,2.0,4.0,2.0,,
443571,,,,,,,,13.0,,3.0,,,,,,1.0,,,,,,,3.0,1.0,,
443599,,,,,,,,50.0,,18.0,,,,,,5.0,6.0,1.0,3.0,,,,6.0,3.0,,4.0
443632,,,,,,,,15.0,,7.0,,,,,,1.0,,,,,,,,3.0,,
443641,,,,,,,,20.0,,10.0,,,,,,1.0,,,,,,,4.0,3.0,1.0,
443650,,,,,,,,44.0,,21.0,,,,,,4.0,2.0,,,,,,5.0,3.0,,
443669,,,,,,,,19.0,,9.0,,,,,,1.0,,,,,,0.0,3.0,6.0,,
443696,,,,,,,,6.0,,0.0,,,,,,2.0,,,,,,,2.0,2.0,,
443702,,,,,,,,17.0,,10.0,,,,,,2.0,1.0,,1.0,,,,,1.0,,
443711,,,,,,,,428.0,,,,,,,,84.0,104.0,141.0,14.0,,,1.0,,65.0,19.0,
443748,,,,,,,,47.0,,17.0,,,,,,10.0,,,,,,,,19.0,,
443766,,,,,,,,70.0,,21.0,,,,,,10.0,,,,,,,15.0,1.0,,
443784,,,,,,,,57.0,,15.0,,,,,,14.0,,,,,,,11.0,,,
443951,,,,,,,,10.0,,3.0,,,,,,2.0,1.0,,0.0,,,0.0,0.0,1.0,0.0,0.0
443979,,,,,,,,18.0,,12.0,,,,,,,1.0,,,,,,2.0,3.0,,
444051,,,,,,,,10.0,,4.0,,,,,,1.0,,,,,,,2.0,2.0,,
444088,,,,,,,,33.0,,15.0,,,,,,1.0,2.0,,,,,,10.0,,,
444103,,,,,,,,15.0,,8.0,,,,,,1.0,1.0,,,,,,,,0.0,
444130,,,,,,,,315.0,,191.0,4.0,,,,,14.0,6.0,,1.0,,,,2.0,7.0,,
444194,,,,,,,,19.0,,6.0,,,,,,5.0,1.0,0.0,,,,,3.0,3.0,1.0,
444200,,,,,,,,8.0,,4.0,,,,,,4.0,,,,,,,,,,
444219,,,,,,,,334.0,,199.0,,,,,,17.0,11.0,6.0,17.0,,,21.0,,51.0,,
444228,,,,,,,,4.0,,2.0,,,,,,1.0,1.0,,,,,,,0.0,,
444255,,,,,,,,17.0,,9.0,,,,,,1.0,1.0,,,,,,2.0,1.0,,
444264,,,,,,,,28.0,,5.0,,,,,,9.0,2.0,,,,,1.0,6.0,3.0,1.0,
444282,,,,,,,,6.0,,4.0,,,,,,1.0,,,,,,,,,,
444291,,,,,,,,8.0,,5.0,,,,,,1.0,,,,,,,,1.0,,
444307,,,,,,,,7.0,,4.0,,,,,,1.0,,,,,,,,1.0,,
444316,,,,,,,,13.0,,8.0,,,,,,1.0,,,,,,1.0,,3.0,,
444325,,,,,,,,12.0,,2.0,,,,,,2.0,2.0,,,,,,,1.0,,
444334,,,,,,,,19.0,,10.0,,,,,,4.0,1.0,,,,,,,3.0,,
444343,,,,,,,,56.0,,22.0,,,,,,6.0,7.0,,,,,7.0,,4.0,,
444361,,,,,,,,16.0,,5.0,,,,,,5.0,,,,,,,,6.0,,
444370,,,,,,,,13.0,,4.0,,,,,,3.0,2.0,1.0,,,,0.0,,2.0,,
444398,,,,,,,,32.0,,15.0,,,,,,2.0,3.0,2.0,,,,,,3.0,1.0,
444404,,,,,,,,7.0,,2.0,,,,,,1.0,1.0,,,,,,1.0,1.0,,
444413,,,,,,,,8.0,,6.0,,,,,,1.0,,,,,,,,1.0,,
444440,,,,,,,,7.0,,4.0,,,,,,1.0,1.0,,,,,,0.0,0.0,,
444468,,,,,,,,2.0,,1.0,,,,,,,,,,,,,,0.0,,
444486,,,,,,,,37.0,,18.0,,,,,,4.0,2.0,,,,,,8.0,3.0,1.0,
444510,,,,,,,,11.0,,3.0,,,,,,2.0,2.0,,,,,,,4.0,,
444529,,,,,,,,18.0,,4.0,,,,,,7.0,,,,,,,,4.0,,
444556,,,,,,,,48.0,,19.0,,,,,,5.0,2.0,,,,,,14.0,3.0,,
444565,,,,,,,,71.0,,29.0,,,,,,5.0,1.0,,,,,16.0,,16.0,,
444583,,,,,,,,73.0,,12.0,,,,,,8.0,3.0,2.0,1.0,,,4.0,6.0,14.0,9.0,
444592,,,,,,,,27.0,,17.0,,,,,,3.0,,,,,,,,6.0,,
444635,,,,,,,,13.0,,4.0,,,,,,3.0,1.0,,,,,1.0,1.0,1.0,,
444662,,,,,,,,12.0,,7.0,,,,,,2.0,1.0,,,,,,1.0,1.0,,
444671,,,,,,,,34.0,,14.0,,,,,,5.0,2.0,,,,,2.0,,5.0,,
444699,,,,,,,,8.0,,5.0,,,,,,3.0,,,,,,,,,,
444714,,,,,,,,12.0,,5.0,,,,,,1.0,,,,,,,3.0,3.0,,
444732,,,,,,,,17.0,,6.0,,,,,,3.0,3.0,,,,,1.0,1.0,1.0,0.0,
444778,,,,,,,,11.0,,9.0,,,,,,1.0,,,,,,,,,,
444787,,,,,,,,174.0,,77.0,,,,,,32.0,2.0,,,,,,,50.0,,
444796,,,,,,,,22.0,,4.0,,,,,,3.0,2.0,0.0,1.0,0.0,,2.0,2.0,1.0,0.0,0.0
444811,,,,,,,,20.0,,10.0,,,,,,4.0,2.0,,,,,3.0,,,,
444857,,,,,,,,13.0,,6.0,,,,,,2.0,1.0,,,,,,,2.0,,
444866,,,,,,,,33.0,,12.0,,,,,,7.0,5.0,,,,,,,9.0,,
444893,,,,,,,,26.0,,7.0,,,,,,3.0,2.0,,1.0,,,,3.0,5.0,,
444936,,,,,,,,12.0,,6.0,,,,,,1.0,1.0,,,,,,,,,
444945,,,,,,,,30.0,,13.0,,,,,,2.0,,,,,,1.0,,7.0,,
444954,,,,,,,,146.0,,88.0,,,,,,12.0,9.0,7.0,,,,3.0,,11.0,3.0,
445027,,,,,,,,778.0,,229.0,,,,,,33.0,43.0,1.0,,,,16.0,366.0,21.0,,
445054,,,,,,,,32.0,,11.0,10.0,,,,,6.0,1.0,1.0,,,,,,2.0,,
445133,,,,,,,,40.0,,13.0,,,,,,4.0,,2.0,,,,2.0,9.0,1.0,,
445188,,,,,,,,1600.0,,417.0,106.0,2.0,,,,155.0,192.0,104.0,40.0,26.0,,183.0,,155.0,28.0,15.0
445203,,,,,,,,39.0,,21.0,,,,,,5.0,1.0,,,,,,6.0,5.0,,
445212,,,,,,,,28.0,,17.0,,,,,,1.0,,,,,,,5.0,4.0,1.0,
445230,,,,,,,,72.0,,41.0,,,,,,4.0,,,,,,,,20.0,,
445249,,,,,,,,44.0,,15.0,,,,,,9.0,2.0,,,,,,3.0,14.0,,
445258,,,,,,,,31.0,,13.0,,,,,,4.0,2.0,,,,,2.0,5.0,2.0,,
445267,,,,,,,,112.0,,68.0,,,,,,6.0,6.0,,12.0,,,,,11.0,,
445364,,,,,,,,34.0,,15.0,,,,,,1.0,3.0,,,,,,7.0,8.0,,
445461,,,,,,,,42.0,,16.0,,,,,,9.0,,,,,,,,16.0,,
445498,,,,,,,,6.0,,3.0,,,,,,1.0,1.0,,,,,,,0.0,0.0,
445540,,,,,,,,6.0,,3.0,,,,,,1.0,1.0,,,,,,,1.0,,
445638,,,,,,,,13.0,,3.0,,,,,,5.0,2.0,,,,,,,0.0,,
445647,,,,,,,,17.0,,8.0,,,,,,3.0,,,,,,,,1.0,,
445656,,,,,,,,12.0,,7.0,,,,,,2.0,,,,,,,,1.0,,
445692,,,,,,,,61.0,,16.0,,,,,,6.0,6.0,5.0,1.0,,,,,5.0,,
445708,,,,,,,,187.0,,84.0,,,,,,30.0,18.0,3.0,20.0,1.0,,11.0,1.0,8.0,4.0,
445735,,,,,,,,411.0,,179.0,6.0,,,,,40.0,24.0,22.0,3.0,4.0,,42.0,,53.0,12.0,
445744,,,,,,,,37.0,,16.0,,,,,,7.0,4.0,,1.0,,,1.0,,7.0,,
445762,,,,,,,,30.0,,14.0,,,,,,5.0,,,,,,,,12.0,,
445780,,,,,,,,7.0,,3.0,,,,,,2.0,,,,,,1.0,,1.0,,
445799,,,,,,,,63.0,,31.0,,,,,,7.0,20.0,,,,,,,2.0,3.0,
445841,,,,,,,,15.0,,10.0,,,,,,1.0,,,,,,,2.0,1.0,,
445850,,,,,,,,12.0,,7.0,,,,,,1.0,,,,,,,2.0,1.0,,
445869,,,,,,,,56.0,,24.0,,,,,,10.0,4.0,3.0,5.0,,,,,3.0,,
445948,,,,,,,,129.0,,40.0,,,,,,5.0,3.0,3.0,4.0,,,9.0,21.0,17.0,3.0,
445957,,,,,,,,16.0,,8.0,,,,,,3.0,1.0,,,,,,1.0,2.0,,
446002,,,,,,,,18.0,,13.0,,,,,,6.0,,,,,,,,,,
446039,,,,,,,,23.0,,8.0,,1.0,,,,3.0,1.0,0.0,,,,,0.0,2.0,,
446048,,,,,,,,207.0,,76.0,,,,,,32.0,11.0,6.0,26.0,5.0,,11.0,1.0,9.0,8.0,0.0
446084,,,,,,,,13.0,,7.0,,,,,,2.0,1.0,1.0,1.0,,,,1.0,0.0,,
446093,,,,,,,,12.0,,4.0,,,,,,2.0,1.0,,,,,,,1.0,,
446109,,,,,,,,39.0,,27.0,,,,,,1.0,2.0,,,,,,,1.0,,
446118,,,,,,,,96.0,,51.0,,,,,,10.0,9.0,,10.0,,,2.0,4.0,5.0,,
446127,,,,,,,,28.0,,14.0,,,,,,1.0,2.0,1.0,,,,,3.0,3.0,,
446136,,,,,,,,41.0,,11.0,,,,,,8.0,4.0,,1.0,,,1.0,,2.0,,
446163,,,,,,,,7.0,,1.0,,,,,,1.0,3.0,,,,,,,,,
446206,,,,,,,,5.0,,2.0,,,,,,1.0,1.0,,,,,,,1.0,,
446224,,,,,,,,16.0,,9.0,,,,,,1.0,1.0,,,,,,1.0,2.0,,
446233,,,,,,,,54.0,,24.0,,,,,,9.0,2.0,,9.0,,,3.0,,5.0,1.0,
446242,,,,,,,,13.0,,7.0,,,,,,1.0,,,,,,,,1.0,,
446251,,,,,,,,17.0,,4.0,,,,,,1.0,,,,5.0,,4.0,1.0,1.0,,
446260,,,,,,,,54.0,,23.0,,,,,,8.0,2.0,1.0,,,,9.0,5.0,5.0,,
446288,,,,,,,,9.0,,3.0,,,,,,1.0,,,,,,,1.0,3.0,,
446303,,,,,,,,27.0,,9.0,,,,,,4.0,2.0,0.0,1.0,,,1.0,2.0,2.0,1.0,
446349,,,,,,,,5.0,,3.0,,,,,,,,,,,,,,1.0,,
446385,,,,,,,,92.0,,43.0,,,,,,7.0,2.0,,,,,10.0,5.0,2.0,,4.0
446394,,,,,,,,22.0,,17.0,,,,,,2.0,1.0,,,,,,,1.0,,
446455,,,,,,,,10.0,,5.0,,,,,,1.0,1.0,,,,,,1.0,,,
446516,,,,,,,,9.0,,3.0,,,,,,2.0,1.0,,,,,,,2.0,1.0,
446525,,,,,,,,20.0,,9.0,,,,,,1.0,,3.0,,,,,,1.0,,
446534,,,,,,,,7.0,,3.0,,,,,,1.0,,,,,,3.0,,,,
446552,,,,,,,,145.0,,46.0,,,,,,24.0,5.0,1.0,,,,4.0,,6.0,,
446561,,,,,,,,220.0,,92.0,,,,,,42.0,5.0,,9.0,,,3.0,,13.0,,4.0
446589,,,,,,,,21.0,,7.0,,,,,,3.0,,,,,,,,10.0,,
446598,,,,,,,,9.0,,6.0,,,,,,1.0,1.0,0.0,,,,,,1.0,,
446604,,,,,,,,204.0,,157.0,,,,,,6.0,10.0,4.0,,,,20.0,,6.0,,
446640,,,,,,,,342.0,,140.0,8.0,1.0,,,,3.0,16.0,15.0,3.0,,,3.0,12.0,55.0,7.0,
446677,,,,,,,,12.0,,6.0,,,,,,3.0,0.0,,,,,,,0.0,,
446774,,,,,,,,200.0,,122.0,,,,,,11.0,10.0,6.0,7.0,,,19.0,1.0,21.0,,
446978,,,,,,,,41.0,,,,1.0,,,,10.0,8.0,1.0,16.0,,,,,6.0,,
446996,,,,,,,,6.0,,3.0,,,,,,2.0,1.0,,,,,,,,,
447014,,,,,,,,45.0,,21.0,,,,,,3.0,2.0,,,,,,,4.0,1.0,
447023,,,,,,,,65.0,,43.0,,,,,,3.0,4.0,,,,,,,15.0,,
447050,,,,,,,,123.0,,63.0,,,,,,12.0,3.0,,,,,,,3.0,,
447148,,,,,,,,11.0,,7.0,,,,,,1.0,,,,,,,,1.0,,
447166,,,,,,,,7.0,,4.0,,,,,,1.0,,,,,,,,1.0,,
447175,,,,,,,,7.0,,3.0,,,,,,1.0,,,,,,,,1.0,,
447263,,,,,,,,119.0,,54.0,,,,,,19.0,16.0,,,,,,8.0,5.0,,
447379,,,,,,,,32.0,,19.0,,,,,,3.0,2.0,,,,,4.0,3.0,1.0,,
447403,,,,,,,,15.0,,8.0,,,,,,4.0,2.0,,,,,,,,1.0,
447421,,,,,,,,32.0,,26.0,,,,,,2.0,,,,,,,,4.0,,
447430,,,,,,,,19.0,,8.0,,,,,,3.0,4.0,1.0,,,,0.0,,3.0,,
447449,,,,,,,,7.0,,2.0,,,,,,1.0,1.0,,,,,1.0,1.0,1.0,,
447458,,,,,,,,29.0,,18.0,,,,,,1.0,,4.0,,,,,,1.0,,
447467,,,,,,,,19.0,,7.0,,,,,,2.0,,,,,,1.0,,4.0,,
447582,,,,,,,,133.0,,59.0,,,,,,16.0,6.0,5.0,1.0,7.0,,8.0,,12.0,,
447591,,,,,,,,42.0,,21.0,,,,,,5.0,,,,,,,,3.0,,
447607,,,,,,,,48.0,,18.0,,,,,,6.0,1.0,,,,,,,23.0,,
447616,,,,,,,,42.0,,16.0,,,,,,6.0,1.0,,,,,,,19.0,,
447689,,,,,,,,965.0,,528.0,,,,,,144.0,25.0,27.0,37.0,1.0,,33.0,,77.0,12.0,
447698,,,,,,,,30.0,,11.0,,,,,,5.0,1.0,,,5.0,,,,3.0,,
447704,,,,,,,,10.0,,5.0,,,,,,1.0,2.0,,,,,,,1.0,,
447713,,,,,,,,9.0,,6.0,,,,,,2.0,,,,,,,,1.0,,
447722,,,,,,,,7.0,,2.0,,,,,,1.0,1.0,,,,,,1.0,,,
447731,,,,,,,,17.0,,11.0,,,,,,1.0,,,,,,,,5.0,0.0,
447759,,,,,,,,29.0,,9.0,,,,,,4.0,2.0,,,,,8.0,2.0,3.0,1.0,
447768,,,,,,,,87.0,,31.0,,,,,,23.0,4.0,1.0,6.0,,,,1.0,17.0,,
447777,,,,,,,,61.0,,24.0,,,,,,7.0,7.0,1.0,,,,,9.0,7.0,,
447795,,,,,,,,6.0,,2.0,,,,,,2.0,1.0,,,,,,,0.0,,
447801,,,,,,,,12.0,,1.0,,,,,,7.0,,1.0,,1.0,,0.0,,0.0,,
447810,,,,,,,,39.0,,18.0,,,,,,5.0,1.0,1.0,,,,,,5.0,,
447847,,,,,,,,105.0,,63.0,1.0,,,,,7.0,2.0,1.0,1.0,,,5.0,,6.0,14.0,
447865,,,,,,,,4.0,,2.0,,,,,,,1.0,,,,,,,1.0,,
447874,,,,,,,,40.0,,17.0,,,,,,6.0,1.0,,,,,1.0,1.0,1.0,1.0,
447883,,,,,,,,33.0,,14.0,,,,,,5.0,5.0,,,,,,5.0,3.0,1.0,
447892,,,,,,,,13.0,,5.0,,,,,,2.0,2.0,,,,,2.0,,2.0,,
447908,,,,,,,,11.0,,4.0,,,,,,2.0,,,,,,3.0,,,,
447917,,,,,,,,7.0,,3.0,,,,,,3.0,0.0,,,,,,,1.0,,
447935,,,,,,,,42.0,,18.0,,,,,,5.0,6.0,2.0,,,,,4.0,2.0,,
447953,,,,,,,,50.0,,24.0,2.0,1.0,,,,5.0,5.0,1.0,1.0,,,1.0,1.0,,,
447962,,,,,,,,21.0,,11.0,,,,,,5.0,2.0,,,,,,1.0,1.0,,
447971,,,,,,,,20.0,,10.0,,,,,,2.0,1.0,,,,,2.0,,3.0,,
447980,,,,,,,,6.0,,4.0,,,,,,1.0,0.0,,,,,,,,,
447999,,,,,,,,22.0,,10.0,,,,,,2.0,3.0,,,,,,2.0,,,
448017,,,,,,,,24.0,,8.0,,,,,,3.0,2.0,,,2.0,,1.0,,8.0,,
448026,,,,,,,,21.0,,8.0,,,,,,2.0,3.0,,,,,,3.0,4.0,,
448044,,,,,,,,3.0,,0.0,,,,,,1.0,1.0,,,,,,0.0,,,
448071,,,,,,,,32.0,,16.0,,,,,,7.0,2.0,,,,,,5.0,,,
448123,,,,,,,,24.0,,8.0,,,,,,5.0,2.0,,,,,1.0,2.0,5.0,1.0,
448196,,,,,,,,15.0,,6.0,,,,,,4.0,1.0,0.0,,,,,1.0,2.0,,
448220,,,,,,,,14.0,,7.0,,,,,,1.0,,,,,,,2.0,3.0,0.0,
448239,,,,,,,,18.0,,10.0,,,,,,3.0,1.0,,,,,,,4.0,,
448248,,,,,,,,215.0,,104.0,,,,,,31.0,8.0,6.0,7.0,,,4.0,3.0,28.0,9.0,1.0
448257,,,,,,,,13.0,,7.0,,,,,,1.0,1.0,,,,,,1.0,3.0,,
448275,,,,,,,,4.0,,1.0,,,,,,1.0,,,,,,0.0,,1.0,,
448336,,,,,,,,20.0,,,,,,,,10.0,5.0,,4.0,,,,,1.0,,
448354,,,,,,,,22.0,,11.0,,,,,,1.0,2.0,1.0,,,,1.0,3.0,1.0,,
448381,,,,,,,,55.0,,,,,,,,23.0,3.0,9.0,,,,,,4.0,,
448424,,,,,,,,10.0,,5.0,,,,,,2.0,1.0,,,,,,,2.0,,
448433,,,,,,,,72.0,,35.0,,,,,,7.0,24.0,1.0,,,,,,2.0,3.0,
448594,,,,,,,,172.0,,75.0,,,,,,18.0,,1.0,1.0,,,17.0,,13.0,,
448600,,,,,,,,33.0,,15.0,,,,,,8.0,1.0,,,,,,2.0,5.0,,
448619,,,,,,,,75.0,,31.0,,,,,,17.0,1.0,1.0,,,,1.0,3.0,19.0,2.0,
448637,,,,,,,,64.0,,,2.0,,,,,14.0,23.0,13.0,,,,1.0,,7.0,,
448646,,,,,,,,18.0,,7.0,,,,,,2.0,,,,,,1.0,,4.0,,
448673,,,,,,,,212.0,,71.0,,,,,,38.0,36.0,,,,,,,6.0,,
448691,,,,,,,,40.0,,6.0,,,,,,10.0,1.0,2.0,,,,,,16.0,,
448707,,,,,,,,21.0,,4.0,,,,,,5.0,,,,,,4.0,3.0,2.0,,
448752,,,,,,,,20.0,,6.0,,,,,,2.0,4.0,1.0,,,,,,0.0,,
448761,,,,,,,,17.0,,5.0,,,,,,4.0,2.0,1.0,,,,,,1.0,,
448770,,,,,,,,32.0,,13.0,,,,,,3.0,1.0,,,,,,9.0,4.0,1.0,
448798,,,,,,,,10.0,,7.0,,,,,,1.0,,,,,,,,1.0,,
448840,,,,,,,,533.0,,183.0,2.0,,,,,33.0,49.0,17.0,42.0,2.0,,43.0,,58.0,22.0,3.0
448859,,,,,,,,23.0,,13.0,,,,,,2.0,,,,,,1.0,,1.0,,
448886,,,,,,,,1791.0,,770.0,14.0,5.0,,,,247.0,153.0,118.0,180.0,2.0,,22.0,9.0,177.0,19.0,4.0
448895,,,,,,,,40.0,,22.0,,,,,,3.0,,,,,,1.0,5.0,9.0,,
448983,,,,,,,,2.0,,1.0,,,,,,1.0,,,,,,,,,,
449038,,,,,,,,83.0,,35.0,,,,,,15.0,1.0,,,,,,14.0,,,
449074,,,,,,,,64.0,,33.0,,,,,,3.0,,,,,,,,18.0,,
449083,,,,,,,,18.0,,7.0,,,,,,1.0,2.0,1.0,,,,1.0,1.0,1.0,,
449092,,,,,,,,19.0,,10.0,,,,,,,3.0,1.0,,,,1.0,2.0,1.0,,
449135,,,,,,,,25.0,,12.0,,,,,,2.0,1.0,,1.0,,,,3.0,2.0,,
449250,,,,,,,,47.0,,28.0,,,,,,3.0,,,,,,,,1.0,,
449311,,,,,,,,16.0,,6.0,,,,,,1.0,2.0,,,,,1.0,1.0,2.0,,
449320,,,,,,,,58.0,,21.0,,,,,,22.0,,1.0,,,,,,10.0,,
449339,,,,,,,,1425.0,,827.0,,,,,,167.0,123.0,7.0,120.0,,,,,81.0,,
449348,,,,,,,,19.0,,10.0,,1.0,,,,1.0,1.0,,,,,,,1.0,1.0,
449357,,,,,,,,16.0,,8.0,,,,,,1.0,1.0,,,,,2.0,,3.0,,
449366,,,,,,,,76.0,,22.0,,,,,,7.0,,1.0,,0.0,,,17.0,9.0,1.0,3.0
449384,,,,,,,,69.0,,32.0,,,,,,4.0,3.0,7.0,4.0,,,,4.0,4.0,1.0,
449393,,,,,,,,4.0,,4.0,,,,,,0.0,0.0,,,,,,,,,
449445,,,,,,,,10.0,,6.0,,,,,,,,,,,,,,,,
449454,,,,,,,,14.0,,4.0,,,,,,2.0,1.0,,,3.0,,2.0,0.0,1.0,1.0,
449463,,,,,,,,19.0,,12.0,,,,,,1.0,2.0,,,,,3.0,,,,
449472,,,,,,,,10.0,,6.0,,,,,,,2.0,,,,,,,2.0,,
449481,,,,,,,,6.0,,2.0,,,,,,3.0,,,,,,,,1.0,,
449490,,,,,,,,14.0,,5.0,,,,,,6.0,1.0,,,,,,,2.0,,
449506,,,,,,,,22.0,,5.0,1.0,0.0,,,,5.0,3.0,1.0,1.0,,,1.0,,1.0,1.0,
449524,,,,,,,,24.0,,11.0,,,,,,6.0,1.0,,,,,,,4.0,,
449533,,,,,,,,7.0,,4.0,,,,,,1.0,,,,,,,,2.0,,
449597,,,,,,,,4.0,,2.0,,,,,,1.0,,,,,,,,1.0,,
449603,,,,,,,,21.0,,10.0,,,,,,3.0,1.0,,,,,0.0,2.0,3.0,,
449612,,,,,,,,16.0,,6.0,,,,,,3.0,3.0,,,,,2.0,,,,
449658,,,,,,,,9.0,,6.0,,,,,,1.0,0.0,,,,,0.0,1.0,0.0,,
449667,,,,,,,,20.0,,8.0,,,,,,4.0,2.0,,1.0,,,,,2.0,,
449676,,,,,,,,25.0,,11.0,,,,,,2.0,1.0,1.0,,,,1.0,5.0,4.0,,
449685,,,,,,,,29.0,,8.0,,,,,,5.0,3.0,1.0,,,,3.0,3.0,3.0,,
449700,,,,,,,,29.0,,9.0,,,,,,5.0,,,,,,,,,,
449719,,,,,,,,16.0,,9.0,,,,,,1.0,3.0,,,,,,1.0,2.0,0.0,
449728,,,,,,,,10.0,,5.0,,,,,,1.0,1.0,0.0,,,,,2.0,1.0,,
449764,,,,,,,,41.0,,20.0,,,,,,5.0,3.0,,,,,,6.0,2.0,1.0,
449773,,,,,,,,27.0,,8.0,,,,,,3.0,2.0,,2.0,,,,4.0,2.0,,
449782,,,,,,,,6.0,,3.0,,,,,,3.0,,,,,,,,,,
449807,,,,,,,,11.0,,6.0,,,,,,1.0,2.0,,,,,,,1.0,,
449816,,,,,,,,58.0,,28.0,,,,,,8.0,,2.0,,,,5.0,1.0,11.0,,
449834,,,,,,,,7.0,,5.0,,,,,,,0.0,,,,,,,2.0,,
449861,,,,,,,,20.0,,12.0,,,,,,3.0,1.0,,,,,,2.0,1.0,,
449870,,,,,,,,66.0,,30.0,,,,,,12.0,4.0,3.0,,,,4.0,,2.0,,
449889,,,,,,,,247.0,,114.0,,,,,,48.0,8.0,,,,,,,3.0,,
449898,,,,,,,,106.0,,63.0,,,,,,12.0,1.0,1.0,,,,,,7.0,,
449904,,,,,,,,13.0,,6.0,,,,,,2.0,,,,,,1.0,1.0,3.0,,
449922,,,,,,,,54.0,,26.0,1.0,,,,,5.0,1.0,3.0,,,,5.0,,6.0,,
449931,,,,,,,,53.0,,25.0,,,,,,5.0,5.0,,8.0,,,,,7.0,,
449959,,,,,,,,24.0,,17.0,,,,,,1.0,,,,,,,3.0,1.0,1.0,
449968,,,,,,,,27.0,,16.0,,,,,,2.0,,,,,,,4.0,4.0,2.0,
449977,,,,,,,,23.0,,10.0,,,,,,4.0,,,,,,,4.0,4.0,1.0,
449986,,,,,,,,25.0,,15.0,,,,,,1.0,,,,,,,4.0,5.0,1.0,
449995,,,,,,,,23.0,,11.0,,,,,,2.0,,,,,,,3.0,5.0,2.0,
450021,,,,,,,,23.0,,13.0,,,,,,2.0,1.0,,,,,1.0,4.0,1.0,,
450058,,,,,,,,93.0,,53.0,,,,,,10.0,9.0,1.0,6.0,,,0.0,,13.0,,
450067,,,,,,,,48.0,,27.0,,,,,,3.0,5.0,,,,,0.0,6.0,4.0,,
450119,,,,,,,,22.0,,12.0,,,,,,2.0,1.0,,,,,,3.0,3.0,,
450128,,,,,,,,27.0,,16.0,,,,,,2.0,1.0,,,,,,3.0,3.0,,
450298,,,,,,,,8.0,,1.0,,,,,,2.0,,,,,,,1.0,,,
450304,,,,,,,,37.0,,16.0,,,,,,5.0,3.0,1.0,,,,1.0,,5.0,,
450377,,,,,,,,38.0,,9.0,,,,,,8.0,,,,,,,8.0,,,
450395,,,,,,,,29.0,,13.0,,,,,,3.0,2.0,0.0,0.0,,,,5.0,3.0,1.0,1.0
450401,,,,,,,,36.0,,25.0,,,,,,1.0,2.0,,,,,,3.0,4.0,1.0,
450571,,,,,,,,64.0,,30.0,,,,,,10.0,,,,,,,,1.0,,
450599,,,,,,,,7.0,,4.0,,,,,,1.0,,,,,,,,1.0,,
450605,,,,,,,,7.0,,4.0,,,,,,1.0,,,,,,,,1.0,,
450614,,,,,,,,6.0,,4.0,,,,,,1.0,,,,,,,,1.0,,
450632,,,,,,,,29.0,,9.0,,,,,,2.0,,,,,,13.0,1.0,2.0,,
450641,,,,,,,,30.0,,9.0,,,,,,2.0,1.0,,,,,13.0,2.0,1.0,,
450650,,,,,,,,41.0,,13.0,,,,,,2.0,3.0,,,,,1.0,3.0,15.0,1.0,
450711,,,,,,,,15.0,,4.0,,,,,,1.0,,,,3.0,,,,4.0,,
450720,,,,,,,,38.0,,18.0,,,,,,9.0,,0.0,,,,2.0,,6.0,,
450933,,,,,,,,923.0,,374.0,,,,,,107.0,24.0,39.0,90.0,,,8.0,37.0,166.0,,
450951,,,,,,,,26.0,,13.0,,,,,,1.0,2.0,,,,,2.0,2.0,1.0,3.0,
450960,,,,,,,,24.0,,10.0,,,,,,2.0,2.0,,,,,,2.0,5.0,,
450979,,,,,,,,339.0,,131.0,,,,,,54.0,34.0,21.0,3.0,,,,5.0,0.0,,
450988,,,,,,,,11.0,,6.0,,,,,,1.0,2.0,,,,,,,2.0,,
451006,,,,,,,,13.0,,3.0,,,,,,2.0,3.0,1.0,,,,,1.0,,,
451033,,,,,,,,1.0,,1.0,,,,,,,,,,,,,,,,
451042,,,,,,,,16.0,,7.0,,,,,,3.0,2.0,,,1.0,,1.0,1.0,1.0,,
451051,,,,,,,,8.0,,4.0,,,,,,1.0,1.0,,,,,,,2.0,,
451079,,,,,,,,9.0,,,,1.0,,,,3.0,1.0,,,,,,,2.0,,
451097,,,,,,,,10.0,,6.0,,,,,,1.0,1.0,,,,,,,2.0,,
451103,,,,,,,,130.0,,66.0,,,,,,23.0,3.0,5.0,,,,2.0,,9.0,,
451121,,,,,,,,13.0,,8.0,,,,,,1.0,1.0,,,,,,,2.0,1.0,
451149,,,,,,,,54.0,,22.0,,,,,,4.0,3.0,,,,,2.0,11.0,9.0,,
451158,,,,,,,,74.0,,30.0,,,,,,8.0,4.0,,,,,2.0,10.0,18.0,,1.0
451167,,,,,,,,19.0,,9.0,,,,,,2.0,1.0,,,,,1.0,3.0,3.0,,
451194,,,,,,,,9.0,,4.0,,,,,,1.0,,,,,,,,3.0,,
451228,,,,,,,,20.0,,6.0,,,,,,4.0,,,,,,,,3.0,,
451237,,,,,,,,24.0,,16.0,,,,,,8.0,,,,,,,,,,
451255,,,,,,,,13.0,,3.0,,,,,,2.0,0.0,,,,,1.0,1.0,4.0,,
451264,,,,,,,,15.0,,5.0,,,,,,5.0,,1.0,,,,,,1.0,,
451282,,,,,,,,11.0,,6.0,,,,,,1.0,1.0,,,,,,,1.0,,
451291,,,,,,,,3.0,,1.0,,,,,,1.0,,,0.0,,,,,0.0,,
451307,,,,,,,,9.0,,2.0,,,,,,,,,,,,,2.0,1.0,,
451316,,,,,,,,10.0,,4.0,,,,,,2.0,,,,,,,,2.0,,
451334,,,,,,,,30.0,,16.0,,,,,,4.0,2.0,,,,,,3.0,4.0,,
451343,,,,,,,,9.0,,5.0,,,,,,2.0,1.0,,,,,,,,,
451352,,,,,,,,44.0,,22.0,,,,,,4.0,3.0,,,,,,,15.0,,
451370,,,,,,,,7.0,,5.0,,,,,,1.0,0.0,,,,,0.0,,,,
451398,,,,,,,,19.0,,10.0,,,,,,3.0,1.0,,,,,4.0,,1.0,,
451404,,,,,,,,37.0,,31.0,,,,,,1.0,2.0,,,,,1.0,,2.0,,
451413,,,,,,,,96.0,,62.0,,,,,,2.0,7.0,3.0,,,,3.0,0.0,4.0,4.0,
451459,,,,,,,,12.0,,5.0,,,,,,1.0,1.0,,,,,,1.0,2.0,,
451468,,,,,,,,30.0,,16.0,,,,,,1.0,2.0,,,,,,,6.0,,
451477,,,,,,,,148.0,,56.0,,,,,,19.0,,,,,,,,5.0,,
451495,,,,,,,,7.0,,4.0,,,,,,1.0,1.0,,,,,,1.0,,,
451501,,,,,,,,41.0,,14.0,,,,,,6.0,1.0,,,,,2.0,,2.0,,1.0
451510,,,,,,,,91.0,,39.0,,,,,,21.0,4.0,3.0,,,,5.0,,11.0,,
451529,,,,,,,,4.0,,3.0,,,,,,,,,,,,,,1.0,,
451547,,,,,,,,4.0,,2.0,,,,,,,1.0,,,,,,,1.0,,
451556,,,,,,,,186.0,,72.0,,,,,,22.0,17.0,5.0,,,,,13.0,26.0,21.0,
451565,,,,,,,,19.0,,10.0,,,,,,2.0,,,,,,,2.0,4.0,,
451574,,,,,,,,14.0,,7.0,,,,,,1.0,1.0,,,,,,4.0,1.0,,
451583,,,,,,,,119.0,,62.0,,,,,,8.0,7.0,3.0,3.0,,,13.0,3.0,13.0,2.0,
451626,,,,,,,,10.0,,5.0,,,,,,1.0,2.0,,,,,,,2.0,,
451635,,,,,,,,4.0,,3.0,,,,,,0.0,0.0,,,,,,,1.0,,
451671,,,,,,,,227.0,,113.0,,,,,,19.0,19.0,9.0,13.0,,,1.0,,30.0,1.0,
451714,,,,,,,,27.0,,13.0,,,,,,1.0,2.0,,,,,1.0,3.0,5.0,1.0,
451741,,,,,,,,46.0,,11.0,,,,,,16.0,10.0,,2.0,,,2.0,1.0,3.0,,
451750,,,,,,,,196.0,,90.0,,,,,,14.0,2.0,1.0,56.0,,,6.0,,14.0,,
451820,,,,,,,,53.0,,29.0,,,,,,4.0,2.0,,,,,,17.0,,,
451857,,,,,,,,37.0,,24.0,,,,,,4.0,1.0,,,,,,3.0,4.0,,
451866,,,,,,,,37.0,,20.0,,,,,,7.0,2.0,,,,,,5.0,2.0,,
451884,,,,,,,,1.0,,1.0,,,,,,,,,,,,,,,,
451918,,,,,,,,12.0,,8.0,,,,,,1.0,1.0,,,,,,,,,
451927,,,,,,,,63.0,,19.0,,1.0,,,,11.0,4.0,3.0,1.0,,,6.0,5.0,7.0,,
452009,,,,,,,,4.0,,3.0,,,,,,1.0,,,,,,,,,,
452072,,,,,,,,14.0,,4.0,,,,,,4.0,,,,,,,,1.0,,
452081,,,,,,,,33.0,,17.0,,,,,,4.0,,,,,,,,1.0,,
452106,,,,,,,,17.0,,8.0,,,,,,1.0,,,,,,,,5.0,2.0,
452124,,,,,,,,41.0,,24.0,,,,,,6.0,3.0,,,,,,,7.0,,
452373,,,,,,,,27.0,,12.0,,,,,,1.0,3.0,1.0,,,,,3.0,2.0,,
452540,,,,,,,,4.0,,1.0,,,,,,1.0,1.0,,,,,,,1.0,,
452771,,,,,,,,1.0,,1.0,,,,,,0.0,,,,,,,,0.0,,
452780,,,,,,,,1.0,,1.0,,,,,,0.0,,,,,,,,0.0,,
452887,,,,,,,,15.0,,6.0,,,,,,4.0,2.0,,,,,1.0,,2.0,,
452948,,,,,,,,61.0,,34.0,,,,,,7.0,,1.0,,,,3.0,,8.0,,
453163,,,,,,,,96.0,,27.0,,,,,,15.0,,,,,,,21.0,,,
453215,,,,,,,,23.0,,6.0,,,,,,6.0,,,,,,,4.0,1.0,,
453297,,,,,,,,8.0,,3.0,,,,,,1.0,,,,,,2.0,,1.0,,
453756,,,,,,,,21.0,,8.0,,,,,,1.0,,,,,,,,4.0,,
453792,,,,,,,,13.0,,6.0,,,,,,2.0,2.0,,,,,,,3.0,,
454184,,,,,,,,86.0,,31.0,,,,,,27.0,3.0,3.0,5.0,,,2.0,,14.0,,
454218,,,,,,,,631.0,,,,,,,,48.0,176.0,3.0,1.0,,,,,15.0,,
454227,,,,,,,,837.0,,596.0,,,,,,16.0,6.0,4.0,,,,,,18.0,,
454236,,,,,,,,85.0,,47.0,,,,,,4.0,1.0,3.0,,,,,,7.0,,
454245,,,,,,,,84.0,,49.0,,,,,,1.0,2.0,1.0,,,,,,5.0,,
454306,,,,,,,,14.0,,6.0,,,,,,3.0,,1.0,,,,,1.0,1.0,,
454458,,,,,,,,13.0,,7.0,,,,,,2.0,,,,,,,,,,
454537,,,,,,,,11.0,,4.0,,,,,,1.0,1.0,,,,,,3.0,2.0,,
454546,,,,,,,,8.0,,4.0,,,,,,1.0,,,,,,,1.0,2.0,,
454555,,,,,,,,19.0,,12.0,,,,,,1.0,,,,,,,1.0,5.0,,
454573,,,,,,,,4.0,,2.0,,,,,,2.0,,,,,,,,,,
454607,,,,,,,,30.0,,16.0,,,,,,1.0,4.0,,0.0,,,,3.0,,,
454616,,,,,,,,36.0,,16.0,,,,,,2.0,,3.0,,,,5.0,,1.0,,
454652,,,,,,,,38.0,,9.0,,,,,,7.0,1.0,,,,,8.0,2.0,7.0,1.0,
454689,,,,,,,,33.0,,18.0,,,,,,7.0,,1.0,,,,,,4.0,,
454698,,,,,,,,43.0,,18.0,,,,,,2.0,1.0,2.0,,,,,3.0,,,
454722,,,,,,,,6.0,,2.0,,,,,,1.0,,,,,,,,2.0,,
454759,,,,,,,,6.0,,3.0,,,,,,3.0,,,,,,,,,,
454768,,,,,,,,21.0,,9.0,,,,,,3.0,,,,,,,3.0,5.0,,
454777,,,,,,,,17.0,,7.0,,,,,,1.0,,,,,,0.0,3.0,6.0,,
454786,,,,,,,,93.0,,38.0,,,,,,14.0,3.0,4.0,1.0,,,,,4.0,,
454795,,,,,,,,17.0,,6.0,,,,,,4.0,0.0,,,,,,,,,
454801,,,,,,,,7.0,,4.0,,,,,,1.0,1.0,,,,,,,1.0,,
454810,,,,,,,,236.0,,73.0,,,,,,15.0,32.0,,,,,,74.0,11.0,,
454829,,,,,,,,255.0,,113.0,,,,,,16.0,,,,,,,,6.0,,
454838,,,,,,,,4.0,,1.0,,,,,,1.0,1.0,,,,,,,1.0,,
454847,,,,,,,,5.0,,3.0,,,,,,1.0,,,,,,,,1.0,,
454856,,,,,,,,90.0,,62.0,,,,,,10.0,7.0,,,,,1.0,,7.0,,
454865,,,,,,,,48.0,,29.0,,,,,,4.0,2.0,,,,,,,5.0,,
454874,,,,,,,,8.0,,4.0,,,,,,1.0,1.0,,,,,,,2.0,,
454917,,,,,,,,35.0,,15.0,,,,,,13.0,2.0,,,,,,,5.0,,
454926,,,,,,,,29.0,,13.0,,,,,,2.0,,,,,,1.0,4.0,8.0,1.0,
454935,,,,,,,,6.0,,5.0,,,,,,,,,,,,,,,,
454944,,,,,,,,20.0,,11.0,,,,,,2.0,2.0,,,,,,2.0,1.0,,
454953,,,,,,,,5.0,,2.0,,,,,,,1.0,,,,,,,,,
454962,,,,,,,,7.0,,4.0,,,,,,,1.0,,,,,,,0.0,,
454971,,,,,,,,35.0,,21.0,,,,,,1.0,,,,,,,,4.0,,
454980,,,,,,,,19.0,,11.0,,,,,,2.0,,,,,,,,2.0,,
454999,,,,,,,,18.0,,10.0,,,,,,2.0,,,,,,,,2.0,,
455008,,,,,,,,18.0,,12.0,,,,,,1.0,,,,,,,,1.0,,
455026,,,,,,,,23.0,,13.0,,,,,,5.0,3.0,,,,,,2.0,,,
455062,,,,,,,,3.0,,1.0,,,,,,1.0,0.0,,,,,,,,,
455071,,,,,,,,7.0,,2.0,,,,,,3.0,1.0,,,,,,1.0,,,
455080,,,,,,,,18.0,,12.0,,,,,,1.0,2.0,,,,,,2.0,1.0,,
455099,,,,,,,,17.0,,6.0,,,,,,4.0,,,,,,1.0,,5.0,,
455105,,,,,,,,11.0,,5.0,,,,,,2.0,2.0,,,,,,,,,
455114,,,,,,,,753.0,,269.0,,,,,,71.0,36.0,26.0,49.0,,,16.0,,68.0,8.0,
455141,,,,,,,,22.0,,12.0,,,,,,1.0,,,,,,,,4.0,,
455178,,,,,,,,28.0,,13.0,,,,,,2.0,1.0,,,,,,,7.0,1.0,
455187,,,,,,,,19.0,,10.0,,,,,,1.0,1.0,,0.0,,,1.0,,2.0,,
455196,,,,,,,,273.0,,153.0,,,,,,24.0,5.0,4.0,,,,2.0,18.0,10.0,,1.0
455202,,,,,,,,44.0,,13.0,,,,,,3.0,1.0,,,,,,,23.0,,
455211,,,,,,,,37.0,,15.0,,,,,,3.0,,,,,,,3.0,7.0,,
455220,,,,,,,,15.0,,5.0,,,,,,4.0,1.0,,,,,1.0,1.0,1.0,,
455239,,,,,,,,6.0,,3.0,,,,,,1.0,1.0,,,,,,,,,
455257,,,,,,,,21.0,,12.0,,,,,,2.0,3.0,,,,,,,3.0,,
455275,,,,,,,,22.0,,13.0,,,,,,1.0,,,,,,,,4.0,,
455284,,,,,,,,25.0,,10.0,,,,,,3.0,4.0,,,,,1.0,4.0,1.0,,
455327,,,,,,,,5.0,,1.0,,,,,,2.0,1.0,,,,,,,2.0,,
455336,,,,,,,,33.0,,11.0,,,,,,2.0,6.0,,,,,,2.0,12.0,,
455354,,,,,,,,37.0,,20.0,,,,,,10.0,,,,,,0.0,4.0,,,
455381,,,,,,,,15.0,,8.0,,,,,,2.0,1.0,,,1.0,,,1.0,1.0,,
455406,,,,,,,,170.0,,32.0,3.0,,,,,23.0,14.0,9.0,5.0,,,,,35.0,5.0,
455433,,,,,,,,43.0,,18.0,,,,,,15.0,,,,,,,,2.0,,
455460,,,,,,,,15.0,,7.0,,,,,,4.0,1.0,,,,,,,3.0,,
455479,,,,,,,,63.0,,38.0,,,,,,8.0,4.0,,2.0,,,,,10.0,,
455488,,,,,,,,26.0,,10.0,,,,,,6.0,2.0,,,,,,4.0,1.0,,
455512,,,,,,,,123.0,,91.0,,,,,,11.0,,,,,,11.0,,9.0,,
455558,,,,,,,,9.0,,6.0,,,,,,1.0,,,,,,1.0,,0.0,,
455628,,,,,,,,47.0,,26.0,,,,,,5.0,4.0,,1.0,1.0,,,,9.0,,
455664,,,,,,,,81.0,,31.0,0.0,,,,,29.0,2.0,,,,,,4.0,5.0,,
455707,,,,,,,,5.0,,3.0,,,,,,,,,,,,,,1.0,,
455725,,,,,,,,61.0,,31.0,,,,,,7.0,3.0,,,,,,8.0,6.0,,
455734,,,,,,,,21.0,,10.0,,,,,,2.0,2.0,,,,,,,3.0,,
455761,,,,,,,,29.0,,16.0,,,,,,,,,,,,1.0,3.0,,1.0,
455770,,,,,,,,40.0,,9.0,,,,,,1.0,1.0,,9.0,,,2.0,1.0,13.0,,
455798,,,,,,,,10.0,,5.0,,,,,,1.0,1.0,,,,,,1.0,1.0,0.0,
455804,,,,,,,,79.0,,41.0,,,,,,5.0,2.0,,,,,,,12.0,,
455813,,,,,,,,16.0,,9.0,2.0,,,,,2.0,,,,,,,,3.0,,
455831,,,,,,,,14.0,,5.0,,,,,,2.0,,,,,,,3.0,3.0,,
455859,,,,,,,,26.0,,14.0,,,,,,4.0,3.0,,1.0,,,,,4.0,,
455868,,,,,,,,26.0,,11.0,,,,,,3.0,2.0,,,,,,,2.0,,
455877,,,,,,,,24.0,,10.0,,,,,,3.0,4.0,,,,,,4.0,,1.0,
455886,,,,,,,,17.0,,12.0,,,,,,1.0,,,,,,,,2.0,,
455895,,,,,,,,30.0,,18.0,,,,,,1.0,,,,,,,,3.0,,
455901,,,,,,,,22.0,,10.0,,,,,,3.0,1.0,,,,,,4.0,4.0,,
455910,,,,,,,,7.0,,1.0,,,,,,2.0,1.0,,,,,,1.0,1.0,,
455929,,,,,,,,9.0,,4.0,,,,,,1.0,1.0,,,,,,,1.0,,
455956,,,,,,,,21.0,,5.0,,,,,,2.0,,,,,,5.0,,8.0,,
455965,,,,,,,,18.0,,10.0,,,,,,2.0,2.0,,,,,,,4.0,,
455974,,,,,,,,37.0,,12.0,,,,,,3.0,1.0,1.0,,,,,4.0,8.0,,
455983,,,,,,,,39.0,,11.0,,,,,,6.0,2.0,,0.0,,,1.0,,3.0,,
455992,,,,,,,,95.0,,28.0,,,,,,21.0,4.0,2.0,2.0,,,5.0,2.0,14.0,13.0,
456001,,,,,,,,12.0,,5.0,,,,,,1.0,,,,,,,3.0,3.0,,
456029,,,,,,,,21.0,,9.0,,,,,,2.0,1.0,,,,,,5.0,3.0,0.0,
456038,,,,,,,,39.0,,18.0,,,,,,3.0,,,,,,,,13.0,,
456065,,,,,,,,22.0,,10.0,,,,,,3.0,1.0,,,,,,3.0,2.0,0.0,
456074,,,,,,,,19.0,,10.0,,,,,,2.0,1.0,,,,,,2.0,1.0,,
456126,,,,,,,,7.0,,4.0,,,,,,1.0,,,,,,,,1.0,,
456135,,,,,,,,8.0,,5.0,,,,,,1.0,,,,,,,,1.0,,
456153,,,,,,,,19.0,,7.0,,,,,,1.0,1.0,,,,,,,10.0,,
456180,,,,,,,,10.0,,6.0,,,,,,2.0,,,,1.0,,,,1.0,,
456205,,,,,,,,43.0,,17.0,,,,,,3.0,2.0,,,,,,7.0,2.0,,
456214,,,,,,,,30.0,,12.0,,,,,,3.0,1.0,1.0,,,,,,1.0,,
456287,,,,,,,,11.0,,7.0,,,,,,1.0,,,,,,,2.0,,,
456454,,,,,,,,52.0,,30.0,,,,,,8.0,4.0,,,1.0,,,,8.0,,
456481,,,,,,,,14.0,,8.0,,,,,,1.0,,,,,,,,1.0,,
456490,,,,,,,,54.0,,23.0,1.0,,,,,5.0,,3.0,,,,,,3.0,1.0,
456506,,,,,,,,14.0,,6.0,,,,,,3.0,,,,,,,,2.0,,
456515,,,,,,,,4.0,,2.0,,,,,,1.0,,,,,,,,,,
456542,,,,,,,,172.0,,44.0,4.0,,,,,44.0,7.0,9.0,,,,8.0,,30.0,,
456551,,,,,,,,9.0,,7.0,,,,,,2.0,,,,,,,,,,
456560,,,,,,,,25.0,,9.0,,,,,,1.0,,1.0,1.0,,,6.0,,6.0,,1.0
456579,,,,,,,,47.0,,23.0,,,,,,4.0,2.0,,,,,,3.0,4.0,,
456588,,,,,,,,3.0,,2.0,,,,,,1.0,,,,,,,,,,
456597,,,,,,,,8.0,,5.0,,,,,,1.0,,,,,,,1.0,1.0,,
456621,,,,,,,,6.0,,1.0,,,,,,1.0,,,,,,,1.0,,,
456825,,,,,,,,11.0,,5.0,,,,,,1.0,1.0,,,,,,1.0,3.0,,
456922,,,,,,,,33.0,,14.0,,,,,,4.0,2.0,,,,,1.0,4.0,2.0,,
456931,,,,,,,,34.0,,18.0,,,,,,4.0,2.0,,,,,,5.0,3.0,1.0,
456959,,,,,,,,90.0,,37.0,,,,,,7.0,17.0,6.0,19.0,,,,,3.0,,
456968,,,,,,,,89.0,,47.0,,,,,,7.0,8.0,,,,,2.0,6.0,14.0,,
456977,,,,,,,,16.0,,5.0,,,,,,1.0,,1.0,,,,,2.0,6.0,,
457031,,,,,,,,8.0,,5.0,,,,,,1.0,1.0,,,,,,1.0,,,
457077,,,,,,,,34.0,,20.0,,,,,,2.0,,,,,,1.0,3.0,7.0,,
457086,,,,,,,,19.0,,8.0,,,,,,,,,,,,,,11.0,,
457101,,,,,,,,31.0,,11.0,,,,,,9.0,,,,,,,,2.0,,
457110,,,,,,,,38.0,,22.0,,,,,,7.0,,,,,,,,3.0,,
457129,,,,,,,,110.0,,59.0,,,,,,3.0,4.0,2.0,,,,,,7.0,,
457174,,,,,,,,26.0,,13.0,,,,,,6.0,1.0,,,,,,2.0,4.0,,
457192,,,,,,,,13.0,,2.0,,,,,,4.0,1.0,,,,,3.0,,3.0,,
457208,,,,,,,,13.0,,4.0,,,,,,1.0,,,,,,,2.0,1.0,,
457226,,,,,,,,9.0,,5.0,0.0,,,,,2.0,0.0,,,,,,,0.0,,
457244,,,,,,,,7.0,,3.0,,,,,,1.0,2.0,,,,,,,1.0,,
457253,,,,,,,,5.0,,3.0,,,,,,1.0,,,,,,,,1.0,,
457271,,,,,,,,11.0,,1.0,,,,,,7.0,,,,,,3.0,1.0,,,
457299,,,,,,,,33.0,,9.0,,,,,,7.0,,1.0,,,,,,14.0,,
457314,,,,,,,,22.0,,6.0,,,,,,5.0,8.0,,,,,,,,,
457323,,,,,,,,34.0,,11.0,,,,,,6.0,1.0,,,,,2.0,5.0,5.0,,
457332,,,,,,,,4.0,,3.0,,,,,,,,,,,,,,1.0,,
457341,,,,,,,,21.0,,12.0,,,,,,5.0,,,0.0,,,,,0.0,,
457350,,,,,,,,13.0,,9.0,,,,,,4.0,0.0,,,,,,,0.0,,
457378,,,,,,,,26.0,,14.0,,,,,,2.0,1.0,,,,,2.0,,4.0,,
457387,,,,,,,,67.0,,31.0,,,,,,5.0,,,,,,1.0,1.0,25.0,,
457396,,,,,,,,11.0,,6.0,,,,,,2.0,1.0,,,,,,,2.0,,
457402,,,,,,,,13.0,,4.0,,,,,,2.0,1.0,,,,,,,1.0,1.0,
457411,,,,,,,,39.0,,19.0,,,,,,5.0,,,,,,,,15.0,,
457420,,,,,,,,23.0,,13.0,,,,,,3.0,1.0,,,,,,,4.0,,
457439,,,,,,,,11.0,,6.0,,,,,,1.0,,,,,,,,2.0,,
457448,,,,,,,,12.0,,5.0,,,,,,4.0,1.0,,,,,,,1.0,1.0,
457466,,,,,,,,11.0,,4.0,,,,,,,2.0,,,,,,,2.0,1.0,
457475,,,,,,,,16.0,,8.0,,,,,,1.0,1.0,,,,,,1.0,4.0,,
457484,,,,,,,,21.0,,8.0,,,,,,3.0,2.0,,0.0,,,1.0,,2.0,,
457493,,,,,,,,3.0,,1.0,,,,,,1.0,1.0,,,,,,,,,
457527,,,,,,,,25.0,,12.0,,,,,,4.0,1.0,,,,,,,,,
457536,,,,,,,,75.0,,25.0,,,,,,17.0,6.0,2.0,0.0,,,0.0,1.0,2.0,,
457545,,,,,,,,14.0,,7.0,,,,,,1.0,,,,,,,2.0,4.0,,
457554,,,,,,,,5.0,,2.0,,,,,,1.0,1.0,,,,,,,,,
457563,,,,,,,,29.0,,15.0,,,,,,1.0,2.0,,,,,,,6.0,,
457572,,,,,,,,14.0,,7.0,,,,,,,4.0,,,,,,1.0,2.0,,
457581,,,,,,,,29.0,,14.0,,,,,,3.0,,,2.0,,,,4.0,2.0,,
457606,,,,,,,,7.0,,3.0,,,,,,2.0,,,,,,,,2.0,,
457615,,,,,,,,11.0,,6.0,,,,,,1.0,1.0,0.0,0.0,,,0.0,,1.0,0.0,
457624,,,,,,,,6.0,,4.0,,,,,,1.0,,,,,,,,1.0,,
457633,,,,,,,,17.0,,8.0,,,,,,3.0,1.0,,,,,,1.0,4.0,,
457642,,,,,,,,4.0,,2.0,,,,,,1.0,,,,,,,,,,
457651,,,,,,,,15.0,,6.0,,,,,,4.0,1.0,,,,,,,2.0,,
457679,,,,,,,,1.0,,1.0,,,,,,,,,,,,,,0.0,,
457688,,,,,,,,25.0,,12.0,1.0,,,,,2.0,1.0,1.0,,,,,3.0,,,
457697,,,,,,,,13.0,,7.0,,,,,,4.0,0.0,,,,,,,,,
457721,,,,,,,,4.0,,2.0,,,,,,1.0,1.0,,,,,,,,,
457749,,,,,,,,13.0,,7.0,,,,,,2.0,,,,,,1.0,,4.0,,
457767,,,,,,,,30.0,,10.0,,,,,,7.0,0.0,,,,,1.0,5.0,5.0,,
457776,,,,,,,,15.0,,6.0,,,,,,3.0,1.0,,,,,,1.0,1.0,,
457785,,,,,,,,21.0,,12.0,,,,,,2.0,2.0,1.0,,,,,,2.0,,
457794,,,,,,,,28.0,,6.0,,,,,,4.0,2.0,1.0,1.0,,,8.0,,3.0,,
457800,,,,,,,,12.0,,6.0,,,,,,,,,,,,,,6.0,,
457819,,,,,,,,154.0,,21.0,,,,,,29.0,4.0,4.0,5.0,,,60.0,,2.0,,
457837,,,,,,,,18.0,,9.0,,,,,,4.0,1.0,,,,,,2.0,1.0,0.0,
457846,,,,,,,,10.0,,3.0,,,,,,1.0,2.0,,,,,,1.0,2.0,,
457855,,,,,,,,8.0,,4.0,,,,,,2.0,1.0,,,,,,,1.0,,
457873,,,,,,,,31.0,,22.0,,,,,,1.0,1.0,,,,,,,4.0,,
457916,,,,,,,,7.0,,4.0,,,,,,1.0,1.0,,,,,,1.0,,,
457925,,,,,,,,6.0,,5.0,,,,,,,0.0,,,,,,,,,
457943,,,,,,,,52.0,,29.0,,,,,,3.0,1.0,2.0,,1.0,,6.0,,5.0,,
457952,,,,,,,,27.0,,14.0,,,,,,2.0,1.0,,,,,0.0,5.0,2.0,,
457989,,,,,,,,6.0,,3.0,,,,,,1.0,1.0,,,,,,,1.0,,
457998,,,,,,,,9.0,,4.0,,,,,,1.0,1.0,,,,,1.0,,2.0,,
458007,,,,,,,,12.0,,3.0,,,,,,2.0,2.0,,,,,,,2.0,,
458034,,,,,,,,15.0,,10.0,,,,,,1.0,2.0,,,,,2.0,,,,
458043,,,,,,,,13.0,,7.0,,,,,,2.0,1.0,,,,,,2.0,1.0,,
458052,,,,,,,,4.0,,2.0,,,,,,1.0,,,,,,,,1.0,,
458061,,,,,,,,21.0,,3.0,,,,,,2.0,1.0,1.0,,,,3.0,2.0,2.0,2.0,2.0
458070,,,,,,,,27.0,,12.0,,,,,,3.0,6.0,,,,,,1.0,4.0,,
458098,,,,,,,,23.0,,8.0,,,,,,2.0,1.0,1.0,9.0,,,,1.0,,,
458104,,,,,,,,12.0,,4.0,,,,,,2.0,1.0,,,,,1.0,,2.0,,
458113,,,,,,,,6.0,,4.0,,,,,,1.0,,,,,,,,0.0,,
458122,,,,,,,,4.0,,2.0,,,,,,,,,,,,,,2.0,,
458131,,,,,,,,19.0,,9.0,,,,,,4.0,,,,,,,3.0,2.0,,1.0
458140,,,,,,,,11.0,,6.0,,,,,,,1.0,,,,,1.0,,2.0,,
458168,,,,,,,,23.0,,8.0,,,,,,4.0,2.0,,1.0,,,2.0,2.0,,,
458210,,,,,,,,222.0,,120.0,,,,,,23.0,6.0,3.0,12.0,,,,,33.0,2.0,
458229,,,,,,,,180.0,,106.0,,,,,,18.0,7.0,2.0,9.0,,,,,25.0,1.0,
458265,,,,,,,,47.0,,24.0,,,,,,3.0,1.0,,,,,7.0,,9.0,2.0,
458274,,,,,,,,28.0,,12.0,,,,,,2.0,,,,,,,6.0,7.0,1.0,
458380,,,,,,,,13.0,,5.0,,,,,,1.0,,,,,,,,3.0,,
458405,,,,,,,,44.0,,22.0,,,,,,4.0,2.0,,,,,,6.0,1.0,,
458423,,,,,,,,5.0,,2.0,,,,,,1.0,,,,,,,,1.0,,
458441,,,,,,,,29.0,,12.0,,,,,,3.0,2.0,,,,,,4.0,3.0,,
458496,,,,,,,,38.0,,23.0,,,,,,4.0,3.0,,,,,,7.0,,,
458681,,,,,,,,31.0,,17.0,,,,,,3.0,3.0,,,,,,3.0,3.0,,
458803,,,,,,,,11.0,,6.0,,,,,,2.0,,,,,,,,2.0,,
458812,,,,,,,,7.0,,4.0,,,,,,1.0,,,,,,,,1.0,,
458821,,,,,,,,5.0,,2.0,,,,,,1.0,,,,,,,,1.0,,
458830,,,,,,,,10.0,,5.0,,,,,,2.0,,,,,,,,1.0,,
458849,,,,,,,,8.0,,5.0,,,,,,1.0,,,,,,,,1.0,,
458858,,,,,,,,10.0,,6.0,,,,,,3.0,,,,,,,,0.0,,
458867,,,,,,,,13.0,,9.0,,,,,,1.0,,,,,,,,1.0,,
458885,,,,,,,,9.0,,3.0,,,,,,2.0,,,,,,,2.0,,,
458919,,,,,,,,161.0,,43.0,,,,,,28.0,,,,,,,34.0,,,
458955,,,,,,,,11.0,,2.0,,,,,,2.0,,,,,,,3.0,,,
458964,,,,,,,,50.0,,14.0,,,,,,7.0,,,,,,,11.0,,,
458973,,,,,,,,83.0,,28.0,,,,,,18.0,,,,,,,15.0,,,
458982,,,,,,,,54.0,,34.0,,,,,,4.0,3.0,,,,,,12.0,,,
459000,,,,,,,,6.0,,3.0,,,,,,1.0,,,,,,,,1.0,,
459019,,,,,,,,7.0,,4.0,,,,,,1.0,,,,,,,,1.0,,
459046,,,,,,,,6.0,,3.0,,,,,,1.0,,,,,,,,1.0,,
459055,,,,,,,,8.0,,5.0,,,,,,1.0,,,,,,,,1.0,,
459064,,,,,,,,8.0,,5.0,,,,,,1.0,,,,,,,,1.0,,
459116,,,,,,,,12.0,,5.0,,,,,,1.0,,,,,,,2.0,4.0,,
459125,,,,,,,,3.0,,2.0,,,,,,,1.0,,,,,,,,,
459170,,,,,,,,38.0,,18.0,,,,,,6.0,1.0,,1.0,,,1.0,1.0,1.0,,
459189,,,,,,,,10.0,,4.0,,,,,,1.0,,,,,,2.0,0.0,,,
459198,,,,,,,,37.0,,17.0,,,,,,1.0,,,,,,,11.0,7.0,1.0,
459204,,,,,,,,303.0,,94.0,,,,,,27.0,87.0,2.0,,5.0,,,,,,
459213,,,,,,,,321.0,,133.0,,,,,,58.0,8.0,7.0,,,,2.0,,44.0,,
459231,,,,,,,,22.0,,9.0,,,,,,7.0,2.0,,,,,,3.0,,,
459259,,,,,,,,80.0,,46.0,,,,,,9.0,1.0,1.0,,,,,,4.0,,
459268,,,,,,,,70.0,,40.0,,,,,,12.0,,1.0,,,,,,3.0,,
459277,,,,,,,,38.0,,21.0,,,,,,3.0,2.0,,,,,,11.0,1.0,,
459286,,,,,,,,23.0,,14.0,,,,,,1.0,,,,,,,2.0,7.0,,
459295,,,,,,,,9.0,,4.0,,,,,,2.0,2.0,,,,,,,1.0,,
459301,,,,,,,,13.0,,4.0,,,,,,1.0,1.0,,,,,,2.0,4.0,,
459310,,,,,,,,16.0,,5.0,,,,,,5.0,2.0,1.0,1.0,1.0,,,,3.0,,
459329,,,,,,,,44.0,,17.0,,,,,,3.0,2.0,,,1.0,,8.0,,1.0,,
459347,,,,,,,,11.0,,5.0,,,,,,2.0,,,,,,,,2.0,,
459374,,,,,,,,14.0,,6.0,,,,,,5.0,1.0,,,,,,,1.0,,
459392,,,,,,,,13.0,,8.0,,,,,,2.0,1.0,,,,,,2.0,,,
459408,,,,,,,,8.0,,5.0,,,,,,1.0,,,,,,,,2.0,,
459417,,,,,,,,20.0,,10.0,,,,,,4.0,1.0,,1.0,,,,,2.0,,
459426,,,,,,,,23.0,,14.0,,,,,,2.0,1.0,,0.0,,,0.0,4.0,1.0,,
459462,,,,,,,,23.0,,8.0,,,,,,1.0,,6.0,,,,,,1.0,,
459499,,,,,,,,6.0,,5.0,,,,,,1.0,,,,,,,,1.0,,
459514,,,,,,,,12.0,,5.0,,,,,,2.0,,,,,,,,,,
459523,,,,,,,,9.0,,2.0,,,,,,2.0,1.0,,,,,1.0,,1.0,,
459532,,,,,,,,10.0,,3.0,,,,,,3.0,0.0,,1.0,,,1.0,1.0,1.0,,
459541,,,,,,,,8.0,,3.0,,,,,,,2.0,,,,,,,1.0,,
459550,,,,,,,,15.0,,8.0,,,,,,2.0,1.0,,,,,,1.0,3.0,,
459578,,,,,,,,11.0,,6.0,,,,,,1.0,,,,,,,2.0,2.0,,
459727,,,,,,,,76.0,,45.0,,,,,,7.0,4.0,1.0,,,,1.0,,4.0,,
459736,,,,,,,,339.0,,148.0,3.0,,,,,35.0,12.0,25.0,17.0,5.0,,26.0,,59.0,,
459745,,,,,,,,60.0,,39.0,,,,,,7.0,1.0,,,,,,1.0,1.0,,
459824,,,,,,,,295.0,,105.0,,,,,,50.0,10.0,13.0,15.0,11.0,,17.0,,64.0,3.0,1.0
459842,,,,,,,,50.0,,31.0,,,,,,2.0,,1.0,,,,,,3.0,,
459851,,,,,,,,39.0,,27.0,,,,,,2.0,,,,,,,,2.0,,
459949,,,,,,,,533.0,,220.0,1.0,,,,,84.0,29.0,28.0,55.0,,,13.0,,76.0,,
459958,,,,,,,,35.0,,15.0,,,,,,6.0,3.0,,1.0,,,,,8.0,,
459994,,,,,,,,810.0,,366.0,,,,,,187.0,24.0,1.0,,,,,74.0,99.0,,
460011,,,,,,,,19.0,,13.0,,,,,,1.0,,,,,,,2.0,2.0,,
460020,,,,,,,,48.0,,29.0,,,,,,7.0,3.0,,1.0,,,,,7.0,,
460093,,,,,,,,13.0,,5.0,,,,,,3.0,,,,,,,,1.0,,
460109,,,,,,,,14.0,,8.0,,,,,,3.0,,,,,,,,1.0,,
460118,,,,,,,,14.0,,6.0,,,,,,3.0,,,,,,,,1.0,,
460127,,,,,,,,14.0,,8.0,,,,,,3.0,,,,,,,,1.0,,
460136,,,,,,,,95.0,,56.0,,,,,,3.0,,,,,,,,26.0,,
460145,,,,,,,,34.0,,16.0,,,,,,1.0,,,,,,,,8.0,,
460172,,,,,,,,65.0,,33.0,,,,,,6.0,3.0,,,,,1.0,8.0,4.0,4.0,
460181,,,,,,,,60.0,,17.0,,,,,,16.0,1.0,,,,,,9.0,12.0,,
460190,,,,,,,,30.0,,6.0,,,,,,11.0,1.0,,,,,,4.0,6.0,,
460206,,,,,,,,52.0,,17.0,,,,,,10.0,1.0,,,,,,8.0,13.0,,
460349,,,,,,,,151.0,,70.0,,,,,,10.0,13.0,3.0,,,,,14.0,3.0,,
460376,,,,,,,,50.0,,23.0,,,,,,6.0,3.0,1.0,1.0,,,2.0,,4.0,,
460385,,,,,,,,12.0,,6.0,,,,,,1.0,2.0,,,,,,,1.0,,
460394,,,,,,,,341.0,,197.0,,,,,,23.0,12.0,3.0,12.0,1.0,,22.0,,69.0,,
460446,,,,,,,,11.0,,5.0,,,,,,1.0,2.0,,,,,,1.0,1.0,,
460455,,,,,,,,12.0,,5.0,,,,,,1.0,2.0,,,,,0.0,1.0,2.0,,
460464,,,,,,,,342.0,,188.0,,,,,,28.0,10.0,3.0,13.0,,,20.0,,73.0,,
460482,,,,,,,,35.0,,14.0,,,,,,8.0,,,,,,,,4.0,,
460516,,,,,,,,18.0,,10.0,,,,,,2.0,,,,,,,1.0,5.0,,
460525,,,,,,,,13.0,,8.0,,,,,,1.0,,,,,,,2.0,2.0,,
460534,,,,,,,,27.0,,13.0,,,,,,2.0,,,,,,1.0,4.0,7.0,,
460543,,,,,,,,70.0,,35.0,,,,,,10.0,22.0,1.0,,,,,,1.0,1.0,
460570,,,,,,,,9.0,,4.0,,,,,,4.0,,,,,,,,,,
460598,,,,,,,,6.0,,4.0,,,,,,2.0,,,,,,,,,,
460677,,,,,,,,34.0,,17.0,,,,,,1.0,,1.0,1.0,,,,4.0,5.0,1.0,1.0
460701,,,,,,,,13.0,,7.0,,,,,,1.0,1.0,,,,,0.0,1.0,2.0,,
460738,,,,,,,,153.0,,75.0,,,,,,9.0,12.0,8.0,2.0,,,,23.0,2.0,,
460756,,,,,,,,55.0,,19.0,,,,,,10.0,9.0,1.0,,,,,4.0,1.0,,
460765,,,,,,,,5.0,,3.0,,,,,,1.0,,,,,,,,1.0,,
460783,,,,,,,,25.0,,,,,,,,17.0,2.0,,,,,,2.0,4.0,,
460808,,,,,,,,26.0,,6.0,,,,,,2.0,1.0,,,3.0,,2.0,1.0,1.0,,3.0
460817,,,,,,,,31.0,,11.0,,,,,,4.0,2.0,,,,,2.0,4.0,1.0,,
460826,,,,,,,,41.0,,19.0,,,,,,3.0,2.0,,,,,1.0,6.0,4.0,,
460835,,,,,,,,38.0,,18.0,,,,,,5.0,2.0,,,,,2.0,5.0,3.0,,
460862,,,,,,,,24.0,,9.0,,,,,,3.0,2.0,1.0,1.0,,,,6.0,1.0,,
460871,,,,,,,,56.0,,30.0,,,,,,2.0,2.0,1.0,,,,,,4.0,,
460899,,,,,,,,32.0,,15.0,,,,,,3.0,5.0,0.0,,2.0,,,,,,
460914,,,,,,,,36.0,,19.0,,,,,,2.0,3.0,,,,,,4.0,2.0,,
460932,,,,,,,,6.0,,4.0,,,,,,,1.0,,,,,,,1.0,,
460969,,,,,,,,20.0,,11.0,,,,,,,,,,,,,,9.0,,
460978,,,,,,,,17.0,,8.0,,,,,,1.0,,,,,,,6.0,1.0,,
460987,,,,,,,,12.0,,9.0,,,,,,1.0,1.0,,,,,,,,,
460996,,,,,,,,11.0,,6.0,,,,,,2.0,,,,,,,,4.0,,
461005,,,,,,,,11.0,,6.0,,,,,,5.0,,,,,,,,,,
461014,,,,,,,,83.0,,27.0,,,,,,1.0,,1.0,,,,2.0,15.0,4.0,,
461023,,,,,,,,50.0,,13.0,,,,,,4.0,2.0,2.0,12.0,,,,1.0,,,
461032,,,,,,,,16.0,,8.0,,,,,,1.0,,0.0,,,,,,2.0,,
461087,,,,,,,,35.0,,9.0,,,,,,13.0,3.0,,1.0,,,3.0,,6.0,,
461111,,,,,,,,16.0,,4.0,,,,,,3.0,1.0,,,,,5.0,,3.0,,
461120,,,,,,,,11.0,,7.0,,,,,,3.0,0.0,,1.0,,,,,,,
461139,,,,,,,,8.0,,3.0,,0.0,,,,2.0,0.0,0.0,,,,0.0,,2.0,,
461148,,,,,,,,731.0,,303.0,,1.0,,,,124.0,17.0,7.0,24.0,3.0,,21.0,41.0,70.0,,
461157,,,,,,,,24.0,,13.0,,,,,,2.0,,,,,,5.0,,4.0,,
461175,,,,,,,,8.0,,4.0,,,,,,1.0,0.0,,,,,,,3.0,,
461193,,,,,,,,28.0,,11.0,,,,,,4.0,2.0,,,,,,4.0,5.0,2.0,
461218,,,,,,,,47.0,,14.0,,,,,,5.0,1.0,1.0,,,,,10.0,3.0,2.0,
461245,,,,,,,,30.0,,11.0,,,,,,2.0,1.0,1.0,2.0,,,,,7.0,,
461254,,,,,,,,14.0,,5.0,,,,,,0.0,2.0,,,,,,,1.0,,
461263,,,,,,,,10.0,,5.0,,,,,,2.0,1.0,,,,,,,3.0,,
461272,,,,,,,,8.0,,3.0,,,,,,2.0,1.0,,1.0,,,0.0,,1.0,,
461281,,,,,,,,12.0,,6.0,,,,,,4.0,,0.0,,,,,,0.0,,
461290,,,,,,,,8.0,,5.0,,,,,,1.0,1.0,,,,,,,,,
461306,,,,,,,,33.0,,16.0,,,,,,3.0,2.0,,0.0,0.0,,5.0,,4.0,,
461315,,,,,,,,33.0,,10.0,,,,,,1.0,1.0,,,,,,,15.0,1.0,
461324,,,,,,,,15.0,,6.0,,,,,,3.0,1.0,1.0,,,,,,3.0,,
461333,,,,,,,,19.0,,8.0,,,,,,3.0,1.0,,,,,,,2.0,5.0,
461342,,,,,,,,15.0,,8.0,,,,,,0.0,1.0,,,,,,1.0,2.0,,
461351,,,,,,,,35.0,,16.0,,,,,,5.0,3.0,2.0,,,,1.0,6.0,2.0,,
461379,,,,,,,,9.0,,4.0,,,,,,1.0,1.0,,,,,,,3.0,,
461388,,,,,,,,9.0,,4.0,,,,,,1.0,2.0,,,,,,,1.0,,
461412,,,,,,,,29.0,,21.0,,,,,,3.0,,,,,,1.0,,2.0,,0.0
461421,,,,,,,,26.0,,10.0,,,,,,3.0,2.0,,,,,,3.0,6.0,1.0,
461430,,,,,,,,49.0,,18.0,,,,,,13.0,3.0,1.0,1.0,,,1.0,,1.0,,
461485,,,,,,,,17.0,,7.0,,,,,,1.0,,,,,,,1.0,2.0,,
461494,,,,,,,,22.0,,11.0,,,,,,7.0,,,,,,,,3.0,0.0,
461500,,,,,,,,9.0,,4.0,,,,,,2.0,1.0,,,,,,,0.0,,
461528,,,,,,,,16.0,,4.0,,,,,,4.0,0.0,,,,,0.0,,6.0,,
461537,,,,,,,,6.0,,2.0,,,,,,,3.0,,,,,,,,,
461555,,,,,,,,18.0,,9.0,,,,,,1.0,1.0,,,,,,1.0,2.0,,
461573,,,,,,,,11.0,,6.0,,,,,,2.0,,,,,,,1.0,1.0,,
461582,,,,,,,,24.0,,8.0,,,,,,1.0,1.0,1.0,2.0,,,6.0,2.0,1.0,,
461591,,,,,,,,12.0,,4.0,,,,,,2.0,,,,,,,4.0,2.0,,
461607,,,,,,,,11.0,,5.0,,,,,,1.0,,,,,,1.0,,4.0,,
461625,,,,,,,,9.0,,3.0,,,,,,1.0,1.0,,,,,,1.0,2.0,0.0,
461643,,,,,,,,16.0,,8.0,,,,,,2.0,3.0,,,,,,,1.0,1.0,
461652,,,,,,,,8.0,,3.0,,,,,,1.0,1.0,,1.0,,,,,1.0,,
461689,,,,,,,,39.0,,23.0,,,,,,1.0,,,,,,,,9.0,,
461704,,,,,,,,19.0,,12.0,,,,,,1.0,1.0,,,,,1.0,1.0,3.0,,
461713,,,,,,,,7.0,,2.0,,,,,,1.0,1.0,,,,,,,3.0,,
461722,,,,,,,,7.0,,4.0,,,,,,1.0,1.0,,,,,,,1.0,,
461740,,,,,,,,5.0,,1.0,,,,,,2.0,1.0,,,,,,,1.0,,
461759,,,,,,,,49.0,,19.0,6.0,,,,,3.0,3.0,,3.0,,,0.0,,3.0,3.0,
461768,,,,,,,,14.0,,5.0,,,,,,2.0,1.0,,,,,1.0,,1.0,,
461786,,,,,,,,5.0,,3.0,,,,,,1.0,1.0,,,,,,,,,
461795,,,,,,,,65.0,,26.0,,,,,,4.0,4.0,3.0,13.0,1.0,,1.0,,1.0,,
461810,,,,,,,,8.0,,4.0,,,,,,2.0,1.0,0.0,,,,,,0.0,,
461829,,,,,,,,30.0,,21.0,,,,,,4.0,1.0,,,,,,,4.0,,
461838,,,,,,,,15.0,,5.0,,,,,,4.0,1.0,,,,,,,5.0,,
461847,,,,,,,,3.0,,2.0,,,,,,,0.0,,,,,1.0,,,,
461856,,,,,,,,34.0,,7.0,,,,,,9.0,1.0,,3.0,1.0,,,,,,
461865,,,,,,,,16.0,,8.0,,,,,,5.0,2.0,,,,,,,,,
461874,,,,,,,,9.0,,5.0,,,,,,2.0,,,,,,,,1.0,1.0,
461883,,,,,,,,24.0,,9.0,,,,,,7.0,1.0,,,,,,,2.0,,
461892,,,,,,,,30.0,,12.0,,,,,,4.0,6.0,,,,,,4.0,2.0,,
461908,,,,,,,,9.0,,5.0,,,,,,,2.0,,,,,,,2.0,,
461917,,,,,,,,17.0,,7.0,,,,,,1.0,,,,,,,4.0,5.0,,
461926,,,,,,,,18.0,,9.0,,,,,,1.0,,,,,,2.0,,4.0,1.0,
461944,,,,,,,,18.0,,5.0,,,,,,3.0,,,,,,5.0,,3.0,,
461953,,,,,,,,18.0,,12.0,,,,,,2.0,1.0,,,,,,,2.0,,
461962,,,,,,,,54.0,,26.0,,,,,,5.0,5.0,1.0,,,,,7.0,5.0,,
461999,,,,,,,,13.0,,5.0,,,,,,3.0,1.0,,,,,,,1.0,,
462008,,,,,,,,30.0,,15.0,,,,,,2.0,,,,,,,5.0,6.0,2.0,
462017,,,,,,,,11.0,,6.0,,,,,,1.0,1.0,,,,,,1.0,2.0,,
462035,,,,,,,,25.0,,13.0,,,,,,3.0,1.0,,,,,,2.0,6.0,,
462044,,,,,,,,5.0,,1.0,,,,,,2.0,,,,,,,,1.0,,
462053,,,,,,,,12.0,,5.0,,,,,,1.0,2.0,0.0,,,,,2.0,1.0,0.0,
462062,,,,,,,,9.0,,4.0,,,,,,,1.0,,,,,,,1.0,,
462071,,,,,,,,12.0,,6.0,,,,,,1.0,,,,,,,3.0,2.0,,
462336,,,,,,,,5.0,,1.0,,,,,,1.0,,,,,,,,2.0,,
462345,,,,,,,,9.0,,6.0,,,,,,1.0,2.0,,,,,,,,,
462354,,,,,,,,56.0,,17.0,,,,,,14.0,0.0,1.0,8.0,,,10.0,,2.0,,
464226,,,,,,,,113.0,,37.0,,,,,,7.0,9.0,2.0,39.0,,,3.0,7.0,2.0,,
465812,,,,,,,,476.0,,235.0,,,,,,8.0,62.0,18.0,2.0,8.0,,,7.0,4.0,,
466161,,,,,,,,3.0,,3.0,,,,,,,,,,,,,,,,
466921,,,,,,,,55.0,,28.0,,,,,,2.0,1.0,1.0,,,,,,5.0,,
466930,,,,,,,,143.0,,78.0,,,,,,8.0,4.0,4.0,,,,,,12.0,,
467094,,,,,,,,17.0,,11.0,,,,,,1.0,,,,,,,1.0,4.0,,
467863,,,,,,,,19.0,,10.0,,,,,,1.0,,,,,,,2.0,6.0,,
467872,,,,,,,,21.0,,11.0,,,,,,1.0,,,,,,,4.0,5.0,,
467906,,,,,,,,15.0,,10.0,,,,,,1.0,,,,,,,2.0,1.0,,
468246,,,,,,,,16.0,,11.0,,,,,,1.0,,,,,,,1.0,2.0,,
468255,,,,,,,,24.0,,8.0,,,,,,9.0,1.0,,,,,1.0,2.0,2.0,,
468769,,,,,,,,12.0,,6.0,,,,,,1.0,,,,,,,,1.0,,
468848,,,,,,,,33.0,,13.0,,,,,,6.0,1.0,,,,,,,13.0,,
468893,,,,,,,,16.0,,7.0,,,,,,2.0,1.0,,,,,,1.0,4.0,1.0,
468909,,,,,,,,37.0,,12.0,,,,,,5.0,,,,,,,,19.0,,
468963,,,,,,,,52.0,,31.0,,,,,,1.0,4.0,,,,,,10.0,4.0,,
469416,,,,,,,,41.0,,27.0,,,,,,2.0,1.0,1.0,,,,,3.0,2.0,,
469610,,,,,,,,17.0,,1.0,,,,,,3.0,8.0,,,,,,1.0,4.0,,
469629,,,,,,,,15.0,,8.0,,,,,,1.0,1.0,,,,,,2.0,1.0,2.0,
469638,,,,,,,,25.0,,12.0,,,,,,2.0,,,,,,1.0,,9.0,,
469911,,,,,,,,19.0,,9.0,,,,,,2.0,,,,,,1.0,,4.0,,
469920,,,,,,,,19.0,,6.0,,,,,,2.0,,,,,,2.0,,5.0,,
469957,,,,,,,,20.0,,12.0,,,,,,1.0,,,,,,,,3.0,,
470038,,,,,,,,51.0,,17.0,,,,,,7.0,1.0,,,,,,,26.0,,
470047,,,,,,,,5.0,,3.0,,,,,,1.0,,,,,,,1.0,,,
470296,,,,,,,,3.0,,1.0,,,,,,,1.0,,,,,,,1.0,,
470393,,,,,,,,20.0,,11.0,,,,,,1.0,,,,,,,,2.0,,
474863,,,,,,,,157.0,,55.0,,,,,,14.0,21.0,13.0,3.0,,,,,4.0,,
474890,,,,,,,,33.0,,10.0,,,,,,3.0,6.0,1.0,,0.0,,,1.0,1.0,,
474906,,,,,,,,14.0,,6.0,,,,,,2.0,1.0,1.0,,,,,,0.0,,
474915,,,,,,,,25.0,,12.0,,,,,,3.0,,,,,,,4.0,4.0,0.0,
474924,,,,,,,,15.0,,7.0,,,,,,2.0,,,,,,,3.0,2.0,0.0,
475015,,,,,,,,27.0,,12.0,,,,,,4.0,3.0,,1.0,,,,5.0,1.0,,
475024,,,,,,,,22.0,,10.0,,,,,,5.0,1.0,,,,,,4.0,1.0,,
475033,,,,,,,,334.0,,184.0,4.0,,,,,10.0,13.0,12.0,1.0,,,,,77.0,,
475060,,,,,,,,27.0,,11.0,,,,,,4.0,2.0,,,,,1.0,5.0,1.0,,
475121,,,,,,,,502.0,,240.0,,,,,,59.0,1.0,1.0,,,,,,2.0,,
475130,,,,,,,,4.0,,3.0,,,,,,1.0,,,,,,,,,,
475200,,,,,,,,18.0,,6.0,,,,,,3.0,1.0,,4.0,,,,,4.0,,
475228,,,,,,,,23.0,,11.0,,,,,,4.0,,,1.0,,,,,1.0,,
475273,,,,,,,,88.0,,48.0,,,,,,3.0,8.0,,,,,,,14.0,,
475282,,,,,,,,17.0,,9.0,,,,,,4.0,1.0,,,,,,,2.0,,
475325,,,,,,,,28.0,,13.0,,,,,,2.0,,,,,,1.0,3.0,9.0,,
475398,,,,,,,,26.0,,12.0,,,,,,1.0,1.0,2.0,,,,,,2.0,,
475404,,,,,,,,13.0,,4.0,,,,,,1.0,2.0,,,,,0.0,2.0,3.0,,
475413,,,,,,,,4.0,,2.0,,,,,,,,,,,,,,2.0,,
475422,,,,,,,,14.0,,10.0,,,,,,1.0,,,,,,,,3.0,,
475431,,,,,,,,10.0,,4.0,,,,,,3.0,1.0,,,,,,1.0,1.0,,
475459,,,,,,,,48.0,,31.0,,,,,,2.0,5.0,,,,,0.0,,8.0,1.0,
475468,,,,,,,,16.0,,8.0,,,,,,1.0,1.0,,,,,,1.0,2.0,1.0,1.0
475477,,,,,,,,29.0,,13.0,,,,,,6.0,1.0,,5.0,,,,,2.0,,
475486,,,,,,,,32.0,,14.0,,,,,,4.0,,,,,,1.0,3.0,7.0,1.0,
475495,,,,,,,,149.0,,62.0,3.0,,,,,7.0,15.0,14.0,4.0,,,3.0,,19.0,,
475510,,,,,,,,13.0,,6.0,,,,,,1.0,,,,,,,,5.0,,
475538,,,,,,,,5.0,,2.0,,,,,,1.0,,,,,,,,1.0,,
475547,,,,,,,,18.0,,9.0,,,,,,1.0,,,,,,,3.0,4.0,1.0,
475556,,,,,,,,17.0,,8.0,,,,,,2.0,,,,,,,5.0,2.0,,
475565,,,,,,,,189.0,,60.0,,,,,,40.0,9.0,10.0,13.0,,,12.0,,29.0,,
475574,,,,,,,,6.0,,3.0,,,,,,2.0,1.0,,,,,,,0.0,,
475608,,,,,,,,67.0,,19.0,,,,,,6.0,4.0,3.0,1.0,,,4.0,,8.0,3.0,
475635,,,,,,,,9.0,,5.0,,,,,,2.0,1.0,,,,,,,1.0,,
475653,,,,,,,,6.0,,,,,,,,,1.0,,,,,,,2.0,,
475662,,,,,,,,16.0,,5.0,,,,,,5.0,1.0,,,,,,1.0,1.0,,
475705,,,,,,,,4.0,,2.0,,,,,,1.0,,,,,,,,,,
475714,,,,,,,,19.0,,2.0,,,,,,9.0,,,,,,,,8.0,,
475723,,,,,,,,51.0,,23.0,,,,,,6.0,4.0,1.0,,,,3.0,3.0,1.0,,
475732,,,,,,,,103.0,,62.0,,,,,,2.0,1.0,1.0,,,,,,5.0,,
475741,,,,,,,,25.0,,10.0,,,,,,2.0,1.0,1.0,,,,,,4.0,,
475750,,,,,,,,11.0,,7.0,,,,,,,,,,,,,,2.0,,
475839,,,,,,,,30.0,,8.0,,,,,,,5.0,,0.0,,,,6.0,3.0,,
476063,,,,,,,,10.0,,10.0,,,,,,,,,,,,,,,,
476179,,,,,,,,8.0,,5.0,,,,,,1.0,,,,,,,,1.0,,
476230,,,,,,,,6.0,,2.0,,,,,,1.0,,,,,,,,,,
476294,,,,,,,,11.0,,6.0,,,,,,1.0,,,,,,,2.0,3.0,,
476355,,,,,,,,1.0,,,,,,,,1.0,,,,,,,0.0,,,
476489,,,,,,,,11.0,,3.0,,,,,,1.0,1.0,,,,,,,1.0,,
476498,,,,,,,,9.0,,4.0,,,,,,1.0,2.0,,,,,0.0,,2.0,,
476513,,,,,,,,14.0,,5.0,,,,,,2.0,1.0,,,,,1.0,,1.0,1.0,
476540,,,,,,,,9.0,,4.0,,,,,,2.0,1.0,,,,,,1.0,1.0,,
476559,,,,,,,,9.0,,5.0,,,,,,1.0,,,,,,,,1.0,,
476568,,,,,,,,7.0,,5.0,,,,,,,,,,,,,,1.0,,
476586,,,,,,,,18.0,,6.0,,,,,,1.0,2.0,1.0,,,,,2.0,6.0,,
476595,,,,,,,,14.0,,6.0,0.0,,,,,1.0,1.0,1.0,,,,,,3.0,,
476601,,,,,,,,13.0,,5.0,,,,,,3.0,2.0,,,,,1.0,,0.0,1.0,
476610,,,,,,,,8.0,,3.0,,,,,,1.0,,,,,,,1.0,2.0,,
476629,,,,,,,,16.0,,7.0,,,,,,2.0,1.0,,,,,,5.0,1.0,,
476674,,,,,,,,10.0,,3.0,,,,,,1.0,2.0,,,,,1.0,1.0,2.0,,
476683,,,,,,,,35.0,,20.0,,,,,,7.0,1.0,,,,,,4.0,4.0,,
476692,,,,,,,,5.0,,3.0,,,,,,2.0,,,,,,0.0,,,,
476708,,,,,,,,13.0,,4.0,,,,,,,,,,,,,,9.0,,
476717,,,,,,,,50.0,,33.0,0.0,,,,,7.0,1.0,,,,,1.0,,6.0,,
476726,,,,,,,,43.0,,14.0,,,,,,12.0,5.0,,1.0,2.0,,3.0,3.0,3.0,,
476735,,,,,,,,17.0,,6.0,,,,,,5.0,,,,,,,,6.0,,
476753,,,,,,,,16.0,,9.0,,,,,,1.0,,,,,,,3.0,3.0,,
476780,,,,,,,,9.0,,4.0,,,,,,1.0,2.0,,,,,,,1.0,,
476799,,,,,,,,21.0,,10.0,,,,,,2.0,2.0,,,,,,3.0,2.0,,
476805,,,,,,,,6.0,,3.0,,,,,,2.0,,,,,,,,1.0,,
476814,,,,,,,,44.0,,21.0,,,,,,7.0,1.0,,,,,1.0,8.0,2.0,,
476823,,,,,,,,10.0,,4.0,,,,,,2.0,,,,,,,,1.0,,
476841,,,,,,,,17.0,,10.0,,,,,,2.0,,,,,,,1.0,4.0,,
476850,,,,,,,,6.0,,3.0,,,,,,1.0,1.0,,,,,,,1.0,,
476869,,,,,,,,17.0,,8.0,,,,,,,1.0,,,,,4.0,,5.0,,
476878,,,,,,,,9.0,,5.0,,,,,,1.0,,,,,,,,1.0,,
476887,,,,,,,,29.0,,19.0,,,,,,5.0,2.0,,,,,,1.0,2.0,,
476896,,,,,,,,5.0,,2.0,,,,,,1.0,1.0,,,,,,,1.0,,
476902,,,,,,,,8.0,,6.0,,,,,,,1.0,,,,,,,1.0,,
476939,,,,,,,,50.0,,23.0,,,,,,7.0,2.0,1.0,2.0,,,0.0,8.0,5.0,0.0,
476948,,,,,,,,28.0,,17.0,,,,,,1.0,,3.0,,,,,,1.0,,
476957,,,,,,,,3.0,,1.0,,,,,,,1.0,,,,,,,1.0,,
476966,,,,,,,,11.0,,6.0,,,,,,1.0,,2.0,,,,,,,,
476975,,,,,,,,460.0,,220.0,,,,,,16.0,25.0,8.0,,,,,1.0,1.0,,
476984,,,,,,,,20.0,,11.0,,,,,,1.0,,,,,,,3.0,5.0,0.0,
476993,,,,,,,,43.0,,23.0,,,,,,9.0,2.0,,,,,3.0,1.0,4.0,,
477002,,,,,,,,8.0,,6.0,,,,,,2.0,,,,,,,,,,
477039,,,,,,,,107.0,,47.0,,,,,,19.0,8.0,,6.0,,,,,17.0,,
477950,,,,,,,,16.0,,6.0,,,,,,3.0,1.0,,,,,,,1.0,,
478582,,,,,,,,11.0,,7.0,,,,,,2.0,,,,,,,,1.0,,
478591,,,,,,,,12.0,,5.0,,,,,,1.0,,,,,,,3.0,1.0,,
478616,,,,,,,,7.0,,4.0,,,,,,1.0,,,,,,,,1.0,,
478634,,,,,,,,26.0,,11.0,,,,,,2.0,4.0,2.0,,,,,1.0,1.0,,
478661,,,,,,,,17.0,,5.0,,,,,,3.0,,,,,,,,9.0,,
478917,,,,,,,,5.0,,4.0,,,,,,,,,,,,,1.0,,,
478953,,,,,,,,22.0,,10.0,,,,,,1.0,,,,,,,,5.0,1.0,
479062,,,,,,,,5.0,,4.0,,,,,,1.0,,,,,,,,,,
479248,,,,,,,,9.0,,5.0,,,,,,,,,,,,0.0,,,,
479424,,,,,,,,52.0,,27.0,,,,,,6.0,3.0,2.0,,,,,,14.0,,
479965,,,,,,,,26.0,,16.0,,,,,,2.0,,,,,,8.0,,,,
479974,,,,,,,,13.0,,5.0,,,,,,3.0,2.0,,,,,,,3.0,,
479983,,,,,,,,9.0,,3.0,,,,,,4.0,1.0,,,,,,,,,
479992,,,,,,,,20.0,,5.0,,,,,,2.0,1.0,5.0,,,,,1.0,2.0,,
480000,,,,,,,,8.0,,4.0,,,,,,1.0,2.0,,,,,,,,,
480019,,,,,,,,63.0,,41.0,,,,,,5.0,2.0,,,,,,5.0,10.0,,
480028,,,,,,,,14.0,,6.0,,,,,,2.0,1.0,,,1.0,,,2.0,,0.0,
480037,,,,,,,,146.0,,51.0,,,,,,19.0,,,,,,,,17.0,,
480073,,,,,,,,54.0,,28.0,,,,,,9.0,,1.0,,,,,,3.0,,
480091,,,,,,,,356.0,,180.0,,,,,,10.0,5.0,5.0,116.0,,,1.0,7.0,23.0,,
480125,,,,,,,,20.0,,9.0,,,,,,2.0,,,,,,,7.0,1.0,,
480161,,,,,,,,8.0,,2.0,,,,,,2.0,1.0,,,,,,,3.0,,
480170,,,,,,,,18.0,,10.0,,,,,,1.0,,,,,,,,4.0,,
480189,,,,,,,,97.0,,44.0,,,,,,13.0,1.0,4.0,17.0,6.0,,4.0,,6.0,,1.0
480198,,,,,,,,24.0,,12.0,,,,,,3.0,,,5.0,,,,,2.0,,
480204,,,,,,,,63.0,,27.0,,,,,,10.0,,,,,,1.0,,10.0,,
480301,,,,,,,,7.0,,3.0,,,,,,,,,,,,,,3.0,,
480310,,,,,,,,8.0,,5.0,,,,,,1.0,,,,,,,,1.0,,
480347,,,,,,,,10.0,,5.0,,,,,,1.0,2.0,,,,,,,2.0,,
480471,,,,,,,,38.0,,14.0,,,,,,5.0,1.0,,,,,,,18.0,,
480499,,,,,,,,15.0,,7.0,,,,,,3.0,,1.0,,,,,,,,
480523,,,,,,,,14.0,,6.0,,,,,,3.0,,,,,,,,1.0,,
480532,,,,,,,,11.0,,4.0,,,,,,2.0,,,,,,,,2.0,,
480550,,,,,,,,10.0,,3.0,,,,,,2.0,,,,,,,,2.0,,
480569,,,,,,,,89.0,,61.0,,,,,,,1.0,4.0,5.0,,,,,6.0,,
480657,,,,,,,,43.0,,24.0,,,,,,5.0,,,,,,,,2.0,,
480693,,,,,,,,11.0,,5.0,,,,,,,1.0,1.0,,,,,,1.0,,
480727,,,,,,,,11.0,,5.0,,,,,,1.0,1.0,,,,,0.0,,1.0,2.0,
480736,,,,,,,,15.0,,8.0,,,,,,2.0,1.0,,,,,,,4.0,,
480781,,,,,,,,23.0,,6.0,,,,,,3.0,4.0,,3.0,,,,,2.0,,
480790,,,,,,,,375.0,,90.0,,,,,,32.0,10.0,11.0,2.0,130.0,,23.0,,39.0,5.0,
480824,,,,,,,,26.0,,11.0,,,,,,5.0,,,,,,,,2.0,,
480833,,,,,,,,45.0,,24.0,,,,,,5.0,,,,,,,,4.0,,
480842,,,,,,,,8.0,,4.0,,,,,,1.0,1.0,,,,,,,1.0,,
480851,,,,,,,,19.0,,13.0,,,,,,1.0,1.0,,,,,,,1.0,,
480879,,,,,,,,7.0,,3.0,,,,,,1.0,1.0,,,,,,1.0,0.0,,
480888,,,,,,,,31.0,,17.0,,,,,,7.0,1.0,,1.0,,,,4.0,1.0,,
480903,,,,,,,,39.0,,22.0,,,,,,6.0,,,,,,,7.0,4.0,,
480912,,,,,,,,4.0,,2.0,,,,,,,1.0,,,,,,,0.0,,
480921,,,,,,,,9.0,,4.0,,,,,,,2.0,,,,,,,1.0,,
480930,,,,,,,,21.0,,11.0,,,,,,1.0,,,,,,,5.0,3.0,1.0,
480967,,,,,,,,60.0,,17.0,1.0,,,,,6.0,5.0,2.0,,,,13.0,2.0,7.0,,
480976,,,,,,,,12.0,,6.0,,,,,,2.0,,,,,,,,3.0,,
480985,,,,,,,,25.0,,10.0,,,,,,3.0,1.0,1.0,,,,,0.0,3.0,,
480994,,,,,,,,10.0,,4.0,,,,,,1.0,1.0,,,,,1.0,,1.0,,
481003,,,,,,,,24.0,,11.0,,,,,,2.0,1.0,,2.0,,,,,3.0,,
481021,,,,,,,,164.0,,72.0,,,,,,8.0,9.0,2.0,2.0,2.0,,21.0,,9.0,2.0,7.0
481030,,,,,,,,22.0,,8.0,2.0,,,,,2.0,1.0,1.0,2.0,,,1.0,,0.0,,
481049,,,,,,,,7.0,,3.0,,,,,,0.0,0.0,,0.0,,,,,0.0,,
481058,,,,,,,,21.0,,11.0,,,,,,4.0,1.0,1.0,,,,,1.0,1.0,,
481085,,,,,,,,24.0,,12.0,,,,,,3.0,,,,,,,,3.0,,
481094,,,,,,,,34.0,,15.0,,,,,,3.0,2.0,,,,,1.0,,3.0,,
481100,,,,,,,,5.0,,3.0,,,,,,,,,,,,,,,,
481128,,,,,,,,24.0,,15.0,,,,,,2.0,2.0,1.0,,,,,,1.0,1.0,
481137,,,,,,,,85.0,,15.0,,,,,,14.0,5.0,1.0,10.0,3.0,,27.0,,4.0,3.0,
481146,,,,,,,,9.0,,4.0,,,,,,,2.0,,,,,,,2.0,,
481155,,,,,,,,36.0,,12.0,,,,,,7.0,,,,,,1.0,,3.0,,
481182,,,,,,,,6.0,,2.0,,,,,,1.0,1.0,0.0,,,,0.0,,1.0,,
481191,,,,,,,,23.0,,10.0,,,,,,4.0,,,,,,3.0,,6.0,,
481207,,,,,,,,23.0,,8.0,,,,,,3.0,1.0,,,,,6.0,,2.0,,
481225,,,,,,,,20.0,,6.0,,5.0,,,,3.0,2.0,,,,,,,2.0,0.0,
481243,,,,,,,,21.0,,10.0,,,,,,3.0,3.0,,,,,,1.0,4.0,,
481252,,,,,,,,14.0,,5.0,,,,,,2.0,3.0,,,,,,,3.0,,
481289,,,,,,,,22.0,,12.0,,,,,,1.0,1.0,1.0,,,,,,3.0,,
481298,,,,,,,,4.0,,2.0,,,,,,,1.0,,,,,,,1.0,,
481313,,,,,,,,6.0,,2.0,,,,,,1.0,1.0,,,,,,1.0,1.0,,
481322,,,,,,,,7.0,,3.0,,,,,,2.0,,,,,,0.0,,1.0,,
481331,,,,,,,,11.0,,5.0,,,,,,3.0,1.0,,,,,,,2.0,,
481340,,,,,,,,11.0,,5.0,,,,,,,,,,,,,,,,
481368,,,,,,,,10.0,,5.0,,,,,,1.0,,,,1.0,,1.0,,,,
481386,,,,,,,,48.0,,14.0,,,,,,10.0,,,,,,12.0,1.0,,1.0,
481401,,,,,,,,39.0,,16.0,,,,,,6.0,5.0,2.0,2.0,,,,,0.0,,
481410,,,,,,,,6.0,,4.0,,,,,,1.0,,,,,,0.0,,0.0,,
481429,,,,,,,,10.0,,5.0,,,,,,1.0,1.0,,,,,,1.0,1.0,,
481438,,,,,,,,12.0,,7.0,,,,,,1.0,1.0,,,,,1.0,,1.0,,
481447,,,,,,,,8.0,,2.0,,,,,,2.0,1.0,,,,,,1.0,1.0,,
481456,,,,,,,,2.0,,1.0,,,,,,,1.0,,,,,,,0.0,,
481465,,,,,,,,12.0,,5.0,,,,,,,3.0,,,,,,,1.0,1.0,
481474,,,,,,,,17.0,,10.0,,,,,,3.0,1.0,,,,,1.0,,1.0,,
481483,,,,,,,,34.0,,13.0,,,,,,7.0,5.0,,2.0,,,1.0,1.0,3.0,,
481508,,,,,,,,8.0,,3.0,,,,,,1.0,1.0,,,,,,1.0,1.0,,
481517,,,,,,,,15.0,,8.0,,,,,,1.0,1.0,,,,,2.0,1.0,1.0,1.0,
481526,,,,,,,,14.0,,6.0,,,,,,3.0,,,,,,,,5.0,,
481571,,,,,,,,2.0,,0.0,,,,,,1.0,1.0,,,,,,,,,
481678,,,,,,,,7.0,,4.0,,,,,,1.0,,,,,,,,1.0,,
481720,,,,,,,,3.0,,,,,,,,2.0,,,,,,,,1.0,,
481739,,,,,,,,5.0,,3.0,,,,,,1.0,,,,,,,,,,
481748,,,,,,,,9.0,,5.0,,,,,,1.0,,,,,,,,1.0,,
481845,,,,,,,,6.0,,3.0,,,,,,1.0,,,,,,,,1.0,,
481863,,,,,,,,14.0,,5.0,,,,,,3.0,,,,,,,,2.0,,
481890,,,,,,,,10.0,,5.0,,,,,,2.0,,,,,,,,1.0,,
481906,,,,,,,,15.0,,8.0,,,,,,3.0,,,,,,,,,,
481960,,,,,,,,13.0,,5.0,,,,,,1.0,,,,,,,2.0,1.0,,
482060,,,,,,,,29.0,,16.0,,,,,,2.0,,,,,,,5.0,6.0,,
482097,,,,,,,,48.0,,25.0,,,,,,2.0,3.0,,,,,2.0,10.0,5.0,,
482149,,,,,,,,5439.0,,1089.0,185.0,3.0,,,,475.0,160.0,554.0,123.0,1481.0,,469.0,3.0,701.0,73.0,
482158,,,,,,,,753.0,,311.0,,,,,,110.0,8.0,28.0,17.0,1.0,,58.0,,119.0,34.0,
482167,,,,,,,,15.0,,8.0,,,,,,3.0,2.0,,,,,,,2.0,,
482176,,,,,,,,16.0,,9.0,,,,,,1.0,,,,,,,2.0,3.0,,
482185,,,,,,,,18.0,,7.0,,,,,,1.0,2.0,1.0,1.0,,,,2.0,3.0,,
482194,,,,,,,,15.0,,8.0,,,,,,3.0,,,,,,,1.0,3.0,,
482200,,,,,,,,9.0,,5.0,,,,,,1.0,3.0,,,,,,,,,
482228,,,,,,,,19.0,,12.0,,,,,,2.0,1.0,,1.0,,,,0.0,,,
482246,,,,,,,,8.0,,2.0,,,,,,1.0,0.0,,,,,,1.0,4.0,,
482255,,,,,,,,38.0,,15.0,,,,,,8.0,,,,,,,,15.0,,
482291,,,,,,,,52.0,,21.0,,,,,,6.0,1.0,,,,,,,23.0,,
482325,,,,,,,,5.0,,3.0,,,,,,1.0,,,,,,,,0.0,,
482370,,,,,,,,2.0,,2.0,,,,,,,,,,,,,,0.0,,
482413,,,,,,,,53.0,,27.0,,,,,,6.0,,,,,,,,1.0,,
482422,,,,,,,,41.0,,16.0,,,,,,7.0,1.0,,,,,,,,,
482431,,,,,,,,163.0,,77.0,,,,,,21.0,1.0,1.0,,,,,,,,
482440,,,,,,,,14.0,,5.0,,,,,,1.0,1.0,,,,,,,,,
482459,,,,,,,,48.0,,20.0,,,,,,7.0,1.0,,,,,,,,,
482468,,,,,,,,69.0,,26.0,,,,,,13.0,1.0,,,,,,,1.0,,
482477,,,,,,,,512.0,,434.0,,,,,,16.0,1.0,1.0,,,,,,1.0,,
482486,,,,,,,,6.0,,3.0,,,,,,1.0,,,,,,,,,,
482538,,,,,,,,14.0,,6.0,,,,,,3.0,,,,,,,,,,
482547,,,,,,,,10.0,,4.0,,,,,,1.0,,,,,,,,,,
482556,,,,,,,,43.0,,16.0,,,,,,6.0,,,,,,,,,,
482565,,,,,,,,21.0,,9.0,,,,,,1.0,,,,,,,,,,
482574,,,,,,,,48.0,,19.0,,,,,,7.0,,,,,,,,,,
482608,,,,,,,,29.0,,6.0,,,,,,7.0,,,,,,,,,,
482617,,,,,,,,11.0,,3.0,,,,,,2.0,1.0,,,,,,,,,
482635,,,,,,,,58.0,,29.0,,,,,,9.0,2.0,,,,,,,1.0,,
482653,,,,,,,,32.0,,12.0,,,,,,5.0,,,,,,,,,,
482680,,,,,,,,1917.0,,834.0,,,,,,217.0,37.0,101.0,45.0,5.0,,180.0,1.0,239.0,51.0,
482699,,,,,,,,223.0,,77.0,,,,,,32.0,4.0,6.0,6.0,,,32.0,1.0,39.0,6.0,
482705,,,,,,,,654.0,,503.0,,,,,,24.0,22.0,7.0,35.0,,,,,9.0,,
482936,,,,,,,,249.0,,80.0,2.0,,,,,65.0,12.0,30.0,8.0,,,12.0,2.0,22.0,,
482963,,,,,,,,20.0,,8.0,,,,,,2.0,,,,,,,5.0,4.0,,
482972,,,,,,,,9.0,,3.0,,,,,,1.0,2.0,,,,,,,1.0,,
482981,,,,,,,,12.0,,3.0,,,,,,3.0,3.0,,,,,,1.0,2.0,,
482990,,,,,,,,26.0,,9.0,,,,,,7.0,,,,,,,,,,
483009,,,,,,,,9.0,,4.0,,,,,,1.0,1.0,,,,,,1.0,,,
483018,,,,,,,,116.0,,22.0,,,,,,9.0,21.0,3.0,2.0,0.0,,37.0,,5.0,,
483036,,,,,,,,286.0,,121.0,1.0,,,,,41.0,15.0,27.0,17.0,,,7.0,,47.0,,
483045,,,,,,,,693.0,,316.0,,15.0,,,,28.0,41.0,18.0,17.0,0.0,,70.0,,109.0,,1.0
483054,,,,,,,,16.0,,5.0,,,,,,1.0,1.0,,,,,,,3.0,,
483106,,,,,,,,18.0,,11.0,,,,,,4.0,,,,,,,2.0,0.0,,
483124,,,,,,,,1488.0,,1026.0,6.0,,,,,120.0,42.0,61.0,187.0,,,,1.0,31.0,,
483212,,,,,,,,254.0,,126.0,,,,,,32.0,71.0,,,,,2.0,,6.0,2.0,
483221,,,,,,,,6.0,,3.0,,,,,,,,,,,,,,3.0,,
483230,,,,,,,,31.0,,14.0,,,,,,3.0,1.0,,2.0,,,,,2.0,2.0,
483258,,,,,,,,3.0,,3.0,,,,,,,,,,,,,,,,
483276,,,,,,,,3.0,,2.0,,,,,,,1.0,,,,,,,,,
483328,,,,,,,,25.0,,11.0,,,,,,2.0,,,,,,,5.0,5.0,2.0,
483337,,,,,,,,18.0,,10.0,,,,,,1.0,,,,,,,3.0,4.0,0.0,
483346,,,,,,,,6.0,,3.0,,,,,,,1.0,,,,,,,1.0,,
483355,,,,,,,,24.0,,12.0,,,,,,3.0,2.0,,,,,1.0,3.0,2.0,,
483364,,,,,,,,18.0,,9.0,,,,,,2.0,,,,,,,3.0,4.0,,
483373,,,,,,,,9.0,,4.0,,,,,,1.0,,,,,,0.0,,2.0,,
483382,,,,,,,,28.0,,11.0,,,,,,10.0,,,,,,1.0,1.0,4.0,,
483425,,,,,,,,5.0,,4.0,,,,,,1.0,,,,,,,,,,
483443,,,,,,,,36.0,,25.0,,,,,,4.0,1.0,,,,,,,7.0,,
483470,,,,,,,,19.0,,5.0,,,,,,1.0,,,,,,9.0,,,,
483504,,,,,,,,33.0,,15.0,,,,,,6.0,,,,,,,,2.0,,
483513,,,,,,,,15.0,,7.0,,,,,,2.0,1.0,,,,,4.0,,1.0,,
483559,,,,,,,,14.0,,6.0,,,,,,3.0,,,,,,,1.0,4.0,,
483577,,,,,,,,3.0,,1.0,,,,,,1.0,1.0,,,,,,,,,
483586,,,,,,,,10.0,,6.0,,,,,,2.0,,,,,,1.0,0.0,1.0,,
483595,,,,,,,,67.0,,22.0,,,,,,12.0,,3.0,1.0,,,,,29.0,,
483638,,,,,,,,12.0,,6.0,,,,,,2.0,1.0,,,,,,,2.0,,
483647,,,,,,,,41.0,,9.0,,,,,,0.0,1.0,0.0,0.0,11.0,,,6.0,4.0,,
483665,,,,,,,,3.0,,2.0,,,,,,,,,,,,,,,,
483708,,,,,,,,32.0,,7.0,,,,,,6.0,1.0,,,4.0,,,4.0,3.0,,
483717,,,,,,,,7.0,,3.0,,,,,,2.0,,,,,,2.0,,,,
483726,,,,,,,,4.0,,2.0,,,,,,1.0,1.0,,,,,,,,,
483735,,,,,,,,5.0,,2.0,,,,,,,,,,,,,,1.0,,
483744,,,,,,,,6.0,,3.0,,,,,,1.0,1.0,,,,,0.0,,1.0,,
483753,,,,,,,,3.0,,2.0,,,,,,,1.0,,,,,,,,,
483780,,,,,,,,31.0,,16.0,,,,,,1.0,2.0,2.0,1.0,,,,1.0,1.0,,
483799,,,,,,,,11.0,,5.0,,,,,,0.0,1.0,0.0,,,,,,1.0,,
483814,,,,,,,,19.0,,10.0,,,,,,8.0,,,,,,,,1.0,,
483823,,,,,,,,128.0,,50.0,,,,,,11.0,9.0,12.0,4.0,,,10.0,12.0,1.0,10.0,
483841,,,,,,,,9.0,,4.0,,,,,,1.0,,,,,,,,,,
483850,,,,,,,,8.0,,2.0,,,,,,3.0,1.0,,,,,,1.0,1.0,,
483869,,,,,,,,12.0,,5.0,,,,,,1.0,0.0,,,,,,,3.0,,
483878,,,,,,,,21.0,,7.0,,,,,,2.0,2.0,,,,,,3.0,2.0,,
483887,,,,,,,,7.0,,4.0,,,,,,2.0,,,,,,,,1.0,,
483896,,,,,,,,8.0,,6.0,,,,,,2.0,,,,,,,,,,
483911,,,,,,,,3.0,,2.0,,,,,,1.0,,,,,,,,,,
483920,,,,,,,,17.0,,9.0,,,,,,2.0,2.0,,,,,,,4.0,0.0,
483939,,,,,,,,7.0,,2.0,,,,,,1.0,1.0,,,,,,,,,
483948,,,,,,,,4.0,,2.0,,,,,,,0.0,,,,,,,,,
483957,,,,,,,,4.0,,3.0,,,,,,,1.0,,,,,,,,,
483975,,,,,,,,97.0,,32.0,3.0,,,,,14.0,4.0,3.0,6.0,,,1.0,1.0,16.0,,
484002,,,,,,,,84.0,,39.0,,,,,,13.0,5.0,1.0,,,,,,10.0,2.0,
484011,,,,,,,,17.0,,10.0,,,,,,2.0,,,,,,,2.0,2.0,1.0,
484020,,,,,,,,3.0,,1.0,,,,,,,1.0,,0.0,,,,,0.0,,
484039,,,,,,,,11.0,,5.0,,,,,,1.0,1.0,,,,,,2.0,1.0,,
484048,,,,,,,,6.0,,4.0,,,,,,,1.0,,,,,,,0.0,,
484057,,,,,,,,7.0,,4.0,,,,,,0.0,0.0,,,,,,,,,
484066,,,,,,,,83.0,,31.0,,,,,,12.0,1.0,,,,,10.0,,9.0,,
484075,,,,,,,,3.0,,2.0,,,,,,,1.0,,,,,,,,,
484084,,,,,,,,11.0,,6.0,,,,,,2.0,1.0,,,,,,1.0,2.0,,
484093,,,,,,,,13.0,,7.0,,,,,,1.0,,,,,,,2.0,3.0,0.0,
484109,,,,,,,,10.0,,5.0,,,,,,2.0,,,,,,,1.0,2.0,,
484127,,,,,,,,16.0,,9.0,,,,,,2.0,,,,,,,1.0,0.0,,
484136,,,,,,,,6.0,,4.0,,,,,,,1.0,,,,,,,1.0,,
484163,,,,,,,,30.0,,13.0,,,,,,7.0,2.0,1.0,,,,,,,,
484172,,,,,,,,6.0,,1.0,,,,,,1.0,1.0,,,,,,,1.0,,
484190,,,,,,,,8.0,,2.0,,,,,,1.0,1.0,,,,,,,1.0,,
484206,,,,,,,,17.0,,8.0,,,,,,1.0,3.0,,,,,,4.0,,,
484233,,,,,,,,41.0,,22.0,,,,,,5.0,0.0,2.0,,,,,,9.0,3.0,
484321,,,,,,,,14.0,,5.0,,,,,,2.0,,,,,,,,7.0,,
484330,,,,,,,,8.0,,4.0,,,,,,2.0,,,,,,,,1.0,,
484349,,,,,,,,13.0,,5.0,,,,,,3.0,,,,,,,,1.0,,
484358,,,,,,,,15.0,,7.0,,,,,,2.0,,,,,,,,1.0,,
484367,,,,,,,,16.0,,7.0,,,,,,1.0,1.0,,,,,,4.0,3.0,,
484376,,,,,,,,23.0,,11.0,,,,,,1.0,2.0,,,,,,6.0,3.0,,
484385,,,,,,,,5.0,,2.0,,,,,,3.0,,,,,,,,,,
484394,,,,,,,,17.0,,11.0,,,,,,4.0,,,,,,,,2.0,,
484473,,,,,,,,84.0,,34.0,,1.0,,,,12.0,2.0,1.0,4.0,,,,,14.0,,
484604,,,,,,,,25.0,,11.0,,,,,,1.0,,,,,,,9.0,2.0,,
484613,,,,,,,,5225.0,,1911.0,,,,,,571.0,407.0,406.0,541.0,,,,512.0,832.0,,
484826,,,,,,,,11.0,,6.0,,,,,,1.0,,,,,,1.0,1.0,,,
484835,,,,,,,,37.0,,8.0,,,,,,14.0,8.0,,1.0,,,0.0,1.0,3.0,1.0,
484862,,,,,,,,34.0,,17.0,1.0,,,,,4.0,3.0,,,,,,2.0,3.0,0.0,
484871,,,,,,,,11.0,,7.0,,,,,,4.0,,,,,,,,,,
484899,,,,,,,,24.0,,13.0,,,,,,1.0,2.0,,,,,,5.0,,,
484905,,,,,,,,396.0,,176.0,4.0,17.0,,,,44.0,26.0,6.0,4.0,3.0,,25.0,,68.0,,
484923,,,,,,,,7.0,,4.0,,,,,,1.0,,,,,,,,1.0,,
484932,,,,,,,,194.0,,117.0,,,,,,24.0,2.0,6.0,1.0,1.0,,7.0,,28.0,,
484950,,,,,,,,15.0,,11.0,,,,,,1.0,,,,,,,1.0,1.0,,
484996,,,,,,,,12.0,,7.0,,,,,,1.0,,,,,,1.0,1.0,1.0,,
485014,,,,,,,,6.0,,3.0,,,,,,1.0,,,,,,,,1.0,,
485032,,,,,,,,16.0,,6.0,,,,,,1.0,2.0,,,,,1.0,4.0,1.0,,
485111,,,,,,,,756.0,,287.0,,,,,,68.0,20.0,17.0,49.0,5.0,,90.0,,126.0,,
485120,,,,,,,,6.0,,3.0,,,,,,1.0,,,,,,,,1.0,,
485139,,,,,,,,20.0,,9.0,,,,,,1.0,,3.0,,,,,,4.0,,
485166,,,,,,,,13.0,,5.0,,,,,,4.0,1.0,,,,,,,1.0,,
485236,,,,,,,,7.0,,3.0,,,,,,1.0,1.0,,,,,,,1.0,,
485263,,,,,,,,63.0,,32.0,,,,,,3.0,6.0,3.0,,,,,1.0,3.0,,
485272,,,,,,,,113.0,,58.0,,,,,,19.0,7.0,1.0,4.0,,,,,19.0,,
485306,,,,,,,,3.0,,2.0,,,,,,,1.0,,,,,,,,,
485342,,,,,,,,24.0,,14.0,,,,,,2.0,,1.0,,,,3.0,,3.0,,
485360,,,,,,,,10.0,,6.0,,,,,,1.0,1.0,,,,,,,1.0,,
485379,,,,,,,,30.0,,15.0,,,,,,1.0,4.0,,,,,1.0,,8.0,,
485388,,,,,,,,27.0,,14.0,,,,,,1.0,3.0,,,,,1.0,,8.0,,
485397,,,,,,,,9.0,,4.0,,,,,,2.0,,,,,,,,1.0,,
485403,,,,,,,,21.0,,5.0,,,,,,9.0,1.0,,,,,,,2.0,,
485412,,,,,,,,6.0,,5.0,,,,,,0.0,0.0,,,,,,,0.0,,
485458,,,,,,,,244.0,,113.0,,2.0,,,,20.0,7.0,6.0,3.0,,,25.0,,28.0,,
485467,,,,,,,,107.0,,,,,,,,30.0,12.0,14.0,,,,,,32.0,,
485476,,,,,,,,11.0,,6.0,,,,,,1.0,0.0,,,,,0.0,,3.0,,
485485,,,,,,,,21.0,,7.0,,,,,,4.0,1.0,0.0,,,,1.0,1.0,1.0,,1.0
485494,,,,,,,,9.0,,2.0,,,,,,,2.0,,,,,,,5.0,,
485500,,,,,,,,13.0,,4.0,,,,,,2.0,2.0,1.0,,,,,1.0,1.0,,1.0
485519,,,,,,,,18.0,,5.0,,,,,,5.0,4.0,,,,,,0.0,,,
485537,,,,,,,,1209.0,,69.0,49.0,,,,,104.0,39.0,8.0,2.0,607.0,,38.0,,276.0,15.0,
485546,,,,,,,,41.0,,17.0,,,,,,3.0,6.0,1.0,,,,,7.0,,,
485564,,,,,,,,18.0,,8.0,,,,,,3.0,2.0,,,,,,1.0,2.0,,
485573,,,,,,,,5.0,,2.0,,,,,,1.0,1.0,,,,,,,1.0,,
485582,,,,,,,,14.0,,8.0,,,,,,3.0,,,,,,,2.0,,,
485591,,,,,,,,2.0,,1.0,,,,,,1.0,,,,,,,,,,
485607,,,,,,,,5.0,,2.0,,,,,,,,,,,,,,2.0,,
485698,,,,,,,,28.0,,15.0,,,,,,5.0,,,,,,2.0,,2.0,,
485704,,,,,,,,3.0,,1.0,,,,,,1.0,,,,,,,,0.0,,
485731,,,,,,,,4.0,,4.0,,,,,,,,,,,,,,,,
485768,,,,,,,,39.0,,10.0,,,,,,5.0,2.0,1.0,,,,2.0,,13.0,,
485801,,,,,,,,17.0,,4.0,,,,,,5.0,3.0,,,,,,,2.0,,
485810,,,,,,,,9.0,,2.0,,,,,,1.0,1.0,,,,,,,2.0,,
485856,,,,,,,,4.0,,,,,,,,1.0,0.0,,1.0,,,,,2.0,,
485874,,,,,,,,10.0,,6.0,,,,,,1.0,1.0,,,,,,1.0,0.0,,
485908,,,,,,,,22.0,,11.0,,,,,,4.0,,,,,,,,3.0,,
485926,,,,,,,,14.0,,8.0,,,,,,1.0,1.0,,,,,,2.0,2.0,,
485953,,,,,,,,6.0,,3.0,,,,,,,1.0,,,,,,,,,
485962,,,,,,,,5.0,,1.0,,,,,,,2.0,,,,,,,1.0,,
485999,,,,,,,,18.0,,12.0,,,,,,,2.0,,,,,3.0,,1.0,,
486017,,,,,,,,8.0,,6.0,,,,,,,,,,,,,,2.0,,
486026,,,,,,,,9.0,,5.0,,,,,,2.0,1.0,,,,,0.0,,1.0,,
486053,,,,,,,,37.0,,19.0,,,,,,6.0,4.0,0.0,3.0,,,1.0,1.0,2.0,,
486080,,,,,,,,42.0,,42.0,,,,,,,,,,,,,,,,
486105,,,,,,,,1.0,,1.0,,,,,,,,,,,,,,,,
486123,,,,,,,,11.0,,7.0,,,,,,1.0,,,,,,,1.0,2.0,,
486141,,,,,,,,5.0,,1.0,,,,,,1.0,1.0,,,,,,,1.0,,
486150,,,,,,,,21.0,,8.0,,,,,,2.0,1.0,1.0,,,,2.0,,3.0,,
486169,,,,,,,,7.0,,5.0,,,,,,1.0,1.0,,,,,,,,,
486196,,,,,,,,19.0,,11.0,,,,,,1.0,1.0,,,,,4.0,,1.0,,
486202,,,,,,,,6.0,,2.0,,,,,,1.0,,,,,,1.0,,1.0,,
486239,,,,,,,,55.0,,15.0,,,,,,4.0,3.0,1.0,,,,,6.0,5.0,4.0,
486248,,,,,,,,16.0,,3.0,,,,,,5.0,,,,,,5.0,,,,
486257,,,,,,,,22.0,,11.0,,,,,,5.0,2.0,,,,,,,3.0,,
486284,,,,,,,,94.0,,22.0,,,,,,29.0,3.0,2.0,7.0,,,6.0,2.0,17.0,3.0,
486309,,,,,,,,7.0,,3.0,,,,,,1.0,3.0,,,,,0.0,,,,
486327,,,,,,,,2.0,,1.0,,,,,,1.0,,,,,,,,,,
486345,,,,,,,,9.0,,,,,,,,,1.0,,1.0,,,,,,6.0,
486354,,,,,,,,16.0,,8.0,,,,,,,4.0,,,,,,,2.0,,
486372,,,,,,,,10.0,,4.0,,,,,,1.0,0.0,,,,,,2.0,1.0,,
486381,,,,,,,,11.0,,4.0,,,,,,1.0,1.0,,,,,,1.0,4.0,,
486390,,,,,,,,6.0,,2.0,,,,,,4.0,,,,,,,,,,
486406,,,,,,,,3.0,,2.0,,,,,,,,,,,,,,1.0,,
486415,,,,,,,,39.0,,20.0,,,,,,5.0,3.0,1.0,,,,1.0,,4.0,,
486424,,,,,,,,15.0,,9.0,,,,,,2.0,,1.0,,,,,,,,
486433,,,,,,,,30.0,,15.0,,,,,,2.0,3.0,1.0,3.0,,,,3.0,,,
486442,,,,,,,,18.0,,12.0,,,,,,2.0,2.0,,,,,,,2.0,,
486460,,,,,,,,8.0,,2.0,,,,,,4.0,0.0,,,,,1.0,,,,
486488,,,,,,,,26.0,,12.0,,2.0,,,,3.0,1.0,1.0,0.0,,,,1.0,3.0,,
486497,,,,,,,,13.0,,3.0,,,,,,1.0,2.0,,,,,3.0,,4.0,,
486503,,,,,,,,7.0,,4.0,,,,,,1.0,1.0,,,,,,,1.0,,
486512,,,,,,,,11.0,,3.0,,,,,,1.0,1.0,,,,,1.0,,5.0,,
486521,,,,,,,,7.0,,1.0,,,,,,1.0,1.0,,,,,1.0,1.0,1.0,,
486530,,,,,,,,27.0,,19.0,,,,,,6.0,,,,,,,,2.0,,
486558,,,,,,,,33.0,,15.0,,,,,,4.0,,,,,,,,14.0,,
486567,,,,,,,,18.0,,9.0,,,,,,1.0,,,,,,,2.0,5.0,1.0,
486576,,,,,,,,35.0,,13.0,,,,,,3.0,2.0,,,,,,,3.0,1.0,
486594,,,,,,,,14.0,,6.0,,,,,,2.0,1.0,,,,,,,1.0,,
486619,,,,,,,,10.0,,4.0,,,,,,1.0,1.0,1.0,,,,,,1.0,,
486691,,,,,,,,8.0,,5.0,,,,,,1.0,,,,,,,,1.0,,
486707,,,,,,,,22.0,,12.0,,,,,,3.0,,,,,,,,2.0,,
486716,,,,,,,,13.0,,6.0,,,,,,3.0,,,,,,,,1.0,,
486734,,,,,,,,16.0,,6.0,,,,,,2.0,,,,,,,,8.0,,
486752,,,,,,,,12.0,,4.0,,,,,,3.0,,,,,,,,1.0,,
486770,,,,,,,,12.0,,5.0,,,,,,1.0,1.0,,,,,,,5.0,,
486798,,,,,,,,90.0,,30.0,,,,,,9.0,,,,,,,21.0,18.0,11.0,
486813,,,,,,,,63.0,,31.0,,,,,,3.0,,,,,,,,19.0,,
486822,,,,,,,,58.0,,33.0,,,,,,2.0,,,,,,,,16.0,,
486840,,,,,,,,3651.0,,1417.0,,,,,,564.0,152.0,256.0,117.0,5.0,,308.0,6.0,479.0,80.0,
486859,,,,,,,,6.0,,3.0,,,,,,1.0,1.0,,,,,,,,,
486868,,,,,,,,2.0,,1.0,,,,,,,1.0,,,,,,,,,
486877,,,,,,,,3.0,,1.0,,,,,,1.0,,,,,,,,1.0,,
486886,,,,,,,,2.0,,1.0,,,,,,,,,,,,,,1.0,,
486901,,,,,,,,247.0,,119.0,,,,,,31.0,9.0,4.0,33.0,2.0,,17.0,1.0,22.0,4.0,
486938,,,,,,,,38.0,,20.0,,,,,,1.0,1.0,,,,,,,3.0,,
486947,,,,,,,,48.0,,29.0,,,,,,1.0,1.0,1.0,,,,,,3.0,,
486956,,,,,,,,83.0,,48.0,,,,,,2.0,1.0,2.0,,,,,,4.0,,
486965,,,,,,,,59.0,,32.0,,,,,,3.0,,,,,,,13.0,,,
486983,,,,,,,,6.0,,3.0,,,,,,1.0,,,,,,,1.0,2.0,,
487010,,,,,,,,4659.0,,1464.0,101.0,,,,,217.0,103.0,343.0,27.0,1457.0,,285.0,,534.0,73.0,21.0
487047,,,,,,,,18.0,,8.0,,,,,,2.0,,,,,,1.0,,4.0,,
487065,,,,,,,,6.0,,3.0,,,,,,1.0,1.0,,,,,,,1.0,,
487083,,,,,,,,11.0,,7.0,,,,,,2.0,1.0,,,,,,,1.0,,
487092,,,,,,,,229.0,,96.0,,,,,,19.0,6.0,18.0,17.0,3.0,,2.0,,22.0,4.0,1.0
487153,,,,,,,,7.0,,4.0,,,,,,1.0,,,,,,,,1.0,,
487162,,,,,,,,407.0,,197.0,,5.0,,,,17.0,26.0,7.0,16.0,,,46.0,,60.0,,
487232,,,,,,,,7.0,,4.0,,,,,,2.0,,,,,,,,1.0,,
487296,,,,,,,,84.0,,37.0,,,,,,11.0,8.0,2.0,10.0,,,1.0,,7.0,2.0,
487302,,,,,,,,54.0,,29.0,,,,,,6.0,4.0,,2.0,,,2.0,5.0,4.0,,
487311,,,,,,,,60.0,,31.0,,,,,,9.0,4.0,,,,,,9.0,2.0,1.0,
487320,,,,,,,,1562.0,,554.0,,,,,,200.0,105.0,78.0,89.0,,,94.0,11.0,211.0,72.0,7.0
487348,,,,,,,,11.0,,4.0,,,,,,1.0,1.0,,,,,,4.0,,,
487375,,,,,,,,66.0,,36.0,,,,,,9.0,,1.0,,,,,,0.0,,
487384,,,,,,,,33.0,,11.0,,,,,,6.0,1.0,,,,,,,15.0,,
487393,,,,,,,,50.0,,17.0,,,,,,6.0,1.0,,,,,,,26.0,,
487409,,,,,,,,31.0,,8.0,,,,,,5.0,1.0,,,,,,,16.0,,
487418,,,,,,,,49.0,,16.0,,,,,,7.0,2.0,,,,,,,25.0,,
487427,,,,,,,,36.0,,11.0,,,,,,5.0,1.0,,,,,,,19.0,,
487436,,,,,,,,32.0,,7.0,,,,,,5.0,1.0,,,,,,,19.0,,
487445,,,,,,,,34.0,,9.0,,,,,,4.0,1.0,,,,,,,20.0,,
487454,,,,,,,,32.0,,10.0,,,,,,6.0,1.0,,,,,,,15.0,,
487472,,,,,,,,55.0,,19.0,,,,,,7.0,1.0,,,,,,,28.0,,
487481,,,,,,,,38.0,,13.0,,,,,,4.0,,,,,,,,21.0,,
487490,,,,,,,,45.0,,18.0,,,,,,7.0,1.0,,,,,,,19.0,,
487506,,,,,,,,35.0,,11.0,,,,,,3.0,2.0,,,,,1.0,3.0,15.0,1.0,
487524,,,,,,,,478.0,,207.0,2.0,,,,,59.0,18.0,19.0,34.0,7.0,,81.0,,29.0,,
487533,,,,,,,,17.0,,11.0,,,,,,1.0,,,,,,,,2.0,,
487588,,,,,,,,26.0,,7.0,,,,,,7.0,1.0,,,,,,3.0,7.0,,
487597,,,,,,,,73.0,,37.0,,,,,,9.0,22.0,1.0,,,,,,3.0,1.0,
487603,,,,,,,,58.0,,43.0,,,,,,5.0,,,,,,,1.0,9.0,0.0,
487621,,,,,,,,5.0,,2.0,,,,,,2.0,,,,,,,,1.0,,
487649,,,,,,,,25.0,,9.0,,,,,,12.0,0.0,,1.0,,,,0.0,2.0,,
487658,,,,,,,,10.0,,3.0,,,,,,2.0,1.0,,,,,,2.0,2.0,,
487676,,,,,,,,18.0,,9.0,,,,,,3.0,2.0,,,,,,2.0,2.0,,
487746,,,,,,,,12.0,,8.0,,,,,,1.0,1.0,,,,,1.0,,1.0,,
487773,,,,,,,,6.0,,3.0,,,,,,1.0,,,,,,,,2.0,,
487791,,,,,,,,43.0,,19.0,,,,,,8.0,3.0,,,,,,,,,
487807,,,,,,,,9.0,,4.0,,,,,,1.0,1.0,,,,,,,3.0,,
487816,,,,,,,,5.0,,2.0,,,,,,1.0,2.0,,,,,,,1.0,,
487852,,,,,,,,2.0,,1.0,,,,,,1.0,,,,,,,,,,
487861,,,,,,,,17.0,,6.0,,,,,,2.0,3.0,1.0,,,,,,1.0,,
487889,,,,,,,,10.0,,3.0,,,,,,1.0,,,,3.0,,,,3.0,,
487898,,,,,,,,3.0,,2.0,,,,,,1.0,0.0,,,,,,,,,
487904,,,,,,,,12.0,,4.0,,,,,,2.0,1.0,,,,,,,1.0,,
487913,,,,,,,,2.0,,1.0,,,,,,,1.0,,,,,,,,,
487922,,,,,,,,5.0,,3.0,,,,,,1.0,1.0,,,,,,,,,
487959,,,,,,,,7.0,,3.0,,,,,,2.0,1.0,,,,,,1.0,,,
487968,,,,,,,,36.0,,11.0,,,,,,5.0,2.0,,,1.0,,1.0,,10.0,,
487977,,,,,,,,74.0,,14.0,,,,,,16.0,1.0,,,,,,3.0,2.0,,
487995,,,,,,,,23.0,,10.0,,,,,,1.0,1.0,0.0,,3.0,,,,3.0,,
488004,,,,,,,,9.0,,6.0,,,,,,1.0,1.0,,,,,0.0,,1.0,,
488013,,,,,,,,7.0,,1.0,,,,,,2.0,1.0,,,,,,1.0,1.0,,
488022,,,,,,,,6.0,,3.0,,,,,,,0.0,,,,,,,2.0,,
488031,,,,,,,,20.0,,6.0,,,,,,6.0,,1.0,,,,,,,,
488040,,,,,,,,15.0,,4.0,,,,,,2.0,2.0,,1.0,,,,,2.0,,
488059,,,,,,,,5.0,,3.0,,,,,,2.0,,,,,,,,0.0,,
488068,,,,,,,,13.0,,6.0,,,,,,6.0,,,,,,,,1.0,,
488077,,,,,,,,91.0,,35.0,,,,,,18.0,1.0,,,,,,18.0,,,
488101,,,,,,,,14.0,,13.0,,,,,,0.0,,,,,,,,1.0,,
488110,,,,,,,,6.0,,2.0,,,,,,,1.0,,,,,,,,,
488129,,,,,,,,4.0,,1.0,,,,,,0.0,0.0,,,,,,,1.0,,
488138,,,,,,,,10.0,,2.0,,,,,,3.0,1.0,,,,,,,,,
488147,,,,,,,,15.0,,4.0,,,,,,2.0,1.0,,,1.0,,,1.0,2.0,,
488174,,,,,,,,7.0,,3.0,,,,,,1.0,1.0,,,,,,,1.0,,
488183,,,,,,,,3.0,,2.0,,,,,,,,,,,,,,,,
488192,,,,,,,,7.0,,3.0,,,,,,2.0,1.0,,,,,,,,,
488217,,,,,,,,10.0,,5.0,,,,,,2.0,1.0,,,,,,,2.0,,
488226,,,,,,,,2.0,,1.0,,,,,,1.0,,,,,,,,,,
488235,,,,,,,,2.0,,1.0,,,,,,1.0,,,,,,,,,,
488253,,,,,,,,12.0,,4.0,,,,,,5.0,,,,,,0.0,,0.0,,
488262,,,,,,,,13.0,,6.0,,,,,,2.0,2.0,,,,,,,2.0,,
488271,,,,,,,,18.0,,11.0,,,,,,1.0,2.0,,,,,,,1.0,,
488280,,,,,,,,3.0,,1.0,,,,,,1.0,,,,,,,,1.0,,
488299,,,,,,,,14.0,,3.0,,,,,,2.0,2.0,,,,,,,5.0,,
488305,,,,,,,,30.0,,7.0,,,,,,7.0,,0.0,,,,3.0,,10.0,3.0,
488314,,,,,,,,4.0,,4.0,,,,,,0.0,,,,,,,,,,
488332,,,,,,,,16.0,,6.0,,,,,,1.0,,,,,,,,9.0,,
488350,,,,,,,,6.0,,4.0,,,,,,2.0,0.0,,,,,,,0.0,,
488369,,,,,,,,7.0,,4.0,,,,,,3.0,0.0,,,,,,,,,
488378,,,,,,,,4.0,,2.0,,,,,,,2.0,,,,,,,,,
488387,,,,,,,,52.0,,23.0,0.0,,,,,10.0,2.0,,3.0,,,,,5.0,,
488396,,,,,,,,4.0,,2.0,,,,,,,,,,,,,,1.0,,
488411,,,,,,,,10.0,,6.0,,,,,,2.0,,,,,,,,2.0,,
488420,,,,,,,,15.0,,3.0,,,,,,4.0,1.0,,,,,,,8.0,,
488439,,,,,,,,17.0,,9.0,,,,,,4.0,1.0,,,,,,1.0,2.0,,
488448,,,,,,,,19.0,,10.0,,,,,,3.0,1.0,,,,,,,3.0,,
488527,,,,,,,,115.0,,29.0,1.0,,,,,25.0,7.0,5.0,3.0,,,14.0,,24.0,,
488554,,,,,,,,112.0,,25.0,1.0,,,,,33.0,5.0,5.0,,,,,,21.0,,
488572,,,,,,,,95.0,,48.0,,,,,,8.0,4.0,4.0,3.0,,,,,17.0,,
488590,,,,,,,,2.0,,1.0,,,,,,,,,,,,,,1.0,,
488651,,,,,,,,23.0,,6.0,,,,,,3.0,3.0,,,,,1.0,,7.0,2.0,
488730,,,,,,,,255.0,,113.0,,,,,,8.0,11.0,12.0,5.0,,,18.0,,18.0,3.0,1.0
488749,,,,,,,,25.0,,12.0,,,,,,1.0,1.0,,,,,1.0,1.0,6.0,1.0,
488776,,,,,,,,8.0,,2.0,,,,,,2.0,,,,,,,,2.0,,
488785,,,,,,,,40.0,,13.0,1.0,,,,,6.0,1.0,,12.0,3.0,,,,1.0,,
488800,,,,,,,,63.0,,48.0,,,,,,1.0,1.0,,,,,,,13.0,,
488828,,,,,,,,3.0,,1.0,,,,,,1.0,1.0,,,,,,,,,
488837,,,,,,,,25.0,,13.0,,,,,,2.0,2.0,,,,,0.0,,8.0,,
488846,,,,,,,,18.0,,,4.0,,,,,,1.0,,,,,,,1.0,,
488891,,,,,,,,63.0,,27.0,,,,,,4.0,2.0,1.0,,,,,,12.0,10.0,
488907,,,,,,,,24.0,,6.0,1.0,,,,,5.0,2.0,1.0,,,,1.0,,8.0,,
488916,,,,,,,,3.0,,1.0,,,,,,1.0,,,,,,,,1.0,,
488925,,,,,,,,24.0,,10.0,,,,,,4.0,,,,,,,,2.0,1.0,
488934,,,,,,,,724.0,,260.0,,,,,,60.0,26.0,29.0,21.0,,,58.0,,104.0,27.0,20.0
488952,,,,,,,,10.0,,4.0,,,,,,2.0,,,,,,,,1.0,,
488961,,,,,,,,8.0,,2.0,,,,,,2.0,,,,,,,,1.0,,
488970,,,,,,,,10.0,,4.0,,,,,,1.0,,,,,,,,1.0,,
488989,,,,,,,,22.0,,10.0,,,,,,2.0,,,,,,,3.0,7.0,,
488998,,,,,,,,18.0,,8.0,,,,,,1.0,,,,,,,4.0,3.0,2.0,
489122,,,,,,,,9.0,,4.0,,,,,,1.0,2.0,,,,,,,2.0,,
489131,,,,,,,,5.0,,,,,,,,1.0,3.0,,,,,,,1.0,,
489140,,,,,,,,9.0,,3.0,,,,,,1.0,2.0,,,,,,,2.0,,
489159,,,,,,,,16.0,,11.0,,,,,,1.0,,,,,,,1.0,2.0,,
489201,,,,,,,,250.0,,167.0,,,,,,18.0,12.0,,10.0,,,11.0,,24.0,,
489238,,,,,,,,16.0,,7.0,,,,,,1.0,2.0,,1.0,,,1.0,2.0,1.0,,
489247,,,,,,,,5.0,,2.0,,,,,,0.0,,,,,,,,2.0,,
489256,,,,,,,,28.0,,10.0,,,,,,5.0,1.0,1.0,,,,1.0,,9.0,,
489283,,,,,,,,40.0,,21.0,,,,,,4.0,,,,,,,,2.0,,
489335,,,,,,,,13.0,,7.0,0.0,,,,,1.0,3.0,,,,,,,,,
489344,,,,,,,,28.0,,10.0,,,,,,2.0,1.0,1.0,,,,,,2.0,,
489353,,,,,,,,33.0,,17.0,,,,,,2.0,1.0,1.0,,,,,,3.0,,
489371,,,,,,,,24.0,,12.0,,,,,,1.0,2.0,,,,,1.0,5.0,,,
489760,,,,,,,,12.0,,7.0,,,,,,1.0,,,,,,1.0,1.0,2.0,,
489779,,,,,,,,1085.0,,784.0,,,,,,126.0,5.0,,,,,,,4.0,,
489812,,,,,,,,5.0,,4.0,,,,,,,,,,,,,,1.0,,
489830,,,,,,,,6.0,,4.0,,,,,,1.0,,,,,,,,1.0,,
489858,,,,,,,,83.0,,42.0,,,,,,17.0,1.0,1.0,1.0,,,,,12.0,1.0,
489937,,,,,,,,120.0,,46.0,,,,,,16.0,3.0,6.0,16.0,1.0,,6.0,1.0,7.0,,
490018,,,,,,,,2.0,,1.0,,,,,,,,,,,,,,1.0,,
490045,,,,,,,,18.0,,8.0,,,,,,4.0,,0.0,1.0,,,1.0,,4.0,,
490054,,,,,,,,134.0,,66.0,,,,,,13.0,6.0,1.0,,,,,10.0,9.0,2.0,
490063,,,,,,,,24.0,,11.0,1.0,,,,,4.0,,1.0,,,,,,3.0,,
490072,,,,,,,,36.0,,18.0,,,,,,3.0,3.0,,,,,1.0,3.0,3.0,3.0,
490081,,,,,,,,17.0,,5.0,,1.0,,,,1.0,2.0,0.0,,,,3.0,,,,
490090,,,,,,,,20.0,,9.0,,,,,,,,,1.0,2.0,,2.0,,,1.0,3.0
490106,,,,,,,,34.0,,12.0,,,,,,1.0,2.0,,,3.0,,2.0,3.0,7.0,,
490115,,,,,,,,10.0,,2.0,,,,,,3.0,0.0,,0.0,,,,,,,
490124,,,,,,,,7.0,,1.0,,,,,,2.0,,,,,,,,2.0,,
490133,,,,,,,,219.0,,68.0,3.0,,,,,18.0,8.0,7.0,45.0,,,,,1.0,,
490142,,,,,,,,2.0,,1.0,,,,,,,,,,,,,,1.0,,
490151,,,,,,,,11.0,,5.0,,,,,,1.0,1.0,,,,,,,1.0,,
490160,,,,,,,,11.0,,2.0,,,,,,4.0,1.0,,,,,,,1.0,,
490197,,,,,,,,7.0,,2.0,,,,,,1.0,1.0,,,,,,,1.0,,
490203,,,,,,,,21.0,,11.0,,,,,,2.0,1.0,,2.0,,,,,0.0,,
490212,,,,,,,,8.0,,3.0,,,,,,1.0,2.0,,,,,,,,,
490221,,,,,,,,4.0,,3.0,,,,,,1.0,,,,,,,,,,
490230,,,,,,,,18.0,,13.0,,,,,,1.0,1.0,0.0,,,,0.0,,,,
490249,,,,,,,,10.0,,3.0,,,,,,1.0,,,,,,,,,,
490258,,,,,,,,4.0,,2.0,,,,,,1.0,,,,,,,,1.0,,
490267,,,,,,,,3.0,,2.0,,,,,,1.0,,,,,,,,,,
490276,,,,,,,,21.0,,13.0,,,,,,,,,,,,2.0,,3.0,,
490285,,,,,,,,54.0,,15.0,,,,,,10.0,4.0,4.0,,,,,,3.0,,
490294,,,,,,,,6.0,,4.0,,,,,,1.0,1.0,,,,,,,,,
490300,,,,,,,,7.0,,4.0,,,,,,3.0,,,,,,,,,,
490319,,,,,,,,5.0,,4.0,,,,,,0.0,1.0,,,,,,,,,
490328,,,,,,,,7.0,,4.0,,,,,,2.0,0.0,,,,,1.0,,,,
490337,,,,,,,,7.0,,4.0,,,,,,,1.0,,,,,,,1.0,,
490346,,,,,,,,12.0,,6.0,,,,,,,1.0,0.0,,,,,,1.0,,
490373,,,,,,,,734.0,,127.0,9.0,,,,,52.0,19.0,57.0,9.0,269.0,,52.0,,118.0,3.0,
490382,,,,,,,,15.0,,6.0,,,,,,3.0,2.0,,,,,,1.0,3.0,,
490391,,,,,,,,2.0,,1.0,,,,,,,,,,,,,,,,
490407,,,,,,,,12.0,,6.0,,,,,,3.0,2.0,,,,,,,1.0,,
490416,,,,,,,,5.0,,2.0,,,,,,,2.0,,,,,,,,,
490425,,,,,,,,13.0,,6.0,,,,,,4.0,,,,,,,,3.0,,
490434,,,,,,,,5.0,,3.0,,,,,,,2.0,,,,,,,,,
490443,,,,,,,,12.0,,5.0,,,,,,1.0,1.0,,,,,,1.0,1.0,,
490452,,,,,,,,11.0,,3.0,,,,,,2.0,2.0,,,,,,,4.0,,
490461,,,,,,,,7.0,,2.0,,,,,,2.0,,,,,,0.0,,2.0,,
490470,,,,,,,,2.0,,1.0,,,,,,1.0,,,,,,,,,,
490489,,,,,,,,3.0,,1.0,,,,,,,1.0,,,,,,,,,
490498,,,,,,,,8.0,,2.0,,,,,,1.0,,,,,,,1.0,3.0,,
490504,,,,,,,,4.0,,3.0,,,,,,0.0,0.0,,,,,1.0,,,,
490513,,,,,,,,10.0,,7.0,,,,,,1.0,,,,,,1.0,,1.0,,
490522,,,,,,,,2.0,,1.0,,,,,,,,,,,,,,1.0,,
490531,,,,,,,,7.0,,3.0,,,,,,1.0,1.0,,,,,,,2.0,,
490540,,,,,,,,5.0,,2.0,,,,,,2.0,,,,,,,,1.0,,
490559,,,,,,,,47.0,,28.0,,,,,,7.0,,,,,,,,2.0,,
490568,,,,,,,,11.0,,6.0,,,,,,1.0,,,,,,,1.0,1.0,,
490674,,,,,,,,3.0,,1.0,,,,,,,1.0,,,,,,,1.0,,
490692,,,,,,,,5.0,,2.0,,,,,,1.0,2.0,,,,,,,,,
490717,,,,,,,,14.0,,5.0,,,,,,1.0,1.0,,,,,,3.0,4.0,,
490735,,,,,,,,13.0,,6.0,,,,,,2.0,,,,,,,,,,
490744,,,,,,,,16.0,,8.0,,,,,,4.0,,,,,,2.0,,2.0,,
490753,,,,,,,,25.0,,1.0,,,,,,7.0,3.0,1.0,,,,3.0,2.0,3.0,1.0,
490805,,,,,,,,1103.0,,407.0,1.0,47.0,,,,110.0,88.0,55.0,80.0,4.0,,74.0,,195.0,16.0,2.0
490814,,,,,,,,18.0,,11.0,,,,,,3.0,,,,,,,,1.0,,
490832,,,,,,,,28.0,,17.0,,,,,,5.0,,,,,,,,2.0,,
490841,,,,,,,,13.0,,6.0,,,,,,1.0,,,,,,,,1.0,,
490869,,,,,,,,19.0,,9.0,,,,,,2.0,,,,,,0.0,4.0,4.0,,
490878,,,,,,,,60.0,,25.0,,,,,,12.0,,,,,,,,3.0,,
490896,,,,,,,,10.0,,4.0,,,,,,3.0,0.0,,,,,,,3.0,,
490948,,,,,,,,4.0,,3.0,,,,,,,,,,,,,,1.0,,
490975,,,,,,,,31.0,,16.0,,,,,,7.0,2.0,,,,,1.0,,4.0,,
491057,,,,,,,,16.0,,9.0,,,,,,1.0,1.0,,,,,3.0,,1.0,,
491066,,,,,,,,4.0,,2.0,,,,,,,1.0,,,,,,,,,
491075,,,,,,,,5.0,,3.0,,,,,,,,,,,,,,,,
491084,,,,,,,,18.0,,7.0,,,,,,2.0,,,,,,1.0,,4.0,,
491136,,,,,,,,7.0,,4.0,,,,,,1.0,,,,,,,,1.0,,
491145,,,,,,,,7.0,,4.0,,,,,,1.0,,,,,,,,1.0,,
491181,,,,,,,,30.0,,16.0,,,,,,1.0,,1.0,,,,2.0,,5.0,,
491190,,,,,,,,12.0,,10.0,,,,,,1.0,,,,,,,,,,
491224,,,,,,,,7.0,,4.0,,,,,,1.0,,,,,,,,1.0,,
491233,,,,,,,,2.0,,1.0,,,,,,,0.0,,,,,,,0.0,,
491242,,,,,,,,8.0,,2.0,,,,,,3.0,,,,,,,,3.0,,
491251,,,,,,,,15.0,,7.0,,,,,,1.0,1.0,,,,,1.0,,1.0,,
491260,,,,,,,,5.0,,3.0,,,,,,1.0,1.0,,,,,,,,,
491394,,,,,,,,4.0,,2.0,,,,,,1.0,,,,,,,1.0,,,
491446,,,,,,,,10.0,,6.0,,,,,,1.0,2.0,,,,,1.0,,0.0,,
491464,,,,,,,,56.0,,33.0,,,,,,4.0,1.0,,,,,,,13.0,5.0,
491473,,,,,,,,63.0,,42.0,,,,,,2.0,1.0,,1.0,,,2.0,,4.0,,
491482,,,,,,,,10.0,,7.0,,,,,,1.0,,,,,,,1.0,,,
491507,,,,,,,,3.0,,1.0,,,,,,,0.0,,,,,,,2.0,,
491525,,,,,,,,33.0,,10.0,,,,,,,1.0,1.0,1.0,,,6.0,,13.0,,
491534,,,,,,,,3.0,,2.0,,,,,,,,,,,,,,1.0,,
491543,,,,,,,,12.0,,6.0,,,,,,2.0,1.0,0.0,,,,1.0,,2.0,,
491552,,,,,,,,18.0,,8.0,,,,,,1.0,2.0,,2.0,,,4.0,,1.0,,
491570,,,,,,,,7.0,,2.0,,,,,,1.0,1.0,,,,,,,2.0,,
491589,,,,,,,,5.0,,2.0,,,,,,1.0,1.0,,,,,,,1.0,,
491598,,,,,,,,4.0,,1.0,,,,,,,0.0,,,,,,,1.0,,
491613,,,,,,,,6.0,,4.0,,,,,,0.0,1.0,,,,,,,1.0,,
491622,,,,,,,,9.0,,7.0,,,,,,,1.0,,,,,,,1.0,,
491631,,,,,,,,21.0,,16.0,,,,,,3.0,0.0,,,,,,,1.0,,
491640,,,,,,,,10.0,,5.0,,,,,,1.0,2.0,,,,,1.0,,1.0,,
491659,,,,,,,,17.0,,6.0,,,,,,,1.0,,,,,,,2.0,,
491668,,,,,,,,27.0,,4.0,,,,,,1.0,3.0,,,,,,5.0,2.0,1.0,1.0
491677,,,,,,,,6.0,,3.0,,,,,,1.0,,,,,,,,1.0,,
491686,,,,,,,,7.0,,4.0,,,,,,1.0,,,,,,,,2.0,,
491695,,,,,,,,12.0,,5.0,,,,,,2.0,1.0,,,,,1.0,,,,
491701,,,,,,,,4.0,,2.0,,,,,,1.0,0.0,,,,,,1.0,,,
491710,,,,,,,,8.0,,5.0,,,,,,,1.0,,,,,2.0,,0.0,,
491729,,,,,,,,6.0,,3.0,,,,,,,2.0,,,,,,,1.0,,
491738,,,,,,,,6.0,,3.0,,,,,,1.0,,,,,,,,1.0,,
491747,,,,,,,,7.0,,2.0,,,,,,1.0,,,,,,,,2.0,,
491756,,,,,,,,22.0,,10.0,,,,,,3.0,1.0,,,,,1.0,2.0,2.0,,
491765,,,,,,,,8.0,,6.0,,,,,,,1.0,,,,,,,0.0,,
491774,,,,,,,,9.0,,3.0,,,,,,2.0,1.0,,,,,,,3.0,,
491783,,,,,,,,11.0,,4.0,,,,,,2.0,2.0,,,,,,,3.0,,
491792,,,,,,,,11.0,,6.0,,,,,,1.0,2.0,,,,,,1.0,1.0,,
491808,,,,,,,,29.0,,16.0,1.0,,,,,2.0,,3.0,,,,,,7.0,,
491817,,,,,,,,11.0,,5.0,,,,,,3.0,,,,,,,,3.0,,
491826,,,,,,,,7.0,,3.0,,,,,,1.0,,,,,,,,1.0,,
491835,,,,,,,,10.0,,6.0,,,,,,,3.0,,,,,,,1.0,,
491844,,,,,,,,27.0,,9.0,,1.0,,,,3.0,5.0,1.0,,,,4.0,,,,
491853,,,,,,,,6.0,,3.0,,,,,,2.0,,,,,,,,1.0,,
491871,,,,,,,,4.0,,1.0,,,,,,,1.0,,,,,,,1.0,,
491880,,,,,,,,9.0,,5.0,,,,,,1.0,,,,,,,1.0,2.0,,
491899,,,,,,,,12.0,,7.0,,,,,,2.0,2.0,,,,,,,1.0,,
491905,,,,,,,,15.0,,8.0,,,,,,2.0,1.0,,,,,,,1.0,,
491914,,,,,,,,13.0,,8.0,,,,,,1.0,1.0,,,,,2.0,,1.0,,
491923,,,,,,,,14.0,,7.0,,,,,,3.0,1.0,,,,,,,,,
491932,,,,,,,,4.0,,2.0,,,,,,1.0,,,,,,,,,,
491941,,,,,,,,18.0,,11.0,,,,,,2.0,,,0.0,,,,,,,
491950,,,,,,,,32.0,,9.0,,,,,,12.0,4.0,,4.0,,,,,3.0,,
491969,,,,,,,,5.0,,2.0,,,,,,2.0,1.0,,,,,,,0.0,,
491978,,,,,,,,6.0,,4.0,,,,,,,1.0,,,,,,,1.0,,
491996,,,,,,,,8.0,,3.0,,,,,,2.0,1.0,,,,,,,2.0,,
492005,,,,,,,,5.0,,3.0,,,,,,1.0,1.0,,,,,,,,,
492032,,,,,,,,11.0,,10.0,,,,,,,,,,,,,,,,
492069,,,,,,,,21.0,,5.0,,,,,,3.0,1.0,1.0,4.0,,,2.0,,3.0,0.0,
492087,,,,,,,,4.0,,1.0,,,,,,2.0,,,,,,1.0,,,,
492096,,,,,,,,2.0,,0.0,,,,,,1.0,1.0,,,,,,,,,
492102,,,,,,,,32.0,,8.0,1.0,,,,,15.0,3.0,1.0,,,,,,2.0,,
492139,,,,,,,,33.0,,7.0,,,,,,4.0,3.0,,1.0,,,,,8.0,,
492157,,,,,,,,27.0,,9.0,,,,,,2.0,2.0,,,,,,,13.0,,1.0
492209,,,,,,,,7.0,,2.0,,,,,,4.0,,,,,,,,1.0,,
492263,,,,,,,,450.0,,,,,,,,100.0,171.0,48.0,29.0,,,5.0,,91.0,,4.0
492281,,,,,,,,7.0,,2.0,,,,,,,2.0,,,,,,,3.0,,
492360,,,,,,,,6.0,,3.0,,,,,,1.0,1.0,,,,,,,1.0,,
492379,,,,,,,,4.0,,1.0,,,,,,1.0,0.0,,,,,,,1.0,,
492397,,,,,,,,10.0,,4.0,,,,,,1.0,1.0,,,,,,,2.0,,
492421,,,,,,,,4.0,,2.0,,,,,,1.0,1.0,,,,,,,0.0,,
492449,,,,,,,,51.0,,32.0,,,,,,3.0,,,,,,,,11.0,,
492476,,,,,,,,14.0,,2.0,,,,,,2.0,,,1.0,,,,1.0,5.0,2.0,
492591,,,,,,,,6.0,,3.0,,,,,,1.0,1.0,,,,,,,1.0,,
492607,,,,,,,,9.0,,2.0,,,,,,3.0,,,,,,,,0.0,,
492643,,,,,,,,6.0,,3.0,,,,,,3.0,,,,,,,,,,
492652,,,,,,,,8.0,,4.0,,,,,,1.0,1.0,,,,,,,1.0,,
492661,,,,,,,,19.0,,12.0,,,,,,2.0,3.0,,,,,,,,,
492689,,,,,,,,1744.0,,297.0,9.0,,,,,150.0,1.0,83.0,36.0,338.0,,194.0,1.0,599.0,21.0,12.0
492722,,,,,,,,24.0,,11.0,,,,,,4.0,,,,,,,,1.0,,
492731,,,,,,,,10.0,,7.0,,,,,,1.0,2.0,,,,,,,,,
492759,,,,,,,,22.0,,9.0,,,,,,2.0,,1.0,,,,,,1.0,,
492801,,,,,,,,105.0,,65.0,,,,,,3.0,,1.0,1.0,,,1.0,,8.0,,
492935,,,,,,,,10.0,,7.0,,,,,,1.0,1.0,,,,,,,,,
492953,,,,,,,,6.0,,3.0,,,,,,1.0,,,,,,,1.0,1.0,,
493071,,,,,,,,17.0,,6.0,,,,,,1.0,2.0,,,,,1.0,4.0,1.0,1.0,
493080,,,,,,,,42.0,,10.0,,,,,,8.0,1.0,,,,,12.0,2.0,,,
493132,,,,,,,,45.0,,21.0,,,,,,8.0,13.0,1.0,,,,,,1.0,1.0,
493150,,,,,,,,18.0,,13.0,,,,,,1.0,1.0,,,,,,,2.0,,
493372,,,,,,,,1.0,,1.0,,,,,,,,,,,,,,0.0,,
493424,,,,,,,,7.0,,3.0,,,,,,1.0,,,,,,,,1.0,,
493451,,,,,,,,10.0,,7.0,,,,,,1.0,1.0,,,,,,1.0,,,
493479,,,,,,,,6.0,,3.0,,,,,,,,,,,,,,,,
493488,,,,,,,,7.0,,2.0,,,,,,2.0,,,0.0,,,,,3.0,,
493497,,,,,,,,4.0,,2.0,,,,,,,2.0,,,,,,,,,
493503,,,,,,,,10.0,,3.0,,,,,,2.0,,,,,,1.0,1.0,2.0,,
493512,,,,,,,,8.0,,2.0,,,,,,,,,,,,,,,,
493521,,,,,,,,5.0,,3.0,,,,,,2.0,,,,,,,,,,
493530,,,,,,,,3.0,,2.0,,,,,,1.0,,,,,,,,,,
493549,,,,,,,,23.0,,7.0,,,,,,5.0,,,,,,1.0,,7.0,,
493558,,,,,,,,3.0,,,,,,,,1.0,,,,,,,,2.0,,
493567,,,,,,,,4.0,,1.0,,,,,,2.0,1.0,,,,,,,,,
493576,,,,,,,,4.0,,2.0,,,,,,,1.0,,,,,,,,,
493585,,,,,,,,5.0,,2.0,,,,,,1.0,1.0,,,,,,,,,
493594,,,,,,,,4.0,,1.0,,,,,,1.0,2.0,,,,,,,,,
493600,,,,,,,,29.0,,21.0,,,,,,,,,,,,4.0,,3.0,,
493619,,,,,,,,22.0,,15.0,,,,,,2.0,,,,,,,,,,
493628,,,,,,,,10.0,,4.0,,,,,,5.0,1.0,,,,,,,,,
493637,,,,,,,,5.0,,3.0,,,,,,1.0,1.0,,,,,,,,,
493646,,,,,,,,30.0,,17.0,,,,,,2.0,2.0,,,,,4.0,,5.0,,
493655,,,,,,,,4.0,,1.0,,,,,,,,,,,,,,3.0,,
493664,,,,,,,,5.0,,3.0,,,,,,1.0,0.0,,,,,0.0,,0.0,,
493673,,,,,,,,6.0,,0.0,,,,,,2.0,0.0,,,,,,,1.0,,
493682,,,,,,,,7.0,,5.0,,,,,,1.0,,,,,,,,0.0,,
493691,,,,,,,,4.0,,1.0,,,,,,2.0,1.0,,,,,,,,,
493707,,,,,,,,7.0,,4.0,,,,,,1.0,1.0,,,,,,,0.0,,
493716,,,,,,,,7.0,,3.0,,,,,,2.0,0.0,,,,,1.0,,0.0,,
493725,,,,,,,,15.0,,,,,,,,,,,,,,,,,,
493734,,,,,,,,26.0,,9.0,,,,,,2.0,0.0,1.0,4.0,,,2.0,,1.0,,
493743,,,,,,,,5.0,,2.0,,,,,,2.0,,,,,,,,0.0,,
493752,,,,,,,,8.0,,2.0,,,,,,2.0,2.0,,,,,,,,,
493761,,,,,,,,12.0,,4.0,,,,,,1.0,2.0,,,,,,0.0,,,
493770,,,,,,,,4.0,,4.0,,,,,,,,,,,,,,,,
493789,,,,,,,,10.0,,5.0,,,,,,3.0,,,,,,,,2.0,,
493798,,,,,,,,14.0,,10.0,,,,,,2.0,1.0,,,,,0.0,,1.0,,
493804,,,,,,,,8.0,,4.0,,,,,,4.0,,,,,,,,,,
493813,,,,,,,,14.0,,9.0,,,,,,2.0,1.0,,,,,,,2.0,,
493822,,,,,,,,22.0,,8.0,,,,,,5.0,3.0,,,,,,,6.0,,
493831,,,,,,,,6.0,,3.0,,,,,,,2.0,,,,,,,1.0,,
493895,,,,,,,,56.0,,38.0,2.0,,,,,5.0,,1.0,,,,,1.0,,,
493947,,,,,,,,84.0,,32.0,,,,,,12.0,3.0,4.0,4.0,,,6.0,,12.0,,
493992,,,,,,,,383.0,,128.0,,,,,,64.0,43.0,6.0,27.0,,,1.0,103.0,11.0,,
494001,,,,,,,,10.0,,5.0,,,,,,2.0,1.0,,,,,,,1.0,,
494010,,,,,,,,13.0,,7.0,,,,,,3.0,,,,,,,,,,
494029,,,,,,,,2.0,,1.0,,,,,,,,,,,,,,0.0,,
494162,,,,,,,,19.0,,6.0,,,,,,5.0,,1.0,,,,,,,,
494171,,,,,,,,59.0,,35.0,,,,,,8.0,,1.0,,,,,,1.0,,
494232,,,,,,,,12.0,,6.0,,,,,,2.0,2.0,,,,,,,2.0,,
494250,,,,,,,,13.0,,3.0,,,,,,1.0,2.0,,1.0,,,,3.0,1.0,,
494269,,,,,,,,1.0,,,,,,,,,,,,,,,,,,
494278,,,,,,,,16.0,,4.0,,,,,,2.0,,,1.0,,,,1.0,3.0,4.0,
494287,,,,,,,,19.0,,7.0,,,,,,3.0,,,1.0,,,,1.0,2.0,4.0,
494357,,,,,,,,44.0,,17.0,,,,,,5.0,1.0,,,,,,,21.0,,
494436,,,,,,,,30.0,,16.0,,,,,,2.0,3.0,,,,,1.0,4.0,3.0,,
494463,,,,,,,,22.0,,19.0,,,,,,2.0,1.0,,,,,,,0.0,,
494524,,,,,,,,8.0,,6.0,,,,,,1.0,,,,,,,,1.0,,
494551,,,,,,,,13.0,,4.0,,,,,,,1.0,,,0.0,,,,1.0,,
494588,,,,,,,,18.0,,9.0,,,,,,1.0,,,,,,,,6.0,,
494621,,,,,,,,7.0,,3.0,,,,,,1.0,1.0,,,,,,,1.0,,
494630,,,,,,,,15.0,,5.0,,1.0,,,,,1.0,,,,,,,2.0,1.0,
494649,,,,,,,,6.0,,3.0,,,,,,2.0,1.0,,,,,,0.0,0.0,,
494658,,,,,,,,4.0,,1.0,,,,,,2.0,,,,,,,,,,
494685,,,,,,,,21.0,,10.0,,,,,,4.0,,,,,,1.0,,5.0,,
494694,,,,,,,,8.0,,4.0,,,,,,2.0,1.0,1.0,,,,,,,,
494700,,,,,,,,9.0,,6.0,,,,,,1.0,1.0,,,,,,,1.0,,
494719,,,,,,,,7.0,,2.0,,,,,,1.0,3.0,,,,,,,1.0,,
494728,,,,,,,,4.0,,2.0,,,,,,,1.0,,,,,,,1.0,,
494737,,,,,,,,21.0,,19.0,,,,,,,,,,,,1.0,,1.0,,
494746,,,,,,,,16.0,,11.0,,,,,,2.0,,,,,,3.0,,0.0,,
494755,,,,,,,,5.0,,1.0,,,,,,1.0,1.0,,,,,,1.0,1.0,,
494764,,,,,,,,20.0,,9.0,,,,,,3.0,,,,,,,,9.0,,
494834,,,,,,,,18.0,,4.0,,,,,,5.0,,,1.0,,,4.0,1.0,2.0,1.0,
494843,,,,,,,,61.0,,37.0,,,,,,7.0,3.0,,,,,,6.0,3.0,,
494852,,,,,,,,55.0,,31.0,,,,,,5.0,1.0,2.0,,,,,3.0,9.0,2.0,
494898,,,,,,,,7.0,,4.0,,,,,,1.0,,,,,,,1.0,,,
494904,,,,,,,,13.0,,2.0,,,,,,,,,,2.0,,,1.0,3.0,,
