UNITID,SALTOTL,SALPROF,SALASSC,SALASST,SALINST,SALLECT,SALNRNK,SFTETOTL,SFTEPSTC,SFTEINST,SFTERSRC,SFTEPBSV,SFTELCAI,SFTELCA,SFTEOTIS,SFTEMNGM,SFTEBFO,SFTECES,SFTECLAM,SFTEHLTH,SFTEOTHR,SFTESRVC,SFTESALE,SFTEOFAS,SFTENRCM,SFTEPTMM
100654,,,,,,,,832.0,,279.0,2.0,,,,,81.0,41.0,35.0,109.0,2.0,,52.0,2.0,191.0,7.0,16.0
100663,,,,,,,,8334.0,,2331.0,,,,,,332.0,1063.0,1437.0,296.0,449.0,,674.0,,1220.0,318.0,80.0
100690,,,,,,,,68.0,,36.0,,,,,,3.0,8.0,5.0,,,,,,,,
100706,,,,,,,,1376.0,,387.0,,,,,,104.0,75.0,413.0,70.0,4.0,,94.0,,184.0,20.0,2.0
100724,,,,,,,,901.0,,306.0,6.0,,,,,68.0,37.0,28.0,86.0,3.0,,136.0,7.0,113.0,33.0,9.0
100733,,,,,,,,91.0,,,,,,,,15.0,22.0,5.0,20.0,,,1.0,,28.0,,
100751,,,,,,,,5888.0,,1508.0,,,,,,531.0,448.0,466.0,510.0,217.0,,759.0,27.0,877.0,213.0,118.0
100760,,,,,,,,181.0,,89.0,,,,,,16.0,7.0,1.0,1.0,,,22.0,,39.0,,
100812,,,,,,,,266.0,,115.0,,,,,,22.0,5.0,10.0,6.0,,,16.0,,55.0,8.0,2.0
100830,,,,,,,,647.0,,243.0,,,,,,109.0,21.0,47.0,24.0,5.0,,40.0,2.0,114.0,,4.0
100858,,,,,,,,5318.0,,1277.0,24.0,231.0,,,,414.0,288.0,682.0,522.0,131.0,,406.0,16.0,919.0,226.0,58.0
100937,,,,,,,,317.0,,109.0,,,,,,33.0,11.0,9.0,53.0,5.0,,18.0,2.0,40.0,10.0,2.0
101028,,,,,,,,137.0,,68.0,,,,,,16.0,1.0,2.0,3.0,,,9.0,1.0,27.0,2.0,1.0
101073,,,,,,,,109.0,,34.0,,,,,,7.0,5.0,,,,,16.0,19.0,7.0,,
101116,,,,,,,,65.0,,28.0,,,,,,18.0,,,,,,,,16.0,2.0,
101143,,,,,,,,154.0,,81.0,,,,,,1.0,6.0,3.0,2.0,,,13.0,2.0,29.0,,1.0
101161,,,,,,,,210.0,,126.0,,,,,,,,,,,,,,,,
101189,,,,,,,,354.0,,171.0,,,,,,30.0,7.0,,55.0,0.0,,10.0,0.0,41.0,,1.0
101240,,,,,,,,481.0,,200.0,,,,,,37.0,11.0,21.0,21.0,1.0,,30.0,,105.0,14.0,
101277,,,,,,,,10.0,,6.0,,,,,,1.0,1.0,,,,,,,2.0,,
101286,,,,,,,,332.0,,160.0,,,,,,23.0,7.0,11.0,6.0,1.0,,10.0,,46.0,8.0,5.0
101295,,,,,,,,407.0,,210.0,,,,,,29.0,7.0,4.0,11.0,,,24.0,,63.0,13.0,
101301,,,,,,,,178.0,,74.0,,,,,,12.0,7.0,6.0,17.0,,,17.0,,29.0,,1.0
101365,,,,,,,,34.0,,16.0,,,,,,2.0,,,,,,1.0,,5.0,,
101435,,,,,,,,210.0,,68.0,,,,,,25.0,16.0,4.0,45.0,1.0,,20.0,,11.0,8.0,
101453,,,,,,,,31.0,,6.0,,,,,,9.0,6.0,1.0,,,,1.0,,6.0,1.0,
101462,,,,,,,,105.0,,47.0,,,,,,8.0,5.0,4.0,,,,3.0,,18.0,,
101471,,,,,,,,119.0,,39.0,,,,,,9.0,7.0,2.0,1.0,,,2.0,,17.0,0.0,1.0
101480,,,,,,,,952.0,,363.0,,,,,,97.0,12.0,45.0,96.0,3.0,,131.0,,129.0,36.0,7.0
101499,,,,,,,,97.0,,48.0,,,,,,12.0,3.0,3.0,,,,6.0,,12.0,,
101505,,,,,,,,493.0,,246.0,,,,,,9.0,16.0,5.0,13.0,,,43.0,1.0,98.0,6.0,
101514,,,,,,,,519.0,,263.0,,,,,,29.0,3.0,23.0,30.0,,,28.0,,99.0,11.0,
101541,,,,,,,,101.0,,37.0,,2.0,,,,6.0,2.0,3.0,2.0,3.0,,14.0,1.0,10.0,3.0,
101569,,,,,,,,290.0,,124.0,,,,,,29.0,7.0,5.0,13.0,0.0,,19.0,5.0,64.0,4.0,1.0
101587,,,,,,,,497.0,,162.0,1.0,3.0,,,,40.0,33.0,14.0,59.0,,,57.0,,82.0,27.0,4.0
101602,,,,,,,,152.0,,76.0,,,,,,11.0,11.0,4.0,11.0,,,5.0,,27.0,1.0,
101648,,,,,,,,109.0,,21.0,,,,,,10.0,6.0,1.0,8.0,1.0,,21.0,2.0,15.0,4.0,3.0
101675,,,,,,,,294.0,,108.0,,,,,,19.0,9.0,3.0,26.0,3.0,,62.0,,53.0,,
101693,,,,,,,,230.0,,101.0,,,,,,25.0,13.0,6.0,36.0,2.0,,8.0,,34.0,,
101709,,,,,,,,485.0,,168.0,,,,,,48.0,17.0,,66.0,8.0,,57.0,,71.0,25.0,
101736,,,,,,,,287.0,,100.0,,,,,,29.0,6.0,6.0,14.0,,,24.0,,50.0,0.0,
101879,,,,,,,,707.0,,274.0,,,,,,49.0,30.0,28.0,41.0,9.0,,87.0,,95.0,24.0,6.0
101897,,,,,,,,193.0,,88.0,,,,,,8.0,2.0,4.0,11.0,,,12.0,4.0,31.0,4.0,
101912,,,,,,,,331.0,,122.0,3.0,,,,,42.0,21.0,22.0,11.0,4.0,,30.0,0.0,49.0,17.0,2.0
101949,,,,,,,,137.0,,47.0,,,,,,12.0,1.0,2.0,3.0,,,6.0,,26.0,,
101958,,,,,,,,6.0,,3.0,,,,,,1.0,1.0,1.0,,,,,,0.0,,
101994,,,,,,,,60.0,,24.0,,,,,,5.0,3.0,2.0,3.0,,,4.0,,6.0,,
102030,,,,,,,,257.0,,103.0,,,,,,14.0,,3.0,8.0,,,26.0,,59.0,,
102049,,,,,,,,1037.0,,394.0,,,,,,107.0,45.0,46.0,122.0,28.0,,27.0,6.0,204.0,18.0,2.0
102058,,,,,,,,69.0,,45.0,,,,,,,3.0,,10.0,2.0,,1.0,,,1.0,
102067,,,,,,,,362.0,,131.0,,,,,,63.0,1.0,13.0,4.0,,,5.0,,108.0,21.0,
102076,,,,,,,,153.0,,78.0,,,,,,19.0,2.0,4.0,7.0,,,12.0,,28.0,1.0,
102094,,,,,,,,2955.0,,915.0,,,,,,181.0,160.0,155.0,99.0,258.0,,279.0,8.0,575.0,105.0,13.0
102234,,,,,,,,310.0,,97.0,,2.0,,,,37.0,7.0,9.0,44.0,1.0,,48.0,1.0,40.0,10.0,2.0
102261,,,,,,,,35.0,,13.0,,,,,,5.0,1.0,,,,,,,3.0,2.0,
102270,,,,,,,,153.0,,47.0,,,,,,11.0,9.0,2.0,28.0,1.0,,38.0,,10.0,,
102298,,,,,,,,144.0,,47.0,,,,,,33.0,2.0,3.0,11.0,,,18.0,1.0,13.0,10.0,2.0
102313,,,,,,,,141.0,,68.0,,,,,,14.0,7.0,3.0,,,,6.0,,22.0,,
102368,,,,,,,,2027.0,,769.0,,,,,,246.0,66.0,66.0,203.0,8.0,,58.0,46.0,344.0,3.0,5.0
102377,,,,,,,,643.0,,257.0,21.0,7.0,,,,19.0,40.0,11.0,62.0,2.0,,32.0,1.0,74.0,10.0,0.0
102395,,,,,,,,46.0,,13.0,,,,,,6.0,6.0,3.0,4.0,,,,2.0,9.0,1.0,1.0
102429,,,,,,,,405.0,,193.0,,,,,,32.0,16.0,8.0,23.0,,,44.0,,53.0,,
102553,,,,,,,,1976.0,,978.0,85.0,77.0,,,,128.0,21.0,66.0,82.0,5.0,,35.0,12.0,342.0,69.0,5.0
102580,,,,,,,,10.0,,5.0,,,,,,1.0,0.0,,,,,1.0,,0.0,1.0,
102614,,,,,,,,2280.0,,657.0,621.0,140.0,,,,175.0,64.0,63.0,80.0,7.0,,37.0,1.0,252.0,100.0,21.0
102632,,,,,,,,351.0,,160.0,6.0,1.0,,,,38.0,13.0,17.0,11.0,1.0,,25.0,1.0,58.0,13.0,
102669,,,,,,,,123.0,,50.0,2.0,2.0,,,,9.0,5.0,9.0,10.0,,,3.0,2.0,10.0,,
102711,,,,,,,,75.0,,32.0,,,,,,2.0,,3.0,3.0,,,16.0,,13.0,5.0,
102845,,,,,,,,278.0,,127.0,,,,,,28.0,25.0,5.0,14.0,,,4.0,29.0,35.0,,
103501,,,,,,,,44.0,,17.0,,,,,,7.0,2.0,3.0,,,,,,15.0,,1.0
103529,,,,,,,,209.0,,,,,,,,56.0,39.0,50.0,3.0,,,0.0,1.0,48.0,,
103723,,,,,,,,12.0,,9.0,,,,,,1.0,,,,,,,,,,
103741,,,,,,,,8.0,,6.0,,,,,,,,,,,,,,1.0,,
103778,,,,,,,,124.0,,18.0,,,,,,56.0,20.0,7.0,3.0,,,,1.0,14.0,,
103787,,,,,,,,20.0,,7.0,,,,,,4.0,,1.0,,,,2.0,,3.0,1.0,
103811,,,,,,,,88.0,,36.0,,,,,,8.0,6.0,,,,,,33.0,5.0,,
103893,,,,,,,,45.0,,20.0,,,,,,6.0,1.0,,,,,1.0,,2.0,,
103909,,,,,,,,49.0,,16.0,,,,,,13.0,1.0,1.0,,,,1.0,,2.0,,
103927,,,,,,,,31.0,,8.0,,,,,,10.0,1.0,,,,,,,2.0,,
103945,,,,,,,,22.0,,5.0,,,,,,1.0,3.0,1.0,,,,,4.0,2.0,,
103954,,,,,,,,6.0,,3.0,,,,,,1.0,,,,,,,,1.0,,
103963,,,,,,,,70.0,,31.0,,,,,,6.0,5.0,,,,,5.0,8.0,9.0,,
104090,,,,,,,,68.0,,33.0,,,,,,,6.0,,,,,,7.0,5.0,,
104151,,,,,,,,7604.0,,1991.0,134.0,2.0,,,,1064.0,911.0,1167.0,693.0,53.0,,214.0,19.0,849.0,177.0,55.0
104160,,,,,,,,628.0,,226.0,3.0,9.0,,,,51.0,15.0,30.0,52.0,2.0,,64.0,,118.0,15.0,4.0
104179,,,,,,,,10927.0,,2026.0,881.0,,,,,212.0,1489.0,1485.0,455.0,838.0,,764.0,39.0,1265.0,323.0,121.0
104188,,,,,,,,29.0,,17.0,,,,,,5.0,1.0,1.0,,,,,,2.0,1.0,
104346,,,,,,,,541.0,,203.0,,,,,,42.0,13.0,46.0,24.0,18.0,,50.0,,75.0,,
104364,,,,,,,,40.0,,15.0,,,,,,9.0,,,,,,,,13.0,,
104391,,,,,,,,18.0,,7.0,,,,,,2.0,2.0,,,,,,,2.0,,
104425,,,,,,,,457.0,,166.0,,,,,,65.0,14.0,18.0,33.0,3.0,,27.0,,67.0,21.0,
104434,,,,,,,,5.0,,3.0,,,,,,1.0,,,,,,,,1.0,,
104443,,,,,,,,8.0,,4.0,,,,,,1.0,,,,,,,,2.0,,
104504,,,,,,,,12.0,,4.0,,,,,,1.0,2.0,,,,,,1.0,1.0,0.0,
104568,,,,,,,,26.0,,15.0,,,,,,3.0,1.0,,,,,,3.0,4.0,0.0,
104577,,,,,,,,406.0,,173.0,,,,,,15.0,13.0,11.0,22.0,2.0,,50.0,,74.0,,
104586,,,,,,,,349.0,,116.0,,,,,,38.0,19.0,5.0,17.0,1.0,,13.0,,31.0,10.0,50.0
104665,,,,,,,,15.0,,7.0,,,,,,5.0,1.0,,,,,,,,,
104708,,,,,,,,941.0,,501.0,,,,,,38.0,13.0,27.0,39.0,3.0,,43.0,,236.0,17.0,
104717,,,,,,,,5119.0,,1799.0,,,,,,441.0,236.0,166.0,1403.0,21.0,,232.0,18.0,149.0,122.0,3.0
104911,,,,,,,,23.0,,5.0,,,,,,4.0,6.0,,0.0,,,2.0,5.0,1.0,,
105136,,,,,,,,441.0,,,,,,,,100.0,91.0,59.0,18.0,,,6.0,,139.0,13.0,
105145,,,,,,,,418.0,,210.0,,,,,,23.0,8.0,12.0,34.0,1.0,,9.0,,92.0,4.0,
105154,,,,,,,,1050.0,,558.0,,,,,,41.0,20.0,28.0,73.0,7.0,,36.0,,230.0,20.0,
105163,,,,,,,,36.0,,14.0,,,,,,6.0,,1.0,,,,,,13.0,,
105172,,,,,,,,49.0,,19.0,,,,,,9.0,2.0,1.0,1.0,,,,,15.0,,
105206,,,,,,,,348.0,,156.0,,,,,,29.0,11.0,16.0,14.0,,,24.0,,77.0,,
105215,,,,,,,,134.0,,71.0,,,,,,13.0,40.0,1.0,,,,,,3.0,6.0,
105297,,,,,,,,252.0,,64.0,,5.0,,,,4.0,13.0,12.0,7.0,,,14.0,,52.0,32.0,
105330,,,,,,,,3185.0,,1241.0,11.0,,,,,111.0,442.0,346.0,209.0,24.0,,184.0,,241.0,95.0,27.0
105349,,,,,,,,315.0,,129.0,,,,,,19.0,21.0,17.0,16.0,,,11.0,,42.0,11.0,1.0
105367,,,,,,,,49.0,,30.0,,,,,,4.0,5.0,,,,,,4.0,4.0,,
105428,,,,,,,,619.0,,341.0,,,,,,21.0,8.0,12.0,53.0,2.0,,21.0,,125.0,12.0,
105482,,,,,,,,14.0,,6.0,,,,,,2.0,1.0,,,,,,1.0,2.0,,
105525,,,,,,,,1625.0,,601.0,,22.0,,,,80.0,114.0,131.0,17.0,2.0,,144.0,,104.0,,20.0
105534,,,,,,,,75.0,,46.0,,,,,,4.0,,,,,,,,11.0,,
105543,,,,,,,,59.0,,35.0,,,,,,3.0,,,,,,,,14.0,,
105589,,,,,,,,154.0,,74.0,,,,,,17.0,7.0,6.0,3.0,,,9.0,,12.0,1.0,
105659,,,,,,,,43.0,,20.0,,,,,,6.0,,,,,,,6.0,10.0,1.0,
105668,,,,,,,,866.0,,267.0,,,,,,67.0,19.0,32.0,92.0,5.0,,20.0,,244.0,11.0,3.0
105677,,,,,,,,11.0,,9.0,,,,,,,,,,,,,,,,
105701,,,,,,,,9.0,,,,,,,,,1.0,,,,,,,,4.0,
105747,,,,,,,,549.0,,282.0,,,,,,21.0,10.0,20.0,44.0,1.0,,28.0,,115.0,8.0,
105792,,,,,,,,288.0,,131.0,,,,,,19.0,6.0,10.0,20.0,1.0,,17.0,,66.0,4.0,
105899,,,,,,,,106.0,,39.0,,,,,,15.0,6.0,2.0,24.0,2.0,,6.0,,5.0,2.0,
105987,,,,,,,,34.0,,19.0,,,,,,3.0,1.0,,,,,,4.0,5.0,,
106041,,,,,,,,152.0,,73.0,,,,,,16.0,54.0,1.0,,,,,,4.0,4.0,
106102,,,,,,,,140.0,,71.0,,,,,,18.0,3.0,12.0,18.0,,,,,14.0,,
106111,,,,,,,,10.0,,6.0,,,,,,2.0,,,,,,,,1.0,,
106148,,,,,,,,443.0,,129.0,,,,,,59.0,20.0,22.0,28.0,7.0,,39.0,,67.0,16.0,
106245,,,,,,,,1473.0,,520.0,,,,,,63.0,97.0,131.0,131.0,4.0,,135.0,,168.0,35.0,12.0
106263,,,,,,,,4487.0,,219.0,245.0,11.0,,,,989.0,363.0,259.0,198.0,456.0,,390.0,1.0,401.0,106.0,9.0
106281,,,,,,,,6.0,,4.0,,,,,,1.0,,,,,,,,1.0,,
106306,,,,,,,,148.0,,37.0,,,,,,13.0,,3.0,16.0,,,27.0,,11.0,4.0,2.0
106315,,,,,,,,10.0,,5.0,,,,,,1.0,2.0,,,,,,,1.0,,
106324,,,,,,,,5.0,,3.0,,,,,,1.0,,,,,,,,1.0,,
106342,,,,,,,,150.0,,47.0,,,,,,24.0,7.0,1.0,20.0,5.0,,6.0,,17.0,,
106351,,,,,,,,24.0,,7.0,,,,,,6.0,1.0,,,,,,,3.0,,
106360,,,,,,,,3.0,,2.0,,,,,,,,,,,,,,1.0,,
106397,,,,,,,,4998.0,,1210.0,17.0,66.0,,,,513.0,272.0,683.0,268.0,42.0,,311.0,18.0,819.0,258.0,54.0
106412,,,,,,,,614.0,,174.0,15.0,33.0,,,,41.0,25.0,31.0,50.0,2.0,,62.0,1.0,115.0,21.0,4.0
106449,,,,,,,,359.0,,160.0,,,,,,33.0,21.0,9.0,18.0,2.0,,13.0,2.0,53.0,16.0,1.0
106458,,,,,,,,1667.0,,571.0,14.0,,,,,197.0,272.0,74.0,71.0,9.0,,111.0,,160.0,112.0,5.0
106467,,,,,,,,999.0,,439.0,,,,,,67.0,23.0,25.0,56.0,7.0,,18.0,1.0,233.0,113.0,
106485,,,,,,,,423.0,,189.0,,,,,,28.0,23.0,14.0,28.0,1.0,,33.0,,66.0,25.0,4.0
106494,,,,,,,,13.0,,5.0,,,,,,5.0,,,,,,,,3.0,,
106546,,,,,,,,95.0,,64.0,,,,,,8.0,,2.0,1.0,,,4.0,1.0,14.0,0.0,
106625,,,,,,,,198.0,,91.0,,,,,,7.0,6.0,9.0,15.0,,,29.0,1.0,30.0,,
106704,,,,,,,,1517.0,,610.0,,,,,,126.0,38.0,59.0,102.0,10.0,,150.0,,196.0,93.0,18.0
106713,,,,,,,,119.0,,48.0,,,,,,15.0,6.0,3.0,10.0,,,12.0,,11.0,,
106795,,,,,,,,146.0,,52.0,,2.0,,,,20.0,6.0,3.0,5.0,,,,,43.0,14.0,
106810,,,,,,,,38.0,,19.0,,,,,,5.0,,,,,,7.0,,3.0,3.0,
106829,,,,,,,,57.0,,30.0,,,,,,2.0,3.0,2.0,,,,7.0,,3.0,,4.0
106883,,,,,,,,143.0,,48.0,,,,,,16.0,6.0,6.0,13.0,,,13.0,2.0,21.0,,
106892,,,,,,,,12.0,,7.0,,,,,,1.0,1.0,,,,,,1.0,2.0,,
106908,,,,,,,,37.0,,15.0,,,,,,7.0,3.0,,,,,,3.0,4.0,,
106980,,,,,,,,246.0,,123.0,,,,,,23.0,19.0,16.0,20.0,,,18.0,2.0,20.0,,
106999,,,,,,,,133.0,,54.0,1.0,,,,,24.0,4.0,4.0,3.0,,,11.0,1.0,22.0,1.0,
107044,,,,,,,,939.0,,340.0,,,,,,69.0,56.0,28.0,46.0,12.0,,49.0,1.0,170.0,39.0,10.0
107071,,,,,,,,456.0,,207.0,,,,,,50.0,11.0,12.0,55.0,5.0,,18.0,,79.0,,
107080,,,,,,,,443.0,,131.0,,,,,,36.0,21.0,15.0,56.0,7.0,,94.0,2.0,36.0,16.0,5.0
107099,,,,,,,,6.0,,3.0,,,,,,,2.0,,,,,,,1.0,,
107123,,,,,,,,9.0,,7.0,,,,,,,,,,,,,,2.0,,
107141,,,,,,,,403.0,,128.0,,,,,,46.0,20.0,18.0,48.0,2.0,,46.0,,49.0,11.0,4.0
107211,,,,,,,,3.0,,1.0,,,,,,1.0,1.0,,,,,,,,,
107220,,,,,,,,33.0,,21.0,,,,,,7.0,,,,,,,,5.0,,
107293,,,,,,,,13.0,,7.0,,,,,,1.0,1.0,,,,,,,4.0,,
107318,,,,,,,,191.0,,75.0,,,,,,22.0,6.0,7.0,30.0,,,11.0,,25.0,2.0,
107327,,,,,,,,211.0,,65.0,,,,,,20.0,2.0,6.0,36.0,,,27.0,,35.0,,
107363,,,,,,,,4.0,,2.0,,,,,,1.0,,,,,,,,1.0,,
107442,,,,,,,,9.0,,5.0,,,,,,2.0,,,,,,,,2.0,,
107460,,,,,,,,222.0,,87.0,,,,,,35.0,4.0,3.0,20.0,,,15.0,,32.0,6.0,
107488,,,,,,,,64.0,,34.0,,,,,,9.0,2.0,3.0,,,,,,8.0,3.0,
107512,,,,,,,,299.0,,113.0,1.0,,,,,27.0,11.0,9.0,36.0,2.0,,29.0,,28.0,21.0,
107521,,,,,,,,142.0,,68.0,,,,,,20.0,8.0,6.0,,,,2.0,1.0,19.0,6.0,
107549,,,,,,,,134.0,,56.0,,,,,,9.0,8.0,3.0,1.0,1.0,,5.0,1.0,22.0,10.0,
107558,,,,,,,,167.0,,48.0,,,,,,21.0,7.0,3.0,26.0,,,22.0,,18.0,6.0,
107585,,,,,,,,159.0,,63.0,,,,,,23.0,7.0,6.0,2.0,,,7.0,2.0,22.0,4.0,
107600,,,,,,,,127.0,,38.0,,,,,,21.0,5.0,3.0,5.0,1.0,,18.0,,21.0,4.0,
107619,,,,,,,,239.0,,71.0,1.0,,,,,19.0,12.0,8.0,5.0,,,32.0,,47.0,,
107637,,,,,,,,166.0,,65.0,,,,,,19.0,4.0,7.0,12.0,,,8.0,2.0,32.0,6.0,
107655,,,,,,,,4.0,,2.0,,,,,,,,,,,,,,0.0,,
107664,,,,,,,,489.0,,241.0,2.0,4.0,,,,37.0,8.0,11.0,27.0,,,43.0,,80.0,8.0,
107725,,,,,,,,139.0,,57.0,,,,,,19.0,,3.0,,,,8.0,,23.0,,
107743,,,,,,,,100.0,,39.0,,,,,,5.0,2.0,3.0,2.0,,,8.0,2.0,14.0,,
107789,,,,,,,,17.0,,6.0,,,,,,3.0,1.0,,1.0,,,1.0,,3.0,1.0,
107831,,,,,,,,8.0,,3.0,,,,,,2.0,1.0,,,,,,,2.0,,
107840,,,,,,,,54.0,,10.0,,,,,,1.0,2.0,,,1.0,,,,32.0,,
107877,,,,,,,,100.0,,32.0,,,,,,17.0,4.0,1.0,9.0,2.0,,9.0,4.0,11.0,4.0,1.0
107974,,,,,,,,184.0,,75.0,,1.0,,,,16.0,10.0,6.0,20.0,,,12.0,3.0,24.0,7.0,
107983,,,,,,,,395.0,,190.0,,,,,,40.0,18.0,9.0,16.0,2.0,,19.0,,58.0,12.0,
107992,,,,,,,,118.0,,34.0,,,,,,20.0,3.0,4.0,3.0,,,12.0,,19.0,9.0,1.0
108056,,,,,,,,56.0,,,,,,,,7.0,15.0,1.0,10.0,,,3.0,,6.0,,
108065,,,,,,,,6.0,,3.0,,,,,,1.0,1.0,,,,,,,1.0,,
108092,,,,,,,,594.0,,287.0,,,,,,23.0,45.0,25.0,35.0,,,20.0,,66.0,11.0,
108232,,,,,,,,1527.0,,657.0,,,,,,139.0,101.0,34.0,165.0,,,47.0,10.0,139.0,4.0,20.0
108250,,,,,,,,53.0,,27.0,,,,,,6.0,1.0,1.0,,,,,,17.0,,
108269,,,,,,,,23.0,,11.0,,,,,,4.0,1.0,,,,,,,6.0,1.0,
108348,,,,,,,,6.0,,2.0,,,,,,2.0,,,,,,,1.0,,,
108649,,,,,,,,20.0,,9.0,,,,,,2.0,1.0,,,,,3.0,3.0,2.0,,
108667,,,,,,,,183.0,,113.0,,,,,,11.0,11.0,1.0,9.0,,,9.0,,21.0,,
108807,,,,,,,,581.0,,317.0,,,,,,32.0,33.0,10.0,26.0,1.0,,47.0,,78.0,1.0,
108852,,,,,,,,54.0,,23.0,,,,,,10.0,,,,,,,2.0,10.0,1.0,6.0
108861,,,,,,,,15.0,,7.0,,,,,,3.0,2.0,,,,,2.0,,1.0,,
108870,,,,,,,,151.0,,29.0,,,,,,34.0,13.0,3.0,32.0,,,12.0,,15.0,2.0,
108977,,,,,,,,13.0,,4.0,,,,,,3.0,1.0,,,,,,,3.0,,
109040,,,,,,,,111.0,,45.0,,,,,,22.0,6.0,,11.0,,,,,22.0,1.0,1.0
109086,,,,,,,,172.0,,19.0,1.0,8.0,,,,22.0,4.0,2.0,54.0,,,19.0,10.0,18.0,10.0,
109208,,,,,,,,916.0,,601.0,,,,,,24.0,24.0,21.0,30.0,1.0,,29.0,,126.0,,
109350,,,,,,,,569.0,,325.0,,,,,,37.0,4.0,19.0,1.0,,,32.0,,102.0,14.0,
109651,,,,,,,,467.0,,216.0,,,,,,101.0,14.0,22.0,16.0,,,11.0,,46.0,1.0,25.0
109721,,,,,,,,20.0,,7.0,,,,,,2.0,2.0,,,,,,,9.0,,
109730,,,,,,,,30.0,,4.0,,,,,,2.0,3.0,1.0,,,,6.0,4.0,5.0,,
109785,,,,,,,,1715.0,,714.0,,,,,,402.0,44.0,42.0,17.0,10.0,,64.0,,362.0,55.0,5.0
109819,,,,,,,,647.0,,368.0,,,,,,45.0,19.0,,22.0,1.0,,46.0,,118.0,,
109907,,,,,,,,147.0,,69.0,,,,,,17.0,2.0,10.0,8.0,,,4.0,,30.0,3.0,
109934,,,,,,,,22.0,,14.0,,,,,,1.0,,,,,,1.0,,3.0,,
110060,,,,,,,,49.0,,22.0,,,,,,5.0,1.0,2.0,2.0,,,,,,3.0,0.0
110097,,,,,,,,1052.0,,334.0,,,,,,128.0,29.0,42.0,77.0,10.0,,78.0,,256.0,38.0,6.0
110185,,,,,,,,65.0,,33.0,,,,,,4.0,3.0,4.0,,,,,6.0,1.0,1.0,
110194,,,,,,,,19.0,,11.0,,,,,,6.0,,,,,,,,2.0,,
110219,,,,,,,,164.0,,47.0,1.0,,,,,25.0,17.0,5.0,3.0,,,,,4.0,,
110246,,,,,,,,701.0,,371.0,,,,,,52.0,16.0,37.0,9.0,1.0,,56.0,,156.0,,
110307,,,,,,,,64.0,,30.0,,2.0,,,,8.0,3.0,,,,,,,14.0,,
110316,,,,,,,,253.0,,119.0,,3.0,,,,27.0,11.0,8.0,4.0,,,2.0,,13.0,3.0,
110334,,,,,,,,562.0,,325.0,,,,,,35.0,24.0,18.0,12.0,,,34.0,,104.0,,
110361,,,,,,,,869.0,,390.0,,,,,,56.0,47.0,31.0,101.0,6.0,,51.0,,102.0,20.0,1.0
110370,,,,,,,,511.0,,267.0,,,,,,96.0,17.0,22.0,15.0,,,23.0,,37.0,6.0,
110398,,,,,,,,323.0,,88.0,,,,,,49.0,14.0,8.0,20.0,4.0,,13.0,,50.0,,4.0
110404,,,,,,,,3086.0,,337.0,616.0,,,,,310.0,288.0,643.0,95.0,6.0,,264.0,,329.0,147.0,11.0
110413,,,,,,,,626.0,,263.0,,,,,,41.0,32.0,22.0,71.0,2.0,,51.0,,77.0,13.0,
110422,,,,,,,,2326.0,,951.0,0.0,,,,,112.0,232.0,164.0,211.0,33.0,,191.0,,235.0,111.0,29.0
110468,,,,,,,,441.0,,170.0,1.0,6.0,,,,26.0,39.0,10.0,3.0,1.0,,8.0,,80.0,1.0,
110486,,,,,,,,848.0,,328.0,,,,,,45.0,58.0,45.0,145.0,12.0,,47.0,,111.0,24.0,2.0
110495,,,,,,,,874.0,,381.0,,,,,,35.0,94.0,56.0,67.0,11.0,,40.0,,130.0,27.0,10.0
110501,,,,,,,,552.0,,,,,,,,76.0,217.0,169.0,36.0,,,2.0,,48.0,4.0,
110510,,,,,,,,1589.0,,617.0,,,,,,75.0,146.0,109.0,150.0,14.0,,89.0,,281.0,40.0,17.0
110529,,,,,,,,1854.0,,790.0,,,,,,59.0,215.0,115.0,168.0,22.0,,126.0,,219.0,66.0,15.0
110538,,,,,,,,1565.0,,664.0,,,,,,50.0,125.0,104.0,149.0,21.0,,110.0,,218.0,65.0,15.0
110547,,,,,,,,1075.0,,487.0,,,,,,61.0,79.0,45.0,120.0,10.0,,66.0,,132.0,30.0,9.0
110556,,,,,,,,1884.0,,903.0,1.0,,,,,97.0,159.0,92.0,200.0,19.0,,96.0,,184.0,59.0,15.0
110565,,,,,,,,2853.0,,1337.0,,,,,,76.0,344.0,179.0,227.0,32.0,,144.0,,353.0,60.0,30.0
110574,,,,,,,,1436.0,,512.0,,,,,,55.0,189.0,96.0,180.0,19.0,,82.0,,207.0,37.0,15.0
110583,,,,,,,,2993.0,,1392.0,,,,,,106.0,274.0,170.0,281.0,24.0,,159.0,,384.0,90.0,17.0
110592,,,,,,,,1848.0,,892.0,,,,,,67.0,167.0,96.0,138.0,13.0,,100.0,,249.0,62.0,15.0
110608,,,,,,,,2890.0,,1314.0,,,,,,61.0,319.0,200.0,286.0,28.0,,139.0,,334.0,99.0,22.0
110617,,,,,,,,2302.0,,981.0,,,,,,53.0,262.0,140.0,231.0,20.0,,136.0,,317.0,56.0,24.0
110635,,,,,,,,10714.0,,1900.0,1421.0,12.0,,,,1119.0,1398.0,1101.0,1056.0,186.0,,708.0,34.0,1064.0,190.0,75.0
110644,,,,,,,,11256.0,,2349.0,1494.0,40.0,,,,494.0,1593.0,1472.0,737.0,661.0,,720.0,38.0,1136.0,322.0,103.0
110653,,,,,,,,7039.0,,1868.0,682.0,48.0,,,,554.0,1237.0,640.0,407.0,249.0,,442.0,5.0,629.0,147.0,78.0
110662,,,,,,,,18678.0,,3682.0,1156.0,35.0,,,,1292.0,3748.0,1710.0,1013.0,1248.0,,1848.0,67.0,2034.0,440.0,195.0
110671,,,,,,,,3647.0,,899.0,288.0,35.0,,,,279.0,291.0,284.0,352.0,75.0,,374.0,14.0,447.0,136.0,50.0
110680,,,,,,,,11935.0,,2273.0,1421.0,31.0,,,,513.0,1776.0,1924.0,795.0,756.0,,808.0,34.0,1097.0,255.0,138.0
110699,,,,,,,,10118.0,,2357.0,1501.0,,,,,773.0,2024.0,1305.0,260.0,632.0,,418.0,12.0,622.0,60.0,142.0
110705,,,,,,,,4394.0,,983.0,466.0,5.0,,,,262.0,524.0,461.0,449.0,83.0,,442.0,18.0,437.0,138.0,78.0
110714,,,,,,,,3198.0,,664.0,264.0,1.0,,,,220.0,478.0,378.0,291.0,55.0,,342.0,13.0,293.0,96.0,46.0
110778,,,,,,,,39.0,,23.0,,,,,,7.0,3.0,,,,,,,1.0,,
110875,,,,,,,,7.0,,4.0,,,,,,2.0,,,,,,,,2.0,,
110918,,,,,,,,8.0,,2.0,,,,,,1.0,0.0,,,,,,,0.0,,
111009,,,,,,,,33.0,,15.0,,,,,,1.0,2.0,,,,,,9.0,3.0,,
111054,,,,,,,,25.0,,14.0,,,,,,3.0,1.0,,,,,,,,,
111081,,,,,,,,441.0,,194.0,,,,,,75.0,16.0,8.0,33.0,0.0,,36.0,,49.0,13.0,2.0
111188,,,,,,,,261.0,,73.0,,,,,,36.0,31.0,9.0,26.0,1.0,,43.0,,21.0,12.0,4.0
111391,,,,,,,,167.0,,61.0,,,,,,19.0,13.0,5.0,15.0,,,1.0,,38.0,3.0,
111434,,,,,,,,226.0,,137.0,,,,,,9.0,3.0,,8.0,,,2.0,,59.0,,
111461,,,,,,,,769.0,,385.0,2.0,,,,,64.0,42.0,39.0,23.0,4.0,,47.0,0.0,94.0,16.0,6.0
111513,,,,,,,,16.0,,8.0,,,,,,1.0,1.0,,,,,,,4.0,,
111638,,,,,,,,51.0,,21.0,,,,,,9.0,6.0,2.0,,,,1.0,,11.0,,
111708,,,,,,,,14.0,,7.0,,,,,,2.0,2.0,,,,,1.0,,1.0,,
111717,,,,,,,,26.0,,15.0,,,,,,3.0,4.0,,,,,2.0,,2.0,,
111726,,,,,,,,27.0,,15.0,,,,,,1.0,5.0,,,,,3.0,,3.0,,
111744,,,,,,,,12.0,,9.0,,,,,,1.0,2.0,,,,,,,,,
111762,,,,,,,,11.0,,4.0,,,,,,1.0,3.0,,,,,0.0,,3.0,,
111799,,,,,,,,8.0,,3.0,,,,,,1.0,2.0,,,,,,,2.0,,
111887,,,,,,,,809.0,,459.0,,,,,,48.0,14.0,14.0,1.0,2.0,,33.0,,209.0,,
111896,,,,,,,,183.0,,89.0,,,,,,18.0,1.0,,7.0,,,10.0,,53.0,,
111920,,,,,,,,440.0,,302.0,,,,,,20.0,14.0,4.0,20.0,,,0.0,,70.0,,
111939,,,,,,,,791.0,,493.0,,,,,,34.0,31.0,21.0,16.0,1.0,,33.0,,153.0,,
111948,,,,,,,,1374.0,,595.0,7.0,,,,,117.0,55.0,89.0,119.0,11.0,,29.0,,180.0,42.0,
111966,,,,,,,,327.0,,96.0,40.0,4.0,,,,51.0,31.0,8.0,15.0,3.0,,21.0,,42.0,,
112075,,,,,,,,475.0,,193.0,,,,,,84.0,6.0,20.0,41.0,6.0,,17.0,,38.0,,
112084,,,,,,,,100.0,,47.0,1.0,,,,,13.0,,1.0,11.0,2.0,,,1.0,7.0,,
112127,,,,,,,,18.0,,4.0,,,,,,3.0,2.0,1.0,,,,1.0,,3.0,,
112172,,,,,,,,564.0,,309.0,2.0,,,,,27.0,21.0,10.0,17.0,,,68.0,,75.0,,
112181,,,,,,,,12.0,,9.0,,,,,,2.0,1.0,,,,,,,,,
112190,,,,,,,,1632.0,,931.0,,,,,,46.0,81.0,24.0,10.0,5.0,,119.0,,352.0,,
112251,,,,,,,,348.0,,128.0,5.0,,,,,23.0,65.0,14.0,,,,22.0,,60.0,3.0,
112260,,,,,,,,452.0,,171.0,,,,,,36.0,45.0,26.0,30.0,4.0,,45.0,,64.0,4.0,1.0
112288,,,,,,,,30.0,,15.0,,,,,,2.0,,,,,,,3.0,10.0,,
112367,,,,,,,,47.0,,19.0,,,,,,5.0,2.0,2.0,,,,,,17.0,,
112376,,,,,,,,114.0,,,,,,,,23.0,35.0,28.0,1.0,,,3.0,,24.0,,
112385,,,,,,,,316.0,,140.0,,,,,,30.0,14.0,7.0,10.0,,,12.0,,98.0,,
112394,,,,,,,,85.0,,43.0,,,,,,12.0,6.0,2.0,,,,,10.0,3.0,3.0,
112446,,,,,,,,97.0,,40.0,,,,,,19.0,2.0,1.0,,,,0.0,,3.0,3.0,
112455,,,,,,,,3.0,,3.0,,,,,,,0.0,,,,,,,,,
112525,,,,,,,,1025.0,,296.0,29.0,,,,,167.0,35.0,130.0,5.0,20.0,,60.0,,264.0,,
112561,,,,,,,,163.0,,80.0,,,,,,21.0,8.0,3.0,2.0,,,12.0,,31.0,,
112570,,,,,,,,77.0,,28.0,,,,,,2.0,6.0,6.0,1.0,3.0,,6.0,10.0,3.0,3.0,1.0
112686,,,,,,,,324.0,,162.0,,,,,,17.0,25.0,4.0,26.0,,,21.0,,43.0,,3.0
112817,,,,,,,,85.0,,,,,,,,29.0,22.0,14.0,,,,1.0,,17.0,,
112826,,,,,,,,278.0,,174.0,,,,,,23.0,7.0,3.0,9.0,,,12.0,,46.0,,
113096,,,,,,,,451.0,,273.0,,,,,,18.0,12.0,13.0,11.0,,,20.0,,63.0,,
113111,,,,,,,,267.0,,156.0,2.0,,,,,22.0,6.0,13.0,1.0,,,19.0,,20.0,3.0,1.0
113193,,,,,,,,528.0,,265.0,,,,,,28.0,28.0,19.0,19.0,,,37.0,,125.0,,
113218,,,,,,,,339.0,,203.0,,,,,,15.0,5.0,,5.0,3.0,,25.0,,49.0,,
113236,,,,,,,,589.0,,368.0,,,,,,29.0,9.0,7.0,16.0,1.0,,66.0,,67.0,,
113333,,,,,,,,712.0,,442.0,,,,,,30.0,25.0,,20.0,2.0,,32.0,,124.0,,
113449,,,,,,,,21.0,,12.0,,,,,,3.0,5.0,,,,,0.0,,1.0,,
113537,,,,,,,,14.0,,5.0,,,,,,5.0,1.0,,1.0,,,,0.0,0.0,1.0,
113573,,,,,,,,497.0,,268.0,,,,,,30.0,15.0,9.0,9.0,,,35.0,,112.0,,
113582,,,,,,,,25.0,,16.0,,,,,,1.0,0.0,,,,,,,3.0,,
113634,,,,,,,,669.0,,461.0,,,,,,34.0,11.0,7.0,16.0,,,15.0,,109.0,,
113698,,,,,,,,406.0,,176.0,2.0,,,,,64.0,5.0,16.0,31.0,6.0,,9.0,,45.0,8.0,
113704,,,,,,,,21.0,,15.0,,,,,,2.0,1.0,,,,,,,1.0,,
113856,,,,,,,,906.0,,542.0,,,,,,25.0,9.0,12.0,19.0,1.0,,102.0,,171.0,,
113980,,,,,,,,991.0,,528.0,,,,,,53.0,65.0,24.0,25.0,,,84.0,,184.0,,
114044,,,,,,,,40.0,,21.0,,,,,,8.0,1.0,,,,,,3.0,3.0,,
114114,,,,,,,,39.0,,16.0,,,,,,5.0,2.0,,,,,,,11.0,,
114123,,,,,,,,64.0,,29.0,,,,,,10.0,,1.0,,,,1.0,,10.0,1.0,
114266,,,,,,,,336.0,,204.0,,,,,,16.0,9.0,5.0,7.0,,,28.0,,48.0,,
114354,,,,,,,,517.0,,133.0,,,,,,62.0,32.0,61.0,38.0,1.0,,8.0,14.0,146.0,,3.0
114390,,,,,,,,80.0,,24.0,,,,,,7.0,3.0,4.0,9.0,1.0,,1.0,2.0,23.0,,1.0
114415,,,,,,,,45.0,,9.0,,,,,,4.0,5.0,2.0,4.0,0.0,,1.0,2.0,13.0,,1.0
114433,,,,,,,,93.0,,24.0,,,,,,22.0,4.0,3.0,,,,0.0,,5.0,11.0,
114460,,,,,,,,44.0,,18.0,,,,,,6.0,,,,,,3.0,8.0,10.0,,
114549,,,,,,,,174.0,,98.0,,,,,,21.0,9.0,4.0,,,,2.0,,15.0,,
114585,,,,,,,,74.0,,30.0,,,,,,5.0,2.0,1.0,2.0,9.0,,,,18.0,,
114637,,,,,,,,5.0,,,,,,,,,,,,,,5.0,,,,
114716,,,,,,,,476.0,,329.0,,,,,,34.0,13.0,1.0,18.0,,,3.0,,54.0,,
114734,,,,,,,,11.0,,1.0,,,,,,6.0,1.0,,,,,,,1.0,,
114761,,,,,,,,6.0,,4.0,,,,,,1.0,0.0,,,,,0.0,,1.0,,
114789,,,,,,,,1016.0,,559.0,,,,,,57.0,66.0,10.0,45.0,,,76.0,,191.0,,
114813,,,,,,,,540.0,,260.0,,,,,,53.0,17.0,15.0,86.0,4.0,,17.0,1.0,46.0,9.0,
114831,,,,,,,,195.0,,,,,,,,34.0,35.0,50.0,2.0,,,52.0,,19.0,,
114840,,,,,,,,349.0,,93.0,12.0,,,,,104.0,26.0,21.0,2.0,,,13.0,,61.0,,
114859,,,,,,,,846.0,,542.0,,,,,,31.0,18.0,12.0,32.0,3.0,,59.0,,105.0,,
114938,,,,,,,,274.0,,143.0,,,,,,22.0,18.0,6.0,17.0,,,13.0,,42.0,,
114947,,,,,,,,130.0,,28.0,,,,,,30.0,1.0,3.0,22.0,,,,,21.0,,3.0
115001,,,,,,,,520.0,,400.0,,,,,,19.0,7.0,4.0,5.0,0.0,,18.0,,48.0,0.0,
115010,,,,,,,,33.0,,20.0,,,,,,1.0,,,,,,,4.0,8.0,,
115083,,,,,,,,487.0,,259.0,,,,,,46.0,10.0,15.0,4.0,,,13.0,3.0,75.0,,
115126,,,,,,,,452.0,,250.0,,,,,,35.0,18.0,12.0,6.0,1.0,,38.0,,82.0,,
115214,,,,,,,,50.0,,8.0,,,,,,13.0,3.0,4.0,,,,2.0,,10.0,,
115287,,,,,,,,97.0,,,,,,,,15.0,32.0,18.0,,,,5.0,,26.0,,
115296,,,,,,,,618.0,,405.0,,,,,,22.0,11.0,,14.0,3.0,,35.0,,84.0,,
115357,,,,,,,,3.0,,2.0,,,,,,,,,,,,,,1.0,,
115393,,,,,,,,381.0,,209.0,,,,,,37.0,22.0,13.0,2.0,,,23.0,,56.0,8.0,
115409,,,,,,,,304.0,,104.0,,,,,,38.0,18.0,24.0,4.0,1.0,,57.0,,33.0,,
115658,,,,,,,,13.0,,6.0,,,,,,1.0,,,,,,2.0,,4.0,,
115728,,,,,,,,210.0,,79.0,2.0,,,,,27.0,5.0,5.0,17.0,2.0,,6.0,5.0,22.0,,
115746,,,,,,,,193.0,,81.0,,,,,,22.0,,7.0,1.0,,,12.0,3.0,19.0,3.0,6.0
115755,,,,,,,,1018.0,,370.0,,,,,,63.0,87.0,65.0,121.0,9.0,,63.0,,145.0,42.0,11.0
115773,,,,,,,,124.0,,66.0,1.0,1.0,,,,10.0,5.0,1.0,2.0,,,13.0,,24.0,,
115861,,,,,,,,359.0,,209.0,,,,,,20.0,6.0,10.0,7.0,,,26.0,,61.0,,
115931,,,,,,,,36.0,,14.0,,,,,,4.0,3.0,,,,,,9.0,3.0,1.0,
116226,,,,,,,,14.0,,8.0,,,,,,1.0,1.0,,,,,,,,,
116350,,,,,,,,29.0,,17.0,,,,,,2.0,3.0,,,,,,,7.0,,
116439,,,,,,,,499.0,,299.0,,,,,,31.0,14.0,9.0,8.0,0.0,,39.0,,87.0,,
116466,,,,,,,,61.0,,24.0,,,,,,8.0,1.0,1.0,,,,,,25.0,,
116475,,,,,,,,48.0,,15.0,,,,,,8.0,3.0,1.0,,,,,,19.0,,
116484,,,,,,,,64.0,,23.0,,,,,,7.0,3.0,1.0,,,,,,28.0,,
116563,,,,,,,,18.0,,12.0,,,,,,1.0,,,,,,0.0,,1.0,,
116712,,,,,,,,294.0,,185.0,,11.0,,,,31.0,7.0,4.0,,,,4.0,,36.0,1.0,
116846,,,,,,,,158.0,,26.0,,,,,,24.0,14.0,2.0,1.0,,,22.0,,31.0,31.0,
117052,,,,,,,,636.0,,393.0,,,,,,34.0,23.0,,17.0,,,36.0,,116.0,,
117104,,,,,,,,69.0,,31.0,,,,,,21.0,2.0,,,,,4.0,,9.0,2.0,
117113,,,,,,,,116.0,,51.0,,,,,,15.0,,,,,,1.0,,42.0,,
117140,,,,,,,,863.0,,409.0,,,,,,168.0,18.0,24.0,23.0,2.0,,18.0,,100.0,,
117168,,,,,,,,124.0,,64.0,,,,,,6.0,4.0,5.0,2.0,,,5.0,,12.0,1.0,
117195,,,,,,,,157.0,,83.0,,,,,,10.0,3.0,6.0,5.0,,,9.0,,29.0,,
117238,,,,,,,,8.0,,5.0,,,,,,1.0,,,,,,,,1.0,,
117247,,,,,,,,342.0,,238.0,,,,,,12.0,14.0,,8.0,,,16.0,,37.0,,
117274,,,,,,,,137.0,,60.0,,,,,,21.0,4.0,4.0,9.0,,,9.0,,16.0,,
117520,,,,,,,,118.0,,38.0,2.0,,,,,17.0,11.0,2.0,6.0,,,3.0,2.0,21.0,,
117557,,,,,,,,36.0,,20.0,,,,,,5.0,2.0,1.0,,,,,,5.0,,
117575,,,,,,,,30.0,,16.0,,,,,,5.0,,1.0,,,,,,6.0,,
117627,,,,,,,,408.0,,163.0,,1.0,,,,16.0,30.0,13.0,14.0,1.0,,35.0,2.0,114.0,11.0,
117636,,,,,,,,1494.0,,424.0,55.0,9.0,,,,157.0,62.0,64.0,41.0,200.0,,81.0,,304.0,76.0,8.0
117645,,,,,,,,1074.0,,567.0,,,,,,53.0,35.0,21.0,39.0,3.0,,89.0,,229.0,,
117672,,,,,,,,171.0,,76.0,1.0,1.0,,,,31.0,9.0,7.0,,,,13.0,0.0,17.0,,
117681,,,,,,,,278.0,,2.0,,,,,,29.0,68.0,64.0,9.0,,,,,85.0,,
117690,,,,,,,,366.0,,208.0,,,,,,15.0,5.0,7.0,9.0,,,43.0,,64.0,,
117706,,,,,,,,648.0,,397.0,,,,,,15.0,8.0,8.0,12.0,,,76.0,,124.0,,
117715,,,,,,,,296.0,,167.0,,,,,,11.0,8.0,3.0,6.0,,,39.0,,48.0,,
117724,,,,,,,,531.0,,296.0,,,,,,14.0,8.0,10.0,14.0,,,71.0,,104.0,,
117733,,,,,,,,559.0,,340.0,,,,,,18.0,38.0,9.0,5.0,,,31.0,,97.0,,
117751,,,,,,,,285.0,,99.0,,12.0,,,,13.0,11.0,15.0,34.0,3.0,,41.0,4.0,37.0,7.0,
117788,,,,,,,,612.0,,360.0,,,,,,14.0,6.0,8.0,17.0,,,65.0,,130.0,,
117803,,,,,,,,51.0,,34.0,1.0,,,,,6.0,,1.0,,,,,,2.0,,
117867,,,,,,,,330.0,,189.0,,,,,,10.0,3.0,,5.0,,,41.0,,59.0,,
117894,,,,,,,,363.0,,232.0,,,,,,24.0,9.0,6.0,14.0,,,14.0,,58.0,,
117900,,,,,,,,261.0,,,,,,,,30.0,48.0,43.0,3.0,,,73.0,,50.0,,
117928,,,,,,,,84.0,,40.0,,,,,,13.0,,,,,,0.0,,28.0,,
117946,,,,,,,,1983.0,,740.0,,,,,,179.0,281.0,107.0,114.0,13.0,,137.0,,264.0,33.0,22.0
117955,,,,,,,,39.0,,14.0,,,,,,8.0,,,,,,17.0,,,,
118134,,,,,,,,8.0,,5.0,,,,,,1.0,,,,,,,,2.0,,
118143,,,,,,,,7.0,,4.0,,,,,,1.0,1.0,,,,,0.0,,1.0,,
118161,,,,,,,,15.0,,10.0,,,,,,1.0,1.0,,,,,,,2.0,,
118189,,,,,,,,11.0,,6.0,,,,,,4.0,,,,,,,,1.0,,
118198,,,,,,,,77.0,,35.0,,,,,,12.0,1.0,1.0,,,,5.0,,2.0,,
118259,,,,,,,,28.0,,12.0,,,,,,6.0,,0.0,5.0,,,,,,,
118277,,,,,,,,84.0,,47.0,,,,,,11.0,,,13.0,,,1.0,,3.0,,
118286,,,,,,,,50.0,,21.0,,,,,,10.0,,1.0,11.0,,,1.0,,,,
118347,,,,,,,,373.0,,185.0,,,,,,32.0,36.0,9.0,11.0,,,36.0,,53.0,,
118541,,,,,,,,201.0,,67.0,,,,,,30.0,10.0,8.0,26.0,1.0,,21.0,,13.0,,9.0
118684,,,,,,,,239.0,,139.0,,,,,,16.0,1.0,8.0,,,,19.0,,51.0,,
118693,,,,,,,,138.0,,55.0,,,,,,16.0,15.0,6.0,20.0,,,5.0,,3.0,,
118718,,,,,,,,569.0,,293.0,,,,,,47.0,26.0,11.0,27.0,1.0,,43.0,,101.0,,
118772,,,,,,,,203.0,,131.0,,,,,,9.0,10.0,2.0,7.0,,,9.0,,26.0,,
118888,,,,,,,,399.0,,140.0,8.0,12.0,,,,46.0,39.0,26.0,30.0,1.0,,29.0,1.0,44.0,1.0,1.0
118912,,,,,,,,701.0,,375.0,,,,,,28.0,22.0,23.0,22.0,2.0,,51.0,,119.0,,
118930,,,,,,,,318.0,,202.0,,,,,,16.0,3.0,2.0,9.0,,,3.0,,60.0,,
118958,,,,,,,,7.0,,6.0,,,,,,,,,,,,,,1.0,,
118967,,,,,,,,44.0,,16.0,,,,,,7.0,,,9.0,,,,,1.0,,
118976,,,,,,,,589.0,,341.0,,,,,,38.0,34.0,11.0,12.0,4.0,,11.0,,129.0,,
118994,,,,,,,,8.0,,4.0,,,,,,3.0,,,,,,,,1.0,,
119058,,,,,,,,217.0,,75.0,,,,,,39.0,1.0,3.0,,,,5.0,,87.0,,
119067,,,,,,,,354.0,,198.0,,,,,,10.0,23.0,8.0,4.0,,,30.0,,68.0,,
119137,,,,,,,,422.0,,278.0,,,,,,9.0,12.0,6.0,11.0,1.0,,34.0,,50.0,,
119164,,,,,,,,1246.0,,649.0,,,,,,84.0,17.0,40.0,16.0,5.0,,110.0,,316.0,,
119173,,,,,,,,606.0,,247.0,,,,,,114.0,34.0,23.0,2.0,12.0,,46.0,,51.0,6.0,8.0
119216,,,,,,,,822.0,,504.0,,,,,,46.0,15.0,23.0,7.0,2.0,,45.0,6.0,115.0,5.0,4.0
119234,,,,,,,,16.0,,9.0,,,,,,3.0,,,,,,,,1.0,,
119270,,,,,,,,275.0,,148.0,,,,,,22.0,12.0,3.0,11.0,,,16.0,8.0,15.0,,
119331,,,,,,,,367.0,,188.0,,,,,,28.0,17.0,8.0,11.0,,,20.0,,75.0,,
119553,,,,,,,,98.0,,46.0,,,,,,17.0,2.0,,,,,,16.0,4.0,,
119605,,,,,,,,1416.0,,589.0,,,,,,152.0,186.0,77.0,18.0,,,6.0,122.0,244.0,3.0,
119678,,,,,,,,924.0,,333.0,191.0,,,,,52.0,75.0,79.0,9.0,2.0,,5.0,,115.0,1.0,4.0
119775,,,,,,,,102.0,,63.0,,,,,,18.0,4.0,,,,,,9.0,,1.0,
119845,,,,,,,,13.0,,8.0,,,,,,1.0,,,,,,,,4.0,,
119951,,,,,,,,21.0,,13.0,,,,,,2.0,1.0,,,,,,,5.0,0.0,
120023,,,,,,,,99.0,,,,,,,,25.0,8.0,15.0,,,,11.0,,39.0,,
120069,,,,,,,,17.0,,9.0,,,,,,1.0,,,,,,,2.0,5.0,,
120078,,,,,,,,31.0,,15.0,,,,,,2.0,,,,,,,6.0,8.0,,
120087,,,,,,,,18.0,,8.0,,,,,,1.0,,,,,,,4.0,5.0,,
120184,,,,,,,,267.0,,116.0,,,,,,29.0,18.0,6.0,25.0,2.0,,23.0,,21.0,4.0,
120254,,,,,,,,702.0,,196.0,,,,,,58.0,40.0,28.0,73.0,6.0,,133.0,4.0,93.0,20.0,1.0
120272,,,,,,,,8.0,,3.0,,,,,,2.0,,,,,,,,3.0,,
120290,,,,,,,,464.0,,249.0,,,,,,40.0,18.0,17.0,36.0,,,28.0,,74.0,,
120342,,,,,,,,753.0,,422.0,,,,,,44.0,19.0,19.0,2.0,5.0,,82.0,,133.0,,
120403,,,,,,,,388.0,,152.0,,,,,,61.0,13.0,11.0,23.0,,,11.0,32.0,40.0,,
120421,,,,,,,,234.0,,135.0,,,,,,9.0,8.0,3.0,7.0,0.0,,19.0,,39.0,,
120537,,,,,,,,240.0,,119.0,,,,,,25.0,4.0,7.0,17.0,,,4.0,,11.0,4.0,
120661,,,,,,,,69.0,,28.0,,,,,,15.0,6.0,,,,,,7.0,10.0,,
120698,,,,,,,,131.0,,64.0,,,,,,18.0,16.0,2.0,5.0,0.0,,1.0,,12.0,1.0,
120740,,,,,,,,19.0,,9.0,,,,,,3.0,0.0,,,,,3.0,,1.0,,
120768,,,,,,,,182.0,,82.0,,,,,,25.0,2.0,2.0,3.0,,,2.0,,9.0,,
120795,,,,,,,,45.0,,15.0,,,,,,11.0,7.0,,2.0,,,6.0,,2.0,,
120838,,,,,,,,31.0,,14.0,,,,,,4.0,,1.0,,,,1.0,,,,
120865,,,,,,,,268.0,,96.0,,,,,,43.0,20.0,15.0,20.0,1.0,,13.0,,21.0,16.0,5.0
120883,,,,,,,,1730.0,,542.0,3.0,,,,,160.0,108.0,85.0,70.0,18.0,,237.0,,450.0,4.0,24.0
120953,,,,,,,,122.0,,45.0,,13.0,,,,13.0,7.0,7.0,,1.0,,0.0,,16.0,5.0,
120971,,,,,,,,946.0,,546.0,,,,,,42.0,32.0,19.0,27.0,2.0,,65.0,,179.0,,
121017,,,,,,,,9.0,,4.0,,,,,,2.0,,,,,,,1.0,1.0,,
121044,,,,,,,,973.0,,595.0,,,,,,68.0,44.0,5.0,37.0,4.0,,69.0,,102.0,,
121150,,,,,,,,1609.0,,489.0,,,,,,239.0,148.0,93.0,92.0,8.0,,97.0,27.0,176.0,37.0,28.0
121178,,,,,,,,142.0,,,,,,,,33.0,35.0,10.0,2.0,,,26.0,,34.0,,
121257,,,,,,,,288.0,,94.0,,,,,,19.0,16.0,8.0,25.0,,,48.0,,34.0,8.0,
121275,,,,,,,,37.0,,15.0,,,,,,3.0,3.0,1.0,2.0,,,,2.0,4.0,,
121309,,,,,,,,623.0,,205.0,,,,,,79.0,21.0,26.0,42.0,4.0,,66.0,1.0,97.0,17.0,7.0
121345,,,,,,,,771.0,,229.0,,,,,,52.0,30.0,30.0,41.0,3.0,,200.0,1.0,116.0,8.0,1.0
121363,,,,,,,,165.0,,90.0,,,,,,15.0,,3.0,3.0,1.0,,10.0,,38.0,,
121433,,,,,,,,6.0,,2.0,,,,,,2.0,,,,,,0.0,,1.0,,
121619,,,,,,,,753.0,,451.0,,,,,,21.0,23.0,13.0,45.0,,,55.0,,116.0,,
121628,,,,,,,,8.0,,,,,,,,5.0,,,,,,,,2.0,,
121637,,,,,,,,6.0,,2.0,,,,,,1.0,2.0,,,,,,,,1.0,
121691,,,,,,,,866.0,,328.0,,,,,,103.0,29.0,38.0,82.0,6.0,,66.0,,121.0,22.0,4.0
121707,,,,,,,,299.0,,138.0,,,,,,24.0,12.0,11.0,15.0,1.0,,24.0,,43.0,3.0,
121859,,,,,,,,19.0,,7.0,,,,,,3.0,2.0,,,,,,2.0,5.0,,
121868,,,,,,,,7.0,,4.0,,,,,,1.0,1.0,,,,,,,,,
121886,,,,,,,,600.0,,313.0,,,,,,35.0,14.0,13.0,13.0,2.0,,36.0,,141.0,,
121901,,,,,,,,630.0,,369.0,,,,,,29.0,18.0,,30.0,2.0,,49.0,,112.0,,
121983,,,,,,,,60.0,,34.0,,,,,,9.0,,,,,,,,15.0,,
121992,,,,,,,,21.0,,9.0,,,,,,3.0,1.0,,,,,1.0,2.0,1.0,,
122117,,,,,,,,32.0,,13.0,,,,,,1.0,1.0,1.0,,0.0,,1.0,,5.0,3.0,
122126,,,,,,,,11.0,,5.0,,,,,,1.0,,,,,,,,1.0,,
122180,,,,,,,,735.0,,465.0,,,,,,24.0,25.0,17.0,32.0,2.0,,31.0,,102.0,,
122205,,,,,,,,774.0,,472.0,,,,,,48.0,15.0,,11.0,,,58.0,,165.0,,
122296,,,,,,,,350.0,,198.0,2.0,,,,,31.0,13.0,12.0,3.0,2.0,,4.0,,42.0,,
122320,,,,,,,,515.0,,,,,,,,32.0,86.0,52.0,9.0,,,204.0,,124.0,,
122339,,,,,,,,482.0,,330.0,,,,,,16.0,7.0,,9.0,1.0,,,,114.0,,
122366,,,,,,,,17.0,,5.0,,,,,,3.0,,,6.0,,,,,1.0,,
122375,,,,,,,,628.0,,447.0,,,,,,19.0,11.0,,5.0,,,1.0,,131.0,,
122384,,,,,,,,328.0,,217.0,,,,,,12.0,9.0,,9.0,2.0,,1.0,,70.0,,
122409,,,,,,,,2735.0,,1114.0,,,,,,124.0,227.0,200.0,294.0,46.0,,175.0,,357.0,89.0,22.0
122436,,,,,,,,1904.0,,561.0,12.0,29.0,,,,107.0,133.0,92.0,179.0,17.0,,220.0,3.0,269.0,41.0,22.0
122454,,,,,,,,174.0,,94.0,1.0,,,,,15.0,7.0,3.0,15.0,,,,5.0,11.0,5.0,
122506,,,,,,,,92.0,,34.0,,1.0,,,,15.0,12.0,2.0,5.0,0.0,,,,8.0,,2.0
122597,,,,,,,,2574.0,,1090.0,10.0,,,,,67.0,517.0,173.0,204.0,25.0,,134.0,,125.0,96.0,42.0
122603,,,,,,,,39.0,,8.0,1.0,,,,,2.0,13.0,1.0,,,,,,5.0,3.0,
122612,,,,,,,,1723.0,,734.0,,,,,,370.0,87.0,84.0,84.0,9.0,,51.0,,220.0,32.0,
122649,,,,,,,,39.0,,15.0,,,,,,7.0,3.0,2.0,1.0,,,2.0,0.0,6.0,,
122658,,,,,,,,709.0,,329.0,,,,,,61.0,88.0,14.0,70.0,1.0,,20.0,,86.0,1.0,
122685,,,,,,,,489.0,,257.0,,,,,,40.0,,,,,,2.0,,56.0,,
122728,,,,,,,,215.0,,85.0,,,,,,23.0,10.0,8.0,24.0,2.0,,15.0,,24.0,,
122737,,,,,,,,102.0,,,,,,,,22.0,37.0,15.0,5.0,,,6.0,,14.0,,
122746,,,,,,,,321.0,,191.0,,,,,,18.0,9.0,7.0,8.0,,,26.0,,42.0,,
122755,,,,,,,,2385.0,,1065.0,,,,,,75.0,324.0,162.0,230.0,26.0,,144.0,,183.0,75.0,30.0
122782,,,,,,,,225.0,,,,,,,,14.0,34.0,31.0,6.0,,,90.0,,47.0,,
122791,,,,,,,,336.0,,206.0,,,,,,13.0,6.0,,13.0,,,3.0,,81.0,,
122834,,,,,,,,67.0,,43.0,,,,,,2.0,6.0,,,,,,6.0,2.0,,
122852,,,,,,,,29.0,,21.0,,,,,,1.0,2.0,,,,,,2.0,1.0,,
122889,,,,,,,,840.0,,492.0,,,,,,48.0,20.0,26.0,15.0,3.0,,49.0,,161.0,,
122931,,,,,,,,1613.0,,656.0,,,,,,306.0,83.0,118.0,88.0,11.0,,77.0,,200.0,29.0,5.0
122977,,,,,,,,1217.0,,694.0,,,,,,99.0,37.0,15.0,39.0,2.0,,84.0,,203.0,,
123013,,,,,,,,1129.0,,618.0,,,,,,83.0,55.0,27.0,45.0,8.0,,62.0,,144.0,3.0,
123095,,,,,,,,97.0,,71.0,2.0,,,,,14.0,1.0,1.0,1.0,,,,1.0,2.0,,
123165,,,,,,,,314.0,,99.0,,,,,,34.0,16.0,6.0,17.0,,,70.0,,40.0,,
123217,,,,,,,,480.0,,264.0,,,,,,38.0,23.0,14.0,23.0,1.0,,35.0,,67.0,1.0,
123280,,,,,,,,17.0,,10.0,,2.0,,,,1.0,2.0,,,,,,,1.0,,
123299,,,,,,,,413.0,,200.0,,,,,,42.0,8.0,7.0,16.0,,,38.0,,96.0,1.0,
123341,,,,,,,,724.0,,443.0,,,,,,47.0,18.0,24.0,6.0,,,39.0,,143.0,,
123350,,,,,,,,23.0,,4.0,,,,,,2.0,2.0,2.0,,,,,9.0,1.0,1.0,
123396,,,,,,,,11.0,,6.0,,,,,,2.0,0.0,,,,,,1.0,1.0,,
123448,,,,,,,,32.0,,15.0,,,,,,4.0,0.0,,2.0,,,2.0,,4.0,,
123457,,,,,,,,234.0,,118.0,,,,,,40.0,6.0,3.0,24.0,,,,,34.0,4.0,
123484,,,,,,,,141.0,,63.0,,,,,,13.0,6.0,8.0,6.0,,,12.0,,28.0,,
123493,,,,,,,,32.0,,13.0,,,,,,3.0,,,,,,2.0,,8.0,,
123509,,,,,,,,331.0,,210.0,,,,,,14.0,6.0,1.0,17.0,,,2.0,,62.0,,
123527,,,,,,,,519.0,,317.0,1.0,,,,,37.0,6.0,16.0,6.0,,,37.0,,41.0,5.0,
123554,,,,,,,,847.0,,406.0,,,,,,81.0,94.0,26.0,74.0,8.0,,29.0,,89.0,20.0,2.0
123563,,,,,,,,424.0,,249.0,,,,,,30.0,6.0,6.0,11.0,,,28.0,,82.0,,
123572,,,,,,,,1060.0,,346.0,,,,,,69.0,163.0,66.0,128.0,14.0,,89.0,,78.0,49.0,21.0
123633,,,,,,,,90.0,,47.0,3.0,,,,,7.0,,3.0,1.0,5.0,,,,13.0,1.0,
123642,,,,,,,,22.0,,10.0,,,,,,3.0,2.0,0.0,,,,1.0,,4.0,,
123651,,,,,,,,274.0,,105.0,,,,,,29.0,61.0,6.0,35.0,2.0,,5.0,,26.0,,
123679,,,,,,,,71.0,,35.0,,,,,,13.0,5.0,,,,,,4.0,13.0,,
123800,,,,,,,,865.0,,416.0,,28.0,,,,44.0,33.0,19.0,3.0,6.0,,65.0,,158.0,18.0,4.0
123916,,,,,,,,21.0,,10.0,,,,,,2.0,3.0,,,,,1.0,,2.0,,
123943,,,,,,,,177.0,,50.0,,,,,,35.0,6.0,7.0,8.0,13.0,,9.0,1.0,45.0,,
123952,,,,,,,,98.0,,42.0,,,,,,16.0,4.0,5.0,7.0,,,1.0,3.0,5.0,1.0,6.0
123961,,,,,,,,13938.0,,2757.0,269.0,1467.0,,,,1690.0,1408.0,1305.0,608.0,457.0,,1284.0,152.0,2037.0,223.0,118.0
123970,,,,,,,,166.0,,76.0,,,,,,12.0,2.0,7.0,2.0,,,,,56.0,,
124113,,,,,,,,223.0,,72.0,1.0,,,,,31.0,1.0,11.0,,,,17.0,1.0,23.0,1.0,0.0
124283,,,,,,,,81.0,,17.0,,,,,,9.0,5.0,7.0,,,,7.0,4.0,19.0,7.0,
124292,,,,,,,,83.0,,33.0,,,,,,12.0,5.0,1.0,12.0,0.0,,7.0,,11.0,,
124487,,,,,,,,33.0,,18.0,,,,,,4.0,2.0,1.0,,,,,,3.0,0.0,
124557,,,,,,,,2567.0,,270.0,49.0,,,,,401.0,642.0,403.0,376.0,20.0,,11.0,10.0,321.0,46.0,2.0
124681,,,,,,,,35.0,,10.0,,,,,,2.0,1.0,,1.0,,,,,,,
124706,,,,,,,,66.0,,28.0,,,,,,13.0,4.0,,,,,,6.0,13.0,,
124937,,,,,,,,67.0,,30.0,,,,,,13.0,5.0,,,,,,6.0,10.0,,
125019,,,,,,,,81.0,,,,,,,,7.0,46.0,10.0,2.0,,,1.0,,14.0,,
125028,,,,,,,,405.0,,260.0,,,,,,12.0,10.0,7.0,18.0,4.0,,30.0,,45.0,,
125037,,,,,,,,11.0,,4.0,,,,,,1.0,,1.0,,,,,,1.0,,
125082,,,,,,,,12.0,,5.0,,,,,,3.0,,,,,,1.0,,3.0,,
125091,,,,,,,,504.0,,328.0,4.0,,,,,28.0,16.0,11.0,4.0,,,31.0,4.0,43.0,7.0,
125170,,,,,,,,183.0,,128.0,,,,,,9.0,9.0,1.0,4.0,,,5.0,,23.0,,
125222,,,,,,,,131.0,,,,,,,,11.0,25.0,19.0,,,,50.0,,26.0,,
125231,,,,,,,,1755.0,,1176.0,,,,,,257.0,169.0,3.0,49.0,,,,60.0,27.0,,
125310,,,,,,,,5.0,,3.0,,,,,,1.0,,,,,,0.0,,1.0,,
125462,,,,,,,,158.0,,49.0,,,,,,19.0,2.0,,14.0,1.0,,20.0,,8.0,,
125471,,,,,,,,400.0,,238.0,,,,,,9.0,15.0,5.0,10.0,,,47.0,,63.0,,
125499,,,,,,,,325.0,,224.0,,,,,,13.0,5.0,3.0,4.0,,,5.0,,59.0,,
125532,,,,,,,,121.0,,69.0,,,,,,17.0,,1.0,,,,2.0,,7.0,,
125718,,,,,,,,27.0,,11.0,,,,,,3.0,4.0,1.0,1.0,,,,,3.0,,
125727,,,,,,,,355.0,,122.0,,,,,,31.0,30.0,14.0,30.0,1.0,,41.0,,31.0,12.0,4.0
125763,,,,,,,,505.0,,195.0,,,,,,49.0,21.0,16.0,36.0,2.0,,17.0,,55.0,5.0,
125897,,,,,,,,289.0,,153.0,1.0,,,,,25.0,7.0,13.0,2.0,1.0,,0.0,10.0,32.0,7.0,
126012,,,,,,,,64.0,,46.0,0.0,,,,,4.0,1.0,,,,,0.0,,4.0,,
126030,,,,,,,,57.0,,31.0,,,,,,12.0,,,1.0,,,,,9.0,1.0,
126049,,,,,,,,108.0,,48.0,,,,,,19.0,7.0,1.0,4.0,,,,,14.0,2.0,
126076,,,,,,,,15.0,,7.0,,,,,,1.0,1.0,,,,,4.0,,2.0,,
126100,,,,,,,,167.0,,1.0,,,,,,36.0,21.0,17.0,,,,62.0,,29.0,,
126119,,,,,,,,270.0,,159.0,,,,,,16.0,2.0,4.0,8.0,,,19.0,,51.0,,
126164,,,,,,,,10.0,,5.0,,,,,,1.0,1.0,,,,,,1.0,1.0,,
126182,,,,,,,,430.0,,155.0,,,,,,32.0,22.0,18.0,42.0,2.0,,50.0,,49.0,1.0,1.0
126207,,,,,,,,498.0,,187.0,,,,,,29.0,20.0,24.0,12.0,,,18.0,,50.0,8.0,1.0
126289,,,,,,,,443.0,,234.0,,,,,,30.0,36.0,12.0,12.0,1.0,,33.0,2.0,43.0,8.0,1.0
126359,,,,,,,,34.0,,11.0,,,,,,3.0,2.0,,,,,8.0,,1.0,,
126401,,,,,,,,31.0,,12.0,,,,,,7.0,2.0,,,,,,,10.0,,
126562,,,,,,,,9789.0,,3716.0,696.0,117.0,,,,711.0,430.0,1462.0,126.0,1350.0,,182.0,,539.0,122.0,34.0
126580,,,,,,,,1236.0,,525.0,21.0,6.0,,,,20.0,63.0,40.0,102.0,22.0,,125.0,6.0,156.0,32.0,9.0
126605,,,,,,,,64.0,,31.0,,,,,,9.0,,,,,,2.0,8.0,3.0,,
126614,,,,,,,,6643.0,,1688.0,830.0,11.0,,,,696.0,256.0,1094.0,214.0,46.0,,577.0,13.0,639.0,202.0,58.0
126669,,,,,,,,525.0,,223.0,,,,,,49.0,32.0,18.0,118.0,3.0,,12.0,,42.0,5.0,
126678,,,,,,,,744.0,,206.0,1.0,,,,,102.0,25.0,29.0,61.0,7.0,,48.0,2.0,126.0,34.0,7.0
126687,,,,,,,,64.0,,26.0,,,,,,16.0,4.0,,,,,,4.0,11.0,,
126702,,,,,,,,102.0,,47.0,,,,,,15.0,1.0,,,,,,,36.0,,
126711,,,,,,,,675.0,,287.0,,,,,,83.0,8.0,30.0,29.0,1.0,,28.0,1.0,125.0,23.0,0.0
126748,,,,,,,,133.0,,65.0,1.0,,,,,16.0,15.0,4.0,10.0,,,8.0,,4.0,3.0,
126775,,,,,,,,1006.0,,333.0,112.0,,,,,86.0,81.0,51.0,35.0,2.0,,99.0,,92.0,45.0,3.0
126784,,,,,,,,23.0,,14.0,,,,,,4.0,,,,,,,,2.0,,
126818,,,,,,,,6522.0,,1700.0,1250.0,159.0,,,,67.0,378.0,221.0,161.0,150.0,,295.0,16.0,431.0,466.0,235.0
126827,,,,,,,,119.0,,72.0,,,,,,5.0,14.0,4.0,,,,,12.0,6.0,,
126854,,,,,,,,5.0,,3.0,,,,,,1.0,,,,,,,,1.0,,
126863,,,,,,,,334.0,,160.0,,,,,,23.0,28.0,8.0,1.0,,,17.0,,40.0,4.0,
126872,,,,,,,,41.0,,15.0,,,,,,1.0,6.0,2.0,,,,,4.0,5.0,,
126915,,,,,,,,31.0,,16.0,,,,,,3.0,2.0,1.0,,,,2.0,,4.0,,
126942,,,,,,,,399.0,,191.0,,,,,,35.0,18.0,12.0,91.0,,,9.0,,34.0,1.0,
126951,,,,,,,,106.0,,52.0,,,,,,29.0,,1.0,,,,1.0,,14.0,,
126979,,,,,,,,116.0,,51.0,,,,,,20.0,5.0,7.0,,,,,,16.0,2.0,
127060,,,,,,,,2404.0,,894.0,8.0,,,,,260.0,209.0,182.0,129.0,12.0,,194.0,2.0,271.0,54.0,3.0
127158,,,,,,,,107.0,,48.0,,,,,,4.0,8.0,4.0,3.0,,,,,,,
127185,,,,,,,,548.0,,194.0,,,,,,32.0,43.0,36.0,87.0,2.0,,63.0,,40.0,13.0,1.0
127200,,,,,,,,945.0,,533.0,,,,,,36.0,35.0,37.0,47.0,,,33.0,8.0,109.0,14.0,4.0
127219,,,,,,,,7.0,,3.0,,,,,,1.0,0.0,,,,,,0.0,1.0,,
127228,,,,,,,,12.0,,6.0,,,,,,,,,,,,1.0,,5.0,,
127273,,,,,,,,49.0,,18.0,,,,,,5.0,2.0,2.0,,,,,,17.0,2.0,
127316,,,,,,,,25.0,,13.0,,,,,,3.0,0.0,,,,,,,4.0,,
127389,,,,,,,,80.0,,24.0,,,,,,5.0,4.0,2.0,9.0,,,8.0,1.0,9.0,2.0,
127556,,,,,,,,712.0,,359.0,,,,,,63.0,14.0,21.0,79.0,5.0,,70.0,4.0,64.0,13.0,3.0
127565,,,,,,,,1504.0,,843.0,,,,,,20.0,135.0,93.0,64.0,12.0,,3.0,,258.0,1.0,
127617,,,,,,,,112.0,,56.0,,,,,,17.0,10.0,4.0,1.0,,,4.0,,9.0,2.0,
127653,,,,,,,,283.0,,94.0,,,,,,33.0,32.0,8.0,20.0,,,12.0,,20.0,5.0,
127680,,,,,,,,22.0,,9.0,,,,,,2.0,,,,,,,,1.0,,
127699,,,,,,,,10.0,,9.0,,,,,,,,,,,,,,,,
127714,,,,,,,,83.0,,39.0,,,,,,13.0,0.0,6.0,1.0,,,5.0,4.0,12.0,,
127732,,,,,,,,149.0,,62.0,,,,,,9.0,17.0,5.0,11.0,,,20.0,,14.0,3.0,0.0
127741,,,,,,,,1491.0,,590.0,,,,,,64.0,116.0,75.0,87.0,14.0,,183.0,,158.0,41.0,23.0
127778,,,,,,,,272.0,,53.0,,,,,,10.0,7.0,6.0,19.0,,,33.0,,10.0,4.0,6.0
127787,,,,,,,,27.0,,8.0,,,,,,7.0,2.0,,,,,,,10.0,,
127820,,,,,,,,730.0,,358.0,,,,,,42.0,37.0,23.0,35.0,,,52.0,8.0,122.0,13.0,7.0
127839,,,,,,,,35.0,,19.0,,,,,,2.0,3.0,1.0,,,,,3.0,2.0,,
127884,,,,,,,,414.0,,185.0,,,,,,26.0,31.0,14.0,21.0,2.0,,22.0,1.0,42.0,11.0,3.0
127909,,,,,,,,495.0,,218.0,,,,,,36.0,29.0,10.0,14.0,1.0,,42.0,,53.0,12.0,2.0
127918,,,,,,,,987.0,,458.0,,,,,,73.0,3.0,38.0,32.0,3.0,,12.0,16.0,307.0,27.0,
127945,,,,,,,,194.0,,80.0,,,,,,16.0,13.0,4.0,5.0,,,12.0,2.0,3.0,,1.0
127954,,,,,,,,2.0,,,,,,,,1.0,1.0,,,,,,,,,
128106,,,,,,,,540.0,,237.0,,,,,,12.0,13.0,25.0,47.0,3.0,,35.0,2.0,110.0,19.0,2.0
128151,,,,,,,,98.0,,57.0,,,,,,5.0,4.0,,0.0,1.0,,2.0,,17.0,6.0,
128179,,,,,,,,63.0,,35.0,,,,,,3.0,13.0,,,,,,6.0,1.0,3.0,
128188,,,,,,,,92.0,,54.0,,,,,,5.0,16.0,2.0,,,,1.0,9.0,3.0,0.0,
128258,,,,,,,,197.0,,87.0,,,,,,14.0,8.0,5.0,9.0,,,17.0,1.0,20.0,6.0,1.0
128300,,,,,,,,460.0,,,,,,,,102.0,182.0,107.0,39.0,,,,,30.0,,
128328,,,,,,,,294.0,,171.0,7.0,,,,,7.0,6.0,11.0,1.0,27.0,,6.0,,20.0,,
128337,,,,,,,,8.0,,5.0,,,,,,1.0,,,,,,,,1.0,,
128391,,,,,,,,313.0,,134.0,,,,,,30.0,14.0,12.0,42.0,2.0,,35.0,1.0,11.0,9.0,
128498,,,,,,,,246.0,,117.0,,,,,,16.0,15.0,11.0,14.0,,,20.0,,31.0,6.0,
128540,,,,,,,,15.0,,8.0,,,,,,1.0,,,,,,,2.0,4.0,,
128577,,,,,,,,145.0,,68.0,,,,,,11.0,4.0,3.0,2.0,1.0,,5.0,,11.0,1.0,
128586,,,,,,,,10.0,,6.0,,,,,,1.0,1.0,,,,,1.0,,1.0,,
128674,,,,,,,,31.0,,21.0,,,,,,3.0,,,,,,,,1.0,1.0,
128683,,,,,,,,109.0,,57.0,,,,,,18.0,,,0.0,,,14.0,,8.0,,2.0
128726,,,,,,,,27.0,,20.0,,,,,,2.0,,,1.0,,,1.0,1.0,2.0,,
128744,,,,,,,,570.0,,238.0,,,,,,124.0,112.0,20.0,3.0,18.0,,,,37.0,,
128771,,,,,,,,1186.0,,616.0,,,,,,47.0,46.0,43.0,50.0,6.0,,74.0,,154.0,25.0,11.0
128780,,,,,,,,154.0,,62.0,,,,,,15.0,9.0,11.0,22.0,,,,,6.0,,
128896,,,,,,,,29.0,,12.0,,,,,,2.0,3.0,,,,,,3.0,4.0,1.0,
128902,,,,,,,,777.0,,230.0,,,,,,78.0,31.0,39.0,58.0,8.0,,169.0,1.0,87.0,31.0,7.0
129002,,,,,,,,27.0,,17.0,,,,,,1.0,,,,,,,,1.0,,
129020,,,,,,,,8861.0,,1941.0,349.0,78.0,,,,335.0,320.0,723.0,302.0,1311.0,,608.0,11.0,2203.0,548.0,11.0
129154,,,,,,,,364.0,,157.0,,,,,,15.0,40.0,9.0,21.0,,,31.0,,31.0,,0.0
129181,,,,,,,,98.0,,43.0,,,,,,28.0,,1.0,,,,7.0,,10.0,,3.0
129215,,,,,,,,726.0,,296.0,,,,,,29.0,30.0,32.0,47.0,4.0,,103.0,,60.0,33.0,4.0
129242,,,,,,,,869.0,,348.0,,,,,,85.0,24.0,46.0,64.0,10.0,,58.0,,112.0,4.0,6.0
129349,,,,,,,,15.0,,8.0,,,,,,2.0,,,,,,,2.0,3.0,,
129367,,,,,,,,231.0,,125.0,,,,,,13.0,18.0,6.0,4.0,,,15.0,,15.0,,
129428,,,,,,,,15.0,,5.0,,,,,,4.0,,1.0,2.0,,,,,2.0,0.0,
129482,,,,,,,,27.0,,13.0,,,,,,4.0,,,,,,1.0,7.0,2.0,,
129491,,,,,,,,31.0,,9.0,0.0,,,,,8.0,3.0,,,,,1.0,,3.0,,
129525,,,,,,,,1285.0,,583.0,,,,,,52.0,102.0,18.0,140.0,5.0,,138.0,,154.0,22.0,4.0
129534,,,,,,,,59.0,,37.0,,,,,,3.0,3.0,1.0,,,,4.0,,8.0,0.0,
129543,,,,,,,,297.0,,162.0,,,,,,6.0,22.0,11.0,16.0,,,2.0,1.0,30.0,6.0,
129695,,,,,,,,402.0,,226.0,,,,,,16.0,11.0,15.0,8.0,,,39.0,,32.0,4.0,
129729,,,,,,,,418.0,,221.0,,,,,,27.0,15.0,8.0,3.0,,,33.0,,47.0,6.0,4.0
129756,,,,,,,,179.0,,104.0,,,,,,16.0,6.0,5.0,4.0,,,2.0,,11.0,1.0,
129774,,,,,,,,141.0,,38.0,,,,,,33.0,4.0,2.0,12.0,2.0,,14.0,,13.0,,
129808,,,,,,,,228.0,,137.0,,,,,,12.0,11.0,8.0,7.0,,,12.0,,18.0,4.0,
129923,,,,,,,,104.0,,64.0,,,,,,18.0,,2.0,,,,1.0,,15.0,,
129932,,,,,,,,45.0,,25.0,,,,,,6.0,,,,,,,8.0,,,
129941,,,,,,,,886.0,,390.0,,,,,,53.0,42.0,45.0,67.0,7.0,,71.0,,123.0,17.0,1.0
129969,,,,,,,,26.0,,17.0,,,,,,1.0,,,,,,,1.0,1.0,,
130004,,,,,,,,356.0,,202.0,,,,,,14.0,8.0,10.0,12.0,,,5.0,,28.0,1.0,1.0
130040,,,,,,,,119.0,,54.0,,,,,,10.0,3.0,5.0,3.0,,,10.0,,12.0,,
130110,,,,,,,,30.0,,17.0,,,,,,,4.0,,,,,4.0,,4.0,,
130174,,,,,,,,272.0,,142.0,,,,,,19.0,14.0,2.0,2.0,,,,,14.0,,
130183,,,,,,,,671.0,,215.0,,,,,,49.0,16.0,18.0,43.0,1.0,,,,12.0,6.0,7.0
130217,,,,,,,,133.0,,63.0,,,,,,11.0,2.0,4.0,9.0,,,4.0,,12.0,5.0,
130226,,,,,,,,1453.0,,589.0,,,,,,238.0,135.0,43.0,54.0,22.0,,197.0,,122.0,31.0,
130253,,,,,,,,1019.0,,429.0,,,,,,155.0,27.0,47.0,129.0,19.0,,68.0,,107.0,,
130314,,,,,,,,583.0,,200.0,0.0,,,,,40.0,22.0,10.0,43.0,24.0,,40.0,,41.0,3.0,
130396,,,,,,,,391.0,,247.0,,,,,,14.0,9.0,9.0,15.0,,,30.0,,34.0,1.0,1.0
130448,,,,,,,,76.0,,47.0,,,,,,13.0,2.0,0.0,1.0,,,,,5.0,,
130493,,,,,,,,1211.0,,613.0,,,,,,49.0,67.0,27.0,56.0,10.0,,122.0,,156.0,27.0,9.0
130509,,,,,,,,68.0,,39.0,,,,,,11.0,,,,,,,,4.0,,
130581,,,,,,,,37.0,,27.0,,,,,,5.0,1.0,1.0,1.0,,,,,2.0,1.0,
130590,,,,,,,,561.0,,238.0,,,,,,56.0,29.0,33.0,50.0,10.0,,37.0,,59.0,,
130606,,,,,,,,260.0,,151.0,,,,,,9.0,5.0,10.0,9.0,2.0,,11.0,1.0,29.0,1.0,
130624,,,,,,,,314.0,,95.0,,,,,,51.0,5.0,29.0,5.0,,,38.0,,62.0,16.0,
130697,,,,,,,,971.0,,388.0,,,,,,58.0,80.0,81.0,51.0,12.0,,48.0,2.0,120.0,39.0,10.0
130776,,,,,,,,752.0,,346.0,,,,,,39.0,36.0,36.0,33.0,7.0,,95.0,,73.0,35.0,
130785,,,,,,,,33.0,,,,,,,,12.0,,,,21.0,,,,,,
130794,,,,,,,,13928.0,,2954.0,1906.0,185.0,,,,1519.0,620.0,1398.0,272.0,341.0,,1405.0,,2439.0,289.0,79.0
130837,,,,,,,,13.0,,10.0,,,,,,1.0,,,,,,,,1.0,,
130873,,,,,,,,35.0,,15.0,,,,,,5.0,2.0,,,,,2.0,,6.0,,
130882,,,,,,,,82.0,,1.0,,,,,,24.0,19.0,13.0,4.0,,,,,13.0,,
130907,,,,,,,,1182.0,,621.0,,,,,,83.0,75.0,34.0,53.0,,,95.0,,110.0,23.0,
130934,,,,,,,,868.0,,273.0,37.0,,,,,39.0,57.0,4.0,52.0,6.0,,124.0,,102.0,,7.0
130943,,,,,,,,4204.0,,1133.0,,,,,,505.0,384.0,526.0,335.0,52.0,,320.0,,514.0,183.0,68.0
130989,,,,,,,,108.0,,38.0,,,,,,12.0,8.0,3.0,24.0,,,15.0,,5.0,,
131061,,,,,,,,15.0,,8.0,,,,,,1.0,1.0,,,,,0.0,,1.0,,
131098,,,,,,,,217.0,,111.0,,,,,,22.0,12.0,,25.0,,,,8.0,18.0,,
131113,,,,,,,,970.0,,533.0,,,,,,87.0,64.0,26.0,13.0,1.0,,31.0,,165.0,,
131159,,,,,,,,2738.0,,997.0,15.0,,,,,476.0,258.0,181.0,234.0,13.0,,102.0,,261.0,66.0,44.0
131283,,,,,,,,1413.0,,521.0,48.0,,,,,109.0,42.0,85.0,102.0,5.0,,169.0,,177.0,22.0,1.0
131399,,,,,,,,773.0,,318.0,5.0,29.0,,,,92.0,62.0,28.0,29.0,1.0,,23.0,,90.0,18.0,6.0
131405,,,,,,,,31.0,,22.0,,,,,,2.0,1.0,,,,,0.0,,2.0,,
131450,,,,,,,,722.0,,186.0,8.0,,,,,83.0,40.0,39.0,126.0,9.0,,94.0,2.0,57.0,30.0,17.0
131469,,,,,,,,5621.0,,1636.0,84.0,,,,,322.0,647.0,695.0,377.0,486.0,,273.0,5.0,619.0,89.0,43.0
131496,,,,,,,,5292.0,,1529.0,330.0,,,,,1099.0,397.0,301.0,298.0,247.0,,243.0,,550.0,116.0,70.0
131520,,,,,,,,2875.0,,1104.0,145.0,147.0,,,,298.0,53.0,110.0,159.0,243.0,,12.0,,492.0,7.0,
131742,,,,,,,,89.0,,40.0,,,,,,18.0,8.0,,,,,,17.0,7.0,,
131803,,,,,,,,45.0,,26.0,,,,,,3.0,,0.0,,,,,6.0,3.0,,
131830,,,,,,,,10.0,,7.0,,,,,,2.0,1.0,,,,,,,,,
131876,,,,,,,,263.0,,119.0,,,,,,33.0,22.0,5.0,15.0,1.0,,12.0,7.0,8.0,,
131973,,,,,,,,73.0,,23.0,1.0,,,,,9.0,1.0,2.0,3.0,,,1.0,,9.0,1.0,
132268,,,,,,,,46.0,,17.0,,,,,,7.0,12.0,1.0,,,,,,8.0,,
132338,,,,,,,,101.0,,40.0,,,,,,18.0,,,1.0,,,,,39.0,,
132374,,,,,,,,342.0,,202.0,,,,,,7.0,3.0,8.0,,,,17.0,9.0,40.0,16.0,2.0
132408,,,,,,,,97.0,,38.0,,,,,,9.0,,2.0,,,,10.0,1.0,31.0,1.0,
132471,,,,,,,,1259.0,,508.0,,,,,,204.0,27.0,45.0,60.0,16.0,,9.0,11.0,268.0,13.0,1.0
132602,,,,,,,,628.0,,227.0,,,,,,84.0,42.0,19.0,69.0,,,89.0,0.0,84.0,,4.0
132657,,,,,,,,504.0,,105.0,,,,,,129.0,14.0,21.0,88.0,4.0,,69.0,1.0,45.0,4.0,10.0
132666,,,,,,,,11.0,,5.0,,,,,,2.0,,,,,,3.0,,1.0,,
132675,,,,,,,,64.0,,28.0,,,,,,19.0,,,,,,14.0,,,,
132693,,,,,,,,1085.0,,491.0,,,,,,18.0,41.0,44.0,106.0,8.0,,54.0,8.0,135.0,43.0,8.0
132709,,,,,,,,1902.0,,837.0,,,,,,136.0,62.0,128.0,57.0,1.0,,75.0,4.0,273.0,61.0,2.0
132806,,,,,,,,3.0,,1.0,,,,,,1.0,1.0,,,,,,,,,
132842,,,,,,,,126.0,,49.0,,,,,,16.0,,7.0,,,,26.0,,20.0,3.0,
132851,,,,,,,,524.0,,190.0,,,,,,31.0,34.0,26.0,54.0,,,34.0,2.0,97.0,21.0,1.0
132879,,,,,,,,46.0,,20.0,,,,,,2.0,6.0,2.0,3.0,,,2.0,,3.0,,
132903,,,,,,,,5274.0,,1543.0,324.0,,,,,725.0,255.0,465.0,345.0,84.0,,403.0,7.0,833.0,167.0,9.0
132976,,,,,,,,48.0,,24.0,,,,,,2.0,,,,,,2.0,,9.0,8.0,
133021,,,,,,,,231.0,,81.0,,,,,,25.0,2.0,4.0,15.0,2.0,,34.0,,58.0,,1.0
133155,,,,,,,,80.0,,38.0,,,,,,5.0,3.0,3.0,1.0,5.0,,5.0,1.0,6.0,2.0,4.0
133386,,,,,,,,1131.0,,448.0,,,,,,59.0,43.0,58.0,42.0,,,238.0,,75.0,112.0,11.0
133465,,,,,,,,95.0,,46.0,,,,,,24.0,,,,,,1.0,,21.0,,
133492,,,,,,,,394.0,,153.0,,,,,,48.0,19.0,17.0,24.0,4.0,,21.0,,58.0,7.0,0.0
133508,,,,,,,,785.0,,315.0,,,,,,45.0,53.0,36.0,38.0,27.0,,33.0,,112.0,5.0,
133526,,,,,,,,190.0,,68.0,1.0,2.0,,,,18.0,4.0,2.0,11.0,2.0,,23.0,,18.0,,
133553,,,,,,,,1296.0,,302.0,8.0,,,,,170.0,131.0,81.0,61.0,7.0,,70.0,,160.0,31.0,172.0
133650,,,,,,,,1775.0,,589.0,32.0,35.0,,,,314.0,110.0,82.0,53.0,5.0,,209.0,2.0,244.0,8.0,7.0
133669,,,,,,,,2896.0,,942.0,67.0,,,,,540.0,421.0,131.0,95.0,18.0,,143.0,,289.0,,4.0
133702,,,,,,,,1722.0,,638.0,,,,,,94.0,64.0,78.0,143.0,,,77.0,,329.0,142.0,5.0
133711,,,,,,,,385.0,,154.0,,,,,,26.0,42.0,11.0,36.0,5.0,,24.0,2.0,28.0,30.0,2.0
133809,,,,,,,,95.0,,40.0,,,,,,10.0,12.0,3.0,7.0,,,,,2.0,,
133845,,,,,,,,48.0,,20.0,,,,,,13.0,3.0,,,,,,5.0,4.0,,
133854,,,,,,,,42.0,,12.0,,,,,,14.0,4.0,,,,,1.0,5.0,4.0,,
133863,,,,,,,,46.0,,18.0,,,,,,12.0,3.0,,,,,,5.0,6.0,,
133872,,,,,,,,302.0,,145.0,,,,,,41.0,10.0,13.0,10.0,,,19.0,3.0,48.0,,
133881,,,,,,,,1269.0,,406.0,46.0,,,,,73.0,75.0,70.0,117.0,,,157.0,23.0,208.0,55.0,13.0
133942,,,,,,,,6.0,,3.0,,,,,,2.0,1.0,,,,,,,0.0,,
133951,,,,,,,,5193.0,,1508.0,174.0,,,,,927.0,239.0,460.0,237.0,36.0,,336.0,,845.0,158.0,1.0
133960,,,,,,,,120.0,,42.0,,,,,,10.0,12.0,1.0,6.0,,,,,40.0,5.0,
133979,,,,,,,,191.0,,83.0,,,,,,30.0,7.0,9.0,,1.0,,18.0,,24.0,,1.0
133997,,,,,,,,14.0,,3.0,,,,,,,1.0,,,,,,,,,
134024,,,,,,,,17.0,,8.0,,,,,,4.0,,,0.0,,,1.0,1.0,2.0,,
134079,,,,,,,,534.0,,173.0,,,,,,46.0,29.0,18.0,54.0,7.0,,85.0,2.0,44.0,14.0,
134097,,,,,,,,6426.0,,1635.0,387.0,,,,,339.0,730.0,626.0,480.0,118.0,,617.0,,636.0,249.0,9.0
134112,,,,,,,,286.0,,119.0,,,,,,74.0,20.0,9.0,1.0,,,12.0,32.0,14.0,,
134130,,,,,,,,13644.0,,2647.0,524.0,1405.0,,,,898.0,918.0,1971.0,393.0,565.0,,899.0,8.0,1964.0,606.0,52.0
134149,,,,,,,,43.0,,19.0,,,,,,7.0,1.0,1.0,,,,,,14.0,,
134228,,,,,,,,5.0,,2.0,,,,,,1.0,1.0,,,,,,1.0,,,
134237,,,,,,,,2179.0,,845.0,,,,,,192.0,53.0,65.0,158.0,1.0,,102.0,1.0,736.0,7.0,12.0
134291,,,,,,,,65.0,,26.0,,,,,,5.0,1.0,2.0,,,,6.0,,9.0,,
134307,,,,,,,,57.0,,32.0,,,,,,4.0,2.0,0.0,,,,7.0,,7.0,,
134343,,,,,,,,491.0,,198.0,,,,,,27.0,43.0,26.0,11.0,,,58.0,,112.0,,
134422,,,,,,,,11.0,,6.0,,,,,,,2.0,,,,,1.0,,1.0,,
134495,,,,,,,,1573.0,,690.0,,,,,,61.0,82.0,44.0,112.0,7.0,,77.0,19.0,313.0,41.0,
134510,,,,,,,,34.0,,11.0,,,,,,8.0,2.0,0.0,,,,4.0,1.0,7.0,,
134529,,,,,,,,15.0,,5.0,,,,,,1.0,,,,,,1.0,,3.0,,
134574,,,,,,,,14.0,,4.0,,,,,,2.0,2.0,,,,,,2.0,1.0,,
134608,,,,,,,,1030.0,,404.0,,,,,,35.0,21.0,48.0,67.0,,,81.0,3.0,238.0,45.0,10.0
134680,,,,,,,,29.0,,22.0,,,,,,2.0,1.0,2.0,,,,,,,,
134714,,,,,,,,25.0,,13.0,,,,,,3.0,,,,,,,3.0,2.0,0.0,
134811,,,,,,,,217.0,,100.0,,,,,,32.0,1.0,,,,,,,75.0,,
134909,,,,,,,,58.0,,19.0,,,,,,7.0,2.0,1.0,,,,,,26.0,,
134945,,,,,,,,508.0,,196.0,,,,,,71.0,28.0,22.0,44.0,7.0,,25.0,,56.0,3.0,1.0
135063,,,,,,,,49.0,,18.0,,,,,,10.0,1.0,2.0,,,,8.0,,9.0,,
135081,,,,,,,,2895.0,,1333.0,,,,,,240.0,337.0,25.0,26.0,,,17.0,,883.0,,
135124,,,,,,,,48.0,,31.0,,,,,,6.0,1.0,,,,,3.0,5.0,1.0,0.0,
135142,,,,,,,,19.0,,9.0,,,,,,2.0,,,,,,,1.0,5.0,2.0,
135160,,,,,,,,267.0,,109.0,,,,,,12.0,26.0,5.0,8.0,,,8.0,1.0,88.0,7.0,
135179,,,,,,,,76.0,,25.0,,,,,,4.0,4.0,3.0,,,,9.0,,16.0,,
135188,,,,,,,,366.0,,141.0,,,,,,30.0,46.0,30.0,23.0,1.0,,14.0,,51.0,3.0,3.0
135267,,,,,,,,88.0,,40.0,,,,,,4.0,2.0,3.0,,,,17.0,,14.0,,
135276,,,,,,,,85.0,,41.0,,,,,,3.0,3.0,2.0,,14.0,,5.0,,1.0,1.0,16.0
135294,,,,,,,,128.0,,49.0,,,,,,7.0,4.0,1.0,,,,16.0,,30.0,17.0,
135337,,,,,,,,19.0,,11.0,,,,,,2.0,,,,,,,,6.0,,
135364,,,,,,,,52.0,,22.0,,,,,,8.0,4.0,2.0,1.0,,,,,7.0,2.0,
135391,,,,,,,,577.0,,241.0,,,,,,31.0,63.0,21.0,14.0,,,15.0,,127.0,16.0,
135407,,,,,,,,207.0,,91.0,,,,,,19.0,3.0,1.0,1.0,,,,1.0,38.0,17.0,1.0
135522,,,,,,,,115.0,,64.0,,,,,,4.0,4.0,,2.0,1.0,,3.0,,11.0,7.0,
135559,,,,,,,,11.0,,4.0,,,,,,,2.0,,,,,,,1.0,1.0,
135610,,,,,,,,35.0,,13.0,,,,,,2.0,4.0,,1.0,,,,,12.0,,
135647,,,,,,,,101.0,,4.0,,,,,,7.0,4.0,2.0,7.0,15.0,,25.0,3.0,14.0,18.0,
135717,,,,,,,,4440.0,,1504.0,,,,,,102.0,89.0,183.0,113.0,5.0,,457.0,,1537.0,23.0,1.0
135726,,,,,,,,10701.0,,1638.0,199.0,841.0,,,,905.0,712.0,1909.0,364.0,1076.0,,899.0,10.0,1700.0,199.0,27.0
135735,,,,,,,,190.0,,113.0,,,,,,6.0,,3.0,,,,9.0,,45.0,,
135771,,,,,,,,44.0,,12.0,,,,,,13.0,7.0,,2.0,,,2.0,,8.0,,
135939,,,,,,,,9.0,,5.0,,,,,,2.0,1.0,,,,,,,1.0,,
136048,,,,,,,,11.0,,3.0,,,,,,1.0,,,,,,0.0,,2.0,,
136066,,,,,,,,66.0,,29.0,,,,,,17.0,,1.0,,,,4.0,,10.0,,
136109,,,,,,,,18.0,,8.0,,,,,,1.0,,,,,,,4.0,4.0,,
136145,,,,,,,,127.0,,40.0,,1.0,,,,12.0,1.0,8.0,14.0,,,2.0,,33.0,7.0,
136172,,,,,,,,1868.0,,600.0,6.0,,,,,327.0,61.0,88.0,77.0,10.0,,188.0,1.0,262.0,69.0,14.0
136215,,,,,,,,4051.0,,1106.0,112.0,,,,,394.0,626.0,284.0,72.0,53.0,,274.0,3.0,720.0,33.0,
136233,,,,,,,,477.0,,171.0,,,,,,13.0,11.0,22.0,50.0,,,37.0,,99.0,21.0,1.0
136288,,,,,,,,47.0,,20.0,,,,,,8.0,1.0,1.0,,,,,,16.0,,
136303,,,,,,,,116.0,,66.0,,,,,,4.0,7.0,,,,,6.0,,18.0,,
136330,,,,,,,,501.0,,223.0,,,,,,51.0,4.0,14.0,33.0,5.0,,19.0,,76.0,,
136358,,,,,,,,1588.0,,589.0,,,,,,35.0,28.0,52.0,163.0,5.0,,78.0,1.0,285.0,46.0,6.0
136400,,,,,,,,591.0,,246.0,,,,,,24.0,18.0,47.0,68.0,,,2.0,18.0,111.0,30.0,2.0
136473,,,,,,,,726.0,,310.0,,,,,,50.0,24.0,59.0,87.0,,,24.0,,134.0,15.0,2.0
136491,,,,,,,,106.0,,72.0,,,,,,3.0,1.0,,,,,9.0,,20.0,,
136516,,,,,,,,632.0,,227.0,,,,,,31.0,33.0,24.0,18.0,,,,,122.0,16.0,0.0
136659,,,,,,,,38.0,,15.0,,,,,,2.0,,1.0,6.0,,,,,5.0,,1.0
136701,,,,,,,,44.0,,12.0,,,,,,11.0,1.0,1.0,,,,10.0,,6.0,3.0,
136765,,,,,,,,58.0,,40.0,,,,,,3.0,1.0,1.0,,1.0,,,,7.0,,
136774,,,,,,,,317.0,,113.0,,,,,,52.0,16.0,20.0,21.0,,,18.0,0.0,41.0,8.0,
136783,,,,,,,,8.0,,4.0,,,,,,1.0,1.0,,,,,,,2.0,,
136826,,,,,,,,96.0,,36.0,,,,,,4.0,4.0,2.0,,,,,,14.0,27.0,
136950,,,,,,,,732.0,,232.0,,,,,,68.0,59.0,37.0,87.0,11.0,,74.0,1.0,99.0,27.0,4.0
137023,,,,,,,,118.0,,44.0,,,,,,9.0,2.0,5.0,3.0,,,14.0,,27.0,6.0,
137032,,,,,,,,1384.0,,498.0,1.0,,,,,176.0,60.0,52.0,100.0,4.0,,73.0,155.0,163.0,1.0,
137078,,,,,,,,2094.0,,847.0,,,,,,120.0,45.0,129.0,89.0,4.0,,153.0,11.0,458.0,68.0,24.0
137087,,,,,,,,124.0,,87.0,,,,,,3.0,1.0,,,,,12.0,,20.0,,
137096,,,,,,,,886.0,,376.0,,,,,,65.0,44.0,39.0,44.0,7.0,,73.0,,194.0,16.0,
137120,,,,,,,,327.0,,164.0,,,,,,10.0,4.0,7.0,20.0,49.0,,23.0,,,1.0,
137148,,,,,,,,38.0,,19.0,,,,,,5.0,,,,,,,,14.0,,
137209,,,,,,,,949.0,,367.0,,,,,,30.0,69.0,54.0,51.0,,,80.0,,117.0,8.0,3.0
137245,,,,,,,,247.0,,161.0,,,,,,6.0,2.0,3.0,,,,28.0,,24.0,1.0,1.0
137272,,,,,,,,40.0,,11.0,,,,,,1.0,1.0,1.0,,,,15.0,,,5.0,
137281,,,,,,,,470.0,,219.0,,,,,,30.0,10.0,20.0,24.0,,,28.0,,112.0,3.0,0.0
137315,,,,,,,,326.0,,90.0,,,,,,18.0,19.0,12.0,22.0,,,32.0,,76.0,13.0,
137351,,,,,,,,7302.0,,1935.0,253.0,,,,,353.0,745.0,608.0,529.0,877.0,,391.0,6.0,885.0,192.0,70.0
137476,,,,,,,,541.0,,214.0,,,,,,38.0,33.0,17.0,49.0,3.0,,48.0,,58.0,,
137546,,,,,,,,887.0,,313.0,,,,,,77.0,62.0,33.0,93.0,13.0,,125.0,5.0,79.0,8.0,5.0
137564,,,,,,,,492.0,,186.0,,,,,,56.0,10.0,9.0,44.0,6.0,,54.0,,105.0,12.0,
137591,,,,,,,,58.0,,31.0,,,,,,7.0,2.0,,,,,1.0,,16.0,,
137713,,,,,,,,31.0,,16.0,,,,,,1.0,1.0,,,,,2.0,,6.0,,
137759,,,,,,,,918.0,,315.0,,2.0,,,,23.0,71.0,40.0,61.0,1.0,,91.0,2.0,227.0,25.0,
137777,,,,,,,,19.0,,10.0,,,,,,3.0,3.0,,,,,,,2.0,,
137801,,,,,,,,51.0,,24.0,,,,,,8.0,2.0,1.0,,,,,,15.0,,
137810,,,,,,,,34.0,,15.0,,,,,,7.0,1.0,,,,,,,10.0,,
137847,,,,,,,,764.0,,406.0,,,,,,71.0,52.0,6.0,61.0,6.0,,36.0,,81.0,,
137856,,,,,,,,24.0,,9.0,,,,,,2.0,1.0,1.0,,,,3.0,,6.0,,
137865,,,,,,,,49.0,,25.0,,,,,,3.0,2.0,,1.0,,,2.0,,2.0,1.0,
137953,,,,,,,,47.0,,18.0,,,,,,5.0,1.0,,8.0,,,,2.0,9.0,,
137962,,,,,,,,42.0,,16.0,,1.0,,,,8.0,1.0,1.0,3.0,,,,,3.0,1.0,0.0
138132,,,,,,,,9.0,,6.0,,,,,,1.0,,,,,,,,2.0,,
138187,,,,,,,,2265.0,,929.0,,,,,,80.0,275.0,84.0,105.0,,,182.0,22.0,304.0,31.0,2.0
138275,,,,,,,,202.0,,76.0,,,,,,24.0,1.0,2.0,21.0,5.0,,22.0,,17.0,,
138284,,,,,,,,60.0,,38.0,,,,,,3.0,1.0,,,,,,,10.0,,
138293,,,,,,,,124.0,,22.0,,,,,,10.0,6.0,,24.0,13.0,,29.0,,19.0,,
138309,,,,,,,,526.0,,353.0,,,,,,35.0,4.0,,,,,,,4.0,,
138354,,,,,,,,1494.0,,427.0,13.0,,,,,265.0,238.0,125.0,48.0,15.0,,78.0,,205.0,40.0,9.0
138372,,,,,,,,131.0,,79.0,,,,,,5.0,5.0,1.0,,,,6.0,,7.0,,
138479,,,,,,,,210.0,,145.0,,,,,,4.0,2.0,4.0,,,,13.0,,21.0,1.0,1.0
138488,,,,,,,,107.0,,53.0,,,,,,6.0,,,,,,6.0,,26.0,,
138497,,,,,,,,80.0,,39.0,,,,,,4.0,5.0,2.0,,,,,,19.0,,
138558,,,,,,,,307.0,,125.0,,,,,,42.0,7.0,12.0,10.0,2.0,,15.0,3.0,60.0,12.0,
138600,,,,,,,,340.0,,93.0,,,,,,23.0,29.0,19.0,20.0,5.0,,56.0,,32.0,6.0,
138655,,,,,,,,45.0,,11.0,,,,,,3.0,7.0,,,,,,5.0,5.0,6.0,
138664,,,,,,,,11.0,,1.0,,,,,,1.0,1.0,,,,,2.0,4.0,1.0,,
138682,,,,,,,,327.0,,162.0,,,,,,14.0,23.0,8.0,11.0,,,10.0,1.0,56.0,5.0,1.0
138691,,,,,,,,379.0,,188.0,,1.0,,,,29.0,7.0,17.0,23.0,13.0,,22.0,,60.0,4.0,
138716,,,,,,,,596.0,,199.0,,,,,,72.0,16.0,22.0,19.0,2.0,,90.0,,98.0,14.0,
138761,,,,,,,,62.0,,20.0,,,,,,5.0,5.0,1.0,17.0,1.0,,2.0,,8.0,,
138789,,,,,,,,716.0,,347.0,,,,,,90.0,8.0,21.0,19.0,,,46.0,,130.0,19.0,
138813,,,,,,,,167.0,,82.0,,,,,,13.0,,,,,,,,65.0,,
138822,,,,,,,,55.0,,36.0,,,,,,11.0,1.0,,,,,1.0,,1.0,1.0,
138840,,,,,,,,324.0,,169.0,,,,,,10.0,22.0,11.0,11.0,,,19.0,,57.0,,
138868,,,,,,,,193.0,,82.0,,,,,,35.0,2.0,6.0,29.0,,,,,5.0,,
138901,,,,,,,,273.0,,101.0,,,,,,35.0,6.0,11.0,5.0,5.0,,26.0,,57.0,5.0,
138929,,,,,,,,88.0,,30.0,3.0,,,,,12.0,,3.0,,,,3.0,,18.0,,
138938,,,,,,,,33.0,,18.0,,,,,,3.0,2.0,,,,,0.0,2.0,8.0,,
138947,,,,,,,,580.0,,213.0,23.0,,,,,23.0,35.0,32.0,43.0,3.0,,40.0,,150.0,,
138956,,,,,,,,344.0,,181.0,,,,,,38.0,12.0,4.0,,,,38.0,,52.0,6.0,
139010,,,,,,,,186.0,,74.0,,,,,,25.0,4.0,9.0,2.0,3.0,,23.0,,26.0,4.0,
139074,,,,,,,,11.0,,4.0,,,,,,2.0,1.0,,,,,,,1.0,,
139092,,,,,,,,10.0,,5.0,,,,,,1.0,1.0,1.0,,,,,,2.0,,
139144,,,,,,,,556.0,,179.0,,,,,,69.0,19.0,15.0,56.0,,,89.0,,87.0,20.0,13.0
139153,,,,,,,,66.0,,28.0,,,,,,13.0,2.0,,,,,3.0,,15.0,,
139199,,,,,,,,418.0,,193.0,,,,,,23.0,9.0,7.0,35.0,1.0,,11.0,10.0,53.0,10.0,3.0
139205,,,,,,,,85.0,,34.0,,,,,,12.0,1.0,1.0,9.0,,,6.0,,9.0,3.0,
139214,,,,,,,,23.0,,11.0,,,,,,3.0,,1.0,,,,,,7.0,,
139250,,,,,,,,293.0,,123.0,,,,,,23.0,7.0,10.0,14.0,,,36.0,,42.0,6.0,
139278,,,,,,,,541.0,,267.0,,8.0,,,,27.0,20.0,13.0,24.0,,,41.0,,100.0,,2.0
139287,,,,,,,,13.0,,2.0,,,,,,1.0,2.0,,,,,,,4.0,,
139311,,,,,,,,724.0,,267.0,,,,,,111.0,21.0,32.0,35.0,8.0,,64.0,1.0,98.0,8.0,
139348,,,,,,,,78.0,,20.0,,,,,,8.0,8.0,5.0,1.0,,,2.0,3.0,14.0,,
139357,,,,,,,,283.0,,139.0,,,,,,18.0,20.0,9.0,14.0,,,27.0,,39.0,,
139366,,,,,,,,952.0,,376.0,,,,,,115.0,17.0,47.0,28.0,5.0,,100.0,,151.0,29.0,
139384,,,,,,,,387.0,,188.0,,,,,,35.0,14.0,12.0,6.0,,,22.0,,90.0,,
139393,,,,,,,,217.0,,76.0,,,,,,23.0,11.0,4.0,31.0,2.0,,20.0,3.0,18.0,14.0,
139463,,,,,,,,379.0,,186.0,,,,,,44.0,9.0,12.0,15.0,,,35.0,,48.0,6.0,
139506,,,,,,,,20.0,,11.0,,,,,,2.0,,,,,,,1.0,2.0,,
139579,,,,,,,,134.0,,61.0,,,,,,30.0,,,,,,,,32.0,3.0,
139621,,,,,,,,238.0,,88.0,,,,,,42.0,4.0,3.0,9.0,,,27.0,,44.0,7.0,
139630,,,,,,,,150.0,,57.0,,,,,,5.0,11.0,2.0,29.0,3.0,,4.0,,24.0,11.0,
139658,,,,,,,,10530.0,,2224.0,962.0,875.0,,,,660.0,536.0,1247.0,362.0,885.0,,679.0,9.0,867.0,176.0,11.0
139700,,,,,,,,389.0,,170.0,,,,,,49.0,11.0,19.0,11.0,,,39.0,,58.0,2.0,
139719,,,,,,,,614.0,,148.0,3.0,9.0,,,,84.0,15.0,42.0,13.0,2.0,,84.0,,79.0,12.0,
139746,,,,,,,,9.0,,5.0,,,,,,1.0,1.0,,,,,,,1.0,,
139755,,,,,,,,6885.0,,1133.0,,,,,,832.0,421.0,2473.0,183.0,30.0,,575.0,,670.0,205.0,
139764,,,,,,,,296.0,,121.0,,,,,,48.0,6.0,11.0,13.0,2.0,,17.0,0.0,39.0,16.0,
139861,,,,,,,,954.0,,365.0,,,,,,127.0,34.0,29.0,29.0,7.0,,108.0,5.0,125.0,53.0,
139931,,,,,,,,2639.0,,824.0,21.0,16.0,,,,295.0,95.0,138.0,93.0,27.0,,448.0,,408.0,129.0,
139940,,,,,,,,4213.0,,1419.0,66.0,25.0,,,,440.0,228.0,191.0,104.0,9.0,,458.0,5.0,674.0,205.0,
139959,,,,,,,,9960.0,,2028.0,144.0,566.0,,,,862.0,655.0,1495.0,560.0,133.0,,1446.0,19.0,1068.0,394.0,
139968,,,,,,,,328.0,,150.0,,,,,,31.0,8.0,3.0,5.0,3.0,,44.0,1.0,53.0,9.0,
139986,,,,,,,,379.0,,158.0,,,,,,36.0,23.0,11.0,10.0,,,39.0,,55.0,,
139995,,,,,,,,10.0,,7.0,,,,,,,,,,,,,,2.0,,
140003,,,,,,,,22.0,,10.0,,,,,,2.0,1.0,,,,,,3.0,4.0,,
140012,,,,,,,,575.0,,282.0,,,,,,20.0,37.0,16.0,21.0,,,37.0,,93.0,,
140146,,,,,,,,52.0,,17.0,0.0,,,,,8.0,11.0,1.0,2.0,,,,,9.0,,
140234,,,,,,,,189.0,,83.0,,,,,,16.0,13.0,4.0,28.0,4.0,,,,24.0,,
140243,,,,,,,,333.0,,180.0,,3.0,,,,14.0,20.0,8.0,11.0,,,21.0,,53.0,,
140252,,,,,,,,426.0,,151.0,4.0,,,,,72.0,14.0,6.0,10.0,6.0,,21.0,8.0,123.0,,
140331,,,,,,,,597.0,,261.0,,0.0,,,,24.0,31.0,19.0,70.0,,,55.0,,85.0,,
140340,,,,,,,,74.0,,51.0,,,,,,3.0,,1.0,,,,,,3.0,,
140447,,,,,,,,1622.0,,526.0,44.0,41.0,,,,153.0,55.0,215.0,139.0,26.0,,83.0,,241.0,,
140553,,,,,,,,465.0,,176.0,,,,,,55.0,27.0,11.0,24.0,5.0,,29.0,,64.0,17.0,6.0
140562,,,,,,,,1025.0,,248.0,69.0,44.0,,,,129.0,39.0,67.0,16.0,22.0,,48.0,,163.0,,
140678,,,,,,,,241.0,,108.0,,2.0,,,,9.0,23.0,4.0,3.0,,,23.0,4.0,30.0,5.0,
140696,,,,,,,,189.0,,71.0,1.0,,,,,14.0,15.0,5.0,42.0,,,,,33.0,,
140720,,,,,,,,182.0,,54.0,3.0,,,,,19.0,10.0,5.0,13.0,,,27.0,,25.0,,
140818,,,,,,,,335.0,,178.0,,,,,,16.0,5.0,4.0,23.0,,,30.0,14.0,33.0,15.0,3.0
140827,,,,,,,,16.0,,10.0,,,,,,1.0,,0.0,,,,0.0,,4.0,,
140872,,,,,,,,297.0,,129.0,1.0,,,,,45.0,12.0,4.0,38.0,5.0,,24.0,0.0,18.0,6.0,
140942,,,,,,,,368.0,,185.0,,,,,,19.0,20.0,11.0,5.0,,,27.0,,74.0,,
140951,,,,,,,,1514.0,,552.0,,,,,,168.0,46.0,54.0,50.0,,,65.0,15.0,331.0,6.0,23.0
140960,,,,,,,,673.0,,226.0,1.0,,,,,70.0,22.0,19.0,36.0,6.0,,102.0,,90.0,28.0,
140988,,,,,,,,260.0,,114.0,,,,,,25.0,16.0,8.0,42.0,1.0,,16.0,,33.0,1.0,
141006,,,,,,,,175.0,,85.0,,,,,,14.0,13.0,4.0,14.0,,,19.0,,23.0,,
141015,,,,,,,,55.0,,40.0,,,,,,4.0,1.0,,,,,2.0,2.0,6.0,,
141060,,,,,,,,575.0,,203.0,,,,,,57.0,41.0,32.0,12.0,6.0,,66.0,,120.0,13.0,3.0
141167,,,,,,,,149.0,,76.0,,,,,,5.0,12.0,2.0,15.0,2.0,,1.0,,14.0,,2.0
141185,,,,,,,,142.0,,60.0,,,,,,19.0,3.0,5.0,12.0,1.0,,10.0,,16.0,7.0,0.0
141237,,,,,,,,147.0,,72.0,,,,,,10.0,2.0,1.0,7.0,,,10.0,3.0,34.0,2.0,
141255,,,,,,,,333.0,,165.0,,,,,,23.0,12.0,7.0,3.0,,,29.0,,66.0,,
141264,,,,,,,,1252.0,,523.0,,4.0,,,,154.0,36.0,57.0,24.0,18.0,,155.0,,174.0,49.0,
141325,,,,,,,,173.0,,63.0,,1.0,,,,14.0,11.0,4.0,18.0,2.0,,11.0,5.0,21.0,4.0,
141334,,,,,,,,1440.0,,513.0,1.0,,,,,183.0,52.0,56.0,73.0,13.0,,170.0,,223.0,56.0,
141361,,,,,,,,208.0,,93.0,,,,,,38.0,2.0,7.0,21.0,4.0,,6.0,,15.0,,
141486,,,,,,,,331.0,,107.0,,,,,,41.0,9.0,24.0,30.0,2.0,,29.0,2.0,51.0,,
141565,,,,,,,,586.0,,245.0,,,,,,27.0,35.0,18.0,67.0,6.0,,50.0,2.0,59.0,10.0,
141574,,,,,,,,4268.0,,1412.0,241.0,39.0,,,,147.0,403.0,313.0,363.0,44.0,,333.0,26.0,258.0,99.0,10.0
141608,,,,,,,,10.0,,4.0,,,,,,1.0,1.0,,,,,,1.0,1.0,0.0,0.0
141644,,,,,,,,567.0,,221.0,16.0,,,,,125.0,25.0,26.0,44.0,2.0,,15.0,,37.0,1.0,2.0
141680,,,,,,,,338.0,,159.0,,,,,,13.0,8.0,15.0,27.0,1.0,,28.0,2.0,32.0,3.0,1.0
141796,,,,,,,,458.0,,260.0,,,,,,14.0,16.0,10.0,44.0,,,33.0,,36.0,4.0,
141802,,,,,,,,162.0,,65.0,,,,,,11.0,3.0,4.0,19.0,,,13.0,1.0,20.0,4.0,2.0
141811,,,,,,,,406.0,,197.0,,,,,,14.0,11.0,7.0,49.0,,,29.0,2.0,41.0,4.0,6.0
141839,,,,,,,,273.0,,132.0,,,,,,13.0,10.0,5.0,39.0,,,18.0,,28.0,2.0,5.0
141848,,,,,,,,10.0,,6.0,,,,,,1.0,2.0,,,,,,,1.0,,
141936,,,,,,,,13.0,,6.0,,,,,,1.0,,,,3.0,,,,2.0,,
141945,,,,,,,,10.0,,5.0,,,,,,3.0,1.0,,,,,,,,,
141963,,,,,,,,530.0,,,,,,,,78.0,191.0,148.0,27.0,1.0,,3.0,1.0,50.0,,
141981,,,,,,,,229.0,,100.0,,,,,,7.0,19.0,10.0,42.0,1.0,,12.0,1.0,7.0,1.0,3.0
141990,,,,,,,,169.0,,65.0,,,,,,8.0,9.0,6.0,25.0,,,20.0,2.0,16.0,2.0,2.0
142054,,,,,,,,60.0,,32.0,,,,,,12.0,1.0,1.0,,,,2.0,,4.0,,
142090,,,,,,,,29.0,,10.0,,,,,,5.0,1.0,,,,,1.0,3.0,3.0,,
142115,,,,,,,,2490.0,,909.0,16.0,,,,,90.0,271.0,241.0,186.0,29.0,,147.0,2.0,262.0,60.0,9.0
142179,,,,,,,,181.0,,95.0,1.0,3.0,,,,19.0,8.0,7.0,4.0,,,8.0,,21.0,,
142276,,,,,,,,1822.0,,650.0,9.0,,,,,227.0,129.0,141.0,83.0,72.0,,148.0,,249.0,58.0,7.0
142285,,,,,,,,2328.0,,616.0,58.0,100.0,,,,98.0,274.0,347.0,147.0,8.0,,119.0,27.0,215.0,121.0,24.0
142294,,,,,,,,275.0,,106.0,,0.0,,,,23.0,10.0,11.0,46.0,4.0,,35.0,2.0,26.0,4.0,
142328,,,,,,,,445.0,,198.0,,,,,,15.0,16.0,19.0,31.0,2.0,,32.0,,72.0,12.0,1.0
142337,,,,,,,,34.0,,19.0,,,,,,4.0,,1.0,,,,,,9.0,,
142407,,,,,,,,11.0,,5.0,,,,,,2.0,1.0,,,,,,,2.0,,
142416,,,,,,,,5.0,,2.0,,,,,,2.0,,,,,,1.0,,,,
142443,,,,,,,,681.0,,248.0,,,,,,30.0,37.0,33.0,73.0,4.0,,51.0,4.0,70.0,16.0,1.0
142461,,,,,,,,334.0,,150.0,,,,,,30.0,13.0,21.0,32.0,1.0,,11.0,,67.0,,
142489,,,,,,,,4.0,,3.0,,,,,,1.0,,,,,,,,,,
142522,,,,,,,,1765.0,,1028.0,,,,,,80.0,95.0,71.0,69.0,12.0,,94.0,7.0,172.0,48.0,14.0
142559,,,,,,,,538.0,,208.0,,,,,,46.0,9.0,13.0,31.0,,,56.0,1.0,36.0,17.0,
142832,,,,,,,,179.0,,55.0,,,,,,50.0,9.0,13.0,21.0,,,1.0,,13.0,,
142869,,,,,,,,7.0,,5.0,,,,,,1.0,,,,,,,,1.0,,
142878,,,,,,,,6.0,,5.0,,,,,,1.0,,,,,,,,,,
142887,,,,,,,,67.0,,26.0,,,,,,8.0,,,,,,,11.0,21.0,,
142957,,,,,,,,13.0,,5.0,,,,,,5.0,,0.0,0.0,,,,,,2.0,
143048,,,,,,,,770.0,,363.0,,,,,,70.0,73.0,39.0,59.0,3.0,,14.0,2.0,86.0,1.0,
143084,,,,,,,,606.0,,213.0,,,,,,98.0,5.0,17.0,63.0,4.0,,102.0,,67.0,20.0,3.0
143118,,,,,,,,567.0,,270.0,,,,,,59.0,29.0,12.0,68.0,5.0,,27.0,3.0,48.0,,1.0
143181,,,,,,,,5.0,,1.0,,,,,,3.0,,,,,,,,,,
143215,,,,,,,,752.0,,327.0,,,,,,21.0,63.0,44.0,146.0,18.0,,75.0,,44.0,,
143233,,,,,,,,28.0,,9.0,,,,,,5.0,,2.0,5.0,,,0.0,,7.0,0.0,
143279,,,,,,,,419.0,,176.0,,,,,,10.0,32.0,29.0,62.0,1.0,,52.0,3.0,37.0,,
143288,,,,,,,,109.0,,42.0,,,,,,23.0,4.0,4.0,9.0,1.0,,1.0,7.0,9.0,5.0,1.0
143297,,,,,,,,49.0,,26.0,,,,,,4.0,,3.0,1.0,,,,,5.0,,
143303,,,,,,,,4.0,,4.0,,,,,,,,,,,,,,,,
143358,,,,,,,,1043.0,,410.0,,15.0,,,,43.0,25.0,33.0,71.0,,,111.0,,170.0,28.0,
143376,,,,,,,,25.0,,8.0,,,,,,4.0,1.0,,,,,,3.0,7.0,2.0,
143464,,,,,,,,12.0,,10.0,,,,,,2.0,,,,,,,0.0,,,
143473,,,,,,,,5.0,,3.0,,,,,,1.0,,,,,,0.0,1.0,,,
143482,,,,,,,,6.0,,3.0,,,,,,2.0,,,,,,0.0,,1.0,,
143491,,,,,,,,5.0,,3.0,,,,,,1.0,,,,,,0.0,1.0,,,
143516,,,,,,,,4.0,,2.0,,,,,,1.0,,,,,,0.0,1.0,,,
143543,,,,,,,,8.0,,4.0,,,,,,1.0,,,,,,,,1.0,,
143552,,,,,,,,10.0,,6.0,,,,,,1.0,1.0,,,,,,1.0,1.0,,
143613,,,,,,,,210.0,,78.0,,,,,,19.0,11.0,12.0,29.0,,,26.0,,19.0,,0.0
143659,,,,,,,,79.0,,32.0,,,,,,23.0,3.0,2.0,7.0,,,,,,6.0,
143695,,,,,,,,3.0,,3.0,,,,,,,,,,,,,,,,
143853,,,,,,,,580.0,,229.0,28.0,,,,,39.0,15.0,24.0,21.0,17.0,,73.0,,123.0,,
143978,,,,,,,,229.0,,108.0,,,,,,44.0,1.0,4.0,1.0,,,,22.0,17.0,,
144005,,,,,,,,899.0,,285.0,,,,,,99.0,65.0,24.0,31.0,6.0,,82.0,6.0,99.0,41.0,16.0
144014,,,,,,,,34.0,,11.0,,,,,,4.0,2.0,1.0,,,,0.0,0.0,8.0,,
144050,,,,,,,,10020.0,,2252.0,1378.0,,,,,1304.0,733.0,1089.0,599.0,367.0,,262.0,20.0,882.0,200.0,73.0
144157,,,,,,,,426.0,,129.0,,,,,,12.0,32.0,8.0,55.0,1.0,,81.0,9.0,38.0,,
144166,,,,,,,,376.0,,138.0,,,,,,20.0,23.0,7.0,28.0,6.0,,57.0,,26.0,,
144175,,,,,,,,298.0,,88.0,,,,,,15.0,19.0,10.0,23.0,1.0,,51.0,,42.0,,
144184,,,,,,,,469.0,,180.0,,,,,,15.0,21.0,13.0,25.0,2.0,,59.0,,41.0,,
144193,,,,,,,,367.0,,129.0,,,,,,16.0,23.0,7.0,26.0,2.0,,69.0,,32.0,,
144209,,,,,,,,452.0,,213.0,,,,,,10.0,29.0,15.0,29.0,1.0,,41.0,,39.0,,
144218,,,,,,,,458.0,,208.0,,,,,,19.0,28.0,12.0,23.0,4.0,,53.0,,41.0,,
144281,,,,,,,,1272.0,,594.0,,,,,,40.0,119.0,66.0,118.0,4.0,,8.0,8.0,157.0,9.0,
144351,,,,,,,,553.0,,315.0,3.0,,,,,38.0,14.0,13.0,28.0,,,24.0,,91.0,,
144467,,,,,,,,68.0,,24.0,,,,,,4.0,6.0,,,,,,23.0,5.0,,
144485,,,,,,,,48.0,,18.0,,,,,,4.0,5.0,,,,,3.0,6.0,2.0,,
144500,,,,,,,,389.0,,1.0,,,,,,31.0,100.0,113.0,60.0,1.0,,33.0,2.0,24.0,,
144564,,,,,,,,234.0,,87.0,,,,,,11.0,30.0,11.0,42.0,2.0,,21.0,8.0,17.0,,
144573,,,,,,,,7.0,,3.0,,,,,,3.0,,,,,,,,,,
144740,,,,,,,,2950.0,,1238.0,,,,,,227.0,287.0,201.0,278.0,1.0,,132.0,9.0,355.0,2.0,3.0
144777,,,,,,,,337.0,,,,,,,,150.0,96.0,8.0,1.0,,,,,7.0,,
144795,,,,,,,,26.0,,14.0,,,,,,2.0,2.0,,,,,,2.0,2.0,,
144865,,,,,,,,1394.0,,684.0,,,,,,32.0,56.0,56.0,130.0,4.0,,104.0,47.0,171.0,,
144883,,,,,,,,56.0,,25.0,,,,,,6.0,1.0,3.0,,,,4.0,,3.0,,
144892,,,,,,,,1437.0,,514.0,,,,,,37.0,97.0,77.0,141.0,19.0,,201.0,5.0,195.0,92.0,5.0
144944,,,,,,,,702.0,,282.0,,,,,,117.0,11.0,37.0,48.0,0.0,,67.0,1.0,102.0,12.0,0.0
144962,,,,,,,,527.0,,223.0,,,,,,48.0,19.0,9.0,43.0,7.0,,52.0,,96.0,14.0,2.0
144971,,,,,,,,135.0,,52.0,,,,,,14.0,8.0,5.0,14.0,1.0,,10.0,1.0,11.0,3.0,
145099,,,,,,,,18.0,,6.0,,,,,,3.0,1.0,1.0,,,,,2.0,4.0,,
145239,,,,,,,,50.0,,25.0,,,,,,4.0,1.0,,,,,,0.0,2.0,,
145275,,,,,,,,72.0,,26.0,,,,,,7.0,5.0,3.0,2.0,,,5.0,,10.0,,
145309,,,,,,,,9.0,,5.0,,,,,,,2.0,,,,,,,1.0,,
145336,,,,,,,,785.0,,298.0,,,,,,124.0,91.0,27.0,44.0,1.0,,31.0,2.0,104.0,4.0,18.0
145354,,,,,,,,17.0,,9.0,,,,,,1.0,,,,,,,,4.0,,
145372,,,,,,,,234.0,,101.0,,,,,,26.0,6.0,6.0,34.0,,,13.0,,26.0,7.0,
145406,,,,,,,,25.0,,12.0,,,,,,3.0,2.0,,,,,,,6.0,2.0,
145424,,,,,,,,7.0,,3.0,,,,,,2.0,,,,,,,,1.0,,
145433,,,,,,,,8.0,,3.0,,,,,,3.0,,,,,,,,2.0,,
145460,,,,,,,,25.0,,19.0,,,,,,1.0,2.0,1.0,,,,,,,,
145497,,,,,,,,59.0,,26.0,,,,,,6.0,2.0,0.0,1.0,,,14.0,,4.0,,
145521,,,,,,,,181.0,,72.0,,3.0,,,,21.0,2.0,6.0,17.0,,,17.0,2.0,30.0,2.0,0.0
145558,,,,,,,,601.0,,190.0,24.0,0.0,,,,72.0,13.0,108.0,17.0,25.0,,18.0,0.0,97.0,6.0,8.0
145600,,,,,,,,10958.0,,2234.0,320.0,,,,,1109.0,759.0,985.0,208.0,2610.0,,593.0,,1521.0,267.0,204.0
145619,,,,,,,,677.0,,330.0,,,,,,73.0,56.0,10.0,78.0,2.0,,16.0,,81.0,,
145628,,,,,,,,212.0,,60.0,2.0,0.0,,,,17.0,12.0,8.0,8.0,11.0,,37.0,,44.0,,5.0
145637,,,,,,,,10903.0,,2383.0,301.0,,,,,1273.0,794.0,1409.0,419.0,218.0,,1100.0,,1357.0,565.0,229.0
145646,,,,,,,,474.0,,171.0,,,,,,34.0,13.0,13.0,49.0,2.0,,73.0,1.0,50.0,20.0,1.0
145682,,,,,,,,706.0,,301.0,,,,,,23.0,41.0,47.0,69.0,3.0,,92.0,26.0,63.0,,
145691,,,,,,,,243.0,,91.0,,,,,,34.0,5.0,5.0,29.0,3.0,,22.0,,33.0,1.0,
145707,,,,,,,,111.0,,59.0,,,,,,3.0,2.0,2.0,19.0,,,10.0,3.0,10.0,1.0,
145725,,,,,,,,1334.0,,410.0,,,,,,254.0,115.0,75.0,4.0,7.0,,73.0,,194.0,,
145770,,,,,,,,79.0,,38.0,,,,,,14.0,,,,,,,,22.0,,
145813,,,,,,,,3152.0,,978.0,,,,,,331.0,68.0,206.0,137.0,45.0,,418.0,,352.0,111.0,37.0
145831,,,,,,,,242.0,,115.0,,,,,,14.0,16.0,11.0,29.0,,,16.0,,25.0,,
145886,,,,,,,,27.0,,19.0,,,,,,3.0,2.0,,,,,,,,,
146010,,,,,,,,21.0,,12.0,,,,,,2.0,1.0,1.0,,,,,,1.0,,
146205,,,,,,,,407.0,,149.0,,,,,,15.0,4.0,6.0,44.0,1.0,,25.0,,41.0,,
146241,,,,,,,,241.0,,113.0,,,,,,13.0,13.0,11.0,16.0,,,26.0,,24.0,,
146278,,,,,,,,235.0,,107.0,,,,,,17.0,16.0,12.0,29.0,,,18.0,1.0,32.0,,
146296,,,,,,,,847.0,,385.0,,,,,,14.0,38.0,42.0,132.0,1.0,,105.0,14.0,98.0,,
146339,,,,,,,,218.0,,101.0,,,,,,14.0,10.0,7.0,19.0,2.0,,7.0,7.0,37.0,,0.0
146348,,,,,,,,350.0,,145.0,,,,,,34.0,14.0,15.0,47.0,,,26.0,2.0,41.0,,
146366,,,,,,,,271.0,,113.0,,,,,,26.0,23.0,10.0,25.0,,,25.0,15.0,12.0,,1.0
146393,,,,,,,,215.0,,115.0,,,,,,32.0,8.0,1.0,,,,15.0,19.0,10.0,,
146418,,,,,,,,310.0,,121.0,,,,,,11.0,17.0,17.0,45.0,,,37.0,7.0,38.0,,
146427,,,,,,,,382.0,,114.0,,,,,,36.0,19.0,20.0,43.0,,,81.0,,31.0,,
146472,,,,,,,,950.0,,428.0,,,,,,54.0,45.0,41.0,98.0,0.0,,105.0,30.0,83.0,,
146481,,,,,,,,342.0,,131.0,1.0,,,,,40.0,22.0,11.0,39.0,4.0,,27.0,,31.0,8.0,2.0
146490,,,,,,,,80.0,,38.0,,,,,,9.0,14.0,3.0,,,,,7.0,10.0,,
146506,,,,,,,,326.0,,132.0,,,,,,30.0,17.0,17.0,41.0,1.0,,35.0,3.0,26.0,0.0,
146533,,,,,,,,36.0,,23.0,,,,,,2.0,1.0,,,,,,,3.0,,
146603,,,,,,,,447.0,,178.0,,,,,,74.0,29.0,31.0,61.0,2.0,,28.0,,34.0,,
146612,,,,,,,,785.0,,363.0,,,,,,102.0,21.0,26.0,71.0,4.0,,37.0,,91.0,34.0,21.0
146667,,,,,,,,117.0,,47.0,,,,,,9.0,7.0,4.0,2.0,,,14.0,7.0,9.0,,
146676,,,,,,,,227.0,,61.0,,,,,,26.0,8.0,4.0,9.0,1.0,,53.0,,24.0,11.0,
146685,,,,,,,,483.0,,199.0,,,,,,54.0,26.0,22.0,16.0,,,38.0,,71.0,8.0,
146700,,,,,,,,61.0,,32.0,,,,,,16.0,,1.0,,,,2.0,,9.0,,
146719,,,,,,,,2810.0,,1154.0,67.0,,,,,430.0,104.0,225.0,119.0,72.0,,246.0,,286.0,45.0,
146728,,,,,,,,58.0,,17.0,,,,,,11.0,1.0,3.0,3.0,,,1.0,3.0,6.0,3.0,
146755,,,,,,,,29.0,,17.0,,,,,,3.0,3.0,1.0,,,,,,3.0,,
146807,,,,,,,,7.0,,4.0,,,,,,,,,,,,,,3.0,,
146816,,,,,,,,22.0,,12.0,,,,,,3.0,,,,,,,,3.0,,
146825,,,,,,,,111.0,,40.0,,,,,,15.0,4.0,5.0,22.0,1.0,,1.0,,13.0,,
146977,,,,,,,,46.0,,20.0,,,,,,9.0,,1.0,,,,2.0,,14.0,,
147004,,,,,,,,423.0,,165.0,,,,,,94.0,8.0,21.0,8.0,0.0,,13.0,2.0,53.0,3.0,
147013,,,,,,,,360.0,,158.0,,,,,,24.0,16.0,8.0,88.0,6.0,,26.0,,32.0,,3.0
147031,,,,,,,,22.0,,8.0,,,,,,5.0,2.0,,,,,,,1.0,,
147129,,,,,,,,85.0,,51.0,,,,,,11.0,,2.0,4.0,,,2.0,1.0,8.0,,
147165,,,,,,,,61.0,,30.0,,,,,,11.0,1.0,3.0,1.0,,,1.0,,5.0,,
147244,,,,,,,,360.0,,173.0,,,,,,32.0,11.0,9.0,46.0,,,16.0,,50.0,3.0,
147341,,,,,,,,278.0,,103.0,,,,,,21.0,14.0,5.0,44.0,2.0,,26.0,,28.0,10.0,
147369,,,,,,,,444.0,,120.0,,,,,,119.0,54.0,25.0,19.0,1.0,,27.0,1.0,50.0,16.0,1.0
147378,,,,,,,,874.0,,450.0,,,,,,32.0,17.0,32.0,36.0,1.0,,58.0,3.0,146.0,14.0,3.0
147396,,,,,,,,18.0,,7.0,,,,,,1.0,3.0,,,,,1.0,3.0,1.0,,
147411,,,,,,,,275.0,,104.0,,,,,,30.0,2.0,14.0,11.0,,,26.0,2.0,55.0,1.0,
147439,,,,,,,,11.0,,5.0,,,,,,2.0,0.0,,0.0,,,0.0,,3.0,,
147536,,,,,,,,556.0,,232.0,,,,,,29.0,49.0,15.0,91.0,,,19.0,,39.0,,
147590,,,,,,,,178.0,,80.0,3.0,,,,,30.0,1.0,2.0,4.0,,,21.0,5.0,27.0,,
147642,,,,,,,,5.0,,3.0,,,,,,1.0,,,,,,,,1.0,,
147660,,,,,,,,480.0,,192.0,,,,,,83.0,15.0,17.0,62.0,5.0,,18.0,1.0,47.0,26.0,
147679,,,,,,,,358.0,,213.0,,,,,,29.0,8.0,16.0,28.0,1.0,,27.0,,22.0,6.0,
147697,,,,,,,,25.0,,9.0,,,,,,1.0,2.0,1.0,,,,1.0,2.0,3.0,,
147703,,,,,,,,3273.0,,939.0,11.0,15.0,,,,246.0,191.0,283.0,225.0,31.0,,471.0,,497.0,9.0,69.0
147749,,,,,,,,207.0,,62.0,,,,,,55.0,12.0,7.0,1.0,,,,27.0,39.0,,
147767,,,,,,,,9340.0,,2268.0,998.0,,,,,287.0,1365.0,1685.0,414.0,147.0,,189.0,20.0,1439.0,244.0,
147776,,,,,,,,1216.0,,414.0,,,,,,165.0,67.0,55.0,76.0,2.0,,91.0,2.0,151.0,4.0,25.0
147800,,,,,,,,672.0,,309.0,,,,,,12.0,26.0,39.0,56.0,3.0,,72.0,12.0,102.0,,
147819,,,,,,,,6.0,,4.0,,,,,,1.0,1.0,,,,,,,,,
147828,,,,,,,,708.0,,277.0,,,,,,57.0,15.0,46.0,37.0,5.0,,59.0,54.0,108.0,19.0,1.0
147916,,,,,,,,589.0,,276.0,,,,,,36.0,22.0,30.0,54.0,1.0,,60.0,16.0,66.0,,
148007,,,,,,,,378.0,,152.0,,,,,,32.0,15.0,13.0,32.0,,,22.0,2.0,64.0,10.0,
148016,,,,,,,,309.0,,62.0,,,,,,39.0,19.0,16.0,36.0,3.0,,58.0,2.0,24.0,25.0,7.0
148098,,,,,,,,7.0,,4.0,,,,,,1.0,1.0,,,,,,,,,
148131,,,,,,,,197.0,,73.0,,,,,,31.0,1.0,6.0,39.0,2.0,,12.0,7.0,26.0,,
148140,,,,,,,,18.0,,9.0,,,,,,1.0,2.0,,,,,,1.0,,,
148177,,,,,,,,122.0,,61.0,,,,,,16.0,,,,,,,,42.0,,
148256,,,,,,,,285.0,,116.0,,,,,,16.0,15.0,13.0,35.0,1.0,,36.0,9.0,23.0,,
148292,,,,,,,,237.0,,109.0,,,,,,28.0,19.0,9.0,25.0,,,7.0,4.0,27.0,,
148335,,,,,,,,335.0,,121.0,,,,,,51.0,20.0,14.0,37.0,,,15.0,8.0,10.0,,
148380,,,,,,,,551.0,,252.0,,,,,,65.0,19.0,26.0,46.0,1.0,,43.0,,80.0,,
148399,,,,,,,,58.0,,31.0,,,,,,2.0,1.0,2.0,,,,,5.0,13.0,3.0,
148405,,,,,,,,252.0,,120.0,,,,,,36.0,10.0,7.0,27.0,2.0,,10.0,,38.0,,
148487,,,,,,,,832.0,,374.0,,,,,,87.0,32.0,23.0,89.0,1.0,,33.0,,93.0,13.0,
148496,,,,,,,,492.0,,254.0,,,,,,61.0,10.0,14.0,15.0,1.0,,16.0,,81.0,10.0,
148511,,,,,,,,7543.0,,945.0,,,,,,624.0,,,,4083.0,,815.0,,1077.0,,
148575,,,,,,,,68.0,,43.0,,,,,,4.0,11.0,,,2.0,,,,4.0,,
148584,,,,,,,,437.0,,190.0,,,,,,42.0,15.0,13.0,31.0,4.0,,52.0,,43.0,,3.0
148593,,,,,,,,24.0,,14.0,,,,,,2.0,,,,,,,,5.0,,
148627,,,,,,,,584.0,,244.0,,,,,,29.0,10.0,21.0,56.0,4.0,,67.0,,108.0,13.0,5.0
148654,,,,,,,,770.0,,256.0,1.0,,,,,91.0,63.0,35.0,56.0,4.0,,71.0,,116.0,25.0,8.0
148672,,,,,,,,176.0,,74.0,,,,,,17.0,13.0,7.0,21.0,0.0,,18.0,1.0,9.0,,
148821,,,,,,,,147.0,,68.0,,,,,,7.0,6.0,7.0,27.0,1.0,,1.0,2.0,18.0,,
148849,,,,,,,,20.0,,10.0,,,,,,2.0,2.0,0.0,,,,,,4.0,,
148876,,,,,,,,199.0,,102.0,,,,,,24.0,7.0,11.0,,,,1.0,9.0,22.0,,
148885,,,,,,,,122.0,,23.0,,,,,,9.0,5.0,1.0,,,,29.0,,38.0,,
148937,,,,,,,,142.0,,56.0,,,,,,8.0,11.0,4.0,12.0,,,13.0,15.0,15.0,,
148955,,,,,,,,19.0,,3.0,,,,,,5.0,2.0,,1.0,,,2.0,,2.0,,
148982,,,,,,,,50.0,,20.0,,1.0,,,,5.0,4.0,2.0,1.0,,,1.0,5.0,4.0,3.0,
148991,,,,,,,,162.0,,61.0,,,,,,22.0,6.0,11.0,23.0,,,6.0,1.0,24.0,,
149028,,,,,,,,46.0,,28.0,,,,,,5.0,1.0,,1.0,,,,,6.0,,
149222,,,,,,,,4852.0,,1151.0,89.0,103.0,,,,164.0,382.0,269.0,358.0,474.0,,427.0,2.0,984.0,174.0,39.0
149231,,,,,,,,2180.0,,685.0,,,,,,97.0,112.0,137.0,96.0,19.0,,291.0,16.0,335.0,56.0,26.0
149240,,,,,,,,43.0,,,,,,,,13.0,14.0,,,,,1.0,,14.0,,
149310,,,,,,,,24.0,,10.0,,,,,,6.0,1.0,1.0,,,,,,1.0,,
149329,,,,,,,,22.0,,6.0,,,,,,6.0,1.0,,,,,8.0,,1.0,,
149365,,,,,,,,429.0,,156.0,,,,,,27.0,28.0,17.0,20.0,,,45.0,2.0,90.0,,3.0
149499,,,,,,,,3.0,,2.0,,,,,,1.0,,,,,,,,,,
149505,,,,,,,,221.0,,96.0,,,,,,34.0,5.0,5.0,18.0,1.0,,5.0,,38.0,7.0,
149514,,,,,,,,346.0,,126.0,,,,,,40.0,14.0,12.0,44.0,0.0,,30.0,,30.0,2.0,
149532,,,,,,,,711.0,,302.0,,,,,,36.0,42.0,32.0,71.0,1.0,,77.0,5.0,81.0,,2.0
149550,,,,,,,,19.0,,14.0,,,,,,2.0,,,,,,,,3.0,,
149587,,,,,,,,1116.0,,0.0,1.0,,,,,335.0,370.0,198.0,17.0,1.0,,3.0,,186.0,,
149639,,,,,,,,34.0,,10.0,,,,,,5.0,5.0,2.0,2.0,,,1.0,,2.0,,
149727,,,,,,,,647.0,,239.0,,,,,,81.0,,2.0,10.0,,,52.0,1.0,220.0,,
149763,,,,,,,,90.0,,50.0,,,,,,6.0,,5.0,,,,,,3.0,,
149772,,,,,,,,1846.0,,648.0,,,,,,55.0,114.0,144.0,120.0,27.0,,225.0,4.0,248.0,63.0,5.0
149781,,,,,,,,788.0,,239.0,,,,,,45.0,106.0,44.0,73.0,7.0,,68.0,3.0,119.0,32.0,3.0
149842,,,,,,,,1021.0,,387.0,,,,,,38.0,61.0,77.0,106.0,34.0,,120.0,26.0,87.0,,
150048,,,,,,,,77.0,,24.0,,,,,,17.0,,1.0,16.0,,,4.0,,11.0,,
150066,,,,,,,,329.0,,121.0,,,,,,39.0,29.0,15.0,24.0,3.0,,15.0,,52.0,14.0,
150075,,,,,,,,2.0,,1.0,,,,,,,1.0,,,,,,,,,
150136,,,,,,,,3223.0,,1093.0,,,,,,131.0,184.0,195.0,156.0,10.0,,581.0,1.0,490.0,145.0,48.0
150145,,,,,,,,274.0,,111.0,,,,,,25.0,16.0,8.0,40.0,2.0,,18.0,1.0,41.0,6.0,
150163,,,,,,,,1144.0,,433.0,7.0,,,,,193.0,31.0,42.0,123.0,16.0,,106.0,2.0,120.0,28.0,2.0
150172,,,,,,,,135.0,,65.0,,,,,,5.0,9.0,4.0,23.0,,,4.0,,12.0,,
150215,,,,,,,,66.0,,13.0,,,,,,15.0,5.0,,2.0,,,4.0,0.0,12.0,,
150251,,,,,,,,15.0,,6.0,,,,,,7.0,,,,,,,,,,
150288,,,,,,,,101.0,,24.0,,,,,,5.0,7.0,4.0,1.0,,,23.0,4.0,25.0,1.0,
150303,,,,,,,,16.0,,10.0,,,,,,1.0,,,,,,,1.0,2.0,,
150400,,,,,,,,718.0,,242.0,1.0,,,,,54.0,100.0,45.0,84.0,4.0,,89.0,,53.0,19.0,3.0
150428,,,,,,,,6.0,,4.0,,,,,,1.0,1.0,,,,,,,,,
150437,,,,,,,,5.0,,4.0,,,,,,,,,,,,,,1.0,,
150455,,,,,,,,369.0,,126.0,,2.0,,,,22.0,31.0,16.0,40.0,3.0,,14.0,2.0,41.0,13.0,1.0
150534,,,,,,,,503.0,,202.0,,,,,,50.0,19.0,17.0,37.0,6.0,,21.0,,87.0,13.0,1.0
150604,,,,,,,,270.0,,86.0,,,,,,25.0,16.0,11.0,29.0,5.0,,30.0,9.0,34.0,9.0,
150668,,,,,,,,241.0,,84.0,,,,,,45.0,5.0,15.0,25.0,,,25.0,9.0,20.0,5.0,
150677,,,,,,,,205.0,,67.0,,2.0,,,,9.0,20.0,8.0,13.0,,,,,11.0,,
150695,,,,,,,,7.0,,5.0,,,,,,1.0,,,,,,,,1.0,,
150710,,,,,,,,12.0,,4.0,,,,,,1.0,1.0,,,,,,,1.0,2.0,
150756,,,,,,,,256.0,,101.0,,,,,,20.0,10.0,7.0,34.0,7.0,,24.0,,47.0,,
150765,,,,,,,,6.0,,3.0,,,,,,1.0,,,,,,,,2.0,,
150774,,,,,,,,102.0,,37.0,,1.0,,,,14.0,6.0,4.0,17.0,,,10.0,,6.0,1.0,
150853,,,,,,,,18.0,,13.0,,,,,,2.0,,,,,,,,3.0,,
150941,,,,,,,,209.0,,113.0,,,,,,23.0,17.0,7.0,,,,9.0,8.0,29.0,,
150987,,,,,,,,5171.0,,2556.0,,,,,,337.0,346.0,192.0,463.0,,,270.0,2.0,931.0,,
151102,,,,,,,,1154.0,,435.0,2.0,30.0,,,,58.0,145.0,71.0,50.0,12.0,,140.0,,165.0,30.0,5.0
151111,,,,,,,,7396.0,,2606.0,533.0,,,,,622.0,325.0,680.0,334.0,553.0,,420.0,4.0,1057.0,187.0,18.0
151166,,,,,,,,441.0,,139.0,,,,,,85.0,16.0,10.0,,,,5.0,5.0,28.0,,
151263,,,,,,,,783.0,,354.0,2.0,,,,,38.0,22.0,27.0,67.0,4.0,,54.0,,80.0,10.0,
151290,,,,,,,,412.0,,164.0,,,,,,64.0,18.0,8.0,29.0,,,,,33.0,5.0,
151306,,,,,,,,1182.0,,446.0,,,,,,127.0,37.0,66.0,53.0,11.0,,101.0,1.0,188.0,33.0,10.0
151324,,,,,,,,1704.0,,566.0,,,,,,103.0,60.0,103.0,142.0,17.0,,216.0,1.0,263.0,57.0,10.0
151333,,,,,,,,302.0,,148.0,,,,,,46.0,,13.0,19.0,,,24.0,,37.0,8.0,3.0
151342,,,,,,,,609.0,,320.0,3.0,,,,,64.0,8.0,28.0,36.0,,,50.0,,71.0,16.0,
151351,,,,,,,,8564.0,,2110.0,521.0,,,,,915.0,361.0,988.0,730.0,68.0,,868.0,62.0,1391.0,320.0,102.0
151360,,,,,,,,455.0,,219.0,1.0,,,,,51.0,6.0,26.0,32.0,,,42.0,,64.0,7.0,
151379,,,,,,,,545.0,,292.0,,,,,,51.0,5.0,22.0,39.0,,,39.0,,80.0,9.0,2.0
151388,,,,,,,,328.0,,164.0,,,,,,46.0,,11.0,39.0,,,18.0,,43.0,4.0,
151458,,,,,,,,40.0,,16.0,,,,,,5.0,,,,,,4.0,11.0,3.0,,
151467,,,,,,,,39.0,,16.0,,,,,,4.0,1.0,,,,,,13.0,4.0,,
151485,,,,,,,,331.0,,16.0,,,,,,99.0,86.0,37.0,4.0,,,,,89.0,,
151494,,,,,,,,62.0,,31.0,,,,,,6.0,1.0,1.0,,,,,,21.0,,
151500,,,,,,,,29.0,,12.0,,,,,,4.0,,1.0,,,,,,11.0,,
151519,,,,,,,,295.0,,132.0,,,,,,36.0,11.0,11.0,1.0,,,,,102.0,,
151564,,,,,,,,2.0,,1.0,,,,,,1.0,,,,,,,,,,
151607,,,,,,,,11.0,,6.0,,,,,,1.0,,,,,,,,3.0,,
151616,,,,,,,,37.0,,14.0,,,,,,9.0,,,,,,,,12.0,,
151625,,,,,,,,5.0,,3.0,,,,,,2.0,,,,,,,,,,
151652,,,,,,,,15.0,,10.0,,,,,,2.0,,,,,,,,1.0,,
151661,,,,,,,,100.0,,42.0,,,,,,37.0,,1.0,,,,1.0,,13.0,,
151777,,,,,,,,321.0,,122.0,,,,,,39.0,14.0,14.0,32.0,1.0,,28.0,12.0,38.0,6.0,
151786,,,,,,,,445.0,,193.0,,,,,,39.0,12.0,19.0,68.0,1.0,,14.0,,52.0,,
151801,,,,,,,,1434.0,,650.0,,,,,,291.0,32.0,61.0,26.0,9.0,,71.0,,228.0,27.0,2.0
151810,,,,,,,,49.0,,11.0,,,,,,11.0,2.0,1.0,,,,8.0,,2.0,,
151829,,,,,,,,8.0,,3.0,,,,,,,,,,,,,,5.0,,
151865,,,,,,,,36.0,,11.0,,,,,,8.0,5.0,1.0,1.0,,,,2.0,5.0,1.0,
151874,,,,,,,,2.0,,1.0,,,,,,1.0,,,,,,,,0.0,,
151944,,,,,,,,32.0,,13.0,,,,,,8.0,,,,,,,,10.0,,
151962,,,,,,,,10.0,,7.0,,,,,,1.0,,,,,,,,1.0,,
152044,,,,,,,,4.0,,4.0,,,,,,,,,,,,,,,,
152080,,,,,,,,5538.0,,1186.0,289.0,,,,,569.0,707.0,538.0,236.0,31.0,,1037.0,22.0,635.0,8.0,20.0
152099,,,,,,,,230.0,,72.0,1.0,0.0,,,,23.0,6.0,4.0,6.0,1.0,,7.0,2.0,23.0,5.0,
152150,,,,,,,,6.0,,3.0,,,,,,2.0,,,,,,,,1.0,,
152248,,,,,,,,802.0,,303.0,2.0,18.0,,,,28.0,122.0,50.0,22.0,8.0,,89.0,,133.0,14.0,1.0
152266,,,,,,,,376.0,,161.0,,12.0,,,,8.0,56.0,25.0,3.0,,,53.0,,53.0,1.0,
152275,,,,,,,,15.0,,8.0,,,,,,1.0,1.0,,,,,0.0,,4.0,1.0,
152309,,,,,,,,13.0,,7.0,,,,,,2.0,,,,,,,,2.0,0.0,
152318,,,,,,,,514.0,,182.0,,,,,,74.0,9.0,44.0,33.0,4.0,,67.0,,55.0,20.0,5.0
152327,,,,,,,,4.0,,3.0,,,,,,,,,,,,,,1.0,,
152336,,,,,,,,378.0,,173.0,,,,,,35.0,17.0,16.0,39.0,,,12.0,,37.0,7.0,1.0
152363,,,,,,,,203.0,,71.0,,,,,,17.0,6.0,4.0,24.0,,,27.0,2.0,20.0,8.0,
152381,,,,,,,,167.0,,89.0,,,,,,15.0,4.0,5.0,8.0,,,8.0,,13.0,4.0,
152390,,,,,,,,444.0,,173.0,,,,,,41.0,18.0,16.0,34.0,6.0,,62.0,,52.0,13.0,
152415,,,,,,,,24.0,,14.0,,,,,,3.0,,,4.0,,,,,1.0,,
152451,,,,,,,,131.0,,11.0,,,,,,28.0,,2.0,,3.0,,50.0,,35.0,,
152497,,,,,,,,32.0,,22.0,,,,,,1.0,2.0,1.0,,,,,,4.0,,
152530,,,,,,,,464.0,,157.0,,,,,,35.0,19.0,28.0,52.0,6.0,,45.0,2.0,90.0,14.0,5.0
152567,,,,,,,,350.0,,130.0,,,,,,42.0,7.0,11.0,,,,94.0,19.0,,43.0,
152600,,,,,,,,992.0,,351.0,,,,,,171.0,22.0,31.0,72.0,6.0,,172.0,1.0,109.0,25.0,3.0
152628,,,,,,,,7.0,,5.0,,,,,,1.0,,,,,,,,1.0,,
152637,,,,,,,,1195.0,,594.0,,,,,,94.0,8.0,25.0,33.0,1.0,,75.0,,307.0,37.0,2.0
152673,,,,,,,,254.0,,93.0,,,,,,28.0,19.0,12.0,53.0,5.0,,1.0,1.0,33.0,,
152798,,,,,,,,77.0,,53.0,,,,,,4.0,2.0,,,,,3.0,,7.0,,
152822,,,,,,,,44.0,,10.0,,,,,,8.0,4.0,2.0,1.0,,,,,3.0,,
152992,,,,,,,,181.0,,70.0,,,,,,6.0,13.0,4.0,35.0,,,,10.0,13.0,,
153001,,,,,,,,470.0,,209.0,1.0,,,,,39.0,9.0,12.0,39.0,1.0,,26.0,11.0,93.0,12.0,
153074,,,,,,,,40.0,,20.0,,,,,,2.0,2.0,,,,,0.0,,6.0,,
153083,,,,,,,,24.0,,16.0,,,,,,2.0,1.0,,,,,0.0,,2.0,,
153108,,,,,,,,383.0,,108.0,,,,,,30.0,24.0,8.0,50.0,2.0,,99.0,1.0,29.0,8.0,3.0
153126,,,,,,,,267.0,,113.0,,,,,,26.0,9.0,9.0,33.0,4.0,,36.0,1.0,26.0,5.0,
153144,,,,,,,,309.0,,124.0,,,,,,37.0,5.0,7.0,54.0,6.0,,26.0,,36.0,6.0,
153162,,,,,,,,255.0,,95.0,2.0,,,,,25.0,14.0,9.0,43.0,2.0,,9.0,,28.0,3.0,
153171,,,,,,,,3.0,,2.0,,,,,,1.0,,,,,,,,,,
153214,,,,,,,,1090.0,,614.0,,,,,,56.0,29.0,34.0,21.0,0.0,,43.0,15.0,128.0,26.0,5.0
153241,,,,,,,,52.0,,18.0,,,,,,4.0,2.0,2.0,,,,9.0,,12.0,1.0,
153250,,,,,,,,233.0,,103.0,,,,,,27.0,5.0,10.0,29.0,1.0,,13.0,1.0,26.0,5.0,2.0
153269,,,,,,,,1019.0,,344.0,1.0,,,,,51.0,35.0,70.0,94.0,2.0,,89.0,2.0,221.0,28.0,4.0
153278,,,,,,,,403.0,,128.0,2.0,,,,,27.0,6.0,6.0,46.0,,,53.0,20.0,50.0,13.0,
153296,,,,,,,,79.0,,33.0,,,,,,4.0,2.0,,2.0,,,12.0,,5.0,5.0,
153302,,,,,,,,70.0,,25.0,,,,,,16.0,0.0,3.0,9.0,0.0,,7.0,,5.0,3.0,
153311,,,,,,,,533.0,,263.0,,,,,,27.0,7.0,20.0,43.0,,,18.0,,82.0,1.0,
153320,,,,,,,,73.0,,25.0,,,,,,13.0,2.0,1.0,3.0,1.0,,10.0,2.0,12.0,,
153339,,,,,,,,5.0,,3.0,,,,,,0.0,1.0,,,,,,,,,
153366,,,,,,,,325.0,,95.0,,,,,,29.0,10.0,15.0,52.0,4.0,,29.0,,45.0,10.0,
153375,,,,,,,,295.0,,135.0,,,,,,21.0,13.0,6.0,51.0,,,,,29.0,8.0,
153384,,,,,,,,686.0,,208.0,7.0,,,,,63.0,26.0,39.0,63.0,6.0,,121.0,4.0,89.0,25.0,7.0
153409,,,,,,,,12.0,,2.0,,,,,,4.0,,,4.0,,,,,0.0,,
153418,,,,,,,,39.0,,11.0,,,,,,7.0,1.0,,7.0,,,,,1.0,,
153427,,,,,,,,21.0,,9.0,,,,,,3.0,1.0,,,,,1.0,2.0,5.0,,
153445,,,,,,,,502.0,,237.0,,,,,,49.0,51.0,13.0,8.0,,,8.0,,53.0,1.0,1.0
153463,,,,,,,,6.0,,3.0,,,,,,2.0,,,,,,,,1.0,,
153472,,,,,,,,515.0,,236.0,,,,,,27.0,30.0,17.0,34.0,3.0,,49.0,6.0,62.0,5.0,3.0
153524,,,,,,,,467.0,,196.0,,,,,,39.0,21.0,11.0,44.0,,,49.0,,70.0,9.0,13.0
153533,,,,,,,,281.0,,104.0,,9.0,,,,33.0,11.0,9.0,13.0,,,33.0,2.0,43.0,,
153542,,,,,,,,2.0,,2.0,,,,,,,,,,,,,,,,
153588,,,,,,,,3.0,,2.0,,,,,,1.0,,,,,,,,,,
153597,,,,,,,,17.0,,10.0,,,,,,,2.0,,,,,,,4.0,,
153603,,,,,,,,6211.0,,1681.0,512.0,199.0,,,,149.0,178.0,568.0,157.0,167.0,,506.0,34.0,511.0,357.0,91.0
153621,,,,,,,,85.0,,30.0,,,,,,3.0,4.0,3.0,11.0,,,,11.0,10.0,,
153630,,,,,,,,609.0,,273.0,,,,,,40.0,14.0,27.0,80.0,6.0,,57.0,8.0,80.0,,4.0
153658,,,,,,,,9411.0,,2427.0,267.0,,,,,244.0,1188.0,1516.0,389.0,763.0,,855.0,3.0,769.0,216.0,146.0
153737,,,,,,,,1155.0,,485.0,,,,,,94.0,41.0,32.0,59.0,2.0,,133.0,11.0,148.0,25.0,2.0
153746,,,,,,,,11.0,,4.0,,,,,,1.0,1.0,,,,,,4.0,,1.0,
153764,,,,,,,,10.0,,5.0,,,,,,1.0,,,,,,,3.0,,1.0,
153773,,,,,,,,14.0,,8.0,,,,,,1.0,,,,,,,2.0,2.0,,
153782,,,,,,,,8.0,,4.0,,,,,,1.0,,,,,,,2.0,,,
153825,,,,,,,,334.0,,117.0,,,,,,34.0,14.0,14.0,49.0,5.0,,40.0,1.0,34.0,12.0,1.0
153834,,,,,,,,475.0,,199.0,,,,,,40.0,15.0,20.0,38.0,2.0,,56.0,,63.0,15.0,
153861,,,,,,,,360.0,,96.0,8.0,10.0,,,,27.0,25.0,17.0,20.0,,,35.0,13.0,11.0,1.0,2.0
153922,,,,,,,,171.0,,45.0,,,,,,20.0,3.0,10.0,17.0,,,13.0,1.0,25.0,5.0,
153977,,,,,,,,113.0,,64.0,,,,,,18.0,1.0,3.0,,,,1.0,,8.0,,
154004,,,,,,,,322.0,,139.0,,,,,,34.0,6.0,8.0,48.0,1.0,,25.0,,40.0,6.0,
154013,,,,,,,,258.0,,111.0,,,,,,33.0,9.0,7.0,38.0,,,20.0,,16.0,7.0,
154022,,,,,,,,1587.0,,1177.0,,,,,,94.0,40.0,,26.0,3.0,,,,8.0,10.0,
154059,,,,,,,,302.0,,94.0,,,,,,25.0,17.0,13.0,37.0,1.0,,22.0,2.0,42.0,1.0,9.0
154095,,,,,,,,1861.0,,635.0,,,,,,253.0,77.0,110.0,104.0,26.0,,209.0,3.0,219.0,60.0,32.0
154101,,,,,,,,240.0,,103.0,,,,,,42.0,5.0,7.0,28.0,2.0,,20.0,,14.0,4.0,1.0
154110,,,,,,,,553.0,,303.0,,,,,,52.0,25.0,11.0,6.0,1.0,,44.0,,60.0,,
154129,,,,,,,,158.0,,73.0,,,,,,18.0,2.0,3.0,2.0,,,17.0,4.0,16.0,2.0,
154156,,,,,,,,312.0,,90.0,,,,,,56.0,24.0,29.0,5.0,29.0,,4.0,,67.0,6.0,1.0
154165,,,,,,,,5.0,,4.0,,,,,,1.0,,,,,,,,,,
154174,,,,,,,,497.0,,149.0,6.0,54.0,,,,80.0,44.0,19.0,6.0,9.0,,1.0,3.0,116.0,4.0,1.0
154208,,,,,,,,17.0,,11.0,,,,,,2.0,2.0,,,,,,1.0,2.0,,
154235,,,,,,,,511.0,,249.0,,,,,,30.0,24.0,23.0,61.0,4.0,,21.0,,56.0,10.0,
154262,,,,,,,,45.0,,35.0,,,,,,2.0,,,,,,,,2.0,,
154332,,,,,,,,11.0,,6.0,,,,,,2.0,,,,,,,2.0,,1.0,
154341,,,,,,,,6.0,,2.0,,,,,,1.0,,,,,,,2.0,,0.0,
154350,,,,,,,,316.0,,123.0,,,,,,22.0,7.0,11.0,60.0,3.0,,9.0,14.0,62.0,,1.0
154378,,,,,,,,273.0,,117.0,,,,,,26.0,6.0,8.0,30.0,,,15.0,5.0,34.0,,
154396,,,,,,,,178.0,,62.0,,,,,,5.0,8.0,5.0,8.0,,,11.0,,21.0,6.0,1.0
154448,,,,,,,,16.0,,11.0,,,,,,1.0,,,,,,0.0,,2.0,,
154457,,,,,,,,5.0,,3.0,,,,,,1.0,,,,,,1.0,,,,
154466,,,,,,,,9.0,,4.0,,,,,,1.0,1.0,,,,,,,2.0,,
154493,,,,,,,,518.0,,242.0,,,,,,90.0,,,,,,32.0,,149.0,,
154518,,,,,,,,214.0,,69.0,,,,,,13.0,3.0,,24.0,1.0,,24.0,2.0,24.0,4.0,3.0
154527,,,,,,,,373.0,,127.0,,,,,,33.0,21.0,12.0,60.0,3.0,,38.0,2.0,40.0,34.0,
154536,,,,,,,,44.0,,17.0,,,,,,4.0,4.0,1.0,1.0,,,3.0,1.0,9.0,2.0,
154545,,,,,,,,4.0,,2.0,,,,,,1.0,,,,,,,,,,
154572,,,,,,,,461.0,,226.0,,,,,,61.0,13.0,15.0,5.0,,,21.0,,36.0,0.0,
154590,,,,,,,,203.0,,83.0,,,,,,8.0,5.0,8.0,29.0,0.0,,13.0,5.0,20.0,6.0,
154642,,,,,,,,158.0,,79.0,,,,,,17.0,4.0,1.0,15.0,1.0,,8.0,,17.0,2.0,1.0
154688,,,,,,,,325.0,,134.0,,,,,,34.0,4.0,10.0,32.0,,,18.0,,52.0,7.0,
154697,,,,,,,,349.0,,113.0,,,,,,52.0,7.0,10.0,41.0,3.0,,30.0,1.0,68.0,9.0,1.0
154712,,,,,,,,318.0,,125.0,,,,,,22.0,9.0,5.0,50.0,0.0,,34.0,1.0,22.0,,
154721,,,,,,,,139.0,,60.0,,1.0,,,,13.0,2.0,2.0,25.0,4.0,,1.0,5.0,23.0,,
154749,,,,,,,,139.0,,48.0,,,,,,18.0,3.0,2.0,22.0,,,5.0,,14.0,,9.0
154767,,,,,,,,42.0,,16.0,,,,,,11.0,,,,,,,,11.0,,
154776,,,,,,,,45.0,,17.0,,,,,,11.0,,,5.0,,,,,11.0,,
154794,,,,,,,,22.0,,8.0,,,,,,5.0,,,,,,,1.0,,,
154800,,,,,,,,584.0,,290.0,,,,,,40.0,18.0,19.0,30.0,4.0,,49.0,5.0,74.0,12.0,1.0
154837,,,,,,,,28.0,,15.0,,,,,,2.0,1.0,,1.0,,,,,4.0,1.0,
154855,,,,,,,,110.0,,49.0,,,,,,12.0,2.0,1.0,10.0,1.0,,1.0,,12.0,1.0,0.0
154907,,,,,,,,228.0,,112.0,,,,,,30.0,8.0,4.0,15.0,1.0,,3.0,5.0,20.0,16.0,2.0
154925,,,,,,,,152.0,,51.0,,,,,,9.0,2.0,3.0,34.0,0.0,,17.0,,29.0,5.0,
154934,,,,,,,,141.0,,65.0,,,,,,6.0,3.0,2.0,16.0,1.0,,13.0,,14.0,,2.0
154952,,,,,,,,247.0,,101.0,,,,,,23.0,2.0,6.0,22.0,4.0,,24.0,1.0,20.0,3.0,3.0
154998,,,,,,,,267.0,,98.0,,,,,,26.0,,10.0,32.0,,,36.0,,43.0,,
155007,,,,,,,,69.0,,31.0,,,,,,13.0,2.0,,5.0,,,4.0,,3.0,,
155025,,,,,,,,719.0,,262.0,,,,,,108.0,26.0,63.0,6.0,3.0,,96.0,,120.0,,11.0
155052,,,,,,,,85.0,,46.0,,2.0,,,,10.0,,3.0,0.0,,,6.0,,7.0,,
155061,,,,,,,,867.0,,338.0,,,,,,54.0,33.0,40.0,50.0,8.0,,114.0,,126.0,12.0,15.0
155070,,,,,,,,44.0,,21.0,,,,,,5.0,1.0,0.0,1.0,,,5.0,,2.0,,
155089,,,,,,,,309.0,,127.0,,,,,,30.0,16.0,11.0,41.0,4.0,,9.0,1.0,53.0,5.0,
155098,,,,,,,,167.0,,66.0,,,,,,24.0,16.0,3.0,17.0,,,9.0,4.0,17.0,3.0,1.0
155104,,,,,,,,233.0,,81.0,,,,,,22.0,7.0,4.0,30.0,3.0,,35.0,,18.0,,
155140,,,,,,,,163.0,,41.0,3.0,,,,,17.0,8.0,3.0,1.0,1.0,,15.0,,20.0,28.0,
155159,,,,,,,,11.0,,5.0,,,,,,,2.0,,,,,,1.0,1.0,0.0,
155177,,,,,,,,120.0,,43.0,,,,,,16.0,2.0,4.0,11.0,,,12.0,9.0,15.0,7.0,
155186,,,,,,,,252.0,,131.0,,,,,,33.0,2.0,4.0,28.0,3.0,,10.0,,24.0,9.0,0.0
155195,,,,,,,,452.0,,168.0,2.0,,,,,41.0,1.0,13.0,37.0,,,40.0,6.0,54.0,11.0,2.0
155201,,,,,,,,127.0,,52.0,,,,,,7.0,4.0,4.0,18.0,2.0,,9.0,1.0,6.0,,
155210,,,,,,,,1401.0,,505.0,,36.0,,,,124.0,24.0,78.0,48.0,,,133.0,,351.0,29.0,5.0
155283,,,,,,,,55.0,,21.0,,,,,,13.0,5.0,,,,,,5.0,8.0,,
155292,,,,,,,,578.0,,239.0,,,,,,51.0,1.0,20.0,30.0,4.0,,57.0,,112.0,16.0,1.0
155308,,,,,,,,20.0,,6.0,,,,,,5.0,0.0,,1.0,,,1.0,1.0,3.0,1.0,
155317,,,,,,,,7960.0,,2309.0,1014.0,152.0,,,,436.0,307.0,565.0,337.0,596.0,,416.0,1.0,1175.0,243.0,22.0
155335,,,,,,,,276.0,,144.0,,,,,,29.0,5.0,8.0,23.0,,,10.0,9.0,32.0,2.0,4.0
155353,,,,,,,,9.0,,4.0,,,,,,1.0,2.0,,,,,,,1.0,,
155399,,,,,,,,4757.0,,1153.0,246.0,92.0,,,,345.0,555.0,673.0,96.0,164.0,,352.0,,506.0,297.0,58.0
155414,,,,,,,,145.0,,47.0,,1.0,,,,18.0,3.0,1.0,29.0,2.0,,15.0,4.0,18.0,2.0,
155423,,,,,,,,111.0,,64.0,,,,,,22.0,1.0,,,,,12.0,,11.0,,
155441,,,,,,,,5.0,,4.0,,,,,,1.0,,,,,,,,,,
155450,,,,,,,,160.0,,72.0,,,,,,14.0,6.0,5.0,14.0,1.0,,10.0,1.0,26.0,1.0,
155487,,,,,,,,82.0,,47.0,,,,,,7.0,5.0,2.0,,,,,,6.0,1.0,
155496,,,,,,,,43.0,,15.0,,,,,,5.0,1.0,1.0,1.0,,,1.0,2.0,4.0,2.0,
155511,,,,,,,,139.0,,49.0,,,,,,13.0,16.0,4.0,26.0,3.0,,9.0,,7.0,7.0,
155520,,,,,,,,372.0,,186.0,,,,,,28.0,15.0,8.0,32.0,2.0,,14.0,22.0,51.0,8.0,
155566,,,,,,,,224.0,,100.0,,,,,,16.0,5.0,3.0,1.0,7.0,,2.0,3.0,58.0,12.0,
155593,,,,,,,,101.0,,62.0,,1.0,,,,8.0,5.0,1.0,,,,5.0,4.0,5.0,6.0,
155618,,,,,,,,85.0,,51.0,,,,,,4.0,2.0,1.0,6.0,,,8.0,3.0,8.0,,
155627,,,,,,,,160.0,,35.0,,,,,,27.0,16.0,,27.0,,,24.0,6.0,13.0,,
155636,,,,,,,,105.0,,69.0,,,,,,4.0,6.0,,,,,,8.0,5.0,,
155681,,,,,,,,899.0,,347.0,,,,,,119.0,80.0,32.0,36.0,10.0,,71.0,,100.0,80.0,
155715,,,,,,,,118.0,,33.0,,,,,,11.0,8.0,5.0,19.0,2.0,,13.0,,22.0,1.0,
155812,,,,,,,,279.0,,139.0,,11.0,,,,10.0,5.0,7.0,31.0,6.0,,29.0,6.0,27.0,,2.0
155830,,,,,,,,54.0,,30.0,,,,,,6.0,0.0,,,,,4.0,,1.0,,
155858,,,,,,,,232.0,,89.0,,,,,,30.0,,4.0,21.0,1.0,,24.0,,34.0,6.0,0.0
155867,,,,,,,,5.0,,2.0,,,,,,1.0,,,,,,,,1.0,,
155900,,,,,,,,289.0,,131.0,,,,,,13.0,20.0,10.0,69.0,3.0,,9.0,,21.0,,
155937,,,,,,,,143.0,,48.0,,,,,,17.0,,1.0,53.0,0.0,,8.0,,13.0,,
155973,,,,,,,,144.0,,61.0,,,,,,23.0,2.0,2.0,18.0,,,4.0,6.0,16.0,4.0,
156082,,,,,,,,844.0,,375.0,,,,,,126.0,19.0,37.0,44.0,3.0,,59.0,5.0,116.0,20.0,1.0
156107,,,,,,,,279.0,,149.0,,6.0,,,,17.0,30.0,12.0,,,,13.0,,9.0,,
156125,,,,,,,,2156.0,,561.0,,,,,,204.0,145.0,304.0,201.0,27.0,,201.0,0.0,326.0,81.0,8.0
156134,,,,,,,,95.0,,41.0,,,,,,13.0,2.0,1.0,1.0,,,,14.0,7.0,2.0,
156189,,,,,,,,108.0,,31.0,,,,,,20.0,,3.0,2.0,,,7.0,,36.0,5.0,
156213,,,,,,,,373.0,,134.0,,,,,,50.0,5.0,15.0,23.0,3.0,,30.0,1.0,62.0,18.0,
156222,,,,,,,,216.0,,51.0,,,,,,48.0,1.0,4.0,6.0,,,30.0,,66.0,,
156231,,,,,,,,220.0,,107.0,,,,,,12.0,8.0,5.0,17.0,,,27.0,,30.0,,
156277,,,,,,,,11.0,,5.0,,,,,,,,,,,,1.0,,2.0,,
156286,,,,,,,,560.0,,247.0,,,,,,120.0,19.0,16.0,41.0,,,30.0,,61.0,15.0,
156295,,,,,,,,656.0,,149.0,3.0,,,,,127.0,88.0,12.0,90.0,3.0,,36.0,0.0,68.0,33.0,6.0
156310,,,,,,,,43.0,,27.0,,,,,,3.0,,,,,,,,7.0,,
156338,,,,,,,,262.0,,136.0,,,,,,25.0,3.0,6.0,14.0,,,25.0,,34.0,,
156356,,,,,,,,160.0,,66.0,,,,,,7.0,11.0,4.0,16.0,,,14.0,13.0,17.0,,
156365,,,,,,,,417.0,,182.0,,,,,,24.0,17.0,6.0,38.0,6.0,,37.0,,60.0,6.0,1.0
156392,,,,,,,,628.0,,339.0,,,,,,46.0,14.0,16.0,38.0,1.0,,38.0,,104.0,,1.0
156408,,,,,,,,414.0,,129.0,,,,,,39.0,11.0,12.0,71.0,3.0,,66.0,,43.0,15.0,4.0
156417,,,,,,,,29.0,,6.0,,,,,,5.0,2.0,2.0,1.0,,,,,3.0,3.0,
156426,,,,,,,,26.0,,13.0,,,,,,3.0,4.0,,,,,0.0,2.0,3.0,0.0,
156444,,,,,,,,4.0,,4.0,,,,,,,,,,,,,,,,
156471,,,,,,,,205.0,,76.0,,,,,,45.0,2.0,9.0,,,,7.0,,63.0,,
156541,,,,,,,,467.0,,215.0,1.0,,,,,30.0,16.0,10.0,47.0,,,28.0,1.0,103.0,6.0,
156620,,,,,,,,2608.0,,874.0,,,,,,214.0,224.0,129.0,155.0,17.0,,268.0,,358.0,72.0,35.0
156648,,,,,,,,358.0,,184.0,,,,,,21.0,2.0,10.0,19.0,1.0,,31.0,,63.0,,
156727,,,,,,,,164.0,,80.0,,,,,,14.0,8.0,8.0,3.0,,,15.0,,5.0,,
156745,,,,,,,,294.0,,100.0,,,,,,36.0,14.0,10.0,40.0,5.0,,41.0,,22.0,10.0,3.0
156754,,,,,,,,10.0,,6.0,,,,,,2.0,,,,,,,,2.0,,
156790,,,,,,,,268.0,,115.0,,,,,,14.0,7.0,8.0,29.0,,,31.0,,36.0,,
156842,,,,,,,,17.0,,8.0,,,,,,3.0,1.0,,,,,,4.0,,,
156851,,,,,,,,137.0,,66.0,,,,,,12.0,2.0,6.0,9.0,,,12.0,,22.0,,
156860,,,,,,,,191.0,,90.0,,,,,,20.0,4.0,4.0,15.0,,,13.0,,23.0,,
156921,,,,,,,,698.0,,361.0,,,,,,34.0,30.0,18.0,40.0,,,61.0,,110.0,,
156967,,,,,,,,16.0,,8.0,,,,,,3.0,,,,,,4.0,,2.0,,
157021,,,,,,,,121.0,,68.0,,,,,,8.0,,,,,,,19.0,25.0,1.0,
157030,,,,,,,,33.0,,10.0,,,,,,2.0,1.0,1.0,,,,6.0,,7.0,,
157058,,,,,,,,459.0,,124.0,,,,,,49.0,14.0,40.0,74.0,,,55.0,,50.0,33.0,1.0
157076,,,,,,,,138.0,,53.0,,,,,,18.0,5.0,4.0,36.0,0.0,,0.0,,12.0,,
157085,,,,,,,,10398.0,,1836.0,90.0,588.0,,,,345.0,566.0,1723.0,535.0,678.0,,1100.0,,2119.0,517.0,52.0
157100,,,,,,,,115.0,,43.0,,0.0,,,,12.0,10.0,2.0,10.0,1.0,,4.0,1.0,6.0,6.0,
157207,,,,,,,,26.0,,10.0,,,,,,6.0,2.0,1.0,,,,,,3.0,,
157216,,,,,,,,437.0,,146.0,,,,,,37.0,3.0,8.0,72.0,5.0,,67.0,4.0,39.0,24.0,3.0
157270,,,,,,,,74.0,,41.0,,,,,,7.0,,,,,,3.0,11.0,10.0,,
157289,,,,,,,,6467.0,,1998.0,,,,,,732.0,364.0,789.0,245.0,882.0,,424.0,,787.0,143.0,25.0
157298,,,,,,,,69.0,,13.0,,,,,,15.0,2.0,3.0,3.0,,,6.0,,20.0,,
157304,,,,,,,,247.0,,114.0,,,,,,20.0,2.0,3.0,16.0,,,17.0,,44.0,,
157331,,,,,,,,253.0,,116.0,,,,,,22.0,10.0,5.0,24.0,,,19.0,,34.0,,
157377,,,,,,,,126.0,,56.0,,,,,,29.0,1.0,7.0,5.0,1.0,,,,8.0,3.0,
157386,,,,,,,,1203.0,,379.0,,,,,,74.0,62.0,50.0,149.0,16.0,,137.0,7.0,164.0,56.0,15.0
157401,,,,,,,,1470.0,,517.0,1.0,,,,,70.0,80.0,69.0,119.0,32.0,,180.0,21.0,207.0,64.0,22.0
157438,,,,,,,,316.0,,148.0,,,,,,34.0,15.0,7.0,42.0,,,18.0,,35.0,,
157447,,,,,,,,1683.0,,724.0,,,,,,76.0,100.0,131.0,148.0,8.0,,148.0,2.0,198.0,52.0,33.0
157456,,,,,,,,2.0,,1.0,,,,,,,,,,,,,,,,
157465,,,,,,,,20.0,,8.0,,,,,,3.0,,,,,,,,2.0,,
157483,,,,,,,,383.0,,175.0,,,,,,29.0,7.0,7.0,27.0,,,44.0,1.0,67.0,,
157508,,,,,,,,1.0,,,,,,,,0.0,,,,,,,,1.0,,
157535,,,,,,,,307.0,,105.0,,,,,,38.0,13.0,17.0,44.0,4.0,,10.0,1.0,31.0,12.0,2.0
157553,,,,,,,,295.0,,135.0,,,,,,21.0,6.0,7.0,19.0,,,27.0,,51.0,,
157599,,,,,,,,62.0,,29.0,,,,,,12.0,1.0,,,,,,,19.0,1.0,
157614,,,,,,,,8.0,,5.0,,,,,,1.0,,,,,,,,1.0,,
157632,,,,,,,,146.0,,56.0,,,,,,21.0,2.0,2.0,21.0,,,23.0,,6.0,,
157650,,,,,,,,13.0,,7.0,,,,,,2.0,,,,,,,,1.0,1.0,
157669,,,,,,,,8.0,,5.0,,,,,,1.0,,,,,,,,1.0,,
157678,,,,,,,,10.0,,6.0,,,,,,2.0,,,,,,,,1.0,,
157696,,,,,,,,9.0,,6.0,,,,,,3.0,,,,,,,,,,
157711,,,,,,,,404.0,,204.0,,,,,,21.0,9.0,7.0,29.0,,,39.0,,61.0,,1.0
157739,,,,,,,,272.0,,104.0,,,,,,26.0,9.0,6.0,22.0,,,22.0,,46.0,,
157748,,,,,,,,428.0,,92.0,4.0,21.0,,,,23.0,23.0,13.0,22.0,3.0,,74.0,1.0,70.0,,
157757,,,,,,,,267.0,,130.0,,,,,,32.0,12.0,9.0,33.0,4.0,,8.0,,28.0,,
157766,,,,,,,,91.0,,54.0,,,,,,5.0,1.0,1.0,,,,,13.0,13.0,1.0,0.0
157793,,,,,,,,454.0,,181.0,,,,,,70.0,,2.0,,,,27.0,3.0,158.0,,6.0
157809,,,,,,,,191.0,,99.0,,,,,,24.0,10.0,2.0,25.0,,,8.0,0.0,15.0,,
157818,,,,,,,,289.0,,97.0,,,,,,38.0,8.0,10.0,38.0,2.0,,29.0,,38.0,13.0,
157827,,,,,,,,6.0,,3.0,,,,,,1.0,,,,,,,,1.0,,
157854,,,,,,,,263.0,,,,,,,,67.0,61.0,42.0,41.0,,,,,34.0,,
157863,,,,,,,,174.0,,63.0,,,,,,22.0,8.0,8.0,35.0,,,8.0,2.0,24.0,,
157951,,,,,,,,2592.0,,912.0,,,,,,108.0,49.0,154.0,310.0,15.0,,301.0,12.0,426.0,101.0,40.0
158088,,,,,,,,127.0,,86.0,,,,,,13.0,16.0,1.0,,,,,,7.0,1.0,
158158,,,,,,,,7.0,,3.0,,,,,,1.0,1.0,,,,,,1.0,1.0,,
158246,,,,,,,,24.0,,12.0,,,,,,3.0,,,,,,,,,,
158325,,,,,,,,14.0,,10.0,,,,,,,2.0,,,,,,,1.0,,
158334,,,,,,,,3.0,,2.0,,,,,,1.0,,,,,,,,0.0,,
158343,,,,,,,,8.0,,3.0,,,,,,1.0,2.0,,,,,,,2.0,,
158431,,,,,,,,443.0,,189.0,,,,,,46.0,71.0,5.0,1.0,,,29.0,,56.0,1.0,6.0
158440,,,,,,,,11.0,,5.0,,,,,,2.0,1.0,,,,,,2.0,2.0,,
158477,,,,,,,,180.0,,70.0,,,,,,37.0,2.0,4.0,29.0,,,,,21.0,,
158538,,,,,,,,1.0,,1.0,,,,,,,,,,,,,,,,
158617,,,,,,,,36.0,,16.0,,,,,,6.0,,,,,,,,,,
158644,,,,,,,,9.0,,4.0,,,,,,1.0,,,,,,,,1.0,,
158662,,,,,,,,1003.0,,543.0,,,,,,65.0,167.0,7.0,5.0,,,60.0,,89.0,22.0,
158723,,,,,,,,27.0,,13.0,,,,,,3.0,1.0,1.0,,,,1.0,2.0,6.0,,
158778,,,,,,,,5.0,,3.0,,,,,,1.0,,,,,,,,1.0,,
158787,,,,,,,,9.0,,6.0,,,,,,2.0,,,,,,,,1.0,,
158802,,,,,,,,320.0,,94.0,2.0,,,,,36.0,10.0,4.0,45.0,1.0,,58.0,1.0,60.0,5.0,4.0
158884,,,,,,,,133.0,,59.0,,,,,,10.0,10.0,3.0,5.0,,,10.0,,23.0,3.0,
159009,,,,,,,,549.0,,187.0,,,,,,50.0,45.0,13.0,53.0,1.0,,45.0,,90.0,18.0,5.0
159027,,,,,,,,12.0,,4.0,,,,,,1.0,,,,,,1.0,1.0,4.0,,
159197,,,,,,,,99.0,,49.0,,,,,,14.0,10.0,2.0,,,,,8.0,14.0,1.0,1.0
159319,,,,,,,,5.0,,2.0,,,,,,3.0,,,,,,,,,,
159328,,,,,,,,13.0,,5.0,,,,,,3.0,,,,,,0.0,,4.0,,
159373,,,,,,,,2011.0,,767.0,46.0,,,,,260.0,200.0,205.0,19.0,95.0,,186.0,,136.0,76.0,
159382,,,,,,,,230.0,,104.0,,,,,,21.0,10.0,5.0,22.0,1.0,,17.0,,33.0,7.0,
159391,,,,,,,,6297.0,,1338.0,292.0,262.0,,,,271.0,556.0,984.0,210.0,195.0,,656.0,6.0,901.0,345.0,9.0
159407,,,,,,,,165.0,,76.0,,,,,,13.0,6.0,5.0,5.0,,,14.0,,33.0,7.0,
159416,,,,,,,,301.0,,139.0,1.0,4.0,,,,48.0,10.0,8.0,13.0,,,28.0,,30.0,6.0,
159513,,,,,,,,18.0,,10.0,,,,,,1.0,1.0,,,,,,3.0,2.0,,
159522,,,,,,,,19.0,,9.0,,,,,,1.0,1.0,,,,,1.0,5.0,1.0,,
159531,,,,,,,,6.0,,4.0,,,,,,1.0,1.0,,,,,,,0.0,,
159568,,,,,,,,183.0,,79.0,,,,,,15.0,4.0,3.0,16.0,1.0,,4.0,,57.0,,
159601,,,,,,,,4.0,,2.0,,,,,,,,,,,,,,2.0,,
159647,,,,,,,,990.0,,410.0,7.0,1.0,,,,43.0,19.0,42.0,85.0,13.0,,91.0,,153.0,49.0,14.0
159656,,,,,,,,850.0,,319.0,,14.0,,,,108.0,37.0,41.0,77.0,,,46.0,0.0,133.0,23.0,11.0
159717,,,,,,,,669.0,,302.0,1.0,,,,,44.0,31.0,29.0,65.0,5.0,,48.0,,106.0,18.0,
159939,,,,,,,,861.0,,314.0,4.0,,,,,180.0,150.0,46.0,27.0,3.0,,20.0,,57.0,2.0,
159948,,,,,,,,313.0,,116.0,,,,,,16.0,4.0,9.0,,,,50.0,,75.0,,
159966,,,,,,,,644.0,,269.0,,,,,,54.0,30.0,14.0,52.0,4.0,,58.0,1.0,82.0,33.0,2.0
159993,,,,,,,,809.0,,330.0,3.0,1.0,,,,34.0,35.0,27.0,85.0,28.0,,62.0,,127.0,34.0,18.0
160010,,,,,,,,146.0,,88.0,,,,,,7.0,23.0,,,,,6.0,,14.0,4.0,
160029,,,,,,,,27.0,,21.0,,,,,,,1.0,,,,,,,4.0,,
160038,,,,,,,,785.0,,328.0,,12.0,,,,72.0,20.0,33.0,50.0,9.0,,35.0,,127.0,24.0,6.0
160065,,,,,,,,138.0,,70.0,,,,,,18.0,4.0,8.0,0.0,0.0,,11.0,,18.0,,
160074,,,,,,,,205.0,,103.0,,,,,,16.0,8.0,3.0,11.0,3.0,,2.0,1.0,24.0,,
160117,,,,,,,,9.0,,2.0,,,,,,1.0,2.0,,,,,0.0,,2.0,,
160126,,,,,,,,3.0,,3.0,,,,,,,,,,,,,,,,
160135,,,,,,,,3.0,,2.0,,,,,,0.0,,,,,,,,0.0,,
160199,,,,,,,,9.0,,5.0,,,,,,,1.0,,,,,,,1.0,,
160320,,,,,,,,274.0,,140.0,,,,,,18.0,10.0,,,,,13.0,63.0,20.0,,
160409,,,,,,,,54.0,,28.0,,,,,,6.0,4.0,2.0,1.0,,,6.0,,3.0,,
160445,,,,,,,,15.0,,7.0,,,,,,2.0,2.0,,,,,,2.0,2.0,,
160472,,,,,,,,5.0,,2.0,,,,,,1.0,1.0,,,,,,,0.0,1.0,
160481,,,,,,,,128.0,,71.0,,,,,,15.0,22.0,2.0,,,,1.0,,7.0,5.0,
160524,,,,,,,,41.0,,22.0,,,,,,8.0,1.0,1.0,,,,2.0,2.0,5.0,,
160533,,,,,,,,53.0,,,,,,,,19.0,8.0,1.0,2.0,,,1.0,,20.0,,
160579,,,,,,,,186.0,,106.0,,,,,,20.0,31.0,4.0,,,,2.0,,11.0,6.0,
160597,,,,,,,,14.0,,5.0,,,,,,2.0,1.0,,,,,2.0,,4.0,,
160612,,,,,,,,1272.0,,507.0,,,,,,150.0,78.0,25.0,80.0,6.0,,130.0,,149.0,72.0,12.0
160621,,,,,,,,1144.0,,364.0,48.0,46.0,,,,44.0,36.0,40.0,109.0,18.0,,120.0,,197.0,48.0,11.0
160630,,,,,,,,295.0,,108.0,,,,,,30.0,9.0,18.0,30.0,2.0,,22.0,,42.0,2.0,4.0
160649,,,,,,,,259.0,,101.0,,,,,,38.0,13.0,10.0,3.0,,,24.0,,23.0,5.0,
160658,,,,,,,,1855.0,,665.0,,,,,,198.0,42.0,173.0,100.0,122.0,,113.0,7.0,235.0,91.0,24.0
160667,,,,,,,,173.0,,96.0,,,,,,21.0,20.0,,7.0,,,2.0,,11.0,3.0,
160755,,,,,,,,4590.0,,1064.0,497.0,,,,,747.0,277.0,377.0,48.0,303.0,,104.0,2.0,696.0,293.0,32.0
160904,,,,,,,,685.0,,229.0,5.0,,,,,80.0,44.0,55.0,57.0,7.0,,69.0,,96.0,4.0,13.0
160913,,,,,,,,130.0,,72.0,,,,,,11.0,19.0,,,,,1.0,,19.0,5.0,
160940,,,,,,,,66.0,,21.0,,,,,,10.0,3.0,2.0,17.0,,,,,1.0,,
160959,,,,,,,,86.0,,25.0,,,,,,5.0,7.0,5.0,7.0,,,13.0,,17.0,3.0,0.0
160977,,,,,,,,691.0,,172.0,,,,,,70.0,45.0,31.0,58.0,10.0,,135.0,6.0,90.0,25.0,8.0
160995,,,,,,,,36.0,,14.0,,,,,,7.0,1.0,,,,,4.0,0.0,8.0,,
161004,,,,,,,,908.0,,223.0,0.0,,,,,130.0,45.0,66.0,64.0,6.0,,196.0,4.0,104.0,25.0,13.0
161022,,,,,,,,29.0,,20.0,,,,,,2.0,2.0,,,,,,,1.0,,
161077,,,,,,,,181.0,,106.0,,,,,,16.0,9.0,5.0,4.0,,,14.0,,9.0,1.0,
161086,,,,,,,,662.0,,196.0,,,,,,77.0,19.0,43.0,47.0,10.0,,85.0,4.0,81.0,25.0,6.0
161138,,,,,,,,207.0,,131.0,1.0,,,,,17.0,4.0,4.0,1.0,,,9.0,,17.0,3.0,
161192,,,,,,,,129.0,,74.0,,,,,,14.0,9.0,3.0,3.0,,,8.0,,7.0,2.0,
161208,,,,,,,,13.0,,5.0,,,,,,4.0,1.0,,,,,,,2.0,,
161217,,,,,,,,349.0,,145.0,,,,,,8.0,6.0,6.0,54.0,6.0,,24.0,1.0,53.0,3.0,
161226,,,,,,,,331.0,,131.0,,,,,,9.0,6.0,4.0,45.0,5.0,,44.0,2.0,42.0,13.0,
161235,,,,,,,,120.0,,46.0,,,,,,1.0,3.0,5.0,16.0,1.0,,13.0,1.0,16.0,3.0,
161244,,,,,,,,85.0,,42.0,,,,,,3.0,1.0,,7.0,0.0,,12.0,,11.0,,
161253,,,,,,,,2205.0,,572.0,16.0,45.0,,,,30.0,121.0,226.0,276.0,17.0,,336.0,13.0,277.0,111.0,13.0
161280,,,,,,,,350.0,,1.0,,,,,,25.0,84.0,153.0,14.0,1.0,,7.0,,62.0,,
161299,,,,,,,,259.0,,87.0,3.0,,,,,11.0,13.0,13.0,21.0,3.0,,47.0,,17.0,,15.0
161341,,,,,,,,150.0,,58.0,,,,,,3.0,3.0,1.0,34.0,1.0,,15.0,,19.0,5.0,
161457,,,,,,,,998.0,,358.0,13.0,,,,,68.0,42.0,44.0,49.0,29.0,,100.0,,123.0,20.0,
161484,,,,,,,,103.0,,56.0,,,,,,10.0,4.0,3.0,6.0,,,7.0,,5.0,4.0,
161493,,,,,,,,25.0,,17.0,,,,,,3.0,,,,,,,,3.0,,
161509,,,,,,,,101.0,,45.0,,,,,,4.0,5.0,3.0,3.0,1.0,,,,11.0,7.0,
161518,,,,,,,,390.0,,136.0,,,,,,48.0,4.0,10.0,21.0,5.0,,76.0,,44.0,7.0,
161527,,,,,,,,21.0,,13.0,,,,,,2.0,,,,,,,,1.0,,
161545,,,,,,,,382.0,,217.0,,,,,,21.0,15.0,12.0,8.0,1.0,,32.0,,33.0,6.0,
161554,,,,,,,,1055.0,,364.0,8.0,,,,,18.0,57.0,117.0,108.0,25.0,,98.0,1.0,148.0,27.0,
161563,,,,,,,,153.0,,44.0,,,,,,27.0,3.0,4.0,17.0,3.0,,20.0,,13.0,2.0,1.0
161572,,,,,,,,134.0,,49.0,,,,,,15.0,7.0,2.0,4.0,2.0,,21.0,,21.0,6.0,
161581,,,,,,,,68.0,,30.0,,,,,,9.0,4.0,1.0,3.0,,,5.0,,4.0,4.0,
161615,,,,,,,,6.0,,2.0,,,,,,1.0,2.0,,,,,,,1.0,,
161651,,,,,,,,6.0,,4.0,,,,,,1.0,1.0,,,,,0.0,,,,
161688,,,,,,,,385.0,,145.0,1.0,14.0,,,,34.0,8.0,16.0,4.0,2.0,,10.0,2.0,75.0,27.0,7.0
161767,,,,,,,,1238.0,,471.0,,126.0,,,,66.0,59.0,117.0,87.0,11.0,,63.0,32.0,161.0,14.0,4.0
161776,,,,,,,,15.0,,8.0,,,,,,3.0,,,3.0,,,,,,,
161800,,,,,,,,16.0,,8.0,,,,,,3.0,1.0,,,,,,1.0,2.0,1.0,
161855,,,,,,,,10.0,,6.0,,,,,,,,,,,,,,4.0,,
161864,,,,,,,,566.0,,205.0,,,,,,63.0,53.0,21.0,63.0,1.0,,29.0,,68.0,30.0,3.0
161873,,,,,,,,762.0,,272.0,,,,,,135.0,84.0,54.0,42.0,5.0,,58.0,2.0,63.0,11.0,2.0
162007,,,,,,,,687.0,,298.0,,,,,,88.0,99.0,23.0,36.0,2.0,,28.0,1.0,89.0,10.0,4.0
162061,,,,,,,,95.0,,35.0,,,,,,11.0,,9.0,,,,9.0,,15.0,,
162104,,,,,,,,294.0,,119.0,,18.0,,,,10.0,11.0,10.0,31.0,0.0,,3.0,,66.0,,
162122,,,,,,,,766.0,,274.0,,2.0,,,,51.0,48.0,38.0,41.0,4.0,,15.0,2.0,125.0,41.0,
162168,,,,,,,,300.0,,76.0,,3.0,,,,30.0,20.0,15.0,16.0,1.0,,24.0,,44.0,4.0,0.0
162210,,,,,,,,218.0,,119.0,,,,,,25.0,8.0,7.0,17.0,,,8.0,,16.0,5.0,2.0
162283,,,,,,,,491.0,,171.0,,,,,,82.0,56.0,20.0,26.0,1.0,,29.0,,82.0,7.0,6.0
162335,,,,,,,,6.0,,3.0,,,,,,1.0,0.0,,,,,,,1.0,,
162371,,,,,,,,54.0,,30.0,,,,,,7.0,3.0,,,,,2.0,6.0,3.0,,
162557,,,,,,,,604.0,,245.0,,25.0,,,,64.0,12.0,26.0,52.0,7.0,,20.0,,114.0,35.0,
162584,,,,,,,,815.0,,292.0,,,,,,78.0,70.0,34.0,41.0,6.0,,90.0,2.0,131.0,31.0,13.0
162609,,,,,,,,161.0,,36.0,1.0,0.0,,,,17.0,1.0,3.0,5.0,1.0,,5.0,1.0,49.0,22.0,2.0
162654,,,,,,,,478.0,,159.0,,,,,,64.0,22.0,21.0,37.0,5.0,,65.0,,52.0,19.0,4.0
162681,,,,,,,,45.0,,6.0,,,,,,7.0,3.0,1.0,10.0,,,2.0,,1.0,,
162690,,,,,,,,379.0,,131.0,,15.0,,,,40.0,11.0,12.0,25.0,0.0,,34.0,4.0,53.0,9.0,2.0
162706,,,,,,,,570.0,,182.0,,42.0,,,,30.0,34.0,33.0,36.0,,,32.0,6.0,54.0,15.0,
162760,,,,,,,,304.0,,150.0,,,,,,30.0,14.0,15.0,26.0,2.0,,14.0,,38.0,,1.0
162779,,,,,,,,893.0,,397.0,,37.0,,,,40.0,40.0,47.0,40.0,11.0,,2.0,3.0,96.0,69.0,8.0
162830,,,,,,,,4.0,,1.0,,,,,,1.0,0.0,,,,,,,0.0,,
162928,,,,,,,,16664.0,,3848.0,578.0,36.0,,,,151.0,1569.0,2263.0,483.0,2948.0,,681.0,,3132.0,126.0,
162982,,,,,,,,24.0,,12.0,,,,,,2.0,1.0,,,,,,2.0,1.0,3.0,
163028,,,,,,,,60.0,,25.0,,,,,,15.0,,1.0,,,,1.0,,11.0,,2.0
163046,,,,,,,,1145.0,,444.0,,,,,,173.0,26.0,75.0,73.0,10.0,,119.0,2.0,153.0,22.0,23.0
163107,,,,,,,,3.0,,2.0,,,,,,,,,,,,,,1.0,,
163204,,,,,,,,2159.0,,1034.0,,,,,,371.0,220.0,128.0,274.0,,,5.0,,92.0,,
163259,,,,,,,,5696.0,,2002.0,448.0,,,,,546.0,638.0,895.0,145.0,187.0,,346.0,7.0,298.0,80.0,15.0
163268,,,,,,,,2049.0,,628.0,150.0,,,,,330.0,303.0,164.0,113.0,19.0,,37.0,4.0,195.0,46.0,14.0
163286,,,,,,,,8981.0,,2038.0,1592.0,,,,,295.0,1574.0,719.0,453.0,52.0,,694.0,1.0,383.0,392.0,104.0
163295,,,,,,,,611.0,,285.0,,,,,,67.0,31.0,18.0,12.0,1.0,,52.0,3.0,47.0,15.0,1.0
163338,,,,,,,,814.0,,272.0,9.0,0.0,,,,106.0,74.0,56.0,27.0,5.0,,93.0,,103.0,44.0,6.0
163347,,,,,,,,53.0,,29.0,,,,,,7.0,3.0,,,,,,6.0,2.0,1.0,
163408,,,,,,,,14.0,,5.0,,,,,,3.0,1.0,,,,,,2.0,,2.0,
163426,,,,,,,,2331.0,,830.0,,80.0,,,,213.0,109.0,316.0,,2.0,,236.0,16.0,291.0,70.0,3.0
163453,,,,,,,,1574.0,,481.0,28.0,7.0,,,,321.0,63.0,54.0,33.0,20.0,,97.0,15.0,289.0,128.0,14.0
163462,,,,,,,,407.0,,158.0,,,,,,67.0,17.0,11.0,49.0,4.0,,17.0,,66.0,1.0,
163532,,,,,,,,59.0,,12.0,1.0,3.0,,,,4.0,2.0,1.0,0.0,,,21.0,,11.0,,
163541,,,,,,,,25.0,,14.0,,,,,,5.0,1.0,,,,,,2.0,2.0,1.0,
163578,,,,,,,,365.0,,160.0,,,,,,40.0,10.0,25.0,11.0,1.0,,11.0,19.0,46.0,24.0,0.0
163657,,,,,,,,1244.0,,501.0,,107.0,,,,41.0,62.0,108.0,71.0,3.0,,98.0,0.0,105.0,17.0,8.0
163736,,,,,,,,26.0,,11.0,,,,,,5.0,,,8.0,,,1.0,,,,
163754,,,,,,,,7.0,,4.0,,,,,,1.0,,,,,,,,1.0,,
163815,,,,,,,,6.0,,3.0,,,,,,,,,,,,,,2.0,,
163851,,,,,,,,1240.0,,494.0,0.0,1.0,,,,108.0,91.0,56.0,52.0,7.0,,125.0,10.0,228.0,43.0,3.0
163912,,,,,,,,414.0,,156.0,,,,,,36.0,31.0,19.0,50.0,5.0,,45.0,,38.0,13.0,
163976,,,,,,,,174.0,,64.0,,,,,,16.0,38.0,7.0,,2.0,,30.0,,10.0,,
164058,,,,,,,,23.0,,8.0,,,,,,6.0,,,6.0,,,,,1.0,,
164076,,,,,,,,2600.0,,1156.0,,,,,,286.0,305.0,152.0,107.0,21.0,,64.0,13.0,293.0,97.0,57.0
164085,,,,,,,,152.0,,64.0,1.0,,,,,15.0,10.0,5.0,,2.0,,2.0,,12.0,1.0,
164146,,,,,,,,96.0,,,,,,,,41.0,28.0,7.0,7.0,,,2.0,,8.0,2.0,
164155,,,,,,,,928.0,,376.0,12.0,,,,,63.0,65.0,78.0,18.0,7.0,,74.0,3.0,53.0,3.0,86.0
164173,,,,,,,,658.0,,253.0,,,,,,67.0,31.0,28.0,51.0,25.0,,26.0,5.0,52.0,18.0,10.0
164216,,,,,,,,480.0,,116.0,,,,,,35.0,24.0,36.0,38.0,7.0,,100.0,6.0,44.0,17.0,6.0
164270,,,,,,,,572.0,,295.0,,,,,,58.0,26.0,12.0,61.0,2.0,,21.0,1.0,57.0,21.0,
164313,,,,,,,,298.0,,102.0,,37.0,,,,8.0,12.0,12.0,7.0,1.0,,35.0,,54.0,4.0,
164368,,,,,,,,161.0,,55.0,,4.0,,,,2.0,12.0,7.0,6.0,,,,,8.0,,
164438,,,,,,,,65.0,,33.0,,,,,,16.0,,,4.0,,,,,1.0,,
164447,,,,,,,,410.0,,193.0,,,,,,34.0,25.0,13.0,53.0,6.0,,5.0,,31.0,1.0,4.0
164465,,,,,,,,892.0,,231.0,,,,,,97.0,56.0,67.0,69.0,8.0,,155.0,,130.0,34.0,4.0
164474,,,,,,,,67.0,,41.0,,,,,,4.0,5.0,1.0,0.0,,,4.0,,2.0,,
164492,,,,,,,,177.0,,88.0,,,,,,31.0,2.0,3.0,11.0,4.0,,1.0,,28.0,,
164535,,,,,,,,7.0,,5.0,,,,,,1.0,0.0,,,0.0,,,,1.0,,
164562,,,,,,,,458.0,,194.0,,,,,,71.0,9.0,25.0,52.0,6.0,,30.0,1.0,55.0,,
164580,,,,,,,,825.0,,216.0,,,,,,75.0,103.0,53.0,109.0,4.0,,77.0,,102.0,30.0,
164599,,,,,,,,10.0,,4.0,,,,,,5.0,,,,,,0.0,,,,
164614,,,,,,,,16.0,,8.0,,,,,,3.0,1.0,,,,,0.0,,1.0,1.0,
164632,,,,,,,,398.0,,162.0,,,,,,44.0,15.0,16.0,23.0,1.0,,30.0,1.0,35.0,,1.0
164641,,,,,,,,123.0,,53.0,,,,,,16.0,13.0,4.0,13.0,,,7.0,,9.0,,
164678,,,,,,,,19.0,,8.0,,,,,,3.0,2.0,,,,,3.0,1.0,2.0,,
164720,,,,,,,,273.0,,91.0,,,,,,31.0,9.0,2.0,22.0,4.0,,34.0,11.0,18.0,,4.0
164739,,,,,,,,936.0,,343.0,,,,,,136.0,43.0,77.0,107.0,2.0,,85.0,,94.0,12.0,
164748,,,,,,,,994.0,,381.0,,,,,,147.0,88.0,92.0,94.0,,,24.0,,84.0,7.0,
164775,,,,,,,,231.0,,92.0,,,,,,29.0,2.0,9.0,7.0,,,13.0,,40.0,6.0,
164845,,,,,,,,16.0,,9.0,,,,,,2.0,,,,,,,,2.0,1.0,
164872,,,,,,,,177.0,,96.0,,,,,,14.0,4.0,5.0,5.0,,,6.0,,16.0,,
164915,,,,,,,,20.0,,12.0,0.0,,,,,,1.0,,,,,,,7.0,,
164924,,,,,,,,3615.0,,1018.0,204.0,,,,,553.0,179.0,227.0,202.0,29.0,,476.0,33.0,436.0,80.0,16.0
164933,,,,,,,,223.0,,136.0,,,,,,20.0,6.0,3.0,13.0,,,11.0,,12.0,,
164988,,,,,,,,8881.0,,2966.0,679.0,,,,,761.0,1266.0,904.0,359.0,91.0,,799.0,,726.0,140.0,36.0
165015,,,,,,,,1622.0,,422.0,188.0,,,,,65.0,126.0,178.0,94.0,2.0,,99.0,,167.0,34.0,7.0
165024,,,,,,,,1243.0,,493.0,,,,,,32.0,216.0,54.0,28.0,9.0,,171.0,,163.0,43.0,5.0
165033,,,,,,,,720.0,,320.0,,17.0,,,,77.0,21.0,30.0,10.0,2.0,,27.0,,91.0,10.0,
165060,,,,,,,,25.0,,18.0,,,,,,1.0,3.0,,1.0,,,,,2.0,,
165112,,,,,,,,636.0,,324.0,,,,,,70.0,3.0,33.0,34.0,,,22.0,3.0,100.0,9.0,4.0
165167,,,,,,,,230.0,,112.0,,,,,,32.0,8.0,16.0,26.0,,,,,29.0,2.0,
165194,,,,,,,,304.0,,142.0,,,,,,27.0,4.0,14.0,18.0,,,16.0,,44.0,2.0,
165255,,,,,,,,28.0,,10.0,,,,,,7.0,2.0,,1.0,,,,1.0,5.0,1.0,
165264,,,,,,,,88.0,,38.0,,,,,,16.0,7.0,2.0,,,,6.0,,4.0,,
165334,,,,,,,,684.0,,257.0,13.0,,,,,70.0,85.0,36.0,27.0,,,64.0,,78.0,18.0,7.0
165495,,,,,,,,11.0,,7.0,,,,,,4.0,,,,,,,,,,
165529,,,,,,,,490.0,,185.0,,6.0,,,,23.0,19.0,18.0,44.0,7.0,,42.0,,53.0,12.0,1.0
165556,,,,,,,,24.0,,13.0,,,,,,5.0,,,,,,,,4.0,,
165574,,,,,,,,236.0,,62.0,,,,,,36.0,66.0,9.0,16.0,3.0,,16.0,,13.0,8.0,
165608,,,,,,,,7.0,,5.0,,,,,,1.0,,,,,,,,1.0,,
165635,,,,,,,,35.0,,13.0,,,,,,10.0,3.0,1.0,1.0,,,,,,,
165644,,,,,,,,195.0,,72.0,,,,,,20.0,7.0,9.0,17.0,1.0,,14.0,,15.0,,1.0
165662,,,,,,,,765.0,,294.0,,,,,,110.0,52.0,43.0,72.0,18.0,,47.0,,58.0,11.0,4.0
165671,,,,,,,,340.0,,133.0,,,,,,42.0,90.0,11.0,4.0,,,27.0,,21.0,5.0,
165699,,,,,,,,581.0,,195.0,,,,,,74.0,28.0,15.0,50.0,5.0,,76.0,,49.0,20.0,
165705,,,,,,,,29.0,,6.0,,,,,,12.0,2.0,4.0,1.0,,,,,3.0,,
165750,,,,,,,,10.0,,6.0,,,,,,2.0,,,,,,0.0,,2.0,,
165802,,,,,,,,192.0,,82.0,2.0,10.0,,,,25.0,6.0,3.0,7.0,1.0,,2.0,,1.0,1.0,
165820,,,,,,,,633.0,,258.0,,,,,,58.0,11.0,20.0,27.0,4.0,,73.0,,95.0,19.0,11.0
165866,,,,,,,,576.0,,242.0,,,,,,75.0,9.0,20.0,7.0,8.0,,63.0,,64.0,18.0,13.0
165884,,,,,,,,87.0,,46.0,,,,,,10.0,3.0,,2.0,,,5.0,,1.0,,
165936,,,,,,,,472.0,,134.0,,,,,,38.0,27.0,17.0,40.0,8.0,,80.0,1.0,43.0,8.0,1.0
165945,,,,,,,,180.0,,34.0,1.0,,,,,34.0,8.0,15.0,2.0,,,12.0,,56.0,4.0,
165981,,,,,,,,238.0,,95.0,,,,,,24.0,8.0,14.0,6.0,1.0,,3.0,,34.0,18.0,4.0
166009,,,,,,,,12.0,,3.0,,,,,,7.0,,,,,,,,1.0,,
166018,,,,,,,,420.0,,148.0,,,,,,36.0,18.0,20.0,29.0,,,30.0,,59.0,17.0,
166027,,,,,,,,16687.0,,2240.0,2110.0,,,,,2066.0,1237.0,2329.0,578.0,167.0,,982.0,,3107.0,324.0,49.0
166045,,,,,,,,74.0,,24.0,,,,,,27.0,4.0,3.0,,,,5.0,,6.0,,
166054,,,,,,,,67.0,,18.0,,,,,,20.0,3.0,2.0,10.0,,,8.0,1.0,3.0,,
166124,,,,,,,,1070.0,,305.0,,,,,,74.0,61.0,50.0,110.0,12.0,,228.0,2.0,144.0,26.0,6.0
166133,,,,,,,,603.0,,251.0,,,,,,64.0,3.0,23.0,13.0,2.0,,33.0,,108.0,5.0,11.0
166294,,,,,,,,5.0,,4.0,,,,,,,1.0,,,,,,,,,
166319,,,,,,,,5.0,,4.0,,,,,,1.0,,,,,,,,,,
166328,,,,,,,,7.0,,5.0,,,,,,,1.0,,,,,,,0.0,,
166391,,,,,,,,375.0,,147.0,,,,,,46.0,22.0,12.0,22.0,5.0,,37.0,1.0,26.0,15.0,3.0
166407,,,,,,,,54.0,,41.0,,,,,,2.0,,1.0,,,,,,2.0,,
166452,,,,,,,,658.0,,309.0,,,,,,101.0,51.0,35.0,22.0,2.0,,,,106.0,,
166489,,,,,,,,72.0,,41.0,,,,,,11.0,6.0,1.0,,,,2.0,,2.0,,
166498,,,,,,,,8.0,,5.0,,,,,,1.0,1.0,,,,,,,1.0,,
166513,,,,,,,,1809.0,,748.0,32.0,,,,,359.0,78.0,143.0,92.0,7.0,,140.0,,161.0,27.0,2.0
166586,,,,,,,,7.0,,3.0,,,,,,,3.0,,,,,,,1.0,,
166595,,,,,,,,9.0,,4.0,,,,,,,3.0,,,,,,,1.0,,
166629,,,,,,,,5411.0,,1426.0,228.0,24.0,,,,191.0,376.0,499.0,259.0,87.0,,809.0,8.0,734.0,272.0,110.0
166638,,,,,,,,2114.0,,890.0,,,,,,195.0,37.0,131.0,67.0,28.0,,31.0,,264.0,6.0,25.0
166647,,,,,,,,329.0,,155.0,,,,,,47.0,3.0,14.0,,,,5.0,,39.0,10.0,
166656,,,,,,,,566.0,,230.0,,,,,,97.0,24.0,24.0,19.0,3.0,,28.0,,35.0,,
166665,,,,,,,,388.0,,,,,,,,106.0,64.0,155.0,25.0,,,,,31.0,,
166674,,,,,,,,415.0,,171.0,,,,,,67.0,8.0,14.0,,,,52.0,,70.0,,16.0
166683,,,,,,,,12474.0,,1418.0,4646.0,,,,,921.0,788.0,1020.0,501.0,234.0,,560.0,24.0,1873.0,388.0,28.0
166692,,,,,,,,295.0,,94.0,,,,,,60.0,17.0,7.0,10.0,4.0,,18.0,,25.0,26.0,15.0
166708,,,,,,,,4741.0,,1369.0,469.0,,,,,167.0,1049.0,224.0,9.0,857.0,,149.0,,336.0,54.0,41.0
166717,,,,,,,,143.0,,79.0,4.0,,,,,20.0,7.0,5.0,12.0,,,4.0,3.0,7.0,,
166805,,,,,,,,5.0,,3.0,,,,,,,,,,,,,,2.0,,
166823,,,,,,,,677.0,,287.0,,,,,,76.0,19.0,25.0,47.0,2.0,,75.0,,89.0,12.0,1.0
166850,,,,,,,,611.0,,237.0,,,,,,36.0,39.0,14.0,52.0,7.0,,63.0,,64.0,,
166869,,,,,,,,199.0,,102.0,8.0,,,,,18.0,11.0,10.0,,,,,,32.0,,
166887,,,,,,,,704.0,,269.0,,,,,,57.0,60.0,26.0,8.0,1.0,,44.0,,121.0,,
166911,,,,,,,,76.0,,38.0,,,,,,6.0,5.0,3.0,1.0,1.0,,5.0,,2.0,,
166939,,,,,,,,904.0,,250.0,,,,,,86.0,53.0,65.0,27.0,4.0,,198.0,2.0,91.0,47.0,6.0
166948,,,,,,,,246.0,,93.0,,,,,,29.0,9.0,12.0,36.0,8.0,,8.0,,19.0,,
166957,,,,,,,,547.0,,190.0,,,,,,77.0,14.0,15.0,43.0,2.0,,53.0,,77.0,8.0,1.0
166975,,,,,,,,12.0,,5.0,,,,,,2.0,2.0,,,,,,1.0,1.0,,
166984,,,,,,,,142.0,,68.0,,,,,,21.0,6.0,4.0,14.0,,,4.0,2.0,7.0,3.0,
167039,,,,,,,,2.0,,2.0,,,,,,,,,,,,,,,,
167057,,,,,,,,364.0,,200.0,,,,,,40.0,10.0,,6.0,5.0,,8.0,,65.0,,
167093,,,,,,,,141.0,,49.0,2.0,3.0,,,,17.0,5.0,4.0,,20.0,,6.0,,19.0,,1.0
167181,,,,,,,,63.0,,17.0,1.0,6.0,,,,6.0,,0.0,,5.0,,,1.0,12.0,,
167215,,,,,,,,121.0,,49.0,8.0,,,,,26.0,5.0,10.0,,,,5.0,,4.0,,
167224,,,,,,,,25.0,,7.0,,,,,,4.0,,,,,,,,4.0,,
167251,,,,,,,,115.0,,50.0,,,,,,16.0,6.0,4.0,11.0,1.0,,,,6.0,,
167260,,,,,,,,211.0,,64.0,,,,,,32.0,19.0,9.0,28.0,3.0,,11.0,,21.0,7.0,
167288,,,,,,,,333.0,,116.0,,,,,,32.0,14.0,11.0,13.0,6.0,,45.0,,38.0,13.0,
167297,,,,,,,,32.0,,15.0,,,,,,8.0,1.0,,,,,,,4.0,3.0,
167312,,,,,,,,630.0,,286.0,,,,,,48.0,17.0,10.0,30.0,2.0,,46.0,,113.0,7.0,3.0
167321,,,,,,,,48.0,,31.0,,,,,,4.0,,,,,,,,7.0,,
167358,,,,,,,,3803.0,,1367.0,24.0,,,,,218.0,407.0,449.0,339.0,44.0,,170.0,,254.0,96.0,12.0
167376,,,,,,,,556.0,,249.0,,,,,,66.0,17.0,34.0,3.0,,,7.0,,67.0,9.0,
167394,,,,,,,,221.0,,99.0,,,,,,19.0,11.0,9.0,26.0,3.0,,11.0,,26.0,,
167455,,,,,,,,122.0,,35.0,1.0,,,,,11.0,9.0,1.0,8.0,1.0,,16.0,2.0,14.0,9.0,2.0
167464,,,,,,,,30.0,,14.0,,,,,,3.0,0.0,,0.0,,,6.0,2.0,3.0,,
167525,,,,,,,,263.0,,160.0,1.0,,,,,24.0,8.0,5.0,9.0,,,9.0,,7.0,,
167534,,,,,,,,697.0,,280.0,,,,,,85.0,25.0,33.0,54.0,1.0,,54.0,3.0,81.0,6.0,2.0
167598,,,,,,,,355.0,,149.0,,,,,,38.0,9.0,9.0,24.0,6.0,,36.0,,37.0,7.0,1.0
167631,,,,,,,,243.0,,95.0,,,,,,34.0,9.0,10.0,20.0,2.0,,15.0,,26.0,2.0,2.0
167677,,,,,,,,36.0,,24.0,,,,,,2.0,2.0,,,0.0,,1.0,,6.0,1.0,
167729,,,,,,,,1099.0,,503.0,,,,,,47.0,91.0,49.0,40.0,11.0,,117.0,,81.0,20.0,7.0
167738,,,,,,,,25.0,,17.0,,,,,,3.0,,,,,,,,0.0,1.0,
167783,,,,,,,,814.0,,427.0,,,,,,80.0,49.0,36.0,34.0,4.0,,31.0,,118.0,6.0,
167792,,,,,,,,186.0,,53.0,,,,,,11.0,6.0,9.0,5.0,6.0,,42.0,6.0,20.0,9.0,2.0
167835,,,,,,,,1137.0,,348.0,,,,,,65.0,116.0,79.0,40.0,6.0,,149.0,1.0,136.0,27.0,21.0
167871,,,,,,,,22.0,,15.0,,,,,,2.0,,,,,,,,4.0,,
167899,,,,,,,,662.0,,251.0,,,,,,38.0,38.0,21.0,20.0,5.0,,120.0,,91.0,14.0,
167905,,,,,,,,526.0,,207.0,,,,,,49.0,26.0,18.0,19.0,2.0,,39.0,,75.0,12.0,14.0
167987,,,,,,,,1220.0,,459.0,2.0,,,,,167.0,53.0,100.0,54.0,9.0,,74.0,,175.0,34.0,65.0
167996,,,,,,,,587.0,,197.0,1.0,,,,,82.0,17.0,31.0,70.0,5.0,,85.0,0.0,66.0,16.0,
168005,,,,,,,,1063.0,,455.0,,,,,,70.0,174.0,52.0,55.0,9.0,,58.0,,148.0,,
168032,,,,,,,,4.0,,2.0,,,,,,1.0,,,,,,,,1.0,,
168148,,,,,,,,4089.0,,1047.0,236.0,,,,,368.0,424.0,438.0,166.0,210.0,,389.0,1.0,633.0,81.0,9.0
168218,,,,,,,,1203.0,,388.0,4.0,,,,,22.0,,3.0,,,,246.0,,525.0,8.0,8.0
168227,,,,,,,,571.0,,230.0,,,,,,62.0,39.0,53.0,47.0,3.0,,29.0,,35.0,23.0,
168254,,,,,,,,742.0,,278.0,,,,,,77.0,11.0,36.0,37.0,8.0,,127.0,,84.0,16.0,4.0
168263,,,,,,,,765.0,,328.0,,,,,,50.0,27.0,31.0,39.0,8.0,,91.0,,97.0,28.0,
168281,,,,,,,,487.0,,151.0,,,,,,89.0,20.0,28.0,39.0,4.0,,61.0,,63.0,14.0,6.0
168290,,,,,,,,273.0,,107.0,,,,,,26.0,17.0,7.0,33.0,2.0,,11.0,,23.0,2.0,
168342,,,,,,,,1076.0,,325.0,,,,,,137.0,53.0,70.0,71.0,5.0,,183.0,,126.0,37.0,10.0
168421,,,,,,,,1108.0,,411.0,41.0,,,,,85.0,120.0,93.0,87.0,3.0,,93.0,8.0,136.0,17.0,
168430,,,,,,,,618.0,,273.0,,,,,,105.0,23.0,25.0,11.0,,,61.0,,92.0,13.0,3.0
168528,,,,,,,,338.0,,122.0,0.0,,,,,25.0,14.0,10.0,72.0,1.0,,44.0,7.0,33.0,,2.0
168546,,,,,,,,389.0,,110.0,,,,,,48.0,18.0,18.0,62.0,5.0,,34.0,,57.0,13.0,3.0
168555,,,,,,,,3.0,,2.0,,,,,,,0.0,,,,,,,,,
168573,,,,,,,,29.0,,10.0,,,,,,6.0,,,,,,,3.0,6.0,2.0,
168591,,,,,,,,341.0,,120.0,,,,,,34.0,7.0,8.0,33.0,5.0,,46.0,,81.0,,
168607,,,,,,,,144.0,,75.0,,2.0,,,,23.0,4.0,6.0,3.0,,,6.0,,16.0,4.0,1.0
168740,,,,,,,,795.0,,262.0,,,,,,68.0,31.0,44.0,16.0,,,78.0,4.0,186.0,32.0,8.0
168786,,,,,,,,333.0,,141.0,,,,,,11.0,21.0,14.0,44.0,,,35.0,,15.0,,
168847,,,,,,,,1640.0,,829.0,,,,,,184.0,13.0,52.0,,,,156.0,,126.0,,
168883,,,,,,,,156.0,,71.0,,,,,,13.0,11.0,7.0,3.0,1.0,,8.0,,20.0,2.0,
168892,,,,,,,,8.0,,6.0,,,,,,1.0,,,,,,,,1.0,,
169071,,,,,,,,3.0,,2.0,,,,,,,,,,,,,,,,
169080,,,,,,,,781.0,,305.0,,,,,,39.0,60.0,48.0,99.0,15.0,,71.0,1.0,99.0,20.0,1.0
169099,,,,,,,,49.0,,19.0,,,,,,6.0,4.0,3.0,,,,,,9.0,1.0,
169187,,,,,,,,24.0,,15.0,,,,,,1.0,1.0,,0.0,,,,,1.0,,
169220,,,,,,,,26.0,,15.0,,,,,,4.0,,,,,,,,1.0,,
169248,,,,,,,,2652.0,,1018.0,5.0,,,,,489.0,99.0,128.0,193.0,32.0,,137.0,3.0,368.0,72.0,24.0
169275,,,,,,,,547.0,,230.0,,,,,,52.0,20.0,20.0,26.0,2.0,,53.0,,64.0,5.0,
169284,,,,,,,,26.0,,16.0,,,,,,3.0,,,,,,,,4.0,,
169327,,,,,,,,91.0,,36.0,1.0,,,,,11.0,8.0,1.0,11.0,,,5.0,4.0,6.0,1.0,
169363,,,,,,,,153.0,,68.0,,,,,,33.0,,3.0,15.0,1.0,,14.0,7.0,11.0,,
169424,,,,,,,,36.0,,10.0,,,,,,7.0,3.0,2.0,,,,,1.0,5.0,,3.0
169442,,,,,,,,348.0,,137.0,,,,,,51.0,6.0,12.0,16.0,,,15.0,,34.0,29.0,
169479,,,,,,,,639.0,,244.0,,,,,,51.0,227.0,38.0,16.0,3.0,,24.0,,23.0,,4.0
169503,,,,,,,,17.0,,12.0,,,,,,1.0,2.0,,,,,,,2.0,,
169521,,,,,,,,647.0,,320.0,,,,,,68.0,9.0,,32.0,1.0,,47.0,,132.0,1.0,3.0
169576,,,,,,,,9.0,,4.0,,,,,,2.0,1.0,,,,,0.0,0.0,1.0,,
169628,,,,,,,,132.0,,57.0,1.0,,,,,8.0,6.0,5.0,4.0,,,,,33.0,,
169655,,,,,,,,152.0,,57.0,,,,,,14.0,5.0,1.0,1.0,,,8.0,24.0,23.0,8.0,
169716,,,,,,,,981.0,,415.0,,,,,,76.0,38.0,40.0,48.0,33.0,,60.0,3.0,122.0,19.0,
169734,,,,,,,,33.0,,17.0,,,,,,1.0,,,,,,,,2.0,,
169761,,,,,,,,15.0,,7.0,,,,,,1.0,,,,,,,,1.0,,
169798,,,,,,,,2088.0,,957.0,,,,,,274.0,48.0,93.0,95.0,20.0,,202.0,1.0,231.0,43.0,14.0
169910,,,,,,,,1783.0,,767.0,,,,,,107.0,99.0,74.0,64.0,10.0,,250.0,3.0,271.0,56.0,11.0
169947,,,,,,,,6.0,,3.0,,,,,,1.0,,,,,,0.0,,1.0,,
169974,,,,,,,,88.0,,31.0,,,,,,17.0,2.0,3.0,,,,10.0,,13.0,,
169983,,,,,,,,349.0,,119.0,1.0,,,,,58.0,17.0,11.0,2.0,,,33.0,,40.0,12.0,
169992,,,,,,,,104.0,,55.0,,,,,,12.0,2.0,2.0,3.0,,,9.0,2.0,18.0,1.0,
170000,,,,,,,,117.0,,59.0,,,,,,7.0,10.0,1.0,7.0,0.0,,,,1.0,2.0,
170037,,,,,,,,306.0,,102.0,,,,,,46.0,12.0,10.0,28.0,1.0,,25.0,,40.0,3.0,
170055,,,,,,,,784.0,,382.0,,,,,,71.0,30.0,37.0,49.0,1.0,,75.0,,103.0,17.0,5.0
170082,,,,,,,,2656.0,,1311.0,,,,,,100.0,185.0,151.0,231.0,13.0,,171.0,12.0,355.0,58.0,9.0
170091,,,,,,,,30.0,,13.0,,,,,,5.0,,1.0,3.0,,,1.0,2.0,4.0,,
170240,,,,,,,,681.0,,374.0,,,,,,27.0,10.0,12.0,22.0,1.0,,63.0,,131.0,1.0,3.0
170286,,,,,,,,621.0,,153.0,,,,,,32.0,77.0,21.0,61.0,2.0,,124.0,3.0,71.0,,3.0
170301,,,,,,,,716.0,,290.0,5.0,,,,,69.0,20.0,32.0,71.0,5.0,,64.0,2.0,96.0,18.0,7.0
170417,,,,,,,,36.0,,16.0,,,,,,5.0,,1.0,,,,,,13.0,,
170444,,,,,,,,325.0,,182.0,,,,,,44.0,10.0,13.0,4.0,,,21.0,,24.0,9.0,
170532,,,,,,,,369.0,,118.0,,,,,,49.0,29.0,15.0,38.0,3.0,,40.0,,51.0,13.0,3.0
170541,,,,,,,,601.0,,254.0,,,,,,43.0,23.0,34.0,19.0,1.0,,55.0,,92.0,10.0,2.0
170550,,,,,,,,359.0,,189.0,2.0,2.0,,,,51.0,8.0,9.0,19.0,,,2.0,2.0,53.0,6.0,
170587,,,,,,,,115.0,,43.0,,,,,,10.0,8.0,7.0,6.0,,,12.0,,16.0,,1.0
170611,,,,,,,,18.0,,13.0,,,,,,2.0,,,,,,1.0,,,,
170620,,,,,,,,292.0,,135.0,,,,,,41.0,8.0,11.0,20.0,,,9.0,,42.0,8.0,
170639,,,,,,,,392.0,,130.0,,,,,,25.0,28.0,22.0,30.0,5.0,,56.0,0.0,50.0,20.0,
170657,,,,,,,,1079.0,,647.0,,,,,,158.0,20.0,21.0,26.0,,,24.0,,129.0,,4.0
170675,,,,,,,,456.0,,213.0,,,,,,64.0,14.0,28.0,46.0,,,18.0,,61.0,1.0,
170736,,,,,,,,5.0,,2.0,,,,,,1.0,1.0,,,,,,,1.0,,
170790,,,,,,,,1138.0,,468.0,,,,,,68.0,71.0,102.0,62.0,,,59.0,,137.0,41.0,
170806,,,,,,,,419.0,,199.0,,,,,,52.0,7.0,11.0,10.0,11.0,,20.0,,16.0,8.0,
170842,,,,,,,,184.0,,95.0,,,,,,21.0,11.0,2.0,15.0,2.0,,13.0,,16.0,2.0,1.0
170967,,,,,,,,154.0,,78.0,,,,,,17.0,5.0,6.0,10.0,1.0,,5.0,1.0,8.0,3.0,
170976,,,,,,,,20648.0,,6713.0,,,,,,1537.0,2331.0,3687.0,536.0,437.0,,1437.0,,2072.0,680.0,195.0
171012,,,,,,,,9.0,,3.0,,,,,,2.0,1.0,,,,,1.0,,1.0,,
171100,,,,,,,,11577.0,,2948.0,477.0,493.0,,,,900.0,1235.0,1343.0,352.0,353.0,,997.0,2.0,1163.0,357.0,137.0
171128,,,,,,,,1455.0,,422.0,136.0,,,,,63.0,169.0,135.0,75.0,3.0,,153.0,1.0,177.0,42.0,18.0
171137,,,,,,,,859.0,,399.0,1.0,,,,,89.0,95.0,41.0,9.0,4.0,,35.0,,87.0,15.0,6.0
171146,,,,,,,,920.0,,407.0,,,,,,81.0,88.0,55.0,12.0,5.0,,56.0,,103.0,14.0,7.0
171155,,,,,,,,244.0,,98.0,,,,,,48.0,8.0,10.0,15.0,,,16.0,2.0,27.0,2.0,1.0
171225,,,,,,,,215.0,,96.0,,,,,,29.0,2.0,11.0,9.0,,,21.0,,32.0,3.0,
171234,,,,,,,,135.0,,57.0,,,,,,20.0,1.0,9.0,2.0,,,13.0,,22.0,,
171261,,,,,,,,13.0,,8.0,,,,,,1.0,1.0,,,,,1.0,,1.0,,
171304,,,,,,,,282.0,,158.0,,,,,,23.0,5.0,4.0,10.0,,,22.0,,51.0,,
171322,,,,,,,,51.0,,24.0,,,,,,10.0,3.0,1.0,,,,,,13.0,,
171395,,,,,,,,127.0,,43.0,,,,,,29.0,5.0,5.0,,1.0,,18.0,,16.0,,
171456,,,,,,,,987.0,,358.0,,,,,,80.0,48.0,42.0,71.0,12.0,,131.0,2.0,143.0,30.0,7.0
171465,,,,,,,,7.0,,4.0,,,,,,1.0,,,,,,,1.0,1.0,,
171483,,,,,,,,448.0,,169.0,,,,,,31.0,25.0,24.0,19.0,1.0,,46.0,2.0,66.0,4.0,1.0
171492,,,,,,,,443.0,,179.0,,,,,,42.0,42.0,19.0,69.0,4.0,,21.0,2.0,42.0,12.0,
171535,,,,,,,,1134.0,,586.0,,,,,,84.0,42.0,25.0,43.0,,,93.0,,199.0,7.0,22.0
171571,,,,,,,,1877.0,,806.0,7.0,,,,,72.0,145.0,105.0,132.0,11.0,,123.0,,237.0,46.0,
171599,,,,,,,,171.0,,55.0,1.0,,,,,19.0,12.0,3.0,30.0,2.0,,16.0,,20.0,7.0,
171775,,,,,,,,5.0,,3.0,,,,,,1.0,,,,,,,,1.0,,
171881,,,,,,,,53.0,,22.0,,,,,,5.0,3.0,1.0,,,,1.0,,14.0,1.0,
171988,,,,,,,,14.0,,7.0,,,,,,3.0,,,,,,,,1.0,,
171997,,,,,,,,15.0,,8.0,,,,,,3.0,,,,,,,,1.0,,
172015,,,,,,,,18.0,,8.0,,,,,,3.0,,,,,,,,0.0,,
172033,,,,,,,,63.0,,29.0,,,,,,16.0,1.0,1.0,,,,,,7.0,,
172051,,,,,,,,945.0,,444.0,,,,,,103.0,26.0,34.0,59.0,11.0,,70.0,,111.0,23.0,
172200,,,,,,,,576.0,,240.0,,,,,,51.0,19.0,31.0,10.0,,,75.0,,63.0,,
172264,,,,,,,,329.0,,137.0,,,,,,66.0,9.0,7.0,32.0,2.0,,21.0,,23.0,7.0,
172291,,,,,,,,238.0,,123.0,,,,,,24.0,9.0,1.0,17.0,1.0,,22.0,,34.0,1.0,
172307,,,,,,,,190.0,,84.0,,,,,,24.0,7.0,13.0,8.0,,,7.0,,15.0,8.0,
172325,,,,,,,,76.0,,21.0,,,,,,17.0,4.0,2.0,3.0,,,0.0,,5.0,,
172334,,,,,,,,442.0,,229.0,,,,,,47.0,89.0,11.0,6.0,1.0,,6.0,,45.0,7.0,
172422,,,,,,,,68.0,,23.0,,,,,,6.0,2.0,1.0,5.0,,,27.0,,4.0,,
172440,,,,,,,,142.0,,44.0,,3.0,,,,18.0,5.0,1.0,17.0,,,14.0,,6.0,8.0,
172477,,,,,,,,268.0,,84.0,,,,,,39.0,6.0,13.0,6.0,,,1.0,3.0,30.0,11.0,
172495,,,,,,,,22.0,,13.0,,,,,,6.0,2.0,,,,,,,1.0,,
172608,,,,,,,,178.0,,80.0,,,,,,28.0,8.0,,10.0,,,8.0,,17.0,,
172617,,,,,,,,858.0,,341.0,3.0,,,,,109.0,23.0,38.0,19.0,,,62.0,,133.0,27.0,
172635,,,,,,,,733.0,,293.0,,,,,,33.0,35.0,13.0,7.0,,,79.0,,128.0,,1.0
172644,,,,,,,,5564.0,,2016.0,801.0,,,,,479.0,537.0,251.0,89.0,163.0,,308.0,,486.0,52.0,96.0
172671,,,,,,,,114.0,,50.0,1.0,,,,,19.0,1.0,5.0,0.0,,,15.0,1.0,14.0,3.0,
172680,,,,,,,,7.0,,4.0,,,,,,2.0,,,,,,,,1.0,,
172699,,,,,,,,2854.0,,1057.0,,,,,,91.0,204.0,186.0,143.0,32.0,,364.0,1.0,369.0,145.0,38.0
172705,,,,,,,,55.0,,18.0,,4.0,,,,3.0,1.0,,,,,,8.0,7.0,2.0,
172802,,,,,,,,6.0,,3.0,,,,,,2.0,,,,,,,,0.0,,
172866,,,,,,,,11.0,,5.0,,,,,,2.0,,,,,,,,1.0,,
172918,,,,,,,,143.0,,75.0,,,,,,8.0,4.0,8.0,1.0,,,8.0,4.0,16.0,3.0,
172927,,,,,,,,30.0,,6.0,,,,,,8.0,2.0,1.0,11.0,,,,,,1.0,
172954,,,,,,,,114.0,,66.0,,,,,,3.0,2.0,5.0,1.0,,,4.0,5.0,12.0,3.0,
172963,,,,,,,,362.0,,165.0,,,,,,17.0,18.0,15.0,5.0,,,19.0,4.0,45.0,7.0,
173045,,,,,,,,590.0,,241.0,1.0,,,,,70.0,109.0,17.0,45.0,,,39.0,5.0,46.0,11.0,
173063,,,,,,,,193.0,,89.0,,,,,,8.0,8.0,8.0,3.0,1.0,,13.0,7.0,22.0,5.0,
173115,,,,,,,,60.0,,34.0,,,,,,2.0,10.0,2.0,,,,1.0,,3.0,2.0,
173124,,,,,,,,461.0,,191.0,,,,,,19.0,20.0,22.0,35.0,2.0,,39.0,,55.0,26.0,1.0
173142,,,,,,,,130.0,,48.0,,,,,,12.0,9.0,7.0,24.0,1.0,,8.0,,9.0,4.0,
173160,,,,,,,,696.0,,290.0,,,,,,58.0,15.0,33.0,89.0,4.0,,32.0,2.0,108.0,14.0,2.0
173179,,,,,,,,35.0,,21.0,,,,,,3.0,,,3.0,,,1.0,,2.0,,
173203,,,,,,,,225.0,,101.0,,,,,,11.0,8.0,10.0,7.0,1.0,,13.0,4.0,27.0,4.0,1.0
173258,,,,,,,,649.0,,243.0,,,,,,74.0,32.0,33.0,30.0,3.0,,71.0,,77.0,23.0,2.0
173300,,,,,,,,570.0,,191.0,,,,,,55.0,41.0,25.0,56.0,0.0,,88.0,,71.0,17.0,9.0
173328,,,,,,,,361.0,,176.0,,,,,,29.0,3.0,12.0,57.0,,,,1.0,40.0,7.0,
173416,,,,,,,,189.0,,95.0,,,,,,9.0,8.0,8.0,5.0,1.0,,10.0,6.0,14.0,8.0,
173452,,,,,,,,136.0,,78.0,,,,,,5.0,2.0,3.0,4.0,0.0,,10.0,,18.0,3.0,3.0
173461,,,,,,,,249.0,,128.0,,,,,,10.0,12.0,11.0,0.0,0.0,,14.0,2.0,25.0,6.0,
173470,,,,,,,,2.0,,2.0,,,,,,0.0,0.0,,,,,,,,,
173489,,,,,,,,20.0,,11.0,,,,,,3.0,1.0,,,,,,1.0,3.0,,
173559,,,,,,,,369.0,,179.0,,,,,,18.0,12.0,16.0,9.0,1.0,,19.0,5.0,46.0,6.0,
173629,,,,,,,,55.0,,39.0,,,,,,5.0,,,,,,,,2.0,,
173638,,,,,,,,166.0,,90.0,,,,,,10.0,4.0,4.0,2.0,,,10.0,6.0,18.0,5.0,
173647,,,,,,,,599.0,,215.0,,,,,,7.0,46.0,24.0,94.0,7.0,,126.0,,68.0,,
173665,,,,,,,,613.0,,250.0,,,,,,90.0,54.0,25.0,42.0,3.0,,24.0,,29.0,5.0,10.0
173683,,,,,,,,15.0,,7.0,,,,,,4.0,,,,,,,,3.0,,
173708,,,,,,,,341.0,,156.0,,,,,,13.0,16.0,14.0,1.0,2.0,,23.0,12.0,38.0,8.0,
173726,,,,,,,,3.0,,2.0,,,,,,0.0,0.0,,,,,,,,,
173735,,,,,,,,97.0,,49.0,,,,,,3.0,2.0,2.0,1.0,,,7.0,4.0,11.0,3.0,
173744,,,,,,,,63.0,,25.0,,,,,,15.0,7.0,,,,,,3.0,11.0,1.0,
173799,,,,,,,,250.0,,131.0,,,,,,12.0,9.0,12.0,3.0,0.0,,15.0,4.0,23.0,3.0,
173805,,,,,,,,74.0,,40.0,,,,,,2.0,2.0,2.0,1.0,,,7.0,1.0,6.0,2.0,
173887,,,,,,,,80.0,,34.0,,,,,,11.0,1.0,,,,,,,30.0,,
173896,,,,,,,,113.0,,30.0,,,,,,36.0,12.0,4.0,2.0,0.0,,7.0,,14.0,,
173902,,,,,,,,634.0,,217.0,6.0,,,,,64.0,51.0,29.0,39.0,6.0,,48.0,,70.0,21.0,
173911,,,,,,,,236.0,,120.0,,,,,,8.0,11.0,10.0,2.0,1.0,,13.0,9.0,25.0,5.0,
173920,,,,,,,,1286.0,,562.0,,,,,,29.0,36.0,83.0,87.0,8.0,,92.0,3.0,154.0,43.0,2.0
173939,,,,,,,,159.0,,4.0,,,,,,39.0,23.0,11.0,5.0,,,,,76.0,,
173957,,,,,,,,162.0,,147.0,,,,,,,,,,,,,,12.0,,
173966,,,,,,,,90.0,,76.0,,,,,,,,,,,,,,9.0,,
173984,,,,,,,,136.0,,62.0,,,,,,30.0,,,,,,,,42.0,,
173993,,,,,,,,75.0,,39.0,,,,,,3.0,2.0,2.0,0.0,,,4.0,,9.0,3.0,
174020,,,,,,,,611.0,,284.0,,,,,,21.0,36.0,28.0,9.0,1.0,,,1.0,73.0,5.0,
174066,,,,,,,,16212.0,,3860.0,1613.0,316.0,,,,831.0,2192.0,2162.0,857.0,362.0,,1108.0,29.0,1776.0,514.0,68.0
174075,,,,,,,,256.0,,91.0,,,,,,16.0,25.0,19.0,33.0,4.0,,24.0,0.0,22.0,11.0,2.0
174118,,,,,,,,31.0,,9.0,,,,,,7.0,,,,,,,10.0,4.0,,
174127,,,,,,,,189.0,,66.0,,,,,,25.0,10.0,8.0,19.0,,,19.0,,21.0,4.0,
174136,,,,,,,,441.0,,200.0,,,,,,15.0,17.0,18.0,4.0,1.0,,39.0,5.0,49.0,10.0,
174154,,,,,,,,41.0,,27.0,,,,,,3.0,,0.0,,,,0.0,,4.0,,
174190,,,,,,,,19.0,,9.0,,,,,,3.0,,,,,,,,1.0,,
174206,,,,,,,,24.0,,10.0,,,,,,3.0,1.0,0.0,1.0,,,0.0,,5.0,,
174233,,,,,,,,1471.0,,533.0,49.0,6.0,,,,64.0,161.0,132.0,104.0,10.0,,140.0,14.0,171.0,45.0,5.0
174251,,,,,,,,380.0,,142.0,0.0,,,,,22.0,32.0,10.0,38.0,2.0,,50.0,,50.0,21.0,1.0
174279,,,,,,,,89.0,,40.0,,,,,,11.0,,,,,,,,6.0,,
174321,,,,,,,,8.0,,5.0,,,,,,,1.0,,,,,,,2.0,,
174358,,,,,,,,606.0,,269.0,,,,,,15.0,22.0,28.0,44.0,7.0,,52.0,1.0,69.0,19.0,
174376,,,,,,,,312.0,,155.0,,,,,,14.0,17.0,14.0,1.0,1.0,,22.0,1.0,26.0,7.0,
174385,,,,,,,,17.0,,6.0,,,,,,2.0,,,,,,,,2.0,,
174394,,,,,,,,17.0,,13.0,,,,,,1.0,,2.0,,,,,,,,
174428,,,,,,,,448.0,,225.0,,,,,,15.0,18.0,27.0,3.0,,,31.0,3.0,49.0,7.0,
174437,,,,,,,,183.0,,71.0,,,,,,19.0,2.0,8.0,23.0,,,15.0,1.0,30.0,7.0,
174473,,,,,,,,204.0,,102.0,,,,,,10.0,7.0,9.0,9.0,0.0,,11.0,3.0,16.0,7.0,
174491,,,,,,,,441.0,,136.0,,,,,,40.0,52.0,,37.0,4.0,,31.0,,56.0,9.0,1.0
174507,,,,,,,,159.0,,54.0,4.0,,,,,22.0,8.0,6.0,1.0,6.0,,12.0,3.0,26.0,,
174525,,,,,,,,29.0,,7.0,,,,,,5.0,1.0,,,,,1.0,1.0,2.0,2.0,
174534,,,,,,,,5.0,,4.0,,,,,,1.0,,,,,,,,,,
174570,,,,,,,,97.0,,29.0,,,,,,9.0,3.0,7.0,8.0,,,2.0,2.0,15.0,2.0,
174604,,,,,,,,27.0,,13.0,,,,,,,0.0,0.0,2.0,,,2.0,,2.0,1.0,
174738,,,,,,,,343.0,,165.0,,,,,,9.0,15.0,20.0,9.0,2.0,,28.0,4.0,37.0,9.0,
174747,,,,,,,,468.0,,160.0,,,,,,43.0,25.0,20.0,36.0,6.0,,77.0,2.0,46.0,10.0,11.0
174756,,,,,,,,254.0,,129.0,,,,,,13.0,6.0,7.0,4.0,0.0,,10.0,7.0,31.0,7.0,
174765,,,,,,,,4.0,,4.0,,,,,,,,,,,,,,,,
174783,,,,,,,,1197.0,,509.0,,,,,,28.0,60.0,62.0,62.0,7.0,,88.0,3.0,140.0,44.0,2.0
174792,,,,,,,,476.0,,149.0,,,,,,44.0,27.0,21.0,46.0,3.0,,71.0,,66.0,,7.0
174817,,,,,,,,577.0,,209.0,,,,,,71.0,28.0,35.0,63.0,1.0,,40.0,1.0,73.0,17.0,
174844,,,,,,,,667.0,,251.0,,,,,,42.0,50.0,25.0,69.0,2.0,,98.0,,48.0,19.0,4.0
174862,,,,,,,,115.0,,55.0,,,,,,17.0,2.0,2.0,8.0,0.0,,,7.0,13.0,,
174899,,,,,,,,542.0,,259.0,,,,,,32.0,49.0,20.0,70.0,8.0,,28.0,,46.0,10.0,1.0
174914,,,,,,,,1598.0,,592.0,,,,,,218.0,132.0,112.0,37.0,6.0,,198.0,10.0,168.0,15.0,17.0
174978,,,,,,,,12.0,,8.0,,,,,,2.0,,,,,,,,1.0,,
175005,,,,,,,,783.0,,361.0,,,,,,97.0,37.0,30.0,92.0,3.0,,54.0,3.0,70.0,12.0,
175014,,,,,,,,424.0,,126.0,,,,,,60.0,21.0,,,,,,,12.0,,
175041,,,,,,,,305.0,,155.0,,,,,,15.0,12.0,14.0,3.0,0.0,,22.0,2.0,30.0,5.0,
175078,,,,,,,,319.0,,140.0,,,,,,12.0,15.0,10.0,31.0,,,28.0,1.0,25.0,12.0,
175120,,,,,,,,52.0,,16.0,,,,,,14.0,3.0,,,,,3.0,,3.0,,
175139,,,,,,,,34.0,,13.0,,1.0,,,,5.0,2.0,1.0,,,,,,4.0,,
175157,,,,,,,,51.0,,21.0,,,,,,1.0,2.0,1.0,2.0,,,7.0,,4.0,2.0,
175227,,,,,,,,179.0,,99.0,,,,,,26.0,19.0,3.0,13.0,,,,,6.0,1.0,1.0
175236,,,,,,,,247.0,,121.0,,,,,,11.0,7.0,10.0,3.0,1.0,,15.0,10.0,31.0,5.0,0.0
175263,,,,,,,,136.0,,71.0,,,,,,7.0,10.0,5.0,1.0,,,5.0,4.0,9.0,5.0,
175272,,,,,,,,803.0,,387.0,,,,,,21.0,38.0,49.0,51.0,4.0,,54.0,2.0,76.0,22.0,
175281,,,,,,,,214.0,,109.0,,,,,,25.0,15.0,5.0,18.0,,,6.0,,18.0,4.0,
175315,,,,,,,,490.0,,224.0,,,,,,21.0,21.0,22.0,10.0,2.0,,29.0,2.0,57.0,11.0,
175342,,,,,,,,727.0,,181.0,5.0,1.0,,,,51.0,8.0,51.0,83.0,2.0,,109.0,2.0,159.0,28.0,5.0
175421,,,,,,,,501.0,,239.0,,,,,,43.0,10.0,9.0,37.0,,,49.0,4.0,29.0,,
175430,,,,,,,,92.0,,40.0,,,,,,9.0,5.0,4.0,8.0,,,,,22.0,1.0,
175494,,,,,,,,7.0,,5.0,,,,,,1.0,,,,,,,,,,
175519,,,,,,,,216.0,,79.0,,,,,,23.0,2.0,1.0,22.0,1.0,,27.0,2.0,35.0,3.0,4.0
175528,,,,,,,,51.0,,24.0,,,,,,3.0,,1.0,,,,0.0,10.0,10.0,,
175573,,,,,,,,329.0,,119.0,,,,,,29.0,7.0,6.0,13.0,1.0,,81.0,1.0,36.0,1.0,1.0
175607,,,,,,,,3.0,,2.0,,,,,,1.0,,,,,,,,0.0,,
175616,,,,,,,,515.0,,188.0,,,,,,36.0,11.0,1.0,31.0,5.0,,87.0,0.0,107.0,19.0,8.0
175643,,,,,,,,244.0,,116.0,,,,,,14.0,2.0,3.0,1.0,,,,1.0,25.0,30.0,
175652,,,,,,,,372.0,,138.0,,,,,,14.0,6.0,9.0,26.0,2.0,,37.0,0.0,58.0,19.0,5.0
175698,,,,,,,,8.0,,3.0,,,,,,3.0,,,,,,,,2.0,,
175722,,,,,,,,3.0,,2.0,,,,,,,,,,,,,,1.0,,
175786,,,,,,,,1238.0,,510.0,,,,,,147.0,8.0,22.0,45.0,,,156.0,,256.0,45.0,1.0
175810,,,,,,,,468.0,,234.0,,,,,,22.0,4.0,10.0,24.0,,,89.0,,51.0,,
175829,,,,,,,,483.0,,229.0,,2.0,,,,12.0,7.0,11.0,59.0,,,69.0,9.0,59.0,9.0,4.0
175856,,,,,,,,1312.0,,460.0,,,,,,120.0,31.0,68.0,39.0,7.0,,97.0,,430.0,32.0,21.0
175883,,,,,,,,374.0,,147.0,,,,,,16.0,2.0,9.0,28.0,1.0,,60.0,5.0,52.0,12.0,
175935,,,,,,,,349.0,,156.0,,,,,,21.0,9.0,8.0,19.0,,,36.0,7.0,31.0,9.0,
175980,,,,,,,,279.0,,96.0,,,,,,16.0,,3.0,26.0,1.0,,27.0,7.0,83.0,11.0,
175999,,,,,,,,82.0,,,,,,,,34.0,12.0,14.0,,,,3.0,,15.0,4.0,
176008,,,,,,,,292.0,,135.0,,,,,,15.0,6.0,7.0,11.0,0.0,,52.0,4.0,48.0,,1.0
176017,,,,,,,,11590.0,,1913.0,1.0,,,,,551.0,943.0,717.0,362.0,3821.0,,1398.0,5.0,1271.0,368.0,42.0
176035,,,,,,,,343.0,,158.0,,,,,,32.0,13.0,12.0,26.0,3.0,,23.0,1.0,62.0,,4.0
176044,,,,,,,,503.0,,129.0,,,,,,47.0,23.0,16.0,68.0,1.0,,82.0,1.0,76.0,21.0,11.0
176053,,,,,,,,643.0,,300.0,,,,,,58.0,20.0,14.0,53.0,2.0,,53.0,,94.0,16.0,1.0
176062,,,,,,,,5.0,,3.0,,,,,,,,,,,,,,2.0,,
176071,,,,,,,,809.0,,371.0,2.0,,,,,47.0,19.0,8.0,37.0,,,143.0,10.0,147.0,,
176080,,,,,,,,4672.0,,1007.0,86.0,149.0,,,,138.0,438.0,604.0,203.0,124.0,,309.0,3.0,701.0,192.0,57.0
176169,,,,,,,,294.0,,126.0,,,,,,20.0,3.0,4.0,34.0,,,49.0,,40.0,,2.0
176178,,,,,,,,657.0,,269.0,,,,,,39.0,5.0,15.0,55.0,,,132.0,2.0,67.0,30.0,4.0
176239,,,,,,,,453.0,,222.0,,,,,,30.0,4.0,,13.0,1.0,,61.0,8.0,59.0,12.0,
176318,,,,,,,,184.0,,47.0,,,,,,17.0,13.0,6.0,10.0,1.0,,28.0,,28.0,5.0,2.0
176336,,,,,,,,12.0,,7.0,,,,,,,,1.0,,,,,,2.0,,
176354,,,,,,,,199.0,,78.0,,,,,,14.0,1.0,3.0,16.0,2.0,,37.0,,21.0,7.0,1.0
176372,,,,,,,,2378.0,,762.0,47.0,,,,,114.0,501.0,95.0,103.0,33.0,,205.0,,330.0,88.0,11.0
176390,,,,,,,,14.0,,8.0,,,,,,2.0,1.0,,,,,,1.0,1.0,,
176406,,,,,,,,274.0,,84.0,,,,,,25.0,13.0,8.0,2.0,0.0,,33.0,,106.0,,
176451,,,,,,,,15.0,,5.0,,,,,,3.0,1.0,0.0,0.0,,,,1.0,1.0,,
176479,,,,,,,,425.0,,214.0,,,,,,22.0,6.0,10.0,24.0,1.0,,27.0,,69.0,12.0,
176600,,,,,,,,30.0,,16.0,,,,,,2.0,3.0,1.0,,,,,,4.0,,
176619,,,,,,,,44.0,,13.0,,,,,,6.0,1.0,,,,,,,21.0,,
176628,,,,,,,,278.0,,119.0,,,,,,39.0,8.0,8.0,21.0,1.0,,11.0,,32.0,,
176637,,,,,,,,52.0,,25.0,,,,,,6.0,2.0,1.0,,,,,,16.0,,
176664,,,,,,,,61.0,,22.0,,,,,,16.0,2.0,2.0,1.0,,,6.0,,9.0,,
176716,,,,,,,,10.0,,6.0,,,,,,1.0,1.0,,,,,,1.0,1.0,,
176770,,,,,,,,112.0,,66.0,,6.0,,,,6.0,2.0,2.0,,,,,1.0,4.0,,
176789,,,,,,,,70.0,,28.0,,,,,,22.0,1.0,2.0,1.0,,,3.0,3.0,8.0,1.0,
176798,,,,,,,,53.0,,33.0,,,,,,5.0,,,,,,5.0,,6.0,,
176910,,,,,,,,37.0,,14.0,,,,,,6.0,1.0,1.0,2.0,,,2.0,2.0,8.0,,
176947,,,,,,,,226.0,,83.0,,,,,,13.0,10.0,7.0,37.0,2.0,,28.0,2.0,28.0,6.0,
176965,,,,,,,,1440.0,,589.0,0.0,,,,,141.0,116.0,52.0,51.0,18.0,,151.0,,186.0,50.0,18.0
176983,,,,,,,,42.0,,30.0,,,,,,2.0,,,,,,4.0,,3.0,,
176992,,,,,,,,3.0,,1.0,,,,,,1.0,0.0,,,,,,,,,
177038,,,,,,,,90.0,,39.0,0.0,,,,,17.0,1.0,,1.0,1.0,,3.0,4.0,20.0,,
177056,,,,,,,,18.0,,10.0,,,,,,1.0,2.0,,0.0,,,,,3.0,,
177065,,,,,,,,949.0,,307.0,,,,,,138.0,64.0,59.0,136.0,3.0,,50.0,,142.0,9.0,1.0
177083,,,,,,,,15.0,,5.0,,,,,,2.0,,,,,,,,1.0,,
177092,,,,,,,,123.0,,41.0,,1.0,,,,12.0,8.0,5.0,10.0,,,3.0,13.0,18.0,,
177117,,,,,,,,155.0,,40.0,1.0,,,,,50.0,,,,,,42.0,,18.0,,
177126,,,,,,,,82.0,,23.0,,,,,,4.0,8.0,,,,,9.0,,23.0,,
177135,,,,,,,,451.0,,259.0,,,,,,20.0,6.0,11.0,3.0,,,10.0,1.0,58.0,5.0,
177144,,,,,,,,187.0,,62.0,,,,,,20.0,,3.0,39.0,,,37.0,1.0,21.0,,
177214,,,,,,,,496.0,,232.0,,,,,,24.0,15.0,21.0,29.0,3.0,,47.0,,48.0,15.0,
177250,,,,,,,,266.0,,119.0,,,,,,24.0,19.0,11.0,7.0,,,16.0,4.0,39.0,3.0,
177278,,,,,,,,32.0,,10.0,,,,,,5.0,1.0,,0.0,,,3.0,,7.0,1.0,
177287,,,,,,,,18.0,,9.0,,,,,,4.0,1.0,,,,,,1.0,2.0,1.0,
177302,,,,,,,,94.0,,26.0,,,,,,5.0,13.0,2.0,,,,,27.0,6.0,,
177339,,,,,,,,348.0,,119.0,,,,,,37.0,6.0,11.0,25.0,6.0,,46.0,,44.0,13.0,
177418,,,,,,,,321.0,,121.0,,,,,,54.0,5.0,10.0,18.0,2.0,,22.0,1.0,55.0,2.0,
177436,,,,,,,,31.0,,2.0,,,,,,4.0,,,,,,2.0,,2.0,,
177472,,,,,,,,1040.0,,467.0,,,,,,61.0,27.0,48.0,16.0,1.0,,120.0,23.0,48.0,,2.0
177542,,,,,,,,161.0,,75.0,,,,,,13.0,3.0,1.0,20.0,3.0,,5.0,,35.0,,
177551,,,,,,,,244.0,,86.0,,,,,,32.0,7.0,11.0,23.0,,,17.0,,24.0,7.0,2.0
177579,,,,,,,,62.0,,26.0,,,,,,9.0,,,,,,,,3.0,,
177588,,,,,,,,9.0,,3.0,,,,,,3.0,,,,,,,,3.0,,
177603,,,,,,,,11.0,,5.0,,,,,,3.0,,,,,,,,3.0,,
177676,,,,,,,,373.0,,168.0,,,,,,35.0,4.0,17.0,13.0,2.0,,24.0,2.0,74.0,10.0,
177685,,,,,,,,7.0,,3.0,,,,,,1.0,2.0,,,,,,,1.0,,
177719,,,,,,,,98.0,,47.0,3.0,,,,,13.0,2.0,3.0,4.0,2.0,,,,8.0,,
177746,,,,,,,,188.0,,73.0,,,,,,15.0,8.0,5.0,21.0,,,20.0,9.0,26.0,3.0,3.0
177816,,,,,,,,50.0,,25.0,,,,,,4.0,5.0,1.0,,,,2.0,,6.0,3.0,
177834,,,,,,,,940.0,,379.0,,,,,,62.0,27.0,42.0,18.0,18.0,,82.0,,284.0,9.0,11.0
177870,,,,,,,,23.0,,15.0,,,,,,,,,,,,,,3.0,,
177931,,,,,,,,15.0,,10.0,,,,,,1.0,1.0,,1.0,,,,,2.0,,
177940,,,,,,,,473.0,,144.0,23.0,8.0,,,,33.0,18.0,30.0,55.0,3.0,,48.0,,61.0,22.0,2.0
177968,,,,,,,,1194.0,,731.0,,,,,,53.0,39.0,22.0,115.0,,,84.0,1.0,7.0,,
177977,,,,,,,,182.0,,94.0,,,,,,22.0,2.0,4.0,3.0,,,15.0,,23.0,,
177986,,,,,,,,218.0,,68.0,7.0,1.0,,,,32.0,22.0,9.0,4.0,5.0,,18.0,,40.0,6.0,1.0
177995,,,,,,,,1512.0,,639.0,5.0,,,,,91.0,15.0,50.0,132.0,7.0,,81.0,,356.0,26.0,9.0
178004,,,,,,,,28.0,,18.0,,,,,,2.0,,,,,,1.0,,3.0,,
178059,,,,,,,,546.0,,297.0,,,,,,88.0,35.0,21.0,29.0,11.0,,23.0,1.0,31.0,,
178077,,,,,,,,11.0,,5.0,,,,,,3.0,1.0,,,,,,,2.0,,
178110,,,,,,,,12.0,,8.0,,,,,,,,,,,,,,4.0,,
178183,,,,,,,,19.0,,10.0,,,,,,2.0,1.0,,,,,,,1.0,,
178208,,,,,,,,103.0,,34.0,1.0,1.0,,,,11.0,6.0,3.0,5.0,,,2.0,,15.0,9.0,
178217,,,,,,,,294.0,,142.0,,,,,,30.0,5.0,9.0,18.0,,,26.0,,48.0,,
178244,,,,,,,,407.0,,143.0,,,,,,28.0,19.0,11.0,34.0,5.0,,27.0,,81.0,7.0,3.0
178262,,,,,,,,8.0,,4.0,,,,,,1.0,1.0,,,,,,,,,
178305,,,,,,,,55.0,,33.0,,,,,,4.0,2.0,1.0,,,,,7.0,2.0,,
178314,,,,,,,,3.0,,2.0,,,,,,1.0,,,,,,,,,,
178341,,,,,,,,596.0,,251.0,,,,,,55.0,5.0,27.0,38.0,3.0,,57.0,,101.0,25.0,
178369,,,,,,,,226.0,,111.0,,,,,,9.0,5.0,5.0,9.0,1.0,,27.0,,23.0,,
178387,,,,,,,,592.0,,266.0,,,,,,28.0,13.0,12.0,41.0,2.0,,55.0,,80.0,17.0,
178396,,,,,,,,9451.0,,2130.0,343.0,133.0,,,,884.0,344.0,1031.0,713.0,502.0,,667.0,30.0,1744.0,411.0,114.0
178402,,,,,,,,2846.0,,892.0,17.0,4.0,,,,272.0,89.0,205.0,257.0,408.0,,182.0,2.0,360.0,66.0,10.0
178411,,,,,,,,1362.0,,414.0,21.0,,,,,169.0,45.0,110.0,141.0,11.0,,109.0,2.0,247.0,74.0,1.0
178420,,,,,,,,1659.0,,603.0,11.0,19.0,,,,208.0,87.0,101.0,211.0,14.0,,110.0,4.0,202.0,53.0,6.0
178439,,,,,,,,481.0,,,,,,,,95.0,96.0,176.0,27.0,,,1.0,6.0,59.0,1.0,
178448,,,,,,,,348.0,,153.0,,1.0,,,,35.0,3.0,10.0,8.0,,,30.0,,47.0,5.0,1.0
178466,,,,,,,,52.0,,32.0,,,,,,3.0,,1.0,1.0,,,3.0,,6.0,5.0,
178484,,,,,,,,19.0,,8.0,,,,,,4.0,2.0,,,,,,1.0,,,
178518,,,,,,,,41.0,,9.0,1.0,,,,,1.0,5.0,2.0,2.0,,,2.0,,4.0,3.0,
178527,,,,,,,,5.0,,3.0,,,,,,1.0,,,,,,,,0.0,,
178615,,,,,,,,766.0,,348.0,,,,,,28.0,15.0,32.0,107.0,10.0,,51.0,1.0,86.0,46.0,8.0
178624,,,,,,,,727.0,,261.0,,,,,,27.0,104.0,27.0,35.0,9.0,,87.0,4.0,84.0,39.0,10.0
178679,,,,,,,,114.0,,34.0,1.0,,,,,10.0,8.0,6.0,5.0,0.0,,23.0,2.0,19.0,,
178697,,,,,,,,323.0,,102.0,,,,,,32.0,3.0,5.0,6.0,3.0,,52.0,2.0,33.0,46.0,14.0
178721,,,,,,,,797.0,,413.0,,,,,,43.0,53.0,28.0,23.0,1.0,,31.0,,70.0,8.0,
178767,,,,,,,,16.0,,9.0,,,,,,2.0,1.0,,,,,,1.0,1.0,,
178828,,,,,,,,23.0,,15.0,,,,,,3.0,,,,,,2.0,,2.0,,
178891,,,,,,,,187.0,,108.0,,,,,,4.0,23.0,5.0,,,,6.0,,13.0,,
178989,,,,,,,,46.0,,33.0,1.0,,,,,2.0,2.0,1.0,,,,,,3.0,,
179043,,,,,,,,385.0,,165.0,,,,,,33.0,17.0,16.0,40.0,2.0,,37.0,4.0,39.0,11.0,
179052,,,,,,,,33.0,,22.0,,,,,,3.0,1.0,,,,,2.0,,1.0,,
179070,,,,,,,,25.0,,8.0,,,,,,6.0,,,,,,,,9.0,,
179159,,,,,,,,4496.0,,1650.0,,,,,,583.0,249.0,284.0,142.0,252.0,,467.0,1.0,784.0,1.0,35.0
179195,,,,,,,,5.0,,2.0,,,,,,,,,,,,,,3.0,,
179229,,,,,,,,5.0,,4.0,,,,,,,1.0,,,,,,,,,
179238,,,,,,,,29.0,,11.0,,,,,,,,,2.0,8.0,,,,6.0,1.0,
179256,,,,,,,,31.0,,15.0,,,,,,4.0,,0.0,2.0,,,5.0,0.0,4.0,,
179265,,,,,,,,245.0,,110.0,,,,,,48.0,6.0,16.0,13.0,,,8.0,,36.0,5.0,
179308,,,,,,,,1862.0,,740.0,,,,,,108.0,173.0,65.0,37.0,2.0,,128.0,,340.0,39.0,6.0
179317,,,,,,,,43.0,,17.0,,,,,,4.0,4.0,,1.0,,,,,4.0,,
179326,,,,,,,,414.0,,184.0,,,,,,49.0,19.0,9.0,33.0,0.0,,44.0,,53.0,3.0,
179344,,,,,,,,190.0,,66.0,,,,,,9.0,6.0,12.0,19.0,1.0,,19.0,1.0,27.0,,
179450,,,,,,,,48.0,,26.0,,,,,,15.0,2.0,,,,,,,5.0,,
179511,,,,,,,,32.0,,9.0,,,,,,7.0,4.0,1.0,,,,2.0,4.0,5.0,,
179539,,,,,,,,330.0,,182.0,,,,,,6.0,,,0.0,,,21.0,,120.0,,
179548,,,,,,,,236.0,,77.0,,,,,,16.0,17.0,9.0,19.0,0.0,,30.0,10.0,15.0,16.0,
179557,,,,,,,,1159.0,,407.0,,,,,,55.0,119.0,30.0,127.0,6.0,,112.0,,140.0,68.0,33.0
179566,,,,,,,,2375.0,,865.0,5.0,,,,,90.0,156.0,130.0,192.0,44.0,,220.0,11.0,346.0,92.0,11.0
179645,,,,,,,,273.0,,124.0,,,,,,29.0,7.0,14.0,16.0,,,8.0,5.0,31.0,4.0,
179715,,,,,,,,134.0,,57.0,,,,,,11.0,9.0,7.0,,,,12.0,3.0,29.0,,
179812,,,,,,,,238.0,,50.0,6.0,,,,,30.0,14.0,15.0,6.0,8.0,,40.0,,38.0,8.0,1.0
179867,,,,,,,,13158.0,,1745.0,863.0,1024.0,,,,848.0,948.0,1776.0,377.0,1639.0,,1237.0,12.0,2205.0,245.0,57.0
179894,,,,,,,,1319.0,,625.0,,,,,,148.0,46.0,49.0,88.0,1.0,,24.0,,185.0,17.0,
179919,,,,,,,,64.0,,20.0,,,,,,11.0,2.0,2.0,4.0,2.0,,6.0,1.0,11.0,,
179946,,,,,,,,203.0,,67.0,,,,,,29.0,7.0,5.0,2.0,,,3.0,,25.0,15.0,
179955,,,,,,,,254.0,,103.0,,,,,,42.0,15.0,7.0,37.0,,,8.0,,29.0,9.0,
179964,,,,,,,,260.0,,119.0,,,,,,17.0,11.0,11.0,2.0,,,2.0,5.0,12.0,26.0,
179991,,,,,,,,3.0,,2.0,,,,,,0.0,,,,,,,,1.0,,
180054,,,,,,,,111.0,,50.0,,,,,,10.0,4.0,3.0,,,,5.0,1.0,14.0,2.0,
180063,,,,,,,,5.0,,4.0,,,,,,,,,,,,,,1.0,,
180090,,,,,,,,6.0,,3.0,,,,,,,2.0,,,,,,,1.0,,
180106,,,,,,,,267.0,,106.0,,,,,,45.0,21.0,7.0,26.0,3.0,,24.0,0.0,13.0,3.0,2.0
180151,,,,,,,,45.0,,16.0,,,,,,4.0,4.0,2.0,2.0,,,5.0,1.0,1.0,,
180160,,,,,,,,52.0,,12.0,,2.0,,,,4.0,1.0,3.0,6.0,,,5.0,,7.0,,
180179,,,,,,,,524.0,,215.0,,,,,,78.0,27.0,16.0,54.0,2.0,,43.0,3.0,58.0,12.0,2.0
180197,,,,,,,,254.0,,98.0,,,,,,17.0,14.0,8.0,15.0,2.0,,21.0,,30.0,2.0,
180203,,,,,,,,55.0,,16.0,,4.0,,,,13.0,2.0,2.0,,,,4.0,1.0,6.0,1.0,
180212,,,,,,,,74.0,,30.0,,,,,,4.0,4.0,2.0,,,,1.0,,20.0,7.0,
180249,,,,,,,,161.0,,74.0,,,,,,35.0,11.0,8.0,5.0,,,3.0,1.0,15.0,5.0,
180258,,,,,,,,169.0,,62.0,,,,,,15.0,15.0,6.0,29.0,3.0,,15.0,,16.0,,2.0
180276,,,,,,,,133.0,,66.0,,8.0,,,,25.0,6.0,4.0,3.0,,,5.0,2.0,10.0,3.0,
180328,,,,,,,,87.0,,19.0,6.0,,,,,3.0,7.0,7.0,8.0,,,,,10.0,5.0,
180373,,,,,,,,92.0,,33.0,,1.0,,,,15.0,1.0,1.0,5.0,,,16.0,0.0,14.0,,
180391,,,,,,,,5.0,,2.0,,,,,,1.0,1.0,,,,,,,1.0,,
180416,,,,,,,,459.0,,173.0,43.0,,,,,61.0,11.0,29.0,23.0,1.0,,52.0,2.0,39.0,8.0,4.0
180461,,,,,,,,2587.0,,717.0,34.0,28.0,,,,366.0,196.0,376.0,95.0,32.0,,220.0,16.0,193.0,88.0,34.0
180489,,,,,,,,2186.0,,652.0,52.0,64.0,,,,389.0,94.0,224.0,109.0,82.0,,181.0,9.0,195.0,62.0,20.0
180522,,,,,,,,215.0,,69.0,2.0,,,,,35.0,8.0,11.0,17.0,6.0,,20.0,,23.0,3.0,
180595,,,,,,,,218.0,,81.0,,,,,,7.0,22.0,5.0,32.0,,,22.0,,24.0,7.0,
180647,,,,,,,,167.0,,67.0,,,,,,26.0,,5.0,,,,3.0,,42.0,15.0,
180692,,,,,,,,198.0,,73.0,,,,,,17.0,8.0,7.0,21.0,3.0,,30.0,3.0,21.0,5.0,4.0
180771,,,,,,,,3.0,,2.0,,,,,,,,,,,,,1.0,,0.0,
180814,,,,,,,,738.0,,205.0,,,,,,142.0,12.0,110.0,20.0,,,6.0,23.0,33.0,16.0,
180832,,,,,,,,128.0,,55.0,0.0,,,,,27.0,11.0,5.0,3.0,,,,,4.0,5.0,
180878,,,,,,,,79.0,,49.0,,,,,,13.0,3.0,1.0,4.0,,,,,6.0,,
180902,,,,,,,,594.0,,242.0,,,,,,42.0,25.0,15.0,43.0,1.0,,34.0,2.0,99.0,16.0,3.0
180948,,,,,,,,303.0,,109.0,,,,,,23.0,11.0,13.0,27.0,1.0,,25.0,,23.0,23.0,4.0
180957,,,,,,,,21.0,,9.0,,,,,,5.0,,,,,,0.0,,6.0,,
180984,,,,,,,,268.0,,122.0,,,,,,32.0,11.0,6.0,38.0,3.0,,1.0,,25.0,,
181002,,,,,,,,1996.0,,723.0,31.0,,,,,182.0,277.0,97.0,71.0,85.0,,148.0,7.0,273.0,27.0,10.0
181020,,,,,,,,276.0,,94.0,1.0,,,,,30.0,9.0,10.0,34.0,3.0,,41.0,1.0,32.0,9.0,
181093,,,,,,,,95.0,,36.0,,,,,,6.0,2.0,5.0,15.0,0.0,,8.0,5.0,9.0,3.0,
181127,,,,,,,,249.0,,92.0,,,,,,25.0,4.0,5.0,31.0,,,,,25.0,38.0,
181136,,,,,,,,3.0,,3.0,,,,,,,,,,,,,,,,
181145,,,,,,,,6.0,,3.0,,,,,,,,,,3.0,,,,,,
181190,,,,,,,,40.0,,19.0,,,,,,13.0,1.0,,,,,,4.0,2.0,1.0,
181215,,,,,,,,833.0,,373.0,,,,,,94.0,26.0,29.0,50.0,5.0,,71.0,,110.0,25.0,9.0
181242,,,,,,,,46.0,,17.0,,,,,,9.0,1.0,1.0,7.0,,,,,1.0,,
181297,,,,,,,,125.0,,61.0,,,,,,22.0,7.0,5.0,2.0,1.0,,1.0,,11.0,,
181303,,,,,,,,1096.0,,572.0,,,,,,65.0,40.0,46.0,52.0,1.0,,81.0,6.0,150.0,25.0,
181312,,,,,,,,300.0,,147.0,3.0,16.0,,,,29.0,5.0,14.0,4.0,2.0,,,,22.0,28.0,
181330,,,,,,,,244.0,,82.0,,,,,,19.0,8.0,6.0,49.0,3.0,,2.0,,15.0,10.0,
181376,,,,,,,,31.0,,13.0,,,,,,4.0,2.0,,,,,2.0,3.0,3.0,1.0,
181394,,,,,,,,1708.0,,690.0,9.0,5.0,,,,225.0,80.0,86.0,133.0,11.0,,148.0,9.0,223.0,27.0,5.0
181400,,,,,,,,49.0,,19.0,,,,,,7.0,1.0,,11.0,,,,,,,
181419,,,,,,,,49.0,,15.0,,1.0,,,,7.0,6.0,1.0,,,,,,3.0,2.0,
181428,,,,,,,,3820.0,,464.0,215.0,435.0,,,,314.0,182.0,487.0,100.0,828.0,,152.0,2.0,515.0,71.0,19.0
181446,,,,,,,,363.0,,161.0,,,,,,16.0,17.0,10.0,60.0,4.0,,33.0,,31.0,5.0,4.0
181464,,,,,,,,5898.0,,1276.0,319.0,189.0,,,,588.0,332.0,753.0,419.0,68.0,,615.0,32.0,712.0,226.0,76.0
181491,,,,,,,,419.0,,177.0,,,,,,27.0,11.0,26.0,21.0,,,39.0,3.0,71.0,12.0,
181534,,,,,,,,196.0,,71.0,,,,,,21.0,1.0,6.0,26.0,3.0,,19.0,,26.0,13.0,1.0
181543,,,,,,,,12.0,,4.0,,1.0,,,,3.0,0.0,,1.0,,,1.0,,1.0,,
181604,,,,,,,,153.0,,60.0,,,,,,28.0,5.0,4.0,16.0,,,11.0,1.0,19.0,4.0,
181640,,,,,,,,812.0,,457.0,,,,,,34.0,26.0,20.0,20.0,1.0,,67.0,2.0,70.0,23.0,4.0
181738,,,,,,,,188.0,,78.0,,,,,,15.0,11.0,7.0,15.0,,,16.0,,18.0,7.0,
181747,,,,,,,,222.0,,,,,,,,51.0,7.0,106.0,20.0,,,,,25.0,,
181756,,,,,,,,0.0,,0.0,,,,,,,,,,,,,,,,
181765,,,,,,,,55.0,,19.0,,,,,,5.0,2.0,1.0,1.0,,,14.0,2.0,2.0,2.0,
181783,,,,,,,,416.0,,158.0,,,,,,30.0,18.0,11.0,35.0,4.0,,51.0,,50.0,16.0,7.0
181792,,,,,,,,2.0,,2.0,,,,,,,,,,,,,,,,
181817,,,,,,,,251.0,,115.0,,,,,,24.0,11.0,7.0,25.0,,,9.0,1.0,31.0,7.0,
181853,,,,,,,,100.0,,33.0,,,,,,6.0,5.0,2.0,15.0,,,11.0,11.0,7.0,4.0,
181880,,,,,,,,17.0,,11.0,,,,,,1.0,3.0,,,,,,,2.0,,
181941,,,,,,,,75.0,,47.0,,,,,,4.0,2.0,2.0,,,,1.0,6.0,11.0,,
182005,,,,,,,,1516.0,,795.0,,,,,,97.0,117.0,43.0,82.0,7.0,,77.0,,229.0,42.0,3.0
182111,,,,,,,,81.0,,32.0,,,,,,11.0,1.0,,,,,,,34.0,,
182148,,,,,,,,56.0,,27.0,,,,,,10.0,3.0,1.0,,,,,,14.0,,
182281,,,,,,,,3477.0,,1160.0,,,,,,106.0,244.0,324.0,260.0,43.0,,319.0,4.0,578.0,136.0,4.0
182290,,,,,,,,3544.0,,1016.0,149.0,30.0,,,,119.0,335.0,255.0,214.0,432.0,,177.0,9.0,633.0,139.0,7.0
182306,,,,,,,,278.0,,107.0,,,,,,14.0,8.0,11.0,10.0,1.0,,16.0,,42.0,9.0,
182458,,,,,,,,141.0,,82.0,,,,,,8.0,15.0,5.0,7.0,0.0,,,,10.0,,1.0
182500,,,,,,,,582.0,,281.0,,,,,,54.0,9.0,14.0,5.0,,,39.0,,144.0,12.0,
182519,,,,,,,,181.0,,,,,,,,34.0,40.0,81.0,7.0,,,,,19.0,,
182564,,,,,,,,307.0,,113.0,,,,,,20.0,23.0,9.0,18.0,0.0,,30.0,,21.0,5.0,3.0
182634,,,,,,,,302.0,,90.0,,2.0,,,,38.0,16.0,12.0,28.0,6.0,,58.0,2.0,36.0,,
182652,,,,,,,,9.0,,6.0,,,,,,1.0,2.0,,,,,,,,,
182661,,,,,,,,143.0,,66.0,,,,,,23.0,1.0,1.0,18.0,,,5.0,,24.0,2.0,
182670,,,,,,,,4166.0,,858.0,66.0,,,,,340.0,169.0,750.0,356.0,96.0,,433.0,5.0,559.0,109.0,18.0
182704,,,,,,,,12.0,,6.0,,,,,,2.0,,,,,,,,3.0,,
182722,,,,,,,,9.0,,5.0,,,,,,1.0,,,,,,,,2.0,,
182795,,,,,,,,351.0,,157.0,,,,,,42.0,11.0,7.0,37.0,7.0,,23.0,,37.0,8.0,
182829,,,,,,,,74.0,,29.0,7.0,,,,,8.0,4.0,3.0,3.0,,,,,14.0,1.0,
182865,,,,,,,,99.0,,47.0,,,,,,8.0,3.0,1.0,8.0,,,4.0,,,,
182892,,,,,,,,7.0,,3.0,,,,,,3.0,,,,,,0.0,,1.0,,
182917,,,,,,,,19.0,,7.0,,,,,,1.0,1.0,,,,,1.0,3.0,2.0,,
182953,,,,,,,,27.0,,14.0,,,,,,6.0,4.0,,,,,1.0,,2.0,,
182980,,,,,,,,239.0,,101.0,,,,,,31.0,13.0,5.0,30.0,4.0,,8.0,,26.0,,
182999,,,,,,,,5.0,,2.0,,,,,,1.0,1.0,,,,,,,,,
183026,,,,,,,,3733.0,,1585.0,,,,,,477.0,203.0,86.0,37.0,5.0,,97.0,,1090.0,,2.0
183035,,,,,,,,20.0,,16.0,,,,,,3.0,,,,,,,,1.0,,
183044,,,,,,,,2876.0,,756.0,91.0,,,,,373.0,212.0,336.0,155.0,17.0,,182.0,1.0,417.0,68.0,40.0
183062,,,,,,,,686.0,,283.0,,,,,,75.0,39.0,43.0,40.0,2.0,,14.0,3.0,108.0,26.0,6.0
183071,,,,,,,,112.0,,53.0,1.0,,,,,9.0,4.0,3.0,16.0,,,7.0,,12.0,,
183080,,,,,,,,667.0,,267.0,4.0,,,,,77.0,40.0,34.0,43.0,1.0,,60.0,1.0,92.0,19.0,9.0
183099,,,,,,,,413.0,,218.0,,,,,,9.0,8.0,8.0,,,,25.0,,31.0,,
183105,,,,,,,,114.0,,71.0,,,,,,3.0,4.0,1.0,,,,6.0,,6.0,,
183114,,,,,,,,129.0,,75.0,,,,,,3.0,4.0,2.0,,,,6.0,,13.0,,
183123,,,,,,,,113.0,,74.0,,,,,,3.0,3.0,2.0,,,,8.0,,6.0,,
183132,,,,,,,,263.0,,171.0,,,,,,6.0,6.0,8.0,,,,14.0,,14.0,,
183141,,,,,,,,209.0,,130.0,,,,,,6.0,7.0,3.0,,,,2.0,,9.0,9.0,
183150,,,,,,,,198.0,,117.0,,,,,,8.0,5.0,5.0,,,,6.0,,9.0,,
183202,,,,,,,,7.0,,3.0,,,,,,1.0,,,,,,,1.0,2.0,,
183211,,,,,,,,328.0,,113.0,,,,,,33.0,18.0,10.0,10.0,1.0,,42.0,,30.0,,
183239,,,,,,,,594.0,,166.0,,,,,,88.0,6.0,22.0,39.0,8.0,,141.0,2.0,60.0,25.0,6.0
183248,,,,,,,,16.0,,11.0,,,,,,,,0.0,,,,,,2.0,,
183257,,,,,,,,169.0,,73.0,,,,,,24.0,13.0,12.0,8.0,,,,,24.0,,
183275,,,,,,,,18.0,,7.0,,,,,,5.0,1.0,,1.0,,,2.0,,1.0,,
183327,,,,,,,,66.0,,,,,,,,24.0,16.0,8.0,9.0,,,,,8.0,,
183488,,,,,,,,52.0,,26.0,,,,,,7.0,,,,,,0.0,1.0,16.0,1.0,
183600,,,,,,,,9.0,,4.0,,,,,,1.0,1.0,1.0,,,,1.0,,0.0,,
183655,,,,,,,,428.0,,189.0,4.0,,,,,33.0,26.0,21.0,19.0,2.0,,50.0,,57.0,10.0,5.0
183725,,,,,,,,56.0,,30.0,,,,,,5.0,14.0,,,,,1.0,6.0,,,
183743,,,,,,,,998.0,,558.0,,,,,,62.0,30.0,42.0,26.0,2.0,,103.0,,110.0,9.0,3.0
183789,,,,,,,,560.0,,228.0,,,,,,44.0,30.0,,14.0,,,12.0,2.0,48.0,,
183804,,,,,,,,137.0,,43.0,,6.0,,,,22.0,11.0,3.0,1.0,,,5.0,,32.0,,0.0
183822,,,,,,,,338.0,,116.0,,,,,,44.0,,18.0,7.0,5.0,,21.0,,104.0,8.0,1.0
183859,,,,,,,,715.0,,349.0,,5.0,,,,14.0,23.0,6.0,21.0,,,25.0,4.0,103.0,17.0,7.0
183877,,,,,,,,581.0,,256.0,,,,,,56.0,25.0,7.0,31.0,,,69.0,,71.0,11.0,10.0
183910,,,,,,,,294.0,,141.0,,,,,,39.0,11.0,7.0,24.0,6.0,,1.0,,34.0,,
183938,,,,,,,,609.0,,347.0,,,,,,21.0,10.0,29.0,26.0,3.0,,28.0,,80.0,11.0,
183974,,,,,,,,319.0,,122.0,,,,,,38.0,17.0,15.0,40.0,2.0,,18.0,,27.0,7.0,1.0
183983,,,,,,,,14.0,,4.0,,,,,,2.0,1.0,,,,,,,5.0,,
184047,,,,,,,,6.0,,3.0,,,,,,2.0,,,,,,,,,,
184056,,,,,,,,45.0,,21.0,,,,,,13.0,,1.0,,,,1.0,,4.0,,
184092,,,,,,,,38.0,,14.0,,,,,,6.0,,,,,,1.0,8.0,9.0,,
184153,,,,,,,,6.0,,2.0,,,,,,3.0,,,,,,,,,,
184180,,,,,,,,557.0,,276.0,,,,,,47.0,9.0,30.0,20.0,3.0,,42.0,,99.0,13.0,5.0
184205,,,,,,,,259.0,,116.0,,,,,,14.0,18.0,6.0,32.0,0.0,,25.0,,28.0,,
184278,,,,,,,,12.0,,6.0,,,,,,2.0,,,,,,,,,,
184348,,,,,,,,514.0,,180.0,,,,,,59.0,40.0,25.0,65.0,5.0,,27.0,,53.0,6.0,3.0
184357,,,,,,,,9.0,,7.0,,,,,,1.0,,,,,,,,1.0,,
184427,,,,,,,,24.0,,11.0,,,,,,8.0,,,,,,,,3.0,,
184481,,,,,,,,711.0,,310.0,,,,,,88.0,24.0,15.0,8.0,,,71.0,,103.0,13.0,
184506,,,,,,,,10.0,,6.0,,,,,,1.0,,,,,,,,1.0,,
184603,,,,,,,,885.0,,431.0,,,,,,170.0,33.0,27.0,35.0,8.0,,35.0,,124.0,4.0,4.0
184612,,,,,,,,293.0,,124.0,,,,,,32.0,18.0,10.0,20.0,3.0,,2.0,,52.0,10.0,7.0
184694,,,,,,,,500.0,,258.0,,,,,,56.0,27.0,13.0,39.0,6.0,,30.0,,55.0,,5.0
184746,,,,,,,,61.0,,33.0,,,,,,4.0,6.0,1.0,,,,,3.0,3.0,,
184773,,,,,,,,365.0,,140.0,,,,,,44.0,9.0,6.0,49.0,4.0,,39.0,,54.0,3.0,
184782,,,,,,,,2739.0,,871.0,32.0,,,,,266.0,281.0,131.0,48.0,236.0,,306.0,1.0,431.0,92.0,6.0
184791,,,,,,,,420.0,,151.0,,,,,,44.0,28.0,15.0,34.0,4.0,,45.0,3.0,56.0,6.0,
184816,,,,,,,,9.0,,6.0,,,,,,1.0,,,,,,,,0.0,,
184870,,,,,,,,24.0,,15.0,,,,,,6.0,,,,,,,,1.0,,
184959,,,,,,,,93.0,,43.0,,,,,,13.0,,4.0,,,,,,27.0,4.0,
184968,,,,,,,,22.0,,16.0,,,,,,1.0,,,,,,,,4.0,,
184995,,,,,,,,596.0,,259.0,,,,,,55.0,6.0,22.0,26.0,,,20.0,,122.0,1.0,
185129,,,,,,,,1113.0,,437.0,,,,,,82.0,31.0,43.0,9.0,6.0,,114.0,,103.0,23.0,
185174,,,,,,,,28.0,,18.0,,,,,,2.0,,,,,,,,6.0,1.0,
185262,,,,,,,,1274.0,,678.0,,,,,,157.0,31.0,26.0,55.0,6.0,,33.0,,237.0,33.0,6.0
185332,,,,,,,,23.0,,11.0,,,,,,5.0,,,,,,,,1.0,,
185396,,,,,,,,79.0,,38.0,,,,,,22.0,1.0,1.0,,,,,,15.0,,
185466,,,,,,,,26.0,,12.0,,,,,,3.0,,,,,,,,4.0,,
185509,,,,,,,,606.0,,244.0,,,,,,36.0,14.0,21.0,38.0,1.0,,50.0,,84.0,6.0,2.0
185536,,,,,,,,814.0,,356.0,3.0,12.0,,,,10.0,28.0,35.0,26.0,6.0,,73.0,14.0,121.0,20.0,5.0
185572,,,,,,,,1070.0,,397.0,,,,,,77.0,43.0,47.0,127.0,15.0,,151.0,,160.0,,
185590,,,,,,,,2295.0,,1007.0,,,,,,63.0,391.0,51.0,108.0,5.0,,225.0,,295.0,78.0,33.0
185624,,,,,,,,14.0,,10.0,,,,,,,2.0,,,,,,,2.0,,
185651,,,,,,,,9.0,,8.0,,,,,,1.0,,,,,,,,,,
185679,,,,,,,,37.0,,24.0,,,,,,3.0,1.0,,,,,,,8.0,,
185721,,,,,,,,42.0,,22.0,,,,,,4.0,,,,,,,5.0,9.0,1.0,
185730,,,,,,,,9.0,,4.0,,,,,,1.0,,,,,,,,1.0,1.0,
185758,,,,,,,,37.0,,14.0,,,,,,4.0,1.0,1.0,,,,4.0,,5.0,,
185767,,,,,,,,16.0,,7.0,,,,,,2.0,,,,,,,,5.0,2.0,
185828,,,,,,,,1493.0,,522.0,33.0,,,,,87.0,90.0,139.0,130.0,4.0,,133.0,,214.0,40.0,2.0
185873,,,,,,,,517.0,,229.0,,,,,,100.0,16.0,22.0,17.0,,,23.0,,86.0,9.0,
185970,,,,,,,,17.0,,7.0,,,,,,2.0,1.0,,,,,,,6.0,1.0,
186016,,,,,,,,38.0,,16.0,,,,,,2.0,1.0,,,,,,8.0,7.0,2.0,
186034,,,,,,,,638.0,,248.0,,,,,,60.0,8.0,16.0,32.0,1.0,,52.0,,84.0,4.0,
186052,,,,,,,,67.0,,28.0,,,,,,5.0,2.0,1.0,,,,7.0,8.0,13.0,,
186122,,,,,,,,216.0,,47.0,,,,,,50.0,4.0,6.0,10.0,,,20.0,,42.0,16.0,4.0
186131,,,,,,,,5718.0,,983.0,,,,,,592.0,263.0,1219.0,195.0,61.0,,723.0,,878.0,435.0,
186186,,,,,,,,31.0,,14.0,,,,,,1.0,2.0,,,,,10.0,,3.0,,
186201,,,,,,,,763.0,,295.0,,,,,,36.0,,27.0,10.0,,,71.0,,171.0,38.0,
186274,,,,,,,,20.0,,11.0,,,,,,,2.0,,,,,,,6.0,1.0,
186283,,,,,,,,895.0,,351.0,,,,,,91.0,59.0,29.0,84.0,2.0,,49.0,,105.0,28.0,2.0
186335,,,,,,,,17.0,,5.0,,,,,,1.0,1.0,,0.0,,,3.0,2.0,2.0,1.0,
186371,,,,,,,,977.0,,407.0,14.0,,,,,15.0,93.0,39.0,26.0,11.0,,142.0,,102.0,23.0,
186380,,,,,,,,16817.0,,4004.0,704.0,60.0,,,,366.0,1943.0,1675.0,701.0,2464.0,,1825.0,6.0,1974.0,525.0,26.0
186399,,,,,,,,1497.0,,633.0,54.0,,,,,32.0,183.0,65.0,57.0,12.0,,150.0,,147.0,40.0,
186405,,,,,,,,3.0,,1.0,,,,,,1.0,,,,1.0,,,,,,
186423,,,,,,,,13.0,,8.0,,,,,,1.0,,,,,,,,2.0,,
186432,,,,,,,,426.0,,180.0,,,,,,60.0,15.0,3.0,67.0,4.0,,3.0,,72.0,,
186469,,,,,,,,98.0,,47.0,,,,,,20.0,4.0,5.0,6.0,,,4.0,,11.0,,
186584,,,,,,,,1500.0,,664.0,,,,,,106.0,94.0,71.0,134.0,14.0,,49.0,,173.0,44.0,4.0
186593,,,,,,,,14.0,,8.0,,,,,,1.0,0.0,,,,,,1.0,1.0,,
186618,,,,,,,,200.0,,84.0,,,,,,16.0,12.0,7.0,16.0,3.0,,,,25.0,10.0,
186645,,,,,,,,555.0,,237.0,,,,,,39.0,3.0,,1.0,,,21.0,,154.0,15.0,
186867,,,,,,,,994.0,,322.0,65.0,3.0,,,,187.0,70.0,17.0,6.0,13.0,,56.0,,136.0,3.0,10.0
186876,,,,,,,,1232.0,,411.0,,,,,,86.0,55.0,48.0,55.0,5.0,,162.0,2.0,248.0,82.0,3.0
186900,,,,,,,,7.0,,5.0,,,,,,0.0,,,,,,,,1.0,1.0,
187000,,,,,,,,12.0,,7.0,,,,,,2.0,1.0,,,,,,1.0,1.0,,
187046,,,,,,,,329.0,,,,,,,,107.0,44.0,22.0,54.0,,,,,52.0,,
187134,,,,,,,,1298.0,,521.0,,,,,,97.0,53.0,42.0,110.0,16.0,,59.0,,101.0,179.0,
187161,,,,,,,,25.0,,17.0,,,,,,1.0,1.0,1.0,,,,,,2.0,,
187198,,,,,,,,679.0,,296.0,,,,,,35.0,20.0,40.0,10.0,0.0,,59.0,,77.0,14.0,
187444,,,,,,,,1464.0,,663.0,,,,,,48.0,79.0,75.0,95.0,10.0,,204.0,,251.0,,
187505,,,,,,,,99.0,,41.0,,,,,,17.0,7.0,1.0,1.0,,,1.0,17.0,14.0,,
187532,,,,,,,,1551.0,,600.0,,,,,,97.0,90.0,88.0,22.0,3.0,,161.0,2.0,183.0,21.0,11.0
187596,,,,,,,,246.0,,95.0,2.0,8.0,,,,10.0,7.0,8.0,7.0,2.0,,11.0,3.0,16.0,15.0,6.0
187602,,,,,,,,5.0,,3.0,,,,,,2.0,,,,,,,,,,
187620,,,,,,,,494.0,,260.0,,,,,,22.0,12.0,37.0,19.0,1.0,,37.0,4.0,70.0,11.0,
187639,,,,,,,,209.0,,90.0,,,,,,26.0,7.0,11.0,8.0,,,14.0,,20.0,4.0,
187648,,,,,,,,553.0,,190.0,,,,,,50.0,36.0,44.0,42.0,,,61.0,1.0,63.0,9.0,1.0
187666,,,,,,,,257.0,,122.0,,,,,,25.0,14.0,11.0,8.0,,,29.0,,31.0,5.0,0.0
187745,,,,,,,,121.0,,41.0,,,,,,26.0,4.0,2.0,6.0,,,6.0,1.0,12.0,2.0,2.0
187897,,,,,,,,515.0,,183.0,0.0,,,,,37.0,25.0,15.0,40.0,3.0,,55.0,,65.0,18.0,2.0
187903,,,,,,,,282.0,,89.0,,,,,,8.0,10.0,8.0,3.0,,,44.0,,53.0,47.0,
187912,,,,,,,,296.0,,84.0,1.0,,,,,15.0,3.0,15.0,12.0,2.0,,83.0,,38.0,14.0,
187958,,,,,,,,211.0,,85.0,2.0,4.0,,,,14.0,9.0,6.0,,,,18.0,3.0,42.0,4.0,1.0
187967,,,,,,,,757.0,,150.0,2.0,,,,,45.0,66.0,164.0,16.0,1.0,,72.0,,117.0,81.0,6.0
187976,,,,,,,,82.0,,25.0,,36.0,,,,6.0,4.0,2.0,,,,,,7.0,,0.0
187985,,,,,,,,7399.0,,1929.0,290.0,281.0,,,,746.0,764.0,655.0,267.0,390.0,,322.0,18.0,1077.0,207.0,61.0
187994,,,,,,,,139.0,,65.0,,0.0,,,,9.0,8.0,7.0,7.0,,,11.0,,21.0,4.0,
188003,,,,,,,,120.0,,48.0,,3.0,,,,8.0,6.0,6.0,6.0,2.0,,6.0,,27.0,5.0,
188021,,,,,,,,70.0,,31.0,,,,,,3.0,8.0,3.0,2.0,,,5.0,,11.0,1.0,
188030,,,,,,,,3144.0,,771.0,41.0,125.0,,,,119.0,378.0,412.0,184.0,45.0,,213.0,8.0,561.0,196.0,47.0
188049,,,,,,,,172.0,,48.0,,29.0,,,,19.0,8.0,8.0,1.0,,,15.0,1.0,24.0,2.0,
188058,,,,,,,,200.0,,66.0,,,,,,23.0,28.0,6.0,5.0,,,16.0,1.0,27.0,8.0,0.0
188100,,,,,,,,658.0,,258.0,4.0,23.0,,,,69.0,21.0,22.0,16.0,1.0,,39.0,8.0,92.0,61.0,1.0
188137,,,,,,,,475.0,,193.0,,8.0,,,,73.0,23.0,20.0,20.0,2.0,,38.0,5.0,37.0,13.0,
188146,,,,,,,,132.0,,69.0,,,,,,18.0,3.0,1.0,2.0,,,12.0,12.0,8.0,,
188182,,,,,,,,101.0,,37.0,,,,,,11.0,,4.0,27.0,,,8.0,,11.0,,
188207,,,,,,,,37.0,,15.0,,,,,,3.0,6.0,1.0,2.0,,,1.0,,4.0,1.0,
188216,,,,,,,,100.0,,21.0,,,,,,14.0,15.0,3.0,5.0,,,20.0,,12.0,4.0,
188225,,,,,,,,153.0,,42.0,1.0,32.0,,,,10.0,18.0,3.0,4.0,,,,,22.0,3.0,3.0
188261,,,,,,,,64.0,,17.0,,,,,,6.0,6.0,4.0,2.0,,,5.0,2.0,7.0,,
188289,,,,,,,,7.0,,3.0,,,,,,2.0,1.0,,,,,,,1.0,,
188304,,,,,,,,313.0,,156.0,0.0,,,,,20.0,6.0,30.0,19.0,1.0,,31.0,,29.0,12.0,
188340,,,,,,,,208.0,,86.0,,,,,,34.0,6.0,12.0,1.0,,,,,17.0,11.0,
188429,,,,,,,,1327.0,,549.0,,,,,,146.0,51.0,45.0,102.0,11.0,,103.0,2.0,187.0,34.0,5.0
188438,,,,,,,,281.0,,145.0,1.0,,,,,26.0,12.0,11.0,9.0,,,22.0,,40.0,3.0,
188465,,,,,,,,71.0,,24.0,2.0,,,,,6.0,8.0,3.0,9.0,2.0,,5.0,5.0,3.0,,
188517,,,,,,,,69.0,,28.0,,,,,,8.0,1.0,1.0,13.0,,,3.0,,11.0,,
188526,,,,,,,,258.0,,106.0,13.0,2.0,,,,42.0,13.0,11.0,7.0,3.0,,11.0,,27.0,,
188535,,,,,,,,111.0,,40.0,,,,,,14.0,6.0,5.0,20.0,,,,,10.0,1.0,
188580,,,,,,,,1771.0,,518.0,,,,,,169.0,38.0,15.0,24.0,392.0,,120.0,,486.0,,
188641,,,,,,,,542.0,,162.0,,,,,,37.0,26.0,39.0,43.0,7.0,,64.0,19.0,81.0,27.0,3.0
188650,,,,,,,,39.0,,13.0,,,,,,9.0,1.0,,,,,,8.0,2.0,,
188669,,,,,,,,45.0,,27.0,,,,,,6.0,4.0,,,,,,,3.0,,1.0
188678,,,,,,,,49.0,,16.0,,,,,,9.0,2.0,,11.0,,,5.0,,4.0,,
188687,,,,,,,,24.0,,9.0,,,,,,8.0,1.0,,,,,,,5.0,,
188696,,,,,,,,35.0,,7.0,,,,,,8.0,,,1.0,,,6.0,1.0,12.0,,
188854,,,,,,,,292.0,,95.0,,,,,,10.0,11.0,9.0,26.0,1.0,,33.0,30.0,45.0,,
188890,,,,,,,,121.0,,49.0,,,,,,19.0,2.0,1.0,0.0,,,,13.0,26.0,3.0,1.0
188915,,,,,,,,13.0,,11.0,,,,,,1.0,,,,,,,,1.0,,
188942,,,,,,,,18.0,,14.0,,,,,,0.0,2.0,,,,,,,2.0,,
188988,,,,,,,,26.0,,13.0,,,,,,3.0,,,,,,3.0,,2.0,,
189015,,,,,,,,323.0,,35.0,3.0,,,,,38.0,21.0,7.0,8.0,2.0,,15.0,6.0,34.0,2.0,
189088,,,,,,,,785.0,,233.0,9.0,,,,,42.0,54.0,27.0,57.0,8.0,,58.0,,65.0,101.0,11.0
189097,,,,,,,,790.0,,259.0,4.0,,,,,70.0,37.0,30.0,47.0,4.0,,143.0,,103.0,22.0,
189219,,,,,,,,12.0,,6.0,,,,,,2.0,1.0,,,,,,1.0,1.0,,
189228,,,,,,,,382.0,,178.0,,,,,,14.0,15.0,,7.0,,,14.0,1.0,26.0,,
189264,,,,,,,,8.0,,6.0,,,,,,,,,,,,,,2.0,,
189273,,,,,,,,9.0,,5.0,,,,,,4.0,,,,,,,,,,
189282,,,,,,,,32.0,,20.0,,,,,,5.0,2.0,1.0,,,,,,2.0,,
189404,,,,,,,,14.0,,10.0,,,,,,1.0,,,,,,,1.0,1.0,,
189413,,,,,,,,158.0,,69.0,,,,,,18.0,,2.0,,,,13.0,,53.0,,
189422,,,,,,,,69.0,,29.0,,,,,,10.0,10.0,3.0,5.0,,,,,6.0,,
189459,,,,,,,,160.0,,89.0,,,,,,7.0,12.0,4.0,,,,,20.0,6.0,,
189468,,,,,,,,15.0,,9.0,,,,,,2.0,,,,,,1.0,,3.0,,
189477,,,,,,,,15.0,,8.0,,,,,,1.0,1.0,,,,,1.0,,4.0,,
189501,,,,,,,,235.0,,68.0,,,,,,22.0,14.0,18.0,18.0,,,15.0,,35.0,16.0,
189547,,,,,,,,531.0,,255.0,,,,,,28.0,11.0,12.0,16.0,,,42.0,,74.0,1.0,11.0
189556,,,,,,,,47.0,,21.0,,,,,,4.0,1.0,1.0,11.0,,,1.0,,7.0,,
189565,,,,,,,,49.0,,19.0,,,,,,3.0,1.0,3.0,9.0,,,2.0,1.0,8.0,,
189574,,,,,,,,66.0,,27.0,,,,,,6.0,1.0,,14.0,,,5.0,,9.0,,
189583,,,,,,,,64.0,,28.0,,,,,,8.0,1.0,,16.0,,,,,6.0,,
189592,,,,,,,,40.0,,15.0,,,,,,6.0,,1.0,11.0,,,,,6.0,,
189705,,,,,,,,695.0,,264.0,,,,,,122.0,8.0,23.0,42.0,6.0,,63.0,,124.0,15.0,12.0
189714,,,,,,,,29.0,,19.0,,,,,,3.0,1.0,,,,,,,3.0,,
189811,,,,,,,,54.0,,35.0,,,,,,4.0,2.0,,,,,,,6.0,,
189839,,,,,,,,236.0,,110.0,,5.0,,,,10.0,5.0,11.0,7.0,5.0,,1.0,,28.0,22.0,
189848,,,,,,,,236.0,,57.0,1.0,,,,,21.0,10.0,12.0,22.0,2.0,,72.0,,21.0,6.0,
189857,,,,,,,,31.0,,18.0,,,,,,4.0,3.0,,,,,,,0.0,5.0,
189954,,,,,,,,5.0,,3.0,,,,,,1.0,,,,,,,,1.0,,
189981,,,,,,,,37.0,,13.0,,,,,,5.0,2.0,,2.0,,,7.0,,2.0,,
189990,,,,,,,,36.0,,17.0,,,,,,2.0,,,,,,2.0,4.0,1.0,,
190008,,,,,,,,12.0,,8.0,,,,,,,0.0,,,,,,,4.0,,
190035,,,,,,,,1137.0,,,3.0,,,,,386.0,104.0,190.0,140.0,1.0,,25.0,,218.0,1.0,3.0
190044,,,,,,,,744.0,,239.0,26.0,,,,,74.0,48.0,38.0,92.0,6.0,,75.0,,109.0,28.0,4.0
190053,,,,,,,,138.0,,67.0,,,,,,13.0,8.0,6.0,,0.0,,7.0,,15.0,3.0,
190071,,,,,,,,22.0,,11.0,,,,,,2.0,,1.0,,1.0,,,,2.0,,
190080,,,,,,,,36.0,,9.0,,,,,,6.0,2.0,1.0,1.0,,,5.0,,6.0,,
190099,,,,,,,,940.0,,313.0,,,,,,66.0,74.0,50.0,95.0,13.0,,108.0,,127.0,46.0,3.0
190114,,,,,,,,187.0,,102.0,,,,,,13.0,8.0,5.0,1.0,,,,,10.0,4.0,
190150,,,,,,,,16022.0,,4263.0,1926.0,,,,,2577.0,646.0,958.0,227.0,917.0,,1013.0,11.0,2801.0,186.0,70.0
190169,,,,,,,,174.0,,62.0,,,,,,33.0,,7.0,8.0,0.0,,18.0,,30.0,3.0,
190239,,,,,,,,9.0,,5.0,,,,,,2.0,,,,,,,,1.0,,
190248,,,,,,,,201.0,,77.0,1.0,,,,,33.0,5.0,5.0,33.0,3.0,,5.0,,17.0,7.0,
190293,,,,,,,,10.0,,5.0,,,,,,2.0,,,,,,,1.0,2.0,,
190309,,,,,,,,4.0,,2.0,,,,,,1.0,,,,,,,,1.0,,
190318,,,,,,,,38.0,,14.0,,,,,,8.0,3.0,,,,,3.0,1.0,9.0,,
190372,,,,,,,,377.0,,106.0,,,,,,51.0,4.0,13.0,27.0,,,105.0,0.0,44.0,13.0,
190415,,,,,,,,9942.0,,1866.0,801.0,206.0,,,,817.0,836.0,926.0,329.0,482.0,,1183.0,41.0,1498.0,493.0,63.0
190424,,,,,,,,5925.0,,1596.0,,,,,,288.0,491.0,714.0,45.0,393.0,,374.0,1.0,1663.0,58.0,6.0
190442,,,,,,,,324.0,,136.0,,,,,,30.0,7.0,8.0,20.0,6.0,,32.0,1.0,56.0,8.0,
190451,,,,,,,,36.0,,26.0,,,,,,3.0,,,,,,,,3.0,,
190503,,,,,,,,729.0,,157.0,,,,,,225.0,40.0,20.0,13.0,6.0,,109.0,2.0,63.0,37.0,2.0
190512,,,,,,,,1697.0,,747.0,,3.0,,,,160.0,29.0,50.0,52.0,,,165.0,,332.0,26.0,8.0
190521,,,,,,,,1895.0,,892.0,,,,,,95.0,32.0,118.0,100.0,1.0,,169.0,,324.0,40.0,32.0
190530,,,,,,,,1133.0,,453.0,,,,,,80.0,23.0,77.0,44.0,1.0,,125.0,,206.0,28.0,32.0
190549,,,,,,,,1765.0,,774.0,1.0,,,,,128.0,46.0,80.0,69.0,1.0,,134.0,,387.0,29.0,32.0
190558,,,,,,,,1361.0,,620.0,,,,,,99.0,28.0,93.0,37.0,4.0,,104.0,,249.0,28.0,26.0
190567,,,,,,,,2042.0,,939.0,1.0,1.0,,,,165.0,65.0,119.0,52.0,4.0,,236.0,,253.0,42.0,51.0
190576,,,,,,,,942.0,,309.0,1.0,8.0,,,,173.0,45.0,63.0,61.0,,,33.0,,130.0,,4.0
190585,,,,,,,,816.0,,279.0,,1.0,,,,73.0,13.0,46.0,48.0,1.0,,73.0,,170.0,16.0,16.0
190594,,,,,,,,2438.0,,1217.0,,3.0,,,,147.0,61.0,133.0,70.0,3.0,,221.0,,371.0,50.0,32.0
190600,,,,,,,,1426.0,,655.0,2.0,1.0,,,,146.0,44.0,55.0,79.0,1.0,,109.0,,220.0,19.0,26.0
190619,,,,,,,,1455.0,,561.0,,,,,,105.0,29.0,99.0,56.0,5.0,,127.0,,272.0,23.0,36.0
190628,,,,,,,,1577.0,,631.0,,,,,,146.0,33.0,129.0,78.0,2.0,,110.0,,340.0,,2.0
190637,,,,,,,,1222.0,,538.0,,,,,,109.0,24.0,76.0,38.0,2.0,,102.0,,220.0,25.0,33.0
190646,,,,,,,,730.0,,277.0,,1.0,,,,83.0,34.0,44.0,38.0,,,78.0,,107.0,15.0,22.0
190655,,,,,,,,1464.0,,761.0,,,,,,76.0,23.0,133.0,52.0,1.0,,101.0,,222.0,14.0,16.0
190664,,,,,,,,1808.0,,919.0,,,,,,141.0,37.0,83.0,41.0,4.0,,117.0,,297.0,32.0,41.0
190673,,,,,,,,1382.0,,575.0,,,,,,96.0,30.0,94.0,63.0,1.0,,111.0,,291.0,24.0,24.0
190682,,,,,,,,152.0,,37.0,,,,,,36.0,10.0,8.0,7.0,,,2.0,,37.0,,2.0
190691,,,,,,,,866.0,,337.0,,,,,,59.0,18.0,64.0,33.0,1.0,,72.0,,174.0,15.0,18.0
190707,,,,,,,,3.0,,1.0,,,,,,2.0,,,,,,,,,,
190716,,,,,,,,452.0,,225.0,,,,,,59.0,8.0,21.0,7.0,10.0,,,,61.0,8.0,
190725,,,,,,,,440.0,,189.0,,,,,,50.0,31.0,19.0,24.0,5.0,,47.0,,62.0,1.0,5.0
190752,,,,,,,,15.0,,5.0,,,,,,2.0,1.0,,,,,5.0,,2.0,,
190761,,,,,,,,273.0,,118.0,,,,,,30.0,12.0,8.0,21.0,7.0,,9.0,,32.0,10.0,
190770,,,,,,,,264.0,,127.0,,,,,,51.0,4.0,9.0,20.0,,,12.0,,40.0,,
190840,,,,,,,,537.0,,281.0,,,,,,18.0,19.0,19.0,8.0,2.0,,50.0,,55.0,10.0,3.0
190956,,,,,,,,21.0,,16.0,,,,,,1.0,,,,,,,,1.0,,
190974,,,,,,,,55.0,,25.0,,,,,,10.0,,,,,,,5.0,5.0,,
190983,,,,,,,,322.0,,112.0,,,,,,24.0,3.0,9.0,39.0,1.0,,62.0,,36.0,9.0,4.0
191083,,,,,,,,1125.0,,529.0,,,,,,109.0,10.0,63.0,29.0,7.0,,54.0,5.0,170.0,89.0,9.0
191126,,,,,,,,1072.0,,475.0,,,,,,57.0,40.0,111.0,19.0,,,15.0,,252.0,14.0,
191199,,,,,,,,413.0,,193.0,,,,,,15.0,4.0,17.0,19.0,1.0,,28.0,,52.0,10.0,
191205,,,,,,,,123.0,,46.0,,,,,,10.0,,2.0,6.0,,,12.0,0.0,,9.0,
191241,,,,,,,,2580.0,,1014.0,,,,,,546.0,24.0,79.0,112.0,17.0,,222.0,,466.0,59.0,
191287,,,,,,,,171.0,,38.0,,,,,,20.0,4.0,2.0,11.0,,,28.0,2.0,12.0,34.0,
191302,,,,,,,,203.0,,76.0,,,,,,21.0,,4.0,5.0,,,19.0,,31.0,,
191311,,,,,,,,21.0,,11.0,,,,,,2.0,,,7.0,,,,,,,
191320,,,,,,,,36.0,,6.0,,,,,,7.0,7.0,1.0,,,,,,1.0,,
191339,,,,,,,,423.0,,175.0,,,,,,42.0,11.0,6.0,10.0,2.0,,32.0,,56.0,8.0,
191409,,,,,,,,9.0,,5.0,,,,,,2.0,,,,,,0.0,,2.0,,
191515,,,,,,,,710.0,,218.0,,,,,,67.0,33.0,41.0,87.0,8.0,,98.0,2.0,70.0,33.0,1.0
191533,,,,,,,,327.0,,135.0,,,,,,35.0,7.0,12.0,43.0,5.0,,16.0,,42.0,,0.0
191597,,,,,,,,52.0,,31.0,0.0,,,,,5.0,3.0,1.0,,0.0,,,,3.0,,
191612,,,,,,,,232.0,,86.0,2.0,,,,,26.0,2.0,8.0,13.0,1.0,,25.0,,53.0,3.0,
191621,,,,,,,,161.0,,67.0,,,,,,15.0,5.0,6.0,13.0,,,9.0,2.0,7.0,9.0,
191630,,,,,,,,625.0,,214.0,0.0,8.0,,,,50.0,30.0,37.0,68.0,22.0,,33.0,5.0,63.0,4.0,4.0
191649,,,,,,,,2045.0,,719.0,,,,,,258.0,152.0,86.0,148.0,13.0,,202.0,,258.0,74.0,20.0
191676,,,,,,,,217.0,,86.0,,,,,,22.0,17.0,9.0,26.0,3.0,,9.0,,28.0,0.0,
191719,,,,,,,,763.0,,357.0,,,,,,36.0,35.0,35.0,50.0,2.0,,100.0,3.0,117.0,2.0,
191728,,,,,,,,87.0,,48.0,,,,,,8.0,2.0,2.0,,,,,11.0,4.0,,
191834,,,,,,,,56.0,,24.0,,,,,,2.0,3.0,1.0,,2.0,,,4.0,3.0,3.0,
191931,,,,,,,,648.0,,228.0,,,,,,63.0,17.0,33.0,63.0,5.0,,87.0,,70.0,22.0,
191940,,,,,,,,9.0,,7.0,,,,,,1.0,0.0,,,,,,,0.0,,
191959,,,,,,,,11.0,,4.0,,,,,,3.0,,,,,,,0.0,3.0,,
191968,,,,,,,,1398.0,,588.0,,,,,,78.0,66.0,76.0,144.0,9.0,,187.0,5.0,163.0,42.0,5.0
191986,,,,,,,,337.0,,155.0,,,,,,32.0,7.0,23.0,6.0,3.0,,30.0,,70.0,,
192004,,,,,,,,24.0,,12.0,,,,,,6.0,1.0,,,,,,,2.0,3.0,
192022,,,,,,,,292.0,,137.0,,,,,,16.0,10.0,19.0,13.0,1.0,,18.0,,44.0,,
192040,,,,,,,,247.0,,54.0,0.0,,,,,55.0,18.0,4.0,20.0,,,22.0,,42.0,,
192110,,,,,,,,516.0,,195.0,,,,,,97.0,10.0,20.0,18.0,3.0,,46.0,11.0,59.0,12.0,24.0
192156,,,,,,,,19.0,,12.0,,,,,,1.0,1.0,,,,,,,1.0,,
192165,,,,,,,,16.0,,11.0,0.0,0.0,,,,1.0,,,,,,3.0,,0.0,,
192192,,,,,,,,367.0,,170.0,,,,,,35.0,19.0,19.0,51.0,3.0,,5.0,,40.0,,2.0
192271,,,,,,,,200.0,,88.0,,,,,,39.0,7.0,8.0,17.0,,,7.0,,11.0,,
192323,,,,,,,,527.0,,227.0,,,,,,55.0,30.0,10.0,42.0,6.0,,23.0,,49.0,28.0,
192439,,,,,,,,939.0,,418.0,,,,,,175.0,3.0,23.0,64.0,8.0,,46.0,1.0,150.0,23.0,2.0
192448,,,,,,,,946.0,,375.0,,,,,,160.0,2.0,22.0,52.0,7.0,,91.0,,160.0,27.0,7.0
192457,,,,,,,,128.0,,,,,,,,67.0,2.0,22.0,3.0,,,,,32.0,,1.0
192484,,,,,,,,13.0,,9.0,,,,,,2.0,,,,,,,1.0,1.0,,
192509,,,,,,,,133.0,,67.0,,,,,,13.0,2.0,3.0,1.0,,,7.0,1.0,23.0,,
192554,,,,,,,,19.0,,9.0,,,,,,2.0,,,4.0,,,,,3.0,,
192563,,,,,,,,19.0,,10.0,,,,,,3.0,,1.0,2.0,,,,,1.0,,
192624,,,,,,,,14.0,,9.0,,,,,,3.0,,,,,,,,1.0,1.0,
192688,,,,,,,,65.0,,30.0,,,,,,9.0,5.0,,,,,4.0,3.0,4.0,,
192703,,,,,,,,724.0,,292.0,0.0,,,,,138.0,22.0,25.0,34.0,2.0,,45.0,,88.0,60.0,
192712,,,,,,,,279.0,,156.0,,,,,,24.0,11.0,4.0,8.0,1.0,,16.0,1.0,27.0,,
192749,,,,,,,,395.0,,178.0,,,,,,82.0,5.0,2.0,34.0,8.0,,5.0,,53.0,10.0,0.0
192785,,,,,,,,83.0,,35.0,,,,,,10.0,2.0,2.0,2.0,,,5.0,1.0,9.0,,
192800,,,,,,,,7.0,,4.0,,,,,,,,,,,,,,3.0,,
192819,,,,,,,,955.0,,345.0,,,,,,136.0,26.0,48.0,90.0,15.0,,140.0,,123.0,21.0,1.0
192864,,,,,,,,357.0,,166.0,,,,,,38.0,18.0,20.0,13.0,,,19.0,1.0,36.0,0.0,
192925,,,,,,,,350.0,,166.0,,,,,,32.0,8.0,10.0,19.0,10.0,,11.0,16.0,25.0,,
192961,,,,,,,,17.0,,11.0,,,,,,2.0,1.0,,,,,,,1.0,,
192970,,,,,,,,2.0,,2.0,,,,,,,,,,,,,,,,
193016,,,,,,,,795.0,,388.0,,,,,,42.0,40.0,9.0,37.0,4.0,,5.0,,36.0,2.0,1.0
193052,,,,,,,,18.0,,12.0,,,,,,1.0,1.0,,,,,,,3.0,,
193061,,,,,,,,6.0,,3.0,,,,,,1.0,1.0,,,,,0.0,,0.0,,
193070,,,,,,,,12.0,,10.0,,,,,,,,,,,,,,2.0,,
193122,,,,,,,,15.0,,7.0,,,,,,2.0,2.0,,,,,2.0,,2.0,,
193186,,,,,,,,10.0,,4.0,,,,,,2.0,1.0,,,,,,1.0,2.0,,0.0
193201,,,,,,,,63.0,,24.0,,,,,,6.0,,2.0,,,,2.0,9.0,5.0,,
193247,,,,,,,,30.0,,17.0,,,,,,2.0,,,,,,7.0,,3.0,,
193265,,,,,,,,10.0,,4.0,,,,,,3.0,,,,,,,,2.0,1.0,
193283,,,,,,,,557.0,,209.0,,,,,,55.0,12.0,10.0,36.0,4.0,,62.0,,65.0,3.0,6.0
193292,,,,,,,,707.0,,359.0,,,,,,80.0,24.0,18.0,16.0,8.0,,53.0,,115.0,13.0,1.0
193308,,,,,,,,718.0,,303.0,,,,,,71.0,31.0,12.0,145.0,0.0,,82.0,,71.0,,
193326,,,,,,,,1163.0,,472.0,,,,,,100.0,58.0,52.0,54.0,5.0,,111.0,,175.0,38.0,9.0
193353,,,,,,,,402.0,,149.0,,,,,,43.0,2.0,21.0,41.0,10.0,,57.0,,48.0,2.0,1.0
193399,,,,,,,,303.0,,125.0,1.0,,,,,9.0,22.0,9.0,15.0,1.0,,19.0,0.0,28.0,46.0,
193405,,,,,,,,9007.0,,2698.0,,,,,,790.0,317.0,747.0,101.0,2220.0,,436.0,,1669.0,10.0,
193478,,,,,,,,1540.0,,807.0,,,,,,54.0,37.0,107.0,8.0,3.0,,102.0,,226.0,33.0,6.0
193584,,,,,,,,525.0,,273.0,,,,,,58.0,19.0,26.0,38.0,5.0,,14.0,9.0,72.0,,1.0
193609,,,,,,,,22.0,,12.0,,,,,,1.0,0.0,0.0,0.0,,,,,1.0,3.0,1.0
193645,,,,,,,,506.0,,221.0,,,,,,109.0,2.0,15.0,10.0,0.0,,53.0,,71.0,2.0,1.0
193654,,,,,,,,1980.0,,1009.0,,,,,,362.0,114.0,68.0,30.0,4.0,,117.0,,138.0,79.0,1.0
193672,,,,,,,,8.0,,4.0,,,,,,2.0,1.0,0.0,,,,,,1.0,0.0,
193751,,,,,,,,242.0,,77.0,1.0,,,,,34.0,7.0,13.0,14.0,,,17.0,,55.0,7.0,
193760,,,,,,,,33.0,,13.0,,,,,,4.0,,,,,,2.0,,2.0,,
193821,,,,,,,,204.0,,77.0,,,,,,31.0,8.0,3.0,9.0,,,4.0,,23.0,,
193830,,,,,,,,797.0,,273.0,185.0,,,,,48.0,129.0,11.0,,10.0,,35.0,,91.0,,
193858,,,,,,,,36.0,,12.0,,,,,,6.0,1.0,,,,,,,11.0,2.0,
193894,,,,,,,,36.0,,16.0,,,,,,,4.0,0.0,,,,,,16.0,,
193900,,,,,,,,18432.0,,6774.0,0.0,17.0,,,,1676.0,1442.0,1530.0,772.0,2077.0,,413.0,22.0,2493.0,215.0,21.0
193946,,,,,,,,432.0,,199.0,,,,,,29.0,8.0,5.0,10.0,,,40.0,,76.0,,
193973,,,,,,,,583.0,,227.0,,,,,,121.0,27.0,16.0,51.0,8.0,,20.0,,82.0,19.0,2.0
193991,,,,,,,,6.0,,4.0,,,,,,1.0,,,,,,,,,,
194028,,,,,,,,123.0,,63.0,,,,,,6.0,10.0,3.0,10.0,,,14.0,,10.0,,
194073,,,,,,,,99.0,,36.0,,,,,,21.0,6.0,6.0,,,,,,19.0,7.0,
194091,,,,,,,,1248.0,,490.0,,,,,,258.0,83.0,55.0,34.0,29.0,,102.0,,123.0,25.0,2.0
194116,,,,,,,,90.0,,37.0,,,,,,18.0,3.0,6.0,4.0,0.0,,,,13.0,4.0,
194161,,,,,,,,322.0,,154.0,,,,,,29.0,2.0,7.0,40.0,2.0,,10.0,,43.0,,
194189,,,,,,,,27.0,,15.0,,,,,,3.0,,,,,,7.0,,3.0,,
194222,,,,,,,,860.0,,341.0,,,,,,56.0,39.0,21.0,75.0,,,71.0,,119.0,17.0,
194240,,,,,,,,692.0,,248.0,,,,,,29.0,31.0,22.0,45.0,2.0,,64.0,,99.0,14.0,
194259,,,,,,,,4.0,,3.0,,,,,,,,,,,,,,1.0,,
194310,,,,,,,,2118.0,,751.0,,,,,,359.0,167.0,104.0,106.0,5.0,,41.0,,454.0,14.0,29.0
194392,,,,,,,,167.0,,62.0,2.0,3.0,,,,25.0,7.0,5.0,6.0,1.0,,9.0,2.0,18.0,1.0,0.0
194435,,,,,,,,11.0,,7.0,,,,,,1.0,,,,,,,2.0,1.0,,
194499,,,,,,,,92.0,,31.0,,,,,,5.0,,3.0,,,,,,41.0,6.0,
194569,,,,,,,,47.0,,16.0,,,,,,11.0,1.0,,,0.0,,5.0,,5.0,5.0,
194578,,,,,,,,1041.0,,468.0,,,,,,166.0,41.0,31.0,77.0,8.0,,118.0,1.0,109.0,,
194611,,,,,,,,4.0,,,,,,,,1.0,2.0,1.0,,,,,,,,
194657,,,,,,,,17.0,,14.0,,,,,,,1.0,,,,,,,1.0,0.0,
194666,,,,,,,,24.0,,7.0,,,,,,7.0,,,,,,3.0,,2.0,,
194675,,,,,,,,14.0,,6.0,,,,,,1.0,1.0,,,,,,1.0,4.0,,
194693,,,,,,,,11.0,,4.0,,,,,,4.0,,,,,,,,1.0,1.0,
194736,,,,,,,,18.0,,8.0,,,,,,1.0,1.0,,,,,6.0,,2.0,,
194763,,,,,,,,58.0,,14.0,,,,,,4.0,8.0,,2.0,,,12.0,,5.0,1.0,
194824,,,,,,,,1690.0,,438.0,150.0,,,,,184.0,163.0,104.0,97.0,20.0,,165.0,1.0,163.0,75.0,21.0
194879,,,,,,,,13.0,,8.0,,,,,,2.0,1.0,,,,,0.0,,1.0,,
194958,,,,,,,,279.0,,100.0,,1.0,,,,49.0,12.0,10.0,15.0,1.0,,27.0,6.0,36.0,7.0,1.0
195003,,,,,,,,3488.0,,1173.0,21.0,,,,,356.0,282.0,281.0,374.0,21.0,,300.0,11.0,481.0,65.0,18.0
195030,,,,,,,,8929.0,,2192.0,269.0,,,,,1870.0,338.0,1383.0,119.0,414.0,,415.0,,1396.0,193.0,284.0
195049,,,,,,,,1452.0,,81.0,431.0,,,,,167.0,60.0,277.0,27.0,27.0,,168.0,,110.0,60.0,
195058,,,,,,,,578.0,,244.0,,,,,,49.0,15.0,17.0,29.0,,,53.0,2.0,95.0,12.0,1.0
195067,,,,,,,,43.0,,24.0,,,,,,5.0,,,,,,,,7.0,2.0,
195128,,,,,,,,425.0,,144.0,,,,,,60.0,16.0,22.0,18.0,5.0,,36.0,,74.0,12.0,1.0
195155,,,,,,,,9.0,,3.0,,,,,,3.0,0.0,,,,,,,2.0,0.0,
195164,,,,,,,,455.0,,153.0,,,,,,69.0,22.0,13.0,44.0,8.0,,52.0,,55.0,16.0,
195173,,,,,,,,335.0,,170.0,1.0,,,,,55.0,9.0,13.0,22.0,,,3.0,,18.0,,
195191,,,,,,,,45.0,,24.0,,,,,,9.0,2.0,2.0,,,,,,6.0,,
195216,,,,,,,,768.0,,211.0,,,,,,49.0,41.0,29.0,29.0,6.0,,149.0,8.0,90.0,19.0,14.0
195234,,,,,,,,627.0,,246.0,,,,,,47.0,32.0,18.0,49.0,12.0,,101.0,1.0,61.0,19.0,5.0
195243,,,,,,,,218.0,,90.0,,,,,,53.0,5.0,3.0,25.0,1.0,,7.0,,24.0,4.0,
195289,,,,,,,,19.0,,13.0,,,,,,2.0,1.0,,,,,,,2.0,,
195304,,,,,,,,435.0,,172.0,,,,,,116.0,6.0,10.0,14.0,5.0,,41.0,,40.0,,
195322,,,,,,,,323.0,,139.0,1.0,2.0,,,,20.0,4.0,12.0,6.0,2.0,,2.0,,58.0,18.0,
195438,,,,,,,,42.0,,25.0,,,,,,3.0,1.0,,0.0,,,7.0,,6.0,,
195474,,,,,,,,713.0,,257.0,,,,,,53.0,21.0,27.0,76.0,1.0,,100.0,0.0,86.0,25.0,14.0
195526,,,,,,,,931.0,,298.0,,,,,,64.0,49.0,35.0,86.0,11.0,,170.0,1.0,125.0,39.0,5.0
195544,,,,,,,,678.0,,306.0,,,,,,12.0,136.0,21.0,64.0,1.0,,28.0,,99.0,,
195580,,,,,,,,32.0,,9.0,,,,,,3.0,5.0,1.0,1.0,,,1.0,,7.0,2.0,
195623,,,,,,,,27.0,,18.0,,,,,,1.0,,,,,,,,4.0,,
195702,,,,,,,,30.0,,16.0,,,,,,3.0,2.0,1.0,1.0,0.0,,2.0,,3.0,,
195720,,,,,,,,660.0,,302.0,,,,,,35.0,16.0,28.0,66.0,5.0,,71.0,,73.0,13.0,7.0
195784,,,,,,,,57.0,,38.0,,,,,,6.0,1.0,1.0,,,,,,3.0,,
195809,,,,,,,,2100.0,,885.0,,,,,,47.0,351.0,75.0,145.0,12.0,,90.0,,327.0,,1.0
195827,,,,,,,,483.0,,,,1.0,,,,127.0,93.0,98.0,21.0,3.0,,16.0,,93.0,15.0,5.0
195845,,,,,,,,36.0,,16.0,,,,,,3.0,2.0,1.0,,,,,,1.0,1.0,
195933,,,,,,,,30.0,,15.0,,,,,,7.0,,,,,,,,1.0,,
195988,,,,,,,,164.0,,65.0,,,,,,19.0,3.0,8.0,10.0,1.0,,10.0,,27.0,,
196006,,,,,,,,552.0,,190.0,,,,,,37.0,28.0,19.0,34.0,28.0,,103.0,,63.0,33.0,
196015,,,,,,,,448.0,,161.0,,0.0,,,,33.0,44.0,10.0,20.0,49.0,,55.0,,46.0,19.0,3.0
196024,,,,,,,,444.0,,181.0,,,,,,22.0,15.0,14.0,28.0,25.0,,55.0,4.0,50.0,30.0,2.0
196033,,,,,,,,433.0,,128.0,2.0,,,,,36.0,19.0,14.0,19.0,60.0,,65.0,,40.0,38.0,2.0
196042,,,,,,,,902.0,,375.0,,21.0,,,,65.0,52.0,11.0,29.0,91.0,,102.0,,103.0,36.0,2.0
196051,,,,,,,,490.0,,168.0,,7.0,,,,32.0,20.0,10.0,35.0,37.0,,67.0,,55.0,36.0,3.0
196060,,,,,,,,2600.0,,782.0,3.0,10.0,,,,164.0,413.0,186.0,117.0,79.0,,326.0,,238.0,173.0,25.0
196079,,,,,,,,2297.0,,748.0,19.0,,,,,121.0,171.0,109.0,128.0,55.0,,315.0,2.0,369.0,184.0,4.0
196088,,,,,,,,4754.0,,1847.0,30.0,37.0,,,,361.0,405.0,269.0,176.0,267.0,,455.0,,507.0,190.0,52.0
196097,,,,,,,,4378.0,,1910.0,154.0,18.0,,,,159.0,469.0,340.0,207.0,109.0,,391.0,,196.0,190.0,66.0
196103,,,,,,,,378.0,,139.0,,,,,,34.0,25.0,10.0,9.0,28.0,,44.0,,52.0,29.0,0.0
196112,,,,,,,,422.0,,181.0,3.0,,,,,39.0,27.0,10.0,28.0,15.0,,53.0,,35.0,22.0,1.0
196121,,,,,,,,1106.0,,425.0,,23.0,,,,72.0,44.0,32.0,77.0,48.0,,128.0,,157.0,53.0,7.0
196130,,,,,,,,1423.0,,536.0,1.0,1.0,,,,89.0,63.0,98.0,96.0,38.0,,165.0,,183.0,65.0,7.0
196149,,,,,,,,1045.0,,388.0,0.0,,,,,101.0,34.0,27.0,57.0,31.0,,152.0,,146.0,56.0,18.0
196158,,,,,,,,763.0,,316.0,0.0,2.0,,,,64.0,38.0,16.0,16.0,59.0,,109.0,,91.0,28.0,8.0
196167,,,,,,,,793.0,,285.0,,,,,,69.0,29.0,26.0,35.0,27.0,,129.0,,108.0,47.0,3.0
196176,,,,,,,,1149.0,,458.0,1.0,2.0,,,,85.0,89.0,40.0,43.0,12.0,,152.0,,144.0,57.0,6.0
196185,,,,,,,,960.0,,336.0,6.0,0.0,,,,73.0,62.0,56.0,43.0,23.0,,142.0,,117.0,51.0,10.0
196194,,,,,,,,1180.0,,428.0,7.0,10.0,,,,85.0,51.0,23.0,50.0,51.0,,190.0,1.0,153.0,81.0,14.0
196200,,,,,,,,717.0,,274.0,,,,,,54.0,38.0,18.0,43.0,11.0,,100.0,,96.0,31.0,10.0
196219,,,,,,,,784.0,,263.0,2.0,,,,,51.0,55.0,35.0,70.0,25.0,,119.0,,86.0,46.0,2.0
196228,,,,,,,,285.0,,82.0,2.0,,,,,28.0,21.0,1.0,,55.0,,25.0,,61.0,8.0,
196237,,,,,,,,542.0,,221.0,1.0,,,,,58.0,17.0,13.0,32.0,36.0,,53.0,,57.0,25.0,5.0
196246,,,,,,,,906.0,,338.0,0.0,1.0,,,,66.0,52.0,29.0,55.0,40.0,,124.0,,117.0,61.0,6.0
196255,,,,,,,,1271.0,,380.0,7.0,,,,,92.0,59.0,37.0,12.0,235.0,,143.0,,211.0,80.0,9.0
196264,,,,,,,,977.0,,476.0,1.0,,,,,50.0,54.0,27.0,5.0,51.0,,5.0,,262.0,8.0,6.0
196291,,,,,,,,297.0,,107.0,,,,,,33.0,19.0,6.0,26.0,7.0,,35.0,,26.0,27.0,1.0
196307,,,,,,,,1249.0,,463.0,1.0,,,,,73.0,83.0,20.0,16.0,306.0,,63.0,,135.0,69.0,5.0
196389,,,,,,,,122.0,,60.0,30.0,,,,,2.0,5.0,4.0,2.0,4.0,,,7.0,5.0,,
196413,,,,,,,,4637.0,,1264.0,72.0,,,,,480.0,453.0,308.0,339.0,33.0,,648.0,30.0,619.0,208.0,50.0
196431,,,,,,,,30.0,,17.0,,,,,,2.0,4.0,,,,,7.0,,0.0,,
196440,,,,,,,,4.0,,2.0,,,,,,0.0,0.0,,,,,1.0,,0.0,,
196468,,,,,,,,1127.0,,351.0,,,,,,38.0,525.0,25.0,,,,100.0,,87.0,,
196477,,,,,,,,204.0,,97.0,,,,,,19.0,4.0,8.0,,,,5.0,29.0,28.0,,
196565,,,,,,,,313.0,,133.0,,,,,,53.0,6.0,16.0,13.0,,,38.0,,49.0,,
196583,,,,,,,,14.0,,9.0,,,,,,1.0,,,,,,,,1.0,3.0,
196592,,,,,,,,1721.0,,768.0,,,,,,152.0,48.0,123.0,43.0,6.0,,90.0,2.0,370.0,18.0,5.0
196653,,,,,,,,167.0,,76.0,,,,,,30.0,5.0,6.0,5.0,1.0,,2.0,,14.0,,
196680,,,,,,,,858.0,,308.0,16.0,4.0,,,,52.0,23.0,40.0,36.0,,,,17.0,105.0,2.0,
196699,,,,,,,,236.0,,107.0,1.0,15.0,,,,13.0,5.0,1.0,4.0,3.0,,28.0,,30.0,,
196857,,,,,,,,33.0,,16.0,,,,,,2.0,4.0,1.0,,,,,,,,
196866,,,,,,,,811.0,,229.0,,,,,,74.0,33.0,39.0,83.0,16.0,,185.0,,100.0,36.0,
196884,,,,,,,,83.0,,28.0,,,,,,16.0,7.0,3.0,7.0,,,3.0,,14.0,,
197018,,,,,,,,206.0,,125.0,9.0,5.0,,,,9.0,13.0,1.0,4.0,,,7.0,3.0,7.0,9.0,9.0
197027,,,,,,,,247.0,,119.0,,0.0,,,,4.0,3.0,13.0,3.0,,,5.0,,46.0,16.0,6.0
197036,,,,,,,,2329.0,,214.0,,,,,,33.0,354.0,238.0,117.0,9.0,,403.0,19.0,283.0,147.0,300.0
197045,,,,,,,,547.0,,238.0,,,,,,35.0,71.0,23.0,48.0,1.0,,4.0,12.0,63.0,1.0,
197081,,,,,,,,40.0,,19.0,,,,,,5.0,2.0,2.0,2.0,,,1.0,1.0,5.0,,
197133,,,,,,,,964.0,,298.0,,,,,,110.0,41.0,60.0,34.0,7.0,,217.0,,113.0,5.0,
197142,,,,,,,,110.0,,48.0,,,,,,21.0,,4.0,5.0,1.0,,7.0,,16.0,1.0,
197151,,,,,,,,1040.0,,520.0,0.0,,,,,88.0,20.0,63.0,32.0,3.0,,77.0,3.0,165.0,24.0,
197197,,,,,,,,476.0,,162.0,,17.0,,,,27.0,16.0,17.0,53.0,4.0,,58.0,,45.0,13.0,18.0
197221,,,,,,,,37.0,,12.0,,,,,,12.0,2.0,1.0,,,,6.0,,1.0,1.0,
197230,,,,,,,,164.0,,46.0,,,,,,21.0,5.0,8.0,25.0,,,30.0,,9.0,6.0,5.0
197285,,,,,,,,139.0,,48.0,,,,,,18.0,4.0,6.0,15.0,,,0.0,14.0,29.0,,
197294,,,,,,,,822.0,,456.0,,3.0,,,,49.0,14.0,77.0,42.0,3.0,,13.0,,91.0,17.0,
197337,,,,,,,,4.0,,3.0,,,,,,1.0,,,,,,,,0.0,,
197522,,,,,,,,32.0,,8.0,,,,,,5.0,,,,,,,14.0,3.0,,
197531,,,,,,,,101.0,,3.0,,,,,,13.0,5.0,,,3.0,,20.0,0.0,34.0,,
197601,,,,,,,,17.0,,5.0,,,,,,3.0,1.0,,,1.0,,,,2.0,1.0,
197610,,,,,,,,11.0,,9.0,,,,,,2.0,,,,,,,,,,
197647,,,,,,,,24.0,,15.0,,,,,,1.0,3.0,,,,,,,3.0,2.0,
197674,,,,,,,,33.0,,20.0,,,,,,2.0,3.0,,,,,2.0,,4.0,,
197692,,,,,,,,12.0,,5.0,,,,,,,1.0,,,,,5.0,,1.0,,
197708,,,,,,,,2662.0,,960.0,,,,,,267.0,132.0,365.0,56.0,33.0,,181.0,9.0,331.0,110.0,19.0
197735,,,,,,,,60.0,,43.0,,,,,,6.0,3.0,,,,,5.0,,4.0,,
197744,,,,,,,,18.0,,8.0,,,,,,2.0,2.0,,,,,2.0,,3.0,0.0,
197814,,,,,,,,262.0,,138.0,,,,,,28.0,4.0,10.0,10.0,,,21.0,2.0,32.0,2.0,0.0
197832,,,,,,,,85.0,,33.0,,,,,,11.0,1.0,,,,,,,36.0,,
197850,,,,,,,,286.0,,155.0,,,,,,43.0,8.0,7.0,4.0,,,,,36.0,6.0,
197869,,,,,,,,2627.0,,1060.0,,,,,,84.0,80.0,145.0,183.0,50.0,,323.0,35.0,348.0,148.0,6.0
197887,,,,,,,,683.0,,336.0,,,,,,69.0,9.0,28.0,20.0,,,32.0,6.0,86.0,12.0,1.0
197911,,,,,,,,201.0,,79.0,,,,,,20.0,13.0,6.0,40.0,4.0,,4.0,2.0,25.0,,
197966,,,,,,,,234.0,,111.0,,,,,,27.0,5.0,8.0,11.0,,,18.0,,23.0,7.0,1.0
197984,,,,,,,,213.0,,93.0,,,,,,21.0,17.0,,36.0,5.0,,4.0,2.0,18.0,,2.0
197993,,,,,,,,146.0,,52.0,,,,,,25.0,2.0,6.0,,,,15.0,,36.0,,
198011,,,,,,,,145.0,,77.0,,1.0,,,,21.0,5.0,3.0,7.0,,,5.0,1.0,20.0,2.0,
198039,,,,,,,,272.0,,129.0,,,,,,31.0,10.0,9.0,11.0,4.0,,7.0,0.0,31.0,6.0,1.0
198066,,,,,,,,210.0,,66.0,,,,,,19.0,5.0,6.0,31.0,,,43.0,,35.0,,
198084,,,,,,,,293.0,,126.0,,,,,,15.0,9.0,7.0,11.0,,,49.0,0.0,39.0,14.0,
198109,,,,,,,,70.0,,46.0,,,,,,4.0,2.0,,2.0,,,,,6.0,,
198118,,,,,,,,394.0,,149.0,,,,,,71.0,9.0,13.0,28.0,,,25.0,5.0,55.0,10.0,
198136,,,,,,,,916.0,,336.0,2.0,,,,,40.0,10.0,27.0,113.0,19.0,,121.0,2.0,137.0,40.0,0.0
198154,,,,,,,,829.0,,453.0,,,,,,28.0,17.0,26.0,24.0,,,68.0,12.0,102.0,16.0,17.0
198190,,,,,,,,24.0,,21.0,,,,,,,1.0,,1.0,,,,,,,
198206,,,,,,,,160.0,,60.0,,,,,,25.0,1.0,6.0,7.0,,,20.0,1.0,37.0,,
198215,,,,,,,,290.0,,110.0,,,,,,14.0,20.0,11.0,55.0,7.0,,25.0,,21.0,7.0,
198233,,,,,,,,471.0,,232.0,,,,,,45.0,9.0,37.0,27.0,,,10.0,,68.0,7.0,1.0
198242,,,,,,,,65.0,,44.0,,,,,,2.0,3.0,1.0,,,,1.0,,10.0,,
198251,,,,,,,,600.0,,201.0,,,,,,64.0,8.0,13.0,54.0,1.0,,34.0,,87.0,9.0,
198260,,,,,,,,1668.0,,653.0,,,,,,176.0,63.0,86.0,107.0,0.0,,20.0,1.0,260.0,1.0,
198303,,,,,,,,226.0,,74.0,,,,,,34.0,,7.0,47.0,0.0,,24.0,,35.0,,
198321,,,,,,,,258.0,,153.0,,,,,,18.0,5.0,8.0,10.0,,,3.0,,31.0,6.0,
198330,,,,,,,,444.0,,258.0,,,,,,25.0,0.0,17.0,18.0,,,28.0,4.0,65.0,4.0,2.0
198367,,,,,,,,334.0,,143.0,,,,,,44.0,15.0,8.0,27.0,0.0,,14.0,,38.0,10.0,0.0
198376,,,,,,,,389.0,,183.0,4.0,,,,,49.0,11.0,8.0,30.0,,,24.0,,63.0,10.0,
198385,,,,,,,,776.0,,179.0,,,,,,38.0,55.0,47.0,121.0,12.0,,146.0,12.0,87.0,33.0,
198419,,,,,,,,16394.0,,3711.0,1182.0,,,,,1423.0,1715.0,2735.0,574.0,1212.0,,979.0,55.0,2117.0,269.0,227.0
198455,,,,,,,,512.0,,248.0,,,,,,95.0,7.0,10.0,20.0,2.0,,37.0,6.0,66.0,5.0,0.0
198464,,,,,,,,5453.0,,1483.0,6.0,286.0,,,,187.0,259.0,339.0,256.0,295.0,,574.0,2.0,1247.0,309.0,21.0
198491,,,,,,,,249.0,,86.0,,,,,,24.0,15.0,6.0,10.0,19.0,,19.0,0.0,33.0,,
198507,,,,,,,,368.0,,101.0,,,,,,44.0,23.0,20.0,15.0,4.0,,49.0,2.0,54.0,18.0,2.0
198516,,,,,,,,1307.0,,474.0,,,,,,132.0,71.0,44.0,111.0,10.0,,154.0,,145.0,40.0,23.0
198534,,,,,,,,1000.0,,469.0,,,,,,75.0,8.0,30.0,22.0,,,108.0,6.0,169.0,14.0,7.0
198543,,,,,,,,799.0,,284.0,,,,,,50.0,30.0,41.0,36.0,5.0,,80.0,1.0,153.0,30.0,16.0
198552,,,,,,,,880.0,,500.0,,,,,,121.0,12.0,26.0,20.0,,,21.0,,164.0,8.0,
198561,,,,,,,,648.0,,242.0,,,,,,55.0,12.0,17.0,118.0,8.0,,64.0,,87.0,,
198570,,,,,,,,545.0,,264.0,,,,,,54.0,20.0,32.0,1.0,,,5.0,,65.0,45.0,
198598,,,,,,,,174.0,,66.0,,,,,,14.0,8.0,3.0,34.0,6.0,,15.0,,15.0,,
198613,,,,,,,,355.0,,122.0,,,,,,31.0,21.0,9.0,30.0,8.0,,39.0,,40.0,5.0,
198622,,,,,,,,948.0,,429.0,,,,,,64.0,10.0,33.0,34.0,,,58.0,21.0,123.0,18.0,2.0
198640,,,,,,,,191.0,,92.0,,,,,,17.0,7.0,4.0,11.0,,,13.0,4.0,21.0,,
198668,,,,,,,,238.0,,103.0,,,,,,37.0,5.0,10.0,3.0,,,28.0,,33.0,5.0,
198677,,,,,,,,17.0,,10.0,1.0,,,,,1.0,,0.0,,,,,,1.0,,
198695,,,,,,,,771.0,,331.0,,,,,,63.0,46.0,36.0,111.0,11.0,,88.0,,42.0,4.0,21.0
198710,,,,,,,,273.0,,124.0,1.0,1.0,,,,36.0,10.0,4.0,16.0,,,20.0,2.0,23.0,3.0,1.0
198729,,,,,,,,156.0,,52.0,,,,,,23.0,6.0,6.0,9.0,,,7.0,0.0,18.0,2.0,
198747,,,,,,,,21.0,,9.0,,,,,,2.0,2.0,,4.0,,,,,1.0,,
198756,,,,,,,,310.0,,117.0,,,,,,48.0,5.0,15.0,25.0,4.0,,31.0,3.0,51.0,,1.0
198774,,,,,,,,431.0,,175.0,,,,,,38.0,11.0,9.0,12.0,1.0,,39.0,1.0,42.0,7.0,
198808,,,,,,,,191.0,,68.0,,,,,,10.0,6.0,3.0,3.0,3.0,,15.0,,50.0,13.0,1.0
198817,,,,,,,,337.0,,191.0,,25.0,,,,16.0,2.0,8.0,6.0,,,22.0,,60.0,,
198835,,,,,,,,319.0,,163.0,,,,,,25.0,17.0,,58.0,4.0,,6.0,,25.0,,
198844,,,,,,,,14.0,,8.0,,,,,,2.0,1.0,,,,,1.0,,1.0,,
198862,,,,,,,,212.0,,70.0,,,,,,20.0,17.0,5.0,20.0,1.0,,19.0,,28.0,,3.0
198871,,,,,,,,133.0,,37.0,,,,,,13.0,2.0,5.0,18.0,3.0,,13.0,,33.0,7.0,
198899,,,,,,,,307.0,,113.0,,,,,,38.0,7.0,6.0,46.0,7.0,,38.0,3.0,33.0,,5.0
198905,,,,,,,,117.0,,66.0,,,,,,15.0,4.0,2.0,,2.0,,6.0,,15.0,,1.0
198914,,,,,,,,189.0,,108.0,,,,,,28.0,7.0,3.0,11.0,,,,,25.0,3.0,
198923,,,,,,,,125.0,,80.0,1.0,1.0,,,,,16.0,2.0,1.0,,,,,6.0,5.0,
198941,,,,,,,,7.0,,5.0,,,,,,1.0,,,,,,,,1.0,,
198950,,,,,,,,440.0,,156.0,,7.0,,,,39.0,21.0,31.0,22.0,3.0,,42.0,,60.0,10.0,1.0
198969,,,,,,,,493.0,,190.0,,,,,,36.0,16.0,12.0,68.0,7.0,,78.0,4.0,49.0,13.0,2.0
198978,,,,,,,,217.0,,108.0,,,,,,15.0,2.0,,,6.0,,,47.0,38.0,,
198987,,,,,,,,299.0,,145.0,,,,,,35.0,8.0,9.0,16.0,,,26.0,4.0,48.0,1.0,
199005,,,,,,,,3.0,,3.0,,,,,,,,,,,,,,,,
199014,,,,,,,,5.0,,2.0,,,,,,,,,,,,,,3.0,,
199023,,,,,,,,146.0,,91.0,,,,,,13.0,6.0,3.0,1.0,,,5.0,,18.0,3.0,
199032,,,,,,,,180.0,,95.0,,,,,,7.0,5.0,4.0,16.0,,,4.0,1.0,9.0,0.0,
199069,,,,,,,,346.0,,139.0,,,,,,57.0,9.0,8.0,29.0,,,14.0,,26.0,,3.0
199078,,,,,,,,18.0,,8.0,,,,,,4.0,,,,,,,,,,
199087,,,,,,,,314.0,,192.0,,,,,,31.0,7.0,9.0,6.0,,,26.0,1.0,31.0,,
199102,,,,,,,,1556.0,,482.0,16.0,,,,,99.0,97.0,115.0,73.0,19.0,,127.0,,353.0,81.0,4.0
199111,,,,,,,,711.0,,248.0,,,,,,45.0,44.0,33.0,43.0,10.0,,79.0,2.0,117.0,46.0,2.0
199120,,,,,,,,11287.0,,1816.0,1158.0,996.0,,,,272.0,826.0,1933.0,371.0,384.0,,695.0,,1629.0,711.0,23.0
199139,,,,,,,,3358.0,,1142.0,2.0,,,,,196.0,193.0,264.0,187.0,39.0,,341.0,1.0,555.0,261.0,8.0
199148,,,,,,,,2460.0,,822.0,,,,,,120.0,213.0,324.0,81.0,28.0,,241.0,2.0,270.0,115.0,11.0
199157,,,,,,,,1272.0,,440.0,2.0,,,,,117.0,79.0,63.0,86.0,10.0,,118.0,,212.0,69.0,2.0
199175,,,,,,,,393.0,,,,,,,,64.0,61.0,67.0,64.0,1.0,,1.0,,85.0,23.0,
199184,,,,,,,,454.0,,152.0,,,,,,44.0,24.0,17.0,25.0,3.0,,67.0,1.0,73.0,26.0,2.0
199193,,,,,,,,8667.0,,1802.0,394.0,306.0,,,,307.0,495.0,1386.0,428.0,101.0,,801.0,8.0,1309.0,498.0,30.0
199209,,,,,,,,281.0,,126.0,,,,,,90.0,,7.0,33.0,1.0,,,,15.0,,
199218,,,,,,,,1940.0,,730.0,4.0,,,,,86.0,97.0,101.0,118.0,28.0,,175.0,3.0,349.0,127.0,15.0
199263,,,,,,,,88.0,,47.0,,2.0,,,,6.0,5.0,3.0,,,,6.0,,6.0,,
199272,,,,,,,,154.0,,67.0,,,,,,7.0,4.0,6.0,11.0,4.0,,14.0,8.0,15.0,,
199281,,,,,,,,869.0,,315.0,,,,,,60.0,33.0,46.0,52.0,7.0,,82.0,1.0,164.0,54.0,2.0
199306,,,,,,,,216.0,,93.0,,,,,,33.0,12.0,8.0,25.0,,,3.0,,21.0,,1.0
199315,,,,,,,,93.0,,45.0,,,,,,11.0,2.0,3.0,2.0,,,4.0,,9.0,1.0,
199324,,,,,,,,214.0,,101.0,,,,,,33.0,3.0,7.0,13.0,,,16.0,,30.0,3.0,
199333,,,,,,,,668.0,,316.0,,,,,,52.0,10.0,19.0,42.0,,,18.0,,149.0,4.0,1.0
199412,,,,,,,,409.0,,172.0,,,,,,61.0,15.0,9.0,43.0,7.0,,9.0,,39.0,1.0,2.0
199421,,,,,,,,376.0,,158.0,,,,,,34.0,3.0,15.0,11.0,0.0,,25.0,,53.0,4.0,
199449,,,,,,,,244.0,,118.0,,,,,,31.0,3.0,4.0,5.0,,,17.0,,24.0,7.0,
199458,,,,,,,,35.0,,9.0,,,,,,4.0,1.0,2.0,,,,3.0,,5.0,,
199467,,,,,,,,117.0,,58.0,,,,,,24.0,3.0,1.0,2.0,,,7.0,,7.0,2.0,
199476,,,,,,,,240.0,,141.0,,,,,,20.0,5.0,6.0,16.0,,,5.0,,38.0,,
199485,,,,,,,,217.0,,118.0,,,,,,25.0,5.0,7.0,6.0,,,16.0,1.0,27.0,1.0,
199494,,,,,,,,599.0,,329.0,,,,,,52.0,11.0,26.0,26.0,,,27.0,,88.0,7.0,
199582,,,,,,,,233.0,,74.0,,,,,,38.0,9.0,9.0,18.0,4.0,,47.0,1.0,21.0,9.0,
199607,,,,,,,,200.0,,89.0,,,,,,25.0,4.0,8.0,7.0,3.0,,18.0,,14.0,6.0,
199625,,,,,,,,163.0,,89.0,,,,,,15.0,9.0,3.0,3.0,,,12.0,3.0,20.0,,
199634,,,,,,,,447.0,,261.0,,,,,,43.0,6.0,6.0,8.0,,,32.0,,51.0,9.0,2.0
199643,,,,,,,,305.0,,115.0,,,,,,43.0,11.0,4.0,30.0,2.0,,32.0,,36.0,,4.0
199670,,,,,,,,35.0,,15.0,,,,,,2.0,3.0,,1.0,,,1.0,0.0,2.0,,
199689,,,,,,,,25.0,,10.0,,,,,,6.0,,,,,,,5.0,4.0,,
199698,,,,,,,,186.0,,43.0,,,,,,8.0,4.0,2.0,2.0,,,80.0,,34.0,9.0,
199713,,,,,,,,5.0,,3.0,,,,,,1.0,,,,,,,,1.0,,
199722,,,,,,,,262.0,,85.0,,,,,,26.0,8.0,7.0,14.0,,,11.0,,25.0,1.0,1.0
199731,,,,,,,,283.0,,138.0,,,,,,30.0,3.0,9.0,18.0,,,16.0,,28.0,6.0,
199740,,,,,,,,257.0,,136.0,,,,,,32.0,7.0,14.0,12.0,,,15.0,,28.0,,
199759,,,,,,,,263.0,,86.0,1.0,,,,,36.0,9.0,7.0,6.0,,,21.0,,51.0,18.0,
199768,,,,,,,,362.0,,201.0,,,,,,39.0,3.0,10.0,10.0,,,25.0,2.0,53.0,1.0,1.0
199786,,,,,,,,380.0,,228.0,,,,,,27.0,3.0,6.0,8.0,,,20.0,,45.0,,1.0
199795,,,,,,,,127.0,,52.0,,,,,,20.0,4.0,6.0,3.0,,,7.0,,15.0,,
199838,,,,,,,,415.0,,231.0,,,,,,49.0,3.0,9.0,20.0,,,33.0,,48.0,2.0,1.0
199847,,,,,,,,6210.0,,1871.0,199.0,13.0,,,,353.0,863.0,419.0,164.0,634.0,,369.0,9.0,1055.0,106.0,25.0
199856,,,,,,,,1672.0,,693.0,,,,,,173.0,62.0,46.0,61.0,,,25.0,,249.0,13.0,4.0
199865,,,,,,,,222.0,,85.0,,,,,,42.0,2.0,5.0,22.0,2.0,,15.0,,20.0,16.0,
199883,,,,,,,,19.0,,15.0,,,,,,,1.0,,,,,,,2.0,,
199892,,,,,,,,414.0,,214.0,,,,,,33.0,8.0,8.0,16.0,,,50.0,,53.0,,1.0
199908,,,,,,,,285.0,,138.0,,,,,,28.0,3.0,9.0,15.0,,,16.0,2.0,34.0,4.0,
199926,,,,,,,,361.0,,183.0,,,,,,39.0,15.0,9.0,15.0,,,38.0,4.0,31.0,8.0,1.0
199953,,,,,,,,219.0,,108.0,,,,,,20.0,9.0,7.0,21.0,,,23.0,,23.0,,
199962,,,,,,,,479.0,,206.0,,,,,,33.0,14.0,16.0,57.0,8.0,,36.0,,45.0,7.0,1.0
199971,,,,,,,,4.0,,2.0,,,,,,1.0,,,,,,,,1.0,,
199980,,,,,,,,6.0,,3.0,,,,,,1.0,,,,,,,,1.0,,
199999,,,,,,,,893.0,,358.0,,,,,,70.0,65.0,46.0,46.0,10.0,,80.0,1.0,138.0,31.0,3.0
200004,,,,,,,,1506.0,,529.0,,,,,,92.0,71.0,50.0,109.0,19.0,,181.0,3.0,204.0,140.0,15.0
200013,,,,,,,,48.0,,21.0,,,,,,8.0,,,,,,,,,,
200022,,,,,,,,417.0,,202.0,,,,,,31.0,16.0,17.0,32.0,,,37.0,3.0,53.0,14.0,
200059,,,,,,,,234.0,,99.0,1.0,7.0,,,,24.0,2.0,3.0,22.0,1.0,,30.0,4.0,30.0,,6.0
200086,,,,,,,,76.0,,23.0,,,,,,4.0,7.0,3.0,2.0,,,8.0,,6.0,4.0,
200110,,,,,,,,9.0,,4.0,,,,,,5.0,,,,,,,,,,
200129,,,,,,,,6.0,,4.0,,,,,,1.0,,,,,,,,1.0,,
200156,,,,,,,,190.0,,77.0,,,,,,10.0,1.0,3.0,31.0,0.0,,16.0,20.0,22.0,5.0,0.0
200165,,,,,,,,9.0,,4.0,,,,,,5.0,,,,,,,,,,
200192,,,,,,,,131.0,,44.0,,,,,,16.0,7.0,4.0,3.0,,,14.0,3.0,21.0,,
200208,,,,,,,,144.0,,24.0,,,,,,19.0,3.0,4.0,2.0,2.0,,16.0,,18.0,2.0,5.0
200217,,,,,,,,390.0,,173.0,,,,,,36.0,10.0,3.0,37.0,3.0,,34.0,22.0,41.0,,
200226,,,,,,,,218.0,,50.0,,,,,,45.0,6.0,,11.0,5.0,,36.0,,26.0,,
200253,,,,,,,,455.0,,212.0,,,,,,33.0,9.0,8.0,30.0,4.0,,45.0,7.0,67.0,9.0,3.0
200262,,,,,,,,1.0,,1.0,,,,,,,,,,,,,,,,
200280,,,,,,,,2652.0,,774.0,2.0,,,,,161.0,93.0,272.0,244.0,74.0,,251.0,,468.0,71.0,149.0
200305,,,,,,,,409.0,,178.0,,,,,,29.0,10.0,5.0,23.0,1.0,,56.0,2.0,70.0,11.0,9.0
200314,,,,,,,,117.0,,56.0,,,,,,8.0,1.0,3.0,7.0,,,15.0,2.0,12.0,2.0,1.0
200332,,,,,,,,2592.0,,637.0,206.0,153.0,,,,146.0,107.0,322.0,138.0,33.0,,264.0,11.0,288.0,125.0,31.0
200341,,,,,,,,114.0,,31.0,,,,,,16.0,8.0,3.0,5.0,,,15.0,1.0,20.0,,
200387,,,,,,,,7.0,,2.0,,,,,,1.0,,,,,,,2.0,2.0,0.0,
200466,,,,,,,,103.0,,28.0,,,,,,2.0,3.0,4.0,11.0,,,11.0,,5.0,10.0,11.0
200484,,,,,,,,56.0,,14.0,,,,,,4.0,2.0,1.0,6.0,,,7.0,,7.0,4.0,
200527,,,,,,,,116.0,,39.0,0.0,,,,,21.0,5.0,6.0,8.0,,,8.0,,20.0,,
200554,,,,,,,,235.0,,61.0,,,,,,5.0,22.0,5.0,15.0,2.0,,,,16.0,6.0,
200572,,,,,,,,203.0,,83.0,,,,,,26.0,4.0,9.0,25.0,1.0,,16.0,,23.0,6.0,6.0
200590,,,,,,,,29.0,,15.0,,,,,,2.0,1.0,1.0,,,,,,4.0,1.0,
200624,,,,,,,,11.0,,6.0,,,,,,2.0,2.0,,,,,,,0.0,,
200633,,,,,,,,23.0,,14.0,,,,,,4.0,1.0,,,,,,4.0,,,
200785,,,,,,,,56.0,,41.0,,,,,,3.0,,0.0,,,,1.0,,3.0,,
200800,,,,,,,,2499.0,,1005.0,,,,,,115.0,149.0,182.0,181.0,26.0,,293.0,5.0,230.0,80.0,28.0
200828,,,,,,,,8.0,,4.0,,,,,,,,,,4.0,,,,1.0,,
200846,,,,,,,,105.0,,57.0,,,,,,0.0,3.0,5.0,9.0,,,2.0,,8.0,5.0,
200873,,,,,,,,20.0,,5.0,,,,,,4.0,1.0,1.0,,,,,,1.0,1.0,
201016,,,,,,,,27.0,,15.0,,,,,,2.0,,1.0,,,,,2.0,1.0,1.0,
201034,,,,,,,,75.0,,61.0,,,,,,6.0,1.0,,,,,,0.0,6.0,,
201061,,,,,,,,58.0,,21.0,,7.0,,,,5.0,3.0,,8.0,,,2.0,,9.0,,
201098,,,,,,,,21.0,,11.0,,,,,,1.0,1.0,0.0,,,,,5.0,3.0,,
201104,,,,,,,,794.0,,315.0,,,,,,124.0,9.0,22.0,58.0,6.0,,102.0,1.0,87.0,18.0,1.0
201131,,,,,,,,24.0,,17.0,,,,,,3.0,,,1.0,,,,,2.0,,
201140,,,,,,,,39.0,,11.0,,,,,,10.0,1.0,,1.0,,,7.0,,3.0,2.0,
201159,,,,,,,,55.0,,,,,,,,1.0,,,1.0,7.0,,22.0,,6.0,3.0,6.0
201177,,,,,,,,62.0,,27.0,,,,,,14.0,14.0,2.0,,,,,,2.0,,
201195,,,,,,,,691.0,,269.0,,,,,,62.0,57.0,34.0,40.0,6.0,,76.0,,80.0,25.0,4.0
201283,,,,,,,,125.0,,63.0,,0.0,,,,19.0,2.0,4.0,5.0,,,7.0,1.0,14.0,,
201371,,,,,,,,172.0,,70.0,,,,,,25.0,11.0,5.0,15.0,2.0,,6.0,12.0,15.0,5.0,
201399,,,,,,,,25.0,,15.0,,,,,,4.0,1.0,,,,,1.0,2.0,2.0,,
201432,,,,,,,,132.0,,75.0,,,,,,14.0,3.0,2.0,5.0,,,7.0,1.0,25.0,,0.0
201441,,,,,,,,2071.0,,802.0,10.0,,,,,268.0,47.0,130.0,147.0,16.0,,206.0,10.0,363.0,21.0,17.0
201469,,,,,,,,64.0,,36.0,,,,,,7.0,1.0,1.0,9.0,,,1.0,,6.0,,
201478,,,,,,,,45.0,,19.0,,,,,,,,,,14.0,,4.0,,,,1.0
201496,,,,,,,,26.0,,12.0,,,,,,7.0,,,,,,,,5.0,,
201539,,,,,,,,34.0,,28.0,,,,,,2.0,,,,,,,,3.0,,
201548,,,,,,,,501.0,,241.0,,,,,,46.0,22.0,19.0,53.0,,,17.0,,52.0,19.0,
201609,,,,,,,,3.0,,2.0,,,,,,,,,,,,,,1.0,,
201618,,,,,,,,3.0,,2.0,,,,,,1.0,,,,,,,,,,
201627,,,,,,,,4.0,,3.0,,,,,,,,,,,,,,1.0,,
201645,,,,,,,,4391.0,,1405.0,,,,,,193.0,365.0,1199.0,127.0,110.0,,270.0,,394.0,69.0,4.0
201654,,,,,,,,630.0,,270.0,,,,,,43.0,36.0,25.0,49.0,8.0,,57.0,14.0,79.0,18.0,0.0
201672,,,,,,,,242.0,,122.0,,,,,,28.0,8.0,10.0,4.0,,,12.0,,21.0,,
201681,,,,,,,,11.0,,6.0,,,,,,2.0,1.0,,,,,,,1.0,,
201690,,,,,,,,326.0,,118.0,,,,,,57.0,11.0,11.0,24.0,2.0,,37.0,1.0,44.0,1.0,1.0
201751,,,,,,,,38.0,,3.0,,,,,,10.0,1.0,1.0,1.0,,,2.0,6.0,7.0,,
201803,,,,,,,,49.0,,26.0,,,,,,,,1.0,,13.0,,,,2.0,2.0,
201821,,,,,,,,72.0,,40.0,,,,,,14.0,2.0,2.0,3.0,,,,,5.0,,
201858,,,,,,,,112.0,,55.0,,,,,,9.0,4.0,,7.0,,,6.0,4.0,14.0,,
201867,,,,,,,,10.0,,4.0,,,,,,3.0,1.0,,,,,,,,,
201885,,,,,,,,6230.0,,2297.0,273.0,33.0,,,,1117.0,367.0,794.0,264.0,126.0,,365.0,13.0,276.0,152.0,57.0
201928,,,,,,,,828.0,,400.0,,,,,,114.0,23.0,37.0,12.0,,,66.0,,52.0,,4.0
201946,,,,,,,,277.0,,169.0,,11.0,,,,29.0,6.0,7.0,27.0,,,11.0,,5.0,5.0,
201955,,,,,,,,354.0,,234.0,,,,,,37.0,5.0,21.0,20.0,,,13.0,,6.0,3.0,
201964,,,,,,,,456.0,,222.0,,,,,,32.0,18.0,12.0,,,,5.0,74.0,85.0,7.0,
201973,,,,,,,,355.0,,193.0,,,,,,41.0,8.0,8.0,11.0,0.0,,20.0,7.0,24.0,,
201982,,,,,,,,12.0,,9.0,,,,,,2.0,,,,,,,,1.0,,
202046,,,,,,,,149.0,,67.0,,,,,,24.0,4.0,9.0,6.0,,,2.0,,11.0,1.0,
202055,,,,,,,,22.0,,11.0,,,,,,4.0,2.0,,,,,,2.0,2.0,,
202073,,,,,,,,130.0,,60.0,,,,,,13.0,6.0,2.0,7.0,,,5.0,1.0,9.0,5.0,
202134,,,,,,,,1807.0,,722.0,,,,,,267.0,90.0,140.0,91.0,15.0,,113.0,3.0,230.0,23.0,11.0
202152,,,,,,,,28.0,,10.0,,,,,,4.0,1.0,1.0,,2.0,,,,0.0,1.0,
202161,,,,,,,,59.0,,24.0,,,,,,7.0,2.0,,,,,3.0,14.0,3.0,0.0,
202170,,,,,,,,234.0,,117.0,,,,,,24.0,4.0,11.0,1.0,0.0,,22.0,15.0,18.0,3.0,
202222,,,,,,,,1505.0,,656.0,,,,,,168.0,111.0,77.0,73.0,15.0,,35.0,14.0,223.0,37.0,6.0
202356,,,,,,,,2129.0,,733.0,,,,,,211.0,203.0,61.0,72.0,,,124.0,,536.0,,
202435,,,,,,,,24.0,,10.0,,,,,,6.0,1.0,1.0,,,,0.0,2.0,4.0,,
202453,,,,,,,,5.0,,3.0,,,,,,1.0,,,,,,,,1.0,,
202480,,,,,,,,2526.0,,717.0,,,,,,449.0,68.0,491.0,135.0,9.0,,224.0,13.0,307.0,61.0,10.0
202514,,,,,,,,161.0,,54.0,,,,,,19.0,21.0,3.0,27.0,3.0,,1.0,,18.0,8.0,
202523,,,,,,,,687.0,,252.0,,,,,,116.0,8.0,26.0,33.0,11.0,,75.0,,124.0,24.0,
202648,,,,,,,,182.0,,98.0,,1.0,,,,30.0,3.0,10.0,4.0,,,12.0,,21.0,,
202657,,,,,,,,31.0,,17.0,,,,,,4.0,3.0,1.0,1.0,,,,,5.0,,
202684,,,,,,,,58.0,,29.0,,,,,,7.0,,1.0,12.0,,,1.0,,5.0,,
202736,,,,,,,,5.0,,4.0,,,,,,1.0,,,,,,,,,,
202763,,,,,,,,626.0,,236.0,,,,,,72.0,18.0,25.0,60.0,18.0,,68.0,4.0,76.0,13.0,2.0
202806,,,,,,,,618.0,,304.0,,,,,,74.0,32.0,47.0,9.0,,,35.0,,26.0,4.0,
202888,,,,,,,,7.0,,4.0,,,,,,1.0,1.0,,,,,,,0.0,,
202903,,,,,,,,64.0,,20.0,,,,,,5.0,3.0,2.0,4.0,,,14.0,1.0,9.0,,
202912,,,,,,,,65.0,,32.0,,,,,,13.0,,2.0,,,,,,7.0,,
202949,,,,,,,,45.0,,20.0,,,,,,8.0,2.0,,2.0,,,1.0,,7.0,,
202985,,,,,,,,7.0,,5.0,,,,,,1.0,,,,,,,,1.0,,
203030,,,,,,,,13.0,,12.0,,,,,,,,1.0,,,,,,,,
203067,,,,,,,,216.0,,69.0,4.0,2.0,,,,51.0,8.0,9.0,5.0,,,13.0,,28.0,,
203085,,,,,,,,263.0,,82.0,8.0,,,,,31.0,10.0,9.0,42.0,3.0,,31.0,2.0,29.0,8.0,
203128,,,,,,,,241.0,,98.0,,,,,,27.0,12.0,13.0,32.0,4.0,,7.0,2.0,25.0,1.0,
203146,,,,,,,,46.0,,28.0,,,,,,4.0,1.0,,,,,,3.0,6.0,1.0,2.0
203155,,,,,,,,298.0,,122.0,,,,,,45.0,11.0,8.0,8.0,,,48.0,,28.0,14.0,1.0
203225,,,,,,,,16.0,,8.0,,,,,,2.0,2.0,,,,,,2.0,1.0,,
203234,,,,,,,,15.0,,8.0,,,,,,3.0,,,,,,,,1.0,,
203289,,,,,,,,16.0,,7.0,,,,,,2.0,1.0,,,,,,1.0,3.0,1.0,
203313,,,,,,,,32.0,,12.0,,,,,,6.0,1.0,1.0,,,,,,10.0,,
203331,,,,,,,,188.0,,100.0,,7.0,,,,17.0,7.0,6.0,,,,6.0,,22.0,,
203368,,,,,,,,654.0,,276.0,,,,,,99.0,4.0,27.0,102.0,0.0,,19.0,,90.0,20.0,3.0
203386,,,,,,,,194.0,,125.0,,,,,,40.0,9.0,3.0,5.0,,,,,8.0,,
203438,,,,,,,,21.0,,12.0,,,,,,3.0,1.0,,,,,,2.0,2.0,,
203447,,,,,,,,120.0,,67.0,,,,,,10.0,9.0,2.0,,1.0,,2.0,,14.0,2.0,
203456,,,,,,,,64.0,,36.0,,,,,,4.0,3.0,2.0,,1.0,,4.0,,10.0,1.0,
203465,,,,,,,,308.0,,164.0,,,,,,13.0,24.0,7.0,8.0,,,32.0,2.0,38.0,3.0,
203474,,,,,,,,122.0,,70.0,,,,,,5.0,9.0,3.0,2.0,,,6.0,,17.0,3.0,
203483,,,,,,,,155.0,,67.0,,,,,,9.0,10.0,3.0,22.0,1.0,,16.0,0.0,19.0,1.0,
203492,,,,,,,,104.0,,68.0,,,,,,7.0,2.0,2.0,2.0,0.0,,4.0,,9.0,3.0,
203517,,,,,,,,3600.0,,1229.0,,,,,,420.0,481.0,220.0,150.0,31.0,,342.0,8.0,418.0,139.0,20.0
203526,,,,,,,,121.0,,76.0,,,,,,7.0,5.0,2.0,,,,4.0,,14.0,4.0,
203535,,,,,,,,586.0,,191.0,,,,,,71.0,88.0,,29.0,9.0,,81.0,6.0,68.0,24.0,
203544,,,,,,,,127.0,,77.0,,,,,,3.0,5.0,4.0,2.0,,,5.0,3.0,12.0,,
203580,,,,,,,,169.0,,65.0,,,,,,26.0,10.0,3.0,27.0,3.0,,6.0,,9.0,11.0,1.0
203599,,,,,,,,534.0,,267.0,,,,,,48.0,26.0,26.0,20.0,,,58.0,0.0,61.0,,
203614,,,,,,,,140.0,,70.0,,,,,,,,,3.0,67.0,,,,,,
203678,,,,,,,,278.0,,135.0,,,,,,44.0,3.0,9.0,1.0,,,8.0,,31.0,,
203720,,,,,,,,33.0,,15.0,,,,,,2.0,6.0,3.0,,,,,3.0,2.0,,
203739,,,,,,,,27.0,,16.0,,,,,,2.0,5.0,,,,,,2.0,1.0,,
203748,,,,,,,,735.0,,294.0,,,,,,36.0,63.0,27.0,51.0,,,47.0,4.0,134.0,,2.0
203757,,,,,,,,219.0,,105.0,,,,,,28.0,5.0,9.0,35.0,,,,,24.0,,3.0
203775,,,,,,,,301.0,,116.0,,,,,,20.0,16.0,13.0,51.0,,,17.0,,45.0,5.0,
203845,,,,,,,,316.0,,119.0,,,,,,31.0,11.0,11.0,42.0,4.0,,35.0,1.0,34.0,10.0,1.0
203881,,,,,,,,158.0,,95.0,,,,,,21.0,7.0,5.0,,,,,,26.0,,
203942,,,,,,,,24.0,,15.0,,,,,,1.0,,,,,,,,3.0,,
203960,,,,,,,,181.0,,110.0,,,,,,11.0,2.0,3.0,,,,,,17.0,,
203997,,,,,,,,57.0,,26.0,,,,,,10.0,2.0,1.0,1.0,,,9.0,,5.0,,
204006,,,,,,,,241.0,,135.0,,,,,,12.0,7.0,8.0,9.0,,,14.0,1.0,30.0,4.0,
204015,,,,,,,,194.0,,92.0,,,,,,6.0,7.0,10.0,19.0,,,14.0,,25.0,4.0,
204024,,,,,,,,3251.0,,1014.0,32.0,,,,,165.0,230.0,208.0,235.0,25.0,,657.0,19.0,380.0,136.0,11.0
204060,,,,,,,,18.0,,11.0,,,,,,4.0,1.0,,,1.0,,,1.0,0.0,,
204121,,,,,,,,5.0,,3.0,,,,,,1.0,1.0,,,,,,,,,
204158,,,,,,,,63.0,,52.0,,,,,,4.0,2.0,,,,,,,2.0,,
204176,,,,,,,,100.0,,65.0,,,,,,14.0,1.0,1.0,1.0,1.0,,2.0,,4.0,,
204185,,,,,,,,428.0,,166.0,,,,,,34.0,19.0,22.0,39.0,1.0,,75.0,,45.0,,
204194,,,,,,,,363.0,,133.0,,,,,,49.0,24.0,13.0,35.0,2.0,,39.0,0.0,41.0,9.0,4.0
204200,,,,,,,,345.0,,128.0,,,,,,38.0,10.0,10.0,38.0,5.0,,38.0,,34.0,8.0,
204255,,,,,,,,179.0,,94.0,,,,,,13.0,17.0,11.0,,,,9.0,,16.0,,
204264,,,,,,,,303.0,,123.0,,,,,,82.0,4.0,6.0,7.0,4.0,,33.0,,28.0,,
204316,,,,,,,,39.0,,14.0,,,,,,10.0,,,,,,,,13.0,0.0,
204334,,,,,,,,9.0,,6.0,,,,,,3.0,,,,,,,,,,
204422,,,,,,,,232.0,,112.0,,,,,,32.0,4.0,8.0,17.0,,,14.0,3.0,21.0,0.0,
204431,,,,,,,,4.0,,2.0,,,,,,1.0,1.0,,,,,,,,,
204440,,,,,,,,211.0,,86.0,,,,,,24.0,10.0,7.0,11.0,,,34.0,3.0,28.0,0.0,
204459,,,,,,,,16.0,,1.0,,,,,,1.0,1.0,,,6.0,,4.0,,3.0,,
204468,,,,,,,,299.0,,113.0,,,,,,38.0,11.0,1.0,41.0,4.0,,21.0,1.0,15.0,,
204477,,,,,,,,396.0,,72.0,11.0,,,,,14.0,43.0,101.0,1.0,,,15.0,,48.0,15.0,
204486,,,,,,,,384.0,,142.0,,,,,,31.0,13.0,11.0,38.0,2.0,,23.0,51.0,28.0,1.0,4.0
204501,,,,,,,,1110.0,,348.0,,,,,,122.0,31.0,43.0,111.0,7.0,,183.0,1.0,154.0,37.0,2.0
204592,,,,,,,,5.0,,2.0,,,,,,2.0,,,,,,,,1.0,,
204608,,,,,,,,148.0,,46.0,,,,,,18.0,9.0,,2.0,,,4.0,27.0,14.0,19.0,
204617,,,,,,,,293.0,,132.0,,,,,,28.0,17.0,11.0,49.0,2.0,,13.0,1.0,16.0,,
204626,,,,,,,,23.0,,13.0,,,,,,6.0,,,3.0,,,,,1.0,,
204635,,,,,,,,553.0,,237.0,,,,,,44.0,47.0,29.0,71.0,13.0,,8.0,,90.0,,5.0
204662,,,,,,,,89.0,,37.0,,,,,,11.0,6.0,0.0,8.0,,,2.0,1.0,9.0,6.0,
204671,,,,,,,,110.0,,50.0,,,,,,16.0,8.0,,11.0,,,10.0,,8.0,5.0,
204680,,,,,,,,123.0,,55.0,,,,,,12.0,10.0,2.0,6.0,,,13.0,1.0,15.0,4.0,2.0
204699,,,,,,,,126.0,,54.0,,,,,,20.0,12.0,,7.0,,,15.0,,9.0,4.0,
204705,,,,,,,,168.0,,82.0,,,,,,18.0,11.0,4.0,12.0,1.0,,18.0,1.0,8.0,5.0,
204714,,,,,,,,12.0,,6.0,,,,,,,2.0,,,,,1.0,2.0,,,
204723,,,,,,,,8.0,,5.0,,,,,,1.0,,,,,,,,1.0,,
204769,,,,,,,,8.0,,5.0,,,,,,1.0,1.0,,,,,,,,,
204778,,,,,,,,10.0,,7.0,,,,,,1.0,1.0,,,,,,,,,
204796,,,,,,,,27810.0,,4094.0,102.0,,,,,4122.0,1507.0,3390.0,764.0,6541.0,,2777.0,96.0,2744.0,572.0,216.0
204802,,,,,,,,50.0,,32.0,,,,,,2.0,,2.0,3.0,,,3.0,,3.0,1.0,
204820,,,,,,,,134.0,,88.0,,,,,,7.0,0.0,2.0,7.0,,,8.0,,13.0,3.0,
204839,,,,,,,,116.0,,73.0,,,,,,9.0,,2.0,8.0,,,1.0,,16.0,2.0,
204848,,,,,,,,114.0,,72.0,,,,,,9.0,1.0,3.0,6.0,,,5.0,,11.0,3.0,
204857,,,,,,,,3799.0,,1160.0,,,,,,478.0,210.0,374.0,307.0,38.0,,400.0,,425.0,104.0,46.0
204866,,,,,,,,119.0,,70.0,,,,,,8.0,,3.0,4.0,,,13.0,,12.0,5.0,
204884,,,,,,,,18.0,,10.0,,,,,,3.0,1.0,,,,,,2.0,2.0,,
204893,,,,,,,,13.0,,9.0,,,,,,1.0,,,,,,,,2.0,,
204909,,,,,,,,437.0,,172.0,,,,,,18.0,22.0,11.0,84.0,8.0,,21.0,,49.0,15.0,1.0
204936,,,,,,,,513.0,,231.0,,,,,,150.0,,,23.0,,,5.0,,69.0,35.0,
204945,,,,,,,,768.0,,395.0,,,,,,70.0,32.0,34.0,55.0,,,43.0,,80.0,13.0,
204963,,,,,,,,7.0,,5.0,,,,,,,,,,,,,,2.0,,
204981,,,,,,,,76.0,,7.0,,,,,,6.0,2.0,1.0,2.0,,,,,7.0,,
204990,,,,,,,,18.0,,4.0,1.0,,,,,3.0,2.0,,,,,0.0,,2.0,,
205027,,,,,,,,71.0,,30.0,,,,,,7.0,2.0,3.0,1.0,1.0,,5.0,,12.0,6.0,
205054,,,,,,,,36.0,,20.0,,,,,,4.0,2.0,1.0,,,,,4.0,4.0,,
205090,,,,,,,,15.0,,9.0,,,,,,2.0,1.0,,,,,,,2.0,,
205124,,,,,,,,25.0,,7.0,,,,,,3.0,1.0,,,,,10.0,,3.0,,
205142,,,,,,,,9.0,,4.0,,,,,,2.0,,,,,,1.0,,,,
205179,,,,,,,,128.0,,59.0,,,,,,3.0,1.0,,,,,,20.0,17.0,1.0,
205203,,,,,,,,235.0,,118.0,,,,,,7.0,11.0,8.0,4.0,1.0,,8.0,9.0,53.0,13.0,
205391,,,,,,,,28.0,,12.0,,,,,,3.0,,0.0,1.0,,,,7.0,1.0,,
205443,,,,,,,,425.0,,204.0,,,,,,53.0,8.0,13.0,31.0,1.0,,34.0,,55.0,10.0,2.0
205470,,,,,,,,1325.0,,612.0,,,,,,56.0,31.0,112.0,140.0,,,53.0,13.0,160.0,24.0,
205513,,,,,,,,11.0,,4.0,,,,,,1.0,1.0,,,,,,1.0,4.0,,
205522,,,,,,,,7.0,,4.0,,,,,,1.0,,,,,,,,1.0,,
205531,,,,,,,,3.0,,2.0,,,,,,,,,,,,,,,,
205559,,,,,,,,10.0,,5.0,,,,,,1.0,,,,,,,,1.0,,
205568,,,,,,,,18.0,,13.0,,,,,,,1.0,,,,,2.0,1.0,,,
205610,,,,,,,,60.0,,24.0,,,,,,11.0,,,,,,,,22.0,1.0,
205647,,,,,,,,36.0,,13.0,,,,,,8.0,,,,,,,,12.0,0.0,
205841,,,,,,,,562.0,,316.0,,,,,,28.0,53.0,27.0,27.0,2.0,,44.0,,38.0,1.0,
205887,,,,,,,,63.0,,27.0,,,,,,11.0,3.0,2.0,,,,,4.0,11.0,1.0,
205957,,,,,,,,340.0,,151.0,,,,,,37.0,12.0,12.0,24.0,1.0,,11.0,2.0,47.0,13.0,
205966,,,,,,,,212.0,,81.0,,,,,,22.0,4.0,7.0,6.0,2.0,,2.0,,36.0,6.0,
206011,,,,,,,,209.0,,103.0,,,,,,21.0,11.0,5.0,2.0,,,13.0,,21.0,,
206039,,,,,,,,5.0,,4.0,,,,,,,,,,,,,,,,
206048,,,,,,,,377.0,,175.0,,,,,,39.0,13.0,9.0,39.0,9.0,,34.0,27.0,15.0,8.0,1.0
206084,,,,,,,,3100.0,,841.0,114.0,160.0,,,,156.0,158.0,181.0,231.0,361.0,,263.0,2.0,270.0,100.0,12.0
206154,,,,,,,,14.0,,7.0,,,,,,1.0,1.0,,,,,,,,,
206172,,,,,,,,16.0,,6.0,,,,,,1.0,1.0,,,3.0,,,1.0,1.0,1.0,
206181,,,,,,,,24.0,,16.0,,,,,,2.0,,1.0,,,,,,2.0,,
206215,,,,,,,,37.0,,9.0,,,,,,9.0,3.0,1.0,,,,0.0,,8.0,1.0,
206224,,,,,,,,37.0,,19.0,,,,,,4.0,2.0,,2.0,,,2.0,3.0,4.0,,
206279,,,,,,,,215.0,,97.0,,,,,,32.0,8.0,7.0,2.0,,,3.0,16.0,26.0,,
206288,,,,,,,,74.0,,16.0,,,,,,12.0,11.0,4.0,2.0,,,4.0,,19.0,,
206321,,,,,,,,34.0,,19.0,,,,,,3.0,,,,,,,,4.0,,
206330,,,,,,,,142.0,,65.0,,,,,,12.0,9.0,,24.0,1.0,,3.0,,10.0,4.0,
206349,,,,,,,,227.0,,109.0,,,,,,31.0,5.0,9.0,19.0,2.0,,2.0,,37.0,5.0,
206394,,,,,,,,25.0,,13.0,,,,,,3.0,2.0,2.0,,,,,2.0,1.0,0.0,
206437,,,,,,,,417.0,,168.0,,,,,,31.0,15.0,11.0,56.0,,,31.0,,49.0,7.0,2.0
206446,,,,,,,,165.0,,97.0,,,,,,24.0,1.0,5.0,0.0,,,3.0,2.0,23.0,7.0,
206482,,,,,,,,13.0,,8.0,,,,,,,,,,,,,,5.0,,
206491,,,,,,,,131.0,,44.0,1.0,4.0,,,,10.0,16.0,5.0,6.0,1.0,,14.0,,8.0,1.0,1.0
206507,,,,,,,,202.0,,81.0,,,,,,8.0,18.0,11.0,17.0,3.0,,9.0,8.0,29.0,10.0,
206516,,,,,,,,20.0,,5.0,,,,,,3.0,,,,,,,,8.0,,
206525,,,,,,,,371.0,,141.0,,,,,,47.0,9.0,9.0,49.0,4.0,,22.0,,62.0,14.0,0.0
206589,,,,,,,,640.0,,180.0,,,,,,48.0,52.0,16.0,54.0,21.0,,135.0,2.0,43.0,30.0,6.0
206604,,,,,,,,2575.0,,938.0,,,,,,137.0,138.0,330.0,143.0,4.0,,130.0,1.0,514.0,148.0,24.0
206622,,,,,,,,1063.0,,470.0,,,,,,81.0,71.0,44.0,108.0,12.0,,64.0,,128.0,20.0,1.0
206631,,,,,,,,49.0,,23.0,,,,,,7.0,1.0,1.0,,,,,,15.0,,
206695,,,,,,,,1325.0,,601.0,,,,,,154.0,39.0,58.0,143.0,2.0,,62.0,2.0,164.0,28.0,12.0
206783,,,,,,,,6.0,,2.0,,,,,,1.0,2.0,,,,,,,1.0,,
206817,,,,,,,,124.0,,42.0,,,,,,7.0,8.0,2.0,30.0,,,,,7.0,,3.0
206835,,,,,,,,170.0,,65.0,,,,,,12.0,5.0,8.0,18.0,0.0,,7.0,,15.0,,
206862,,,,,,,,492.0,,209.0,,,,,,42.0,18.0,11.0,49.0,4.0,,53.0,16.0,57.0,11.0,2.0
206880,,,,,,,,6.0,,3.0,,,,,,2.0,,,,,,,,0.0,,
206905,,,,,,,,47.0,,13.0,,,,,,5.0,2.0,2.0,,,,1.0,1.0,8.0,6.0,
206914,,,,,,,,554.0,,212.0,,,,,,45.0,11.0,28.0,37.0,1.0,,66.0,3.0,77.0,30.0,4.0
206923,,,,,,,,217.0,,71.0,,2.0,,,,15.0,7.0,6.0,46.0,,,20.0,1.0,26.0,2.0,
206932,,,,,,,,21.0,,8.0,,,,,,4.0,2.0,,1.0,,,1.0,2.0,3.0,,
206941,,,,,,,,1550.0,,653.0,,,,,,150.0,108.0,51.0,79.0,6.0,,56.0,4.0,242.0,45.0,15.0
206969,,,,,,,,2.0,,2.0,,,,,,,,,,,,,,,,
206996,,,,,,,,208.0,,118.0,,,,,,22.0,12.0,7.0,21.0,,,7.0,0.0,12.0,3.0,1.0
207041,,,,,,,,471.0,,194.0,,,,,,10.0,10.0,13.0,12.0,4.0,,58.0,14.0,87.0,22.0,1.0
207050,,,,,,,,204.0,,60.0,,,,,,22.0,4.0,8.0,19.0,,,23.0,2.0,36.0,8.0,6.0
207069,,,,,,,,178.0,,57.0,,,,,,36.0,5.0,5.0,19.0,,,16.0,1.0,19.0,8.0,3.0
207087,,,,,,,,5.0,,3.0,,,,,,1.0,,,,,,,,1.0,,
207102,,,,,,,,8.0,,6.0,,,,,,1.0,1.0,,,,,,,,,
207157,,,,,,,,51.0,,32.0,,,,,,3.0,2.0,1.0,,,,2.0,6.0,3.0,1.0,
207166,,,,,,,,3.0,,1.0,,,,,,1.0,1.0,,,,,,,,,
207209,,,,,,,,326.0,,133.0,9.0,33.0,,,,42.0,3.0,8.0,14.0,2.0,,12.0,,65.0,2.0,
207236,,,,,,,,204.0,,84.0,,,,,,12.0,5.0,4.0,12.0,,,18.0,5.0,55.0,,
207254,,,,,,,,197.0,,93.0,,,,,,17.0,5.0,1.0,,,,11.0,33.0,3.0,10.0,3.0
207263,,,,,,,,988.0,,370.0,6.0,21.0,,,,60.0,37.0,37.0,65.0,15.0,,110.0,3.0,139.0,50.0,4.0
207272,,,,,,,,5.0,,2.0,,,,,,1.0,1.0,,,,,,,1.0,,
207281,,,,,,,,314.0,,133.0,1.0,,,,,23.0,6.0,16.0,13.0,,,38.0,,36.0,7.0,
207290,,,,,,,,211.0,,83.0,,,,,,25.0,3.0,5.0,11.0,0.0,,19.0,2.0,39.0,12.0,1.0
207306,,,,,,,,290.0,,112.0,,,,,,14.0,56.0,,,,,,,65.0,42.0,
207315,,,,,,,,503.0,,54.0,5.0,74.0,,,,38.0,69.0,82.0,1.0,74.0,,0.0,,88.0,,10.0
207324,,,,,,,,344.0,,115.0,,,,,,46.0,13.0,13.0,54.0,3.0,,22.0,1.0,34.0,11.0,1.0
207342,,,,,,,,5328.0,,1365.0,,,,,,471.0,424.0,459.0,100.0,659.0,,486.0,2.0,1166.0,103.0,56.0
207351,,,,,,,,137.0,,58.0,,,,,,14.0,6.0,7.0,19.0,1.0,,2.0,2.0,8.0,3.0,1.0
207388,,,,,,,,5314.0,,1209.0,112.0,133.0,,,,136.0,395.0,595.0,456.0,88.0,,571.0,30.0,1086.0,323.0,142.0
207397,,,,,,,,422.0,,164.0,,,,,,15.0,40.0,126.0,,,,2.0,,45.0,2.0,21.0
207403,,,,,,,,369.0,,140.0,,,,,,12.0,20.0,11.0,66.0,3.0,,27.0,,54.0,18.0,
207449,,,,,,,,639.0,,271.0,,69.0,,,,73.0,13.0,23.0,12.0,1.0,,12.0,3.0,68.0,14.0,2.0
207458,,,,,,,,556.0,,243.0,,,,,,38.0,26.0,17.0,58.0,4.0,,13.0,,82.0,25.0,10.0
207500,,,,,,,,5684.0,,1276.0,342.0,,,,,338.0,727.0,464.0,431.0,43.0,,590.0,,789.0,217.0,84.0
207537,,,,,,,,7.0,,4.0,,,,,,1.0,1.0,,,,,,,1.0,,
207564,,,,,,,,375.0,,136.0,,,,,,56.0,2.0,10.0,5.0,0.0,,54.0,9.0,61.0,18.0,
207582,,,,,,,,655.0,,201.0,,,,,,75.0,39.0,32.0,96.0,8.0,,46.0,2.0,112.0,18.0,8.0
207607,,,,,,,,74.0,,24.0,,,,,,2.0,1.0,,2.0,,,9.0,,13.0,,
207625,,,,,,,,26.0,,11.0,,,,,,4.0,1.0,,,,,2.0,4.0,3.0,,
207661,,,,,,,,376.0,,151.0,,,,,,41.0,9.0,15.0,60.0,3.0,,22.0,,46.0,15.0,3.0
207670,,,,,,,,496.0,,210.0,,,,,,30.0,19.0,28.0,44.0,1.0,,14.0,,97.0,39.0,
207689,,,,,,,,162.0,,45.0,,,,,,28.0,7.0,2.0,34.0,3.0,,25.0,,15.0,,
207704,,,,,,,,10.0,,5.0,,,,,,,2.0,,,,,,,3.0,,
207722,,,,,,,,154.0,,58.0,,,,,,13.0,7.0,3.0,25.0,1.0,,18.0,,12.0,5.0,
207740,,,,,,,,150.0,,57.0,,,,,,22.0,1.0,2.0,24.0,,,11.0,,18.0,3.0,
207786,,,,,,,,1.0,,1.0,,,,,,,,,,,,,,,,
207847,,,,,,,,446.0,,162.0,,,,,,27.0,26.0,19.0,59.0,4.0,,42.0,,48.0,10.0,4.0
207856,,,,,,,,92.0,,42.0,,,,,,12.0,1.0,1.0,10.0,1.0,,4.0,,10.0,,
207865,,,,,,,,529.0,,228.0,,,,,,29.0,23.0,15.0,32.0,7.0,,71.0,,48.0,17.0,2.0
207935,,,,,,,,1421.0,,490.0,,,,,,88.0,41.0,74.0,188.0,40.0,,76.0,4.0,231.0,45.0,9.0
207962,,,,,,,,70.0,,27.0,,,,,,7.0,1.0,,,,,,15.0,14.0,6.0,
207971,,,,,,,,1310.0,,377.0,,,,,,96.0,75.0,105.0,156.0,16.0,,100.0,6.0,190.0,43.0,9.0
208017,,,,,,,,3.0,,3.0,,,,,,,,,,,,,,,,
208026,,,,,,,,28.0,,13.0,,,,,,2.0,,1.0,,,,3.0,,2.0,,1.0
208035,,,,,,,,141.0,,49.0,,,,,,17.0,7.0,7.0,5.0,,,15.0,1.0,16.0,4.0,1.0
208044,,,,,,,,3.0,,1.0,,,,,,2.0,,,,,,,,,,
208053,,,,,,,,50.0,,21.0,,,,,,8.0,,,,,,7.0,,12.0,,
208080,,,,,,,,5.0,,3.0,,,,,,2.0,,,,,,,,0.0,,
208123,,,,,,,,10.0,,4.0,,,,,,2.0,,,,,,,,4.0,,
208187,,,,,,,,22.0,,9.0,,,,,,3.0,,,,,,,4.0,5.0,,
208239,,,,,,,,91.0,,47.0,,,,,,12.0,1.0,,1.0,,,,,27.0,,
208248,,,,,,,,13.0,,6.0,,,,,,,0.0,,,,,,,7.0,,
208275,,,,,,,,212.0,,95.0,,,,,,41.0,4.0,5.0,5.0,,,9.0,,47.0,1.0,
208318,,,,,,,,422.0,,190.0,,,,,,42.0,21.0,28.0,12.0,,,39.0,1.0,60.0,6.0,1.0
208390,,,,,,,,803.0,,344.0,,,,,,95.0,,47.0,12.0,,,46.0,,125.0,13.0,
208406,,,,,,,,499.0,,219.0,,,,,,41.0,4.0,20.0,10.0,1.0,,28.0,2.0,87.0,7.0,6.0
208415,,,,,,,,118.0,,47.0,,,,,,17.0,,3.0,,,,8.0,,28.0,,
208433,,,,,,,,6.0,,4.0,,,,,,1.0,1.0,,,,,,,,,
208479,,,,,,,,53.0,,19.0,,,,,,12.0,6.0,,,,,,5.0,9.0,,
208488,,,,,,,,600.0,,258.0,,,,,,50.0,29.0,26.0,45.0,4.0,,14.0,,37.0,3.0,
208512,,,,,,,,51.0,,25.0,,,,,,4.0,8.0,1.0,,,,0.0,3.0,5.0,,
208637,,,,,,,,28.0,,8.0,,,,,,4.0,4.0,,2.0,,,2.0,3.0,5.0,,
208646,,,,,,,,352.0,,130.0,,,,,,36.0,74.0,13.0,13.0,6.0,,23.0,1.0,37.0,12.0,1.0
208655,,,,,,,,14.0,,9.0,,,,,,1.0,,,,,,,,4.0,,
208725,,,,,,,,43.0,,17.0,,,,,,5.0,2.0,3.0,7.0,,,3.0,2.0,2.0,,
208822,,,,,,,,555.0,,267.0,,,,,,36.0,12.0,21.0,54.0,1.0,,33.0,,65.0,15.0,
208859,,,,,,,,6.0,,4.0,,,,,,1.0,,,,,,,,1.0,,
208965,,,,,,,,57.0,,29.0,,,,,,7.0,2.0,1.0,,,,,,16.0,,
209038,,,,,,,,709.0,,315.0,1.0,,,,,69.0,75.0,42.0,17.0,4.0,,34.0,3.0,86.0,13.0,3.0
209056,,,,,,,,704.0,,295.0,,,,,,85.0,42.0,25.0,37.0,6.0,,33.0,,94.0,12.0,
209065,,,,,,,,466.0,,198.0,,,,,,49.0,18.0,26.0,45.0,7.0,,49.0,,36.0,1.0,
209074,,,,,,,,569.0,,238.0,,,,,,41.0,22.0,24.0,30.0,2.0,,29.0,4.0,84.0,10.0,1.0
209083,,,,,,,,10.0,,6.0,,,,,,1.0,,,,,,,,1.0,,
209108,,,,,,,,171.0,,91.0,,,,,,13.0,12.0,8.0,5.0,,,4.0,1.0,17.0,2.0,
209153,,,,,,,,7.0,,4.0,,,,,,1.0,,,,,,,,2.0,,
209205,,,,,,,,11.0,,7.0,,,,,,1.0,,,,,,,,1.0,,
209241,,,,,,,,34.0,,23.0,,,,,,6.0,,0.0,,,,,,5.0,,
209250,,,,,,,,606.0,,300.0,,,,,,40.0,13.0,27.0,6.0,2.0,,37.0,2.0,121.0,11.0,1.0
209287,,,,,,,,156.0,,45.0,,,,,,21.0,7.0,8.0,10.0,,,14.0,,46.0,1.0,
209296,,,,,,,,243.0,,90.0,5.0,,,,,38.0,4.0,3.0,6.0,31.0,,16.0,3.0,26.0,1.0,
209409,,,,,,,,120.0,,46.0,,,,,,15.0,4.0,5.0,17.0,1.0,,5.0,,11.0,,1.0
209490,,,,,,,,7094.0,,1747.0,354.0,,,,,632.0,263.0,1598.0,68.0,1168.0,,261.0,4.0,862.0,74.0,28.0
209506,,,,,,,,402.0,,162.0,,8.0,,,,25.0,70.0,16.0,11.0,4.0,,29.0,,55.0,18.0,1.0
209533,,,,,,,,46.0,,15.0,0.0,,,,,3.0,2.0,1.0,2.0,,,3.0,0.0,5.0,,
209542,,,,,,,,5287.0,,1463.0,575.0,129.0,,,,299.0,415.0,445.0,368.0,127.0,,222.0,32.0,527.0,144.0,42.0
209551,,,,,,,,4482.0,,1222.0,300.0,101.0,,,,217.0,439.0,311.0,194.0,70.0,,436.0,22.0,537.0,191.0,18.0
209603,,,,,,,,139.0,,54.0,,,,,,6.0,20.0,7.0,5.0,,,6.0,,3.0,,
209612,,,,,,,,762.0,,340.0,5.0,,,,,61.0,9.0,18.0,78.0,11.0,,41.0,,143.0,14.0,
209667,,,,,,,,9.0,,5.0,,,,,,1.0,,,,,,,,2.0,,
209676,,,,,,,,11.0,,8.0,,,,,,1.0,,,,,,,,3.0,,
209694,,,,,,,,6.0,,3.0,,,,,,1.0,,,,,,,,2.0,,
209700,,,,,,,,16.0,,9.0,,,,,,1.0,,0.0,,,,,,6.0,,
209719,,,,,,,,5.0,,2.0,,,,,,1.0,2.0,,,,,,,,,
209746,,,,,,,,2042.0,,851.0,,,,,,133.0,66.0,136.0,221.0,,,159.0,13.0,298.0,26.0,12.0
209807,,,,,,,,2685.0,,1084.0,110.0,54.0,,,,93.0,509.0,159.0,198.0,24.0,,51.0,3.0,205.0,84.0,2.0
209825,,,,,,,,796.0,,311.0,,,,,,46.0,79.0,26.0,83.0,4.0,,109.0,,129.0,,
209922,,,,,,,,500.0,,158.0,,,,,,49.0,51.0,50.0,20.0,9.0,,72.0,,42.0,11.0,
209940,,,,,,,,436.0,,215.0,,,,,,38.0,15.0,32.0,16.0,,,16.0,3.0,91.0,2.0,
209986,,,,,,,,5.0,,4.0,,,,,,,,,,,,,,1.0,,
210076,,,,,,,,171.0,,90.0,,,,,,14.0,26.0,3.0,3.0,,,2.0,26.0,5.0,,
210100,,,,,,,,10.0,,5.0,,,,,,,2.0,,,,,,,2.0,,
210146,,,,,,,,581.0,,211.0,,30.0,,,,18.0,169.0,26.0,8.0,2.0,,37.0,2.0,50.0,20.0,
210155,,,,,,,,244.0,,97.0,,22.0,,,,30.0,2.0,11.0,3.0,,,21.0,1.0,52.0,,
210234,,,,,,,,217.0,,89.0,,,,,,17.0,6.0,10.0,6.0,,,,,18.0,10.0,
210270,,,,,,,,281.0,,110.0,1.0,,,,,44.0,6.0,14.0,,,,35.0,,66.0,,
210304,,,,,,,,110.0,,44.0,,,,,,18.0,2.0,4.0,3.0,0.0,,,,6.0,1.0,
210331,,,,,,,,198.0,,90.0,,,,,,18.0,11.0,5.0,38.0,1.0,,,,13.0,,
210340,,,,,,,,5.0,,2.0,,,,,,3.0,,,,,,,,0.0,,
210359,,,,,,,,22.0,,8.0,,,,,,6.0,,,,,,,,7.0,,
210368,,,,,,,,102.0,,36.0,,,,,,22.0,1.0,4.0,,1.0,,5.0,,28.0,,
210401,,,,,,,,693.0,,257.0,,,,,,128.0,18.0,20.0,58.0,4.0,,79.0,,67.0,17.0,7.0
210429,,,,,,,,745.0,,298.0,18.0,17.0,,,,29.0,115.0,26.0,21.0,5.0,,72.0,4.0,67.0,22.0,1.0
210438,,,,,,,,127.0,,40.0,2.0,,,,,27.0,5.0,6.0,2.0,5.0,,2.0,,21.0,4.0,
210456,,,,,,,,27.0,,20.0,,,,,,5.0,,,,,,,,2.0,,
210474,,,,,,,,7.0,,5.0,,,,,,1.0,,,,,,,,,,
210483,,,,,,,,45.0,,28.0,,,,,,5.0,,,,,,,,3.0,0.0,
210492,,,,,,,,91.0,,39.0,,,,,,6.0,5.0,3.0,9.0,2.0,,6.0,1.0,5.0,1.0,0.0
210508,,,,,,,,27.0,,13.0,,,,,,8.0,2.0,,,,,,,2.0,,
210571,,,,,,,,391.0,,143.0,,,,,,35.0,18.0,11.0,33.0,3.0,,54.0,1.0,49.0,12.0,1.0
210599,,,,,,,,37.0,,12.0,,,,,,8.0,1.0,,,,,,6.0,2.0,4.0,
210605,,,,,,,,1143.0,,590.0,,,,,,116.0,31.0,31.0,53.0,,,57.0,,197.0,28.0,
210669,,,,,,,,474.0,,192.0,,,,,,51.0,23.0,25.0,53.0,6.0,,22.0,,64.0,17.0,1.0
210711,,,,,,,,12.0,,7.0,,,,,,1.0,1.0,,,,,,1.0,2.0,,
210739,,,,,,,,475.0,,196.0,,,,,,31.0,21.0,5.0,50.0,5.0,,52.0,,58.0,15.0,1.0
210748,,,,,,,,8.0,,5.0,,,,,,2.0,,,,,,,,1.0,,
210775,,,,,,,,392.0,,175.0,,,,,,55.0,18.0,7.0,25.0,5.0,,28.0,,61.0,7.0,4.0
210784,,,,,,,,24.0,,15.0,,,,,,1.0,2.0,,,,,1.0,1.0,3.0,,
210809,,,,,,,,212.0,,25.0,3.0,,,,,15.0,4.0,27.0,17.0,,,5.0,35.0,29.0,1.0,1.0
210890,,,,,,,,24.0,,9.0,,,,,,2.0,,1.0,,,,1.0,2.0,1.0,,
210906,,,,,,,,35.0,,24.0,,,,,,5.0,,,,,,,,4.0,,
210942,,,,,,,,146.0,,75.0,,,,,,16.0,1.0,4.0,,,,,,47.0,,
210951,,,,,,,,24.0,,10.0,,,,,,3.0,3.0,,,,,,2.0,2.0,,
210960,,,,,,,,97.0,,39.0,,,,,,16.0,1.0,,1.0,,,,,36.0,,
211006,,,,,,,,38.0,,15.0,,,,,,5.0,,,,,,,3.0,3.0,1.0,
211024,,,,,,,,135.0,,55.0,,,,,,19.0,5.0,4.0,11.0,1.0,,5.0,,33.0,,
211079,,,,,,,,193.0,,82.0,,,,,,23.0,3.0,10.0,3.0,,,2.0,,51.0,13.0,
211088,,,,,,,,664.0,,287.0,,,,,,69.0,59.0,27.0,61.0,5.0,,39.0,,58.0,10.0,
211130,,,,,,,,38.0,,18.0,,,,,,9.0,3.0,2.0,,,,1.0,,2.0,,
211149,,,,,,,,52.0,,18.0,,,,,,11.0,,,,,,6.0,1.0,6.0,,
211158,,,,,,,,1033.0,,442.0,,,,,,36.0,139.0,33.0,41.0,12.0,,132.0,,142.0,41.0,
211200,,,,,,,,28.0,,12.0,,,,,,8.0,,,,,,,,7.0,,
211273,,,,,,,,583.0,,172.0,1.0,,,,,153.0,5.0,30.0,7.0,9.0,,108.0,,87.0,,0.0
211291,,,,,,,,1280.0,,403.0,,,,,,78.0,129.0,90.0,103.0,10.0,,180.0,,165.0,49.0,18.0
211307,,,,,,,,699.0,,328.0,,,,,,80.0,21.0,22.0,19.0,2.0,,64.0,2.0,113.0,12.0,
211316,,,,,,,,8.0,,4.0,,,,,,3.0,,,,,,,0.0,1.0,,
211334,,,,,,,,8.0,,3.0,,,,,,4.0,,,,,,1.0,,,,
211343,,,,,,,,350.0,,165.0,,,,,,47.0,46.0,7.0,5.0,,,25.0,,52.0,,
211352,,,,,,,,355.0,,139.0,,,,,,51.0,19.0,3.0,42.0,,,19.0,,25.0,10.0,5.0
211361,,,,,,,,755.0,,313.0,,2.0,,,,41.0,121.0,24.0,27.0,10.0,,73.0,,100.0,31.0,
211398,,,,,,,,16.0,,8.0,,,,,,1.0,,1.0,,,,,2.0,4.0,,
211431,,,,,,,,395.0,,153.0,,,,,,50.0,15.0,13.0,15.0,3.0,,34.0,,30.0,6.0,1.0
211440,,,,,,,,4863.0,,1246.0,163.0,,,,,822.0,411.0,1076.0,197.0,30.0,,113.0,9.0,604.0,85.0,20.0
211468,,,,,,,,274.0,,113.0,,,,,,31.0,3.0,7.0,17.0,1.0,,30.0,,54.0,7.0,
211477,,,,,,,,161.0,,63.0,,,,,,25.0,7.0,4.0,25.0,,,5.0,,10.0,3.0,
211556,,,,,,,,417.0,,181.0,,,,,,47.0,39.0,13.0,18.0,,,42.0,,24.0,13.0,
211583,,,,,,,,265.0,,134.0,,,,,,44.0,6.0,5.0,13.0,4.0,,1.0,,25.0,,6.0
211608,,,,,,,,211.0,,59.0,,,,,,18.0,42.0,3.0,11.0,2.0,,28.0,,33.0,9.0,
211617,,,,,,,,43.0,,23.0,,,,,,7.0,,,9.0,,,,,,,
211635,,,,,,,,24.0,,17.0,,,,,,2.0,2.0,,,,,1.0,,1.0,,
211644,,,,,,,,612.0,,241.0,1.0,1.0,,,,25.0,93.0,9.0,27.0,19.0,,43.0,,95.0,35.0,
211802,,,,,,,,32.0,,22.0,,,,,,2.0,,,,,,,,4.0,,
211820,,,,,,,,18.0,,7.0,,,,,,3.0,2.0,,,,,1.0,3.0,2.0,,
211893,,,,,,,,101.0,,38.0,,,,,,4.0,16.0,1.0,10.0,,,1.0,,7.0,2.0,
211909,,,,,,,,16.0,,12.0,,,,,,2.0,1.0,,,,,,,1.0,,
211927,,,,,,,,759.0,,361.0,,,,,,55.0,16.0,31.0,51.0,,,63.0,,89.0,9.0,
211981,,,,,,,,392.0,,128.0,,,,,,21.0,25.0,15.0,27.0,5.0,,44.0,,35.0,30.0,3.0
212009,,,,,,,,876.0,,250.0,,,,,,88.0,41.0,52.0,47.0,6.0,,160.0,,124.0,29.0,11.0
212018,,,,,,,,66.0,,20.0,,5.0,,,,11.0,5.0,2.0,3.0,,,4.0,,10.0,3.0,
212045,,,,,,,,56.0,,16.0,,,,,,9.0,2.0,2.0,,,,,5.0,2.0,10.0,
212054,,,,,,,,5094.0,,1898.0,93.0,,,,,552.0,459.0,273.0,154.0,161.0,,491.0,,524.0,10.0,31.0
212072,,,,,,,,26.0,,12.0,,,,,,3.0,2.0,,,,,1.0,1.0,3.0,,
212090,,,,,,,,30.0,,9.0,,,,,,6.0,,,,,,,,14.0,,
212106,,,,,,,,1783.0,,656.0,,,,,,127.0,277.0,82.0,48.0,7.0,,228.0,,267.0,3.0,3.0
212115,,,,,,,,704.0,,299.0,,,,,,34.0,113.0,13.0,25.0,12.0,,91.0,,80.0,27.0,
212133,,,,,,,,554.0,,258.0,,,,,,53.0,25.0,13.0,65.0,2.0,,23.0,,63.0,8.0,
212160,,,,,,,,691.0,,309.0,,,,,,29.0,81.0,12.0,33.0,9.0,,90.0,,75.0,32.0,6.0
212197,,,,,,,,463.0,,146.0,,,,,,39.0,26.0,16.0,40.0,2.0,,91.0,1.0,56.0,15.0,8.0
212212,,,,,,,,4.0,,2.0,,,,,,1.0,,,,,,,,1.0,,
212230,,,,,,,,4.0,,2.0,,,,,,1.0,,,,,,,,,,
212267,,,,,,,,9.0,,6.0,,,,,,1.0,,,,,,,,2.0,,
212276,,,,,,,,6.0,,4.0,,,,,,1.0,,,,,,,,1.0,,
212285,,,,,,,,4.0,,2.0,,,,,,1.0,,,,,,,,,,
212294,,,,,,,,3.0,,2.0,,,,,,1.0,,,,,,,,,,
212300,,,,,,,,4.0,,2.0,,,,,,1.0,,,,,,,,1.0,,
212328,,,,,,,,10.0,,7.0,,,,,,1.0,,,,,,,,1.0,,
212337,,,,,,,,10.0,,6.0,,,,,,2.0,,,,,,,,1.0,,
212355,,,,,,,,10.0,,5.0,,,,,,2.0,,,,,,,,1.0,,
212373,,,,,,,,5.0,,3.0,,,,,,1.0,,,,,,,,1.0,,
212382,,,,,,,,8.0,,5.0,,,,,,1.0,,,,,,,,1.0,,
212391,,,,,,,,9.0,,5.0,,,,,,1.0,,,,,,,,1.0,,
212434,,,,,,,,38.0,,25.0,,,,,,2.0,1.0,,,,,,,9.0,,
212443,,,,,,,,21.0,,9.0,,,,,,4.0,0.0,1.0,,,,,,1.0,1.0,
212452,,,,,,,,17.0,,8.0,,,,,,3.0,1.0,1.0,,,,,,1.0,,
212568,,,,,,,,27.0,,16.0,,,,,,3.0,0.0,1.0,,,,,,5.0,,
212577,,,,,,,,766.0,,286.0,,,,,,60.0,95.0,34.0,50.0,,,57.0,,107.0,18.0,6.0
212601,,,,,,,,722.0,,283.0,,,,,,79.0,20.0,31.0,74.0,12.0,,63.0,1.0,106.0,17.0,2.0
212656,,,,,,,,301.0,,117.0,,,,,,38.0,12.0,11.0,22.0,3.0,,21.0,,29.0,15.0,
212674,,,,,,,,810.0,,251.0,,,,,,86.0,39.0,36.0,59.0,10.0,,151.0,,109.0,21.0,4.0
212708,,,,,,,,8.0,,5.0,,,,,,1.0,,,,,,,,1.0,,
212753,,,,,,,,10.0,,5.0,,,,,,2.0,,,,,,,,1.0,,
212771,,,,,,,,33.0,,11.0,,,,,,7.0,0.0,2.0,,,,,,8.0,2.0,
212832,,,,,,,,364.0,,149.0,,,,,,38.0,12.0,16.0,30.0,7.0,,39.0,,31.0,9.0,2.0
212869,,,,,,,,269.0,,124.0,,,,,,32.0,14.0,3.0,11.0,0.0,,11.0,,22.0,14.0,
212878,,,,,,,,1424.0,,841.0,,,,,,58.0,29.0,42.0,30.0,,,111.0,14.0,189.0,,
212911,,,,,,,,529.0,,154.0,6.0,,,,,41.0,43.0,28.0,29.0,5.0,,93.0,4.0,61.0,27.0,3.0
212975,,,,,,,,33.0,,24.0,,,,,,4.0,,,,,,,,2.0,,
212984,,,,,,,,337.0,,160.0,,,,,,26.0,15.0,12.0,18.0,2.0,,31.0,,23.0,,0.0
212993,,,,,,,,15.0,,7.0,,,,,,1.0,2.0,,,,,,3.0,1.0,,
213002,,,,,,,,37.0,,18.0,,,,,,8.0,,,7.0,,,,,1.0,,
213011,,,,,,,,394.0,,156.0,,,,,,29.0,6.0,13.0,27.0,2.0,,46.0,11.0,57.0,,
213020,,,,,,,,1472.0,,672.0,21.0,,,,,78.0,193.0,17.0,56.0,16.0,,125.0,,207.0,65.0,
213163,,,,,,,,12.0,,,,,,,,1.0,0.0,,,,,,,2.0,,
213181,,,,,,,,52.0,,25.0,,,,,,5.0,2.0,2.0,1.0,,,,,4.0,1.0,
213215,,,,,,,,16.0,,11.0,,,,,,3.0,,,,,,,,0.0,,
213233,,,,,,,,87.0,,35.0,3.0,,,,,6.0,5.0,2.0,,,,,,11.0,8.0,
213251,,,,,,,,387.0,,125.0,,,,,,69.0,9.0,13.0,36.0,5.0,,59.0,,29.0,5.0,6.0
213303,,,,,,,,261.0,,114.0,,,,,,30.0,14.0,7.0,30.0,3.0,,17.0,,22.0,,
213321,,,,,,,,439.0,,166.0,,,,,,42.0,6.0,17.0,39.0,6.0,,27.0,,45.0,49.0,13.0
213330,,,,,,,,3.0,,2.0,,,,,,1.0,,,,,,,,,,
213349,,,,,,,,939.0,,424.0,,,,,,35.0,143.0,17.0,44.0,9.0,,114.0,,111.0,27.0,
213358,,,,,,,,263.0,,103.0,,,,,,26.0,6.0,10.0,39.0,,,23.0,,39.0,,
213367,,,,,,,,838.0,,336.0,,,,,,128.0,6.0,24.0,39.0,6.0,,108.0,,83.0,18.0,5.0
213376,,,,,,,,234.0,,77.0,,,,,,55.0,11.0,7.0,8.0,1.0,,13.0,,32.0,10.0,
213385,,,,,,,,821.0,,250.0,,,,,,76.0,42.0,51.0,90.0,13.0,,110.0,3.0,113.0,28.0,11.0
213400,,,,,,,,264.0,,135.0,,,,,,21.0,19.0,7.0,15.0,1.0,,12.0,,25.0,,
213446,,,,,,,,31.0,,10.0,,,,,,4.0,1.0,,3.0,,,,,4.0,2.0,
213455,,,,,,,,9.0,,5.0,,,,,,3.0,,,,,,0.0,,,,
213473,,,,,,,,27.0,,13.0,,,,,,3.0,,1.0,,,,,3.0,1.0,,
213491,,,,,,,,4.0,,3.0,,,,,,1.0,,,,,,,,0.0,,
213507,,,,,,,,383.0,,153.0,,,,,,40.0,9.0,17.0,31.0,4.0,,41.0,,51.0,9.0,
213525,,,,,,,,473.0,,254.0,,,,,,69.0,9.0,20.0,14.0,,,25.0,,52.0,5.0,
213534,,,,,,,,81.0,,50.0,,,,,,8.0,2.0,,,,,3.0,6.0,11.0,,
213543,,,,,,,,1788.0,,553.0,,,,,,180.0,230.0,178.0,127.0,20.0,,39.0,,289.0,59.0,15.0
213552,,,,,,,,11.0,,5.0,,,,,,1.0,2.0,,,,,,,2.0,,
213570,,,,,,,,50.0,,27.0,,,,,,14.0,,1.0,,,,1.0,,5.0,,
213589,,,,,,,,27.0,,11.0,,,,,,10.0,,,,,,,,3.0,,0.0
213598,,,,,,,,336.0,,133.0,,,,,,28.0,14.0,12.0,13.0,5.0,,34.0,,54.0,,4.0
213613,,,,,,,,528.0,,221.0,,,,,,23.0,63.0,17.0,37.0,1.0,,63.0,,61.0,31.0,
213622,,,,,,,,11.0,,7.0,,,,,,1.0,1.0,,,,,,,2.0,,
213631,,,,,,,,43.0,,11.0,,,,,,7.0,3.0,2.0,,,,,,8.0,5.0,
213640,,,,,,,,42.0,,13.0,,,,,,8.0,2.0,2.0,1.0,,,7.0,1.0,6.0,,
213659,,,,,,,,471.0,,238.0,,,,,,37.0,4.0,15.0,21.0,,,51.0,,72.0,12.0,2.0
213668,,,,,,,,317.0,,96.0,,,,,,38.0,13.0,11.0,36.0,3.0,,54.0,1.0,36.0,10.0,2.0
213774,,,,,,,,120.0,,62.0,,,,,,5.0,3.0,2.0,3.0,1.0,,12.0,,15.0,,
213783,,,,,,,,391.0,,152.0,,,,,,18.0,65.0,14.0,31.0,,,39.0,,44.0,20.0,
213826,,,,,,,,626.0,,239.0,,,,,,55.0,29.0,22.0,45.0,6.0,,83.0,,92.0,21.0,
213914,,,,,,,,26.0,,13.0,,,,,,5.0,,,,,,,4.0,3.0,,
213932,,,,,,,,24.0,,16.0,,,,,,1.0,0.0,,,,,,1.0,3.0,1.0,
213987,,,,,,,,491.0,,205.0,,,,,,37.0,19.0,24.0,58.0,7.0,,9.0,1.0,40.0,1.0,4.0
213996,,,,,,,,694.0,,242.0,,,,,,54.0,31.0,34.0,64.0,5.0,,111.0,,86.0,22.0,3.0
214023,,,,,,,,9.0,,3.0,0.0,,,,,2.0,2.0,,,,,,,1.0,,
214041,,,,,,,,886.0,,343.0,,,,,,38.0,129.0,28.0,37.0,7.0,,148.0,,104.0,34.0,
214069,,,,,,,,465.0,,195.0,,,,,,35.0,14.0,17.0,46.0,1.0,,50.0,2.0,34.0,9.0,4.0
214111,,,,,,,,741.0,,358.0,,32.0,,,,82.0,10.0,22.0,40.0,,,46.0,2.0,90.0,15.0,
214148,,,,,,,,116.0,,57.0,,,,,,9.0,6.0,2.0,8.0,1.0,,4.0,,24.0,,
214157,,,,,,,,405.0,,177.0,,,,,,52.0,8.0,15.0,24.0,1.0,,50.0,,52.0,7.0,2.0
214166,,,,,,,,250.0,,116.0,,,,,,25.0,16.0,8.0,20.0,1.0,,30.0,,19.0,,
214175,,,,,,,,593.0,,223.0,2.0,44.0,,,,64.0,9.0,23.0,39.0,,,76.0,,66.0,17.0,5.0
214254,,,,,,,,26.0,,9.0,,,,,,5.0,,,9.0,,,1.0,,1.0,,
214272,,,,,,,,360.0,,164.0,,,,,,52.0,19.0,9.0,67.0,0.0,,5.0,,41.0,,
214290,,,,,,,,72.0,,42.0,,,,,,9.0,5.0,1.0,,,,5.0,2.0,4.0,,
214379,,,,,,,,931.0,,402.0,,,,,,74.0,26.0,23.0,37.0,,,82.0,,181.0,,
214476,,,,,,,,12.0,,6.0,,,,,,1.0,,1.0,,,,,,,,
214528,,,,,,,,66.0,,21.0,,,,,,14.0,2.0,2.0,,,,3.0,,6.0,,
214546,,,,,,,,15.0,,4.0,,,,,,2.0,1.0,,,,,,,7.0,0.0,
214564,,,,,,,,284.0,,98.0,6.0,,,,,11.0,32.0,14.0,4.0,5.0,,25.0,,58.0,3.0,
214582,,,,,,,,90.0,,34.0,,,,,,4.0,1.0,5.0,,,,8.0,,35.0,,
214591,,,,,,,,609.0,,290.0,1.0,,,,,44.0,14.0,19.0,43.0,3.0,,97.0,,70.0,16.0,4.0
214607,,,,,,,,81.0,,34.0,,2.0,,,,4.0,2.0,5.0,6.0,,,4.0,2.0,16.0,3.0,
214616,,,,,,,,1769.0,,1127.0,,,,,,117.0,92.0,197.0,5.0,44.0,,25.0,,134.0,3.0,
214625,,,,,,,,107.0,,50.0,,1.0,,,,9.0,2.0,4.0,8.0,1.0,,8.0,,16.0,3.0,1.0
214634,,,,,,,,76.0,,35.0,,,,,,5.0,2.0,1.0,8.0,,,9.0,,10.0,4.0,
214643,,,,,,,,94.0,,38.0,,1.0,,,,11.0,4.0,2.0,7.0,1.0,,8.0,,16.0,2.0,
214652,,,,,,,,123.0,,67.0,,1.0,,,,9.0,2.0,2.0,9.0,1.0,,13.0,,13.0,2.0,
214661,,,,,,,,152.0,,,,,,,,56.0,69.0,9.0,2.0,,,,,13.0,3.0,
214670,,,,,,,,133.0,,59.0,,2.0,,,,14.0,4.0,6.0,13.0,1.0,,10.0,,19.0,2.0,
214689,,,,,,,,493.0,,240.0,1.0,1.0,,,,25.0,7.0,26.0,35.0,3.0,,73.0,,65.0,9.0,1.0
214698,,,,,,,,123.0,,43.0,,,,,,13.0,3.0,4.0,9.0,1.0,,23.0,,18.0,3.0,
214704,,,,,,,,343.0,,168.0,,1.0,,,,24.0,10.0,15.0,19.0,,,54.0,,40.0,5.0,
214713,,,,,,,,580.0,,278.0,,1.0,,,,41.0,12.0,29.0,33.0,,,63.0,,87.0,17.0,1.0
214731,,,,,,,,170.0,,93.0,,,,,,15.0,4.0,2.0,11.0,,,20.0,,21.0,2.0,
214740,,,,,,,,104.0,,48.0,,,,,,8.0,4.0,4.0,10.0,1.0,,11.0,,10.0,2.0,
214759,,,,,,,,112.0,,53.0,,,,,,8.0,3.0,3.0,8.0,1.0,,12.0,,19.0,2.0,
214768,,,,,,,,150.0,,59.0,,1.0,,,,15.0,2.0,4.0,10.0,1.0,,30.0,,17.0,8.0,
214777,,,,,,,,13664.0,,3051.0,664.0,85.0,,,,1394.0,844.0,1883.0,846.0,159.0,,1322.0,26.0,2063.0,634.0,200.0
214786,,,,,,,,132.0,,50.0,,0.0,,,,9.0,3.0,2.0,9.0,1.0,,26.0,,24.0,4.0,
214795,,,,,,,,157.0,,70.0,,,,,,12.0,3.0,3.0,12.0,1.0,,30.0,,18.0,5.0,
214801,,,,,,,,371.0,,196.0,,0.0,,,,26.0,7.0,8.0,29.0,3.0,,36.0,,42.0,13.0,
214810,,,,,,,,125.0,,54.0,,1.0,,,,12.0,3.0,4.0,11.0,1.0,,16.0,,16.0,2.0,1.0
214829,,,,,,,,130.0,,66.0,,,,,,13.0,4.0,3.0,9.0,,,12.0,,16.0,5.0,
214883,,,,,,,,156.0,,77.0,,,,,,17.0,16.0,9.0,4.0,,,8.0,,4.0,,
214892,,,,,,,,39.0,,28.0,,,,,,,2.0,,1.0,,,,2.0,3.0,3.0,
214944,,,,,,,,73.0,,20.0,,,,,,10.0,1.0,1.0,,,,20.0,7.0,11.0,,
214962,,,,,,,,5.0,,3.0,,,,,,1.0,,,,,,,,,,
214971,,,,,,,,123.0,,30.0,,1.0,,,,12.0,12.0,2.0,8.0,,,,17.0,5.0,4.0,2.0
215008,,,,,,,,13.0,,6.0,,,,,,3.0,1.0,,,,,,,1.0,1.0,
215026,,,,,,,,4.0,,2.0,,,,,,,,,,,,,,2.0,,
215044,,,,,,,,15.0,,4.0,,,,,,2.0,2.0,,,,,,2.0,1.0,,
215053,,,,,,,,64.0,,38.0,,,,,,13.0,2.0,3.0,,,,1.0,,6.0,,
215062,,,,,,,,16269.0,,2096.0,1324.0,1981.0,,,,1851.0,1446.0,2343.0,287.0,1398.0,,1137.0,5.0,1604.0,297.0,32.0
215099,,,,,,,,523.0,,230.0,,,,,,87.0,9.0,13.0,16.0,1.0,,25.0,4.0,84.0,21.0,7.0
215105,,,,,,,,488.0,,236.0,,,,,,46.0,19.0,20.0,49.0,1.0,,3.0,,60.0,3.0,
215114,,,,,,,,178.0,,62.0,,,,,,23.0,9.0,5.0,18.0,1.0,,18.0,7.0,23.0,4.0,
215123,,,,,,,,395.0,,151.0,13.0,,,,,80.0,9.0,17.0,,,,22.0,,96.0,,
215132,,,,,,,,608.0,,260.0,9.0,,,,,110.0,18.0,28.0,6.0,3.0,,38.0,,91.0,42.0,
215239,,,,,,,,1076.0,,625.0,,,,,,85.0,84.0,26.0,21.0,,,39.0,,160.0,34.0,
215266,,,,,,,,207.0,,79.0,,,,,,14.0,5.0,8.0,11.0,1.0,,6.0,3.0,68.0,11.0,
215275,,,,,,,,184.0,,81.0,,,,,,13.0,3.0,6.0,7.0,1.0,,7.0,4.0,41.0,20.0,
215284,,,,,,,,322.0,,142.0,,,,,,21.0,6.0,10.0,8.0,1.0,,52.0,1.0,64.0,16.0,1.0
215293,,,,,,,,11530.0,,4168.0,814.0,50.0,,,,986.0,293.0,1874.0,275.0,341.0,,587.0,102.0,1524.0,206.0,19.0
215309,,,,,,,,68.0,,32.0,,,,,,2.0,1.0,2.0,1.0,1.0,,7.0,,18.0,4.0,
215336,,,,,,,,6.0,,3.0,,,,,,,,,,,,,,3.0,,
215381,,,,,,,,88.0,,42.0,,,,,,10.0,6.0,,,,,7.0,3.0,2.0,,
215390,,,,,,,,17.0,,11.0,,,,,,2.0,,,,,,,,4.0,,
215415,,,,,,,,256.0,,94.0,0.0,,,,,33.0,3.0,7.0,5.0,,,11.0,20.0,71.0,,
215424,,,,,,,,72.0,,18.0,,,,,,17.0,,2.0,1.0,,,9.0,,18.0,,
215433,,,,,,,,3.0,,2.0,,,,,,1.0,,,,,,,,,,
215442,,,,,,,,597.0,,275.0,,,,,,43.0,37.0,19.0,79.0,2.0,,10.0,,41.0,13.0,13.0
215479,,,,,,,,15.0,,11.0,,,,,,1.0,,,,,,,,1.0,,
215530,,,,,,,,9.0,,4.0,,,,,,,,,,,,,,5.0,,
215585,,,,,,,,292.0,,128.0,,6.0,,,,32.0,4.0,5.0,3.0,,,3.0,,39.0,5.0,
215594,,,,,,,,54.0,,32.0,,,,,,10.0,,1.0,,,,,,6.0,,
215619,,,,,,,,45.0,,11.0,,0.0,,,,6.0,4.0,2.0,10.0,,,1.0,,8.0,,
215628,,,,,,,,16.0,,6.0,,,,,,4.0,,0.0,0.0,,,,,1.0,,
215637,,,,,,,,67.0,,20.0,,,,,,8.0,2.0,,,,,17.0,11.0,4.0,1.0,
215646,,,,,,,,19.0,,5.0,,,,,,5.0,,,6.0,,,,,,,
215655,,,,,,,,742.0,,305.0,,,,,,126.0,12.0,14.0,60.0,,,69.0,,61.0,16.0,
215682,,,,,,,,72.0,,34.0,,,,,,2.0,3.0,1.0,,,,,5.0,2.0,,
215691,,,,,,,,181.0,,56.0,,,,,,36.0,2.0,1.0,9.0,2.0,,24.0,,26.0,,
215743,,,,,,,,562.0,,171.0,,,,,,52.0,22.0,13.0,73.0,10.0,,108.0,1.0,59.0,23.0,4.0
215770,,,,,,,,1145.0,,405.0,,,,,,55.0,78.0,65.0,88.0,13.0,,114.0,,107.0,36.0,18.0
215798,,,,,,,,393.0,,132.0,,,,,,39.0,20.0,9.0,73.0,7.0,,47.0,,46.0,,
215813,,,,,,,,13.0,,5.0,,,,,,4.0,0.0,,1.0,,,,,3.0,,
215886,,,,,,,,46.0,,23.0,,,,,,3.0,1.0,1.0,2.0,2.0,,,,6.0,,
215929,,,,,,,,974.0,,346.0,,1.0,,,,61.0,50.0,57.0,67.0,5.0,,109.0,2.0,140.0,70.0,4.0
215947,,,,,,,,343.0,,134.0,,,,,,33.0,24.0,11.0,53.0,1.0,,22.0,,34.0,11.0,3.0
215974,,,,,,,,46.0,,34.0,,,,,,4.0,3.0,,,,,,,4.0,,
215983,,,,,,,,7.0,,7.0,,,,,,,,,,,,,,,,
215992,,,,,,,,27.0,,18.0,,,,,,1.0,2.0,,,,,,2.0,2.0,1.0,
216010,,,,,,,,777.0,,318.0,,,,,,44.0,107.0,24.0,35.0,10.0,,77.0,,98.0,44.0,
216038,,,,,,,,858.0,,359.0,,,,,,45.0,107.0,20.0,39.0,20.0,,82.0,,119.0,51.0,
216047,,,,,,,,65.0,,24.0,,,,,,5.0,2.0,,,0.0,,9.0,,15.0,1.0,
216074,,,,,,,,17.0,,10.0,,,,,,1.0,1.0,,,,,,,2.0,,
216083,,,,,,,,119.0,,50.0,,,,,,10.0,1.0,5.0,,,,6.0,1.0,28.0,,
216162,,,,,,,,24.0,,17.0,,,,,,2.0,1.0,1.0,,,,,,3.0,,
216223,,,,,,,,8.0,,4.0,,,,,,1.0,1.0,,,,,1.0,,1.0,,
216278,,,,,,,,478.0,,163.0,,,,,,50.0,16.0,21.0,67.0,4.0,,64.0,,63.0,17.0,1.0
216287,,,,,,,,831.0,,221.0,,,,,,96.0,36.0,50.0,43.0,6.0,,150.0,4.0,92.0,31.0,9.0
216296,,,,,,,,128.0,,69.0,,,,,,13.0,1.0,3.0,1.0,2.0,,16.0,,16.0,,
216311,,,,,,,,9.0,,6.0,,,,,,,,,,,,,,2.0,,
216339,,,,,,,,7079.0,,2697.0,,,,,,973.0,163.0,636.0,311.0,790.0,,,14.0,989.0,196.0,104.0
216348,,,,,,,,9.0,,7.0,,,,,,0.0,,,,,,,,1.0,,
216357,,,,,,,,218.0,,72.0,,,,,,28.0,1.0,7.0,28.0,1.0,,28.0,1.0,16.0,8.0,
216366,,,,,,,,2543.0,,316.0,,,,,,431.0,92.0,546.0,60.0,106.0,,273.0,,565.0,114.0,10.0
216418,,,,,,,,62.0,,34.0,,,,,,2.0,,0.0,,,,2.0,7.0,16.0,,
216427,,,,,,,,11.0,,6.0,,,,,,1.0,,,,,,,,4.0,,
216436,,,,,,,,25.0,,15.0,,,,,,3.0,,,,,,,,1.0,,
216445,,,,,,,,26.0,,15.0,,,,,,2.0,,,,,,,,1.0,2.0,
216454,,,,,,,,23.0,,11.0,,,,,,2.0,,,,,,1.0,,1.0,3.0,
216463,,,,,,,,47.0,,25.0,,,,,,1.0,6.0,1.0,3.0,,,1.0,1.0,3.0,1.0,
216524,,,,,,,,373.0,,136.0,,,,,,87.0,8.0,13.0,42.0,,,13.0,,43.0,16.0,
216542,,,,,,,,119.0,,55.0,,,,,,38.0,2.0,3.0,,1.0,,,,19.0,,
216551,,,,,,,,92.0,,21.0,,,,,,4.0,8.0,2.0,1.0,6.0,,24.0,7.0,2.0,14.0,
216579,,,,,,,,19.0,,6.0,,,,,,,3.0,,,,,,,4.0,,
216597,,,,,,,,2334.0,,787.0,19.0,,,,,339.0,84.0,161.0,123.0,24.0,,366.0,20.0,290.0,52.0,20.0
216630,,,,,,,,16.0,,11.0,,,,,,1.0,,,,,,,,2.0,,
216649,,,,,,,,2.0,,1.0,,,,,,1.0,,,,,,,,,,
216667,,,,,,,,312.0,,126.0,,,,,,30.0,19.0,10.0,56.0,2.0,,19.0,,30.0,,
216694,,,,,,,,330.0,,137.0,,,,,,35.0,4.0,11.0,27.0,2.0,,27.0,9.0,45.0,13.0,
216746,,,,,,,,11.0,,6.0,,,,,,3.0,,,,,,,,2.0,,
216764,,,,,,,,1579.0,,764.0,,,,,,60.0,247.0,38.0,60.0,11.0,,149.0,,165.0,50.0,
216773,,,,,,,,18.0,,11.0,,,,,,1.0,1.0,,,,,,,4.0,,
216782,,,,,,,,26.0,,11.0,,,,,,2.0,0.0,,,,,1.0,2.0,3.0,,
216807,,,,,,,,323.0,,123.0,,,,,,43.0,5.0,16.0,29.0,5.0,,41.0,,51.0,9.0,
216816,,,,,,,,75.0,,16.0,1.0,,,,,20.0,5.0,2.0,2.0,,,3.0,2.0,13.0,1.0,
216825,,,,,,,,405.0,,184.0,,,,,,64.0,4.0,11.0,9.0,,,31.0,,84.0,2.0,
216852,,,,,,,,904.0,,354.0,,,,,,86.0,28.0,37.0,77.0,8.0,,71.0,,128.0,24.0,3.0
216931,,,,,,,,641.0,,230.0,,,,,,43.0,27.0,35.0,41.0,4.0,,57.0,,67.0,21.0,2.0
217013,,,,,,,,213.0,,84.0,,,,,,13.0,9.0,3.0,10.0,1.0,,23.0,11.0,13.0,2.0,2.0
217040,,,,,,,,13.0,,6.0,,,,,,2.0,,,,,,,,1.0,4.0,
217059,,,,,,,,594.0,,276.0,,,,,,43.0,29.0,26.0,38.0,6.0,,73.0,9.0,55.0,12.0,6.0
217077,,,,,,,,146.0,,87.0,,,,,,5.0,,,,,,1.0,,4.0,,
217156,,,,,,,,4014.0,,849.0,384.0,,,,,499.0,233.0,441.0,140.0,66.0,,479.0,7.0,567.0,99.0,6.0
217165,,,,,,,,704.0,,208.0,,,,,,71.0,49.0,26.0,74.0,4.0,,86.0,3.0,92.0,16.0,7.0
217235,,,,,,,,1416.0,,400.0,,,,,,217.0,203.0,84.0,117.0,10.0,,134.0,12.0,112.0,34.0,39.0
217305,,,,,,,,407.0,,204.0,,,,,,23.0,12.0,11.0,7.0,,,3.0,,68.0,,
217323,,,,,,,,44.0,,26.0,,,,,,5.0,,,,,,,8.0,5.0,,
217350,,,,,,,,4.0,,2.0,,,,,,1.0,,,,,,0.0,,1.0,,
217402,,,,,,,,889.0,,352.0,,,,,,104.0,68.0,34.0,77.0,11.0,,55.0,,117.0,12.0,7.0
217420,,,,,,,,954.0,,475.0,,,,,,51.0,27.0,36.0,32.0,4.0,,147.0,,103.0,16.0,
217475,,,,,,,,906.0,,489.0,,,,,,58.0,122.0,25.0,4.0,1.0,,47.0,,140.0,20.0,
217484,,,,,,,,2577.0,,835.0,17.0,,,,,61.0,121.0,340.0,86.0,48.0,,377.0,8.0,336.0,91.0,24.0
217493,,,,,,,,830.0,,269.0,,,,,,108.0,48.0,25.0,37.0,2.0,,142.0,9.0,109.0,51.0,3.0
217518,,,,,,,,928.0,,306.0,,,,,,128.0,27.0,29.0,31.0,9.0,,197.0,,101.0,29.0,8.0
217536,,,,,,,,464.0,,189.0,,,,,,46.0,15.0,20.0,43.0,3.0,,32.0,,53.0,15.0,3.0
217572,,,,,,,,15.0,,13.0,,,,,,1.0,,,,,,,,,,
217581,,,,,,,,15.0,,10.0,,,,,,2.0,,,,,,,,1.0,,
217606,,,,,,,,50.0,,15.0,,,,,,6.0,4.0,2.0,2.0,,,4.0,1.0,10.0,,
217615,,,,,,,,185.0,,97.0,,,,,,17.0,9.0,5.0,13.0,1.0,,1.0,,27.0,3.0,
217624,,,,,,,,99.0,,40.0,,,,,,18.0,4.0,1.0,5.0,,,11.0,,11.0,,
217633,,,,,,,,394.0,,188.0,,,,,,48.0,11.0,10.0,48.0,4.0,,16.0,,38.0,13.0,7.0
217688,,,,,,,,451.0,,238.0,1.0,,,,,30.0,12.0,15.0,20.0,8.0,,18.0,15.0,39.0,7.0,
217712,,,,,,,,191.0,,77.0,,,,,,22.0,10.0,5.0,20.0,,,6.0,,29.0,5.0,
217721,,,,,,,,427.0,,141.0,,,,,,69.0,5.0,11.0,54.0,1.0,,23.0,,58.0,,1.0
217749,,,,,,,,1039.0,,212.0,1.0,,,,,54.0,31.0,53.0,180.0,4.0,,65.0,6.0,244.0,25.0,55.0
217776,,,,,,,,243.0,,80.0,,,,,,35.0,14.0,8.0,16.0,3.0,,16.0,12.0,34.0,4.0,
217794,,,,,,,,13.0,,6.0,,,,,,2.0,2.0,,,,,,,1.0,,
217819,,,,,,,,1750.0,,670.0,,,,,,172.0,93.0,129.0,96.0,6.0,,140.0,,316.0,69.0,1.0
217828,,,,,,,,4.0,,2.0,,,,,,1.0,,,,,,,,1.0,,
217837,,,,,,,,118.0,,54.0,,,,,,12.0,7.0,4.0,16.0,,,7.0,,15.0,2.0,
217864,,,,,,,,672.0,,223.0,,,,,,93.0,12.0,34.0,42.0,8.0,,35.0,,95.0,50.0,16.0
217873,,,,,,,,371.0,,141.0,8.0,,,,,35.0,12.0,17.0,35.0,3.0,,30.0,1.0,61.0,,1.0
217882,,,,,,,,4246.0,,1177.0,61.0,3.0,,,,213.0,399.0,586.0,222.0,68.0,,283.0,2.0,615.0,340.0,13.0
217891,,,,,,,,46.0,,11.0,,,,,,6.0,2.0,,2.0,,,,,5.0,,
217907,,,,,,,,187.0,,81.0,,,,,,19.0,4.0,3.0,28.0,,,7.0,2.0,23.0,,
217925,,,,,,,,191.0,,54.0,,,,,,36.0,2.0,9.0,17.0,,,19.0,,37.0,4.0,0.0
217934,,,,,,,,229.0,,90.0,,,,,,24.0,6.0,8.0,36.0,2.0,,12.0,1.0,30.0,,0.0
217961,,,,,,,,199.0,,80.0,1.0,,,,,12.0,6.0,5.0,25.0,,,24.0,,42.0,,
217989,,,,,,,,122.0,,40.0,,,,,,12.0,13.0,3.0,14.0,1.0,,16.0,,21.0,,
217998,,,,,,,,130.0,,54.0,,1.0,,,,17.0,4.0,2.0,18.0,1.0,,3.0,1.0,12.0,,
218025,,,,,,,,340.0,,176.0,,,,,,41.0,18.0,24.0,11.0,0.0,,3.0,,48.0,12.0,4.0
218043,,,,,,,,21.0,,11.0,,,,,,1.0,2.0,,,,,2.0,,3.0,0.0,
218061,,,,,,,,544.0,,233.0,,,,,,43.0,24.0,16.0,46.0,1.0,,76.0,,51.0,20.0,4.0
218070,,,,,,,,844.0,,256.0,1.0,,,,,67.0,69.0,33.0,100.0,13.0,,115.0,,113.0,33.0,1.0
218113,,,,,,,,960.0,,498.0,,,,,,74.0,54.0,27.0,60.0,9.0,,62.0,0.0,96.0,23.0,2.0
218140,,,,,,,,434.0,,224.0,,,,,,24.0,15.0,24.0,36.0,0.0,,28.0,,62.0,10.0,2.0
218159,,,,,,,,13.0,,9.0,,,,,,1.0,,,,,,,,1.0,,
218195,,,,,,,,12.0,,8.0,,,,,,1.0,,,,,,,,1.0,,
218229,,,,,,,,438.0,,159.0,,,,,,31.0,43.0,18.0,15.0,3.0,,21.0,1.0,36.0,58.0,6.0
218238,,,,,,,,349.0,,94.0,,1.0,,,,57.0,4.0,8.0,54.0,3.0,,38.0,,16.0,21.0,1.0
218265,,,,,,,,31.0,,11.0,,,,,,2.0,2.0,1.0,2.0,,,1.0,,6.0,0.0,
218335,,,,,,,,3034.0,,312.0,1016.0,,,,,667.0,152.0,140.0,16.0,128.0,,162.0,,303.0,104.0,33.0
218353,,,,,,,,840.0,,382.0,,,,,,71.0,67.0,57.0,65.0,5.0,,20.0,,123.0,19.0,2.0
218399,,,,,,,,184.0,,49.0,,,,,,22.0,2.0,6.0,7.0,1.0,,48.0,,34.0,1.0,1.0
218414,,,,,,,,201.0,,79.0,,,,,,41.0,10.0,,44.0,,,,,14.0,,
218441,,,,,,,,423.0,,179.0,,,,,,41.0,,8.0,45.0,1.0,,58.0,,38.0,,
218487,,,,,,,,222.0,,108.0,,,,,,15.0,8.0,9.0,15.0,,,17.0,,30.0,6.0,
218520,,,,,,,,359.0,,175.0,,,,,,16.0,23.0,15.0,38.0,,,6.0,,69.0,11.0,
218539,,,,,,,,292.0,,109.0,,,,,,22.0,5.0,10.0,65.0,5.0,,8.0,,42.0,13.0,
218645,,,,,,,,410.0,,167.0,,,,,,48.0,8.0,9.0,58.0,6.0,,30.0,1.0,53.0,6.0,
218654,,,,,,,,248.0,,89.0,,,,,,33.0,4.0,10.0,45.0,,,20.0,,28.0,6.0,3.0
218663,,,,,,,,6441.0,,1722.0,113.0,36.0,,,,905.0,151.0,330.0,711.0,200.0,,419.0,3.0,1270.0,234.0,87.0
218672,,,,,,,,124.0,,57.0,,,,,,9.0,1.0,1.0,14.0,,,17.0,,19.0,1.0,0.0
218681,,,,,,,,88.0,,32.0,,,,,,9.0,0.0,0.0,14.0,,,13.0,,13.0,2.0,
218690,,,,,,,,90.0,,34.0,,,,,,14.0,1.0,2.0,7.0,1.0,,8.0,,17.0,1.0,
218706,,,,,,,,49.0,,21.0,,,,,,4.0,,1.0,7.0,,,3.0,,9.0,1.0,
218724,,,,,,,,1344.0,,502.0,,,,,,127.0,44.0,59.0,142.0,28.0,,159.0,1.0,152.0,49.0,28.0
218733,,,,,,,,536.0,,158.0,15.0,22.0,,,,44.0,24.0,22.0,94.0,8.0,,36.0,,74.0,,
218742,,,,,,,,660.0,,259.0,,,,,,54.0,13.0,12.0,100.0,7.0,,67.0,,94.0,15.0,1.0
218751,,,,,,,,81.0,,30.0,2.0,,,,,5.0,2.0,3.0,1.0,,,6.0,2.0,28.0,,
218821,,,,,,,,109.0,,35.0,,,,,,22.0,2.0,3.0,17.0,1.0,,7.0,,10.0,2.0,
218830,,,,,,,,410.0,,188.0,,,,,,30.0,17.0,21.0,40.0,3.0,,21.0,,59.0,9.0,2.0
218858,,,,,,,,255.0,,131.0,,,,,,14.0,10.0,32.0,3.0,4.0,,17.0,,35.0,6.0,1.0
218867,,,,,,,,4.0,,1.0,,,,,,1.0,0.0,,,,,,,1.0,0.0,
218885,,,,,,,,475.0,,238.0,,,,,,29.0,27.0,19.0,38.0,5.0,,11.0,,79.0,4.0,2.0
218894,,,,,,,,954.0,,461.0,,,,,,70.0,50.0,50.0,73.0,5.0,,35.0,,167.0,22.0,4.0
218919,,,,,,,,135.0,,35.0,1.0,1.0,,,,17.0,12.0,4.0,6.0,1.0,,28.0,,6.0,4.0,2.0
218955,,,,,,,,79.0,,27.0,,,,,,10.0,5.0,2.0,12.0,,,2.0,,12.0,5.0,
218964,,,,,,,,921.0,,361.0,,,,,,66.0,38.0,37.0,116.0,12.0,,107.0,,118.0,29.0,17.0
218973,,,,,,,,410.0,,138.0,,,,,,58.0,18.0,10.0,55.0,4.0,,58.0,,44.0,17.0,
218991,,,,,,,,373.0,,189.0,,,,,,10.0,24.0,15.0,5.0,,,22.0,,40.0,11.0,1.0
219000,,,,,,,,406.0,,155.0,,7.0,,,,60.0,11.0,12.0,39.0,2.0,,46.0,,44.0,11.0,1.0
219037,,,,,,,,16.0,,8.0,,,,,,3.0,1.0,,,,,,,4.0,,
219046,,,,,,,,399.0,,151.0,2.0,,,,,56.0,31.0,17.0,36.0,0.0,,39.0,1.0,43.0,9.0,2.0
219055,,,,,,,,24.0,,12.0,,,,,,3.0,2.0,1.0,,,,1.0,2.0,1.0,,
219082,,,,,,,,261.0,,108.0,,,,,,51.0,14.0,18.0,9.0,1.0,,20.0,1.0,30.0,4.0,1.0
219091,,,,,,,,172.0,,75.0,0.0,,,,,20.0,10.0,4.0,26.0,,,13.0,,10.0,,2.0
219125,,,,,,,,11.0,,7.0,,,,,,1.0,1.0,,,,,,2.0,,,
219143,,,,,,,,206.0,,112.0,,,,,,11.0,5.0,10.0,2.0,,,27.0,3.0,24.0,,
219170,,,,,,,,2.0,,2.0,,,,,,,,,,,,,,0.0,,
219189,,,,,,,,135.0,,80.0,,,,,,11.0,6.0,6.0,3.0,1.0,,9.0,0.0,1.0,,
219198,,,,,,,,149.0,,64.0,,,,,,20.0,9.0,2.0,16.0,,,14.0,,11.0,,
219204,,,,,,,,333.0,,99.0,,,,,,47.0,14.0,18.0,13.0,2.0,,1.0,,27.0,,
219213,,,,,,,,28.0,,18.0,,,,,,2.0,,,,,,,,2.0,,
219240,,,,,,,,24.0,,6.0,,,,,,1.0,1.0,,1.0,12.0,,,,1.0,,
219259,,,,,,,,352.0,,108.0,,,,,,46.0,20.0,15.0,50.0,,,36.0,3.0,40.0,12.0,4.0
219277,,,,,,,,199.0,,66.0,1.0,,,,,28.0,5.0,4.0,4.0,,,14.0,,26.0,,
219295,,,,,,,,136.0,,57.0,,,,,,17.0,10.0,3.0,25.0,2.0,,10.0,,3.0,,
219338,,,,,,,,1.0,,1.0,,,,,,,,,,,,,,,,
219347,,,,,,,,408.0,,158.0,,,,,,58.0,27.0,52.0,21.0,3.0,,30.0,,41.0,9.0,
219356,,,,,,,,1913.0,,594.0,103.0,107.0,,,,196.0,89.0,112.0,149.0,44.0,,149.0,3.0,229.0,70.0,20.0
219374,,,,,,,,191.0,,53.0,1.0,2.0,,,,6.0,22.0,7.0,25.0,2.0,,8.0,3.0,12.0,18.0,8.0
219383,,,,,,,,211.0,,93.0,,,,,,20.0,13.0,4.0,37.0,1.0,,14.0,,24.0,,
219392,,,,,,,,14.0,,7.0,,,,,,2.0,,,,5.0,,,,,,
219408,,,,,,,,42.0,,12.0,,,,,,7.0,4.0,3.0,1.0,,,4.0,3.0,5.0,,
219426,,,,,,,,237.0,,148.0,,,,,,14.0,9.0,8.0,13.0,,,25.0,1.0,17.0,1.0,
219453,,,,,,,,13.0,,10.0,,,,,,1.0,,,,,,,,2.0,,
219471,,,,,,,,1366.0,,492.0,,,,,,139.0,101.0,99.0,130.0,4.0,,120.0,,206.0,19.0,3.0
219480,,,,,,,,103.0,,52.0,,10.0,,,,5.0,,1.0,1.0,,,4.0,,4.0,,
219505,,,,,,,,26.0,,9.0,,,,,,4.0,2.0,,,0.0,,2.0,,2.0,,
219578,,,,,,,,101.0,,42.0,,,,,,18.0,5.0,1.0,9.0,,,1.0,,10.0,1.0,
219587,,,,,,,,8.0,,4.0,,,,,,3.0,,0.0,,,,0.0,,0.0,,
219596,,,,,,,,26.0,,13.0,,,,,,4.0,2.0,,1.0,,,1.0,,3.0,,
219602,,,,,,,,983.0,,444.0,,,,,,32.0,7.0,21.0,192.0,18.0,,56.0,1.0,154.0,34.0,3.0
219639,,,,,,,,134.0,,65.0,,,,,,20.0,5.0,4.0,,,,16.0,,23.0,,
219709,,,,,,,,1056.0,,484.0,,,,,,91.0,48.0,30.0,93.0,4.0,,106.0,3.0,109.0,24.0,3.0
219718,,,,,,,,690.0,,294.0,,,,,,22.0,17.0,12.0,53.0,7.0,,70.0,49.0,66.0,,
219790,,,,,,,,238.0,,83.0,,,,,,4.0,5.0,6.0,28.0,,,11.0,11.0,12.0,17.0,
219806,,,,,,,,362.0,,156.0,,,,,,12.0,27.0,13.0,52.0,5.0,,12.0,,54.0,23.0,
219824,,,,,,,,792.0,,376.0,1.0,,,,,26.0,17.0,39.0,69.0,19.0,,70.0,,90.0,12.0,2.0
219833,,,,,,,,286.0,,131.0,,,,,,21.0,9.0,10.0,16.0,0.0,,24.0,2.0,26.0,11.0,1.0
219842,,,,,,,,45.0,,16.0,,,,,,4.0,3.0,1.0,1.0,,,1.0,,7.0,3.0,
219879,,,,,,,,249.0,,120.0,,,,,,7.0,2.0,5.0,,10.0,,10.0,,43.0,3.0,
219888,,,,,,,,322.0,,168.0,,,,,,27.0,7.0,8.0,22.0,,,19.0,,50.0,3.0,
219903,,,,,,,,112.0,,44.0,,,,,,25.0,7.0,,,,,2.0,9.0,21.0,,
219921,,,,,,,,17.0,,10.0,,,,,,1.0,,,,,,1.0,,5.0,,
219949,,,,,,,,180.0,,86.0,,,,,,9.0,27.0,6.0,32.0,2.0,,1.0,,11.0,,
219976,,,,,,,,867.0,,308.0,4.0,,,,,63.0,37.0,33.0,88.0,3.0,,121.0,1.0,95.0,16.0,1.0
219994,,,,,,,,54.0,,32.0,,,,,,8.0,2.0,,,,,3.0,,9.0,,
220002,,,,,,,,28.0,,12.0,,,,,,2.0,,,,,,,,1.0,,
220057,,,,,,,,252.0,,89.0,,,,,,16.0,2.0,10.0,57.0,,,21.0,,51.0,2.0,
220075,,,,,,,,2381.0,,854.0,37.0,48.0,,,,282.0,161.0,57.0,215.0,33.0,,167.0,,408.0,63.0,20.0
220118,,,,,,,,37.0,,16.0,,,,,,2.0,1.0,,,,,1.0,5.0,8.0,,
220127,,,,,,,,37.0,,23.0,,,,,,3.0,1.0,,,,,2.0,,4.0,,
220163,,,,,,,,8.0,,3.0,,,,,,1.0,2.0,,,,,0.0,,1.0,,
220181,,,,,,,,178.0,,58.0,11.0,,,,,31.0,8.0,7.0,16.0,1.0,,12.0,1.0,30.0,,
220206,,,,,,,,57.0,,25.0,,,,,,13.0,2.0,1.0,2.0,,,,1.0,7.0,2.0,
220215,,,,,,,,301.0,,109.0,,,,,,37.0,14.0,6.0,33.0,,,45.0,1.0,33.0,6.0,1.0
220251,,,,,,,,21.0,,12.0,,,,,,2.0,3.0,,,,,,,4.0,,
220279,,,,,,,,33.0,,22.0,,,,,,2.0,,,,,,,,4.0,1.0,
220312,,,,,,,,61.0,,23.0,,,,,,10.0,3.0,,9.0,,,7.0,,5.0,1.0,
220321,,,,,,,,30.0,,19.0,,,,,,2.0,,,,,,1.0,,5.0,,
220394,,,,,,,,18.0,,10.0,,,,,,2.0,,,,,,1.0,,4.0,0.0,
220400,,,,,,,,289.0,,142.0,,,,,,17.0,2.0,4.0,55.0,5.0,,20.0,,38.0,6.0,
220464,,,,,,,,11.0,,5.0,,,,,,1.0,3.0,,,,,,,1.0,,
220473,,,,,,,,181.0,,70.0,,,,,,18.0,2.0,8.0,11.0,1.0,,12.0,,27.0,12.0,
220491,,,,,,,,1.0,,,,,,,,1.0,,,,,,,,,,
220516,,,,,,,,363.0,,172.0,,,,,,32.0,7.0,9.0,37.0,4.0,,20.0,27.0,40.0,6.0,
220552,,,,,,,,193.0,,108.0,,,,,,17.0,4.0,5.0,,,,5.0,,45.0,,
220570,,,,,,,,3.0,,2.0,,,,,,0.0,0.0,,,,,,,,,
220598,,,,,,,,189.0,,67.0,,,,,,14.0,2.0,2.0,11.0,2.0,,52.0,,19.0,3.0,
220604,,,,,,,,172.0,,73.0,,,,,,7.0,23.0,4.0,10.0,,,1.0,,15.0,3.0,0.0
220613,,,,,,,,635.0,,268.0,,,,,,81.0,9.0,21.0,27.0,7.0,,73.0,,109.0,10.0,4.0
220631,,,,,,,,741.0,,275.0,,,,,,127.0,10.0,15.0,30.0,15.0,,74.0,,142.0,25.0,3.0
220640,,,,,,,,30.0,,20.0,,,,,,1.0,,,,,,,,4.0,2.0,
220701,,,,,,,,113.0,,54.0,,,,,,7.0,7.0,3.0,,1.0,,,,36.0,,
220710,,,,,,,,294.0,,93.0,,,,,,33.0,14.0,7.0,45.0,4.0,,36.0,2.0,29.0,14.0,
220756,,,,,,,,21.0,,10.0,,,,,,3.0,1.0,,,,,2.0,,3.0,,
220765,,,,,,,,33.0,,15.0,,,,,,3.0,5.0,1.0,,,,,5.0,2.0,,
220792,,,,,,,,858.0,,197.0,1.0,4.0,,,,141.0,46.0,48.0,45.0,146.0,,93.0,,124.0,2.0,
220808,,,,,,,,123.0,,60.0,,,,,,10.0,1.0,3.0,4.0,,,17.0,7.0,6.0,5.0,
220853,,,,,,,,80.0,,45.0,,,,,,3.0,5.0,,,6.0,,2.0,,18.0,,
220862,,,,,,,,2757.0,,1048.0,41.0,,,,,64.0,238.0,213.0,121.0,14.0,,260.0,1.0,286.0,87.0,11.0
220871,,,,,,,,41.0,,14.0,,,,,,5.0,2.0,1.0,,,,4.0,,10.0,,
220978,,,,,,,,2286.0,,1001.0,26.0,,,,,172.0,74.0,85.0,119.0,31.0,,151.0,2.0,473.0,67.0,22.0
220996,,,,,,,,39.0,,24.0,,,,,,,2.0,2.0,1.0,,,,,8.0,0.0,
221050,,,,,,,,66.0,,45.0,,,,,,2.0,6.0,,1.0,,,2.0,,10.0,,
221096,,,,,,,,299.0,,164.0,,,,,,8.0,3.0,5.0,39.0,17.0,,12.0,,36.0,5.0,
221102,,,,,,,,39.0,,29.0,,,,,,3.0,2.0,,,,,1.0,,,,
221148,,,,,,,,157.0,,60.0,,,,,,46.0,,1.0,,,,12.0,,26.0,,1.0
221157,,,,,,,,8.0,,3.0,,,,,,2.0,2.0,,,,,,,1.0,,
221184,,,,,,,,496.0,,279.0,,,,,,23.0,2.0,8.0,55.0,24.0,,20.0,,77.0,8.0,
221236,,,,,,,,32.0,,19.0,,,,,,3.0,2.0,,,,,1.0,,6.0,,
221254,,,,,,,,35.0,,19.0,,,,,,5.0,1.0,,,,,2.0,,1.0,1.0,
221281,,,,,,,,31.0,,19.0,,,,,,2.0,1.0,,,,,2.0,,7.0,,
221333,,,,,,,,33.0,,21.0,,,,,,1.0,4.0,,,,,1.0,,5.0,,
221351,,,,,,,,517.0,,204.0,,,,,,55.0,24.0,14.0,58.0,5.0,,80.0,,39.0,15.0,3.0
221388,,,,,,,,17.0,,10.0,,,,,,1.0,1.0,,,,,,,2.0,1.0,
221397,,,,,,,,483.0,,231.0,,,,,,11.0,4.0,7.0,2.0,15.0,,23.0,,80.0,10.0,
221430,,,,,,,,22.0,,13.0,,,,,,3.0,,,,,,,,6.0,1.0,
221485,,,,,,,,653.0,,302.0,,,,,,33.0,79.0,19.0,3.0,27.0,,64.0,,104.0,11.0,2.0
221494,,,,,,,,43.0,,30.0,,,,,,1.0,4.0,1.0,,,,1.0,,5.0,,
221519,,,,,,,,649.0,,175.0,1.0,,,,,82.0,33.0,14.0,46.0,4.0,,128.0,1.0,95.0,29.0,6.0
221582,,,,,,,,25.0,,15.0,,,,,,3.0,,,,,,2.0,,4.0,,
221591,,,,,,,,36.0,,20.0,,,,,,2.0,1.0,,3.0,,,4.0,,5.0,,
221607,,,,,,,,20.0,,12.0,,,,,,2.0,,,,,,0.0,,3.0,,
221616,,,,,,,,48.0,,27.0,,,,,,9.0,,,,,,,,11.0,1.0,
221625,,,,,,,,74.0,,36.0,,,,,,3.0,1.0,2.0,0.0,8.0,,4.0,,8.0,6.0,
221634,,,,,,,,23.0,,12.0,,,,,,1.0,2.0,,,,,1.0,,7.0,,
221643,,,,,,,,686.0,,343.0,,2.0,,,,13.0,3.0,8.0,88.0,63.0,,14.0,,137.0,10.0,2.0
221661,,,,,,,,485.0,,143.0,1.0,,,,,84.0,6.0,15.0,75.0,2.0,,38.0,15.0,63.0,23.0,7.0
221670,,,,,,,,189.0,,54.0,,,,,,24.0,,5.0,3.0,6.0,,23.0,,61.0,3.0,5.0
221731,,,,,,,,140.0,,64.0,,,,,,6.0,9.0,4.0,24.0,,,,,24.0,,
221740,,,,,,,,1402.0,,526.0,5.0,,,,,156.0,66.0,63.0,106.0,8.0,,156.0,2.0,214.0,34.0,9.0
221759,,,,,,,,7606.0,,1594.0,129.0,65.0,,,,600.0,379.0,906.0,258.0,72.0,,1503.0,1.0,1074.0,399.0,97.0
221768,,,,,,,,851.0,,346.0,,4.0,,,,75.0,51.0,36.0,39.0,7.0,,93.0,,129.0,26.0,9.0
221795,,,,,,,,22.0,,9.0,,,,,,6.0,4.0,1.0,,,,,1.0,,0.0,
221829,,,,,,,,29.0,,22.0,,,,,,,2.0,,,,,3.0,,,,
221838,,,,,,,,1272.0,,353.0,30.0,2.0,,,,117.0,20.0,13.0,289.0,21.0,,122.0,2.0,234.0,47.0,2.0
221847,,,,,,,,1235.0,,506.0,6.0,8.0,,,,35.0,16.0,49.0,249.0,34.0,,53.0,,196.0,47.0,
221892,,,,,,,,358.0,,124.0,,,,,,39.0,20.0,25.0,18.0,,,17.0,,93.0,13.0,
221908,,,,,,,,469.0,,195.0,,,,,,9.0,18.0,32.0,62.0,1.0,,35.0,,91.0,13.0,2.0
221953,,,,,,,,329.0,,98.0,,,,,,30.0,23.0,8.0,65.0,6.0,,23.0,1.0,32.0,8.0,
221971,,,,,,,,552.0,,293.0,,,,,,50.0,11.0,22.0,28.0,4.0,,38.0,9.0,43.0,,
221980,,,,,,,,5.0,,2.0,,,,,,1.0,0.0,,,,,,,2.0,,
221999,,,,,,,,24337.0,,3648.0,500.0,,,,,1662.0,1200.0,2152.0,588.0,8029.0,,2782.0,80.0,3018.0,210.0,217.0
222026,,,,,,,,3.0,,3.0,,,,,,,,,,,,,,,,
222053,,,,,,,,554.0,,254.0,,,,,,6.0,4.0,11.0,86.0,9.0,,28.0,1.0,131.0,11.0,
222062,,,,,,,,498.0,,227.0,,,,,,18.0,56.0,7.0,36.0,15.0,,37.0,,77.0,14.0,2.0
222099,,,,,,,,23.0,,11.0,,,,,,3.0,2.0,1.0,,,,1.0,,5.0,,
222105,,,,,,,,23.0,,13.0,,,,,,2.0,,,,,,1.0,,1.0,,
222178,,,,,,,,815.0,,273.0,,7.0,,,,103.0,45.0,31.0,93.0,3.0,,48.0,3.0,145.0,14.0,
222497,,,,,,,,502.0,,,,,,,,47.0,138.0,76.0,12.0,1.0,,10.0,,93.0,4.0,2.0
222567,,,,,,,,369.0,,185.0,2.0,,,,,26.0,4.0,11.0,11.0,,,30.0,4.0,47.0,8.0,
222576,,,,,,,,716.0,,281.0,,,,,,79.0,5.0,26.0,25.0,,,108.0,,172.0,,13.0
222628,,,,,,,,59.0,,28.0,,,,,,16.0,,,,,,1.0,,9.0,,
222822,,,,,,,,368.0,,208.0,1.0,9.0,,,,4.0,10.0,9.0,20.0,0.0,,20.0,4.0,28.0,19.0,
222831,,,,,,,,768.0,,303.0,,,,,,58.0,44.0,43.0,74.0,,,28.0,11.0,111.0,37.0,6.0
222877,,,,,,,,42.0,,19.0,,,,,,2.0,2.0,,2.0,,,3.0,,5.0,2.0,
222886,,,,,,,,20.0,,11.0,,,,,,2.0,,,,,,,2.0,3.0,,
222938,,,,,,,,147.0,,67.0,,,,,,19.0,1.0,,,,,1.0,,52.0,,
222983,,,,,,,,322.0,,128.0,,,,,,45.0,13.0,11.0,32.0,,,17.0,,52.0,15.0,
222992,,,,,,,,2430.0,,936.0,,,,,,156.0,80.0,156.0,87.0,2.0,,124.0,14.0,425.0,61.0,
223001,,,,,,,,58.0,,20.0,,,,,,7.0,7.0,3.0,2.0,,,,,8.0,5.0,
223056,,,,,,,,11.0,,5.0,,,,,,1.0,2.0,,,,,1.0,,2.0,,
223083,,,,,,,,75.0,,46.0,,,,,,12.0,4.0,1.0,,1.0,,,,4.0,,
223117,,,,,,,,17.0,,10.0,,,,,,,2.0,,,,,0.0,,2.0,,
223223,,,,,,,,6757.0,,2676.0,1176.0,,,,,452.0,92.0,392.0,,637.0,,104.0,,1228.0,,
223232,,,,,,,,2774.0,,1086.0,11.0,,,,,518.0,190.0,228.0,97.0,48.0,,95.0,8.0,293.0,3.0,8.0
223320,,,,,,,,262.0,,98.0,,,,,,31.0,8.0,9.0,31.0,,,25.0,,32.0,6.0,1.0
223427,,,,,,,,878.0,,481.0,,,,,,75.0,18.0,26.0,18.0,2.0,,39.0,,124.0,,5.0
223463,,,,,,,,73.0,,37.0,,,,,,12.0,2.0,2.0,,,,,6.0,12.0,,
223472,,,,,,,,20.0,,10.0,,,,,,4.0,,,,,,,2.0,3.0,,
223506,,,,,,,,356.0,,138.0,1.0,1.0,,,,30.0,5.0,15.0,15.0,,,33.0,,69.0,8.0,
223524,,,,,,,,608.0,,289.0,,,,,,58.0,7.0,17.0,42.0,2.0,,15.0,2.0,97.0,21.0,
223773,,,,,,,,363.0,,124.0,,,,,,47.0,9.0,9.0,35.0,1.0,,18.0,2.0,66.0,10.0,
223816,,,,,,,,1430.0,,666.0,,,,,,147.0,25.0,45.0,64.0,,,71.0,10.0,261.0,29.0,7.0
223852,,,,,,,,7.0,,4.0,,,,,,2.0,,,,,,,1.0,0.0,,
223898,,,,,,,,227.0,,119.0,,,,,,17.0,4.0,5.0,7.0,,,11.0,6.0,29.0,16.0,
223922,,,,,,,,106.0,,52.0,,,,,,10.0,13.0,1.0,,,,6.0,,17.0,5.0,
224004,,,,,,,,284.0,,133.0,,,,,,21.0,16.0,15.0,42.0,,,4.0,,34.0,8.0,
224013,,,,,,,,5.0,,4.0,,,,,,1.0,,,,,,,,,,
224110,,,,,,,,517.0,,236.0,,,,,,64.0,3.0,6.0,6.0,,,,,175.0,11.0,
224147,,,,,,,,1228.0,,487.0,59.0,,,,,96.0,129.0,75.0,90.0,19.0,,21.0,,160.0,13.0,1.0
224156,,,,,,,,42.0,,16.0,,,,,,5.0,2.0,1.0,,,,5.0,4.0,1.0,,
224226,,,,,,,,447.0,,123.0,,,,,,16.0,13.0,35.0,35.0,1.0,,28.0,19.0,85.0,10.0,2.0
224244,,,,,,,,48.0,,18.0,0.0,,,,,5.0,4.0,,2.0,,,1.0,4.0,2.0,,
224253,,,,,,,,542.0,,4.0,,,,,,149.0,58.0,95.0,32.0,,,1.0,,137.0,4.0,
224271,,,,,,,,10.0,,6.0,,1.0,,,,1.0,,,,,,,,,,
224305,,,,,,,,236.0,,62.0,,,,,,44.0,8.0,15.0,,,,17.0,,70.0,6.0,
224323,,,,,,,,435.0,,171.0,,,,,,64.0,22.0,10.0,13.0,12.0,,40.0,,92.0,,
224350,,,,,,,,888.0,,417.0,,,,,,68.0,25.0,37.0,31.0,,,33.0,,160.0,14.0,3.0
224439,,,,,,,,131.0,,131.0,,,,,,,,,,,,,,,,
224527,,,,,,,,257.0,,83.0,,,,,,21.0,7.0,5.0,35.0,3.0,,33.0,,33.0,14.0,
224545,,,,,,,,230.0,,99.0,,,,,,26.0,18.0,9.0,16.0,1.0,,8.0,,39.0,,
224554,,,,,,,,912.0,,399.0,6.0,,,,,97.0,39.0,19.0,59.0,14.0,,36.0,8.0,164.0,1.0,
224572,,,,,,,,609.0,,256.0,,,,,,78.0,11.0,11.0,50.0,1.0,,36.0,3.0,84.0,12.0,
224615,,,,,,,,607.0,,254.0,,,,,,67.0,17.0,11.0,38.0,1.0,,23.0,4.0,117.0,11.0,
224642,,,,,,,,1710.0,,673.0,,,,,,114.0,92.0,79.0,,,,82.0,,581.0,5.0,
224660,,,,,,,,81.0,,43.0,,,,,,8.0,7.0,2.0,,,,2.0,8.0,9.0,1.0,
224679,,,,,,,,143.0,,57.0,,,,,,10.0,15.0,5.0,,,,6.0,23.0,22.0,2.0,1.0
224712,,,,,,,,44.0,,16.0,,,,,,7.0,2.0,2.0,,,,5.0,,6.0,,
224758,,,,,,,,5.0,,4.0,,,,,,,1.0,,,,,,,,,
224776,,,,,,,,93.0,,38.0,,,,,,13.0,1.0,,,,,1.0,,36.0,,
224828,,,,,,,,12.0,,7.0,,,,,,3.0,1.0,,,,,,,1.0,,
224891,,,,,,,,118.0,,48.0,,7.0,,,,11.0,2.0,1.0,4.0,1.0,,,,8.0,18.0,
224961,,,,,,,,188.0,,74.0,,,,,,19.0,13.0,8.0,6.0,,,14.0,,21.0,3.0,
225070,,,,,,,,311.0,,149.0,,,,,,30.0,2.0,7.0,9.0,,,32.0,,40.0,4.0,
225201,,,,,,,,104.0,,40.0,,,,,,19.0,9.0,8.0,,,,2.0,11.0,9.0,1.0,
225247,,,,,,,,336.0,,159.0,,,,,,17.0,40.0,9.0,23.0,3.0,,16.0,,49.0,7.0,
225308,,,,,,,,412.0,,197.0,,,,,,51.0,22.0,16.0,19.0,,,14.0,,61.0,,1.0
225371,,,,,,,,263.0,,130.0,,,,,,26.0,7.0,11.0,3.0,,,13.0,,44.0,,1.0
225399,,,,,,,,428.0,,163.0,,,,,,56.0,16.0,4.0,50.0,8.0,,26.0,2.0,43.0,11.0,2.0
225414,,,,,,,,939.0,,365.0,,,,,,97.0,117.0,61.0,36.0,3.0,,55.0,,151.0,22.0,6.0
225423,,,,,,,,3333.0,,1390.0,,,,,,198.0,163.0,92.0,222.0,2.0,,149.0,41.0,373.0,46.0,2.0
225432,,,,,,,,998.0,,456.0,,,,,,42.0,199.0,100.0,35.0,,,35.0,,71.0,25.0,
225502,,,,,,,,431.0,,150.0,,,,,,27.0,7.0,30.0,19.0,4.0,,30.0,,150.0,,2.0
225511,,,,,,,,5236.0,,1463.0,84.0,,,,,815.0,882.0,618.0,147.0,53.0,,399.0,10.0,395.0,205.0,5.0
225520,,,,,,,,308.0,,143.0,,,,,,39.0,1.0,7.0,19.0,,,24.0,,50.0,7.0,3.0
225548,,,,,,,,247.0,,100.0,,,,,,25.0,5.0,8.0,28.0,3.0,,28.0,,32.0,6.0,
225575,,,,,,,,145.0,,65.0,,,,,,24.0,6.0,2.0,17.0,,,2.0,,16.0,,
225627,,,,,,,,1078.0,,467.0,,,,,,147.0,73.0,35.0,112.0,14.0,,38.0,,106.0,37.0,12.0
225779,,,,,,,,14.0,,2.0,,,,,,7.0,2.0,1.0,0.0,,,,,1.0,1.0,
225788,,,,,,,,8.0,,3.0,,,,,,,,1.0,,,,,2.0,1.0,1.0,
225849,,,,,,,,62.0,,24.0,,,,,,7.0,2.0,1.0,,,,,,26.0,,
225858,,,,,,,,49.0,,14.0,,,,,,7.0,2.0,1.0,,,,,,23.0,,
225876,,,,,,,,53.0,,20.0,,,,,,7.0,2.0,0.0,6.0,1.0,,10.0,1.0,0.0,2.0,
225885,,,,,,,,138.0,,31.0,,,,,,8.0,9.0,5.0,17.0,2.0,,24.0,,7.0,15.0,1.0
225991,,,,,,,,23.0,,11.0,,,,,,4.0,2.0,,,,,,3.0,2.0,,
226019,,,,,,,,379.0,,181.0,,,,,,41.0,18.0,5.0,21.0,,,7.0,,52.0,,
226091,,,,,,,,1399.0,,521.0,4.0,,,,,128.0,81.0,65.0,72.0,15.0,,133.0,,149.0,41.0,2.0
226107,,,,,,,,158.0,,64.0,,,,,,23.0,7.0,10.0,3.0,,,15.0,,25.0,,1.0
226116,,,,,,,,187.0,,74.0,,,,,,36.0,10.0,11.0,4.0,,,14.0,,28.0,5.0,
226125,,,,,,,,13.0,,8.0,,,,,,3.0,,,,,,,,1.0,0.0,
226134,,,,,,,,699.0,,231.0,,,,,,69.0,15.0,29.0,53.0,3.0,,69.0,,135.0,17.0,
226152,,,,,,,,697.0,,241.0,,7.0,,,,146.0,39.0,27.0,57.0,6.0,,21.0,,116.0,,3.0
226204,,,,,,,,498.0,,220.0,,,,,,35.0,8.0,15.0,22.0,,,47.0,,66.0,17.0,
226231,,,,,,,,428.0,,145.0,,,,,,53.0,15.0,23.0,43.0,1.0,,43.0,,70.0,11.0,2.0
226277,,,,,,,,87.0,,44.0,,,,,,22.0,,1.0,,,,1.0,,12.0,,
226374,,,,,,,,11.0,,3.0,,,,,,2.0,,,,,,5.0,,1.0,,
226383,,,,,,,,350.0,,126.0,,,,,,37.0,2.0,17.0,48.0,4.0,,41.0,5.0,59.0,7.0,
226408,,,,,,,,365.0,,153.0,,,,,,28.0,20.0,17.0,23.0,,,15.0,,49.0,5.0,1.0
226471,,,,,,,,511.0,,212.0,,,,,,49.0,53.0,19.0,36.0,6.0,,58.0,8.0,53.0,,
226578,,,,,,,,638.0,,293.0,,,,,,37.0,14.0,22.0,35.0,1.0,,65.0,,93.0,,
226587,,,,,,,,213.0,,79.0,,,,,,26.0,6.0,5.0,38.0,3.0,,16.0,1.0,27.0,4.0,
226675,,,,,,,,55.0,,37.0,,,,,,8.0,,1.0,,,,,,,,
226772,,,,,,,,5.0,,4.0,,,,,,1.0,,,,,,,,,,
226806,,,,,,,,512.0,,174.0,,18.0,,,,37.0,9.0,19.0,41.0,1.0,,46.0,2.0,110.0,10.0,1.0
226833,,,,,,,,665.0,,261.0,,,,,,50.0,10.0,18.0,31.0,2.0,,65.0,,151.0,31.0,3.0
226860,,,,,,,,3.0,,2.0,,,,,,1.0,,,,,,,,,,
226879,,,,,,,,23.0,,10.0,,,,,,10.0,,,,,,,,1.0,,
226903,,,,,,,,74.0,,7.0,,,,,,20.0,15.0,2.0,3.0,,,,16.0,6.0,,
226930,,,,,,,,413.0,,159.0,,,,,,54.0,10.0,12.0,35.0,,,16.0,,65.0,9.0,
227003,,,,,,,,26.0,,7.0,,,,,,7.0,2.0,,,,,,,10.0,,
227058,,,,,,,,15.0,,8.0,,,,,,3.0,1.0,,,,,,1.0,,,
227146,,,,,,,,542.0,,260.0,,,,,,52.0,6.0,11.0,6.0,,,54.0,,118.0,,
227155,,,,,,,,3.0,,2.0,,,,,,1.0,,,,,,,,,0.0,
227182,,,,,,,,4607.0,,2155.0,,,,,,270.0,535.0,87.0,3.0,,,230.0,,868.0,46.0,
227191,,,,,,,,552.0,,219.0,,,,,,48.0,11.0,17.0,56.0,3.0,,22.0,3.0,89.0,13.0,
227216,,,,,,,,3637.0,,1237.0,66.0,,,,,392.0,166.0,126.0,134.0,43.0,,509.0,1.0,506.0,132.0,12.0
227225,,,,,,,,247.0,,103.0,,3.0,,,,18.0,10.0,5.0,37.0,,,13.0,,27.0,,
227243,,,,,,,,42.0,,28.0,,,,,,2.0,3.0,1.0,2.0,,,1.0,,5.0,,
227289,,,,,,,,75.0,,26.0,,,,,,12.0,2.0,1.0,1.0,,,17.0,,11.0,,
227298,,,,,,,,25.0,,9.0,,,,,,7.0,,1.0,,,,,3.0,5.0,,
227304,,,,,,,,425.0,,186.0,,,,,,49.0,17.0,16.0,19.0,,,23.0,6.0,33.0,10.0,6.0
227313,,,,,,,,15.0,,7.0,,,,,,1.0,,,,,,,2.0,,,
227322,,,,,,,,16.0,,7.0,,,,,,2.0,,,,,,,1.0,,,
227331,,,,,,,,494.0,,179.0,,,,,,35.0,41.0,15.0,62.0,5.0,,35.0,16.0,79.0,17.0,
227368,,,,,,,,3059.0,,1163.0,38.0,,,,,259.0,262.0,188.0,294.0,85.0,,257.0,,323.0,86.0,5.0
227377,,,,,,,,249.0,,96.0,,,,,,18.0,6.0,,15.0,,,27.0,,73.0,7.0,
227386,,,,,,,,182.0,,95.0,,0.0,,,,4.0,17.0,4.0,,,,11.0,,35.0,,1.0
227401,,,,,,,,285.0,,136.0,,7.0,,,,8.0,5.0,3.0,,,,,,76.0,,1.0
227429,,,,,,,,58.0,,19.0,,,,,,24.0,3.0,1.0,2.0,1.0,,,,2.0,5.0,
227526,,,,,,,,1031.0,,378.0,31.0,49.0,,,,88.0,47.0,20.0,59.0,9.0,,38.0,3.0,132.0,11.0,14.0
227687,,,,,,,,138.0,,67.0,,,,,,12.0,,1.0,21.0,,,10.0,,13.0,,1.0
227748,,,,,,,,34.0,,14.0,,,,,,5.0,,,,,,,,14.0,,
227757,,,,,,,,3009.0,,721.0,15.0,,,,,255.0,349.0,532.0,255.0,15.0,,302.0,,312.0,93.0,54.0
227766,,,,,,,,888.0,,377.0,,,,,,110.0,14.0,30.0,69.0,3.0,,30.0,,136.0,19.0,
227836,,,,,,,,26.0,,12.0,,,,,,4.0,,,6.0,,,,,,,
227845,,,,,,,,777.0,,276.0,,,,,,161.0,24.0,55.0,54.0,3.0,,63.0,6.0,93.0,31.0,
227854,,,,,,,,581.0,,286.0,,,,,,12.0,11.0,19.0,10.0,1.0,,38.0,,57.0,10.0,
227863,,,,,,,,505.0,,231.0,,,,,,47.0,28.0,22.0,37.0,0.0,,40.0,5.0,69.0,16.0,
227881,,,,,,,,1999.0,,796.0,,17.0,,,,137.0,156.0,126.0,106.0,22.0,,170.0,3.0,334.0,45.0,
227924,,,,,,,,909.0,,469.0,,,,,,11.0,14.0,30.0,15.0,,,67.0,,103.0,14.0,0.0
227979,,,,,,,,1777.0,,814.0,,,,,,105.0,77.0,85.0,59.0,4.0,,63.0,,438.0,48.0,1.0
228042,,,,,,,,261.0,,76.0,,,,,,32.0,14.0,11.0,29.0,2.0,,31.0,1.0,35.0,7.0,1.0
228088,,,,,,,,6.0,,2.0,,,,,,,3.0,,,,,,1.0,,,
228149,,,,,,,,711.0,,257.0,,,,,,150.0,9.0,15.0,33.0,4.0,,91.0,,123.0,4.0,4.0
228158,,,,,,,,682.0,,361.0,,,,,,19.0,18.0,16.0,27.0,,,109.0,,120.0,,1.0
228185,,,,,,,,4.0,,2.0,,,,,,,,,,,,,,,0.0,
228194,,,,,,,,165.0,,70.0,,4.0,,,,28.0,4.0,7.0,10.0,,,8.0,,26.0,,
228200,,,,,,,,34.0,,15.0,,,,,,4.0,4.0,,,,,2.0,4.0,4.0,,
228219,,,,,,,,39.0,,18.0,,,,,,5.0,4.0,,,,,2.0,5.0,5.0,,
228246,,,,,,,,2369.0,,865.0,71.0,,,,,631.0,93.0,134.0,137.0,13.0,,66.0,,260.0,29.0,
228282,,,,,,,,21.0,,5.0,,,,,,2.0,2.0,,,,,,2.0,3.0,2.0,
228316,,,,,,,,411.0,,141.0,,,,,,32.0,5.0,18.0,25.0,2.0,,43.0,,66.0,15.0,3.0
228325,,,,,,,,251.0,,98.0,,,,,,29.0,14.0,8.0,25.0,3.0,,13.0,,34.0,,
228343,,,,,,,,405.0,,128.0,,,,,,37.0,12.0,17.0,51.0,8.0,,53.0,1.0,49.0,14.0,7.0
228431,,,,,,,,1538.0,,586.0,,,,,,117.0,72.0,87.0,129.0,12.0,,178.0,,204.0,64.0,8.0
228459,,,,,,,,3742.0,,1386.0,67.0,14.0,,,,290.0,195.0,239.0,382.0,63.0,,273.0,13.0,573.0,147.0,39.0
228468,,,,,,,,135.0,,66.0,,,,,,24.0,2.0,4.0,1.0,1.0,,9.0,,16.0,5.0,
228486,,,,,,,,64.0,,13.0,,,,,,7.0,2.0,,,,,10.0,,8.0,5.0,
228501,,,,,,,,431.0,,140.0,,,,,,47.0,16.0,29.0,9.0,1.0,,36.0,,130.0,15.0,
228529,,,,,,,,1071.0,,522.0,,,,,,58.0,56.0,78.0,51.0,11.0,,25.0,,108.0,5.0,
228547,,,,,,,,2781.0,,1102.0,,,,,,245.0,77.0,100.0,155.0,11.0,,180.0,,456.0,65.0,12.0
228608,,,,,,,,339.0,,177.0,,,,,,33.0,6.0,,5.0,,,4.0,,66.0,4.0,
228635,,,,,,,,5850.0,,1761.0,11.0,134.0,,,,503.0,536.0,1082.0,48.0,273.0,,345.0,1.0,934.0,193.0,22.0
228644,,,,,,,,4641.0,,875.0,419.0,,,,,361.0,309.0,582.0,97.0,363.0,,433.0,5.0,981.0,81.0,93.0
228653,,,,,,,,3681.0,,509.0,58.0,243.0,,,,332.0,384.0,255.0,59.0,918.0,,194.0,,583.0,100.0,16.0
228699,,,,,,,,269.0,,120.0,,,,,,25.0,7.0,9.0,16.0,,,28.0,,39.0,,
228705,,,,,,,,912.0,,408.0,,,,,,90.0,39.0,47.0,117.0,11.0,,28.0,2.0,143.0,9.0,4.0
228723,,,,,,,,9603.0,,3182.0,347.0,,,,,1092.0,603.0,961.0,672.0,288.0,,405.0,5.0,1359.0,180.0,97.0
228732,,,,,,,,275.0,,,,,,,,95.0,45.0,37.0,36.0,,,,,52.0,7.0,3.0
228769,,,,,,,,3173.0,,1096.0,132.0,,,,,372.0,226.0,188.0,266.0,40.0,,121.0,8.0,388.0,100.0,7.0
228778,,,,,,,,13334.0,,2833.0,,,,,,1295.0,1241.0,2635.0,658.0,134.0,,1089.0,74.0,1969.0,480.0,382.0
228787,,,,,,,,3187.0,,909.0,124.0,,,,,356.0,194.0,355.0,200.0,18.0,,170.0,,644.0,72.0,8.0
228796,,,,,,,,2468.0,,829.0,32.0,5.0,,,,353.0,232.0,219.0,189.0,24.0,,128.0,,284.0,87.0,20.0
228802,,,,,,,,1075.0,,375.0,4.0,,,,,92.0,25.0,54.0,32.0,6.0,,23.0,,373.0,22.0,
228866,,,,,,,,75.0,,29.0,,,,,,10.0,,1.0,,,,,,20.0,2.0,
228875,,,,,,,,2158.0,,729.0,19.0,,,,,217.0,139.0,86.0,202.0,24.0,,305.0,3.0,279.0,77.0,
228884,,,,,,,,127.0,,39.0,,,,,,17.0,10.0,4.0,11.0,1.0,,28.0,,11.0,,1.0
228909,,,,,,,,1490.0,,441.0,26.0,,,,,138.0,89.0,131.0,33.0,68.0,,161.0,3.0,295.0,35.0,
228981,,,,,,,,247.0,,96.0,,,,,,57.0,16.0,8.0,,,,34.0,,24.0,,
229018,,,,,,,,424.0,,168.0,9.0,,,,,44.0,27.0,12.0,47.0,2.0,,46.0,,53.0,1.0,
229027,,,,,,,,3547.0,,1016.0,91.0,27.0,,,,410.0,325.0,272.0,347.0,32.0,,270.0,2.0,460.0,121.0,52.0
229036,,,,,,,,19.0,,6.0,,,,,,6.0,,,7.0,,,,,,,
229063,,,,,,,,1186.0,,452.0,,,,,,75.0,79.0,22.0,55.0,7.0,,159.0,,185.0,32.0,4.0
229090,,,,,,,,757.0,,,,,,,,127.0,204.0,114.0,54.0,8.0,,11.0,1.0,152.0,75.0,2.0
229115,,,,,,,,4692.0,,1466.0,186.0,64.0,,,,374.0,48.0,204.0,131.0,9.0,,464.0,,1359.0,146.0,156.0
229160,,,,,,,,408.0,,167.0,,,,,,53.0,13.0,21.0,44.0,3.0,,6.0,,61.0,12.0,1.0
229179,,,,,,,,1404.0,,570.0,,,,,,123.0,34.0,77.0,27.0,10.0,,189.0,,243.0,8.0,
229267,,,,,,,,781.0,,264.0,4.0,,,,,57.0,47.0,49.0,114.0,10.0,,56.0,,101.0,27.0,2.0
229300,,,,,,,,6610.0,,1707.0,,,,,,648.0,293.0,1049.0,196.0,1126.0,,494.0,,982.0,65.0,46.0
229337,,,,,,,,5853.0,,978.0,30.0,,,,,448.0,12.0,330.0,70.0,1545.0,,414.0,5.0,1881.0,68.0,61.0
229355,,,,,,,,862.0,,424.0,,,,,,54.0,17.0,43.0,89.0,1.0,,68.0,,121.0,5.0,
229407,,,,,,,,56.0,,,,,,,,18.0,18.0,,6.0,,,3.0,,10.0,,
229416,,,,,,,,133.0,,61.0,,,,,,15.0,50.0,1.0,,,,,,3.0,3.0,
229425,,,,,,,,18.0,,10.0,,,,,,3.0,2.0,,,,,,1.0,1.0,1.0,
229504,,,,,,,,260.0,,116.0,,,,,,16.0,16.0,3.0,18.0,,,28.0,,49.0,4.0,
229522,,,,,,,,8.0,,2.0,,,,,,1.0,1.0,,,,,0.0,,1.0,,
229540,,,,,,,,429.0,,162.0,,40.0,,,,35.0,8.0,17.0,22.0,,,25.0,,85.0,21.0,
229656,,,,,,,,15.0,,7.0,,,,,,2.0,2.0,,,,,,,4.0,,
229780,,,,,,,,691.0,,286.0,,,,,,100.0,37.0,14.0,47.0,,,14.0,10.0,166.0,,
229799,,,,,,,,389.0,,192.0,,,,,,40.0,22.0,19.0,7.0,,,19.0,,55.0,1.0,
229814,,,,,,,,812.0,,354.0,,,,,,128.0,30.0,30.0,62.0,14.0,,19.0,4.0,124.0,7.0,2.0
229832,,,,,,,,172.0,,74.0,,1.0,,,,15.0,3.0,4.0,7.0,,,4.0,2.0,29.0,10.0,1.0
229841,,,,,,,,438.0,,216.0,,,,,,34.0,30.0,14.0,15.0,,,35.0,,51.0,6.0,2.0
229887,,,,,,,,231.0,,69.0,1.0,1.0,,,,32.0,7.0,5.0,10.0,1.0,,34.0,,20.0,,
229957,,,,,,,,8.0,,2.0,,,,,,3.0,1.0,,,,,,1.0,1.0,,
230010,,,,,,,,162.0,,109.0,,,,,,6.0,5.0,4.0,,,,15.0,2.0,13.0,,
230038,,,,,,,,4472.0,,1423.0,68.0,,,,,224.0,570.0,443.0,488.0,37.0,,300.0,13.0,578.0,156.0,37.0
230047,,,,,,,,429.0,,164.0,,,,,,41.0,20.0,28.0,12.0,4.0,,54.0,3.0,47.0,16.0,4.0
230056,,,,,,,,23.0,,11.0,,,,,,4.0,,,,,,,,1.0,,
230065,,,,,,,,19.0,,8.0,,,,,,4.0,0.0,,0.0,,,,,7.0,,
230135,,,,,,,,8.0,,2.0,,,,,,1.0,1.0,,,,,2.0,,,,
230144,,,,,,,,7.0,,3.0,,,,,,1.0,1.0,,,,,,,,,
230162,,,,,,,,252.0,,141.0,,,,,,22.0,6.0,5.0,3.0,,,13.0,6.0,51.0,5.0,
230171,,,,,,,,797.0,,333.0,,,,,,59.0,27.0,26.0,138.0,4.0,,73.0,15.0,72.0,19.0,
230199,,,,,,,,4.0,,4.0,,,,,,,,,,,,,,,,
230205,,,,,,,,2.0,,2.0,,,,,,,,,,,,,,,,
230214,,,,,,,,28.0,,15.0,,,,,,5.0,,,,,,,4.0,4.0,0.0,
230366,,,,,,,,40.0,,27.0,,,,,,1.0,4.0,,,,,,,1.0,,
230384,,,,,,,,40.0,,17.0,,,,,,7.0,1.0,1.0,,,,,,13.0,,
230418,,,,,,,,66.0,,16.0,,,,,,10.0,19.0,8.0,2.0,,,1.0,2.0,3.0,,
230490,,,,,,,,175.0,,96.0,,,,,,24.0,4.0,7.0,6.0,,,19.0,,19.0,,
230597,,,,,,,,411.0,,173.0,,,,,,29.0,11.0,14.0,33.0,,,48.0,,41.0,,
230603,,,,,,,,777.0,,343.0,,,,,,62.0,52.0,23.0,76.0,5.0,,28.0,,47.0,28.0,
230621,,,,,,,,34.0,,12.0,,,,,,2.0,4.0,1.0,,,,,6.0,,,
230630,,,,,,,,29.0,,12.0,,,,,,2.0,3.0,0.0,,,,,5.0,1.0,,
230676,,,,,,,,98.0,,66.0,,,,,,7.0,4.0,2.0,,,,,,7.0,7.0,
230728,,,,,,,,3183.0,,910.0,30.0,65.0,,,,294.0,215.0,344.0,268.0,34.0,,177.0,4.0,546.0,153.0,23.0
230737,,,,,,,,2475.0,,922.0,,73.0,,,,395.0,61.0,170.0,92.0,8.0,,140.0,7.0,245.0,60.0,22.0
230746,,,,,,,,1950.0,,763.0,,,,,,129.0,57.0,110.0,207.0,6.0,,136.0,23.0,331.0,61.0,4.0
230764,,,,,,,,11473.0,,1716.0,1752.0,568.0,,,,319.0,2047.0,919.0,611.0,958.0,,652.0,49.0,1402.0,308.0,34.0
230782,,,,,,,,1617.0,,696.0,,,,,,118.0,39.0,90.0,61.0,5.0,,114.0,8.0,327.0,38.0,9.0
230807,,,,,,,,488.0,,244.0,,,,,,41.0,31.0,23.0,25.0,5.0,,19.0,18.0,50.0,7.0,11.0
230816,,,,,,,,284.0,,74.0,,,,,,30.0,9.0,7.0,23.0,,,53.0,,44.0,14.0,1.0
230825,,,,,,,,46.0,,27.0,,,,,,1.0,3.0,1.0,3.0,,,,,5.0,2.0,
230834,,,,,,,,334.0,,144.0,,,,,,45.0,3.0,6.0,21.0,4.0,,41.0,,34.0,13.0,
230852,,,,,,,,485.0,,213.0,,,,,,75.0,33.0,25.0,48.0,2.0,,12.0,1.0,49.0,10.0,
230861,,,,,,,,372.0,,203.0,,,,,,84.0,3.0,6.0,6.0,,,1.0,,44.0,,
230889,,,,,,,,92.0,,41.0,,,,,,19.0,3.0,1.0,6.0,,,6.0,,3.0,,
230898,,,,,,,,120.0,,50.0,,,,,,16.0,,0.0,10.0,1.0,,9.0,,15.0,0.0,1.0
230913,,,,,,,,199.0,,84.0,,,,,,23.0,2.0,6.0,10.0,3.0,,19.0,,21.0,10.0,0.0
230931,,,,,,,,194.0,,75.0,,,,,,27.0,5.0,5.0,7.0,2.0,,26.0,,21.0,6.0,
230940,,,,,,,,125.0,,46.0,,,,,,30.0,1.0,3.0,12.0,2.0,,6.0,,18.0,1.0,3.0
230959,,,,,,,,1152.0,,318.0,0.0,0.0,,,,107.0,89.0,65.0,41.0,7.0,,214.0,3.0,174.0,54.0,20.0
230977,,,,,,,,82.0,,20.0,,,,,,14.0,13.0,2.0,,,,27.0,,,,
230995,,,,,,,,622.0,,223.0,,,,,,59.0,23.0,31.0,53.0,3.0,,76.0,2.0,90.0,11.0,4.0
231004,,,,,,,,25.0,,19.0,,,,,,2.0,2.0,,,,,,,2.0,,
231059,,,,,,,,434.0,,147.0,,,,,,44.0,22.0,20.0,35.0,4.0,,64.0,2.0,46.0,16.0,4.0
231068,,,,,,,,167.0,,21.0,,,,,,31.0,25.0,20.0,1.0,,,,,29.0,,
231077,,,,,,,,62.0,,24.0,,,,,,4.0,4.0,1.0,2.0,,,2.0,,5.0,3.0,
231086,,,,,,,,109.0,,31.0,,,,,,14.0,5.0,3.0,18.0,,,6.0,1.0,6.0,8.0,3.0
231095,,,,,,,,45.0,,17.0,,,,,,6.0,,1.0,2.0,0.0,,9.0,,3.0,,
231147,,,,,,,,134.0,,59.0,,,,,,16.0,17.0,6.0,3.0,,,3.0,,23.0,1.0,
231156,,,,,,,,29.0,,,,,,,,11.0,4.0,10.0,3.0,,,,,1.0,,
231165,,,,,,,,275.0,,108.0,,,,,,66.0,6.0,12.0,19.0,,,20.0,,18.0,7.0,
231174,,,,,,,,3615.0,,1217.0,169.0,21.0,,,,98.0,232.0,399.0,126.0,35.0,,266.0,9.0,565.0,116.0,16.0
231280,,,,,,,,7.0,,3.0,,,,,,1.0,1.0,,,,,,1.0,1.0,,
231411,,,,,,,,86.0,,40.0,,,,,,6.0,,1.0,,,,5.0,,4.0,,
231420,,,,,,,,213.0,,67.0,,,,,,22.0,16.0,13.0,29.0,2.0,,2.0,,33.0,,
231536,,,,,,,,280.0,,133.0,,,,,,41.0,7.0,22.0,10.0,,,1.0,,29.0,6.0,
231554,,,,,,,,141.0,,56.0,,,,,,7.0,6.0,5.0,22.0,,,2.0,,6.0,,
231581,,,,,,,,365.0,,128.0,,,,,,31.0,10.0,20.0,42.0,7.0,,48.0,,35.0,13.0,2.0
231624,,,,,,,,2482.0,,719.0,46.0,,,,,316.0,129.0,331.0,135.0,33.0,,232.0,1.0,300.0,95.0,18.0
231651,,,,,,,,618.0,,150.0,,,,,,37.0,51.0,28.0,131.0,,,19.0,,36.0,9.0,
231688,,,,,,,,8.0,,4.0,,,,,,2.0,1.0,,,,,,,1.0,,
231697,,,,,,,,242.0,,125.0,,,,,,27.0,8.0,7.0,6.0,1.0,,9.0,,36.0,11.0,
231712,,,,,,,,1034.0,,332.0,,,,,,88.0,49.0,42.0,77.0,5.0,,202.0,3.0,131.0,53.0,7.0
231721,,,,,,,,8.0,,3.0,,,,,,,1.0,,,,,,,1.0,,
231785,,,,,,,,68.0,,26.0,,,,,,7.0,1.0,2.0,19.0,,,2.0,2.0,6.0,,
231828,,,,,,,,74.0,,29.0,,,,,,5.0,2.0,1.0,17.0,,,2.0,,11.0,,
231837,,,,,,,,180.0,,109.0,,,,,,8.0,5.0,1.0,6.0,,,3.0,3.0,31.0,,
231873,,,,,,,,96.0,,36.0,,,,,,27.0,3.0,3.0,1.0,,,1.0,,13.0,3.0,
231882,,,,,,,,224.0,,103.0,,,,,,45.0,6.0,6.0,1.0,2.0,,2.0,1.0,39.0,4.0,
231970,,,,,,,,1221.0,,240.0,73.0,50.0,,,,155.0,74.0,41.0,15.0,144.0,,66.0,,281.0,13.0,4.0
232016,,,,,,,,41.0,,15.0,,,,,,9.0,,,,,,,,17.0,,
232025,,,,,,,,333.0,,106.0,,,,,,26.0,4.0,8.0,56.0,4.0,,54.0,3.0,33.0,17.0,4.0
232043,,,,,,,,394.0,,146.0,2.0,,,,,29.0,38.0,21.0,18.0,5.0,,25.0,14.0,70.0,7.0,
232052,,,,,,,,86.0,,27.0,,,,,,20.0,5.0,2.0,1.0,,,3.0,1.0,10.0,5.0,
232089,,,,,,,,348.0,,84.0,,,,,,34.0,11.0,9.0,39.0,5.0,,90.0,,27.0,9.0,4.0
232186,,,,,,,,4316.0,,1648.0,185.0,,,,,270.0,486.0,367.0,227.0,37.0,,190.0,8.0,412.0,204.0,12.0
232195,,,,,,,,368.0,,165.0,,,,,,59.0,16.0,16.0,14.0,1.0,,16.0,,41.0,10.0,
232256,,,,,,,,354.0,,106.0,,,,,,53.0,2.0,13.0,29.0,1.0,,66.0,,52.0,22.0,
232265,,,,,,,,1103.0,,336.0,,,,,,127.0,45.0,32.0,22.0,22.0,,54.0,,176.0,200.0,10.0
232308,,,,,,,,285.0,,103.0,,,,,,41.0,11.0,9.0,5.0,1.0,,41.0,6.0,32.0,16.0,
232414,,,,,,,,723.0,,306.0,,,,,,107.0,23.0,27.0,9.0,,,49.0,,94.0,19.0,2.0
232423,,,,,,,,3177.0,,1143.0,,,,,,316.0,131.0,225.0,235.0,35.0,,348.0,4.0,429.0,150.0,65.0
232450,,,,,,,,438.0,,219.0,,,,,,61.0,13.0,12.0,4.0,,,32.0,2.0,44.0,14.0,
232502,,,,,,,,28.0,,10.0,,,,,,6.0,,1.0,,,,,,11.0,,
232557,,,,,,,,5651.0,,2098.0,,,,,,213.0,363.0,364.0,648.0,9.0,,497.0,6.0,177.0,14.0,92.0
232566,,,,,,,,797.0,,274.0,,,,,,102.0,51.0,46.0,73.0,6.0,,32.0,5.0,118.0,54.0,10.0
232575,,,,,,,,346.0,,160.0,,,,,,65.0,14.0,19.0,3.0,,,8.0,,37.0,15.0,1.0
232609,,,,,,,,558.0,,189.0,,,,,,35.0,26.0,16.0,45.0,3.0,,107.0,3.0,58.0,,5.0
232618,,,,,,,,22.0,,19.0,,,,,,1.0,1.0,,,,,,,,,
232672,,,,,,,,366.0,,161.0,,,,,,30.0,32.0,10.0,32.0,1.0,,52.0,,23.0,8.0,
232681,,,,,,,,795.0,,291.0,,,,,,69.0,62.0,55.0,48.0,5.0,,65.0,2.0,95.0,40.0,7.0
232706,,,,,,,,542.0,,237.0,,,,,,51.0,24.0,21.0,50.0,5.0,,26.0,,58.0,11.0,11.0
232724,,,,,,,,5.0,,3.0,,,,,,1.0,,,,,,,,,,
232788,,,,,,,,168.0,,68.0,,,,,,32.0,5.0,7.0,1.0,,,9.0,1.0,27.0,5.0,1.0
232797,,,,,,,,175.0,,90.0,,,,,,11.0,,,,,,,26.0,45.0,,
232867,,,,,,,,191.0,,91.0,,,,,,35.0,2.0,11.0,8.0,,,,,29.0,6.0,
232885,,,,,,,,70.0,,44.0,,,,,,6.0,3.0,2.0,4.0,0.0,,0.0,,4.0,,
232919,,,,,,,,49.0,,28.0,,,,,,7.0,,,,,,,,14.0,,
232937,,,,,,,,862.0,,289.0,,,,,,86.0,59.0,35.0,17.0,2.0,,103.0,3.0,149.0,39.0,6.0
232946,,,,,,,,2636.0,,1295.0,,,,,,447.0,95.0,42.0,42.0,,,51.0,3.0,340.0,57.0,4.0
232982,,,,,,,,2704.0,,1007.0,24.0,,,,,135.0,242.0,204.0,217.0,24.0,,259.0,1.0,372.0,72.0,19.0
233019,,,,,,,,243.0,,82.0,,,,,,64.0,18.0,6.0,5.0,,,4.0,,26.0,6.0,2.0
233037,,,,,,,,116.0,,46.0,,,,,,24.0,1.0,5.0,3.0,,,7.0,,18.0,6.0,
233082,,,,,,,,29.0,,16.0,,,,,,6.0,1.0,,,,,,,1.0,,
233091,,,,,,,,36.0,,20.0,,,,,,5.0,1.0,,,1.0,,,3.0,5.0,,
233116,,,,,,,,274.0,,142.0,,,,,,48.0,3.0,10.0,7.0,,,6.0,,29.0,7.0,
233277,,,,,,,,1393.0,,528.0,,,,,,77.0,113.0,78.0,97.0,7.0,,140.0,3.0,189.0,51.0,10.0
233286,,,,,,,,14.0,,7.0,,,,,,2.0,2.0,,,,,,2.0,1.0,,
233295,,,,,,,,375.0,,123.0,1.0,,,,,33.0,26.0,15.0,45.0,4.0,,55.0,,29.0,9.0,
233301,,,,,,,,265.0,,68.0,,,,,,32.0,14.0,14.0,36.0,3.0,,39.0,,27.0,9.0,4.0
233310,,,,,,,,171.0,,72.0,,,,,,30.0,8.0,5.0,1.0,,,6.0,,24.0,7.0,
233329,,,,,,,,33.0,,17.0,,,,,,7.0,,,,,,,4.0,2.0,,
233338,,,,,,,,114.0,,50.0,,,,,,7.0,2.0,6.0,8.0,,,20.0,1.0,7.0,,1.0
233356,,,,,,,,65.0,,39.0,,,,,,6.0,2.0,,1.0,,,,,8.0,,
233374,,,,,,,,1654.0,,471.0,1.0,,,,,159.0,99.0,76.0,98.0,13.0,,309.0,4.0,209.0,66.0,7.0
233408,,,,,,,,50.0,,27.0,,,,,,9.0,,2.0,,,,1.0,,2.0,,
233426,,,,,,,,453.0,,184.0,,,,,,34.0,21.0,15.0,34.0,3.0,,74.0,3.0,54.0,15.0,
233480,,,,,,,,7.0,,5.0,,,,,,1.0,,,,,,,,1.0,,
233541,,,,,,,,739.0,,316.0,,,,,,63.0,21.0,32.0,65.0,5.0,,59.0,,98.0,14.0,
233611,,,,,,,,138.0,,34.0,,,,,,12.0,12.0,5.0,26.0,4.0,,11.0,9.0,8.0,,
233639,,,,,,,,274.0,,114.0,,,,,,43.0,7.0,11.0,5.0,,,15.0,,41.0,7.0,
233648,,,,,,,,217.0,,74.0,,,,,,36.0,32.0,8.0,2.0,1.0,,10.0,,39.0,6.0,
233657,,,,,,,,11.0,,3.0,,,,,,2.0,1.0,,,,,2.0,,1.0,,
233666,,,,,,,,7.0,,2.0,,,,,,2.0,1.0,,,,,,,1.0,,
233684,,,,,,,,227.0,,121.0,,,,,,19.0,,3.0,,,,,38.0,13.0,,
233718,,,,,,,,223.0,,62.0,,,,,,21.0,5.0,10.0,12.0,1.0,,57.0,1.0,32.0,7.0,
233754,,,,,,,,564.0,,242.0,,,,,,75.0,21.0,18.0,20.0,2.0,,26.0,,75.0,22.0,1.0
233772,,,,,,,,1563.0,,687.0,,,,,,246.0,44.0,65.0,42.0,0.0,,89.0,,198.0,56.0,9.0
233842,,,,,,,,90.0,,25.0,,,,,,6.0,11.0,3.0,,,,7.0,,11.0,,
233897,,,,,,,,359.0,,132.0,1.0,1.0,,,,48.0,16.0,10.0,41.0,2.0,,32.0,2.0,49.0,18.0,1.0
233903,,,,,,,,159.0,,72.0,,,,,,26.0,3.0,5.0,2.0,,,9.0,,19.0,5.0,
233921,,,,,,,,7593.0,,1809.0,817.0,317.0,,,,135.0,818.0,788.0,285.0,121.0,,604.0,,1283.0,380.0,65.0
233949,,,,,,,,370.0,,174.0,,,,,,60.0,19.0,24.0,11.0,1.0,,10.0,,32.0,9.0,2.0
234030,,,,,,,,6271.0,,2352.0,326.0,,,,,408.0,460.0,694.0,261.0,121.0,,170.0,12.0,733.0,151.0,31.0
234076,,,,,,,,8491.0,,2180.0,330.0,5.0,,,,877.0,526.0,1339.0,367.0,123.0,,600.0,47.0,1130.0,601.0,122.0
234085,,,,,,,,584.0,,147.0,,,,,,55.0,23.0,33.0,57.0,11.0,,58.0,8.0,85.0,39.0,40.0
234119,,,,,,,,4.0,,2.0,,,,,,2.0,,,,,,,,,,
234137,,,,,,,,62.0,,7.0,,,,,,17.0,3.0,5.0,9.0,,,5.0,,2.0,,
234155,,,,,,,,858.0,,348.0,16.0,1.0,,,,115.0,55.0,38.0,33.0,5.0,,32.0,,144.0,24.0,5.0
234164,,,,,,,,309.0,,100.0,,,,,,41.0,21.0,7.0,20.0,1.0,,40.0,2.0,34.0,6.0,
234173,,,,,,,,316.0,,104.0,,,,,,30.0,1.0,10.0,45.0,0.0,,52.0,6.0,39.0,10.0,
234191,,,,,,,,13.0,,7.0,,,,,,1.0,3.0,,,,,,,1.0,1.0,
234207,,,,,,,,901.0,,277.0,,,,,,76.0,53.0,48.0,64.0,8.0,,154.0,10.0,114.0,42.0,
234225,,,,,,,,8.0,,6.0,,,,,,1.0,,,,,,,,1.0,,
234359,,,,,,,,24.0,,19.0,,,,,,3.0,,,,,,,,1.0,,
234377,,,,,,,,154.0,,72.0,,,,,,33.0,4.0,5.0,,1.0,,3.0,,22.0,3.0,1.0
234401,,,,,,,,7.0,,4.0,,,,,,2.0,,,,,,,,1.0,,
234492,,,,,,,,101.0,,43.0,,,,,,12.0,,,1.0,,,,,40.0,,
234650,,,,,,,,10.0,,5.0,,,,,,1.0,1.0,,,,,,,3.0,,
234669,,,,,,,,847.0,,367.0,,,,,,178.0,,27.0,5.0,,,21.0,1.0,165.0,40.0,1.0
234696,,,,,,,,232.0,,85.0,,,,,,8.0,9.0,6.0,2.0,1.0,,21.0,,83.0,4.0,
234711,,,,,,,,214.0,,68.0,,,,,,27.0,10.0,10.0,5.0,,,20.0,2.0,32.0,8.0,1.0
234739,,,,,,,,18.0,,8.0,,,,,,5.0,,,,,,,,5.0,,
234784,,,,,,,,22.0,,6.0,,,,,,7.0,1.0,,,,,,,8.0,,
234827,,,,,,,,1439.0,,544.0,1.0,,,,,89.0,100.0,97.0,97.0,18.0,,137.0,2.0,234.0,54.0,
234845,,,,,,,,244.0,,86.0,,,,,,46.0,10.0,6.0,19.0,,,16.0,2.0,40.0,6.0,0.0
234915,,,,,,,,383.0,,236.0,,,,,,43.0,9.0,11.0,2.0,,,,,38.0,2.0,
234924,,,,,,,,15.0,,9.0,,,,,,1.0,,,,,,,2.0,3.0,,
234933,,,,,,,,703.0,,317.0,,,,,,56.0,25.0,34.0,15.0,3.0,,11.0,4.0,158.0,43.0,
234951,,,,,,,,273.0,,106.0,,,,,,10.0,31.0,9.0,5.0,2.0,,12.0,4.0,30.0,32.0,2.0
234979,,,,,,,,419.0,,188.0,,,,,,44.0,11.0,12.0,5.0,,,16.0,2.0,106.0,28.0,
235024,,,,,,,,207.0,,98.0,,,,,,36.0,2.0,8.0,16.0,,,13.0,,20.0,4.0,
235088,,,,,,,,40.0,,16.0,,,,,,4.0,4.0,,,,,,3.0,1.0,4.0,
235097,,,,,,,,1462.0,,568.0,,,,,,144.0,50.0,77.0,89.0,8.0,,157.0,10.0,167.0,70.0,17.0
235103,,,,,,,,653.0,,229.0,,,,,,63.0,12.0,28.0,49.0,0.0,,2.0,,206.0,40.0,1.0
235149,,,,,,,,554.0,,231.0,,,,,,70.0,18.0,20.0,15.0,,,29.0,1.0,77.0,11.0,
235158,,,,,,,,15.0,,6.0,,,,,,4.0,1.0,,,,,1.0,1.0,2.0,,
235167,,,,,,,,661.0,,179.0,,,,,,67.0,47.0,65.0,65.0,5.0,,63.0,,87.0,24.0,3.0
235237,,,,,,,,318.0,,79.0,,,,,,37.0,38.0,17.0,8.0,,,26.0,,93.0,7.0,1.0
235307,,,,,,,,15.0,,8.0,,,,,,1.0,2.0,,,,,,,3.0,1.0,
235316,,,,,,,,1350.0,,532.0,,,,,,233.0,85.0,33.0,82.0,6.0,,114.0,,201.0,40.0,8.0
235334,,,,,,,,186.0,,82.0,,,,,,23.0,8.0,7.0,,,,8.0,,37.0,11.0,
235343,,,,,,,,601.0,,253.0,,,,,,145.0,18.0,17.0,5.0,,,37.0,5.0,101.0,,
235352,,,,,,,,9.0,,5.0,,,,,,1.0,1.0,,,,,,,2.0,,
235422,,,,,,,,256.0,,118.0,,,,,,23.0,,12.0,,,,24.0,,77.0,,
235431,,,,,,,,553.0,,215.0,,,,,,89.0,7.0,31.0,64.0,,,43.0,1.0,71.0,4.0,
235501,,,,,,,,52.0,,23.0,,,,,,10.0,3.0,,,,,1.0,9.0,4.0,,0.0
235510,,,,,,,,41.0,,16.0,,,,,,6.0,2.0,1.0,,,,,,13.0,,
235529,,,,,,,,33.0,,17.0,,,,,,5.0,,1.0,,,,,,9.0,,
235547,,,,,,,,308.0,,98.0,7.0,2.0,,,,26.0,20.0,15.0,4.0,13.0,,41.0,2.0,61.0,5.0,2.0
235583,,,,,,,,34.0,,16.0,,,,,,3.0,1.0,,,,,2.0,,1.0,,
235671,,,,,,,,304.0,,122.0,,,,,,48.0,9.0,1.0,,0.0,,49.0,,61.0,,
235699,,,,,,,,303.0,,135.0,,,,,,36.0,14.0,6.0,22.0,1.0,,27.0,,35.0,6.0,
235750,,,,,,,,318.0,,103.0,,,,,,39.0,16.0,9.0,2.0,1.0,,5.0,,50.0,17.0,
235769,,,,,,,,34.0,,9.0,,,,,,5.0,4.0,1.0,5.0,,,3.0,,2.0,,
235954,,,,,,,,3.0,,2.0,,,,,,1.0,,,,,,,,,,
236018,,,,,,,,13.0,,7.0,,,,,,5.0,,,,,,,,,,
236072,,,,,,,,394.0,,174.0,,,,,,55.0,5.0,7.0,,1.0,,35.0,1.0,71.0,2.0,4.0
236133,,,,,,,,272.0,,119.0,,,,,,20.0,17.0,10.0,19.0,1.0,,,22.0,47.0,0.0,
236188,,,,,,,,434.0,,188.0,,,,,,38.0,17.0,15.0,4.0,3.0,,25.0,8.0,74.0,24.0,
236212,,,,,,,,104.0,,44.0,,,,,,17.0,4.0,4.0,,,,4.0,,11.0,3.0,
236230,,,,,,,,741.0,,272.0,,,,,,130.0,18.0,27.0,77.0,3.0,,74.0,7.0,100.0,10.0,8.0
236258,,,,,,,,196.0,,76.0,,,,,,38.0,5.0,10.0,1.0,2.0,,8.0,1.0,49.0,1.0,
236328,,,,,,,,693.0,,266.0,2.0,,,,,54.0,29.0,46.0,59.0,8.0,,80.0,2.0,80.0,16.0,1.0
236382,,,,,,,,295.0,,129.0,,,,,,41.0,18.0,9.0,8.0,1.0,,46.0,,28.0,,
236452,,,,,,,,274.0,,118.0,,,,,,35.0,12.0,8.0,29.0,2.0,,23.0,,24.0,,
236504,,,,,,,,387.0,,153.0,,,,,,66.0,4.0,11.0,1.0,1.0,,30.0,3.0,81.0,4.0,3.0
236513,,,,,,,,672.0,,270.0,,,,,,105.0,38.0,36.0,5.0,7.0,,49.0,2.0,123.0,1.0,6.0
236531,,,,,,,,12.0,,4.0,,,,,,3.0,,,,,,,,5.0,,
236577,,,,,,,,670.0,,263.0,,,,,,53.0,17.0,34.0,,2.0,,40.0,,245.0,,
236595,,,,,,,,1318.0,,590.0,,,,,,80.0,119.0,44.0,154.0,7.0,,72.0,,130.0,33.0,
236610,,,,,,,,452.0,,210.0,,,,,,55.0,13.0,15.0,3.0,1.0,,19.0,4.0,75.0,23.0,3.0
236638,,,,,,,,416.0,,157.0,,,,,,51.0,8.0,14.0,5.0,1.0,,23.0,3.0,72.0,8.0,
236656,,,,,,,,345.0,,142.0,,,,,,72.0,12.0,14.0,2.0,,,6.0,,51.0,26.0,
236692,,,,,,,,732.0,,393.0,,,,,,43.0,7.0,32.0,24.0,,,56.0,1.0,60.0,36.0,
236708,,,,,,,,433.0,,200.0,,,,,,17.0,5.0,11.0,17.0,,,62.0,4.0,34.0,35.0,
236744,,,,,,,,9.0,,3.0,,,,,,1.0,1.0,,,,,,,2.0,1.0,
236753,,,,,,,,645.0,,292.0,,,,,,70.0,13.0,21.0,40.0,2.0,,37.0,5.0,140.0,15.0,3.0
236887,,,,,,,,399.0,,183.0,,,,,,22.0,8.0,13.0,21.0,,,14.0,2.0,93.0,7.0,
236896,,,,,,,,265.0,,117.0,,,,,,37.0,15.0,11.0,5.0,1.0,,13.0,,49.0,9.0,
236939,,,,,,,,6173.0,,1547.0,317.0,65.0,,,,390.0,706.0,824.0,476.0,181.0,,428.0,9.0,519.0,267.0,64.0
236948,,,,,,,,15165.0,,3899.0,2626.0,,,,,667.0,2272.0,797.0,347.0,1301.0,,858.0,5.0,1033.0,338.0,103.0
236975,,,,,,,,266.0,,126.0,,,,,,22.0,7.0,13.0,22.0,,,1.0,2.0,41.0,23.0,
236993,,,,,,,,24.0,,7.0,,,,,,6.0,1.0,1.0,,,,,,9.0,,
237011,,,,,,,,1825.0,,708.0,,,,,,79.0,173.0,150.0,83.0,33.0,,120.0,3.0,296.0,81.0,18.0
237039,,,,,,,,284.0,,126.0,,,,,,28.0,4.0,8.0,2.0,,,32.0,5.0,54.0,8.0,
237057,,,,,,,,490.0,,194.0,7.0,,,,,43.0,17.0,25.0,31.0,4.0,,50.0,1.0,68.0,15.0,2.0
237066,,,,,,,,561.0,,238.0,,,,,,52.0,31.0,23.0,42.0,4.0,,66.0,1.0,54.0,8.0,4.0
237109,,,,,,,,410.0,,168.0,,14.0,,,,11.0,28.0,16.0,11.0,,,29.0,5.0,65.0,8.0,
237118,,,,,,,,208.0,,70.0,,,,,,15.0,8.0,5.0,30.0,3.0,,31.0,,37.0,,
237127,,,,,,,,2.0,,2.0,,,,,,,,,,,,,,0.0,,
237136,,,,,,,,54.0,,15.0,,,,,,6.0,2.0,3.0,1.0,0.0,,,,18.0,4.0,
237145,,,,,,,,4.0,,3.0,,,,,,,,,,,,,,1.0,,
237172,,,,,,,,54.0,,20.0,,,,,,,,2.0,,20.0,,,,3.0,1.0,1.0
237181,,,,,,,,186.0,,57.0,,,,,,7.0,13.0,4.0,22.0,2.0,,29.0,0.0,20.0,17.0,2.0
237215,,,,,,,,206.0,,94.0,,,,,,28.0,5.0,5.0,16.0,1.0,,14.0,,30.0,6.0,
237242,,,,,,,,59.0,,10.0,,,,,,,2.0,,12.0,2.0,,3.0,,3.0,,
237303,,,,,,,,12.0,,7.0,,,,,,1.0,0.0,,,,,,1.0,2.0,1.0,
237312,,,,,,,,395.0,,142.0,,,,,,41.0,5.0,15.0,42.0,,,68.0,4.0,34.0,,0.0
237321,,,,,,,,6.0,,2.0,,,,,,3.0,1.0,,,,,,,,,
237330,,,,,,,,287.0,,136.0,,,,,,21.0,10.0,11.0,26.0,,,14.0,,53.0,13.0,
237358,,,,,,,,212.0,,64.0,1.0,,,,,12.0,8.0,6.0,22.0,4.0,,39.0,7.0,22.0,7.0,
237367,,,,,,,,473.0,,204.0,,,,,,68.0,17.0,26.0,38.0,3.0,,34.0,,59.0,10.0,
237385,,,,,,,,220.0,,75.0,,,,,,19.0,13.0,8.0,25.0,2.0,,22.0,,14.0,10.0,2.0
237437,,,,,,,,38.0,,20.0,,1.0,,,,4.0,2.0,1.0,,,,3.0,,6.0,,
237473,,,,,,,,18.0,,13.0,,,,,,1.0,,,,,,3.0,,,,
237491,,,,,,,,19.0,,13.0,,,,,,2.0,,,,,,,,2.0,,
237525,,,,,,,,1797.0,,864.0,0.0,1.0,,,,68.0,74.0,93.0,140.0,2.0,,133.0,,219.0,74.0,2.0
237543,,,,,,,,17.0,,8.0,,,,,,1.0,,,,,,2.0,,2.0,,
237552,,,,,,,,33.0,,12.0,,,,,,2.0,3.0,1.0,,,,7.0,3.0,1.0,4.0,
237561,,,,,,,,31.0,,18.0,,,,,,4.0,1.0,,,,,3.0,,4.0,,
237570,,,,,,,,14.0,,8.0,,,,,,1.0,,1.0,,,,1.0,,2.0,1.0,
237598,,,,,,,,35.0,,10.0,,,,,,3.0,2.0,1.0,1.0,1.0,,8.0,1.0,1.0,,
237613,,,,,,,,14.0,,6.0,,,,,,1.0,1.0,,,,,1.0,,5.0,,
237640,,,,,,,,100.0,,38.0,,,,,,6.0,3.0,2.0,14.0,,,4.0,6.0,5.0,,
237686,,,,,,,,259.0,,123.0,,,,,,34.0,1.0,9.0,12.0,,,26.0,,36.0,8.0,1.0
237701,,,,,,,,168.0,,60.0,,,,,,16.0,1.0,5.0,15.0,2.0,,28.0,,18.0,16.0,1.0
237729,,,,,,,,10.0,,9.0,,,,,,1.0,,,,,,,,,,
237783,,,,,,,,133.0,,29.0,,7.0,,,,12.0,9.0,3.0,21.0,1.0,,16.0,18.0,6.0,,
237792,,,,,,,,500.0,,196.0,,1.0,,,,53.0,22.0,14.0,27.0,7.0,,74.0,1.0,63.0,14.0,
237817,,,,,,,,204.0,,104.0,,,,,,18.0,11.0,7.0,15.0,,,4.0,,33.0,7.0,
237844,,,,,,,,40.0,,19.0,,,,,,,,1.0,,8.0,,8.0,,4.0,,
237880,,,,,,,,257.0,,63.0,,0.0,,,,33.0,13.0,20.0,18.0,2.0,,25.0,,67.0,9.0,
237899,,,,,,,,316.0,,144.0,,,,,,46.0,12.0,3.0,21.0,2.0,,13.0,,48.0,15.0,
237905,,,,,,,,8.0,,7.0,,,,,,1.0,,,,,,,,,,
237932,,,,,,,,319.0,,156.0,,,,,,40.0,4.0,2.0,45.0,3.0,,12.0,,34.0,9.0,
237950,,,,,,,,249.0,,92.0,,,,,,25.0,3.0,8.0,25.0,1.0,,48.0,,31.0,10.0,1.0
237969,,,,,,,,324.0,,108.0,,,,,,31.0,10.0,12.0,50.0,5.0,,38.0,2.0,26.0,14.0,2.0
237978,,,,,,,,24.0,,8.0,,,,,,4.0,3.0,,,,,,1.0,7.0,,
237987,,,,,,,,15.0,,5.0,,,,,,3.0,1.0,,,,,,4.0,1.0,,
237996,,,,,,,,35.0,,17.0,,,,,,5.0,2.0,0.0,,,,,7.0,4.0,,
238005,,,,,,,,8.0,,5.0,,,,,,,1.0,,,,,,,1.0,,
238014,,,,,,,,154.0,,74.0,,,,,,14.0,5.0,7.0,8.0,,,11.0,,19.0,4.0,
238032,,,,,,,,6031.0,,2106.0,92.0,163.0,,,,651.0,210.0,433.0,396.0,90.0,,659.0,,758.0,327.0,34.0
238078,,,,,,,,304.0,,122.0,1.0,4.0,,,,21.0,26.0,9.0,19.0,4.0,,36.0,,26.0,,4.0
238096,,,,,,,,5.0,,4.0,,,,,,,,,,,,,,1.0,,
238166,,,,,,,,14.0,,6.0,,,,,,1.0,,,1.0,,,,,6.0,,
238175,,,,,,,,22.0,,10.0,,,,,,,1.0,,2.0,,,2.0,,7.0,,
238193,,,,,,,,377.0,,146.0,,,,,,72.0,10.0,20.0,33.0,1.0,,13.0,1.0,38.0,4.0,5.0
238263,,,,,,,,1338.0,,794.0,,,,,,89.0,44.0,52.0,74.0,,,75.0,,159.0,,
238324,,,,,,,,62.0,,25.0,,,,,,9.0,1.0,4.0,4.0,,,3.0,,6.0,1.0,
238333,,,,,,,,355.0,,119.0,,,,,,50.0,34.0,13.0,23.0,1.0,,39.0,,51.0,13.0,
238397,,,,,,,,342.0,,164.0,,,,,,48.0,14.0,13.0,6.0,,,6.0,,58.0,6.0,7.0
238430,,,,,,,,411.0,,229.0,,,,,,51.0,10.0,12.0,15.0,1.0,,13.0,,70.0,,
238458,,,,,,,,485.0,,214.0,,,,,,46.0,17.0,15.0,44.0,2.0,,52.0,,45.0,7.0,
238476,,,,,,,,449.0,,214.0,1.0,,,,,51.0,10.0,14.0,66.0,3.0,,34.0,5.0,26.0,8.0,2.0
238573,,,,,,,,32.0,,22.0,,,,,,2.0,1.0,,,,,,,2.0,,
238616,,,,,,,,795.0,,430.0,,,,,,96.0,22.0,15.0,42.0,6.0,,37.0,30.0,96.0,7.0,
238661,,,,,,,,447.0,,209.0,,,,,,37.0,22.0,20.0,46.0,4.0,,40.0,,29.0,,
238722,,,,,,,,978.0,,513.0,,,,,,105.0,27.0,73.0,13.0,,,31.0,,143.0,,7.0
238759,,,,,,,,592.0,,243.0,,,,,,53.0,25.0,45.0,55.0,2.0,,36.0,,89.0,8.0,1.0
238786,,,,,,,,11.0,,4.0,,,,,,1.0,1.0,,,,,,1.0,3.0,0.0,
238810,,,,,,,,6.0,,4.0,,,,,,0.0,0.0,,,,,,,1.0,,
238892,,,,,,,,48.0,,19.0,,,,,,8.0,1.0,1.0,,,,,,17.0,,
238980,,,,,,,,327.0,,134.0,1.0,,,,,34.0,13.0,10.0,30.0,1.0,,39.0,24.0,19.0,7.0,2.0
239008,,,,,,,,308.0,,131.0,,,,,,55.0,9.0,15.0,11.0,2.0,,10.0,,56.0,,
239017,,,,,,,,473.0,,178.0,,,,,,37.0,27.0,21.0,44.0,1.0,,59.0,,53.0,14.0,1.0
239071,,,,,,,,146.0,,53.0,1.0,,,,,24.0,,7.0,7.0,1.0,,10.0,,17.0,6.0,0.0
239080,,,,,,,,295.0,,140.0,,,,,,49.0,6.0,5.0,17.0,,,1.0,,34.0,,
239105,,,,,,,,2323.0,,804.0,28.0,18.0,,,,90.0,203.0,144.0,238.0,26.0,,320.0,3.0,304.0,50.0,10.0
239169,,,,,,,,4722.0,,1591.0,,,,,,425.0,509.0,504.0,6.0,585.0,,219.0,,852.0,16.0,
239220,,,,,,,,244.0,,113.0,,,,,,36.0,9.0,8.0,13.0,,,13.0,,41.0,,
239248,,,,,,,,1586.0,,750.0,,,,,,138.0,61.0,43.0,74.0,,,170.0,16.0,178.0,10.0,8.0
239309,,,,,,,,140.0,,63.0,,,,,,22.0,5.0,3.0,3.0,,,8.0,,9.0,1.0,
239318,,,,,,,,422.0,,177.0,,,,,,36.0,25.0,33.0,28.0,2.0,,41.0,1.0,28.0,12.0,1.0
239372,,,,,,,,429.0,,182.0,,,,,,59.0,13.0,9.0,12.0,,,19.0,3.0,99.0,5.0,1.0
239390,,,,,,,,245.0,,107.0,,,,,,25.0,19.0,11.0,14.0,,,15.0,,24.0,3.0,
239424,,,,,,,,30.0,,11.0,,,,,,1.0,2.0,,,,,,,9.0,2.0,
239442,,,,,,,,248.0,,85.0,,,,,,21.0,4.0,11.0,8.0,,,12.0,,32.0,3.0,1.0
239460,,,,,,,,378.0,,138.0,,,,,,35.0,40.0,9.0,20.0,,,17.0,3.0,52.0,5.0,
239488,,,,,,,,812.0,,352.0,,,,,,76.0,47.0,31.0,37.0,2.0,,8.0,14.0,181.0,14.0,2.0
239512,,,,,,,,147.0,,56.0,,,,,,21.0,15.0,9.0,17.0,3.0,,,,12.0,,
239628,,,,,,,,173.0,,67.0,,,,,,21.0,9.0,6.0,24.0,,,7.0,,16.0,2.0,
239637,,,,,,,,47.0,,12.0,,,,,,5.0,1.0,1.0,,,,5.0,2.0,6.0,,
239716,,,,,,,,572.0,,149.0,,,,,,61.0,52.0,20.0,48.0,7.0,,113.0,,68.0,12.0,5.0
239743,,,,,,,,86.0,,44.0,,,,,,13.0,3.0,2.0,10.0,,,2.0,,9.0,,
239877,,,,,,,,7.0,,5.0,,,,,,1.0,1.0,,,,,,,0.0,,
239910,,,,,,,,179.0,,89.0,1.0,2.0,,,,21.0,6.0,10.0,,1.0,,28.0,5.0,14.0,,
239929,,,,,,,,64.0,,29.0,,,,,,4.0,1.0,2.0,17.0,,,,1.0,4.0,,
240055,,,,,,,,794.0,,424.0,,,,,,77.0,39.0,27.0,72.0,,,44.0,,59.0,21.0,
240107,,,,,,,,374.0,,188.0,,,,,,31.0,13.0,9.0,30.0,,,21.0,,41.0,8.0,
240116,,,,,,,,531.0,,284.0,,9.0,,,,42.0,16.0,26.0,32.0,2.0,,20.0,2.0,75.0,10.0,
240125,,,,,,,,697.0,,394.0,,,,,,75.0,13.0,18.0,34.0,,,17.0,,97.0,16.0,
240170,,,,,,,,777.0,,424.0,,,,,,77.0,,8.0,,8.0,,17.0,,237.0,1.0,
240189,,,,,,,,1131.0,,511.0,,,,,,68.0,59.0,54.0,133.0,7.0,,115.0,,122.0,31.0,8.0
240198,,,,,,,,531.0,,258.0,,,,,,61.0,9.0,19.0,28.0,4.0,,26.0,5.0,85.0,,
240213,,,,,,,,17.0,,11.0,,,,,,3.0,,0.0,,,,,,3.0,,
240240,,,,,,,,18.0,,6.0,,,,,,4.0,1.0,,,,,,2.0,1.0,,
240268,,,,,,,,1036.0,,469.0,3.0,,,,,66.0,46.0,83.0,102.0,6.0,,89.0,,110.0,24.0,9.0
240277,,,,,,,,584.0,,213.0,1.0,,,,,45.0,36.0,42.0,88.0,2.0,,57.0,1.0,61.0,11.0,7.0
240329,,,,,,,,1134.0,,539.0,,,,,,68.0,63.0,51.0,94.0,11.0,,121.0,,113.0,26.0,6.0
240338,,,,,,,,165.0,,67.0,,,,,,36.0,10.0,7.0,17.0,0.0,,2.0,,6.0,,0.0
240365,,,,,,,,1234.0,,485.0,1.0,,,,,79.0,72.0,69.0,191.0,9.0,,103.0,2.0,142.0,30.0,10.0
240374,,,,,,,,459.0,,179.0,,,,,,37.0,31.0,22.0,57.0,3.0,,44.0,,56.0,10.0,8.0
240392,,,,,,,,421.0,,158.0,,,,,,25.0,21.0,16.0,,,,0.0,5.0,9.0,,
240417,,,,,,,,980.0,,388.0,1.0,,,,,65.0,60.0,62.0,102.0,9.0,,100.0,,117.0,25.0,12.0
240426,,,,,,,,355.0,,136.0,3.0,,,,,33.0,24.0,27.0,48.0,,,8.0,,42.0,9.0,7.0
240435,,,,,,,,270.0,,,,,,,,65.0,79.0,93.0,10.0,,,,,23.0,,
240444,,,,,,,,14498.0,,3746.0,1169.0,,,,,643.0,1136.0,2992.0,1042.0,519.0,,1176.0,10.0,1116.0,417.0,174.0
240453,,,,,,,,3145.0,,1244.0,101.0,,,,,204.0,277.0,283.0,361.0,22.0,,213.0,2.0,287.0,56.0,29.0
240462,,,,,,,,885.0,,355.0,1.0,,,,,69.0,54.0,62.0,72.0,4.0,,96.0,,114.0,18.0,9.0
240471,,,,,,,,607.0,,261.0,,,,,,51.0,36.0,37.0,60.0,1.0,,45.0,,65.0,20.0,8.0
240480,,,,,,,,1035.0,,393.0,4.0,,,,,69.0,68.0,77.0,104.0,18.0,,108.0,,111.0,31.0,13.0
240505,,,,,,,,453.0,,200.0,,,,,,42.0,7.0,12.0,17.0,2.0,,61.0,,78.0,11.0,1.0
240514,,,,,,,,291.0,,112.0,1.0,,,,,39.0,11.0,8.0,25.0,2.0,,35.0,1.0,22.0,,0.0
240596,,,,,,,,161.0,,64.0,1.0,5.0,,,,19.0,5.0,6.0,7.0,,,25.0,2.0,16.0,3.0,1.0
240620,,,,,,,,480.0,,193.0,1.0,,,,,41.0,10.0,9.0,21.0,1.0,,41.0,,49.0,15.0,2.0
240657,,,,,,,,211.0,,98.0,,,,,,13.0,6.0,8.0,10.0,1.0,,22.0,1.0,29.0,9.0,1.0
240666,,,,,,,,366.0,,147.0,,,,,,31.0,18.0,17.0,16.0,2.0,,45.0,,25.0,1.0,5.0
240693,,,,,,,,377.0,,165.0,,,,,,28.0,1.0,11.0,36.0,,,29.0,4.0,54.0,9.0,2.0
240709,,,,,,,,15.0,,9.0,,,,,,2.0,2.0,,,,,,,1.0,,
240718,,,,,,,,88.0,,38.0,,,,,,10.0,16.0,2.0,,,,9.0,,12.0,,
240727,,,,,,,,2974.0,,771.0,181.0,81.0,,,,120.0,205.0,208.0,232.0,133.0,,250.0,18.0,329.0,135.0,74.0
240736,,,,,,,,271.0,,61.0,6.0,3.0,,,,22.0,22.0,29.0,9.0,,,22.0,,26.0,32.0,
240745,,,,,,,,264.0,,76.0,,7.0,,,,34.0,24.0,9.0,,2.0,,,2.0,49.0,9.0,2.0
240754,,,,,,,,633.0,,186.0,25.0,17.0,,,,35.0,27.0,49.0,50.0,2.0,,22.0,2.0,111.0,38.0,1.0
240790,,,,,,,,157.0,,43.0,1.0,5.0,,,,28.0,,4.0,10.0,,,,2.0,46.0,2.0,
240879,,,,,,,,23.0,,5.0,,,,,,2.0,2.0,1.0,,,,2.0,4.0,2.0,3.0,
240985,,,,,,,,39.0,,9.0,,,,,,5.0,2.0,,1.0,,,0.0,4.0,3.0,3.0,
241100,,,,,,,,80.0,,27.0,,,,,,18.0,,5.0,0.0,,,,,25.0,,
241128,,,,,,,,55.0,,32.0,,,,,,2.0,,2.0,1.0,,,,,15.0,,
241146,,,,,,,,116.0,,41.0,,,,,,7.0,8.0,1.0,,,,7.0,22.0,18.0,2.0,2.0
241182,,,,,,,,54.0,,10.0,,,,,,7.0,1.0,1.0,4.0,,,8.0,6.0,2.0,2.0,1.0
241191,,,,,,,,149.0,,56.0,,,,,,31.0,5.0,3.0,,1.0,,12.0,,31.0,7.0,
241216,,,,,,,,103.0,,51.0,,,,,,3.0,,14.0,,,,2.0,,9.0,,
241225,,,,,,,,189.0,,69.0,,,,,,28.0,9.0,7.0,8.0,1.0,,9.0,4.0,29.0,1.0,2.0
241304,,,,,,,,120.0,,52.0,,,,,,25.0,1.0,3.0,11.0,,,,1.0,8.0,2.0,
241331,,,,,,,,183.0,,66.0,,,,,,46.0,6.0,7.0,,,,,4.0,39.0,10.0,1.0
241377,,,,,,,,220.0,,82.0,2.0,1.0,,,,34.0,12.0,13.0,10.0,2.0,,2.0,1.0,43.0,2.0,1.0
241386,,,,,,,,47.0,,30.0,,,,,,3.0,,1.0,1.0,1.0,,,1.0,5.0,,
241395,,,,,,,,85.0,,38.0,,,,,,13.0,,6.0,1.0,0.0,,4.0,1.0,14.0,1.0,1.0
241410,,,,,,,,830.0,,296.0,,9.0,,,,104.0,17.0,39.0,26.0,7.0,,65.0,5.0,192.0,26.0,4.0
241517,,,,,,,,91.0,,25.0,,,,,,22.0,17.0,,3.0,2.0,,4.0,4.0,11.0,,1.0
241614,,,,,,,,41.0,,21.0,,,,,,5.0,3.0,,2.0,,,1.0,,4.0,,
241720,,,,,,,,197.0,,68.0,,,,,,12.0,,10.0,5.0,,,22.0,,53.0,4.0,
241739,,,,,,,,993.0,,466.0,,,,,,133.0,1.0,19.0,3.0,2.0,,12.0,,298.0,10.0,1.0
241766,,,,,,,,135.0,,65.0,,,,,,14.0,7.0,,4.0,,,,,25.0,5.0,
241793,,,,,,,,27.0,,10.0,,,,,,4.0,1.0,0.0,0.0,,,,,4.0,4.0,
241836,,,,,,,,81.0,,21.0,,,,,,14.0,4.0,2.0,1.0,,,,4.0,11.0,6.0,
241906,,,,,,,,44.0,,23.0,,,,,,2.0,2.0,,,,,3.0,,12.0,2.0,
241951,,,,,,,,73.0,,35.0,1.0,,,,,8.0,2.0,1.0,1.0,,,3.0,,15.0,1.0,
242042,,,,,,,,62.0,,51.0,,,,,,1.0,,,1.0,,,,,4.0,2.0,
242060,,,,,,,,448.0,,1.0,4.0,,,,,141.0,41.0,47.0,30.0,1.0,,1.0,,178.0,2.0,2.0
242112,,,,,,,,133.0,,43.0,,,,,,25.0,3.0,5.0,3.0,0.0,,18.0,7.0,26.0,,
242121,,,,,,,,47.0,,17.0,,,,,,4.0,3.0,3.0,,,,,,3.0,2.0,
242130,,,,,,,,36.0,,17.0,,,,,,1.0,,1.0,1.0,,,,5.0,6.0,2.0,
242149,,,,,,,,40.0,,21.0,,,,,,2.0,,1.0,1.0,,,,3.0,7.0,1.0,
242316,,,,,,,,17.0,,4.0,,,,,,1.0,2.0,,1.0,,,,,7.0,,
242413,,,,,,,,33.0,,10.0,,,,,,3.0,2.0,0.0,0.0,,,5.0,4.0,6.0,,
242422,,,,,,,,895.0,,325.0,,,,,,156.0,26.0,16.0,114.0,,,14.0,97.0,123.0,6.0,1.0
242556,,,,,,,,73.0,,43.0,,,,,,15.0,1.0,,,,,5.0,,2.0,6.0,
242565,,,,,,,,70.0,,46.0,,,,,,1.0,,,,,,,,10.0,7.0,
242583,,,,,,,,77.0,,57.0,,,,,,0.0,,,,,,,,6.0,5.0,
242617,,,,,,,,456.0,,192.0,,6.0,,,,43.0,6.0,27.0,4.0,,,64.0,1.0,87.0,1.0,
242626,,,,,,,,310.0,,144.0,,3.0,,,,37.0,2.0,19.0,1.0,,,21.0,,47.0,,
242635,,,,,,,,340.0,,153.0,,7.0,,,,34.0,3.0,26.0,5.0,,,21.0,2.0,58.0,,
242644,,,,,,,,158.0,,69.0,2.0,2.0,,,,20.0,,17.0,1.0,,,19.0,,25.0,,
242653,,,,,,,,701.0,,370.0,3.0,8.0,,,,63.0,10.0,14.0,7.0,1.0,,28.0,2.0,115.0,5.0,
242662,,,,,,,,392.0,,175.0,,7.0,,,,38.0,5.0,27.0,7.0,,,27.0,1.0,61.0,1.0,
242671,,,,,,,,246.0,,,,10.0,,,,71.0,40.0,16.0,7.0,,,14.0,2.0,81.0,3.0,1.0
242680,,,,,,,,161.0,,67.0,,4.0,,,,23.0,2.0,9.0,2.0,,,14.0,,34.0,1.0,
242699,,,,,,,,169.0,,85.0,,1.0,,,,20.0,2.0,8.0,2.0,,,16.0,,28.0,2.0,
242705,,,,,,,,305.0,,165.0,1.0,,,,,32.0,3.0,18.0,3.0,,,11.0,2.0,52.0,6.0,3.0
242723,,,,,,,,130.0,,42.0,,8.0,,,,19.0,1.0,1.0,2.0,,,16.0,,23.0,3.0,
242750,,,,,,,,18.0,,10.0,,,,,,1.0,1.0,,,,,,,5.0,,
242820,,,,,,,,88.0,,22.0,,,,,,10.0,5.0,3.0,,,,8.0,11.0,22.0,,
242884,,,,,,,,244.0,,85.0,,,,,,14.0,8.0,3.0,4.0,,,49.0,,14.0,,
242945,,,,,,,,32.0,,9.0,,,,,,6.0,,1.0,,,,,1.0,10.0,2.0,
242954,,,,,,,,7.0,,3.0,,,,,,1.0,,,,,,1.0,,1.0,0.0,
242972,,,,,,,,417.0,,132.0,,,,,,67.0,11.0,7.0,38.0,1.0,,,58.0,79.0,2.0,
242981,,,,,,,,99.0,,44.0,,,,,,18.0,,3.0,5.0,1.0,,,7.0,18.0,0.0,
243072,,,,,,,,180.0,,95.0,,,,,,15.0,2.0,0.0,17.0,1.0,,,1.0,44.0,,
243081,,,,,,,,483.0,,217.0,44.0,,,,,21.0,11.0,13.0,3.0,23.0,,44.0,,81.0,8.0,1.0
243106,,,,,,,,341.0,,129.0,,,,,,15.0,16.0,25.0,,1.0,,13.0,,90.0,32.0,3.0
243115,,,,,,,,446.0,,187.0,,,,,,17.0,14.0,28.0,12.0,5.0,,39.0,,82.0,29.0,6.0
243133,,,,,,,,501.0,,224.0,,,,,,32.0,11.0,23.0,2.0,3.0,,56.0,,112.0,24.0,4.0
243142,,,,,,,,389.0,,141.0,3.0,,,,,32.0,18.0,30.0,8.0,2.0,,29.0,1.0,85.0,14.0,4.0
243151,,,,,,,,493.0,,144.0,5.0,,,,,17.0,20.0,38.0,6.0,2.0,,47.0,,99.0,72.0,7.0
243160,,,,,,,,495.0,,,12.0,,,,,95.0,59.0,54.0,8.0,7.0,,29.0,,169.0,49.0,5.0
243179,,,,,,,,569.0,,212.0,6.0,,,,,30.0,20.0,46.0,26.0,5.0,,64.0,,102.0,29.0,11.0
243188,,,,,,,,247.0,,73.0,,,,,,17.0,11.0,16.0,5.0,2.0,,20.0,,52.0,36.0,3.0
243197,,,,,,,,2578.0,,638.0,94.0,143.0,,,,109.0,82.0,120.0,47.0,21.0,,143.0,1.0,570.0,456.0,54.0
243203,,,,,,,,2146.0,,754.0,80.0,,,,,130.0,78.0,93.0,35.0,123.0,,143.0,,551.0,92.0,21.0
243212,,,,,,,,375.0,,133.0,,,,,,23.0,13.0,26.0,5.0,2.0,,21.0,,92.0,35.0,5.0
243221,,,,,,,,2574.0,,927.0,35.0,12.0,,,,130.0,41.0,106.0,56.0,20.0,,162.0,1.0,518.0,311.0,53.0
243346,,,,,,,,896.0,,419.0,,,,,,116.0,1.0,21.0,,5.0,,1.0,,281.0,,
243443,,,,,,,,465.0,,200.0,2.0,,,,,45.0,6.0,18.0,23.0,3.0,,,4.0,113.0,23.0,4.0
243498,,,,,,,,19.0,,6.0,,,,,,2.0,1.0,,,,,,,4.0,2.0,
243568,,,,,,,,279.0,,44.0,28.0,15.0,,,,14.0,20.0,36.0,11.0,5.0,,7.0,,71.0,11.0,2.0
243577,,,,,,,,384.0,,162.0,,,,,,23.0,9.0,34.0,8.0,,,11.0,,87.0,13.0,2.0
243586,,,,,,,,103.0,,53.0,,,,,,13.0,,5.0,2.0,1.0,,3.0,3.0,15.0,4.0,
243601,,,,,,,,962.0,,422.0,,,,,,136.0,,17.0,2.0,2.0,,,,294.0,,
243638,,,,,,,,412.0,,105.0,4.0,12.0,,,,29.0,12.0,17.0,2.0,5.0,,43.0,,59.0,36.0,5.0
243647,,,,,,,,180.0,,41.0,7.0,2.0,,,,25.0,6.0,2.0,1.0,,,27.0,1.0,24.0,9.0,
243665,,,,,,,,600.0,,161.0,11.0,95.0,,,,62.0,43.0,20.0,21.0,3.0,,87.0,7.0,32.0,16.0,2.0
243744,,,,,,,,13637.0,,3349.0,1518.0,,,,,951.0,2413.0,1743.0,778.0,100.0,,547.0,,1520.0,328.0,
243780,,,,,,,,10081.0,,2070.0,405.0,167.0,,,,215.0,1319.0,1403.0,409.0,262.0,,1685.0,4.0,1292.0,429.0,79.0
243799,,,,,,,,11.0,,5.0,,,,,,2.0,,,1.0,0.0,,0.0,,2.0,,
243823,,,,,,,,228.0,,83.0,3.0,,,,,40.0,8.0,13.0,5.0,14.0,,,6.0,30.0,,
243832,,,,,,,,165.0,,35.0,,,,,,39.0,4.0,9.0,4.0,,,6.0,15.0,30.0,9.0,
243841,,,,,,,,89.0,,31.0,,,,,,15.0,2.0,4.0,2.0,,,,8.0,21.0,1.0,
244011,,,,,,,,56.0,,23.0,,,,,,7.0,2.0,1.0,,,,,,22.0,,
244154,,,,,,,,15.0,,9.0,,,,,,3.0,,1.0,,,,,,1.0,,
244190,,,,,,,,160.0,,55.0,,,,,,12.0,5.0,3.0,16.0,,,16.0,,31.0,3.0,
244233,,,,,,,,77.0,,37.0,,,,,,14.0,4.0,1.0,13.0,,,,,7.0,,
244279,,,,,,,,14.0,,7.0,,,,,,1.0,2.0,,,,,,,4.0,0.0,
244437,,,,,,,,1487.0,,601.0,,,,,,171.0,17.0,88.0,22.0,21.0,,154.0,,206.0,35.0,
244446,,,,,,,,459.0,,209.0,,,,,,18.0,40.0,21.0,26.0,,,28.0,,72.0,,
244491,,,,,,,,10.0,,5.0,,,,,,,,,,,,1.0,,2.0,,
244561,,,,,,,,23.0,,10.0,,,,,,2.0,3.0,,,,,,6.0,1.0,1.0,
244613,,,,,,,,21.0,,11.0,,,,,,3.0,1.0,,,,,,2.0,2.0,,
245069,,,,,,,,5.0,,2.0,,,,,,,1.0,,,,,,,1.0,,
245281,,,,,,,,4.0,,2.0,,,,,,1.0,,,,,,,,1.0,,
245290,,,,,,,,13.0,,4.0,,,,,,,0.0,,4.0,,,,,,,
245342,,,,,,,,69.0,,27.0,,,,,,9.0,9.0,,,,,3.0,2.0,0.0,,
245421,,,,,,,,8.0,,5.0,,,,,,,,,,,,,,3.0,,
245430,,,,,,,,15.0,,9.0,,,,,,1.0,,1.0,,,,,1.0,3.0,,
245625,,,,,,,,102.0,,53.0,1.0,3.0,,,,6.0,4.0,1.0,1.0,,,3.0,,12.0,,
245652,,,,,,,,158.0,,49.0,,,,,,29.0,2.0,7.0,6.0,0.0,,25.0,5.0,30.0,,0.0
245731,,,,,,,,5.0,,2.0,,,,,,,0.0,,,,,,,1.0,1.0,
245777,,,,,,,,6.0,,4.0,,,,,,,0.0,,,,,1.0,,0.0,,
245838,,,,,,,,123.0,,76.0,,,,,,9.0,,,,,,15.0,,21.0,,
245847,,,,,,,,60.0,,34.0,,,,,,9.0,,,8.0,,,0.0,,7.0,,
245865,,,,,,,,111.0,,71.0,,,,,,8.0,1.0,1.0,,,,4.0,,24.0,,
245883,,,,,,,,99.0,,60.0,,,,,,11.0,1.0,,1.0,,,2.0,,12.0,,
245892,,,,,,,,42.0,,19.0,,,,,,13.0,,1.0,,,,,,7.0,,
245953,,,,,,,,303.0,,178.0,,,,,,33.0,8.0,6.0,12.0,1.0,,5.0,,33.0,,
245962,,,,,,,,55.0,,32.0,,,,,,7.0,2.0,,,,,3.0,5.0,5.0,,
245980,,,,,,,,6.0,,3.0,,,,,,1.0,1.0,,,,,,,1.0,,
245999,,,,,,,,368.0,,31.0,,,,,,36.0,22.0,15.0,14.0,1.0,,34.0,,92.0,13.0,4.0
246008,,,,,,,,23.0,,23.0,,,,,,,,,,,,,,,,
246017,,,,,,,,173.0,,61.0,,,,,,17.0,3.0,3.0,2.0,,,21.0,,18.0,7.0,18.0
246035,,,,,,,,15.0,,1.0,,,,,,8.0,,,,,,,,,,
246071,,,,,,,,10.0,,7.0,,,,,,1.0,1.0,,,,,,,1.0,,
246202,,,,,,,,32.0,,16.0,,,,,,7.0,,,6.0,,,,,1.0,,
246266,,,,,,,,41.0,,19.0,,,,,,7.0,3.0,,8.0,,,1.0,,1.0,,
246345,,,,,,,,16.0,,7.0,,,,,,3.0,,,,,,,,1.0,,
246354,,,,,,,,421.0,,185.0,,,,,,9.0,10.0,9.0,14.0,,,21.0,,37.0,18.0,
246406,,,,,,,,5.0,,2.0,,,,,,2.0,,,,,,,,,1.0,
246415,,,,,,,,8.0,,3.0,,,,,,1.0,1.0,,,,,1.0,1.0,1.0,0.0,
246594,,,,,,,,6.0,,4.0,,,,,,1.0,,,,,,,,1.0,,
246789,,,,,,,,18.0,,5.0,,,,,,3.0,1.0,,1.0,,,2.0,,0.0,2.0,0.0
246813,,,,,,,,367.0,,193.0,,5.0,,,,12.0,22.0,26.0,1.0,,,21.0,,31.0,,0.0
246895,,,,,,,,73.0,,38.0,,,,,,4.0,,1.0,1.0,,,4.0,,17.0,1.0,
246974,,,,,,,,41.0,,16.0,,,,,,11.0,,,,,,2.0,,2.0,,
247010,,,,,,,,5.0,,2.0,,,,,,1.0,1.0,,,,,,,1.0,,
247047,,,,,,,,9.0,,6.0,,,,,,2.0,,,,,,,1.0,,,
247065,,,,,,,,48.0,,26.0,,,,,,2.0,4.0,1.0,,,,2.0,5.0,6.0,,
247083,,,,,,,,14.0,,,,,,,,8.0,2.0,,,,,,,4.0,,
247153,,,,,,,,22.0,,9.0,,,,,,1.0,,,,,,,,2.0,,
247162,,,,,,,,14.0,,5.0,,,,,,3.0,1.0,,,,,2.0,,3.0,,
247409,,,,,,,,16.0,,9.0,,,,,,3.0,,,,,,,,1.0,,
247603,,,,,,,,206.0,,90.0,2.0,15.0,,,,14.0,4.0,7.0,10.0,5.0,,,,38.0,8.0,
247649,,,,,,,,208.0,,84.0,4.0,,,,,30.0,9.0,11.0,7.0,1.0,,24.0,1.0,12.0,4.0,1.0
247700,,,,,,,,35.0,,17.0,,,,,,2.0,,,,,,,,2.0,,
247737,,,,,,,,37.0,,,,,,,,15.0,5.0,2.0,,,,,,5.0,,
247773,,,,,,,,11.0,,6.0,,,,,,1.0,1.0,,,,,,,1.0,1.0,
247825,,,,,,,,11.0,,4.0,,,,,,1.0,1.0,,,,,,1.0,3.0,,
247834,,,,,,,,1480.0,,745.0,,,,,,76.0,34.0,56.0,55.0,,,47.0,8.0,180.0,31.0,2.0
247940,,,,,,,,265.0,,125.0,,,,,,24.0,5.0,3.0,20.0,,,18.0,,46.0,,
248165,,,,,,,,3.0,,2.0,,,,,,,0.0,,,,,,,,,
248192,,,,,,,,1.0,,1.0,,,,,,,,,,,,,,,,
248305,,,,,,,,8.0,,6.0,,,,,,1.0,,,,,,,,1.0,,
248527,,,,,,,,7.0,,3.0,,,,,,2.0,,,,,,1.0,,1.0,,
248606,,,,,,,,241.0,,15.0,,,,,,17.0,4.0,7.0,4.0,5.0,,18.0,,100.0,11.0,11.0
248624,,,,,,,,6.0,,4.0,,,,,,1.0,,,,,,,,1.0,,
248633,,,,,,,,6.0,,4.0,,,,,,1.0,,,,,,,,1.0,,
248660,,,,,,,,22.0,,8.0,,,,,,3.0,2.0,,,,,,2.0,6.0,,
248703,,,,,,,,13.0,,6.0,,,,,,1.0,,,,,,,1.0,,,
248846,,,,,,,,32.0,,8.0,,,,,,5.0,2.0,,4.0,1.0,,1.0,0.0,7.0,,1.0
248882,,,,,,,,24.0,,10.0,,,,,,3.0,,,1.0,,,,,4.0,,
248925,,,,,,,,86.0,,57.0,,,,,,9.0,1.0,,,,,0.0,,15.0,4.0,
248934,,,,,,,,1184.0,,571.0,3.0,,,,,125.0,19.0,34.0,5.0,,,8.0,,58.0,,
249140,,,,,,,,23.0,,10.0,,,,,,5.0,,,,,,,,1.0,1.0,
249238,,,,,,,,43.0,,19.0,,,,,,9.0,,,,,,,8.0,6.0,,
249566,,,,,,,,32.0,,15.0,,,,,,7.0,1.0,,,1.0,,,3.0,1.0,,
249609,,,,,,,,22.0,,14.0,,,,,,3.0,,0.0,,,,,,,,
250027,,,,,,,,38.0,,22.0,,,,,,4.0,4.0,,,,,,3.0,4.0,1.0,
250072,,,,,,,,10.0,,3.0,,,,,,3.0,1.0,,,,,,1.0,0.0,0.0,
250285,,,,,,,,46.0,,20.0,,,,,,8.0,,,,,,,,19.0,,
250601,,,,,,,,52.0,,24.0,,,,,,13.0,,,,,,1.0,,3.0,,
250744,,,,,,,,44.0,,8.0,,,,,,1.0,,,,,,,,8.0,,
250902,,,,,,,,5.0,,4.0,,,,,,1.0,,,,,,,,1.0,,
250993,,,,,,,,59.0,,25.0,,,,,,3.0,,,,,,10.0,,8.0,,
251075,,,,,,,,15.0,,3.0,,,,,,5.0,,,4.0,,,0.0,,,,
251251,,,,,,,,29.0,,14.0,,,,,,4.0,,1.0,,,,,,9.0,,
251260,,,,,,,,272.0,,153.0,,,,,,6.0,9.0,6.0,3.0,,,32.0,,57.0,,0.0
251312,,,,,,,,117.0,,60.0,,,,,,25.0,,,,,,,,25.0,3.0,
260293,,,,,,,,54.0,,23.0,,,,,,13.0,1.0,1.0,,,,,,13.0,,
260336,,,,,,,,9.0,,3.0,,,,,,1.0,,,,,,,,2.0,1.0,
260354,,,,,,,,16.0,,7.0,,,,,,2.0,1.0,1.0,,,,1.0,3.0,1.0,,
260363,,,,,,,,4.0,,2.0,,,,,,1.0,,,,,,,,1.0,,
260372,,,,,,,,66.0,,24.0,,,,,,15.0,2.0,2.0,,,,,,2.0,5.0,
260381,,,,,,,,1008.0,,,,333.0,,,,70.0,131.0,126.0,172.0,,,15.0,,86.0,2.0,1.0
260664,,,,,,,,38.0,,24.0,,,,,,3.0,,,,,,,,,,
260691,,,,,,,,73.0,,40.0,,,,,,3.0,,,,,,,,19.0,,
260789,,,,,,,,62.0,,34.0,,,,,,6.0,,,,,,,,1.0,,
260813,,,,,,,,37.0,,19.0,,,,,,3.0,4.0,1.0,,4.0,,,3.0,1.0,,
260901,,,,,,,,1895.0,,1077.0,,,,,,112.0,30.0,3.0,58.0,,,1.0,,5.0,,
260910,,,,,,,,26.0,,10.0,,,,,,4.0,,1.0,4.0,,,,,0.0,,
260929,,,,,,,,17.0,,11.0,,,,,,1.0,,,,,,,2.0,3.0,0.0,
260947,,,,,,,,5.0,,2.0,,,,,,,0.0,,,,,,,1.0,,
260956,,,,,,,,12.0,,4.0,,,,,,3.0,1.0,2.0,,,,,,2.0,,
260974,,,,,,,,31.0,,14.0,,,,,,4.0,,1.0,,,,,,11.0,,
261375,,,,,,,,485.0,,97.0,,,,,,35.0,42.0,23.0,11.0,,,29.0,,74.0,18.0,14.0
261384,,,,,,,,70.0,,14.0,,,,,,2.0,1.0,,2.0,,,10.0,,10.0,,
261393,,,,,,,,71.0,,16.0,,,,,,2.0,,,2.0,,,6.0,,8.0,1.0,5.0
261436,,,,,,,,157.0,,62.0,,,,,,20.0,27.0,1.0,,,,0.0,19.0,17.0,7.0,
261472,,,,,,,,53.0,,23.0,,,,,,7.0,2.0,1.0,1.0,,,,,18.0,,
261676,,,,,,,,13.0,,7.0,,,,,,1.0,,,,,,,,1.0,,
261685,,,,,,,,13.0,,6.0,,,,,,3.0,,,,,,,,0.0,,
261719,,,,,,,,24.0,,10.0,,,,,,1.0,,,,,,,,0.0,,
261773,,,,,,,,18.0,,9.0,,,,,,1.0,,,,1.0,,2.0,,1.0,,
261861,,,,,,,,14.0,,5.0,,,,,,3.0,1.0,,,,,1.0,2.0,1.0,,
261931,,,,,,,,7.0,,7.0,,,,,,,,,,,,,,,,
262022,,,,,,,,22.0,,12.0,,,,,,,,,1.0,,,,,5.0,,
262031,,,,,,,,569.0,,197.0,,,,,,32.0,15.0,25.0,36.0,,,68.0,5.0,78.0,13.0,
262086,,,,,,,,743.0,,307.0,,,,,,162.0,25.0,16.0,9.0,,,,,18.0,,
262129,,,,,,,,285.0,,86.0,,,,,,46.0,5.0,26.0,5.0,,,35.0,,56.0,15.0,
262235,,,,,,,,5.0,,2.0,,,,,,1.0,,,,,,,,1.0,,
262299,,,,,,,,8.0,,5.0,,,,,,1.0,,,,,,,,1.0,,
262332,,,,,,,,85.0,,36.0,,,,,,6.0,8.0,,,,,,25.0,3.0,,
262341,,,,,,,,74.0,,29.0,,,,,,6.0,5.0,1.0,3.0,,,,,12.0,2.0,
262369,,,,,,,,14.0,,6.0,,,,,,2.0,1.0,,,,,,,2.0,1.0,
262402,,,,,,,,15.0,,6.0,,,,,,2.0,,,,,,2.0,,5.0,,
262466,,,,,,,,15.0,,7.0,,,,,,3.0,,1.0,1.0,,,,,1.0,,
262509,,,,,,,,36.0,,20.0,,,,,,5.0,2.0,,,,,1.0,6.0,1.0,,
262660,,,,,,,,7.0,,4.0,,,,,,1.0,,,,,,,,1.0,,
362700,,,,,,,,26.0,,14.0,,,,,,1.0,,,,,,,,2.0,,
362782,,,,,,,,25.0,,10.0,,,,,,4.0,3.0,,,,,,,3.0,,
363013,,,,,,,,12.0,,4.0,,,,,,2.0,,,,,,,,1.0,,
363077,,,,,,,,15.0,,11.0,,,,,,,,,,,,,,3.0,1.0,
363147,,,,,,,,8.0,,4.0,,,,,,2.0,,,,,,,,,,
363165,,,,,,,,330.0,,92.0,,,,,,31.0,22.0,10.0,21.0,,,23.0,,52.0,6.0,22.0
363439,,,,,,,,25.0,,11.0,,,,,,4.0,,,,,,1.0,,1.0,,
363590,,,,,,,,32.0,,11.0,,,,,,7.0,2.0,1.0,,,,,,11.0,,
363633,,,,,,,,128.0,,26.0,,,,,,6.0,10.0,8.0,3.0,4.0,,12.0,2.0,18.0,16.0,2.0
363679,,,,,,,,20.0,,13.0,,,,,,1.0,,,,,,1.0,2.0,3.0,,
363712,,,,,,,,5.0,,5.0,,,,,,,,,,,,,,,,
363721,,,,,,,,70.0,,38.0,,1.0,,,,9.0,1.0,3.0,1.0,,,,,5.0,,
363882,,,,,,,,4.0,,2.0,,,,,,1.0,,,,,,,,,,
363907,,,,,,,,88.0,,63.0,,,,,,3.0,,2.0,5.0,1.0,,,1.0,10.0,,
363916,,,,,,,,56.0,,33.0,,,,,,3.0,,1.0,3.0,1.0,,,1.0,7.0,,
363934,,,,,,,,95.0,,43.0,,,,,,5.0,8.0,7.0,3.0,,,3.0,,2.0,,
364016,,,,,,,,437.0,,244.0,,,,,,20.0,5.0,14.0,21.0,1.0,,16.0,,95.0,7.0,
364025,,,,,,,,571.0,,300.0,,,,,,18.0,10.0,10.0,33.0,1.0,,35.0,,112.0,10.0,
364122,,,,,,,,1.0,,1.0,,,,,,,,,,,,,,,,
364168,,,,,,,,49.0,,27.0,,,,,,2.0,2.0,3.0,,,,,5.0,3.0,2.0,
364335,,,,,,,,20.0,,9.0,,,,,,1.0,1.0,,,,,,,1.0,,
364548,,,,,,,,224.0,,120.0,,,,,,16.0,5.0,6.0,,,,23.0,,26.0,,
364575,,,,,,,,27.0,,19.0,,,,,,2.0,1.0,,,,,,,2.0,3.0,
364584,,,,,,,,6.0,,3.0,,,,,,0.0,1.0,,,,,,,1.0,0.0,
364627,,,,,,,,92.0,,38.0,,,,,,8.0,10.0,2.0,1.0,,,7.0,,10.0,10.0,
364636,,,,,,,,15.0,,8.0,,,,,,1.0,,,,,,,,1.0,3.0,
364751,,,,,,,,10.0,,5.0,,,,,,1.0,2.0,,,,,,1.0,1.0,,
364760,,,,,,,,7.0,,4.0,,,,,,1.0,1.0,,,,,,,1.0,,
364812,,,,,,,,3.0,,1.0,,,,,,1.0,,,,,,0.0,0.0,,,
364946,,,,,,,,116.0,,31.0,,,,,,11.0,6.0,3.0,,,,18.0,1.0,17.0,12.0,11.0
364955,,,,,,,,32.0,,15.0,,,,,,5.0,,,7.0,,,1.0,,0.0,,
364964,,,,,,,,11.0,,6.0,,,,,,1.0,1.0,,,,,,,2.0,,
364973,,,,,,,,44.0,,20.0,,,,,,3.0,4.0,,,,,,11.0,3.0,,
365055,,,,,,,,46.0,,29.0,,,,,,7.0,1.0,,,,,,,8.0,,
365073,,,,,,,,7.0,,4.0,,,,,,1.0,1.0,,,,,,,1.0,,
365091,,,,,,,,24.0,,10.0,,,,,,5.0,1.0,,,,,,2.0,2.0,,
365125,,,,,,,,17.0,,10.0,,,,,,2.0,,,,,,,,5.0,,
365198,,,,,,,,88.0,,30.0,,,,,,12.0,1.0,4.0,1.0,0.0,,10.0,3.0,14.0,3.0,2.0
365204,,,,,,,,449.0,,179.0,,,,,,74.0,46.0,,,,,8.0,59.0,58.0,,
365213,,,,,,,,106.0,,32.0,,,,,,11.0,1.0,4.0,7.0,,,12.0,,14.0,,
365240,,,,,,,,13.0,,11.0,,,,,,,,,,,,,,1.0,,
365374,,,,,,,,251.0,,33.0,,,,,,22.0,5.0,9.0,4.0,,,33.0,,31.0,6.0,1.0
365383,,,,,,,,18.0,,13.0,,,,,,2.0,0.0,,,,,,,2.0,,
365426,,,,,,,,150.0,,136.0,,,,,,,,,,,,,,12.0,,
365480,,,,,,,,131.0,,9.0,,,,,,7.0,13.0,5.0,7.0,,,28.0,,18.0,,7.0
365505,,,,,,,,44.0,,28.0,,,,,,,3.0,3.0,,4.0,,,,4.0,,
365569,,,,,,,,2.0,,1.0,,,,,,0.0,,,,,,,,1.0,,
365693,,,,,,,,22.0,,12.0,,,,,,5.0,,,,,,,1.0,4.0,,
365763,,,,,,,,4.0,,4.0,,,,,,,,,,,,,,,,
365824,,,,,,,,15.0,,7.0,,,,,,3.0,,,,,,,,1.0,,
365833,,,,,,,,21.0,,10.0,,,,,,3.0,,,,,,,,1.0,,
366003,,,,,,,,20.0,,9.0,,,,,,3.0,1.0,1.0,,,,,2.0,2.0,,
366155,,,,,,,,1.0,,1.0,,,,,,,,,,,,,,,,
366191,,,,,,,,94.0,,39.0,,,,,,14.0,35.0,1.0,,,,,,2.0,3.0,
366252,,,,,,,,1078.0,,348.0,,,,,,80.0,50.0,59.0,51.0,16.0,,219.0,14.0,134.0,45.0,11.0
366261,,,,,,,,12.0,,7.0,,,,,,,,,,,,,,2.0,,
366270,,,,,,,,41.0,,24.0,,,,,,3.0,2.0,,,,,1.0,5.0,4.0,,
366289,,,,,,,,23.0,,6.0,,,,,,5.0,,,,1.0,,,5.0,5.0,,
366340,,,,,,,,49.0,,11.0,1.0,1.0,,,,5.0,5.0,2.0,1.0,,,6.0,,4.0,2.0,1.0
366368,,,,,,,,39.0,,16.0,,,,,,6.0,3.0,,1.0,,,5.0,,1.0,,
366395,,,,,,,,1619.0,,732.0,,,,,,152.0,14.0,17.0,35.0,9.0,,161.0,,180.0,51.0,16.0
366401,,,,,,,,302.0,,207.0,,,,,,13.0,10.0,8.0,10.0,,,,,50.0,,
366438,,,,,,,,7.0,,6.0,,,,,,,,,,,,,,1.0,,
366465,,,,,,,,186.0,,88.0,,,,,,18.0,16.0,5.0,14.0,,,16.0,,28.0,,
366535,,,,,,,,51.0,,25.0,,,,,,9.0,2.0,1.0,,,,2.0,5.0,7.0,,
366544,,,,,,,,25.0,,8.0,,,,,,7.0,1.0,1.0,,,,,,7.0,,
366553,,,,,,,,130.0,,67.0,,,,,,13.0,5.0,2.0,,,,1.0,,3.0,,
366571,,,,,,,,3.0,,2.0,,,,,,1.0,,,,,,,,0.0,,
366580,,,,,,,,49.0,,22.0,,,,,,7.0,2.0,1.0,,,,,,16.0,,
366605,,,,,,,,22.0,,8.0,,,,,,8.0,,,,0.0,,,,5.0,,
366623,,,,,,,,42.0,,20.0,,,,,,4.0,1.0,2.0,,,,,,2.0,6.0,
366632,,,,,,,,5.0,,3.0,,,,,,1.0,0.0,,,,,,,1.0,,
366650,,,,,,,,32.0,,14.0,,,,,,4.0,,1.0,,,,,,12.0,,
366678,,,,,,,,49.0,,19.0,,,,,,7.0,2.0,1.0,,,,,,18.0,,
366696,,,,,,,,62.0,,24.0,,,,,,8.0,3.0,1.0,,,,,,24.0,,
366711,,,,,,,,1198.0,,467.0,,,,,,65.0,142.0,99.0,126.0,17.0,,24.0,,160.0,30.0,13.0
366748,,,,,,,,55.0,,27.0,,,,,,12.0,,,,,,0.0,,14.0,,
366793,,,,,,,,16.0,,7.0,,,,,,5.0,3.0,1.0,,,,,,,,
366960,,,,,,,,29.0,,14.0,,,,,,6.0,,,5.0,,,1.0,,1.0,,
367024,,,,,,,,54.0,,19.0,,,,,,5.0,1.0,1.0,11.0,,,,,0.0,,
367051,,,,,,,,9.0,,6.0,,,,,,1.0,2.0,,,,,,,,,
367088,,,,,,,,8.0,,4.0,,,,,,1.0,1.0,,,,,,,1.0,,
367097,,,,,,,,11.0,,6.0,,,,,,1.0,1.0,,,,,,2.0,1.0,,
367103,,,,,,,,7.0,,2.0,,,,,,1.0,0.0,0.0,,,,,3.0,,,
367112,,,,,,,,36.0,,20.0,,,,,,5.0,1.0,,,,,0.0,5.0,4.0,,
367158,,,,,,,,12.0,,4.0,,,,,,3.0,,,,,,,,1.0,,
367194,,,,,,,,109.0,,58.0,,,,,,9.0,5.0,5.0,7.0,,,6.0,8.0,2.0,1.0,
367334,,,,,,,,41.0,,12.0,,,,,,3.0,6.0,,,,,1.0,6.0,4.0,4.0,
367361,,,,,,,,14.0,,3.0,,,,,,1.0,3.0,,,,,,3.0,4.0,,
367398,,,,,,,,24.0,,14.0,,,,,,4.0,,,,,,,,1.0,,
367431,,,,,,,,4.0,,3.0,,,,,,1.0,,,,,,,,,,
367459,,,,,,,,513.0,,253.0,,,,,,43.0,35.0,29.0,19.0,,,26.0,1.0,55.0,9.0,2.0
367839,,,,,,,,56.0,,14.0,,,,,,1.0,10.0,1.0,,,,,6.0,5.0,14.0,
367875,,,,,,,,72.0,,40.0,,,,,,4.0,1.0,,,,,9.0,,10.0,,
367884,,,,,,,,212.0,,89.0,,,,,,24.0,2.0,11.0,,,,,2.0,28.0,4.0,
367909,,,,,,,,27.0,,8.0,,,,,,6.0,1.0,,,,,,,11.0,,
367936,,,,,,,,128.0,,75.0,,,,,,20.0,,,,,,,,32.0,,
367954,,,,,,,,293.0,,146.0,,,,,,44.0,12.0,10.0,,,,,,72.0,6.0,
367972,,,,,,,,12.0,,7.0,,,,,,2.0,,,,,,,,3.0,,
367981,,,,,,,,7.0,,4.0,,,,,,2.0,,,,,,,,1.0,,
368036,,,,,,,,7.0,,5.0,,,,,,,1.0,0.0,,,,,,,,
368230,,,,,,,,11.0,,7.0,,,,,,2.0,,,,,,,,1.0,,
368364,,,,,,,,50.0,,23.0,,,,,,4.0,3.0,1.0,2.0,,,,,6.0,3.0,2.0
368407,,,,,,,,9.0,,6.0,,,,,,1.0,,,,,,,,2.0,,
368443,,,,,,,,48.0,,22.0,,,,,,4.0,,,,,,1.0,,1.0,,
368452,,,,,,,,35.0,,13.0,,,,,,3.0,1.0,,,,,,7.0,0.0,,
368540,,,,,,,,2.0,,1.0,,,,,,,,,,,,,1.0,,,
368601,,,,,,,,61.0,,24.0,,,,,,7.0,2.0,1.0,,,,,,25.0,,
368629,,,,,,,,48.0,,31.0,,,,,,2.0,,,,,,,,10.0,,
368647,,,,,,,,8.0,,3.0,,,,,,2.0,,,,,,2.0,,1.0,,
368771,,,,,,,,15.0,,2.0,,,,,,6.0,,,,,,,,7.0,,
368780,,,,,,,,30.0,,8.0,2.0,,,,,,,,,,,1.0,5.0,14.0,,
368832,,,,,,,,10.0,,5.0,,,,,,2.0,1.0,,,,,,,1.0,1.0,
368911,,,,,,,,172.0,,85.0,,1.0,,,,24.0,6.0,5.0,1.0,,,23.0,,8.0,,
369002,,,,,,,,47.0,,25.0,,4.0,,,,1.0,1.0,2.0,1.0,,,1.0,,5.0,,
369084,,,,,,,,48.0,,22.0,,,,,,6.0,1.0,1.0,,,,,,16.0,,
369109,,,,,,,,15.0,,6.0,,,,,,2.0,,,,,,0.0,,6.0,,
369400,,,,,,,,219.0,,99.0,,,,,,22.0,87.0,2.0,,,,,,2.0,7.0,
369419,,,,,,,,119.0,,79.0,,,,,,4.0,,,1.0,,,11.0,,16.0,,
369446,,,,,,,,6.0,,3.0,,,,,,,1.0,,,,,0.0,,1.0,,
369455,,,,,,,,9.0,,5.0,,,,,,1.0,2.0,,,,,,,1.0,,
369516,,,,,,,,31.0,,12.0,,,,,,4.0,,,,,,,7.0,,,
369659,,,,,,,,78.0,,30.0,0.0,,,,,20.0,3.0,1.0,1.0,1.0,,,,8.0,,
369668,,,,,,,,34.0,,21.0,,,,,,4.0,4.0,1.0,1.0,,,,,3.0,,
369686,,,,,,,,15.0,,7.0,,,,,,3.0,,,,,,2.0,1.0,2.0,,
369695,,,,,,,,5.0,,4.0,,,,,,1.0,,,,,,,,,,
369783,,,,,,,,48.0,,14.0,,,,,,10.0,1.0,,,,,4.0,,4.0,,
369792,,,,,,,,2.0,,2.0,,,,,,,,,,,,,,,,
369862,,,,,,,,21.0,,11.0,,,,,,5.0,1.0,,,,,,4.0,0.0,,
369905,,,,,,,,56.0,,28.0,,,,,,7.0,,2.0,8.0,,,1.0,,5.0,,
369950,,,,,,,,25.0,,12.0,,,,,,5.0,,,,,,,2.0,2.0,4.0,
371034,,,,,,,,1.0,,1.0,,,,,,,,,,,,,,,,
371052,,,,,,,,36.0,,21.0,,,,,,7.0,1.0,,,,,,5.0,1.0,1.0,
371690,,,,,,,,46.0,,29.0,,,,,,,1.0,1.0,,,,,,14.0,1.0,
371830,,,,,,,,8.0,,7.0,,,,,,,,,,,,,,1.0,,
371928,,,,,,,,18.0,,9.0,,,,,,1.0,3.0,,,1.0,,,1.0,1.0,,
371964,,,,,,,,30.0,,11.0,,,,,,8.0,3.0,1.0,,,,,4.0,2.0,,
372000,,,,,,,,8.0,,4.0,,,,,,1.0,,,,,,,,1.0,,
372028,,,,,,,,9.0,,4.0,,,,,,1.0,,,,,,,2.0,3.0,,
372073,,,,,,,,56.0,,12.0,,,,,,11.0,8.0,1.0,1.0,,,,8.0,3.0,,
372082,,,,,,,,29.0,,13.0,,,,,,2.0,1.0,2.0,0.0,2.0,,1.0,,8.0,,
372240,,,,,,,,7.0,,2.0,,,,,,1.0,1.0,,,,,,,2.0,,
372329,,,,,,,,122.0,,60.0,,,,,,,,,,,,4.0,11.0,31.0,,
372356,,,,,,,,11.0,,6.0,,,,,,1.0,,,,,,,2.0,2.0,,
372462,,,,,,,,12.0,,8.0,,,,,,1.0,1.0,,,,,,,,,
372578,,,,,,,,56.0,,20.0,,,,,,8.0,1.0,1.0,,,,,,24.0,,
372718,,,,,,,,18.0,,10.0,,,,,,1.0,,,,,,,,2.0,,
372772,,,,,,,,22.0,,13.0,,,,,,6.0,,,,,,1.0,2.0,0.0,,
372921,,,,,,,,55.0,,33.0,,,,,,1.0,5.0,,,,,,9.0,1.0,,
372958,,,,,,,,56.0,,22.0,,,,,,10.0,3.0,1.0,,,,,6.0,13.0,,
373058,,,,,,,,20.0,,9.0,,,,,,2.0,1.0,,,,,,1.0,1.0,,
373085,,,,,,,,31.0,,12.0,,,,,,8.0,,,,,,,,10.0,,
373216,,,,,,,,6.0,,2.0,,,,,,1.0,,,,,,,,1.0,,
373456,,,,,,,,7.0,,2.0,,,,,,,2.0,,,,,,,1.0,,
373526,,,,,,,,35.0,,21.0,,,,,,4.0,,,,,,,,,,
373678,,,,,,,,14.0,,7.0,,,,,,2.0,1.0,,,,,,2.0,2.0,0.0,
373696,,,,,,,,17.0,,11.0,,,,,,2.0,,,,,,,,4.0,,
373711,,,,,,,,7.0,,5.0,,,,,,1.0,,,,,,,,1.0,,
373784,,,,,,,,61.0,,25.0,,,,,,13.0,,,,,,,12.0,9.0,1.0,
374024,,,,,,,,47.0,,25.0,,,,,,5.0,1.0,2.0,,,,,,6.0,1.0,
374316,,,,,,,,9.0,,5.0,,,,,,,,,,,,,,4.0,,
374343,,,,,,,,6.0,,4.0,,,,,,1.0,1.0,,,,,,,,,
374440,,,,,,,,2.0,,2.0,,,,,,,,,,,,,,,,
374574,,,,,,,,47.0,,22.0,,,,,,13.0,,1.0,,,,1.0,,6.0,,1.0
374592,,,,,,,,7.0,,5.0,,,,,,,,,,,,,,2.0,,
374875,,,,,,,,41.0,,21.0,,,,,,6.0,,1.0,8.0,,,,,2.0,,
374927,,,,,,,,9.0,,7.0,,,,,,,,,,,,,,2.0,,
374972,,,,,,,,44.0,,20.0,,,,,,5.0,1.0,2.0,8.0,,,,,5.0,,
374990,,,,,,,,6.0,,3.0,,,,,,1.0,,,,,,,1.0,1.0,,
375106,,,,,,,,14.0,,7.0,,,,,,1.0,,,,,,,2.0,2.0,2.0,
375230,,,,,,,,8.0,,5.0,,,,,,1.0,0.0,,,,,1.0,,0.0,,
375300,,,,,,,,25.0,,12.0,,,,,,3.0,2.0,,,,,,2.0,2.0,,
375319,,,,,,,,16.0,,8.0,,,,,,2.0,1.0,,,,,,1.0,2.0,,
375373,,,,,,,,38.0,,21.0,,,,,,6.0,1.0,2.0,1.0,,,1.0,,5.0,,
375407,,,,,,,,17.0,,10.0,,,,,,2.0,,,,,,,,3.0,,
375416,,,,,,,,67.0,,35.0,,,,,,10.0,3.0,1.0,,,,6.0,4.0,8.0,,
375489,,,,,,,,44.0,,21.0,,,,,,10.0,,,,,,,,11.0,,
375540,,,,,,,,13.0,,5.0,,,,,,3.0,1.0,,,,,,,4.0,,
375568,,,,,,,,10.0,,6.0,,,,,,1.0,0.0,0.0,,0.0,,,,1.0,0.0,
375647,,,,,,,,17.0,,8.0,,,,,,1.0,1.0,,,,,3.0,,1.0,,
375656,,,,,,,,24.0,,7.0,,,,,,,2.0,1.0,,2.0,,,,2.0,2.0,
375683,,,,,,,,123.0,,39.0,,,,,,13.0,4.0,3.0,,7.0,,8.0,3.0,8.0,20.0,
375692,,,,,,,,22.0,,8.0,,,,,,4.0,,,,1.0,,,,3.0,4.0,
375708,,,,,,,,26.0,,15.0,,,,,,3.0,,1.0,,,,,,4.0,3.0,
375717,,,,,,,,22.0,,8.0,,,,,,1.0,,,,4.0,,,,4.0,3.0,
375726,,,,,,,,43.0,,17.0,,,,,,7.0,,,,2.0,,1.0,,10.0,2.0,
375735,,,,,,,,23.0,,13.0,,,,,,1.0,1.0,1.0,1.0,,,2.0,,2.0,1.0,
375744,,,,,,,,40.0,,15.0,,,,,,6.0,,1.0,,,,,,8.0,5.0,
375753,,,,,,,,3.0,,1.0,,,,,,,,,,,,,,1.0,1.0,
375762,,,,,,,,14.0,,5.0,,,,,,1.0,,,,,,,,2.0,2.0,
375841,,,,,,,,35.0,,14.0,,,,,,2.0,3.0,,,,,,9.0,3.0,,
375939,,,,,,,,44.0,,25.0,,,,,,3.0,,,,,,0.0,,3.0,,
375966,,,,,,,,15.0,,10.0,,,,,,1.0,1.0,1.0,,,,,,2.0,,
375984,,,,,,,,21.0,,11.0,,,,,,4.0,,,,,,,,4.0,1.0,
376224,,,,,,,,89.0,,26.0,,,,,,23.0,15.0,1.0,3.0,2.0,,5.0,3.0,10.0,,
376242,,,,,,,,55.0,,24.0,,,,,,2.0,3.0,3.0,2.0,2.0,,2.0,1.0,2.0,3.0,3.0
376288,,,,,,,,14.0,,3.0,,,,,,3.0,2.0,0.0,,,,1.0,1.0,0.0,1.0,
376321,,,,,,,,105.0,,19.0,,,,,,22.0,2.0,4.0,2.0,,,,11.0,33.0,1.0,
376330,,,,,,,,27.0,,13.0,,,,,,7.0,,,,,,,,5.0,,
376385,,,,,,,,100.0,,46.0,,,,,,12.0,1.0,1.0,3.0,1.0,,9.0,2.0,21.0,,
376446,,,,,,,,6.0,,3.0,,,,,,1.0,1.0,,,,,,1.0,,,
376631,,,,,,,,5.0,,2.0,,,,,,1.0,0.0,0.0,,,,,,1.0,,
376668,,,,,,,,4.0,,2.0,,,,,,,,,,,,,,0.0,,
376677,,,,,,,,14.0,,9.0,,,,,,,,,,,,,1.0,4.0,,
376695,,,,,,,,188.0,,65.0,2.0,9.0,,,,17.0,7.0,9.0,5.0,5.0,,24.0,1.0,8.0,15.0,3.0
377069,,,,,,,,45.0,,23.0,,,,,,6.0,1.0,1.0,,,,,,12.0,,
377111,,,,,,,,48.0,,28.0,,,,,,9.0,,,,,,2.0,3.0,6.0,,
377193,,,,,,,,5.0,,2.0,,,,,,1.0,,,,,,,1.0,1.0,,
377218,,,,,,,,20.0,,9.0,,,,,,2.0,1.0,,,,,,2.0,6.0,,
377272,,,,,,,,16.0,,4.0,,,,,,2.0,3.0,,,,,,4.0,1.0,2.0,
377281,,,,,,,,22.0,,7.0,,,,,,4.0,4.0,,,,,,3.0,2.0,1.0,
377315,,,,,,,,9.0,,5.0,,,,,,2.0,1.0,,,,,,,1.0,,
377342,,,,,,,,33.0,,9.0,,,,,,5.0,3.0,,,,,,9.0,3.0,,
377449,,,,,,,,42.0,,16.0,,,,,,9.0,,,,,,,,17.0,,
377458,,,,,,,,33.0,,11.0,,,,,,9.0,,,,,,,,13.0,,
377485,,,,,,,,6.0,,4.0,,,,,,1.0,,,,,,,,1.0,,
377546,,,,,,,,17.0,,5.0,,,,,,3.0,,,,,,1.0,4.0,4.0,,
377555,,,,,,,,552.0,,246.0,22.0,,,,,29.0,52.0,25.0,7.0,,,33.0,,38.0,12.0,1.0
377564,,,,,,,,497.0,,259.0,8.0,,,,,22.0,41.0,19.0,8.0,,,15.0,,43.0,13.0,1.0
377652,,,,,,,,25.0,,6.0,,,,,,1.0,,,,,,,5.0,3.0,0.0,
377661,,,,,,,,18.0,,7.0,,,,,,1.0,,,,,,,4.0,1.0,0.0,
377670,,,,,,,,15.0,,4.0,,,,,,1.0,,,,,,,3.0,2.0,0.0,
377722,,,,,,,,48.0,,22.0,,,,,,9.0,2.0,,,,,1.0,,7.0,,
377759,,,,,,,,4.0,,1.0,,,,,,2.0,,,,,,,1.0,,,
378105,,,,,,,,17.0,,6.0,,,,,,6.0,1.0,,,,,,1.0,3.0,,
378406,,,,,,,,61.0,,24.0,,,,,,8.0,2.0,1.0,,,,,,24.0,,
378576,,,,,,,,88.0,,37.0,,,,,,12.0,1.0,1.0,1.0,,,,2.0,26.0,3.0,
378886,,,,,,,,10.0,,5.0,,,,,,2.0,1.0,,,,,,1.0,1.0,,
378956,,,,,,,,104.0,,34.0,,,,,,30.0,10.0,1.0,2.0,,,,9.0,13.0,,
379135,,,,,,,,6.0,,2.0,,,,,,2.0,0.0,,,,,1.0,,,,
379621,,,,,,,,6.0,,3.0,,,,,,1.0,,,,,,,,2.0,,
379746,,,,,,,,4.0,,1.0,,,,,,2.0,,,,,,,,1.0,,
379782,,,,,,,,20.0,,8.0,,,,,,6.0,1.0,1.0,,,,,,1.0,,
380067,,,,,,,,8.0,,2.0,,,,,,2.0,1.0,,,,,2.0,,1.0,,
380094,,,,,,,,11.0,,5.0,,,,,,5.0,,1.0,,,,,,,,
380359,,,,,,,,61.0,,13.0,,,,,,19.0,3.0,4.0,5.0,,,,,9.0,1.0,3.0
380368,,,,,,,,95.0,,42.0,,,,,,5.0,4.0,2.0,2.0,,,2.0,2.0,8.0,3.0,
380377,,,,,,,,177.0,,53.0,2.0,,,,,39.0,2.0,5.0,,,,14.0,,31.0,,
380438,,,,,,,,41.0,,24.0,,,,,,1.0,3.0,,,,,2.0,,2.0,,
380456,,,,,,,,26.0,,7.0,,,,,,5.0,,,,,,,7.0,5.0,1.0,
380465,,,,,,,,73.0,,55.0,,,,,,9.0,2.0,1.0,1.0,,,,,3.0,,
380474,,,,,,,,30.0,,11.0,,,,,,2.0,3.0,,,,,,2.0,4.0,1.0,
381255,,,,,,,,13.0,,5.0,,,,,,1.0,3.0,,,,,1.0,,3.0,,
381282,,,,,,,,12.0,,6.0,,,,,,1.0,2.0,,,,,1.0,,2.0,,
381325,,,,,,,,13.0,,7.0,,,,,,1.0,2.0,,,,,1.0,,2.0,,
381352,,,,,,,,28.0,,11.0,,,,,,2.0,1.0,0.0,,,,,1.0,3.0,,
381361,,,,,,,,21.0,,17.0,,,,,,2.0,1.0,0.0,,,,,,1.0,,
381370,,,,,,,,18.0,,13.0,,,,,,1.0,1.0,,,,,,2.0,1.0,,
381404,,,,,,,,17.0,,7.0,,,,,,2.0,,,,,,,2.0,,,
381459,,,,,,,,27.0,,7.0,,,,,,6.0,2.0,,,,,,,3.0,,
381486,,,,,,,,5.0,,3.0,,,,,,1.0,1.0,,,,,,,,,
381732,,,,,,,,26.0,,8.0,,,,,,3.0,2.0,,,2.0,,,2.0,6.0,,
381866,,,,,,,,8.0,,3.0,,,,,,1.0,1.0,,,,,,,1.0,,
381909,,,,,,,,59.0,,19.0,,,,,,8.0,2.0,1.0,,,,,,27.0,,
381945,,,,,,,,17.0,,5.0,,,,,,2.0,2.0,,,,,0.0,2.0,6.0,,
382063,,,,,,,,49.0,,34.0,,,,,,6.0,,,3.0,,,,,5.0,,
382258,,,,,,,,21.0,,15.0,,,,,,1.0,1.0,1.0,,,,,,2.0,,
382267,,,,,,,,10.0,,6.0,,,,,,1.0,1.0,,,,,,,1.0,1.0,
382276,,,,,,,,50.0,,23.0,,,,,,11.0,4.0,1.0,,,,,3.0,8.0,,
382416,,,,,,,,11.0,,8.0,,,,,,1.0,0.0,,,,,,,2.0,,
382461,,,,,,,,4.0,,3.0,,,,,,,,,,,,,,1.0,,
382504,,,,,,,,43.0,,11.0,,,,,,4.0,,,,,,,20.0,6.0,1.0,
382771,,,,,,,,51.0,,28.0,,,,,,7.0,2.0,,,1.0,,,5.0,6.0,,
382780,,,,,,,,26.0,,11.0,,,,,,2.0,4.0,1.0,,,,,4.0,3.0,,
382896,,,,,,,,28.0,,11.0,,,,,,7.0,,,6.0,,,,,,,
382902,,,,,,,,8.0,,5.0,,,,,,1.0,1.0,,,,,,,1.0,,
382957,,,,,,,,48.0,,29.0,,,,,,4.0,2.0,,,,,,,3.0,,
383020,,,,,,,,10.0,,4.0,,,,,,2.0,,,,,,,,0.0,,
383084,,,,,,,,151.0,,88.0,,,,,,10.0,6.0,2.0,,3.0,,,,14.0,7.0,
383163,,,,,,,,28.0,,14.0,,,,,,2.0,2.0,,,,,2.0,,,,
383172,,,,,,,,7.0,,2.0,,,,,,1.0,2.0,,,,,,,2.0,,
383190,,,,,,,,272.0,,125.0,,,,,,12.0,9.0,8.0,32.0,,,21.0,,36.0,2.0,
383251,,,,,,,,5.0,,4.0,,,,,,1.0,,,,,,,,,,
383279,,,,,,,,22.0,,8.0,,,,,,3.0,1.0,,,,,,2.0,6.0,2.0,
383297,,,,,,,,15.0,,12.0,,,,,,1.0,,,,,,,1.0,1.0,,
383312,,,,,,,,17.0,,11.0,,,,,,1.0,1.0,,0.0,,,,,3.0,,
383330,,,,,,,,25.0,,20.0,,,,,,1.0,,,0.0,,,,,2.0,,
383367,,,,,,,,83.0,,43.0,,,,,,5.0,,3.0,4.0,0.0,,10.0,,10.0,,
383400,,,,,,,,18.0,,6.0,,,,,,2.0,1.0,,,,,5.0,,1.0,,
383464,,,,,,,,18.0,,12.0,,,,,,2.0,,,,,,,,2.0,,
383525,,,,,,,,13.0,,9.0,,,,,,1.0,1.0,,,,,,,3.0,,
383765,,,,,,,,10.0,,6.0,,,,,,2.0,,,,,,,,1.0,,
383792,,,,,,,,7.0,,4.0,,,,,,2.0,,,,,,,,0.0,,
383899,,,,,,,,54.0,,32.0,,,,,,5.0,,,,,,1.0,,1.0,,
383950,,,,,,,,31.0,,15.0,,,,,,6.0,,1.0,,,,0.0,1.0,2.0,,
383996,,,,,,,,41.0,,8.0,,,,,,3.0,6.0,2.0,2.0,,,2.0,,6.0,,
384236,,,,,,,,30.0,,9.0,,,,,,2.0,1.0,,,,,,,,,
384245,,,,,,,,35.0,,12.0,,,,,,3.0,1.0,,1.0,,,,,,,
384254,,,,,,,,101.0,,27.0,,,,,,22.0,2.0,2.0,4.0,1.0,,9.0,,3.0,5.0,2.0
384306,,,,,,,,21.0,,8.0,,3.0,,,,3.0,,,,,,,,,,
384333,,,,,,,,435.0,,225.0,,,,,,22.0,8.0,10.0,23.0,,,21.0,,104.0,4.0,1.0
384342,,,,,,,,368.0,,161.0,,,,,,66.0,16.0,15.0,19.0,0.0,,11.0,,40.0,6.0,
384412,,,,,,,,36.0,,4.0,,,,,,3.0,4.0,1.0,1.0,,,,,,,
384421,,,,,,,,12.0,,5.0,,,,,,1.0,2.0,,,,,,,1.0,3.0,
385008,,,,,,,,20.0,,12.0,,,,,,1.0,2.0,1.0,,,,,,1.0,,
385132,,,,,,,,12.0,,6.0,,,,,,2.0,2.0,,,,,,,1.0,,
385503,,,,,,,,47.0,,26.0,,,,,,5.0,1.0,1.0,,,,1.0,4.0,6.0,0.0,
385549,,,,,,,,12.0,,5.0,,,,,,1.0,,,,,,,2.0,4.0,,
385619,,,,,,,,252.0,,121.0,,,,,,40.0,22.0,,,,,0.0,,65.0,,
386153,,,,,,,,24.0,,14.0,,,,,,4.0,2.0,,,,,,,4.0,,
386472,,,,,,,,56.0,,33.0,,,,,,2.0,,2.0,,,,,,5.0,,
387660,,,,,,,,5.0,,1.0,,,,,,2.0,,,,,,,1.0,1.0,,
387819,,,,,,,,5.0,,3.0,,,,,,1.0,1.0,,,,,,,,0.0,
387925,,,,,,,,14.0,,3.0,,,,,,2.0,3.0,,,,,,2.0,1.0,,
388043,,,,,,,,68.0,,42.0,,,,,,2.0,,,,,,,9.0,15.0,,
388520,,,,,,,,79.0,,21.0,,,,,,16.0,4.0,5.0,13.0,,,2.0,,13.0,,
388663,,,,,,,,11.0,,8.0,,,,,,1.0,1.0,,,,,,,1.0,,
389727,,,,,,,,45.0,,20.0,,,,,,9.0,,,7.0,,,1.0,,2.0,,
389860,,,,,,,,49.0,,38.0,,,,,,3.0,1.0,,,,,,,3.0,,
390701,,,,,,,,45.0,,17.0,,,,,,9.0,1.0,1.0,,,,,,16.0,,
390905,,,,,,,,40.0,,28.0,,,,,,3.0,,,,,,1.0,,2.0,,
391005,,,,,,,,25.0,,10.0,,,,,,7.0,1.0,,,,,4.0,,3.0,,
391546,,,,,,,,11.0,,5.0,,,,,,1.0,1.0,,,,,,,4.0,,
391564,,,,,,,,14.0,,9.0,,,,,,4.0,,,,,,,,1.0,,
391759,,,,,,,,2.0,,2.0,,,,,,,,,,,,,,,,
392257,,,,,,,,118.0,,58.0,,,,,,3.0,,,,,,,,3.0,,
392354,,,,,,,,9.0,,7.0,,,,,,1.0,,,,,,,,0.0,,
392415,,,,,,,,23.0,,7.0,,,,,,5.0,2.0,,,,,,5.0,3.0,,
392798,,,,,,,,5.0,,5.0,,,,,,,,,,,,,,,,
392840,,,,,,,,58.0,,29.0,,,,,,10.0,3.0,3.0,1.0,,,3.0,,6.0,,
393180,,,,,,,,33.0,,12.0,,,,,,2.0,3.0,1.0,2.0,,,0.0,3.0,4.0,1.0,1.0
393524,,,,,,,,9.0,,3.0,,,,,,1.0,1.0,,,,,2.0,,1.0,,
393649,,,,,,,,53.0,,15.0,,,,,,3.0,1.0,,1.0,,,,,,,
393861,,,,,,,,17.0,,10.0,,,,,,2.0,,,,,,,,5.0,,
393977,,,,,,,,8.0,,4.0,,,,,,1.0,1.0,,,,,,,1.0,,
395195,,,,,,,,85.0,,2.0,,,,,,10.0,1.0,3.0,9.0,,,1.0,,15.0,,
395362,,,,,,,,143.0,,73.0,,8.0,,,,6.0,2.0,6.0,0.0,,,9.0,,28.0,,
395690,,,,,,,,38.0,,20.0,,,,,,2.0,2.0,,,,,1.0,,13.0,,
397270,,,,,,,,13.0,,5.0,,,,,,4.0,1.0,,,,,,,2.0,,
397942,,,,,,,,50.0,,15.0,,,,,,3.0,1.0,,1.0,,,,,,,
398130,,,,,,,,61.0,,23.0,,,,,,4.0,2.0,1.0,2.0,,,1.0,7.0,3.0,,
399212,,,,,,,,388.0,,225.0,,,,,,16.0,13.0,8.0,30.0,,,23.0,,55.0,,
399869,,,,,,,,40.0,,15.0,,,,,,6.0,4.0,1.0,,,,2.0,,4.0,,1.0
399911,,,,,,,,192.0,,60.0,,,,,,32.0,5.0,11.0,24.0,2.0,,11.0,2.0,29.0,0.0,3.0
400080,,,,,,,,114.0,,56.0,,,,,,16.0,6.0,2.0,,,,,10.0,19.0,3.0,
400187,,,,,,,,25.0,,12.0,,,,,,,,,,,,,,,,
401223,,,,,,,,16.0,,5.0,,,,,,3.0,2.0,1.0,,,,,,1.0,,
401250,,,,,,,,70.0,,33.0,,,,,,6.0,1.0,,,1.0,,,,19.0,,
401339,,,,,,,,13.0,,4.0,,,,,,2.0,,,,,,1.0,,6.0,,
401481,,,,,,,,6.0,,3.0,,,,,,1.0,,,,,,0.0,,1.0,,
401764,,,,,,,,19.0,,10.0,,,,,,1.0,1.0,,0.0,,,,1.0,6.0,,
402563,,,,,,,,31.0,,17.0,,,,,,4.0,,,,,,,3.0,7.0,,
402615,,,,,,,,22.0,,14.0,,,,,,1.0,4.0,1.0,,,,,,1.0,,
402776,,,,,,,,29.0,,17.0,,,,,,5.0,1.0,1.0,,,,,,2.0,1.0,
402800,,,,,,,,22.0,,9.0,,,,,,3.0,3.0,,,,,1.0,,6.0,,
402828,,,,,,,,61.0,,24.0,,,,,,6.0,,1.0,5.0,,,2.0,,14.0,2.0,
403399,,,,,,,,3.0,,,,,,,,3.0,,,,,,,,,,
403414,,,,,,,,4.0,,4.0,,,,,,,,,,,,,,,,
403469,,,,,,,,75.0,,36.0,,,,,,3.0,3.0,1.0,15.0,,,3.0,,10.0,,
403478,,,,,,,,69.0,,32.0,,,,,,2.0,2.0,1.0,13.0,,,7.0,3.0,7.0,1.0,
403487,,,,,,,,106.0,,50.0,,,,,,4.0,8.0,1.0,15.0,,,12.0,2.0,11.0,1.0,
404037,,,,,,,,3.0,,2.0,,,,,,,1.0,,,,,,,,,
404055,,,,,,,,29.0,,10.0,,,,,,,3.0,1.0,,,,,7.0,2.0,,
404222,,,,,,,,73.0,,26.0,,,,,,17.0,,1.0,,,,7.0,,12.0,1.0,6.0
404338,,,,,,,,25.0,,6.0,,,,,,5.0,2.0,1.0,,,,,4.0,4.0,,
404365,,,,,,,,34.0,,15.0,,,,,,2.0,3.0,,,,,0.0,3.0,1.0,,
404374,,,,,,,,30.0,,13.0,,,,,,1.0,2.0,,,,,,3.0,1.0,,
404383,,,,,,,,43.0,,24.0,,,,,,3.0,3.0,,,,,,3.0,1.0,,
404426,,,,,,,,200.0,,79.0,,,,,,17.0,16.0,17.0,7.0,,,10.0,,34.0,,
404480,,,,,,,,257.0,,,57.0,,,,,20.0,45.0,103.0,2.0,1.0,,8.0,,3.0,9.0,2.0
404499,,,,,,,,34.0,,21.0,,,,,,1.0,2.0,1.0,,,,,,0.0,,
404505,,,,,,,,22.0,,13.0,,,,,,2.0,1.0,,,,,,,1.0,,
404514,,,,,,,,24.0,,13.0,,,,,,1.0,1.0,,,,,,,1.0,,
404684,,,,,,,,71.0,,34.0,,,,,,5.0,1.0,,1.0,,,7.0,10.0,1.0,4.0,
404718,,,,,,,,6.0,,3.0,,,,,,1.0,,,,,,,,2.0,,
404806,,,,,,,,41.0,,20.0,,,,,,4.0,1.0,1.0,5.0,,,,,2.0,2.0,
404912,,,,,,,,55.0,,32.0,,,,,,3.0,,,,,,,,13.0,,
404994,,,,,,,,470.0,,137.0,,,,,,49.0,139.0,8.0,49.0,,,28.0,3.0,26.0,9.0,5.0
405012,,,,,,,,10.0,,7.0,,,,,,1.0,1.0,,,,,,,,,
405021,,,,,,,,8.0,,5.0,,,,,,1.0,1.0,,,,,,,,,
405058,,,,,,,,17.0,,6.0,,,,,,1.0,1.0,,,,,6.0,,3.0,,
405076,,,,,,,,31.0,,11.0,,,,,,4.0,2.0,,,,,,9.0,1.0,,
405748,,,,,,,,15.0,,7.0,,,,,,2.0,,,,,,2.0,,2.0,,
405854,,,,,,,,14.0,,9.0,,,,,,1.0,1.0,,,,,2.0,,1.0,,
405872,,,,,,,,398.0,,140.0,,36.0,,,,19.0,9.0,16.0,19.0,1.0,,30.0,,86.0,,
405997,,,,,,,,75.0,,61.0,,,,,,9.0,1.0,,,,,,,4.0,,
406024,,,,,,,,86.0,,49.0,,,,,,8.0,,1.0,,,,1.0,,23.0,,
406033,,,,,,,,105.0,,60.0,,,,,,9.0,,1.0,,,,1.0,,30.0,,
406149,,,,,,,,18.0,,10.0,,,,,,2.0,1.0,,,,,,,3.0,,
406200,,,,,,,,271.0,,73.0,,3.0,,,,37.0,23.0,13.0,,,,24.0,14.0,33.0,,10.0
406325,,,,,,,,25.0,,15.0,,,,,,6.0,,,,,,,,4.0,,
406361,,,,,,,,6.0,,3.0,,,,,,,,,,,,,,2.0,,
406413,,,,,,,,11.0,,4.0,,,,,,3.0,2.0,,,,,,,1.0,,
406422,,,,,,,,12.0,,8.0,,,,,,1.0,,,,,,,,2.0,,
406486,,,,,,,,17.0,,11.0,,,,,,1.0,,,,,,,,5.0,,
406495,,,,,,,,19.0,,6.0,,,,,,1.0,1.0,,,,,,,4.0,,
406547,,,,,,,,56.0,,24.0,,,,,,11.0,3.0,1.0,11.0,,,,,5.0,,
407009,,,,,,,,614.0,,247.0,1.0,1.0,,,,72.0,45.0,39.0,62.0,,,21.0,2.0,59.0,15.0,3.0
407054,,,,,,,,16.0,,8.0,,,,,,1.0,1.0,,,,,,2.0,1.0,,
407063,,,,,,,,66.0,,32.0,,,,,,7.0,1.0,1.0,,,,,,23.0,,
407090,,,,,,,,23.0,,10.0,,,,,,3.0,1.0,,,,,,,8.0,1.0,
407142,,,,,,,,11.0,,6.0,,,,,,1.0,2.0,,,,,,,2.0,,
407151,,,,,,,,6.0,,4.0,,,,,,1.0,1.0,,,,,,,,,
407179,,,,,,,,11.0,,7.0,,,,,,2.0,,,,,,,,2.0,,
407285,,,,,,,,11.0,,4.0,,,,,,2.0,,,,,,,,1.0,,
407319,,,,,,,,45.0,,22.0,,,,,,6.0,1.0,1.0,,,,,,14.0,,
407328,,,,,,,,16.0,,10.0,,,,,,1.0,,,,,,,,2.0,,
407355,,,,,,,,36.0,,15.0,,,,,,4.0,2.0,,,,,,7.0,8.0,,
407391,,,,,,,,14.0,,11.0,,,,,,,,,,,,,,3.0,0.0,
407407,,,,,,,,13.0,,10.0,,,,,,,,,,,,,,3.0,,
407425,,,,,,,,10.0,,8.0,,,,,,,,,,,,,,2.0,,
407434,,,,,,,,17.0,,7.0,,,,,,2.0,1.0,,,,,,,3.0,2.0,
407452,,,,,,,,27.0,,22.0,,,,,,3.0,,,,,,,,2.0,,
407461,,,,,,,,34.0,,26.0,,,,,,2.0,2.0,,0.0,,,0.0,,4.0,,
407470,,,,,,,,12.0,,8.0,,,,,,2.0,,,,,,,,1.0,,
407489,,,,,,,,23.0,,16.0,,,,,,2.0,,,,,,,,2.0,,
407513,,,,,,,,41.0,,22.0,,,,,,5.0,,,,,,0.0,,4.0,,
407522,,,,,,,,11.0,,1.0,,,,,,1.0,0.0,,,,,,,4.0,0.0,
407568,,,,,,,,15.0,,3.0,,,,,,1.0,2.0,,,,,3.0,,5.0,,
407577,,,,,,,,52.0,,23.0,,,,,,12.0,4.0,,,,,8.0,,3.0,,
407595,,,,,,,,16.0,,8.0,,,,,,1.0,4.0,,,,,,,3.0,,
407610,,,,,,,,6.0,,3.0,,,,,,2.0,,,,,,,,1.0,,
407629,,,,,,,,555.0,,190.0,,,,,,47.0,6.0,14.0,20.0,4.0,,71.0,,86.0,11.0,
407683,,,,,,,,15.0,,7.0,,,,,,3.0,1.0,,,,,1.0,1.0,1.0,1.0,
407708,,,,,,,,35.0,,15.0,,,,,,3.0,1.0,,,,,1.0,,1.0,,
407735,,,,,,,,8.0,,5.0,,,,,,1.0,,,,,,,,1.0,,
407832,,,,,,,,40.0,,22.0,,,,,,1.0,,,,,,1.0,,6.0,,
408039,,,,,,,,36.0,,14.0,,,,,,12.0,,,,,,,,8.0,0.0,
408066,,,,,,,,16.0,,5.0,,,,,,4.0,1.0,,,,,,1.0,3.0,,
408163,,,,,,,,12.0,,6.0,,,,,,1.0,1.0,,,,,,,4.0,,
408312,,,,,,,,15.0,,10.0,,,,,,1.0,1.0,,,,,,1.0,1.0,,
408385,,,,,,,,35.0,,13.0,,,,,,5.0,2.0,,,,,,10.0,2.0,,
408729,,,,,,,,19.0,,12.0,,,,,,2.0,2.0,,,,,,2.0,1.0,,
408844,,,,,,,,248.0,,91.0,,,,,,12.0,,,5.0,,,,,127.0,7.0,
408862,,,,,,,,35.0,,23.0,,,,,,9.0,1.0,1.0,,,,,,1.0,,
409032,,,,,,,,21.0,,12.0,,,,,,,2.0,,,,,,,4.0,3.0,
409069,,,,,,,,62.0,,28.0,,,,,,7.0,2.0,1.0,,,,,,22.0,,
409120,,,,,,,,21.0,,16.0,,,,,,2.0,1.0,,,,,,,2.0,,
409193,,,,,,,,34.0,,13.0,,,,,,2.0,1.0,1.0,1.0,,,2.0,,10.0,1.0,
409254,,,,,,,,154.0,,22.0,10.0,,,,,27.0,3.0,7.0,45.0,11.0,,,,25.0,,
409315,,,,,,,,1692.0,,742.0,,,,,,116.0,96.0,104.0,54.0,,,107.0,,228.0,28.0,16.0
409379,,,,,,,,132.0,,,,,,,,28.0,4.0,11.0,6.0,,,,,31.0,,
409537,,,,,,,,6.0,,4.0,,,,,,1.0,,,,,,,,1.0,,
409591,,,,,,,,16.0,,9.0,,,,,,2.0,,,,,,,,3.0,,
409616,,,,,,,,73.0,,31.0,,,,,,16.0,,,2.0,,,,,16.0,,
409698,,,,,,,,803.0,,301.0,,,,,,54.0,113.0,67.0,95.0,4.0,,13.0,,99.0,24.0,9.0
410070,,,,,,,,36.0,,21.0,,,,,,6.0,1.0,,,,,2.0,5.0,1.0,,
410283,,,,,,,,53.0,,17.0,,,,,,12.0,,,,,,,,21.0,,
410496,,,,,,,,49.0,,24.0,,,,,,4.0,,,13.0,,,0.0,,4.0,,
410502,,,,,,,,105.0,,52.0,,,,,,14.0,1.0,,,,,,,34.0,,
410520,,,,,,,,28.0,,9.0,,,,,,7.0,,1.0,,,,,1.0,9.0,,
410788,,,,,,,,62.0,,13.0,,,,,,5.0,,,,,,36.0,,4.0,,
410797,,,,,,,,20.0,,7.0,,,,,,5.0,4.0,,,,,,,1.0,,
410964,,,,,,,,4.0,,2.0,,,,,,1.0,1.0,,,,,,,0.0,,
411684,,,,,,,,19.0,,8.0,,,,,,7.0,,,,,,,,2.0,,
411754,,,,,,,,5.0,,4.0,,,,,,1.0,,,,,,,,,,
412003,,,,,,,,6.0,,3.0,,,,,,3.0,,,,,,,,,,
412173,,,,,,,,37.0,,25.0,,,,,,4.0,1.0,,,,,,,6.0,,
412535,,,,,,,,5.0,,3.0,,,,,,0.0,0.0,,,,,,,1.0,0.0,
412544,,,,,,,,14.0,,8.0,,,,,,2.0,1.0,,,,,,,2.0,,
412599,,,,,,,,66.0,,37.0,,,,,,7.0,1.0,1.0,,,,4.0,6.0,9.0,,
412650,,,,,,,,13.0,,9.0,,,,,,1.0,,,,,,,1.0,2.0,,
413176,,,,,,,,17.0,,9.0,,,,,,2.0,2.0,,,2.0,,,,1.0,,
413343,,,,,,,,4.0,,2.0,,,,,,1.0,,,,,,,,1.0,,
413413,,,,,,,,2038.0,,669.0,,,,,,191.0,621.0,141.0,290.0,,,,19.0,103.0,,
413617,,,,,,,,112.0,,26.0,,,,,,20.0,7.0,6.0,15.0,,,3.0,,21.0,2.0,
413626,,,,,,,,62.0,,25.0,,,,,,4.0,6.0,4.0,,,,,,2.0,5.0,
413680,,,,,,,,44.0,,17.0,,,,,,7.0,,0.0,,,,3.0,7.0,4.0,,
413778,,,,,,,,30.0,,19.0,,,,,,3.0,,,,,,,,2.0,0.0,
413802,,,,,,,,34.0,,15.0,,,,,,2.0,3.0,1.0,,,,,,,,
413820,,,,,,,,6.0,,2.0,,,,,,1.0,1.0,,,,,,,1.0,,
413839,,,,,,,,44.0,,20.0,,,,,,4.0,,1.0,,,,,,18.0,,
413848,,,,,,,,34.0,,11.0,,,,,,7.0,1.0,1.0,,,,,,12.0,,
413857,,,,,,,,38.0,,16.0,,,,,,5.0,1.0,1.0,,,,,,14.0,,
413866,,,,,,,,28.0,,12.0,,,,,,4.0,,1.0,,,,,,10.0,,
413884,,,,,,,,52.0,,22.0,,,,,,6.0,2.0,1.0,,,,,,19.0,,
413893,,,,,,,,21.0,,4.0,,,,,,2.0,1.0,,,,,0.0,,,,
413945,,,,,,,,13.0,,7.0,,,,,,1.0,1.0,,,,,,,3.0,1.0,
413972,,,,,,,,7.0,,7.0,,,,,,,,,,,,,,,,
414054,,,,,,,,9.0,,6.0,,,,,,1.0,,,,,,,,1.0,,
414063,,,,,,,,18.0,,10.0,,,,,,1.0,2.0,,,,,2.0,1.0,1.0,,
414124,,,,,,,,38.0,,20.0,,,,,,4.0,1.0,,1.0,,,3.0,3.0,1.0,1.0,
414452,,,,,,,,5.0,,3.0,,,,,,1.0,,,,,,,,1.0,,
414461,,,,,,,,292.0,,147.0,,,,,,18.0,26.0,4.0,,2.0,,,,4.0,25.0,
414489,,,,,,,,12.0,,4.0,,,,,,1.0,,,,,,,,7.0,,
414531,,,,,,,,23.0,,8.0,,,,,,5.0,,1.0,,,,,,8.0,,
414540,,,,,,,,46.0,,17.0,,,,,,5.0,,1.0,,,,4.0,5.0,14.0,,
414568,,,,,,,,56.0,,26.0,,,,,,6.0,2.0,1.0,,,,,,19.0,,
414586,,,,,,,,51.0,,21.0,,,,,,7.0,1.0,1.0,,,,,,20.0,,
414595,,,,,,,,79.0,,43.0,2.0,,,,,7.0,,1.0,,,,,2.0,16.0,3.0,
414823,,,,,,,,194.0,,74.0,,,,,,31.0,22.0,2.0,29.0,2.0,,9.0,,12.0,6.0,
414841,,,,,,,,29.0,,10.0,,,,,,3.0,2.0,1.0,,,,,,12.0,,
414869,,,,,,,,12.0,,9.0,,,,,,,,,,,,,,1.0,,
414911,,,,,,,,140.0,,54.0,,2.0,,,,24.0,7.0,7.0,8.0,,,12.0,,23.0,1.0,
414939,,,,,,,,16.0,,6.0,,,,,,1.0,,,,,,,3.0,6.0,,
414966,,,,,,,,40.0,,13.0,0.0,1.0,,,,0.0,4.0,2.0,2.0,,,1.0,3.0,5.0,1.0,
415039,,,,,,,,8.0,,4.0,,,,,,1.0,,,,,,,,1.0,,
415057,,,,,,,,32.0,,9.0,,,,,,4.0,2.0,,,,,,,6.0,,
415729,,,,,,,,6.0,,3.0,,,,,,1.0,,1.0,,,,,,,1.0,
415987,,,,,,,,29.0,,13.0,,,,,,4.0,2.0,,,,,,4.0,1.0,,
416458,,,,,,,,41.0,,11.0,,,,,,4.0,7.0,2.0,,,,1.0,3.0,2.0,3.0,
416670,,,,,,,,10.0,,6.0,,,,,,1.0,1.0,,,,,,1.0,1.0,,
416801,,,,,,,,18145.0,,1228.0,665.0,11.0,,,,1309.0,1389.0,2342.0,344.0,4764.0,,3689.0,77.0,2023.0,207.0,84.0
416971,,,,,,,,4.0,,3.0,,,,,,,,,,,,,,1.0,,
416980,,,,,,,,5.0,,4.0,,,,,,,,,,,,,,1.0,,
417008,,,,,,,,16.0,,6.0,,,,,,2.0,2.0,,,,,,4.0,2.0,,
417062,,,,,,,,6.0,,4.0,,,,,,1.0,,,,,,,,1.0,,
417105,,,,,,,,55.0,,22.0,,,,,,3.0,,1.0,,,,18.0,,10.0,,
417123,,,,,,,,23.0,,10.0,,,,,,2.0,2.0,,,,,4.0,,3.0,,
417178,,,,,,,,9.0,,7.0,,,,,,1.0,,,,,,,,0.0,,
417187,,,,,,,,4.0,,4.0,,,,,,,,,,,,,,0.0,,
417248,,,,,,,,6.0,,3.0,,,,,,1.0,1.0,,,,,,,,1.0,
417257,,,,,,,,5.0,,5.0,,,,,,,,,,,,,,0.0,,
417275,,,,,,,,1.0,,1.0,,,,,,,,,,,,,,,,
417318,,,,,,,,9.0,,1.0,,,,,,2.0,,1.0,,,,1.0,,1.0,,
417327,,,,,,,,49.0,,17.0,,,,,,13.0,3.0,1.0,10.0,,,,,4.0,,
417381,,,,,,,,10.0,,7.0,,,,,,1.0,,,,,,,,1.0,,
417406,,,,,,,,10.0,,3.0,,,,,,1.0,3.0,,,,,,1.0,1.0,,
417442,,,,,,,,12.0,,6.0,,,,,,2.0,1.0,,,,,1.0,,1.0,1.0,
417503,,,,,,,,49.0,,18.0,,,,,,2.0,,,,,,5.0,4.0,11.0,,
417549,,,,,,,,32.0,,12.0,,,,,,2.0,2.0,,,,,7.0,2.0,4.0,,
417600,,,,,,,,4.0,,3.0,,,,,,,0.0,,,,,,,0.0,,
417628,,,,,,,,18.0,,10.0,,,,,,1.0,,,,,,,,2.0,2.0,
417637,,,,,,,,21.0,,11.0,,,,,,5.0,,0.0,,,,0.0,,2.0,,
417646,,,,,,,,19.0,,12.0,,,,,,2.0,,,1.0,,,1.0,,2.0,,
417655,,,,,,,,6.0,,4.0,,,,,,1.0,,,,,,,,1.0,,
417673,,,,,,,,24.0,,1.0,,,,,,1.0,2.0,2.0,1.0,4.0,,4.0,,3.0,2.0,
417682,,,,,,,,8.0,,2.0,,,,,,3.0,1.0,,1.0,,,,,1.0,,
417716,,,,,,,,19.0,,11.0,,,,,,2.0,1.0,,,,,,,4.0,,
417725,,,,,,,,10.0,,7.0,,,,,,,,,,,,,,3.0,,
417734,,,,,,,,34.0,,19.0,,,,,,9.0,,,,,,,,5.0,,
417752,,,,,,,,15.0,,6.0,,,,,,2.0,1.0,,,,,,,1.0,,
417789,,,,,,,,8.0,,4.0,,,,,,1.0,1.0,,,,,,,2.0,,
417804,,,,,,,,9.0,,4.0,,,,,,1.0,1.0,,,,,,,2.0,,
417831,,,,,,,,9.0,,4.0,,,,,,2.0,,,,,,,,3.0,,
417840,,,,,,,,28.0,,10.0,,,,,,8.0,1.0,0.0,,1.0,,,2.0,4.0,,
417868,,,,,,,,82.0,,35.0,,,,,,4.0,8.0,,4.0,2.0,,13.0,,5.0,,
417886,,,,,,,,9.0,,7.0,,,,,,1.0,0.0,,,,,,,0.0,,
417910,,,,,,,,29.0,,21.0,,,,,,,3.0,,,,,,,3.0,,
417947,,,,,,,,5.0,,4.0,,,,,,,,,,,,,,1.0,,
417983,,,,,,,,6.0,,3.0,,,,,,,0.0,,,1.0,,,,1.0,,
417992,,,,,,,,6.0,,5.0,,,,,,,,,,,,,,1.0,,
418001,,,,,,,,16.0,,10.0,,,,,,2.0,1.0,,,,,,,1.0,,
418010,,,,,,,,9.0,,7.0,,,,,,1.0,,,,,,,,1.0,,
418029,,,,,,,,4.0,,2.0,,,,,,1.0,1.0,,,,,,,,,
418038,,,,,,,,21.0,,9.0,,,,,,2.0,2.0,1.0,2.0,0.0,,1.0,,2.0,,
418056,,,,,,,,11.0,,6.0,,,,,,2.0,1.0,,,,,,,1.0,,
418065,,,,,,,,22.0,,12.0,,,,,,3.0,,,,,,,,6.0,,
418083,,,,,,,,4.0,,3.0,,,,,,,1.0,,,,,,,,,
418126,,,,,,,,73.0,,40.0,,,,,,2.0,1.0,1.0,,,,5.0,3.0,3.0,,
418171,,,,,,,,6.0,,2.0,,,,,,2.0,,,,,,,,2.0,,
418199,,,,,,,,19.0,,12.0,,,,,,1.0,,,,,,,,2.0,,
418205,,,,,,,,60.0,,44.0,,,,,,8.0,1.0,,,,,,,4.0,,
418223,,,,,,,,11.0,,8.0,,,,,,1.0,1.0,,,,,,,1.0,,
418250,,,,,,,,37.0,,24.0,,,,,,1.0,2.0,2.0,,1.0,,,0.0,5.0,2.0,
418269,,,,,,,,13.0,,5.0,,,,,,1.0,1.0,,1.0,,,,1.0,1.0,,
418278,,,,,,,,26.0,,22.0,,,,,,1.0,0.0,,,,,,0.0,2.0,,
418296,,,,,,,,108.0,,28.0,,,,,,10.0,1.0,3.0,1.0,,,5.0,,14.0,,14.0
418302,,,,,,,,119.0,,54.0,,,,,,8.0,8.0,3.0,4.0,0.0,,19.0,,17.0,,
418320,,,,,,,,107.0,,49.0,,,,,,6.0,1.0,,,,,16.0,,10.0,,1.0
418339,,,,,,,,44.0,,17.0,,,,,,2.0,,1.0,2.0,,,10.0,,10.0,,2.0
418348,,,,,,,,71.0,,19.0,,,,,,4.0,1.0,3.0,,,,26.0,,7.0,7.0,
418357,,,,,,,,41.0,,13.0,,,,,,3.0,1.0,2.0,1.0,,,8.0,,7.0,,
418384,,,,,,,,6.0,,1.0,,,,,,1.0,1.0,,,,,,,2.0,,
418409,,,,,,,,44.0,,32.0,,,,,,6.0,,,,,,,,6.0,,
418427,,,,,,,,11.0,,8.0,,,,,,1.0,,,,,,,,2.0,,
418445,,,,,,,,3.0,,1.0,,,,,,1.0,0.0,0.0,,,,,,0.0,,
418454,,,,,,,,41.0,,21.0,,,,,,5.0,1.0,,,,,,,4.0,7.0,
418481,,,,,,,,5.0,,3.0,,,,,,1.0,,,,,,,,1.0,,
418515,,,,,,,,12.0,,7.0,,,,,,2.0,1.0,,,,,,,2.0,,
418524,,,,,,,,7.0,,5.0,,,,,,1.0,,,,,,,,1.0,,
418533,,,,,,,,210.0,,133.0,,,,,,18.0,,,,,,27.0,,18.0,,
418542,,,,,,,,9.0,,6.0,,,,,,2.0,,,,,,,,1.0,,
418560,,,,,,,,52.0,,33.0,,,,,,4.0,1.0,1.0,1.0,,,2.0,,6.0,1.0,
418588,,,,,,,,4.0,,2.0,,,,,,1.0,,,,,,,,1.0,,
418603,,,,,,,,6.0,,3.0,,,,,,1.0,,,,,,,,2.0,,
418612,,,,,,,,3.0,,1.0,,,,,,1.0,,,,,,,,1.0,,
418658,,,,,,,,48.0,,27.0,,,,,,9.0,,,,,,1.0,5.0,4.0,1.0,
418755,,,,,,,,8.0,,3.0,,,,,,1.0,,,,,,0.0,,3.0,,
418764,,,,,,,,20.0,,5.0,,,,,,1.0,1.0,,,,,1.0,1.0,7.0,2.0,
418773,,,,,,,,60.0,,53.0,,,,,,5.0,,,,,,2.0,,,,
418782,,,,,,,,30.0,,10.0,,,,,,2.0,,,,,,,,13.0,2.0,
418870,,,,,,,,26.0,,14.0,,,,,,1.0,3.0,,,,,1.0,3.0,1.0,,
418889,,,,,,,,15.0,,4.0,,,,,,6.0,,1.0,,,,2.0,,1.0,,
418913,,,,,,,,4.0,,2.0,,,,,,,,,,,,,,1.0,,
418968,,,,,,,,7.0,,4.0,,,,,,1.0,1.0,,,,,,1.0,,,
419031,,,,,,,,5.0,,3.0,,,,,,1.0,0.0,,,,,1.0,,0.0,,
419095,,,,,,,,9.0,,8.0,,,,,,,,,,,,,,1.0,,
419147,,,,,,,,2.0,,1.0,,,,,,,,,,,,,,,,
419156,,,,,,,,18.0,,5.0,,,,,,2.0,1.0,,,,,,1.0,1.0,0.0,
419183,,,,,,,,11.0,,5.0,,,,,,1.0,2.0,,,,,,,1.0,,
419217,,,,,,,,15.0,,9.0,,,,,,,,,,2.0,,,,4.0,,
419226,,,,,,,,137.0,,44.0,,,,,,7.0,5.0,1.0,2.0,3.0,,3.0,,18.0,,
419235,,,,,,,,21.0,,9.0,,,,,,3.0,4.0,,,,,1.0,,4.0,,
419244,,,,,,,,17.0,,4.0,,,,,,2.0,2.0,1.0,,,,,,2.0,,
419253,,,,,,,,23.0,,8.0,,,,,,2.0,1.0,0.0,4.0,,,,2.0,2.0,,
419271,,,,,,,,2.0,,1.0,,,,,,,,,,,,,,1.0,,
419280,,,,,,,,4.0,,2.0,,,,,,,,,,2.0,,,,,,
419314,,,,,,,,2.0,,1.0,,,,,,1.0,,,,,,,,,,
419332,,,,,,,,60.0,,26.0,,,,,,3.0,1.0,,,,,,,5.0,7.0,
419341,,,,,,,,11.0,,5.0,,,,,,3.0,1.0,,,,,1.0,,1.0,,
419411,,,,,,,,18.0,,7.0,,,,,,4.0,2.0,,,,,,1.0,2.0,,
419420,,,,,,,,37.0,,3.0,,,,,,2.0,2.0,,,,,3.0,,2.0,,
419457,,,,,,,,65.0,,36.0,,,,,,10.0,,,0.0,,,,,13.0,,
419484,,,,,,,,3.0,,1.0,,,,,,1.0,,,,,,,,1.0,,
419633,,,,,,,,8.0,,4.0,,,,,,2.0,1.0,,,,,,,1.0,,
419660,,,,,,,,26.0,,10.0,,,,,,2.0,2.0,,,,,1.0,,11.0,,
419703,,,,,,,,67.0,,23.0,,,,,,4.0,,,,,,,,26.0,7.0,
419712,,,,,,,,29.0,,10.0,,,,,,2.0,,,,,,,,12.0,2.0,
419721,,,,,,,,30.0,,10.0,,,,,,3.0,,,,,,,,11.0,2.0,
420006,,,,,,,,37.0,,14.0,,,,,,8.0,1.0,,,,,,,13.0,,
420024,,,,,,,,32.0,,10.0,,,,,,8.0,,,,,,,,14.0,,
420042,,,,,,,,68.0,,53.0,,,,,,7.0,,,1.0,,,,,7.0,,
420103,,,,,,,,19.0,,5.0,,,,,,2.0,3.0,,,,,,2.0,2.0,,
420130,,,,,,,,18.0,,9.0,,,,,,2.0,1.0,,,,,,2.0,1.0,,
420200,,,,,,,,3.0,,2.0,,,,,,1.0,,,,,,,,,,
420246,,,,,,,,137.0,,44.0,,,,,,20.0,7.0,3.0,2.0,18.0,,7.0,,29.0,,
420255,,,,,,,,10.0,,5.0,,,,,,2.0,,,,,,1.0,,1.0,1.0,
420307,,,,,,,,210.0,,99.0,,,,,,21.0,2.0,2.0,47.0,,,1.0,,2.0,,
420316,,,,,,,,60.0,,26.0,,,,,,10.0,,1.0,13.0,,,1.0,,2.0,,
420325,,,,,,,,4.0,,3.0,,,,,,,1.0,,,,,,,,,
420343,,,,,,,,50.0,,29.0,,,,,,13.0,1.0,,,,,,,4.0,,
420370,,,,,,,,59.0,,17.0,,,,,,10.0,3.0,1.0,,,,,,20.0,,
420398,,,,,,,,562.0,,303.0,,,,,,7.0,6.0,27.0,9.0,,,16.0,,49.0,9.0,1.0
420404,,,,,,,,27.0,,9.0,,,,,,5.0,,1.0,,,,,,11.0,,
420431,,,,,,,,218.0,,90.0,,,,,,12.0,18.0,7.0,1.0,,,24.0,,43.0,,
420440,,,,,,,,119.0,,65.0,,,,,,14.0,6.0,2.0,5.0,,,4.0,,7.0,,
420459,,,,,,,,47.0,,18.0,,,,,,3.0,,1.0,2.0,,,10.0,,10.0,,2.0
420468,,,,,,,,36.0,,24.0,,,,,,3.0,0.0,,3.0,,,,,5.0,,
420495,,,,,,,,13.0,,7.0,,,,,,1.0,1.0,,,,,,,1.0,,
420538,,,,,,,,131.0,,59.0,,,,,,15.0,1.0,5.0,3.0,,,9.0,,27.0,2.0,4.0
420556,,,,,,,,100.0,,46.0,,,,,,18.0,2.0,3.0,,,,8.0,,12.0,,
420574,,,,,,,,422.0,,199.0,1.0,,,,,41.0,27.0,39.0,28.0,,,6.0,1.0,34.0,21.0,5.0
420608,,,,,,,,12.0,,5.0,,,,,,,,,,,,,3.0,3.0,1.0,
420705,,,,,,,,10.0,,4.0,,,,,,2.0,1.0,0.0,,,,,,1.0,,
420723,,,,,,,,46.0,,20.0,,,,,,10.0,,1.0,,,,1.0,1.0,6.0,,
420802,,,,,,,,25.0,,,1.0,,,,,6.0,5.0,1.0,6.0,,,,,5.0,,
420866,,,,,,,,35.0,,22.0,,,,,,4.0,,,,,,,,6.0,,
420981,,,,,,,,37.0,,16.0,,,,,,7.0,3.0,2.0,,,,1.0,,4.0,,
421513,,,,,,,,16.0,,5.0,,,,,,4.0,,,,,,,,5.0,,
421540,,,,,,,,29.0,,10.0,,,,,,4.0,,,,,,4.0,,2.0,,
421559,,,,,,,,20.0,,8.0,,,,,,1.0,,,,,,2.0,,2.0,,1.0
421586,,,,,,,,5.0,,1.0,,,,,,2.0,2.0,,,,,,,,,
421610,,,,,,,,6.0,,4.0,,,,,,2.0,,,,,,,,,,
421665,,,,,,,,3.0,,1.0,,,,,,,,,,,,,,,,
421708,,,,,,,,84.0,,27.0,,,,,,12.0,4.0,2.0,,,,1.0,8.0,9.0,,
421717,,,,,,,,7.0,,4.0,,,,,,2.0,0.0,,,,,,,1.0,,
421771,,,,,,,,7.0,,2.0,,,,,,1.0,1.0,,,,,1.0,1.0,1.0,,
421832,,,,,,,,91.0,,30.0,,,,,,4.0,10.0,,,,,3.0,11.0,24.0,,
421841,,,,,,,,54.0,,15.0,,,,,,10.0,3.0,2.0,4.0,,,1.0,,3.0,,
421878,,,,,,,,45.0,,15.0,10.0,,,,,7.0,1.0,1.0,,,,,2.0,4.0,1.0,
421896,,,,,,,,35.0,,12.0,,,,,,5.0,,,,,,,1.0,12.0,1.0,1.0
422190,,,,,,,,7.0,,3.0,,,,,,1.0,1.0,,,,,,,1.0,1.0,
422695,,,,,,,,22.0,,9.0,,,,,,4.0,1.0,,,,,,2.0,5.0,,
422835,,,,,,,,27.0,,12.0,,,,,,4.0,4.0,,,,,,3.0,4.0,,
423120,,,,,,,,40.0,,13.0,,,,,,7.0,1.0,,,,,,2.0,15.0,1.0,
423397,,,,,,,,12.0,,1.0,,,,,,1.0,1.0,1.0,1.0,,,,,2.0,1.0,
423643,,,,,,,,705.0,,295.0,25.0,,,,,29.0,10.0,18.0,18.0,29.0,,91.0,,183.0,,
423652,,,,,,,,52.0,,24.0,,,,,,7.0,3.0,,4.0,,,1.0,,5.0,,
423980,,,,,,,,104.0,,41.0,,,,,,6.0,9.0,1.0,,,,7.0,26.0,3.0,,
425250,,,,,,,,15.0,,9.0,,,,,,1.0,3.0,,,,,,1.0,1.0,,
425889,,,,,,,,30.0,,13.0,,,,,,6.0,1.0,,,,,,,6.0,,
425986,,,,,,,,20.0,,11.0,,,,,,2.0,,1.0,,,,1.0,,1.0,,
426314,,,,,,,,706.0,,296.0,,,,,,116.0,151.0,13.0,,,,2.0,,33.0,,
427025,,,,,,,,275.0,,114.0,,,,,,41.0,1.0,10.0,,,,,8.0,7.0,4.0,
427308,,,,,,,,16.0,,8.0,,,,,,3.0,,1.0,,,,0.0,,2.0,1.0,
427335,,,,,,,,2.0,,1.0,,,,,,,,,,,,,,,,
427663,,,,,,,,46.0,,16.0,,,,,,7.0,1.0,1.0,,,,,,20.0,,
427894,,,,,,,,9.0,,5.0,,,,,,1.0,2.0,,,,,,,1.0,,
427919,,,,,,,,11.0,,5.0,,,,,,1.0,1.0,,,,,,,3.0,,
427973,,,,,,,,35.0,,14.0,,,,,,4.0,,,,,,,,16.0,,
427982,,,,,,,,36.0,,12.0,,,,,,10.0,,,,,,,,14.0,,
427991,,,,,,,,113.0,,78.0,,,,,,4.0,,1.0,,,,6.0,,23.0,,
428000,,,,,,,,27.0,,,,,,,,3.0,3.0,1.0,1.0,,,2.0,2.0,4.0,5.0,
428019,,,,,,,,28.0,,11.0,,,,,,4.0,,1.0,,,,2.0,,4.0,4.0,
428055,,,,,,,,31.0,,15.0,,,,,,1.0,1.0,,,,,2.0,,4.0,,
428073,,,,,,,,3.0,,2.0,,,,,,,1.0,,,,,,,,,
428125,,,,,,,,11.0,,4.0,,,,,,1.0,2.0,,,,,,,2.0,1.0,
428143,,,,,,,,24.0,,11.0,,,,,,6.0,1.0,,,,,2.0,2.0,2.0,,
428170,,,,,,,,251.0,,131.0,,,,,,30.0,22.0,,,,,0.0,,68.0,,
428259,,,,,,,,21.0,,13.0,,,,,,3.0,2.0,,,,,,2.0,1.0,,
428268,,,,,,,,39.0,,19.0,,,,,,6.0,,,,,,,,11.0,,
428286,,,,,,,,66.0,,31.0,,,,,,9.0,,,,,,,,23.0,,
428295,,,,,,,,11.0,,7.0,,,,,,1.0,,,,,,,1.0,2.0,,
428329,,,,,,,,13.0,,6.0,,,,,,1.0,,1.0,,,,,1.0,4.0,,
428392,,,,,,,,147.0,,58.0,,,,,,18.0,7.0,5.0,1.0,,,11.0,1.0,12.0,,
428426,,,,,,,,121.0,,,,,,,,32.0,23.0,18.0,20.0,,,15.0,,11.0,,1.0
428444,,,,,,,,98.0,,48.0,,,,,,12.0,,,,,,,,35.0,,
429012,,,,,,,,232.0,,106.0,,,,,,27.0,8.0,3.0,,,,15.0,6.0,19.0,31.0,6.0
429085,,,,,,,,20.0,,11.0,,,,,,2.0,1.0,,,1.0,,,,2.0,,
429094,,,,,,,,45.0,,19.0,,,,,,7.0,2.0,1.0,1.0,,,2.0,3.0,3.0,1.0,
429100,,,,,,,,15.0,,5.0,,,,,,7.0,1.0,,,,,,,1.0,,
429128,,,,,,,,34.0,,20.0,,,,,,1.0,4.0,,,,,,,2.0,,
429599,,,,,,,,38.0,,13.0,,,,,,6.0,1.0,1.0,,,,,,15.0,,
430087,,,,,,,,62.0,,32.0,,,,,,3.0,9.0,1.0,,,,,9.0,1.0,,
430096,,,,,,,,24.0,,15.0,,,,,,4.0,,,,,,,,1.0,3.0,
430157,,,,,,,,13.0,,8.0,,,,,,2.0,,,2.0,,,,,,,
430166,,,,,,,,13.0,,6.0,,,,,,3.0,,,2.0,,,,,1.0,,
430184,,,,,,,,98.0,,50.0,,,,,,9.0,,1.0,,,,,18.0,7.0,,
430218,,,,,,,,11.0,,8.0,,,,,,1.0,,,,,,,,1.0,,
430227,,,,,,,,9.0,,6.0,,,,,,1.0,,,,,,,,1.0,,
430245,,,,,,,,39.0,,14.0,,,,,,5.0,1.0,,,,,,12.0,2.0,,
430254,,,,,,,,10.0,,2.0,,,,,,2.0,1.0,,,,,,1.0,,,
430263,,,,,,,,49.0,,18.0,,,,,,7.0,1.0,1.0,,,,,,20.0,,
430306,,,,,,,,4.0,,,,,,,,2.0,1.0,,,,,,,,,
430342,,,,,,,,12.0,,5.0,,,,,,1.0,3.0,,,,,1.0,,2.0,,
430351,,,,,,,,26.0,,14.0,,,,,,3.0,,1.0,,,,,,8.0,,
430360,,,,,,,,15.0,,9.0,,,,,,3.0,,1.0,,,,,,1.0,,
430379,,,,,,,,48.0,,16.0,,,,,,8.0,2.0,1.0,,,,,,19.0,,
430388,,,,,,,,44.0,,20.0,,,,,,8.0,1.0,1.0,,,,,,12.0,,
430403,,,,,,,,13.0,,9.0,,,,,,1.0,,,,,,,1.0,1.0,,
430421,,,,,,,,31.0,,9.0,,,,,,7.0,2.0,1.0,,,,,,12.0,,
430485,,,,,,,,14.0,,5.0,,,,,,3.0,2.0,,,,,0.0,4.0,,,
430564,,,,,,,,5.0,,3.0,,,,,,1.0,0.0,,,,,,,1.0,,
430582,,,,,,,,41.0,,11.0,,,,,,5.0,2.0,,,,,,,18.0,,
430670,,,,,,,,144.0,,61.0,,,,,,11.0,13.0,2.0,,1.0,,6.0,,14.0,24.0,
430704,,,,,,,,22.0,,9.0,,,,,,1.0,,,,,,,1.0,7.0,1.0,
430795,,,,,,,,50.0,,27.0,,,,,,2.0,1.0,1.0,1.0,0.0,,4.0,,3.0,,
430810,,,,,,,,89.0,,46.0,,,,,,4.0,3.0,3.0,1.0,,,2.0,,7.0,4.0,
430883,,,,,,,,5.0,,4.0,,,,,,,0.0,,,,,,,1.0,,
430908,,,,,,,,9.0,,6.0,,,,,,1.0,,,,,,,,1.0,,
430935,,,,,,,,57.0,,27.0,,,,,,10.0,,,,,,,,8.0,,
430971,,,,,,,,11.0,,8.0,,,,,,1.0,0.0,,,,,,,1.0,,
431017,,,,,,,,66.0,,31.0,,,,,,11.0,4.0,1.0,3.0,,,,1.0,8.0,1.0,
431071,,,,,,,,15.0,,3.0,,,,,,1.0,1.0,1.0,,,,0.0,,7.0,,
431099,,,,,,,,7.0,,5.0,,,,,,1.0,,,,,,,,,0.0,
431105,,,,,,,,14.0,,9.0,,,,,,,,,,,,,,5.0,,
431123,,,,,,,,52.0,,23.0,,,,,,5.0,,,,,,5.0,,14.0,5.0,
431141,,,,,,,,186.0,,94.0,,,,,,17.0,12.0,4.0,,,,3.0,14.0,17.0,,
431169,,,,,,,,23.0,,14.0,,,,,,2.0,0.0,,,,,,,3.0,3.0,
431187,,,,,,,,18.0,,11.0,,,,,,1.0,1.0,,,1.0,,1.0,,1.0,1.0,
431196,,,,,,,,20.0,,12.0,,,,,,2.0,1.0,,,,,,,3.0,,
431202,,,,,,,,10.0,,3.0,,,,,,2.0,2.0,,,,,,,2.0,,
431266,,,,,,,,8.0,,7.0,,,,,,1.0,,,,,,,,,,
431275,,,,,,,,8.0,,6.0,,,,,,,,,,,,,,1.0,,
431284,,,,,,,,5.0,,2.0,,,,,,,1.0,,,,,,,1.0,,
431309,,,,,,,,9.0,,3.0,,,,,,1.0,1.0,1.0,1.0,,,2.0,,,,
431558,,,,,,,,39.0,,19.0,,,,,,2.0,,,,1.0,,,,10.0,4.0,
431594,,,,,,,,390.0,,1.0,,,,,,56.0,1.0,,,37.0,,287.0,,8.0,,
431600,,,,,,,,10.0,,7.0,,,,,,1.0,1.0,,,,,,,1.0,,
431691,,,,,,,,30.0,,16.0,,,,,,2.0,,,,,,2.0,,4.0,,
431707,,,,,,,,7.0,,5.0,,,,,,2.0,,,,,,,,0.0,,
431716,,,,,,,,261.0,,147.0,,,,,,14.0,2.0,6.0,2.0,6.0,,45.0,,24.0,,
431770,,,,,,,,12.0,,4.0,,,,,,1.0,1.0,,,,,,,2.0,,
431886,,,,,,,,48.0,,34.0,,,,,,5.0,,,5.0,,,1.0,,1.0,,
431929,,,,,,,,43.0,,19.0,,,,,,5.0,,,2.0,,,,,3.0,3.0,
431956,,,,,,,,12.0,,3.0,,,,,,3.0,,,,,,,,3.0,,
431965,,,,,,,,10.0,,7.0,,,,,,,,,,,,,,3.0,,
431983,,,,,,,,17.0,,5.0,,,,,,2.0,0.0,,,,,8.0,,2.0,,
432074,,,,,,,,25.0,,10.0,,,,,,2.0,,1.0,1.0,,,6.0,,4.0,,1.0
432117,,,,,,,,14.0,,9.0,,,,,,1.0,,,,,,,,1.0,,
432144,,,,,,,,97.0,,,,,,,,35.0,15.0,15.0,1.0,,,,,31.0,,
432223,,,,,,,,26.0,,17.0,,,,,,4.0,,,1.0,,,,,4.0,,
432241,,,,,,,,37.0,,28.0,,,,,,4.0,,,1.0,,,,,4.0,,
432269,,,,,,,,14.0,,6.0,,,,,,1.0,3.0,,,,,1.0,,3.0,,
432302,,,,,,,,18.0,,7.0,,,,,,5.0,,,3.0,,,,,1.0,,
432348,,,,,,,,44.0,,15.0,,,,,,1.0,,,0.0,,,3.0,,14.0,,
432357,,,,,,,,14.0,,8.0,,,,,,1.0,,,2.0,,,,,3.0,,
432384,,,,,,,,60.0,,33.0,,,,,,5.0,,,,,,,,0.0,1.0,
432524,,,,,,,,33.0,,11.0,,,,,,2.0,3.0,1.0,2.0,,,,4.0,2.0,1.0,
432533,,,,,,,,90.0,,41.0,,,,,,14.0,,,,,,1.0,,29.0,,
433004,,,,,,,,54.0,,30.0,,,,,,7.0,3.0,1.0,2.0,,,,2.0,2.0,1.0,
433013,,,,,,,,69.0,,31.0,,,,,,4.0,,,,,,3.0,15.0,15.0,1.0,
433040,,,,,,,,9.0,,7.0,,,,,,1.0,1.0,,,,,,,,,
433068,,,,,,,,27.0,,19.0,,,,,,2.0,1.0,,,,,,,3.0,,
433101,,,,,,,,55.0,,29.0,,,,,,13.0,,1.0,,,,,,8.0,,
433138,,,,,,,,60.0,,42.0,,,,,,3.0,,,,,,,,6.0,,
433165,,,,,,,,1.0,,1.0,,,,,,,,,,,,,,,,
433174,,,,,,,,64.0,,35.0,,,,,,12.0,2.0,2.0,1.0,,,,,8.0,,
433217,,,,,,,,1.0,,1.0,,,,,,,,,,,,,,,,
433387,,,,,,,,3105.0,,1805.0,,,,,,120.0,115.0,195.0,63.0,,,,,45.0,,
433420,,,,,,,,46.0,,24.0,,,,,,5.0,2.0,,,,,,5.0,6.0,,
433466,,,,,,,,43.0,,8.0,,,,,,6.0,8.0,,,,,,13.0,6.0,,
433536,,,,,,,,54.0,,39.0,,,,,,3.0,,1.0,,,,,,3.0,,
433563,,,,,,,,42.0,,14.0,,,,,,4.0,,,,,,3.0,,5.0,1.0,2.0
433660,,,,,,,,1338.0,,539.0,,,,,,53.0,102.0,77.0,217.0,10.0,,50.0,,138.0,32.0,
433970,,,,,,,,12.0,,7.0,,,,,,3.0,,,,,,,,1.0,1.0,
434016,,,,,,,,45.0,,9.0,,,,,,2.0,3.0,2.0,3.0,,,1.0,,3.0,8.0,
434052,,,,,,,,67.0,,28.0,,,,,,7.0,2.0,1.0,,,,,,27.0,,
434061,,,,,,,,322.0,,175.0,,,,,,34.0,53.0,1.0,,,,1.0,,32.0,10.0,
434140,,,,,,,,52.0,,28.0,,,,,,3.0,,,,,,,,13.0,,
434159,,,,,,,,24.0,,14.0,,,,,,8.0,,,,,,,,2.0,,
434274,,,,,,,,12.0,,6.0,,,,,,1.0,2.0,,,,,,,3.0,,
434283,,,,,,,,13.0,,5.0,,,,,,2.0,3.0,,,,,,,3.0,,
434308,,,,,,,,37.0,,11.0,,,,,,8.0,3.0,,,,,,6.0,3.0,,
434317,,,,,,,,30.0,,10.0,,,,,,5.0,1.0,2.0,2.0,,,1.0,1.0,7.0,,
434344,,,,,,,,25.0,,11.0,,,,,,3.0,,,,,,11.0,,,,
434362,,,,,,,,5.0,,2.0,,,,,,1.0,,,,,,,,2.0,,
434380,,,,,,,,12.0,,6.0,,,,,,,,,,,,,,3.0,,
434414,,,,,,,,32.0,,4.0,,,,,,7.0,3.0,3.0,,,,,,,,
434432,,,,,,,,5.0,,3.0,,,,,,1.0,1.0,,,,,,,0.0,,
434441,,,,,,,,34.0,,11.0,1.0,,,,,16.0,,,,,,,,6.0,,
434469,,,,,,,,31.0,,12.0,,,,,,5.0,,,,,,1.0,,12.0,1.0,
434496,,,,,,,,7.0,,4.0,,,,,,,1.0,,1.0,,,,,1.0,,
434502,,,,,,,,12.0,,6.0,,,,,,2.0,2.0,,,,,,1.0,1.0,,
434520,,,,,,,,29.0,,18.0,,,,,,5.0,,,,,,,,2.0,,
434539,,,,,,,,43.0,,17.0,,,,,,9.0,2.0,,11.0,,,,,3.0,,
434548,,,,,,,,35.0,,17.0,,,,,,4.0,,,,,,,,12.0,,
434557,,,,,,,,40.0,,13.0,,,,,,6.0,2.0,1.0,,,,,,17.0,,
434566,,,,,,,,28.0,,11.0,,,,,,3.0,1.0,1.0,,,,,,11.0,,
434575,,,,,,,,25.0,,10.0,,,,,,5.0,,1.0,,,,,,8.0,,
434584,,,,,,,,108.0,,24.0,,1.0,,,,17.0,10.0,3.0,1.0,,,4.0,1.0,22.0,,3.0
434672,,,,,,,,1802.0,,719.0,,180.0,,,,68.0,87.0,67.0,84.0,3.0,,126.0,4.0,269.0,40.0,10.0
434690,,,,,,,,22.0,,10.0,,,,,,4.0,,,6.0,,,,,1.0,,
434715,,,,,,,,138.0,,58.0,,,,,,15.0,4.0,6.0,1.0,,,4.0,,8.0,1.0,
434751,,,,,,,,29.0,,6.0,2.0,,,,,3.0,2.0,1.0,,,,,,3.0,5.0,
434812,,,,,,,,27.0,,14.0,,,,,,4.0,,,,,,,,9.0,,
434821,,,,,,,,76.0,,38.0,,,,,,7.0,6.0,,,,,0.0,6.0,7.0,,
434830,,,,,,,,17.0,,6.0,,,,,,3.0,1.0,,1.0,,,0.0,1.0,4.0,,
434900,,,,,,,,94.0,,50.0,,8.0,,,,6.0,1.0,1.0,,,,4.0,3.0,8.0,,8.0
434937,,,,,,,,9.0,,4.0,,,,,,2.0,1.0,0.0,0.0,,,0.0,,0.0,0.0,
434973,,,,,,,,25.0,,21.0,,,,,,1.0,,1.0,,,,,,2.0,,
435000,,,,,,,,1175.0,,429.0,,,,,,198.0,107.0,91.0,21.0,108.0,,64.0,,131.0,7.0,3.0
436003,,,,,,,,15.0,,8.0,,,,,,1.0,,,,,,,,1.0,,
436012,,,,,,,,43.0,,15.0,,,,,,4.0,5.0,,,,,,5.0,7.0,,
436021,,,,,,,,5.0,,4.0,,,,,,,,,,,,,,1.0,,
436030,,,,,,,,14.0,,7.0,,,,,,2.0,1.0,,,,,,2.0,1.0,1.0,
436067,,,,,,,,7.0,,4.0,,,,,,1.0,1.0,,,,,,,1.0,,
436094,,,,,,,,56.0,,24.0,,,,,,10.0,,,,,,,,19.0,,
436100,,,,,,,,6.0,,4.0,,,,,,1.0,1.0,,,,,,,,,
436182,,,,,,,,19.0,,5.0,,,,,,1.0,2.0,,,,,,1.0,1.0,,
436191,,,,,,,,42.0,,17.0,,,,,,3.0,4.0,,,,,1.0,4.0,,,
436261,,,,,,,,17.0,,8.0,,,,,,5.0,,,,,,,,3.0,,
436270,,,,,,,,15.0,,5.0,,,,,,2.0,1.0,,,,,,1.0,1.0,0.0,
436304,,,,,,,,86.0,,49.0,,3.0,,,,11.0,13.0,,,,,2.0,,3.0,1.0,
436429,,,,,,,,275.0,,106.0,,,,,,24.0,8.0,10.0,10.0,,,10.0,33.0,13.0,5.0,
436438,,,,,,,,64.0,,36.0,,,,,,11.0,,,,,,,,14.0,,
436465,,,,,,,,10.0,,3.0,,,,,,2.0,0.0,,,,,1.0,1.0,0.0,1.0,
436483,,,,,,,,29.0,,15.0,,,,,,2.0,,,,,,,,2.0,,
436553,,,,,,,,15.0,,5.0,,,,,,2.0,1.0,,,,,2.0,2.0,1.0,2.0,
436599,,,,,,,,9.0,,5.0,,,,,,1.0,,0.0,,,,0.0,,3.0,,
436614,,,,,,,,23.0,,13.0,,,,,,3.0,1.0,,0.0,,,0.0,,3.0,,
436632,,,,,,,,10.0,,4.0,,,,,,1.0,1.0,,,,,1.0,1.0,1.0,,
436641,,,,,,,,11.0,,4.0,,,,,,2.0,,,,,,,,0.0,,
436650,,,,,,,,17.0,,7.0,,,,,,3.0,,,,,,,3.0,3.0,,
436775,,,,,,,,28.0,,16.0,,,,,,2.0,4.0,,,,,,,5.0,1.0,
437042,,,,,,,,47.0,,17.0,,,,,,7.0,1.0,1.0,,,,,,19.0,,
437051,,,,,,,,48.0,,21.0,,,,,,6.0,,1.0,,,,,,18.0,,
437060,,,,,,,,32.0,,12.0,,,,,,2.0,3.0,,,,,,2.0,1.0,,
437097,,,,,,,,63.0,,48.0,,,,,,4.0,2.0,1.0,,,,5.0,,3.0,,
437103,,,,,,,,524.0,,269.0,,,,,,61.0,96.0,7.0,5.0,,,33.0,,19.0,6.0,2.0
437219,,,,,,,,43.0,,15.0,,,,,,7.0,2.0,1.0,,,,,,18.0,,
437237,,,,,,,,24.0,,9.0,,,,,,7.0,3.0,,,,,1.0,1.0,3.0,,
437529,,,,,,,,16.0,,8.0,,,,,,1.0,,,,,,0.0,,2.0,,
437556,,,,,,,,85.0,,21.0,,,,,,11.0,6.0,4.0,2.0,,,,1.0,35.0,3.0,
437608,,,,,,,,13.0,,6.0,,,,,,2.0,1.0,,,,,1.0,,2.0,,
437635,,,,,,,,31.0,,15.0,,,,,,2.0,,,,,,,,1.0,,
437653,,,,,,,,22.0,,9.0,,,,,,4.0,1.0,1.0,,,,,1.0,2.0,,
437662,,,,,,,,264.0,,36.0,,,,,,65.0,4.0,4.0,,,,3.0,,27.0,,
437705,,,,,,,,4.0,,2.0,,,,,,0.0,0.0,,,,,,,,,
437732,,,,,,,,32.0,,16.0,,,,,,5.0,,,,,,,,4.0,,
437750,,,,,,,,38.0,,29.0,,,,,,5.0,,,,,,,1.0,2.0,,
437769,,,,,,,,26.0,,10.0,,,,,,2.0,4.0,,,,,,3.0,6.0,,
437778,,,,,,,,26.0,,12.0,,,,,,1.0,,,,,,2.0,3.0,8.0,,
437857,,,,,,,,21.0,,14.0,,,,,,3.0,1.0,,,,,,,3.0,,
437936,,,,,,,,70.0,,32.0,,,,,,16.0,,,,,,1.0,,4.0,,
438151,,,,,,,,61.0,,32.0,,,,,,3.0,5.0,1.0,,0.0,,,6.0,2.0,,
438179,,,,,,,,26.0,,9.0,,,,,,,4.0,1.0,,,,,4.0,2.0,,
438197,,,,,,,,26.0,,9.0,,,,,,6.0,1.0,,,,,,,10.0,,
438212,,,,,,,,205.0,,110.0,,,,,,29.0,9.0,,,8.0,,0.0,20.0,24.0,,
438258,,,,,,,,54.0,,25.0,,,,,,14.0,,,,,,3.0,,2.0,,
438267,,,,,,,,44.0,,19.0,,,,,,1.0,3.0,2.0,,10.0,,,2.0,1.0,,
438285,,,,,,,,36.0,,12.0,,3.0,,,,3.0,3.0,,,1.0,,,5.0,3.0,,
438337,,,,,,,,22.0,,13.0,,,,,,2.0,,,,,,1.0,2.0,3.0,1.0,
438498,,,,,,,,475.0,,213.0,,,,,,54.0,19.0,4.0,,,,,,58.0,,
438504,,,,,,,,133.0,,60.0,,,,,,16.0,51.0,1.0,,,,,,1.0,4.0,
438586,,,,,,,,62.0,,23.0,,,,,,4.0,7.0,2.0,,,,,8.0,4.0,,2.0
438647,,,,,,,,36.0,,10.0,,,,,,10.0,1.0,,,,,,,14.0,,
438656,,,,,,,,38.0,,13.0,,,,,,7.0,1.0,,,,,,,17.0,,
438665,,,,,,,,140.0,,,,,,,,15.0,33.0,22.0,8.0,,,3.0,,46.0,,
438674,,,,,,,,5.0,,3.0,,,,,,,,,,,,,,2.0,,
438708,,,,,,,,59.0,,31.0,,,,,,7.0,2.0,2.0,4.0,,,,,10.0,0.0,0.0
438735,,,,,,,,25.0,,10.0,,,,,,3.0,,,,,,,,12.0,,
438805,,,,,,,,31.0,,18.0,,,,,,6.0,,,,,,,,2.0,,
438869,,,,,,,,8.0,,3.0,,,,,,3.0,,,,,,,1.0,1.0,,
438902,,,,,,,,38.0,,15.0,,,,,,7.0,1.0,1.0,,,,,,14.0,,
438984,,,,,,,,13.0,,5.0,,,,,,1.0,2.0,0.0,,,,0.0,,2.0,1.0,
439020,,,,,,,,8.0,,4.0,,,,,,2.0,,,,,,,,,,
439057,,,,,,,,20.0,,10.0,,,,,,6.0,,,,,,,,3.0,,
439118,,,,,,,,35.0,,12.0,,,,,,11.0,,,,,,1.0,,2.0,,
439127,,,,,,,,11.0,,4.0,,,,,,3.0,,,3.0,,,,,,,
439136,,,,,,,,38.0,,16.0,,,,,,7.0,1.0,1.0,,,,,,12.0,,
439145,,,,,,,,129.0,,53.0,,,,,,8.0,8.0,2.0,4.0,,,17.0,,29.0,4.0,1.0
439154,,,,,,,,260.0,,,,,,,,72.0,16.0,55.0,12.0,,,,,96.0,9.0,
439190,,,,,,,,157.0,,77.0,,,,,,23.0,6.0,11.0,15.0,,,,,19.0,,
439288,,,,,,,,179.0,,77.0,,,,,,30.0,19.0,2.0,25.0,2.0,,10.0,1.0,7.0,,
439297,,,,,,,,26.0,,19.0,,,,,,5.0,,,,,,,,2.0,,
439303,,,,,,,,9.0,,5.0,,,,,,3.0,,,,,,0.0,,,,
439312,,,,,,,,7.0,,4.0,,,,,,1.0,1.0,,,,,1.0,,0.0,,
439367,,,,,,,,50.0,,28.0,,,,,,7.0,2.0,,,,,,,12.0,,
439394,,,,,,,,20.0,,9.0,,,,,,1.0,2.0,,,,,,,2.0,,
439437,,,,,,,,22.0,,11.0,,,,,,4.0,,1.0,,,,4.0,,1.0,,
439446,,,,,,,,19.0,,6.0,,,,,,4.0,2.0,,,,,,1.0,5.0,1.0,
439455,,,,,,,,49.0,,27.0,,,,,,4.0,1.0,2.0,,,,1.0,,4.0,,
439473,,,,,,,,28.0,,7.0,,,,,,4.0,,,,,,4.0,1.0,10.0,,
439482,,,,,,,,28.0,,16.0,,,,,,3.0,2.0,,,,,,2.0,1.0,,
439491,,,,,,,,29.0,,17.0,,,,,,4.0,1.0,,,,,,2.0,3.0,,
439507,,,,,,,,30.0,,14.0,,,,,,5.0,2.0,1.0,,,,,,8.0,,
439570,,,,,,,,67.0,,24.0,,,,,,8.0,11.0,2.0,,,,,5.0,7.0,,
439613,,,,,,,,20.0,,4.0,,,,,,4.0,3.0,,,,,,,8.0,,
439622,,,,,,,,28.0,,12.0,,,,,,3.0,3.0,1.0,,2.0,,,,4.0,,
439631,,,,,,,,8.0,,5.0,,,,,,2.0,,,,,,,,1.0,,
439668,,,,,,,,15.0,,8.0,,,,,,2.0,,,,,,,2.0,1.0,,
439686,,,,,,,,23.0,,9.0,,,,,,1.0,,,,,,,4.0,2.0,,
439701,,,,,,,,108.0,,37.0,,,,,,28.0,5.0,,3.0,,,,,23.0,,
439738,,,,,,,,31.0,,17.0,,,,,,6.0,,,,,,,,7.0,,
439747,,,,,,,,7.0,,4.0,,,,,,1.0,,,,,,,,2.0,,
439774,,,,,,,,21.0,,9.0,,,,,,4.0,1.0,,,,,8.0,,,,
439783,,,,,,,,24.0,,14.0,0.0,,,,,2.0,1.0,,,1.0,,,1.0,1.0,,
439792,,,,,,,,33.0,,17.0,,,,,,5.0,4.0,0.0,,,,1.0,3.0,1.0,,
439817,,,,,,,,12.0,,5.0,,,,,,2.0,,,,,,,,4.0,,
439826,,,,,,,,3.0,,0.0,,,,,,2.0,,,,,,,,1.0,,
439844,,,,,,,,6.0,,3.0,,,,,,1.0,,,,,,,1.0,1.0,,
439862,,,,,,,,15.0,,1.0,,,,,,2.0,1.0,1.0,,,,,,1.0,1.0,
439871,,,,,,,,8.0,,3.0,,,,,,,,,,,,,,5.0,,
439899,,,,,,,,14.0,,1.0,,,,,,5.0,1.0,,2.0,,,1.0,1.0,2.0,,
439905,,,,,,,,26.0,,11.0,,,,,,7.0,1.0,,2.0,,,,,4.0,,
439914,,,,,,,,13.0,,8.0,,,,,,2.0,0.0,,,,,,,2.0,,
439932,,,,,,,,5.0,,3.0,,,,,,,1.0,,,,,,,1.0,,
439969,,,,,,,,20.0,,9.0,,1.0,,,,5.0,2.0,,,,,,1.0,1.0,,
439978,,,,,,,,12.0,,4.0,,,,,,2.0,,,,,,1.0,,2.0,,
439996,,,,,,,,9.0,,4.0,,,,,,5.0,,,,,,1.0,,,,
440004,,,,,,,,9.0,,7.0,,,,,,,,,1.0,,,,,1.0,,
440031,,,,,,,,111.0,,52.0,6.0,,,,,11.0,4.0,2.0,,1.0,,,,14.0,2.0,
440059,,,,,,,,75.0,,40.0,,,,,,6.0,,,,,,,,29.0,,
440077,,,,,,,,8.0,,4.0,,,,,,1.0,1.0,,,,,,,2.0,,
440086,,,,,,,,15.0,,8.0,,,,,,4.0,,,,,,,,0.0,,
440101,,,,,,,,9.0,,5.0,,,,,,2.0,,,,,,,,1.0,,
440138,,,,,,,,83.0,,5.0,,,,,,25.0,10.0,24.0,4.0,,,,,11.0,,
440165,,,,,,,,12.0,,8.0,,,,,,2.0,,0.0,,,,,,1.0,,
440174,,,,,,,,16.0,,11.0,,,,,,1.0,,,,,,,1.0,1.0,,
440217,,,,,,,,18.0,,8.0,,,,,,5.0,1.0,,,,,,,2.0,2.0,
440226,,,,,,,,10.0,,7.0,,,,,,1.0,1.0,,,,,,,1.0,,
440262,,,,,,,,44.0,,14.0,,,,,,13.0,,1.0,,,,2.0,7.0,6.0,,
440271,,,,,,,,18.0,,12.0,,,,,,3.0,,1.0,,,,1.0,,1.0,,
440323,,,,,,,,14.0,,3.0,,,,,,4.0,,,4.0,,,1.0,,1.0,,
440332,,,,,,,,16.0,,7.0,,,,,,3.0,,0.0,4.0,,,,,,,
440341,,,,,,,,85.0,,39.0,,,,,,14.0,,,,,,1.0,,28.0,,
440369,,,,,,,,35.0,,11.0,,,,,,8.0,1.0,0.0,,,,,,14.0,,
440402,,,,,,,,193.0,,96.0,,,,,,27.0,5.0,6.0,4.0,,,17.0,,24.0,4.0,1.0
440420,,,,,,,,15.0,,11.0,,,,,,1.0,,,1.0,,,,,2.0,,
440457,,,,,,,,17.0,,12.0,,,,,,2.0,,,,,,,,4.0,,
440466,,,,,,,,16.0,,12.0,,,,,,2.0,1.0,,,,,,,1.0,,
440642,,,,,,,,42.0,,18.0,,,,,,7.0,2.0,1.0,,,,,,13.0,,
440651,,,,,,,,119.0,,49.0,,,,,,18.0,,1.0,2.0,,,,,28.0,7.0,
440721,,,,,,,,18.0,,8.0,,,,,,,,,,,,,,6.0,,
440730,,,,,,,,42.0,,25.0,,,,,,4.0,6.0,,,,,,,7.0,,
440749,,,,,,,,7.0,,3.0,,,,,,1.0,,,,,,,,,,
440758,,,,,,,,14.0,,3.0,,,,,,1.0,,,,,,,,2.0,,
440767,,,,,,,,27.0,,14.0,,,,,,2.0,,,,,,,,2.0,,
440776,,,,,,,,9.0,,2.0,,,,,,1.0,1.0,,,,,,3.0,3.0,,
440794,,,,,,,,83.0,,39.0,,,,,,15.0,7.0,1.0,1.0,,,0.0,5.0,14.0,,
440800,,,,,,,,2.0,,,,,,,,,,,,,,,,1.0,,
440819,,,,,,,,6.0,,,,,,,,1.0,,,,,,,1.0,2.0,,
440855,,,,,,,,13.0,,6.0,,,,,,1.0,,,,,,,2.0,4.0,,
440873,,,,,,,,42.0,,18.0,,,,,,2.0,6.0,,,,,,4.0,1.0,,
440882,,,,,,,,21.0,,8.0,,,,,,2.0,1.0,,,,,,2.0,1.0,,
440891,,,,,,,,22.0,,10.0,,,,,,2.0,1.0,,,,,,1.0,1.0,,
440907,,,,,,,,25.0,,13.0,,,,,,3.0,,,,,,1.0,,1.0,,
440916,,,,,,,,108.0,,45.0,,,,,,16.0,15.0,2.0,,,,,,21.0,3.0,
440925,,,,,,,,18.0,,9.0,,,,,,1.0,2.0,1.0,,,,,,1.0,,
440952,,,,,,,,23.0,,9.0,,,,,,7.0,1.0,1.0,,,,,,3.0,,
440989,,,,,,,,43.0,,19.0,,,,,,6.0,1.0,1.0,,,,2.0,4.0,5.0,,
441016,,,,,,,,36.0,,13.0,,,,,,5.0,1.0,,,,,,,17.0,,
441025,,,,,,,,46.0,,27.0,,,,,,5.0,,,,0.0,,,7.0,3.0,,
441052,,,,,,,,108.0,,46.0,,,,,,24.0,5.0,,9.0,,,,,21.0,1.0,
441070,,,,,,,,24.0,,8.0,1.0,1.0,,,,4.0,,1.0,,,,,,1.0,,
441089,,,,,,,,66.0,,38.0,,,,,,8.0,6.0,1.0,,,,4.0,,9.0,,
441104,,,,,,,,74.0,,22.0,1.0,9.0,,,,3.0,9.0,1.0,12.0,,,,,4.0,,
441131,,,,,,,,51.0,,16.0,,,,,,10.0,1.0,1.0,2.0,,,,,5.0,,
441168,,,,,,,,10.0,,6.0,,,,,,1.0,,,,,,,,1.0,,
441195,,,,,,,,4.0,,2.0,,,,,,1.0,,,,,,,1.0,0.0,,
441201,,,,,,,,5.0,,2.0,,,,,,,1.0,,,,,,,2.0,,
441210,,,,,,,,10.0,,5.0,,,,,,2.0,1.0,,,,,,,1.0,,
441229,,,,,,,,165.0,,86.0,,,,,,7.0,3.0,,,,,,,35.0,,
441238,,,,,,,,5.0,,,,,,,,2.0,1.0,,,,,,,2.0,,
441256,,,,,,,,12.0,,8.0,,,,,,2.0,1.0,,,,,,,,,
441274,,,,,,,,15.0,,6.0,,,,,,1.0,,,,,,,4.0,3.0,1.0,
441308,,,,,,,,163.0,,127.0,,,,,,9.0,4.0,,,,,,,3.0,,
441317,,,,,,,,8.0,,8.0,,,,,,,,,,,,,,0.0,,
441335,,,,,,,,6.0,,5.0,,,,,,1.0,,,,,,,,0.0,,
441353,,,,,,,,3.0,,1.0,,,,,,2.0,,,,,,,,,,
441362,,,,,,,,16.0,,9.0,,,,,,5.0,,,,,,,,1.0,,
441371,,,,,,,,61.0,,20.0,,,,,,3.0,6.0,,,,,,4.0,28.0,,
441380,,,,,,,,19.0,,5.0,,,,,,5.0,1.0,,,,,,,,,
441405,,,,,,,,13.0,,8.0,,,,,,4.0,,,,,,,,1.0,,
441414,,,,,,,,81.0,,,,,,,,4.0,,3.0,0.0,,,8.0,,27.0,,
441423,,,,,,,,24.0,,7.0,,,,,,,1.0,,,,,,5.0,12.0,,
441478,,,,,,,,28.0,,16.0,,,,,,2.0,2.0,1.0,,,,,1.0,6.0,,
441487,,,,,,,,20.0,,10.0,,,,,,2.0,1.0,,1.0,,,0.0,,0.0,,
441496,,,,,,,,28.0,,12.0,,,,,,3.0,,,,,,,,13.0,,
441502,,,,,,,,36.0,,20.0,,,,,,4.0,2.0,,,,,1.0,2.0,3.0,,
441511,,,,,,,,14.0,,10.0,,,,,,,,,,,,3.0,,,,
441548,,,,,,,,16.0,,7.0,,,,,,5.0,2.0,,,,,,2.0,,,
441575,,,,,,,,91.0,,39.0,,,,,,8.0,3.0,4.0,,,,3.0,23.0,9.0,,
441593,,,,,,,,5.0,,3.0,,,,,,1.0,0.0,,0.0,,,,,1.0,,
441609,,,,,,,,18.0,,8.0,,,,,,,1.0,,,,,,,1.0,8.0,
441618,,,,,,,,5.0,,3.0,,,,,,,,,,,,,,2.0,,
441636,,,,,,,,41.0,,20.0,,,,,,4.0,8.0,0.0,,,,,2.0,2.0,,
441645,,,,,,,,24.0,,12.0,,,,,,5.0,1.0,0.0,,,,0.0,3.0,1.0,0.0,1.0
441663,,,,,,,,38.0,,17.0,,,,,,8.0,1.0,1.0,,,,,2.0,8.0,,
441672,,,,,,,,41.0,,24.0,,,,,,1.0,1.0,,,,,2.0,,10.0,,
441690,,,,,,,,48.0,,30.0,,,,,,4.0,3.0,,1.0,,,,1.0,1.0,1.0,
441706,,,,,,,,17.0,,4.0,,,,,,3.0,4.0,,,,,0.0,,2.0,,
441742,,,,,,,,73.0,,35.0,,,,,,14.0,4.0,,,,,,6.0,12.0,,
441760,,,,,,,,206.0,,107.0,,,,,,17.0,14.0,8.0,1.0,,,12.0,,22.0,3.0,
441779,,,,,,,,8.0,,0.0,,,,,,1.0,1.0,,,,,,,2.0,,
441788,,,,,,,,55.0,,27.0,,,,,,8.0,,,,,,,,20.0,,
441830,,,,,,,,42.0,,3.0,,,,,,11.0,1.0,,,,,18.0,,9.0,,
441858,,,,,,,,31.0,,18.0,,,,,,2.0,2.0,1.0,,,,,,7.0,,
441876,,,,,,,,27.0,,11.0,,,,,,7.0,2.0,,,,,,3.0,4.0,,
441894,,,,,,,,16.0,,16.0,,,,,,,,,,,,,,,,
441900,,,,,,,,250.0,,125.0,,3.0,,,,36.0,9.0,15.0,28.0,,,2.0,,30.0,,
441919,,,,,,,,59.0,,24.0,,,,,,10.0,,,14.0,,,2.0,,2.0,,
441928,,,,,,,,66.0,,27.0,,,,,,12.0,,,12.0,,,1.0,,1.0,,
441937,,,,,,,,753.0,,249.0,,,,,,55.0,116.0,48.0,72.0,4.0,,58.0,,77.0,37.0,7.0
441955,,,,,,,,60.0,,26.0,,,,,,6.0,2.0,1.0,,,,,,23.0,,
441964,,,,,,,,34.0,,12.0,,,,,,6.0,1.0,1.0,,,,,,12.0,,
441973,,,,,,,,87.0,,41.0,,,,,,11.0,,,1.0,,,1.0,,31.0,,
441982,,,,,,,,125.0,,46.0,2.0,,,,,23.0,15.0,11.0,6.0,,,0.0,,18.0,,
442037,,,,,,,,31.0,,14.0,,,,,,10.0,,,,,,,,5.0,,
442046,,,,,,,,39.0,,18.0,,,,,,12.0,,1.0,,,,,,4.0,,
442064,,,,,,,,33.0,,18.0,,,,,,4.0,,,,,,2.0,,8.0,1.0,
442073,,,,,,,,52.0,,30.0,,,,,,11.0,,1.0,,,,,,6.0,,
442134,,,,,,,,33.0,,17.0,,,,,,3.0,,,,,,,,9.0,,
442161,,,,,,,,59.0,,45.0,,,,,,10.0,,,1.0,,,,,3.0,,
442204,,,,,,,,7.0,,4.0,,,,,,1.0,1.0,,,,,,,,,
442213,,,,,,,,9.0,,7.0,,,,,,0.0,1.0,,,,,0.0,,0.0,,
442222,,,,,,,,36.0,,12.0,,,,,,9.0,,,,,,,,15.0,,
442231,,,,,,,,66.0,,30.0,,,,,,3.0,5.0,,,,,,18.0,4.0,,
442240,,,,,,,,41.0,,22.0,,,,,,4.0,,,,,,,7.0,6.0,2.0,
442295,,,,,,,,63.0,,27.0,,1.0,,,,10.0,4.0,3.0,1.0,,,,3.0,4.0,1.0,
442329,,,,,,,,70.0,,23.0,,,,,,11.0,1.0,,,,,,17.0,9.0,9.0,
442338,,,,,,,,55.0,,31.0,,,,,,7.0,1.0,1.0,,,,,,14.0,,
442347,,,,,,,,38.0,,17.0,,,,,,7.0,,1.0,,,,,,12.0,,
442356,,,,,,,,153.0,,68.0,,,,,,29.0,11.0,7.0,,,,3.0,,13.0,,
442383,,,,,,,,17.0,,10.0,,,,,,3.0,1.0,,,,,,2.0,1.0,,
442392,,,,,,,,15.0,,9.0,,,,,,4.0,,,,,,,,0.0,,
442408,,,,,,,,22.0,,9.0,,,,,,4.0,2.0,,,,,,1.0,1.0,,
442426,,,,,,,,35.0,,14.0,,,,,,12.0,3.0,,,,,,3.0,3.0,,
442435,,,,,,,,10.0,,2.0,,,,,,1.0,1.0,,,,,1.0,3.0,1.0,,
442523,,,,,,,,25.0,,5.0,0.0,,,,,4.0,4.0,1.0,1.0,,,5.0,1.0,1.0,1.0,0.0
442569,,,,,,,,502.0,,151.0,,,,,,72.0,55.0,28.0,4.0,,,,,20.0,,
442578,,,,,,,,17.0,,8.0,,,,,,3.0,,,,,,,,2.0,,
442602,,,,,,,,39.0,,15.0,,,,,,12.0,,,,,,,,3.0,,
442611,,,,,,,,113.0,,47.0,,,,,,18.0,43.0,,,,,,,2.0,3.0,
442620,,,,,,,,25.0,,8.0,,,,,,7.0,1.0,,,,,,,9.0,,
442657,,,,,,,,24.0,,11.0,,,,,,2.0,,,,,,0.0,3.0,8.0,,
442718,,,,,,,,32.0,,19.0,,,,,,2.0,,,,,,,,4.0,,
442727,,,,,,,,46.0,,18.0,,,,,,8.0,,,,,,,,20.0,,
442745,,,,,,,,7.0,,6.0,,,,,,,,,,,,,,1.0,,
442781,,,,,,,,88.0,,21.0,2.0,1.0,,,,16.0,5.0,3.0,4.0,,,11.0,,13.0,,
442790,,,,,,,,40.0,,16.0,,,,,,7.0,2.0,1.0,,,,,,13.0,,
442806,,,,,,,,905.0,,774.0,6.0,,,,,11.0,15.0,12.0,,,,,,21.0,5.0,
442815,,,,,,,,22.0,,12.0,,,,,,4.0,,,,,,,,1.0,,
442842,,,,,,,,29.0,,17.0,,,,,,2.0,,1.0,,,,,1.0,2.0,0.0,
442879,,,,,,,,141.0,,33.0,,,,,,4.0,6.0,2.0,,,,5.0,,8.0,6.0,
442888,,,,,,,,22.0,,7.0,,,,,,3.0,,,,,,,3.0,5.0,,
442897,,,,,,,,7.0,,4.0,,,,,,1.0,1.0,,,,,,1.0,0.0,,
442930,,,,,,,,89.0,,31.0,,,,,,10.0,4.0,1.0,12.0,,,9.0,,6.0,,
442949,,,,,,,,22.0,,8.0,,,,,,1.0,1.0,0.0,,,,,,7.0,,
442958,,,,,,,,4.0,,3.0,,,,,,,,,,,,,,1.0,,
442967,,,,,,,,8.0,,4.0,,,,,,1.0,,,,,,,,2.0,,
442976,,,,,,,,12.0,,5.0,,,,,,3.0,,,,,,,,,,
442985,,,,,,,,18.0,,9.0,,,,,,4.0,,,,,,,3.0,1.0,1.0,
443021,,,,,,,,31.0,,9.0,,,,,,9.0,,2.0,,,,8.0,1.0,,,
443030,,,,,,,,7.0,,4.0,,,,,,2.0,0.0,,,,,,,1.0,,
443049,,,,,,,,29.0,,15.0,,,,,,3.0,2.0,,,,,,,8.0,,
443058,,,,,,,,8.0,,2.0,,,,,,1.0,1.0,,,,,,,1.0,,
443076,,,,,,,,35.0,,10.0,,,,,,1.0,1.0,,,,,10.0,,11.0,,
443100,,,,,,,,35.0,,10.0,,,,,,2.0,4.0,1.0,4.0,,,2.0,,4.0,2.0,
443128,,,,,,,,122.0,,42.0,5.0,,,,,29.0,9.0,11.0,6.0,,,2.0,,4.0,,
443137,,,,,,,,28.0,,13.0,,,,,,3.0,,,,,,4.0,1.0,1.0,1.0,
443146,,,,,,,,11.0,,4.0,,,,,,2.0,1.0,,,,,,,4.0,,
443173,,,,,,,,2.0,,2.0,,,,,,,,,,,,0.0,,,,
443207,,,,,,,,56.0,,20.0,,,,,,9.0,7.0,1.0,,,,,5.0,11.0,3.0,
443216,,,,,,,,18.0,,3.0,,,,,,1.0,1.0,,,,,,5.0,8.0,,
443225,,,,,,,,5.0,,2.0,,,,,,1.0,,,,,,,,,,
443234,,,,,,,,22.0,,7.0,,,,,,6.0,,,,,,,4.0,5.0,,
443252,,,,,,,,67.0,,27.0,,,,,,3.0,4.0,,0.0,1.0,,6.0,,18.0,3.0,
443261,,,,,,,,25.0,,10.0,,,,,,4.0,1.0,,,,,,,10.0,,
443270,,,,,,,,58.0,,29.0,,,,,,5.0,4.0,,,,,,,20.0,,
443289,,,,,,,,23.0,,8.0,,,,,,5.0,5.0,,,,,,2.0,3.0,,
443298,,,,,,,,5.0,,2.0,,,,,,1.0,,,,,,,,2.0,,
443322,,,,,,,,35.0,,12.0,,,,,,4.0,3.0,1.0,,,,3.0,4.0,4.0,1.0,
443331,,,,,,,,180.0,,95.0,,,,,,30.0,5.0,,7.0,,,,,34.0,2.0,
443340,,,,,,,,17.0,,9.0,,,,,,1.0,2.0,,,,,,,2.0,,
443359,,,,,,,,8.0,,5.0,,,,,,1.0,1.0,,,,,1.0,,,,
443368,,,,,,,,57.0,,,,,,,,8.0,6.0,11.0,23.0,,,0.0,,9.0,,
443377,,,,,,,,20.0,,11.0,,,,,,2.0,,,,,,,,1.0,1.0,
443410,,,,,,,,215.0,,76.0,,,,,,21.0,8.0,24.0,23.0,,,24.0,1.0,7.0,,1.0
443438,,,,,,,,6.0,,3.0,,,,,,,1.0,,,,,,,,,
443483,,,,,,,,11.0,,4.0,,,,,,1.0,1.0,,,,,,1.0,1.0,,
443492,,,,,,,,137.0,,90.0,,,,,,19.0,,4.0,7.0,,,1.0,,16.0,,
443526,,,,,,,,42.0,,13.0,,,,,,6.0,1.0,1.0,,,,,,19.0,,
443535,,,,,,,,43.0,,22.0,,,,,,8.0,1.0,1.0,,,,,,10.0,,
443544,,,,,,,,22.0,,16.0,,,,,,1.0,,,2.0,,,,,3.0,,
443562,,,,,,,,276.0,,241.0,,,,,,13.0,6.0,2.0,,,,0.0,4.0,2.0,1.0,
443571,,,,,,,,12.0,,5.0,,,,,,3.0,,,,,,,1.0,3.0,,
443599,,,,,,,,31.0,,,,,,,,6.0,4.0,,,,,,5.0,3.0,,3.0
443623,,,,,,,,71.0,,32.0,,,,,,4.0,6.0,,,,,,20.0,5.0,,
443632,,,,,,,,22.0,,10.0,,,,,,1.0,1.0,1.0,0.0,,,1.0,2.0,1.0,,
443641,,,,,,,,24.0,,10.0,,,,,,2.0,,,,,,,5.0,5.0,2.0,
443650,,,,,,,,51.0,,28.0,,,,,,5.0,2.0,,,3.0,,,4.0,7.0,,
443669,,,,,,,,30.0,,17.0,,,,,,2.0,,,,,,,3.0,8.0,,
443678,,,,,,,,8.0,,5.0,,,,,,1.0,,,,,,,,1.0,,
443696,,,,,,,,10.0,,0.0,,,,,,1.0,1.0,,,,,,5.0,2.0,,
443702,,,,,,,,14.0,,8.0,,,,,,2.0,1.0,,,,,,,2.0,,
443711,,,,,,,,481.0,,,,,,,,74.0,105.0,155.0,12.0,,,2.0,,108.0,24.0,
443748,,,,,,,,37.0,,12.0,,,,,,7.0,2.0,,,,,,,16.0,,
443766,,,,,,,,65.0,,35.0,,,,,,5.0,,0.0,,,,,11.0,6.0,,
443784,,,,,,,,88.0,,46.0,,,,,,8.0,,0.0,,,,,15.0,7.0,,
443827,,,,,,,,20.0,,7.0,,,,,,5.0,,,5.0,,,1.0,,,,
443836,,,,,,,,31.0,,14.0,,,,,,6.0,,,7.0,,,,,1.0,,
443854,,,,,,,,31.0,,9.0,,,,,,7.0,2.0,,,,,,,12.0,,
443942,,,,,,,,13.0,,7.0,,,,,,1.0,,,,,,0.0,,3.0,,
443951,,,,,,,,9.0,,3.0,,,,,,2.0,1.0,,0.0,,,1.0,0.0,1.0,,
443979,,,,,,,,11.0,,7.0,,,,,,,1.0,,,,,,1.0,2.0,,
444024,,,,,,,,48.0,,18.0,,,,,,8.0,1.0,1.0,,,,,,19.0,,
444042,,,,,,,,116.0,,54.0,,,,,,16.0,,2.0,8.0,1.0,,,13.0,20.0,,
444051,,,,,,,,8.0,,3.0,,,,,,1.0,1.0,,,,,,,2.0,0.0,
444088,,,,,,,,20.0,,7.0,,,,,,,2.0,1.0,,,,,3.0,2.0,,
444103,,,,,,,,13.0,,4.0,,,,,,,1.0,,,,,0.0,,2.0,,
444130,,,,,,,,625.0,,207.0,,,,,,28.0,57.0,33.0,186.0,,,,3.0,50.0,,
444158,,,,,,,,863.0,,352.0,,,,,,45.0,105.0,,3.0,,,,307.0,20.0,,
444194,,,,,,,,28.0,,10.0,,,,,,6.0,1.0,,,,,,3.0,6.0,1.0,
444200,,,,,,,,21.0,,13.0,,,,,,4.0,,,,,,,,1.0,,
444219,,,,,,,,319.0,,192.0,,,,,,14.0,11.0,7.0,11.0,,,22.0,,47.0,,
444228,,,,,,,,5.0,,4.0,,,,,,,1.0,,,,,,,0.0,,
444237,,,,,,,,29.0,,9.0,,,,,,6.0,1.0,,,,,,,13.0,,
444255,,,,,,,,20.0,,10.0,,,,,,1.0,,,,,,,,1.0,,
444264,,,,,,,,15.0,,4.0,,,,,,4.0,,1.0,,,,,3.0,2.0,0.0,
444282,,,,,,,,10.0,,6.0,,,,,,1.0,,,,,,,,1.0,,
444291,,,,,,,,11.0,,7.0,,,,,,1.0,,,,,,,,1.0,,
444307,,,,,,,,8.0,,4.0,,,,,,1.0,,,,,,,,1.0,,
444316,,,,,,,,13.0,,7.0,,,,,,,,,,,,1.0,,5.0,,
444325,,,,,,,,12.0,,2.0,,,,,,2.0,2.0,,,,,,,2.0,,
444334,,,,,,,,15.0,,3.0,,,,,,4.0,,,,,,,,3.0,,
444343,,,,,,,,22.0,,8.0,,,,,,3.0,4.0,,,,,,2.0,3.0,1.0,
444361,,,,,,,,14.0,,7.0,,,,,,5.0,,,,,,,,2.0,,
444370,,,,,,,,24.0,,5.0,,,,,,4.0,5.0,1.0,,,,,4.0,1.0,1.0,
444398,,,,,,,,41.0,,18.0,,,,,,1.0,4.0,1.0,,,,1.0,,6.0,,
444404,,,,,,,,11.0,,3.0,,,,,,2.0,1.0,1.0,,,,,,2.0,,
444413,,,,,,,,7.0,,6.0,,,,,,1.0,,,,,,,,,,
444422,,,,,,,,12.0,,9.0,,,,,,1.0,1.0,,,,,,,1.0,,
444440,,,,,,,,11.0,,7.0,,,,,,1.0,2.0,,,,,,,1.0,,
444468,,,,,,,,2.0,,1.0,,,,,,,,,,,,,,,,
444486,,,,,,,,42.0,,21.0,,,,,,2.0,4.0,,,,,1.0,6.0,5.0,,
444510,,,,,,,,9.0,,3.0,,,,,,2.0,1.0,,,,,,,2.0,,
444529,,,,,,,,9.0,,4.0,,,,,,1.0,,,,,,,,,,
444547,,,,,,,,8.0,,4.0,,,,,,,0.0,,,,,1.0,,,,
444556,,,,,,,,40.0,,14.0,,,,,,7.0,,,,,,,13.0,2.0,,
444565,,,,,,,,72.0,,19.0,,12.0,,,,4.0,3.0,2.0,1.0,,,10.0,,3.0,13.0,
444583,,,,,,,,79.0,,15.0,,,,,,12.0,2.0,2.0,,,,,,6.0,15.0,
444592,,,,,,,,17.0,,7.0,,,,,,2.0,1.0,,,,,,,6.0,,
444608,,,,,,,,7.0,,3.0,,,,,,2.0,,,,,,,1.0,1.0,0.0,
444635,,,,,,,,8.0,,3.0,,,,,,1.0,2.0,,,,,,1.0,1.0,,
444644,,,,,,,,13.0,,7.0,,,,,,1.0,,,,,,,,3.0,,
444653,,,,,,,,7.0,,5.0,,,,,,,,,,,,,,,,
444662,,,,,,,,11.0,,4.0,,,,,,2.0,1.0,,,,,,1.0,1.0,,
444671,,,,,,,,28.0,,12.0,,,,,,2.0,1.0,,,,,,,4.0,,
444680,,,,,,,,24.0,,4.0,,,,,,1.0,1.0,,1.0,,,3.0,2.0,7.0,1.0,2.0
444699,,,,,,,,8.0,,4.0,,,,,,1.0,1.0,,,0.0,,,,0.0,,
444705,,,,,,,,6.0,,3.0,,,,,,2.0,,,,,,,,1.0,,
444714,,,,,,,,15.0,,7.0,,,,,,2.0,2.0,,,,,1.0,2.0,1.0,,
444732,,,,,,,,24.0,,8.0,,,,,,4.0,2.0,,,,,3.0,3.0,2.0,,
444769,,,,,,,,30.0,,10.0,,,,,,3.0,3.0,1.0,1.0,,,,,4.0,1.0,
444778,,,,,,,,19.0,,12.0,0.0,,,,,2.0,1.0,,,,,,,1.0,,
444787,,,,,,,,52.0,,19.0,1.0,,,,,5.0,5.0,1.0,3.0,1.0,,,4.0,3.0,,
444796,,,,,,,,28.0,,5.0,,,,,,3.0,1.0,1.0,,1.0,,1.0,4.0,4.0,2.0,
444811,,,,,,,,20.0,,7.0,,,,,,4.0,1.0,,,,,,3.0,,,
444857,,,,,,,,8.0,,4.0,,,,,,1.0,,,,,,,,3.0,,
444866,,,,,,,,35.0,,10.0,,,,,,8.0,4.0,,,,,,,13.0,,
444893,,,,,,,,31.0,,11.0,,,,,,3.0,3.0,0.0,,,,,7.0,2.0,,
444909,,,,,,,,5.0,,3.0,,,,,,,1.0,,,,,,,1.0,,
444927,,,,,,,,41.0,,18.0,,,,,,5.0,,,,,,1.0,,12.0,,
444936,,,,,,,,6.0,,2.0,,,,,,2.0,,,,,,,,1.0,,
444945,,,,,,,,24.0,,12.0,,,,,,1.0,,,,,,,,9.0,,
444954,,,,,,,,157.0,,93.0,,,,,,13.0,10.0,6.0,,,,5.0,,12.0,5.0,
444972,,,,,,,,33.0,,14.0,,,,,,7.0,,,,,,,,13.0,,
444990,,,,,,,,40.0,,28.0,,,,,,1.0,9.0,,,,,,,1.0,,
445027,,,,,,,,677.0,,238.0,,,,,,39.0,125.0,,3.0,,,,233.0,22.0,,
445054,,,,,,,,32.0,,12.0,12.0,,,,,1.0,4.0,1.0,,,,,,1.0,,
445081,,,,,,,,24.0,,13.0,,,,,,2.0,,1.0,,,,,,7.0,,
445090,,,,,,,,68.0,,35.0,,,,,,14.0,,,8.0,,,1.0,,2.0,,
445115,,,,,,,,42.0,,19.0,,,,,,3.0,3.0,,,,,,10.0,3.0,,
445124,,,,,,,,9.0,,5.0,,,,,,1.0,1.0,0.0,,,,,,1.0,,
445133,,,,,,,,48.0,,19.0,,,,,,5.0,4.0,1.0,,,,,9.0,2.0,,
445188,,,,,,,,1294.0,,333.0,71.0,,,,,161.0,162.0,86.0,115.0,19.0,,109.0,6.0,142.0,26.0,17.0
445203,,,,,,,,48.0,,30.0,,,,,,4.0,1.0,1.0,,,,,4.0,7.0,,
445212,,,,,,,,32.0,,18.0,,,,,,1.0,,,,,,,6.0,6.0,1.0,
445221,,,,,,,,5.0,,4.0,,,,,,1.0,,,,,,,,,,
445230,,,,,,,,52.0,,31.0,,,,,,2.0,,,,,,,,14.0,,
445249,,,,,,,,47.0,,19.0,,,,,,7.0,1.0,1.0,,,,,3.0,16.0,,
445258,,,,,,,,38.0,,19.0,,,,,,6.0,2.0,,,,,2.0,4.0,3.0,,
445267,,,,,,,,137.0,,91.0,,,,,,7.0,6.0,,9.0,,,,,11.0,,
445300,,,,,,,,23.0,,17.0,,,,,,2.0,,,1.0,,,,,3.0,,
445319,,,,,,,,12.0,,10.0,,,,,,,,,1.0,,,,,1.0,,
445328,,,,,,,,20.0,,8.0,,,,,,5.0,,,5.0,,,,,,,
445346,,,,,,,,11.0,,6.0,,,,,,3.0,,,1.0,,,,,0.0,,
445364,,,,,,,,25.0,,14.0,,,,,,1.0,,,,,,,4.0,6.0,,
445391,,,,,,,,15.0,,12.0,,,,,,2.0,,,,,,,,1.0,,
445434,,,,,,,,43.0,,18.0,,,,,,9.0,1.0,,,,,,,14.0,,
445461,,,,,,,,48.0,,18.0,,,,,,7.0,2.0,,,,,,,21.0,,
445498,,,,,,,,7.0,,4.0,,,,,,2.0,,,,,,,,0.0,1.0,
445540,,,,,,,,8.0,,4.0,,,,,,1.0,2.0,,,,,,,1.0,,
445559,,,,,,,,32.0,,17.0,,,,,,2.0,2.0,,,,,,1.0,1.0,,
445577,,,,,,,,16.0,,9.0,,,,,,3.0,,,,,,,,1.0,,
445638,,,,,,,,7.0,,4.0,,,,,,1.0,,,,,,,,,,
445647,,,,,,,,10.0,,5.0,,,,,,1.0,1.0,,,,,,,1.0,,
445656,,,,,,,,12.0,,6.0,,,,,,2.0,,,,,,,,0.0,,
445665,,,,,,,,2.0,,1.0,,,,,,1.0,,,,,,,,,,
445692,,,,,,,,55.0,,23.0,,,,,,6.0,5.0,4.0,,,,,4.0,3.0,,
445708,,,,,,,,226.0,,94.0,,,,,,38.0,24.0,2.0,25.0,1.0,,13.0,1.0,13.0,6.0,
445726,,,,,,,,19.0,,7.0,,,,,,3.0,2.0,,,,,,1.0,1.0,,
445735,,,,,,,,362.0,,159.0,5.0,,,,,43.0,14.0,16.0,8.0,6.0,,31.0,,50.0,7.0,
445744,,,,,,,,33.0,,21.0,,,,,,6.0,2.0,,,,,,,3.0,,
445762,,,,,,,,30.0,,13.0,,,,,,3.0,,,,,,,,15.0,,
445780,,,,,,,,4.0,,,,,,,,,,,,4.0,,,,,,
445799,,,,,,,,111.0,,51.0,,,,,,14.0,38.0,1.0,,,,,,3.0,4.0,
445814,,,,,,,,34.0,,20.0,,,,,,7.0,1.0,,,,,2.0,3.0,0.0,,
445841,,,,,,,,13.0,,8.0,,,,,,1.0,,,,,,,,1.0,,
445850,,,,,,,,12.0,,8.0,,,,,,1.0,,,,,,,,2.0,,
445869,,,,,,,,25.0,,11.0,,,,,,3.0,0.0,,,,,,,3.0,,
445920,,,,,,,,22.0,,11.0,,,,,,4.0,,,,,,,,2.0,,
445948,,,,,,,,29.0,,13.0,,,,,,3.0,1.0,,,,,,1.0,8.0,2.0,
445957,,,,,,,,17.0,,8.0,,,,,,4.0,,,,,,,0.0,3.0,,
445984,,,,,,,,12.0,,2.0,,,,,,1.0,1.0,,0.0,,,,,6.0,0.0,
446002,,,,,,,,16.0,,11.0,,,,,,2.0,1.0,,,,,2.0,,,,
446039,,,,,,,,17.0,,7.0,,1.0,,,,3.0,1.0,,,,,,0.0,3.0,,
446048,,,,,,,,193.0,,69.0,3.0,,,,,31.0,11.0,6.0,19.0,5.0,,8.0,1.0,13.0,5.0,0.0
446057,,,,,,,,6.0,,5.0,,,,,,1.0,,,,,,,,0.0,,
446075,,,,,,,,4.0,,2.0,,,,,,1.0,,,,,,,,1.0,,
446084,,,,,,,,15.0,,7.0,,,,,,3.0,2.0,,,,,,2.0,0.0,,
446093,,,,,,,,24.0,,8.0,,,,,,3.0,3.0,,,,,,3.0,7.0,,
446109,,,,,,,,12.0,,6.0,,,,,,1.0,2.0,,,,,,,,,
446118,,,,,,,,114.0,,48.0,,,,,,8.0,6.0,,,19.0,,6.0,8.0,18.0,,
446127,,,,,,,,26.0,,14.0,,,,,,1.0,2.0,1.0,,,,1.0,2.0,2.0,,
446136,,,,,,,,35.0,,21.0,,,,,,2.0,1.0,,,,,,,2.0,,
446163,,,,,,,,9.0,,2.0,,,,,,0.0,1.0,,,,,0.0,,,,
446190,,,,,,,,9.0,,4.0,,,,,,1.0,1.0,,,2.0,,,,1.0,,
446206,,,,,,,,4.0,,1.0,,,,,,1.0,1.0,,,,,,,1.0,,
446215,,,,,,,,8.0,,3.0,,,,,,1.0,,,,,,,,3.0,,
446224,,,,,,,,22.0,,13.0,,,,,,1.0,1.0,,,,,,1.0,2.0,,
446233,,,,,,,,85.0,,38.0,,,,,,6.0,9.0,,,,,11.0,,15.0,,
446242,,,,,,,,19.0,,12.0,,,,,,1.0,,,,,,,,1.0,,
446251,,,,,,,,22.0,,7.0,,,,,,3.0,,,,,,1.0,,7.0,,
446260,,,,,,,,13.0,,7.0,,,,,,1.0,1.0,,,,,,,4.0,,
446288,,,,,,,,10.0,,4.0,,,,,,1.0,,,,,,,1.0,3.0,,
446303,,,,,,,,23.0,,6.0,,,,,,5.0,3.0,0.0,,,,2.0,2.0,1.0,1.0,
446349,,,,,,,,9.0,,3.0,,,,,,2.0,,,,,,,,2.0,2.0,
446385,,,,,,,,42.0,,25.0,,,,,,2.0,2.0,,,,,,4.0,7.0,,
446394,,,,,,,,20.0,,12.0,,,,,,3.0,1.0,,,,,,,2.0,,
446446,,,,,,,,16.0,,10.0,,,,,,4.0,,,,,,,,2.0,,
446455,,,,,,,,15.0,,8.0,,,,,,1.0,,,,,,,1.0,,0.0,
446516,,,,,,,,10.0,,4.0,,,,,,2.0,2.0,,,,,,,2.0,,
446525,,,,,,,,14.0,,3.0,,,,,,2.0,1.0,,,,,,2.0,3.0,,
446534,,,,,,,,4.0,,3.0,,,,,,1.0,,,,,,,,,,
446543,,,,,,,,5.0,,3.0,,,,,,1.0,,,,,,,,1.0,,
446552,,,,,,,,153.0,,60.0,,,,,,25.0,4.0,1.0,,,,4.0,,11.0,,
446561,,,,,,,,145.0,,66.0,,,,,,19.0,4.0,4.0,10.0,,,3.0,,8.0,,1.0
446589,,,,,,,,15.0,,3.0,,,,,,3.0,1.0,,,,,,2.0,2.0,1.0,
446598,,,,,,,,10.0,,6.0,,,,,,1.0,0.0,0.0,,,,,,1.0,,
446604,,,,,,,,197.0,,144.0,,,,,,9.0,6.0,3.0,,,,27.0,,6.0,,
446613,,,,,,,,2.0,,1.0,,1.0,,,,,,,,,,,,,,
446640,,,,,,,,99.0,,58.0,,,,,,7.0,10.0,6.0,,,,2.0,4.0,3.0,,
446668,,,,,,,,33.0,,21.0,,,,,,5.0,,,,,,,,5.0,,
446677,,,,,,,,20.0,,7.0,,,,,,3.0,,,,,,,2.0,1.0,,
446729,,,,,,,,6.0,,2.0,,,,,,3.0,,,,,,,,1.0,,
446774,,,,,,,,176.0,,102.0,,,,,,19.0,12.0,3.0,3.0,,,15.0,2.0,18.0,2.0,
446792,,,,,,,,26.0,,16.0,,,,,,1.0,2.0,2.0,,,,,,,,
446808,,,,,,,,30.0,,19.0,,,,,,2.0,3.0,1.0,,,,,,1.0,,
446835,,,,,,,,54.0,,27.0,,,,,,2.0,3.0,,,,,,14.0,3.0,,
446844,,,,,,,,34.0,,13.0,,,,,,3.0,4.0,,,,,,8.0,3.0,,
446880,,,,,,,,27.0,,16.0,,,,,,5.0,1.0,,,,,,4.0,1.0,,
446899,,,,,,,,43.0,,21.0,,,,,,5.0,,1.0,,,,,,15.0,,
446905,,,,,,,,39.0,,16.0,,,,,,5.0,,1.0,,,,,,15.0,,
446914,,,,,,,,52.0,,23.0,,,,,,6.0,,1.0,,,,,,20.0,,
446923,,,,,,,,51.0,,24.0,,,,,,7.0,1.0,1.0,,,,,,16.0,,
446932,,,,,,,,75.0,,43.0,,,,,,11.0,3.0,1.0,,,,4.0,,13.0,,
446978,,,,,,,,23.0,,,,,,,,2.0,6.0,,9.0,,,,,5.0,,
446996,,,,,,,,6.0,,4.0,,,,,,1.0,1.0,,,,,,,,,
447014,,,,,,,,32.0,,9.0,,,,,,5.0,3.0,,,,,,,3.0,1.0,
447023,,,,,,,,51.0,,18.0,,,,,,8.0,3.0,,,,,2.0,,15.0,,
447050,,,,,,,,65.0,,25.0,,,,,,11.0,4.0,,,,,1.0,,3.0,,
447102,,,,,,,,20.0,,8.0,,,,,,5.0,,,4.0,,,,,,,
447120,,,,,,,,17.0,,7.0,,,,,,4.0,,,4.0,,,,,0.0,,
447148,,,,,,,,14.0,,8.0,,,,,,2.0,,,,,,,,1.0,,
447166,,,,,,,,7.0,,4.0,,,,,,1.0,,,,,,,,1.0,,
447175,,,,,,,,7.0,,5.0,,,,,,1.0,,,,,,,,1.0,,
447209,,,,,,,,23.0,,8.0,,,,,,6.0,1.0,1.0,,,,,,7.0,,
447254,,,,,,,,4.0,,2.0,,,,,,1.0,1.0,,,,,,,,,
447263,,,,,,,,57.0,,28.0,,,,,,11.0,6.0,,,,,,4.0,7.0,1.0,
447272,,,,,,,,46.0,,19.0,,,,,,6.0,,,,,,,,20.0,,
447290,,,,,,,,66.0,,30.0,,,,,,12.0,1.0,1.0,,,,,,20.0,1.0,
447315,,,,,,,,3.0,,2.0,,,,,,1.0,,,,,,,,,,
447324,,,,,,,,5.0,,4.0,,,,,,1.0,,,,,,,,,,
447333,,,,,,,,3.0,,3.0,,,,,,,,,,,,,,,,
447360,,,,,,,,15.0,,11.0,,,,,,2.0,,,,,,,,1.0,0.0,
447379,,,,,,,,30.0,,14.0,,,,,,7.0,1.0,,,,,3.0,4.0,1.0,,
447403,,,,,,,,75.0,,29.0,,,,,,11.0,28.0,1.0,,,,,,3.0,3.0,
447421,,,,,,,,25.0,,13.0,,,,,,1.0,2.0,,,,,,,2.0,,
447430,,,,,,,,14.0,,6.0,,,,,,1.0,2.0,,,,,,,5.0,,
447449,,,,,,,,5.0,,2.0,,,,,,1.0,,,,,,,,2.0,,
447458,,,,,,,,62.0,,33.0,,,,,,4.0,2.0,,,,,1.0,6.0,2.0,,
447467,,,,,,,,20.0,,7.0,,,,,,2.0,,,,,,2.0,,8.0,,
447476,,,,,,,,1.0,,,,,,,,1.0,,,,,,,,,,
447494,,,,,,,,14.0,,10.0,,,,,,2.0,,,,,,,,,,
447519,,,,,,,,16.0,,11.0,,,,,,3.0,,,,,,,,1.0,,
447528,,,,,,,,11.0,,2.0,,,,,,1.0,2.0,,0.0,,,,,4.0,0.0,
447582,,,,,,,,169.0,,80.0,,,,,,21.0,7.0,6.0,2.0,,,15.0,,16.0,,
447591,,,,,,,,22.0,,8.0,,,,,,2.0,,,,,,,,0.0,,
447607,,,,,,,,33.0,,9.0,,,,,,2.0,1.0,,0.0,,,,,,,
447616,,,,,,,,33.0,,8.0,,,,,,1.0,1.0,,1.0,,,,,,,
447634,,,,,,,,19.0,,8.0,,,,,,5.0,,,4.0,,,1.0,,0.0,,
447670,,,,,,,,20.0,,12.0,,,,,,3.0,,,,,,,,2.0,,
447689,,,,,,,,854.0,,489.0,,,,,,122.0,19.0,35.0,26.0,2.0,,25.0,,74.0,4.0,
447698,,,,,,,,28.0,,16.0,1.0,,,,,3.0,1.0,,1.0,,,,,2.0,,
447704,,,,,,,,11.0,,4.0,,,,,,3.0,1.0,,,,,,,3.0,,
447713,,,,,,,,4.0,,2.0,,,,,,,,,,,,,,,,
447722,,,,,,,,7.0,,2.0,,,,,,2.0,1.0,,,,,,,1.0,,
447731,,,,,,,,11.0,,5.0,,,,,,1.0,1.0,,,,,,,2.0,,
447759,,,,,,,,23.0,,5.0,,,,,,4.0,3.0,,,,,,,4.0,1.0,
447768,,,,,,,,97.0,,40.0,,,,,,21.0,3.0,,13.0,,,,,17.0,1.0,
447777,,,,,,,,60.0,,26.0,,,,,,7.0,5.0,1.0,,,,,6.0,10.0,,
447795,,,,,,,,4.0,,1.0,,,,,,2.0,,,,,,,,0.0,,
447801,,,,,,,,35.0,,18.0,,,,,,6.0,1.0,0.0,,,,1.0,0.0,8.0,,
447810,,,,,,,,61.0,,26.0,,,,,,6.0,2.0,1.0,1.0,,,,,12.0,,
447847,,,,,,,,118.0,,65.0,1.0,,,,,7.0,2.0,1.0,,,,2.0,,18.0,16.0,
447865,,,,,,,,5.0,,2.0,,,,,,1.0,1.0,,,,,,,1.0,,
447874,,,,,,,,49.0,,20.0,,,,,,8.0,2.0,,,,,6.0,6.0,1.0,3.0,
447883,,,,,,,,23.0,,12.0,,,,,,2.0,3.0,,,,,,,4.0,2.0,
447892,,,,,,,,12.0,,4.0,,,,,,2.0,2.0,,,,,1.0,,3.0,,
447908,,,,,,,,10.0,,2.0,,,,,,2.0,,,,,,4.0,,,,
447917,,,,,,,,8.0,,3.0,,,,,,3.0,0.0,,,,,,,2.0,,
447935,,,,,,,,58.0,,30.0,,,,,,2.0,9.0,1.0,,,,,5.0,3.0,,
447953,,,,,,,,39.0,,19.0,1.0,,,,,6.0,3.0,,0.0,,,0.0,2.0,1.0,,
447962,,,,,,,,24.0,,14.0,,,,,,2.0,2.0,,,,,,1.0,2.0,1.0,
447971,,,,,,,,26.0,,16.0,,,,,,1.0,1.0,,,,,1.0,,4.0,,
447980,,,,,,,,7.0,,4.0,,,,,,1.0,0.0,,,,,,,1.0,,
447999,,,,,,,,22.0,,13.0,,,,,,3.0,3.0,,,,,,1.0,2.0,,
448008,,,,,,,,3.0,,2.0,,,,,,,,,,,,,,1.0,,
448017,,,,,,,,19.0,,7.0,,,,,,3.0,,,,,,,,9.0,,
448026,,,,,,,,14.0,,7.0,,,,,,3.0,,,,,,,,2.0,,
448035,,,,,,,,5.0,,2.0,,,,,,1.0,,,,,,,,2.0,,
448044,,,,,,,,6.0,,1.0,,,,,,1.0,3.0,,,,,,,,,
448071,,,,,,,,25.0,,9.0,,,,,,5.0,4.0,,,,,1.0,2.0,4.0,,
448105,,,,,,,,5.0,,2.0,,,,,,1.0,1.0,0.0,,,,0.0,,0.0,,
448123,,,,,,,,28.0,,11.0,,,,,,3.0,2.0,,,,,1.0,3.0,7.0,1.0,
448150,,,,,,,,11.0,,7.0,,,,,,1.0,1.0,,,,,,1.0,1.0,,
448196,,,,,,,,12.0,,4.0,,,,,,2.0,1.0,,,1.0,,,1.0,1.0,,
448211,,,,,,,,7.0,,2.0,,,,,,1.0,1.0,,,,,,,3.0,,
448220,,,,,,,,12.0,,5.0,,,,,,1.0,,,,,,,2.0,3.0,1.0,
448239,,,,,,,,15.0,,10.0,,,,,,3.0,1.0,,,,,,,1.0,,
448248,,,,,,,,140.0,,64.0,,,,,,28.0,11.0,6.0,3.0,,,5.0,2.0,13.0,2.0,
448257,,,,,,,,7.0,,3.0,,,,,,2.0,,,,,,,,2.0,,
448275,,,,,,,,4.0,,2.0,,,,,,1.0,1.0,,,,,,,0.0,0.0,
448284,,,,,,,,72.0,,47.0,,,,,,7.0,,2.0,6.0,,,,1.0,4.0,1.0,
448309,,,,,,,,48.0,,33.0,,,,,,3.0,2.0,0.0,1.0,,,,,6.0,,
448336,,,,,,,,22.0,,,,,,,,8.0,8.0,,4.0,,,0.0,,1.0,0.0,
448345,,,,,,,,78.0,,32.0,,,,,,13.0,,,,,,,,29.0,,
448354,,,,,,,,35.0,,11.0,7.0,,,,,4.0,1.0,1.0,,,,,2.0,5.0,1.0,
448381,,,,,,,,80.0,,,,,,,,19.0,,14.0,,,,4.0,,34.0,,
448415,,,,,,,,46.0,,25.0,,,,,,9.0,3.0,,,,,,4.0,4.0,,
448424,,,,,,,,8.0,,6.0,,,,,,1.0,,,,,,,,,,
448433,,,,,,,,119.0,,52.0,,,,,,14.0,45.0,1.0,,,,,,2.0,5.0,
448442,,,,,,,,38.0,,14.0,,,,,,6.0,1.0,1.0,,,,,,14.0,,
448451,,,,,,,,40.0,,15.0,,,,,,7.0,,1.0,,,,,,15.0,,
448460,,,,,,,,14.0,,8.0,,,,,,3.0,,1.0,,,,,,1.0,,
448479,,,,,,,,36.0,,16.0,,,,,,6.0,2.0,1.0,,,,,,10.0,,
448488,,,,,,,,49.0,,26.0,,,,,,6.0,,1.0,,,,,,14.0,,
448497,,,,,,,,31.0,,13.0,,,,,,5.0,,1.0,,,,,,11.0,,
448503,,,,,,,,45.0,,21.0,,,,,,6.0,,1.0,,,,,,16.0,,
448512,,,,,,,,53.0,,28.0,,,,,,7.0,1.0,1.0,,,,,,14.0,,
448567,,,,,,,,24.0,,20.0,,,,,,2.0,,,,,,,,2.0,,
448576,,,,,,,,116.0,,47.0,,,,,,16.0,1.0,,,,,1.0,,47.0,,
448585,,,,,,,,30.0,,19.0,,,,,,2.0,,,,,,,,2.0,,
448594,,,,,,,,180.0,,77.0,,,,,,14.0,,1.0,18.0,,,16.0,,11.0,,
448600,,,,,,,,34.0,,21.0,,0.0,,,,2.0,3.0,,,,,0.0,3.0,2.0,,
448619,,,,,,,,88.0,,36.0,,,,,,21.0,,,,,,,,12.0,3.0,
448637,,,,,,,,49.0,,,1.0,,,,,23.0,13.0,6.0,,,,0.0,,6.0,,
448646,,,,,,,,13.0,,6.0,,,,,,2.0,,,,,,,,4.0,,
448664,,,,,,,,35.0,,24.0,,,,,,5.0,2.0,,,,,,2.0,2.0,,
448673,,,,,,,,166.0,,40.0,,,,,,34.0,26.0,,,,,,,4.0,,
448691,,,,,,,,30.0,,5.0,,,,,,10.0,1.0,,,,,,,12.0,,
448707,,,,,,,,22.0,,8.0,,,,,,1.0,,,1.0,,,,4.0,1.0,1.0,
448716,,,,,,,,26.0,,7.0,,,,,,2.0,,,1.0,,,0.0,5.0,1.0,3.0,
448734,,,,,,,,51.0,,27.0,,,,,,12.0,,,,,,,,11.0,,
448752,,,,,,,,34.0,,12.0,,,,,,1.0,4.0,1.0,,,,,5.0,2.0,,
448761,,,,,,,,19.0,,5.0,,,,,,2.0,1.0,,,,,,2.0,2.0,,
448770,,,,,,,,28.0,,11.0,,,,,,4.0,,,,,,,2.0,2.0,1.0,
448798,,,,,,,,8.0,,5.0,,,,,,1.0,,,,,,,,1.0,,
448804,,,,,,,,13.0,,3.0,,,,,,7.0,,,,,,,,3.0,,
448822,,,,,,,,7.0,,3.0,,,,,,2.0,,,,,,,,1.0,,
448840,,,,,,,,492.0,,188.0,1.0,,,,,30.0,33.0,15.0,39.0,3.0,,48.0,,69.0,20.0,2.0
448859,,,,,,,,19.0,,10.0,,,,,,2.0,,,,,,,,1.0,1.0,
448886,,,,,,,,1110.0,,449.0,13.0,1.0,,,,135.0,99.0,69.0,127.0,6.0,,29.0,3.0,134.0,,1.0
448895,,,,,,,,37.0,,17.0,,,,,,2.0,,,,,,,5.0,13.0,,
448974,,,,,,,,19.0,,10.0,,,,,,5.0,,,,,,,,3.0,,
448983,,,,,,,,18.0,,10.0,,,,,,5.0,,,,,,,,1.0,,
449010,,,,,,,,78.0,,36.0,,,,,,9.0,,,,,,,,28.0,,
449038,,,,,,,,155.0,,91.0,,,,,,18.0,,,,,,,15.0,10.0,,
449074,,,,,,,,44.0,,24.0,,,,,,2.0,,,,,,,,11.0,,
449083,,,,,,,,34.0,,17.0,,,,,,1.0,,1.0,,,,2.0,,1.0,,
449092,,,,,,,,30.0,,14.0,,,,,,1.0,,1.0,,,,2.0,,1.0,,
449117,,,,,,,,42.0,,21.0,,,,,,5.0,1.0,,,1.0,,,5.0,7.0,,
449126,,,,,,,,18.0,,9.0,,,,,,5.0,1.0,,,2.0,,,2.0,,,
449135,,,,,,,,7.0,,2.0,,,,,,2.0,0.0,,,,,2.0,0.0,0.0,,
449144,,,,,,,,11.0,,5.0,,,,,,3.0,,,,,,3.0,,,1.0,
449153,,,,,,,,7.0,,2.0,,,,,,1.0,,,,,,1.0,1.0,1.0,1.0,
449162,,,,,,,,4.0,,3.0,,,,,,1.0,,,,,,,,,,
449171,,,,,,,,4.0,,4.0,,,,,,,,,,,,,,,,
449180,,,,,,,,4.0,,3.0,,,,,,1.0,,,,,,,,,,
449199,,,,,,,,5.0,,4.0,,,,,,1.0,,,,,,,,,,
449205,,,,,,,,4.0,,3.0,,,,,,1.0,,,,,,,,,,
449214,,,,,,,,3.0,,2.0,,,,,,1.0,,,,,,,,,,
449223,,,,,,,,3.0,,3.0,,,,,,,,,,,,,,,,
449232,,,,,,,,5.0,,4.0,,,,,,1.0,,,,,,,,,,
449241,,,,,,,,4.0,,3.0,,,,,,1.0,,,,,,,,,,
449250,,,,,,,,44.0,,26.0,,,,,,2.0,,,,,,,,1.0,,
449269,,,,,,,,37.0,,15.0,,,,,,5.0,1.0,1.0,,,,,,15.0,,
449302,,,,,,,,4.0,,2.0,,,,,,1.0,,,,,,,,,,
449311,,,,,,,,12.0,,5.0,,,,,,1.0,,,,,,1.0,2.0,3.0,,
449320,,,,,,,,51.0,,25.0,,,,,,16.0,,1.0,,,,,,8.0,,
449339,,,,,,,,2003.0,,1033.0,,,,,,281.0,271.0,101.0,17.0,,,18.0,,216.0,,
449348,,,,,,,,16.0,,8.0,,,,,,2.0,1.0,,,,,1.0,,4.0,,
449357,,,,,,,,10.0,,3.0,,,,,,2.0,1.0,,,,,2.0,,2.0,,
449366,,,,,,,,72.0,,22.0,,,,,,9.0,8.0,1.0,,,,,7.0,4.0,1.0,6.0
449384,,,,,,,,58.0,,26.0,,,,,,6.0,2.0,5.0,4.0,,,,,9.0,,
449393,,,,,,,,5.0,,4.0,,,,,,,1.0,,,,,,,,,
449445,,,,,,,,13.0,,7.0,,,,,,1.0,2.0,,,,,,2.0,1.0,,
449454,,,,,,,,13.0,,7.0,,,,,,3.0,2.0,,,,,1.0,1.0,,,
449463,,,,,,,,18.0,,14.0,,,,,,,,,,,,,,1.0,,
449472,,,,,,,,9.0,,5.0,,,,,,,1.0,,,,,,,,0.0,
449481,,,,,,,,5.0,,1.0,,,,,,1.0,,,,,,,,1.0,,
449490,,,,,,,,13.0,,5.0,,,,,,3.0,1.0,,,,,0.0,,3.0,,
449506,,,,,,,,72.0,,32.0,,,,,,8.0,2.0,1.0,10.0,1.0,,8.0,,8.0,1.0,
449524,,,,,,,,30.0,,9.0,,,,,,3.0,3.0,1.0,,,,,,6.0,,
449533,,,,,,,,8.0,,3.0,,,,,,1.0,,,,,,,2.0,1.0,,
449597,,,,,,,,5.0,,2.0,,,,,,2.0,,,,,,,,1.0,,
449603,,,,,,,,16.0,,7.0,,,,,,2.0,1.0,,,,,,,6.0,,
449612,,,,,,,,26.0,,10.0,,,,,,3.0,3.0,,,,,,,,3.0,
449658,,,,,,,,11.0,,6.0,,,,,,1.0,0.0,,,,,2.0,1.0,,,
449667,,,,,,,,23.0,,8.0,,,,,,2.0,2.0,,2.0,,,0.0,2.0,2.0,,
449676,,,,,,,,25.0,,11.0,,,,,,3.0,1.0,1.0,,,,2.0,2.0,5.0,,
449685,,,,,,,,22.0,,7.0,,,,,,5.0,1.0,0.0,,,,2.0,3.0,2.0,,
449700,,,,,,,,26.0,,9.0,,,,,,5.0,,,,,,,,,,
449719,,,,,,,,22.0,,12.0,,,,,,3.0,2.0,,1.0,,,,1.0,2.0,0.0,
449728,,,,,,,,11.0,,7.0,,,,,,1.0,1.0,,,,,,,1.0,,
449764,,,,,,,,37.0,,17.0,,,,,,5.0,2.0,,,,,,8.0,3.0,,
449773,,,,,,,,21.0,,5.0,,,,,,6.0,3.0,,,,,3.0,,1.0,,
449782,,,,,,,,6.0,,3.0,,,,,,,3.0,,,,,,,,,
449807,,,,,,,,17.0,,8.0,,,,,,2.0,2.0,,,,,,,1.0,2.0,
449816,,,,,,,,46.0,,25.0,,,,,,8.0,,1.0,,,,2.0,,6.0,,
449834,,,,,,,,8.0,,6.0,,,,,,,1.0,,,,,,,1.0,,
449852,,,,,,,,6.0,,3.0,,,,,,1.0,1.0,,,,,,,1.0,0.0,
449861,,,,,,,,32.0,,21.0,,,,,,3.0,1.0,,,,,,2.0,2.0,,
449870,,,,,,,,55.0,,17.0,1.0,,,,,14.0,,2.0,,,,3.0,,8.0,,
449889,,,,,,,,102.0,,30.0,,,,,,32.0,4.0,,,,,,,2.0,,
449898,,,,,,,,100.0,,55.0,,,,,,22.0,,,,,,,,22.0,,
449904,,,,,,,,14.0,,7.0,,,,,,1.0,,,,,,,3.0,3.0,,
449922,,,,,,,,51.0,,25.0,1.0,,,,,5.0,1.0,2.0,,,,4.0,,6.0,,
449931,,,,,,,,53.0,,43.0,,,,,,3.0,1.0,,4.0,,,,,2.0,,
449959,,,,,,,,28.0,,17.0,,,,,,1.0,,,,,,,5.0,4.0,1.0,
449968,,,,,,,,28.0,,12.0,,,,,,5.0,,,,,,,3.0,7.0,1.0,
449977,,,,,,,,17.0,,9.0,,,,,,2.0,,,,,,,2.0,3.0,1.0,
449986,,,,,,,,25.0,,11.0,,,,,,5.0,,,,,,,4.0,5.0,,
449995,,,,,,,,24.0,,7.0,,,,,,6.0,,,,,,,5.0,5.0,1.0,
450003,,,,,,,,18.0,,11.0,,,,,,3.0,1.0,,,0.0,,,2.0,1.0,,
450021,,,,,,,,28.0,,15.0,,,,,,4.0,1.0,,,,,2.0,2.0,2.0,,
450049,,,,,,,,24.0,,14.0,,,,,,3.0,,,,,,,,4.0,,
450058,,,,,,,,63.0,,33.0,,,,,,7.0,6.0,1.0,,,,,,5.0,,
450067,,,,,,,,43.0,,24.0,,,,,,3.0,3.0,,,,,1.0,5.0,5.0,,
450076,,,,,,,,30.0,,13.0,,,,,,6.0,,,,,,,,1.0,,
450085,,,,,,,,53.0,,21.0,,,,,,9.0,,,,,,,,19.0,,
450094,,,,,,,,74.0,,32.0,,,,,,13.0,,,,,,,,28.0,,
450119,,,,,,,,25.0,,12.0,,,,,,4.0,1.0,,,,,,2.0,2.0,,
450128,,,,,,,,28.0,,15.0,,,,,,4.0,1.0,,,,,,2.0,3.0,,
450173,,,,,,,,1951.0,,336.0,,,,,,162.0,944.0,25.0,4.0,,,4.0,385.0,90.0,,
450182,,,,,,,,16.0,,6.0,,,,,,4.0,,,1.0,,,0.0,,5.0,,
450191,,,,,,,,45.0,,20.0,,,,,,9.0,,1.0,5.0,,,1.0,,3.0,,
450207,,,,,,,,5.0,,5.0,,,,,,,,,,,,,,,,
450216,,,,,,,,64.0,,29.0,,,,,,5.0,3.0,1.0,,,,,,24.0,,
450225,,,,,,,,38.0,,14.0,,,,,,6.0,1.0,1.0,,,,,,15.0,,
450234,,,,,,,,21.0,,14.0,,,,,,4.0,,1.0,,,,,,1.0,,
450243,,,,,,,,55.0,,16.0,,,,,,9.0,1.0,1.0,,,,,,26.0,,
450252,,,,,,,,65.0,,34.0,,,,,,7.0,2.0,1.0,,,,,,19.0,,
450261,,,,,,,,29.0,,10.0,,,,,,4.0,1.0,1.0,,,,,,12.0,,
450270,,,,,,,,16.0,,10.0,,,,,,3.0,,1.0,,,,,,1.0,,
450289,,,,,,,,51.0,,23.0,,,,,,8.0,,,10.0,,,1.0,,2.0,,
450298,,,,,,,,12.0,,6.0,,,,,,2.0,,,,,,,2.0,1.0,,
450304,,,,,,,,41.0,,16.0,,,,,,4.0,4.0,1.0,2.0,,,1.0,,7.0,0.0,
450377,,,,,,,,25.0,,14.0,,,,,,3.0,,,,,,,3.0,2.0,,
450395,,,,,,,,26.0,,11.0,,,,,,5.0,1.0,0.0,,,,,5.0,3.0,,1.0
450401,,,,,,,,45.0,,28.0,,,,,,1.0,2.0,,,,,,,8.0,,
450429,,,,,,,,17.0,,9.0,,,,,,4.0,,,,,,,,2.0,,
450447,,,,,,,,8.0,,4.0,,,,,,1.0,1.0,1.0,,,,,,,,
450456,,,,,,,,11.0,,7.0,,,,,,3.0,,,,,,,,0.0,,
450465,,,,,,,,35.0,,27.0,,,,,,1.0,2.0,1.0,,,,,,1.0,,
450483,,,,,,,,17.0,,11.0,,,,,,2.0,1.0,,,,,,,3.0,,
450526,,,,,,,,42.0,,17.0,,,,,,8.0,,,,,,,,16.0,,
450535,,,,,,,,35.0,,17.0,,,,,,6.0,,,,,,,,12.0,,
450544,,,,,,,,31.0,,15.0,,,,,,5.0,,,,,,,,10.0,,
450571,,,,,,,,72.0,,29.0,,,,,,12.0,1.0,,,,,,,2.0,,
450580,,,,,,,,6.0,,3.0,,,,,,1.0,,,,,,,,1.0,,
450599,,,,,,,,8.0,,5.0,,,,,,1.0,,,,,,,,1.0,,
450605,,,,,,,,7.0,,4.0,,,,,,1.0,,,,,,,,1.0,,
450614,,,,,,,,7.0,,5.0,,,,,,1.0,,,,,,,,1.0,,
450623,,,,,,,,2.0,,1.0,,,,,,1.0,,,,,,,,,,
450632,,,,,,,,34.0,,10.0,,,,,,2.0,2.0,,,15.0,,,,2.0,,
450641,,,,,,,,15.0,,8.0,,,,,,4.0,1.0,,,,,,,2.0,,
450650,,,,,,,,56.0,,17.0,,,,,,,7.0,,,,,,6.0,20.0,2.0,
450669,,,,,,,,16.0,,6.0,,,,,,3.0,,,,,,,3.0,3.0,,
450678,,,,,,,,9.0,,4.0,,,,,,3.0,,,,,,,,1.0,,
450696,,,,,,,,33.0,,10.0,,,,,,12.0,,,,,,1.0,,1.0,,
450702,,,,,,,,40.0,,16.0,,,,,,11.0,,,,,,2.0,,1.0,,
450711,,,,,,,,8.0,,8.0,,,,,,,,,,,,,,,,
450720,,,,,,,,19.0,,8.0,,,,,,7.0,,,,,,0.0,,2.0,,
450739,,,,,,,,16.0,,9.0,,,,,,2.0,,0.0,,,,0.0,,3.0,,
450757,,,,,,,,12.0,,5.0,,,,,,1.0,,,,,,,,5.0,,
450766,,,,,,,,11.0,,7.0,,,,,,3.0,,,,,,,,1.0,,
450784,,,,,,,,3.0,,2.0,,,,,,1.0,,,,,,,,,,
450793,,,,,,,,5.0,,4.0,,,,,,1.0,,,,,,,,,,
450809,,,,,,,,3.0,,2.0,,,,,,1.0,,,,,,,,,,
450818,,,,,,,,3.0,,2.0,,,,,,1.0,,,,,,,,,,
450827,,,,,,,,5.0,,5.0,,,,,,,,,,,,,,,,
450836,,,,,,,,5.0,,4.0,,,,,,1.0,,,,,,,,,,
450854,,,,,,,,6.0,,5.0,,,,,,1.0,,,,,,,,,,
450863,,,,,,,,3.0,,2.0,,,,,,1.0,,,,,,,,,,
450872,,,,,,,,5.0,,4.0,,,,,,1.0,,,,,,,,,,
450881,,,,,,,,3.0,,2.0,,,,,,1.0,,,,,,,,,,
450933,,,,,,,,635.0,,253.0,,,,,,59.0,8.0,,,,,3.0,25.0,176.0,,7.0
450942,,,,,,,,84.0,,54.0,,,,,,8.0,3.0,3.0,7.0,,,1.0,,5.0,,
450951,,,,,,,,23.0,,11.0,,,,,,3.0,,,,,,2.0,2.0,5.0,,
450960,,,,,,,,16.0,,4.0,,,,,,3.0,1.0,0.0,,,,,1.0,,,
450979,,,,,,,,402.0,,188.0,,,,,,47.0,8.0,24.0,10.0,,,,7.0,14.0,,
450988,,,,,,,,12.0,,7.0,,,,,,1.0,1.0,,,,,,,3.0,,
451006,,,,,,,,21.0,,9.0,,,,,,2.0,3.0,,,,,,1.0,2.0,,
451033,,,,,,,,1.0,,1.0,,,,,,,,,,,,,,,,
451042,,,,,,,,9.0,,6.0,,,,,,,1.0,,,,,,0.0,1.0,,
451051,,,,,,,,6.0,,3.0,,,,,,1.0,1.0,,,,,,,1.0,,
451060,,,,,,,,45.0,,19.0,,,,,,10.0,,3.0,,,,,,3.0,,
451079,,,,,,,,10.0,,,,,,,,,2.0,,,,,,,6.0,,
451097,,,,,,,,18.0,,9.0,,,,,,1.0,,,,,,,,8.0,1.0,
451103,,,,,,,,79.0,,34.0,,,,,,11.0,2.0,2.0,,,,4.0,2.0,17.0,2.0,
451121,,,,,,,,14.0,,7.0,,,,,,3.0,2.0,,,,,,,2.0,,
451130,,,,,,,,24.0,,12.0,,,,,,3.0,3.0,2.0,,,,,,3.0,0.0,
451149,,,,,,,,61.0,,29.0,,,,,,4.0,2.0,,,,,,13.0,6.0,4.0,
451158,,,,,,,,71.0,,36.0,,,,,,5.0,2.0,,,,,,14.0,7.0,3.0,
451167,,,,,,,,15.0,,8.0,,,,,,2.0,1.0,,,,,1.0,,1.0,,
451194,,,,,,,,5.0,,3.0,,,,,,1.0,,,,,,,,1.0,,
451228,,,,,,,,13.0,,6.0,,,,,,2.0,,,,,,1.0,2.0,2.0,,
451237,,,,,,,,17.0,,12.0,,,,,,2.0,1.0,,,,,,,2.0,,
451255,,,,,,,,7.0,,2.0,,,,,,2.0,0.0,,,,,,,1.0,,
451264,,,,,,,,12.0,,3.0,,,,,,4.0,1.0,1.0,,,,,,1.0,,
451282,,,,,,,,8.0,,4.0,,,,,,1.0,1.0,,,,,1.0,0.0,1.0,,
451291,,,,,,,,4.0,,2.0,,,,,,1.0,,,,,,,,1.0,,
451307,,,,,,,,10.0,,3.0,,,,,,1.0,,,,,,,,3.0,1.0,
451334,,,,,,,,20.0,,11.0,,,,,,2.0,2.0,,,,,,2.0,2.0,,
451343,,,,,,,,15.0,,4.0,,,,,,3.0,2.0,,,,,,,2.0,,
451352,,,,,,,,59.0,,27.0,,,,,,5.0,3.0,,,,,,,24.0,,
451361,,,,,,,,5.0,,2.0,,,,,,2.0,,,,,,,,,,
451370,,,,,,,,5.0,,4.0,,,,,,,,,,,,0.0,,0.0,,
451398,,,,,,,,20.0,,10.0,,,,,,3.0,1.0,,,,,6.0,,1.0,,
451404,,,,,,,,37.0,,31.0,,,,,,1.0,2.0,,,,,1.0,,2.0,,
451413,,,,,,,,57.0,,34.0,,,,,,6.0,6.0,,,,,3.0,,6.0,,
451459,,,,,,,,23.0,,12.0,,,,,,3.0,1.0,,,,,,,4.0,,
451468,,,,,,,,24.0,,11.0,,,,,,2.0,2.0,1.0,,,,5.0,,2.0,,
451477,,,,,,,,13.0,,4.0,,,,,,2.0,1.0,,,,,,2.0,2.0,,
451495,,,,,,,,5.0,,2.0,,,,,,1.0,0.0,,,,,,1.0,,,
451501,,,,,,,,31.0,,14.0,,,,,,4.0,,,,,,1.0,,,,
451510,,,,,,,,60.0,,27.0,,,,,,9.0,3.0,2.0,,,,2.0,,6.0,,
451529,,,,,,,,5.0,,4.0,,,,,,,1.0,,,,,,,,,
451538,,,,,,,,18.0,,9.0,,,,,,7.0,,,,,,,,2.0,,
451547,,,,,,,,4.0,,2.0,,,,,,,2.0,,,,,,,,,
451556,,,,,,,,201.0,,85.0,,,,,,3.0,6.0,4.0,2.0,,,1.0,12.0,39.0,13.0,2.0
451565,,,,,,,,21.0,,9.0,,,,,,5.0,,,,,,,2.0,5.0,,
451574,,,,,,,,14.0,,7.0,,,,,,1.0,1.0,,,,,,4.0,1.0,,
451583,,,,,,,,52.0,,30.0,,,,,,9.0,1.0,,,,,2.0,1.0,7.0,,
451617,,,,,,,,9.0,,2.0,,,,,,1.0,2.0,,,,,1.0,,2.0,,
451626,,,,,,,,12.0,,5.0,,,,,,1.0,1.0,,,,,,,1.0,,
451635,,,,,,,,5.0,,3.0,,,,,,0.0,0.0,,,,,0.0,,1.0,,
451644,,,,,,,,1.0,,1.0,,,,,,,,,,,,,,,,
451653,,,,,,,,7.0,,4.0,,,,,,1.0,1.0,,,,,0.0,,1.0,,
451662,,,,,,,,642.0,,294.0,,,,,,61.0,1.0,,,,,,,279.0,,
451671,,,,,,,,219.0,,102.0,,,,,,16.0,17.0,9.0,20.0,,,1.0,,36.0,1.0,
451699,,,,,,,,64.0,,29.0,,,,,,8.0,,,,,,,,23.0,2.0,
451705,,,,,,,,10.0,,3.0,,,,,,1.0,,1.0,,,,,2.0,,,
451714,,,,,,,,28.0,,14.0,,,,,,2.0,2.0,,,,,1.0,3.0,,,
451741,,,,,,,,71.0,,20.0,,,,,,18.0,15.0,,3.0,2.0,,1.0,3.0,6.0,1.0,
451750,,,,,,,,81.0,,42.0,,,,,,9.0,1.0,1.0,11.0,,,2.0,1.0,7.0,,
451769,,,,,,,,25.0,,11.0,,,,,,5.0,,,,,,,,3.0,,
451796,,,,,,,,77.0,,35.0,,,,,,10.0,,,,,,,,28.0,,
451820,,,,,,,,93.0,,44.0,,,,,,11.0,,,,,,,,33.0,,
451848,,,,,,,,30.0,,19.0,,,,,,5.0,,,,,,,,5.0,,
451857,,,,,,,,37.0,,24.0,,,,,,5.0,,,,,,,3.0,5.0,,
451866,,,,,,,,41.0,,26.0,,,,,,6.0,1.0,1.0,,,,,2.0,5.0,,
451875,,,,,,,,21.0,,8.0,,,,,,3.0,,,,,,,,2.0,,
451884,,,,,,,,19.0,,10.0,,,,,,2.0,,,,,,,,1.0,,
451909,,,,,,,,37.0,,15.0,,,,,,6.0,3.0,,,,,,5.0,3.0,,
451918,,,,,,,,12.0,,6.0,,,,,,1.0,,,,,,,,3.0,,
451945,,,,,,,,43.0,,20.0,,,,,,7.0,2.0,1.0,,,,,,11.0,,
451954,,,,,,,,15.0,,9.0,,,,,,2.0,,1.0,,,,,,2.0,,
451963,,,,,,,,31.0,,12.0,,,,,,6.0,1.0,1.0,,,,,,10.0,,
451972,,,,,,,,26.0,,12.0,,,,,,4.0,,,,,,,,9.0,,
451981,,,,,,,,18.0,,10.0,,,,,,3.0,,1.0,,,,,,2.0,,
451990,,,,,,,,52.0,,23.0,,,,,,7.0,2.0,1.0,,,,,,17.0,,
452009,,,,,,,,5.0,,4.0,,,,,,1.0,,,,,,,,,,
452018,,,,,,,,35.0,,26.0,,,,,,5.0,,,,,,,,3.0,,
452027,,,,,,,,55.0,,20.0,,,,,,9.0,,,,,,,,22.0,,
452036,,,,,,,,32.0,,16.0,,,,,,2.0,3.0,,,,,,4.0,3.0,,
452045,,,,,,,,37.0,,14.0,,,,,,2.0,4.0,,,,,,10.0,3.0,,
452054,,,,,,,,37.0,,19.0,,,,,,3.0,3.0,,,,,,5.0,2.0,,
452063,,,,,,,,50.0,,22.0,,,,,,4.0,4.0,,,,,,13.0,3.0,,
452072,,,,,,,,18.0,,9.0,,,,,,3.0,,,,,,,,1.0,,
452081,,,,,,,,39.0,,20.0,,,,,,5.0,,,,,,,,1.0,,
452090,,,,,,,,26.0,,13.0,,,,,,6.0,,,,,,,,6.0,,
452106,,,,,,,,19.0,,8.0,,,,,,1.0,,,,,,,,3.0,2.0,
452115,,,,,,,,69.0,,39.0,,,,,,10.0,,1.0,9.0,,,1.0,,2.0,,
452124,,,,,,,,34.0,,19.0,,,,,,5.0,2.0,,,,,,5.0,1.0,,
452373,,,,,,,,40.0,,23.0,,,,,,1.0,1.0,1.0,,,,,6.0,7.0,,
452771,,,,,,,,1.0,,1.0,,,,,,0.0,,,,,,,,0.0,,
452780,,,,,,,,1.0,,0.0,,,,,,0.0,,,,,,,,0.0,,
452887,,,,,,,,11.0,,4.0,,,,,,2.0,1.0,,,,,,,3.0,,1.0
452948,,,,,,,,39.0,,21.0,,,,,,5.0,,1.0,,,,1.0,,9.0,,
452984,,,,,,,,2.0,,1.0,,,,,,,,,,,,,,1.0,,
453109,,,,,,,,11.0,,4.0,,,,,,2.0,1.0,,,,,,3.0,1.0,,
453163,,,,,,,,131.0,,66.0,,,,,,15.0,,1.0,,,,,21.0,8.0,,
453215,,,,,,,,44.0,,20.0,,,,,,4.0,,,,,,,6.0,4.0,,
453297,,,,,,,,11.0,,3.0,,,,,,4.0,,,,,,2.0,,2.0,,
453455,,,,,,,,18.0,,13.0,,,,,,1.0,,,,,,,2.0,2.0,,
453464,,,,,,,,22.0,,14.0,,,,,,1.0,,,,,,,4.0,4.0,,
453473,,,,,,,,19.0,,13.0,,,,,,1.0,,,,,,,3.0,2.0,,
453552,,,,,,,,14.0,,7.0,,,,,,5.0,,,,,,,,,,
453570,,,,,,,,5.0,,3.0,,,,,,1.0,,,,,,,,1.0,,
453747,,,,,,,,19.0,,9.0,,,,,,2.0,4.0,1.0,,,,,2.0,1.0,,
453756,,,,,,,,13.0,,4.0,,,,,,3.0,1.0,,,,,,,1.0,,
453792,,,,,,,,15.0,,9.0,,,,,,2.0,1.0,,,,,,,2.0,,
453817,,,,,,,,32.0,,15.0,,,,,,3.0,,,,,,,1.0,6.0,7.0,
454078,,,,,,,,8.0,,5.0,,,,,,1.0,,,,,,,,0.0,,
454184,,,,,,,,88.0,,33.0,,,,,,26.0,3.0,2.0,1.0,,,3.0,,19.0,,
454218,,,,,,,,272.0,,,,,,,,112.0,91.0,4.0,2.0,,,,,16.0,,
454227,,,,,,,,580.0,,463.0,,,,,,20.0,1.0,2.0,,,,,,15.0,,
454236,,,,,,,,103.0,,52.0,,,,,,13.0,,2.0,,,,1.0,,9.0,,
454245,,,,,,,,94.0,,38.0,,,,,,11.0,,1.0,,,,,,7.0,,
454306,,,,,,,,21.0,,15.0,,,,,,1.0,1.0,,,,,,,2.0,,
454315,,,,,,,,4.0,,3.0,,,,,,1.0,,,,,,,,,,
454324,,,,,,,,4.0,,3.0,,,,,,1.0,,,,,,,,,,
454333,,,,,,,,5.0,,4.0,,,,,,1.0,,,,,,,,,,
454342,,,,,,,,4.0,,3.0,,,,,,1.0,,,,,,,,,,
454351,,,,,,,,5.0,,4.0,,,,,,1.0,,,,,,,,,,
454360,,,,,,,,5.0,,4.0,,,,,,1.0,,,,,,,,,,
454379,,,,,,,,5.0,,4.0,,,,,,1.0,,,,,,,,,,
454388,,,,,,,,5.0,,4.0,,,,,,1.0,,,,,,,,,,
454397,,,,,,,,5.0,,4.0,,,,,,1.0,,,,,,,,,,
454458,,,,,,,,18.0,,4.0,,,,,,6.0,,,,,,,1.0,,,
454467,,,,,,,,4.0,,3.0,,,,,,1.0,,,,,,,,,,
454476,,,,,,,,4.0,,3.0,,,,,,1.0,,,,,,,,,,
454485,,,,,,,,1.0,,,,,,,,1.0,,,,,,,,,,
454494,,,,,,,,3.0,,2.0,,,,,,1.0,,,,,,,,,,
454500,,,,,,,,5.0,,4.0,,,,,,1.0,,,,,,,,,,
454519,,,,,,,,6.0,,5.0,,,,,,1.0,,,,,,,,,,
454528,,,,,,,,4.0,,3.0,,,,,,1.0,,,,,,,,,,
454537,,,,,,,,11.0,,5.0,,,,,,1.0,,,,,,,2.0,3.0,,
454546,,,,,,,,8.0,,4.0,,,,,,1.0,,,,,,,1.0,2.0,,
454555,,,,,,,,18.0,,9.0,,,,,,1.0,,,,,,,2.0,6.0,,
454573,,,,,,,,20.0,,10.0,,,,,,1.0,,,,,,,2.0,7.0,,
454591,,,,,,,,15.0,,8.0,,,,,,1.0,,,,,,,,,,
454607,,,,,,,,32.0,,14.0,,,,,,3.0,2.0,,,,,,3.0,1.0,,
454616,,,,,,,,34.0,,17.0,,,,,,6.0,,,,,,,,2.0,,
454625,,,,,,,,50.0,,29.0,,,,,,5.0,,,9.0,,,,,2.0,,
454652,,,,,,,,17.0,,6.0,,,,,,2.0,2.0,,,,,1.0,4.0,2.0,,
454689,,,,,,,,46.0,,26.0,,,,,,5.0,,1.0,,,,,,11.0,,
454698,,,,,,,,61.0,,12.0,,,,,,5.0,7.0,2.0,,,,,,12.0,,
454722,,,,,,,,5.0,,2.0,,,,,,1.0,,,,,,,,2.0,,
454740,,,,,,,,22.0,,13.0,,,,,,5.0,,,,,,,,2.0,,
454759,,,,,,,,3.0,,,,,,,,3.0,,,,,,,,,,
454768,,,,,,,,24.0,,15.0,,,,,,3.0,,,,,,,3.0,3.0,,
454777,,,,,,,,23.0,,12.0,,,,,,1.0,,,,,,,,,,
454786,,,,,,,,86.0,,38.0,,,,,,12.0,4.0,2.0,1.0,,,,6.0,6.0,,
454795,,,,,,,,12.0,,3.0,,,,,,4.0,,,,,,,,,,
454801,,,,,,,,8.0,,3.0,,,,,,2.0,,,,,,,,,,
454810,,,,,,,,38.0,,17.0,,,,,,6.0,2.0,,,,,3.0,7.0,,,
454829,,,,,,,,87.0,,24.0,,,,,,7.0,3.0,6.0,,,,,,,,
454838,,,,,,,,4.0,,2.0,,,,,,,1.0,,,,,,,1.0,,
454847,,,,,,,,5.0,,3.0,,,,,,1.0,,,,,,,,1.0,,
454856,,,,,,,,77.0,,49.0,,,,,,9.0,,1.0,,1.0,,,,5.0,1.0,
454865,,,,,,,,42.0,,29.0,,,,,,2.0,1.0,,,,,,,3.0,,
454874,,,,,,,,9.0,,4.0,,,,,,,,,,,,,,4.0,,
454883,,,,,,,,30.0,,10.0,,,,,,10.0,,1.0,,,,,,9.0,,
454892,,,,,,,,4.0,,1.0,,,,,,,1.0,,,,,,,2.0,,
454908,,,,,,,,16.0,,4.0,,,,,,2.0,2.0,1.0,,,,,,,1.0,
454917,,,,,,,,33.0,,17.0,,,,,,6.0,2.0,,,,,,,2.0,,
454926,,,,,,,,31.0,,16.0,,,,,,9.0,3.0,,,,,3.0,,,,
454935,,,,,,,,13.0,,5.0,,,,,,1.0,1.0,,,,,3.0,,1.0,,
454944,,,,,,,,12.0,,6.0,,,,,,,2.0,,,,,0.0,4.0,,,
454953,,,,,,,,2.0,,1.0,,,,,,,,,,,,,,,,
454962,,,,,,,,4.0,,2.0,,,,,,,,,,,,,,,,
454971,,,,,,,,17.0,,11.0,,,,,,2.0,,,,,,,,2.0,,
454980,,,,,,,,13.0,,7.0,,,,,,2.0,,,,,,,,1.0,,
454999,,,,,,,,13.0,,8.0,,,,,,1.0,,,,,,,,2.0,,
455008,,,,,,,,12.0,,6.0,,,,,,2.0,,,,,,,,1.0,,
455017,,,,,,,,6.0,,2.0,,,,,,1.0,0.0,,,,,,,1.0,,
455026,,,,,,,,16.0,,9.0,,,,,,5.0,1.0,,,,,,,1.0,,
455035,,,,,,,,11.0,,2.0,,,,,,,,,,,,,,8.0,,
455053,,,,,,,,5.0,,2.0,,,,,,2.0,,,,,,,,1.0,,
455062,,,,,,,,4.0,,2.0,,,,,,,,,,,,,,3.0,,
455071,,,,,,,,10.0,,4.0,,,,,,2.0,1.0,0.0,,,,,,2.0,,
455080,,,,,,,,11.0,,5.0,,,,,,1.0,2.0,,,,,,1.0,2.0,0.0,
455099,,,,,,,,22.0,,7.0,,,,,,1.0,2.0,,,,,0.0,,6.0,,
455105,,,,,,,,15.0,,7.0,,,,,,2.0,2.0,,,,,,,2.0,,
455114,,,,,,,,623.0,,253.0,,,,,,71.0,30.0,11.0,21.0,,,16.0,,75.0,5.0,1.0
455141,,,,,,,,25.0,,12.0,,,,,,1.0,,,,,,,,7.0,,
455169,,,,,,,,126.0,,58.0,,,,,,24.0,1.0,3.0,3.0,,,,,10.0,,
455178,,,,,,,,23.0,,12.0,,,,,,4.0,2.0,,,,,,0.0,4.0,1.0,
455187,,,,,,,,9.0,,4.0,,,,,,1.0,1.0,,,,,,,,,
455196,,,,,,,,208.0,,126.0,,,,,,10.0,6.0,2.0,,,,,14.0,9.0,,
455202,,,,,,,,32.0,,9.0,,,,,,6.0,3.0,1.0,,,,,,9.0,,
455211,,,,,,,,28.0,,14.0,,,,,,3.0,1.0,,,,,,6.0,3.0,,
455220,,,,,,,,24.0,,6.0,,,,,,5.0,1.0,,,,,,1.0,5.0,,
455239,,,,,,,,10.0,,6.0,,,,,,1.0,1.0,,,,,1.0,,0.0,,
455257,,,,,,,,20.0,,14.0,,,,,,3.0,1.0,,,,,,,2.0,,
455275,,,,,,,,29.0,,12.0,,,,,,1.0,,,,,,,,8.0,,
455284,,,,,,,,29.0,,14.0,,,,,,8.0,2.0,,,,,1.0,2.0,2.0,,
455327,,,,,,,,7.0,,3.0,,,,,,3.0,,,,,,,,1.0,,
455336,,,,,,,,27.0,,7.0,,,,,,2.0,5.0,,1.0,,,7.0,1.0,3.0,,
455345,,,,,,,,14.0,,3.0,,,,,,1.0,1.0,,,,,,2.0,0.0,,
455354,,,,,,,,45.0,,22.0,,,,,,3.0,3.0,,1.0,,,,10.0,,2.0,
455381,,,,,,,,11.0,,6.0,,,,,,1.0,1.0,,,,,,,,,
455390,,,,,,,,34.0,,9.0,,,,,,9.0,2.0,,,,,,5.0,4.0,,
455406,,,,,,,,120.0,,28.0,3.0,,,,,15.0,15.0,7.0,,,,,,19.0,5.0,
455433,,,,,,,,17.0,,10.0,,0.0,,,,3.0,,,,,,,1.0,2.0,,
455460,,,,,,,,15.0,,5.0,,,,,,6.0,1.0,,,,,,2.0,0.0,,
455479,,,,,,,,56.0,,31.0,,,,,,6.0,3.0,,,,,,9.0,4.0,,
455488,,,,,,,,26.0,,11.0,,,,,,5.0,,,,,,,,1.0,,
455512,,,,,,,,98.0,,64.0,,,,,,7.0,,,4.0,,,6.0,,14.0,,
455549,,,,,,,,10.0,,4.0,,,,,,1.0,,,,,,,,1.0,,
455558,,,,,,,,11.0,,7.0,,,,,,1.0,,,,,,,,,,
455567,,,,,,,,27.0,,12.0,,,,,,1.0,3.0,,,,,,4.0,1.0,,
455585,,,,,,,,14.0,,8.0,,,,,,1.0,,,,,,,,1.0,,
455600,,,,,,,,29.0,,13.0,,,,,,5.0,,,,,,,,8.0,,
455619,,,,,,,,53.0,,26.0,,,,,,9.0,,,,,,,,16.0,,
455628,,,,,,,,45.0,,22.0,,,,,,7.0,2.0,,,,,,6.0,7.0,,
455655,,,,,,,,47.0,,22.0,,,,,,6.0,2.0,,,1.0,,2.0,3.0,8.0,,
455664,,,,,,,,73.0,,23.0,,1.0,,,,22.0,4.0,2.0,1.0,,,,4.0,6.0,,
455707,,,,,,,,5.0,,3.0,,,,,,,,,,,,,,1.0,,
455716,,,,,,,,58.0,,30.0,,,,,,9.0,,,13.0,,,1.0,,0.0,,
455725,,,,,,,,41.0,,22.0,,,,,,6.0,3.0,,2.0,,,,4.0,5.0,,
455734,,,,,,,,21.0,,12.0,,,,,,3.0,1.0,,,,,,2.0,3.0,,
455752,,,,,,,,14.0,,5.0,,,,,,3.0,,,,,,,2.0,1.0,,
455761,,,,,,,,125.0,,35.0,,,,,,16.0,13.0,,1.0,,,3.0,1.0,15.0,2.0,
455770,,,,,,,,36.0,,12.0,,,,,,1.0,2.0,,5.0,,,4.0,1.0,8.0,,
455798,,,,,,,,7.0,,3.0,,,,,,0.0,1.0,,,,,,,2.0,0.0,
455804,,,,,,,,55.0,,32.0,,,,,,,,,,,,,,12.0,,
455813,,,,,,,,16.0,,10.0,0.0,,,,,2.0,,,,,,,,3.0,,
455831,,,,,,,,11.0,,4.0,,,,,,2.0,,,,,,,1.0,3.0,,
455840,,,,,,,,43.0,,16.0,,,,,,2.0,1.0,,,,,9.0,2.0,2.0,,
455859,,,,,,,,23.0,,10.0,,,,,,4.0,2.0,,1.0,,,,,5.0,,
455868,,,,,,,,18.0,,6.0,,,,,,2.0,2.0,,,,,,,7.0,,
455877,,,,,,,,30.0,,12.0,,,,,,4.0,3.0,,,,,,5.0,,1.0,
455886,,,,,,,,10.0,,7.0,,,,,,,,0.0,,,,,,1.0,,
455895,,,,,,,,13.0,,9.0,,,,,,2.0,,,,,,,,1.0,,
455901,,,,,,,,34.0,,12.0,,,,,,6.0,1.0,,,,,,3.0,12.0,,
455910,,,,,,,,5.0,,,,,,,,,,,,,,,,5.0,,
455929,,,,,,,,7.0,,4.0,,,,,,,1.0,,,,,,,1.0,,
455947,,,,,,,,14.0,,7.0,,,,,,1.0,1.0,,,,,,1.0,4.0,0.0,
455956,,,,,,,,18.0,,7.0,,,,,,1.0,,,,,,1.0,,9.0,,
455965,,,,,,,,18.0,,8.0,,,,,,3.0,1.0,,,,,,3.0,3.0,,
455974,,,,,,,,32.0,,11.0,,,,,,5.0,1.0,,,,,,,3.0,,
455983,,,,,,,,34.0,,13.0,,,,,,3.0,4.0,1.0,0.0,,,0.0,,5.0,,
455992,,,,,,,,66.0,,28.0,,,,,,18.0,4.0,2.0,1.0,,,,1.0,9.0,,
456001,,,,,,,,13.0,,5.0,,,,,,2.0,2.0,,,,,,,4.0,,
456010,,,,,,,,12.0,,9.0,,,,,,1.0,,,,,,,,,,
456029,,,,,,,,16.0,,7.0,,,,,,2.0,3.0,,,,,,1.0,3.0,,
456038,,,,,,,,24.0,,12.0,,,,,,1.0,,,,,,,,8.0,,
456056,,,,,,,,54.0,,31.0,,,,,,7.0,,,8.0,,,,,2.0,,
456065,,,,,,,,29.0,,13.0,,,,,,4.0,2.0,,,,,4.0,4.0,,,
456074,,,,,,,,35.0,,18.0,,,,,,1.0,3.0,,,,,5.0,3.0,1.0,,
456092,,,,,,,,11.0,,6.0,,,,,,2.0,2.0,,,,,,,1.0,,
456126,,,,,,,,8.0,,5.0,,,,,,1.0,,,,,,,,1.0,,
456135,,,,,,,,10.0,,7.0,,,,,,1.0,,,,,,,,1.0,,
456144,,,,,,,,13.0,,3.0,,,,,,3.0,,,,,,5.0,1.0,1.0,,
456153,,,,,,,,15.0,,5.0,,,,,,2.0,1.0,,,,,,1.0,6.0,,
456180,,,,,,,,39.0,,25.0,,,,,,6.0,,,,,,,,6.0,,
456205,,,,,,,,45.0,,29.0,,,,,,4.0,1.0,,,,,,5.0,5.0,,
456214,,,,,,,,54.0,,11.0,,,,,,3.0,3.0,1.0,2.0,16.0,,7.0,5.0,1.0,2.0,
456287,,,,,,,,12.0,,6.0,,,,,,1.0,,,,,,,,4.0,,
456296,,,,,,,,51.0,,37.0,,,,,,2.0,4.0,,,,,,,,,
456302,,,,,,,,13.0,,7.0,,,,,,1.0,2.0,,,,,,,1.0,,
456320,,,,,,,,36.0,,22.0,,,,,,7.0,1.0,,,,,1.0,3.0,1.0,1.0,
456339,,,,,,,,31.0,,16.0,,,,,,6.0,1.0,,,,,2.0,5.0,1.0,,
456348,,,,,,,,671.0,,367.0,,,,,,36.0,1.0,,,,,,,264.0,,
456357,,,,,,,,36.0,,22.0,,,,,,5.0,7.0,,,,,,2.0,,,
456366,,,,,,,,29.0,,9.0,,,,,,10.0,2.0,,,,,,4.0,2.0,,
456375,,,,,,,,24.0,,12.0,,,,,,4.0,1.0,,,,,,4.0,1.0,,
456393,,,,,,,,34.0,,12.0,,,,,,3.0,1.0,1.0,,,,,,16.0,,
456409,,,,,,,,15.0,,10.0,,,,,,3.0,,,,,,,,1.0,,
456418,,,,,,,,29.0,,11.0,,,,,,5.0,,1.0,,,,,,11.0,,
456427,,,,,,,,24.0,,6.0,,,,,,4.0,,1.0,,,,,,12.0,,
456436,,,,,,,,47.0,,20.0,,,,,,7.0,2.0,1.0,,,,,,15.0,,
456445,,,,,,,,44.0,,17.0,,,,,,7.0,2.0,2.0,,,,,,14.0,,
456454,,,,,,,,41.0,,24.0,,,,,,9.0,,,,,,,2.0,5.0,,
456481,,,,,,,,17.0,,7.0,,,,,,2.0,,,,,,,,1.0,,
456490,,,,,,,,29.0,,13.0,,,,,,1.0,,1.0,,,,,3.0,5.0,2.0,
456506,,,,,,,,15.0,,8.0,,,,,,3.0,,,,,,,,1.0,,
456515,,,,,,,,17.0,,9.0,,,,,,3.0,,,,,,,,1.0,,
456542,,,,,,,,149.0,,41.0,8.0,,,,,38.0,7.0,10.0,,,,8.0,,18.0,,
456551,,,,,,,,9.0,,4.0,,,,,,5.0,,,,,,,,,,
456560,,,,,,,,24.0,,10.0,,,,,,1.0,,1.0,1.0,,,5.0,,5.0,,1.0
456588,,,,,,,,4.0,,4.0,,,,,,,,,,,,,,,,
456597,,,,,,,,7.0,,5.0,,,,,,,,,,,,,1.0,1.0,,
456612,,,,,,,,54.0,,20.0,,,,,,14.0,,,,,,,,18.0,,
456621,,,,,,,,10.0,,5.0,,,,,,,,,,,,,2.0,1.0,,
456719,,,,,,,,4.0,,4.0,,,,,,,,,,,,,,,,
456728,,,,,,,,3.0,,2.0,,,,,,1.0,,,,,,,,,,
456737,,,,,,,,4.0,,3.0,,,,,,1.0,,,,,,,,,,
456746,,,,,,,,5.0,,4.0,,,,,,1.0,,,,,,,,,,
456755,,,,,,,,3.0,,2.0,,,,,,1.0,,,,,,,,,,
456764,,,,,,,,3.0,,3.0,,,,,,,,,,,,,,,,
456773,,,,,,,,4.0,,3.0,,,,,,1.0,,,,,,,,,,
456782,,,,,,,,17.0,,8.0,,,,,,5.0,,,,,,,,2.0,,
456791,,,,,,,,52.0,,21.0,,,,,,10.0,,,,,,,,19.0,,
456807,,,,,,,,21.0,,11.0,,,,,,3.0,,,,,,,,2.0,,
456816,,,,,,,,19.0,,9.0,,,,,,3.0,,,,,,,,2.0,,
456825,,,,,,,,12.0,,6.0,,,,,,1.0,2.0,,,,,,2.0,1.0,,
456834,,,,,,,,15.0,,4.0,,,,,,6.0,,,,,,,,2.0,,
456861,,,,,,,,21.0,,10.0,,,,,,3.0,1.0,,1.0,,,1.0,,5.0,,
456922,,,,,,,,26.0,,11.0,,,,,,3.0,3.0,,,,,1.0,4.0,4.0,,
456931,,,,,,,,29.0,,14.0,,,,,,4.0,3.0,,,,,,4.0,3.0,,
456940,,,,,,,,27.0,,13.0,,,,,,2.0,3.0,,,,,,3.0,1.0,,
456959,,,,,,,,92.0,,36.0,,,,,,7.0,14.0,7.0,15.0,,,,,11.0,,
456968,,,,,,,,32.0,,16.0,,,,,,7.0,1.0,,,,,,,6.0,,
456977,,,,,,,,23.0,,9.0,,,,,,1.0,,2.0,,,,1.0,,2.0,,
457004,,,,,,,,13.0,,7.0,,,,,,1.0,,,,,,,3.0,2.0,,
457022,,,,,,,,22.0,,11.0,,,,,,1.0,,1.0,,,,,,2.0,,
457031,,,,,,,,7.0,,4.0,,,,,,1.0,1.0,,,,,,1.0,,,
457077,,,,,,,,29.0,,15.0,,,,,,1.0,,,,,,,4.0,9.0,,
457086,,,,,,,,30.0,,14.0,,,,,,,,,,,,,,16.0,,
457101,,,,,,,,29.0,,10.0,,,,,,9.0,,,,,,,,2.0,,
457110,,,,,,,,32.0,,19.0,,,,,,7.0,,,,,,,,2.0,,
457129,,,,,,,,104.0,,53.0,,,,,,13.0,1.0,2.0,,,,,,8.0,,
457174,,,,,,,,36.0,,15.0,,,,,,6.0,1.0,1.0,,,,4.0,3.0,5.0,,
457183,,,,,,,,14.0,,9.0,,,,,,2.0,1.0,,,,,,1.0,1.0,,
457192,,,,,,,,14.0,,5.0,,,,,,2.0,2.0,,,,,,,4.0,,1.0
457208,,,,,,,,8.0,,3.0,,,,,,2.0,,,,,,3.0,,0.0,,
457226,,,,,,,,4.0,,2.0,,,,,,1.0,0.0,,,,,,,,,
457244,,,,,,,,10.0,,4.0,,,,,,2.0,2.0,,,,,,1.0,1.0,,
457253,,,,,,,,4.0,,2.0,,,,,,1.0,,,,,,,,1.0,,
457271,,,,,,,,14.0,,7.0,,,,,,6.0,1.0,,,,,,,0.0,,
457299,,,,,,,,14.0,,3.0,,,,,,5.0,,,0.0,,,,,5.0,0.0,
457314,,,,,,,,31.0,,9.0,,,,,,4.0,2.0,,2.0,,,,4.0,4.0,,
457323,,,,,,,,35.0,,16.0,,,,,,2.0,,,,,,5.0,5.0,1.0,,
457332,,,,,,,,4.0,,2.0,,,,,,1.0,0.0,,,,,,,1.0,,
457341,,,,,,,,20.0,,12.0,,,,,,3.0,,,,,,,,2.0,,
457350,,,,,,,,12.0,,7.0,,,,,,0.0,0.0,,,,,,,1.0,,
457378,,,,,,,,22.0,,10.0,,,,,,1.0,,,3.0,,,3.0,,4.0,,
457387,,,,,,,,53.0,,26.0,,,,,,4.0,,,,,,1.0,,13.0,,
457396,,,,,,,,9.0,,5.0,,,,,,2.0,1.0,,,,,,,1.0,,
457402,,,,,,,,19.0,,7.0,,,,,,4.0,2.0,,,,,,,2.0,0.0,
457411,,,,,,,,34.0,,14.0,,,,,,6.0,,,,,,,,14.0,,
457420,,,,,,,,18.0,,10.0,,,,,,3.0,,,,,,,,4.0,,
457439,,,,,,,,10.0,,6.0,,,,,,1.0,1.0,,,,,,,1.0,,
457448,,,,,,,,16.0,,7.0,,,,,,5.0,2.0,,,,,,,,,
457466,,,,,,,,10.0,,6.0,,,,,,,1.0,,,,,,,2.0,1.0,
457475,,,,,,,,21.0,,11.0,,,,,,2.0,1.0,,,,,,2.0,4.0,,
457484,,,,,,,,16.0,,8.0,,,,,,1.0,2.0,1.0,0.0,,,,,2.0,,
457493,,,,,,,,3.0,,1.0,,,,,,,1.0,,,,,,,,,
457509,,,,,,,,3.0,,1.0,,,,,,1.0,,,,,,,,1.0,,
457527,,,,,,,,41.0,,22.0,,,,,,5.0,1.0,,,,,1.0,,2.0,,
457536,,,,,,,,36.0,,13.0,,,,,,7.0,1.0,0.0,,,,,,11.0,,
457545,,,,,,,,17.0,,7.0,,,,,,3.0,,,,,,,2.0,6.0,,
457554,,,,,,,,6.0,,4.0,,,,,,2.0,,,,,,,,,,
457563,,,,,,,,20.0,,12.0,,,,,,0.0,1.0,,,,,,5.0,,,
457572,,,,,,,,10.0,,5.0,,,,,,,3.0,,,,,,,2.0,,
457581,,,,,,,,29.0,,12.0,,,,,,7.0,,,2.0,,,,,8.0,,
457590,,,,,,,,7.0,,3.0,,,,,,1.0,,,,,,,,2.0,,0.0
457606,,,,,,,,5.0,,3.0,,,,,,,,,,,,,,2.0,,
457615,,,,,,,,9.0,,4.0,,,,,,1.0,1.0,0.0,0.0,,,0.0,,1.0,0.0,
457624,,,,,,,,11.0,,5.0,,,,,,,,,,5.0,,,,1.0,,
457633,,,,,,,,20.0,,10.0,,,,,,3.0,1.0,,,,,,,3.0,,
457642,,,,,,,,3.0,,2.0,,,,,,0.0,0.0,,,,,,,,,
457651,,,,,,,,19.0,,7.0,,,,,,2.0,2.0,1.0,,,,,,4.0,,
457679,,,,,,,,2.0,,1.0,,,,,,,,,,,,,,0.0,,
457688,,,,,,,,78.0,,49.0,,,,,,5.0,4.0,1.0,,,,,8.0,1.0,,
457697,,,,,,,,13.0,,7.0,,,,,,3.0,0.0,1.0,,,,,,1.0,,
457703,,,,,,,,5.0,,3.0,,,,,,1.0,,,,,,,,,,
457721,,,,,,,,3.0,,2.0,,,,,,1.0,,,,,,,,,,
457730,,,,,,,,13.0,,7.0,,,,,,,,,,,,,,3.0,,
457749,,,,,,,,13.0,,6.0,,,,,,2.0,,,,,,,,4.0,,
457758,,,,,,,,39.0,,23.0,,,,,,3.0,4.0,,,,,,,8.0,,
457767,,,,,,,,39.0,,10.0,,,,,,4.0,2.0,,,,,,15.0,8.0,,
457776,,,,,,,,12.0,,5.0,,,,,,2.0,1.0,,,,,,1.0,2.0,,
457785,,,,,,,,14.0,,8.0,,,,,,,2.0,0.0,,,,,,2.0,,
457794,,,,,,,,15.0,,8.0,,,,,,1.0,2.0,,,0.0,,,,2.0,,
457800,,,,,,,,11.0,,6.0,,,,,,,,,,,,,,5.0,,
457819,,,,,,,,168.0,,26.0,,,,,,23.0,7.0,3.0,2.0,,,63.0,,11.0,,
457828,,,,,,,,11.0,,3.0,,,,,,1.0,1.0,0.0,,,,,1.0,2.0,1.0,
457837,,,,,,,,15.0,,7.0,,,,,,2.0,1.0,,,,,,3.0,1.0,0.0,
457846,,,,,,,,11.0,,4.0,,,,,,1.0,1.0,,,,,,,2.0,,
457855,,,,,,,,14.0,,6.0,,,,,,2.0,2.0,,,,,,1.0,3.0,,
457864,,,,,,,,20.0,,8.0,,,,,,7.0,1.0,,,,,,1.0,2.0,,
457873,,,,,,,,30.0,,21.0,,,,,,1.0,1.0,,,,,,,4.0,,
457891,,,,,,,,8.0,,5.0,,,,,,2.0,,,,,,,,1.0,,
457916,,,,,,,,11.0,,5.0,,,,,,1.0,2.0,,1.0,,,,2.0,,,
457925,,,,,,,,8.0,,5.0,,,,,,2.0,0.0,,,,,,,1.0,,
457943,,,,,,,,56.0,,31.0,,,,,,3.0,,2.0,,1.0,,5.0,,8.0,,
457952,,,,,,,,19.0,,10.0,,,,,,1.0,2.0,,,,,,1.0,4.0,,
457961,,,,,,,,4.0,,3.0,,,,,,,,,,,,,,0.0,,
457989,,,,,,,,6.0,,3.0,,,,,,1.0,1.0,,,,,,,1.0,,
457998,,,,,,,,8.0,,4.0,,,,,,,2.0,,,,,,,1.0,,
458007,,,,,,,,12.0,,4.0,,,,,,2.0,2.0,,,,,,,1.0,,
458016,,,,,,,,18.0,,3.0,,,,,,2.0,3.0,0.0,1.0,1.0,,1.0,,2.0,0.0,
458034,,,,,,,,8.0,,4.0,,,,,,2.0,1.0,,,,,1.0,,,,
458043,,,,,,,,10.0,,5.0,,,,,,1.0,2.0,,,,,,1.0,1.0,,
458052,,,,,,,,5.0,,2.0,,,,,,1.0,1.0,,,,,,,,,
458061,,,,,,,,14.0,,3.0,,,,,,1.0,2.0,1.0,,,,1.0,0.0,2.0,1.0,
458070,,,,,,,,22.0,,13.0,,,,,,1.0,1.0,,,,,,,2.0,,
458098,,,,,,,,9.0,,4.0,,,,,,1.0,1.0,,,,,,,3.0,,
458104,,,,,,,,8.0,,2.0,,,,,,3.0,1.0,,,,,,,,,
458113,,,,,,,,10.0,,6.0,,,,,,,,,,,,,,1.0,,
458122,,,,,,,,3.0,,2.0,,,,,,,,,,,,,,,,
458131,,,,,,,,36.0,,21.0,,,,,,2.0,2.0,,,,,,1.0,6.0,3.0,
458140,,,,,,,,10.0,,6.0,,,,,,1.0,1.0,,,,,,,2.0,,
458159,,,,,,,,26.0,,10.0,,,,,,3.0,1.0,,2.0,,,3.0,,6.0,,
458168,,,,,,,,18.0,,8.0,,,,,,2.0,2.0,,,,,,,3.0,,
458177,,,,,,,,5.0,,4.0,,,,,,1.0,,,,,,,,,,
458186,,,,,,,,19.0,,5.0,,,,,,5.0,,,6.0,,,,,,,
458195,,,,,,,,7.0,,2.0,,,,,,1.0,,,,,,,1.0,2.0,,
458210,,,,,,,,150.0,,85.0,,,,,,14.0,6.0,,5.0,3.0,,2.0,,28.0,1.0,
458229,,,,,,,,106.0,,59.0,,,,,,12.0,3.0,,6.0,2.0,,,,20.0,1.0,
458256,,,,,,,,72.0,,37.0,,,,,,11.0,,1.0,10.0,,,1.0,,2.0,,
458265,,,,,,,,57.0,,16.0,,,,,,3.0,,,2.0,,,8.0,,10.0,2.0,
458274,,,,,,,,31.0,,15.0,,,,,,5.0,,,,,,,3.0,8.0,,
458283,,,,,,,,38.0,,21.0,,,,,,6.0,,,8.0,,,,,,,
458292,,,,,,,,4.0,,3.0,,,,,,1.0,,,,,,,,,,
458317,,,,,,,,4.0,,3.0,,,,,,1.0,,,,,,,,,,
458326,,,,,,,,5.0,,4.0,,,,,,1.0,,,,,,,,,,
458335,,,,,,,,6.0,,5.0,,,,,,1.0,,,,,,,,,,
458344,,,,,,,,3.0,,2.0,,,,,,1.0,,,,,,,,,,
458353,,,,,,,,3.0,,2.0,,,,,,1.0,,,,,,,,,,
458362,,,,,,,,5.0,,4.0,,,,,,1.0,,,,,,,,,,
458380,,,,,,,,24.0,,12.0,,,,,,1.0,,,,,,,,2.0,,
458399,,,,,,,,7.0,,2.0,,,,,,,,,,,,,,4.0,,
458405,,,,,,,,64.0,,39.0,,,,,,5.0,2.0,,,,,,7.0,10.0,,
458423,,,,,,,,6.0,,2.0,,,,,,1.0,,,,,,,,0.0,,
458432,,,,,,,,27.0,,9.0,,,,,,5.0,,,,,,1.0,,1.0,,
458441,,,,,,,,40.0,,22.0,,,,,,5.0,2.0,,,1.0,,,6.0,4.0,,
458469,,,,,,,,88.0,,47.0,,,,,,13.0,,1.0,4.0,1.0,,,5.0,13.0,,
458478,,,,,,,,28.0,,14.0,,,,,,3.0,,,,,,,4.0,3.0,1.0,
458496,,,,,,,,61.0,,26.0,,,,,,8.0,1.0,,,,,,,21.0,,
458502,,,,,,,,40.0,,13.0,,,,,,4.0,1.0,1.0,13.0,,,,1.0,4.0,,
458557,,,,,,,,41.0,,24.0,,,,,,3.0,,,,,,,,,,
458575,,,,,,,,32.0,,8.0,,,,,,6.0,3.0,,2.0,1.0,,2.0,,5.0,1.0,
458593,,,,,,,,50.0,,24.0,,,,,,9.0,,1.0,11.0,,,1.0,,,,
458681,,,,,,,,20.0,,8.0,,,,,,4.0,2.0,,,,,,2.0,1.0,,
458690,,,,,,,,17.0,,5.0,,,,,,4.0,,,5.0,,,,,,,
458706,,,,,,,,18.0,,9.0,,,,,,5.0,,,3.0,,,,,,,
458733,,,,,,,,27.0,,13.0,,,,,,5.0,,,,,,,,2.0,,
458742,,,,,,,,18.0,,10.0,,,,,,3.0,,,,,,,,,,
458751,,,,,,,,20.0,,10.0,,,,,,2.0,,,,,,,,2.0,,
458760,,,,,,,,23.0,,12.0,,,,,,5.0,,,,,,,,1.0,,
458779,,,,,,,,16.0,,9.0,,,,,,4.0,,,,,,,,1.0,,
458803,,,,,,,,12.0,,8.0,,,,,,2.0,,,,,,,,1.0,,
458812,,,,,,,,6.0,,3.0,,,,,,1.0,,,,,,,,1.0,,
458821,,,,,,,,7.0,,4.0,,,,,,1.0,,,,,,,,1.0,,
458830,,,,,,,,12.0,,7.0,,,,,,2.0,,,,,,,,1.0,,
458849,,,,,,,,9.0,,6.0,,,,,,1.0,,,,,,,,1.0,,
458858,,,,,,,,11.0,,7.0,,,,,,2.0,,,,,,,,1.0,,
458867,,,,,,,,17.0,,11.0,,,,,,2.0,,,,,,,,2.0,,
458885,,,,,,,,14.0,,8.0,,,,,,1.0,,,,,,,2.0,1.0,,
458919,,,,,,,,179.0,,95.0,,,,,,16.0,,0.0,,,,,29.0,11.0,,
458955,,,,,,,,16.0,,9.0,,,,,,2.0,,,,,,,1.0,1.0,,
458964,,,,,,,,54.0,,27.0,,,,,,6.0,,0.0,,,,,8.0,5.0,,
458973,,,,,,,,93.0,,44.0,,,,,,9.0,,,,,,,15.0,6.0,,
458982,,,,,,,,86.0,,46.0,,,,,,10.0,1.0,,,,,,,26.0,,
458991,,,,,,,,21.0,,12.0,,,,,,4.0,,,,,,,,2.0,,
459000,,,,,,,,9.0,,5.0,,,,,,1.0,,,,,,,,1.0,,
459019,,,,,,,,8.0,,5.0,,,,,,1.0,,,,,,,,1.0,,
459037,,,,,,,,8.0,,5.0,,,,,,1.0,,,,,,,,1.0,,
459046,,,,,,,,8.0,,5.0,,,,,,1.0,,,,,,,,1.0,,
459055,,,,,,,,11.0,,6.0,,,,,,2.0,,,,,,,,1.0,,
459064,,,,,,,,8.0,,5.0,,,,,,1.0,,,,,,,,1.0,,
459073,,,,,,,,6.0,,3.0,,,,,,1.0,,,,,,,,1.0,,
459082,,,,,,,,269.0,,231.0,,,,,,4.0,1.0,,4.0,,,,,,,
459091,,,,,,,,21.0,,8.0,,,,,,1.0,,,,,,,,1.0,,
459107,,,,,,,,50.0,,22.0,,,,,,6.0,1.0,2.0,12.0,,,1.0,1.0,2.0,,
459116,,,,,,,,16.0,,8.0,,,,,,2.0,,,,,,,2.0,4.0,,
459125,,,,,,,,2.0,,2.0,,,,,,,,,,,,,,,,
459134,,,,,,,,9.0,,4.0,,,,,,2.0,1.0,,,,,,,1.0,,
459143,,,,,,,,7.0,,4.0,,,,,,1.0,1.0,,,,,,,1.0,,
459161,,,,,,,,14.0,,1.0,,,,,,4.0,1.0,,,5.0,,,,2.0,,
459170,,,,,,,,35.0,,16.0,,,,,,7.0,1.0,,1.0,,,1.0,1.0,3.0,,
459189,,,,,,,,12.0,,6.0,,,,,,,1.0,,,,,,,2.0,,
459198,,,,,,,,25.0,,10.0,,,,,,2.0,,,,,,,5.0,8.0,,
459204,,,,,,,,225.0,,93.0,,,,,,8.0,24.0,11.0,1.0,,,,34.0,9.0,,
459213,,,,,,,,152.0,,66.0,,,,,,16.0,8.0,3.0,,,,,,18.0,,
459222,,,,,,,,14.0,,2.0,,,,,,1.0,,,,3.0,,1.0,4.0,3.0,,
459231,,,,,,,,23.0,,9.0,,,,,,1.0,,,,,,4.0,6.0,,,
459259,,,,,,,,74.0,,37.0,,,,,,18.0,,,,,,,,18.0,,
459268,,,,,,,,87.0,,47.0,,,,,,20.0,,,,,,1.0,,18.0,1.0,
459277,,,,,,,,41.0,,22.0,,,,,,3.0,,,,,,,5.0,6.0,,
459286,,,,,,,,32.0,,15.0,,,,,,2.0,,,,,,,7.0,6.0,1.0,
459295,,,,,,,,11.0,,5.0,,,,,,3.0,1.0,,,,,,,2.0,,
459301,,,,,,,,14.0,,6.0,,,,,,5.0,1.0,,,,,,0.0,1.0,,
459310,,,,,,,,10.0,,3.0,,,,,,2.0,1.0,,,,,,,2.0,,
459329,,,,,,,,42.0,,15.0,,,,,,2.0,2.0,,,1.0,,9.0,,3.0,,
459338,,,,,,,,10.0,,4.0,,,,,,,2.0,,,,,,,4.0,,
459347,,,,,,,,6.0,,2.0,,,,,,1.0,,,,,,,,2.0,,
459356,,,,,,,,41.0,,16.0,,,,,,7.0,1.0,1.0,,,,1.0,4.0,10.0,,
459365,,,,,,,,3.0,,1.0,,,,,,,2.0,,,,,,,,,
459374,,,,,,,,14.0,,7.0,,,,,,,,,,,,6.0,,1.0,,
459392,,,,,,,,14.0,,8.0,,,,,,2.0,1.0,,,,,,,3.0,,
459408,,,,,,,,9.0,,5.0,,,,,,1.0,,,,,,,,2.0,,
459417,,,,,,,,18.0,,6.0,,,,,,4.0,1.0,,1.0,,,,,1.0,,
459426,,,,,,,,14.0,,4.0,,,,,,3.0,1.0,,,,,,1.0,,0.0,
459435,,,,,,,,12.0,,3.0,,,,,,1.0,,,1.0,,,,,1.0,,
459444,,,,,,,,9.0,,2.0,,,,,,2.0,2.0,,1.0,,,0.0,,2.0,,
459462,,,,,,,,16.0,,5.0,,,,,,2.0,1.0,,,,,,1.0,7.0,,
459471,,,,,,,,2.0,,1.0,,,,,,,1.0,,,,,,,,,
459480,,,,,,,,6.0,,2.0,,,,,,3.0,1.0,,,,,,,,,
459499,,,,,,,,5.0,,4.0,,,,,,1.0,,,,,,,,1.0,,
459514,,,,,,,,8.0,,4.0,,,,,,1.0,,,,,,1.0,,1.0,,
459523,,,,,,,,8.0,,4.0,,,,,,1.0,1.0,,,,,0.0,,1.0,0.0,
459532,,,,,,,,13.0,,4.0,,,,,,2.0,2.0,,1.0,,,1.0,0.0,2.0,,
459541,,,,,,,,7.0,,3.0,,,,,,,1.0,,,,,,,2.0,,
459550,,,,,,,,20.0,,12.0,,,,,,2.0,1.0,,,,,,,4.0,,
459578,,,,,,,,14.0,,6.0,,,,,,3.0,1.0,,,,,1.0,2.0,,,
459587,,,,,,,,34.0,,13.0,,,,,,6.0,1.0,1.0,,,,,,12.0,,
459596,,,,,,,,48.0,,28.0,,,,,,5.0,,1.0,,,,,,13.0,,
459602,,,,,,,,29.0,,16.0,,,,,,4.0,,1.0,,,,,,6.0,,
459611,,,,,,,,30.0,,15.0,,,,,,4.0,,1.0,,,,,,9.0,,
459639,,,,,,,,44.0,,16.0,,,,,,6.0,1.0,1.0,,,,,,20.0,,
459648,,,,,,,,11.0,,5.0,,,,,,2.0,,1.0,,,,,,2.0,,
459657,,,,,,,,33.0,,13.0,,,,,,4.0,,1.0,,,,,,14.0,,
459666,,,,,,,,34.0,,16.0,,,,,,6.0,1.0,1.0,,,,,,9.0,,
459675,,,,,,,,24.0,,8.0,,,,,,4.0,,1.0,,,,,,10.0,,
459709,,,,,,,,32.0,,10.0,,,,,,6.0,1.0,1.0,,,,,,12.0,,
459718,,,,,,,,43.0,,16.0,,,,,,7.0,1.0,1.0,,,,,,16.0,,
459727,,,,,,,,62.0,,44.0,1.0,,,,,3.0,1.0,1.0,,,,1.0,,2.0,,
459736,,,,,,,,289.0,,137.0,,,,,,25.0,10.0,12.0,6.0,7.0,,29.0,1.0,56.0,2.0,
459745,,,,,,,,33.0,,15.0,,,,,,4.0,1.0,1.0,1.0,,,,3.0,1.0,,
459824,,,,,,,,242.0,,112.0,2.0,,,,,29.0,3.0,9.0,4.0,4.0,,17.0,,52.0,3.0,
459842,,,,,,,,36.0,,24.0,,,,,,2.0,,,,,,,,3.0,,
459851,,,,,,,,18.0,,8.0,,,,,,1.0,,,,,,,,3.0,,
459949,,,,,,,,347.0,,142.0,,,,,,21.0,30.0,18.0,42.0,,,14.0,,44.0,,
459958,,,,,,,,27.0,,16.0,,,,,,1.0,1.0,,,,,,7.0,2.0,,
459967,,,,,,,,38.0,,14.0,,,,,,4.0,3.0,,,,,1.0,11.0,1.0,,
459985,,,,,,,,36.0,,15.0,,,,,,3.0,2.0,,,,,1.0,10.0,1.0,,
459994,,,,,,,,905.0,,297.0,,,,,,236.0,65.0,30.0,5.0,,,,54.0,94.0,,
460002,,,,,,,,13.0,,4.0,,,,,,,,,,,,4.0,,4.0,,
460011,,,,,,,,13.0,,8.0,,,,,,1.0,,,,,,,,1.0,,
460020,,,,,,,,51.0,,31.0,,,,,,3.0,3.0,,,,,,5.0,3.0,,
460039,,,,,,,,47.0,,19.0,,,,,,11.0,,,,,,,,14.0,,
460048,,,,,,,,47.0,,19.0,,,,,,12.0,,,,,,,,14.0,,
460057,,,,,,,,6.0,,2.0,,,,,,3.0,1.0,,,,,,,,,
460066,,,,,,,,13.0,,5.0,,,,,,1.0,2.0,,,,,1.0,,2.0,,
460075,,,,,,,,28.0,,5.0,,,,,,3.0,5.0,,,,,,,13.0,,
460093,,,,,,,,15.0,,7.0,,,,,,3.0,,,,,,,,1.0,,
460109,,,,,,,,15.0,,9.0,,,,,,3.0,,,,,,,,1.0,,
460118,,,,,,,,16.0,,8.0,,,,,,3.0,,,,,,,,1.0,,
460127,,,,,,,,15.0,,7.0,,,,,,3.0,,,,,,,,1.0,,
460136,,,,,,,,60.0,,41.0,,,,,,2.0,,,,,,,,10.0,,
460145,,,,,,,,18.0,,4.0,,,,,,1.0,1.0,0.0,,,,,2.0,1.0,,
460172,,,,,,,,48.0,,23.0,,,,,,5.0,4.0,,,,,1.0,6.0,7.0,,
460181,,,,,,,,66.0,,27.0,,,,,,13.0,4.0,,,,,,9.0,11.0,,
460190,,,,,,,,37.0,,9.0,,,,,,13.0,3.0,,,,,,5.0,5.0,,
460206,,,,,,,,49.0,,18.0,,,,,,11.0,3.0,,,,,,6.0,8.0,,
460215,,,,,,,,34.0,,19.0,,,,,,4.0,,,8.0,,,1.0,,,,
460358,,,,,,,,33.0,,12.0,,,,,,8.0,,,,,,,,13.0,,
460385,,,,,,,,11.0,,5.0,,,,,,1.0,1.0,,,0.0,,,,1.0,,
460394,,,,,,,,288.0,,173.0,,,,,,21.0,10.0,,4.0,,,18.0,,60.0,,
460446,,,,,,,,19.0,,11.0,,,,,,1.0,,,,,,1.0,2.0,2.0,,
460455,,,,,,,,13.0,,4.0,,,,,,1.0,2.0,,,,,1.0,,2.0,,
460464,,,,,,,,259.0,,145.0,,,,,,21.0,9.0,1.0,10.0,,,18.0,,50.0,,
460482,,,,,,,,26.0,,10.0,,,,,,1.0,,,,,,,,1.0,,
460516,,,,,,,,13.0,,8.0,,,,,,1.0,,,,,,,1.0,3.0,,
460525,,,,,,,,26.0,,13.0,,,,,,2.0,,,,,,,3.0,8.0,,
460534,,,,,,,,30.0,,15.0,,,,,,1.0,,,,,,1.0,4.0,9.0,,
460543,,,,,,,,73.0,,34.0,,,,,,9.0,25.0,1.0,,,,,,2.0,2.0,
460552,,,,,,,,16.0,,7.0,,,,,,2.0,1.0,,,,,,,,,
460561,,,,,,,,5.0,,5.0,,,,,,,,,,,,,,,,
460570,,,,,,,,24.0,,18.0,,,,,,2.0,,,,,,,,1.0,,
460589,,,,,,,,9.0,,7.0,,,,,,,,,,,,,,1.0,,
460598,,,,,,,,30.0,,14.0,,,,,,6.0,,,,,,,,2.0,1.0,
460604,,,,,,,,5.0,,3.0,,,,,,,,,,,,,,1.0,1.0,
460613,,,,,,,,44.0,,14.0,,,,,,12.0,,,,,,,,15.0,,
460631,,,,,,,,7.0,,3.0,,,,,,,,,,,,0.0,,0.0,,
460640,,,,,,,,5.0,,1.0,,,,,,2.0,1.0,,,,,,1.0,,,
460677,,,,,,,,45.0,,24.0,,,,,,1.0,,1.0,1.0,,,,5.0,6.0,1.0,1.0
460695,,,,,,,,17.0,,12.0,,,,,,1.0,,,,,,,,4.0,,
460701,,,,,,,,8.0,,5.0,,,,,,,2.0,,,,,,,1.0,,
460710,,,,,,,,20.0,,9.0,,,,,,3.0,2.0,,,,,,5.0,,,
460729,,,,,,,,149.0,,7.0,2.0,,,,,26.0,17.0,9.0,,,,5.0,43.0,27.0,,
460738,,,,,,,,142.0,,76.0,,,,,,14.0,47.0,3.0,,,,,,2.0,,
460747,,,,,,,,91.0,,16.0,,,,,,7.0,5.0,2.0,1.0,,,2.0,28.0,,,
460756,,,,,,,,28.0,,10.0,,,,,,5.0,4.0,1.0,,,,,3.0,1.0,,
460765,,,,,,,,5.0,,4.0,,,,,,,,,,,,,,1.0,,
460774,,,,,,,,58.0,,32.0,,,,,,8.0,,1.0,11.0,,,1.0,,2.0,,
460783,,,,,,,,15.0,,,,,,,,7.0,2.0,,,,,,5.0,1.0,,
460808,,,,,,,,10.0,,3.0,,,,,,2.0,1.0,,,,,0.0,,2.0,,
460817,,,,,,,,40.0,,21.0,,,,,,3.0,2.0,,,,,2.0,5.0,5.0,,
460826,,,,,,,,37.0,,20.0,,,,,,4.0,,,,0.0,,2.0,5.0,5.0,,
460835,,,,,,,,40.0,,21.0,,,,,,5.0,1.0,,,1.0,,1.0,2.0,8.0,,
460844,,,,,,,,50.0,,25.0,,,,,,9.0,,,9.0,,,,,2.0,,
460853,,,,,,,,51.0,,27.0,,,,,,7.0,,,8.0,,,1.0,,2.0,,
460862,,,,,,,,30.0,,10.0,,,,,,10.0,1.0,2.0,2.0,,,,4.0,1.0,,
460871,,,,,,,,51.0,,23.0,,,,,,7.0,1.0,1.0,,,,,,6.0,,
460899,,,,,,,,52.0,,19.0,,,,,,3.0,6.0,,,,,,8.0,4.0,,
460905,,,,,,,,6.0,,2.0,,,,,,1.0,1.0,,,,,,,1.0,,
460914,,,,,,,,22.0,,11.0,,,,,,3.0,,,,,,,,8.0,,
460923,,,,,,,,56.0,,28.0,,,,,,7.0,,1.0,10.0,,,1.0,,0.0,,
460932,,,,,,,,7.0,,3.0,,,,,,,,,,,,,,4.0,,
460941,,,,,,,,6.0,,3.0,,,,,,,0.0,0.0,0.0,,,,,,,
460950,,,,,,,,9.0,,5.0,,,,,,1.0,1.0,,,,,,,1.0,,
460969,,,,,,,,20.0,,11.0,,,,,,,,,,,,,,9.0,,
460978,,,,,,,,12.0,,6.0,,,,,,2.0,,,,,,,0.0,,,
460987,,,,,,,,11.0,,7.0,,,,,,2.0,,,,,,,,1.0,,
460996,,,,,,,,11.0,,8.0,,,,,,2.0,,,,,,,,1.0,,
461005,,,,,,,,26.0,,19.0,,,,,,5.0,,,,,,,,,,
461014,,,,,,,,63.0,,25.0,,,,,,3.0,,1.0,,,,1.0,11.0,5.0,,
461023,,,,,,,,50.0,,21.0,,,,,,5.0,,6.0,,,,,,,,
461032,,,,,,,,10.0,,4.0,,,,,,3.0,1.0,0.0,,,,,,1.0,,
461041,,,,,,,,15.0,,7.0,,,,,,3.0,,,,,,,,1.0,,
461087,,,,,,,,29.0,,5.0,,,,,,13.0,3.0,,2.0,,,2.0,,2.0,,
461111,,,,,,,,7.0,,4.0,,,,,,1.0,,,,,,,,2.0,,
461120,,,,,,,,13.0,,7.0,,,,,,4.0,0.0,,,,,,,2.0,,
461139,,,,,,,,9.0,,4.0,,,,,,2.0,0.0,,,,,,,2.0,,
461148,,,,,,,,818.0,,258.0,,,,,,39.0,16.0,,12.0,,,,36.0,236.0,26.0,
461157,,,,,,,,45.0,,8.0,,,,,,2.0,6.0,,8.0,,,14.0,0.0,0.0,,
461175,,,,,,,,12.0,,5.0,,,,,,1.0,0.0,,,,,,,6.0,,
461193,,,,,,,,33.0,,15.0,,,,,,4.0,2.0,,,,,,4.0,5.0,1.0,
461218,,,,,,,,16.0,,6.0,,,,,,2.0,0.0,,,,,,2.0,2.0,,
461227,,,,,,,,9.0,,6.0,,,,,,,2.0,,,,,,1.0,,,
461236,,,,,,,,42.0,,29.0,,,,,,2.0,2.0,1.0,,,,2.0,,,,
461245,,,,,,,,31.0,,11.0,,,,,,2.0,1.0,1.0,,1.0,,3.0,,2.0,1.0,1.0
461254,,,,,,,,18.0,,7.0,,,,,,3.0,1.0,,,,,,,2.0,,
461263,,,,,,,,9.0,,4.0,,,,,,4.0,,,,,,,,1.0,,
461272,,,,,,,,11.0,,5.0,,,,,,2.0,,,,,,,,4.0,,
461281,,,,,,,,24.0,,10.0,,,,,,4.0,2.0,1.0,,,,1.0,,3.0,,
461290,,,,,,,,12.0,,6.0,,,,,,6.0,,,,,,,,,,
461306,,,,,,,,38.0,,17.0,,,,,,2.0,,,6.0,,,7.0,,5.0,,
461315,,,,,,,,33.0,,9.0,2.0,,,,,3.0,1.0,1.0,0.0,,,1.0,,1.0,2.0,
461324,,,,,,,,12.0,,4.0,,,,,,3.0,1.0,1.0,,,,,,1.0,,
461333,,,,,,,,32.0,,18.0,,,,,,8.0,,,,,,,,1.0,,
461342,,,,,,,,11.0,,5.0,,,,,,0.0,2.0,,,,,,2.0,0.0,,
461351,,,,,,,,26.0,,7.0,,,,,,3.0,2.0,2.0,,,,,5.0,6.0,,
461360,,,,,,,,8.0,,4.0,,,,,,1.0,,,,,,,,2.0,1.0,
461379,,,,,,,,8.0,,4.0,,,,,,1.0,1.0,,0.0,,,,,1.0,,
461388,,,,,,,,6.0,,4.0,,,,,,,2.0,,,,,,,,,
461397,,,,,,,,7.0,,3.0,,,,,,1.0,,,,,,,,1.0,,
461412,,,,,,,,5.0,,3.0,,,,,,1.0,1.0,,,,,,,,,
461421,,,,,,,,38.0,,15.0,,,,,,6.0,7.0,,,,,1.0,,3.0,,
461430,,,,,,,,42.0,,19.0,,,,,,7.0,4.0,,,,,3.0,4.0,3.0,1.0,
461449,,,,,,,,10.0,,4.0,,,,,,1.0,1.0,,,,,,,1.0,,
461476,,,,,,,,15.0,,3.0,,,,,,4.0,,,,,,,,3.0,,
461485,,,,,,,,13.0,,5.0,,,,,,1.0,,,,,,,1.0,2.0,,
461494,,,,,,,,16.0,,8.0,,,,,,6.0,,,,,,,,2.0,,
461500,,,,,,,,7.0,,4.0,,,,,,1.0,1.0,,,,,,,,,
461528,,,,,,,,22.0,,9.0,,,,,,4.0,,,,,,,,9.0,,
461537,,,,,,,,4.0,,2.0,,,,,,,1.0,,,,,,,,,
461546,,,,,,,,8.0,,2.0,,,,,,1.0,1.0,,,,,2.0,,1.0,,
461555,,,,,,,,30.0,,13.0,,,,,,5.0,,,,,,3.0,2.0,1.0,,
461564,,,,,,,,8.0,,4.0,,,,,,,2.0,,,,,,,1.0,,
461573,,,,,,,,16.0,,8.0,,,,,,3.0,,,,,,,1.0,4.0,,
461582,,,,,,,,20.0,,7.0,,,,,,2.0,2.0,1.0,1.0,,,2.0,,2.0,,
461591,,,,,,,,16.0,,7.0,,,,,,1.0,,,,,,,3.0,4.0,1.0,
461607,,,,,,,,11.0,,7.0,,,,,,1.0,,,,,,,,2.0,,
461625,,,,,,,,7.0,,2.0,,,,,,1.0,1.0,,,,,,1.0,1.0,,
461643,,,,,,,,16.0,,6.0,,,,,,1.0,2.0,1.0,1.0,,,,,,2.0,
461652,,,,,,,,9.0,,4.0,,,,,,1.0,2.0,,,,,,,2.0,,
461670,,,,,,,,12.0,,4.0,,,,,,2.0,1.0,0.0,,0.0,,,1.0,1.0,0.0,
461689,,,,,,,,20.0,,11.0,,,,,,1.0,,,,,,,,5.0,,
461698,,,,,,,,23.0,,7.0,,,,,,2.0,2.0,,,,,2.0,,9.0,,
461704,,,,,,,,14.0,,9.0,,,,,,1.0,1.0,,,,,,,3.0,,
461713,,,,,,,,8.0,,2.0,,,,,,2.0,1.0,,,,,,,2.0,,
461722,,,,,,,,7.0,,4.0,,,,,,1.0,,,,,,,1.0,1.0,,
461731,,,,,,,,10.0,,4.0,,,,,,3.0,1.0,,,,,1.0,1.0,,,
461740,,,,,,,,4.0,,1.0,,,,,,1.0,1.0,,,,,,,1.0,,
461759,,,,,,,,46.0,,17.0,2.0,,,,,6.0,2.0,,5.0,,,2.0,,3.0,2.0,
461768,,,,,,,,10.0,,4.0,,,,,,2.0,1.0,,,,,,1.0,1.0,0.0,
461786,,,,,,,,5.0,,2.0,,,,,,1.0,1.0,,,,,,,,,
461795,,,,,,,,78.0,,29.0,1.0,,,,,8.0,5.0,3.0,6.0,,,2.0,,2.0,,
461801,,,,,,,,7.0,,5.0,,,,,,1.0,1.0,,,,,,,,,
461810,,,,,,,,10.0,,4.0,,,,,,1.0,1.0,1.0,,,,,,3.0,,
461829,,,,,,,,46.0,,24.0,,,,,,3.0,3.0,,,,,2.0,5.0,,,
461838,,,,,,,,7.0,,4.0,,,,,,1.0,,,,,,,,,,
461847,,,,,,,,5.0,,4.0,,,,,,0.0,,,,,,,,1.0,,
461856,,,,,,,,33.0,,15.0,,,,,,5.0,2.0,,,,,,1.0,2.0,1.0,1.0
461865,,,,,,,,17.0,,6.0,,,,,,2.0,2.0,1.0,,,,2.0,1.0,,,
461874,,,,,,,,8.0,,5.0,,,,,,2.0,,,,,,,,1.0,0.0,
461883,,,,,,,,26.0,,12.0,,,,,,7.0,2.0,,,,,,,4.0,,
461892,,,,,,,,19.0,,5.0,,,,,,4.0,4.0,,,,,,,1.0,,
461908,,,,,,,,16.0,,9.0,,,,,,2.0,1.0,,,,,,2.0,1.0,,
461917,,,,,,,,14.0,,6.0,,,,,,2.0,,,,,,,3.0,3.0,,
461926,,,,,,,,11.0,,5.0,,,,,,1.0,,,,,,1.0,,1.0,,
461935,,,,,,,,4.0,,2.0,,,,,,1.0,1.0,,,,,,,,,
461944,,,,,,,,11.0,,5.0,,,,,,1.0,1.0,1.0,,,,,2.0,1.0,,
461953,,,,,,,,12.0,,8.0,,,,,,1.0,1.0,,,,,,,2.0,,
461962,,,,,,,,47.0,,24.0,,,,,,6.0,4.0,,,,,,5.0,5.0,,
461980,,,,,,,,16.0,,8.0,,,,,,3.0,1.0,,,,,0.0,2.0,1.0,,
461999,,,,,,,,9.0,,6.0,,,,,,1.0,1.0,,,,,,0.0,1.0,,
462008,,,,,,,,29.0,,11.0,,,,,,7.0,,,,,,,3.0,6.0,2.0,
462017,,,,,,,,13.0,,9.0,,,,,,1.0,1.0,,,,,,,2.0,,
462026,,,,,,,,4.0,,,,,,,,1.0,1.0,,,,,,,1.0,,1.0
462035,,,,,,,,20.0,,10.0,,,,,,1.0,,,,,,,,2.0,,
462044,,,,,,,,5.0,,2.0,,,,,,2.0,,,,,,,,1.0,,
462053,,,,,,,,8.0,,2.0,,,,,,2.0,2.0,,,,,,1.0,,,
462062,,,,,,,,8.0,,5.0,,,,,,1.0,1.0,,,,,,,1.0,,
462071,,,,,,,,12.0,,6.0,,,,,,1.0,,,,,,,2.0,3.0,,
462309,,,,,,,,11.0,,5.0,,,,,,1.0,,,,,,,,2.0,,
462318,,,,,,,,18.0,,5.0,,,,,,2.0,2.0,,,,,6.0,,3.0,0.0,
462327,,,,,,,,9.0,,3.0,,,,,,1.0,,,0.0,,,4.0,,1.0,,
462336,,,,,,,,4.0,,1.0,,,,,,1.0,0.0,,,,,1.0,,0.0,,
462345,,,,,,,,9.0,,4.0,,,,,,1.0,2.0,,,,,,1.0,,,
462354,,,,,,,,40.0,,9.0,,,,,,11.0,2.0,0.0,11.0,,,3.0,,1.0,,
462363,,,,,,,,43.0,,18.0,,,,,,6.0,1.0,1.0,,,,,,15.0,,
462372,,,,,,,,39.0,,19.0,,,,,,6.0,,1.0,,,,,,11.0,,
462390,,,,,,,,6.0,,3.0,,,,,,2.0,,,,,,,,1.0,,
465812,,,,,,,,323.0,,178.0,,,,,,4.0,12.0,7.0,1.0,5.0,,,6.0,18.0,,
466152,,,,,,,,10.0,,0.0,,,,,,2.0,,,,,,,,1.0,,
466161,,,,,,,,16.0,,1.0,,,,,,2.0,,,,,,,,3.0,,
466170,,,,,,,,9.0,,,,,,,,2.0,,,,,,,,1.0,,
466189,,,,,,,,15.0,,5.0,,,,,,2.0,,,,,,,,1.0,,
466514,,,,,,,,21.0,,10.0,,,,,,3.0,,,,,,,,1.0,,
466523,,,,,,,,17.0,,10.0,,,,,,2.0,,,,,,,,1.0,1.0,
466921,,,,,,,,68.0,,34.0,,,,,,9.0,,1.0,,,,0.0,,5.0,,
466930,,,,,,,,94.0,,45.0,,,,,,15.0,,3.0,,,,,,7.0,,
467058,,,,,,,,23.0,,8.0,,,,,,2.0,,1.0,,,,,,11.0,,
467094,,,,,,,,17.0,,12.0,,,,,,1.0,,,,,,,1.0,3.0,,
467368,,,,,,,,33.0,,16.0,,,,,,9.0,1.0,,,,,,,1.0,,
467508,,,,,,,,5.0,,4.0,,,,,,1.0,,,,,,,,,,
467517,,,,,,,,5.0,,4.0,,,,,,1.0,,,,,,,,,,
467526,,,,,,,,5.0,,4.0,,,,,,1.0,,,,,,,,,,
467535,,,,,,,,4.0,,3.0,,,,,,1.0,,,,,,,,,,
467544,,,,,,,,3.0,,3.0,,,,,,,,,,,,,,,,
467553,,,,,,,,2.0,,2.0,,,,,,,,,,,,,,,,
467562,,,,,,,,2.0,,2.0,,,,,,,,,,,,,,,,
467571,,,,,,,,3.0,,2.0,,,,,,1.0,,,,,,,,,,
467580,,,,,,,,4.0,,3.0,,,,,,1.0,,,,,,,,,,
467599,,,,,,,,5.0,,4.0,,,,,,1.0,,,,,,,,,,
467605,,,,,,,,6.0,,5.0,,,,,,1.0,,,,,,,,,,
467614,,,,,,,,4.0,,3.0,,,,,,1.0,,,,,,,,,,
467623,,,,,,,,3.0,,2.0,,,,,,1.0,,,,,,,,,,
467632,,,,,,,,4.0,,3.0,,,,,,1.0,,,,,,,,,,
467641,,,,,,,,5.0,,4.0,,,,,,1.0,,,,,,,,,,
467650,,,,,,,,3.0,,2.0,,,,,,1.0,,,,,,,,,,
467669,,,,,,,,3.0,,2.0,,,,,,1.0,,,,,,,,,,
467678,,,,,,,,4.0,,3.0,,,,,,1.0,,,,,,,,,,
467784,,,,,,,,36.0,,14.0,,,,,,7.0,1.0,,,,,,,13.0,,
467793,,,,,,,,17.0,,9.0,,,,,,4.0,,,,,,,,1.0,,
467863,,,,,,,,19.0,,7.0,,,,,,5.0,,,,,,,2.0,5.0,,
467872,,,,,,,,21.0,,9.0,,,,,,3.0,,,,,,,3.0,6.0,,
467906,,,,,,,,13.0,,9.0,,,,,,1.0,,,,,,,,1.0,,
468006,,,,,,,,9.0,,5.0,,,,,,1.0,,,,,,,,2.0,,
468015,,,,,,,,20.0,,12.0,,,,,,2.0,,,,,,,,2.0,,
468024,,,,,,,,70.0,,31.0,,,,,,18.0,,,,,,1.0,,18.0,1.0,
468246,,,,,,,,12.0,,9.0,,,,,,1.0,,,,,,,,,,
468255,,,,,,,,15.0,,6.0,,,,,,6.0,,,,,,1.0,,,,
468398,,,,,,,,25.0,,10.0,,,,,,2.0,,,,,,,,3.0,,
468705,,,,,,,,6.0,,3.0,,,,,,,1.0,,,,,,,1.0,,
468723,,,,,,,,83.0,,37.0,,,,,,15.0,,1.0,6.0,1.0,,,8.0,12.0,,
468732,,,,,,,,18.0,,7.0,,,,,,2.0,3.0,,,,,0.0,,6.0,,
468769,,,,,,,,10.0,,4.0,,,,,,1.0,2.0,,,,,,,3.0,,
468848,,,,,,,,25.0,,7.0,,,,,,2.0,1.0,,1.0,,,,,,,
468875,,,,,,,,8.0,,3.0,,,,,,2.0,,,,,,1.0,,1.0,,
468893,,,,,,,,12.0,,5.0,,,,,,2.0,2.0,,,,,,2.0,1.0,,
468909,,,,,,,,34.0,,9.0,,,,,,3.0,1.0,,1.0,,,,,,,
468963,,,,,,,,49.0,,29.0,,,,,,1.0,,,,,,,,,,
469054,,,,,,,,36.0,,20.0,,,,,,6.0,1.0,,,,,3.0,5.0,1.0,,
469124,,,,,,,,30.0,,7.0,,,,,,2.0,3.0,,,,,,3.0,2.0,,
469133,,,,,,,,26.0,,12.0,,,,,,2.0,3.0,,,,,2.0,1.0,1.0,,
469142,,,,,,,,27.0,,8.0,,,,,,2.0,3.0,,,,,,3.0,6.0,1.0,
469151,,,,,,,,16.0,,5.0,,,,,,1.0,1.0,,,,,0.0,1.0,5.0,,
469160,,,,,,,,14.0,,4.0,,,,,,2.0,2.0,,,,,1.0,2.0,2.0,0.0,
469197,,,,,,,,12.0,,8.0,,,,,,2.0,1.0,,,,,,1.0,,,
469407,,,,,,,,11.0,,4.0,,,,,,2.0,2.0,,,,,1.0,1.0,1.0,,
469416,,,,,,,,6.0,,3.0,,,,,,1.0,1.0,,,,,,,1.0,,
469586,,,,,,,,13.0,,2.0,,,,,,1.0,2.0,,,,,,1.0,2.0,2.0,
469610,,,,,,,,59.0,,23.0,,,,,,6.0,3.0,,,,,,27.0,,,
469629,,,,,,,,36.0,,19.0,,,,,,3.0,2.0,,1.0,3.0,,,2.0,1.0,5.0,
469638,,,,,,,,26.0,,12.0,,,,,,1.0,2.0,,1.0,,,2.0,2.0,5.0,,
469647,,,,,,,,10.0,,5.0,,,,,,2.0,,,,,,,,1.0,,
469911,,,,,,,,21.0,,8.0,,,,,,2.0,,,,,,1.0,,8.0,,
469920,,,,,,,,18.0,,8.0,,,,,,2.0,,,,,,,,6.0,,
469957,,,,,,,,17.0,,9.0,,,,,,1.0,,,,,,,,2.0,,
469993,,,,,,,,4.0,,2.0,,,,,,1.0,,,,,,,,1.0,,
470038,,,,,,,,46.0,,14.0,,,,,,1.0,1.0,,1.0,,,,,,,
470047,,,,,,,,5.0,,3.0,,,,,,1.0,,,,,,,1.0,,,
470092,,,,,,,,33.0,,22.0,,,,,,4.0,,,,,,,,5.0,,
470162,,,,,,,,54.0,,24.0,,,,,,11.0,,,,,,,,17.0,,
470223,,,,,,,,3.0,,2.0,,,,,,,,,,,,,,2.0,,
470296,,,,,,,,3.0,,1.0,,,,,,,1.0,,,,,,,1.0,,
470302,,,,,,,,6.0,,1.0,,,,,,1.0,,,,,,1.0,,3.0,,
470393,,,,,,,,5.0,,3.0,,,,,,,,,,,,,,0.0,,
470861,,,,,,,,33.0,,9.0,,,,,,5.0,1.0,1.0,,,,,,15.0,,
470870,,,,,,,,27.0,,11.0,,,,,,4.0,,1.0,,,,,,10.0,,
470889,,,,,,,,8.0,,8.0,,,,,,,,,,,,,,,,
470898,,,,,,,,26.0,,10.0,,,,,,3.0,,1.0,,,,,,11.0,,
470904,,,,,,,,15.0,,9.0,,,,,,3.0,,1.0,,,,,,1.0,,
474863,,,,,,,,124.0,,45.0,,,,,,12.0,8.0,9.0,1.0,,,,,3.0,,
474881,,,,,,,,22.0,,12.0,,,,,,2.0,,1.0,,,,,1.0,1.0,1.0,
474890,,,,,,,,39.0,,10.0,,,,,,2.0,7.0,1.0,,,,,7.0,3.0,,
474906,,,,,,,,19.0,,5.0,,,,,,1.0,2.0,1.0,,,,,4.0,1.0,,
474915,,,,,,,,24.0,,12.0,,,,,,3.0,1.0,,,,,,3.0,4.0,0.0,
474924,,,,,,,,15.0,,8.0,,,,,,1.0,1.0,,,,,,2.0,3.0,0.0,
474933,,,,,,,,13.0,,6.0,,,,,,1.0,,,,,,1.0,1.0,1.0,,
474942,,,,,,,,11.0,,7.0,,,,,,1.0,,,,,,1.0,1.0,1.0,,
474997,,,,,,,,33.0,,18.0,,,,,,2.0,3.0,,,,,1.0,5.0,3.0,,
475015,,,,,,,,30.0,,10.0,,,,,,2.0,4.0,1.0,3.0,,,5.0,2.0,1.0,,
475024,,,,,,,,20.0,,9.0,,,,,,5.0,1.0,,,,,,3.0,2.0,,
475033,,,,,,,,169.0,,100.0,3.0,,,,,9.0,4.0,6.0,,,,,,39.0,,
475042,,,,,,,,31.0,,11.0,,,,,,7.0,,,,,,,,11.0,,
475060,,,,,,,,27.0,,13.0,,,,,,3.0,1.0,,,,,2.0,5.0,3.0,,
475079,,,,,,,,10.0,,6.0,,,,,,1.0,,,,,,,,3.0,,
475097,,,,,,,,40.0,,8.0,,,,,,4.0,1.0,1.0,4.0,,,2.0,2.0,5.0,9.0,
475121,,,,,,,,753.0,,299.0,,,,,,122.0,1.0,1.0,,,,,,320.0,,
475130,,,,,,,,28.0,,12.0,,,,,,5.0,1.0,,,,,,3.0,2.0,,
475185,,,,,,,,115.0,,34.0,,,,,,3.0,5.0,1.0,8.0,,,42.0,6.0,2.0,3.0,
475194,,,,,,,,26.0,,14.0,,,,,,4.0,,,,1.0,,,3.0,5.0,,
475200,,,,,,,,19.0,,12.0,,,,,,,3.0,,1.0,,,,,2.0,,
475228,,,,,,,,7.0,,4.0,,,,,,1.0,,,,,,,,1.0,,
475255,,,,,,,,6.0,,3.0,,,,,,1.0,,,,,,,1.0,1.0,,
475273,,,,,,,,172.0,,110.0,,,,,,19.0,2.0,,1.0,,,,,20.0,,
475282,,,,,,,,14.0,,8.0,,,,,,4.0,,,,,,,,0.0,,
475291,,,,,,,,19.0,,13.0,,,,,,1.0,2.0,,,,,,,1.0,,
475325,,,,,,,,32.0,,14.0,,,,,,2.0,,,,,,1.0,7.0,8.0,,
475352,,,,,,,,65.0,,31.0,,,,,,11.0,,1.0,11.0,,,1.0,,2.0,,
475370,,,,,,,,66.0,,36.0,,,,,,9.0,,,11.0,,,1.0,,1.0,,
475389,,,,,,,,6.0,,2.0,,,,,,1.0,2.0,,,,,,,0.0,,
475404,,,,,,,,7.0,,4.0,,,,,,1.0,1.0,,,,,,,1.0,,
475413,,,,,,,,8.0,,4.0,,,,,,,,,,,,,,,,
475422,,,,,,,,14.0,,11.0,,,,,,,,,,,,,,3.0,,
475431,,,,,,,,10.0,,3.0,,,,,,2.0,2.0,,,,,,1.0,1.0,,
475459,,,,,,,,37.0,,22.0,,,,,,2.0,,,,,,,,13.0,,
475468,,,,,,,,19.0,,9.0,,,,,,1.0,2.0,0.0,,,,,1.0,1.0,1.0,
475477,,,,,,,,23.0,,10.0,,,,,,4.0,,,6.0,,,,,2.0,,
475486,,,,,,,,31.0,,15.0,,,,,,4.0,,,,,,1.0,4.0,,,
475495,,,,,,,,71.0,,30.0,,,,,,7.0,4.0,1.0,,,,2.0,,10.0,,
475501,,,,,,,,11.0,,4.0,,,,,,2.0,,,,,,3.0,1.0,,,
475510,,,,,,,,11.0,,5.0,,,,,,1.0,,,,,,,,4.0,,
475529,,,,,,,,6.0,,2.0,,,,,,1.0,1.0,1.0,,,,,,1.0,,
475538,,,,,,,,5.0,,3.0,,,,,,1.0,,,,,,,,,,
475547,,,,,,,,12.0,,5.0,,,,,,1.0,,,,,,,1.0,3.0,2.0,
475556,,,,,,,,16.0,,7.0,,,,,,1.0,,,,,,,3.0,5.0,,
475565,,,,,,,,194.0,,52.0,,,,,,33.0,9.0,9.0,19.0,,,10.0,,49.0,,
475574,,,,,,,,7.0,,2.0,,,,,,2.0,2.0,,,,,,,1.0,,
475583,,,,,,,,13.0,,4.0,,,,,,3.0,,,,,,,3.0,,,
475592,,,,,,,,8.0,,3.0,,,,,,2.0,,,1.0,,,1.0,,,,
475608,,,,,,,,67.0,,23.0,,,,,,8.0,2.0,2.0,,,,4.0,,16.0,3.0,
475617,,,,,,,,51.0,,24.0,,,,,,7.0,,,9.0,,,1.0,,2.0,,
475626,,,,,,,,9.0,,3.0,,,,,,1.0,1.0,,,,,,,1.0,,
475635,,,,,,,,8.0,,5.0,,,,,,1.0,1.0,,,,,,,,,
475644,,,,,,,,10.0,,5.0,,,,,,3.0,,,,,,1.0,,1.0,,
475653,,,,,,,,6.0,,3.0,,,,,,,1.0,,,,,,,1.0,,
475662,,,,,,,,12.0,,7.0,,,,,,1.0,1.0,,,,,,1.0,1.0,0.0,
475680,,,,,,,,7.0,,1.0,,,,,,2.0,1.0,,,,,,,2.0,,
475699,,,,,,,,27.0,,12.0,,,,,,4.0,1.0,,5.0,,,,,4.0,,
475705,,,,,,,,4.0,,2.0,,,,,,1.0,,,,,,,,1.0,,
475714,,,,,,,,14.0,,7.0,,,,,,4.0,,,,,,,,2.0,,
475723,,,,,,,,36.0,,13.0,,,,,,7.0,2.0,1.0,1.0,,,2.0,,1.0,,
475732,,,,,,,,118.0,,64.0,,,,,,10.0,1.0,2.0,,,,1.0,,6.0,,
475741,,,,,,,,30.0,,12.0,,,,,,6.0,,1.0,,,,,,3.0,,
475750,,,,,,,,30.0,,10.0,,,,,,10.0,1.0,,,,,,,3.0,,
475811,,,,,,,,136.0,,114.0,,,,,,4.0,1.0,1.0,4.0,,,1.0,4.0,6.0,,
475839,,,,,,,,28.0,,9.0,,,,,,1.0,3.0,,0.0,,,,6.0,3.0,,
475866,,,,,,,,44.0,,19.0,,,,,,8.0,,,9.0,,,,,2.0,,
476063,,,,,,,,10.0,,8.0,,,,,,,,,,,,,1.0,1.0,,
476106,,,,,,,,3.0,,2.0,,,,,,1.0,,,,,,,,,,
476115,,,,,,,,3.0,,2.0,,,,,,1.0,,,,,,,,,,
476133,,,,,,,,5.0,,4.0,,,,,,1.0,,,,,,,,,,
476142,,,,,,,,3.0,,2.0,,,,,,1.0,,,,,,,,,,
476160,,,,,,,,4.0,,3.0,,,,,,1.0,,,,,,,,,,
476179,,,,,,,,13.0,,9.0,,,,,,2.0,,,,,,,,1.0,,
476230,,,,,,,,11.0,,5.0,,,,,,2.0,,,,,,,,1.0,,
476294,,,,,,,,15.0,,8.0,,,,,,3.0,,,,,,,2.0,1.0,,
476300,,,,,,,,35.0,,35.0,,,,,,,,,,,,,,,,
476337,,,,,,,,9.0,,5.0,,,,,,1.0,,,2.0,,,,,,,
476346,,,,,,,,28.0,,12.0,,,,,,1.0,2.0,,,,,1.0,4.0,7.0,,
476355,,,,,,,,3.0,,,,,,,,1.0,,,,,,,,1.0,,
476470,,,,,,,,17.0,,10.0,,,,,,3.0,1.0,,,,,,,3.0,,
476489,,,,,,,,10.0,,3.0,,,,,,1.0,1.0,,1.0,,,,,1.0,,
476498,,,,,,,,11.0,,3.0,,,,,,1.0,2.0,,,,,,1.0,2.0,0.0,
476504,,,,,,,,21.0,,10.0,,,,,,5.0,2.0,,,,,,1.0,1.0,,
476513,,,,,,,,12.0,,4.0,,,,,,2.0,2.0,,,0.0,,0.0,,,1.0,
476522,,,,,,,,11.0,,6.0,,,,,,2.0,1.0,,,,,,,1.0,,
476531,,,,,,,,4.0,,3.0,,,,,,,1.0,,,,,,,,,
476540,,,,,,,,9.0,,6.0,,,,,,1.0,1.0,,,,,,,1.0,,
476559,,,,,,,,7.0,,4.0,,,,,,1.0,1.0,,,,,,,1.0,,
476568,,,,,,,,6.0,,4.0,,,,,,,1.0,,,,,,,1.0,,
476577,,,,,,,,43.0,,21.0,,,,,,3.0,,,,,,0.0,5.0,9.0,,
476586,,,,,,,,14.0,,5.0,,,,,,1.0,1.0,1.0,,,,,2.0,4.0,,
476595,,,,,,,,15.0,,3.0,,,,,,5.0,1.0,1.0,,,,,,,,
476601,,,,,,,,12.0,,6.0,,,,,,3.0,,,,,,,,2.0,1.0,
476610,,,,,,,,10.0,,5.0,,,,,,1.0,1.0,,,,,,,2.0,,
476629,,,,,,,,15.0,,8.0,,,,,,1.0,0.0,,,,,,4.0,2.0,0.0,
476674,,,,,,,,5.0,,3.0,,,,,,1.0,,,,,,0.0,1.0,,,
476683,,,,,,,,22.0,,10.0,,,,,,4.0,1.0,,,,,,2.0,4.0,,
476692,,,,,,,,3.0,,2.0,,,,,,,0.0,,,,,0.0,,,,
476708,,,,,,,,15.0,,7.0,,,,,,2.0,1.0,,,,,,1.0,1.0,,
476717,,,,,,,,37.0,,29.0,,,,,,1.0,1.0,,,,,2.0,,4.0,,
476726,,,,,,,,25.0,,9.0,,,,,,4.0,2.0,,1.0,,,2.0,3.0,5.0,,
476735,,,,,,,,6.0,,6.0,,,,,,,,,,,,,,,,
476744,,,,,,,,7.0,,3.0,,,,,,,1.0,,,,,2.0,,1.0,,
476753,,,,,,,,16.0,,8.0,,,,,,2.0,,,,,,,4.0,,,
476771,,,,,,,,12.0,,3.0,,,,,,3.0,2.0,,,,,5.0,,,,
476780,,,,,,,,11.0,,6.0,,,,,,1.0,1.0,,,,,,,2.0,,
476799,,,,,,,,25.0,,11.0,,,,,,2.0,2.0,,,,,,4.0,2.0,,
476805,,,,,,,,6.0,,3.0,,,,,,2.0,,,,,,,,1.0,,
476814,,,,,,,,19.0,,9.0,,,,,,2.0,1.0,,,,,1.0,4.0,1.0,,
476823,,,,,,,,8.0,,3.0,,,,,,1.0,,,,,,,,1.0,,
476841,,,,,,,,17.0,,7.0,,,,,,2.0,,,,,,,2.0,5.0,,
476850,,,,,,,,12.0,,4.0,,,,,,1.0,1.0,,,,,3.0,,3.0,,
476869,,,,,,,,22.0,,7.0,,,,,,3.0,3.0,,,,,3.0,2.0,4.0,,
476878,,,,,,,,4.0,,3.0,,,,,,,,,,,,,,,,
476887,,,,,,,,13.0,,6.0,,,,,,3.0,1.0,,1.0,,,,1.0,,,
476896,,,,,,,,8.0,,2.0,,,,,,1.0,1.0,,,,,,,4.0,,
476902,,,,,,,,8.0,,6.0,,,,,,,1.0,,,,,,,1.0,,
476911,,,,,,,,18.0,,10.0,,,,,,1.0,1.0,,,,,,2.0,1.0,,
476939,,,,,,,,23.0,,8.0,,,,,,4.0,4.0,,,,,0.0,5.0,1.0,,
476948,,,,,,,,17.0,,7.0,,,,,,3.0,1.0,,,2.0,,,2.0,1.0,,
476957,,,,,,,,2.0,,1.0,,,,,,,,,,,,,,,,
476966,,,,,,,,15.0,,6.0,,,,,,2.0,1.0,,,,,,2.0,1.0,,
476975,,,,,,,,315.0,,158.0,,,,,,15.0,9.0,9.0,,,,,3.0,1.0,,
476984,,,,,,,,17.0,,10.0,,,,,,1.0,,,,,,,3.0,4.0,,
476993,,,,,,,,32.0,,10.0,,,,,,8.0,,,,1.0,,,6.0,3.0,,
477002,,,,,,,,6.0,,5.0,,,,,,1.0,,,,,,,,0.0,,
477039,,,,,,,,61.0,,33.0,,,,,,12.0,3.0,,2.0,1.0,,,,9.0,,
477950,,,,,,,,19.0,,6.0,,,,,,1.0,2.0,0.0,,,,,4.0,1.0,,
477996,,,,,,,,11.0,,4.0,,,,,,1.0,,,,,,,,1.0,,
478005,,,,,,,,8.0,,0.0,,,,,,2.0,,,,,,,,1.0,,
478014,,,,,,,,15.0,,2.0,,,,,,3.0,,,,,,,,1.0,,
478582,,,,,,,,12.0,,7.0,,,,,,2.0,,,,,,,,1.0,,
478591,,,,,,,,13.0,,6.0,,,,,,1.0,,,,,,,1.0,,,
478616,,,,,,,,9.0,,6.0,,,,,,1.0,,,,,,,,1.0,,
478634,,,,,,,,32.0,,13.0,,,,,,1.0,3.0,0.0,,,,,5.0,2.0,,
478661,,,,,,,,11.0,,7.0,,,,,,3.0,,,,,,,,,,
478917,,,,,,,,7.0,,4.0,,,,,,,,,,,,,,,,
478953,,,,,,,,25.0,,13.0,,,,,,2.0,,,,,,2.0,,5.0,,
479053,,,,,,,,12.0,,4.0,,,,,,2.0,2.0,,,,,,1.0,1.0,,
479062,,,,,,,,2.0,,1.0,,,,,,1.0,,,,,,,,,,
479248,,,,,,,,5.0,,3.0,,,,,,,,,,,,,,1.0,,
479424,,,,,,,,24.0,,12.0,,,,,,1.0,1.0,,,,,,3.0,3.0,,
479549,,,,,,,,56.0,,19.0,,,,,,7.0,3.0,1.0,,,,,,24.0,,
479558,,,,,,,,43.0,,16.0,,,,,,7.0,1.0,1.0,,,,,,17.0,,
479585,,,,,,,,0.0,,0.0,,,,,,,,,,,,,,,,
479594,,,,,,,,48.0,,23.0,,,,,,7.0,2.0,1.0,,,,,,13.0,,
479600,,,,,,,,23.0,,13.0,,,,,,4.0,,1.0,,,,,,4.0,,
479628,,,,,,,,24.0,,9.0,,,,,,4.0,,1.0,,,,,,9.0,,
479637,,,,,,,,27.0,,10.0,,,,,,3.0,,1.0,,,,,,12.0,,
479646,,,,,,,,13.0,,7.0,,,,,,3.0,1.0,,,,,,,1.0,,
479655,,,,,,,,25.0,,13.0,,,,,,4.0,,1.0,,,,,,6.0,,
479664,,,,,,,,0.0,,0.0,,,,,,,,,,,,,,,,
479956,,,,,,,,154.0,,1.0,,2.0,,,,16.0,,34.0,57.0,,,,1.0,11.0,,
479965,,,,,,,,19.0,,4.0,,,,,,2.0,,,,,,,,8.0,,
479974,,,,,,,,8.0,,5.0,,,,,,,,,,,,,,3.0,,
479983,,,,,,,,12.0,,6.0,,,,,,3.0,,,,,,,1.0,2.0,,
479992,,,,,,,,17.0,,4.0,,,,,,2.0,1.0,4.0,,,,,1.0,2.0,,
480000,,,,,,,,7.0,,5.0,,,,,,,2.0,,,,,,,,,
480019,,,,,,,,34.0,,18.0,,,,,,6.0,1.0,,,,,,3.0,6.0,,
480028,,,,,,,,13.0,,4.0,,,,,,2.0,2.0,,,,,,,0.0,,
480037,,,,,,,,40.0,,17.0,,,,,,5.0,3.0,,,,,,7.0,6.0,,
480064,,,,,,,,31.0,,13.0,,,,,,3.0,1.0,,8.0,,,,,,,
480073,,,,,,,,51.0,,20.0,,,,,,16.0,,,,,,,,15.0,,
480082,,,,,,,,56.0,,22.0,,,,,,17.0,,,,,,,,14.0,1.0,
480091,,,,,,,,211.0,,97.0,,,,,,9.0,4.0,5.0,69.0,,,,7.0,15.0,,
480107,,,,,,,,43.0,,21.0,,,,,,7.0,,,6.0,,,1.0,,2.0,,
480125,,,,,,,,17.0,,8.0,,,,,,1.0,,,,,,,2.0,,,
480134,,,,,,,,32.0,,19.0,,,,,,1.0,,,10.0,,,,,2.0,,
480143,,,,,,,,25.0,,14.0,,,,,,,2.0,,,,,,3.0,2.0,,
480161,,,,,,,,3.0,,2.0,,,,,,,,,,,,,,1.0,,
480170,,,,,,,,14.0,,6.0,,,,,,3.0,,,,,,,,1.0,,
480189,,,,,,,,120.0,,64.0,,,,,,3.0,2.0,4.0,15.0,2.0,,4.0,,8.0,,0.0
480198,,,,,,,,67.0,,47.0,,,,,,2.0,1.0,,,,,,,7.0,,
480204,,,,,,,,39.0,,20.0,,,,,,4.0,,,,,,1.0,,,,
480301,,,,,,,,33.0,,12.0,5.0,,,,,7.0,,1.0,,,,0.0,,7.0,,
480310,,,,,,,,10.0,,6.0,,,,,,2.0,,,,,,,,1.0,,
480329,,,,,,,,31.0,,11.0,,,,,,5.0,,1.0,,,,,,14.0,,
480338,,,,,,,,26.0,,9.0,,,,,,5.0,,,,,,,,12.0,,
480347,,,,,,,,12.0,,7.0,,,,,,2.0,1.0,,,,,,,2.0,,
480471,,,,,,,,29.0,,7.0,,,,,,1.0,1.0,,0.0,,,,,,,
480480,,,,,,,,20.0,,12.0,,,,,,2.0,,,,,,,3.0,3.0,,
480514,,,,,,,,35.0,,14.0,,,,,,2.0,3.0,,,,,,2.0,1.0,,
480523,,,,,,,,13.0,,6.0,,,,,,3.0,,,,,,,,1.0,,
480532,,,,,,,,15.0,,7.0,,,,,,3.0,,,,,,,,1.0,,
480550,,,,,,,,14.0,,6.0,,,,,,3.0,,,,,,,,1.0,,
480569,,,,,,,,113.0,,79.0,,,,,,2.0,3.0,2.0,,,,,1.0,24.0,,
480657,,,,,,,,20.0,,6.0,,,,,,4.0,,,,,,,,,,
480693,,,,,,,,4.0,,2.0,,,,,,,,,,,,,,0.0,,
480727,,,,,,,,12.0,,7.0,,,,,,1.0,1.0,,,,,1.0,,1.0,2.0,
480736,,,,,,,,7.0,,2.0,,,,,,1.0,,,,1.0,,,,2.0,,
480754,,,,,,,,7.0,,4.0,,,,,,,,,,,,,,2.0,,
480781,,,,,,,,20.0,,4.0,,,,,,3.0,3.0,1.0,3.0,,,,,1.0,,
480790,,,,,,,,161.0,,37.0,,,,,,33.0,2.0,3.0,1.0,36.0,,11.0,,30.0,,
480815,,,,,,,,55.0,,24.0,,,,,,10.0,,1.0,11.0,,,1.0,,2.0,,
480824,,,,,,,,26.0,,12.0,,,,,,2.0,,,,,,,,2.0,,
480833,,,,,,,,37.0,,19.0,,,,,,2.0,,,,,,,,2.0,,
480842,,,,,,,,7.0,,4.0,,,,,,2.0,1.0,,,,,,,0.0,,
480851,,,,,,,,11.0,,5.0,,,,,,1.0,,,1.0,,,,1.0,1.0,,
480879,,,,,,,,6.0,,4.0,,,,,,1.0,1.0,,,,,,,,,
480888,,,,,,,,58.0,,20.0,,,,,,9.0,1.0,0.0,,,,,,6.0,,
480903,,,,,,,,35.0,,18.0,,,,,,6.0,,,,,,,6.0,5.0,,
480912,,,,,,,,6.0,,3.0,,,,,,1.0,1.0,0.0,,,,0.0,0.0,,,
480921,,,,,,,,6.0,,3.0,,,,,,,1.0,,,,,,,1.0,,
480930,,,,,,,,29.0,,11.0,,,,,,6.0,,,,,,,5.0,6.0,1.0,
480967,,,,,,,,47.0,,10.0,1.0,,,,,6.0,4.0,2.0,,,,11.0,2.0,5.0,,
480976,,,,,,,,6.0,,4.0,,,,,,1.0,0.0,,,,,,,1.0,,
480985,,,,,,,,19.0,,7.0,1.0,,,,,3.0,1.0,,,,,,,2.0,,
480994,,,,,,,,10.0,,3.0,,,,,,1.0,1.0,,,,,1.0,,1.0,,
481003,,,,,,,,18.0,,10.0,,,,,,3.0,2.0,,1.0,,,,,1.0,,
481021,,,,,,,,167.0,,71.0,,,,,,7.0,5.0,2.0,3.0,,,16.0,,11.0,3.0,13.0
481030,,,,,,,,12.0,,5.0,1.0,,,,,2.0,2.0,,,,,,,,,
481049,,,,,,,,5.0,,3.0,,,,,,,,,,,,,,3.0,,
481058,,,,,,,,19.0,,12.0,,,,,,3.0,1.0,,,,,,,1.0,,
481085,,,,,,,,23.0,,8.0,,,,,,2.0,2.0,,,,,,5.0,5.0,,
481094,,,,,,,,47.0,,18.0,,,,,,6.0,1.0,2.0,1.0,,,,,2.0,1.0,
481100,,,,,,,,11.0,,8.0,,,,,,,,,,,,,,1.0,,
481119,,,,,,,,43.0,,23.0,,,,,,6.0,2.0,,,,,,4.0,7.0,,
481128,,,,,,,,6.0,,2.0,,,,,,1.0,,0.0,,,,0.0,,2.0,,
481137,,,,,,,,33.0,,11.0,,,,,,2.0,,,4.0,,,8.0,,7.0,,
481146,,,,,,,,17.0,,6.0,,,,,,5.0,1.0,,,,,,2.0,3.0,,
481155,,,,,,,,36.0,,16.0,,,,,,3.0,2.0,,,,,,2.0,2.0,,
481164,,,,,,,,5.0,,3.0,,,,,,,1.0,,,,,,,,,
481182,,,,,,,,5.0,,2.0,,,,,,1.0,1.0,0.0,,,,,,1.0,0.0,
481191,,,,,,,,23.0,,9.0,,,,,,3.0,2.0,1.0,,,,,,3.0,2.0,
481207,,,,,,,,12.0,,3.0,,,,,,2.0,1.0,,,2.0,,,,1.0,,
481225,,,,,,,,14.0,,6.0,,,,,,,1.0,,,,,,,6.0,,
481234,,,,,,,,23.0,,11.0,,,,,,2.0,5.0,,,,,1.0,3.0,1.0,,
481243,,,,,,,,15.0,,6.0,,,,,,2.0,,,,,,1.0,2.0,3.0,,
481252,,,,,,,,4.0,,3.0,,,,,,,1.0,,,,,,,,,
481261,,,,,,,,2.0,,1.0,,,,,,,1.0,,,,,,,,,
481270,,,,,,,,2.0,,1.0,,,,,,1.0,,,,,,,,,,
481289,,,,,,,,16.0,,10.0,,,,,,1.0,3.0,,,,,,,2.0,,
481298,,,,,,,,4.0,,3.0,,,,,,1.0,,,,,,,,0.0,,
481304,,,,,,,,24.0,,9.0,,,,,,6.0,3.0,,,,,0.0,3.0,3.0,,
481313,,,,,,,,9.0,,4.0,,,,,,,1.0,,,,,,,,,
481322,,,,,,,,16.0,,5.0,,,,,,1.0,2.0,,,,,,2.0,3.0,3.0,
481331,,,,,,,,5.0,,2.0,,,,,,1.0,,,,,,2.0,,,,
481340,,,,,,,,9.0,,7.0,,,,,,,1.0,,,,,,,1.0,,
481359,,,,,,,,6.0,,3.0,,,,,,1.0,1.0,,,,,,,1.0,,
481368,,,,,,,,14.0,,9.0,,,,,,1.0,1.0,,,1.0,,,,,,
481377,,,,,,,,8.0,,3.0,,,,,,2.0,1.0,,,,,,,2.0,,
481386,,,,,,,,28.0,,9.0,,,,,,8.0,2.0,1.0,,,,,2.0,4.0,,
481395,,,,,,,,4.0,,2.0,,,,,,,1.0,,,,,,,1.0,,
481401,,,,,,,,32.0,,9.0,,,,,,6.0,6.0,2.0,,,,,,,,
481410,,,,,,,,4.0,,3.0,,,,,,0.0,0.0,,,,,,,0.0,,
481429,,,,,,,,14.0,,8.0,,,,,,2.0,1.0,,,,,,1.0,1.0,,
481438,,,,,,,,11.0,,6.0,,,,,,2.0,1.0,,,,,,,1.0,1.0,
481447,,,,,,,,7.0,,4.0,,,,,,1.0,,,,,,,,1.0,,
481456,,,,,,,,3.0,,2.0,,,,,,,,,,,,,,1.0,,
481465,,,,,,,,6.0,,2.0,,,,,,1.0,2.0,,,,,,,0.0,,
481474,,,,,,,,9.0,,2.0,,,,,,3.0,1.0,,,,,,,3.0,,
481483,,,,,,,,26.0,,13.0,,,,,,4.0,2.0,,1.0,,,,2.0,3.0,,
481508,,,,,,,,10.0,,6.0,,,,,,,2.0,,,,,,1.0,1.0,,
481517,,,,,,,,10.0,,6.0,,,,,,1.0,1.0,,,,,,1.0,1.0,,
481526,,,,,,,,11.0,,6.0,,,,,,1.0,1.0,,,,,0.0,,2.0,,
481535,,,,,,,,766.0,,57.0,392.0,158.0,,,,,79.0,22.0,13.0,,,,,28.0,,15.0
481544,,,,,,,,5.0,,4.0,,,,,,1.0,,,,,,,,,,
481562,,,,,,,,8.0,,5.0,,,,,,1.0,1.0,,,,,,1.0,,,
481571,,,,,,,,2.0,,1.0,,,,,,1.0,,,,,,,,,,
481599,,,,,,,,17.0,,7.0,,,,,,1.0,,,,,,,,4.0,,
481614,,,,,,,,24.0,,8.0,,,,,,4.0,,1.0,,,,,,10.0,,
481623,,,,,,,,20.0,,7.0,,,,,,4.0,,1.0,,,,,,7.0,,
481632,,,,,,,,50.0,,30.0,,,,,,8.0,2.0,,,,,,4.0,5.0,,
481669,,,,,,,,11.0,,4.0,,,,,,2.0,1.0,,,,,,,,4.0,
481678,,,,,,,,6.0,,3.0,,,,,,1.0,,,,,,,,0.0,,
481720,,,,,,,,55.0,,24.0,,,,,,16.0,,,,,,,,14.0,,
481739,,,,,,,,7.0,,3.0,,,,,,1.0,,,,,,,,1.0,,
481748,,,,,,,,9.0,,5.0,,,,,,2.0,,,,,,,,1.0,,
481766,,,,,,,,12.0,,5.0,,,,,,2.0,1.0,,,,,,1.0,,,
481845,,,,,,,,9.0,,6.0,,,,,,1.0,,,,,,,,1.0,,
481854,,,,,,,,33.0,,11.0,,,,,,8.0,1.0,,5.0,,,,,7.0,,
481863,,,,,,,,16.0,,9.0,,,,,,3.0,,,,,,,,1.0,,
481890,,,,,,,,9.0,,4.0,,,,,,2.0,,,,,,,,0.0,,
481906,,,,,,,,13.0,,7.0,,,,,,3.0,,,,,,,,1.0,,
481915,,,,,,,,19.0,,6.0,,,,,,2.0,1.0,,,,,,2.0,1.0,,
481942,,,,,,,,18.0,,6.0,,,,,,2.0,3.0,,,,,,3.0,1.0,,
481960,,,,,,,,17.0,,6.0,,,,,,4.0,,,,,,,1.0,4.0,,
481988,,,,,,,,29.0,,16.0,,,,,,3.0,3.0,,,,,,2.0,0.0,,
482015,,,,,,,,33.0,,12.0,,,,,,4.0,2.0,,,,,,11.0,1.0,,
482024,,,,,,,,14.0,,5.0,,,,,,1.0,,,,,,0.0,,1.0,,
482033,,,,,,,,13.0,,7.0,,,,,,2.0,,,,,,,1.0,3.0,,
482060,,,,,,,,27.0,,13.0,,,,,,1.0,,,,,,,3.0,10.0,,
482097,,,,,,,,28.0,,13.0,,,,,,2.0,2.0,,1.0,,,1.0,,6.0,2.0,
482103,,,,,,,,15.0,,7.0,,,,,,5.0,,,,,,,1.0,2.0,,
482149,,,,,,,,5100.0,,979.0,,,,,,472.0,184.0,502.0,127.0,1436.0,,494.0,3.0,704.0,95.0,5.0
482158,,,,,,,,739.0,,283.0,,,,,,123.0,8.0,25.0,13.0,4.0,,60.0,,113.0,44.0,
482167,,,,,,,,21.0,,2.0,,,,,,1.0,5.0,,,,,,,7.0,,
482176,,,,,,,,23.0,,16.0,,,,,,1.0,,,,,,,2.0,5.0,,
482185,,,,,,,,15.0,,7.0,,,,,,1.0,1.0,,1.0,,,,,,,
482194,,,,,,,,12.0,,6.0,,,,,,1.0,,,,,,,,5.0,,
482200,,,,,,,,9.0,,5.0,,,,,,2.0,1.0,,,,,,,1.0,,
482228,,,,,,,,16.0,,9.0,,,,,,2.0,1.0,0.0,,,,,,2.0,0.0,
482246,,,,,,,,8.0,,3.0,,,,,,1.0,0.0,,,,,,1.0,3.0,,
482255,,,,,,,,36.0,,15.0,,,,,,6.0,,,,,,,,15.0,,
482264,,,,,,,,44.0,,,,,,,,2.0,2.0,,2.0,,,13.0,,8.0,,
482273,,,,,,,,19.0,,,,,,,,2.0,,,1.0,,,2.0,,3.0,,
482291,,,,,,,,50.0,,13.0,,,,,,3.0,1.0,,1.0,,,,,,,
482307,,,,,,,,12.0,,2.0,,,,,,2.0,,,,,,,,1.0,,
482316,,,,,,,,12.0,,,,,,,,2.0,,,,,,,,1.0,,
482325,,,,,,,,14.0,,2.0,,,,,,2.0,,,,,,,,1.0,,
482334,,,,,,,,15.0,,1.0,,,,,,1.0,,,,,,,,1.0,,
482343,,,,,,,,8.0,,0.0,,,,,,2.0,,,,,,,,1.0,,
482352,,,,,,,,9.0,,,,,,,,2.0,,,,,,,,1.0,,
482361,,,,,,,,25.0,,11.0,,,,,,2.0,,,,,,,,2.0,,
482370,,,,,,,,11.0,,2.0,,,,,,2.0,,,,,,,,1.0,,
482389,,,,,,,,10.0,,0.0,,,,,,2.0,,,,,,,,1.0,,
482398,,,,,,,,41.0,,21.0,,,,,,6.0,,,,,,,,9.0,,
482413,,,,,,,,101.0,,45.0,,,,,,14.0,1.0,1.0,,,,2.0,,4.0,,
482422,,,,,,,,98.0,,49.0,,,,,,12.0,2.0,2.0,,,,1.0,,4.0,,
482431,,,,,,,,452.0,,210.0,,,,,,47.0,4.0,10.0,,,,4.0,,21.0,,
482440,,,,,,,,54.0,,30.0,,,,,,8.0,,,,,,,,,,
482459,,,,,,,,135.0,,64.0,,,,,,20.0,2.0,2.0,,,,1.0,,6.0,,
482468,,,,,,,,129.0,,53.0,,,,,,16.0,1.0,4.0,,,,3.0,,4.0,,
482477,,,,,,,,2264.0,,849.0,,,,,,120.0,124.0,39.0,9.0,,,7.0,,52.0,,
482486,,,,,,,,17.0,,16.0,,,,,,,,,,,,,,,,
482510,,,,,,,,7.0,,6.0,,,,,,,,,,,,,,,,
482529,,,,,,,,10.0,,7.0,,,,,,1.0,,,,,,,,,,
482538,,,,,,,,45.0,,23.0,,,,,,5.0,,1.0,,,,1.0,,2.0,,
482547,,,,,,,,22.0,,12.0,,,,,,1.0,,1.0,,,,,,,,
482556,,,,,,,,116.0,,57.0,,,,,,11.0,3.0,2.0,1.0,,,,,7.0,,
482565,,,,,,,,49.0,,25.0,,,,,,3.0,,0.0,,,,,,3.0,,
482574,,,,,,,,135.0,,59.0,,,,,,16.0,2.0,3.0,,,,1.0,,3.0,,
482583,,,,,,,,11.0,,5.0,,,,,,1.0,,,,,,,,1.0,,
482592,,,,,,,,7.0,,4.0,,,,,,1.0,,,,,,,,1.0,,
482608,,,,,,,,60.0,,26.0,,,,,,9.0,,1.0,,,,1.0,,2.0,,
482617,,,,,,,,22.0,,8.0,,,,,,3.0,,1.0,,,,,,,,
482635,,,,,,,,159.0,,78.0,,,,,,18.0,1.0,4.0,,,,2.0,,7.0,,
482653,,,,,,,,76.0,,30.0,,,,,,10.0,1.0,1.0,,,,,,4.0,,
482662,,,,,,,,13.0,,9.0,,,,,,,,1.0,,,,1.0,,,,
482671,,,,,,,,4.0,,4.0,,,,,,,,,,,,,,,,
482680,,,,,,,,1508.0,,662.0,,,,,,187.0,41.0,70.0,29.0,10.0,,147.0,4.0,219.0,35.0,
482699,,,,,,,,208.0,,72.0,,3.0,,,,28.0,3.0,5.0,4.0,,,29.0,1.0,36.0,9.0,
482705,,,,,,,,608.0,,426.0,,,,,,12.0,24.0,11.0,45.0,,,,,5.0,,
482936,,,,,,,,180.0,,44.0,4.0,,,,,40.0,14.0,19.0,10.0,1.0,,9.0,2.0,19.0,2.0,
482954,,,,,,,,37.0,,18.0,,,,,,7.0,,,,,,,,12.0,,
482963,,,,,,,,22.0,,9.0,,,,,,3.0,,,,,,,4.0,6.0,,
482972,,,,,,,,10.0,,4.0,,,,,,3.0,1.0,,,,,,,,,
482981,,,,,,,,10.0,,6.0,,,,,,,,,,,,,,,,
482990,,,,,,,,52.0,,20.0,,,,,,5.0,,1.0,,,,,13.0,6.0,,
483009,,,,,,,,14.0,,6.0,,,,,,2.0,1.0,,,,,,2.0,1.0,,
483018,,,,,,,,157.0,,41.0,,,,,,40.0,9.0,4.0,14.0,,,27.0,,7.0,,
483036,,,,,,,,272.0,,134.0,,,,,,30.0,9.0,13.0,1.0,1.0,,9.0,2.0,51.0,,
483045,,,,,,,,732.0,,351.0,,14.0,,,,31.0,38.0,30.0,10.0,,,79.0,,120.0,,
483054,,,,,,,,7.0,,3.0,,,,,,,1.0,,,,,,,2.0,,
483090,,,,,,,,749.0,,,,,,,,64.0,31.0,19.0,,,,,,594.0,,
483106,,,,,,,,15.0,,8.0,,,,,,3.0,2.0,,,,,,1.0,1.0,,
483124,,,,,,,,605.0,,461.0,4.0,1.0,,,,35.0,14.0,16.0,39.0,,,,2.0,16.0,,
483212,,,,,,,,246.0,,118.0,,,,,,27.0,64.0,,,,,,,17.0,2.0,
483221,,,,,,,,11.0,,5.0,,,,,,,1.0,,,,,,,2.0,,
483230,,,,,,,,22.0,,7.0,,,,,,3.0,1.0,,1.0,,,1.0,4.0,2.0,,
483258,,,,,,,,5.0,,2.0,,,,,,,,,,,,,,,,
483276,,,,,,,,3.0,,2.0,,,,,,,1.0,,,,,,,,,
483285,,,,,,,,387.0,,387.0,,,,,,,,,,,,,,,,
483319,,,,,,,,29.0,,12.0,,,,,,6.0,,,7.0,,,1.0,,0.0,,
483328,,,,,,,,24.0,,12.0,,,,,,4.0,,,,,,,4.0,3.0,,
483337,,,,,,,,15.0,,6.0,,,,,,3.0,,,,,,,3.0,3.0,,
483346,,,,,,,,5.0,,4.0,,,,,,,,,,,,,,,,
483355,,,,,,,,26.0,,12.0,,,,,,3.0,2.0,,1.0,,,0.0,3.0,2.0,,
483364,,,,,,,,26.0,,16.0,,,,,,3.0,1.0,,,,,,3.0,3.0,,
483373,,,,,,,,9.0,,3.0,,,,,,2.0,1.0,0.0,,,,0.0,,2.0,,
483382,,,,,,,,22.0,,8.0,,,,,,7.0,1.0,,,,,0.0,,,,
483425,,,,,,,,5.0,,4.0,,,,,,1.0,,,,,,,,,,
483443,,,,,,,,17.0,,11.0,,,,,,1.0,4.0,,,,,,,1.0,,
483470,,,,,,,,7.0,,4.0,,,,,,1.0,,,,,,0.0,0.0,2.0,,
483504,,,,,,,,22.0,,11.0,,,,,,1.0,,,,,,,,2.0,,
483513,,,,,,,,6.0,,4.0,,,,,,,1.0,,,,,,,1.0,,
483522,,,,,,,,24.0,,9.0,,,,,,3.0,1.0,1.0,,,,1.0,,3.0,,
483559,,,,,,,,4.0,,2.0,,,,,,1.0,1.0,,,,,,,,,
483568,,,,,,,,12.0,,8.0,,,,,,2.0,1.0,,,,,,,1.0,,
483595,,,,,,,,20.0,,1.0,,,,,,8.0,,2.0,,,,,,8.0,,
483610,,,,,,,,7.0,,3.0,,,,,,1.0,2.0,,,,,,,0.0,,
483629,,,,,,,,23.0,,13.0,,,,,,3.0,,,,,,,,1.0,1.0,
483638,,,,,,,,12.0,,7.0,,,,,,2.0,1.0,,,,,,,2.0,,
483647,,,,,,,,53.0,,21.0,,,,,,1.0,1.0,1.0,4.0,2.0,,2.0,10.0,2.0,2.0,
483665,,,,,,,,3.0,,2.0,,,,,,,,,,,,,,,,
483674,,,,,,,,18.0,,3.0,,,,,,2.0,2.0,,1.0,2.0,,0.0,,3.0,1.0,
483692,,,,,,,,9.0,,5.0,,,,,,1.0,,,,,,,,3.0,,
483708,,,,,,,,13.0,,3.0,,,,,,,2.0,,,2.0,,,,,,
483717,,,,,,,,3.0,,3.0,,,,,,,,,,,,,,,,
483726,,,,,,,,3.0,,2.0,,,,,,1.0,0.0,,,,,,,,,
483735,,,,,,,,5.0,,2.0,,,,,,,,,,,,,,1.0,,
483744,,,,,,,,5.0,,3.0,,,,,,1.0,,,,,,,,0.0,,
483753,,,,,,,,4.0,,1.0,,,,,,,,,,,,,,,,
483762,,,,,,,,28.0,,13.0,,1.0,,,,2.0,,,,,,,,,,
483780,,,,,,,,22.0,,11.0,,,,,,2.0,2.0,1.0,1.0,,,,,,,
483799,,,,,,,,9.0,,5.0,,,,,,,1.0,0.0,0.0,,,,,,,
483805,,,,,,,,5.0,,2.0,,,,,,,,,,,,1.0,,2.0,,
483814,,,,,,,,15.0,,7.0,,,,,,6.0,,,,,,,,1.0,,
483823,,,,,,,,25.0,,7.0,,,,,,7.0,2.0,,,,,3.0,5.0,,,
483841,,,,,,,,30.0,,10.0,,,,,,4.0,2.0,2.0,1.0,,,5.0,4.0,2.0,,
483850,,,,,,,,10.0,,1.0,,,,,,2.0,1.0,,,,,0.0,,1.0,,
483869,,,,,,,,16.0,,6.0,,,,,,4.0,4.0,,,,,,,,,
483878,,,,,,,,19.0,,7.0,,,,,,2.0,2.0,,2.0,,,,2.0,2.0,,
483887,,,,,,,,7.0,,4.0,,,,,,2.0,,,,,,,,1.0,,
483896,,,,,,,,4.0,,3.0,,,,,,,0.0,,,,,,,0.0,,
483902,,,,,,,,3.0,,1.0,,,,,,1.0,,,,,,,,,,
483911,,,,,,,,3.0,,2.0,,,,,,,,,,,,,,1.0,,
483920,,,,,,,,10.0,,5.0,,,,,,1.0,1.0,,,,,,,3.0,,
483939,,,,,,,,5.0,,2.0,,,,,,,1.0,,,,,,,1.0,,
483948,,,,,,,,3.0,,2.0,,,,,,,1.0,,,,,,,,,
483957,,,,,,,,3.0,,2.0,,,,,,,1.0,,,,,,,,,
483966,,,,,,,,10.0,,3.0,,,,,,3.0,1.0,,,,,,2.0,1.0,,
483975,,,,,,,,61.0,,21.0,,,,,,5.0,,,2.0,,,,,22.0,,
483984,,,,,,,,29.0,,9.0,,,,,,2.0,4.0,1.0,2.0,,,1.0,,1.0,3.0,
484002,,,,,,,,44.0,,13.0,,,,,,9.0,3.0,1.0,,,,,,2.0,3.0,
484011,,,,,,,,14.0,,6.0,,,,,,1.0,,,,,,,2.0,3.0,2.0,
484020,,,,,,,,8.0,,2.0,,,,,,1.0,2.0,,1.0,,,,,1.0,,
484039,,,,,,,,9.0,,4.0,,,,,,3.0,1.0,,,,,,,1.0,,
484048,,,,,,,,4.0,,2.0,,,,,,,1.0,,,,,,,1.0,,
484057,,,,,,,,8.0,,4.0,,,,,,1.0,1.0,,,,,,,,,
484066,,,,,,,,33.0,,16.0,,,,,,9.0,2.0,,,,,,,1.0,,
484075,,,,,,,,14.0,,2.0,,,,,,2.0,1.0,,,2.0,,2.0,1.0,2.0,,
484084,,,,,,,,7.0,,4.0,,,,,,,,,,,,,1.0,1.0,,
484093,,,,,,,,6.0,,4.0,,,,,,1.0,,,,,,,,1.0,,
484109,,,,,,,,7.0,,4.0,,,,,,2.0,,,,,,,,1.0,,
484118,,,,,,,,6.0,,4.0,,,,,,2.0,,,,,,,,0.0,,
484127,,,,,,,,11.0,,9.0,,,,,,,2.0,,,,,,,,,
484136,,,,,,,,6.0,,2.0,,,,,,2.0,1.0,,,,,,,1.0,,
484145,,,,,,,,24.0,,6.0,,,,,,4.0,,,,,,,7.0,5.0,,
484154,,,,,,,,31.0,,10.0,,,,,,5.0,1.0,,,,,10.0,,6.0,,
484163,,,,,,,,38.0,,21.0,,,,,,8.0,0.0,,,,,,,8.0,,
484172,,,,,,,,7.0,,2.0,,,,,,,1.0,,,,,,,2.0,,
484181,,,,,,,,15.0,,4.0,,,,,,2.0,2.0,,,,,,,4.0,,
484190,,,,,,,,6.0,,2.0,,,,,,1.0,1.0,,,,,,,1.0,,
484206,,,,,,,,20.0,,8.0,,,,,,2.0,2.0,,,,,,1.0,2.0,,
484303,,,,,,,,9.0,,7.0,,,,,,1.0,0.0,,,,,,,0.0,,
484321,,,,,,,,7.0,,6.0,,,,,,1.0,,,,,,,,,,
484330,,,,,,,,14.0,,6.0,,,,,,3.0,,,,,,,,1.0,,
484349,,,,,,,,16.0,,9.0,,,,,,3.0,,,,,,,,0.0,,
484358,,,,,,,,14.0,,5.0,,,,,,3.0,,,,,,,,1.0,,
484367,,,,,,,,13.0,,7.0,,,,,,1.0,,,,,,,4.0,2.0,,
484376,,,,,,,,19.0,,11.0,,,,,,1.0,,,,,,,,7.0,,
484385,,,,,,,,14.0,,7.0,,,,,,4.0,,,,,,,,0.0,,
484394,,,,,,,,14.0,,6.0,,,,,,3.0,,,,,,,,4.0,,
484473,,,,,,,,61.0,,29.0,0.0,,,,,3.0,8.0,10.0,2.0,,,,,2.0,,
484598,,,,,,,,3.0,,2.0,,,,,,,1.0,,,,,,,0.0,,
484604,,,,,,,,19.0,,8.0,,,,,,2.0,,,,,,,1.0,,,
484613,,,,,,,,9980.0,,4141.0,,,,,,814.0,412.0,316.0,897.0,,,,1441.0,1867.0,,
484622,,,,,,,,23.0,,17.0,,,,,,4.0,,,,,,,,2.0,,
484631,,,,,,,,855.0,,642.0,,,,,,104.0,6.0,8.0,17.0,,,,,77.0,,
484640,,,,,,,,89.0,,63.0,,,,,,14.0,1.0,,3.0,1.0,,,,7.0,,
484668,,,,,,,,201.0,,147.0,,,,,,29.0,2.0,,5.0,,,,,18.0,,
484677,,,,,,,,133.0,,101.0,,,,,,19.0,,,1.0,,,,,13.0,,
484686,,,,,,,,51.0,,38.0,,,,,,6.0,,,1.0,,,,,6.0,,
484695,,,,,,,,85.0,,59.0,,,,,,14.0,,,1.0,,,,,11.0,,
484701,,,,,,,,64.0,,42.0,,,,,,13.0,1.0,1.0,,,,,,8.0,,
484710,,,,,,,,89.0,,64.0,,,,,,16.0,1.0,,2.0,,,,,6.0,,
484729,,,,,,,,45.0,,31.0,,,,,,6.0,,,1.0,,,,,7.0,,
484738,,,,,,,,30.0,,25.0,,,,,,3.0,,,,,,,,2.0,,
484747,,,,,,,,113.0,,88.0,,,,,,12.0,,,1.0,,,,,12.0,,
484756,,,,,,,,267.0,,181.0,,,,,,30.0,3.0,,16.0,,,,,36.0,,
484765,,,,,,,,79.0,,61.0,,,,,,9.0,0.0,,1.0,,,,1.0,7.0,,
484783,,,,,,,,54.0,,38.0,,,,,,10.0,,,1.0,,,,,5.0,,
484817,,,,,,,,4.0,,3.0,,,,,,1.0,,,,,,,,,,
484826,,,,,,,,13.0,,9.0,,,,,,2.0,1.0,,,,,,1.0,,,
484835,,,,,,,,44.0,,7.0,,,,,,14.0,12.0,,1.0,,,2.0,2.0,5.0,,
484844,,,,,,,,21.0,,12.0,,,,,,5.0,,,,,,,,,,
484871,,,,,,,,7.0,,4.0,,,,,,3.0,,,,,,,,,,
484880,,,,,,,,17.0,,8.0,,,,,,3.0,1.0,,,,,1.0,3.0,1.0,,
484899,,,,,,,,23.0,,11.0,,,,,,1.0,,,,,,,,11.0,,
484905,,,,,,,,242.0,,109.0,1.0,5.0,,,,38.0,13.0,4.0,1.0,,,3.0,,46.0,,
484923,,,,,,,,4.0,,2.0,,,,,,1.0,,,,,,,,1.0,,
484932,,,,,,,,216.0,,135.0,,,,,,26.0,3.0,7.0,1.0,1.0,,4.0,,33.0,1.0,
484950,,,,,,,,11.0,,8.0,,,,,,1.0,,,,,,,,,,
484978,,,,,,,,40.0,,24.0,,,,,,5.0,,,4.0,,,1.0,,1.0,,
484996,,,,,,,,9.0,,5.0,,,,,,1.0,,,,,,2.0,,1.0,,
485014,,,,,,,,6.0,,4.0,,,,,,,,,,,,,,1.0,,
485032,,,,,,,,29.0,,13.0,,,,,,8.0,,,,,,7.0,,,,
485041,,,,,,,,2.0,,,,,,,,,,,,,,,,1.0,,
485078,,,,,,,,10.0,,4.0,,,,,,2.0,,,,,,1.0,2.0,,,
485087,,,,,,,,3.0,,3.0,,,,,,,,,,,,,,,,
485111,,,,,,,,653.0,,237.0,,,,,,63.0,20.0,16.0,26.0,5.0,,84.0,,133.0,,
485120,,,,,,,,13.0,,8.0,,,,,,1.0,1.0,,,,,,,3.0,,
485139,,,,,,,,13.0,,6.0,,,,,,1.0,1.0,,,,,,2.0,1.0,,
485166,,,,,,,,7.0,,4.0,,,,,,,,,,,,,,3.0,,
485184,,,,,,,,7.0,,2.0,,,,,,1.0,,,,,,,,2.0,,
485193,,,,,,,,6.0,,3.0,,,,,,1.0,,,,,,,,2.0,,
485236,,,,,,,,3.0,,2.0,,,,,,,1.0,,,,,,,,,
485245,,,,,,,,4.0,,2.0,,,,,,,2.0,,,,,,,,,
485263,,,,,,,,90.0,,39.0,,,,,,1.0,9.0,1.0,,,,,15.0,9.0,,
485272,,,,,,,,39.0,,18.0,,,,,,8.0,2.0,,1.0,,,,,8.0,,
485281,,,,,,,,13.0,,2.0,,,,,,2.0,,,,,,,,1.0,,
485290,,,,,,,,33.0,,7.0,,,,,,8.0,,,1.0,,,,,2.0,,
485306,,,,,,,,2.0,,1.0,,,,,,,,,,,,,,1.0,,
485342,,,,,,,,20.0,,6.0,,,,,,3.0,,1.0,,,,3.0,,5.0,,
485351,,,,,,,,26.0,,13.0,,,,,,2.0,,,,,,,,7.0,,
485360,,,,,,,,5.0,,3.0,,,,,,,1.0,,,,,,,1.0,,
485379,,,,,,,,13.0,,5.0,,,,,,1.0,,,,,,0.0,,2.0,,
485388,,,,,,,,15.0,,5.0,,,,,,1.0,,,,,,1.0,,2.0,,
485397,,,,,,,,10.0,,5.0,,,,,,2.0,,,,,,,,2.0,,
485403,,,,,,,,13.0,,8.0,1.0,,,,,3.0,0.0,,,,,,,1.0,,
485412,,,,,,,,4.0,,3.0,,,,,,,1.0,,,,,,,,,
485421,,,,,,,,10.0,,3.0,,,,,,2.0,0.0,,,,,1.0,1.0,1.0,1.0,
485458,,,,,,,,250.0,,117.0,,2.0,,,,20.0,8.0,6.0,2.0,,,25.0,,32.0,,
485467,,,,,,,,149.0,,,,,,,,57.0,18.0,14.0,1.0,,,,,38.0,,
485476,,,,,,,,4.0,,2.0,,,,,,,1.0,,,,,1.0,,,,
485485,,,,,,,,7.0,,3.0,,,,,,3.0,1.0,,,,,,,,,
485494,,,,,,,,8.0,,4.0,,,,,,3.0,1.0,,,,,,,,,
485500,,,,,,,,7.0,,1.0,,,,,,1.0,1.0,1.0,,,,,2.0,1.0,,
485519,,,,,,,,15.0,,8.0,,,,,,1.0,1.0,,,,,,,,,
485528,,,,,,,,11.0,,6.0,,,,,,1.0,1.0,,,,,,,2.0,,
485537,,,,,,,,1305.0,,46.0,74.0,,,,,97.0,3.0,51.0,23.0,714.0,,29.0,,248.0,16.0,
485546,,,,,,,,39.0,,13.0,,,,,,8.0,,1.0,,,,,,,,
485564,,,,,,,,7.0,,3.0,,,,,,1.0,1.0,,,0.0,,,,,,
485573,,,,,,,,6.0,,1.0,,,,,,2.0,1.0,,,,,,1.0,,,
485582,,,,,,,,15.0,,13.0,,,,,,,2.0,,,,,,,,,
485591,,,,,,,,3.0,,3.0,,,,,,,,,,,,,,,,
485607,,,,,,,,4.0,,2.0,,,,,,,,,,,,,,2.0,,
485704,,,,,,,,2.0,,1.0,,,,,,1.0,0.0,,,,,,,,,
485731,,,,,,,,2.0,,2.0,,,,,,,,,,,,,,,,
485768,,,,,,,,16.0,,6.0,,,,,,3.0,,,,,,,,3.0,,
485801,,,,,,,,11.0,,4.0,,,,,,1.0,2.0,,,,,,,4.0,,
485810,,,,,,,,5.0,,1.0,,,,,,,2.0,,,,,,,1.0,,
485856,,,,,,,,11.0,,5.0,,,,,,3.0,,,,,,1.0,,2.0,,
485874,,,,,,,,10.0,,4.0,,,,,,1.0,4.0,,,,,,,1.0,,
485908,,,,,,,,9.0,,7.0,,,,,,1.0,,,,,,,,,,
485953,,,,,,,,5.0,,2.0,,,,,,1.0,1.0,,,,,,,,,
485962,,,,,,,,3.0,,2.0,,,,,,1.0,,,,,,,,,,
485999,,,,,,,,10.0,,5.0,,,,,,0.0,2.0,,,,,,,1.0,2.0,
486017,,,,,,,,7.0,,5.0,,,,,,,,,,,,,,2.0,,
486026,,,,,,,,8.0,,5.0,,,,,,1.0,1.0,,,,,,,1.0,0.0,
486053,,,,,,,,46.0,,15.0,,11.0,,,,1.0,1.0,1.0,2.0,0.0,,2.0,2.0,4.0,1.0,
486099,,,,,,,,16.0,,5.0,,,,,,3.0,2.0,,,,,,,1.0,,
486105,,,,,,,,2.0,,2.0,,,,,,,,,,,,,,,,
486123,,,,,,,,40.0,,35.0,,,,,,1.0,2.0,1.0,,,,,,,,
486141,,,,,,,,7.0,,3.0,,,,,,2.0,1.0,,,,,,,1.0,,
486150,,,,,,,,21.0,,10.0,,,,,,1.0,,1.0,,,,,,6.0,1.0,
486169,,,,,,,,3.0,,1.0,,,,,,1.0,1.0,,,,,,,,,
486187,,,,,,,,6.0,,4.0,,,,,,1.0,0.0,,,,,,,0.0,,
486196,,,,,,,,17.0,,12.0,,,,,,1.0,1.0,,,,,2.0,,1.0,,
486202,,,,,,,,4.0,,,,,,,,,,,,2.0,,1.0,,,,
486220,,,,,,,,4.0,,,,,,,,,1.0,,,,,,,1.0,,
486239,,,,,,,,33.0,,11.0,,,,,,2.0,3.0,,1.0,,,,4.0,3.0,2.0,
486248,,,,,,,,4.0,,2.0,,,,,,2.0,,,,,,,,,,
486257,,,,,,,,16.0,,4.0,,,,,,4.0,1.0,,,,,,0.0,1.0,,
486284,,,,,,,,45.0,,9.0,,,,,,18.0,2.0,1.0,2.0,,,5.0,,8.0,,
486293,,,,,,,,13.0,,9.0,,,,,,3.0,,,,,,,,1.0,,
486309,,,,,,,,1.0,,0.0,,,,,,,,,,,,0.0,,,,
486327,,,,,,,,2.0,,1.0,,,,,,1.0,,,,,,,,,,
486345,,,,,,,,9.0,,,,,,,,,1.0,,1.0,,,,,1.0,5.0,
486354,,,,,,,,12.0,,6.0,,,,,,2.0,1.0,,,,,,,,,
486372,,,,,,,,9.0,,5.0,,,,,,0.0,1.0,0.0,,,,,1.0,,,
486381,,,,,,,,8.0,,2.0,,,,,,2.0,1.0,,,,,,,1.0,,
486390,,,,,,,,9.0,,4.0,,,,,,3.0,,,,,,,,1.0,,
486406,,,,,,,,2.0,,2.0,,,,,,,,,,,,,,0.0,,
486415,,,,,,,,16.0,,8.0,,,,,,3.0,2.0,0.0,,,,1.0,,2.0,,
486424,,,,,,,,18.0,,13.0,,,,,,,1.0,,,,,2.0,1.0,,,
486433,,,,,,,,14.0,,3.0,,,,,,2.0,1.0,,4.0,,,,2.0,2.0,,
486442,,,,,,,,5.0,,2.0,,,,,,,,,,,,,,,,
486460,,,,,,,,8.0,,4.0,,,,,,1.0,1.0,,,,,,1.0,1.0,,
486479,,,,,,,,6.0,,3.0,,,,,,1.0,,,,,,,1.0,2.0,,
486488,,,,,,,,24.0,,13.0,,,,,,3.0,0.0,0.0,,,,,1.0,4.0,,
486497,,,,,,,,8.0,,4.0,,,,,,1.0,1.0,,,,,,,1.0,1.0,
486503,,,,,,,,5.0,,3.0,,,,,,2.0,,,,,,,,,,
486512,,,,,,,,37.0,,11.0,,,,,,4.0,1.0,,,,,,,18.0,,
486521,,,,,,,,2.0,,1.0,,,,,,1.0,,,,,,,,,,
486530,,,,,,,,12.0,,7.0,,,,,,1.0,1.0,,,,,,,1.0,,
486558,,,,,,,,35.0,,14.0,,,,,,4.0,,,,,,,,17.0,,
486567,,,,,,,,15.0,,8.0,,,,,,1.0,,,,,,,1.0,4.0,1.0,
486576,,,,,,,,21.0,,7.0,,,,,,2.0,3.0,,1.0,,,1.0,,4.0,1.0,0.0
486594,,,,,,,,8.0,,5.0,,,,,,,1.0,,,,,,,1.0,,
486600,,,,,,,,18.0,,7.0,,,,,,3.0,1.0,,,,,,,2.0,,
486619,,,,,,,,5.0,,2.0,,,,,,,1.0,,,,,,,1.0,,
486691,,,,,,,,6.0,,3.0,,,,,,1.0,,,,,,,,1.0,,
486707,,,,,,,,17.0,,8.0,,,,,,3.0,,,,,,,,1.0,,
486716,,,,,,,,13.0,,7.0,,,,,,3.0,,,,,,,,0.0,,
486725,,,,,,,,5.0,,2.0,,,,,,1.0,,,,,,,,1.0,,
486734,,,,,,,,7.0,,3.0,,,,,,1.0,,,,,,,,,,
486752,,,,,,,,11.0,,6.0,,,,,,2.0,,,,,,,,1.0,,
486770,,,,,,,,17.0,,6.0,,,,,,2.0,2.0,,,,,,2.0,2.0,,
486798,,,,,,,,58.0,,21.0,,,,,,8.0,1.0,,,,,,12.0,7.0,9.0,
486813,,,,,,,,7.0,,4.0,,,,,,1.0,,,,,,,,2.0,,
486822,,,,,,,,9.0,,3.0,,,,,,1.0,,,,,,,,2.0,,
486831,,,,,,,,5.0,,1.0,,,,,,1.0,,,,,,,,3.0,,
486840,,,,,,,,3194.0,,1246.0,1.0,,,,,560.0,164.0,216.0,79.0,8.0,,149.0,10.0,514.0,88.0,
486859,,,,,,,,11.0,,5.0,,,,,,1.0,1.0,,,,,1.0,1.0,2.0,,
486868,,,,,,,,1.0,,1.0,,,,,,,,,,,,,,,,
486877,,,,,,,,3.0,,1.0,,,,,,1.0,,,,,,,,1.0,,
486886,,,,,,,,2.0,,1.0,,,,,,,,,,,,,,1.0,,
486901,,,,,,,,206.0,,82.0,,,,,,43.0,19.0,2.0,22.0,,,13.0,,15.0,5.0,
486938,,,,,,,,18.0,,5.0,,,,,,4.0,,1.0,,,,,,3.0,,
486947,,,,,,,,20.0,,8.0,,,,,,3.0,,1.0,,,,,,3.0,,
486956,,,,,,,,19.0,,4.0,,,,,,4.0,,1.0,,,,,,3.0,,
486965,,,,,,,,28.0,,18.0,,,,,,3.0,,,,,,1.0,4.0,,,
486983,,,,,,,,6.0,,2.0,,,,,,1.0,,,,,,,1.0,2.0,,
487010,,,,,,,,4289.0,,1333.0,90.0,,,,,198.0,158.0,309.0,36.0,1318.0,,260.0,,461.0,73.0,18.0
487047,,,,,,,,18.0,,8.0,,,,,,2.0,,,,,,,,5.0,,
487065,,,,,,,,4.0,,3.0,,,,,,,,,,,,,,,,
487083,,,,,,,,7.0,,5.0,,,,,,1.0,,,,,,,1.0,,,
487092,,,,,,,,184.0,,76.0,,,,,,11.0,6.0,13.0,14.0,2.0,,1.0,,27.0,1.0,0.0
487144,,,,,,,,3.0,,2.0,,,,,,0.0,1.0,,,,,,,,,
487153,,,,,,,,3.0,,2.0,,,,,,0.0,,,,,,,,,,
487162,,,,,,,,370.0,,176.0,,21.0,,,,19.0,24.0,6.0,10.0,,,23.0,,58.0,,
487232,,,,,,,,6.0,,3.0,,,,,,1.0,,,,,,,,2.0,,
487250,,,,,,,,3.0,,2.0,,,,,,,,,,,,,,,,
487296,,,,,,,,91.0,,44.0,2.0,,,,,3.0,10.0,4.0,3.0,,,1.0,,7.0,2.0,
487302,,,,,,,,54.0,,24.0,,,,,,13.0,3.0,,,,,1.0,6.0,5.0,,
487311,,,,,,,,54.0,,30.0,,,,,,5.0,1.0,,,,,1.0,,5.0,,
487320,,,,,,,,1562.0,,568.0,,,,,,196.0,70.0,69.0,106.0,3.0,,120.0,9.0,210.0,65.0,14.0
487348,,,,,,,,12.0,,6.0,,,,,,2.0,1.0,,1.0,,,,2.0,,,
487357,,,,,,,,11.0,,6.0,,,,,,1.0,,,,,,,2.0,2.0,,
487366,,,,,,,,12.0,,6.0,,,,,,1.0,,,,,,,2.0,3.0,,
487375,,,,,,,,10.0,,2.0,,,,,,2.0,,,,,,,3.0,3.0,,
487384,,,,,,,,37.0,,16.0,,1.0,,,,3.0,1.0,,,,,,,,,
487393,,,,,,,,28.0,,10.0,,,,,,,1.0,,,,,,,,,
487409,,,,,,,,28.0,,9.0,,,,,,1.0,1.0,,,,,,,,,
487418,,,,,,,,42.0,,14.0,,,,,,3.0,1.0,,,,,,,,,
487427,,,,,,,,24.0,,7.0,,,,,,2.0,,,,,,,,,,
487436,,,,,,,,35.0,,14.0,,1.0,,,,3.0,,,,,,,,,,
487445,,,,,,,,28.0,,13.0,,1.0,,,,2.0,,,,,,,,,,
487454,,,,,,,,23.0,,6.0,,1.0,,,,2.0,,,,,,,,,,
487463,,,,,,,,30.0,,14.0,,0.0,,,,2.0,,,,,,,,,,
487472,,,,,,,,36.0,,14.0,,1.0,,,,2.0,1.0,,,,,,,,,
487481,,,,,,,,17.0,,6.0,,,,,,1.0,,,,,,,,,,
487490,,,,,,,,26.0,,7.0,,,,,,2.0,,,0.0,,,,,,,
487506,,,,,,,,37.0,,8.0,,,,,,,6.0,,,,,,0.0,22.0,1.0,
487524,,,,,,,,412.0,,150.0,2.0,,,,,58.0,11.0,14.0,31.0,5.0,,89.0,,31.0,,
487533,,,,,,,,7.0,,5.0,,,,,,,,,,,,,,1.0,,
487588,,,,,,,,22.0,,8.0,,,,,,4.0,2.0,,,,,,2.0,5.0,,
487597,,,,,,,,58.0,,24.0,,,,,,9.0,21.0,1.0,,,,,,2.0,1.0,
487603,,,,,,,,32.0,,21.0,,,,,,2.0,,,,,,,2.0,5.0,,
487621,,,,,,,,1.0,,1.0,,,,,,,,,,,,,,,,
487630,,,,,,,,7.0,,3.0,,,,,,1.0,,,,,,2.0,,1.0,,
487649,,,,,,,,12.0,,4.0,,,,,,5.0,,,1.0,,,,,1.0,,
487658,,,,,,,,9.0,,4.0,,,,,,1.0,,,,,,,,0.0,,
487667,,,,,,,,55.0,,25.0,1.0,,,,,9.0,4.0,1.0,3.0,,,5.0,,1.0,,
487676,,,,,,,,10.0,,6.0,,,,,,2.0,,,,,,,1.0,1.0,,
